filename,profile,technique,task,unit_id,unit_number,repeat,canvas_width,canvas_height,extraction_status,count_status,n_expected_colors,n_observed_colors,n_matched_colors,n_extra_colors,n_missing_colors,count_error_abs,expected_colors,expected_hex,observed_hex,Dmean_color,Dmedian_color,Dmax_color,extraction_support_mean,extraction_support_min,n_marks_detected,n_initial_candidates,n_solid_families,n_variable_families,n_insufficient_families,internal_variation,scatter_point_Dmean,scatter_point_Dmedian,scatter_point_Dp90,scatter_point_Dmax,legend_suspected_count,n_overlap_derived_families,line_derived_hex,n_near_duplicate,n_extra_semantic_candidate,near_duplicate_hex,semantic_extra_hex,semantic_extra_support_min,color_evaluable,color_match_de_threshold,color_deviation,missing_color,no_mark,semantic_extra_color,near_duplicate_present,internal_variation_final,overlap_derived_present,color_status_final,strict_color_match,deltaE00_equivalence_threshold
BC_001_R01.png,BC,bar,comparison,BC_001,1,1,1374,671,OK,EXACT,2,2,2,0,0,0,laranja|azul,#EF6C00|#1F4FD8,#EF6C00|#1F4FD8,0.0,0.0,0.0,1.0,1.0,3.0,5.0,2,0,0,0,,,,,0,0,,0,0,,,,1,1.0,0,0,0,0,0,0,0,MATCH,1,2.0
BC_001_R02.png,BC,bar,comparison,BC_001,1,2,1378,667,OK,EXACT,2,2,2,0,0,0,laranja|azul,#EF6C00|#1F4FD8,#EF6C00|#1F4FD8,0.0,0.0,0.0,1.0,1.0,3.0,5.0,2,0,0,0,,,,,0,0,,0,0,,,,1,1.0,0,0,0,0,0,0,0,MATCH,1,2.0
BC_001_R03.png,BC,bar,comparison,BC_001,1,3,1378,668,OK,EXACT,2,2,2,0,0,0,laranja|azul,#EF6C00|#1F4FD8,#EF6C00|#1F4FD8,0.0,0.0,0.0,0.983408,0.975,3.0,5.0,2,0,0,0,,,,,0,0,,0,0,,,,1,1.0,0,0,0,0,0,0,0,MATCH,1,2.0
BC_001_R04.png,BC,bar,comparison,BC_001,1,4,1378,668,OK,EXACT,2,2,2,0,0,0,laranja|azul,#EF6C00|#1F4FD8,#EF6C00|#1F4FD8,0.0,0.0,0.0,0.983408,0.975,3.0,5.0,2,0,0,0,,,,,0,0,,0,0,,,,1,1.0,0,0,0,0,0,0,0,MATCH,1,2.0
BC_001_R05.png,BC,bar,comparison,BC_001,1,5,1378,668,OK,EXACT,2,2,2,0,0,0,laranja|azul,#EF6C00|#1F4FD8,#EF6C00|#1F4FD8,0.0,0.0,0.0,0.983408,0.975,3.0,5.0,2,0,0,0,,,,,0,0,,0,0,,,,1,1.0,0,0,0,0,0,0,0,MATCH,1,2.0
BC_001_R06.png,BC,bar,comparison,BC_001,1,6,1378,668,OK,EXACT,2,2,2,0,0,0,laranja|azul,#EF6C00|#1F4FD8,#EF6C00|#1F4FD8,0.0,0.0,0.0,0.983408,0.975,3.0,5.0,2,0,0,0,,,,,0,0,,0,0,,,,1,1.0,0,0,0,0,0,0,0,MATCH,1,2.0
BC_001_R07.png,BC,bar,comparison,BC_001,1,7,1378,668,OK,EXACT,2,2,2,0,0,0,laranja|azul,#EF6C00|#1F4FD8,#EF6C00|#1F4FD8,0.0,0.0,0.0,0.983408,0.975,3.0,5.0,2,0,0,0,,,,,0,0,,0,0,,,,1,1.0,0,0,0,0,0,0,0,MATCH,1,2.0
BC_001_R08.png,BC,bar,comparison,BC_001,1,8,1378,668,OK,EXACT,2,2,2,0,0,0,laranja|azul,#EF6C00|#1F4FD8,#EF6C00|#1F4FD8,0.0,0.0,0.0,0.983408,0.975,3.0,5.0,2,0,0,0,,,,,0,0,,0,0,,,,1,1.0,0,0,0,0,0,0,0,MATCH,1,2.0
BC_001_R09.png,BC,bar,comparison,BC_001,1,9,1378,668,OK,EXACT,2,2,2,0,0,0,laranja|azul,#EF6C00|#1F4FD8,#EF6C00|#1F4FD8,0.0,0.0,0.0,0.983408,0.975,3.0,5.0,2,0,0,0,,,,,0,0,,0,0,,,,1,1.0,0,0,0,0,0,0,0,MATCH,1,2.0
BC_001_R10.png,BC,bar,comparison,BC_001,1,10,1378,668,OK,EXACT,2,2,2,0,0,0,laranja|azul,#EF6C00|#1F4FD8,#EF6C00|#1F4FD8,0.0,0.0,0.0,0.983408,0.975,3.0,5.0,2,0,0,0,,,,,0,0,,0,0,,,,1,1.0,0,0,0,0,0,0,0,MATCH,1,2.0
BC_002_R01.png,BC,bar,comparison,BC_002,2,1,1189,790,OK,EXACT,2,2,2,0,0,0,laranja|azul,#EF6C00|#1F4FD8,#EF6C00|#1F4FD8,0.0,0.0,0.0,1.0,1.0,3.0,5.0,2,0,0,0,,,,,0,0,,0,0,,,,1,1.0,0,0,0,0,0,0,0,MATCH,1,2.0
BC_002_R02.png,BC,bar,comparison,BC_002,2,2,1200,800,OK,MISSING,2,1,1,0,1,1,laranja|azul,#EF6C00|#1F4FD8,#EF6C00,0.0,0.0,0.0,1.0,1.0,1.0,6.0,1,0,0,0,,,,,0,0,,0,0,,,,1,1.0,0,1,0,0,0,0,0,MISSING_COLOR,0,2.0
BC_002_R03.png,BC,bar,comparison,BC_002,2,3,1200,800,OK,EXACT,2,2,2,0,0,0,laranja|azul,#EF6C00|#1F4FD8,#EF6C00|#1F4FD8,0.0,0.0,0.0,0.985743,0.977778,3.0,5.0,2,0,0,0,,,,,0,0,,0,0,,,,1,1.0,0,0,0,0,0,0,0,MATCH,1,2.0
BC_002_R04.png,BC,bar,comparison,BC_002,2,4,1200,800,OK,EXACT,2,2,2,0,0,0,laranja|azul,#EF6C00|#1F4FD8,#EF6C00|#1F4FD8,0.0,0.0,0.0,1.0,1.0,3.0,5.0,2,0,0,0,,,,,0,0,,0,0,,,,1,1.0,0,0,0,0,0,0,0,MATCH,1,2.0
BC_002_R05.png,BC,bar,comparison,BC_002,2,5,1200,800,NO_MARK,NO_MARK,2,0,0,0,2,2,laranja|azul,#EF6C00|#1F4FD8,,,,,,,0.0,0.0,0,0,0,0,,,,,0,0,,0,0,,,,0,,0,1,1,0,0,0,0,NO_MARK,0,2.0
BC_002_R06.png,BC,bar,comparison,BC_002,2,6,1200,800,OK,MISSING,2,1,1,0,1,1,laranja|azul,#EF6C00|#1F4FD8,#FAD2B2,26.62293,26.62293,26.62293,1.0,1.0,1.0,9.0,1,0,0,0,,,,,0,0,,0,0,,,,1,0.0,1,1,0,0,0,0,0,MISSING_COLOR+COLOR_DEVIATION,0,2.0
BC_002_R07.png,BC,bar,comparison,BC_002,2,7,1200,800,OK,MISSING,2,1,1,0,1,1,laranja|azul,#EF6C00|#1F4FD8,#F28E2B,9.192835,9.192835,9.192835,0.988805,0.981753,2.0,5.0,1,0,0,0,,,,,0,0,,0,0,,,,1,0.0,1,1,0,0,0,0,0,MISSING_COLOR+COLOR_DEVIATION,0,2.0
BC_002_R08.png,BC,bar,comparison,BC_002,2,8,1200,800,OK,EXTRA,2,3,2,1,0,1,laranja|azul,#EF6C00|#1F4FD8,#F28E2B|#F29539|#90ABC7,19.719366,19.719366,30.245897,0.228994,0.105263,4.0,11.0,3,0,0,0,,,,,0,0,,1,0,#F29539,,,1,0.0,1,0,0,0,1,0,0,COLOR_DEVIATION,0,2.0
BC_002_R09.png,BC,bar,comparison,BC_002,2,9,1200,800,OK,MISSING,2,1,1,0,1,1,laranja|azul,#EF6C00|#1F4FD8,#F28E2B,9.192835,9.192835,9.192835,1.0,1.0,1.0,6.0,1,0,0,0,,,,,0,0,,0,0,,,,1,0.0,1,1,0,0,0,0,0,MISSING_COLOR+COLOR_DEVIATION,0,2.0
BC_002_R10.png,BC,bar,comparison,BC_002,2,10,1200,800,OK,EXACT,2,2,2,0,0,0,laranja|azul,#EF6C00|#1F4FD8,#EF6C00|#1F4FD8,0.0,0.0,0.0,1.0,1.0,3.0,5.0,2,0,0,0,,,,,0,0,,0,0,,,,1,1.0,0,0,0,0,0,0,0,MATCH,1,2.0
BC_003_R01.png,BC,bar,comparison,BC_003,3,1,1112,651,OK,EXACT,2,2,2,0,0,0,laranja|azul,#EF6C00|#1F4FD8,#EF6C00|#1F4FD8,0.0,0.0,0.0,1.0,1.0,4.0,6.0,2,0,0,0,,,,,0,0,,0,0,,,,1,1.0,0,0,0,0,0,0,0,MATCH,1,2.0
BC_003_R02.png,BC,bar,comparison,BC_003,3,2,1200,800,OK,EXACT,2,2,2,0,0,0,laranja|azul,#EF6C00|#1F4FD8,#FFA500|#0000FF,15.270448,15.270448,17.936988,0.990664,0.980132,4.0,6.0,2,0,0,0,,,,,0,0,,0,0,,,,1,0.0,1,0,0,0,0,0,0,COLOR_DEVIATION,0,2.0
BC_003_R03.png,BC,bar,comparison,BC_003,3,3,1200,800,OK,EXACT,2,2,2,0,0,0,laranja|azul,#EF6C00|#1F4FD8,#FFA500|#0000FF,15.270448,15.270448,17.936988,0.990664,0.980132,4.0,6.0,2,0,0,0,,,,,0,0,,0,0,,,,1,0.0,1,0,0,0,0,0,0,COLOR_DEVIATION,0,2.0
BC_003_R04.png,BC,bar,comparison,BC_003,3,4,1200,800,OK,EXACT,2,2,2,0,0,0,laranja|azul,#EF6C00|#1F4FD8,#EF6C00|#1F4FD8,0.0,0.0,0.0,0.990932,0.980707,4.0,6.0,2,0,0,0,,,,,0,0,,0,0,,,,1,1.0,0,0,0,0,0,0,0,MATCH,1,2.0
BC_003_R05.png,BC,bar,comparison,BC_003,3,5,1200,800,OK,EXACT,2,2,2,0,0,0,laranja|azul,#EF6C00|#1F4FD8,#FFA500|#0000FF,15.270448,15.270448,17.936988,0.990664,0.980132,4.0,6.0,2,0,0,0,,,,,0,0,,0,0,,,,1,0.0,1,0,0,0,0,0,0,COLOR_DEVIATION,0,2.0
BC_003_R06.png,BC,bar,comparison,BC_003,3,6,1200,800,OK,EXACT,2,2,2,0,0,0,laranja|azul,#EF6C00|#1F4FD8,#FFA500|#0000FF,15.270448,15.270448,17.936988,0.990664,0.980132,4.0,6.0,2,0,0,0,,,,,0,0,,0,0,,,,1,0.0,1,0,0,0,0,0,0,COLOR_DEVIATION,0,2.0
BC_003_R07.png,BC,bar,comparison,BC_003,3,7,1134,681,OK,EXACT,2,2,2,0,0,0,laranja|azul,#EF6C00|#1F4FD8,#EF6C00|#1F4FD8,0.0,0.0,0.0,0.989351,0.977358,4.0,6.0,2,0,0,0,,,,,0,0,,0,0,,,,1,1.0,0,0,0,0,0,0,0,MATCH,1,2.0
BC_003_R08.png,BC,bar,comparison,BC_003,3,8,1134,681,OK,EXACT,2,2,2,0,0,0,laranja|azul,#EF6C00|#1F4FD8,#EF6C00|#1F4FD8,0.0,0.0,0.0,0.989351,0.977358,4.0,6.0,2,0,0,0,,,,,0,0,,0,0,,,,1,1.0,0,0,0,0,0,0,0,MATCH,1,2.0
BC_003_R09.png,BC,bar,comparison,BC_003,3,9,1200,800,OK,EXACT,2,2,2,0,0,0,laranja|azul,#EF6C00|#1F4FD8,#EF6C00|#1F4FD8,0.0,0.0,0.0,0.990932,0.980707,4.0,6.0,2,0,0,0,,,,,0,0,,0,0,,,,1,1.0,0,0,0,0,0,0,0,MATCH,1,2.0
BC_003_R10.png,BC,bar,comparison,BC_003,3,10,1200,800,OK,EXACT,2,2,2,0,0,0,laranja|azul,#EF6C00|#1F4FD8,#FFA500|#0000FF,15.270448,15.270448,17.936988,0.990664,0.980132,4.0,6.0,2,0,0,0,,,,,0,0,,0,0,,,,1,0.0,1,0,0,0,0,0,0,COLOR_DEVIATION,0,2.0
BC_004_R01.png,BC,bar,comparison,BC_004,4,1,1200,790,OK,EXACT,2,2,2,0,0,0,laranja|azul,#EF6C00|#1F4FD8,#EF6C00|#1F4FD8,0.0,0.0,0.0,1.0,1.0,3.0,3.0,2,0,0,0,,,,,0,0,,0,0,,,,1,1.0,0,0,0,0,0,0,0,MATCH,1,2.0
BC_004_R02.png,BC,bar,comparison,BC_004,4,2,1200,800,OK,EXACT,2,2,2,0,0,0,laranja|azul,#EF6C00|#1F4FD8,#FFA500|#0000FF,15.270448,15.270448,17.936988,0.988683,0.976471,4.0,6.0,2,0,0,0,,,,,0,0,,0,0,,,,1,0.0,1,0,0,0,0,0,0,COLOR_DEVIATION,0,2.0
BC_004_R03.png,BC,bar,comparison,BC_004,4,3,1200,800,OK,EXACT,2,2,2,0,0,0,laranja|azul,#EF6C00|#1F4FD8,#FFA500|#0000FF,15.270448,15.270448,17.936988,0.988683,0.976471,4.0,6.0,2,0,0,0,,,,,0,0,,0,0,,,,1,0.0,1,0,0,0,0,0,0,COLOR_DEVIATION,0,2.0
BC_004_R04.png,BC,bar,comparison,BC_004,4,4,1353,647,OK,EXACT,2,2,2,0,0,0,laranja|azul,#EF6C00|#1F4FD8,#EF6C00|#1F4FD8,0.0,0.0,0.0,0.991796,0.979684,4.0,6.0,2,0,0,0,,,,,0,0,,0,0,,,,1,1.0,0,0,0,0,0,0,0,MATCH,1,2.0
BC_004_R05.png,BC,bar,comparison,BC_004,4,5,1200,800,OK,EXACT,2,2,2,0,0,0,laranja|azul,#EF6C00|#1F4FD8,#FFA500|#0000FF,15.270448,15.270448,17.936988,1.0,1.0,4.0,6.0,2,0,0,0,,,,,0,0,,0,0,,,,1,0.0,1,0,0,0,0,0,0,COLOR_DEVIATION,0,2.0
BC_004_R06.png,BC,bar,comparison,BC_004,4,6,1353,647,OK,EXACT,2,2,2,0,0,0,laranja|azul,#EF6C00|#1F4FD8,#EF6C00|#1F4FD8,0.0,0.0,0.0,0.991796,0.979684,4.0,6.0,2,0,0,0,,,,,0,0,,0,0,,,,1,1.0,0,0,0,0,0,0,0,MATCH,1,2.0
BC_004_R07.png,BC,bar,comparison,BC_004,4,7,1353,647,OK,EXACT,2,2,2,0,0,0,laranja|azul,#EF6C00|#1F4FD8,#EF6C00|#1F4FD8,0.0,0.0,0.0,0.991796,0.979684,4.0,6.0,2,0,0,0,,,,,0,0,,0,0,,,,1,1.0,0,0,0,0,0,0,0,MATCH,1,2.0
BC_004_R08.png,BC,bar,comparison,BC_004,4,8,1353,647,OK,EXACT,2,2,2,0,0,0,laranja|azul,#EF6C00|#1F4FD8,#EF6C00|#1F4FD8,0.0,0.0,0.0,0.991796,0.979684,4.0,6.0,2,0,0,0,,,,,0,0,,0,0,,,,1,1.0,0,0,0,0,0,0,0,MATCH,1,2.0
BC_004_R09.png,BC,bar,comparison,BC_004,4,9,1353,647,OK,EXACT,2,2,2,0,0,0,laranja|azul,#EF6C00|#1F4FD8,#EF6C00|#1F4FD8,0.0,0.0,0.0,0.991796,0.979684,4.0,6.0,2,0,0,0,,,,,0,0,,0,0,,,,1,1.0,0,0,0,0,0,0,0,MATCH,1,2.0
BC_004_R10.png,BC,bar,comparison,BC_004,4,10,1200,800,OK,EXACT,2,2,2,0,0,0,laranja|azul,#EF6C00|#1F4FD8,#FFA500|#0000FF,15.270448,15.270448,17.936988,1.0,1.0,4.0,6.0,2,0,0,0,,,,,0,0,,0,0,,,,1,0.0,1,0,0,0,0,0,0,COLOR_DEVIATION,0,2.0
BC_005_R01.png,BC,bar,comparison,BC_005,5,1,1189,790,OK,EXACT,2,2,2,0,0,0,laranja|azul,#EF6C00|#1F4FD8,#EF6C00|#1F4FD8,0.0,0.0,0.0,1.0,1.0,4.0,6.0,2,0,0,0,,,,,0,0,,0,0,,,,1,1.0,0,0,0,0,0,0,0,MATCH,1,2.0
BC_005_R02.png,BC,bar,comparison,BC_005,5,2,1200,800,OK,EXACT,2,2,2,0,0,0,laranja|azul,#EF6C00|#1F4FD8,#FFA500|#0000FF,15.270448,15.270448,17.936988,1.0,1.0,4.0,6.0,2,0,0,0,,,,,0,0,,0,0,,,,1,0.0,1,0,0,0,0,0,0,COLOR_DEVIATION,0,2.0
BC_005_R03.png,BC,bar,comparison,BC_005,5,3,1200,800,OK,EXACT,2,2,2,0,0,0,laranja|azul,#EF6C00|#1F4FD8,#FFA500|#0000FF,15.270448,15.270448,17.936988,1.0,1.0,4.0,6.0,2,0,0,0,,,,,0,0,,0,0,,,,1,0.0,1,0,0,0,0,0,0,COLOR_DEVIATION,0,2.0
BC_005_R04.png,BC,bar,comparison,BC_005,5,4,1200,800,OK,EXACT,2,2,2,0,0,0,laranja|azul,#EF6C00|#1F4FD8,#FFA500|#0000FF,15.270448,15.270448,17.936988,1.0,1.0,4.0,6.0,2,0,0,0,,,,,0,0,,0,0,,,,1,0.0,1,0,0,0,0,0,0,COLOR_DEVIATION,0,2.0
BC_005_R05.png,BC,bar,comparison,BC_005,5,5,1200,800,OK,EXACT,2,2,2,0,0,0,laranja|azul,#EF6C00|#1F4FD8,#EF6C00|#1F4FD8,0.0,0.0,0.0,0.983408,0.975,3.0,5.0,2,0,0,0,,,,,0,0,,0,0,,,,1,1.0,0,0,0,0,0,0,0,MATCH,1,2.0
BC_005_R06.png,BC,bar,comparison,BC_005,5,6,1200,800,OK,EXACT,2,2,2,0,0,0,laranja|azul,#EF6C00|#1F4FD8,#EF6C00|#1F4FD8,0.0,0.0,0.0,0.983408,0.975,3.0,5.0,2,0,0,0,,,,,0,0,,0,0,,,,1,1.0,0,0,0,0,0,0,0,MATCH,1,2.0
BC_005_R07.png,BC,bar,comparison,BC_005,5,7,1200,800,OK,EXACT,2,2,2,0,0,0,laranja|azul,#EF6C00|#1F4FD8,#EF6C00|#1F4FD8,0.0,0.0,0.0,0.983408,0.975,3.0,5.0,2,0,0,0,,,,,0,0,,0,0,,,,1,1.0,0,0,0,0,0,0,0,MATCH,1,2.0
BC_005_R08.png,BC,bar,comparison,BC_005,5,8,1200,800,OK,EXACT,2,2,2,0,0,0,laranja|azul,#EF6C00|#1F4FD8,#EF6C00|#1F4FD8,0.0,0.0,0.0,0.983408,0.975,3.0,5.0,2,0,0,0,,,,,0,0,,0,0,,,,1,1.0,0,0,0,0,0,0,0,MATCH,1,2.0
BC_005_R09.png,BC,bar,comparison,BC_005,5,9,1200,800,OK,EXACT,2,2,2,0,0,0,laranja|azul,#EF6C00|#1F4FD8,#FFA500|#0000FF,15.270448,15.270448,17.936988,1.0,1.0,4.0,6.0,2,0,0,0,,,,,0,0,,0,0,,,,1,0.0,1,0,0,0,0,0,0,COLOR_DEVIATION,0,2.0
BC_005_R10.png,BC,bar,comparison,BC_005,5,10,1200,800,OK,EXACT,2,2,2,0,0,0,laranja|azul,#EF6C00|#1F4FD8,#FFA500|#0000FF,15.270448,15.270448,17.936988,1.0,1.0,4.0,6.0,2,0,0,0,,,,,0,0,,0,0,,,,1,0.0,1,0,0,0,0,0,0,COLOR_DEVIATION,0,2.0
BC_006_R01.png,BC,bar,comparison,BC_006,6,1,1174,701,OK,EXACT,2,2,2,0,0,0,laranja|azul,#EF6C00|#1F4FD8,#F28E2B|#4E79A7,11.580708,11.580708,13.968582,1.0,1.0,4.0,6.0,2,0,0,0,,,,,0,0,,0,0,,,,1,0.0,1,0,0,0,0,0,0,COLOR_DEVIATION,0,2.0
BC_006_R02.png,BC,bar,comparison,BC_006,6,2,1174,701,OK,EXACT,2,2,2,0,0,0,laranja|azul,#EF6C00|#1F4FD8,#F28E2B|#4E79A7,11.580708,11.580708,13.968582,1.0,1.0,4.0,7.0,2,0,0,0,,,,,0,0,,0,0,,,,1,0.0,1,0,0,0,0,0,0,COLOR_DEVIATION,0,2.0
BC_006_R03.png,BC,bar,comparison,BC_006,6,3,1362,669,OK,EXACT,2,2,2,0,0,0,laranja|azul,#EF6C00|#1F4FD8,#EF6C00|#1F4FD8,0.0,0.0,0.0,0.983099,0.974468,3.0,5.0,2,0,0,0,,,,,0,0,,0,0,,,,1,1.0,0,0,0,0,0,0,0,MATCH,1,2.0
BC_006_R04.png,BC,bar,comparison,BC_006,6,4,1174,701,OK,EXACT,2,2,2,0,0,0,laranja|azul,#EF6C00|#1F4FD8,#F28E2B|#4E79A7,11.580708,11.580708,13.968582,1.0,1.0,4.0,7.0,2,0,0,0,,,,,0,0,,0,0,,,,1,0.0,1,0,0,0,0,0,0,COLOR_DEVIATION,0,2.0
BC_006_R05.png,BC,bar,comparison,BC_006,6,5,1362,669,OK,EXACT,2,2,2,0,0,0,laranja|azul,#EF6C00|#1F4FD8,#EF6C00|#1F4FD8,0.0,0.0,0.0,0.987324,0.974468,4.0,6.0,2,0,0,0,,,,,0,0,,0,0,,,,1,1.0,0,0,0,0,0,0,0,MATCH,1,2.0
BC_006_R06.png,BC,bar,comparison,BC_006,6,6,1174,701,OK,EXACT,2,2,2,0,0,0,laranja|azul,#EF6C00|#1F4FD8,#F28E2B|#4E79A7,11.580708,11.580708,13.968582,1.0,1.0,4.0,7.0,2,0,0,0,,,,,0,0,,0,0,,,,1,0.0,1,0,0,0,0,0,0,COLOR_DEVIATION,0,2.0
BC_006_R07.png,BC,bar,comparison,BC_006,6,7,1362,669,OK,EXACT,2,2,2,0,0,0,laranja|azul,#EF6C00|#1F4FD8,#EF6C00|#1F4FD8,0.0,0.0,0.0,0.987324,0.974468,4.0,6.0,2,0,0,0,,,,,0,0,,0,0,,,,1,1.0,0,0,0,0,0,0,0,MATCH,1,2.0
BC_006_R08.png,BC,bar,comparison,BC_006,6,8,1174,701,OK,EXACT,2,2,2,0,0,0,laranja|azul,#EF6C00|#1F4FD8,#F28E2B|#4E79A7,11.580708,11.580708,13.968582,1.0,1.0,4.0,6.0,2,0,0,0,,,,,0,0,,0,0,,,,1,0.0,1,0,0,0,0,0,0,COLOR_DEVIATION,0,2.0
BC_006_R09.png,BC,bar,comparison,BC_006,6,9,1362,669,OK,EXACT,2,2,2,0,0,0,laranja|azul,#EF6C00|#1F4FD8,#EF6C00|#1F4FD8,0.0,0.0,0.0,0.987324,0.974468,4.0,6.0,2,0,0,0,,,,,0,0,,0,0,,,,1,1.0,0,0,0,0,0,0,0,MATCH,1,2.0
BC_006_R10.png,BC,bar,comparison,BC_006,6,10,1362,669,OK,EXACT,2,2,2,0,0,0,laranja|azul,#EF6C00|#1F4FD8,#EF6C00|#1F4FD8,0.0,0.0,0.0,0.987324,0.974468,4.0,6.0,2,0,0,0,,,,,0,0,,0,0,,,,1,1.0,0,0,0,0,0,0,0,MATCH,1,2.0
BC_007_R01.png,BC,bar,comparison,BC_007,7,1,1312,669,OK,EXACT,2,2,2,0,0,0,laranja|azul,#EF6C00|#1F4FD8,#EF6C00|#1F4FD8,0.0,0.0,0.0,1.0,1.0,3.0,5.0,2,0,0,0,,,,,0,0,,0,0,,,,1,1.0,0,0,0,0,0,0,0,MATCH,1,2.0
BC_007_R02.png,BC,bar,comparison,BC_007,7,2,1355,683,OK,EXACT,2,2,2,0,0,0,laranja|azul,#EF6C00|#1F4FD8,#EF6C00|#1F4FD8,0.0,0.0,0.0,0.955573,0.948052,3.0,5.0,2,0,0,0,,,,,0,0,,0,0,,,,1,1.0,0,0,0,0,0,0,0,MATCH,1,2.0
BC_007_R03.png,BC,bar,comparison,BC_007,7,3,1355,698,OK,EXACT,2,2,2,0,0,0,laranja|azul,#EF6C00|#1F4FD8,#EF6C00|#1F4FD8,0.0,0.0,0.0,0.96668,0.948052,4.0,6.0,2,0,0,0,,,,,0,0,,0,0,,,,1,1.0,0,0,0,0,0,0,0,MATCH,1,2.0
BC_007_R04.png,BC,bar,comparison,BC_007,7,4,1355,695,OK,EXACT,2,2,2,0,0,0,laranja|azul,#EF6C00|#1F4FD8,#EF6C00|#1F4FD8,0.0,0.0,0.0,0.955573,0.948052,3.0,5.0,2,0,0,0,,,,,0,0,,0,0,,,,1,1.0,0,0,0,0,0,0,0,MATCH,1,2.0
BC_007_R05.png,BC,bar,comparison,BC_007,7,5,1355,683,OK,EXACT,2,2,2,0,0,0,laranja|azul,#EF6C00|#1F4FD8,#EF6C00|#1F4FD8,0.0,0.0,0.0,1.0,1.0,4.0,6.0,2,0,0,0,,,,,0,0,,0,0,,,,1,1.0,0,0,0,0,0,0,0,MATCH,1,2.0
BC_007_R06.png,BC,bar,comparison,BC_007,7,6,1200,800,OK,EXACT,2,2,2,0,0,0,laranja|azul,#EF6C00|#1F4FD8,#F28E2B|#4E79A7,11.580708,11.580708,13.968582,0.97064,0.954373,4.0,6.0,2,0,0,0,,,,,0,0,,0,0,,,,1,0.0,1,0,0,0,0,0,0,COLOR_DEVIATION,0,2.0
BC_007_R07.png,BC,bar,comparison,BC_007,7,7,1200,800,OK,EXACT,2,2,2,0,0,0,laranja|azul,#EF6C00|#1F4FD8,#F28E2B|#4E79A7,11.580708,11.580708,13.968582,0.971927,0.956284,4.0,6.0,2,0,0,0,,,,,0,0,,0,0,,,,1,0.0,1,0,0,0,0,0,0,COLOR_DEVIATION,0,2.0
BC_007_R08.png,BC,bar,comparison,BC_007,7,8,1200,800,OK,EXACT,2,2,2,0,0,0,laranja|azul,#EF6C00|#1F4FD8,#F28E2B|#4E79A7,11.580708,11.580708,13.968582,1.0,1.0,4.0,6.0,2,0,0,0,,,,,0,0,,0,0,,,,1,0.0,1,0,0,0,0,0,0,COLOR_DEVIATION,0,2.0
BC_007_R09.png,BC,bar,comparison,BC_007,7,9,1355,683,OK,EXACT,2,2,2,0,0,0,laranja|azul,#EF6C00|#1F4FD8,#EF6C00|#1F4FD8,0.0,0.0,0.0,0.955573,0.948052,3.0,5.0,2,0,0,0,,,,,0,0,,0,0,,,,1,1.0,0,0,0,0,0,0,0,MATCH,1,2.0
BC_007_R10.png,BC,bar,comparison,BC_007,7,10,1355,683,OK,EXACT,2,2,2,0,0,0,laranja|azul,#EF6C00|#1F4FD8,#EF6C00|#1F4FD8,0.0,0.0,0.0,0.79562,0.795111,3.0,5.0,2,0,0,0,,,,,0,0,,0,0,,,,1,1.0,0,0,0,0,0,0,0,MATCH,1,2.0
BC_008_R01.png,BC,bar,comparison,BC_008,8,1,1188,790,OK,EXACT,2,2,2,0,0,0,laranja|azul,#EF6C00|#1F4FD8,#EF6C00|#1F4FD8,0.0,0.0,0.0,1.0,1.0,4.0,6.0,2,0,0,0,,,,,0,0,,0,0,,,,1,1.0,0,0,0,0,0,0,0,MATCH,1,2.0
BC_008_R02.png,BC,bar,comparison,BC_008,8,2,1157,672,OK,EXACT,2,2,2,0,0,0,laranja|azul,#EF6C00|#1F4FD8,#EF6C00|#1F4FD8,0.0,0.0,0.0,1.0,1.0,4.0,6.0,2,0,0,0,,,,,0,0,,0,0,,,,1,1.0,0,0,0,0,0,0,0,MATCH,1,2.0
BC_008_R03.png,BC,bar,comparison,BC_008,8,3,1141,672,OK,EXACT,2,2,2,0,0,0,laranja|azul,#EF6C00|#1F4FD8,#EF6C00|#1F4FD8,0.0,0.0,0.0,0.987582,0.975104,4.0,6.0,2,0,0,0,,,,,0,0,,0,0,,,,1,1.0,0,0,0,0,0,0,0,MATCH,1,2.0
BC_008_R04.png,BC,bar,comparison,BC_008,8,4,1141,672,OK,EXACT,2,2,2,0,0,0,laranja|azul,#EF6C00|#1F4FD8,#EF6C00|#1F4FD8,0.0,0.0,0.0,1.0,1.0,4.0,6.0,2,0,0,0,,,,,0,0,,0,0,,,,1,1.0,0,0,0,0,0,0,0,MATCH,1,2.0
BC_008_R05.png,BC,bar,comparison,BC_008,8,5,1141,672,OK,EXACT,2,2,2,0,0,0,laranja|azul,#EF6C00|#1F4FD8,#EF6C00|#1F4FD8,0.0,0.0,0.0,0.983443,0.975104,3.0,5.0,2,0,0,0,,,,,0,0,,0,0,,,,1,1.0,0,0,0,0,0,0,0,MATCH,1,2.0
BC_008_R06.png,BC,bar,comparison,BC_008,8,6,1141,672,OK,EXACT,2,2,2,0,0,0,laranja|azul,#EF6C00|#1F4FD8,#EF6C00|#1F4FD8,0.0,0.0,0.0,1.0,1.0,4.0,6.0,2,0,0,0,,,,,0,0,,0,0,,,,1,1.0,0,0,0,0,0,0,0,MATCH,1,2.0
BC_008_R07.png,BC,bar,comparison,BC_008,8,7,1157,672,OK,EXACT,2,2,2,0,0,0,laranja|azul,#EF6C00|#1F4FD8,#EF6C00|#1F4FD8,0.0,0.0,0.0,0.987582,0.975104,4.0,6.0,2,0,0,0,,,,,0,0,,0,0,,,,1,1.0,0,0,0,0,0,0,0,MATCH,1,2.0
BC_008_R08.png,BC,bar,comparison,BC_008,8,8,1322,669,OK,EXACT,2,2,2,0,0,0,laranja|azul,#EF6C00|#1F4FD8,#EF6C00|#1F4FD8,0.0,0.0,0.0,0.986524,0.975839,20.0,22.0,2,0,0,0,,,,,0,0,,0,0,,,,1,1.0,0,0,0,0,0,0,0,MATCH,1,2.0
BC_008_R09.png,BC,bar,comparison,BC_008,8,9,1141,672,OK,EXACT,2,2,2,0,0,0,laranja|azul,#EF6C00|#1F4FD8,#EF6C00|#1F4FD8,0.0,0.0,0.0,0.987582,0.975104,4.0,6.0,2,0,0,0,,,,,0,0,,0,0,,,,1,1.0,0,0,0,0,0,0,0,MATCH,1,2.0
BC_008_R10.png,BC,bar,comparison,BC_008,8,10,1157,672,OK,EXACT,2,2,2,0,0,0,laranja|azul,#EF6C00|#1F4FD8,#EF6C00|#1F4FD8,0.0,0.0,0.0,0.983443,0.975104,3.0,5.0,2,0,0,0,,,,,0,0,,0,0,,,,1,1.0,0,0,0,0,0,0,0,MATCH,1,2.0
BC_009_R01.png,BC,bar,comparison,BC_009,9,1,1340,831,OK,EXACT,2,2,2,0,0,0,laranja|azul,#EF6C00|#1F4FD8,#EF6C00|#1F4FD8,0.0,0.0,0.0,0.983408,0.975,3.0,5.0,2,0,0,0,,,,,0,0,,0,0,,,,1,1.0,0,0,0,0,0,0,0,MATCH,1,2.0
BC_009_R02.png,BC,bar,comparison,BC_009,9,2,1328,673,OK,EXACT,2,2,2,0,0,0,laranja|azul,#EF6C00|#1F4FD8,#EF6C00|#1F4FD8,0.0,0.0,0.0,1.0,1.0,4.0,6.0,2,0,0,0,,,,,0,0,,0,0,,,,1,1.0,0,0,0,0,0,0,0,MATCH,1,2.0
BC_009_R03.png,BC,bar,comparison,BC_009,9,3,1328,713,OK,EXACT,2,2,2,0,0,0,laranja|azul,#EF6C00|#1F4FD8,#EF6C00|#1F4FD8,0.0,0.0,0.0,0.984107,0.974895,3.0,5.0,2,0,0,0,,,,,0,0,,0,0,,,,1,1.0,0,0,0,0,0,0,0,MATCH,1,2.0
BC_009_R04.png,BC,bar,comparison,BC_009,9,4,1328,751,OK,EXACT,2,2,2,0,0,0,laranja|azul,#EF6C00|#1F4FD8,#EF6C00|#1F4FD8,0.0,0.0,0.0,1.0,1.0,3.0,5.0,2,0,0,0,,,,,0,0,,0,0,,,,1,1.0,0,0,0,0,0,0,0,MATCH,1,2.0
BC_009_R05.png,BC,bar,comparison,BC_009,9,5,1328,732,OK,EXACT,2,2,2,0,0,0,laranja|azul,#EF6C00|#1F4FD8,#EF6C00|#1F4FD8,0.0,0.0,0.0,0.984107,0.974895,3.0,5.0,2,0,0,0,,,,,0,0,,0,0,,,,1,1.0,0,0,0,0,0,0,0,MATCH,1,2.0
BC_009_R06.png,BC,bar,comparison,BC_009,9,6,1328,673,OK,EXACT,2,2,2,0,0,0,laranja|azul,#EF6C00|#1F4FD8,#EF6C00|#1F4FD8,0.0,0.0,0.0,1.0,1.0,4.0,6.0,2,0,0,0,,,,,0,0,,0,0,,,,1,1.0,0,0,0,0,0,0,0,MATCH,1,2.0
BC_009_R07.png,BC,bar,comparison,BC_009,9,7,1180,683,OK,EXACT,2,2,2,0,0,0,laranja|azul,#EF6C00|#1F4FD8,#EF6C00|#1F4FD8,0.0,0.0,0.0,0.988895,0.976932,4.0,6.0,2,0,0,0,,,,,0,0,,0,0,,,,1,1.0,0,0,0,0,0,0,0,MATCH,1,2.0
BC_009_R08.png,BC,bar,comparison,BC_009,9,8,1180,749,OK,EXACT,2,2,2,0,0,0,laranja|azul,#EF6C00|#1F4FD8,#EF6C00|#1F4FD8,0.0,0.0,0.0,0.989024,0.977197,4.0,6.0,2,0,0,0,,,,,0,0,,0,0,,,,1,1.0,0,0,0,0,0,0,0,MATCH,1,2.0
BC_009_R09.png,BC,bar,comparison,BC_009,9,9,1180,717,OK,EXACT,2,2,2,0,0,0,laranja|azul,#EF6C00|#1F4FD8,#EF6C00|#1F4FD8,0.0,0.0,0.0,0.987831,0.981197,3.0,5.0,2,0,0,0,,,,,0,0,,0,0,,,,1,1.0,0,0,0,0,0,0,0,MATCH,1,2.0
BC_009_R10.png,BC,bar,comparison,BC_009,9,10,1180,700,OK,EXACT,2,2,2,0,0,0,laranja|azul,#EF6C00|#1F4FD8,#EF6C00|#1F4FD8,0.0,0.0,0.0,0.986469,0.971963,4.0,6.0,2,0,0,0,,,,,0,0,,0,0,,,,1,1.0,0,0,0,0,0,0,0,MATCH,1,2.0
BC_010_R01.png,BC,bar,comparison,BC_010,10,1,1188,790,OK,EXACT,2,2,2,0,0,0,laranja|azul,#EF6C00|#1F4FD8,#EF6C00|#1F4FD8,0.0,0.0,0.0,1.0,1.0,4.0,6.0,2,0,0,0,,,,,0,0,,0,0,,,,1,1.0,0,0,0,0,0,0,0,MATCH,1,2.0
BC_010_R02.png,BC,bar,comparison,BC_010,10,2,1180,671,OK,EXACT,2,2,2,0,0,0,laranja|azul,#EF6C00|#1F4FD8,#EF6C00|#1F4FD8,0.0,0.0,0.0,0.979894,0.968668,3.0,5.0,2,0,0,0,,,,,0,0,,0,0,,,,1,1.0,0,0,0,0,0,0,0,MATCH,1,2.0
BC_010_R03.png,BC,bar,comparison,BC_010,10,3,1180,671,OK,EXACT,2,2,2,0,0,0,laranja|azul,#EF6C00|#1F4FD8,#EF6C00|#1F4FD8,0.0,0.0,0.0,0.984921,0.968668,4.0,6.0,2,0,0,0,,,,,0,0,,0,0,,,,1,1.0,0,0,0,0,0,0,0,MATCH,1,2.0
BC_010_R04.png,BC,bar,comparison,BC_010,10,4,1180,671,OK,EXACT,2,2,2,0,0,0,laranja|azul,#EF6C00|#1F4FD8,#EF6C00|#1F4FD8,0.0,0.0,0.0,1.0,1.0,3.0,5.0,2,0,0,0,,,,,0,0,,0,0,,,,1,1.0,0,0,0,0,0,0,0,MATCH,1,2.0
BC_010_R05.png,BC,bar,comparison,BC_010,10,5,1180,671,OK,EXACT,2,2,2,0,0,0,laranja|azul,#EF6C00|#1F4FD8,#EF6C00|#1F4FD8,0.0,0.0,0.0,0.986908,0.979538,3.0,5.0,2,0,0,0,,,,,0,0,,0,0,,,,1,1.0,0,0,0,0,0,0,0,MATCH,1,2.0
BC_010_R06.png,BC,bar,comparison,BC_010,10,6,1180,671,OK,EXACT,2,2,2,0,0,0,laranja|azul,#EF6C00|#1F4FD8,#EF6C00|#1F4FD8,0.0,0.0,0.0,0.987275,0.97339,4.0,6.0,2,0,0,0,,,,,0,0,,0,0,,,,1,1.0,0,0,0,0,0,0,0,MATCH,1,2.0
BC_010_R07.png,BC,bar,comparison,BC_010,10,7,1180,672,OK,EXACT,2,2,2,0,0,0,laranja|azul,#EF6C00|#1F4FD8,#EF6C00|#1F4FD8,0.0,0.0,0.0,0.986122,0.971154,4.0,6.0,2,0,0,0,,,,,0,0,,0,0,,,,1,1.0,0,0,0,0,0,0,0,MATCH,1,2.0
BC_010_R08.png,BC,bar,comparison,BC_010,10,8,1180,672,OK,EXACT,2,2,2,0,0,0,laranja|azul,#EF6C00|#1F4FD8,#EF6C00|#1F4FD8,0.0,0.0,0.0,1.0,1.0,4.0,6.0,2,0,0,0,,,,,0,0,,0,0,,,,1,1.0,0,0,0,0,0,0,0,MATCH,1,2.0
BC_010_R09.png,BC,bar,comparison,BC_010,10,9,1180,672,OK,EXACT,2,2,2,0,0,0,laranja|azul,#EF6C00|#1F4FD8,#EF6C00|#1F4FD8,0.0,0.0,0.0,0.981496,0.971154,3.0,5.0,2,0,0,0,,,,,0,0,,0,0,,,,1,1.0,0,0,0,0,0,0,0,MATCH,1,2.0
BC_010_R10.png,BC,bar,comparison,BC_010,10,10,1180,672,OK,EXACT,2,2,2,0,0,0,laranja|azul,#EF6C00|#1F4FD8,#EF6C00|#1F4FD8,0.0,0.0,0.0,1.0,1.0,4.0,6.0,2,0,0,0,,,,,0,0,,0,0,,,,1,1.0,0,0,0,0,0,0,0,MATCH,1,2.0
BC_011_R01.png,BC,bar,comparison,BC_011,11,1,1352,673,OK,EXACT,2,2,2,0,0,0,laranja|azul,#EF6C00|#1F4FD8,#EF6C00|#1F4FD8,0.0,0.0,0.0,0.983443,0.975104,3.0,5.0,2,0,0,0,,,,,0,0,,0,0,,,,1,1.0,0,0,0,0,0,0,0,MATCH,1,2.0
BC_011_R02.png,BC,bar,comparison,BC_011,11,2,1200,800,OK,EXACT,2,2,2,0,0,0,laranja|azul,#EF6C00|#1F4FD8,#EF6C00|#1F4FD8,0.0,0.0,0.0,0.986452,0.971897,4.0,6.0,2,0,0,0,,,,,0,0,,0,0,,,,1,1.0,0,0,0,0,0,0,0,MATCH,1,2.0
BC_011_R03.png,BC,bar,comparison,BC_011,11,3,1200,800,OK,EXACT,2,2,2,0,0,0,laranja|azul,#EF6C00|#1F4FD8,#EF6C00|#1F4FD8,0.0,0.0,0.0,1.0,1.0,4.0,6.0,2,0,0,0,,,,,0,0,,0,0,,,,1,1.0,0,0,0,0,0,0,0,MATCH,1,2.0
BC_011_R04.png,BC,bar,comparison,BC_011,11,4,1200,800,OK,EXACT,2,2,2,0,0,0,laranja|azul,#EF6C00|#1F4FD8,#EF6C00|#1F4FD8,0.0,0.0,0.0,0.981937,0.971897,3.0,5.0,2,0,0,0,,,,,0,0,,0,0,,,,1,1.0,0,0,0,0,0,0,0,MATCH,1,2.0
BC_011_R05.png,BC,bar,comparison,BC_011,11,5,1200,800,OK,EXACT,2,2,2,0,0,0,laranja|azul,#EF6C00|#1F4FD8,#EF6C00|#1F4FD8,0.0,0.0,0.0,1.0,1.0,4.0,6.0,2,0,0,0,,,,,0,0,,0,0,,,,1,1.0,0,0,0,0,0,0,0,MATCH,1,2.0
BC_011_R06.png,BC,bar,comparison,BC_011,11,6,1200,800,OK,EXACT,2,2,2,0,0,0,laranja|azul,#EF6C00|#1F4FD8,#EF6C00|#1F4FD8,0.0,0.0,0.0,0.991668,0.9809,4.0,6.0,2,0,0,0,,,,,0,0,,0,0,,,,1,1.0,0,0,0,0,0,0,0,MATCH,1,2.0
BC_011_R07.png,BC,bar,comparison,BC_011,11,7,1200,800,OK,EXACT,2,2,2,0,0,0,laranja|azul,#EF6C00|#1F4FD8,#EF6C00|#1F4FD8,0.0,0.0,0.0,0.986452,0.971897,4.0,6.0,2,0,0,0,,,,,0,0,,0,0,,,,1,1.0,0,0,0,0,0,0,0,MATCH,1,2.0
BC_011_R08.png,BC,bar,comparison,BC_011,11,8,1200,800,OK,EXACT,2,2,2,0,0,0,laranja|azul,#EF6C00|#1F4FD8,#EF6C00|#1F4FD8,0.0,0.0,0.0,0.99146,0.980997,4.0,6.0,2,0,0,0,,,,,0,0,,0,0,,,,1,1.0,0,0,0,0,0,0,0,MATCH,1,2.0
BC_011_R09.png,BC,bar,comparison,BC_011,11,9,1200,800,OK,EXACT,2,2,2,0,0,0,laranja|azul,#EF6C00|#1F4FD8,#EF6C00|#1F4FD8,0.0,0.0,0.0,0.989281,0.976305,4.0,6.0,2,0,0,0,,,,,0,0,,0,0,,,,1,1.0,0,0,0,0,0,0,0,MATCH,1,2.0
BC_011_R10.png,BC,bar,comparison,BC_011,11,10,1200,800,OK,EXACT,2,2,2,0,0,0,laranja|azul,#EF6C00|#1F4FD8,#EF6C00|#1F4FD8,0.0,0.0,0.0,0.988908,0.976269,4.0,6.0,2,0,0,0,,,,,0,0,,0,0,,,,1,1.0,0,0,0,0,0,0,0,MATCH,1,2.0
BC_012_R01.png,BC,bar,comparison,BC_012,12,1,1352,673,OK,EXACT,2,2,2,0,0,0,laranja|azul,#EF6C00|#1F4FD8,#EF6C00|#1F4FD8,0.0,0.0,0.0,0.983443,0.975104,3.0,5.0,2,0,0,0,,,,,0,0,,0,0,,,,1,1.0,0,0,0,0,0,0,0,MATCH,1,2.0
BC_012_R02.png,BC,bar,comparison,BC_012,12,2,1332,653,OK,EXACT,2,2,2,0,0,0,laranja|azul,#EF6C00|#1F4FD8,#EF6C00|#1F4FD8,0.0,0.0,0.0,0.986993,0.972973,4.0,6.0,2,0,0,0,,,,,0,0,,0,0,,,,1,1.0,0,0,0,0,0,0,0,MATCH,1,2.0
BC_012_R03.png,BC,bar,comparison,BC_012,12,3,1332,690,OK,EXACT,2,2,2,0,0,0,laranja|azul,#EF6C00|#1F4FD8,#EF6C00|#1F4FD8,0.0,0.0,0.0,0.985432,0.977341,3.0,5.0,2,0,0,0,,,,,0,0,,0,0,,,,1,1.0,0,0,0,0,0,0,0,MATCH,1,2.0
BC_012_R04.png,BC,bar,comparison,BC_012,12,4,1332,653,OK,EXACT,2,2,2,0,0,0,laranja|azul,#EF6C00|#1F4FD8,#EF6C00|#1F4FD8,0.0,0.0,0.0,0.982658,0.972973,3.0,5.0,2,0,0,0,,,,,0,0,,0,0,,,,1,1.0,0,0,0,0,0,0,0,MATCH,1,2.0
BC_012_R05.png,BC,bar,comparison,BC_012,12,5,1332,690,OK,EXACT,2,2,2,0,0,0,laranja|azul,#EF6C00|#1F4FD8,#EF6C00|#1F4FD8,0.0,0.0,0.0,0.985347,0.977183,3.0,5.0,2,0,0,0,,,,,0,0,,0,0,,,,1,1.0,0,0,0,0,0,0,0,MATCH,1,2.0
BC_012_R06.png,BC,bar,comparison,BC_012,12,6,1332,653,OK,EXACT,2,2,2,0,0,0,laranja|azul,#EF6C00|#1F4FD8,#EF6C00|#1F4FD8,0.0,0.0,0.0,0.982658,0.972973,3.0,5.0,2,0,0,0,,,,,0,0,,0,0,,,,1,1.0,0,0,0,0,0,0,0,MATCH,1,2.0
BC_012_R07.png,BC,bar,comparison,BC_012,12,7,1189,790,OK,EXACT,2,2,2,0,0,0,laranja|azul,#EF6C00|#1F4FD8,#EF6C00|#1F4FD8,0.0,0.0,0.0,0.988565,0.976238,4.0,6.0,2,0,0,0,,,,,0,0,,0,0,,,,1,1.0,0,0,0,0,0,0,0,MATCH,1,2.0
BC_012_R08.png,BC,bar,comparison,BC_012,12,8,1189,790,OK,EXACT,2,2,2,0,0,0,laranja|azul,#EF6C00|#1F4FD8,#EF6C00|#1F4FD8,0.0,0.0,0.0,0.99064,0.980713,4.0,6.0,2,0,0,0,,,,,0,0,,0,0,,,,1,1.0,0,0,0,0,0,0,0,MATCH,1,2.0
BC_012_R09.png,BC,bar,comparison,BC_012,12,9,1189,790,OK,EXACT,2,2,2,0,0,0,laranja|azul,#EF6C00|#1F4FD8,#EF6C00|#1F4FD8,0.0,0.0,0.0,0.988893,0.976923,4.0,6.0,2,0,0,0,,,,,0,0,,0,0,,,,1,1.0,0,0,0,0,0,0,0,MATCH,1,2.0
BC_012_R10.png,BC,bar,comparison,BC_012,12,10,1189,790,OK,EXACT,2,2,2,0,0,0,laranja|azul,#EF6C00|#1F4FD8,#EF6C00|#1F4FD8,0.0,0.0,0.0,0.991121,0.981542,4.0,6.0,2,0,0,0,,,,,0,0,,0,0,,,,1,1.0,0,0,0,0,0,0,0,MATCH,1,2.0
BC_013_R01.png,BC,bar,comparison,BC_013,13,1,1189,790,OK,EXACT,2,2,2,0,0,0,laranja|azul,#EF6C00|#1F4FD8,#EF6C00|#1F4FD8,0.0,0.0,0.0,0.989595,0.978378,4.0,6.0,2,0,0,0,,,,,0,0,,0,0,,,,1,1.0,0,0,0,0,0,0,0,MATCH,1,2.0
BC_013_R02.png,BC,bar,comparison,BC_013,13,2,1189,790,OK,EXACT,2,2,2,0,0,0,laranja|azul,#EF6C00|#1F4FD8,#EF6C00|#1F4FD8,0.0,0.0,0.0,0.989026,0.97723,4.0,6.0,2,0,0,0,,,,,0,0,,0,0,,,,1,1.0,0,0,0,0,0,0,0,MATCH,1,2.0
BC_013_R03.png,BC,bar,comparison,BC_013,13,3,1189,790,OK,EXACT,2,2,2,0,0,0,laranja|azul,#EF6C00|#1F4FD8,#EF6C00|#1F4FD8,0.0,0.0,0.0,0.990751,0.98081,4.0,6.0,2,0,0,0,,,,,0,0,,0,0,,,,1,1.0,0,0,0,0,0,0,0,MATCH,1,2.0
BC_013_R04.png,BC,bar,comparison,BC_013,13,4,1189,790,OK,EXACT,2,2,2,0,0,0,laranja|azul,#EF6C00|#1F4FD8,#EF6C00|#1F4FD8,0.0,0.0,0.0,0.992615,0.984677,4.0,6.0,2,0,0,0,,,,,0,0,,0,0,,,,1,1.0,0,0,0,0,0,0,0,MATCH,1,2.0
BC_013_R05.png,BC,bar,comparison,BC_013,13,5,1189,790,OK,EXACT,2,2,2,0,0,0,laranja|azul,#EF6C00|#1F4FD8,#EF6C00|#1F4FD8,0.0,0.0,0.0,0.989026,0.97723,4.0,6.0,2,0,0,0,,,,,0,0,,0,0,,,,1,1.0,0,0,0,0,0,0,0,MATCH,1,2.0
BC_013_R06.png,BC,bar,comparison,BC_013,13,6,1189,790,OK,EXACT,2,2,2,0,0,0,laranja|azul,#EF6C00|#1F4FD8,#EF6C00|#1F4FD8,0.0,0.0,0.0,0.990751,0.98081,4.0,6.0,2,0,0,0,,,,,0,0,,0,0,,,,1,1.0,0,0,0,0,0,0,0,MATCH,1,2.0
BC_013_R07.png,BC,bar,comparison,BC_013,13,7,1189,790,OK,EXACT,2,2,2,0,0,0,laranja|azul,#EF6C00|#1F4FD8,#EF6C00|#1F4FD8,0.0,0.0,0.0,0.992615,0.984677,4.0,6.0,2,0,0,0,,,,,0,0,,0,0,,,,1,1.0,0,0,0,0,0,0,0,MATCH,1,2.0
BC_013_R08.png,BC,bar,comparison,BC_013,13,8,1189,790,OK,EXACT,2,2,2,0,0,0,laranja|azul,#EF6C00|#1F4FD8,#EF6C00|#1F4FD8,0.0,0.0,0.0,0.989026,0.97723,4.0,6.0,2,0,0,0,,,,,0,0,,0,0,,,,1,1.0,0,0,0,0,0,0,0,MATCH,1,2.0
BC_013_R09.png,BC,bar,comparison,BC_013,13,9,1189,790,OK,EXACT,2,2,2,0,0,0,laranja|azul,#EF6C00|#1F4FD8,#EF6C00|#1F4FD8,0.0,0.0,0.0,0.990751,0.98081,4.0,6.0,2,0,0,0,,,,,0,0,,0,0,,,,1,1.0,0,0,0,0,0,0,0,MATCH,1,2.0
BC_013_R10.png,BC,bar,comparison,BC_013,13,10,1189,790,OK,EXACT,2,2,2,0,0,0,laranja|azul,#EF6C00|#1F4FD8,#EF6C00|#1F4FD8,0.0,0.0,0.0,0.992615,0.984677,4.0,6.0,2,0,0,0,,,,,0,0,,0,0,,,,1,1.0,0,0,0,0,0,0,0,MATCH,1,2.0
BC_014_R01.png,BC,bar,comparison,BC_014,14,1,1188,790,OK,EXACT,2,2,2,0,0,0,laranja|azul,#EF6C00|#1F4FD8,#EF6C00|#1F4FD8,0.0,0.0,0.0,1.0,1.0,4.0,6.0,2,0,0,0,,,,,0,0,,0,0,,,,1,1.0,0,0,0,0,0,0,0,MATCH,1,2.0
BC_014_R02.png,BC,bar,comparison,BC_014,14,2,1169,673,OK,EXACT,2,2,2,0,0,0,laranja|azul,#EF6C00|#1F4FD8,#EF6C00|#1F4FD8,0.0,0.0,0.0,0.987582,0.975104,4.0,6.0,2,0,0,0,,,,,0,0,,0,0,,,,1,1.0,0,0,0,0,0,0,0,MATCH,1,2.0
BC_014_R03.png,BC,bar,comparison,BC_014,14,3,1169,673,OK,EXACT,2,2,2,0,0,0,laranja|azul,#EF6C00|#1F4FD8,#EF6C00|#1F4FD8,0.0,0.0,0.0,0.987582,0.975104,4.0,6.0,2,0,0,0,,,,,0,0,,0,0,,,,1,1.0,0,0,0,0,0,0,0,MATCH,1,2.0
BC_014_R04.png,BC,bar,comparison,BC_014,14,4,1169,673,OK,EXACT,2,2,2,0,0,0,laranja|azul,#EF6C00|#1F4FD8,#EF6C00|#1F4FD8,0.0,0.0,0.0,0.987582,0.975104,4.0,6.0,2,0,0,0,,,,,0,0,,0,0,,,,1,1.0,0,0,0,0,0,0,0,MATCH,1,2.0
BC_014_R05.png,BC,bar,comparison,BC_014,14,5,1169,673,OK,EXACT,2,2,2,0,0,0,laranja|azul,#EF6C00|#1F4FD8,#EF6C00|#1F4FD8,0.0,0.0,0.0,0.987582,0.975104,4.0,6.0,2,0,0,0,,,,,0,0,,0,0,,,,1,1.0,0,0,0,0,0,0,0,MATCH,1,2.0
BC_014_R06.png,BC,bar,comparison,BC_014,14,6,1169,673,OK,EXACT,2,2,2,0,0,0,laranja|azul,#EF6C00|#1F4FD8,#EF6C00|#1F4FD8,0.0,0.0,0.0,0.987582,0.975104,4.0,6.0,2,0,0,0,,,,,0,0,,0,0,,,,1,1.0,0,0,0,0,0,0,0,MATCH,1,2.0
BC_014_R07.png,BC,bar,comparison,BC_014,14,7,1197,647,OK,MISSING,2,1,1,0,1,1,laranja|azul,#EF6C00|#1F4FD8,#1F77B4,15.630524,15.630524,15.630524,1.0,1.0,1.0,2.0,1,0,0,0,,,,,0,0,,0,0,,,,1,0.0,1,1,0,0,0,0,0,MISSING_COLOR+COLOR_DEVIATION,0,2.0
BC_014_R08.png,BC,bar,comparison,BC_014,14,8,1114,673,OK,EXACT,2,2,2,0,0,0,laranja|azul,#EF6C00|#1F4FD8,#EF6C00|#1F4FD8,0.0,0.0,0.0,0.987582,0.975104,4.0,6.0,2,0,0,0,,,,,0,0,,0,0,,,,1,1.0,0,0,0,0,0,0,0,MATCH,1,2.0
BC_014_R09.png,BC,bar,comparison,BC_014,14,9,1114,673,OK,EXACT,2,2,2,0,0,0,laranja|azul,#EF6C00|#1F4FD8,#EF6C00|#1F4FD8,0.0,0.0,0.0,0.987582,0.975104,4.0,6.0,2,0,0,0,,,,,0,0,,0,0,,,,1,1.0,0,0,0,0,0,0,0,MATCH,1,2.0
BC_014_R10.png,BC,bar,comparison,BC_014,14,10,1114,673,OK,EXACT,2,2,2,0,0,0,laranja|azul,#EF6C00|#1F4FD8,#EF6C00|#1F4FD8,0.0,0.0,0.0,0.987582,0.975104,4.0,6.0,2,0,0,0,,,,,0,0,,0,0,,,,1,1.0,0,0,0,0,0,0,0,MATCH,1,2.0
BC_015_R01.png,BC,bar,comparison,BC_015,15,1,1189,790,OK,EXACT,2,2,2,0,0,0,laranja|azul,#EF6C00|#1F4FD8,#EF6C00|#1F4FD8,0.0,0.0,0.0,0.989512,0.978182,4.0,6.0,2,0,0,0,,,,,0,0,,0,0,,,,1,1.0,0,0,0,0,0,0,0,MATCH,1,2.0
BC_015_R02.png,BC,bar,comparison,BC_015,15,2,1120,667,OK,EXACT,2,2,2,0,0,0,laranja|azul,#EF6C00|#1F4FD8,#EF6C00|#1F4FD8,0.0,0.0,0.0,0.982712,0.973034,3.0,5.0,2,0,0,0,,,,,0,0,,0,0,,,,1,1.0,0,0,0,0,0,0,0,MATCH,1,2.0
BC_015_R03.png,BC,bar,comparison,BC_015,15,3,1120,703,OK,EXACT,2,2,2,0,0,0,laranja|azul,#EF6C00|#1F4FD8,#EF6C00|#1F4FD8,0.0,0.0,0.0,0.982658,0.972973,3.0,5.0,2,0,0,0,,,,,0,0,,0,0,,,,1,1.0,0,0,0,0,0,0,0,MATCH,1,2.0
BC_015_R04.png,BC,bar,comparison,BC_015,15,4,1120,734,OK,EXACT,2,2,2,0,0,0,laranja|azul,#EF6C00|#1F4FD8,#EF6C00|#1F4FD8,0.0,0.0,0.0,0.982658,0.972973,3.0,5.0,2,0,0,0,,,,,0,0,,0,0,,,,1,1.0,0,0,0,0,0,0,0,MATCH,1,2.0
BC_015_R05.png,BC,bar,comparison,BC_015,15,5,1120,703,OK,EXACT,2,2,2,0,0,0,laranja|azul,#EF6C00|#1F4FD8,#EF6C00|#1F4FD8,0.0,0.0,0.0,0.982658,0.972973,3.0,5.0,2,0,0,0,,,,,0,0,,0,0,,,,1,1.0,0,0,0,0,0,0,0,MATCH,1,2.0
BC_015_R06.png,BC,bar,comparison,BC_015,15,6,1120,758,OK,EXACT,2,2,2,0,0,0,laranja|azul,#EF6C00|#1F4FD8,#EF6C00|#1F4FD8,0.0,0.0,0.0,0.982712,0.973034,3.0,5.0,2,0,0,0,,,,,0,0,,0,0,,,,1,1.0,0,0,0,0,0,0,0,MATCH,1,2.0
BC_015_R07.png,BC,bar,comparison,BC_015,15,7,1200,800,OK,EXACT,2,2,2,0,0,0,laranja|azul,#EF6C00|#1F4FD8,#EF6C00|#1F4FD8,0.0,0.0,0.0,0.985743,0.977778,3.0,5.0,2,0,0,0,,,,,0,0,,0,0,,,,1,1.0,0,0,0,0,0,0,0,MATCH,1,2.0
BC_015_R08.png,BC,bar,comparison,BC_015,15,8,1200,800,OK,EXACT,2,2,2,0,0,0,laranja|azul,#EF6C00|#1F4FD8,#EF6C00|#1F4FD8,0.0,0.0,0.0,0.985513,0.977444,3.0,5.0,2,0,0,0,,,,,0,0,,0,0,,,,1,1.0,0,0,0,0,0,0,0,MATCH,1,2.0
BC_015_R09.png,BC,bar,comparison,BC_015,15,9,1200,800,OK,EXACT,2,2,2,0,0,0,laranja|azul,#EF6C00|#1F4FD8,#EF6C00|#1F4FD8,0.0,0.0,0.0,0.985743,0.977778,3.0,5.0,2,0,0,0,,,,,0,0,,0,0,,,,1,1.0,0,0,0,0,0,0,0,MATCH,1,2.0
BC_015_R10.png,BC,bar,comparison,BC_015,15,10,1200,800,OK,EXACT,2,2,2,0,0,0,laranja|azul,#EF6C00|#1F4FD8,#EF6C00|#1F4FD8,0.0,0.0,0.0,0.984753,0.976238,3.0,5.0,2,0,0,0,,,,,0,0,,0,0,,,,1,1.0,0,0,0,0,0,0,0,MATCH,1,2.0
BC_016_R01.png,BC,bar,comparison,BC_016,16,1,1116,651,OK,EXACT,2,2,2,0,0,0,laranja|azul,#EF6C00|#1F4FD8,#EF6C00|#1F4FD8,0.0,0.0,0.0,1.0,1.0,4.0,6.0,2,0,0,0,,,,,0,0,,0,0,,,,1,1.0,0,0,0,0,0,0,0,MATCH,1,2.0
BC_016_R02.png,BC,bar,comparison,BC_016,16,2,1200,800,OK,EXACT,2,2,2,0,0,0,laranja|azul,#EF6C00|#1F4FD8,#EF6C00|#1F4FD8,0.0,0.0,0.0,0.990986,0.980831,4.0,6.0,2,0,0,0,,,,,0,0,,0,0,,,,1,1.0,0,0,0,0,0,0,0,MATCH,1,2.0
BC_016_R03.png,BC,bar,comparison,BC_016,16,3,1200,800,OK,EXACT,2,2,2,0,0,0,laranja|azul,#EF6C00|#1F4FD8,#EF6C00|#1F4FD8,0.0,0.0,0.0,0.990986,0.980831,4.0,6.0,2,0,0,0,,,,,0,0,,0,0,,,,1,1.0,0,0,0,0,0,0,0,MATCH,1,2.0
BC_016_R04.png,BC,bar,comparison,BC_016,16,4,1200,800,OK,EXACT,2,2,2,0,0,0,laranja|azul,#EF6C00|#1F4FD8,#EF6C00|#1F4FD8,0.0,0.0,0.0,0.990986,0.980831,4.0,6.0,2,0,0,0,,,,,0,0,,0,0,,,,1,1.0,0,0,0,0,0,0,0,MATCH,1,2.0
BC_016_R05.png,BC,bar,comparison,BC_016,16,5,1200,800,OK,EXACT,2,2,2,0,0,0,laranja|azul,#EF6C00|#1F4FD8,#EF6C00|#1F4FD8,0.0,0.0,0.0,0.990986,0.980831,4.0,6.0,2,0,0,0,,,,,0,0,,0,0,,,,1,1.0,0,0,0,0,0,0,0,MATCH,1,2.0
BC_016_R06.png,BC,bar,comparison,BC_016,16,6,1200,800,OK,EXACT,2,2,2,0,0,0,laranja|azul,#EF6C00|#1F4FD8,#EF6C00|#1F4FD8,0.0,0.0,0.0,0.990986,0.980831,4.0,6.0,2,0,0,0,,,,,0,0,,0,0,,,,1,1.0,0,0,0,0,0,0,0,MATCH,1,2.0
BC_016_R07.png,BC,bar,comparison,BC_016,16,7,1200,800,OK,EXACT,2,2,2,0,0,0,laranja|azul,#EF6C00|#1F4FD8,#EF6C00|#1F4FD8,0.0,0.0,0.0,1.0,1.0,4.0,6.0,2,0,0,0,,,,,0,0,,0,0,,,,1,1.0,0,0,0,0,0,0,0,MATCH,1,2.0
BC_016_R08.png,BC,bar,comparison,BC_016,16,8,1200,800,OK,EXACT,2,2,2,0,0,0,laranja|azul,#EF6C00|#1F4FD8,#EF6C00|#1F4FD8,0.0,0.0,0.0,1.0,1.0,4.0,6.0,2,0,0,0,,,,,0,0,,0,0,,,,1,1.0,0,0,0,0,0,0,0,MATCH,1,2.0
BC_016_R09.png,BC,bar,comparison,BC_016,16,9,1200,800,OK,EXACT,2,2,2,0,0,0,laranja|azul,#EF6C00|#1F4FD8,#EF6C00|#1F4FD8,0.0,0.0,0.0,1.0,1.0,4.0,6.0,2,0,0,0,,,,,0,0,,0,0,,,,1,1.0,0,0,0,0,0,0,0,MATCH,1,2.0
BC_016_R10.png,BC,bar,comparison,BC_016,16,10,1200,800,OK,EXACT,2,2,2,0,0,0,laranja|azul,#EF6C00|#1F4FD8,#EF6C00|#1F4FD8,0.0,0.0,0.0,1.0,1.0,4.0,6.0,2,0,0,0,,,,,0,0,,0,0,,,,1,1.0,0,0,0,0,0,0,0,MATCH,1,2.0
BC_017_R01.png,BC,bar,comparison,BC_017,17,1,1148,653,OK,EXACT,2,2,2,0,0,0,laranja|azul,#EF6C00|#1F4FD8,#EF6C00|#1F4FD8,0.0,0.0,0.0,1.0,1.0,3.0,5.0,2,0,0,0,,,,,0,0,,0,0,,,,1,1.0,0,0,0,0,0,0,0,MATCH,1,2.0
BC_017_R02.png,BC,bar,comparison,BC_017,17,2,1205,673,OK,EXACT,2,2,2,0,0,0,laranja|azul,#EF6C00|#1F4FD8,#EF6C00|#1F4FD8,0.0,0.0,0.0,0.987582,0.975104,4.0,6.0,2,0,0,0,,,,,0,0,,0,0,,,,1,1.0,0,0,0,0,0,0,0,MATCH,1,2.0
BC_017_R03.png,BC,bar,comparison,BC_017,17,3,1205,673,OK,EXACT,2,2,2,0,0,0,laranja|azul,#EF6C00|#1F4FD8,#EF6C00|#1F4FD8,0.0,0.0,0.0,0.987582,0.975104,4.0,6.0,2,0,0,0,,,,,0,0,,0,0,,,,1,1.0,0,0,0,0,0,0,0,MATCH,1,2.0
BC_017_R04.png,BC,bar,comparison,BC_017,17,4,1205,673,OK,EXACT,2,2,2,0,0,0,laranja|azul,#EF6C00|#1F4FD8,#EF6C00|#1F4FD8,0.0,0.0,0.0,0.987582,0.975104,4.0,6.0,2,0,0,0,,,,,0,0,,0,0,,,,1,1.0,0,0,0,0,0,0,0,MATCH,1,2.0
BC_017_R05.png,BC,bar,comparison,BC_017,17,5,1205,673,OK,EXACT,2,2,2,0,0,0,laranja|azul,#EF6C00|#1F4FD8,#EF6C00|#1F4FD8,0.0,0.0,0.0,0.987582,0.975104,4.0,6.0,2,0,0,0,,,,,0,0,,0,0,,,,1,1.0,0,0,0,0,0,0,0,MATCH,1,2.0
BC_017_R06.png,BC,bar,comparison,BC_017,17,6,1205,673,OK,EXACT,2,2,2,0,0,0,laranja|azul,#EF6C00|#1F4FD8,#EF6C00|#1F4FD8,0.0,0.0,0.0,0.987582,0.975104,4.0,6.0,2,0,0,0,,,,,0,0,,0,0,,,,1,1.0,0,0,0,0,0,0,0,MATCH,1,2.0
BC_017_R07.png,BC,bar,comparison,BC_017,17,7,1200,800,OK,EXACT,2,2,2,0,0,0,laranja|azul,#EF6C00|#1F4FD8,#EF6C00|#1F4FD8,0.0,0.0,0.0,0.989269,0.977695,4.0,6.0,2,0,0,0,,,,,0,0,,0,0,,,,1,1.0,0,0,0,0,0,0,0,MATCH,1,2.0
BC_017_R08.png,BC,bar,comparison,BC_017,17,8,1200,800,OK,EXACT,2,2,2,0,0,0,laranja|azul,#EF6C00|#1F4FD8,#EF6C00|#1F4FD8,0.0,0.0,0.0,0.989269,0.977695,4.0,6.0,2,0,0,0,,,,,0,0,,0,0,,,,1,1.0,0,0,0,0,0,0,0,MATCH,1,2.0
BC_017_R09.png,BC,bar,comparison,BC_017,17,9,1200,800,OK,EXACT,2,2,2,0,0,0,laranja|azul,#EF6C00|#1F4FD8,#EF6C00|#1F4FD8,0.0,0.0,0.0,0.989269,0.977695,4.0,6.0,2,0,0,0,,,,,0,0,,0,0,,,,1,1.0,0,0,0,0,0,0,0,MATCH,1,2.0
BC_017_R10.png,BC,bar,comparison,BC_017,17,10,1200,800,OK,EXACT,2,2,2,0,0,0,laranja|azul,#EF6C00|#1F4FD8,#EF6C00|#1F4FD8,0.0,0.0,0.0,0.989269,0.977695,4.0,6.0,2,0,0,0,,,,,0,0,,0,0,,,,1,1.0,0,0,0,0,0,0,0,MATCH,1,2.0
BC_018_R01.png,BC,bar,comparison,BC_018,18,1,1386,673,OK,EXACT,2,2,2,0,0,0,laranja|azul,#EF6C00|#1F4FD8,#EF6C00|#1F4FD8,0.0,0.0,0.0,1.0,1.0,3.0,5.0,2,0,0,0,,,,,0,0,,0,0,,,,1,1.0,0,0,0,0,0,0,0,MATCH,1,2.0
BC_018_R02.png,BC,bar,comparison,BC_018,18,2,1166,653,OK,EXACT,2,2,2,0,0,0,laranja|azul,#EF6C00|#1F4FD8,#EF6C00|#1F4FD8,0.0,0.0,0.0,0.986993,0.972973,4.0,6.0,2,0,0,0,,,,,0,0,,0,0,,,,1,1.0,0,0,0,0,0,0,0,MATCH,1,2.0
BC_018_R03.png,BC,bar,comparison,BC_018,18,3,1189,790,OK,EXACT,2,2,2,0,0,0,laranja|azul,#EF6C00|#1F4FD8,#EF6C00|#1F4FD8,0.0,0.0,0.0,1.0,1.0,4.0,6.0,2,0,0,0,,,,,0,0,,0,0,,,,1,1.0,0,0,0,0,0,0,0,MATCH,1,2.0
BC_018_R04.png,BC,bar,comparison,BC_018,18,4,1189,790,OK,EXACT,2,2,2,0,0,0,laranja|azul,#EF6C00|#1F4FD8,#EF6C00|#1F4FD8,0.0,0.0,0.0,1.0,1.0,4.0,6.0,2,0,0,0,,,,,0,0,,0,0,,,,1,1.0,0,0,0,0,0,0,0,MATCH,1,2.0
BC_018_R05.png,BC,bar,comparison,BC_018,18,5,1189,790,OK,EXACT,2,2,2,0,0,0,laranja|azul,#EF6C00|#1F4FD8,#EF6C00|#1F4FD8,0.0,0.0,0.0,1.0,1.0,4.0,6.0,2,0,0,0,,,,,0,0,,0,0,,,,1,1.0,0,0,0,0,0,0,0,MATCH,1,2.0
BC_018_R06.png,BC,bar,comparison,BC_018,18,6,1189,790,OK,EXACT,2,2,2,0,0,0,laranja|azul,#EF6C00|#1F4FD8,#EF6C00|#1F4FD8,0.0,0.0,0.0,1.0,1.0,4.0,6.0,2,0,0,0,,,,,0,0,,0,0,,,,1,1.0,0,0,0,0,0,0,0,MATCH,1,2.0
BC_018_R07.png,BC,bar,comparison,BC_018,18,7,1189,790,OK,EXACT,2,2,2,0,0,0,laranja|azul,#EF6C00|#1F4FD8,#EF6C00|#1F4FD8,0.0,0.0,0.0,1.0,1.0,4.0,6.0,2,0,0,0,,,,,0,0,,0,0,,,,1,1.0,0,0,0,0,0,0,0,MATCH,1,2.0
BC_018_R08.png,BC,bar,comparison,BC_018,18,8,1166,653,OK,EXACT,2,2,2,0,0,0,laranja|azul,#EF6C00|#1F4FD8,#EF6C00|#1F4FD8,0.0,0.0,0.0,0.986993,0.972973,4.0,6.0,2,0,0,0,,,,,0,0,,0,0,,,,1,1.0,0,0,0,0,0,0,0,MATCH,1,2.0
BC_018_R09.png,BC,bar,comparison,BC_018,18,9,1166,653,OK,EXACT,2,2,2,0,0,0,laranja|azul,#EF6C00|#1F4FD8,#EF6C00|#1F4FD8,0.0,0.0,0.0,0.986993,0.972973,4.0,6.0,2,0,0,0,,,,,0,0,,0,0,,,,1,1.0,0,0,0,0,0,0,0,MATCH,1,2.0
BC_018_R10.png,BC,bar,comparison,BC_018,18,10,1166,653,OK,EXACT,2,2,2,0,0,0,laranja|azul,#EF6C00|#1F4FD8,#EF6C00|#1F4FD8,0.0,0.0,0.0,0.986993,0.972973,4.0,6.0,2,0,0,0,,,,,0,0,,0,0,,,,1,1.0,0,0,0,0,0,0,0,MATCH,1,2.0
BC_019_R01.png,BC,bar,comparison,BC_019,19,1,1155,651,OK,EXACT,2,2,2,0,0,0,laranja|azul,#EF6C00|#1F4FD8,#EF6C00|#1F4FD8,0.0,0.0,0.0,0.984641,0.975709,3.0,5.0,2,0,0,0,,,,,0,0,,0,0,,,,1,1.0,0,0,0,0,0,0,0,MATCH,1,2.0
BC_019_R02.png,BC,bar,comparison,BC_019,19,2,1200,800,OK,EXACT,2,2,2,0,0,0,laranja|azul,#EF6C00|#1F4FD8,#EF6C00|#1F4FD8,0.0,0.0,0.0,0.986919,0.973333,4.0,16.0,2,0,0,0,,,,,0,0,,0,0,,,,1,1.0,0,0,0,0,0,0,0,MATCH,1,2.0
BC_019_R03.png,BC,bar,comparison,BC_019,19,3,1200,800,OK,EXACT,2,2,2,0,0,0,laranja|azul,#EF6C00|#1F4FD8,#EF6C00|#1F4FD8,0.0,0.0,0.0,0.986919,0.973333,4.0,16.0,2,0,0,0,,,,,0,0,,0,0,,,,1,1.0,0,0,0,0,0,0,0,MATCH,1,2.0
BC_019_R04.png,BC,bar,comparison,BC_019,19,4,1200,800,OK,EXACT,2,2,2,0,0,0,laranja|azul,#EF6C00|#1F4FD8,#EF6C00|#1F4FD8,0.0,0.0,0.0,0.986919,0.973333,4.0,16.0,2,0,0,0,,,,,0,0,,0,0,,,,1,1.0,0,0,0,0,0,0,0,MATCH,1,2.0
BC_019_R05.png,BC,bar,comparison,BC_019,19,5,1200,800,OK,EXACT,2,2,2,0,0,0,laranja|azul,#EF6C00|#1F4FD8,#EF6C00|#1F4FD8,0.0,0.0,0.0,0.986919,0.973333,4.0,16.0,2,0,0,0,,,,,0,0,,0,0,,,,1,1.0,0,0,0,0,0,0,0,MATCH,1,2.0
BC_019_R06.png,BC,bar,comparison,BC_019,19,6,1200,800,OK,EXACT,2,2,2,0,0,0,laranja|azul,#EF6C00|#1F4FD8,#EF6C00|#1F4FD8,0.0,0.0,0.0,0.986919,0.973333,4.0,16.0,2,0,0,0,,,,,0,0,,0,0,,,,1,1.0,0,0,0,0,0,0,0,MATCH,1,2.0
BC_019_R07.png,BC,bar,comparison,BC_019,19,7,1394,565,OK,EXACT,2,2,2,0,0,0,laranja|azul,#EF6C00|#1F4FD8,#EF6C00|#1F4FD8,0.0,0.0,0.0,0.985185,0.96875,4.0,9.0,2,0,0,0,,,,,0,0,,0,0,,,,1,1.0,0,0,0,0,0,0,0,MATCH,1,2.0
BC_019_R08.png,BC,bar,comparison,BC_019,19,8,1394,565,OK,EXACT,2,2,2,0,0,0,laranja|azul,#EF6C00|#1F4FD8,#EF6C00|#1F4FD8,0.0,0.0,0.0,0.985185,0.96875,4.0,9.0,2,0,0,0,,,,,0,0,,0,0,,,,1,1.0,0,0,0,0,0,0,0,MATCH,1,2.0
BC_019_R09.png,BC,bar,comparison,BC_019,19,9,1394,565,OK,EXACT,2,2,2,0,0,0,laranja|azul,#EF6C00|#1F4FD8,#EF6C00|#1F4FD8,0.0,0.0,0.0,0.985185,0.96875,4.0,9.0,2,0,0,0,,,,,0,0,,0,0,,,,1,1.0,0,0,0,0,0,0,0,MATCH,1,2.0
BC_019_R10.png,BC,bar,comparison,BC_019,19,10,1394,565,OK,EXACT,2,2,2,0,0,0,laranja|azul,#EF6C00|#1F4FD8,#EF6C00|#1F4FD8,0.0,0.0,0.0,0.985185,0.96875,4.0,9.0,2,0,0,0,,,,,0,0,,0,0,,,,1,1.0,0,0,0,0,0,0,0,MATCH,1,2.0
BC_020_R01.png,BC,bar,comparison,BC_020,20,1,1189,790,OK,EXACT,2,2,2,0,0,0,laranja|azul,#EF6C00|#1F4FD8,#EF6C00|#1F4FD8,0.0,0.0,0.0,0.972897,0.957821,4.0,6.0,2,0,0,0,,,,,0,0,,0,0,,,,1,1.0,0,0,0,0,0,0,0,MATCH,1,2.0
BC_020_R02.png,BC,bar,comparison,BC_020,20,2,1146,669,OK,EXACT,2,2,2,0,0,0,laranja|azul,#EF6C00|#1F4FD8,#EF6C00|#1F4FD8,0.0,0.0,0.0,0.966771,0.948052,4.0,6.0,2,0,0,0,,,,,0,0,,0,0,,,,1,1.0,0,0,0,0,0,0,0,MATCH,1,2.0
BC_020_R03.png,BC,bar,comparison,BC_020,20,3,1146,669,OK,EXACT,2,2,2,0,0,0,laranja|azul,#EF6C00|#1F4FD8,#EF6C00|#1F4FD8,0.0,0.0,0.0,0.966771,0.948052,4.0,6.0,2,0,0,0,,,,,0,0,,0,0,,,,1,1.0,0,0,0,0,0,0,0,MATCH,1,2.0
BC_020_R04.png,BC,bar,comparison,BC_020,20,4,1146,669,OK,EXACT,2,2,2,0,0,0,laranja|azul,#EF6C00|#1F4FD8,#EF6C00|#1F4FD8,0.0,0.0,0.0,0.966771,0.948052,4.0,6.0,2,0,0,0,,,,,0,0,,0,0,,,,1,1.0,0,0,0,0,0,0,0,MATCH,1,2.0
BC_020_R05.png,BC,bar,comparison,BC_020,20,5,1146,669,OK,EXACT,2,2,2,0,0,0,laranja|azul,#EF6C00|#1F4FD8,#EF6C00|#1F4FD8,0.0,0.0,0.0,0.966771,0.948052,4.0,6.0,2,0,0,0,,,,,0,0,,0,0,,,,1,1.0,0,0,0,0,0,0,0,MATCH,1,2.0
BC_020_R06.png,BC,bar,comparison,BC_020,20,6,1146,669,OK,EXACT,2,2,2,0,0,0,laranja|azul,#EF6C00|#1F4FD8,#EF6C00|#1F4FD8,0.0,0.0,0.0,0.966771,0.948052,4.0,6.0,2,0,0,0,,,,,0,0,,0,0,,,,1,1.0,0,0,0,0,0,0,0,MATCH,1,2.0
BC_020_R07.png,BC,bar,comparison,BC_020,20,7,1189,790,OK,EXACT,2,2,2,0,0,0,laranja|azul,#EF6C00|#1F4FD8,#EF6C00|#1F4FD8,0.0,0.0,0.0,0.971872,0.956204,4.0,6.0,2,0,0,0,,,,,0,0,,0,0,,,,1,1.0,0,0,0,0,0,0,0,MATCH,1,2.0
BC_020_R08.png,BC,bar,comparison,BC_020,20,8,1189,790,OK,EXACT,2,2,2,0,0,0,laranja|azul,#EF6C00|#1F4FD8,#EF6C00|#1F4FD8,0.0,0.0,0.0,0.971872,0.956204,4.0,6.0,2,0,0,0,,,,,0,0,,0,0,,,,1,1.0,0,0,0,0,0,0,0,MATCH,1,2.0
BC_020_R09.png,BC,bar,comparison,BC_020,20,9,1189,790,OK,EXACT,2,2,2,0,0,0,laranja|azul,#EF6C00|#1F4FD8,#EF6C00|#1F4FD8,0.0,0.0,0.0,0.971872,0.956204,4.0,6.0,2,0,0,0,,,,,0,0,,0,0,,,,1,1.0,0,0,0,0,0,0,0,MATCH,1,2.0
BC_020_R10.png,BC,bar,comparison,BC_020,20,10,1189,790,OK,EXACT,2,2,2,0,0,0,laranja|azul,#EF6C00|#1F4FD8,#EF6C00|#1F4FD8,0.0,0.0,0.0,0.971872,0.956204,4.0,6.0,2,0,0,0,,,,,0,0,,0,0,,,,1,1.0,0,0,0,0,0,0,0,MATCH,1,2.0
BC_021_R01.png,BC,bar,comparison,BC_021,21,1,1189,790,OK,EXACT,2,2,2,0,0,0,laranja|azul,#EF6C00|#1F4FD8,#EF6C00|#1F4FD8,0.0,0.0,0.0,1.0,1.0,4.0,6.0,2,0,0,0,,,,,0,0,,0,0,,,,1,1.0,0,0,0,0,0,0,0,MATCH,1,2.0
BC_021_R02.png,BC,bar,comparison,BC_021,21,2,1133,672,OK,EXACT,2,2,2,0,0,0,laranja|azul,#EF6C00|#1F4FD8,#EF6C00|#1F4FD8,0.0,0.0,0.0,0.987582,0.975104,4.0,6.0,2,0,0,0,,,,,0,0,,0,0,,,,1,1.0,0,0,0,0,0,0,0,MATCH,1,2.0
BC_021_R03.png,BC,bar,comparison,BC_021,21,3,1133,672,OK,EXACT,2,2,2,0,0,0,laranja|azul,#EF6C00|#1F4FD8,#EF6C00|#1F4FD8,0.0,0.0,0.0,0.987582,0.975104,4.0,6.0,2,0,0,0,,,,,0,0,,0,0,,,,1,1.0,0,0,0,0,0,0,0,MATCH,1,2.0
BC_021_R04.png,BC,bar,comparison,BC_021,21,4,1133,672,OK,EXACT,2,2,2,0,0,0,laranja|azul,#EF6C00|#1F4FD8,#EF6C00|#1F4FD8,0.0,0.0,0.0,0.987582,0.975104,4.0,6.0,2,0,0,0,,,,,0,0,,0,0,,,,1,1.0,0,0,0,0,0,0,0,MATCH,1,2.0
BC_021_R05.png,BC,bar,comparison,BC_021,21,5,1133,672,OK,EXACT,2,2,2,0,0,0,laranja|azul,#EF6C00|#1F4FD8,#EF6C00|#1F4FD8,0.0,0.0,0.0,0.987582,0.975104,4.0,6.0,2,0,0,0,,,,,0,0,,0,0,,,,1,1.0,0,0,0,0,0,0,0,MATCH,1,2.0
BC_021_R06.png,BC,bar,comparison,BC_021,21,6,1133,672,OK,EXACT,2,2,2,0,0,0,laranja|azul,#EF6C00|#1F4FD8,#EF6C00|#1F4FD8,0.0,0.0,0.0,0.987582,0.975104,4.0,6.0,2,0,0,0,,,,,0,0,,0,0,,,,1,1.0,0,0,0,0,0,0,0,MATCH,1,2.0
BC_021_R07.png,BC,bar,comparison,BC_021,21,7,1087,705,OK,EXACT,2,2,2,0,0,0,laranja|azul,#EF6C00|#1F4FD8,#EF6C00|#1F4FD8,0.0,0.0,0.0,0.987675,0.974414,4.0,6.0,2,0,0,0,,,,,0,0,,0,0,,,,1,1.0,0,0,0,0,0,0,0,MATCH,1,2.0
BC_021_R08.png,BC,bar,comparison,BC_021,21,8,1087,705,OK,EXACT,2,2,2,0,0,0,laranja|azul,#EF6C00|#1F4FD8,#EF6C00|#1F4FD8,0.0,0.0,0.0,0.987675,0.974414,4.0,6.0,2,0,0,0,,,,,0,0,,0,0,,,,1,1.0,0,0,0,0,0,0,0,MATCH,1,2.0
BC_021_R09.png,BC,bar,comparison,BC_021,21,9,1087,705,OK,EXACT,2,2,2,0,0,0,laranja|azul,#EF6C00|#1F4FD8,#EF6C00|#1F4FD8,0.0,0.0,0.0,0.987675,0.974414,4.0,6.0,2,0,0,0,,,,,0,0,,0,0,,,,1,1.0,0,0,0,0,0,0,0,MATCH,1,2.0
BC_021_R10.png,BC,bar,comparison,BC_021,21,10,1087,705,OK,EXACT,2,2,2,0,0,0,laranja|azul,#EF6C00|#1F4FD8,#EF6C00|#1F4FD8,0.0,0.0,0.0,0.987675,0.974414,4.0,6.0,2,0,0,0,,,,,0,0,,0,0,,,,1,1.0,0,0,0,0,0,0,0,MATCH,1,2.0
BC_022_R01.png,BC,bar,comparison,BC_022,22,1,1330,673,OK,EXACT,2,2,2,0,0,0,laranja|azul,#EF6C00|#1F4FD8,#EF6C00|#1F4FD8,0.0,0.0,0.0,0.99846,0.995381,3.0,5.0,2,0,0,0,,,,,0,0,,0,0,,,,1,1.0,0,0,0,0,0,0,0,MATCH,1,2.0
BC_022_R02.png,BC,bar,comparison,BC_022,22,2,1222,749,OK,EXACT,2,2,2,0,0,0,laranja|azul,#EF6C00|#1F4FD8,#EF6C00|#1F4FD8,0.0,0.0,0.0,1.0,1.0,10.0,12.0,2,0,0,0,,,,,0,0,,0,0,,,,1,1.0,0,0,0,0,0,0,0,MATCH,1,2.0
BC_022_R03.png,BC,bar,comparison,BC_022,22,3,1222,749,OK,EXACT,2,2,2,0,0,0,laranja|azul,#EF6C00|#1F4FD8,#EF6C00|#1F4FD8,0.0,0.0,0.0,1.0,1.0,10.0,12.0,2,0,0,0,,,,,0,0,,0,0,,,,1,1.0,0,0,0,0,0,0,0,MATCH,1,2.0
BC_022_R04.png,BC,bar,comparison,BC_022,22,4,1164,671,OK,EXACT,2,2,2,0,0,0,laranja|azul,#EF6C00|#1F4FD8,#EF6C00|#1F4FD8,0.0,0.0,0.0,0.987582,0.975104,4.0,6.0,2,0,0,0,,,,,0,0,,0,0,,,,1,1.0,0,0,0,0,0,0,0,MATCH,1,2.0
BC_022_R05.png,BC,bar,comparison,BC_022,22,5,1164,671,OK,EXACT,2,2,2,0,0,0,laranja|azul,#EF6C00|#1F4FD8,#EF6C00|#1F4FD8,0.0,0.0,0.0,0.987582,0.975104,4.0,6.0,2,0,0,0,,,,,0,0,,0,0,,,,1,1.0,0,0,0,0,0,0,0,MATCH,1,2.0
BC_022_R06.png,BC,bar,comparison,BC_022,22,6,1164,671,OK,EXACT,2,2,2,0,0,0,laranja|azul,#EF6C00|#1F4FD8,#EF6C00|#1F4FD8,0.0,0.0,0.0,0.987582,0.975104,4.0,6.0,2,0,0,0,,,,,0,0,,0,0,,,,1,1.0,0,0,0,0,0,0,0,MATCH,1,2.0
BC_022_R07.png,BC,bar,comparison,BC_022,22,7,1164,671,OK,EXACT,2,2,2,0,0,0,laranja|azul,#EF6C00|#1F4FD8,#EF6C00|#1F4FD8,0.0,0.0,0.0,0.987582,0.975104,4.0,6.0,2,0,0,0,,,,,0,0,,0,0,,,,1,1.0,0,0,0,0,0,0,0,MATCH,1,2.0
BC_022_R08.png,BC,bar,comparison,BC_022,22,8,1164,671,OK,EXACT,2,2,2,0,0,0,laranja|azul,#EF6C00|#1F4FD8,#EF6C00|#1F4FD8,0.0,0.0,0.0,0.987582,0.975104,4.0,6.0,2,0,0,0,,,,,0,0,,0,0,,,,1,1.0,0,0,0,0,0,0,0,MATCH,1,2.0
BC_022_R09.png,BC,bar,comparison,BC_022,22,9,1164,671,OK,EXACT,2,2,2,0,0,0,laranja|azul,#EF6C00|#1F4FD8,#EF6C00|#1F4FD8,0.0,0.0,0.0,0.987582,0.975104,4.0,6.0,2,0,0,0,,,,,0,0,,0,0,,,,1,1.0,0,0,0,0,0,0,0,MATCH,1,2.0
BC_022_R10.png,BC,bar,comparison,BC_022,22,10,1164,671,OK,EXACT,2,2,2,0,0,0,laranja|azul,#EF6C00|#1F4FD8,#EF6C00|#1F4FD8,0.0,0.0,0.0,0.987582,0.975104,4.0,6.0,2,0,0,0,,,,,0,0,,0,0,,,,1,1.0,0,0,0,0,0,0,0,MATCH,1,2.0
BC_023_R01.png,BC,bar,comparison,BC_023,23,1,1200,800,OK,EXACT,2,2,2,0,0,0,laranja|azul,#EF6C00|#1F4FD8,#EF6C00|#1F4FD8,0.0,0.0,0.0,1.0,1.0,3.0,5.0,2,0,0,0,,,,,0,0,,0,0,,,,1,1.0,0,0,0,0,0,0,0,MATCH,1,2.0
BC_023_R02.png,BC,bar,comparison,BC_023,23,2,1189,790,OK,EXACT,2,2,2,0,0,0,laranja|azul,#EF6C00|#1F4FD8,#EF6C00|#1F4FD8,0.0,0.0,0.0,1.0,1.0,4.0,6.0,2,0,0,0,,,,,0,0,,0,0,,,,1,1.0,0,0,0,0,0,0,0,MATCH,1,2.0
BC_023_R03.png,BC,bar,comparison,BC_023,23,3,1189,790,OK,EXACT,2,2,2,0,0,0,laranja|azul,#EF6C00|#1F4FD8,#EF6C00|#1F4FD8,0.0,0.0,0.0,1.0,1.0,4.0,6.0,2,0,0,0,,,,,0,0,,0,0,,,,1,1.0,0,0,0,0,0,0,0,MATCH,1,2.0
BC_023_R04.png,BC,bar,comparison,BC_023,23,4,1189,790,OK,EXACT,2,2,2,0,0,0,laranja|azul,#EF6C00|#1F4FD8,#EF6C00|#1F4FD8,0.0,0.0,0.0,1.0,1.0,4.0,6.0,2,0,0,0,,,,,0,0,,0,0,,,,1,1.0,0,0,0,0,0,0,0,MATCH,1,2.0
BC_023_R05.png,BC,bar,comparison,BC_023,23,5,1189,790,OK,EXACT,2,2,2,0,0,0,laranja|azul,#EF6C00|#1F4FD8,#EF6C00|#1F4FD8,0.0,0.0,0.0,1.0,1.0,4.0,6.0,2,0,0,0,,,,,0,0,,0,0,,,,1,1.0,0,0,0,0,0,0,0,MATCH,1,2.0
BC_023_R06.png,BC,bar,comparison,BC_023,23,6,1189,790,OK,EXACT,2,2,2,0,0,0,laranja|azul,#EF6C00|#1F4FD8,#EF6C00|#1F4FD8,0.0,0.0,0.0,1.0,1.0,4.0,6.0,2,0,0,0,,,,,0,0,,0,0,,,,1,1.0,0,0,0,0,0,0,0,MATCH,1,2.0
BC_023_R07.png,BC,bar,comparison,BC_023,23,7,1189,790,OK,EXACT,2,2,2,0,0,0,laranja|azul,#EF6C00|#1F4FD8,#EF6C00|#1F4FD8,0.0,0.0,0.0,1.0,1.0,4.0,6.0,2,0,0,0,,,,,0,0,,0,0,,,,1,1.0,0,0,0,0,0,0,0,MATCH,1,2.0
BC_023_R08.png,BC,bar,comparison,BC_023,23,8,1189,790,OK,EXACT,2,2,2,0,0,0,laranja|azul,#EF6C00|#1F4FD8,#EF6C00|#1F4FD8,0.0,0.0,0.0,1.0,1.0,4.0,6.0,2,0,0,0,,,,,0,0,,0,0,,,,1,1.0,0,0,0,0,0,0,0,MATCH,1,2.0
BC_023_R09.png,BC,bar,comparison,BC_023,23,9,1189,790,OK,EXACT,2,2,2,0,0,0,laranja|azul,#EF6C00|#1F4FD8,#EF6C00|#1F4FD8,0.0,0.0,0.0,1.0,1.0,4.0,6.0,2,0,0,0,,,,,0,0,,0,0,,,,1,1.0,0,0,0,0,0,0,0,MATCH,1,2.0
BC_023_R10.png,BC,bar,comparison,BC_023,23,10,1189,790,OK,EXACT,2,2,2,0,0,0,laranja|azul,#EF6C00|#1F4FD8,#EF6C00|#1F4FD8,0.0,0.0,0.0,1.0,1.0,4.0,6.0,2,0,0,0,,,,,0,0,,0,0,,,,1,1.0,0,0,0,0,0,0,0,MATCH,1,2.0
BC_024_R01.png,BC,bar,comparison,BC_024,24,1,1189,790,OK,EXACT,2,2,2,0,0,0,laranja|azul,#EF6C00|#1F4FD8,#EF6C00|#1F4FD8,0.0,0.0,0.0,1.0,1.0,4.0,6.0,2,0,0,0,,,,,0,0,,0,0,,,,1,1.0,0,0,0,0,0,0,0,MATCH,1,2.0
BC_024_R02.png,BC,bar,comparison,BC_024,24,2,1189,790,OK,EXACT,2,2,2,0,0,0,laranja|azul,#EF6C00|#1F4FD8,#EF6C00|#1F4FD8,0.0,0.0,0.0,1.0,1.0,4.0,6.0,2,0,0,0,,,,,0,0,,0,0,,,,1,1.0,0,0,0,0,0,0,0,MATCH,1,2.0
BC_024_R03.png,BC,bar,comparison,BC_024,24,3,1189,790,OK,EXACT,2,2,2,0,0,0,laranja|azul,#EF6C00|#1F4FD8,#EF6C00|#1F4FD8,0.0,0.0,0.0,1.0,1.0,4.0,6.0,2,0,0,0,,,,,0,0,,0,0,,,,1,1.0,0,0,0,0,0,0,0,MATCH,1,2.0
BC_024_R04.png,BC,bar,comparison,BC_024,24,4,1189,790,OK,EXACT,2,2,2,0,0,0,laranja|azul,#EF6C00|#1F4FD8,#EF6C00|#1F4FD8,0.0,0.0,0.0,1.0,1.0,4.0,6.0,2,0,0,0,,,,,0,0,,0,0,,,,1,1.0,0,0,0,0,0,0,0,MATCH,1,2.0
BC_024_R05.png,BC,bar,comparison,BC_024,24,5,1189,790,OK,EXACT,2,2,2,0,0,0,laranja|azul,#EF6C00|#1F4FD8,#EF6C00|#1F4FD8,0.0,0.0,0.0,1.0,1.0,4.0,6.0,2,0,0,0,,,,,0,0,,0,0,,,,1,1.0,0,0,0,0,0,0,0,MATCH,1,2.0
BC_024_R06.png,BC,bar,comparison,BC_024,24,6,1189,790,OK,EXACT,2,2,2,0,0,0,laranja|azul,#EF6C00|#1F4FD8,#EF6C00|#1F4FD8,0.0,0.0,0.0,1.0,1.0,4.0,6.0,2,0,0,0,,,,,0,0,,0,0,,,,1,1.0,0,0,0,0,0,0,0,MATCH,1,2.0
BC_024_R07.png,BC,bar,comparison,BC_024,24,7,1189,790,OK,EXACT,2,2,2,0,0,0,laranja|azul,#EF6C00|#1F4FD8,#EF6C00|#1F4FD8,0.0,0.0,0.0,1.0,1.0,4.0,6.0,2,0,0,0,,,,,0,0,,0,0,,,,1,1.0,0,0,0,0,0,0,0,MATCH,1,2.0
BC_024_R08.png,BC,bar,comparison,BC_024,24,8,1189,790,OK,EXACT,2,2,2,0,0,0,laranja|azul,#EF6C00|#1F4FD8,#EF6C00|#1F4FD8,0.0,0.0,0.0,1.0,1.0,4.0,6.0,2,0,0,0,,,,,0,0,,0,0,,,,1,1.0,0,0,0,0,0,0,0,MATCH,1,2.0
BC_024_R09.png,BC,bar,comparison,BC_024,24,9,1189,790,OK,EXACT,2,2,2,0,0,0,laranja|azul,#EF6C00|#1F4FD8,#EF6C00|#1F4FD8,0.0,0.0,0.0,1.0,1.0,4.0,6.0,2,0,0,0,,,,,0,0,,0,0,,,,1,1.0,0,0,0,0,0,0,0,MATCH,1,2.0
BC_024_R10.png,BC,bar,comparison,BC_024,24,10,1189,790,OK,EXACT,2,2,2,0,0,0,laranja|azul,#EF6C00|#1F4FD8,#EF6C00|#1F4FD8,0.0,0.0,0.0,1.0,1.0,4.0,6.0,2,0,0,0,,,,,0,0,,0,0,,,,1,1.0,0,0,0,0,0,0,0,MATCH,1,2.0
BC_025_R01.png,BC,bar,comparison,BC_025,25,1,1373,673,OK,EXACT,2,2,2,0,0,0,laranja|azul,#EF6C00|#1F4FD8,#EF6C00|#1F4FD8,0.0,0.0,0.0,0.983443,0.975104,3.0,5.0,2,0,0,0,,,,,0,0,,0,0,,,,1,1.0,0,0,0,0,0,0,0,MATCH,1,2.0
BC_025_R02.png,BC,bar,comparison,BC_025,25,2,1351,653,OK,EXACT,2,2,2,0,0,0,laranja|azul,#EF6C00|#1F4FD8,#EF6C00|#1F4FD8,0.0,0.0,0.0,0.982658,0.972973,3.0,5.0,2,0,0,0,,,,,0,0,,0,0,,,,1,1.0,0,0,0,0,0,0,0,MATCH,1,2.0
BC_025_R03.png,BC,bar,comparison,BC_025,25,3,1351,653,OK,EXACT,2,2,2,0,0,0,laranja|azul,#EF6C00|#1F4FD8,#EF6C00|#1F4FD8,0.0,0.0,0.0,0.982658,0.972973,3.0,5.0,2,0,0,0,,,,,0,0,,0,0,,,,1,1.0,0,0,0,0,0,0,0,MATCH,1,2.0
BC_025_R04.png,BC,bar,comparison,BC_025,25,4,1351,653,OK,EXACT,2,2,2,0,0,0,laranja|azul,#EF6C00|#1F4FD8,#EF6C00|#1F4FD8,0.0,0.0,0.0,0.982658,0.972973,3.0,5.0,2,0,0,0,,,,,0,0,,0,0,,,,1,1.0,0,0,0,0,0,0,0,MATCH,1,2.0
BC_025_R05.png,BC,bar,comparison,BC_025,25,5,1351,653,OK,EXACT,2,2,2,0,0,0,laranja|azul,#EF6C00|#1F4FD8,#EF6C00|#1F4FD8,0.0,0.0,0.0,0.982658,0.972973,3.0,5.0,2,0,0,0,,,,,0,0,,0,0,,,,1,1.0,0,0,0,0,0,0,0,MATCH,1,2.0
BC_025_R06.png,BC,bar,comparison,BC_025,25,6,1351,653,OK,EXACT,2,2,2,0,0,0,laranja|azul,#EF6C00|#1F4FD8,#EF6C00|#1F4FD8,0.0,0.0,0.0,0.982658,0.972973,3.0,5.0,2,0,0,0,,,,,0,0,,0,0,,,,1,1.0,0,0,0,0,0,0,0,MATCH,1,2.0
BC_025_R07.png,BC,bar,comparison,BC_025,25,7,1351,653,OK,EXACT,2,2,2,0,0,0,laranja|azul,#EF6C00|#1F4FD8,#EF6C00|#1F4FD8,0.0,0.0,0.0,0.982658,0.972973,3.0,5.0,2,0,0,0,,,,,0,0,,0,0,,,,1,1.0,0,0,0,0,0,0,0,MATCH,1,2.0
BC_025_R08.png,BC,bar,comparison,BC_025,25,8,1351,653,OK,EXACT,2,2,2,0,0,0,laranja|azul,#EF6C00|#1F4FD8,#EF6C00|#1F4FD8,0.0,0.0,0.0,0.982658,0.972973,3.0,5.0,2,0,0,0,,,,,0,0,,0,0,,,,1,1.0,0,0,0,0,0,0,0,MATCH,1,2.0
BC_025_R09.png,BC,bar,comparison,BC_025,25,9,1351,653,OK,EXACT,2,2,2,0,0,0,laranja|azul,#EF6C00|#1F4FD8,#EF6C00|#1F4FD8,0.0,0.0,0.0,0.982658,0.972973,3.0,5.0,2,0,0,0,,,,,0,0,,0,0,,,,1,1.0,0,0,0,0,0,0,0,MATCH,1,2.0
BC_025_R10.png,BC,bar,comparison,BC_025,25,10,1351,653,OK,EXACT,2,2,2,0,0,0,laranja|azul,#EF6C00|#1F4FD8,#EF6C00|#1F4FD8,0.0,0.0,0.0,0.982658,0.972973,3.0,5.0,2,0,0,0,,,,,0,0,,0,0,,,,1,1.0,0,0,0,0,0,0,0,MATCH,1,2.0
BC_026_R01.png,BC,bar,comparison,BC_026,26,1,1189,790,OK,EXACT,2,2,2,0,0,0,laranja|azul,#EF6C00|#1F4FD8,#EF6C00|#1F4FD8,0.0,0.0,0.0,0.985551,0.977486,3.0,5.0,2,0,0,0,,,,,0,0,,0,0,,,,1,1.0,0,0,0,0,0,0,0,MATCH,1,2.0
BC_026_R02.png,BC,bar,comparison,BC_026,26,2,1341,667,OK,EXACT,2,2,2,0,0,0,laranja|azul,#EF6C00|#1F4FD8,#EF6C00|#1F4FD8,0.0,0.0,0.0,0.983342,0.974026,3.0,5.0,2,0,0,0,,,,,0,0,,0,0,,,,1,1.0,0,0,0,0,0,0,0,MATCH,1,2.0
BC_026_R03.png,BC,bar,comparison,BC_026,26,3,1341,667,OK,EXACT,2,2,2,0,0,0,laranja|azul,#EF6C00|#1F4FD8,#EF6C00|#1F4FD8,0.0,0.0,0.0,0.983342,0.974026,3.0,5.0,2,0,0,0,,,,,0,0,,0,0,,,,1,1.0,0,0,0,0,0,0,0,MATCH,1,2.0
BC_026_R04.png,BC,bar,comparison,BC_026,26,4,1341,667,OK,EXACT,2,2,2,0,0,0,laranja|azul,#EF6C00|#1F4FD8,#EF6C00|#1F4FD8,0.0,0.0,0.0,0.983342,0.974026,3.0,5.0,2,0,0,0,,,,,0,0,,0,0,,,,1,1.0,0,0,0,0,0,0,0,MATCH,1,2.0
BC_026_R05.png,BC,bar,comparison,BC_026,26,5,1341,667,OK,EXACT,2,2,2,0,0,0,laranja|azul,#EF6C00|#1F4FD8,#EF6C00|#1F4FD8,0.0,0.0,0.0,0.983342,0.974026,3.0,5.0,2,0,0,0,,,,,0,0,,0,0,,,,1,1.0,0,0,0,0,0,0,0,MATCH,1,2.0
BC_026_R06.png,BC,bar,comparison,BC_026,26,6,1341,667,OK,EXACT,2,2,2,0,0,0,laranja|azul,#EF6C00|#1F4FD8,#EF6C00|#1F4FD8,0.0,0.0,0.0,0.983342,0.974026,3.0,5.0,2,0,0,0,,,,,0,0,,0,0,,,,1,1.0,0,0,0,0,0,0,0,MATCH,1,2.0
BC_026_R07.png,BC,bar,comparison,BC_026,26,7,1341,667,OK,EXACT,2,2,2,0,0,0,laranja|azul,#EF6C00|#1F4FD8,#EF6C00|#1F4FD8,0.0,0.0,0.0,0.983342,0.974026,3.0,5.0,2,0,0,0,,,,,0,0,,0,0,,,,1,1.0,0,0,0,0,0,0,0,MATCH,1,2.0
BC_026_R08.png,BC,bar,comparison,BC_026,26,8,1341,667,OK,EXACT,2,2,2,0,0,0,laranja|azul,#EF6C00|#1F4FD8,#EF6C00|#1F4FD8,0.0,0.0,0.0,0.983342,0.974026,3.0,5.0,2,0,0,0,,,,,0,0,,0,0,,,,1,1.0,0,0,0,0,0,0,0,MATCH,1,2.0
BC_026_R09.png,BC,bar,comparison,BC_026,26,9,1341,667,OK,EXACT,2,2,2,0,0,0,laranja|azul,#EF6C00|#1F4FD8,#EF6C00|#1F4FD8,0.0,0.0,0.0,0.983342,0.974026,3.0,5.0,2,0,0,0,,,,,0,0,,0,0,,,,1,1.0,0,0,0,0,0,0,0,MATCH,1,2.0
BC_026_R10.png,BC,bar,comparison,BC_026,26,10,1341,667,OK,EXACT,2,2,2,0,0,0,laranja|azul,#EF6C00|#1F4FD8,#EF6C00|#1F4FD8,0.0,0.0,0.0,0.983342,0.974026,3.0,5.0,2,0,0,0,,,,,0,0,,0,0,,,,1,1.0,0,0,0,0,0,0,0,MATCH,1,2.0
BC_027_R01.png,BC,bar,comparison,BC_027,27,1,1271,703,OK,EXACT,2,2,2,0,0,0,laranja|azul,#EF6C00|#1F4FD8,#EF6C00|#1F4FD8,0.0,0.0,0.0,1.0,1.0,4.0,6.0,2,0,0,0,,,,,0,0,,0,0,,,,1,1.0,0,0,0,0,0,0,0,MATCH,1,2.0
BC_027_R02.png,BC,bar,comparison,BC_027,27,2,1200,800,OK,EXACT,2,2,2,0,0,0,laranja|azul,#EF6C00|#1F4FD8,#EF6C00|#1F4FD8,0.0,0.0,0.0,0.959088,0.958716,2.0,2.0,2,0,0,0,,,,,0,0,,0,0,,,,1,1.0,0,0,0,0,0,0,0,MATCH,1,2.0
BC_027_R03.png,BC,bar,comparison,BC_027,27,3,1200,800,OK,EXACT,2,2,2,0,0,0,laranja|azul,#EF6C00|#1F4FD8,#EF6C00|#1F4FD8,0.0,0.0,0.0,0.975113,0.975,2.0,2.0,2,0,0,0,,,,,0,0,,0,0,,,,1,1.0,0,0,0,0,0,0,0,MATCH,1,2.0
BC_027_R04.png,BC,bar,comparison,BC_027,27,4,1200,800,OK,EXACT,2,2,2,0,0,0,laranja|azul,#EF6C00|#1F4FD8,#EF6C00|#1F4FD8,0.0,0.0,0.0,0.965841,0.959459,2.0,2.0,2,0,0,0,,,,,0,0,,0,0,,,,1,1.0,0,0,0,0,0,0,0,MATCH,1,2.0
BC_027_R05.png,BC,bar,comparison,BC_027,27,5,1200,800,OK,MISSING,2,1,1,0,1,1,laranja|azul,#EF6C00|#1F4FD8,#1F77B4,15.630524,15.630524,15.630524,1.0,1.0,1.0,2.0,1,0,0,0,,,,,0,0,,0,0,,,,1,0.0,1,1,0,0,0,0,0,MISSING_COLOR+COLOR_DEVIATION,0,2.0
BC_027_R06.png,BC,bar,comparison,BC_027,27,6,1200,800,OK,MISSING,2,1,1,0,1,1,laranja|azul,#EF6C00|#1F4FD8,#1F77B4,15.630524,15.630524,15.630524,1.0,1.0,1.0,2.0,1,0,0,0,,,,,0,0,,0,0,,,,1,0.0,1,1,0,0,0,0,0,MISSING_COLOR+COLOR_DEVIATION,0,2.0
BC_027_R07.png,BC,bar,comparison,BC_027,27,7,1349,673,OK,EXACT,2,2,2,0,0,0,laranja|azul,#EF6C00|#1F4FD8,#EF6C00|#1F4FD8,0.0,0.0,0.0,0.983443,0.975104,3.0,5.0,2,0,0,0,,,,,0,0,,0,0,,,,1,1.0,0,0,0,0,0,0,0,MATCH,1,2.0
BC_027_R08.png,BC,bar,comparison,BC_027,27,8,1349,673,OK,EXACT,2,2,2,0,0,0,laranja|azul,#EF6C00|#1F4FD8,#EF6C00|#1F4FD8,0.0,0.0,0.0,0.983443,0.975104,3.0,5.0,2,0,0,0,,,,,0,0,,0,0,,,,1,1.0,0,0,0,0,0,0,0,MATCH,1,2.0
BC_027_R09.png,BC,bar,comparison,BC_027,27,9,1349,673,OK,EXACT,2,2,2,0,0,0,laranja|azul,#EF6C00|#1F4FD8,#EF6C00|#1F4FD8,0.0,0.0,0.0,0.983443,0.975104,3.0,5.0,2,0,0,0,,,,,0,0,,0,0,,,,1,1.0,0,0,0,0,0,0,0,MATCH,1,2.0
BC_027_R10.png,BC,bar,comparison,BC_027,27,10,1349,673,OK,EXACT,2,2,2,0,0,0,laranja|azul,#EF6C00|#1F4FD8,#EF6C00|#1F4FD8,0.0,0.0,0.0,0.983443,0.975104,3.0,5.0,2,0,0,0,,,,,0,0,,0,0,,,,1,1.0,0,0,0,0,0,0,0,MATCH,1,2.0
BC_028_R01.png,BC,bar,comparison,BC_028,28,1,1189,790,OK,EXACT,2,2,2,0,0,0,laranja|azul,#EF6C00|#1F4FD8,#EF6C00|#1F4FD8,0.0,0.0,0.0,1.0,1.0,4.0,6.0,2,0,0,0,,,,,0,0,,0,0,,,,1,1.0,0,0,0,0,0,0,0,MATCH,1,2.0
BC_028_R02.png,BC,bar,comparison,BC_028,28,2,1200,800,OK,EXACT,2,2,2,0,0,0,laranja|azul,#EF6C00|#1F4FD8,#EF6C00|#1F4FD8,0.0,0.0,0.0,0.982658,0.972973,3.0,5.0,2,0,0,0,,,,,0,0,,0,0,,,,1,1.0,0,0,0,0,0,0,0,MATCH,1,2.0
BC_028_R03.png,BC,bar,comparison,BC_028,28,3,1200,800,OK,EXACT,2,2,2,0,0,0,laranja|azul,#EF6C00|#1F4FD8,#EF6C00|#1F4FD8,0.0,0.0,0.0,0.982658,0.972973,3.0,5.0,2,0,0,0,,,,,0,0,,0,0,,,,1,1.0,0,0,0,0,0,0,0,MATCH,1,2.0
BC_028_R04.png,BC,bar,comparison,BC_028,28,4,1200,800,OK,EXACT,2,2,2,0,0,0,laranja|azul,#EF6C00|#1F4FD8,#EF6C00|#1F4FD8,0.0,0.0,0.0,0.982658,0.972973,3.0,5.0,2,0,0,0,,,,,0,0,,0,0,,,,1,1.0,0,0,0,0,0,0,0,MATCH,1,2.0
BC_028_R05.png,BC,bar,comparison,BC_028,28,5,1200,800,OK,EXACT,2,2,2,0,0,0,laranja|azul,#EF6C00|#1F4FD8,#EF6C00|#1F4FD8,0.0,0.0,0.0,0.982658,0.972973,3.0,5.0,2,0,0,0,,,,,0,0,,0,0,,,,1,1.0,0,0,0,0,0,0,0,MATCH,1,2.0
BC_028_R06.png,BC,bar,comparison,BC_028,28,6,1200,800,OK,EXACT,2,2,2,0,0,0,laranja|azul,#EF6C00|#1F4FD8,#EF6C00|#1F4FD8,0.0,0.0,0.0,0.982658,0.972973,3.0,5.0,2,0,0,0,,,,,0,0,,0,0,,,,1,1.0,0,0,0,0,0,0,0,MATCH,1,2.0
BC_028_R07.png,BC,bar,comparison,BC_028,28,7,1200,800,OK,EXACT,2,2,2,0,0,0,laranja|azul,#EF6C00|#1F4FD8,#EF6C00|#1F4FD8,0.0,0.0,0.0,0.982658,0.972973,3.0,5.0,2,0,0,0,,,,,0,0,,0,0,,,,1,1.0,0,0,0,0,0,0,0,MATCH,1,2.0
BC_028_R08.png,BC,bar,comparison,BC_028,28,8,1200,800,OK,EXACT,2,2,2,0,0,0,laranja|azul,#EF6C00|#1F4FD8,#EF6C00|#1F4FD8,0.0,0.0,0.0,0.982658,0.972973,3.0,5.0,2,0,0,0,,,,,0,0,,0,0,,,,1,1.0,0,0,0,0,0,0,0,MATCH,1,2.0
BC_028_R09.png,BC,bar,comparison,BC_028,28,9,1200,800,OK,EXACT,2,2,2,0,0,0,laranja|azul,#EF6C00|#1F4FD8,#EF6C00|#1F4FD8,0.0,0.0,0.0,0.982658,0.972973,3.0,5.0,2,0,0,0,,,,,0,0,,0,0,,,,1,1.0,0,0,0,0,0,0,0,MATCH,1,2.0
BC_028_R10.png,BC,bar,comparison,BC_028,28,10,1200,800,OK,EXACT,2,2,2,0,0,0,laranja|azul,#EF6C00|#1F4FD8,#EF6C00|#1F4FD8,0.0,0.0,0.0,0.982658,0.972973,3.0,5.0,2,0,0,0,,,,,0,0,,0,0,,,,1,1.0,0,0,0,0,0,0,0,MATCH,1,2.0
BC_029_R01.png,BC,bar,comparison,BC_029,29,1,1116,651,OK,EXACT,2,2,2,0,0,0,laranja|azul,#EF6C00|#1F4FD8,#EF6C00|#1F4FD8,0.0,0.0,0.0,1.0,1.0,3.0,5.0,2,0,0,0,,,,,0,0,,0,0,,,,1,1.0,0,0,0,0,0,0,0,MATCH,1,2.0
BC_029_R02.png,BC,bar,comparison,BC_029,29,2,1134,670,OK,EXACT,2,2,2,0,0,0,laranja|azul,#EF6C00|#1F4FD8,#EF6C00|#1F4FD8,0.0,0.0,0.0,0.989351,0.977358,4.0,6.0,2,0,0,0,,,,,0,0,,0,0,,,,1,1.0,0,0,0,0,0,0,0,MATCH,1,2.0
BC_029_R03.png,BC,bar,comparison,BC_029,29,3,1134,670,OK,EXACT,2,2,2,0,0,0,laranja|azul,#EF6C00|#1F4FD8,#EF6C00|#1F4FD8,0.0,0.0,0.0,0.989351,0.977358,4.0,6.0,2,0,0,0,,,,,0,0,,0,0,,,,1,1.0,0,0,0,0,0,0,0,MATCH,1,2.0
BC_029_R04.png,BC,bar,comparison,BC_029,29,4,1134,670,OK,EXACT,2,2,2,0,0,0,laranja|azul,#EF6C00|#1F4FD8,#EF6C00|#1F4FD8,0.0,0.0,0.0,0.989351,0.977358,4.0,6.0,2,0,0,0,,,,,0,0,,0,0,,,,1,1.0,0,0,0,0,0,0,0,MATCH,1,2.0
BC_029_R05.png,BC,bar,comparison,BC_029,29,5,1134,670,OK,EXACT,2,2,2,0,0,0,laranja|azul,#EF6C00|#1F4FD8,#EF6C00|#1F4FD8,0.0,0.0,0.0,0.989351,0.977358,4.0,6.0,2,0,0,0,,,,,0,0,,0,0,,,,1,1.0,0,0,0,0,0,0,0,MATCH,1,2.0
BC_029_R06.png,BC,bar,comparison,BC_029,29,6,1134,706,OK,EXACT,2,2,2,0,0,0,laranja|azul,#EF6C00|#1F4FD8,#EF6C00|#1F4FD8,0.0,0.0,0.0,0.989318,0.977273,4.0,6.0,2,0,0,0,,,,,0,0,,0,0,,,,1,1.0,0,0,0,0,0,0,0,MATCH,1,2.0
BC_029_R07.png,BC,bar,comparison,BC_029,29,7,1134,670,OK,EXACT,2,2,2,0,0,0,laranja|azul,#EF6C00|#1F4FD8,#EF6C00|#1F4FD8,0.0,0.0,0.0,0.989351,0.977358,4.0,6.0,2,0,0,0,,,,,0,0,,0,0,,,,1,1.0,0,0,0,0,0,0,0,MATCH,1,2.0
BC_029_R08.png,BC,bar,comparison,BC_029,29,8,1134,670,OK,EXACT,2,2,2,0,0,0,laranja|azul,#EF6C00|#1F4FD8,#EF6C00|#1F4FD8,0.0,0.0,0.0,0.989351,0.977358,4.0,6.0,2,0,0,0,,,,,0,0,,0,0,,,,1,1.0,0,0,0,0,0,0,0,MATCH,1,2.0
BC_029_R09.png,BC,bar,comparison,BC_029,29,9,1134,670,OK,EXACT,2,2,2,0,0,0,laranja|azul,#EF6C00|#1F4FD8,#EF6C00|#1F4FD8,0.0,0.0,0.0,0.989351,0.977358,4.0,6.0,2,0,0,0,,,,,0,0,,0,0,,,,1,1.0,0,0,0,0,0,0,0,MATCH,1,2.0
BC_029_R10.png,BC,bar,comparison,BC_029,29,10,1134,670,OK,EXACT,2,2,2,0,0,0,laranja|azul,#EF6C00|#1F4FD8,#EF6C00|#1F4FD8,0.0,0.0,0.0,0.989351,0.977358,4.0,6.0,2,0,0,0,,,,,0,0,,0,0,,,,1,1.0,0,0,0,0,0,0,0,MATCH,1,2.0
BC_030_R01.png,BC,bar,comparison,BC_030,30,1,1252,653,OK,EXACT,2,2,2,0,0,0,laranja|azul,#EF6C00|#1F4FD8,#EF6C00|#1F4FD8,0.0,0.0,0.0,1.0,1.0,3.0,5.0,2,0,0,0,,,,,0,0,,0,0,,,,1,1.0,0,0,0,0,0,0,0,MATCH,1,2.0
BC_030_R02.png,BC,bar,comparison,BC_030,30,2,1372,648,OK,EXACT,2,2,2,0,0,0,laranja|azul,#EF6C00|#1F4FD8,#EF6C00|#1F4FD8,0.0,0.0,0.0,1.0,1.0,3.0,5.0,2,0,0,0,,,,,0,0,,0,0,,,,1,1.0,0,0,0,0,0,0,0,MATCH,1,2.0
BC_030_R03.png,BC,bar,comparison,BC_030,30,3,1372,648,OK,EXACT,2,2,2,0,0,0,laranja|azul,#EF6C00|#1F4FD8,#EF6C00|#1F4FD8,0.0,0.0,0.0,1.0,1.0,3.0,5.0,2,0,0,0,,,,,0,0,,0,0,,,,1,1.0,0,0,0,0,0,0,0,MATCH,1,2.0
BC_030_R04.png,BC,bar,comparison,BC_030,30,4,1372,648,OK,EXACT,2,2,2,0,0,0,laranja|azul,#EF6C00|#1F4FD8,#EF6C00|#1F4FD8,0.0,0.0,0.0,1.0,1.0,3.0,5.0,2,0,0,0,,,,,0,0,,0,0,,,,1,1.0,0,0,0,0,0,0,0,MATCH,1,2.0
BC_030_R05.png,BC,bar,comparison,BC_030,30,5,1372,648,OK,EXACT,2,2,2,0,0,0,laranja|azul,#EF6C00|#1F4FD8,#EF6C00|#1F4FD8,0.0,0.0,0.0,1.0,1.0,3.0,5.0,2,0,0,0,,,,,0,0,,0,0,,,,1,1.0,0,0,0,0,0,0,0,MATCH,1,2.0
BC_030_R06.png,BC,bar,comparison,BC_030,30,6,1372,648,OK,EXACT,2,2,2,0,0,0,laranja|azul,#EF6C00|#1F4FD8,#EF6C00|#1F4FD8,0.0,0.0,0.0,1.0,1.0,3.0,5.0,2,0,0,0,,,,,0,0,,0,0,,,,1,1.0,0,0,0,0,0,0,0,MATCH,1,2.0
BC_030_R07.png,BC,bar,comparison,BC_030,30,7,1372,648,OK,EXACT,2,2,2,0,0,0,laranja|azul,#EF6C00|#1F4FD8,#EF6C00|#1F4FD8,0.0,0.0,0.0,1.0,1.0,3.0,5.0,2,0,0,0,,,,,0,0,,0,0,,,,1,1.0,0,0,0,0,0,0,0,MATCH,1,2.0
BC_030_R08.png,BC,bar,comparison,BC_030,30,8,1372,648,OK,EXACT,2,2,2,0,0,0,laranja|azul,#EF6C00|#1F4FD8,#EF6C00|#1F4FD8,0.0,0.0,0.0,1.0,1.0,3.0,5.0,2,0,0,0,,,,,0,0,,0,0,,,,1,1.0,0,0,0,0,0,0,0,MATCH,1,2.0
BC_030_R09.png,BC,bar,comparison,BC_030,30,9,1372,648,OK,EXACT,2,2,2,0,0,0,laranja|azul,#EF6C00|#1F4FD8,#EF6C00|#1F4FD8,0.0,0.0,0.0,1.0,1.0,3.0,5.0,2,0,0,0,,,,,0,0,,0,0,,,,1,1.0,0,0,0,0,0,0,0,MATCH,1,2.0
BC_030_R10.png,BC,bar,comparison,BC_030,30,10,1372,648,OK,EXACT,2,2,2,0,0,0,laranja|azul,#EF6C00|#1F4FD8,#EF6C00|#1F4FD8,0.0,0.0,0.0,1.0,1.0,3.0,5.0,2,0,0,0,,,,,0,0,,0,0,,,,1,1.0,0,0,0,0,0,0,0,MATCH,1,2.0
BC_031_R01.png,BC,bar,comparison,BC_031,31,1,1309,653,OK,EXACT,2,2,2,0,0,0,laranja|azul,#EF6C00|#1F4FD8,#EF6C00|#1F4FD8,0.0,0.0,0.0,0.982658,0.972973,3.0,5.0,2,0,0,0,,,,,0,0,,0,0,,,,1,1.0,0,0,0,0,0,0,0,MATCH,1,2.0
BC_031_R02.png,BC,bar,comparison,BC_031,31,2,1157,588,OK,EXACT,2,2,2,0,0,0,laranja|azul,#EF6C00|#1F4FD8,#EF6C00|#1F4FD8,0.0,0.0,0.0,1.0,1.0,3.0,5.0,2,0,0,0,,,,,0,0,,0,0,,,,1,1.0,0,0,0,0,0,0,0,MATCH,1,2.0
BC_031_R03.png,BC,bar,comparison,BC_031,31,3,1157,588,OK,EXACT,2,2,2,0,0,0,laranja|azul,#EF6C00|#1F4FD8,#EF6C00|#1F4FD8,0.0,0.0,0.0,1.0,1.0,3.0,5.0,2,0,0,0,,,,,0,0,,0,0,,,,1,1.0,0,0,0,0,0,0,0,MATCH,1,2.0
BC_031_R04.png,BC,bar,comparison,BC_031,31,4,1157,588,OK,EXACT,2,2,2,0,0,0,laranja|azul,#EF6C00|#1F4FD8,#EF6C00|#1F4FD8,0.0,0.0,0.0,1.0,1.0,3.0,5.0,2,0,0,0,,,,,0,0,,0,0,,,,1,1.0,0,0,0,0,0,0,0,MATCH,1,2.0
BC_031_R05.png,BC,bar,comparison,BC_031,31,5,1157,588,OK,EXACT,2,2,2,0,0,0,laranja|azul,#EF6C00|#1F4FD8,#EF6C00|#1F4FD8,0.0,0.0,0.0,1.0,1.0,3.0,5.0,2,0,0,0,,,,,0,0,,0,0,,,,1,1.0,0,0,0,0,0,0,0,MATCH,1,2.0
BC_031_R06.png,BC,bar,comparison,BC_031,31,6,1157,588,OK,EXACT,2,2,2,0,0,0,laranja|azul,#EF6C00|#1F4FD8,#EF6C00|#1F4FD8,0.0,0.0,0.0,1.0,1.0,3.0,5.0,2,0,0,0,,,,,0,0,,0,0,,,,1,1.0,0,0,0,0,0,0,0,MATCH,1,2.0
BC_031_R07.png,BC,bar,comparison,BC_031,31,7,1157,588,OK,EXACT,2,2,2,0,0,0,laranja|azul,#EF6C00|#1F4FD8,#EF6C00|#1F4FD8,0.0,0.0,0.0,1.0,1.0,3.0,5.0,2,0,0,0,,,,,0,0,,0,0,,,,1,1.0,0,0,0,0,0,0,0,MATCH,1,2.0
BC_031_R08.png,BC,bar,comparison,BC_031,31,8,1157,588,OK,EXACT,2,2,2,0,0,0,laranja|azul,#EF6C00|#1F4FD8,#EF6C00|#1F4FD8,0.0,0.0,0.0,1.0,1.0,3.0,5.0,2,0,0,0,,,,,0,0,,0,0,,,,1,1.0,0,0,0,0,0,0,0,MATCH,1,2.0
BC_031_R09.png,BC,bar,comparison,BC_031,31,9,1157,588,OK,EXACT,2,2,2,0,0,0,laranja|azul,#EF6C00|#1F4FD8,#EF6C00|#1F4FD8,0.0,0.0,0.0,1.0,1.0,3.0,5.0,2,0,0,0,,,,,0,0,,0,0,,,,1,1.0,0,0,0,0,0,0,0,MATCH,1,2.0
BC_031_R10.png,BC,bar,comparison,BC_031,31,10,1157,588,OK,EXACT,2,2,2,0,0,0,laranja|azul,#EF6C00|#1F4FD8,#EF6C00|#1F4FD8,0.0,0.0,0.0,1.0,1.0,3.0,5.0,2,0,0,0,,,,,0,0,,0,0,,,,1,1.0,0,0,0,0,0,0,0,MATCH,1,2.0
BC_032_R01.png,BC,bar,comparison,BC_032,32,1,1155,653,OK,EXACT,2,2,2,0,0,0,laranja|azul,#EF6C00|#1F4FD8,#EF6C00|#1F4FD8,0.0,0.0,0.0,0.984641,0.975709,3.0,3.0,2,0,0,0,,,,,0,0,,0,0,,,,1,1.0,0,0,0,0,0,0,0,MATCH,1,2.0
BC_032_R02.png,BC,bar,comparison,BC_032,32,2,1200,800,OK,EXACT,2,2,2,0,0,0,laranja|azul,#EF6C00|#1F4FD8,#EF6C00|#1F4FD8,0.0,0.0,0.0,1.0,1.0,3.0,5.0,2,0,0,0,,,,,0,0,,0,0,,,,1,1.0,0,0,0,0,0,0,0,MATCH,1,2.0
BC_032_R03.png,BC,bar,comparison,BC_032,32,3,1200,800,OK,EXACT,2,2,2,0,0,0,laranja|azul,#EF6C00|#1F4FD8,#EF6C00|#1F4FD8,0.0,0.0,0.0,1.0,1.0,3.0,5.0,2,0,0,0,,,,,0,0,,0,0,,,,1,1.0,0,0,0,0,0,0,0,MATCH,1,2.0
BC_032_R04.png,BC,bar,comparison,BC_032,32,4,1200,800,OK,EXACT,2,2,2,0,0,0,laranja|azul,#EF6C00|#1F4FD8,#EF6C00|#1F4FD8,0.0,0.0,0.0,1.0,1.0,3.0,5.0,2,0,0,0,,,,,0,0,,0,0,,,,1,1.0,0,0,0,0,0,0,0,MATCH,1,2.0
BC_032_R05.png,BC,bar,comparison,BC_032,32,5,1200,800,OK,EXACT,2,2,2,0,0,0,laranja|azul,#EF6C00|#1F4FD8,#EF6C00|#1F4FD8,0.0,0.0,0.0,1.0,1.0,3.0,5.0,2,0,0,0,,,,,0,0,,0,0,,,,1,1.0,0,0,0,0,0,0,0,MATCH,1,2.0
BC_032_R06.png,BC,bar,comparison,BC_032,32,6,1200,800,OK,EXACT,2,2,2,0,0,0,laranja|azul,#EF6C00|#1F4FD8,#EF6C00|#1F4FD8,0.0,0.0,0.0,1.0,1.0,3.0,5.0,2,0,0,0,,,,,0,0,,0,0,,,,1,1.0,0,0,0,0,0,0,0,MATCH,1,2.0
BC_032_R07.png,BC,bar,comparison,BC_032,32,7,1200,800,OK,EXACT,2,2,2,0,0,0,laranja|azul,#EF6C00|#1F4FD8,#EF6C00|#1F4FD8,0.0,0.0,0.0,1.0,1.0,3.0,5.0,2,0,0,0,,,,,0,0,,0,0,,,,1,1.0,0,0,0,0,0,0,0,MATCH,1,2.0
BC_032_R08.png,BC,bar,comparison,BC_032,32,8,1200,800,OK,EXACT,2,2,2,0,0,0,laranja|azul,#EF6C00|#1F4FD8,#EF6C00|#1F4FD8,0.0,0.0,0.0,1.0,1.0,3.0,5.0,2,0,0,0,,,,,0,0,,0,0,,,,1,1.0,0,0,0,0,0,0,0,MATCH,1,2.0
BC_032_R09.png,BC,bar,comparison,BC_032,32,9,1200,800,OK,EXACT,2,2,2,0,0,0,laranja|azul,#EF6C00|#1F4FD8,#EF6C00|#1F4FD8,0.0,0.0,0.0,1.0,1.0,3.0,5.0,2,0,0,0,,,,,0,0,,0,0,,,,1,1.0,0,0,0,0,0,0,0,MATCH,1,2.0
BC_032_R10.png,BC,bar,comparison,BC_032,32,10,1200,800,OK,EXACT,2,2,2,0,0,0,laranja|azul,#EF6C00|#1F4FD8,#EF6C00|#1F4FD8,0.0,0.0,0.0,1.0,1.0,3.0,5.0,2,0,0,0,,,,,0,0,,0,0,,,,1,1.0,0,0,0,0,0,0,0,MATCH,1,2.0
BC_033_R01.png,BC,bar,comparison,BC_033,33,1,1340,653,OK,EXACT,2,2,2,0,0,0,laranja|azul,#EF6C00|#1F4FD8,#EF6C00|#1F4FD8,0.0,0.0,0.0,1.0,1.0,3.0,5.0,2,0,0,0,,,,,0,0,,0,0,,,,1,1.0,0,0,0,0,0,0,0,MATCH,1,2.0
BC_033_R02.png,BC,bar,comparison,BC_033,33,2,1189,790,OK,EXACT,2,2,2,0,0,0,laranja|azul,#EF6C00|#1F4FD8,#EF6C00|#1F4FD8,0.0,0.0,0.0,0.971872,0.956204,4.0,6.0,2,0,0,0,,,,,0,0,,0,0,,,,1,1.0,0,0,0,0,0,0,0,MATCH,1,2.0
BC_033_R03.png,BC,bar,comparison,BC_033,33,3,1189,790,OK,EXACT,2,2,2,0,0,0,laranja|azul,#EF6C00|#1F4FD8,#EF6C00|#1F4FD8,0.0,0.0,0.0,0.971872,0.956204,4.0,6.0,2,0,0,0,,,,,0,0,,0,0,,,,1,1.0,0,0,0,0,0,0,0,MATCH,1,2.0
BC_033_R04.png,BC,bar,comparison,BC_033,33,4,1189,790,OK,EXACT,2,2,2,0,0,0,laranja|azul,#EF6C00|#1F4FD8,#EF6C00|#1F4FD8,0.0,0.0,0.0,0.971872,0.956204,4.0,6.0,2,0,0,0,,,,,0,0,,0,0,,,,1,1.0,0,0,0,0,0,0,0,MATCH,1,2.0
BC_033_R05.png,BC,bar,comparison,BC_033,33,5,1189,790,OK,EXACT,2,2,2,0,0,0,laranja|azul,#EF6C00|#1F4FD8,#EF6C00|#1F4FD8,0.0,0.0,0.0,0.971872,0.956204,4.0,6.0,2,0,0,0,,,,,0,0,,0,0,,,,1,1.0,0,0,0,0,0,0,0,MATCH,1,2.0
BC_033_R06.png,BC,bar,comparison,BC_033,33,6,1189,790,OK,EXACT,2,2,2,0,0,0,laranja|azul,#EF6C00|#1F4FD8,#EF6C00|#1F4FD8,0.0,0.0,0.0,0.971872,0.956204,4.0,6.0,2,0,0,0,,,,,0,0,,0,0,,,,1,1.0,0,0,0,0,0,0,0,MATCH,1,2.0
BC_033_R07.png,BC,bar,comparison,BC_033,33,7,1189,790,OK,EXACT,2,2,2,0,0,0,laranja|azul,#EF6C00|#1F4FD8,#EF6C00|#1F4FD8,0.0,0.0,0.0,0.971872,0.956204,4.0,6.0,2,0,0,0,,,,,0,0,,0,0,,,,1,1.0,0,0,0,0,0,0,0,MATCH,1,2.0
BC_033_R08.png,BC,bar,comparison,BC_033,33,8,1189,790,OK,EXACT,2,2,2,0,0,0,laranja|azul,#EF6C00|#1F4FD8,#EF6C00|#1F4FD8,0.0,0.0,0.0,0.971872,0.956204,4.0,6.0,2,0,0,0,,,,,0,0,,0,0,,,,1,1.0,0,0,0,0,0,0,0,MATCH,1,2.0
BC_033_R09.png,BC,bar,comparison,BC_033,33,9,1189,790,OK,EXACT,2,2,2,0,0,0,laranja|azul,#EF6C00|#1F4FD8,#EF6C00|#1F4FD8,0.0,0.0,0.0,0.971872,0.956204,4.0,6.0,2,0,0,0,,,,,0,0,,0,0,,,,1,1.0,0,0,0,0,0,0,0,MATCH,1,2.0
BC_033_R10.png,BC,bar,comparison,BC_033,33,10,1189,790,OK,EXACT,2,2,2,0,0,0,laranja|azul,#EF6C00|#1F4FD8,#EF6C00|#1F4FD8,0.0,0.0,0.0,0.971872,0.956204,4.0,6.0,2,0,0,0,,,,,0,0,,0,0,,,,1,1.0,0,0,0,0,0,0,0,MATCH,1,2.0
BC_034_R01.png,BC,bar,comparison,BC_034,34,1,1340,673,OK,EXACT,2,2,2,0,0,0,laranja|azul,#EF6C00|#1F4FD8,#EF6C00|#1F4FD8,0.0,0.0,0.0,1.0,1.0,3.0,5.0,2,0,0,0,,,,,0,0,,0,0,,,,1,1.0,0,0,0,0,0,0,0,MATCH,1,2.0
BC_034_R02.png,BC,bar,comparison,BC_034,34,2,1101,653,OK,MISSING,2,1,1,0,1,1,laranja|azul,#EF6C00|#1F4FD8,#EF6C00,0.0,0.0,0.0,1.0,1.0,1.0,2.0,1,0,0,0,,,,,0,0,,0,0,,,,1,1.0,0,1,0,0,0,0,0,MISSING_COLOR,0,2.0
BC_034_R03.png,BC,bar,comparison,BC_034,34,3,1101,653,OK,MISSING,2,1,1,0,1,1,laranja|azul,#EF6C00|#1F4FD8,#EF6C00,0.0,0.0,0.0,1.0,1.0,1.0,2.0,1,0,0,0,,,,,0,0,,0,0,,,,1,1.0,0,1,0,0,0,0,0,MISSING_COLOR,0,2.0
BC_034_R04.png,BC,bar,comparison,BC_034,34,4,1113,653,OK,EXACT,2,2,2,0,0,0,laranja|azul,#EF6C00|#1F4FD8,#EF6C00|#1F4FD8,0.0,0.0,0.0,1.0,1.0,2.0,2.0,2,0,0,0,,,,,0,0,,0,0,,,,1,1.0,0,0,0,0,0,0,0,MATCH,1,2.0
BC_034_R05.png,BC,bar,comparison,BC_034,34,5,1113,653,OK,EXACT,2,2,2,0,0,0,laranja|azul,#EF6C00|#1F4FD8,#EF6C00|#1F4FD8,0.0,0.0,0.0,1.0,1.0,3.0,5.0,2,0,0,0,,,,,0,0,,0,0,,,,1,1.0,0,0,0,0,0,0,0,MATCH,1,2.0
BC_034_R06.png,BC,bar,comparison,BC_034,34,6,1113,653,OK,EXACT,2,2,2,0,0,0,laranja|azul,#EF6C00|#1F4FD8,#EF6C00|#1F4FD8,0.0,0.0,0.0,1.0,1.0,3.0,5.0,2,0,0,0,,,,,0,0,,0,0,,,,1,1.0,0,0,0,0,0,0,0,MATCH,1,2.0
BC_034_R07.png,BC,bar,comparison,BC_034,34,7,1113,653,OK,EXACT,2,2,2,0,0,0,laranja|azul,#EF6C00|#1F4FD8,#EF6C00|#1F4FD8,0.0,0.0,0.0,1.0,1.0,3.0,5.0,2,0,0,0,,,,,0,0,,0,0,,,,1,1.0,0,0,0,0,0,0,0,MATCH,1,2.0
BC_034_R08.png,BC,bar,comparison,BC_034,34,8,1113,653,OK,EXACT,2,2,2,0,0,0,laranja|azul,#EF6C00|#1F4FD8,#EF6C00|#1F4FD8,0.0,0.0,0.0,1.0,1.0,3.0,5.0,2,0,0,0,,,,,0,0,,0,0,,,,1,1.0,0,0,0,0,0,0,0,MATCH,1,2.0
BC_034_R09.png,BC,bar,comparison,BC_034,34,9,1113,653,OK,EXACT,2,2,2,0,0,0,laranja|azul,#EF6C00|#1F4FD8,#EF6C00|#1F4FD8,0.0,0.0,0.0,1.0,1.0,3.0,5.0,2,0,0,0,,,,,0,0,,0,0,,,,1,1.0,0,0,0,0,0,0,0,MATCH,1,2.0
BC_034_R10.png,BC,bar,comparison,BC_034,34,10,1113,653,OK,EXACT,2,2,2,0,0,0,laranja|azul,#EF6C00|#1F4FD8,#EF6C00|#1F4FD8,0.0,0.0,0.0,1.0,1.0,3.0,5.0,2,0,0,0,,,,,0,0,,0,0,,,,1,1.0,0,0,0,0,0,0,0,MATCH,1,2.0
BC_035_R01.png,BC,bar,comparison,BC_035,35,1,1350,831,OK,EXACT,2,2,2,0,0,0,laranja|azul,#EF6C00|#1F4FD8,#EF6C00|#1F4FD8,0.0,0.0,0.0,1.0,1.0,3.0,5.0,2,0,0,0,,,,,0,0,,0,0,,,,1,1.0,0,0,0,0,0,0,0,MATCH,1,2.0
BC_035_R02.png,BC,bar,comparison,BC_035,35,2,1200,800,OK,EXACT,2,2,2,0,0,0,laranja|azul,#EF6C00|#1F4FD8,#EF6C00|#1F4FD8,0.0,0.0,0.0,0.956202,0.955882,2.0,2.0,2,0,0,0,,,,,0,0,,0,0,,,,1,1.0,0,0,0,0,0,0,0,MATCH,1,2.0
BC_035_R03.png,BC,bar,comparison,BC_035,35,3,1200,800,OK,EXACT,2,2,2,0,0,0,laranja|azul,#EF6C00|#1F4FD8,#EF6C00|#1F4FD8,0.0,0.0,0.0,0.972114,0.971014,2.0,2.0,2,0,0,0,,,,,0,0,,0,0,,,,1,1.0,0,0,0,0,0,0,0,MATCH,1,2.0
BC_035_R04.png,BC,bar,comparison,BC_035,35,4,1200,800,OK,EXACT,2,2,2,0,0,0,laranja|azul,#EF6C00|#1F4FD8,#EF6C00|#1F4FD8,0.0,0.0,0.0,0.963409,0.956522,2.0,2.0,2,0,0,0,,,,,0,0,,0,0,,,,1,1.0,0,0,0,0,0,0,0,MATCH,1,2.0
BC_035_R05.png,BC,bar,comparison,BC_035,35,5,1200,800,OK,EXACT,2,2,2,0,0,0,laranja|azul,#EF6C00|#1F4FD8,#EF6C00|#1F4FD8,0.0,0.0,0.0,0.98141,0.971014,3.0,5.0,2,0,0,0,,,,,0,0,,0,0,,,,1,1.0,0,0,0,0,0,0,0,MATCH,1,2.0
BC_035_R06.png,BC,bar,comparison,BC_035,35,6,1200,800,OK,EXACT,2,2,2,0,0,0,laranja|azul,#EF6C00|#1F4FD8,#EF6C00|#1F4FD8,0.0,0.0,0.0,0.98141,0.971014,3.0,5.0,2,0,0,0,,,,,0,0,,0,0,,,,1,1.0,0,0,0,0,0,0,0,MATCH,1,2.0
BC_035_R07.png,BC,bar,comparison,BC_035,35,7,1200,800,OK,EXACT,2,2,2,0,0,0,laranja|azul,#EF6C00|#1F4FD8,#EF6C00|#1F4FD8,0.0,0.0,0.0,0.98141,0.971014,3.0,5.0,2,0,0,0,,,,,0,0,,0,0,,,,1,1.0,0,0,0,0,0,0,0,MATCH,1,2.0
BC_035_R08.png,BC,bar,comparison,BC_035,35,8,1200,800,OK,EXACT,2,2,2,0,0,0,laranja|azul,#EF6C00|#1F4FD8,#EF6C00|#1F4FD8,0.0,0.0,0.0,0.98141,0.971014,3.0,5.0,2,0,0,0,,,,,0,0,,0,0,,,,1,1.0,0,0,0,0,0,0,0,MATCH,1,2.0
BC_035_R09.png,BC,bar,comparison,BC_035,35,9,1200,800,OK,EXACT,2,2,2,0,0,0,laranja|azul,#EF6C00|#1F4FD8,#EF6C00|#1F4FD8,0.0,0.0,0.0,0.98141,0.971014,3.0,5.0,2,0,0,0,,,,,0,0,,0,0,,,,1,1.0,0,0,0,0,0,0,0,MATCH,1,2.0
BC_035_R10.png,BC,bar,comparison,BC_035,35,10,1200,800,OK,EXACT,2,2,2,0,0,0,laranja|azul,#EF6C00|#1F4FD8,#EF6C00|#1F4FD8,0.0,0.0,0.0,0.98141,0.971014,3.0,5.0,2,0,0,0,,,,,0,0,,0,0,,,,1,1.0,0,0,0,0,0,0,0,MATCH,1,2.0
BC_036_R01.png,BC,bar,comparison,BC_036,36,1,1383,673,OK,EXACT,2,2,2,0,0,0,laranja|azul,#EF6C00|#1F4FD8,#EF6C00|#1F4FD8,0.0,0.0,0.0,1.0,1.0,3.0,5.0,2,0,0,0,,,,,0,0,,0,0,,,,1,1.0,0,0,0,0,0,0,0,MATCH,1,2.0
BC_036_R02.png,BC,bar,comparison,BC_036,36,2,1200,800,OK,EXACT,2,2,2,0,0,0,laranja|azul,#EF6C00|#1F4FD8,#EF6C00|#1F4FD8,0.0,0.0,0.0,0.980858,0.970223,3.0,5.0,2,0,0,0,,,,,0,0,,0,0,,,,1,1.0,0,0,0,0,0,0,0,MATCH,1,2.0
BC_036_R03.png,BC,bar,comparison,BC_036,36,3,1200,800,OK,EXACT,2,2,2,0,0,0,laranja|azul,#EF6C00|#1F4FD8,#EF6C00|#1F4FD8,0.0,0.0,0.0,0.980858,0.970223,3.0,5.0,2,0,0,0,,,,,0,0,,0,0,,,,1,1.0,0,0,0,0,0,0,0,MATCH,1,2.0
BC_036_R04.png,BC,bar,comparison,BC_036,36,4,1200,800,OK,EXACT,2,2,2,0,0,0,laranja|azul,#EF6C00|#1F4FD8,#EF6C00|#1F4FD8,0.0,0.0,0.0,0.980858,0.970223,3.0,5.0,2,0,0,0,,,,,0,0,,0,0,,,,1,1.0,0,0,0,0,0,0,0,MATCH,1,2.0
BC_036_R05.png,BC,bar,comparison,BC_036,36,5,1200,800,OK,EXACT,2,2,2,0,0,0,laranja|azul,#EF6C00|#1F4FD8,#EF6C00|#1F4FD8,0.0,0.0,0.0,0.980858,0.970223,3.0,5.0,2,0,0,0,,,,,0,0,,0,0,,,,1,1.0,0,0,0,0,0,0,0,MATCH,1,2.0
BC_036_R06.png,BC,bar,comparison,BC_036,36,6,1200,800,OK,EXACT,2,2,2,0,0,0,laranja|azul,#EF6C00|#1F4FD8,#EF6C00|#1F4FD8,0.0,0.0,0.0,0.980858,0.970223,3.0,5.0,2,0,0,0,,,,,0,0,,0,0,,,,1,1.0,0,0,0,0,0,0,0,MATCH,1,2.0
BC_036_R07.png,BC,bar,comparison,BC_036,36,7,1200,800,OK,EXACT,2,2,2,0,0,0,laranja|azul,#EF6C00|#1F4FD8,#EF6C00|#1F4FD8,0.0,0.0,0.0,0.980858,0.970223,3.0,5.0,2,0,0,0,,,,,0,0,,0,0,,,,1,1.0,0,0,0,0,0,0,0,MATCH,1,2.0
BC_036_R08.png,BC,bar,comparison,BC_036,36,8,1200,800,OK,EXACT,2,2,2,0,0,0,laranja|azul,#EF6C00|#1F4FD8,#EF6C00|#1F4FD8,0.0,0.0,0.0,0.980858,0.970223,3.0,5.0,2,0,0,0,,,,,0,0,,0,0,,,,1,1.0,0,0,0,0,0,0,0,MATCH,1,2.0
BC_036_R09.png,BC,bar,comparison,BC_036,36,9,1200,800,OK,EXACT,2,2,2,0,0,0,laranja|azul,#EF6C00|#1F4FD8,#EF6C00|#1F4FD8,0.0,0.0,0.0,0.980858,0.970223,3.0,5.0,2,0,0,0,,,,,0,0,,0,0,,,,1,1.0,0,0,0,0,0,0,0,MATCH,1,2.0
BC_036_R10.png,BC,bar,comparison,BC_036,36,10,1200,800,OK,EXACT,2,2,2,0,0,0,laranja|azul,#EF6C00|#1F4FD8,#EF6C00|#1F4FD8,0.0,0.0,0.0,0.980858,0.970223,3.0,5.0,2,0,0,0,,,,,0,0,,0,0,,,,1,1.0,0,0,0,0,0,0,0,MATCH,1,2.0
BC_037_R01.png,BC,bar,comparison,BC_037,37,1,1350,673,OK,EXACT,2,2,2,0,0,0,laranja|azul,#EF6C00|#1F4FD8,#EF6C00|#1F4FD8,0.0,0.0,0.0,1.0,1.0,3.0,5.0,2,0,0,0,,,,,0,0,,0,0,,,,1,1.0,0,0,0,0,0,0,0,MATCH,1,2.0
BC_037_R02.png,BC,bar,comparison,BC_037,37,2,1157,672,OK,EXACT,2,2,2,0,0,0,laranja|azul,#EF6C00|#1F4FD8,#EF6C00|#1F4FD8,0.0,0.0,0.0,0.987582,0.975104,4.0,6.0,2,0,0,0,,,,,0,0,,0,0,,,,1,1.0,0,0,0,0,0,0,0,MATCH,1,2.0
BC_037_R03.png,BC,bar,comparison,BC_037,37,3,1157,672,OK,EXACT,2,2,2,0,0,0,laranja|azul,#EF6C00|#1F4FD8,#EF6C00|#1F4FD8,0.0,0.0,0.0,0.987582,0.975104,4.0,6.0,2,0,0,0,,,,,0,0,,0,0,,,,1,1.0,0,0,0,0,0,0,0,MATCH,1,2.0
BC_037_R04.png,BC,bar,comparison,BC_037,37,4,1157,672,OK,EXACT,2,2,2,0,0,0,laranja|azul,#EF6C00|#1F4FD8,#EF6C00|#1F4FD8,0.0,0.0,0.0,0.987582,0.975104,4.0,6.0,2,0,0,0,,,,,0,0,,0,0,,,,1,1.0,0,0,0,0,0,0,0,MATCH,1,2.0
BC_037_R05.png,BC,bar,comparison,BC_037,37,5,1157,672,OK,EXACT,2,2,2,0,0,0,laranja|azul,#EF6C00|#1F4FD8,#EF6C00|#1F4FD8,0.0,0.0,0.0,0.987582,0.975104,4.0,6.0,2,0,0,0,,,,,0,0,,0,0,,,,1,1.0,0,0,0,0,0,0,0,MATCH,1,2.0
BC_037_R06.png,BC,bar,comparison,BC_037,37,6,1157,672,OK,EXACT,2,2,2,0,0,0,laranja|azul,#EF6C00|#1F4FD8,#EF6C00|#1F4FD8,0.0,0.0,0.0,0.987582,0.975104,4.0,6.0,2,0,0,0,,,,,0,0,,0,0,,,,1,1.0,0,0,0,0,0,0,0,MATCH,1,2.0
BC_037_R07.png,BC,bar,comparison,BC_037,37,7,1157,672,OK,EXACT,2,2,2,0,0,0,laranja|azul,#EF6C00|#1F4FD8,#EF6C00|#1F4FD8,0.0,0.0,0.0,0.987582,0.975104,4.0,6.0,2,0,0,0,,,,,0,0,,0,0,,,,1,1.0,0,0,0,0,0,0,0,MATCH,1,2.0
BC_037_R08.png,BC,bar,comparison,BC_037,37,8,1157,672,OK,EXACT,2,2,2,0,0,0,laranja|azul,#EF6C00|#1F4FD8,#EF6C00|#1F4FD8,0.0,0.0,0.0,0.987582,0.975104,4.0,6.0,2,0,0,0,,,,,0,0,,0,0,,,,1,1.0,0,0,0,0,0,0,0,MATCH,1,2.0
BC_037_R09.png,BC,bar,comparison,BC_037,37,9,1157,672,OK,EXACT,2,2,2,0,0,0,laranja|azul,#EF6C00|#1F4FD8,#EF6C00|#1F4FD8,0.0,0.0,0.0,0.987582,0.975104,4.0,6.0,2,0,0,0,,,,,0,0,,0,0,,,,1,1.0,0,0,0,0,0,0,0,MATCH,1,2.0
BC_037_R10.png,BC,bar,comparison,BC_037,37,10,1157,672,OK,EXACT,2,2,2,0,0,0,laranja|azul,#EF6C00|#1F4FD8,#EF6C00|#1F4FD8,0.0,0.0,0.0,0.987582,0.975104,4.0,6.0,2,0,0,0,,,,,0,0,,0,0,,,,1,1.0,0,0,0,0,0,0,0,MATCH,1,2.0
BC_038_R01.png,BC,bar,comparison,BC_038,38,1,1353,651,OK,EXACT,2,2,2,0,0,0,laranja|azul,#EF6C00|#1F4FD8,#EF6C00|#1F4FD8,0.0,0.0,0.0,1.0,1.0,2.0,2.0,2,0,0,0,,,,,0,0,,0,0,,,,1,1.0,0,0,0,0,0,0,0,MATCH,1,2.0
BC_038_R02.png,BC,bar,comparison,BC_038,38,2,1200,800,OK,EXACT,2,2,2,0,0,0,laranja|azul,#EF6C00|#1F4FD8,#EF6C00|#1F4FD8,0.0,0.0,0.0,1.0,1.0,4.0,6.0,2,0,0,0,,,,,0,0,,0,0,,,,1,1.0,0,0,0,0,0,0,0,MATCH,1,2.0
BC_038_R03.png,BC,bar,comparison,BC_038,38,3,1200,800,OK,EXACT,2,2,2,0,0,0,laranja|azul,#EF6C00|#1F4FD8,#EF6C00|#1F4FD8,0.0,0.0,0.0,1.0,1.0,4.0,6.0,2,0,0,0,,,,,0,0,,0,0,,,,1,1.0,0,0,0,0,0,0,0,MATCH,1,2.0
BC_038_R04.png,BC,bar,comparison,BC_038,38,4,1200,800,OK,EXACT,2,2,2,0,0,0,laranja|azul,#EF6C00|#1F4FD8,#EF6C00|#1F4FD8,0.0,0.0,0.0,1.0,1.0,4.0,6.0,2,0,0,0,,,,,0,0,,0,0,,,,1,1.0,0,0,0,0,0,0,0,MATCH,1,2.0
BC_038_R05.png,BC,bar,comparison,BC_038,38,5,1200,800,OK,EXACT,2,2,2,0,0,0,laranja|azul,#EF6C00|#1F4FD8,#EF6C00|#1F4FD8,0.0,0.0,0.0,1.0,1.0,4.0,6.0,2,0,0,0,,,,,0,0,,0,0,,,,1,1.0,0,0,0,0,0,0,0,MATCH,1,2.0
BC_038_R06.png,BC,bar,comparison,BC_038,38,6,1200,800,OK,EXACT,2,2,2,0,0,0,laranja|azul,#EF6C00|#1F4FD8,#EF6C00|#1F4FD8,0.0,0.0,0.0,1.0,1.0,4.0,6.0,2,0,0,0,,,,,0,0,,0,0,,,,1,1.0,0,0,0,0,0,0,0,MATCH,1,2.0
BC_038_R07.png,BC,bar,comparison,BC_038,38,7,1200,800,OK,EXACT,2,2,2,0,0,0,laranja|azul,#EF6C00|#1F4FD8,#EF6C00|#1F4FD8,0.0,0.0,0.0,1.0,1.0,4.0,6.0,2,0,0,0,,,,,0,0,,0,0,,,,1,1.0,0,0,0,0,0,0,0,MATCH,1,2.0
BC_038_R08.png,BC,bar,comparison,BC_038,38,8,1200,800,OK,EXACT,2,2,2,0,0,0,laranja|azul,#EF6C00|#1F4FD8,#EF6C00|#1F4FD8,0.0,0.0,0.0,1.0,1.0,4.0,6.0,2,0,0,0,,,,,0,0,,0,0,,,,1,1.0,0,0,0,0,0,0,0,MATCH,1,2.0
BC_038_R09.png,BC,bar,comparison,BC_038,38,9,1200,800,OK,EXACT,2,2,2,0,0,0,laranja|azul,#EF6C00|#1F4FD8,#EF6C00|#1F4FD8,0.0,0.0,0.0,1.0,1.0,4.0,6.0,2,0,0,0,,,,,0,0,,0,0,,,,1,1.0,0,0,0,0,0,0,0,MATCH,1,2.0
BC_038_R10.png,BC,bar,comparison,BC_038,38,10,1200,800,OK,EXACT,2,2,2,0,0,0,laranja|azul,#EF6C00|#1F4FD8,#EF6C00|#1F4FD8,0.0,0.0,0.0,1.0,1.0,4.0,6.0,2,0,0,0,,,,,0,0,,0,0,,,,1,1.0,0,0,0,0,0,0,0,MATCH,1,2.0
BC_039_R01.png,BC,bar,comparison,BC_039,39,1,1319,673,OK,EXACT,2,2,2,0,0,0,laranja|azul,#EF6C00|#1F4FD8,#EF6C00|#1F4FD8,0.0,0.0,0.0,0.983342,0.974026,3.0,5.0,2,0,0,0,,,,,0,0,,0,0,,,,1,1.0,0,0,0,0,0,0,0,MATCH,1,2.0
BC_039_R02.png,BC,bar,comparison,BC_039,39,2,1156,612,OK,EXACT,2,2,2,0,0,0,laranja|azul,#EF6C00|#1F4FD8,#EF6C00|#1F4FD8,0.0,0.0,0.0,0.981604,0.97136,3.0,5.0,2,0,0,0,,,,,0,0,,0,0,,,,1,1.0,0,0,0,0,0,0,0,MATCH,1,2.0
BC_039_R03.png,BC,bar,comparison,BC_039,39,3,1156,612,OK,EXACT,2,2,2,0,0,0,laranja|azul,#EF6C00|#1F4FD8,#EF6C00|#1F4FD8,0.0,0.0,0.0,0.981604,0.97136,3.0,5.0,2,0,0,0,,,,,0,0,,0,0,,,,1,1.0,0,0,0,0,0,0,0,MATCH,1,2.0
BC_039_R04.png,BC,bar,comparison,BC_039,39,4,1156,612,OK,EXACT,2,2,2,0,0,0,laranja|azul,#EF6C00|#1F4FD8,#EF6C00|#1F4FD8,0.0,0.0,0.0,0.981604,0.97136,3.0,5.0,2,0,0,0,,,,,0,0,,0,0,,,,1,1.0,0,0,0,0,0,0,0,MATCH,1,2.0
BC_039_R05.png,BC,bar,comparison,BC_039,39,5,1156,612,OK,EXACT,2,2,2,0,0,0,laranja|azul,#EF6C00|#1F4FD8,#EF6C00|#1F4FD8,0.0,0.0,0.0,0.981604,0.97136,3.0,5.0,2,0,0,0,,,,,0,0,,0,0,,,,1,1.0,0,0,0,0,0,0,0,MATCH,1,2.0
BC_039_R06.png,BC,bar,comparison,BC_039,39,6,1156,612,OK,EXACT,2,2,2,0,0,0,laranja|azul,#EF6C00|#1F4FD8,#EF6C00|#1F4FD8,0.0,0.0,0.0,0.981604,0.97136,3.0,5.0,2,0,0,0,,,,,0,0,,0,0,,,,1,1.0,0,0,0,0,0,0,0,MATCH,1,2.0
BC_039_R07.png,BC,bar,comparison,BC_039,39,7,1156,612,OK,EXACT,2,2,2,0,0,0,laranja|azul,#EF6C00|#1F4FD8,#EF6C00|#1F4FD8,0.0,0.0,0.0,0.981604,0.97136,3.0,5.0,2,0,0,0,,,,,0,0,,0,0,,,,1,1.0,0,0,0,0,0,0,0,MATCH,1,2.0
BC_039_R08.png,BC,bar,comparison,BC_039,39,8,1156,612,OK,EXACT,2,2,2,0,0,0,laranja|azul,#EF6C00|#1F4FD8,#EF6C00|#1F4FD8,0.0,0.0,0.0,0.981604,0.97136,3.0,5.0,2,0,0,0,,,,,0,0,,0,0,,,,1,1.0,0,0,0,0,0,0,0,MATCH,1,2.0
BC_039_R09.png,BC,bar,comparison,BC_039,39,9,1156,612,OK,EXACT,2,2,2,0,0,0,laranja|azul,#EF6C00|#1F4FD8,#EF6C00|#1F4FD8,0.0,0.0,0.0,0.981604,0.97136,3.0,5.0,2,0,0,0,,,,,0,0,,0,0,,,,1,1.0,0,0,0,0,0,0,0,MATCH,1,2.0
BC_039_R10.png,BC,bar,comparison,BC_039,39,10,1156,612,OK,EXACT,2,2,2,0,0,0,laranja|azul,#EF6C00|#1F4FD8,#EF6C00|#1F4FD8,0.0,0.0,0.0,0.981604,0.97136,3.0,5.0,2,0,0,0,,,,,0,0,,0,0,,,,1,1.0,0,0,0,0,0,0,0,MATCH,1,2.0
BC_040_R01.png,BC,bar,comparison,BC_040,40,1,1384,673,OK,EXACT,2,2,2,0,0,0,laranja|azul,#EF6C00|#1F4FD8,#EF6C00|#1F4FD8,0.0,0.0,0.0,1.0,1.0,3.0,5.0,2,0,0,0,,,,,0,0,,0,0,,,,1,1.0,0,0,0,0,0,0,0,MATCH,1,2.0
BC_040_R02.png,BC,bar,comparison,BC_040,40,2,1200,800,OK,EXACT,2,2,2,0,0,0,laranja|azul,#EF6C00|#1F4FD8,#EF6C00|#1F4FD8,0.0,0.0,0.0,1.0,1.0,4.0,6.0,2,0,0,0,,,,,0,0,,0,0,,,,1,1.0,0,0,0,0,0,0,0,MATCH,1,2.0
BC_040_R03.png,BC,bar,comparison,BC_040,40,3,1200,800,OK,EXACT,2,2,2,0,0,0,laranja|azul,#EF6C00|#1F4FD8,#EF6C00|#1F4FD8,0.0,0.0,0.0,1.0,1.0,4.0,6.0,2,0,0,0,,,,,0,0,,0,0,,,,1,1.0,0,0,0,0,0,0,0,MATCH,1,2.0
BC_040_R04.png,BC,bar,comparison,BC_040,40,4,1200,800,OK,EXACT,2,2,2,0,0,0,laranja|azul,#EF6C00|#1F4FD8,#EF6C00|#1F4FD8,0.0,0.0,0.0,1.0,1.0,4.0,6.0,2,0,0,0,,,,,0,0,,0,0,,,,1,1.0,0,0,0,0,0,0,0,MATCH,1,2.0
BC_040_R05.png,BC,bar,comparison,BC_040,40,5,1200,800,OK,EXACT,2,2,2,0,0,0,laranja|azul,#EF6C00|#1F4FD8,#FFA500|#0000FF,15.270448,15.270448,17.936988,1.0,1.0,4.0,6.0,2,0,0,0,,,,,0,0,,0,0,,,,1,0.0,1,0,0,0,0,0,0,COLOR_DEVIATION,0,2.0
BC_040_R06.png,BC,bar,comparison,BC_040,40,6,1374,671,OK,EXACT,2,2,2,0,0,0,laranja|azul,#EF6C00|#1F4FD8,#F28E2B|#4E79A7,11.580708,11.580708,13.968582,1.0,1.0,3.0,5.0,2,0,0,0,,,,,0,0,,0,0,,,,1,0.0,1,0,0,0,0,0,0,COLOR_DEVIATION,0,2.0
BC_040_R07.png,BC,bar,comparison,BC_040,40,7,1200,800,OK,EXACT,2,2,2,0,0,0,laranja|azul,#EF6C00|#1F4FD8,#EF6C00|#1F4FD8,0.0,0.0,0.0,0.983408,0.975,3.0,5.0,2,0,0,0,,,,,0,0,,0,0,,,,1,1.0,0,0,0,0,0,0,0,MATCH,1,2.0
BC_040_R08.png,BC,bar,comparison,BC_040,40,8,1200,800,OK,EXACT,2,2,2,0,0,0,laranja|azul,#EF6C00|#1F4FD8,#EF6C00|#1F4FD8,0.0,0.0,0.0,1.0,1.0,4.0,6.0,2,0,0,0,,,,,0,0,,0,0,,,,1,1.0,0,0,0,0,0,0,0,MATCH,1,2.0
BC_040_R09.png,BC,bar,comparison,BC_040,40,9,1368,672,OK,EXACT,2,2,2,0,0,0,laranja|azul,#EF6C00|#1F4FD8,#EF6C00|#1F4FD8,0.0,0.0,0.0,0.983443,0.975104,3.0,5.0,2,0,0,0,,,,,0,0,,0,0,,,,1,1.0,0,0,0,0,0,0,0,MATCH,1,2.0
BC_040_R10.png,BC,bar,comparison,BC_040,40,10,1200,800,OK,EXACT,2,2,2,0,0,0,laranja|azul,#EF6C00|#1F4FD8,#FFA500|#0000FF,15.270448,15.270448,17.936988,1.0,1.0,4.0,6.0,2,0,0,0,,,,,0,0,,0,0,,,,1,0.0,1,0,0,0,0,0,0,COLOR_DEVIATION,0,2.0
BC_041_R01.png,BC,bar,comparison,BC_041,41,1,1189,790,OK,EXACT,2,2,2,0,0,0,laranja|azul,#EF6C00|#1F4FD8,#EF6C00|#1F4FD8,0.0,0.0,0.0,0.989522,0.978221,4.0,6.0,2,0,0,0,,,,,0,0,,0,0,,,,1,1.0,0,0,0,0,0,0,0,MATCH,1,2.0
BC_041_R02.png,BC,bar,comparison,BC_041,41,2,1536,1024,OK,EXTRA,2,3,2,1,0,1,laranja|azul,#EF6C00|#1F4FD8,#F46B03|#0455A9|#F46C03,4.552246,4.552246,8.046794,0.201797,0.163026,3.0,5.0,3,0,0,0,,,,,0,0,,1,0,#F46B03,,,1,0.0,1,0,0,0,1,0,0,COLOR_DEVIATION,0,2.0
BC_041_R03.png,BC,bar,comparison,BC_041,41,3,1536,1024,OK,EXTRA,2,3,2,1,0,1,laranja|azul,#EF6C00|#1F4FD8,#FE7F02|#0D4CA7|#FE8002,6.45198,6.45198,7.188322,0.208091,0.168417,3.0,5.0,3,0,0,0,,,,,0,0,,1,0,#FE8002,,,1,0.0,1,0,0,0,1,0,0,COLOR_DEVIATION,0,2.0
BC_041_R04.png,BC,bar,comparison,BC_041,41,4,1536,1024,OK,EXTRA,2,3,2,1,0,1,laranja|azul,#EF6C00|#1F4FD8,#FE7F02|#0D4CA7|#FE8002,6.45198,6.45198,7.188322,0.208091,0.168417,3.0,5.0,3,0,0,0,,,,,0,0,,1,0,#FE8002,,,1,0.0,1,0,0,0,1,0,0,COLOR_DEVIATION,0,2.0
BC_041_R05.png,BC,bar,comparison,BC_041,41,5,1536,1024,OK,EXTRA,2,3,2,1,0,1,laranja|azul,#EF6C00|#1F4FD8,#FE7701|#0E57B8|#FE7801,5.001025,5.001025,6.188943,0.216188,0.146596,3.0,5.0,3,0,0,0,,,,,0,0,,1,0,#FE7801,,,1,0.0,1,0,0,0,1,0,0,COLOR_DEVIATION,0,2.0
BC_041_R06.png,BC,bar,comparison,BC_041,41,6,1536,1024,OK,EXACT,2,2,2,0,0,0,laranja|azul,#EF6C00|#1F4FD8,#FB7501|#085BB7,5.274443,5.274443,7.441115,0.156441,0.140065,3.0,5.0,2,0,0,0,,,,,0,0,,0,0,,,,1,0.0,1,0,0,0,0,0,0,COLOR_DEVIATION,0,2.0
BC_041_R07.png,BC,bar,comparison,BC_041,41,7,1200,800,OK,EXACT,2,2,2,0,0,0,laranja|azul,#EF6C00|#1F4FD8,#FFA500|#0000FF,15.270448,15.270448,17.936988,1.0,1.0,3.0,5.0,2,0,0,0,,,,,0,0,,0,0,,,,1,0.0,1,0,0,0,0,0,0,COLOR_DEVIATION,0,2.0
BC_041_R08.png,BC,bar,comparison,BC_041,41,8,1200,800,OK,EXACT,2,2,2,0,0,0,laranja|azul,#EF6C00|#1F4FD8,#FFA500|#0000FF,15.270448,15.270448,17.936988,1.0,1.0,3.0,5.0,2,0,0,0,,,,,0,0,,0,0,,,,1,0.0,1,0,0,0,0,0,0,COLOR_DEVIATION,0,2.0
BC_041_R09.png,BC,bar,comparison,BC_041,41,9,1200,800,OK,EXACT,2,2,2,0,0,0,laranja|azul,#EF6C00|#1F4FD8,#F28E2B|#4E79A7,11.580708,11.580708,13.968582,1.0,1.0,3.0,5.0,2,0,0,0,,,,,0,0,,0,0,,,,1,0.0,1,0,0,0,0,0,0,COLOR_DEVIATION,0,2.0
BC_041_R10.png,BC,bar,comparison,BC_041,41,10,1200,800,OK,EXACT,2,2,2,0,0,0,laranja|azul,#EF6C00|#1F4FD8,#FFA500|#0000FF,15.270448,15.270448,17.936988,1.0,1.0,3.0,5.0,2,0,0,0,,,,,0,0,,0,0,,,,1,0.0,1,0,0,0,0,0,0,COLOR_DEVIATION,0,2.0
BC_042_R01.png,BC,bar,comparison,BC_042,42,1,1357,651,OK,EXACT,2,2,2,0,0,0,laranja|azul,#EF6C00|#1F4FD8,#EF6C00|#1F4FD8,0.0,0.0,0.0,1.0,1.0,4.0,11.0,2,0,0,0,,,,,0,0,,0,0,,,,1,1.0,0,0,0,0,0,0,0,MATCH,1,2.0
BC_042_R02.png,BC,bar,comparison,BC_042,42,2,1536,1024,OK,EXTRA,2,4,2,2,0,2,laranja|azul,#EF6C00|#1F4FD8,#FE6E01|#0056E9|#FE6F01|#0059EA,2.913135,2.913135,3.019751,0.235622,0.185086,4.0,6.0,4,0,0,0,,,,,0,0,,2,0,#FE6F01|#0059EA,,,1,0.0,1,0,0,0,1,0,0,COLOR_DEVIATION,0,2.0
BC_042_R03.png,BC,bar,comparison,BC_042,42,3,1536,1024,OK,EXTRA,2,3,2,1,0,1,laranja|azul,#EF6C00|#1F4FD8,#FE6F01|#0256BB|#FE7001,4.340636,4.340636,5.860584,0.176628,0.093398,4.0,6.0,3,0,0,0,,,,,0,0,,1,0,#FE7001,,,1,0.0,1,0,0,0,1,0,0,COLOR_DEVIATION,0,2.0
BC_042_R04.png,BC,bar,comparison,BC_042,42,4,1536,1024,OK,EXTRA,2,4,2,2,0,2,laranja|azul,#EF6C00|#1F4FD8,#FE8801|#084FCF|#FE8902|#0950CF,5.110418,5.110418,8.355204,0.192063,0.166548,4.0,6.0,4,0,0,0,,,,,0,0,,2,0,#FE8902|#0950CF,,,1,0.0,1,0,0,0,1,0,0,COLOR_DEVIATION,0,2.0
BC_042_R05.png,BC,bar,comparison,BC_042,42,5,1536,1024,OK,EXACT,2,2,2,0,0,0,laranja|azul,#EF6C00|#1F4FD8,#FE8001|#0051C8,4.608147,4.608147,6.013189,0.239229,0.173469,4.0,6.0,2,0,0,0,,,,,0,0,,0,0,,,,1,0.0,1,0,0,0,0,0,0,COLOR_DEVIATION,0,2.0
BC_042_R06.png,BC,bar,comparison,BC_042,42,6,1536,1024,OK,EXTRA,2,3,2,1,0,1,laranja|azul,#EF6C00|#1F4FD8,#FE7201|#0367C9|#0468C9,6.32478,6.32478,9.624499,0.169847,0.144863,4.0,6.0,3,0,0,0,,,,,0,0,,1,0,#0468C9,,,1,0.0,1,0,0,0,1,0,0,COLOR_DEVIATION,0,2.0
BC_042_R07.png,BC,bar,comparison,BC_042,42,7,1536,1024,OK,EXTRA,2,4,2,2,0,2,laranja|azul,#EF6C00|#1F4FD8,#FE7201|#1263C4|#FE7301|#1262C3,5.54084,5.54084,8.056617,0.155286,0.101431,4.0,6.0,4,0,0,0,,,,,0,0,,2,0,#1263C4|#FE7301,,,1,0.0,1,0,0,0,1,0,0,COLOR_DEVIATION,0,2.0
BC_042_R08.png,BC,bar,comparison,BC_042,42,8,1536,1024,OK,EXTRA,2,4,2,2,0,2,laranja|azul,#EF6C00|#1F4FD8,#FE8101|#045EC7|#FE8201|#045EC6,6.486785,6.486785,6.681722,0.181813,0.084881,4.0,6.0,4,0,0,0,,,,,0,0,,2,0,#FE8201|#045EC6,,,1,0.0,1,0,0,0,1,0,0,COLOR_DEVIATION,0,2.0
BC_042_R09.png,BC,bar,comparison,BC_042,42,9,1536,1024,OK,EXTRA,2,4,2,2,0,2,laranja|azul,#EF6C00|#1F4FD8,#FE7201|#1263C4|#FE7301|#1262C3,5.54084,5.54084,8.056617,0.155286,0.101431,4.0,6.0,4,0,0,0,,,,,0,0,,2,0,#1263C4|#FE7301,,,1,0.0,1,0,0,0,1,0,0,COLOR_DEVIATION,0,2.0
BC_042_R10.png,BC,bar,comparison,BC_042,42,10,1536,1024,OK,EXTRA,2,4,2,2,0,2,laranja|azul,#EF6C00|#1F4FD8,#FB8609|#0E62AB|#FC870A|#0F63AC,9.002617,9.002617,10.424533,0.156533,0.115358,4.0,6.0,4,0,0,0,,,,,0,0,,2,0,#FC870A|#0F63AC,,,1,0.0,1,0,0,0,1,0,0,COLOR_DEVIATION,0,2.0
BC_043_R01.png,BC,bar,comparison,BC_043,43,1,1365,653,OK,EXACT,2,2,2,0,0,0,laranja|azul,#EF6C00|#1F4FD8,#EF6C00|#1F4FD8,0.0,0.0,0.0,1.0,1.0,3.0,5.0,2,0,0,0,,,,,0,0,,0,0,,,,1,1.0,0,0,0,0,0,0,0,MATCH,1,2.0
BC_043_R02.png,BC,bar,comparison,BC_043,43,2,1200,800,OK,EXACT,2,2,2,0,0,0,laranja|azul,#EF6C00|#1F4FD8,#EF6C00|#1F4FD8,0.0,0.0,0.0,1.0,1.0,4.0,6.0,2,0,0,0,,,,,0,0,,0,0,,,,1,1.0,0,0,0,0,0,0,0,MATCH,1,2.0
BC_043_R03.png,BC,bar,comparison,BC_043,43,3,1200,800,OK,EXACT,2,2,2,0,0,0,laranja|azul,#EF6C00|#1F4FD8,#EF6C00|#1F4FD8,0.0,0.0,0.0,1.0,1.0,4.0,6.0,2,0,0,0,,,,,0,0,,0,0,,,,1,1.0,0,0,0,0,0,0,0,MATCH,1,2.0
BC_043_R04.png,BC,bar,comparison,BC_043,43,4,1200,800,OK,EXACT,2,2,2,0,0,0,laranja|azul,#EF6C00|#1F4FD8,#F28E2B|#4E79A7,11.580708,11.580708,13.968582,1.0,1.0,4.0,6.0,2,0,0,0,,,,,0,0,,0,0,,,,1,0.0,1,0,0,0,0,0,0,COLOR_DEVIATION,0,2.0
BC_043_R05.png,BC,bar,comparison,BC_043,43,5,1200,800,OK,EXACT,2,2,2,0,0,0,laranja|azul,#EF6C00|#1F4FD8,#FFA500|#0000FF,15.270448,15.270448,17.936988,1.0,1.0,4.0,6.0,2,0,0,0,,,,,0,0,,0,0,,,,1,0.0,1,0,0,0,0,0,0,COLOR_DEVIATION,0,2.0
BC_043_R06.png,BC,bar,comparison,BC_043,43,6,1200,800,OK,EXACT,2,2,2,0,0,0,laranja|azul,#EF6C00|#1F4FD8,#EF6C00|#1F4FD8,0.0,0.0,0.0,1.0,1.0,4.0,6.0,2,0,0,0,,,,,0,0,,0,0,,,,1,1.0,0,0,0,0,0,0,0,MATCH,1,2.0
BC_043_R07.png,BC,bar,comparison,BC_043,43,7,1200,800,OK,EXACT,2,2,2,0,0,0,laranja|azul,#EF6C00|#1F4FD8,#EF6C00|#1F4FD8,0.0,0.0,0.0,1.0,1.0,4.0,6.0,2,0,0,0,,,,,0,0,,0,0,,,,1,1.0,0,0,0,0,0,0,0,MATCH,1,2.0
BC_043_R08.png,BC,bar,comparison,BC_043,43,8,1200,800,OK,EXACT,2,2,2,0,0,0,laranja|azul,#EF6C00|#1F4FD8,#F28E2B|#4E79A7,11.580708,11.580708,13.968582,1.0,1.0,4.0,6.0,2,0,0,0,,,,,0,0,,0,0,,,,1,0.0,1,0,0,0,0,0,0,COLOR_DEVIATION,0,2.0
BC_043_R09.png,BC,bar,comparison,BC_043,43,9,1200,800,OK,EXACT,2,2,2,0,0,0,laranja|azul,#EF6C00|#1F4FD8,#EF6C00|#1F4FD8,0.0,0.0,0.0,0.983408,0.975,3.0,5.0,2,0,0,0,,,,,0,0,,0,0,,,,1,1.0,0,0,0,0,0,0,0,MATCH,1,2.0
BC_043_R10.png,BC,bar,comparison,BC_043,43,10,1200,800,OK,EXACT,2,2,2,0,0,0,laranja|azul,#EF6C00|#1F4FD8,#FFA500|#0000FF,15.270448,15.270448,17.936988,1.0,1.0,4.0,6.0,2,0,0,0,,,,,0,0,,0,0,,,,1,0.0,1,0,0,0,0,0,0,COLOR_DEVIATION,0,2.0
BC_044_R01.png,BC,bar,comparison,BC_044,44,1,1350,653,OK,EXACT,2,2,2,0,0,0,laranja|azul,#EF6C00|#1F4FD8,#EF6C00|#1F4FD8,0.0,0.0,0.0,1.0,1.0,3.0,5.0,2,0,0,0,,,,,0,0,,0,0,,,,1,1.0,0,0,0,0,0,0,0,MATCH,1,2.0
BC_044_R02.png,BC,bar,comparison,BC_044,44,2,1200,800,OK,EXTRA,2,9,2,7,0,7,laranja|azul,#EF6C00|#1F4FD8,#4E79A7|#F28E2B|#010203|#263C53|#0B1219|#241506|#010000|#050300|#0A1017,11.580708,11.580708,13.968582,0.614132,0.066667,20.0,80.0,9,0,0,0,,,,,0,0,,0,7,,#010203|#263C53|#0B1219|#241506|#010000|#050300|#0A1017,0.066667,1,0.0,1,0,0,1,0,0,0,EXTRA_COLOR+COLOR_DEVIATION,0,2.0
BC_044_R03.png,BC,bar,comparison,BC_044,44,3,1200,800,OK,EXACT,2,2,2,0,0,0,laranja|azul,#EF6C00|#1F4FD8,#FFA500|#0000FF,15.270448,15.270448,17.936988,1.0,1.0,4.0,6.0,2,0,0,0,,,,,0,0,,0,0,,,,1,0.0,1,0,0,0,0,0,0,COLOR_DEVIATION,0,2.0
BC_044_R04.png,BC,bar,comparison,BC_044,44,4,1200,800,OK,EXACT,2,2,2,0,0,0,laranja|azul,#EF6C00|#1F4FD8,#FFA500|#0000FF,15.270448,15.270448,17.936988,1.0,1.0,4.0,6.0,2,0,0,0,,,,,0,0,,0,0,,,,1,0.0,1,0,0,0,0,0,0,COLOR_DEVIATION,0,2.0
BC_044_R05.png,BC,bar,comparison,BC_044,44,5,1200,800,OK,EXACT,2,2,2,0,0,0,laranja|azul,#EF6C00|#1F4FD8,#F28E2B|#4E79A7,11.580708,11.580708,13.968582,1.0,1.0,4.0,6.0,2,0,0,0,,,,,0,0,,0,0,,,,1,0.0,1,0,0,0,0,0,0,COLOR_DEVIATION,0,2.0
BC_044_R06.png,BC,bar,comparison,BC_044,44,6,1200,800,OK,EXACT,2,2,2,0,0,0,laranja|azul,#EF6C00|#1F4FD8,#FFA500|#0000FF,15.270448,15.270448,17.936988,1.0,1.0,4.0,6.0,2,0,0,0,,,,,0,0,,0,0,,,,1,0.0,1,0,0,0,0,0,0,COLOR_DEVIATION,0,2.0
BC_044_R07.png,BC,bar,comparison,BC_044,44,7,1200,800,OK,EXACT,2,2,2,0,0,0,laranja|azul,#EF6C00|#1F4FD8,#FFA500|#0000FF,15.270448,15.270448,17.936988,1.0,1.0,4.0,6.0,2,0,0,0,,,,,0,0,,0,0,,,,1,0.0,1,0,0,0,0,0,0,COLOR_DEVIATION,0,2.0
BC_044_R08.png,BC,bar,comparison,BC_044,44,8,1200,800,OK,EXTRA,2,7,2,5,0,5,laranja|azul,#EF6C00|#1F4FD8,#0000FF|#FFA500|#00004B|#000006|#3F2900|#010000|#211500,15.270448,15.270448,17.936988,0.481361,0.133333,13.0,64.0,7,0,0,0,,,,,0,0,,0,5,,#00004B|#000006|#3F2900|#010000|#211500,0.133333,1,0.0,1,0,0,1,0,0,0,EXTRA_COLOR+COLOR_DEVIATION,0,2.0
BC_044_R09.png,BC,bar,comparison,BC_044,44,9,1200,800,OK,EXACT,2,2,2,0,0,0,laranja|azul,#EF6C00|#1F4FD8,#FFA500|#0000FF,15.270448,15.270448,17.936988,1.0,1.0,4.0,6.0,2,0,0,0,,,,,0,0,,0,0,,,,1,0.0,1,0,0,0,0,0,0,COLOR_DEVIATION,0,2.0
BC_044_R10.png,BC,bar,comparison,BC_044,44,10,1343,653,OK,EXACT,2,2,2,0,0,0,laranja|azul,#EF6C00|#1F4FD8,#EF6C00|#1F4FD8,0.0,0.0,0.0,0.982658,0.972973,3.0,5.0,2,0,0,0,,,,,0,0,,0,0,,,,1,1.0,0,0,0,0,0,0,0,MATCH,1,2.0
BC_045_R01.png,BC,bar,comparison,BC_045,45,1,1155,669,OK,EXACT,2,2,2,0,0,0,laranja|azul,#EF6C00|#1F4FD8,#EF6C00|#1F4FD8,0.0,0.0,0.0,1.0,1.0,3.0,5.0,2,0,0,0,,,,,0,0,,0,0,,,,1,1.0,0,0,0,0,0,0,0,MATCH,1,2.0
BC_045_R02.png,BC,bar,comparison,BC_045,45,2,1693,929,OK,EXACT,2,2,2,0,0,0,laranja|azul,#EF6C00|#1F4FD8,#FE7701|#0557CB,3.95851,3.95851,4.103913,0.225652,0.177628,3.0,5.0,2,0,0,0,,,,,0,0,,0,0,,,,1,0.0,1,0,0,0,0,0,0,COLOR_DEVIATION,0,2.0
BC_045_R03.png,BC,bar,comparison,BC_045,45,3,1624,969,OK,EXTRA,2,3,2,1,0,1,laranja|azul,#EF6C00|#1F4FD8,#F77701|#116AD7|#F67601,6.35038,6.35038,9.693542,0.182406,0.131439,3.0,5.0,3,0,0,0,,,,,0,0,,1,0,#F77701,,,1,0.0,1,0,0,0,1,0,0,COLOR_DEVIATION,0,2.0
BC_045_R04.png,BC,bar,comparison,BC_045,45,4,1200,800,OK,EXACT,2,2,2,0,0,0,laranja|azul,#EF6C00|#1F4FD8,#EF6C00|#1F4FD8,0.0,0.0,0.0,1.0,1.0,3.0,5.0,2,0,0,0,,,,,0,0,,0,0,,,,1,1.0,0,0,0,0,0,0,0,MATCH,1,2.0
BC_045_R05.png,BC,bar,comparison,BC_045,45,5,1200,800,OK,EXACT,2,2,2,0,0,0,laranja|azul,#EF6C00|#1F4FD8,#EF6C00|#1F4FD8,0.0,0.0,0.0,1.0,1.0,3.0,5.0,2,0,0,0,,,,,0,0,,0,0,,,,1,1.0,0,0,0,0,0,0,0,MATCH,1,2.0
BC_045_R06.png,BC,bar,comparison,BC_045,45,6,1200,800,OK,EXACT,2,2,2,0,0,0,laranja|azul,#EF6C00|#1F4FD8,#EF6C00|#1F4FD8,0.0,0.0,0.0,1.0,1.0,3.0,5.0,2,0,0,0,,,,,0,0,,0,0,,,,1,1.0,0,0,0,0,0,0,0,MATCH,1,2.0
BC_045_R07.png,BC,bar,comparison,BC_045,45,7,1200,800,OK,EXACT,2,2,2,0,0,0,laranja|azul,#EF6C00|#1F4FD8,#EF6C00|#1F4FD8,0.0,0.0,0.0,1.0,1.0,3.0,5.0,2,0,0,0,,,,,0,0,,0,0,,,,1,1.0,0,0,0,0,0,0,0,MATCH,1,2.0
BC_045_R08.png,BC,bar,comparison,BC_045,45,8,1200,800,OK,EXACT,2,2,2,0,0,0,laranja|azul,#EF6C00|#1F4FD8,#EF6C00|#1F4FD8,0.0,0.0,0.0,1.0,1.0,3.0,5.0,2,0,0,0,,,,,0,0,,0,0,,,,1,1.0,0,0,0,0,0,0,0,MATCH,1,2.0
BC_045_R09.png,BC,bar,comparison,BC_045,45,9,1200,800,OK,EXACT,2,2,2,0,0,0,laranja|azul,#EF6C00|#1F4FD8,#EF6C00|#1F4FD8,0.0,0.0,0.0,1.0,1.0,3.0,5.0,2,0,0,0,,,,,0,0,,0,0,,,,1,1.0,0,0,0,0,0,0,0,MATCH,1,2.0
BC_045_R10.png,BC,bar,comparison,BC_045,45,10,1200,800,OK,EXACT,2,2,2,0,0,0,laranja|azul,#EF6C00|#1F4FD8,#EF6C00|#1F4FD8,0.0,0.0,0.0,1.0,1.0,3.0,5.0,2,0,0,0,,,,,0,0,,0,0,,,,1,1.0,0,0,0,0,0,0,0,MATCH,1,2.0
BC_046_R01.png,BC,bar,comparison,BC_046,46,1,1330,655,OK,EXACT,2,2,2,0,0,0,laranja|azul,#EF6C00|#1F4FD8,#EF6C00|#1F4FD8,0.0,0.0,0.0,0.955573,0.948052,3.0,5.0,2,0,0,0,,,,,0,0,,0,0,,,,1,1.0,0,0,0,0,0,0,0,MATCH,1,2.0
BC_046_R02.png,BC,bar,comparison,BC_046,46,2,1200,800,OK,EXACT,2,2,2,0,0,0,laranja|azul,#EF6C00|#1F4FD8,#EF6C00|#1F4FD8,0.0,0.0,0.0,1.0,1.0,3.0,3.0,2,0,0,0,,,,,0,0,,0,0,,,,1,1.0,0,0,0,0,0,0,0,MATCH,1,2.0
BC_046_R03.png,BC,bar,comparison,BC_046,46,3,1200,800,OK,EXACT,2,2,2,0,0,0,laranja|azul,#EF6C00|#1F4FD8,#EF6C00|#1F4FD8,0.0,0.0,0.0,1.0,1.0,3.0,3.0,2,0,0,0,,,,,0,0,,0,0,,,,1,1.0,0,0,0,0,0,0,0,MATCH,1,2.0
BC_046_R04.png,BC,bar,comparison,BC_046,46,4,1200,800,OK,EXACT,2,2,2,0,0,0,laranja|azul,#EF6C00|#1F4FD8,#EF6C00|#1F4FD8,0.0,0.0,0.0,1.0,1.0,3.0,3.0,2,0,0,0,,,,,0,0,,0,0,,,,1,1.0,0,0,0,0,0,0,0,MATCH,1,2.0
BC_046_R05.png,BC,bar,comparison,BC_046,46,5,1200,800,OK,EXACT,2,2,2,0,0,0,laranja|azul,#EF6C00|#1F4FD8,#EF6C00|#1F4FD8,0.0,0.0,0.0,1.0,1.0,3.0,3.0,2,0,0,0,,,,,0,0,,0,0,,,,1,1.0,0,0,0,0,0,0,0,MATCH,1,2.0
BC_046_R06.png,BC,bar,comparison,BC_046,46,6,1200,800,OK,EXACT,2,2,2,0,0,0,laranja|azul,#EF6C00|#1F4FD8,#EF6C00|#1F4FD8,0.0,0.0,0.0,1.0,1.0,3.0,3.0,2,0,0,0,,,,,0,0,,0,0,,,,1,1.0,0,0,0,0,0,0,0,MATCH,1,2.0
BC_046_R07.png,BC,bar,comparison,BC_046,46,7,1200,800,OK,EXACT,2,2,2,0,0,0,laranja|azul,#EF6C00|#1F4FD8,#EF6C00|#1F4FD8,0.0,0.0,0.0,1.0,1.0,3.0,3.0,2,0,0,0,,,,,0,0,,0,0,,,,1,1.0,0,0,0,0,0,0,0,MATCH,1,2.0
BC_046_R08.png,BC,bar,comparison,BC_046,46,8,1200,800,OK,EXACT,2,2,2,0,0,0,laranja|azul,#EF6C00|#1F4FD8,#EF6C00|#1F4FD8,0.0,0.0,0.0,1.0,1.0,3.0,3.0,2,0,0,0,,,,,0,0,,0,0,,,,1,1.0,0,0,0,0,0,0,0,MATCH,1,2.0
BC_046_R09.png,BC,bar,comparison,BC_046,46,9,1200,800,OK,EXACT,2,2,2,0,0,0,laranja|azul,#EF6C00|#1F4FD8,#EF6C00|#1F4FD8,0.0,0.0,0.0,1.0,1.0,3.0,3.0,2,0,0,0,,,,,0,0,,0,0,,,,1,1.0,0,0,0,0,0,0,0,MATCH,1,2.0
BC_046_R10.png,BC,bar,comparison,BC_046,46,10,1200,800,OK,EXACT,2,2,2,0,0,0,laranja|azul,#EF6C00|#1F4FD8,#EF6C00|#1F4FD8,0.0,0.0,0.0,1.0,1.0,3.0,3.0,2,0,0,0,,,,,0,0,,0,0,,,,1,1.0,0,0,0,0,0,0,0,MATCH,1,2.0
BC_047_R01.png,BC,bar,comparison,BC_047,47,1,1350,673,OK,EXACT,2,2,2,0,0,0,laranja|azul,#EF6C00|#1F4FD8,#EF6C00|#1F4FD8,0.0,0.0,0.0,1.0,1.0,3.0,5.0,2,0,0,0,,,,,0,0,,0,0,,,,1,1.0,0,0,0,0,0,0,0,MATCH,1,2.0
BC_047_R02.png,BC,bar,comparison,BC_047,47,2,1340,673,OK,EXACT,2,2,2,0,0,0,laranja|azul,#EF6C00|#1F4FD8,#EF6C00|#1F4FD8,0.0,0.0,0.0,0.983443,0.975104,3.0,5.0,2,0,0,0,,,,,0,0,,0,0,,,,1,1.0,0,0,0,0,0,0,0,MATCH,1,2.0
BC_047_R03.png,BC,bar,comparison,BC_047,47,3,1340,673,OK,EXACT,2,2,2,0,0,0,laranja|azul,#EF6C00|#1F4FD8,#EF6C00|#1F4FD8,0.0,0.0,0.0,0.983443,0.975104,3.0,5.0,2,0,0,0,,,,,0,0,,0,0,,,,1,1.0,0,0,0,0,0,0,0,MATCH,1,2.0
BC_047_R04.png,BC,bar,comparison,BC_047,47,4,1340,673,OK,EXACT,2,2,2,0,0,0,laranja|azul,#EF6C00|#1F4FD8,#EF6C00|#1F4FD8,0.0,0.0,0.0,0.983443,0.975104,3.0,5.0,2,0,0,0,,,,,0,0,,0,0,,,,1,1.0,0,0,0,0,0,0,0,MATCH,1,2.0
BC_047_R05.png,BC,bar,comparison,BC_047,47,5,1340,673,OK,EXACT,2,2,2,0,0,0,laranja|azul,#EF6C00|#1F4FD8,#EF6C00|#1F4FD8,0.0,0.0,0.0,0.983443,0.975104,3.0,5.0,2,0,0,0,,,,,0,0,,0,0,,,,1,1.0,0,0,0,0,0,0,0,MATCH,1,2.0
BC_047_R06.png,BC,bar,comparison,BC_047,47,6,1340,673,OK,EXACT,2,2,2,0,0,0,laranja|azul,#EF6C00|#1F4FD8,#EF6C00|#1F4FD8,0.0,0.0,0.0,0.983443,0.975104,3.0,5.0,2,0,0,0,,,,,0,0,,0,0,,,,1,1.0,0,0,0,0,0,0,0,MATCH,1,2.0
BC_047_R07.png,BC,bar,comparison,BC_047,47,7,1200,800,OK,EXACT,2,2,2,0,0,0,laranja|azul,#EF6C00|#1F4FD8,#EF6C00|#1F4FD8,0.0,0.0,0.0,1.0,1.0,4.0,6.0,2,0,0,0,,,,,0,0,,0,0,,,,1,1.0,0,0,0,0,0,0,0,MATCH,1,2.0
BC_047_R08.png,BC,bar,comparison,BC_047,47,8,1200,800,OK,EXACT,2,2,2,0,0,0,laranja|azul,#EF6C00|#1F4FD8,#EF6C00|#1F4FD8,0.0,0.0,0.0,1.0,1.0,4.0,6.0,2,0,0,0,,,,,0,0,,0,0,,,,1,1.0,0,0,0,0,0,0,0,MATCH,1,2.0
BC_047_R09.png,BC,bar,comparison,BC_047,47,9,1200,800,OK,EXACT,2,2,2,0,0,0,laranja|azul,#EF6C00|#1F4FD8,#EF6C00|#1F4FD8,0.0,0.0,0.0,1.0,1.0,4.0,6.0,2,0,0,0,,,,,0,0,,0,0,,,,1,1.0,0,0,0,0,0,0,0,MATCH,1,2.0
BC_047_R10.png,BC,bar,comparison,BC_047,47,10,1200,800,OK,EXACT,2,2,2,0,0,0,laranja|azul,#EF6C00|#1F4FD8,#EF6C00|#1F4FD8,0.0,0.0,0.0,1.0,1.0,4.0,6.0,2,0,0,0,,,,,0,0,,0,0,,,,1,1.0,0,0,0,0,0,0,0,MATCH,1,2.0
BC_048_R01.png,BC,bar,comparison,BC_048,48,1,1330,831,OK,EXACT,2,2,2,0,0,0,laranja|azul,#EF6C00|#1F4FD8,#EF6C00|#1F4FD8,0.0,0.0,0.0,1.0,1.0,3.0,5.0,2,0,0,0,,,,,0,0,,0,0,,,,1,1.0,0,0,0,0,0,0,0,MATCH,1,2.0
BC_048_R02.png,BC,bar,comparison,BC_048,48,2,1189,790,OK,EXACT,2,2,2,0,0,0,laranja|azul,#EF6C00|#1F4FD8,#FFA500|#0000FF,15.270448,15.270448,17.936988,1.0,1.0,4.0,6.0,2,0,0,0,,,,,0,0,,0,0,,,,1,0.0,1,0,0,0,0,0,0,COLOR_DEVIATION,0,2.0
BC_048_R03.png,BC,bar,comparison,BC_048,48,3,1189,790,OK,EXACT,2,2,2,0,0,0,laranja|azul,#EF6C00|#1F4FD8,#FFA500|#0000FF,15.270448,15.270448,17.936988,1.0,1.0,4.0,6.0,2,0,0,0,,,,,0,0,,0,0,,,,1,0.0,1,0,0,0,0,0,0,COLOR_DEVIATION,0,2.0
BC_048_R04.png,BC,bar,comparison,BC_048,48,4,1189,790,OK,EXACT,2,2,2,0,0,0,laranja|azul,#EF6C00|#1F4FD8,#FFA500|#0000FF,15.270448,15.270448,17.936988,1.0,1.0,4.0,6.0,2,0,0,0,,,,,0,0,,0,0,,,,1,0.0,1,0,0,0,0,0,0,COLOR_DEVIATION,0,2.0
BC_048_R05.png,BC,bar,comparison,BC_048,48,5,1189,790,OK,EXACT,2,2,2,0,0,0,laranja|azul,#EF6C00|#1F4FD8,#FFA500|#0000FF,15.270448,15.270448,17.936988,1.0,1.0,4.0,6.0,2,0,0,0,,,,,0,0,,0,0,,,,1,0.0,1,0,0,0,0,0,0,COLOR_DEVIATION,0,2.0
BC_048_R06.png,BC,bar,comparison,BC_048,48,6,1189,790,OK,EXACT,2,2,2,0,0,0,laranja|azul,#EF6C00|#1F4FD8,#FFA500|#0000FF,15.270448,15.270448,17.936988,1.0,1.0,4.0,6.0,2,0,0,0,,,,,0,0,,0,0,,,,1,0.0,1,0,0,0,0,0,0,COLOR_DEVIATION,0,2.0
BC_048_R07.png,BC,bar,comparison,BC_048,48,7,1189,790,OK,EXACT,2,2,2,0,0,0,laranja|azul,#EF6C00|#1F4FD8,#FFA500|#0000FF,15.270448,15.270448,17.936988,1.0,1.0,4.0,6.0,2,0,0,0,,,,,0,0,,0,0,,,,1,0.0,1,0,0,0,0,0,0,COLOR_DEVIATION,0,2.0
BC_048_R08.png,BC,bar,comparison,BC_048,48,8,1189,790,OK,EXACT,2,2,2,0,0,0,laranja|azul,#EF6C00|#1F4FD8,#FFA500|#0000FF,15.270448,15.270448,17.936988,1.0,1.0,4.0,6.0,2,0,0,0,,,,,0,0,,0,0,,,,1,0.0,1,0,0,0,0,0,0,COLOR_DEVIATION,0,2.0
BC_048_R09.png,BC,bar,comparison,BC_048,48,9,1189,790,OK,EXACT,2,2,2,0,0,0,laranja|azul,#EF6C00|#1F4FD8,#FFA500|#0000FF,15.270448,15.270448,17.936988,1.0,1.0,4.0,6.0,2,0,0,0,,,,,0,0,,0,0,,,,1,0.0,1,0,0,0,0,0,0,COLOR_DEVIATION,0,2.0
BC_048_R10.png,BC,bar,comparison,BC_048,48,10,1189,790,OK,EXACT,2,2,2,0,0,0,laranja|azul,#EF6C00|#1F4FD8,#FFA500|#0000FF,15.270448,15.270448,17.936988,1.0,1.0,4.0,6.0,2,0,0,0,,,,,0,0,,0,0,,,,1,0.0,1,0,0,0,0,0,0,COLOR_DEVIATION,0,2.0
BC_049_R01.png,BC,bar,comparison,BC_049,49,1,1383,673,OK,EXACT,2,2,2,0,0,0,laranja|azul,#EF6C00|#1F4FD8,#EF6C00|#1F4FD8,0.0,0.0,0.0,0.983443,0.975104,3.0,5.0,2,0,0,0,,,,,0,0,,0,0,,,,1,1.0,0,0,0,0,0,0,0,MATCH,1,2.0
BC_049_R02.png,BC,bar,comparison,BC_049,49,2,1372,667,OK,EXACT,2,2,2,0,0,0,laranja|azul,#EF6C00|#1F4FD8,#EF6C00|#1F4FD8,0.0,0.0,0.0,0.981496,0.971154,3.0,5.0,2,0,0,0,,,,,0,0,,0,0,,,,1,1.0,0,0,0,0,0,0,0,MATCH,1,2.0
BC_049_R03.png,BC,bar,comparison,BC_049,49,3,1372,667,OK,EXACT,2,2,2,0,0,0,laranja|azul,#EF6C00|#1F4FD8,#EF6C00|#1F4FD8,0.0,0.0,0.0,0.981496,0.971154,3.0,5.0,2,0,0,0,,,,,0,0,,0,0,,,,1,1.0,0,0,0,0,0,0,0,MATCH,1,2.0
BC_049_R04.png,BC,bar,comparison,BC_049,49,4,1372,667,OK,EXACT,2,2,2,0,0,0,laranja|azul,#EF6C00|#1F4FD8,#EF6C00|#1F4FD8,0.0,0.0,0.0,0.981496,0.971154,3.0,5.0,2,0,0,0,,,,,0,0,,0,0,,,,1,1.0,0,0,0,0,0,0,0,MATCH,1,2.0
BC_049_R05.png,BC,bar,comparison,BC_049,49,5,1372,667,OK,EXACT,2,2,2,0,0,0,laranja|azul,#EF6C00|#1F4FD8,#EF6C00|#1F4FD8,0.0,0.0,0.0,0.981496,0.971154,3.0,5.0,2,0,0,0,,,,,0,0,,0,0,,,,1,1.0,0,0,0,0,0,0,0,MATCH,1,2.0
BC_049_R06.png,BC,bar,comparison,BC_049,49,6,1372,667,OK,EXACT,2,2,2,0,0,0,laranja|azul,#EF6C00|#1F4FD8,#EF6C00|#1F4FD8,0.0,0.0,0.0,0.981496,0.971154,3.0,5.0,2,0,0,0,,,,,0,0,,0,0,,,,1,1.0,0,0,0,0,0,0,0,MATCH,1,2.0
BC_049_R07.png,BC,bar,comparison,BC_049,49,7,1200,800,OK,EXACT,2,2,2,0,0,0,laranja|azul,#EF6C00|#1F4FD8,#EF6C00|#1F4FD8,0.0,0.0,0.0,0.981057,0.970443,3.0,5.0,2,0,0,0,,,,,0,0,,0,0,,,,1,1.0,0,0,0,0,0,0,0,MATCH,1,2.0
BC_049_R08.png,BC,bar,comparison,BC_049,49,8,1200,800,OK,EXACT,2,2,2,0,0,0,laranja|azul,#EF6C00|#1F4FD8,#FFA500|#0000FF,15.270448,15.270448,17.936988,1.0,1.0,4.0,6.0,2,0,0,0,,,,,0,0,,0,0,,,,1,0.0,1,0,0,0,0,0,0,COLOR_DEVIATION,0,2.0
BC_049_R09.png,BC,bar,comparison,BC_049,49,9,1200,800,OK,EXACT,2,2,2,0,0,0,laranja|azul,#EF6C00|#1F4FD8,#FFA500|#0000FF,15.270448,15.270448,17.936988,1.0,1.0,4.0,6.0,2,0,0,0,,,,,0,0,,0,0,,,,1,0.0,1,0,0,0,0,0,0,COLOR_DEVIATION,0,2.0
BC_049_R10.png,BC,bar,comparison,BC_049,49,10,1200,800,OK,EXACT,2,2,2,0,0,0,laranja|azul,#EF6C00|#1F4FD8,#FFA500|#0000FF,15.270448,15.270448,17.936988,1.0,1.0,4.0,6.0,2,0,0,0,,,,,0,0,,0,0,,,,1,0.0,1,0,0,0,0,0,0,COLOR_DEVIATION,0,2.0
BC_050_R01.png,BC,bar,comparison,BC_050,50,1,1234,705,OK,EXACT,2,2,2,0,0,0,laranja|azul,#EF6C00|#1F4FD8,#EF6C00|#1F4FD8,0.0,0.0,0.0,1.0,1.0,4.0,6.0,2,0,0,0,,,,,0,0,,0,0,,,,1,1.0,0,0,0,0,0,0,0,MATCH,1,2.0
BC_050_R02.png,BC,bar,comparison,BC_050,50,2,1189,790,OK,EXACT,2,2,2,0,0,0,laranja|azul,#EF6C00|#1F4FD8,#FFA500|#0000FF,15.270448,15.270448,17.936988,1.0,1.0,4.0,6.0,2,0,0,0,,,,,0,0,,0,0,,,,1,0.0,1,0,0,0,0,0,0,COLOR_DEVIATION,0,2.0
BC_050_R03.png,BC,bar,comparison,BC_050,50,3,1189,790,OK,EXACT,2,2,2,0,0,0,laranja|azul,#EF6C00|#1F4FD8,#FFA500|#0000FF,15.270448,15.270448,17.936988,1.0,1.0,4.0,6.0,2,0,0,0,,,,,0,0,,0,0,,,,1,0.0,1,0,0,0,0,0,0,COLOR_DEVIATION,0,2.0
BC_050_R04.png,BC,bar,comparison,BC_050,50,4,1189,790,OK,EXACT,2,2,2,0,0,0,laranja|azul,#EF6C00|#1F4FD8,#FFA500|#0000FF,15.270448,15.270448,17.936988,1.0,1.0,4.0,6.0,2,0,0,0,,,,,0,0,,0,0,,,,1,0.0,1,0,0,0,0,0,0,COLOR_DEVIATION,0,2.0
BC_050_R05.png,BC,bar,comparison,BC_050,50,5,1189,790,OK,EXACT,2,2,2,0,0,0,laranja|azul,#EF6C00|#1F4FD8,#FFA500|#0000FF,15.270448,15.270448,17.936988,1.0,1.0,4.0,6.0,2,0,0,0,,,,,0,0,,0,0,,,,1,0.0,1,0,0,0,0,0,0,COLOR_DEVIATION,0,2.0
BC_050_R06.png,BC,bar,comparison,BC_050,50,6,1200,800,OK,EXACT,2,2,2,0,0,0,laranja|azul,#EF6C00|#1F4FD8,#EF6C00|#1F4FD8,0.0,0.0,0.0,1.0,1.0,4.0,6.0,2,0,0,0,,,,,0,0,,0,0,,,,1,1.0,0,0,0,0,0,0,0,MATCH,1,2.0
BC_050_R07.png,BC,bar,comparison,BC_050,50,7,1200,800,OK,EXACT,2,2,2,0,0,0,laranja|azul,#EF6C00|#1F4FD8,#EF6C00|#1F4FD8,0.0,0.0,0.0,1.0,1.0,4.0,6.0,2,0,0,0,,,,,0,0,,0,0,,,,1,1.0,0,0,0,0,0,0,0,MATCH,1,2.0
BC_050_R08.png,BC,bar,comparison,BC_050,50,8,1200,800,OK,EXACT,2,2,2,0,0,0,laranja|azul,#EF6C00|#1F4FD8,#EF6C00|#1F4FD8,0.0,0.0,0.0,1.0,1.0,4.0,6.0,2,0,0,0,,,,,0,0,,0,0,,,,1,1.0,0,0,0,0,0,0,0,MATCH,1,2.0
BC_050_R09.png,BC,bar,comparison,BC_050,50,9,1200,800,OK,EXACT,2,2,2,0,0,0,laranja|azul,#EF6C00|#1F4FD8,#EF6C00|#1F4FD8,0.0,0.0,0.0,1.0,1.0,4.0,6.0,2,0,0,0,,,,,0,0,,0,0,,,,1,1.0,0,0,0,0,0,0,0,MATCH,1,2.0
BC_050_R10.png,BC,bar,comparison,BC_050,50,10,1200,800,OK,EXACT,2,2,2,0,0,0,laranja|azul,#EF6C00|#1F4FD8,#EF6C00|#1F4FD8,0.0,0.0,0.0,1.0,1.0,4.0,6.0,2,0,0,0,,,,,0,0,,0,0,,,,1,1.0,0,0,0,0,0,0,0,MATCH,1,2.0
BC_051_R01.png,BC,bar,comparison,BC_051,51,1,1342,673,OK,EXACT,2,2,2,0,0,0,laranja|azul,#EF6C00|#1F4FD8,#EF6C00|#1F4FD8,0.0,0.0,0.0,1.0,1.0,3.0,5.0,2,0,0,0,,,,,0,0,,0,0,,,,1,1.0,0,0,0,0,0,0,0,MATCH,1,2.0
BC_051_R02.png,BC,bar,comparison,BC_051,51,2,1200,800,OK,EXACT,2,2,2,0,0,0,laranja|azul,#EF6C00|#1F4FD8,#EF6C00|#1F4FD8,0.0,0.0,0.0,0.988729,0.976654,4.0,6.0,2,0,0,0,,,,,0,0,,0,0,,,,1,1.0,0,0,0,0,0,0,0,MATCH,1,2.0
BC_051_R03.png,BC,bar,comparison,BC_051,51,3,1200,800,OK,EXACT,2,2,2,0,0,0,laranja|azul,#EF6C00|#1F4FD8,#EF6C00|#1F4FD8,0.0,0.0,0.0,0.988263,0.97561,4.0,6.0,2,0,0,0,,,,,0,0,,0,0,,,,1,1.0,0,0,0,0,0,0,0,MATCH,1,2.0
BC_051_R04.png,BC,bar,comparison,BC_051,51,4,1200,800,OK,EXACT,2,2,2,0,0,0,laranja|azul,#EF6C00|#1F4FD8,#EF6C00|#1F4FD8,0.0,0.0,0.0,0.988263,0.97561,4.0,6.0,2,0,0,0,,,,,0,0,,0,0,,,,1,1.0,0,0,0,0,0,0,0,MATCH,1,2.0
BC_051_R05.png,BC,bar,comparison,BC_051,51,5,1200,800,OK,EXACT,2,2,2,0,0,0,laranja|azul,#EF6C00|#1F4FD8,#EF6C00|#1F4FD8,0.0,0.0,0.0,0.987981,0.975,4.0,6.0,2,0,0,0,,,,,0,0,,0,0,,,,1,1.0,0,0,0,0,0,0,0,MATCH,1,2.0
BC_051_R06.png,BC,bar,comparison,BC_051,51,6,1200,800,OK,EXACT,2,2,2,0,0,0,laranja|azul,#EF6C00|#1F4FD8,#EF6C00|#1F4FD8,0.0,0.0,0.0,0.987981,0.975,4.0,6.0,2,0,0,0,,,,,0,0,,0,0,,,,1,1.0,0,0,0,0,0,0,0,MATCH,1,2.0
BC_051_R07.png,BC,bar,comparison,BC_051,51,7,1200,800,OK,EXACT,2,2,2,0,0,0,laranja|azul,#EF6C00|#1F4FD8,#FFA500|#0000FF,15.270448,15.270448,17.936988,1.0,1.0,4.0,6.0,2,0,0,0,,,,,0,0,,0,0,,,,1,0.0,1,0,0,0,0,0,0,COLOR_DEVIATION,0,2.0
BC_051_R08.png,BC,bar,comparison,BC_051,51,8,1200,800,OK,EXACT,2,2,2,0,0,0,laranja|azul,#EF6C00|#1F4FD8,#FFA500|#0000FF,15.270448,15.270448,17.936988,0.989325,0.977778,4.0,6.0,2,0,0,0,,,,,0,0,,0,0,,,,1,0.0,1,0,0,0,0,0,0,COLOR_DEVIATION,0,2.0
BC_051_R09.png,BC,bar,comparison,BC_051,51,9,1200,800,OK,EXACT,2,2,2,0,0,0,laranja|azul,#EF6C00|#1F4FD8,#FFA500|#0000FF,15.270448,15.270448,17.936988,1.0,1.0,4.0,6.0,2,0,0,0,,,,,0,0,,0,0,,,,1,0.0,1,0,0,0,0,0,0,COLOR_DEVIATION,0,2.0
BC_051_R10.png,BC,bar,comparison,BC_051,51,10,1200,800,OK,EXACT,2,2,2,0,0,0,laranja|azul,#EF6C00|#1F4FD8,#FFA500|#0000FF,15.270448,15.270448,17.936988,0.988974,0.977099,4.0,6.0,2,0,0,0,,,,,0,0,,0,0,,,,1,0.0,1,0,0,0,0,0,0,COLOR_DEVIATION,0,2.0
BC_052_R01.png,BC,bar,comparison,BC_052,52,1,1200,800,OK,EXACT,2,2,2,0,0,0,laranja|azul,#EF6C00|#1F4FD8,#EF6C00|#1F4FD8,0.0,0.0,0.0,0.989666,0.978533,4.0,6.0,2,0,0,0,,,,,0,0,,0,0,,,,1,1.0,0,0,0,0,0,0,0,MATCH,1,2.0
BC_052_R02.png,BC,bar,comparison,BC_052,52,2,1350,673,OK,EXACT,2,2,2,0,0,0,laranja|azul,#EF6C00|#1F4FD8,#EF6C00|#1F4FD8,0.0,0.0,0.0,1.0,1.0,3.0,5.0,2,0,0,0,,,,,0,0,,0,0,,,,1,1.0,0,0,0,0,0,0,0,MATCH,1,2.0
BC_052_R03.png,BC,bar,comparison,BC_052,52,3,1200,800,OK,EXACT,2,2,2,0,0,0,laranja|azul,#EF6C00|#1F4FD8,#FFA500|#0000FF,15.270448,15.270448,17.936988,0.990045,0.98,4.0,6.0,2,0,0,0,,,,,0,0,,0,0,,,,1,0.0,1,0,0,0,0,0,0,COLOR_DEVIATION,0,2.0
BC_052_R04.png,BC,bar,comparison,BC_052,52,4,1200,800,OK,EXACT,2,2,2,0,0,0,laranja|azul,#EF6C00|#1F4FD8,#FFA500|#0000FF,15.270448,15.270448,17.936988,0.990045,0.98,4.0,6.0,2,0,0,0,,,,,0,0,,0,0,,,,1,0.0,1,0,0,0,0,0,0,COLOR_DEVIATION,0,2.0
BC_052_R05.png,BC,bar,comparison,BC_052,52,5,1200,800,OK,EXACT,2,2,2,0,0,0,laranja|azul,#EF6C00|#1F4FD8,#EF6C00|#1F4FD8,0.0,0.0,0.0,0.989666,0.978533,4.0,6.0,2,0,0,0,,,,,0,0,,0,0,,,,1,1.0,0,0,0,0,0,0,0,MATCH,1,2.0
BC_052_R06.png,BC,bar,comparison,BC_052,52,6,1200,800,OK,EXACT,2,2,2,0,0,0,laranja|azul,#EF6C00|#1F4FD8,#EF6C00|#1F4FD8,0.0,0.0,0.0,0.983342,0.974026,3.0,5.0,2,0,0,0,,,,,0,0,,0,0,,,,1,1.0,0,0,0,0,0,0,0,MATCH,1,2.0
BC_052_R07.png,BC,bar,comparison,BC_052,52,7,1200,800,OK,EXACT,2,2,2,0,0,0,laranja|azul,#EF6C00|#1F4FD8,#FFA500|#0000FF,15.270448,15.270448,17.936988,0.990045,0.98,4.0,6.0,2,0,0,0,,,,,0,0,,0,0,,,,1,0.0,1,0,0,0,0,0,0,COLOR_DEVIATION,0,2.0
BC_052_R08.png,BC,bar,comparison,BC_052,52,8,1339,668,OK,EXACT,2,2,2,0,0,0,laranja|azul,#EF6C00|#1F4FD8,#EF6C00|#1F4FD8,0.0,0.0,0.0,0.983342,0.974026,3.0,5.0,2,0,0,0,,,,,0,0,,0,0,,,,1,1.0,0,0,0,0,0,0,0,MATCH,1,2.0
BC_052_R09.png,BC,bar,comparison,BC_052,52,9,1200,800,OK,EXACT,2,2,2,0,0,0,laranja|azul,#EF6C00|#1F4FD8,#FFA500|#0000FF,15.270448,15.270448,17.936988,0.990045,0.98,4.0,6.0,2,0,0,0,,,,,0,0,,0,0,,,,1,0.0,1,0,0,0,0,0,0,COLOR_DEVIATION,0,2.0
BC_052_R10.png,BC,bar,comparison,BC_052,52,10,1338,668,OK,EXACT,2,2,2,0,0,0,laranja|azul,#EF6C00|#1F4FD8,#EF6C00|#1F4FD8,0.0,0.0,0.0,0.981496,0.971154,3.0,5.0,2,0,0,0,,,,,0,0,,0,0,,,,1,1.0,0,0,0,0,0,0,0,MATCH,1,2.0
BI_001_R01.png,BI,bar,identification,BI_001,1,1,1200,800,OK,EXACT,2,2,2,0,0,0,vermelho|verde,#C62828|#2E7D32,#C62828|#2E7D32,0.0,0.0,0.0,1.0,1.0,3.0,7.0,2,0,0,0,,,,,0,0,,0,0,,,,1,1.0,0,0,0,0,0,0,0,MATCH,1,2.0
BI_001_R02.png,BI,bar,identification,BI_001,1,2,1220,734,OK,EXACT,2,2,2,0,0,0,vermelho|verde,#C62828|#2E7D32,#C62828|#2E7D32,0.0,0.0,0.0,0.968377,0.95881,3.0,7.0,2,0,0,0,,,,,0,0,,0,0,,,,1,1.0,0,0,0,0,0,0,0,MATCH,1,2.0
BI_001_R03.png,BI,bar,identification,BI_001,1,3,1220,672,OK,EXACT,2,2,2,0,0,0,vermelho|verde,#C62828|#2E7D32,#C62828|#2E7D32,0.0,0.0,0.0,0.937741,0.92844,3.0,7.0,2,0,0,0,,,,,0,0,,0,0,,,,1,1.0,0,0,0,0,0,0,0,MATCH,1,2.0
BI_001_R04.png,BI,bar,identification,BI_001,1,4,1220,698,OK,EXACT,2,2,2,0,0,0,vermelho|verde,#C62828|#2E7D32,#C62828|#2E7D32,0.0,0.0,0.0,0.968377,0.95881,3.0,7.0,2,0,0,0,,,,,0,0,,0,0,,,,1,1.0,0,0,0,0,0,0,0,MATCH,1,2.0
BI_001_R05.png,BI,bar,identification,BI_001,1,5,1220,672,OK,EXACT,2,2,2,0,0,0,vermelho|verde,#C62828|#2E7D32,#C62828|#2E7D32,0.0,0.0,0.0,0.968432,0.958716,3.0,7.0,2,0,0,0,,,,,0,0,,0,0,,,,1,1.0,0,0,0,0,0,0,0,MATCH,1,2.0
BI_001_R06.png,BI,bar,identification,BI_001,1,6,1220,704,OK,EXACT,2,2,2,0,0,0,vermelho|verde,#C62828|#2E7D32,#C62828|#2E7D32,0.0,0.0,0.0,0.968432,0.958716,3.0,7.0,2,0,0,0,,,,,0,0,,0,0,,,,1,1.0,0,0,0,0,0,0,0,MATCH,1,2.0
BI_001_R07.png,BI,bar,identification,BI_001,1,7,1220,715,OK,EXACT,2,2,2,0,0,0,vermelho|verde,#C62828|#2E7D32,#C62828|#2E7D32,0.0,0.0,0.0,0.939801,0.93061,3.0,7.0,2,0,0,0,,,,,0,0,,0,0,,,,1,1.0,0,0,0,0,0,0,0,MATCH,1,2.0
BI_001_R08.png,BI,bar,identification,BI_001,1,8,1220,694,OK,EXACT,2,2,2,0,0,0,vermelho|verde,#C62828|#2E7D32,#C62828|#2E7D32,0.0,0.0,0.0,0.968377,0.95881,3.0,7.0,2,0,0,0,,,,,0,0,,0,0,,,,1,1.0,0,0,0,0,0,0,0,MATCH,1,2.0
BI_001_R09.png,BI,bar,identification,BI_001,1,9,1220,725,OK,EXACT,2,2,2,0,0,0,vermelho|verde,#C62828|#2E7D32,#C62828|#2E7D32,0.0,0.0,0.0,0.934954,0.925656,3.0,7.0,2,0,0,0,,,,,0,0,,0,0,,,,1,1.0,0,0,0,0,0,0,0,MATCH,1,2.0
BI_001_R10.png,BI,bar,identification,BI_001,1,10,1220,672,OK,EXACT,2,2,2,0,0,0,vermelho|verde,#C62828|#2E7D32,#C62828|#2E7D32,0.0,0.0,0.0,0.972222,0.972222,3.0,7.0,2,0,0,0,,,,,0,0,,0,0,,,,1,1.0,0,0,0,0,0,0,0,MATCH,1,2.0
BI_002_R01.png,BI,bar,identification,BI_002,2,1,1200,800,OK,EXACT,2,2,2,0,0,0,vermelho|verde,#C62828|#2E7D32,#C62828|#2E7D32,0.0,0.0,0.0,0.968979,0.959459,3.0,6.0,2,0,0,0,,,,,0,0,,0,0,,,,1,1.0,0,0,0,0,0,0,0,MATCH,1,2.0
BI_002_R02.png,BI,bar,identification,BI_002,2,2,1119,671,OK,EXACT,2,2,2,0,0,0,vermelho|verde,#C62828|#2E7D32,#C62828|#2E7D32,0.0,0.0,0.0,1.0,1.0,3.0,7.0,2,0,0,0,,,,,0,0,,0,0,,,,1,1.0,0,0,0,0,0,0,0,MATCH,1,2.0
BI_002_R03.png,BI,bar,identification,BI_002,2,3,1239,670,OK,MISSING,2,1,1,0,1,1,vermelho|verde,#C62828|#2E7D32,#2E7D32,0.0,0.0,0.0,1.0,1.0,1.0,7.0,1,0,0,0,,,,,0,0,,0,0,,,,1,1.0,0,1,0,0,0,0,0,MISSING_COLOR,0,2.0
BI_002_R04.png,BI,bar,identification,BI_002,2,4,1119,671,OK,EXACT,2,2,2,0,0,0,vermelho|verde,#C62828|#2E7D32,#C62828|#2E7D32,0.0,0.0,0.0,0.968619,0.959276,3.0,7.0,2,0,0,0,,,,,0,0,,0,0,,,,1,1.0,0,0,0,0,0,0,0,MATCH,1,2.0
BI_002_R05.png,BI,bar,identification,BI_002,2,5,1119,671,OK,EXACT,2,2,2,0,0,0,vermelho|verde,#C62828|#2E7D32,#C62828|#2E7D32,0.0,0.0,0.0,0.950772,0.94147,3.0,7.0,2,0,0,0,,,,,0,0,,0,0,,,,1,1.0,0,0,0,0,0,0,0,MATCH,1,2.0
BI_002_R06.png,BI,bar,identification,BI_002,2,6,1119,671,OK,EXACT,2,2,2,0,0,0,vermelho|verde,#C62828|#2E7D32,#C62828|#2E7D32,0.0,0.0,0.0,0.950772,0.94147,3.0,7.0,2,0,0,0,,,,,0,0,,0,0,,,,1,1.0,0,0,0,0,0,0,0,MATCH,1,2.0
BI_002_R07.png,BI,bar,identification,BI_002,2,7,1119,671,OK,EXACT,2,2,2,0,0,0,vermelho|verde,#C62828|#2E7D32,#C62828|#2E7D32,0.0,0.0,0.0,0.950772,0.94147,3.0,7.0,2,0,0,0,,,,,0,0,,0,0,,,,1,1.0,0,0,0,0,0,0,0,MATCH,1,2.0
BI_002_R08.png,BI,bar,identification,BI_002,2,8,1119,671,OK,EXACT,2,2,2,0,0,0,vermelho|verde,#C62828|#2E7D32,#C62828|#2E7D32,0.0,0.0,0.0,0.968619,0.959276,3.0,7.0,2,0,0,0,,,,,0,0,,0,0,,,,1,1.0,0,0,0,0,0,0,0,MATCH,1,2.0
BI_002_R09.png,BI,bar,identification,BI_002,2,9,1119,671,OK,EXACT,2,2,2,0,0,0,vermelho|verde,#C62828|#2E7D32,#C62828|#2E7D32,0.0,0.0,0.0,0.968619,0.959276,3.0,7.0,2,0,0,0,,,,,0,0,,0,0,,,,1,1.0,0,0,0,0,0,0,0,MATCH,1,2.0
BI_002_R10.png,BI,bar,identification,BI_002,2,10,1119,671,OK,EXACT,2,2,2,0,0,0,vermelho|verde,#C62828|#2E7D32,#C62828|#2E7D32,0.0,0.0,0.0,1.0,1.0,3.0,7.0,2,0,0,0,,,,,0,0,,0,0,,,,1,1.0,0,0,0,0,0,0,0,MATCH,1,2.0
BI_003_R01.png,BI,bar,identification,BI_003,3,1,1365,651,OK,EXACT,2,2,2,0,0,0,vermelho|verde,#C62828|#2E7D32,#C62828|#2E7D32,0.0,0.0,0.0,1.0,1.0,3.0,7.0,2,0,0,0,,,,,0,0,,0,0,,,,1,1.0,0,0,0,0,0,0,0,MATCH,1,2.0
BI_003_R02.png,BI,bar,identification,BI_003,3,2,1200,800,OK,EXACT,2,2,2,0,0,0,vermelho|verde,#C62828|#2E7D32,#C62828|#2E7D32,0.0,0.0,0.0,0.970531,0.961456,3.0,7.0,2,0,0,0,,,,,0,0,,0,0,,,,1,1.0,0,0,0,0,0,0,0,MATCH,1,2.0
BI_003_R03.png,BI,bar,identification,BI_003,3,3,1200,800,OK,EXACT,2,2,2,0,0,0,vermelho|verde,#C62828|#2E7D32,#C62828|#2E7D32,0.0,0.0,0.0,0.970531,0.961456,3.0,7.0,2,0,0,0,,,,,0,0,,0,0,,,,1,1.0,0,0,0,0,0,0,0,MATCH,1,2.0
BI_003_R04.png,BI,bar,identification,BI_003,3,4,1200,800,OK,EXACT,2,2,2,0,0,0,vermelho|verde,#C62828|#2E7D32,#C62828|#2E7D32,0.0,0.0,0.0,0.970531,0.961456,3.0,7.0,2,0,0,0,,,,,0,0,,0,0,,,,1,1.0,0,0,0,0,0,0,0,MATCH,1,2.0
BI_003_R05.png,BI,bar,identification,BI_003,3,5,1200,800,OK,EXACT,2,2,2,0,0,0,vermelho|verde,#C62828|#2E7D32,#C62828|#2E7D32,0.0,0.0,0.0,0.970531,0.961456,3.0,7.0,2,0,0,0,,,,,0,0,,0,0,,,,1,1.0,0,0,0,0,0,0,0,MATCH,1,2.0
BI_003_R06.png,BI,bar,identification,BI_003,3,6,1200,800,OK,EXACT,2,2,2,0,0,0,vermelho|verde,#C62828|#2E7D32,#C62828|#2E7D32,0.0,0.0,0.0,0.966804,0.957143,3.0,7.0,2,0,0,0,,,,,0,0,,0,0,,,,1,1.0,0,0,0,0,0,0,0,MATCH,1,2.0
BI_003_R07.png,BI,bar,identification,BI_003,3,7,1200,800,OK,EXACT,2,2,2,0,0,0,vermelho|verde,#C62828|#2E7D32,#C62828|#2E7D32,0.0,0.0,0.0,0.966804,0.957143,3.0,7.0,2,0,0,0,,,,,0,0,,0,0,,,,1,1.0,0,0,0,0,0,0,0,MATCH,1,2.0
BI_003_R08.png,BI,bar,identification,BI_003,3,8,1200,800,OK,EXACT,2,2,2,0,0,0,vermelho|verde,#C62828|#2E7D32,#C62828|#2E7D32,0.0,0.0,0.0,0.966804,0.957143,3.0,7.0,2,0,0,0,,,,,0,0,,0,0,,,,1,1.0,0,0,0,0,0,0,0,MATCH,1,2.0
BI_003_R09.png,BI,bar,identification,BI_003,3,9,1200,800,OK,EXACT,2,2,2,0,0,0,vermelho|verde,#C62828|#2E7D32,#C62828|#2E7D32,0.0,0.0,0.0,0.966804,0.957143,3.0,7.0,2,0,0,0,,,,,0,0,,0,0,,,,1,1.0,0,0,0,0,0,0,0,MATCH,1,2.0
BI_003_R10.png,BI,bar,identification,BI_003,3,10,1200,800,OK,EXACT,2,2,2,0,0,0,vermelho|verde,#C62828|#2E7D32,#C62828|#2E7D32,0.0,0.0,0.0,0.966804,0.957143,3.0,7.0,2,0,0,0,,,,,0,0,,0,0,,,,1,1.0,0,0,0,0,0,0,0,MATCH,1,2.0
BI_004_R01.png,BI,bar,identification,BI_004,4,1,1200,800,OK,MISSING,2,1,1,0,1,1,vermelho|verde,#C62828|#2E7D32,#2E7D32,0.0,0.0,0.0,1.0,1.0,4.0,8.0,1,0,0,0,,,,,0,0,,0,0,,,,1,1.0,0,1,0,0,0,0,0,MISSING_COLOR,0,2.0
BI_004_R02.png,BI,bar,identification,BI_004,4,2,1426,650,OK,EXACT,2,2,2,0,0,0,vermelho|verde,#C62828|#2E7D32,#C62828|#2E7D32,0.0,0.0,0.0,1.0,1.0,3.0,7.0,2,0,0,0,,,,,0,0,,0,0,,,,1,1.0,0,0,0,0,0,0,0,MATCH,1,2.0
BI_004_R03.png,BI,bar,identification,BI_004,4,3,1426,650,OK,EXACT,2,2,2,0,0,0,vermelho|verde,#C62828|#2E7D32,#C62828|#2E7D32,0.0,0.0,0.0,1.0,1.0,3.0,7.0,2,0,0,0,,,,,0,0,,0,0,,,,1,1.0,0,0,0,0,0,0,0,MATCH,1,2.0
BI_004_R04.png,BI,bar,identification,BI_004,4,4,1426,650,OK,EXACT,2,2,2,0,0,0,vermelho|verde,#C62828|#2E7D32,#C62828|#2E7D32,0.0,0.0,0.0,1.0,1.0,3.0,7.0,2,0,0,0,,,,,0,0,,0,0,,,,1,1.0,0,0,0,0,0,0,0,MATCH,1,2.0
BI_004_R05.png,BI,bar,identification,BI_004,4,5,1426,650,OK,EXACT,2,2,2,0,0,0,vermelho|verde,#C62828|#2E7D32,#C62828|#2E7D32,0.0,0.0,0.0,1.0,1.0,3.0,7.0,2,0,0,0,,,,,0,0,,0,0,,,,1,1.0,0,0,0,0,0,0,0,MATCH,1,2.0
BI_004_R06.png,BI,bar,identification,BI_004,4,6,1426,650,OK,EXACT,2,2,2,0,0,0,vermelho|verde,#C62828|#2E7D32,#C62828|#2E7D32,0.0,0.0,0.0,1.0,1.0,3.0,7.0,2,0,0,0,,,,,0,0,,0,0,,,,1,1.0,0,0,0,0,0,0,0,MATCH,1,2.0
BI_004_R07.png,BI,bar,identification,BI_004,4,7,1426,650,OK,EXACT,2,2,2,0,0,0,vermelho|verde,#C62828|#2E7D32,#C62828|#2E7D32,0.0,0.0,0.0,1.0,1.0,3.0,7.0,2,0,0,0,,,,,0,0,,0,0,,,,1,1.0,0,0,0,0,0,0,0,MATCH,1,2.0
BI_004_R08.png,BI,bar,identification,BI_004,4,8,1426,650,OK,EXACT,2,2,2,0,0,0,vermelho|verde,#C62828|#2E7D32,#C62828|#2E7D32,0.0,0.0,0.0,1.0,1.0,3.0,7.0,2,0,0,0,,,,,0,0,,0,0,,,,1,1.0,0,0,0,0,0,0,0,MATCH,1,2.0
BI_004_R09.png,BI,bar,identification,BI_004,4,9,1426,650,OK,EXACT,2,2,2,0,0,0,vermelho|verde,#C62828|#2E7D32,#C62828|#2E7D32,0.0,0.0,0.0,1.0,1.0,3.0,7.0,2,0,0,0,,,,,0,0,,0,0,,,,1,1.0,0,0,0,0,0,0,0,MATCH,1,2.0
BI_004_R10.png,BI,bar,identification,BI_004,4,10,1426,650,OK,EXACT,2,2,2,0,0,0,vermelho|verde,#C62828|#2E7D32,#C62828|#2E7D32,0.0,0.0,0.0,1.0,1.0,3.0,7.0,2,0,0,0,,,,,0,0,,0,0,,,,1,1.0,0,0,0,0,0,0,0,MATCH,1,2.0
BI_005_R01.png,BI,bar,identification,BI_005,5,1,1366,772,OK,EXACT,2,2,2,0,0,0,vermelho|verde,#C62828|#2E7D32,#C62828|#2E7D32,0.0,0.0,0.0,0.968979,0.959459,3.0,7.0,2,0,0,0,,,,,0,0,,0,0,,,,1,1.0,0,0,0,0,0,0,0,MATCH,1,2.0
BI_005_R02.png,BI,bar,identification,BI_005,5,2,775,530,OK,EXACT,2,2,2,0,0,0,vermelho|verde,#C62828|#2E7D32,#2E7D32|#C62828,0.0,0.0,0.0,1.0,1.0,3.0,15.0,2,0,0,0,,,,,0,0,,0,0,,,,1,1.0,0,0,0,0,0,0,0,MATCH,1,2.0
BI_005_R03.png,BI,bar,identification,BI_005,5,3,775,530,OK,EXACT,2,2,2,0,0,0,vermelho|verde,#C62828|#2E7D32,#2E7D32|#C62828,0.0,0.0,0.0,1.0,1.0,3.0,15.0,2,0,0,0,,,,,0,0,,0,0,,,,1,1.0,0,0,0,0,0,0,0,MATCH,1,2.0
BI_005_R04.png,BI,bar,identification,BI_005,5,4,775,530,OK,EXACT,2,2,2,0,0,0,vermelho|verde,#C62828|#2E7D32,#2E7D32|#C62828,0.0,0.0,0.0,1.0,1.0,3.0,15.0,2,0,0,0,,,,,0,0,,0,0,,,,1,1.0,0,0,0,0,0,0,0,MATCH,1,2.0
BI_005_R05.png,BI,bar,identification,BI_005,5,5,775,530,OK,EXACT,2,2,2,0,0,0,vermelho|verde,#C62828|#2E7D32,#2E7D32|#C62828,0.0,0.0,0.0,1.0,1.0,3.0,15.0,2,0,0,0,,,,,0,0,,0,0,,,,1,1.0,0,0,0,0,0,0,0,MATCH,1,2.0
BI_005_R06.png,BI,bar,identification,BI_005,5,6,775,530,OK,EXACT,2,2,2,0,0,0,vermelho|verde,#C62828|#2E7D32,#2E7D32|#C62828,0.0,0.0,0.0,1.0,1.0,3.0,15.0,2,0,0,0,,,,,0,0,,0,0,,,,1,1.0,0,0,0,0,0,0,0,MATCH,1,2.0
BI_005_R07.png,BI,bar,identification,BI_005,5,7,775,530,OK,EXACT,2,2,2,0,0,0,vermelho|verde,#C62828|#2E7D32,#2E7D32|#C62828,0.0,0.0,0.0,1.0,1.0,3.0,15.0,2,0,0,0,,,,,0,0,,0,0,,,,1,1.0,0,0,0,0,0,0,0,MATCH,1,2.0
BI_005_R08.png,BI,bar,identification,BI_005,5,8,775,530,OK,EXACT,2,2,2,0,0,0,vermelho|verde,#C62828|#2E7D32,#2E7D32|#C62828,0.0,0.0,0.0,1.0,1.0,3.0,15.0,2,0,0,0,,,,,0,0,,0,0,,,,1,1.0,0,0,0,0,0,0,0,MATCH,1,2.0
BI_005_R09.png,BI,bar,identification,BI_005,5,9,775,530,OK,EXACT,2,2,2,0,0,0,vermelho|verde,#C62828|#2E7D32,#2E7D32|#C62828,0.0,0.0,0.0,1.0,1.0,3.0,15.0,2,0,0,0,,,,,0,0,,0,0,,,,1,1.0,0,0,0,0,0,0,0,MATCH,1,2.0
BI_005_R10.png,BI,bar,identification,BI_005,5,10,775,530,OK,EXACT,2,2,2,0,0,0,vermelho|verde,#C62828|#2E7D32,#2E7D32|#C62828,0.0,0.0,0.0,1.0,1.0,3.0,15.0,2,0,0,0,,,,,0,0,,0,0,,,,1,1.0,0,0,0,0,0,0,0,MATCH,1,2.0
BI_006_R01.png,BI,bar,identification,BI_006,6,1,1152,672,OK,EXACT,2,2,2,0,0,0,vermelho|verde,#C62828|#2E7D32,#C62828|#2E7D32,0.0,0.0,0.0,0.968765,0.959459,3.0,7.0,2,0,0,0,,,,,0,0,,0,0,,,,1,1.0,0,0,0,0,0,0,0,MATCH,1,2.0
BI_006_R02.png,BI,bar,identification,BI_006,6,2,817,530,OK,EXACT,2,2,2,0,0,0,vermelho|verde,#C62828|#2E7D32,#C62828|#6A1B9A,26.391649,26.391649,52.783298,1.0,1.0,2.0,11.0,2,0,0,0,,,,,0,0,,0,0,,,,1,0.0,1,0,0,0,0,0,0,COLOR_DEVIATION,0,2.0
BI_006_R03.png,BI,bar,identification,BI_006,6,3,817,530,OK,EXACT,2,2,2,0,0,0,vermelho|verde,#C62828|#2E7D32,#C62828|#6A1B9A,26.391649,26.391649,52.783298,1.0,1.0,2.0,11.0,2,0,0,0,,,,,0,0,,0,0,,,,1,0.0,1,0,0,0,0,0,0,COLOR_DEVIATION,0,2.0
BI_006_R04.png,BI,bar,identification,BI_006,6,4,817,530,OK,EXACT,2,2,2,0,0,0,vermelho|verde,#C62828|#2E7D32,#C62828|#6A1B9A,26.391649,26.391649,52.783298,1.0,1.0,2.0,11.0,2,0,0,0,,,,,0,0,,0,0,,,,1,0.0,1,0,0,0,0,0,0,COLOR_DEVIATION,0,2.0
BI_006_R05.png,BI,bar,identification,BI_006,6,5,817,530,OK,EXACT,2,2,2,0,0,0,vermelho|verde,#C62828|#2E7D32,#C62828|#6A1B9A,26.391649,26.391649,52.783298,1.0,1.0,2.0,11.0,2,0,0,0,,,,,0,0,,0,0,,,,1,0.0,1,0,0,0,0,0,0,COLOR_DEVIATION,0,2.0
BI_006_R06.png,BI,bar,identification,BI_006,6,6,817,550,OK,EXACT,2,2,2,0,0,0,vermelho|verde,#C62828|#2E7D32,#2E7D32|#C62828,0.0,0.0,0.0,1.0,1.0,3.0,15.0,2,0,0,0,,,,,0,0,,0,0,,,,1,1.0,0,0,0,0,0,0,0,MATCH,1,2.0
BI_006_R07.png,BI,bar,identification,BI_006,6,7,817,550,OK,EXACT,2,2,2,0,0,0,vermelho|verde,#C62828|#2E7D32,#2E7D32|#C62828,0.0,0.0,0.0,1.0,1.0,3.0,15.0,2,0,0,0,,,,,0,0,,0,0,,,,1,1.0,0,0,0,0,0,0,0,MATCH,1,2.0
BI_006_R08.png,BI,bar,identification,BI_006,6,8,817,550,OK,EXACT,2,2,2,0,0,0,vermelho|verde,#C62828|#2E7D32,#2E7D32|#C62828,0.0,0.0,0.0,1.0,1.0,3.0,15.0,2,0,0,0,,,,,0,0,,0,0,,,,1,1.0,0,0,0,0,0,0,0,MATCH,1,2.0
BI_006_R09.png,BI,bar,identification,BI_006,6,9,817,550,OK,EXACT,2,2,2,0,0,0,vermelho|verde,#C62828|#2E7D32,#2E7D32|#C62828,0.0,0.0,0.0,1.0,1.0,3.0,15.0,2,0,0,0,,,,,0,0,,0,0,,,,1,1.0,0,0,0,0,0,0,0,MATCH,1,2.0
BI_006_R10.png,BI,bar,identification,BI_006,6,10,817,550,OK,EXACT,2,2,2,0,0,0,vermelho|verde,#C62828|#2E7D32,#2E7D32|#C62828,0.0,0.0,0.0,1.0,1.0,3.0,15.0,2,0,0,0,,,,,0,0,,0,0,,,,1,1.0,0,0,0,0,0,0,0,MATCH,1,2.0
BI_007_R01.png,BI,bar,identification,BI_007,7,1,1120,672,OK,EXACT,2,2,2,0,0,0,vermelho|verde,#C62828|#2E7D32,#C62828|#2E7D32,0.0,0.0,0.0,0.968909,0.959459,3.0,7.0,2,0,0,0,,,,,0,0,,0,0,,,,1,1.0,0,0,0,0,0,0,0,MATCH,1,2.0
BI_007_R02.png,BI,bar,identification,BI_007,7,2,1120,672,OK,EXACT,2,2,2,0,0,0,vermelho|verde,#C62828|#2E7D32,#C62828|#2E7D32,0.0,0.0,0.0,0.968909,0.959459,3.0,7.0,2,0,0,0,,,,,0,0,,0,0,,,,1,1.0,0,0,0,0,0,0,0,MATCH,1,2.0
BI_007_R03.png,BI,bar,identification,BI_007,7,3,1120,672,OK,EXACT,2,2,2,0,0,0,vermelho|verde,#C62828|#2E7D32,#C62828|#2E7D32,0.0,0.0,0.0,0.968909,0.959459,3.0,7.0,2,0,0,0,,,,,0,0,,0,0,,,,1,1.0,0,0,0,0,0,0,0,MATCH,1,2.0
BI_007_R04.png,BI,bar,identification,BI_007,7,4,1120,672,OK,EXACT,2,2,2,0,0,0,vermelho|verde,#C62828|#2E7D32,#C62828|#2E7D32,0.0,0.0,0.0,0.968909,0.959459,3.0,7.0,2,0,0,0,,,,,0,0,,0,0,,,,1,1.0,0,0,0,0,0,0,0,MATCH,1,2.0
BI_007_R05.png,BI,bar,identification,BI_007,7,5,1120,672,OK,EXACT,2,2,2,0,0,0,vermelho|verde,#C62828|#2E7D32,#C62828|#2E7D32,0.0,0.0,0.0,0.968909,0.959459,3.0,7.0,2,0,0,0,,,,,0,0,,0,0,,,,1,1.0,0,0,0,0,0,0,0,MATCH,1,2.0
BI_007_R06.png,BI,bar,identification,BI_007,7,6,1120,672,OK,EXACT,2,2,2,0,0,0,vermelho|verde,#C62828|#2E7D32,#C62828|#2E7D32,0.0,0.0,0.0,0.968909,0.959459,3.0,7.0,2,0,0,0,,,,,0,0,,0,0,,,,1,1.0,0,0,0,0,0,0,0,MATCH,1,2.0
BI_007_R07.png,BI,bar,identification,BI_007,7,7,1120,672,OK,EXACT,2,2,2,0,0,0,vermelho|verde,#C62828|#2E7D32,#C62828|#2E7D32,0.0,0.0,0.0,0.968909,0.959459,3.0,7.0,2,0,0,0,,,,,0,0,,0,0,,,,1,1.0,0,0,0,0,0,0,0,MATCH,1,2.0
BI_007_R08.png,BI,bar,identification,BI_007,7,8,1120,672,OK,EXACT,2,2,2,0,0,0,vermelho|verde,#C62828|#2E7D32,#C62828|#2E7D32,0.0,0.0,0.0,0.968909,0.959459,3.0,7.0,2,0,0,0,,,,,0,0,,0,0,,,,1,1.0,0,0,0,0,0,0,0,MATCH,1,2.0
BI_007_R09.png,BI,bar,identification,BI_007,7,9,1120,672,OK,EXACT,2,2,2,0,0,0,vermelho|verde,#C62828|#2E7D32,#C62828|#2E7D32,0.0,0.0,0.0,0.968909,0.959459,3.0,7.0,2,0,0,0,,,,,0,0,,0,0,,,,1,1.0,0,0,0,0,0,0,0,MATCH,1,2.0
BI_007_R10.png,BI,bar,identification,BI_007,7,10,1120,672,OK,EXACT,2,2,2,0,0,0,vermelho|verde,#C62828|#2E7D32,#C62828|#2E7D32,0.0,0.0,0.0,0.968909,0.959459,3.0,7.0,2,0,0,0,,,,,0,0,,0,0,,,,1,1.0,0,0,0,0,0,0,0,MATCH,1,2.0
BI_008_R01.png,BI,bar,identification,BI_008,8,1,1450,791,OK,EXACT,2,2,2,0,0,0,vermelho|verde,#C62828|#2E7D32,#C62828|#2E7D32,0.0,0.0,0.0,1.0,1.0,3.0,7.0,2,0,0,0,,,,,0,0,,0,0,,,,1,1.0,0,0,0,0,0,0,0,MATCH,1,2.0
BI_008_R02.png,BI,bar,identification,BI_008,8,2,1155,671,OK,EXACT,2,2,2,0,0,0,vermelho|verde,#C62828|#2E7D32,#C62828|#2E7D32,0.0,0.0,0.0,1.0,1.0,3.0,7.0,2,0,0,0,,,,,0,0,,0,0,,,,1,1.0,0,0,0,0,0,0,0,MATCH,1,2.0
BI_008_R03.png,BI,bar,identification,BI_008,8,3,1345,669,OK,MISSING,2,1,1,0,1,1,vermelho|verde,#C62828|#2E7D32,#1F4FD8,43.702198,43.702198,43.702198,1.0,1.0,1.0,4.0,1,0,0,0,,,,,0,0,,0,0,,,,1,0.0,1,1,0,0,0,0,0,MISSING_COLOR+COLOR_DEVIATION,0,2.0
BI_008_R04.png,BI,bar,identification,BI_008,8,4,1345,669,OK,MISSING,2,1,1,0,1,1,vermelho|verde,#C62828|#2E7D32,#1F4FD8,43.702198,43.702198,43.702198,1.0,1.0,1.0,4.0,1,0,0,0,,,,,0,0,,0,0,,,,1,0.0,1,1,0,0,0,0,0,MISSING_COLOR+COLOR_DEVIATION,0,2.0
BI_008_R05.png,BI,bar,identification,BI_008,8,5,1155,671,OK,EXACT,2,2,2,0,0,0,vermelho|verde,#C62828|#2E7D32,#C62828|#2E7D32,0.0,0.0,0.0,1.0,1.0,3.0,7.0,2,0,0,0,,,,,0,0,,0,0,,,,1,1.0,0,0,0,0,0,0,0,MATCH,1,2.0
BI_008_R06.png,BI,bar,identification,BI_008,8,6,1155,671,OK,EXACT,2,2,2,0,0,0,vermelho|verde,#C62828|#2E7D32,#C62828|#2E7D32,0.0,0.0,0.0,1.0,1.0,3.0,7.0,2,0,0,0,,,,,0,0,,0,0,,,,1,1.0,0,0,0,0,0,0,0,MATCH,1,2.0
BI_008_R07.png,BI,bar,identification,BI_008,8,7,1155,671,OK,EXACT,2,2,2,0,0,0,vermelho|verde,#C62828|#2E7D32,#C62828|#2E7D32,0.0,0.0,0.0,1.0,1.0,3.0,7.0,2,0,0,0,,,,,0,0,,0,0,,,,1,1.0,0,0,0,0,0,0,0,MATCH,1,2.0
BI_008_R08.png,BI,bar,identification,BI_008,8,8,1155,671,OK,EXACT,2,2,2,0,0,0,vermelho|verde,#C62828|#2E7D32,#C62828|#2E7D32,0.0,0.0,0.0,1.0,1.0,3.0,7.0,2,0,0,0,,,,,0,0,,0,0,,,,1,1.0,0,0,0,0,0,0,0,MATCH,1,2.0
BI_008_R09.png,BI,bar,identification,BI_008,8,9,1155,671,OK,EXACT,2,2,2,0,0,0,vermelho|verde,#C62828|#2E7D32,#C62828|#2E7D32,0.0,0.0,0.0,1.0,1.0,3.0,7.0,2,0,0,0,,,,,0,0,,0,0,,,,1,1.0,0,0,0,0,0,0,0,MATCH,1,2.0
BI_008_R10.png,BI,bar,identification,BI_008,8,10,1155,671,OK,EXACT,2,2,2,0,0,0,vermelho|verde,#C62828|#2E7D32,#C62828|#2E7D32,0.0,0.0,0.0,1.0,1.0,3.0,7.0,2,0,0,0,,,,,0,0,,0,0,,,,1,1.0,0,0,0,0,0,0,0,MATCH,1,2.0
BI_009_R01.png,BI,bar,identification,BI_009,9,1,1367,772,OK,EXACT,2,2,2,0,0,0,vermelho|verde,#C62828|#2E7D32,#C62828|#2E7D32,0.0,0.0,0.0,1.0,1.0,3.0,7.0,2,0,0,0,,,,,0,0,,0,0,,,,1,1.0,0,0,0,0,0,0,0,MATCH,1,2.0
BI_009_R02.png,BI,bar,identification,BI_009,9,2,1375,670,OK,EXACT,2,2,2,0,0,0,vermelho|verde,#C62828|#2E7D32,#C62828|#2E7D32,0.0,0.0,0.0,0.968979,0.959459,3.0,7.0,2,0,0,0,,,,,0,0,,0,0,,,,1,1.0,0,0,0,0,0,0,0,MATCH,1,2.0
BI_009_R03.png,BI,bar,identification,BI_009,9,3,1375,670,OK,EXACT,2,2,2,0,0,0,vermelho|verde,#C62828|#2E7D32,#C62828|#2E7D32,0.0,0.0,0.0,0.968979,0.959459,3.0,7.0,2,0,0,0,,,,,0,0,,0,0,,,,1,1.0,0,0,0,0,0,0,0,MATCH,1,2.0
BI_009_R04.png,BI,bar,identification,BI_009,9,4,1375,670,OK,EXACT,2,2,2,0,0,0,vermelho|verde,#C62828|#2E7D32,#C62828|#2E7D32,0.0,0.0,0.0,0.968979,0.959459,3.0,7.0,2,0,0,0,,,,,0,0,,0,0,,,,1,1.0,0,0,0,0,0,0,0,MATCH,1,2.0
BI_009_R05.png,BI,bar,identification,BI_009,9,5,1375,670,OK,EXACT,2,2,2,0,0,0,vermelho|verde,#C62828|#2E7D32,#C62828|#2E7D32,0.0,0.0,0.0,0.968979,0.959459,3.0,7.0,2,0,0,0,,,,,0,0,,0,0,,,,1,1.0,0,0,0,0,0,0,0,MATCH,1,2.0
BI_009_R06.png,BI,bar,identification,BI_009,9,6,1375,670,OK,EXACT,2,2,2,0,0,0,vermelho|verde,#C62828|#2E7D32,#C62828|#2E7D32,0.0,0.0,0.0,0.968979,0.959459,3.0,7.0,2,0,0,0,,,,,0,0,,0,0,,,,1,1.0,0,0,0,0,0,0,0,MATCH,1,2.0
BI_009_R07.png,BI,bar,identification,BI_009,9,7,1375,670,OK,EXACT,2,2,2,0,0,0,vermelho|verde,#C62828|#2E7D32,#C62828|#2E7D32,0.0,0.0,0.0,0.968979,0.959459,3.0,7.0,2,0,0,0,,,,,0,0,,0,0,,,,1,1.0,0,0,0,0,0,0,0,MATCH,1,2.0
BI_009_R08.png,BI,bar,identification,BI_009,9,8,1375,670,OK,EXACT,2,2,2,0,0,0,vermelho|verde,#C62828|#2E7D32,#C62828|#2E7D32,0.0,0.0,0.0,0.968979,0.959459,3.0,7.0,2,0,0,0,,,,,0,0,,0,0,,,,1,1.0,0,0,0,0,0,0,0,MATCH,1,2.0
BI_009_R09.png,BI,bar,identification,BI_009,9,9,1375,670,OK,EXACT,2,2,2,0,0,0,vermelho|verde,#C62828|#2E7D32,#C62828|#2E7D32,0.0,0.0,0.0,0.968979,0.959459,3.0,7.0,2,0,0,0,,,,,0,0,,0,0,,,,1,1.0,0,0,0,0,0,0,0,MATCH,1,2.0
BI_009_R10.png,BI,bar,identification,BI_009,9,10,1375,670,OK,EXACT,2,2,2,0,0,0,vermelho|verde,#C62828|#2E7D32,#C62828|#2E7D32,0.0,0.0,0.0,0.968979,0.959459,3.0,7.0,2,0,0,0,,,,,0,0,,0,0,,,,1,1.0,0,0,0,0,0,0,0,MATCH,1,2.0
BI_010_R01.png,BI,bar,identification,BI_010,10,1,1416,671,OK,EXACT,2,2,2,0,0,0,vermelho|verde,#C62828|#2E7D32,#C62828|#2E7D32,0.0,0.0,0.0,1.0,1.0,3.0,7.0,2,0,0,0,,,,,0,0,,0,0,,,,1,1.0,0,0,0,0,0,0,0,MATCH,1,2.0
BI_010_R02.png,BI,bar,identification,BI_010,10,2,1372,667,OK,MISSING,2,1,1,0,1,1,vermelho|verde,#C62828|#2E7D32,#C62828,0.0,0.0,0.0,0.955665,0.955665,1.0,1.0,1,0,0,0,,,,,0,0,,0,0,,,,1,1.0,0,1,0,0,0,0,0,MISSING_COLOR,0,2.0
BI_010_R03.png,BI,bar,identification,BI_010,10,3,1372,667,OK,MISSING,2,1,1,0,1,1,vermelho|verde,#C62828|#2E7D32,#1F4FD8,43.702198,43.702198,43.702198,1.0,1.0,1.0,4.0,1,0,0,0,,,,,0,0,,0,0,,,,1,0.0,1,1,0,0,0,0,0,MISSING_COLOR+COLOR_DEVIATION,0,2.0
BI_010_R04.png,BI,bar,identification,BI_010,10,4,1372,667,OK,MISSING,2,1,1,0,1,1,vermelho|verde,#C62828|#2E7D32,#1F4FD8,43.702198,43.702198,43.702198,1.0,1.0,1.0,4.0,1,0,0,0,,,,,0,0,,0,0,,,,1,0.0,1,1,0,0,0,0,0,MISSING_COLOR+COLOR_DEVIATION,0,2.0
BI_010_R05.png,BI,bar,identification,BI_010,10,5,1372,667,OK,MISSING,2,1,1,0,1,1,vermelho|verde,#C62828|#2E7D32,#1F4FD8,43.702198,43.702198,43.702198,1.0,1.0,1.0,4.0,1,0,0,0,,,,,0,0,,0,0,,,,1,0.0,1,1,0,0,0,0,0,MISSING_COLOR+COLOR_DEVIATION,0,2.0
BI_010_R06.png,BI,bar,identification,BI_010,10,6,1359,665,OK,EXACT,2,2,2,0,0,0,vermelho|verde,#C62828|#2E7D32,#C62828|#2E7D32,0.0,0.0,0.0,1.0,1.0,3.0,7.0,2,0,0,0,,,,,0,0,,0,0,,,,1,1.0,0,0,0,0,0,0,0,MATCH,1,2.0
BI_010_R07.png,BI,bar,identification,BI_010,10,7,1359,665,OK,EXACT,2,2,2,0,0,0,vermelho|verde,#C62828|#2E7D32,#C62828|#2E7D32,0.0,0.0,0.0,1.0,1.0,3.0,7.0,2,0,0,0,,,,,0,0,,0,0,,,,1,1.0,0,0,0,0,0,0,0,MATCH,1,2.0
BI_010_R08.png,BI,bar,identification,BI_010,10,8,1359,665,OK,EXACT,2,2,2,0,0,0,vermelho|verde,#C62828|#2E7D32,#C62828|#2E7D32,0.0,0.0,0.0,1.0,1.0,3.0,7.0,2,0,0,0,,,,,0,0,,0,0,,,,1,1.0,0,0,0,0,0,0,0,MATCH,1,2.0
BI_010_R09.png,BI,bar,identification,BI_010,10,9,1359,665,OK,EXACT,2,2,2,0,0,0,vermelho|verde,#C62828|#2E7D32,#C62828|#2E7D32,0.0,0.0,0.0,1.0,1.0,3.0,7.0,2,0,0,0,,,,,0,0,,0,0,,,,1,1.0,0,0,0,0,0,0,0,MATCH,1,2.0
BI_010_R10.png,BI,bar,identification,BI_010,10,10,1359,665,OK,EXACT,2,2,2,0,0,0,vermelho|verde,#C62828|#2E7D32,#C62828|#2E7D32,0.0,0.0,0.0,1.0,1.0,3.0,7.0,2,0,0,0,,,,,0,0,,0,0,,,,1,1.0,0,0,0,0,0,0,0,MATCH,1,2.0
BI_011_R01.png,BI,bar,identification,BI_011,11,1,1306,651,OK,EXACT,2,2,2,0,0,0,vermelho|verde,#C62828|#2E7D32,#C62828|#2E7D32,0.0,0.0,0.0,1.0,1.0,3.0,7.0,2,0,0,0,,,,,0,0,,0,0,,,,1,1.0,0,0,0,0,0,0,0,MATCH,1,2.0
BI_011_R02.png,BI,bar,identification,BI_011,11,2,1131,670,OK,EXACT,2,2,2,0,0,0,vermelho|verde,#C62828|#2E7D32,#C62828|#2E7D32,0.0,0.0,0.0,0.968979,0.959459,3.0,7.0,2,0,0,0,,,,,0,0,,0,0,,,,1,1.0,0,0,0,0,0,0,0,MATCH,1,2.0
BI_011_R03.png,BI,bar,identification,BI_011,11,3,1131,670,OK,EXACT,2,2,2,0,0,0,vermelho|verde,#C62828|#2E7D32,#C62828|#2E7D32,0.0,0.0,0.0,0.968979,0.959459,3.0,7.0,2,0,0,0,,,,,0,0,,0,0,,,,1,1.0,0,0,0,0,0,0,0,MATCH,1,2.0
BI_011_R04.png,BI,bar,identification,BI_011,11,4,1131,670,OK,EXACT,2,2,2,0,0,0,vermelho|verde,#C62828|#2E7D32,#C62828|#2E7D32,0.0,0.0,0.0,0.968979,0.959459,3.0,7.0,2,0,0,0,,,,,0,0,,0,0,,,,1,1.0,0,0,0,0,0,0,0,MATCH,1,2.0
BI_011_R05.png,BI,bar,identification,BI_011,11,5,1131,670,OK,EXACT,2,2,2,0,0,0,vermelho|verde,#C62828|#2E7D32,#C62828|#2E7D32,0.0,0.0,0.0,0.968979,0.959459,3.0,7.0,2,0,0,0,,,,,0,0,,0,0,,,,1,1.0,0,0,0,0,0,0,0,MATCH,1,2.0
BI_011_R06.png,BI,bar,identification,BI_011,11,6,1131,670,OK,EXACT,2,2,2,0,0,0,vermelho|verde,#C62828|#2E7D32,#C62828|#2E7D32,0.0,0.0,0.0,0.968979,0.959459,3.0,7.0,2,0,0,0,,,,,0,0,,0,0,,,,1,1.0,0,0,0,0,0,0,0,MATCH,1,2.0
BI_011_R07.png,BI,bar,identification,BI_011,11,7,1131,670,OK,EXACT,2,2,2,0,0,0,vermelho|verde,#C62828|#2E7D32,#C62828|#2E7D32,0.0,0.0,0.0,0.968979,0.959459,3.0,7.0,2,0,0,0,,,,,0,0,,0,0,,,,1,1.0,0,0,0,0,0,0,0,MATCH,1,2.0
BI_011_R08.png,BI,bar,identification,BI_011,11,8,1131,670,OK,EXACT,2,2,2,0,0,0,vermelho|verde,#C62828|#2E7D32,#C62828|#2E7D32,0.0,0.0,0.0,0.968979,0.959459,3.0,7.0,2,0,0,0,,,,,0,0,,0,0,,,,1,1.0,0,0,0,0,0,0,0,MATCH,1,2.0
BI_011_R09.png,BI,bar,identification,BI_011,11,9,1131,670,OK,EXACT,2,2,2,0,0,0,vermelho|verde,#C62828|#2E7D32,#C62828|#2E7D32,0.0,0.0,0.0,0.968979,0.959459,3.0,7.0,2,0,0,0,,,,,0,0,,0,0,,,,1,1.0,0,0,0,0,0,0,0,MATCH,1,2.0
BI_011_R10.png,BI,bar,identification,BI_011,11,10,1131,670,OK,EXACT,2,2,2,0,0,0,vermelho|verde,#C62828|#2E7D32,#C62828|#2E7D32,0.0,0.0,0.0,0.968979,0.959459,3.0,7.0,2,0,0,0,,,,,0,0,,0,0,,,,1,1.0,0,0,0,0,0,0,0,MATCH,1,2.0
BI_012_R01.png,BI,bar,identification,BI_012,12,1,1189,790,OK,EXACT,2,2,2,0,0,0,vermelho|verde,#C62828|#2E7D32,#C62828|#2E7D32,0.0,0.0,0.0,0.95639,0.948569,3.0,7.0,2,0,0,0,,,,,0,0,,0,0,,,,1,1.0,0,0,0,0,0,0,0,MATCH,1,2.0
BI_012_R02.png,BI,bar,identification,BI_012,12,2,1189,790,OK,MISSING,2,1,1,0,1,1,vermelho|verde,#C62828|#2E7D32,#2E7D32,0.0,0.0,0.0,0.588445,0.183871,6.0,11.0,1,0,0,0,,,,,0,0,,0,0,,,,1,1.0,0,1,0,0,0,0,0,MISSING_COLOR,0,2.0
BI_012_R03.png,BI,bar,identification,BI_012,12,3,1200,800,OK,EXACT,2,2,2,0,0,0,vermelho|verde,#C62828|#2E7D32,#C62828|#2E7D32,0.0,0.0,0.0,1.0,1.0,2.0,6.0,2,0,0,0,,,,,0,0,,0,0,,,,1,1.0,0,0,0,0,0,0,0,MATCH,1,2.0
BI_012_R04.png,BI,bar,identification,BI_012,12,4,1200,800,OK,EXACT,2,2,2,0,0,0,vermelho|verde,#C62828|#2E7D32,#C62828|#2E7D32,0.0,0.0,0.0,1.0,1.0,2.0,6.0,2,0,0,0,,,,,0,0,,0,0,,,,1,1.0,0,0,0,0,0,0,0,MATCH,1,2.0
BI_012_R05.png,BI,bar,identification,BI_012,12,5,1200,800,OK,EXACT,2,2,2,0,0,0,vermelho|verde,#C62828|#2E7D32,#C62828|#2E7D32,0.0,0.0,0.0,1.0,1.0,2.0,6.0,2,0,0,0,,,,,0,0,,0,0,,,,1,1.0,0,0,0,0,0,0,0,MATCH,1,2.0
BI_012_R06.png,BI,bar,identification,BI_012,12,6,1200,800,OK,EXACT,2,2,2,0,0,0,vermelho|verde,#C62828|#2E7D32,#C62828|#2E7D32,0.0,0.0,0.0,1.0,1.0,2.0,6.0,2,0,0,0,,,,,0,0,,0,0,,,,1,1.0,0,0,0,0,0,0,0,MATCH,1,2.0
BI_012_R07.png,BI,bar,identification,BI_012,12,7,1200,800,OK,EXACT,2,2,2,0,0,0,vermelho|verde,#C62828|#2E7D32,#C62828|#2E7D32,0.0,0.0,0.0,1.0,1.0,2.0,6.0,2,0,0,0,,,,,0,0,,0,0,,,,1,1.0,0,0,0,0,0,0,0,MATCH,1,2.0
BI_012_R08.png,BI,bar,identification,BI_012,12,8,1200,800,OK,EXACT,2,2,2,0,0,0,vermelho|verde,#C62828|#2E7D32,#C62828|#2E7D32,0.0,0.0,0.0,1.0,1.0,2.0,6.0,2,0,0,0,,,,,0,0,,0,0,,,,1,1.0,0,0,0,0,0,0,0,MATCH,1,2.0
BI_012_R09.png,BI,bar,identification,BI_012,12,9,1375,670,OK,EXACT,2,2,2,0,0,0,vermelho|verde,#C62828|#2E7D32,#C62828|#2E7D32,0.0,0.0,0.0,0.968979,0.959459,3.0,7.0,2,0,0,0,,,,,0,0,,0,0,,,,1,1.0,0,0,0,0,0,0,0,MATCH,1,2.0
BI_012_R10.png,BI,bar,identification,BI_012,12,10,1200,800,OK,EXACT,2,2,2,0,0,0,vermelho|verde,#C62828|#2E7D32,#C62828|#2E7D32,0.0,0.0,0.0,1.0,1.0,2.0,6.0,2,0,0,0,,,,,0,0,,0,0,,,,1,1.0,0,0,0,0,0,0,0,MATCH,1,2.0
BI_013_R01.png,BI,bar,identification,BI_013,13,1,1375,671,OK,EXACT,2,2,2,0,0,0,vermelho|verde,#C62828|#2E7D32,#C62828|#2E7D32,0.0,0.0,0.0,1.0,1.0,3.0,7.0,2,0,0,0,,,,,0,0,,0,0,,,,1,1.0,0,0,0,0,0,0,0,MATCH,1,2.0
BI_013_R02.png,BI,bar,identification,BI_013,13,2,1148,670,OK,EXACT,2,2,2,0,0,0,vermelho|verde,#C62828|#2E7D32,#C62828|#2E7D32,0.0,0.0,0.0,1.0,1.0,3.0,7.0,2,0,0,0,,,,,0,0,,0,0,,,,1,1.0,0,0,0,0,0,0,0,MATCH,1,2.0
BI_013_R03.png,BI,bar,identification,BI_013,13,3,1148,670,OK,EXACT,2,2,2,0,0,0,vermelho|verde,#C62828|#2E7D32,#C62828|#2E7D32,0.0,0.0,0.0,1.0,1.0,3.0,7.0,2,0,0,0,,,,,0,0,,0,0,,,,1,1.0,0,0,0,0,0,0,0,MATCH,1,2.0
BI_013_R04.png,BI,bar,identification,BI_013,13,4,1148,670,OK,EXACT,2,2,2,0,0,0,vermelho|verde,#C62828|#2E7D32,#C62828|#2E7D32,0.0,0.0,0.0,1.0,1.0,3.0,7.0,2,0,0,0,,,,,0,0,,0,0,,,,1,1.0,0,0,0,0,0,0,0,MATCH,1,2.0
BI_013_R05.png,BI,bar,identification,BI_013,13,5,1148,670,OK,EXACT,2,2,2,0,0,0,vermelho|verde,#C62828|#2E7D32,#C62828|#2E7D32,0.0,0.0,0.0,1.0,1.0,3.0,7.0,2,0,0,0,,,,,0,0,,0,0,,,,1,1.0,0,0,0,0,0,0,0,MATCH,1,2.0
BI_013_R06.png,BI,bar,identification,BI_013,13,6,1148,670,OK,EXACT,2,2,2,0,0,0,vermelho|verde,#C62828|#2E7D32,#C62828|#2E7D32,0.0,0.0,0.0,1.0,1.0,3.0,7.0,2,0,0,0,,,,,0,0,,0,0,,,,1,1.0,0,0,0,0,0,0,0,MATCH,1,2.0
BI_013_R07.png,BI,bar,identification,BI_013,13,7,1148,670,OK,EXACT,2,2,2,0,0,0,vermelho|verde,#C62828|#2E7D32,#C62828|#2E7D32,0.0,0.0,0.0,1.0,1.0,3.0,7.0,2,0,0,0,,,,,0,0,,0,0,,,,1,1.0,0,0,0,0,0,0,0,MATCH,1,2.0
BI_013_R08.png,BI,bar,identification,BI_013,13,8,1148,670,OK,EXACT,2,2,2,0,0,0,vermelho|verde,#C62828|#2E7D32,#C62828|#2E7D32,0.0,0.0,0.0,1.0,1.0,3.0,7.0,2,0,0,0,,,,,0,0,,0,0,,,,1,1.0,0,0,0,0,0,0,0,MATCH,1,2.0
BI_013_R09.png,BI,bar,identification,BI_013,13,9,1148,670,OK,EXACT,2,2,2,0,0,0,vermelho|verde,#C62828|#2E7D32,#C62828|#2E7D32,0.0,0.0,0.0,1.0,1.0,3.0,7.0,2,0,0,0,,,,,0,0,,0,0,,,,1,1.0,0,0,0,0,0,0,0,MATCH,1,2.0
BI_013_R10.png,BI,bar,identification,BI_013,13,10,1148,670,OK,EXACT,2,2,2,0,0,0,vermelho|verde,#C62828|#2E7D32,#C62828|#2E7D32,0.0,0.0,0.0,1.0,1.0,3.0,7.0,2,0,0,0,,,,,0,0,,0,0,,,,1,1.0,0,0,0,0,0,0,0,MATCH,1,2.0
BI_014_R01.png,BI,bar,identification,BI_014,14,1,1417,651,OK,EXACT,2,2,2,0,0,0,vermelho|verde,#C62828|#2E7D32,#C62828|#2E7D32,0.0,0.0,0.0,1.0,1.0,3.0,7.0,2,0,0,0,,,,,0,0,,0,0,,,,1,1.0,0,0,0,0,0,0,0,MATCH,1,2.0
BI_014_R02.png,BI,bar,identification,BI_014,14,2,1200,800,OK,EXACT,2,2,2,0,0,0,vermelho|verde,#C62828|#2E7D32,#C62828|#2E7D32,0.0,0.0,0.0,0.966275,0.956098,3.0,7.0,2,0,0,0,,,,,0,0,,0,0,,,,1,1.0,0,0,0,0,0,0,0,MATCH,1,2.0
BI_014_R03.png,BI,bar,identification,BI_014,14,3,1200,800,OK,EXACT,2,2,2,0,0,0,vermelho|verde,#C62828|#2E7D32,#C62828|#2E7D32,0.0,0.0,0.0,0.966275,0.956098,3.0,7.0,2,0,0,0,,,,,0,0,,0,0,,,,1,1.0,0,0,0,0,0,0,0,MATCH,1,2.0
BI_014_R04.png,BI,bar,identification,BI_014,14,4,1200,800,OK,EXACT,2,2,2,0,0,0,vermelho|verde,#C62828|#2E7D32,#C62828|#2E7D32,0.0,0.0,0.0,0.966275,0.956098,3.0,7.0,2,0,0,0,,,,,0,0,,0,0,,,,1,1.0,0,0,0,0,0,0,0,MATCH,1,2.0
BI_014_R05.png,BI,bar,identification,BI_014,14,5,1200,800,OK,EXACT,2,2,2,0,0,0,vermelho|verde,#C62828|#2E7D32,#C62828|#2E7D32,0.0,0.0,0.0,0.966275,0.956098,3.0,7.0,2,0,0,0,,,,,0,0,,0,0,,,,1,1.0,0,0,0,0,0,0,0,MATCH,1,2.0
BI_014_R06.png,BI,bar,identification,BI_014,14,6,1200,800,OK,EXACT,2,2,2,0,0,0,vermelho|verde,#C62828|#2E7D32,#C62828|#2E7D32,0.0,0.0,0.0,0.966275,0.956098,3.0,7.0,2,0,0,0,,,,,0,0,,0,0,,,,1,1.0,0,0,0,0,0,0,0,MATCH,1,2.0
BI_014_R07.png,BI,bar,identification,BI_014,14,7,1200,800,OK,EXACT,2,2,2,0,0,0,vermelho|verde,#C62828|#2E7D32,#C62828|#2E7D32,0.0,0.0,0.0,0.966275,0.956098,3.0,7.0,2,0,0,0,,,,,0,0,,0,0,,,,1,1.0,0,0,0,0,0,0,0,MATCH,1,2.0
BI_014_R08.png,BI,bar,identification,BI_014,14,8,1200,800,OK,EXACT,2,2,2,0,0,0,vermelho|verde,#C62828|#2E7D32,#C62828|#2E7D32,0.0,0.0,0.0,0.966275,0.956098,3.0,7.0,2,0,0,0,,,,,0,0,,0,0,,,,1,1.0,0,0,0,0,0,0,0,MATCH,1,2.0
BI_014_R09.png,BI,bar,identification,BI_014,14,9,1200,800,OK,EXACT,2,2,2,0,0,0,vermelho|verde,#C62828|#2E7D32,#C62828|#2E7D32,0.0,0.0,0.0,0.966275,0.956098,3.0,7.0,2,0,0,0,,,,,0,0,,0,0,,,,1,1.0,0,0,0,0,0,0,0,MATCH,1,2.0
BI_014_R10.png,BI,bar,identification,BI_014,14,10,1200,800,OK,EXACT,2,2,2,0,0,0,vermelho|verde,#C62828|#2E7D32,#C62828|#2E7D32,0.0,0.0,0.0,0.966275,0.956098,3.0,7.0,2,0,0,0,,,,,0,0,,0,0,,,,1,1.0,0,0,0,0,0,0,0,MATCH,1,2.0
BI_015_R01.png,BI,bar,identification,BI_015,15,1,1200,800,OK,EXACT,2,2,2,0,0,0,vermelho|verde,#C62828|#2E7D32,#C62828|#2E7D32,0.0,0.0,0.0,0.979092,0.972603,3.0,7.0,2,0,0,0,,,,,0,0,,0,0,,,,1,1.0,0,0,0,0,0,0,0,MATCH,1,2.0
BI_015_R02.png,BI,bar,identification,BI_015,15,2,1200,800,OK,EXACT,2,2,2,0,0,0,vermelho|verde,#C62828|#2E7D32,#C62828|#2E7D32,0.0,0.0,0.0,0.968979,0.959459,3.0,7.0,2,0,0,0,,,,,0,0,,0,0,,,,1,1.0,0,0,0,0,0,0,0,MATCH,1,2.0
BI_015_R03.png,BI,bar,identification,BI_015,15,3,1200,800,OK,EXACT,2,2,2,0,0,0,vermelho|verde,#C62828|#2E7D32,#C62828|#2E7D32,0.0,0.0,0.0,0.968979,0.959459,3.0,7.0,2,0,0,0,,,,,0,0,,0,0,,,,1,1.0,0,0,0,0,0,0,0,MATCH,1,2.0
BI_015_R04.png,BI,bar,identification,BI_015,15,4,1200,800,OK,EXACT,2,2,2,0,0,0,vermelho|verde,#C62828|#2E7D32,#C62828|#2E7D32,0.0,0.0,0.0,0.968979,0.959459,3.0,7.0,2,0,0,0,,,,,0,0,,0,0,,,,1,1.0,0,0,0,0,0,0,0,MATCH,1,2.0
BI_015_R05.png,BI,bar,identification,BI_015,15,5,1200,800,OK,EXACT,2,2,2,0,0,0,vermelho|verde,#C62828|#2E7D32,#C62828|#2E7D32,0.0,0.0,0.0,0.968979,0.959459,3.0,7.0,2,0,0,0,,,,,0,0,,0,0,,,,1,1.0,0,0,0,0,0,0,0,MATCH,1,2.0
BI_015_R06.png,BI,bar,identification,BI_015,15,6,1200,800,OK,EXACT,2,2,2,0,0,0,vermelho|verde,#C62828|#2E7D32,#C62828|#2E7D32,0.0,0.0,0.0,0.968979,0.959459,3.0,7.0,2,0,0,0,,,,,0,0,,0,0,,,,1,1.0,0,0,0,0,0,0,0,MATCH,1,2.0
BI_015_R07.png,BI,bar,identification,BI_015,15,7,1200,800,OK,EXACT,2,2,2,0,0,0,vermelho|verde,#C62828|#2E7D32,#C62828|#2E7D32,0.0,0.0,0.0,0.968979,0.959459,3.0,7.0,2,0,0,0,,,,,0,0,,0,0,,,,1,1.0,0,0,0,0,0,0,0,MATCH,1,2.0
BI_015_R08.png,BI,bar,identification,BI_015,15,8,1200,800,OK,EXACT,2,2,2,0,0,0,vermelho|verde,#C62828|#2E7D32,#C62828|#2E7D32,0.0,0.0,0.0,0.968979,0.959459,3.0,7.0,2,0,0,0,,,,,0,0,,0,0,,,,1,1.0,0,0,0,0,0,0,0,MATCH,1,2.0
BI_015_R09.png,BI,bar,identification,BI_015,15,9,1200,800,OK,EXACT,2,2,2,0,0,0,vermelho|verde,#C62828|#2E7D32,#C62828|#2E7D32,0.0,0.0,0.0,0.968979,0.959459,3.0,7.0,2,0,0,0,,,,,0,0,,0,0,,,,1,1.0,0,0,0,0,0,0,0,MATCH,1,2.0
BI_015_R10.png,BI,bar,identification,BI_015,15,10,1200,800,OK,EXACT,2,2,2,0,0,0,vermelho|verde,#C62828|#2E7D32,#C62828|#2E7D32,0.0,0.0,0.0,0.968979,0.959459,3.0,7.0,2,0,0,0,,,,,0,0,,0,0,,,,1,1.0,0,0,0,0,0,0,0,MATCH,1,2.0
BI_016_R01.png,BI,bar,identification,BI_016,16,1,1103,671,OK,EXACT,2,2,2,0,0,0,vermelho|verde,#C62828|#2E7D32,#C62828|#2E7D32,0.0,0.0,0.0,0.968979,0.959459,3.0,6.0,2,0,0,0,,,,,0,0,,0,0,,,,1,1.0,0,0,0,0,0,0,0,MATCH,1,2.0
BI_016_R02.png,BI,bar,identification,BI_016,16,2,1103,671,OK,EXACT,2,2,2,0,0,0,vermelho|verde,#C62828|#2E7D32,#C62828|#2E7D32,0.0,0.0,0.0,0.968979,0.959459,3.0,3.0,2,0,0,0,,,,,0,0,,0,0,,,,1,1.0,0,0,0,0,0,0,0,MATCH,1,2.0
BI_016_R03.png,BI,bar,identification,BI_016,16,3,1103,671,OK,EXACT,2,2,2,0,0,0,vermelho|verde,#C62828|#2E7D32,#C62828|#2E7D32,0.0,0.0,0.0,0.968979,0.959459,3.0,3.0,2,0,0,0,,,,,0,0,,0,0,,,,1,1.0,0,0,0,0,0,0,0,MATCH,1,2.0
BI_016_R04.png,BI,bar,identification,BI_016,16,4,1103,671,OK,EXACT,2,2,2,0,0,0,vermelho|verde,#C62828|#2E7D32,#C62828|#2E7D32,0.0,0.0,0.0,0.968979,0.959459,3.0,3.0,2,0,0,0,,,,,0,0,,0,0,,,,1,1.0,0,0,0,0,0,0,0,MATCH,1,2.0
BI_016_R05.png,BI,bar,identification,BI_016,16,5,1103,671,OK,EXACT,2,2,2,0,0,0,vermelho|verde,#C62828|#2E7D32,#C62828|#2E7D32,0.0,0.0,0.0,0.968979,0.959459,3.0,3.0,2,0,0,0,,,,,0,0,,0,0,,,,1,1.0,0,0,0,0,0,0,0,MATCH,1,2.0
BI_016_R06.png,BI,bar,identification,BI_016,16,6,1103,671,OK,EXACT,2,2,2,0,0,0,vermelho|verde,#C62828|#2E7D32,#C62828|#2E7D32,0.0,0.0,0.0,0.968979,0.959459,3.0,3.0,2,0,0,0,,,,,0,0,,0,0,,,,1,1.0,0,0,0,0,0,0,0,MATCH,1,2.0
BI_016_R07.png,BI,bar,identification,BI_016,16,7,1103,671,OK,EXACT,2,2,2,0,0,0,vermelho|verde,#C62828|#2E7D32,#C62828|#2E7D32,0.0,0.0,0.0,0.968979,0.959459,3.0,3.0,2,0,0,0,,,,,0,0,,0,0,,,,1,1.0,0,0,0,0,0,0,0,MATCH,1,2.0
BI_016_R08.png,BI,bar,identification,BI_016,16,8,1103,671,OK,EXACT,2,2,2,0,0,0,vermelho|verde,#C62828|#2E7D32,#C62828|#2E7D32,0.0,0.0,0.0,0.968979,0.959459,3.0,3.0,2,0,0,0,,,,,0,0,,0,0,,,,1,1.0,0,0,0,0,0,0,0,MATCH,1,2.0
BI_016_R09.png,BI,bar,identification,BI_016,16,9,1103,671,OK,EXACT,2,2,2,0,0,0,vermelho|verde,#C62828|#2E7D32,#C62828|#2E7D32,0.0,0.0,0.0,0.968979,0.959459,3.0,3.0,2,0,0,0,,,,,0,0,,0,0,,,,1,1.0,0,0,0,0,0,0,0,MATCH,1,2.0
BI_016_R10.png,BI,bar,identification,BI_016,16,10,1103,671,OK,EXACT,2,2,2,0,0,0,vermelho|verde,#C62828|#2E7D32,#C62828|#2E7D32,0.0,0.0,0.0,0.968979,0.959459,3.0,3.0,2,0,0,0,,,,,0,0,,0,0,,,,1,1.0,0,0,0,0,0,0,0,MATCH,1,2.0
BI_017_R01.png,BI,bar,identification,BI_017,17,1,1200,800,OK,EXACT,2,2,2,0,0,0,vermelho|verde,#C62828|#2E7D32,#C62828|#2E7D32,0.0,0.0,0.0,0.952345,0.944558,3.0,7.0,2,0,0,0,,,,,0,0,,0,0,,,,1,1.0,0,0,0,0,0,0,0,MATCH,1,2.0
BI_017_R02.png,BI,bar,identification,BI_017,17,2,1101,702,OK,EXACT,2,2,2,0,0,0,vermelho|verde,#C62828|#2E7D32,#C62828|#2E7D32,0.0,0.0,0.0,0.970723,0.96162,3.0,7.0,2,0,0,0,,,,,0,0,,0,0,,,,1,1.0,0,0,0,0,0,0,0,MATCH,1,2.0
BI_017_R03.png,BI,bar,identification,BI_017,17,3,1101,702,OK,EXACT,2,2,2,0,0,0,vermelho|verde,#C62828|#2E7D32,#C62828|#2E7D32,0.0,0.0,0.0,0.970723,0.96162,3.0,7.0,2,0,0,0,,,,,0,0,,0,0,,,,1,1.0,0,0,0,0,0,0,0,MATCH,1,2.0
BI_017_R04.png,BI,bar,identification,BI_017,17,4,1101,702,OK,EXACT,2,2,2,0,0,0,vermelho|verde,#C62828|#2E7D32,#C62828|#2E7D32,0.0,0.0,0.0,0.970723,0.96162,3.0,7.0,2,0,0,0,,,,,0,0,,0,0,,,,1,1.0,0,0,0,0,0,0,0,MATCH,1,2.0
BI_017_R05.png,BI,bar,identification,BI_017,17,5,1101,702,OK,EXACT,2,2,2,0,0,0,vermelho|verde,#C62828|#2E7D32,#C62828|#2E7D32,0.0,0.0,0.0,0.970723,0.96162,3.0,7.0,2,0,0,0,,,,,0,0,,0,0,,,,1,1.0,0,0,0,0,0,0,0,MATCH,1,2.0
BI_017_R06.png,BI,bar,identification,BI_017,17,6,1101,702,OK,EXACT,2,2,2,0,0,0,vermelho|verde,#C62828|#2E7D32,#C62828|#2E7D32,0.0,0.0,0.0,0.970723,0.96162,3.0,7.0,2,0,0,0,,,,,0,0,,0,0,,,,1,1.0,0,0,0,0,0,0,0,MATCH,1,2.0
BI_017_R07.png,BI,bar,identification,BI_017,17,7,1101,702,OK,EXACT,2,2,2,0,0,0,vermelho|verde,#C62828|#2E7D32,#C62828|#2E7D32,0.0,0.0,0.0,0.970723,0.96162,3.0,7.0,2,0,0,0,,,,,0,0,,0,0,,,,1,1.0,0,0,0,0,0,0,0,MATCH,1,2.0
BI_017_R08.png,BI,bar,identification,BI_017,17,8,1101,702,OK,EXACT,2,2,2,0,0,0,vermelho|verde,#C62828|#2E7D32,#C62828|#2E7D32,0.0,0.0,0.0,0.970723,0.96162,3.0,7.0,2,0,0,0,,,,,0,0,,0,0,,,,1,1.0,0,0,0,0,0,0,0,MATCH,1,2.0
BI_017_R09.png,BI,bar,identification,BI_017,17,9,1101,702,OK,EXACT,2,2,2,0,0,0,vermelho|verde,#C62828|#2E7D32,#C62828|#2E7D32,0.0,0.0,0.0,0.970723,0.96162,3.0,7.0,2,0,0,0,,,,,0,0,,0,0,,,,1,1.0,0,0,0,0,0,0,0,MATCH,1,2.0
BI_017_R10.png,BI,bar,identification,BI_017,17,10,1101,702,OK,EXACT,2,2,2,0,0,0,vermelho|verde,#C62828|#2E7D32,#C62828|#2E7D32,0.0,0.0,0.0,0.970723,0.96162,3.0,7.0,2,0,0,0,,,,,0,0,,0,0,,,,1,1.0,0,0,0,0,0,0,0,MATCH,1,2.0
BI_018_R01.png,BI,bar,identification,BI_018,18,1,1200,800,OK,EXACT,2,2,2,0,0,0,vermelho|verde,#C62828|#2E7D32,#C62828|#2E7D32,0.0,0.0,0.0,1.0,1.0,3.0,7.0,2,0,0,0,,,,,0,0,,0,0,,,,1,1.0,0,0,0,0,0,0,0,MATCH,1,2.0
BI_018_R02.png,BI,bar,identification,BI_018,18,2,1200,800,OK,EXACT,2,2,2,0,0,0,vermelho|verde,#C62828|#2E7D32,#C62828|#2E7D32,0.0,0.0,0.0,1.0,1.0,3.0,7.0,2,0,0,0,,,,,0,0,,0,0,,,,1,1.0,0,0,0,0,0,0,0,MATCH,1,2.0
BI_018_R03.png,BI,bar,identification,BI_018,18,3,1200,800,OK,EXACT,2,2,2,0,0,0,vermelho|verde,#C62828|#2E7D32,#C62828|#2E7D32,0.0,0.0,0.0,1.0,1.0,3.0,7.0,2,0,0,0,,,,,0,0,,0,0,,,,1,1.0,0,0,0,0,0,0,0,MATCH,1,2.0
BI_018_R04.png,BI,bar,identification,BI_018,18,4,1200,800,OK,EXACT,2,2,2,0,0,0,vermelho|verde,#C62828|#2E7D32,#C62828|#2E7D32,0.0,0.0,0.0,1.0,1.0,3.0,7.0,2,0,0,0,,,,,0,0,,0,0,,,,1,1.0,0,0,0,0,0,0,0,MATCH,1,2.0
BI_018_R05.png,BI,bar,identification,BI_018,18,5,1200,800,OK,EXACT,2,2,2,0,0,0,vermelho|verde,#C62828|#2E7D32,#C62828|#2E7D32,0.0,0.0,0.0,1.0,1.0,3.0,7.0,2,0,0,0,,,,,0,0,,0,0,,,,1,1.0,0,0,0,0,0,0,0,MATCH,1,2.0
BI_018_R06.png,BI,bar,identification,BI_018,18,6,1200,800,OK,EXACT,2,2,2,0,0,0,vermelho|verde,#C62828|#2E7D32,#C62828|#2E7D32,0.0,0.0,0.0,1.0,1.0,3.0,7.0,2,0,0,0,,,,,0,0,,0,0,,,,1,1.0,0,0,0,0,0,0,0,MATCH,1,2.0
BI_018_R07.png,BI,bar,identification,BI_018,18,7,1200,800,OK,EXACT,2,2,2,0,0,0,vermelho|verde,#C62828|#2E7D32,#C62828|#2E7D32,0.0,0.0,0.0,1.0,1.0,3.0,7.0,2,0,0,0,,,,,0,0,,0,0,,,,1,1.0,0,0,0,0,0,0,0,MATCH,1,2.0
BI_018_R08.png,BI,bar,identification,BI_018,18,8,1200,800,OK,EXACT,2,2,2,0,0,0,vermelho|verde,#C62828|#2E7D32,#C62828|#2E7D32,0.0,0.0,0.0,1.0,1.0,3.0,7.0,2,0,0,0,,,,,0,0,,0,0,,,,1,1.0,0,0,0,0,0,0,0,MATCH,1,2.0
BI_018_R09.png,BI,bar,identification,BI_018,18,9,1200,800,OK,EXACT,2,2,2,0,0,0,vermelho|verde,#C62828|#2E7D32,#C62828|#2E7D32,0.0,0.0,0.0,1.0,1.0,3.0,7.0,2,0,0,0,,,,,0,0,,0,0,,,,1,1.0,0,0,0,0,0,0,0,MATCH,1,2.0
BI_018_R10.png,BI,bar,identification,BI_018,18,10,1200,800,OK,EXACT,2,2,2,0,0,0,vermelho|verde,#C62828|#2E7D32,#C62828|#2E7D32,0.0,0.0,0.0,1.0,1.0,3.0,7.0,2,0,0,0,,,,,0,0,,0,0,,,,1,1.0,0,0,0,0,0,0,0,MATCH,1,2.0
BI_019_R01.png,BI,bar,identification,BI_019,19,1,1155,651,OK,EXACT,2,2,2,0,0,0,vermelho|verde,#C62828|#2E7D32,#EF6C00|#1F4FD8,39.099108,39.099108,54.293277,0.984641,0.975709,3.0,5.0,2,0,0,0,,,,,0,0,,0,0,,,,1,0.0,1,0,0,0,0,0,0,COLOR_DEVIATION,0,2.0
BI_019_R02.png,BI,bar,identification,BI_019,19,2,1037,718,OK,EXACT,2,2,2,0,0,0,vermelho|verde,#C62828|#2E7D32,#C62828|#2E7D32,0.0,0.0,0.0,0.969755,0.96044,3.0,7.0,2,0,0,0,,,,,0,0,,0,0,,,,1,1.0,0,0,0,0,0,0,0,MATCH,1,2.0
BI_019_R03.png,BI,bar,identification,BI_019,19,3,1037,718,OK,EXACT,2,2,2,0,0,0,vermelho|verde,#C62828|#2E7D32,#C62828|#2E7D32,0.0,0.0,0.0,0.970088,0.96144,3.0,7.0,2,0,0,0,,,,,0,0,,0,0,,,,1,1.0,0,0,0,0,0,0,0,MATCH,1,2.0
BI_019_R04.png,BI,bar,identification,BI_019,19,4,1037,718,OK,EXACT,2,2,2,0,0,0,vermelho|verde,#C62828|#2E7D32,#C62828|#2E7D32,0.0,0.0,0.0,0.969755,0.96044,3.0,7.0,2,0,0,0,,,,,0,0,,0,0,,,,1,1.0,0,0,0,0,0,0,0,MATCH,1,2.0
BI_019_R05.png,BI,bar,identification,BI_019,19,5,1037,718,OK,EXACT,2,2,2,0,0,0,vermelho|verde,#C62828|#2E7D32,#C62828|#2E7D32,0.0,0.0,0.0,0.969755,0.96044,3.0,7.0,2,0,0,0,,,,,0,0,,0,0,,,,1,1.0,0,0,0,0,0,0,0,MATCH,1,2.0
BI_019_R06.png,BI,bar,identification,BI_019,19,6,1037,718,OK,EXACT,2,2,2,0,0,0,vermelho|verde,#C62828|#2E7D32,#C62828|#2E7D32,0.0,0.0,0.0,0.969755,0.96044,3.0,7.0,2,0,0,0,,,,,0,0,,0,0,,,,1,1.0,0,0,0,0,0,0,0,MATCH,1,2.0
BI_019_R07.png,BI,bar,identification,BI_019,19,7,1037,718,OK,EXACT,2,2,2,0,0,0,vermelho|verde,#C62828|#2E7D32,#C62828|#2E7D32,0.0,0.0,0.0,0.969755,0.96044,3.0,7.0,2,0,0,0,,,,,0,0,,0,0,,,,1,1.0,0,0,0,0,0,0,0,MATCH,1,2.0
BI_019_R08.png,BI,bar,identification,BI_019,19,8,1037,718,OK,EXACT,2,2,2,0,0,0,vermelho|verde,#C62828|#2E7D32,#C62828|#2E7D32,0.0,0.0,0.0,0.970088,0.96144,3.0,7.0,2,0,0,0,,,,,0,0,,0,0,,,,1,1.0,0,0,0,0,0,0,0,MATCH,1,2.0
BI_019_R09.png,BI,bar,identification,BI_019,19,9,1037,718,OK,EXACT,2,2,2,0,0,0,vermelho|verde,#C62828|#2E7D32,#C62828|#2E7D32,0.0,0.0,0.0,0.969755,0.96044,3.0,7.0,2,0,0,0,,,,,0,0,,0,0,,,,1,1.0,0,0,0,0,0,0,0,MATCH,1,2.0
BI_019_R10.png,BI,bar,identification,BI_019,19,10,1037,718,OK,EXACT,2,2,2,0,0,0,vermelho|verde,#C62828|#2E7D32,#C62828|#2E7D32,0.0,0.0,0.0,0.969755,0.96044,3.0,7.0,2,0,0,0,,,,,0,0,,0,0,,,,1,1.0,0,0,0,0,0,0,0,MATCH,1,2.0
BI_020_R01.png,BI,bar,identification,BI_020,20,1,1200,800,OK,EXACT,2,2,2,0,0,0,vermelho|verde,#C62828|#2E7D32,#C62828|#2E7D32,0.0,0.0,0.0,0.970723,0.96162,3.0,7.0,2,0,0,0,,,,,0,0,,0,0,,,,1,1.0,0,0,0,0,0,0,0,MATCH,1,2.0
BI_020_R02.png,BI,bar,identification,BI_020,20,2,1200,800,OK,EXACT,2,2,2,0,0,0,vermelho|verde,#C62828|#2E7D32,#C62828|#2E7D32,0.0,0.0,0.0,0.970723,0.96162,3.0,7.0,2,0,0,0,,,,,0,0,,0,0,,,,1,1.0,0,0,0,0,0,0,0,MATCH,1,2.0
BI_020_R03.png,BI,bar,identification,BI_020,20,3,1200,800,OK,EXACT,2,2,2,0,0,0,vermelho|verde,#C62828|#2E7D32,#C62828|#2E7D32,0.0,0.0,0.0,0.970723,0.96162,3.0,7.0,2,0,0,0,,,,,0,0,,0,0,,,,1,1.0,0,0,0,0,0,0,0,MATCH,1,2.0
BI_020_R04.png,BI,bar,identification,BI_020,20,4,1200,800,OK,EXACT,2,2,2,0,0,0,vermelho|verde,#C62828|#2E7D32,#C62828|#2E7D32,0.0,0.0,0.0,0.970723,0.96162,3.0,7.0,2,0,0,0,,,,,0,0,,0,0,,,,1,1.0,0,0,0,0,0,0,0,MATCH,1,2.0
BI_020_R05.png,BI,bar,identification,BI_020,20,5,1200,800,OK,EXACT,2,2,2,0,0,0,vermelho|verde,#C62828|#2E7D32,#C62828|#2E7D32,0.0,0.0,0.0,0.970723,0.96162,3.0,7.0,2,0,0,0,,,,,0,0,,0,0,,,,1,1.0,0,0,0,0,0,0,0,MATCH,1,2.0
BI_020_R06.png,BI,bar,identification,BI_020,20,6,1200,800,OK,EXACT,2,2,2,0,0,0,vermelho|verde,#C62828|#2E7D32,#C62828|#2E7D32,0.0,0.0,0.0,0.970723,0.96162,3.0,7.0,2,0,0,0,,,,,0,0,,0,0,,,,1,1.0,0,0,0,0,0,0,0,MATCH,1,2.0
BI_020_R07.png,BI,bar,identification,BI_020,20,7,1200,800,OK,EXACT,2,2,2,0,0,0,vermelho|verde,#C62828|#2E7D32,#C62828|#2E7D32,0.0,0.0,0.0,0.970723,0.96162,3.0,7.0,2,0,0,0,,,,,0,0,,0,0,,,,1,1.0,0,0,0,0,0,0,0,MATCH,1,2.0
BI_020_R08.png,BI,bar,identification,BI_020,20,8,1200,800,OK,EXACT,2,2,2,0,0,0,vermelho|verde,#C62828|#2E7D32,#C62828|#2E7D32,0.0,0.0,0.0,0.970723,0.96162,3.0,7.0,2,0,0,0,,,,,0,0,,0,0,,,,1,1.0,0,0,0,0,0,0,0,MATCH,1,2.0
BI_020_R09.png,BI,bar,identification,BI_020,20,9,1200,800,OK,EXACT,2,2,2,0,0,0,vermelho|verde,#C62828|#2E7D32,#C62828|#2E7D32,0.0,0.0,0.0,0.970723,0.96162,3.0,7.0,2,0,0,0,,,,,0,0,,0,0,,,,1,1.0,0,0,0,0,0,0,0,MATCH,1,2.0
BI_020_R10.png,BI,bar,identification,BI_020,20,10,1200,800,OK,EXACT,2,2,2,0,0,0,vermelho|verde,#C62828|#2E7D32,#C62828|#2E7D32,0.0,0.0,0.0,0.970723,0.96162,3.0,7.0,2,0,0,0,,,,,0,0,,0,0,,,,1,1.0,0,0,0,0,0,0,0,MATCH,1,2.0
BI_021_R01.png,BI,bar,identification,BI_021,21,1,1363,671,OK,EXACT,2,2,2,0,0,0,vermelho|verde,#C62828|#2E7D32,#C62828|#2E7D32,0.0,0.0,0.0,0.966311,0.956204,3.0,7.0,2,0,0,0,,,,,0,0,,0,0,,,,1,1.0,0,0,0,0,0,0,0,MATCH,1,2.0
BI_021_R02.png,BI,bar,identification,BI_021,21,2,1200,800,OK,EXACT,2,2,2,0,0,0,vermelho|verde,#C62828|#2E7D32,#C62828|#2E7D32,0.0,0.0,0.0,1.0,1.0,3.0,7.0,2,0,0,0,,,,,0,0,,0,0,,,,1,1.0,0,0,0,0,0,0,0,MATCH,1,2.0
BI_021_R03.png,BI,bar,identification,BI_021,21,3,1200,800,OK,EXACT,2,2,2,0,0,0,vermelho|verde,#C62828|#2E7D32,#C62828|#2E7D32,0.0,0.0,0.0,1.0,1.0,3.0,7.0,2,0,0,0,,,,,0,0,,0,0,,,,1,1.0,0,0,0,0,0,0,0,MATCH,1,2.0
BI_021_R04.png,BI,bar,identification,BI_021,21,4,1200,800,OK,EXACT,2,2,2,0,0,0,vermelho|verde,#C62828|#2E7D32,#C62828|#2E7D32,0.0,0.0,0.0,1.0,1.0,3.0,7.0,2,0,0,0,,,,,0,0,,0,0,,,,1,1.0,0,0,0,0,0,0,0,MATCH,1,2.0
BI_021_R05.png,BI,bar,identification,BI_021,21,5,1200,800,OK,EXACT,2,2,2,0,0,0,vermelho|verde,#C62828|#2E7D32,#C62828|#2E7D32,0.0,0.0,0.0,1.0,1.0,3.0,7.0,2,0,0,0,,,,,0,0,,0,0,,,,1,1.0,0,0,0,0,0,0,0,MATCH,1,2.0
BI_021_R06.png,BI,bar,identification,BI_021,21,6,1200,800,OK,EXACT,2,2,2,0,0,0,vermelho|verde,#C62828|#2E7D32,#C62828|#2E7D32,0.0,0.0,0.0,1.0,1.0,3.0,7.0,2,0,0,0,,,,,0,0,,0,0,,,,1,1.0,0,0,0,0,0,0,0,MATCH,1,2.0
BI_021_R07.png,BI,bar,identification,BI_021,21,7,1200,800,OK,EXACT,2,2,2,0,0,0,vermelho|verde,#C62828|#2E7D32,#C62828|#2E7D32,0.0,0.0,0.0,1.0,1.0,3.0,7.0,2,0,0,0,,,,,0,0,,0,0,,,,1,1.0,0,0,0,0,0,0,0,MATCH,1,2.0
BI_021_R08.png,BI,bar,identification,BI_021,21,8,1200,800,OK,EXACT,2,2,2,0,0,0,vermelho|verde,#C62828|#2E7D32,#C62828|#2E7D32,0.0,0.0,0.0,1.0,1.0,3.0,7.0,2,0,0,0,,,,,0,0,,0,0,,,,1,1.0,0,0,0,0,0,0,0,MATCH,1,2.0
BI_021_R09.png,BI,bar,identification,BI_021,21,9,1200,800,OK,EXACT,2,2,2,0,0,0,vermelho|verde,#C62828|#2E7D32,#C62828|#2E7D32,0.0,0.0,0.0,1.0,1.0,3.0,7.0,2,0,0,0,,,,,0,0,,0,0,,,,1,1.0,0,0,0,0,0,0,0,MATCH,1,2.0
BI_021_R10.png,BI,bar,identification,BI_021,21,10,1200,800,OK,EXACT,2,2,2,0,0,0,vermelho|verde,#C62828|#2E7D32,#C62828|#2E7D32,0.0,0.0,0.0,1.0,1.0,3.0,7.0,2,0,0,0,,,,,0,0,,0,0,,,,1,1.0,0,0,0,0,0,0,0,MATCH,1,2.0
BI_022_R01.png,BI,bar,identification,BI_022,22,1,1364,671,OK,EXACT,2,2,2,0,0,0,vermelho|verde,#C62828|#2E7D32,#C62828|#2E7D32,0.0,0.0,0.0,1.0,1.0,3.0,7.0,2,0,0,0,,,,,0,0,,0,0,,,,1,1.0,0,0,0,0,0,0,0,MATCH,1,2.0
BI_022_R02.png,BI,bar,identification,BI_022,22,2,1386,669,OK,EXACT,2,2,2,0,0,0,vermelho|verde,#C62828|#2E7D32,#C62828|#2E7D32,0.0,0.0,0.0,0.968979,0.959459,3.0,7.0,2,0,0,0,,,,,0,0,,0,0,,,,1,1.0,0,0,0,0,0,0,0,MATCH,1,2.0
BI_022_R03.png,BI,bar,identification,BI_022,22,3,1386,677,OK,EXACT,2,2,2,0,0,0,vermelho|verde,#C62828|#2E7D32,#C62828|#2E7D32,0.0,0.0,0.0,0.968979,0.959459,3.0,7.0,2,0,0,0,,,,,0,0,,0,0,,,,1,1.0,0,0,0,0,0,0,0,MATCH,1,2.0
BI_022_R04.png,BI,bar,identification,BI_022,22,4,1386,685,OK,EXACT,2,2,2,0,0,0,vermelho|verde,#C62828|#2E7D32,#C62828|#2E7D32,0.0,0.0,0.0,0.968909,0.959459,3.0,7.0,2,0,0,0,,,,,0,0,,0,0,,,,1,1.0,0,0,0,0,0,0,0,MATCH,1,2.0
BI_022_R05.png,BI,bar,identification,BI_022,22,5,1386,700,OK,EXACT,2,2,2,0,0,0,vermelho|verde,#C62828|#2E7D32,#C62828|#2E7D32,0.0,0.0,0.0,0.968909,0.959459,3.0,7.0,2,0,0,0,,,,,0,0,,0,0,,,,1,1.0,0,0,0,0,0,0,0,MATCH,1,2.0
BI_022_R06.png,BI,bar,identification,BI_022,22,6,1386,692,OK,EXACT,2,2,2,0,0,0,vermelho|verde,#C62828|#2E7D32,#C62828|#2E7D32,0.0,0.0,0.0,0.969009,0.959551,3.0,7.0,2,0,0,0,,,,,0,0,,0,0,,,,1,1.0,0,0,0,0,0,0,0,MATCH,1,2.0
BI_022_R07.png,BI,bar,identification,BI_022,22,7,1386,714,OK,EXACT,2,2,2,0,0,0,vermelho|verde,#C62828|#2E7D32,#C62828|#2E7D32,0.0,0.0,0.0,0.968909,0.959459,3.0,7.0,2,0,0,0,,,,,0,0,,0,0,,,,1,1.0,0,0,0,0,0,0,0,MATCH,1,2.0
BI_022_R08.png,BI,bar,identification,BI_022,22,8,1386,707,OK,EXACT,2,2,2,0,0,0,vermelho|verde,#C62828|#2E7D32,#C62828|#2E7D32,0.0,0.0,0.0,0.968979,0.959459,3.0,7.0,2,0,0,0,,,,,0,0,,0,0,,,,1,1.0,0,0,0,0,0,0,0,MATCH,1,2.0
BI_022_R09.png,BI,bar,identification,BI_022,22,9,1386,721,OK,EXACT,2,2,2,0,0,0,vermelho|verde,#C62828|#2E7D32,#C62828|#2E7D32,0.0,0.0,0.0,0.968909,0.959459,3.0,7.0,2,0,0,0,,,,,0,0,,0,0,,,,1,1.0,0,0,0,0,0,0,0,MATCH,1,2.0
BI_022_R10.png,BI,bar,identification,BI_022,22,10,1386,728,OK,EXACT,2,2,2,0,0,0,vermelho|verde,#C62828|#2E7D32,#C62828|#2E7D32,0.0,0.0,0.0,0.968909,0.959459,3.0,7.0,2,0,0,0,,,,,0,0,,0,0,,,,1,1.0,0,0,0,0,0,0,0,MATCH,1,2.0
BI_023_R01.png,BI,bar,identification,BI_023,23,1,1391,671,OK,EXACT,2,2,2,0,0,0,vermelho|verde,#C62828|#2E7D32,#C62828|#2E7D32,0.0,0.0,0.0,1.0,1.0,3.0,7.0,2,0,0,0,,,,,0,0,,0,0,,,,1,1.0,0,0,0,0,0,0,0,MATCH,1,2.0
BI_023_R02.png,BI,bar,identification,BI_023,23,2,1148,702,OK,EXACT,2,2,2,0,0,0,vermelho|verde,#C62828|#2E7D32,#C62828|#2E7D32,0.0,0.0,0.0,1.0,1.0,3.0,7.0,2,0,0,0,,,,,0,0,,0,0,,,,1,1.0,0,0,0,0,0,0,0,MATCH,1,2.0
BI_023_R03.png,BI,bar,identification,BI_023,23,3,1148,702,OK,EXACT,2,2,2,0,0,0,vermelho|verde,#C62828|#2E7D32,#C62828|#2E7D32,0.0,0.0,0.0,1.0,1.0,3.0,7.0,2,0,0,0,,,,,0,0,,0,0,,,,1,1.0,0,0,0,0,0,0,0,MATCH,1,2.0
BI_023_R04.png,BI,bar,identification,BI_023,23,4,1148,702,OK,EXACT,2,2,2,0,0,0,vermelho|verde,#C62828|#2E7D32,#C62828|#2E7D32,0.0,0.0,0.0,1.0,1.0,3.0,7.0,2,0,0,0,,,,,0,0,,0,0,,,,1,1.0,0,0,0,0,0,0,0,MATCH,1,2.0
BI_023_R05.png,BI,bar,identification,BI_023,23,5,1148,702,OK,EXACT,2,2,2,0,0,0,vermelho|verde,#C62828|#2E7D32,#C62828|#2E7D32,0.0,0.0,0.0,1.0,1.0,3.0,7.0,2,0,0,0,,,,,0,0,,0,0,,,,1,1.0,0,0,0,0,0,0,0,MATCH,1,2.0
BI_023_R06.png,BI,bar,identification,BI_023,23,6,1148,702,OK,EXACT,2,2,2,0,0,0,vermelho|verde,#C62828|#2E7D32,#C62828|#2E7D32,0.0,0.0,0.0,1.0,1.0,3.0,7.0,2,0,0,0,,,,,0,0,,0,0,,,,1,1.0,0,0,0,0,0,0,0,MATCH,1,2.0
BI_023_R07.png,BI,bar,identification,BI_023,23,7,1148,702,OK,EXACT,2,2,2,0,0,0,vermelho|verde,#C62828|#2E7D32,#C62828|#2E7D32,0.0,0.0,0.0,1.0,1.0,3.0,7.0,2,0,0,0,,,,,0,0,,0,0,,,,1,1.0,0,0,0,0,0,0,0,MATCH,1,2.0
BI_023_R08.png,BI,bar,identification,BI_023,23,8,1148,702,OK,EXACT,2,2,2,0,0,0,vermelho|verde,#C62828|#2E7D32,#C62828|#2E7D32,0.0,0.0,0.0,1.0,1.0,3.0,7.0,2,0,0,0,,,,,0,0,,0,0,,,,1,1.0,0,0,0,0,0,0,0,MATCH,1,2.0
BI_023_R09.png,BI,bar,identification,BI_023,23,9,1148,702,OK,EXACT,2,2,2,0,0,0,vermelho|verde,#C62828|#2E7D32,#C62828|#2E7D32,0.0,0.0,0.0,1.0,1.0,3.0,7.0,2,0,0,0,,,,,0,0,,0,0,,,,1,1.0,0,0,0,0,0,0,0,MATCH,1,2.0
BI_023_R10.png,BI,bar,identification,BI_023,23,10,1148,702,OK,EXACT,2,2,2,0,0,0,vermelho|verde,#C62828|#2E7D32,#C62828|#2E7D32,0.0,0.0,0.0,1.0,1.0,3.0,7.0,2,0,0,0,,,,,0,0,,0,0,,,,1,1.0,0,0,0,0,0,0,0,MATCH,1,2.0
BI_024_R01.png,BI,bar,identification,BI_024,24,1,1287,651,OK,EXACT,2,2,2,0,0,0,vermelho|verde,#C62828|#2E7D32,#C62828|#2E7D32,0.0,0.0,0.0,1.0,1.0,3.0,7.0,2,0,0,0,,,,,0,0,,0,0,,,,1,1.0,0,0,0,0,0,0,0,MATCH,1,2.0
BI_024_R02.png,BI,bar,identification,BI_024,24,2,1005,670,OK,EXACT,2,2,2,0,0,0,vermelho|verde,#C62828|#2E7D32,#C62828|#2E7D32,0.0,0.0,0.0,0.968824,0.959459,3.0,7.0,2,0,0,0,,,,,0,0,,0,0,,,,1,1.0,0,0,0,0,0,0,0,MATCH,1,2.0
BI_024_R03.png,BI,bar,identification,BI_024,24,3,1005,670,OK,EXACT,2,2,2,0,0,0,vermelho|verde,#C62828|#2E7D32,#C62828|#2E7D32,0.0,0.0,0.0,0.968824,0.959459,3.0,7.0,2,0,0,0,,,,,0,0,,0,0,,,,1,1.0,0,0,0,0,0,0,0,MATCH,1,2.0
BI_024_R04.png,BI,bar,identification,BI_024,24,4,1005,670,OK,EXACT,2,2,2,0,0,0,vermelho|verde,#C62828|#2E7D32,#C62828|#2E7D32,0.0,0.0,0.0,0.968824,0.959459,3.0,7.0,2,0,0,0,,,,,0,0,,0,0,,,,1,1.0,0,0,0,0,0,0,0,MATCH,1,2.0
BI_024_R05.png,BI,bar,identification,BI_024,24,5,1005,670,OK,EXACT,2,2,2,0,0,0,vermelho|verde,#C62828|#2E7D32,#C62828|#2E7D32,0.0,0.0,0.0,0.968824,0.959459,3.0,7.0,2,0,0,0,,,,,0,0,,0,0,,,,1,1.0,0,0,0,0,0,0,0,MATCH,1,2.0
BI_024_R06.png,BI,bar,identification,BI_024,24,6,1005,670,OK,EXACT,2,2,2,0,0,0,vermelho|verde,#C62828|#2E7D32,#C62828|#2E7D32,0.0,0.0,0.0,0.968824,0.959459,3.0,7.0,2,0,0,0,,,,,0,0,,0,0,,,,1,1.0,0,0,0,0,0,0,0,MATCH,1,2.0
BI_024_R07.png,BI,bar,identification,BI_024,24,7,1005,670,OK,EXACT,2,2,2,0,0,0,vermelho|verde,#C62828|#2E7D32,#C62828|#2E7D32,0.0,0.0,0.0,0.968824,0.959459,3.0,7.0,2,0,0,0,,,,,0,0,,0,0,,,,1,1.0,0,0,0,0,0,0,0,MATCH,1,2.0
BI_024_R08.png,BI,bar,identification,BI_024,24,8,1005,670,OK,EXACT,2,2,2,0,0,0,vermelho|verde,#C62828|#2E7D32,#C62828|#2E7D32,0.0,0.0,0.0,0.968824,0.959459,3.0,7.0,2,0,0,0,,,,,0,0,,0,0,,,,1,1.0,0,0,0,0,0,0,0,MATCH,1,2.0
BI_024_R09.png,BI,bar,identification,BI_024,24,9,1005,670,OK,EXACT,2,2,2,0,0,0,vermelho|verde,#C62828|#2E7D32,#C62828|#2E7D32,0.0,0.0,0.0,0.968824,0.959459,3.0,7.0,2,0,0,0,,,,,0,0,,0,0,,,,1,1.0,0,0,0,0,0,0,0,MATCH,1,2.0
BI_024_R10.png,BI,bar,identification,BI_024,24,10,1005,670,OK,EXACT,2,2,2,0,0,0,vermelho|verde,#C62828|#2E7D32,#C62828|#2E7D32,0.0,0.0,0.0,0.968824,0.959459,3.0,7.0,2,0,0,0,,,,,0,0,,0,0,,,,1,1.0,0,0,0,0,0,0,0,MATCH,1,2.0
BI_025_R01.png,BI,bar,identification,BI_025,25,1,1269,791,OK,EXACT,2,2,2,0,0,0,vermelho|verde,#C62828|#2E7D32,#C62828|#2E7D32,0.0,0.0,0.0,0.974411,0.96648,3.0,3.0,2,0,0,0,,,,,0,0,,0,0,,,,1,1.0,0,0,0,0,0,0,0,MATCH,1,2.0
BI_025_R02.png,BI,bar,identification,BI_025,25,2,1202,674,OK,EXACT,2,2,2,0,0,0,vermelho|verde,#C62828|#2E7D32,#6A1B9A|#2E7D32,19.207592,19.207592,38.415184,0.994846,0.972973,9.0,13.0,2,0,0,0,,,,,0,0,,0,0,,,,1,0.0,1,0,0,0,0,0,0,COLOR_DEVIATION,0,2.0
BI_025_R03.png,BI,bar,identification,BI_025,25,3,1202,674,OK,EXACT,2,2,2,0,0,0,vermelho|verde,#C62828|#2E7D32,#6A1B9A|#2E7D32,19.207592,19.207592,38.415184,0.994846,0.972973,9.0,13.0,2,0,0,0,,,,,0,0,,0,0,,,,1,0.0,1,0,0,0,0,0,0,COLOR_DEVIATION,0,2.0
BI_025_R04.png,BI,bar,identification,BI_025,25,4,1202,674,OK,EXACT,2,2,2,0,0,0,vermelho|verde,#C62828|#2E7D32,#6A1B9A|#2E7D32,19.207592,19.207592,38.415184,0.994846,0.972973,9.0,13.0,2,0,0,0,,,,,0,0,,0,0,,,,1,0.0,1,0,0,0,0,0,0,COLOR_DEVIATION,0,2.0
BI_025_R05.png,BI,bar,identification,BI_025,25,5,1181,671,OK,EXACT,2,2,2,0,0,0,vermelho|verde,#C62828|#2E7D32,#C62828|#2E7D32,0.0,0.0,0.0,0.967088,0.956938,3.0,7.0,2,0,0,0,,,,,0,0,,0,0,,,,1,1.0,0,0,0,0,0,0,0,MATCH,1,2.0
BI_025_R06.png,BI,bar,identification,BI_025,25,6,1181,697,OK,EXACT,2,2,2,0,0,0,vermelho|verde,#C62828|#2E7D32,#C62828|#2E7D32,0.0,0.0,0.0,0.966879,0.956835,3.0,7.0,2,0,0,0,,,,,0,0,,0,0,,,,1,1.0,0,0,0,0,0,0,0,MATCH,1,2.0
BI_025_R07.png,BI,bar,identification,BI_025,25,7,1181,721,OK,EXACT,2,2,2,0,0,0,vermelho|verde,#C62828|#2E7D32,#C62828|#2E7D32,0.0,0.0,0.0,0.967088,0.956938,3.0,7.0,2,0,0,0,,,,,0,0,,0,0,,,,1,1.0,0,0,0,0,0,0,0,MATCH,1,2.0
BI_025_R08.png,BI,bar,identification,BI_025,25,8,1181,671,OK,EXACT,2,2,2,0,0,0,vermelho|verde,#C62828|#2E7D32,#C62828|#2E7D32,0.0,0.0,0.0,0.967088,0.956938,3.0,7.0,2,0,0,0,,,,,0,0,,0,0,,,,1,1.0,0,0,0,0,0,0,0,MATCH,1,2.0
BI_025_R09.png,BI,bar,identification,BI_025,25,9,1181,697,OK,EXACT,2,2,2,0,0,0,vermelho|verde,#C62828|#2E7D32,#C62828|#2E7D32,0.0,0.0,0.0,0.966879,0.956835,3.0,7.0,2,0,0,0,,,,,0,0,,0,0,,,,1,1.0,0,0,0,0,0,0,0,MATCH,1,2.0
BI_025_R10.png,BI,bar,identification,BI_025,25,10,1181,721,OK,EXACT,2,2,2,0,0,0,vermelho|verde,#C62828|#2E7D32,#C62828|#2E7D32,0.0,0.0,0.0,0.967088,0.956938,3.0,7.0,2,0,0,0,,,,,0,0,,0,0,,,,1,1.0,0,0,0,0,0,0,0,MATCH,1,2.0
BI_026_R01.png,BI,bar,identification,BI_026,26,1,1189,790,OK,EXACT,2,2,2,0,0,0,vermelho|verde,#C62828|#2E7D32,#C62828|#2E7D32,0.0,0.0,0.0,1.0,1.0,3.0,7.0,2,0,0,0,,,,,0,0,,0,0,,,,1,1.0,0,0,0,0,0,0,0,MATCH,1,2.0
BI_026_R02.png,BI,bar,identification,BI_026,26,2,1200,800,OK,EXACT,2,2,2,0,0,0,vermelho|verde,#C62828|#2E7D32,#C62828|#2E7D32,0.0,0.0,0.0,1.0,1.0,3.0,7.0,2,0,0,0,,,,,0,0,,0,0,,,,1,1.0,0,0,0,0,0,0,0,MATCH,1,2.0
BI_026_R03.png,BI,bar,identification,BI_026,26,3,1200,800,OK,EXACT,2,2,2,0,0,0,vermelho|verde,#C62828|#2E7D32,#C62828|#2E7D32,0.0,0.0,0.0,1.0,1.0,3.0,7.0,2,0,0,0,,,,,0,0,,0,0,,,,1,1.0,0,0,0,0,0,0,0,MATCH,1,2.0
BI_026_R04.png,BI,bar,identification,BI_026,26,4,1200,800,OK,EXACT,2,2,2,0,0,0,vermelho|verde,#C62828|#2E7D32,#C62828|#2E7D32,0.0,0.0,0.0,1.0,1.0,3.0,7.0,2,0,0,0,,,,,0,0,,0,0,,,,1,1.0,0,0,0,0,0,0,0,MATCH,1,2.0
BI_026_R05.png,BI,bar,identification,BI_026,26,5,1200,800,OK,EXACT,2,2,2,0,0,0,vermelho|verde,#C62828|#2E7D32,#C62828|#2E7D32,0.0,0.0,0.0,1.0,1.0,3.0,7.0,2,0,0,0,,,,,0,0,,0,0,,,,1,1.0,0,0,0,0,0,0,0,MATCH,1,2.0
BI_026_R06.png,BI,bar,identification,BI_026,26,6,1200,800,OK,EXACT,2,2,2,0,0,0,vermelho|verde,#C62828|#2E7D32,#CB3D3D|#438A46,5.069527,5.069527,5.539475,0.978546,0.973214,3.0,7.0,2,0,0,0,,,,,0,0,,0,0,,,,1,0.0,1,0,0,0,0,0,0,COLOR_DEVIATION,0,2.0
BI_026_R07.png,BI,bar,identification,BI_026,26,7,1200,800,OK,EXACT,2,2,2,0,0,0,vermelho|verde,#C62828|#2E7D32,#C62828|#2E7D32,0.0,0.0,0.0,1.0,1.0,3.0,7.0,2,0,0,0,,,,,0,0,,0,0,,,,1,1.0,0,0,0,0,0,0,0,MATCH,1,2.0
BI_026_R08.png,BI,bar,identification,BI_026,26,8,1200,800,OK,EXACT,2,2,2,0,0,0,vermelho|verde,#C62828|#2E7D32,#C62828|#2E7D32,0.0,0.0,0.0,1.0,1.0,3.0,7.0,2,0,0,0,,,,,0,0,,0,0,,,,1,1.0,0,0,0,0,0,0,0,MATCH,1,2.0
BI_026_R09.png,BI,bar,identification,BI_026,26,9,1200,800,OK,EXACT,2,2,2,0,0,0,vermelho|verde,#C62828|#2E7D32,#CE4848|#4D9051,7.79664,7.79664,8.305308,0.978546,0.973214,3.0,7.0,2,0,0,0,,,,,0,0,,0,0,,,,1,0.0,1,0,0,0,0,0,0,COLOR_DEVIATION,0,2.0
BI_026_R10.png,BI,bar,identification,BI_026,26,10,1200,800,OK,EXACT,2,2,2,0,0,0,vermelho|verde,#C62828|#2E7D32,#C62828|#2E7D32,0.0,0.0,0.0,1.0,1.0,3.0,7.0,2,0,0,0,,,,,0,0,,0,0,,,,1,1.0,0,0,0,0,0,0,0,MATCH,1,2.0
BI_027_R01.png,BI,bar,identification,BI_027,27,1,1188,790,OK,EXACT,2,2,2,0,0,0,vermelho|verde,#C62828|#2E7D32,#C62828|#2E7D32,0.0,0.0,0.0,1.0,1.0,3.0,7.0,2,0,0,0,,,,,0,0,,0,0,,,,1,1.0,0,0,0,0,0,0,0,MATCH,1,2.0
BI_027_R02.png,BI,bar,identification,BI_027,27,2,1200,800,OK,EXACT,2,2,2,0,0,0,vermelho|verde,#C62828|#2E7D32,#C62828|#2E7D32,0.0,0.0,0.0,0.968377,0.95881,3.0,7.0,2,0,0,0,,,,,0,0,,0,0,,,,1,1.0,0,0,0,0,0,0,0,MATCH,1,2.0
BI_027_R03.png,BI,bar,identification,BI_027,27,3,1200,800,OK,EXACT,2,2,2,0,0,0,vermelho|verde,#C62828|#2E7D32,#C62828|#2E7D32,0.0,0.0,0.0,0.968377,0.95881,3.0,7.0,2,0,0,0,,,,,0,0,,0,0,,,,1,1.0,0,0,0,0,0,0,0,MATCH,1,2.0
BI_027_R04.png,BI,bar,identification,BI_027,27,4,1200,800,OK,EXACT,2,2,2,0,0,0,vermelho|verde,#C62828|#2E7D32,#C62828|#2E7D32,0.0,0.0,0.0,0.968377,0.95881,3.0,7.0,2,0,0,0,,,,,0,0,,0,0,,,,1,1.0,0,0,0,0,0,0,0,MATCH,1,2.0
BI_027_R05.png,BI,bar,identification,BI_027,27,5,1200,800,OK,EXACT,2,2,2,0,0,0,vermelho|verde,#C62828|#2E7D32,#C62828|#2E7D32,0.0,0.0,0.0,0.968377,0.95881,3.0,7.0,2,0,0,0,,,,,0,0,,0,0,,,,1,1.0,0,0,0,0,0,0,0,MATCH,1,2.0
BI_027_R06.png,BI,bar,identification,BI_027,27,6,1200,800,OK,EXACT,2,2,2,0,0,0,vermelho|verde,#C62828|#2E7D32,#C62828|#2E7D32,0.0,0.0,0.0,0.968377,0.95881,3.0,7.0,2,0,0,0,,,,,0,0,,0,0,,,,1,1.0,0,0,0,0,0,0,0,MATCH,1,2.0
BI_027_R07.png,BI,bar,identification,BI_027,27,7,1200,800,OK,EXACT,2,2,2,0,0,0,vermelho|verde,#C62828|#2E7D32,#C62828|#2E7D32,0.0,0.0,0.0,0.968377,0.95881,3.0,7.0,2,0,0,0,,,,,0,0,,0,0,,,,1,1.0,0,0,0,0,0,0,0,MATCH,1,2.0
BI_027_R08.png,BI,bar,identification,BI_027,27,8,1200,800,OK,EXACT,2,2,2,0,0,0,vermelho|verde,#C62828|#2E7D32,#C62828|#2E7D32,0.0,0.0,0.0,0.968377,0.95881,3.0,7.0,2,0,0,0,,,,,0,0,,0,0,,,,1,1.0,0,0,0,0,0,0,0,MATCH,1,2.0
BI_027_R09.png,BI,bar,identification,BI_027,27,9,1200,800,OK,EXACT,2,2,2,0,0,0,vermelho|verde,#C62828|#2E7D32,#C62828|#2E7D32,0.0,0.0,0.0,0.968377,0.95881,3.0,7.0,2,0,0,0,,,,,0,0,,0,0,,,,1,1.0,0,0,0,0,0,0,0,MATCH,1,2.0
BI_027_R10.png,BI,bar,identification,BI_027,27,10,1200,800,OK,EXACT,2,2,2,0,0,0,vermelho|verde,#C62828|#2E7D32,#C62828|#2E7D32,0.0,0.0,0.0,0.968377,0.95881,3.0,7.0,2,0,0,0,,,,,0,0,,0,0,,,,1,1.0,0,0,0,0,0,0,0,MATCH,1,2.0
BI_028_R01.png,BI,bar,identification,BI_028,28,1,1120,653,OK,EXACT,2,2,2,0,0,0,vermelho|verde,#C62828|#2E7D32,#C62828|#2E7D32,0.0,0.0,0.0,1.0,1.0,3.0,6.0,2,0,0,0,,,,,0,0,,0,0,,,,1,1.0,0,0,0,0,0,0,0,MATCH,1,2.0
BI_028_R02.png,BI,bar,identification,BI_028,28,2,1200,800,OK,EXACT,2,2,2,0,0,0,vermelho|verde,#C62828|#2E7D32,#1F77B4|#2E7D32,23.935453,23.935453,47.870906,0.370926,0.333333,13.0,16.0,2,0,0,0,,,,,0,0,,0,0,,,,1,0.0,1,0,0,0,0,0,0,COLOR_DEVIATION,0,2.0
BI_028_R03.png,BI,bar,identification,BI_028,28,3,1200,800,OK,EXACT,2,2,2,0,0,0,vermelho|verde,#C62828|#2E7D32,#2E7D32|#C62828,0.0,0.0,0.0,0.987395,0.97479,2.0,2.0,2,0,0,0,,,,,0,0,,0,0,,,,1,1.0,0,0,0,0,0,0,0,MATCH,1,2.0
BI_028_R04.png,BI,bar,identification,BI_028,28,4,1200,800,OK,EXACT,2,2,2,0,0,0,vermelho|verde,#C62828|#2E7D32,#1F77B4|#2E7D32,23.935453,23.935453,47.870906,0.370926,0.333333,13.0,16.0,2,0,0,0,,,,,0,0,,0,0,,,,1,0.0,1,0,0,0,0,0,0,COLOR_DEVIATION,0,2.0
BI_028_R05.png,BI,bar,identification,BI_028,28,5,1200,800,OK,EXACT,2,2,2,0,0,0,vermelho|verde,#C62828|#2E7D32,#2E7D32|#C62828,0.0,0.0,0.0,0.987395,0.97479,2.0,2.0,2,0,0,0,,,,,0,0,,0,0,,,,1,1.0,0,0,0,0,0,0,0,MATCH,1,2.0
BI_028_R06.png,BI,bar,identification,BI_028,28,6,1200,800,OK,EXACT,2,2,2,0,0,0,vermelho|verde,#C62828|#2E7D32,#1F77B4|#2E7D32,23.935453,23.935453,47.870906,0.370926,0.333333,13.0,16.0,2,0,0,0,,,,,0,0,,0,0,,,,1,0.0,1,0,0,0,0,0,0,COLOR_DEVIATION,0,2.0
BI_028_R07.png,BI,bar,identification,BI_028,28,7,1200,800,OK,EXACT,2,2,2,0,0,0,vermelho|verde,#C62828|#2E7D32,#1F77B4|#2E7D32,23.935453,23.935453,47.870906,0.370926,0.333333,13.0,16.0,2,0,0,0,,,,,0,0,,0,0,,,,1,0.0,1,0,0,0,0,0,0,COLOR_DEVIATION,0,2.0
BI_028_R08.png,BI,bar,identification,BI_028,28,8,1200,800,OK,EXACT,2,2,2,0,0,0,vermelho|verde,#C62828|#2E7D32,#C62828|#1F4FD8,27.146639,27.146639,54.293277,0.968979,0.959459,3.0,7.0,2,0,0,0,,,,,0,0,,0,0,,,,1,0.0,1,0,0,0,0,0,0,COLOR_DEVIATION,0,2.0
BI_028_R09.png,BI,bar,identification,BI_028,28,9,1200,800,OK,EXACT,2,2,2,0,0,0,vermelho|verde,#C62828|#2E7D32,#2E7D32|#C62828,0.0,0.0,0.0,0.987395,0.97479,2.0,2.0,2,0,0,0,,,,,0,0,,0,0,,,,1,1.0,0,0,0,0,0,0,0,MATCH,1,2.0
BI_028_R10.png,BI,bar,identification,BI_028,28,10,1200,800,OK,EXACT,2,2,2,0,0,0,vermelho|verde,#C62828|#2E7D32,#C62828|#1F4FD8,27.146639,27.146639,54.293277,0.968979,0.959459,3.0,7.0,2,0,0,0,,,,,0,0,,0,0,,,,1,0.0,1,0,0,0,0,0,0,COLOR_DEVIATION,0,2.0
BI_029_R01.png,BI,bar,identification,BI_029,29,1,1103,671,OK,EXACT,2,2,2,0,0,0,vermelho|verde,#C62828|#2E7D32,#C62828|#2E7D32,0.0,0.0,0.0,0.968979,0.959459,3.0,7.0,2,0,0,0,,,,,0,0,,0,0,,,,1,1.0,0,0,0,0,0,0,0,MATCH,1,2.0
BI_029_R02.png,BI,bar,identification,BI_029,29,2,1200,800,OK,EXACT,2,2,2,0,0,0,vermelho|verde,#C62828|#2E7D32,#C62828|#2E7D32,0.0,0.0,0.0,0.968979,0.959459,3.0,3.0,2,0,0,0,,,,,0,0,,0,0,,,,1,1.0,0,0,0,0,0,0,0,MATCH,1,2.0
BI_029_R03.png,BI,bar,identification,BI_029,29,3,1200,800,OK,EXACT,2,2,2,0,0,0,vermelho|verde,#C62828|#2E7D32,#C62828|#2E7D32,0.0,0.0,0.0,0.968979,0.959459,3.0,3.0,2,0,0,0,,,,,0,0,,0,0,,,,1,1.0,0,0,0,0,0,0,0,MATCH,1,2.0
BI_029_R04.png,BI,bar,identification,BI_029,29,4,1200,800,OK,EXACT,2,2,2,0,0,0,vermelho|verde,#C62828|#2E7D32,#C62828|#2E7D32,0.0,0.0,0.0,0.968979,0.959459,3.0,3.0,2,0,0,0,,,,,0,0,,0,0,,,,1,1.0,0,0,0,0,0,0,0,MATCH,1,2.0
BI_029_R05.png,BI,bar,identification,BI_029,29,5,1200,800,OK,EXACT,2,2,2,0,0,0,vermelho|verde,#C62828|#2E7D32,#C62828|#2E7D32,0.0,0.0,0.0,0.968979,0.959459,3.0,3.0,2,0,0,0,,,,,0,0,,0,0,,,,1,1.0,0,0,0,0,0,0,0,MATCH,1,2.0
BI_029_R06.png,BI,bar,identification,BI_029,29,6,1200,800,OK,EXACT,2,2,2,0,0,0,vermelho|verde,#C62828|#2E7D32,#C62828|#2E7D32,0.0,0.0,0.0,0.968979,0.959459,3.0,3.0,2,0,0,0,,,,,0,0,,0,0,,,,1,1.0,0,0,0,0,0,0,0,MATCH,1,2.0
BI_029_R07.png,BI,bar,identification,BI_029,29,7,1200,800,OK,EXACT,2,2,2,0,0,0,vermelho|verde,#C62828|#2E7D32,#C62828|#2E7D32,0.0,0.0,0.0,0.968979,0.959459,3.0,3.0,2,0,0,0,,,,,0,0,,0,0,,,,1,1.0,0,0,0,0,0,0,0,MATCH,1,2.0
BI_029_R08.png,BI,bar,identification,BI_029,29,8,1200,800,OK,EXACT,2,2,2,0,0,0,vermelho|verde,#C62828|#2E7D32,#C62828|#2E7D32,0.0,0.0,0.0,0.968979,0.959459,3.0,3.0,2,0,0,0,,,,,0,0,,0,0,,,,1,1.0,0,0,0,0,0,0,0,MATCH,1,2.0
BI_029_R09.png,BI,bar,identification,BI_029,29,9,1200,800,OK,EXACT,2,2,2,0,0,0,vermelho|verde,#C62828|#2E7D32,#C62828|#2E7D32,0.0,0.0,0.0,0.968979,0.959459,3.0,3.0,2,0,0,0,,,,,0,0,,0,0,,,,1,1.0,0,0,0,0,0,0,0,MATCH,1,2.0
BI_029_R10.png,BI,bar,identification,BI_029,29,10,1200,800,OK,EXACT,2,2,2,0,0,0,vermelho|verde,#C62828|#2E7D32,#C62828|#2E7D32,0.0,0.0,0.0,0.968979,0.959459,3.0,3.0,2,0,0,0,,,,,0,0,,0,0,,,,1,1.0,0,0,0,0,0,0,0,MATCH,1,2.0
BI_030_R01.png,BI,bar,identification,BI_030,30,1,1536,1024,OK,EXTRA,2,5,2,3,0,3,vermelho|verde,#C62828|#2E7D32,#CD2F24|#7A329C|#449D40|#336BBA|#346CBB,7.259581,7.259581,11.610496,0.209686,0.157996,6.0,10.0,5,0,0,0,,,,,0,0,,0,3,,#7A329C|#336BBA|#346CBB,0.157996,1,0.0,1,0,0,1,0,0,0,EXTRA_COLOR+COLOR_DEVIATION,0,2.0
BI_030_R02.png,BI,bar,identification,BI_030,30,2,1153,670,OK,EXACT,2,2,2,0,0,0,vermelho|verde,#C62828|#2E7D32,#C62828|#2E7D32,0.0,0.0,0.0,0.968979,0.959459,3.0,7.0,2,0,0,0,,,,,0,0,,0,0,,,,1,1.0,0,0,0,0,0,0,0,MATCH,1,2.0
BI_030_R03.png,BI,bar,identification,BI_030,30,3,1153,670,OK,EXACT,2,2,2,0,0,0,vermelho|verde,#C62828|#2E7D32,#C62828|#2E7D32,0.0,0.0,0.0,0.946268,0.936972,3.0,7.0,2,0,0,0,,,,,0,0,,0,0,,,,1,1.0,0,0,0,0,0,0,0,MATCH,1,2.0
BI_030_R04.png,BI,bar,identification,BI_030,30,4,1153,670,OK,EXACT,2,2,2,0,0,0,vermelho|verde,#C62828|#2E7D32,#C62828|#2E7D32,0.0,0.0,0.0,0.946268,0.936972,3.0,7.0,2,0,0,0,,,,,0,0,,0,0,,,,1,1.0,0,0,0,0,0,0,0,MATCH,1,2.0
BI_030_R05.png,BI,bar,identification,BI_030,30,5,1153,670,OK,EXACT,2,2,2,0,0,0,vermelho|verde,#C62828|#2E7D32,#C62828|#2E7D32,0.0,0.0,0.0,0.968979,0.959459,3.0,7.0,2,0,0,0,,,,,0,0,,0,0,,,,1,1.0,0,0,0,0,0,0,0,MATCH,1,2.0
BI_030_R06.png,BI,bar,identification,BI_030,30,6,1153,670,OK,EXACT,2,2,2,0,0,0,vermelho|verde,#C62828|#2E7D32,#C62828|#2E7D32,0.0,0.0,0.0,0.968979,0.959459,3.0,7.0,2,0,0,0,,,,,0,0,,0,0,,,,1,1.0,0,0,0,0,0,0,0,MATCH,1,2.0
BI_030_R07.png,BI,bar,identification,BI_030,30,7,1082,701,OK,MISSING,2,1,1,0,1,1,vermelho|verde,#C62828|#2E7D32,#2E7D32,0.0,0.0,0.0,0.966891,0.964371,3.0,7.0,1,0,0,0,,,,,0,0,,0,0,,,,1,1.0,0,1,0,0,0,0,0,MISSING_COLOR,0,2.0
BI_030_R08.png,BI,bar,identification,BI_030,30,8,1082,701,OK,MISSING,2,1,1,0,1,1,vermelho|verde,#C62828|#2E7D32,#2E7D32,0.0,0.0,0.0,0.769961,0.768274,3.0,7.0,1,0,0,0,,,,,0,0,,0,0,,,,1,1.0,0,1,0,0,0,0,0,MISSING_COLOR,0,2.0
BI_030_R09.png,BI,bar,identification,BI_030,30,9,1082,701,OK,MISSING,2,1,1,0,1,1,vermelho|verde,#C62828|#2E7D32,#4D9051,8.305308,8.305308,8.305308,0.966984,0.964455,3.0,7.0,1,0,0,0,,,,,0,0,,0,0,,,,1,0.0,1,1,0,0,0,0,0,MISSING_COLOR+COLOR_DEVIATION,0,2.0
BI_030_R10.png,BI,bar,identification,BI_030,30,10,1082,701,OK,MISSING,2,1,1,0,1,1,vermelho|verde,#C62828|#2E7D32,#2E7D32,0.0,0.0,0.0,0.966798,0.964286,3.0,7.0,1,0,0,0,,,,,0,0,,0,0,,,,1,1.0,0,1,0,0,0,0,0,MISSING_COLOR,0,2.0
BI_031_R01.png,BI,bar,identification,BI_031,31,1,1033,647,OK,EXACT,2,2,2,0,0,0,vermelho|verde,#C62828|#2E7D32,#C62828|#2E7D32,0.0,0.0,0.0,1.0,1.0,2.0,10.0,2,0,0,0,,,,,0,0,,0,0,,,,1,1.0,0,0,0,0,0,0,0,MATCH,1,2.0
BI_031_R02.png,BI,bar,identification,BI_031,31,2,1220,819,OK,EXACT,2,2,2,0,0,0,vermelho|verde,#C62828|#2E7D32,#C62828|#2E7D32,0.0,0.0,0.0,1.0,1.0,3.0,7.0,2,0,0,0,,,,,0,0,,0,0,,,,1,1.0,0,0,0,0,0,0,0,MATCH,1,2.0
BI_031_R03.png,BI,bar,identification,BI_031,31,3,1220,819,OK,EXACT,2,2,2,0,0,0,vermelho|verde,#C62828|#2E7D32,#C62828|#2E7D32,0.0,0.0,0.0,1.0,1.0,3.0,7.0,2,0,0,0,,,,,0,0,,0,0,,,,1,1.0,0,0,0,0,0,0,0,MATCH,1,2.0
BI_031_R04.png,BI,bar,identification,BI_031,31,4,1220,819,OK,EXACT,2,2,2,0,0,0,vermelho|verde,#C62828|#2E7D32,#C62828|#2E7D32,0.0,0.0,0.0,1.0,1.0,3.0,7.0,2,0,0,0,,,,,0,0,,0,0,,,,1,1.0,0,0,0,0,0,0,0,MATCH,1,2.0
BI_031_R05.png,BI,bar,identification,BI_031,31,5,1220,819,OK,EXACT,2,2,2,0,0,0,vermelho|verde,#C62828|#2E7D32,#C62828|#2E7D32,0.0,0.0,0.0,1.0,1.0,3.0,7.0,2,0,0,0,,,,,0,0,,0,0,,,,1,1.0,0,0,0,0,0,0,0,MATCH,1,2.0
BI_031_R06.png,BI,bar,identification,BI_031,31,6,1033,647,OK,EXACT,2,2,2,0,0,0,vermelho|verde,#C62828|#2E7D32,#C62828|#2E7D32,0.0,0.0,0.0,1.0,1.0,2.0,10.0,2,0,0,0,,,,,0,0,,0,0,,,,1,1.0,0,0,0,0,0,0,0,MATCH,1,2.0
BI_031_R07.png,BI,bar,identification,BI_031,31,7,1033,647,OK,EXACT,2,2,2,0,0,0,vermelho|verde,#C62828|#2E7D32,#C62828|#2E7D32,0.0,0.0,0.0,1.0,1.0,2.0,10.0,2,0,0,0,,,,,0,0,,0,0,,,,1,1.0,0,0,0,0,0,0,0,MATCH,1,2.0
BI_031_R08.png,BI,bar,identification,BI_031,31,8,1033,647,OK,EXACT,2,2,2,0,0,0,vermelho|verde,#C62828|#2E7D32,#C62828|#2E7D32,0.0,0.0,0.0,1.0,1.0,2.0,10.0,2,0,0,0,,,,,0,0,,0,0,,,,1,1.0,0,0,0,0,0,0,0,MATCH,1,2.0
BI_031_R09.png,BI,bar,identification,BI_031,31,9,1220,819,OK,EXACT,2,2,2,0,0,0,vermelho|verde,#C62828|#2E7D32,#C62828|#2E7D32,0.0,0.0,0.0,1.0,1.0,3.0,7.0,2,0,0,0,,,,,0,0,,0,0,,,,1,1.0,0,0,0,0,0,0,0,MATCH,1,2.0
BI_031_R10.png,BI,bar,identification,BI_031,31,10,1033,647,OK,EXACT,2,2,2,0,0,0,vermelho|verde,#C62828|#2E7D32,#C62828|#2E7D32,0.0,0.0,0.0,1.0,1.0,2.0,10.0,2,0,0,0,,,,,0,0,,0,0,,,,1,1.0,0,0,0,0,0,0,0,MATCH,1,2.0
BI_032_R01.png,BI,bar,identification,BI_032,32,1,1384,672,OK,EXACT,2,2,2,0,0,0,vermelho|verde,#C62828|#2E7D32,#C62827|#2F7D32,0.185024,0.185024,0.261229,1.0,1.0,3.0,3.0,2,0,0,0,,,,,0,0,,0,0,,,,1,1.0,0,0,0,0,0,0,0,MATCH,1,2.0
BI_032_R02.png,BI,bar,identification,BI_032,32,2,1055,582,OK,EXACT,2,2,2,0,0,0,vermelho|verde,#C62828|#2E7D32,#2E7D32|#C62828,0.0,0.0,0.0,1.0,1.0,3.0,15.0,2,0,0,0,,,,,0,0,,0,0,,,,1,1.0,0,0,0,0,0,0,0,MATCH,1,2.0
BI_032_R03.png,BI,bar,identification,BI_032,32,3,1055,582,OK,EXACT,2,2,2,0,0,0,vermelho|verde,#C62828|#2E7D32,#2E7D32|#C62828,0.0,0.0,0.0,1.0,1.0,3.0,15.0,2,0,0,0,,,,,0,0,,0,0,,,,1,1.0,0,0,0,0,0,0,0,MATCH,1,2.0
BI_032_R04.png,BI,bar,identification,BI_032,32,4,1055,582,OK,EXACT,2,2,2,0,0,0,vermelho|verde,#C62828|#2E7D32,#2E7D32|#C62828,0.0,0.0,0.0,1.0,1.0,3.0,15.0,2,0,0,0,,,,,0,0,,0,0,,,,1,1.0,0,0,0,0,0,0,0,MATCH,1,2.0
BI_032_R05.png,BI,bar,identification,BI_032,32,5,1055,582,OK,EXACT,2,2,2,0,0,0,vermelho|verde,#C62828|#2E7D32,#2E7D32|#C62828,0.0,0.0,0.0,1.0,1.0,3.0,15.0,2,0,0,0,,,,,0,0,,0,0,,,,1,1.0,0,0,0,0,0,0,0,MATCH,1,2.0
BI_032_R06.png,BI,bar,identification,BI_032,32,6,1055,582,OK,EXACT,2,2,2,0,0,0,vermelho|verde,#C62828|#2E7D32,#2E7D32|#C62828,0.0,0.0,0.0,1.0,1.0,3.0,15.0,2,0,0,0,,,,,0,0,,0,0,,,,1,1.0,0,0,0,0,0,0,0,MATCH,1,2.0
BI_032_R07.png,BI,bar,identification,BI_032,32,7,1055,582,OK,EXACT,2,2,2,0,0,0,vermelho|verde,#C62828|#2E7D32,#2E7D32|#C62828,0.0,0.0,0.0,1.0,1.0,3.0,15.0,2,0,0,0,,,,,0,0,,0,0,,,,1,1.0,0,0,0,0,0,0,0,MATCH,1,2.0
BI_032_R08.png,BI,bar,identification,BI_032,32,8,1055,582,OK,EXACT,2,2,2,0,0,0,vermelho|verde,#C62828|#2E7D32,#2E7D32|#C62828,0.0,0.0,0.0,1.0,1.0,3.0,15.0,2,0,0,0,,,,,0,0,,0,0,,,,1,1.0,0,0,0,0,0,0,0,MATCH,1,2.0
BI_032_R09.png,BI,bar,identification,BI_032,32,9,1055,582,OK,EXACT,2,2,2,0,0,0,vermelho|verde,#C62828|#2E7D32,#2E7D32|#C62828,0.0,0.0,0.0,1.0,1.0,3.0,15.0,2,0,0,0,,,,,0,0,,0,0,,,,1,1.0,0,0,0,0,0,0,0,MATCH,1,2.0
BI_032_R10.png,BI,bar,identification,BI_032,32,10,1055,582,OK,EXACT,2,2,2,0,0,0,vermelho|verde,#C62828|#2E7D32,#2E7D32|#C62828,0.0,0.0,0.0,1.0,1.0,3.0,15.0,2,0,0,0,,,,,0,0,,0,0,,,,1,1.0,0,0,0,0,0,0,0,MATCH,1,2.0
BI_033_R01.png,BI,bar,identification,BI_033,33,1,1055,582,OK,EXACT,2,2,2,0,0,0,vermelho|verde,#C62828|#2E7D32,#2E7D32|#C62828,0.0,0.0,0.0,1.0,1.0,3.0,15.0,2,0,0,0,,,,,0,0,,0,0,,,,1,1.0,0,0,0,0,0,0,0,MATCH,1,2.0
BI_033_R02.png,BI,bar,identification,BI_033,33,2,1080,677,OK,EXACT,2,2,2,0,0,0,vermelho|verde,#C62828|#2E7D32,#C62828|#2E7D32,0.0,0.0,0.0,0.967603,0.96,2.0,6.0,2,0,0,0,,,,,0,0,,0,0,,,,1,1.0,0,0,0,0,0,0,0,MATCH,1,2.0
BI_033_R03.png,BI,bar,identification,BI_033,33,3,1080,677,OK,EXACT,2,2,2,0,0,0,vermelho|verde,#C62828|#2E7D32,#C62828|#2E7D32,0.0,0.0,0.0,0.967603,0.96,2.0,6.0,2,0,0,0,,,,,0,0,,0,0,,,,1,1.0,0,0,0,0,0,0,0,MATCH,1,2.0
BI_033_R04.png,BI,bar,identification,BI_033,33,4,1080,677,OK,EXACT,2,2,2,0,0,0,vermelho|verde,#C62828|#2E7D32,#C62828|#2E7D32,0.0,0.0,0.0,0.967603,0.96,2.0,6.0,2,0,0,0,,,,,0,0,,0,0,,,,1,1.0,0,0,0,0,0,0,0,MATCH,1,2.0
BI_033_R05.png,BI,bar,identification,BI_033,33,5,1080,677,OK,EXACT,2,2,2,0,0,0,vermelho|verde,#C62828|#2E7D32,#C62828|#2E7D32,0.0,0.0,0.0,0.967603,0.96,2.0,6.0,2,0,0,0,,,,,0,0,,0,0,,,,1,1.0,0,0,0,0,0,0,0,MATCH,1,2.0
BI_033_R06.png,BI,bar,identification,BI_033,33,6,1080,677,OK,EXACT,2,2,2,0,0,0,vermelho|verde,#C62828|#2E7D32,#C62828|#2E7D32,0.0,0.0,0.0,0.967603,0.96,2.0,6.0,2,0,0,0,,,,,0,0,,0,0,,,,1,1.0,0,0,0,0,0,0,0,MATCH,1,2.0
BI_033_R07.png,BI,bar,identification,BI_033,33,7,1080,677,OK,EXACT,2,2,2,0,0,0,vermelho|verde,#C62828|#2E7D32,#C62828|#2E7D32,0.0,0.0,0.0,0.967603,0.96,2.0,6.0,2,0,0,0,,,,,0,0,,0,0,,,,1,1.0,0,0,0,0,0,0,0,MATCH,1,2.0
BI_033_R08.png,BI,bar,identification,BI_033,33,8,1080,677,OK,EXACT,2,2,2,0,0,0,vermelho|verde,#C62828|#2E7D32,#C62828|#2E7D32,0.0,0.0,0.0,0.967603,0.96,2.0,6.0,2,0,0,0,,,,,0,0,,0,0,,,,1,1.0,0,0,0,0,0,0,0,MATCH,1,2.0
BI_033_R09.png,BI,bar,identification,BI_033,33,9,1080,677,OK,EXACT,2,2,2,0,0,0,vermelho|verde,#C62828|#2E7D32,#C62828|#2E7D32,0.0,0.0,0.0,0.967603,0.96,2.0,6.0,2,0,0,0,,,,,0,0,,0,0,,,,1,1.0,0,0,0,0,0,0,0,MATCH,1,2.0
BI_033_R10.png,BI,bar,identification,BI_033,33,10,1080,677,OK,EXACT,2,2,2,0,0,0,vermelho|verde,#C62828|#2E7D32,#C62828|#2E7D32,0.0,0.0,0.0,0.967603,0.96,2.0,6.0,2,0,0,0,,,,,0,0,,0,0,,,,1,1.0,0,0,0,0,0,0,0,MATCH,1,2.0
BI_034_R01.png,BI,bar,identification,BI_034,34,1,1200,800,OK,EXACT,2,2,2,0,0,0,vermelho|verde,#C62828|#2E7D32,#C62828|#2E7D32,0.0,0.0,0.0,1.0,1.0,3.0,5.0,2,0,0,0,,,,,0,0,,0,0,,,,1,1.0,0,0,0,0,0,0,0,MATCH,1,2.0
BI_034_R02.png,BI,bar,identification,BI_034,34,2,1363,670,OK,EXACT,2,2,2,0,0,0,vermelho|verde,#C62828|#2E7D32,#C62828|#2E7D32,0.0,0.0,0.0,1.0,1.0,3.0,7.0,2,0,0,0,,,,,0,0,,0,0,,,,1,1.0,0,0,0,0,0,0,0,MATCH,1,2.0
BI_034_R03.png,BI,bar,identification,BI_034,34,3,1363,670,OK,EXACT,2,2,2,0,0,0,vermelho|verde,#C62828|#2E7D32,#C62828|#2E7D32,0.0,0.0,0.0,1.0,1.0,3.0,7.0,2,0,0,0,,,,,0,0,,0,0,,,,1,1.0,0,0,0,0,0,0,0,MATCH,1,2.0
BI_034_R04.png,BI,bar,identification,BI_034,34,4,1363,670,OK,EXACT,2,2,2,0,0,0,vermelho|verde,#C62828|#2E7D32,#C62828|#2E7D32,0.0,0.0,0.0,1.0,1.0,3.0,7.0,2,0,0,0,,,,,0,0,,0,0,,,,1,1.0,0,0,0,0,0,0,0,MATCH,1,2.0
BI_034_R05.png,BI,bar,identification,BI_034,34,5,1363,670,OK,EXACT,2,2,2,0,0,0,vermelho|verde,#C62828|#2E7D32,#C62828|#2E7D32,0.0,0.0,0.0,1.0,1.0,3.0,7.0,2,0,0,0,,,,,0,0,,0,0,,,,1,1.0,0,0,0,0,0,0,0,MATCH,1,2.0
BI_034_R06.png,BI,bar,identification,BI_034,34,6,1363,670,OK,EXACT,2,2,2,0,0,0,vermelho|verde,#C62828|#2E7D32,#C62828|#2E7D32,0.0,0.0,0.0,1.0,1.0,3.0,7.0,2,0,0,0,,,,,0,0,,0,0,,,,1,1.0,0,0,0,0,0,0,0,MATCH,1,2.0
BI_034_R07.png,BI,bar,identification,BI_034,34,7,1363,670,OK,EXACT,2,2,2,0,0,0,vermelho|verde,#C62828|#2E7D32,#C62828|#2E7D32,0.0,0.0,0.0,1.0,1.0,3.0,7.0,2,0,0,0,,,,,0,0,,0,0,,,,1,1.0,0,0,0,0,0,0,0,MATCH,1,2.0
BI_034_R08.png,BI,bar,identification,BI_034,34,8,1363,670,OK,EXACT,2,2,2,0,0,0,vermelho|verde,#C62828|#2E7D32,#C62828|#2E7D32,0.0,0.0,0.0,1.0,1.0,3.0,7.0,2,0,0,0,,,,,0,0,,0,0,,,,1,1.0,0,0,0,0,0,0,0,MATCH,1,2.0
BI_034_R09.png,BI,bar,identification,BI_034,34,9,1363,670,OK,EXACT,2,2,2,0,0,0,vermelho|verde,#C62828|#2E7D32,#C62828|#2E7D32,0.0,0.0,0.0,1.0,1.0,3.0,7.0,2,0,0,0,,,,,0,0,,0,0,,,,1,1.0,0,0,0,0,0,0,0,MATCH,1,2.0
BI_034_R10.png,BI,bar,identification,BI_034,34,10,1363,670,OK,EXACT,2,2,2,0,0,0,vermelho|verde,#C62828|#2E7D32,#C62828|#2E7D32,0.0,0.0,0.0,1.0,1.0,3.0,7.0,2,0,0,0,,,,,0,0,,0,0,,,,1,1.0,0,0,0,0,0,0,0,MATCH,1,2.0
BI_035_R01.png,BI,bar,identification,BI_035,35,1,1188,790,OK,EXACT,2,2,2,0,0,0,vermelho|verde,#C62828|#2E7D32,#C62828|#2E7D32,0.0,0.0,0.0,1.0,1.0,3.0,7.0,2,0,0,0,,,,,0,0,,0,0,,,,1,1.0,0,0,0,0,0,0,0,MATCH,1,2.0
BI_035_R02.png,BI,bar,identification,BI_035,35,2,1386,720,OK,EXACT,2,2,2,0,0,0,vermelho|verde,#C62828|#2E7D32,#C62828|#2E7D32,0.0,0.0,0.0,1.0,1.0,3.0,7.0,2,0,0,0,,,,,0,0,,0,0,,,,1,1.0,0,0,0,0,0,0,0,MATCH,1,2.0
BI_035_R03.png,BI,bar,identification,BI_035,35,3,1386,720,OK,EXACT,2,2,2,0,0,0,vermelho|verde,#C62828|#2E7D32,#C62828|#2E7D32,0.0,0.0,0.0,1.0,1.0,3.0,7.0,2,0,0,0,,,,,0,0,,0,0,,,,1,1.0,0,0,0,0,0,0,0,MATCH,1,2.0
BI_035_R04.png,BI,bar,identification,BI_035,35,4,1386,720,OK,EXACT,2,2,2,0,0,0,vermelho|verde,#C62828|#2E7D32,#C62828|#2E7D32,0.0,0.0,0.0,1.0,1.0,3.0,7.0,2,0,0,0,,,,,0,0,,0,0,,,,1,1.0,0,0,0,0,0,0,0,MATCH,1,2.0
BI_035_R05.png,BI,bar,identification,BI_035,35,5,1386,720,OK,EXACT,2,2,2,0,0,0,vermelho|verde,#C62828|#2E7D32,#C62828|#2E7D32,0.0,0.0,0.0,1.0,1.0,3.0,7.0,2,0,0,0,,,,,0,0,,0,0,,,,1,1.0,0,0,0,0,0,0,0,MATCH,1,2.0
BI_035_R06.png,BI,bar,identification,BI_035,35,6,1386,720,OK,EXACT,2,2,2,0,0,0,vermelho|verde,#C62828|#2E7D32,#C62828|#2E7D32,0.0,0.0,0.0,1.0,1.0,3.0,7.0,2,0,0,0,,,,,0,0,,0,0,,,,1,1.0,0,0,0,0,0,0,0,MATCH,1,2.0
BI_035_R07.png,BI,bar,identification,BI_035,35,7,1386,720,OK,EXACT,2,2,2,0,0,0,vermelho|verde,#C62828|#2E7D32,#C62828|#2E7D32,0.0,0.0,0.0,1.0,1.0,3.0,7.0,2,0,0,0,,,,,0,0,,0,0,,,,1,1.0,0,0,0,0,0,0,0,MATCH,1,2.0
BI_035_R08.png,BI,bar,identification,BI_035,35,8,1386,720,OK,EXACT,2,2,2,0,0,0,vermelho|verde,#C62828|#2E7D32,#C62828|#2E7D32,0.0,0.0,0.0,1.0,1.0,3.0,7.0,2,0,0,0,,,,,0,0,,0,0,,,,1,1.0,0,0,0,0,0,0,0,MATCH,1,2.0
BI_035_R09.png,BI,bar,identification,BI_035,35,9,1386,720,OK,EXACT,2,2,2,0,0,0,vermelho|verde,#C62828|#2E7D32,#C62828|#2E7D32,0.0,0.0,0.0,1.0,1.0,3.0,7.0,2,0,0,0,,,,,0,0,,0,0,,,,1,1.0,0,0,0,0,0,0,0,MATCH,1,2.0
BI_035_R10.png,BI,bar,identification,BI_035,35,10,1386,720,OK,EXACT,2,2,2,0,0,0,vermelho|verde,#C62828|#2E7D32,#C62828|#2E7D32,0.0,0.0,0.0,1.0,1.0,3.0,7.0,2,0,0,0,,,,,0,0,,0,0,,,,1,1.0,0,0,0,0,0,0,0,MATCH,1,2.0
BI_036_R01.png,BI,bar,identification,BI_036,36,1,1406,677,OK,EXACT,2,2,2,0,0,0,vermelho|verde,#C62828|#2E7D32,#C62828|#2E7D32,0.0,0.0,0.0,0.970531,0.961456,3.0,7.0,2,0,0,0,,,,,0,0,,0,0,,,,1,1.0,0,0,0,0,0,0,0,MATCH,1,2.0
BI_036_R02.png,BI,bar,identification,BI_036,36,2,1203,630,OK,EXACT,2,2,2,0,0,0,vermelho|verde,#C62828|#2E7D32,#C62828|#2E7D32,0.0,0.0,0.0,0.968314,0.958621,3.0,6.0,2,0,0,0,,,,,0,0,,0,0,,,,1,1.0,0,0,0,0,0,0,0,MATCH,1,2.0
BI_036_R03.png,BI,bar,identification,BI_036,36,3,1203,630,OK,EXACT,2,2,2,0,0,0,vermelho|verde,#C62828|#2E7D32,#C62828|#2E7D32,0.0,0.0,0.0,0.968314,0.958621,3.0,6.0,2,0,0,0,,,,,0,0,,0,0,,,,1,1.0,0,0,0,0,0,0,0,MATCH,1,2.0
BI_036_R04.png,BI,bar,identification,BI_036,36,4,1203,630,OK,EXACT,2,2,2,0,0,0,vermelho|verde,#C62828|#2E7D32,#C62828|#2E7D32,0.0,0.0,0.0,0.968314,0.958621,3.0,6.0,2,0,0,0,,,,,0,0,,0,0,,,,1,1.0,0,0,0,0,0,0,0,MATCH,1,2.0
BI_036_R05.png,BI,bar,identification,BI_036,36,5,1203,630,OK,EXACT,2,2,2,0,0,0,vermelho|verde,#C62828|#2E7D32,#C62828|#2E7D32,0.0,0.0,0.0,0.968314,0.958621,3.0,6.0,2,0,0,0,,,,,0,0,,0,0,,,,1,1.0,0,0,0,0,0,0,0,MATCH,1,2.0
BI_036_R06.png,BI,bar,identification,BI_036,36,6,1203,630,OK,EXACT,2,2,2,0,0,0,vermelho|verde,#C62828|#2E7D32,#C62828|#2E7D32,0.0,0.0,0.0,0.968314,0.958621,3.0,6.0,2,0,0,0,,,,,0,0,,0,0,,,,1,1.0,0,0,0,0,0,0,0,MATCH,1,2.0
BI_036_R07.png,BI,bar,identification,BI_036,36,7,1203,630,OK,EXACT,2,2,2,0,0,0,vermelho|verde,#C62828|#2E7D32,#C62828|#2E7D32,0.0,0.0,0.0,0.968314,0.958621,3.0,6.0,2,0,0,0,,,,,0,0,,0,0,,,,1,1.0,0,0,0,0,0,0,0,MATCH,1,2.0
BI_036_R08.png,BI,bar,identification,BI_036,36,8,1203,630,OK,EXACT,2,2,2,0,0,0,vermelho|verde,#C62828|#2E7D32,#C62828|#2E7D32,0.0,0.0,0.0,0.968314,0.958621,3.0,6.0,2,0,0,0,,,,,0,0,,0,0,,,,1,1.0,0,0,0,0,0,0,0,MATCH,1,2.0
BI_036_R09.png,BI,bar,identification,BI_036,36,9,1203,630,OK,EXACT,2,2,2,0,0,0,vermelho|verde,#C62828|#2E7D32,#C62828|#2E7D32,0.0,0.0,0.0,0.968314,0.958621,3.0,6.0,2,0,0,0,,,,,0,0,,0,0,,,,1,1.0,0,0,0,0,0,0,0,MATCH,1,2.0
BI_036_R10.png,BI,bar,identification,BI_036,36,10,1203,630,OK,EXACT,2,2,2,0,0,0,vermelho|verde,#C62828|#2E7D32,#C62828|#2E7D32,0.0,0.0,0.0,0.968314,0.958621,3.0,6.0,2,0,0,0,,,,,0,0,,0,0,,,,1,1.0,0,0,0,0,0,0,0,MATCH,1,2.0
BI_037_R01.png,BI,bar,identification,BI_037,37,1,1217,683,OK,EXACT,2,2,2,0,0,0,vermelho|verde,#C62828|#2E7D32,#C62828|#2E7D32,0.0,0.0,0.0,0.970559,0.961538,3.0,7.0,2,0,0,0,,,,,0,0,,0,0,,,,1,1.0,0,0,0,0,0,0,0,MATCH,1,2.0
BI_037_R02.png,BI,bar,identification,BI_037,37,2,1200,800,OK,EXACT,2,2,2,0,0,0,vermelho|verde,#C62828|#2E7D32,#C62828|#2E7D32,0.0,0.0,0.0,0.965766,0.955335,3.0,7.0,2,0,0,0,,,,,0,0,,0,0,,,,1,1.0,0,0,0,0,0,0,0,MATCH,1,2.0
BI_037_R03.png,BI,bar,identification,BI_037,37,3,1200,800,OK,EXACT,2,2,2,0,0,0,vermelho|verde,#C62828|#2E7D32,#C62828|#2E7D32,0.0,0.0,0.0,0.965766,0.955335,3.0,7.0,2,0,0,0,,,,,0,0,,0,0,,,,1,1.0,0,0,0,0,0,0,0,MATCH,1,2.0
BI_037_R04.png,BI,bar,identification,BI_037,37,4,1200,800,OK,EXACT,2,2,2,0,0,0,vermelho|verde,#C62828|#2E7D32,#C62828|#2E7D32,0.0,0.0,0.0,0.965766,0.955335,3.0,7.0,2,0,0,0,,,,,0,0,,0,0,,,,1,1.0,0,0,0,0,0,0,0,MATCH,1,2.0
BI_037_R05.png,BI,bar,identification,BI_037,37,5,1200,800,OK,EXACT,2,2,2,0,0,0,vermelho|verde,#C62828|#2E7D32,#C62828|#2E7D32,0.0,0.0,0.0,0.965766,0.955335,3.0,7.0,2,0,0,0,,,,,0,0,,0,0,,,,1,1.0,0,0,0,0,0,0,0,MATCH,1,2.0
BI_037_R06.png,BI,bar,identification,BI_037,37,6,1200,800,OK,EXACT,2,2,2,0,0,0,vermelho|verde,#C62828|#2E7D32,#C62828|#2E7D32,0.0,0.0,0.0,0.965766,0.955335,3.0,7.0,2,0,0,0,,,,,0,0,,0,0,,,,1,1.0,0,0,0,0,0,0,0,MATCH,1,2.0
BI_037_R07.png,BI,bar,identification,BI_037,37,7,1200,800,OK,EXACT,2,2,2,0,0,0,vermelho|verde,#C62828|#2E7D32,#C62828|#2E7D32,0.0,0.0,0.0,0.965766,0.955335,3.0,7.0,2,0,0,0,,,,,0,0,,0,0,,,,1,1.0,0,0,0,0,0,0,0,MATCH,1,2.0
BI_037_R08.png,BI,bar,identification,BI_037,37,8,1200,800,OK,EXACT,2,2,2,0,0,0,vermelho|verde,#C62828|#2E7D32,#C62828|#2E7D32,0.0,0.0,0.0,0.965766,0.955335,3.0,7.0,2,0,0,0,,,,,0,0,,0,0,,,,1,1.0,0,0,0,0,0,0,0,MATCH,1,2.0
BI_037_R09.png,BI,bar,identification,BI_037,37,9,1200,800,OK,EXACT,2,2,2,0,0,0,vermelho|verde,#C62828|#2E7D32,#C62828|#2E7D32,0.0,0.0,0.0,0.965766,0.955335,3.0,7.0,2,0,0,0,,,,,0,0,,0,0,,,,1,1.0,0,0,0,0,0,0,0,MATCH,1,2.0
BI_037_R10.png,BI,bar,identification,BI_037,37,10,1200,800,OK,EXACT,2,2,2,0,0,0,vermelho|verde,#C62828|#2E7D32,#C62828|#2E7D32,0.0,0.0,0.0,0.965766,0.955335,3.0,7.0,2,0,0,0,,,,,0,0,,0,0,,,,1,1.0,0,0,0,0,0,0,0,MATCH,1,2.0
BI_038_R01.png,BI,bar,identification,BI_038,38,1,1155,671,OK,EXACT,2,2,2,0,0,0,vermelho|verde,#C62828|#2E7D32,#C62828|#2E7D32,0.0,0.0,0.0,1.0,1.0,3.0,6.0,2,0,0,0,,,,,0,0,,0,0,,,,1,1.0,0,0,0,0,0,0,0,MATCH,1,2.0
BI_038_R02.png,BI,bar,identification,BI_038,38,2,1181,671,OK,EXACT,2,2,2,0,0,0,vermelho|verde,#C62828|#2E7D32,#C62828|#2E7D32,0.0,0.0,0.0,0.968979,0.959459,3.0,7.0,2,0,0,0,,,,,0,0,,0,0,,,,1,1.0,0,0,0,0,0,0,0,MATCH,1,2.0
BI_038_R03.png,BI,bar,identification,BI_038,38,3,1181,671,OK,EXACT,2,2,2,0,0,0,vermelho|verde,#C62828|#2E7D32,#C62828|#2E7D32,0.0,0.0,0.0,0.968979,0.959459,3.0,7.0,2,0,0,0,,,,,0,0,,0,0,,,,1,1.0,0,0,0,0,0,0,0,MATCH,1,2.0
BI_038_R04.png,BI,bar,identification,BI_038,38,4,1181,671,OK,EXACT,2,2,2,0,0,0,vermelho|verde,#C62828|#2E7D32,#C62828|#2E7D32,0.0,0.0,0.0,0.968979,0.959459,3.0,7.0,2,0,0,0,,,,,0,0,,0,0,,,,1,1.0,0,0,0,0,0,0,0,MATCH,1,2.0
BI_038_R05.png,BI,bar,identification,BI_038,38,5,1181,671,OK,EXACT,2,2,2,0,0,0,vermelho|verde,#C62828|#2E7D32,#C62828|#2E7D32,0.0,0.0,0.0,0.968979,0.959459,3.0,7.0,2,0,0,0,,,,,0,0,,0,0,,,,1,1.0,0,0,0,0,0,0,0,MATCH,1,2.0
BI_038_R06.png,BI,bar,identification,BI_038,38,6,1181,671,OK,EXACT,2,2,2,0,0,0,vermelho|verde,#C62828|#2E7D32,#C62828|#2E7D32,0.0,0.0,0.0,0.968979,0.959459,3.0,7.0,2,0,0,0,,,,,0,0,,0,0,,,,1,1.0,0,0,0,0,0,0,0,MATCH,1,2.0
BI_038_R07.png,BI,bar,identification,BI_038,38,7,1181,671,OK,EXACT,2,2,2,0,0,0,vermelho|verde,#C62828|#2E7D32,#C62828|#2E7D32,0.0,0.0,0.0,0.968979,0.959459,3.0,7.0,2,0,0,0,,,,,0,0,,0,0,,,,1,1.0,0,0,0,0,0,0,0,MATCH,1,2.0
BI_038_R08.png,BI,bar,identification,BI_038,38,8,1181,671,OK,EXACT,2,2,2,0,0,0,vermelho|verde,#C62828|#2E7D32,#C62828|#2E7D32,0.0,0.0,0.0,0.968979,0.959459,3.0,7.0,2,0,0,0,,,,,0,0,,0,0,,,,1,1.0,0,0,0,0,0,0,0,MATCH,1,2.0
BI_038_R09.png,BI,bar,identification,BI_038,38,9,1181,671,OK,EXACT,2,2,2,0,0,0,vermelho|verde,#C62828|#2E7D32,#C62828|#2E7D32,0.0,0.0,0.0,0.968979,0.959459,3.0,7.0,2,0,0,0,,,,,0,0,,0,0,,,,1,1.0,0,0,0,0,0,0,0,MATCH,1,2.0
BI_038_R10.png,BI,bar,identification,BI_038,38,10,1181,671,OK,EXACT,2,2,2,0,0,0,vermelho|verde,#C62828|#2E7D32,#C62828|#2E7D32,0.0,0.0,0.0,0.968979,0.959459,3.0,7.0,2,0,0,0,,,,,0,0,,0,0,,,,1,1.0,0,0,0,0,0,0,0,MATCH,1,2.0
BI_039_R01.png,BI,bar,identification,BI_039,39,1,1388,671,OK,EXACT,2,2,2,0,0,0,vermelho|verde,#C62828|#2E7D32,#C62828|#2E7D32,0.0,0.0,0.0,1.0,1.0,3.0,7.0,2,0,0,0,,,,,0,0,,0,0,,,,1,1.0,0,0,0,0,0,0,0,MATCH,1,2.0
BI_039_R02.png,BI,bar,identification,BI_039,39,2,1375,671,OK,EXACT,2,2,2,0,0,0,vermelho|verde,#C62828|#2E7D32,#C62828|#2E7D32,0.0,0.0,0.0,0.969862,0.960526,3.0,7.0,2,0,0,0,,,,,0,0,,0,0,,,,1,1.0,0,0,0,0,0,0,0,MATCH,1,2.0
BI_039_R03.png,BI,bar,identification,BI_039,39,3,1375,671,OK,EXACT,2,2,2,0,0,0,vermelho|verde,#C62828|#2E7D32,#C62828|#2E7D32,0.0,0.0,0.0,0.969862,0.960526,3.0,7.0,2,0,0,0,,,,,0,0,,0,0,,,,1,1.0,0,0,0,0,0,0,0,MATCH,1,2.0
BI_039_R04.png,BI,bar,identification,BI_039,39,4,1375,671,OK,EXACT,2,2,2,0,0,0,vermelho|verde,#C62828|#2E7D32,#C62828|#2E7D32,0.0,0.0,0.0,0.969862,0.960526,3.0,7.0,2,0,0,0,,,,,0,0,,0,0,,,,1,1.0,0,0,0,0,0,0,0,MATCH,1,2.0
BI_039_R05.png,BI,bar,identification,BI_039,39,5,1375,671,OK,EXACT,2,2,2,0,0,0,vermelho|verde,#C62828|#2E7D32,#C62828|#2E7D32,0.0,0.0,0.0,0.969862,0.960526,3.0,7.0,2,0,0,0,,,,,0,0,,0,0,,,,1,1.0,0,0,0,0,0,0,0,MATCH,1,2.0
BI_039_R06.png,BI,bar,identification,BI_039,39,6,1375,671,OK,EXACT,2,2,2,0,0,0,vermelho|verde,#C62828|#2E7D32,#C62828|#2E7D32,0.0,0.0,0.0,0.969862,0.960526,3.0,7.0,2,0,0,0,,,,,0,0,,0,0,,,,1,1.0,0,0,0,0,0,0,0,MATCH,1,2.0
BI_039_R07.png,BI,bar,identification,BI_039,39,7,1375,671,OK,EXACT,2,2,2,0,0,0,vermelho|verde,#C62828|#2E7D32,#C62828|#2E7D32,0.0,0.0,0.0,0.969862,0.960526,3.0,7.0,2,0,0,0,,,,,0,0,,0,0,,,,1,1.0,0,0,0,0,0,0,0,MATCH,1,2.0
BI_039_R08.png,BI,bar,identification,BI_039,39,8,1375,671,OK,EXACT,2,2,2,0,0,0,vermelho|verde,#C62828|#2E7D32,#C62828|#2E7D32,0.0,0.0,0.0,0.969862,0.960526,3.0,7.0,2,0,0,0,,,,,0,0,,0,0,,,,1,1.0,0,0,0,0,0,0,0,MATCH,1,2.0
BI_039_R09.png,BI,bar,identification,BI_039,39,9,1375,671,OK,EXACT,2,2,2,0,0,0,vermelho|verde,#C62828|#2E7D32,#C62828|#2E7D32,0.0,0.0,0.0,0.969862,0.960526,3.0,7.0,2,0,0,0,,,,,0,0,,0,0,,,,1,1.0,0,0,0,0,0,0,0,MATCH,1,2.0
BI_039_R10.png,BI,bar,identification,BI_039,39,10,1375,671,OK,EXACT,2,2,2,0,0,0,vermelho|verde,#C62828|#2E7D32,#C62828|#2E7D32,0.0,0.0,0.0,0.969862,0.960526,3.0,7.0,2,0,0,0,,,,,0,0,,0,0,,,,1,1.0,0,0,0,0,0,0,0,MATCH,1,2.0
BI_040_R01.png,BI,bar,identification,BI_040,40,1,1395,672,OK,EXACT,2,2,2,0,0,0,vermelho|verde,#C62828|#2E7D32,#C62828|#2E7D32,0.0,0.0,0.0,0.968432,0.958716,3.0,7.0,2,0,0,0,,,,,0,0,,0,0,,,,1,1.0,0,0,0,0,0,0,0,MATCH,1,2.0
BI_040_R02.png,BI,bar,identification,BI_040,40,2,1187,789,OK,EXACT,2,2,2,0,0,0,vermelho|verde,#C62828|#2E7D32,#D62728|#2CA02C,7.999688,7.999688,12.7191,1.0,1.0,3.0,7.0,2,0,0,0,,,,,0,0,,0,0,,,,1,0.0,1,0,0,0,0,0,0,COLOR_DEVIATION,0,2.0
BI_040_R03.png,BI,bar,identification,BI_040,40,3,1187,789,OK,EXACT,2,2,2,0,0,0,vermelho|verde,#C62828|#2E7D32,#D62728|#2CA02C,7.999688,7.999688,12.7191,1.0,1.0,3.0,7.0,2,0,0,0,,,,,0,0,,0,0,,,,1,0.0,1,0,0,0,0,0,0,COLOR_DEVIATION,0,2.0
BI_040_R04.png,BI,bar,identification,BI_040,40,4,1187,789,OK,EXACT,2,2,2,0,0,0,vermelho|verde,#C62828|#2E7D32,#D62728|#2CA02C,7.999688,7.999688,12.7191,1.0,1.0,3.0,7.0,2,0,0,0,,,,,0,0,,0,0,,,,1,0.0,1,0,0,0,0,0,0,COLOR_DEVIATION,0,2.0
BI_040_R05.png,BI,bar,identification,BI_040,40,5,1187,789,OK,EXACT,2,2,2,0,0,0,vermelho|verde,#C62828|#2E7D32,#D62728|#2CA02C,7.999688,7.999688,12.7191,1.0,1.0,3.0,7.0,2,0,0,0,,,,,0,0,,0,0,,,,1,0.0,1,0,0,0,0,0,0,COLOR_DEVIATION,0,2.0
BI_040_R06.png,BI,bar,identification,BI_040,40,6,1435,704,OK,EXACT,2,2,2,0,0,0,vermelho|verde,#C62828|#2E7D32,#C62828|#2E7D32,0.0,0.0,0.0,0.968432,0.958716,3.0,7.0,2,0,0,0,,,,,0,0,,0,0,,,,1,1.0,0,0,0,0,0,0,0,MATCH,1,2.0
BI_040_R07.png,BI,bar,identification,BI_040,40,7,1435,672,OK,EXACT,2,2,2,0,0,0,vermelho|verde,#C62828|#2E7D32,#C62828|#2E7D32,0.0,0.0,0.0,0.968432,0.958716,3.0,7.0,2,0,0,0,,,,,0,0,,0,0,,,,1,1.0,0,0,0,0,0,0,0,MATCH,1,2.0
BI_040_R08.png,BI,bar,identification,BI_040,40,8,1435,694,OK,EXACT,2,2,2,0,0,0,vermelho|verde,#C62828|#2E7D32,#C62828|#2E7D32,0.0,0.0,0.0,0.946858,0.937503,3.0,7.0,2,0,0,0,,,,,0,0,,0,0,,,,1,1.0,0,0,0,0,0,0,0,MATCH,1,2.0
BI_040_R09.png,BI,bar,identification,BI_040,40,9,1435,694,OK,EXACT,2,2,2,0,0,0,vermelho|verde,#C62828|#2E7D32,#C62828|#2E7D32,0.0,0.0,0.0,0.968377,0.95881,3.0,7.0,2,0,0,0,,,,,0,0,,0,0,,,,1,1.0,0,0,0,0,0,0,0,MATCH,1,2.0
BI_040_R10.png,BI,bar,identification,BI_040,40,10,1435,672,OK,EXACT,2,2,2,0,0,0,vermelho|verde,#C62828|#2E7D32,#C62828|#2E7D32,0.0,0.0,0.0,0.968432,0.958716,3.0,7.0,2,0,0,0,,,,,0,0,,0,0,,,,1,1.0,0,0,0,0,0,0,0,MATCH,1,2.0
BI_041_R01.png,BI,bar,identification,BI_041,41,1,1189,790,OK,EXACT,2,2,2,0,0,0,vermelho|verde,#C62828|#2E7D32,#C62828|#2E7D32,0.0,0.0,0.0,1.0,1.0,3.0,3.0,2,0,0,0,,,,,0,0,,0,0,,,,1,1.0,0,0,0,0,0,0,0,MATCH,1,2.0
BI_041_R02.png,BI,bar,identification,BI_041,41,2,1200,800,OK,EXACT,2,2,2,0,0,0,vermelho|verde,#C62828|#2E7D32,#C62828|#2E7D32,0.0,0.0,0.0,0.957921,0.950303,3.0,3.0,2,0,0,0,,,,,0,0,,0,0,,,,1,1.0,0,0,0,0,0,0,0,MATCH,1,2.0
BI_041_R03.png,BI,bar,identification,BI_041,41,3,1200,800,OK,MISSING,2,1,1,0,1,1,vermelho|verde,#C62828|#2E7D32,#2E7D32,0.0,0.0,0.0,0.957808,0.957808,1.0,7.0,1,0,0,0,,,,,0,0,,0,0,,,,1,1.0,0,1,0,0,0,0,0,MISSING_COLOR,0,2.0
BI_041_R04.png,BI,bar,identification,BI_041,41,4,1200,800,OK,EXACT,2,2,2,0,0,0,vermelho|verde,#C62828|#2E7D32,#C62828|#2E7D32,0.0,0.0,0.0,0.948746,0.940952,3.0,5.0,2,0,0,0,,,,,0,0,,0,0,,,,1,1.0,0,0,0,0,0,0,0,MATCH,1,2.0
BI_041_R05.png,BI,bar,identification,BI_041,41,5,1200,800,OK,MISSING,2,1,1,0,1,1,vermelho|verde,#C62828|#2E7D32,#2E7D32,0.0,0.0,0.0,0.957808,0.957808,1.0,7.0,1,0,0,0,,,,,0,0,,0,0,,,,1,1.0,0,1,0,0,0,0,0,MISSING_COLOR,0,2.0
BI_041_R06.png,BI,bar,identification,BI_041,41,6,1200,800,OK,EXACT,2,2,2,0,0,0,vermelho|verde,#C62828|#2E7D32,#C62828|#2E7D32,0.0,0.0,0.0,0.957921,0.950303,3.0,3.0,2,0,0,0,,,,,0,0,,0,0,,,,1,1.0,0,0,0,0,0,0,0,MATCH,1,2.0
BI_041_R07.png,BI,bar,identification,BI_041,41,7,1200,800,OK,EXACT,2,2,2,0,0,0,vermelho|verde,#C62828|#2E7D32,#C62828|#2E7D32,0.0,0.0,0.0,0.950416,0.942537,3.0,5.0,2,0,0,0,,,,,0,0,,0,0,,,,1,1.0,0,0,0,0,0,0,0,MATCH,1,2.0
BI_041_R08.png,BI,bar,identification,BI_041,41,8,1200,800,OK,EXACT,2,2,2,0,0,0,vermelho|verde,#C62828|#2E7D32,#C62828|#2E7D32,0.0,0.0,0.0,0.957921,0.950303,3.0,3.0,2,0,0,0,,,,,0,0,,0,0,,,,1,1.0,0,0,0,0,0,0,0,MATCH,1,2.0
BI_041_R09.png,BI,bar,identification,BI_041,41,9,1200,800,OK,EXACT,2,2,2,0,0,0,vermelho|verde,#C62828|#2E7D32,#C62828|#2E7D32,0.0,0.0,0.0,0.948746,0.940952,3.0,5.0,2,0,0,0,,,,,0,0,,0,0,,,,1,1.0,0,0,0,0,0,0,0,MATCH,1,2.0
BI_041_R10.png,BI,bar,identification,BI_041,41,10,1200,800,OK,EXACT,2,2,2,0,0,0,vermelho|verde,#C62828|#2E7D32,#C62828|#2E7D32,0.0,0.0,0.0,0.957921,0.950303,3.0,3.0,2,0,0,0,,,,,0,0,,0,0,,,,1,1.0,0,0,0,0,0,0,0,MATCH,1,2.0
BI_042_R01.png,BI,bar,identification,BI_042,42,1,1137,651,OK,EXACT,2,2,2,0,0,0,vermelho|verde,#C62828|#2E7D32,#C62828|#2E7D32,0.0,0.0,0.0,1.0,1.0,3.0,3.0,2,0,0,0,,,,,0,0,,0,0,,,,1,1.0,0,0,0,0,0,0,0,MATCH,1,2.0
BI_042_R02.png,BI,bar,identification,BI_042,42,2,1158,790,OK,MISSING,2,1,1,0,1,1,vermelho|verde,#C62828|#2E7D32,#1F77B4,46.504008,46.504008,46.504008,0.976211,0.968966,3.0,7.0,1,0,0,0,,,,,0,0,,0,0,,,,1,0.0,1,1,0,0,0,0,0,MISSING_COLOR+COLOR_DEVIATION,0,2.0
BI_042_R03.png,BI,bar,identification,BI_042,42,3,1158,790,OK,MISSING,2,1,1,0,1,1,vermelho|verde,#C62828|#2E7D32,#1F77B4,46.504008,46.504008,46.504008,1.0,1.0,3.0,7.0,1,0,0,0,,,,,0,0,,0,0,,,,1,0.0,1,1,0,0,0,0,0,MISSING_COLOR+COLOR_DEVIATION,0,2.0
BI_042_R04.png,BI,bar,identification,BI_042,42,4,1200,800,OK,EXACT,2,2,2,0,0,0,vermelho|verde,#C62828|#2E7D32,#FF0000|#008000,8.956158,8.956158,12.352811,1.0,1.0,3.0,7.0,2,0,0,0,,,,,0,0,,0,0,,,,1,0.0,1,0,0,0,0,0,0,COLOR_DEVIATION,0,2.0
BI_042_R05.png,BI,bar,identification,BI_042,42,5,1200,800,OK,EXACT,2,2,2,0,0,0,vermelho|verde,#C62828|#2E7D32,#FF0000|#008000,8.956158,8.956158,12.352811,1.0,1.0,3.0,7.0,2,0,0,0,,,,,0,0,,0,0,,,,1,0.0,1,0,0,0,0,0,0,COLOR_DEVIATION,0,2.0
BI_042_R06.png,BI,bar,identification,BI_042,42,6,1200,800,OK,EXACT,2,2,2,0,0,0,vermelho|verde,#C62828|#2E7D32,#FF0000|#008000,8.956158,8.956158,12.352811,1.0,1.0,3.0,7.0,2,0,0,0,,,,,0,0,,0,0,,,,1,0.0,1,0,0,0,0,0,0,COLOR_DEVIATION,0,2.0
BI_042_R07.png,BI,bar,identification,BI_042,42,7,1200,800,OK,EXACT,2,2,2,0,0,0,vermelho|verde,#C62828|#2E7D32,#FF0000|#008000,8.956158,8.956158,12.352811,1.0,1.0,3.0,7.0,2,0,0,0,,,,,0,0,,0,0,,,,1,0.0,1,0,0,0,0,0,0,COLOR_DEVIATION,0,2.0
BI_042_R08.png,BI,bar,identification,BI_042,42,8,1200,800,OK,EXACT,2,2,2,0,0,0,vermelho|verde,#C62828|#2E7D32,#FF0000|#008000,8.956158,8.956158,12.352811,1.0,1.0,3.0,7.0,2,0,0,0,,,,,0,0,,0,0,,,,1,0.0,1,0,0,0,0,0,0,COLOR_DEVIATION,0,2.0
BI_042_R09.png,BI,bar,identification,BI_042,42,9,1200,800,OK,EXACT,2,2,2,0,0,0,vermelho|verde,#C62828|#2E7D32,#FF0000|#008000,8.956158,8.956158,12.352811,1.0,1.0,3.0,7.0,2,0,0,0,,,,,0,0,,0,0,,,,1,0.0,1,0,0,0,0,0,0,COLOR_DEVIATION,0,2.0
BI_042_R10.png,BI,bar,identification,BI_042,42,10,1200,800,OK,EXACT,2,2,2,0,0,0,vermelho|verde,#C62828|#2E7D32,#FF0000|#008000,8.956158,8.956158,12.352811,1.0,1.0,3.0,7.0,2,0,0,0,,,,,0,0,,0,0,,,,1,0.0,1,0,0,0,0,0,0,COLOR_DEVIATION,0,2.0
BI_043_R01.png,BI,bar,identification,BI_043,43,1,1200,800,OK,EXACT,2,2,2,0,0,0,vermelho|verde,#C62828|#2E7D32,#C62828|#2E7D32,0.0,0.0,0.0,1.0,1.0,3.0,3.0,2,0,0,0,,,,,0,0,,0,0,,,,1,1.0,0,0,0,0,0,0,0,MATCH,1,2.0
BI_043_R02.png,BI,bar,identification,BI_043,43,2,1200,800,OK,EXACT,2,2,2,0,0,0,vermelho|verde,#C62828|#2E7D32,#FF0000|#008000,8.956158,8.956158,12.352811,1.0,1.0,3.0,7.0,2,0,0,0,,,,,0,0,,0,0,,,,1,0.0,1,0,0,0,0,0,0,COLOR_DEVIATION,0,2.0
BI_043_R03.png,BI,bar,identification,BI_043,43,3,1200,800,OK,EXACT,2,2,2,0,0,0,vermelho|verde,#C62828|#2E7D32,#FF0000|#008000,8.956158,8.956158,12.352811,1.0,1.0,3.0,7.0,2,0,0,0,,,,,0,0,,0,0,,,,1,0.0,1,0,0,0,0,0,0,COLOR_DEVIATION,0,2.0
BI_043_R04.png,BI,bar,identification,BI_043,43,4,1200,800,OK,EXACT,2,2,2,0,0,0,vermelho|verde,#C62828|#2E7D32,#FF0000|#008000,8.956158,8.956158,12.352811,1.0,1.0,3.0,7.0,2,0,0,0,,,,,0,0,,0,0,,,,1,0.0,1,0,0,0,0,0,0,COLOR_DEVIATION,0,2.0
BI_043_R05.png,BI,bar,identification,BI_043,43,5,1200,800,OK,EXACT,2,2,2,0,0,0,vermelho|verde,#C62828|#2E7D32,#FF0000|#008000,8.956158,8.956158,12.352811,1.0,1.0,3.0,7.0,2,0,0,0,,,,,0,0,,0,0,,,,1,0.0,1,0,0,0,0,0,0,COLOR_DEVIATION,0,2.0
BI_043_R06.png,BI,bar,identification,BI_043,43,6,1200,800,OK,EXACT,2,2,2,0,0,0,vermelho|verde,#C62828|#2E7D32,#FF0000|#008000,8.956158,8.956158,12.352811,1.0,1.0,3.0,7.0,2,0,0,0,,,,,0,0,,0,0,,,,1,0.0,1,0,0,0,0,0,0,COLOR_DEVIATION,0,2.0
BI_043_R07.png,BI,bar,identification,BI_043,43,7,1200,800,OK,EXACT,2,2,2,0,0,0,vermelho|verde,#C62828|#2E7D32,#FF0000|#008000,8.956158,8.956158,12.352811,1.0,1.0,3.0,7.0,2,0,0,0,,,,,0,0,,0,0,,,,1,0.0,1,0,0,0,0,0,0,COLOR_DEVIATION,0,2.0
BI_043_R08.png,BI,bar,identification,BI_043,43,8,1200,800,OK,EXACT,2,2,2,0,0,0,vermelho|verde,#C62828|#2E7D32,#FF0000|#008000,8.956158,8.956158,12.352811,1.0,1.0,3.0,7.0,2,0,0,0,,,,,0,0,,0,0,,,,1,0.0,1,0,0,0,0,0,0,COLOR_DEVIATION,0,2.0
BI_043_R09.png,BI,bar,identification,BI_043,43,9,1200,800,OK,EXACT,2,2,2,0,0,0,vermelho|verde,#C62828|#2E7D32,#FF0000|#008000,8.956158,8.956158,12.352811,1.0,1.0,3.0,7.0,2,0,0,0,,,,,0,0,,0,0,,,,1,0.0,1,0,0,0,0,0,0,COLOR_DEVIATION,0,2.0
BI_043_R10.png,BI,bar,identification,BI_043,43,10,1200,800,OK,EXACT,2,2,2,0,0,0,vermelho|verde,#C62828|#2E7D32,#FF0000|#008000,8.956158,8.956158,12.352811,1.0,1.0,3.0,7.0,2,0,0,0,,,,,0,0,,0,0,,,,1,0.0,1,0,0,0,0,0,0,COLOR_DEVIATION,0,2.0
BI_044_R01.png,BI,bar,identification,BI_044,44,1,1200,800,OK,EXACT,2,2,2,0,0,0,vermelho|verde,#C62828|#2E7D32,#C62828|#2E7D32,0.0,0.0,0.0,1.0,1.0,3.0,7.0,2,0,0,0,,,,,0,0,,0,0,,,,1,1.0,0,0,0,0,0,0,0,MATCH,1,2.0
BI_044_R02.png,BI,bar,identification,BI_044,44,2,839,675,OK,EXACT,2,2,2,0,0,0,vermelho|verde,#C62828|#2E7D32,#C62828|#2E7D32,0.0,0.0,0.0,1.0,1.0,3.0,7.0,2,0,0,0,,,,,0,0,,0,0,,,,1,1.0,0,0,0,0,0,0,0,MATCH,1,2.0
BI_044_R03.png,BI,bar,identification,BI_044,44,3,839,713,OK,EXACT,2,2,2,0,0,0,vermelho|verde,#C62828|#2E7D32,#C62828|#2E7D32,0.0,0.0,0.0,1.0,1.0,3.0,7.0,2,0,0,0,,,,,0,0,,0,0,,,,1,1.0,0,0,0,0,0,0,0,MATCH,1,2.0
BI_044_R04.png,BI,bar,identification,BI_044,44,4,839,713,OK,EXACT,2,2,2,0,0,0,vermelho|verde,#C62828|#2E7D32,#C62828|#2E7D32,0.0,0.0,0.0,1.0,1.0,3.0,7.0,2,0,0,0,,,,,0,0,,0,0,,,,1,1.0,0,0,0,0,0,0,0,MATCH,1,2.0
BI_044_R05.png,BI,bar,identification,BI_044,44,5,839,725,OK,EXACT,2,2,2,0,0,0,vermelho|verde,#C62828|#2E7D32,#C62828|#2E7D32,0.0,0.0,0.0,1.0,1.0,3.0,7.0,2,0,0,0,,,,,0,0,,0,0,,,,1,1.0,0,0,0,0,0,0,0,MATCH,1,2.0
BI_044_R06.png,BI,bar,identification,BI_044,44,6,839,725,OK,EXACT,2,2,2,0,0,0,vermelho|verde,#C62828|#2E7D32,#C62828|#2E7D32,0.0,0.0,0.0,1.0,1.0,3.0,7.0,2,0,0,0,,,,,0,0,,0,0,,,,1,1.0,0,0,0,0,0,0,0,MATCH,1,2.0
BI_044_R07.png,BI,bar,identification,BI_044,44,7,839,687,OK,EXACT,2,2,2,0,0,0,vermelho|verde,#C62828|#2E7D32,#C62828|#2E7D32,0.0,0.0,0.0,1.0,1.0,3.0,7.0,2,0,0,0,,,,,0,0,,0,0,,,,1,1.0,0,0,0,0,0,0,0,MATCH,1,2.0
BI_044_R08.png,BI,bar,identification,BI_044,44,8,839,700,OK,EXACT,2,2,2,0,0,0,vermelho|verde,#C62828|#2E7D32,#C62828|#2E7D32,0.0,0.0,0.0,1.0,1.0,3.0,7.0,2,0,0,0,,,,,0,0,,0,0,,,,1,1.0,0,0,0,0,0,0,0,MATCH,1,2.0
BI_044_R09.png,BI,bar,identification,BI_044,44,9,839,700,OK,EXACT,2,2,2,0,0,0,vermelho|verde,#C62828|#2E7D32,#C62828|#2E7D32,0.0,0.0,0.0,1.0,1.0,3.0,7.0,2,0,0,0,,,,,0,0,,0,0,,,,1,1.0,0,0,0,0,0,0,0,MATCH,1,2.0
BI_044_R10.png,BI,bar,identification,BI_044,44,10,839,687,OK,EXACT,2,2,2,0,0,0,vermelho|verde,#C62828|#2E7D32,#C62828|#2E7D32,0.0,0.0,0.0,1.0,1.0,3.0,7.0,2,0,0,0,,,,,0,0,,0,0,,,,1,1.0,0,0,0,0,0,0,0,MATCH,1,2.0
BI_045_R01.png,BI,bar,identification,BI_045,45,1,1536,1024,OK,EXTRA,2,3,2,1,0,1,vermelho|verde,#C62828|#2E7D32,#C61A24|#257747|#277848,3.752844,3.752844,6.092765,0.073397,0.046553,4.0,5.0,3,0,0,0,,,,,0,0,,1,0,#257747,,,1,0.0,1,0,0,0,1,0,0,COLOR_DEVIATION,0,2.0
BI_045_R02.png,BI,bar,identification,BI_045,45,2,1200,800,OK,EXACT,2,2,2,0,0,0,vermelho|verde,#C62828|#2E7D32,#C62828|#2E7D32,0.0,0.0,0.0,0.96962,0.96044,3.0,7.0,2,0,0,0,,,,,0,0,,0,0,,,,1,1.0,0,0,0,0,0,0,0,MATCH,1,2.0
BI_045_R03.png,BI,bar,identification,BI_045,45,3,1536,1024,OK,EXTRA,2,3,2,1,0,1,vermelho|verde,#C62828|#2E7D32,#E2191D|#218F35|#219036,6.102994,6.102994,6.493011,0.191653,0.163959,3.0,5.0,3,0,0,0,,,,,0,0,,1,0,#219036,,,1,0.0,1,0,0,0,1,0,0,COLOR_DEVIATION,0,2.0
BI_045_R04.png,BI,bar,identification,BI_045,45,4,1200,800,OK,EXACT,2,2,2,0,0,0,vermelho|verde,#C62828|#2E7D32,#C62828|#2E7D32,0.0,0.0,0.0,0.96962,0.96044,3.0,7.0,2,0,0,0,,,,,0,0,,0,0,,,,1,1.0,0,0,0,0,0,0,0,MATCH,1,2.0
BI_045_R05.png,BI,bar,identification,BI_045,45,5,1200,800,OK,EXACT,2,2,2,0,0,0,vermelho|verde,#C62828|#2E7D32,#C62828|#2E7D32,0.0,0.0,0.0,0.96962,0.96044,3.0,7.0,2,0,0,0,,,,,0,0,,0,0,,,,1,1.0,0,0,0,0,0,0,0,MATCH,1,2.0
BI_045_R06.png,BI,bar,identification,BI_045,45,6,1536,1024,OK,EXTRA,2,3,2,1,0,1,vermelho|verde,#C62828|#2E7D32,#E2191D|#218F35|#219036,6.102994,6.102994,6.493011,0.191653,0.163959,3.0,5.0,3,0,0,0,,,,,0,0,,1,0,#219036,,,1,0.0,1,0,0,0,1,0,0,COLOR_DEVIATION,0,2.0
BI_045_R07.png,BI,bar,identification,BI_045,45,7,1200,800,OK,EXACT,2,2,2,0,0,0,vermelho|verde,#C62828|#2E7D32,#C62828|#2E7D32,0.0,0.0,0.0,0.96962,0.96044,3.0,7.0,2,0,0,0,,,,,0,0,,0,0,,,,1,1.0,0,0,0,0,0,0,0,MATCH,1,2.0
BI_045_R08.png,BI,bar,identification,BI_045,45,8,1200,800,OK,EXACT,2,2,2,0,0,0,vermelho|verde,#C62828|#2E7D32,#C62828|#2E7D32,0.0,0.0,0.0,0.96962,0.96044,3.0,7.0,2,0,0,0,,,,,0,0,,0,0,,,,1,1.0,0,0,0,0,0,0,0,MATCH,1,2.0
BI_045_R09.png,BI,bar,identification,BI_045,45,9,1200,800,OK,EXACT,2,2,2,0,0,0,vermelho|verde,#C62828|#2E7D32,#C62828|#2E7D32,0.0,0.0,0.0,0.96962,0.96044,3.0,7.0,2,0,0,0,,,,,0,0,,0,0,,,,1,1.0,0,0,0,0,0,0,0,MATCH,1,2.0
BI_045_R10.png,BI,bar,identification,BI_045,45,10,1200,800,OK,EXACT,2,2,2,0,0,0,vermelho|verde,#C62828|#2E7D32,#C62828|#2E7D32,0.0,0.0,0.0,0.96962,0.96044,3.0,7.0,2,0,0,0,,,,,0,0,,0,0,,,,1,1.0,0,0,0,0,0,0,0,MATCH,1,2.0
BI_046_R01.png,BI,bar,identification,BI_046,46,1,1200,800,OK,EXACT,2,2,2,0,0,0,vermelho|verde,#C62828|#2E7D32,#FF0000|#008000,8.956158,8.956158,12.352811,1.0,1.0,3.0,7.0,2,0,0,0,,,,,0,0,,0,0,,,,1,0.0,1,0,0,0,0,0,0,COLOR_DEVIATION,0,2.0
BI_046_R02.png,BI,bar,identification,BI_046,46,2,1200,800,OK,EXACT,2,2,2,0,0,0,vermelho|verde,#C62828|#2E7D32,#FF0000|#008000,8.956158,8.956158,12.352811,1.0,1.0,3.0,7.0,2,0,0,0,,,,,0,0,,0,0,,,,1,0.0,1,0,0,0,0,0,0,COLOR_DEVIATION,0,2.0
BI_046_R03.png,BI,bar,identification,BI_046,46,3,1200,800,OK,EXACT,2,2,2,0,0,0,vermelho|verde,#C62828|#2E7D32,#FF0000|#008000,8.956158,8.956158,12.352811,1.0,1.0,3.0,7.0,2,0,0,0,,,,,0,0,,0,0,,,,1,0.0,1,0,0,0,0,0,0,COLOR_DEVIATION,0,2.0
BI_046_R04.png,BI,bar,identification,BI_046,46,4,1200,800,OK,EXACT,2,2,2,0,0,0,vermelho|verde,#C62828|#2E7D32,#FF0000|#008000,8.956158,8.956158,12.352811,1.0,1.0,3.0,7.0,2,0,0,0,,,,,0,0,,0,0,,,,1,0.0,1,0,0,0,0,0,0,COLOR_DEVIATION,0,2.0
BI_046_R05.png,BI,bar,identification,BI_046,46,5,1200,800,OK,EXACT,2,2,2,0,0,0,vermelho|verde,#C62828|#2E7D32,#FF0000|#008000,8.956158,8.956158,12.352811,1.0,1.0,3.0,7.0,2,0,0,0,,,,,0,0,,0,0,,,,1,0.0,1,0,0,0,0,0,0,COLOR_DEVIATION,0,2.0
BI_046_R06.png,BI,bar,identification,BI_046,46,6,1200,800,OK,EXACT,2,2,2,0,0,0,vermelho|verde,#C62828|#2E7D32,#FF0000|#008000,8.956158,8.956158,12.352811,1.0,1.0,3.0,7.0,2,0,0,0,,,,,0,0,,0,0,,,,1,0.0,1,0,0,0,0,0,0,COLOR_DEVIATION,0,2.0
BI_046_R07.png,BI,bar,identification,BI_046,46,7,1200,800,OK,EXACT,2,2,2,0,0,0,vermelho|verde,#C62828|#2E7D32,#FF0000|#008000,8.956158,8.956158,12.352811,1.0,1.0,3.0,7.0,2,0,0,0,,,,,0,0,,0,0,,,,1,0.0,1,0,0,0,0,0,0,COLOR_DEVIATION,0,2.0
BI_046_R08.png,BI,bar,identification,BI_046,46,8,1200,800,OK,EXACT,2,2,2,0,0,0,vermelho|verde,#C62828|#2E7D32,#FF0000|#008000,8.956158,8.956158,12.352811,1.0,1.0,3.0,7.0,2,0,0,0,,,,,0,0,,0,0,,,,1,0.0,1,0,0,0,0,0,0,COLOR_DEVIATION,0,2.0
BI_046_R09.png,BI,bar,identification,BI_046,46,9,1200,800,OK,EXACT,2,2,2,0,0,0,vermelho|verde,#C62828|#2E7D32,#FF0000|#008000,8.956158,8.956158,12.352811,1.0,1.0,3.0,7.0,2,0,0,0,,,,,0,0,,0,0,,,,1,0.0,1,0,0,0,0,0,0,COLOR_DEVIATION,0,2.0
BI_046_R10.png,BI,bar,identification,BI_046,46,10,1200,800,OK,EXACT,2,2,2,0,0,0,vermelho|verde,#C62828|#2E7D32,#FF0000|#008000,8.956158,8.956158,12.352811,1.0,1.0,3.0,7.0,2,0,0,0,,,,,0,0,,0,0,,,,1,0.0,1,0,0,0,0,0,0,COLOR_DEVIATION,0,2.0
BI_047_R01.png,BI,bar,identification,BI_047,47,1,1188,790,OK,EXACT,2,2,2,0,0,0,vermelho|verde,#C62828|#2E7D32,#C62828|#2E7D32,0.0,0.0,0.0,1.0,1.0,3.0,7.0,2,0,0,0,,,,,0,0,,0,0,,,,1,1.0,0,0,0,0,0,0,0,MATCH,1,2.0
BI_047_R02.png,BI,bar,identification,BI_047,47,2,1188,790,OK,EXACT,2,2,2,0,0,0,vermelho|verde,#C62828|#2E7D32,#FF0000|#008000,8.956158,8.956158,12.352811,1.0,1.0,3.0,7.0,2,0,0,0,,,,,0,0,,0,0,,,,1,0.0,1,0,0,0,0,0,0,COLOR_DEVIATION,0,2.0
BI_047_R03.png,BI,bar,identification,BI_047,47,3,1188,790,OK,EXACT,2,2,2,0,0,0,vermelho|verde,#C62828|#2E7D32,#FF0000|#008000,8.956158,8.956158,12.352811,1.0,1.0,3.0,7.0,2,0,0,0,,,,,0,0,,0,0,,,,1,0.0,1,0,0,0,0,0,0,COLOR_DEVIATION,0,2.0
BI_047_R04.png,BI,bar,identification,BI_047,47,4,1188,790,OK,EXACT,2,2,2,0,0,0,vermelho|verde,#C62828|#2E7D32,#FF0000|#008000,8.956158,8.956158,12.352811,1.0,1.0,3.0,7.0,2,0,0,0,,,,,0,0,,0,0,,,,1,0.0,1,0,0,0,0,0,0,COLOR_DEVIATION,0,2.0
BI_047_R05.png,BI,bar,identification,BI_047,47,5,1188,790,OK,EXACT,2,2,2,0,0,0,vermelho|verde,#C62828|#2E7D32,#FF0000|#008000,8.956158,8.956158,12.352811,1.0,1.0,3.0,7.0,2,0,0,0,,,,,0,0,,0,0,,,,1,0.0,1,0,0,0,0,0,0,COLOR_DEVIATION,0,2.0
BI_047_R06.png,BI,bar,identification,BI_047,47,6,1188,790,OK,EXACT,2,2,2,0,0,0,vermelho|verde,#C62828|#2E7D32,#FF0000|#008000,8.956158,8.956158,12.352811,1.0,1.0,3.0,7.0,2,0,0,0,,,,,0,0,,0,0,,,,1,0.0,1,0,0,0,0,0,0,COLOR_DEVIATION,0,2.0
BI_047_R07.png,BI,bar,identification,BI_047,47,7,1188,790,OK,EXACT,2,2,2,0,0,0,vermelho|verde,#C62828|#2E7D32,#FF0000|#008000,8.956158,8.956158,12.352811,1.0,1.0,3.0,7.0,2,0,0,0,,,,,0,0,,0,0,,,,1,0.0,1,0,0,0,0,0,0,COLOR_DEVIATION,0,2.0
BI_047_R08.png,BI,bar,identification,BI_047,47,8,1188,790,OK,EXACT,2,2,2,0,0,0,vermelho|verde,#C62828|#2E7D32,#FF0000|#008000,8.956158,8.956158,12.352811,1.0,1.0,3.0,7.0,2,0,0,0,,,,,0,0,,0,0,,,,1,0.0,1,0,0,0,0,0,0,COLOR_DEVIATION,0,2.0
BI_047_R09.png,BI,bar,identification,BI_047,47,9,1188,790,OK,EXACT,2,2,2,0,0,0,vermelho|verde,#C62828|#2E7D32,#FF0000|#008000,8.956158,8.956158,12.352811,1.0,1.0,3.0,7.0,2,0,0,0,,,,,0,0,,0,0,,,,1,0.0,1,0,0,0,0,0,0,COLOR_DEVIATION,0,2.0
BI_047_R10.png,BI,bar,identification,BI_047,47,10,1188,790,OK,EXACT,2,2,2,0,0,0,vermelho|verde,#C62828|#2E7D32,#FF0000|#008000,8.956158,8.956158,12.352811,1.0,1.0,3.0,7.0,2,0,0,0,,,,,0,0,,0,0,,,,1,0.0,1,0,0,0,0,0,0,COLOR_DEVIATION,0,2.0
BI_048_R01.png,BI,bar,identification,BI_048,48,1,1333,772,OK,EXACT,2,2,2,0,0,0,vermelho|verde,#C62828|#2E7D32,#C62828|#2E7D32,0.0,0.0,0.0,1.0,1.0,3.0,6.0,2,0,0,0,,,,,0,0,,0,0,,,,1,1.0,0,0,0,0,0,0,0,MATCH,1,2.0
BI_048_R02.png,BI,bar,identification,BI_048,48,2,1188,790,OK,EXACT,2,2,2,0,0,0,vermelho|verde,#C62828|#2E7D32,#FF0000|#008000,8.956158,8.956158,12.352811,1.0,1.0,2.0,6.0,2,0,0,0,,,,,0,0,,0,0,,,,1,0.0,1,0,0,0,0,0,0,COLOR_DEVIATION,0,2.0
BI_048_R03.png,BI,bar,identification,BI_048,48,3,1332,671,OK,EXACT,2,2,2,0,0,0,vermelho|verde,#C62828|#2E7D32,#C62828|#2E7D32,0.0,0.0,0.0,0.967663,0.957647,3.0,7.0,2,0,0,0,,,,,0,0,,0,0,,,,1,1.0,0,0,0,0,0,0,0,MATCH,1,2.0
BI_048_R04.png,BI,bar,identification,BI_048,48,4,1188,790,OK,EXACT,2,2,2,0,0,0,vermelho|verde,#C62828|#2E7D32,#FF0000|#008000,8.956158,8.956158,12.352811,1.0,1.0,2.0,6.0,2,0,0,0,,,,,0,0,,0,0,,,,1,0.0,1,0,0,0,0,0,0,COLOR_DEVIATION,0,2.0
BI_048_R05.png,BI,bar,identification,BI_048,48,5,1188,790,OK,EXACT,2,2,2,0,0,0,vermelho|verde,#C62828|#2E7D32,#FF0000|#008000,8.956158,8.956158,12.352811,1.0,1.0,2.0,6.0,2,0,0,0,,,,,0,0,,0,0,,,,1,0.0,1,0,0,0,0,0,0,COLOR_DEVIATION,0,2.0
BI_048_R06.png,BI,bar,identification,BI_048,48,6,1188,790,OK,EXACT,2,2,2,0,0,0,vermelho|verde,#C62828|#2E7D32,#FF0000|#008000,8.956158,8.956158,12.352811,1.0,1.0,2.0,6.0,2,0,0,0,,,,,0,0,,0,0,,,,1,0.0,1,0,0,0,0,0,0,COLOR_DEVIATION,0,2.0
BI_048_R07.png,BI,bar,identification,BI_048,48,7,1188,790,OK,EXACT,2,2,2,0,0,0,vermelho|verde,#C62828|#2E7D32,#FF0000|#008000,8.956158,8.956158,12.352811,1.0,1.0,2.0,6.0,2,0,0,0,,,,,0,0,,0,0,,,,1,0.0,1,0,0,0,0,0,0,COLOR_DEVIATION,0,2.0
BI_048_R08.png,BI,bar,identification,BI_048,48,8,1332,671,OK,EXACT,2,2,2,0,0,0,vermelho|verde,#C62828|#2E7D32,#C62828|#2E7D32,0.0,0.0,0.0,0.967663,0.957647,3.0,7.0,2,0,0,0,,,,,0,0,,0,0,,,,1,1.0,0,0,0,0,0,0,0,MATCH,1,2.0
BI_048_R09.png,BI,bar,identification,BI_048,48,9,1188,790,OK,EXACT,2,2,2,0,0,0,vermelho|verde,#C62828|#2E7D32,#FF0000|#008000,8.956158,8.956158,12.352811,1.0,1.0,2.0,6.0,2,0,0,0,,,,,0,0,,0,0,,,,1,0.0,1,0,0,0,0,0,0,COLOR_DEVIATION,0,2.0
BI_048_R10.png,BI,bar,identification,BI_048,48,10,1188,790,OK,EXACT,2,2,2,0,0,0,vermelho|verde,#C62828|#2E7D32,#FF0000|#008000,8.956158,8.956158,12.352811,1.0,1.0,2.0,6.0,2,0,0,0,,,,,0,0,,0,0,,,,1,0.0,1,0,0,0,0,0,0,COLOR_DEVIATION,0,2.0
BI_049_R01.png,BI,bar,identification,BI_049,49,1,1332,671,OK,EXACT,2,2,2,0,0,0,vermelho|verde,#C62828|#2E7D32,#C62828|#2E7D32,0.0,0.0,0.0,0.967663,0.957647,3.0,7.0,2,0,0,0,,,,,0,0,,0,0,,,,1,1.0,0,0,0,0,0,0,0,MATCH,1,2.0
BI_049_R02.png,BI,bar,identification,BI_049,49,2,1332,671,OK,EXACT,2,2,2,0,0,0,vermelho|verde,#C62828|#2E7D32,#C62828|#2E7D32,0.0,0.0,0.0,0.967663,0.957647,3.0,7.0,2,0,0,0,,,,,0,0,,0,0,,,,1,1.0,0,0,0,0,0,0,0,MATCH,1,2.0
BI_049_R03.png,BI,bar,identification,BI_049,49,3,1188,790,OK,EXACT,2,2,2,0,0,0,vermelho|verde,#C62828|#2E7D32,#FF0000|#008000,8.956158,8.956158,12.352811,1.0,1.0,2.0,6.0,2,0,0,0,,,,,0,0,,0,0,,,,1,0.0,1,0,0,0,0,0,0,COLOR_DEVIATION,0,2.0
BI_049_R04.png,BI,bar,identification,BI_049,49,4,1332,671,OK,EXACT,2,2,2,0,0,0,vermelho|verde,#C62828|#2E7D32,#C62828|#2E7D32,0.0,0.0,0.0,0.967663,0.957647,3.0,7.0,2,0,0,0,,,,,0,0,,0,0,,,,1,1.0,0,0,0,0,0,0,0,MATCH,1,2.0
BI_049_R05.png,BI,bar,identification,BI_049,49,5,1332,671,OK,EXACT,2,2,2,0,0,0,vermelho|verde,#C62828|#2E7D32,#C62828|#2E7D32,0.0,0.0,0.0,0.967663,0.957647,3.0,7.0,2,0,0,0,,,,,0,0,,0,0,,,,1,1.0,0,0,0,0,0,0,0,MATCH,1,2.0
BI_049_R06.png,BI,bar,identification,BI_049,49,6,1332,671,OK,EXACT,2,2,2,0,0,0,vermelho|verde,#C62828|#2E7D32,#C62828|#2E7D32,0.0,0.0,0.0,0.967663,0.957647,3.0,7.0,2,0,0,0,,,,,0,0,,0,0,,,,1,1.0,0,0,0,0,0,0,0,MATCH,1,2.0
BI_049_R07.png,BI,bar,identification,BI_049,49,7,1332,671,OK,EXACT,2,2,2,0,0,0,vermelho|verde,#C62828|#2E7D32,#C62828|#2E7D32,0.0,0.0,0.0,0.967663,0.957647,3.0,7.0,2,0,0,0,,,,,0,0,,0,0,,,,1,1.0,0,0,0,0,0,0,0,MATCH,1,2.0
BI_049_R08.png,BI,bar,identification,BI_049,49,8,1188,790,OK,EXACT,2,2,2,0,0,0,vermelho|verde,#C62828|#2E7D32,#FF0000|#008000,8.956158,8.956158,12.352811,1.0,1.0,2.0,6.0,2,0,0,0,,,,,0,0,,0,0,,,,1,0.0,1,0,0,0,0,0,0,COLOR_DEVIATION,0,2.0
BI_049_R09.png,BI,bar,identification,BI_049,49,9,1332,671,OK,EXACT,2,2,2,0,0,0,vermelho|verde,#C62828|#2E7D32,#C62828|#2E7D32,0.0,0.0,0.0,0.967663,0.957647,3.0,7.0,2,0,0,0,,,,,0,0,,0,0,,,,1,1.0,0,0,0,0,0,0,0,MATCH,1,2.0
BI_049_R10.png,BI,bar,identification,BI_049,49,10,1351,671,OK,EXACT,2,2,2,0,0,0,vermelho|verde,#C62828|#2E7D32,#C62828|#2E7D32,0.0,0.0,0.0,0.970669,0.961456,3.0,7.0,2,0,0,0,,,,,0,0,,0,0,,,,1,1.0,0,0,0,0,0,0,0,MATCH,1,2.0
BI_050_R01.png,BI,bar,identification,BI_050,50,1,1312,651,OK,EXACT,2,2,2,0,0,0,vermelho|verde,#C62828|#2E7D32,#C62828|#2E7D32,0.0,0.0,0.0,1.0,1.0,3.0,7.0,2,0,0,0,,,,,0,0,,0,0,,,,1,1.0,0,0,0,0,0,0,0,MATCH,1,2.0
BI_050_R02.png,BI,bar,identification,BI_050,50,2,1282,667,OK,EXACT,2,2,2,0,0,0,vermelho|verde,#C62828|#2E7D32,#C62828|#2E7D32,0.0,0.0,0.0,0.968979,0.959459,3.0,7.0,2,0,0,0,,,,,0,0,,0,0,,,,1,1.0,0,0,0,0,0,0,0,MATCH,1,2.0
BI_050_R03.png,BI,bar,identification,BI_050,50,3,1282,667,OK,EXACT,2,2,2,0,0,0,vermelho|verde,#C62828|#2E7D32,#C62828|#2E7D32,0.0,0.0,0.0,0.968979,0.959459,3.0,7.0,2,0,0,0,,,,,0,0,,0,0,,,,1,1.0,0,0,0,0,0,0,0,MATCH,1,2.0
BI_050_R04.png,BI,bar,identification,BI_050,50,4,1282,667,OK,EXACT,2,2,2,0,0,0,vermelho|verde,#C62828|#2E7D32,#C62828|#2E7D32,0.0,0.0,0.0,0.968979,0.959459,3.0,7.0,2,0,0,0,,,,,0,0,,0,0,,,,1,1.0,0,0,0,0,0,0,0,MATCH,1,2.0
BI_050_R05.png,BI,bar,identification,BI_050,50,5,1282,667,OK,EXACT,2,2,2,0,0,0,vermelho|verde,#C62828|#2E7D32,#C62828|#2E7D32,0.0,0.0,0.0,0.968979,0.959459,3.0,7.0,2,0,0,0,,,,,0,0,,0,0,,,,1,1.0,0,0,0,0,0,0,0,MATCH,1,2.0
BI_050_R06.png,BI,bar,identification,BI_050,50,6,1282,667,OK,EXACT,2,2,2,0,0,0,vermelho|verde,#C62828|#2E7D32,#C62828|#2E7D32,0.0,0.0,0.0,0.968979,0.959459,3.0,7.0,2,0,0,0,,,,,0,0,,0,0,,,,1,1.0,0,0,0,0,0,0,0,MATCH,1,2.0
BI_050_R07.png,BI,bar,identification,BI_050,50,7,1282,667,OK,EXACT,2,2,2,0,0,0,vermelho|verde,#C62828|#2E7D32,#C62828|#2E7D32,0.0,0.0,0.0,0.968979,0.959459,3.0,7.0,2,0,0,0,,,,,0,0,,0,0,,,,1,1.0,0,0,0,0,0,0,0,MATCH,1,2.0
BI_050_R08.png,BI,bar,identification,BI_050,50,8,1282,667,OK,EXACT,2,2,2,0,0,0,vermelho|verde,#C62828|#2E7D32,#C62828|#2E7D32,0.0,0.0,0.0,0.968979,0.959459,3.0,7.0,2,0,0,0,,,,,0,0,,0,0,,,,1,1.0,0,0,0,0,0,0,0,MATCH,1,2.0
BI_050_R09.png,BI,bar,identification,BI_050,50,9,1282,667,OK,EXACT,2,2,2,0,0,0,vermelho|verde,#C62828|#2E7D32,#C62828|#2E7D32,0.0,0.0,0.0,0.968979,0.959459,3.0,7.0,2,0,0,0,,,,,0,0,,0,0,,,,1,1.0,0,0,0,0,0,0,0,MATCH,1,2.0
BI_050_R10.png,BI,bar,identification,BI_050,50,10,1282,667,OK,EXACT,2,2,2,0,0,0,vermelho|verde,#C62828|#2E7D32,#C62828|#2E7D32,0.0,0.0,0.0,0.968979,0.959459,3.0,7.0,2,0,0,0,,,,,0,0,,0,0,,,,1,1.0,0,0,0,0,0,0,0,MATCH,1,2.0
BI_051_R01.png,BI,bar,identification,BI_051,51,1,1204,671,OK,EXACT,2,2,2,0,0,0,vermelho|verde,#C62828|#2E7D32,#C62828|#2E7D32,0.0,0.0,0.0,1.0,1.0,3.0,7.0,2,0,0,0,,,,,0,0,,0,0,,,,1,1.0,0,0,0,0,0,0,0,MATCH,1,2.0
BI_051_R02.png,BI,bar,identification,BI_051,51,2,1200,800,OK,EXACT,2,2,2,0,0,0,vermelho|verde,#C62828|#2E7D32,#FF0000|#008000,8.956158,8.956158,12.352811,1.0,1.0,2.0,6.0,2,0,0,0,,,,,0,0,,0,0,,,,1,0.0,1,0,0,0,0,0,0,COLOR_DEVIATION,0,2.0
BI_051_R03.png,BI,bar,identification,BI_051,51,3,1200,800,OK,EXACT,2,2,2,0,0,0,vermelho|verde,#C62828|#2E7D32,#FF0000|#008000,8.956158,8.956158,12.352811,1.0,1.0,2.0,6.0,2,0,0,0,,,,,0,0,,0,0,,,,1,0.0,1,0,0,0,0,0,0,COLOR_DEVIATION,0,2.0
BI_051_R04.png,BI,bar,identification,BI_051,51,4,1200,800,OK,EXACT,2,2,2,0,0,0,vermelho|verde,#C62828|#2E7D32,#FF0000|#008000,8.956158,8.956158,12.352811,1.0,1.0,2.0,6.0,2,0,0,0,,,,,0,0,,0,0,,,,1,0.0,1,0,0,0,0,0,0,COLOR_DEVIATION,0,2.0
BI_051_R05.png,BI,bar,identification,BI_051,51,5,1200,800,OK,EXACT,2,2,2,0,0,0,vermelho|verde,#C62828|#2E7D32,#FF0000|#008000,8.956158,8.956158,12.352811,1.0,1.0,2.0,6.0,2,0,0,0,,,,,0,0,,0,0,,,,1,0.0,1,0,0,0,0,0,0,COLOR_DEVIATION,0,2.0
BI_051_R06.png,BI,bar,identification,BI_051,51,6,1200,800,OK,EXACT,2,2,2,0,0,0,vermelho|verde,#C62828|#2E7D32,#FF0000|#008000,8.956158,8.956158,12.352811,1.0,1.0,2.0,6.0,2,0,0,0,,,,,0,0,,0,0,,,,1,0.0,1,0,0,0,0,0,0,COLOR_DEVIATION,0,2.0
BI_051_R07.png,BI,bar,identification,BI_051,51,7,1200,800,OK,EXACT,2,2,2,0,0,0,vermelho|verde,#C62828|#2E7D32,#FF0000|#008000,8.956158,8.956158,12.352811,1.0,1.0,2.0,6.0,2,0,0,0,,,,,0,0,,0,0,,,,1,0.0,1,0,0,0,0,0,0,COLOR_DEVIATION,0,2.0
BI_051_R08.png,BI,bar,identification,BI_051,51,8,1200,800,OK,EXACT,2,2,2,0,0,0,vermelho|verde,#C62828|#2E7D32,#FF0000|#008000,8.956158,8.956158,12.352811,1.0,1.0,2.0,6.0,2,0,0,0,,,,,0,0,,0,0,,,,1,0.0,1,0,0,0,0,0,0,COLOR_DEVIATION,0,2.0
BI_051_R09.png,BI,bar,identification,BI_051,51,9,1200,800,OK,EXACT,2,2,2,0,0,0,vermelho|verde,#C62828|#2E7D32,#FF0000|#008000,8.956158,8.956158,12.352811,1.0,1.0,2.0,6.0,2,0,0,0,,,,,0,0,,0,0,,,,1,0.0,1,0,0,0,0,0,0,COLOR_DEVIATION,0,2.0
BI_051_R10.png,BI,bar,identification,BI_051,51,10,1200,800,OK,EXACT,2,2,2,0,0,0,vermelho|verde,#C62828|#2E7D32,#FF0000|#008000,8.956158,8.956158,12.352811,1.0,1.0,2.0,6.0,2,0,0,0,,,,,0,0,,0,0,,,,1,0.0,1,0,0,0,0,0,0,COLOR_DEVIATION,0,2.0
BI_052_R01.png,BI,bar,identification,BI_052,52,1,1354,671,OK,EXACT,2,2,2,0,0,0,vermelho|verde,#C62828|#2E7D32,#C62828|#2E7D32,0.0,0.0,0.0,0.970669,0.961456,3.0,7.0,2,0,0,0,,,,,0,0,,0,0,,,,1,1.0,0,0,0,0,0,0,0,MATCH,1,2.0
BI_052_R02.png,BI,bar,identification,BI_052,52,2,1200,800,OK,EXACT,2,2,2,0,0,0,vermelho|verde,#C62828|#2E7D32,#FF0000|#008000,8.956158,8.956158,12.352811,1.0,1.0,2.0,6.0,2,0,0,0,,,,,0,0,,0,0,,,,1,0.0,1,0,0,0,0,0,0,COLOR_DEVIATION,0,2.0
BI_052_R03.png,BI,bar,identification,BI_052,52,3,1200,800,OK,EXACT,2,2,2,0,0,0,vermelho|verde,#C62828|#2E7D32,#FF0000|#008000,8.956158,8.956158,12.352811,1.0,1.0,2.0,6.0,2,0,0,0,,,,,0,0,,0,0,,,,1,0.0,1,0,0,0,0,0,0,COLOR_DEVIATION,0,2.0
BI_052_R04.png,BI,bar,identification,BI_052,52,4,1200,800,OK,EXACT,2,2,2,0,0,0,vermelho|verde,#C62828|#2E7D32,#FF0000|#008000,8.956158,8.956158,12.352811,1.0,1.0,2.0,6.0,2,0,0,0,,,,,0,0,,0,0,,,,1,0.0,1,0,0,0,0,0,0,COLOR_DEVIATION,0,2.0
BI_052_R05.png,BI,bar,identification,BI_052,52,5,1200,800,OK,EXACT,2,2,2,0,0,0,vermelho|verde,#C62828|#2E7D32,#FF0000|#008000,8.956158,8.956158,12.352811,1.0,1.0,2.0,4.0,2,0,0,0,,,,,0,0,,0,0,,,,1,0.0,1,0,0,0,0,0,0,COLOR_DEVIATION,0,2.0
BI_052_R06.png,BI,bar,identification,BI_052,52,6,1200,800,OK,EXACT,2,2,2,0,0,0,vermelho|verde,#C62828|#2E7D32,#FF0000|#008000,8.956158,8.956158,12.352811,1.0,1.0,2.0,4.0,2,0,0,0,,,,,0,0,,0,0,,,,1,0.0,1,0,0,0,0,0,0,COLOR_DEVIATION,0,2.0
BI_052_R07.png,BI,bar,identification,BI_052,52,7,1200,800,OK,EXACT,2,2,2,0,0,0,vermelho|verde,#C62828|#2E7D32,#FF0000|#008000,8.956158,8.956158,12.352811,1.0,1.0,2.0,4.0,2,0,0,0,,,,,0,0,,0,0,,,,1,0.0,1,0,0,0,0,0,0,COLOR_DEVIATION,0,2.0
BI_052_R08.png,BI,bar,identification,BI_052,52,8,1200,800,OK,EXACT,2,2,2,0,0,0,vermelho|verde,#C62828|#2E7D32,#FF0000|#008000,8.956158,8.956158,12.352811,1.0,1.0,2.0,4.0,2,0,0,0,,,,,0,0,,0,0,,,,1,0.0,1,0,0,0,0,0,0,COLOR_DEVIATION,0,2.0
BI_052_R09.png,BI,bar,identification,BI_052,52,9,1200,800,OK,EXACT,2,2,2,0,0,0,vermelho|verde,#C62828|#2E7D32,#FF0000|#008000,8.956158,8.956158,12.352811,1.0,1.0,2.0,4.0,2,0,0,0,,,,,0,0,,0,0,,,,1,0.0,1,0,0,0,0,0,0,COLOR_DEVIATION,0,2.0
BI_052_R10.png,BI,bar,identification,BI_052,52,10,1200,800,OK,EXACT,2,2,2,0,0,0,vermelho|verde,#C62828|#2E7D32,#FF0000|#008000,8.956158,8.956158,12.352811,1.0,1.0,2.0,4.0,2,0,0,0,,,,,0,0,,0,0,,,,1,0.0,1,0,0,0,0,0,0,COLOR_DEVIATION,0,2.0
LC_001_R01.png,LC,line,comparison,LC_001,1,1,1176,790,OK,EXACT,2,2,2,0,0,0,laranja|azul,#EF6C00|#1F4FD8,#EF6C00|#1F4FD8,0.0,0.0,0.0,0.983194,0.974403,,,2,0,0,0,,,,,0,0,,0,0,,,,1,1.0,0,0,0,0,0,0,0,MATCH,1,2.0
LC_001_R02.png,LC,line,comparison,LC_001,1,2,1352,671,OK,EXACT,2,2,2,0,0,0,laranja|azul,#EF6C00|#1F4FD8,#EF6C00|#1F4FD8,0.0,0.0,0.0,0.977677,0.965064,,,2,0,0,0,,,,,0,0,,0,0,,,,1,1.0,0,0,0,0,0,0,0,MATCH,1,2.0
LC_001_R03.png,LC,line,comparison,LC_001,1,3,1352,671,OK,EXACT,2,2,2,0,0,0,laranja|azul,#EF6C00|#1F4FD8,#EF6C00|#1F4FD8,0.0,0.0,0.0,0.977677,0.965064,,,2,0,0,0,,,,,0,0,,0,0,,,,1,1.0,0,0,0,0,0,0,0,MATCH,1,2.0
LC_001_R04.png,LC,line,comparison,LC_001,1,4,1352,671,OK,EXACT,2,2,2,0,0,0,laranja|azul,#EF6C00|#1F4FD8,#EF6C00|#1F4FD8,0.0,0.0,0.0,0.977677,0.965064,,,2,0,0,0,,,,,0,0,,0,0,,,,1,1.0,0,0,0,0,0,0,0,MATCH,1,2.0
LC_001_R05.png,LC,line,comparison,LC_001,1,5,1352,671,OK,EXACT,2,2,2,0,0,0,laranja|azul,#EF6C00|#1F4FD8,#EF6C00|#1F4FD8,0.0,0.0,0.0,0.977677,0.965064,,,2,0,0,0,,,,,0,0,,0,0,,,,1,1.0,0,0,0,0,0,0,0,MATCH,1,2.0
LC_001_R06.png,LC,line,comparison,LC_001,1,6,1352,671,OK,EXACT,2,2,2,0,0,0,laranja|azul,#EF6C00|#1F4FD8,#EF6C00|#1F4FD8,0.0,0.0,0.0,0.977677,0.965064,,,2,0,0,0,,,,,0,0,,0,0,,,,1,1.0,0,0,0,0,0,0,0,MATCH,1,2.0
LC_001_R07.png,LC,line,comparison,LC_001,1,7,1352,671,OK,EXACT,2,2,2,0,0,0,laranja|azul,#EF6C00|#1F4FD8,#EF6C00|#1F4FD8,0.0,0.0,0.0,0.977677,0.965064,,,2,0,0,0,,,,,0,0,,0,0,,,,1,1.0,0,0,0,0,0,0,0,MATCH,1,2.0
LC_001_R08.png,LC,line,comparison,LC_001,1,8,1352,671,OK,EXACT,2,2,2,0,0,0,laranja|azul,#EF6C00|#1F4FD8,#EF6C00|#1F4FD8,0.0,0.0,0.0,0.977677,0.965064,,,2,0,0,0,,,,,0,0,,0,0,,,,1,1.0,0,0,0,0,0,0,0,MATCH,1,2.0
LC_001_R09.png,LC,line,comparison,LC_001,1,9,1352,671,OK,EXACT,2,2,2,0,0,0,laranja|azul,#EF6C00|#1F4FD8,#EF6C00|#1F4FD8,0.0,0.0,0.0,0.977677,0.965064,,,2,0,0,0,,,,,0,0,,0,0,,,,1,1.0,0,0,0,0,0,0,0,MATCH,1,2.0
LC_001_R10.png,LC,line,comparison,LC_001,1,10,1352,671,OK,EXACT,2,2,2,0,0,0,laranja|azul,#EF6C00|#1F4FD8,#EF6C00|#1F4FD8,0.0,0.0,0.0,0.977677,0.965064,,,2,0,0,0,,,,,0,0,,0,0,,,,1,1.0,0,0,0,0,0,0,0,MATCH,1,2.0
LC_002_R01.png,LC,line,comparison,LC_002,2,1,1132,671,OK,EXACT,2,2,2,0,0,0,laranja|azul,#EF6C00|#1F4FD8,#EF6C00|#1F4FD8,0.0,0.0,0.0,0.99445,0.9889,,,2,0,0,0,,,,,0,0,,0,0,,,,1,1.0,0,0,0,0,0,0,0,MATCH,1,2.0
LC_002_R02.png,LC,line,comparison,LC_002,2,2,1132,671,OK,EXACT,2,2,2,0,0,0,laranja|azul,#EF6C00|#1F4FD8,#EF6C00|#1F4FD8,0.0,0.0,0.0,0.993642,0.987283,,,2,0,0,0,,,,,0,0,,0,0,,,,1,1.0,0,0,0,0,0,0,0,MATCH,1,2.0
LC_002_R03.png,LC,line,comparison,LC_002,2,3,1132,671,OK,EXACT,2,2,2,0,0,0,laranja|azul,#EF6C00|#1F4FD8,#EF6C00|#1F4FD8,0.0,0.0,0.0,0.994433,0.988866,,,2,0,0,0,,,,,0,0,,0,0,,,,1,1.0,0,0,0,0,0,0,0,MATCH,1,2.0
LC_002_R04.png,LC,line,comparison,LC_002,2,4,1132,671,OK,EXACT,2,2,2,0,0,0,laranja|azul,#EF6C00|#1F4FD8,#EF6C00|#1F4FD8,0.0,0.0,0.0,0.994545,0.989091,,,2,0,0,0,,,,,0,0,,0,0,,,,1,1.0,0,0,0,0,0,0,0,MATCH,1,2.0
LC_002_R05.png,LC,line,comparison,LC_002,2,5,1132,671,OK,EXACT,2,2,2,0,0,0,laranja|azul,#EF6C00|#1F4FD8,#EF6C00|#1F4FD8,0.0,0.0,0.0,0.995677,0.991354,,,2,0,0,0,,,,,0,0,,0,0,,,,1,1.0,0,0,0,0,0,0,0,MATCH,1,2.0
LC_002_R06.png,LC,line,comparison,LC_002,2,6,1132,671,OK,EXACT,2,2,2,0,0,0,laranja|azul,#EF6C00|#1F4FD8,#EF6C00|#1F4FD8,0.0,0.0,0.0,0.994433,0.988866,,,2,0,0,0,,,,,0,0,,0,0,,,,1,1.0,0,0,0,0,0,0,0,MATCH,1,2.0
LC_002_R07.png,LC,line,comparison,LC_002,2,7,1132,671,OK,EXACT,2,2,2,0,0,0,laranja|azul,#EF6C00|#1F4FD8,#EF6C00|#1F4FD8,0.0,0.0,0.0,0.994433,0.988866,,,2,0,0,0,,,,,0,0,,0,0,,,,1,1.0,0,0,0,0,0,0,0,MATCH,1,2.0
LC_002_R08.png,LC,line,comparison,LC_002,2,8,1132,671,OK,EXACT,2,2,2,0,0,0,laranja|azul,#EF6C00|#1F4FD8,#EF6C00|#1F4FD8,0.0,0.0,0.0,0.994787,0.989573,,,2,0,0,0,,,,,0,0,,0,0,,,,1,1.0,0,0,0,0,0,0,0,MATCH,1,2.0
LC_002_R09.png,LC,line,comparison,LC_002,2,9,1132,671,OK,EXACT,2,2,2,0,0,0,laranja|azul,#EF6C00|#1F4FD8,#EF6C00|#1F4FD8,0.0,0.0,0.0,0.9926,0.985201,,,2,0,0,0,,,,,0,0,,0,0,,,,1,1.0,0,0,0,0,0,0,0,MATCH,1,2.0
LC_002_R10.png,LC,line,comparison,LC_002,2,10,1132,671,OK,EXACT,2,2,2,0,0,0,laranja|azul,#EF6C00|#1F4FD8,#EF6C00|#1F4FD8,0.0,0.0,0.0,0.99485,0.9897,,,2,0,0,0,,,,,0,0,,0,0,,,,1,1.0,0,0,0,0,0,0,0,MATCH,1,2.0
LC_003_R01.png,LC,line,comparison,LC_003,3,1,1103,677,OK,EXACT,2,2,2,0,0,0,laranja|azul,#EF6C00|#1F4FD8,#EF6C00|#1F4FD8,0.0,0.0,0.0,0.994213,0.988426,,,2,0,0,0,,,,,0,0,,0,0,,,,1,1.0,0,0,0,0,0,0,0,MATCH,1,2.0
LC_003_R02.png,LC,line,comparison,LC_003,3,2,1200,800,OK,EXACT,2,2,2,0,0,0,laranja|azul,#EF6C00|#1F4FD8,#EF6C00|#1F4FD8,0.0,0.0,0.0,0.99308,0.986159,,,2,0,0,0,,,,,0,0,,0,0,,,,1,1.0,0,0,0,0,0,0,0,MATCH,1,2.0
LC_003_R03.png,LC,line,comparison,LC_003,3,3,1200,800,OK,EXACT,2,2,2,0,0,0,laranja|azul,#EF6C00|#1F4FD8,#EF6C00|#1F4FD8,0.0,0.0,0.0,0.99308,0.986159,,,2,0,0,0,,,,,0,0,,0,0,,,,1,1.0,0,0,0,0,0,0,0,MATCH,1,2.0
LC_003_R04.png,LC,line,comparison,LC_003,3,4,1200,800,OK,EXACT,2,2,2,0,0,0,laranja|azul,#EF6C00|#1F4FD8,#EF6C00|#1F4FD8,0.0,0.0,0.0,0.99308,0.986159,,,2,0,0,0,,,,,0,0,,0,0,,,,1,1.0,0,0,0,0,0,0,0,MATCH,1,2.0
LC_003_R05.png,LC,line,comparison,LC_003,3,5,1200,800,OK,EXACT,2,2,2,0,0,0,laranja|azul,#EF6C00|#1F4FD8,#EF6C00|#1F4FD8,0.0,0.0,0.0,0.99308,0.986159,,,2,0,0,0,,,,,0,0,,0,0,,,,1,1.0,0,0,0,0,0,0,0,MATCH,1,2.0
LC_003_R06.png,LC,line,comparison,LC_003,3,6,1200,800,OK,EXACT,2,2,2,0,0,0,laranja|azul,#EF6C00|#1F4FD8,#EF6C00|#1F4FD8,0.0,0.0,0.0,0.99308,0.986159,,,2,0,0,0,,,,,0,0,,0,0,,,,1,1.0,0,0,0,0,0,0,0,MATCH,1,2.0
LC_003_R07.png,LC,line,comparison,LC_003,3,7,1200,800,OK,EXACT,2,2,2,0,0,0,laranja|azul,#EF6C00|#1F4FD8,#EF6C00|#1F4FD8,0.0,0.0,0.0,0.99308,0.986159,,,2,0,0,0,,,,,0,0,,0,0,,,,1,1.0,0,0,0,0,0,0,0,MATCH,1,2.0
LC_003_R08.png,LC,line,comparison,LC_003,3,8,1200,800,OK,EXACT,2,2,2,0,0,0,laranja|azul,#EF6C00|#1F4FD8,#EF6C00|#1F4FD8,0.0,0.0,0.0,0.99308,0.986159,,,2,0,0,0,,,,,0,0,,0,0,,,,1,1.0,0,0,0,0,0,0,0,MATCH,1,2.0
LC_003_R09.png,LC,line,comparison,LC_003,3,9,1200,800,OK,EXACT,2,2,2,0,0,0,laranja|azul,#EF6C00|#1F4FD8,#EF6C00|#1F4FD8,0.0,0.0,0.0,0.99308,0.986159,,,2,0,0,0,,,,,0,0,,0,0,,,,1,1.0,0,0,0,0,0,0,0,MATCH,1,2.0
LC_003_R10.png,LC,line,comparison,LC_003,3,10,1200,800,OK,EXACT,2,2,2,0,0,0,laranja|azul,#EF6C00|#1F4FD8,#EF6C00|#1F4FD8,0.0,0.0,0.0,0.99308,0.986159,,,2,0,0,0,,,,,0,0,,0,0,,,,1,1.0,0,0,0,0,0,0,0,MATCH,1,2.0
LC_004_R01.png,LC,line,comparison,LC_004,4,1,1200,800,OK,EXACT,2,2,2,0,0,0,laranja|azul,#EF6C00|#1F4FD8,#EF6C00|#1F4FD8,0.0,0.0,0.0,0.993072,0.986143,,,2,0,0,0,,,,,0,0,,0,0,,,,1,1.0,0,0,0,0,0,0,0,MATCH,1,2.0
LC_004_R02.png,LC,line,comparison,LC_004,4,2,1183,670,OK,EXACT,2,2,2,0,0,0,laranja|azul,#EF6C00|#1F4FD8,#EF6C00|#1F4FD8,0.0,0.0,0.0,0.996875,0.99375,,,2,0,0,0,,,,,0,0,,0,0,,,,1,1.0,0,0,0,0,0,0,0,MATCH,1,2.0
LC_004_R03.png,LC,line,comparison,LC_004,4,3,1183,670,OK,EXACT,2,2,2,0,0,0,laranja|azul,#EF6C00|#1F4FD8,#EF6C00|#1F4FD8,0.0,0.0,0.0,0.996875,0.99375,,,2,0,0,0,,,,,0,0,,0,0,,,,1,1.0,0,0,0,0,0,0,0,MATCH,1,2.0
LC_004_R04.png,LC,line,comparison,LC_004,4,4,1183,670,OK,EXACT,2,2,2,0,0,0,laranja|azul,#EF6C00|#1F4FD8,#EF6C00|#1F4FD8,0.0,0.0,0.0,0.996875,0.99375,,,2,0,0,0,,,,,0,0,,0,0,,,,1,1.0,0,0,0,0,0,0,0,MATCH,1,2.0
LC_004_R05.png,LC,line,comparison,LC_004,4,5,1183,670,OK,EXACT,2,2,2,0,0,0,laranja|azul,#EF6C00|#1F4FD8,#EF6C00|#1F4FD8,0.0,0.0,0.0,0.996875,0.99375,,,2,0,0,0,,,,,0,0,,0,0,,,,1,1.0,0,0,0,0,0,0,0,MATCH,1,2.0
LC_004_R06.png,LC,line,comparison,LC_004,4,6,1183,670,OK,EXACT,2,2,2,0,0,0,laranja|azul,#EF6C00|#1F4FD8,#EF6C00|#1F4FD8,0.0,0.0,0.0,0.996875,0.99375,,,2,0,0,0,,,,,0,0,,0,0,,,,1,1.0,0,0,0,0,0,0,0,MATCH,1,2.0
LC_004_R07.png,LC,line,comparison,LC_004,4,7,1183,670,OK,EXACT,2,2,2,0,0,0,laranja|azul,#EF6C00|#1F4FD8,#EF6C00|#1F4FD8,0.0,0.0,0.0,0.996875,0.99375,,,2,0,0,0,,,,,0,0,,0,0,,,,1,1.0,0,0,0,0,0,0,0,MATCH,1,2.0
LC_004_R08.png,LC,line,comparison,LC_004,4,8,1183,670,OK,EXACT,2,2,2,0,0,0,laranja|azul,#EF6C00|#1F4FD8,#EF6C00|#1F4FD8,0.0,0.0,0.0,0.996875,0.99375,,,2,0,0,0,,,,,0,0,,0,0,,,,1,1.0,0,0,0,0,0,0,0,MATCH,1,2.0
LC_004_R09.png,LC,line,comparison,LC_004,4,9,1183,670,OK,EXACT,2,2,2,0,0,0,laranja|azul,#EF6C00|#1F4FD8,#EF6C00|#1F4FD8,0.0,0.0,0.0,0.996875,0.99375,,,2,0,0,0,,,,,0,0,,0,0,,,,1,1.0,0,0,0,0,0,0,0,MATCH,1,2.0
LC_004_R10.png,LC,line,comparison,LC_004,4,10,1183,670,OK,EXACT,2,2,2,0,0,0,laranja|azul,#EF6C00|#1F4FD8,#EF6C00|#1F4FD8,0.0,0.0,0.0,0.996875,0.99375,,,2,0,0,0,,,,,0,0,,0,0,,,,1,1.0,0,0,0,0,0,0,0,MATCH,1,2.0
LC_005_R01.png,LC,line,comparison,LC_005,5,1,1373,671,OK,EXACT,2,2,2,0,0,0,laranja|azul,#EF6C00|#1F4FD8,#EF6C00|#1F4FD8,0.0,0.0,0.0,0.993664,0.987327,,,2,0,0,0,,,,,0,0,,0,0,,,,1,1.0,0,0,0,0,0,0,0,MATCH,1,2.0
LC_005_R02.png,LC,line,comparison,LC_005,5,2,1349,651,OK,EXACT,2,2,2,0,0,0,laranja|azul,#EF6C00|#1F4FD8,#EF6C00|#1F4FD8,0.0,0.0,0.0,0.997108,0.994216,,,2,0,0,0,,,,,0,0,,0,0,,,,1,1.0,0,0,0,0,0,0,0,MATCH,1,2.0
LC_005_R03.png,LC,line,comparison,LC_005,5,3,1349,651,OK,EXACT,2,2,2,0,0,0,laranja|azul,#EF6C00|#1F4FD8,#EF6C00|#1F4FD8,0.0,0.0,0.0,0.997108,0.994216,,,2,0,0,0,,,,,0,0,,0,0,,,,1,1.0,0,0,0,0,0,0,0,MATCH,1,2.0
LC_005_R04.png,LC,line,comparison,LC_005,5,4,1349,651,OK,EXACT,2,2,2,0,0,0,laranja|azul,#EF6C00|#1F4FD8,#EF6C00|#1F4FD8,0.0,0.0,0.0,0.997108,0.994216,,,2,0,0,0,,,,,0,0,,0,0,,,,1,1.0,0,0,0,0,0,0,0,MATCH,1,2.0
LC_005_R05.png,LC,line,comparison,LC_005,5,5,1349,651,OK,EXACT,2,2,2,0,0,0,laranja|azul,#EF6C00|#1F4FD8,#EF6C00|#1F4FD8,0.0,0.0,0.0,0.997108,0.994216,,,2,0,0,0,,,,,0,0,,0,0,,,,1,1.0,0,0,0,0,0,0,0,MATCH,1,2.0
LC_005_R06.png,LC,line,comparison,LC_005,5,6,1349,651,OK,EXACT,2,2,2,0,0,0,laranja|azul,#EF6C00|#1F4FD8,#EF6C00|#1F4FD8,0.0,0.0,0.0,0.997108,0.994216,,,2,0,0,0,,,,,0,0,,0,0,,,,1,1.0,0,0,0,0,0,0,0,MATCH,1,2.0
LC_005_R07.png,LC,line,comparison,LC_005,5,7,1349,651,OK,EXACT,2,2,2,0,0,0,laranja|azul,#EF6C00|#1F4FD8,#EF6C00|#1F4FD8,0.0,0.0,0.0,0.997108,0.994216,,,2,0,0,0,,,,,0,0,,0,0,,,,1,1.0,0,0,0,0,0,0,0,MATCH,1,2.0
LC_005_R08.png,LC,line,comparison,LC_005,5,8,1349,651,OK,EXACT,2,2,2,0,0,0,laranja|azul,#EF6C00|#1F4FD8,#EF6C00|#1F4FD8,0.0,0.0,0.0,0.997108,0.994216,,,2,0,0,0,,,,,0,0,,0,0,,,,1,1.0,0,0,0,0,0,0,0,MATCH,1,2.0
LC_005_R09.png,LC,line,comparison,LC_005,5,9,1349,651,OK,EXACT,2,2,2,0,0,0,laranja|azul,#EF6C00|#1F4FD8,#EF6C00|#1F4FD8,0.0,0.0,0.0,0.997108,0.994216,,,2,0,0,0,,,,,0,0,,0,0,,,,1,1.0,0,0,0,0,0,0,0,MATCH,1,2.0
LC_005_R10.png,LC,line,comparison,LC_005,5,10,1349,651,OK,EXACT,2,2,2,0,0,0,laranja|azul,#EF6C00|#1F4FD8,#EF6C00|#1F4FD8,0.0,0.0,0.0,0.997108,0.994216,,,2,0,0,0,,,,,0,0,,0,0,,,,1,1.0,0,0,0,0,0,0,0,MATCH,1,2.0
LC_006_R01.png,LC,line,comparison,LC_006,6,1,1189,790,OK,EXACT,2,2,2,0,0,0,laranja|azul,#EF6C00|#1F4FD8,#EF6C00|#1F4FD8,0.0,0.0,0.0,0.998853,0.997706,,,2,0,0,0,,,,,0,0,,0,0,,,,1,1.0,0,0,0,0,0,0,0,MATCH,1,2.0
LC_006_R02.png,LC,line,comparison,LC_006,6,2,1119,645,OK,EXACT,2,2,2,0,0,0,laranja|azul,#EF6C00|#1F4FD8,#EF6C00|#1F4FD8,0.0,0.0,0.0,0.989763,0.989362,,,2,0,0,0,,,,,0,0,,0,0,,,,1,1.0,0,0,0,0,0,0,0,MATCH,1,2.0
LC_006_R03.png,LC,line,comparison,LC_006,6,3,1119,645,OK,EXACT,2,2,2,0,0,0,laranja|azul,#EF6C00|#1F4FD8,#EF6C00|#1F4FD8,0.0,0.0,0.0,0.989763,0.989362,,,2,0,0,0,,,,,0,0,,0,0,,,,1,1.0,0,0,0,0,0,0,0,MATCH,1,2.0
LC_006_R04.png,LC,line,comparison,LC_006,6,4,1119,645,OK,EXACT,2,2,2,0,0,0,laranja|azul,#EF6C00|#1F4FD8,#EF6C00|#1F4FD8,0.0,0.0,0.0,0.989763,0.989362,,,2,0,0,0,,,,,0,0,,0,0,,,,1,1.0,0,0,0,0,0,0,0,MATCH,1,2.0
LC_006_R05.png,LC,line,comparison,LC_006,6,5,1119,645,OK,EXACT,2,2,2,0,0,0,laranja|azul,#EF6C00|#1F4FD8,#EF6C00|#1F4FD8,0.0,0.0,0.0,0.989763,0.989362,,,2,0,0,0,,,,,0,0,,0,0,,,,1,1.0,0,0,0,0,0,0,0,MATCH,1,2.0
LC_006_R06.png,LC,line,comparison,LC_006,6,6,1119,645,OK,EXACT,2,2,2,0,0,0,laranja|azul,#EF6C00|#1F4FD8,#EF6C00|#1F4FD8,0.0,0.0,0.0,0.989763,0.989362,,,2,0,0,0,,,,,0,0,,0,0,,,,1,1.0,0,0,0,0,0,0,0,MATCH,1,2.0
LC_006_R07.png,LC,line,comparison,LC_006,6,7,1119,645,OK,EXACT,2,2,2,0,0,0,laranja|azul,#EF6C00|#1F4FD8,#EF6C00|#1F4FD8,0.0,0.0,0.0,0.989763,0.989362,,,2,0,0,0,,,,,0,0,,0,0,,,,1,1.0,0,0,0,0,0,0,0,MATCH,1,2.0
LC_006_R08.png,LC,line,comparison,LC_006,6,8,1119,645,OK,EXACT,2,2,2,0,0,0,laranja|azul,#EF6C00|#1F4FD8,#EF6C00|#1F4FD8,0.0,0.0,0.0,0.989763,0.989362,,,2,0,0,0,,,,,0,0,,0,0,,,,1,1.0,0,0,0,0,0,0,0,MATCH,1,2.0
LC_006_R09.png,LC,line,comparison,LC_006,6,9,1119,645,OK,EXACT,2,2,2,0,0,0,laranja|azul,#EF6C00|#1F4FD8,#EF6C00|#1F4FD8,0.0,0.0,0.0,0.989763,0.989362,,,2,0,0,0,,,,,0,0,,0,0,,,,1,1.0,0,0,0,0,0,0,0,MATCH,1,2.0
LC_006_R10.png,LC,line,comparison,LC_006,6,10,1119,645,OK,EXACT,2,2,2,0,0,0,laranja|azul,#EF6C00|#1F4FD8,#EF6C00|#1F4FD8,0.0,0.0,0.0,0.989763,0.989362,,,2,0,0,0,,,,,0,0,,0,0,,,,1,1.0,0,0,0,0,0,0,0,MATCH,1,2.0
LC_007_R01.png,LC,line,comparison,LC_007,7,1,1336,735,OK,EXTRA,2,3,2,1,0,1,laranja|azul,#EF6C00|#1F4FD8,#C62828|#EF6C00|#1F4FD8,0.0,0.0,0.0,0.850726,0.609418,,,3,0,0,0,,,,,0,0,,0,1,,#C62828,0.609418,1,1.0,0,0,0,1,0,0,0,EXTRA_COLOR,0,2.0
LC_007_R02.png,LC,line,comparison,LC_007,7,2,1339,670,OK,EXACT,2,2,2,0,0,0,laranja|azul,#EF6C00|#1F4FD8,#EF6C00|#1F4FD8,0.0,0.0,0.0,0.972557,0.959256,,,2,0,0,0,,,,,0,0,,0,0,,,,1,1.0,0,0,0,0,0,0,0,MATCH,1,2.0
LC_007_R03.png,LC,line,comparison,LC_007,7,3,1339,670,OK,EXACT,2,2,2,0,0,0,laranja|azul,#EF6C00|#1F4FD8,#EF6C00|#1F4FD8,0.0,0.0,0.0,0.962292,0.946117,,,2,0,0,0,,,,,0,0,,0,0,,,,1,1.0,0,0,0,0,0,0,0,MATCH,1,2.0
LC_007_R04.png,LC,line,comparison,LC_007,7,4,1339,670,OK,EXACT,2,2,2,0,0,0,laranja|azul,#EF6C00|#1F4FD8,#EF6C00|#1F4FD8,0.0,0.0,0.0,0.97436,0.961771,,,2,0,0,0,,,,,0,0,,0,0,,,,1,1.0,0,0,0,0,0,0,0,MATCH,1,2.0
LC_007_R05.png,LC,line,comparison,LC_007,7,5,1339,670,OK,EXACT,2,2,2,0,0,0,laranja|azul,#EF6C00|#1F4FD8,#EF6C00|#1F4FD8,0.0,0.0,0.0,0.973495,0.954926,,,2,0,0,0,,,,,0,0,,0,0,,,,1,1.0,0,0,0,0,0,0,0,MATCH,1,2.0
LC_007_R06.png,LC,line,comparison,LC_007,7,6,1339,670,OK,EXACT,2,2,2,0,0,0,laranja|azul,#EF6C00|#1F4FD8,#EF6C00|#1F4FD8,0.0,0.0,0.0,0.973736,0.959138,,,2,0,0,0,,,,,0,0,,0,0,,,,1,1.0,0,0,0,0,0,0,0,MATCH,1,2.0
LC_007_R07.png,LC,line,comparison,LC_007,7,7,1339,670,OK,EXACT,2,2,2,0,0,0,laranja|azul,#EF6C00|#1F4FD8,#EF6C00|#1F4FD8,0.0,0.0,0.0,0.964136,0.947319,,,2,0,0,0,,,,,0,0,,0,0,,,,1,1.0,0,0,0,0,0,0,0,MATCH,1,2.0
LC_007_R08.png,LC,line,comparison,LC_007,7,8,1339,670,OK,EXACT,2,2,2,0,0,0,laranja|azul,#EF6C00|#1F4FD8,#EF6C00|#1F4FD8,0.0,0.0,0.0,0.968992,0.955709,,,2,0,0,0,,,,,0,0,,0,0,,,,1,1.0,0,0,0,0,0,0,0,MATCH,1,2.0
LC_007_R09.png,LC,line,comparison,LC_007,7,9,1339,670,OK,EXACT,2,2,2,0,0,0,laranja|azul,#EF6C00|#1F4FD8,#EF6C00|#1F4FD8,0.0,0.0,0.0,0.881015,0.805825,,,2,0,0,0,,,,,0,0,,0,0,,,,1,1.0,0,0,0,0,0,0,0,MATCH,1,2.0
LC_007_R10.png,LC,line,comparison,LC_007,7,10,1339,670,OK,EXACT,2,2,2,0,0,0,laranja|azul,#EF6C00|#1F4FD8,#EF6C00|#1F4FD8,0.0,0.0,0.0,0.973882,0.959465,,,2,0,0,0,,,,,0,0,,0,0,,,,1,1.0,0,0,0,0,0,0,0,MATCH,1,2.0
LC_008_R01.png,LC,line,comparison,LC_008,8,1,1189,790,OK,EXACT,2,2,2,0,0,0,laranja|azul,#EF6C00|#1F4FD8,#EF6C00|#1F4FD8,0.0,0.0,0.0,0.994229,0.988458,,,2,0,0,0,,,,,0,0,,0,0,,,,1,1.0,0,0,0,0,0,0,0,MATCH,1,2.0
LC_008_R02.png,LC,line,comparison,LC_008,8,2,1200,800,OK,EXACT,2,2,2,0,0,0,laranja|azul,#EF6C00|#1F4FD8,#EF6C00|#1F4FD8,0.0,0.0,0.0,0.998723,0.997446,,,2,0,0,0,,,,,0,0,,0,0,,,,1,1.0,0,0,0,0,0,0,0,MATCH,1,2.0
LC_008_R03.png,LC,line,comparison,LC_008,8,3,1200,800,OK,EXACT,2,2,2,0,0,0,laranja|azul,#EF6C00|#1F4FD8,#EF6C00|#1F4FD8,0.0,0.0,0.0,0.998723,0.997446,,,2,0,0,0,,,,,0,0,,0,0,,,,1,1.0,0,0,0,0,0,0,0,MATCH,1,2.0
LC_008_R04.png,LC,line,comparison,LC_008,8,4,1200,800,OK,EXACT,2,2,2,0,0,0,laranja|azul,#EF6C00|#1F4FD8,#EF6C00|#1F4FD8,0.0,0.0,0.0,0.998723,0.997446,,,2,0,0,0,,,,,0,0,,0,0,,,,1,1.0,0,0,0,0,0,0,0,MATCH,1,2.0
LC_008_R05.png,LC,line,comparison,LC_008,8,5,1200,800,OK,EXACT,2,2,2,0,0,0,laranja|azul,#EF6C00|#1F4FD8,#EF6C00|#1F4FD8,0.0,0.0,0.0,0.998723,0.997446,,,2,0,0,0,,,,,0,0,,0,0,,,,1,1.0,0,0,0,0,0,0,0,MATCH,1,2.0
LC_008_R06.png,LC,line,comparison,LC_008,8,6,1200,800,OK,EXACT,2,2,2,0,0,0,laranja|azul,#EF6C00|#1F4FD8,#EF6C00|#1F4FD8,0.0,0.0,0.0,0.998723,0.997446,,,2,0,0,0,,,,,0,0,,0,0,,,,1,1.0,0,0,0,0,0,0,0,MATCH,1,2.0
LC_008_R07.png,LC,line,comparison,LC_008,8,7,1200,800,OK,EXACT,2,2,2,0,0,0,laranja|azul,#EF6C00|#1F4FD8,#EF6C00|#1F4FD8,0.0,0.0,0.0,0.998723,0.997446,,,2,0,0,0,,,,,0,0,,0,0,,,,1,1.0,0,0,0,0,0,0,0,MATCH,1,2.0
LC_008_R08.png,LC,line,comparison,LC_008,8,8,1200,800,OK,EXACT,2,2,2,0,0,0,laranja|azul,#EF6C00|#1F4FD8,#EF6C00|#1F4FD8,0.0,0.0,0.0,0.998723,0.997446,,,2,0,0,0,,,,,0,0,,0,0,,,,1,1.0,0,0,0,0,0,0,0,MATCH,1,2.0
LC_008_R09.png,LC,line,comparison,LC_008,8,9,1200,800,OK,EXACT,2,2,2,0,0,0,laranja|azul,#EF6C00|#1F4FD8,#EF6C00|#1F4FD8,0.0,0.0,0.0,0.998723,0.997446,,,2,0,0,0,,,,,0,0,,0,0,,,,1,1.0,0,0,0,0,0,0,0,MATCH,1,2.0
LC_008_R10.png,LC,line,comparison,LC_008,8,10,1200,800,OK,EXACT,2,2,2,0,0,0,laranja|azul,#EF6C00|#1F4FD8,#EF6C00|#1F4FD8,0.0,0.0,0.0,0.998723,0.997446,,,2,0,0,0,,,,,0,0,,0,0,,,,1,1.0,0,0,0,0,0,0,0,MATCH,1,2.0
LC_009_R01.png,LC,line,comparison,LC_009,9,1,1145,671,OK,EXACT,2,2,2,0,0,0,laranja|azul,#EF6C00|#1F4FD8,#EF6C00|#1F4FD8,0.0,0.0,0.0,1.0,1.0,,,2,0,0,0,,,,,0,0,,0,0,,,,1,1.0,0,0,0,0,0,0,0,MATCH,1,2.0
LC_009_R02.png,LC,line,comparison,LC_009,9,2,1132,671,OK,EXACT,2,2,2,0,0,0,laranja|azul,#EF6C00|#1F4FD8,#EF6C00|#1F4FD8,0.0,0.0,0.0,1.0,1.0,,,2,0,0,0,,,,,0,0,,0,0,,,,1,1.0,0,0,0,0,0,0,0,MATCH,1,2.0
LC_009_R03.png,LC,line,comparison,LC_009,9,3,1132,671,OK,EXACT,2,2,2,0,0,0,laranja|azul,#EF6C00|#1F4FD8,#EF6C00|#1F4FD8,0.0,0.0,0.0,1.0,1.0,,,2,0,0,0,,,,,0,0,,0,0,,,,1,1.0,0,0,0,0,0,0,0,MATCH,1,2.0
LC_009_R04.png,LC,line,comparison,LC_009,9,4,1132,671,OK,EXACT,2,2,2,0,0,0,laranja|azul,#EF6C00|#1F4FD8,#EF6C00|#1F4FD8,0.0,0.0,0.0,1.0,1.0,,,2,0,0,0,,,,,0,0,,0,0,,,,1,1.0,0,0,0,0,0,0,0,MATCH,1,2.0
LC_009_R05.png,LC,line,comparison,LC_009,9,5,1132,671,OK,EXACT,2,2,2,0,0,0,laranja|azul,#EF6C00|#1F4FD8,#EF6C00|#1F4FD8,0.0,0.0,0.0,1.0,1.0,,,2,0,0,0,,,,,0,0,,0,0,,,,1,1.0,0,0,0,0,0,0,0,MATCH,1,2.0
LC_009_R06.png,LC,line,comparison,LC_009,9,6,1132,671,OK,EXACT,2,2,2,0,0,0,laranja|azul,#EF6C00|#1F4FD8,#EF6C00|#1F4FD8,0.0,0.0,0.0,1.0,1.0,,,2,0,0,0,,,,,0,0,,0,0,,,,1,1.0,0,0,0,0,0,0,0,MATCH,1,2.0
LC_009_R07.png,LC,line,comparison,LC_009,9,7,1132,671,OK,EXACT,2,2,2,0,0,0,laranja|azul,#EF6C00|#1F4FD8,#EF6C00|#1F4FD8,0.0,0.0,0.0,1.0,1.0,,,2,0,0,0,,,,,0,0,,0,0,,,,1,1.0,0,0,0,0,0,0,0,MATCH,1,2.0
LC_009_R08.png,LC,line,comparison,LC_009,9,8,1132,671,OK,EXACT,2,2,2,0,0,0,laranja|azul,#EF6C00|#1F4FD8,#EF6C00|#1F4FD8,0.0,0.0,0.0,1.0,1.0,,,2,0,0,0,,,,,0,0,,0,0,,,,1,1.0,0,0,0,0,0,0,0,MATCH,1,2.0
LC_009_R09.png,LC,line,comparison,LC_009,9,9,1132,671,OK,EXACT,2,2,2,0,0,0,laranja|azul,#EF6C00|#1F4FD8,#EF6C00|#1F4FD8,0.0,0.0,0.0,1.0,1.0,,,2,0,0,0,,,,,0,0,,0,0,,,,1,1.0,0,0,0,0,0,0,0,MATCH,1,2.0
LC_009_R10.png,LC,line,comparison,LC_009,9,10,1132,671,OK,EXACT,2,2,2,0,0,0,laranja|azul,#EF6C00|#1F4FD8,#EF6C00|#1F4FD8,0.0,0.0,0.0,1.0,1.0,,,2,0,0,0,,,,,0,0,,0,0,,,,1,1.0,0,0,0,0,0,0,0,MATCH,1,2.0
LC_010_R01.png,LC,line,comparison,LC_010,10,1,1200,800,OK,EXACT,2,2,2,0,0,0,laranja|azul,#EF6C00|#1F4FD8,#EF6C00|#1F4FD8,0.0,0.0,0.0,0.995914,0.991828,,,2,0,0,0,,,,,0,0,,0,0,,,,1,1.0,0,0,0,0,0,0,0,MATCH,1,2.0
LC_010_R02.png,LC,line,comparison,LC_010,10,2,1342,671,OK,EXACT,2,2,2,0,0,0,laranja|azul,#EF6C00|#1F4FD8,#EF6C00|#1F4FD8,0.0,0.0,0.0,0.974112,0.959448,,,2,0,0,0,,,,,0,0,,0,0,,,,1,1.0,0,0,0,0,0,0,0,MATCH,1,2.0
LC_010_R03.png,LC,line,comparison,LC_010,10,3,1342,671,OK,EXACT,2,2,2,0,0,0,laranja|azul,#EF6C00|#1F4FD8,#EF6C00|#1F4FD8,0.0,0.0,0.0,0.974112,0.959448,,,2,0,0,0,,,,,0,0,,0,0,,,,1,1.0,0,0,0,0,0,0,0,MATCH,1,2.0
LC_010_R04.png,LC,line,comparison,LC_010,10,4,1342,671,OK,EXACT,2,2,2,0,0,0,laranja|azul,#EF6C00|#1F4FD8,#EF6C00|#1F4FD8,0.0,0.0,0.0,0.974112,0.959448,,,2,0,0,0,,,,,0,0,,0,0,,,,1,1.0,0,0,0,0,0,0,0,MATCH,1,2.0
LC_010_R05.png,LC,line,comparison,LC_010,10,5,1342,671,OK,EXACT,2,2,2,0,0,0,laranja|azul,#EF6C00|#1F4FD8,#EF6C00|#1F4FD8,0.0,0.0,0.0,0.974112,0.959448,,,2,0,0,0,,,,,0,0,,0,0,,,,1,1.0,0,0,0,0,0,0,0,MATCH,1,2.0
LC_010_R06.png,LC,line,comparison,LC_010,10,6,1342,671,OK,EXACT,2,2,2,0,0,0,laranja|azul,#EF6C00|#1F4FD8,#EF6C00|#1F4FD8,0.0,0.0,0.0,0.974112,0.959448,,,2,0,0,0,,,,,0,0,,0,0,,,,1,1.0,0,0,0,0,0,0,0,MATCH,1,2.0
LC_010_R07.png,LC,line,comparison,LC_010,10,7,1342,671,OK,EXACT,2,2,2,0,0,0,laranja|azul,#EF6C00|#1F4FD8,#EF6C00|#1F4FD8,0.0,0.0,0.0,0.974112,0.959448,,,2,0,0,0,,,,,0,0,,0,0,,,,1,1.0,0,0,0,0,0,0,0,MATCH,1,2.0
LC_010_R08.png,LC,line,comparison,LC_010,10,8,1342,671,OK,EXACT,2,2,2,0,0,0,laranja|azul,#EF6C00|#1F4FD8,#EF6C00|#1F4FD8,0.0,0.0,0.0,0.974112,0.959448,,,2,0,0,0,,,,,0,0,,0,0,,,,1,1.0,0,0,0,0,0,0,0,MATCH,1,2.0
LC_010_R09.png,LC,line,comparison,LC_010,10,9,1342,671,OK,EXACT,2,2,2,0,0,0,laranja|azul,#EF6C00|#1F4FD8,#EF6C00|#1F4FD8,0.0,0.0,0.0,0.974112,0.959448,,,2,0,0,0,,,,,0,0,,0,0,,,,1,1.0,0,0,0,0,0,0,0,MATCH,1,2.0
LC_010_R10.png,LC,line,comparison,LC_010,10,10,1342,671,OK,EXACT,2,2,2,0,0,0,laranja|azul,#EF6C00|#1F4FD8,#EF6C00|#1F4FD8,0.0,0.0,0.0,0.974112,0.959448,,,2,0,0,0,,,,,0,0,,0,0,,,,1,1.0,0,0,0,0,0,0,0,MATCH,1,2.0
LC_011_R01.png,LC,line,comparison,LC_011,11,1,1435,671,OK,EXACT,2,2,2,0,0,0,laranja|azul,#EF6C00|#1F4FD8,#EF6C00|#1F4FD8,0.0,0.0,0.0,0.993048,0.986095,,,2,0,0,0,,,,,0,0,,0,0,,,,1,1.0,0,0,0,0,0,0,0,MATCH,1,2.0
LC_011_R02.png,LC,line,comparison,LC_011,11,2,1086,701,OK,EXACT,2,2,2,0,0,0,laranja|azul,#EF6C00|#1F4FD8,#EF6C00|#1F4FD8,0.0,0.0,0.0,0.995152,0.990305,,,2,0,0,0,,,,,0,0,,0,0,,,,1,1.0,0,0,0,0,0,0,0,MATCH,1,2.0
LC_011_R03.png,LC,line,comparison,LC_011,11,3,1352,671,OK,EXACT,2,2,2,0,0,0,laranja|azul,#EF6C00|#1F4FD8,#EF6C00|#1F4FD8,0.0,0.0,0.0,0.994433,0.988866,,,2,0,0,0,,,,,0,0,,0,0,,,,1,1.0,0,0,0,0,0,0,0,MATCH,1,2.0
LC_011_R04.png,LC,line,comparison,LC_011,11,4,1352,671,OK,EXACT,2,2,2,0,0,0,laranja|azul,#EF6C00|#1F4FD8,#EF6C00|#1F4FD8,0.0,0.0,0.0,0.994433,0.988866,,,2,0,0,0,,,,,0,0,,0,0,,,,1,1.0,0,0,0,0,0,0,0,MATCH,1,2.0
LC_011_R05.png,LC,line,comparison,LC_011,11,5,1352,671,OK,EXACT,2,2,2,0,0,0,laranja|azul,#EF6C00|#1F4FD8,#EF6C00|#1F4FD8,0.0,0.0,0.0,0.994433,0.988866,,,2,0,0,0,,,,,0,0,,0,0,,,,1,1.0,0,0,0,0,0,0,0,MATCH,1,2.0
LC_011_R06.png,LC,line,comparison,LC_011,11,6,1352,671,OK,EXACT,2,2,2,0,0,0,laranja|azul,#EF6C00|#1F4FD8,#EF6C00|#1F4FD8,0.0,0.0,0.0,0.994433,0.988866,,,2,0,0,0,,,,,0,0,,0,0,,,,1,1.0,0,0,0,0,0,0,0,MATCH,1,2.0
LC_011_R07.png,LC,line,comparison,LC_011,11,7,1352,671,OK,EXACT,2,2,2,0,0,0,laranja|azul,#EF6C00|#1F4FD8,#EF6C00|#1F4FD8,0.0,0.0,0.0,0.994433,0.988866,,,2,0,0,0,,,,,0,0,,0,0,,,,1,1.0,0,0,0,0,0,0,0,MATCH,1,2.0
LC_011_R08.png,LC,line,comparison,LC_011,11,8,1352,671,OK,EXACT,2,2,2,0,0,0,laranja|azul,#EF6C00|#1F4FD8,#EF6C00|#1F4FD8,0.0,0.0,0.0,0.994433,0.988866,,,2,0,0,0,,,,,0,0,,0,0,,,,1,1.0,0,0,0,0,0,0,0,MATCH,1,2.0
LC_011_R09.png,LC,line,comparison,LC_011,11,9,1352,671,OK,EXACT,2,2,2,0,0,0,laranja|azul,#EF6C00|#1F4FD8,#EF6C00|#1F4FD8,0.0,0.0,0.0,0.994433,0.988866,,,2,0,0,0,,,,,0,0,,0,0,,,,1,1.0,0,0,0,0,0,0,0,MATCH,1,2.0
LC_011_R10.png,LC,line,comparison,LC_011,11,10,1086,701,OK,EXACT,2,2,2,0,0,0,laranja|azul,#EF6C00|#1F4FD8,#EF6C00|#1F4FD8,0.0,0.0,0.0,0.903553,0.807107,,,2,0,0,0,,,,,0,0,,0,0,,,,1,1.0,0,0,0,0,0,0,0,MATCH,1,2.0
LC_012_R01.png,LC,line,comparison,LC_012,12,1,1373,671,OK,EXACT,2,2,2,0,0,0,laranja|azul,#EF6C00|#1F4FD8,#EF6C00|#1F4FD8,0.0,0.0,0.0,0.994742,0.989484,,,2,0,0,0,,,,,0,0,,0,0,,,,1,1.0,0,0,0,0,0,0,0,MATCH,1,2.0
LC_012_R02.png,LC,line,comparison,LC_012,12,2,1352,671,OK,EXACT,2,2,2,0,0,0,laranja|azul,#EF6C00|#1F4FD8,#EF6C00|#1F4FD8,0.0,0.0,0.0,0.994433,0.988866,,,2,0,0,0,,,,,0,0,,0,0,,,,1,1.0,0,0,0,0,0,0,0,MATCH,1,2.0
LC_012_R03.png,LC,line,comparison,LC_012,12,3,1352,671,OK,EXACT,2,2,2,0,0,0,laranja|azul,#EF6C00|#1F4FD8,#EF6C00|#1F4FD8,0.0,0.0,0.0,0.994433,0.988866,,,2,0,0,0,,,,,0,0,,0,0,,,,1,1.0,0,0,0,0,0,0,0,MATCH,1,2.0
LC_012_R04.png,LC,line,comparison,LC_012,12,4,1352,671,OK,EXACT,2,2,2,0,0,0,laranja|azul,#EF6C00|#1F4FD8,#EF6C00|#1F4FD8,0.0,0.0,0.0,0.994433,0.988866,,,2,0,0,0,,,,,0,0,,0,0,,,,1,1.0,0,0,0,0,0,0,0,MATCH,1,2.0
LC_012_R05.png,LC,line,comparison,LC_012,12,5,1352,671,OK,EXACT,2,2,2,0,0,0,laranja|azul,#EF6C00|#1F4FD8,#EF6C00|#1F4FD8,0.0,0.0,0.0,0.994433,0.988866,,,2,0,0,0,,,,,0,0,,0,0,,,,1,1.0,0,0,0,0,0,0,0,MATCH,1,2.0
LC_012_R06.png,LC,line,comparison,LC_012,12,6,1352,671,OK,EXACT,2,2,2,0,0,0,laranja|azul,#EF6C00|#1F4FD8,#EF6C00|#1F4FD8,0.0,0.0,0.0,0.994433,0.988866,,,2,0,0,0,,,,,0,0,,0,0,,,,1,1.0,0,0,0,0,0,0,0,MATCH,1,2.0
LC_012_R07.png,LC,line,comparison,LC_012,12,7,1352,671,OK,EXACT,2,2,2,0,0,0,laranja|azul,#EF6C00|#1F4FD8,#EF6C00|#1F4FD8,0.0,0.0,0.0,0.994433,0.988866,,,2,0,0,0,,,,,0,0,,0,0,,,,1,1.0,0,0,0,0,0,0,0,MATCH,1,2.0
LC_012_R08.png,LC,line,comparison,LC_012,12,8,1352,671,OK,EXACT,2,2,2,0,0,0,laranja|azul,#EF6C00|#1F4FD8,#EF6C00|#1F4FD8,0.0,0.0,0.0,0.994433,0.988866,,,2,0,0,0,,,,,0,0,,0,0,,,,1,1.0,0,0,0,0,0,0,0,MATCH,1,2.0
LC_012_R09.png,LC,line,comparison,LC_012,12,9,1352,671,OK,EXACT,2,2,2,0,0,0,laranja|azul,#EF6C00|#1F4FD8,#EF6C00|#1F4FD8,0.0,0.0,0.0,0.994433,0.988866,,,2,0,0,0,,,,,0,0,,0,0,,,,1,1.0,0,0,0,0,0,0,0,MATCH,1,2.0
LC_012_R10.png,LC,line,comparison,LC_012,12,10,1352,671,OK,EXACT,2,2,2,0,0,0,laranja|azul,#EF6C00|#1F4FD8,#EF6C00|#1F4FD8,0.0,0.0,0.0,0.994433,0.988866,,,2,0,0,0,,,,,0,0,,0,0,,,,1,1.0,0,0,0,0,0,0,0,MATCH,1,2.0
LC_013_R01.png,LC,line,comparison,LC_013,13,1,1120,671,OK,EXACT,2,2,2,0,0,0,laranja|azul,#EF6C00|#1F4FD8,#EF6C00|#1F4FD8,0.0,0.0,0.0,0.977207,0.965064,,,2,0,0,0,,,,,0,0,,0,0,,,,1,1.0,0,0,0,0,0,0,0,MATCH,1,2.0
LC_013_R02.png,LC,line,comparison,LC_013,13,2,1132,671,OK,MISSING,2,1,1,0,1,1,laranja|azul,#EF6C00|#1F4FD8,#4F64BF,7.737604,7.737604,7.737604,0.711837,0.711837,,,1,0,0,0,,,,,0,0,,0,0,,,,1,0.0,1,1,0,0,0,0,0,MISSING_COLOR+COLOR_DEVIATION,0,2.0
LC_013_R03.png,LC,line,comparison,LC_013,13,3,1200,800,OK,EXACT,2,2,2,0,0,0,laranja|azul,#EF6C00|#1F4FD8,#EF6C00|#4169E1,4.271479,4.271479,8.542957,0.972494,0.954584,,,2,0,0,0,,,,,0,0,,0,0,,,,1,0.0,1,0,0,0,0,0,0,COLOR_DEVIATION,0,2.0
LC_013_R04.png,LC,line,comparison,LC_013,13,4,1200,800,OK,EXACT,2,2,2,0,0,0,laranja|azul,#EF6C00|#1F4FD8,#EF6C00|#4169E1,4.271479,4.271479,8.542957,0.972494,0.954584,,,2,0,0,0,,,,,0,0,,0,0,,,,1,0.0,1,0,0,0,0,0,0,COLOR_DEVIATION,0,2.0
LC_013_R05.png,LC,line,comparison,LC_013,13,5,1200,800,OK,EXACT,2,2,2,0,0,0,laranja|azul,#EF6C00|#1F4FD8,#EF6C00|#4169E1,4.271479,4.271479,8.542957,0.972494,0.954584,,,2,0,0,0,,,,,0,0,,0,0,,,,1,0.0,1,0,0,0,0,0,0,COLOR_DEVIATION,0,2.0
LC_013_R06.png,LC,line,comparison,LC_013,13,6,1200,800,OK,EXACT,2,2,2,0,0,0,laranja|azul,#EF6C00|#1F4FD8,#EF6C00|#4169E1,4.271479,4.271479,8.542957,0.972494,0.954584,,,2,0,0,0,,,,,0,0,,0,0,,,,1,0.0,1,0,0,0,0,0,0,COLOR_DEVIATION,0,2.0
LC_013_R07.png,LC,line,comparison,LC_013,13,7,1200,800,OK,EXACT,2,2,2,0,0,0,laranja|azul,#EF6C00|#1F4FD8,#EF6C00|#4169E1,4.271479,4.271479,8.542957,0.972494,0.954584,,,2,0,0,0,,,,,0,0,,0,0,,,,1,0.0,1,0,0,0,0,0,0,COLOR_DEVIATION,0,2.0
LC_013_R08.png,LC,line,comparison,LC_013,13,8,1200,800,OK,EXACT,2,2,2,0,0,0,laranja|azul,#EF6C00|#1F4FD8,#EF6C00|#4169E1,4.271479,4.271479,8.542957,0.972494,0.954584,,,2,0,0,0,,,,,0,0,,0,0,,,,1,0.0,1,0,0,0,0,0,0,COLOR_DEVIATION,0,2.0
LC_013_R09.png,LC,line,comparison,LC_013,13,9,1200,800,OK,EXACT,2,2,2,0,0,0,laranja|azul,#EF6C00|#1F4FD8,#EF6C00|#4169E1,4.271479,4.271479,8.542957,0.972494,0.954584,,,2,0,0,0,,,,,0,0,,0,0,,,,1,0.0,1,0,0,0,0,0,0,COLOR_DEVIATION,0,2.0
LC_013_R10.png,LC,line,comparison,LC_013,13,10,1132,671,OK,MISSING,2,1,1,0,1,1,laranja|azul,#EF6C00|#1F4FD8,#4F64BF,7.737604,7.737604,7.737604,0.711837,0.711837,,,1,0,0,0,,,,,0,0,,0,0,,,,1,0.0,1,1,0,0,0,0,0,MISSING_COLOR+COLOR_DEVIATION,0,2.0
LC_014_R01.png,LC,line,comparison,LC_014,14,1,1189,790,OK,EXACT,2,2,2,0,0,0,laranja|azul,#EF6C00|#1F4FD8,#EF6C00|#1F4FD8,0.0,0.0,0.0,0.982631,0.977262,,,2,0,0,0,,,,,0,0,,0,0,,,,1,1.0,0,0,0,0,0,0,0,MATCH,1,2.0
LC_014_R02.png,LC,line,comparison,LC_014,14,2,1200,800,OK,EXACT,2,2,2,0,0,0,laranja|azul,#EF6C00|#1F4FD8,#EF6C00|#1F4FD8,0.0,0.0,0.0,0.97096,0.951192,,,2,0,0,0,,,,,0,0,,0,0,,,,1,1.0,0,0,0,0,0,0,0,MATCH,1,2.0
LC_014_R03.png,LC,line,comparison,LC_014,14,3,1200,800,OK,EXACT,2,2,2,0,0,0,laranja|azul,#EF6C00|#1F4FD8,#EF6C00|#1F4FD8,0.0,0.0,0.0,0.97096,0.951192,,,2,0,0,0,,,,,0,0,,0,0,,,,1,1.0,0,0,0,0,0,0,0,MATCH,1,2.0
LC_014_R04.png,LC,line,comparison,LC_014,14,4,1200,800,OK,EXACT,2,2,2,0,0,0,laranja|azul,#EF6C00|#1F4FD8,#EF6C00|#1F4FD8,0.0,0.0,0.0,0.97096,0.951192,,,2,0,0,0,,,,,0,0,,0,0,,,,1,1.0,0,0,0,0,0,0,0,MATCH,1,2.0
LC_014_R05.png,LC,line,comparison,LC_014,14,5,1200,800,OK,EXACT,2,2,2,0,0,0,laranja|azul,#EF6C00|#1F4FD8,#EF6C00|#1F4FD8,0.0,0.0,0.0,0.97096,0.951192,,,2,0,0,0,,,,,0,0,,0,0,,,,1,1.0,0,0,0,0,0,0,0,MATCH,1,2.0
LC_014_R06.png,LC,line,comparison,LC_014,14,6,1200,800,OK,EXACT,2,2,2,0,0,0,laranja|azul,#EF6C00|#1F4FD8,#EF6C00|#1F4FD8,0.0,0.0,0.0,0.97096,0.951192,,,2,0,0,0,,,,,0,0,,0,0,,,,1,1.0,0,0,0,0,0,0,0,MATCH,1,2.0
LC_014_R07.png,LC,line,comparison,LC_014,14,7,1200,800,OK,EXACT,2,2,2,0,0,0,laranja|azul,#EF6C00|#1F4FD8,#EF6C00|#1F4FD8,0.0,0.0,0.0,0.97096,0.951192,,,2,0,0,0,,,,,0,0,,0,0,,,,1,1.0,0,0,0,0,0,0,0,MATCH,1,2.0
LC_014_R08.png,LC,line,comparison,LC_014,14,8,1200,800,OK,EXACT,2,2,2,0,0,0,laranja|azul,#EF6C00|#1F4FD8,#EF6C00|#1F4FD8,0.0,0.0,0.0,0.97096,0.951192,,,2,0,0,0,,,,,0,0,,0,0,,,,1,1.0,0,0,0,0,0,0,0,MATCH,1,2.0
LC_014_R09.png,LC,line,comparison,LC_014,14,9,1200,800,OK,EXACT,2,2,2,0,0,0,laranja|azul,#EF6C00|#1F4FD8,#EF6C00|#1F4FD8,0.0,0.0,0.0,0.97096,0.951192,,,2,0,0,0,,,,,0,0,,0,0,,,,1,1.0,0,0,0,0,0,0,0,MATCH,1,2.0
LC_014_R10.png,LC,line,comparison,LC_014,14,10,1200,800,OK,EXACT,2,2,2,0,0,0,laranja|azul,#EF6C00|#1F4FD8,#EF6C00|#1F4FD8,0.0,0.0,0.0,0.97096,0.951192,,,2,0,0,0,,,,,0,0,,0,0,,,,1,1.0,0,0,0,0,0,0,0,MATCH,1,2.0
LC_015_R01.png,LC,line,comparison,LC_015,15,1,1132,671,OK,EXACT,2,2,2,0,0,0,laranja|azul,#EF6C00|#1F4FD8,#EF6C00|#1F4FD8,0.0,0.0,0.0,0.994742,0.989484,,,2,0,0,0,,,,,0,0,,0,0,,,,1,1.0,0,0,0,0,0,0,0,MATCH,1,2.0
LC_015_R02.png,LC,line,comparison,LC_015,15,2,1200,800,OK,EXACT,2,2,2,0,0,0,laranja|azul,#EF6C00|#1F4FD8,#EF6C00|#1F4FD8,0.0,0.0,0.0,0.995788,0.991575,,,2,0,0,0,,,,,0,0,,0,0,,,,1,1.0,0,0,0,0,0,0,0,MATCH,1,2.0
LC_015_R03.png,LC,line,comparison,LC_015,15,3,1200,800,OK,EXACT,2,2,2,0,0,0,laranja|azul,#EF6C00|#1F4FD8,#EF6C00|#1F4FD8,0.0,0.0,0.0,0.994487,0.988975,,,2,0,0,0,,,,,0,0,,0,0,,,,1,1.0,0,0,0,0,0,0,0,MATCH,1,2.0
LC_015_R04.png,LC,line,comparison,LC_015,15,4,1200,800,OK,EXACT,2,2,2,0,0,0,laranja|azul,#EF6C00|#1F4FD8,#EF6C00|#1F4FD8,0.0,0.0,0.0,0.994641,0.989282,,,2,0,0,0,,,,,0,0,,0,0,,,,1,1.0,0,0,0,0,0,0,0,MATCH,1,2.0
LC_015_R05.png,LC,line,comparison,LC_015,15,5,1200,800,OK,EXACT,2,2,2,0,0,0,laranja|azul,#EF6C00|#1F4FD8,#EF6C00|#1F4FD8,0.0,0.0,0.0,0.914712,0.829424,,,2,0,0,0,,,,,0,0,,0,0,,,,1,1.0,0,0,0,0,0,0,0,MATCH,1,2.0
LC_015_R06.png,LC,line,comparison,LC_015,15,6,1200,800,OK,EXACT,2,2,2,0,0,0,laranja|azul,#EF6C00|#1F4FD8,#EF6C00|#1F4FD8,0.0,0.0,0.0,0.994704,0.989409,,,2,0,0,0,,,,,0,0,,0,0,,,,1,1.0,0,0,0,0,0,0,0,MATCH,1,2.0
LC_015_R07.png,LC,line,comparison,LC_015,15,7,1200,800,OK,EXACT,2,2,2,0,0,0,laranja|azul,#EF6C00|#1F4FD8,#EF6C00|#1F4FD8,0.0,0.0,0.0,0.99359,0.987179,,,2,0,0,0,,,,,0,0,,0,0,,,,1,1.0,0,0,0,0,0,0,0,MATCH,1,2.0
LC_015_R08.png,LC,line,comparison,LC_015,15,8,1200,800,OK,EXACT,2,2,2,0,0,0,laranja|azul,#EF6C00|#1F4FD8,#EF6C00|#1F4FD8,0.0,0.0,0.0,0.991474,0.982948,,,2,0,0,0,,,,,0,0,,0,0,,,,1,1.0,0,0,0,0,0,0,0,MATCH,1,2.0
LC_015_R09.png,LC,line,comparison,LC_015,15,9,1200,800,OK,EXACT,2,2,2,0,0,0,laranja|azul,#EF6C00|#1F4FD8,#EF6C00|#1F4FD8,0.0,0.0,0.0,0.905134,0.810268,,,2,0,0,0,,,,,0,0,,0,0,,,,1,1.0,0,0,0,0,0,0,0,MATCH,1,2.0
LC_015_R10.png,LC,line,comparison,LC_015,15,10,1200,800,OK,EXACT,2,2,2,0,0,0,laranja|azul,#EF6C00|#1F4FD8,#EF6C00|#1F4FD8,0.0,0.0,0.0,0.994792,0.989583,,,2,0,0,0,,,,,0,0,,0,0,,,,1,1.0,0,0,0,0,0,0,0,MATCH,1,2.0
LC_016_R01.png,LC,line,comparison,LC_016,16,1,1103,671,OK,EXACT,2,2,2,0,0,0,laranja|azul,#EF6C00|#1F4FD8,#EF6C00|#1F4FD8,0.0,0.0,0.0,0.994233,0.988466,,,2,0,0,0,,,,,0,0,,0,0,,,,1,1.0,0,0,0,0,0,0,0,MATCH,1,2.0
LC_016_R02.png,LC,line,comparison,LC_016,16,2,1200,800,OK,EXACT,2,2,2,0,0,0,laranja|azul,#EF6C00|#1F4FD8,#EF6C00|#1F4FD8,0.0,0.0,0.0,0.993964,0.987928,,,2,0,0,0,,,,,0,0,,0,0,,,,1,1.0,0,0,0,0,0,0,0,MATCH,1,2.0
LC_016_R03.png,LC,line,comparison,LC_016,16,3,1200,800,OK,EXACT,2,2,2,0,0,0,laranja|azul,#EF6C00|#1F4FD8,#EF6C00|#1F4FD8,0.0,0.0,0.0,0.994819,0.989637,,,2,0,0,0,,,,,0,0,,0,0,,,,1,1.0,0,0,0,0,0,0,0,MATCH,1,2.0
LC_016_R04.png,LC,line,comparison,LC_016,16,4,1200,800,OK,EXACT,2,2,2,0,0,0,laranja|azul,#EF6C00|#1F4FD8,#EF6C00|#1F4FD8,0.0,0.0,0.0,0.99376,0.98752,,,2,0,0,0,,,,,0,0,,0,0,,,,1,1.0,0,0,0,0,0,0,0,MATCH,1,2.0
LC_016_R05.png,LC,line,comparison,LC_016,16,5,1200,800,OK,EXACT,2,2,2,0,0,0,laranja|azul,#EF6C00|#1F4FD8,#EF6C00|#1F4FD8,0.0,0.0,0.0,0.997753,0.995506,,,2,0,0,0,,,,,0,0,,0,0,,,,1,1.0,0,0,0,0,0,0,0,MATCH,1,2.0
LC_016_R06.png,LC,line,comparison,LC_016,16,6,1200,800,OK,EXACT,2,2,2,0,0,0,laranja|azul,#EF6C00|#1F4FD8,#EF6C00|#1F4FD8,0.0,0.0,0.0,0.99308,0.986159,,,2,0,0,0,,,,,0,0,,0,0,,,,1,1.0,0,0,0,0,0,0,0,MATCH,1,2.0
LC_016_R07.png,LC,line,comparison,LC_016,16,7,1200,800,OK,EXACT,2,2,2,0,0,0,laranja|azul,#EF6C00|#1F4FD8,#EF6C00|#1F4FD8,0.0,0.0,0.0,0.992793,0.985586,,,2,0,0,0,,,,,0,0,,0,0,,,,1,1.0,0,0,0,0,0,0,0,MATCH,1,2.0
LC_016_R08.png,LC,line,comparison,LC_016,16,8,1200,800,OK,EXACT,2,2,2,0,0,0,laranja|azul,#EF6C00|#1F4FD8,#EF6C00|#1F4FD8,0.0,0.0,0.0,0.994928,0.989855,,,2,0,0,0,,,,,0,0,,0,0,,,,1,1.0,0,0,0,0,0,0,0,MATCH,1,2.0
LC_016_R09.png,LC,line,comparison,LC_016,16,9,1200,800,OK,EXACT,2,2,2,0,0,0,laranja|azul,#EF6C00|#1F4FD8,#EF6C00|#1F4FD8,0.0,0.0,0.0,0.99768,0.99536,,,2,0,0,0,,,,,0,0,,0,0,,,,1,1.0,0,0,0,0,0,0,0,MATCH,1,2.0
LC_016_R10.png,LC,line,comparison,LC_016,16,10,1200,800,OK,EXACT,2,2,2,0,0,0,laranja|azul,#EF6C00|#1F4FD8,#EF6C00|#1F4FD8,0.0,0.0,0.0,0.993179,0.986359,,,2,0,0,0,,,,,0,0,,0,0,,,,1,1.0,0,0,0,0,0,0,0,MATCH,1,2.0
LC_017_R01.png,LC,line,comparison,LC_017,17,1,1352,651,OK,EXACT,2,2,2,0,0,0,laranja|azul,#EF6C00|#1F4FD8,#EF6C00|#1F4FD8,0.0,0.0,0.0,0.995906,0.991813,,,2,0,0,0,,,,,0,0,,0,0,,,,1,1.0,0,0,0,0,0,0,0,MATCH,1,2.0
LC_017_R02.png,LC,line,comparison,LC_017,17,2,1168,670,OK,EXACT,2,2,2,0,0,0,laranja|azul,#EF6C00|#1F4FD8,#EF6C00|#1F4FD8,0.0,0.0,0.0,0.993064,0.986129,,,2,0,0,0,,,,,0,0,,0,0,,,,1,1.0,0,0,0,0,0,0,0,MATCH,1,2.0
LC_017_R03.png,LC,line,comparison,LC_017,17,3,1168,670,OK,EXACT,2,2,2,0,0,0,laranja|azul,#EF6C00|#1F4FD8,#EF6C00|#1F4FD8,0.0,0.0,0.0,0.993064,0.986129,,,2,0,0,0,,,,,0,0,,0,0,,,,1,1.0,0,0,0,0,0,0,0,MATCH,1,2.0
LC_017_R04.png,LC,line,comparison,LC_017,17,4,1168,670,OK,EXACT,2,2,2,0,0,0,laranja|azul,#EF6C00|#1F4FD8,#EF6C00|#1F4FD8,0.0,0.0,0.0,0.993064,0.986129,,,2,0,0,0,,,,,0,0,,0,0,,,,1,1.0,0,0,0,0,0,0,0,MATCH,1,2.0
LC_017_R05.png,LC,line,comparison,LC_017,17,5,1168,670,OK,EXACT,2,2,2,0,0,0,laranja|azul,#EF6C00|#1F4FD8,#EF6C00|#1F4FD8,0.0,0.0,0.0,0.993064,0.986129,,,2,0,0,0,,,,,0,0,,0,0,,,,1,1.0,0,0,0,0,0,0,0,MATCH,1,2.0
LC_017_R06.png,LC,line,comparison,LC_017,17,6,1168,670,OK,EXACT,2,2,2,0,0,0,laranja|azul,#EF6C00|#1F4FD8,#EF6C00|#1F4FD8,0.0,0.0,0.0,0.993064,0.986129,,,2,0,0,0,,,,,0,0,,0,0,,,,1,1.0,0,0,0,0,0,0,0,MATCH,1,2.0
LC_017_R07.png,LC,line,comparison,LC_017,17,7,1168,670,OK,EXACT,2,2,2,0,0,0,laranja|azul,#EF6C00|#1F4FD8,#EF6C00|#1F4FD8,0.0,0.0,0.0,0.993064,0.986129,,,2,0,0,0,,,,,0,0,,0,0,,,,1,1.0,0,0,0,0,0,0,0,MATCH,1,2.0
LC_017_R08.png,LC,line,comparison,LC_017,17,8,1168,670,OK,EXACT,2,2,2,0,0,0,laranja|azul,#EF6C00|#1F4FD8,#EF6C00|#1F4FD8,0.0,0.0,0.0,0.993064,0.986129,,,2,0,0,0,,,,,0,0,,0,0,,,,1,1.0,0,0,0,0,0,0,0,MATCH,1,2.0
LC_017_R09.png,LC,line,comparison,LC_017,17,9,1168,670,OK,EXACT,2,2,2,0,0,0,laranja|azul,#EF6C00|#1F4FD8,#EF6C00|#1F4FD8,0.0,0.0,0.0,0.993064,0.986129,,,2,0,0,0,,,,,0,0,,0,0,,,,1,1.0,0,0,0,0,0,0,0,MATCH,1,2.0
LC_017_R10.png,LC,line,comparison,LC_017,17,10,1168,670,OK,EXACT,2,2,2,0,0,0,laranja|azul,#EF6C00|#1F4FD8,#EF6C00|#1F4FD8,0.0,0.0,0.0,0.993064,0.986129,,,2,0,0,0,,,,,0,0,,0,0,,,,1,1.0,0,0,0,0,0,0,0,MATCH,1,2.0
LC_018_R01.png,LC,line,comparison,LC_018,18,1,1189,790,OK,EXACT,2,2,2,0,0,0,laranja|azul,#EF6C00|#1F4FD8,#EF6C00|#1F4FD8,0.0,0.0,0.0,0.994975,0.98995,,,2,0,0,0,,,,,0,0,,0,0,,,,1,1.0,0,0,0,0,0,0,0,MATCH,1,2.0
LC_018_R02.png,LC,line,comparison,LC_018,18,2,1069,682,OK,EXACT,2,2,2,0,0,0,laranja|azul,#EF6C00|#1F4FD8,#EF6C00|#1F4FD8,0.0,0.0,0.0,0.994776,0.989552,,,2,0,0,0,,,,,0,0,,0,0,,,,1,1.0,0,0,0,0,0,0,0,MATCH,1,2.0
LC_018_R03.png,LC,line,comparison,LC_018,18,3,1069,682,OK,EXACT,2,2,2,0,0,0,laranja|azul,#EF6C00|#1F4FD8,#EF6C00|#1F4FD8,0.0,0.0,0.0,0.996435,0.99287,,,2,0,0,0,,,,,0,0,,0,0,,,,1,1.0,0,0,0,0,0,0,0,MATCH,1,2.0
LC_018_R04.png,LC,line,comparison,LC_018,18,4,1069,682,OK,EXACT,2,2,2,0,0,0,laranja|azul,#EF6C00|#1F4FD8,#EF6C00|#1F4FD8,0.0,0.0,0.0,0.990888,0.981777,,,2,0,0,0,,,,,0,0,,0,0,,,,1,1.0,0,0,0,0,0,0,0,MATCH,1,2.0
LC_018_R05.png,LC,line,comparison,LC_018,18,5,1069,682,OK,EXACT,2,2,2,0,0,0,laranja|azul,#EF6C00|#1F4FD8,#EF6C00|#1F4FD8,0.0,0.0,0.0,0.993573,0.987147,,,2,0,0,0,,,,,0,2,#8C83AB|#895D69,0,0,,,,1,1.0,0,0,0,0,0,0,1,MATCH,1,2.0
LC_018_R06.png,LC,line,comparison,LC_018,18,6,1069,682,OK,EXACT,2,2,2,0,0,0,laranja|azul,#EF6C00|#1F4FD8,#EF6C00|#1F4FD8,0.0,0.0,0.0,0.994382,0.988764,,,2,0,0,0,,,,,0,0,,0,0,,,,1,1.0,0,0,0,0,0,0,0,MATCH,1,2.0
LC_018_R07.png,LC,line,comparison,LC_018,18,7,1069,682,OK,EXACT,2,2,2,0,0,0,laranja|azul,#EF6C00|#1F4FD8,#EF6C00|#1F4FD8,0.0,0.0,0.0,0.990426,0.980851,,,2,0,0,0,,,,,0,0,,0,0,,,,1,1.0,0,0,0,0,0,0,0,MATCH,1,2.0
LC_018_R08.png,LC,line,comparison,LC_018,18,8,1069,682,OK,EXACT,2,2,2,0,0,0,laranja|azul,#EF6C00|#1F4FD8,#EF6C00|#1F4FD8,0.0,0.0,0.0,0.994369,0.988739,,,2,0,0,0,,,,,0,0,,0,0,,,,1,1.0,0,0,0,0,0,0,0,MATCH,1,2.0
LC_018_R09.png,LC,line,comparison,LC_018,18,9,1069,682,OK,EXACT,2,2,2,0,0,0,laranja|azul,#EF6C00|#1F4FD8,#EF6C00|#1F4FD8,0.0,0.0,0.0,0.81348,0.626959,,,2,0,0,0,,,,,0,0,,0,0,,,,1,1.0,0,0,0,0,0,0,0,MATCH,1,2.0
LC_018_R10.png,LC,line,comparison,LC_018,18,10,1069,682,OK,EXACT,2,2,2,0,0,0,laranja|azul,#EF6C00|#1F4FD8,#EF6C00|#1F4FD8,0.0,0.0,0.0,0.992925,0.985849,,,2,0,0,0,,,,,0,0,,0,0,,,,1,1.0,0,0,0,0,0,0,0,MATCH,1,2.0
LC_019_R01.png,LC,line,comparison,LC_019,19,1,943,686,OK,MISSING,2,1,1,0,1,1,laranja|azul,#EF6C00|#1F4FD8,#1F4FD8,0.0,0.0,0.0,0.991408,0.991408,,,1,0,0,0,,,,,0,0,,0,0,,,,1,1.0,0,1,0,0,0,0,0,MISSING_COLOR,0,2.0
LC_019_R02.png,LC,line,comparison,LC_019,19,2,1119,646,OK,EXACT,2,2,2,0,0,0,laranja|azul,#EF6C00|#1F4FD8,#EF6C00|#1F4FD8,0.0,0.0,0.0,0.998698,0.997396,,,2,0,0,0,,,,,0,0,,0,0,,,,1,1.0,0,0,0,0,0,0,0,MATCH,1,2.0
LC_019_R03.png,LC,line,comparison,LC_019,19,3,1119,646,OK,EXACT,2,2,2,0,0,0,laranja|azul,#EF6C00|#1F4FD8,#EF6C00|#1F4FD8,0.0,0.0,0.0,0.998698,0.997396,,,2,0,0,0,,,,,0,0,,0,0,,,,1,1.0,0,0,0,0,0,0,0,MATCH,1,2.0
LC_019_R04.png,LC,line,comparison,LC_019,19,4,1119,646,OK,EXACT,2,2,2,0,0,0,laranja|azul,#EF6C00|#1F4FD8,#EF6C00|#1F4FD8,0.0,0.0,0.0,0.998698,0.997396,,,2,0,0,0,,,,,0,0,,0,0,,,,1,1.0,0,0,0,0,0,0,0,MATCH,1,2.0
LC_019_R05.png,LC,line,comparison,LC_019,19,5,1119,646,OK,EXACT,2,2,2,0,0,0,laranja|azul,#EF6C00|#1F4FD8,#EF6C00|#1F4FD8,0.0,0.0,0.0,0.998698,0.997396,,,2,0,0,0,,,,,0,0,,0,0,,,,1,1.0,0,0,0,0,0,0,0,MATCH,1,2.0
LC_019_R06.png,LC,line,comparison,LC_019,19,6,1119,646,OK,EXACT,2,2,2,0,0,0,laranja|azul,#EF6C00|#1F4FD8,#EF6C00|#1F4FD8,0.0,0.0,0.0,0.998698,0.997396,,,2,0,0,0,,,,,0,0,,0,0,,,,1,1.0,0,0,0,0,0,0,0,MATCH,1,2.0
LC_019_R07.png,LC,line,comparison,LC_019,19,7,1119,646,OK,EXACT,2,2,2,0,0,0,laranja|azul,#EF6C00|#1F4FD8,#EF6C00|#1F4FD8,0.0,0.0,0.0,0.998698,0.997396,,,2,0,0,0,,,,,0,0,,0,0,,,,1,1.0,0,0,0,0,0,0,0,MATCH,1,2.0
LC_019_R08.png,LC,line,comparison,LC_019,19,8,1119,646,OK,EXACT,2,2,2,0,0,0,laranja|azul,#EF6C00|#1F4FD8,#EF6C00|#1F4FD8,0.0,0.0,0.0,0.998698,0.997396,,,2,0,0,0,,,,,0,0,,0,0,,,,1,1.0,0,0,0,0,0,0,0,MATCH,1,2.0
LC_019_R09.png,LC,line,comparison,LC_019,19,9,1119,646,OK,EXACT,2,2,2,0,0,0,laranja|azul,#EF6C00|#1F4FD8,#EF6C00|#1F4FD8,0.0,0.0,0.0,0.998698,0.997396,,,2,0,0,0,,,,,0,0,,0,0,,,,1,1.0,0,0,0,0,0,0,0,MATCH,1,2.0
LC_019_R10.png,LC,line,comparison,LC_019,19,10,1119,646,OK,EXACT,2,2,2,0,0,0,laranja|azul,#EF6C00|#1F4FD8,#EF6C00|#1F4FD8,0.0,0.0,0.0,0.998698,0.997396,,,2,0,0,0,,,,,0,0,,0,0,,,,1,1.0,0,0,0,0,0,0,0,MATCH,1,2.0
LC_020_R01.png,LC,line,comparison,LC_020,20,1,1343,671,OK,EXTRA,2,3,2,1,0,1,laranja|azul,#EF6C00|#1F4FD8,#C62828|#EF6C00|#1F4FD8,0.0,0.0,0.0,0.86514,0.645833,,,3,0,0,0,,,,,0,0,,0,1,,#C62828,0.645833,1,1.0,0,0,0,1,0,0,0,EXTRA_COLOR,0,2.0
LC_020_R02.png,LC,line,comparison,LC_020,20,2,1059,702,OK,EXACT,2,2,2,0,0,0,laranja|azul,#EF6C00|#1F4FD8,#EF6C00|#1F4FD8,0.0,0.0,0.0,0.976873,0.967213,,,2,0,0,0,,,,,0,0,,0,0,,,,1,1.0,0,0,0,0,0,0,0,MATCH,1,2.0
LC_020_R03.png,LC,line,comparison,LC_020,20,3,1059,702,OK,EXACT,2,2,2,0,0,0,laranja|azul,#EF6C00|#1F4FD8,#EF6C00|#1F4FD8,0.0,0.0,0.0,0.976873,0.967213,,,2,0,0,0,,,,,0,0,,0,0,,,,1,1.0,0,0,0,0,0,0,0,MATCH,1,2.0
LC_020_R04.png,LC,line,comparison,LC_020,20,4,1059,702,OK,EXACT,2,2,2,0,0,0,laranja|azul,#EF6C00|#1F4FD8,#EF6C00|#1F4FD8,0.0,0.0,0.0,0.976873,0.967213,,,2,0,0,0,,,,,0,0,,0,0,,,,1,1.0,0,0,0,0,0,0,0,MATCH,1,2.0
LC_020_R05.png,LC,line,comparison,LC_020,20,5,1059,702,OK,EXACT,2,2,2,0,0,0,laranja|azul,#EF6C00|#1F4FD8,#EF6C00|#1F4FD8,0.0,0.0,0.0,0.976873,0.967213,,,2,0,0,0,,,,,0,0,,0,0,,,,1,1.0,0,0,0,0,0,0,0,MATCH,1,2.0
LC_020_R06.png,LC,line,comparison,LC_020,20,6,1059,702,OK,EXACT,2,2,2,0,0,0,laranja|azul,#EF6C00|#1F4FD8,#EF6C00|#1F4FD8,0.0,0.0,0.0,0.976873,0.967213,,,2,0,0,0,,,,,0,0,,0,0,,,,1,1.0,0,0,0,0,0,0,0,MATCH,1,2.0
LC_020_R07.png,LC,line,comparison,LC_020,20,7,1059,702,OK,EXACT,2,2,2,0,0,0,laranja|azul,#EF6C00|#1F4FD8,#EF6C00|#1F4FD8,0.0,0.0,0.0,0.976873,0.967213,,,2,0,0,0,,,,,0,0,,0,0,,,,1,1.0,0,0,0,0,0,0,0,MATCH,1,2.0
LC_020_R08.png,LC,line,comparison,LC_020,20,8,1059,702,OK,EXACT,2,2,2,0,0,0,laranja|azul,#EF6C00|#1F4FD8,#EF6C00|#1F4FD8,0.0,0.0,0.0,0.976873,0.967213,,,2,0,0,0,,,,,0,0,,0,0,,,,1,1.0,0,0,0,0,0,0,0,MATCH,1,2.0
LC_020_R09.png,LC,line,comparison,LC_020,20,9,1059,702,OK,EXACT,2,2,2,0,0,0,laranja|azul,#EF6C00|#1F4FD8,#EF6C00|#1F4FD8,0.0,0.0,0.0,0.976873,0.967213,,,2,0,0,0,,,,,0,0,,0,0,,,,1,1.0,0,0,0,0,0,0,0,MATCH,1,2.0
LC_020_R10.png,LC,line,comparison,LC_020,20,10,1059,702,OK,EXACT,2,2,2,0,0,0,laranja|azul,#EF6C00|#1F4FD8,#EF6C00|#1F4FD8,0.0,0.0,0.0,0.976873,0.967213,,,2,0,0,0,,,,,0,0,,0,0,,,,1,1.0,0,0,0,0,0,0,0,MATCH,1,2.0
LC_021_R01.png,LC,line,comparison,LC_021,21,1,1189,790,OK,EXACT,2,2,2,0,0,0,laranja|azul,#EF6C00|#1F4FD8,#EF6C00|#1F4FD8,0.0,0.0,0.0,0.994764,0.989529,,,2,0,0,0,,,,,0,0,,0,0,,,,1,1.0,0,0,0,0,0,0,0,MATCH,1,2.0
LC_021_R02.png,LC,line,comparison,LC_021,21,2,1351,670,OK,EXACT,2,2,2,0,0,0,laranja|azul,#EF6C00|#1F4FD8,#EF6C00|#1F4FD8,0.0,0.0,0.0,0.993642,0.987283,,,2,0,0,0,,,,,0,0,,0,0,,,,1,1.0,0,0,0,0,0,0,0,MATCH,1,2.0
LC_021_R03.png,LC,line,comparison,LC_021,21,3,1351,670,OK,EXACT,2,2,2,0,0,0,laranja|azul,#EF6C00|#1F4FD8,#EF6C00|#1F4FD8,0.0,0.0,0.0,0.993642,0.987283,,,2,0,0,0,,,,,0,0,,0,0,,,,1,1.0,0,0,0,0,0,0,0,MATCH,1,2.0
LC_021_R04.png,LC,line,comparison,LC_021,21,4,1351,670,OK,EXACT,2,2,2,0,0,0,laranja|azul,#EF6C00|#1F4FD8,#EF6C00|#1F4FD8,0.0,0.0,0.0,0.993642,0.987283,,,2,0,0,0,,,,,0,0,,0,0,,,,1,1.0,0,0,0,0,0,0,0,MATCH,1,2.0
LC_021_R05.png,LC,line,comparison,LC_021,21,5,1351,670,OK,EXACT,2,2,2,0,0,0,laranja|azul,#EF6C00|#1F4FD8,#EF6C00|#1F4FD8,0.0,0.0,0.0,0.993642,0.987283,,,2,0,0,0,,,,,0,0,,0,0,,,,1,1.0,0,0,0,0,0,0,0,MATCH,1,2.0
LC_021_R06.png,LC,line,comparison,LC_021,21,6,1351,670,OK,EXACT,2,2,2,0,0,0,laranja|azul,#EF6C00|#1F4FD8,#EF6C00|#1F4FD8,0.0,0.0,0.0,0.993642,0.987283,,,2,0,0,0,,,,,0,0,,0,0,,,,1,1.0,0,0,0,0,0,0,0,MATCH,1,2.0
LC_021_R07.png,LC,line,comparison,LC_021,21,7,1351,670,OK,EXACT,2,2,2,0,0,0,laranja|azul,#EF6C00|#1F4FD8,#EF6C00|#1F4FD8,0.0,0.0,0.0,0.993642,0.987283,,,2,0,0,0,,,,,0,0,,0,0,,,,1,1.0,0,0,0,0,0,0,0,MATCH,1,2.0
LC_021_R08.png,LC,line,comparison,LC_021,21,8,1351,670,OK,EXACT,2,2,2,0,0,0,laranja|azul,#EF6C00|#1F4FD8,#EF6C00|#1F4FD8,0.0,0.0,0.0,0.993642,0.987283,,,2,0,0,0,,,,,0,0,,0,0,,,,1,1.0,0,0,0,0,0,0,0,MATCH,1,2.0
LC_021_R09.png,LC,line,comparison,LC_021,21,9,1351,670,OK,EXACT,2,2,2,0,0,0,laranja|azul,#EF6C00|#1F4FD8,#EF6C00|#1F4FD8,0.0,0.0,0.0,0.993642,0.987283,,,2,0,0,0,,,,,0,0,,0,0,,,,1,1.0,0,0,0,0,0,0,0,MATCH,1,2.0
LC_021_R10.png,LC,line,comparison,LC_021,21,10,1351,670,OK,EXACT,2,2,2,0,0,0,laranja|azul,#EF6C00|#1F4FD8,#EF6C00|#1F4FD8,0.0,0.0,0.0,0.993642,0.987283,,,2,0,0,0,,,,,0,0,,0,0,,,,1,1.0,0,0,0,0,0,0,0,MATCH,1,2.0
LC_022_R01.png,LC,line,comparison,LC_022,22,1,1145,671,OK,EXACT,2,2,2,0,0,0,laranja|azul,#EF6C00|#1F4FD8,#EF6C00|#1F4FD8,0.0,0.0,0.0,1.0,1.0,,,2,0,0,0,,,,,0,0,,0,0,,,,1,1.0,0,0,0,0,0,0,0,MATCH,1,2.0
LC_022_R02.png,LC,line,comparison,LC_022,22,2,1200,800,OK,EXACT,2,2,2,0,0,0,laranja|azul,#EF6C00|#1F4FD8,#EF6C00|#1F4FD8,0.0,0.0,0.0,0.996838,0.993676,,,2,0,0,0,,,,,0,0,,0,0,,,,1,1.0,0,0,0,0,0,0,0,MATCH,1,2.0
LC_022_R03.png,LC,line,comparison,LC_022,22,3,1200,800,OK,EXACT,2,2,2,0,0,0,laranja|azul,#EF6C00|#1F4FD8,#EF6C00|#1F4FD8,0.0,0.0,0.0,0.999818,0.999635,,,2,0,0,0,,,,,0,0,,0,0,,,,1,1.0,0,0,0,0,0,0,0,MATCH,1,2.0
LC_022_R04.png,LC,line,comparison,LC_022,22,4,1200,800,OK,EXACT,2,2,2,0,0,0,laranja|azul,#EF6C00|#1F4FD8,#EF6C00|#1F4FD8,0.0,0.0,0.0,0.999173,0.998345,,,2,0,0,0,,,,,0,0,,0,0,,,,1,1.0,0,0,0,0,0,0,0,MATCH,1,2.0
LC_022_R05.png,LC,line,comparison,LC_022,22,5,1200,800,OK,EXACT,2,2,2,0,0,0,laranja|azul,#EF6C00|#1F4FD8,#EF6C00|#1F4FD8,0.0,0.0,0.0,0.999638,0.999276,,,2,0,0,0,,,,,0,0,,0,0,,,,1,1.0,0,0,0,0,0,0,0,MATCH,1,2.0
LC_022_R06.png,LC,line,comparison,LC_022,22,6,1200,800,OK,EXACT,2,2,2,0,0,0,laranja|azul,#EF6C00|#1F4FD8,#EF6C00|#1F4FD8,0.0,0.0,0.0,0.998545,0.997091,,,2,0,0,0,,,,,0,0,,0,0,,,,1,1.0,0,0,0,0,0,0,0,MATCH,1,2.0
LC_022_R07.png,LC,line,comparison,LC_022,22,7,1200,800,OK,EXACT,2,2,2,0,0,0,laranja|azul,#EF6C00|#1F4FD8,#EF6C00|#1F4FD8,0.0,0.0,0.0,0.998958,0.997917,,,2,0,0,0,,,,,0,0,,0,0,,,,1,1.0,0,0,0,0,0,0,0,MATCH,1,2.0
LC_022_R08.png,LC,line,comparison,LC_022,22,8,1200,800,OK,EXACT,2,2,2,0,0,0,laranja|azul,#EF6C00|#1F4FD8,#EF6C00|#1F4FD8,0.0,0.0,0.0,0.995598,0.991196,,,2,0,0,0,,,,,0,0,,0,0,,,,1,1.0,0,0,0,0,0,0,0,MATCH,1,2.0
LC_022_R09.png,LC,line,comparison,LC_022,22,9,1200,800,OK,EXACT,2,2,2,0,0,0,laranja|azul,#EF6C00|#1F4FD8,#EF6C00|#1F4FD8,0.0,0.0,0.0,0.999134,0.998268,,,2,0,0,0,,,,,0,0,,0,0,,,,1,1.0,0,0,0,0,0,0,0,MATCH,1,2.0
LC_022_R10.png,LC,line,comparison,LC_022,22,10,1200,800,OK,EXACT,2,2,2,0,0,0,laranja|azul,#EF6C00|#1F4FD8,#EF6C00|#1F4FD8,0.0,0.0,0.0,0.99918,0.99836,,,2,0,0,0,,,,,0,0,,0,0,,,,1,1.0,0,0,0,0,0,0,0,MATCH,1,2.0
LC_023_R01.png,LC,line,comparison,LC_023,23,1,1188,790,OK,EXACT,2,2,2,0,0,0,laranja|azul,#EF6C00|#1F4FD8,#EF6C00|#1F4FD8,0.0,0.0,0.0,0.99532,0.99064,,,2,0,0,0,,,,,0,0,,0,0,,,,1,1.0,0,0,0,0,0,0,0,MATCH,1,2.0
LC_023_R02.png,LC,line,comparison,LC_023,23,2,1200,800,OK,EXACT,2,2,2,0,0,0,laranja|azul,#EF6C00|#1F4FD8,#EF6C00|#1F4FD8,0.0,0.0,0.0,0.970775,0.950926,,,2,0,0,0,,,,,0,0,,0,0,,,,1,1.0,0,0,0,0,0,0,0,MATCH,1,2.0
LC_023_R03.png,LC,line,comparison,LC_023,23,3,1200,800,OK,EXACT,2,2,2,0,0,0,laranja|azul,#EF6C00|#1F4FD8,#EF6C00|#1F4FD8,0.0,0.0,0.0,0.970775,0.950926,,,2,0,0,0,,,,,0,0,,0,0,,,,1,1.0,0,0,0,0,0,0,0,MATCH,1,2.0
LC_023_R04.png,LC,line,comparison,LC_023,23,4,1200,800,OK,EXACT,2,2,2,0,0,0,laranja|azul,#EF6C00|#1F4FD8,#EF6C00|#1F4FD8,0.0,0.0,0.0,0.970775,0.950926,,,2,0,0,0,,,,,0,0,,0,0,,,,1,1.0,0,0,0,0,0,0,0,MATCH,1,2.0
LC_023_R05.png,LC,line,comparison,LC_023,23,5,1200,800,OK,EXACT,2,2,2,0,0,0,laranja|azul,#EF6C00|#1F4FD8,#EF6C00|#1F4FD8,0.0,0.0,0.0,0.970775,0.950926,,,2,0,0,0,,,,,0,0,,0,0,,,,1,1.0,0,0,0,0,0,0,0,MATCH,1,2.0
LC_023_R06.png,LC,line,comparison,LC_023,23,6,1200,800,OK,EXACT,2,2,2,0,0,0,laranja|azul,#EF6C00|#1F4FD8,#EF6C00|#1F4FD8,0.0,0.0,0.0,0.970775,0.950926,,,2,0,0,0,,,,,0,0,,0,0,,,,1,1.0,0,0,0,0,0,0,0,MATCH,1,2.0
LC_023_R07.png,LC,line,comparison,LC_023,23,7,1200,800,OK,EXACT,2,2,2,0,0,0,laranja|azul,#EF6C00|#1F4FD8,#EF6C00|#1F4FD8,0.0,0.0,0.0,0.970775,0.950926,,,2,0,0,0,,,,,0,0,,0,0,,,,1,1.0,0,0,0,0,0,0,0,MATCH,1,2.0
LC_023_R08.png,LC,line,comparison,LC_023,23,8,1200,800,OK,EXACT,2,2,2,0,0,0,laranja|azul,#EF6C00|#1F4FD8,#EF6C00|#1F4FD8,0.0,0.0,0.0,0.970775,0.950926,,,2,0,0,0,,,,,0,0,,0,0,,,,1,1.0,0,0,0,0,0,0,0,MATCH,1,2.0
LC_023_R09.png,LC,line,comparison,LC_023,23,9,1200,800,OK,EXACT,2,2,2,0,0,0,laranja|azul,#EF6C00|#1F4FD8,#EF6C00|#1F4FD8,0.0,0.0,0.0,0.970775,0.950926,,,2,0,0,0,,,,,0,0,,0,0,,,,1,1.0,0,0,0,0,0,0,0,MATCH,1,2.0
LC_023_R10.png,LC,line,comparison,LC_023,23,10,1200,800,OK,EXACT,2,2,2,0,0,0,laranja|azul,#EF6C00|#1F4FD8,#EF6C00|#1F4FD8,0.0,0.0,0.0,0.970775,0.950926,,,2,0,0,0,,,,,0,0,,0,0,,,,1,1.0,0,0,0,0,0,0,0,MATCH,1,2.0
LC_024_R01.png,LC,line,comparison,LC_024,24,1,1356,671,OK,EXACT,2,2,2,0,0,0,laranja|azul,#EF6C00|#1F4FD8,#EF6C00|#1F4FD8,0.0,0.0,0.0,0.997677,0.995354,,,2,0,0,0,,,,,0,0,,0,0,,,,1,1.0,0,0,0,0,0,0,0,MATCH,1,2.0
LC_024_R02.png,LC,line,comparison,LC_024,24,2,1200,800,OK,EXACT,2,2,2,0,0,0,laranja|azul,#EF6C00|#1F4FD8,#EF6C00|#1F4FD8,0.0,0.0,0.0,0.991935,0.989177,,,2,0,0,0,,,,,0,0,,0,0,,,,1,1.0,0,0,0,0,0,0,0,MATCH,1,2.0
LC_024_R03.png,LC,line,comparison,LC_024,24,3,1200,800,OK,EXACT,2,2,2,0,0,0,laranja|azul,#EF6C00|#1F4FD8,#EF6C00|#1F4FD8,0.0,0.0,0.0,0.991935,0.989177,,,2,0,0,0,,,,,0,0,,0,0,,,,1,1.0,0,0,0,0,0,0,0,MATCH,1,2.0
LC_024_R04.png,LC,line,comparison,LC_024,24,4,1200,800,OK,EXACT,2,2,2,0,0,0,laranja|azul,#EF6C00|#1F4FD8,#EF6C00|#1F4FD8,0.0,0.0,0.0,0.991935,0.989177,,,2,0,0,0,,,,,0,0,,0,0,,,,1,1.0,0,0,0,0,0,0,0,MATCH,1,2.0
LC_024_R05.png,LC,line,comparison,LC_024,24,5,1200,800,OK,EXACT,2,2,2,0,0,0,laranja|azul,#EF6C00|#1F4FD8,#EF6C00|#1F4FD8,0.0,0.0,0.0,0.991935,0.989177,,,2,0,0,0,,,,,0,0,,0,0,,,,1,1.0,0,0,0,0,0,0,0,MATCH,1,2.0
LC_024_R06.png,LC,line,comparison,LC_024,24,6,1200,800,OK,EXACT,2,2,2,0,0,0,laranja|azul,#EF6C00|#1F4FD8,#EF6C00|#1F4FD8,0.0,0.0,0.0,0.991935,0.989177,,,2,0,0,0,,,,,0,0,,0,0,,,,1,1.0,0,0,0,0,0,0,0,MATCH,1,2.0
LC_024_R07.png,LC,line,comparison,LC_024,24,7,1200,800,OK,EXACT,2,2,2,0,0,0,laranja|azul,#EF6C00|#1F4FD8,#EF6C00|#1F4FD8,0.0,0.0,0.0,0.991935,0.989177,,,2,0,0,0,,,,,0,0,,0,0,,,,1,1.0,0,0,0,0,0,0,0,MATCH,1,2.0
LC_024_R08.png,LC,line,comparison,LC_024,24,8,1200,800,OK,EXACT,2,2,2,0,0,0,laranja|azul,#EF6C00|#1F4FD8,#EF6C00|#1F4FD8,0.0,0.0,0.0,0.991935,0.989177,,,2,0,0,0,,,,,0,0,,0,0,,,,1,1.0,0,0,0,0,0,0,0,MATCH,1,2.0
LC_024_R09.png,LC,line,comparison,LC_024,24,9,1200,800,OK,EXACT,2,2,2,0,0,0,laranja|azul,#EF6C00|#1F4FD8,#EF6C00|#1F4FD8,0.0,0.0,0.0,0.991935,0.989177,,,2,0,0,0,,,,,0,0,,0,0,,,,1,1.0,0,0,0,0,0,0,0,MATCH,1,2.0
LC_024_R10.png,LC,line,comparison,LC_024,24,10,1200,800,OK,EXACT,2,2,2,0,0,0,laranja|azul,#EF6C00|#1F4FD8,#EF6C00|#1F4FD8,0.0,0.0,0.0,0.991935,0.989177,,,2,0,0,0,,,,,0,0,,0,0,,,,1,1.0,0,0,0,0,0,0,0,MATCH,1,2.0
LC_025_R01.png,LC,line,comparison,LC_025,25,1,1373,671,OK,EXACT,2,2,2,0,0,0,laranja|azul,#EF6C00|#1F4FD8,#EF6C00|#1F4FD8,0.0,0.0,0.0,0.994742,0.989484,,,2,0,0,0,,,,,0,0,,0,0,,,,1,1.0,0,0,0,0,0,0,0,MATCH,1,2.0
LC_025_R02.png,LC,line,comparison,LC_025,25,2,1200,800,OK,EXACT,2,2,2,0,0,0,laranja|azul,#EF6C00|#1F4FD8,#EF6C00|#1F4FD8,0.0,0.0,0.0,0.995,0.99,,,2,0,0,0,,,,,0,0,,0,0,,,,1,1.0,0,0,0,0,0,0,0,MATCH,1,2.0
LC_025_R03.png,LC,line,comparison,LC_025,25,3,1200,800,OK,EXACT,2,2,2,0,0,0,laranja|azul,#EF6C00|#1F4FD8,#EF6C00|#1F4FD8,0.0,0.0,0.0,0.995,0.99,,,2,0,0,0,,,,,0,0,,0,0,,,,1,1.0,0,0,0,0,0,0,0,MATCH,1,2.0
LC_025_R04.png,LC,line,comparison,LC_025,25,4,1200,800,OK,EXACT,2,2,2,0,0,0,laranja|azul,#EF6C00|#1F4FD8,#EF6C00|#1F4FD8,0.0,0.0,0.0,0.995,0.99,,,2,0,0,0,,,,,0,0,,0,0,,,,1,1.0,0,0,0,0,0,0,0,MATCH,1,2.0
LC_025_R05.png,LC,line,comparison,LC_025,25,5,1200,800,OK,EXACT,2,2,2,0,0,0,laranja|azul,#EF6C00|#1F4FD8,#EF6C00|#1F4FD8,0.0,0.0,0.0,0.995,0.99,,,2,0,0,0,,,,,0,0,,0,0,,,,1,1.0,0,0,0,0,0,0,0,MATCH,1,2.0
LC_025_R06.png,LC,line,comparison,LC_025,25,6,1200,800,OK,EXACT,2,2,2,0,0,0,laranja|azul,#EF6C00|#1F4FD8,#EF6C00|#1F4FD8,0.0,0.0,0.0,0.995,0.99,,,2,0,0,0,,,,,0,0,,0,0,,,,1,1.0,0,0,0,0,0,0,0,MATCH,1,2.0
LC_025_R07.png,LC,line,comparison,LC_025,25,7,1200,800,OK,EXACT,2,2,2,0,0,0,laranja|azul,#EF6C00|#1F4FD8,#EF6C00|#1F4FD8,0.0,0.0,0.0,0.995,0.99,,,2,0,0,0,,,,,0,0,,0,0,,,,1,1.0,0,0,0,0,0,0,0,MATCH,1,2.0
LC_025_R08.png,LC,line,comparison,LC_025,25,8,1200,800,OK,EXACT,2,2,2,0,0,0,laranja|azul,#EF6C00|#1F4FD8,#EF6C00|#1F4FD8,0.0,0.0,0.0,0.995,0.99,,,2,0,0,0,,,,,0,0,,0,0,,,,1,1.0,0,0,0,0,0,0,0,MATCH,1,2.0
LC_025_R09.png,LC,line,comparison,LC_025,25,9,1200,800,OK,EXACT,2,2,2,0,0,0,laranja|azul,#EF6C00|#1F4FD8,#EF6C00|#1F4FD8,0.0,0.0,0.0,0.995,0.99,,,2,0,0,0,,,,,0,0,,0,0,,,,1,1.0,0,0,0,0,0,0,0,MATCH,1,2.0
LC_025_R10.png,LC,line,comparison,LC_025,25,10,1200,800,OK,EXACT,2,2,2,0,0,0,laranja|azul,#EF6C00|#1F4FD8,#EF6C00|#1F4FD8,0.0,0.0,0.0,0.995,0.99,,,2,0,0,0,,,,,0,0,,0,0,,,,1,1.0,0,0,0,0,0,0,0,MATCH,1,2.0
LC_026_R01.png,LC,line,comparison,LC_026,26,1,1120,671,OK,EXACT,2,2,2,0,0,0,laranja|azul,#EF6C00|#1F4FD8,#EF6C00|#1F4FD8,0.0,0.0,0.0,0.977207,0.965064,,,2,0,0,0,,,,,0,0,,0,0,,,,1,1.0,0,0,0,0,0,0,0,MATCH,1,2.0
LC_026_R02.png,LC,line,comparison,LC_026,26,2,1200,800,OK,EXACT,2,2,2,0,0,0,laranja|azul,#EF6C00|#1F4FD8,#EF6C00|#4169E1,4.271479,4.271479,8.542957,0.972494,0.954584,,,2,0,0,0,,,,,0,0,,0,0,,,,1,0.0,1,0,0,0,0,0,0,COLOR_DEVIATION,0,2.0
LC_026_R03.png,LC,line,comparison,LC_026,26,3,1200,800,OK,EXACT,2,2,2,0,0,0,laranja|azul,#EF6C00|#1F4FD8,#EF6C00|#4169E1,4.271479,4.271479,8.542957,0.972494,0.954584,,,2,0,0,0,,,,,0,0,,0,0,,,,1,0.0,1,0,0,0,0,0,0,COLOR_DEVIATION,0,2.0
LC_026_R04.png,LC,line,comparison,LC_026,26,4,1200,800,OK,EXACT,2,2,2,0,0,0,laranja|azul,#EF6C00|#1F4FD8,#EF6C00|#4169E1,4.271479,4.271479,8.542957,0.972494,0.954584,,,2,0,0,0,,,,,0,0,,0,0,,,,1,0.0,1,0,0,0,0,0,0,COLOR_DEVIATION,0,2.0
LC_026_R05.png,LC,line,comparison,LC_026,26,5,1200,800,OK,EXACT,2,2,2,0,0,0,laranja|azul,#EF6C00|#1F4FD8,#EF6C00|#4169E1,4.271479,4.271479,8.542957,0.972494,0.954584,,,2,0,0,0,,,,,0,0,,0,0,,,,1,0.0,1,0,0,0,0,0,0,COLOR_DEVIATION,0,2.0
LC_026_R06.png,LC,line,comparison,LC_026,26,6,1200,800,OK,EXACT,2,2,2,0,0,0,laranja|azul,#EF6C00|#1F4FD8,#EF6C00|#4169E1,4.271479,4.271479,8.542957,0.972494,0.954584,,,2,0,0,0,,,,,0,0,,0,0,,,,1,0.0,1,0,0,0,0,0,0,COLOR_DEVIATION,0,2.0
LC_026_R07.png,LC,line,comparison,LC_026,26,7,1200,800,OK,EXACT,2,2,2,0,0,0,laranja|azul,#EF6C00|#1F4FD8,#EF6C00|#4169E1,4.271479,4.271479,8.542957,0.972494,0.954584,,,2,0,0,0,,,,,0,0,,0,0,,,,1,0.0,1,0,0,0,0,0,0,COLOR_DEVIATION,0,2.0
LC_026_R08.png,LC,line,comparison,LC_026,26,8,1200,800,OK,EXACT,2,2,2,0,0,0,laranja|azul,#EF6C00|#1F4FD8,#EF6C00|#4169E1,4.271479,4.271479,8.542957,0.972494,0.954584,,,2,0,0,0,,,,,0,0,,0,0,,,,1,0.0,1,0,0,0,0,0,0,COLOR_DEVIATION,0,2.0
LC_026_R09.png,LC,line,comparison,LC_026,26,9,1200,800,OK,EXACT,2,2,2,0,0,0,laranja|azul,#EF6C00|#1F4FD8,#EF6C00|#4169E1,4.271479,4.271479,8.542957,0.972494,0.954584,,,2,0,0,0,,,,,0,0,,0,0,,,,1,0.0,1,0,0,0,0,0,0,COLOR_DEVIATION,0,2.0
LC_026_R10.png,LC,line,comparison,LC_026,26,10,1200,800,OK,EXACT,2,2,2,0,0,0,laranja|azul,#EF6C00|#1F4FD8,#EF6C00|#4169E1,4.271479,4.271479,8.542957,0.972494,0.954584,,,2,0,0,0,,,,,0,0,,0,0,,,,1,0.0,1,0,0,0,0,0,0,COLOR_DEVIATION,0,2.0
LC_027_R01.png,LC,line,comparison,LC_027,27,1,1373,671,OK,EXACT,2,2,2,0,0,0,laranja|azul,#EF6C00|#1F4FD8,#EF6C00|#1F4FD8,0.0,0.0,0.0,0.97813,0.965452,,,2,0,0,0,,,,,0,0,,0,0,,,,1,1.0,0,0,0,0,0,0,0,MATCH,1,2.0
LC_027_R02.png,LC,line,comparison,LC_027,27,2,1189,790,OK,EXACT,2,2,2,0,0,0,laranja|azul,#EF6C00|#1F4FD8,#EF6C00|#1F4FD8,0.0,0.0,0.0,0.982148,0.974915,,,2,0,0,0,,,,,0,0,,0,0,,,,1,1.0,0,0,0,0,0,0,0,MATCH,1,2.0
LC_027_R03.png,LC,line,comparison,LC_027,27,3,1189,790,OK,EXACT,2,2,2,0,0,0,laranja|azul,#EF6C00|#1F4FD8,#EF6C00|#1F4FD8,0.0,0.0,0.0,0.982148,0.974915,,,2,0,0,0,,,,,0,0,,0,0,,,,1,1.0,0,0,0,0,0,0,0,MATCH,1,2.0
LC_027_R04.png,LC,line,comparison,LC_027,27,4,1189,790,OK,EXACT,2,2,2,0,0,0,laranja|azul,#EF6C00|#1F4FD8,#EF6C00|#1F4FD8,0.0,0.0,0.0,0.982148,0.974915,,,2,0,0,0,,,,,0,0,,0,0,,,,1,1.0,0,0,0,0,0,0,0,MATCH,1,2.0
LC_027_R05.png,LC,line,comparison,LC_027,27,5,1189,790,OK,EXACT,2,2,2,0,0,0,laranja|azul,#EF6C00|#1F4FD8,#EF6C00|#1F4FD8,0.0,0.0,0.0,0.982148,0.974915,,,2,0,0,0,,,,,0,0,,0,0,,,,1,1.0,0,0,0,0,0,0,0,MATCH,1,2.0
LC_027_R06.png,LC,line,comparison,LC_027,27,6,1189,790,OK,EXACT,2,2,2,0,0,0,laranja|azul,#EF6C00|#1F4FD8,#EF6C00|#1F4FD8,0.0,0.0,0.0,0.982148,0.974915,,,2,0,0,0,,,,,0,0,,0,0,,,,1,1.0,0,0,0,0,0,0,0,MATCH,1,2.0
LC_027_R07.png,LC,line,comparison,LC_027,27,7,1189,790,OK,EXACT,2,2,2,0,0,0,laranja|azul,#EF6C00|#1F4FD8,#EF6C00|#1F4FD8,0.0,0.0,0.0,0.982148,0.974915,,,2,0,0,0,,,,,0,0,,0,0,,,,1,1.0,0,0,0,0,0,0,0,MATCH,1,2.0
LC_027_R08.png,LC,line,comparison,LC_027,27,8,1189,790,OK,EXACT,2,2,2,0,0,0,laranja|azul,#EF6C00|#1F4FD8,#EF6C00|#1F4FD8,0.0,0.0,0.0,0.982148,0.974915,,,2,0,0,0,,,,,0,0,,0,0,,,,1,1.0,0,0,0,0,0,0,0,MATCH,1,2.0
LC_027_R09.png,LC,line,comparison,LC_027,27,9,1189,790,OK,EXACT,2,2,2,0,0,0,laranja|azul,#EF6C00|#1F4FD8,#EF6C00|#1F4FD8,0.0,0.0,0.0,0.982148,0.974915,,,2,0,0,0,,,,,0,0,,0,0,,,,1,1.0,0,0,0,0,0,0,0,MATCH,1,2.0
LC_027_R10.png,LC,line,comparison,LC_027,27,10,1189,790,OK,EXACT,2,2,2,0,0,0,laranja|azul,#EF6C00|#1F4FD8,#EF6C00|#1F4FD8,0.0,0.0,0.0,0.982148,0.974915,,,2,0,0,0,,,,,0,0,,0,0,,,,1,1.0,0,0,0,0,0,0,0,MATCH,1,2.0
LC_028_R01.png,LC,line,comparison,LC_028,28,1,1132,671,OK,EXACT,2,2,2,0,0,0,laranja|azul,#EF6C00|#1F4FD8,#EF6C00|#1F4FD8,0.0,0.0,0.0,0.994742,0.989484,,,2,0,0,0,,,,,0,0,,0,0,,,,1,1.0,0,0,0,0,0,0,0,MATCH,1,2.0
LC_028_R02.png,LC,line,comparison,LC_028,28,2,1200,800,OK,EXACT,2,2,2,0,0,0,laranja|azul,#EF6C00|#1F4FD8,#EF6C00|#1F4FD8,0.0,0.0,0.0,0.982213,0.972582,,,2,0,0,0,,,,,0,0,,0,0,,,,1,1.0,0,0,0,0,0,0,0,MATCH,1,2.0
LC_028_R03.png,LC,line,comparison,LC_028,28,3,1200,800,OK,EXACT,2,2,2,0,0,0,laranja|azul,#EF6C00|#1F4FD8,#EF6C00|#1F4FD8,0.0,0.0,0.0,0.982213,0.972582,,,2,0,0,0,,,,,0,0,,0,0,,,,1,1.0,0,0,0,0,0,0,0,MATCH,1,2.0
LC_028_R04.png,LC,line,comparison,LC_028,28,4,1200,800,OK,EXACT,2,2,2,0,0,0,laranja|azul,#EF6C00|#1F4FD8,#EF6C00|#1F4FD8,0.0,0.0,0.0,0.982213,0.972582,,,2,0,0,0,,,,,0,0,,0,0,,,,1,1.0,0,0,0,0,0,0,0,MATCH,1,2.0
LC_028_R05.png,LC,line,comparison,LC_028,28,5,1200,800,OK,EXACT,2,2,2,0,0,0,laranja|azul,#EF6C00|#1F4FD8,#EF6C00|#1F4FD8,0.0,0.0,0.0,0.982213,0.972582,,,2,0,0,0,,,,,0,0,,0,0,,,,1,1.0,0,0,0,0,0,0,0,MATCH,1,2.0
LC_028_R06.png,LC,line,comparison,LC_028,28,6,1200,800,OK,EXACT,2,2,2,0,0,0,laranja|azul,#EF6C00|#1F4FD8,#EF6C00|#1F4FD8,0.0,0.0,0.0,0.982213,0.972582,,,2,0,0,0,,,,,0,0,,0,0,,,,1,1.0,0,0,0,0,0,0,0,MATCH,1,2.0
LC_028_R07.png,LC,line,comparison,LC_028,28,7,1200,800,OK,EXACT,2,2,2,0,0,0,laranja|azul,#EF6C00|#1F4FD8,#EF6C00|#1F4FD8,0.0,0.0,0.0,0.982213,0.972582,,,2,0,0,0,,,,,0,0,,0,0,,,,1,1.0,0,0,0,0,0,0,0,MATCH,1,2.0
LC_028_R08.png,LC,line,comparison,LC_028,28,8,1200,800,OK,EXACT,2,2,2,0,0,0,laranja|azul,#EF6C00|#1F4FD8,#EF6C00|#1F4FD8,0.0,0.0,0.0,0.982213,0.972582,,,2,0,0,0,,,,,0,0,,0,0,,,,1,1.0,0,0,0,0,0,0,0,MATCH,1,2.0
LC_028_R09.png,LC,line,comparison,LC_028,28,9,1200,800,OK,EXACT,2,2,2,0,0,0,laranja|azul,#EF6C00|#1F4FD8,#EF6C00|#1F4FD8,0.0,0.0,0.0,0.982213,0.972582,,,2,0,0,0,,,,,0,0,,0,0,,,,1,1.0,0,0,0,0,0,0,0,MATCH,1,2.0
LC_028_R10.png,LC,line,comparison,LC_028,28,10,1200,800,OK,EXACT,2,2,2,0,0,0,laranja|azul,#EF6C00|#1F4FD8,#EF6C00|#1F4FD8,0.0,0.0,0.0,0.982213,0.972582,,,2,0,0,0,,,,,0,0,,0,0,,,,1,1.0,0,0,0,0,0,0,0,MATCH,1,2.0
LC_029_R01.png,LC,line,comparison,LC_029,29,1,1103,671,OK,EXACT,2,2,2,0,0,0,laranja|azul,#EF6C00|#1F4FD8,#EF6C00|#1F4FD8,0.0,0.0,0.0,0.994213,0.988426,,,2,0,0,0,,,,,0,0,,0,0,,,,1,1.0,0,0,0,0,0,0,0,MATCH,1,2.0
LC_029_R02.png,LC,line,comparison,LC_029,29,2,1200,800,OK,EXACT,2,2,2,0,0,0,laranja|azul,#EF6C00|#1F4FD8,#EF6C00|#1F4FD8,0.0,0.0,0.0,0.99618,0.99236,,,2,0,0,0,,,,,0,0,,0,0,,,,1,1.0,0,0,0,0,0,0,0,MATCH,1,2.0
LC_029_R03.png,LC,line,comparison,LC_029,29,3,1200,800,OK,EXACT,2,2,2,0,0,0,laranja|azul,#EF6C00|#1F4FD8,#EF6C00|#1F4FD8,0.0,0.0,0.0,0.99618,0.99236,,,2,0,0,0,,,,,0,0,,0,0,,,,1,1.0,0,0,0,0,0,0,0,MATCH,1,2.0
LC_029_R04.png,LC,line,comparison,LC_029,29,4,1200,800,OK,EXACT,2,2,2,0,0,0,laranja|azul,#EF6C00|#1F4FD8,#EF6C00|#1F4FD8,0.0,0.0,0.0,0.99618,0.99236,,,2,0,0,0,,,,,0,0,,0,0,,,,1,1.0,0,0,0,0,0,0,0,MATCH,1,2.0
LC_029_R05.png,LC,line,comparison,LC_029,29,5,1200,800,OK,EXACT,2,2,2,0,0,0,laranja|azul,#EF6C00|#1F4FD8,#EF6C00|#1F4FD8,0.0,0.0,0.0,0.99618,0.99236,,,2,0,0,0,,,,,0,0,,0,0,,,,1,1.0,0,0,0,0,0,0,0,MATCH,1,2.0
LC_029_R06.png,LC,line,comparison,LC_029,29,6,1200,800,OK,EXACT,2,2,2,0,0,0,laranja|azul,#EF6C00|#1F4FD8,#EF6C00|#1F4FD8,0.0,0.0,0.0,0.99618,0.99236,,,2,0,0,0,,,,,0,0,,0,0,,,,1,1.0,0,0,0,0,0,0,0,MATCH,1,2.0
LC_029_R07.png,LC,line,comparison,LC_029,29,7,1200,800,OK,EXACT,2,2,2,0,0,0,laranja|azul,#EF6C00|#1F4FD8,#EF6C00|#1F4FD8,0.0,0.0,0.0,0.99618,0.99236,,,2,0,0,0,,,,,0,0,,0,0,,,,1,1.0,0,0,0,0,0,0,0,MATCH,1,2.0
LC_029_R08.png,LC,line,comparison,LC_029,29,8,1200,800,OK,EXACT,2,2,2,0,0,0,laranja|azul,#EF6C00|#1F4FD8,#EF6C00|#1F4FD8,0.0,0.0,0.0,0.99618,0.99236,,,2,0,0,0,,,,,0,0,,0,0,,,,1,1.0,0,0,0,0,0,0,0,MATCH,1,2.0
LC_029_R09.png,LC,line,comparison,LC_029,29,9,1200,800,OK,EXACT,2,2,2,0,0,0,laranja|azul,#EF6C00|#1F4FD8,#EF6C00|#1F4FD8,0.0,0.0,0.0,0.99618,0.99236,,,2,0,0,0,,,,,0,0,,0,0,,,,1,1.0,0,0,0,0,0,0,0,MATCH,1,2.0
LC_029_R10.png,LC,line,comparison,LC_029,29,10,1200,800,OK,EXACT,2,2,2,0,0,0,laranja|azul,#EF6C00|#1F4FD8,#EF6C00|#1F4FD8,0.0,0.0,0.0,0.99618,0.99236,,,2,0,0,0,,,,,0,0,,0,0,,,,1,1.0,0,0,0,0,0,0,0,MATCH,1,2.0
LC_030_R01.png,LC,line,comparison,LC_030,30,1,1313,671,OK,EXACT,2,2,2,0,0,0,laranja|azul,#EF6C00|#1F4FD8,#EF6C00|#1F4FD8,0.0,0.0,0.0,0.993605,0.987209,,,2,0,0,0,,,,,0,0,,0,0,,,,1,1.0,0,0,0,0,0,0,0,MATCH,1,2.0
LC_030_R02.png,LC,line,comparison,LC_030,30,2,1162,671,OK,EXACT,2,2,2,0,0,0,laranja|azul,#EF6C00|#1F4FD8,#EF6C00|#1F4FD8,0.0,0.0,0.0,0.993064,0.986129,,,2,0,0,0,,,,,0,0,,0,0,,,,1,1.0,0,0,0,0,0,0,0,MATCH,1,2.0
LC_030_R03.png,LC,line,comparison,LC_030,30,3,1162,671,OK,EXACT,2,2,2,0,0,0,laranja|azul,#EF6C00|#1F4FD8,#EF6C00|#1F4FD8,0.0,0.0,0.0,0.993064,0.986129,,,2,0,0,0,,,,,0,0,,0,0,,,,1,1.0,0,0,0,0,0,0,0,MATCH,1,2.0
LC_030_R04.png,LC,line,comparison,LC_030,30,4,1162,671,OK,EXACT,2,2,2,0,0,0,laranja|azul,#EF6C00|#1F4FD8,#EF6C00|#1F4FD8,0.0,0.0,0.0,0.993064,0.986129,,,2,0,0,0,,,,,0,0,,0,0,,,,1,1.0,0,0,0,0,0,0,0,MATCH,1,2.0
LC_030_R05.png,LC,line,comparison,LC_030,30,5,1162,671,OK,EXACT,2,2,2,0,0,0,laranja|azul,#EF6C00|#1F4FD8,#EF6C00|#1F4FD8,0.0,0.0,0.0,0.993064,0.986129,,,2,0,0,0,,,,,0,0,,0,0,,,,1,1.0,0,0,0,0,0,0,0,MATCH,1,2.0
LC_030_R06.png,LC,line,comparison,LC_030,30,6,1162,671,OK,EXACT,2,2,2,0,0,0,laranja|azul,#EF6C00|#1F4FD8,#EF6C00|#1F4FD8,0.0,0.0,0.0,0.993064,0.986129,,,2,0,0,0,,,,,0,0,,0,0,,,,1,1.0,0,0,0,0,0,0,0,MATCH,1,2.0
LC_030_R07.png,LC,line,comparison,LC_030,30,7,1162,671,OK,EXACT,2,2,2,0,0,0,laranja|azul,#EF6C00|#1F4FD8,#EF6C00|#1F4FD8,0.0,0.0,0.0,0.993064,0.986129,,,2,0,0,0,,,,,0,0,,0,0,,,,1,1.0,0,0,0,0,0,0,0,MATCH,1,2.0
LC_030_R08.png,LC,line,comparison,LC_030,30,8,1162,671,OK,EXACT,2,2,2,0,0,0,laranja|azul,#EF6C00|#1F4FD8,#EF6C00|#1F4FD8,0.0,0.0,0.0,0.993064,0.986129,,,2,0,0,0,,,,,0,0,,0,0,,,,1,1.0,0,0,0,0,0,0,0,MATCH,1,2.0
LC_030_R09.png,LC,line,comparison,LC_030,30,9,1162,671,OK,EXACT,2,2,2,0,0,0,laranja|azul,#EF6C00|#1F4FD8,#EF6C00|#1F4FD8,0.0,0.0,0.0,0.993064,0.986129,,,2,0,0,0,,,,,0,0,,0,0,,,,1,1.0,0,0,0,0,0,0,0,MATCH,1,2.0
LC_030_R10.png,LC,line,comparison,LC_030,30,10,1162,671,OK,EXACT,2,2,2,0,0,0,laranja|azul,#EF6C00|#1F4FD8,#EF6C00|#1F4FD8,0.0,0.0,0.0,0.993064,0.986129,,,2,0,0,0,,,,,0,0,,0,0,,,,1,1.0,0,0,0,0,0,0,0,MATCH,1,2.0
LC_031_R01.png,LC,line,comparison,LC_031,31,1,1370,651,OK,EXACT,2,2,2,0,0,0,laranja|azul,#EF6C00|#1F4FD8,#EF6C00|#1F4FD8,0.0,0.0,0.0,0.997083,0.994166,,,2,0,0,0,,,,,0,0,,0,0,,,,1,1.0,0,0,0,0,0,0,0,MATCH,1,2.0
LC_031_R02.png,LC,line,comparison,LC_031,31,2,1168,670,OK,EXACT,2,2,2,0,0,0,laranja|azul,#EF6C00|#1F4FD8,#EF6C00|#1F4FD8,0.0,0.0,0.0,0.993064,0.986129,,,2,0,0,0,,,,,0,0,,0,0,,,,1,1.0,0,0,0,0,0,0,0,MATCH,1,2.0
LC_031_R03.png,LC,line,comparison,LC_031,31,3,1168,670,OK,EXACT,2,2,2,0,0,0,laranja|azul,#EF6C00|#1F4FD8,#EF6C00|#1F4FD8,0.0,0.0,0.0,0.993064,0.986129,,,2,0,0,0,,,,,0,0,,0,0,,,,1,1.0,0,0,0,0,0,0,0,MATCH,1,2.0
LC_031_R04.png,LC,line,comparison,LC_031,31,4,1168,670,OK,EXACT,2,2,2,0,0,0,laranja|azul,#EF6C00|#1F4FD8,#EF6C00|#1F4FD8,0.0,0.0,0.0,0.993064,0.986129,,,2,0,0,0,,,,,0,0,,0,0,,,,1,1.0,0,0,0,0,0,0,0,MATCH,1,2.0
LC_031_R05.png,LC,line,comparison,LC_031,31,5,1168,670,OK,EXACT,2,2,2,0,0,0,laranja|azul,#EF6C00|#1F4FD8,#EF6C00|#1F4FD8,0.0,0.0,0.0,0.993064,0.986129,,,2,0,0,0,,,,,0,0,,0,0,,,,1,1.0,0,0,0,0,0,0,0,MATCH,1,2.0
LC_031_R06.png,LC,line,comparison,LC_031,31,6,1168,670,OK,EXACT,2,2,2,0,0,0,laranja|azul,#EF6C00|#1F4FD8,#EF6C00|#1F4FD8,0.0,0.0,0.0,0.993064,0.986129,,,2,0,0,0,,,,,0,0,,0,0,,,,1,1.0,0,0,0,0,0,0,0,MATCH,1,2.0
LC_031_R07.png,LC,line,comparison,LC_031,31,7,1168,670,OK,EXACT,2,2,2,0,0,0,laranja|azul,#EF6C00|#1F4FD8,#EF6C00|#1F4FD8,0.0,0.0,0.0,0.993064,0.986129,,,2,0,0,0,,,,,0,0,,0,0,,,,1,1.0,0,0,0,0,0,0,0,MATCH,1,2.0
LC_031_R08.png,LC,line,comparison,LC_031,31,8,1168,670,OK,EXACT,2,2,2,0,0,0,laranja|azul,#EF6C00|#1F4FD8,#EF6C00|#1F4FD8,0.0,0.0,0.0,0.993064,0.986129,,,2,0,0,0,,,,,0,0,,0,0,,,,1,1.0,0,0,0,0,0,0,0,MATCH,1,2.0
LC_031_R09.png,LC,line,comparison,LC_031,31,9,1168,670,OK,EXACT,2,2,2,0,0,0,laranja|azul,#EF6C00|#1F4FD8,#EF6C00|#1F4FD8,0.0,0.0,0.0,0.993064,0.986129,,,2,0,0,0,,,,,0,0,,0,0,,,,1,1.0,0,0,0,0,0,0,0,MATCH,1,2.0
LC_031_R10.png,LC,line,comparison,LC_031,31,10,1168,670,OK,EXACT,2,2,2,0,0,0,laranja|azul,#EF6C00|#1F4FD8,#EF6C00|#1F4FD8,0.0,0.0,0.0,0.993064,0.986129,,,2,0,0,0,,,,,0,0,,0,0,,,,1,1.0,0,0,0,0,0,0,0,MATCH,1,2.0
LC_032_R01.png,LC,line,comparison,LC_032,32,1,1184,790,OK,MISSING,2,1,1,0,1,1,laranja|azul,#EF6C00|#1F4FD8,#1F77B4,15.630524,15.630524,15.630524,0.987535,0.987535,,,1,0,0,0,,,,,0,0,,0,0,,,,1,0.0,1,1,0,0,0,0,0,MISSING_COLOR+COLOR_DEVIATION,0,2.0
LC_032_R02.png,LC,line,comparison,LC_032,32,2,1131,645,OK,EXACT,2,2,2,0,0,0,laranja|azul,#EF6C00|#1F4FD8,#EF6C00|#1F4FD8,0.0,0.0,0.0,0.989365,0.988485,,,2,0,0,0,,,,,0,0,,0,0,,,,1,1.0,0,0,0,0,0,0,0,MATCH,1,2.0
LC_032_R03.png,LC,line,comparison,LC_032,32,3,1131,645,OK,EXACT,2,2,2,0,0,0,laranja|azul,#EF6C00|#1F4FD8,#EF6C00|#1F4FD8,0.0,0.0,0.0,0.989365,0.988485,,,2,0,0,0,,,,,0,0,,0,0,,,,1,1.0,0,0,0,0,0,0,0,MATCH,1,2.0
LC_032_R04.png,LC,line,comparison,LC_032,32,4,1131,645,OK,EXACT,2,2,2,0,0,0,laranja|azul,#EF6C00|#1F4FD8,#EF6C00|#1F4FD8,0.0,0.0,0.0,0.989365,0.988485,,,2,0,0,0,,,,,0,0,,0,0,,,,1,1.0,0,0,0,0,0,0,0,MATCH,1,2.0
LC_032_R05.png,LC,line,comparison,LC_032,32,5,1131,645,OK,EXACT,2,2,2,0,0,0,laranja|azul,#EF6C00|#1F4FD8,#EF6C00|#1F4FD8,0.0,0.0,0.0,0.989365,0.988485,,,2,0,0,0,,,,,0,0,,0,0,,,,1,1.0,0,0,0,0,0,0,0,MATCH,1,2.0
LC_032_R06.png,LC,line,comparison,LC_032,32,6,1131,645,OK,EXACT,2,2,2,0,0,0,laranja|azul,#EF6C00|#1F4FD8,#EF6C00|#1F4FD8,0.0,0.0,0.0,0.989365,0.988485,,,2,0,0,0,,,,,0,0,,0,0,,,,1,1.0,0,0,0,0,0,0,0,MATCH,1,2.0
LC_032_R07.png,LC,line,comparison,LC_032,32,7,1131,645,OK,EXACT,2,2,2,0,0,0,laranja|azul,#EF6C00|#1F4FD8,#EF6C00|#1F4FD8,0.0,0.0,0.0,0.989365,0.988485,,,2,0,0,0,,,,,0,0,,0,0,,,,1,1.0,0,0,0,0,0,0,0,MATCH,1,2.0
LC_032_R08.png,LC,line,comparison,LC_032,32,8,1131,645,OK,EXACT,2,2,2,0,0,0,laranja|azul,#EF6C00|#1F4FD8,#EF6C00|#1F4FD8,0.0,0.0,0.0,0.989365,0.988485,,,2,0,0,0,,,,,0,0,,0,0,,,,1,1.0,0,0,0,0,0,0,0,MATCH,1,2.0
LC_032_R09.png,LC,line,comparison,LC_032,32,9,1131,645,OK,EXACT,2,2,2,0,0,0,laranja|azul,#EF6C00|#1F4FD8,#EF6C00|#1F4FD8,0.0,0.0,0.0,0.989365,0.988485,,,2,0,0,0,,,,,0,0,,0,0,,,,1,1.0,0,0,0,0,0,0,0,MATCH,1,2.0
LC_032_R10.png,LC,line,comparison,LC_032,32,10,1131,645,OK,EXACT,2,2,2,0,0,0,laranja|azul,#EF6C00|#1F4FD8,#EF6C00|#1F4FD8,0.0,0.0,0.0,0.989365,0.988485,,,2,0,0,0,,,,,0,0,,0,0,,,,1,1.0,0,0,0,0,0,0,0,MATCH,1,2.0
LC_033_R01.png,LC,line,comparison,LC_033,33,1,1323,671,OK,EXACT,2,2,2,0,0,0,laranja|azul,#EF6C00|#1F4FD8,#EF6C00|#1F4FD8,0.0,0.0,0.0,0.974858,0.959931,,,2,0,0,0,,,,,0,0,,0,0,,,,1,1.0,0,0,0,0,0,0,0,MATCH,1,2.0
LC_033_R02.png,LC,line,comparison,LC_033,33,2,1339,670,OK,EXACT,2,2,2,0,0,0,laranja|azul,#EF6C00|#1F4FD8,#EF6C00|#1F4FD8,0.0,0.0,0.0,0.974126,0.959465,,,2,0,0,0,,,,,0,0,,0,0,,,,1,1.0,0,0,0,0,0,0,0,MATCH,1,2.0
LC_033_R03.png,LC,line,comparison,LC_033,33,3,1339,670,OK,EXACT,2,2,2,0,0,0,laranja|azul,#EF6C00|#1F4FD8,#EF6C00|#1F4FD8,0.0,0.0,0.0,0.974126,0.959465,,,2,0,0,0,,,,,0,0,,0,0,,,,1,1.0,0,0,0,0,0,0,0,MATCH,1,2.0
LC_033_R04.png,LC,line,comparison,LC_033,33,4,1339,670,OK,EXACT,2,2,2,0,0,0,laranja|azul,#EF6C00|#1F4FD8,#EF6C00|#1F4FD8,0.0,0.0,0.0,0.974126,0.959465,,,2,0,0,0,,,,,0,0,,0,0,,,,1,1.0,0,0,0,0,0,0,0,MATCH,1,2.0
LC_033_R05.png,LC,line,comparison,LC_033,33,5,1339,670,OK,EXACT,2,2,2,0,0,0,laranja|azul,#EF6C00|#1F4FD8,#EF6C00|#1F4FD8,0.0,0.0,0.0,0.974126,0.959465,,,2,0,0,0,,,,,0,0,,0,0,,,,1,1.0,0,0,0,0,0,0,0,MATCH,1,2.0
LC_033_R06.png,LC,line,comparison,LC_033,33,6,1339,670,OK,EXACT,2,2,2,0,0,0,laranja|azul,#EF6C00|#1F4FD8,#EF6C00|#1F4FD8,0.0,0.0,0.0,0.974126,0.959465,,,2,0,0,0,,,,,0,0,,0,0,,,,1,1.0,0,0,0,0,0,0,0,MATCH,1,2.0
LC_033_R07.png,LC,line,comparison,LC_033,33,7,1339,670,OK,EXACT,2,2,2,0,0,0,laranja|azul,#EF6C00|#1F4FD8,#EF6C00|#1F4FD8,0.0,0.0,0.0,0.974126,0.959465,,,2,0,0,0,,,,,0,0,,0,0,,,,1,1.0,0,0,0,0,0,0,0,MATCH,1,2.0
LC_033_R08.png,LC,line,comparison,LC_033,33,8,1339,670,OK,EXACT,2,2,2,0,0,0,laranja|azul,#EF6C00|#1F4FD8,#EF6C00|#1F4FD8,0.0,0.0,0.0,0.974126,0.959465,,,2,0,0,0,,,,,0,0,,0,0,,,,1,1.0,0,0,0,0,0,0,0,MATCH,1,2.0
LC_033_R09.png,LC,line,comparison,LC_033,33,9,1339,670,OK,EXACT,2,2,2,0,0,0,laranja|azul,#EF6C00|#1F4FD8,#EF6C00|#1F4FD8,0.0,0.0,0.0,0.974126,0.959465,,,2,0,0,0,,,,,0,0,,0,0,,,,1,1.0,0,0,0,0,0,0,0,MATCH,1,2.0
LC_033_R10.png,LC,line,comparison,LC_033,33,10,1339,670,OK,EXACT,2,2,2,0,0,0,laranja|azul,#EF6C00|#1F4FD8,#EF6C00|#1F4FD8,0.0,0.0,0.0,0.974126,0.959465,,,2,0,0,0,,,,,0,0,,0,0,,,,1,1.0,0,0,0,0,0,0,0,MATCH,1,2.0
LC_034_R01.png,LC,line,comparison,LC_034,34,1,1362,671,OK,EXACT,2,2,2,0,0,0,laranja|azul,#EF6C00|#1F4FD8,#EF6C00|#1F4FD8,0.0,0.0,0.0,0.993656,0.987313,,,2,0,0,0,,,,,0,0,,0,0,,,,1,1.0,0,0,0,0,0,0,0,MATCH,1,2.0
LC_034_R02.png,LC,line,comparison,LC_034,34,2,1169,671,OK,EXACT,2,2,2,0,0,0,laranja|azul,#EF6C00|#1F4FD8,#EF6C00|#1F4FD8,0.0,0.0,0.0,0.993943,0.987885,,,2,0,0,0,,,,,0,0,,0,0,,,,1,1.0,0,0,0,0,0,0,0,MATCH,1,2.0
LC_034_R03.png,LC,line,comparison,LC_034,34,3,1169,671,OK,EXACT,2,2,2,0,0,0,laranja|azul,#EF6C00|#1F4FD8,#EF6C00|#1F4FD8,0.0,0.0,0.0,0.993943,0.987885,,,2,0,0,0,,,,,0,0,,0,0,,,,1,1.0,0,0,0,0,0,0,0,MATCH,1,2.0
LC_034_R04.png,LC,line,comparison,LC_034,34,4,1169,671,OK,EXACT,2,2,2,0,0,0,laranja|azul,#EF6C00|#1F4FD8,#EF6C00|#1F4FD8,0.0,0.0,0.0,0.993943,0.987885,,,2,0,0,0,,,,,0,0,,0,0,,,,1,1.0,0,0,0,0,0,0,0,MATCH,1,2.0
LC_034_R05.png,LC,line,comparison,LC_034,34,5,1169,671,OK,EXACT,2,2,2,0,0,0,laranja|azul,#EF6C00|#1F4FD8,#EF6C00|#1F4FD8,0.0,0.0,0.0,0.993943,0.987885,,,2,0,0,0,,,,,0,0,,0,0,,,,1,1.0,0,0,0,0,0,0,0,MATCH,1,2.0
LC_034_R06.png,LC,line,comparison,LC_034,34,6,1169,671,OK,EXACT,2,2,2,0,0,0,laranja|azul,#EF6C00|#1F4FD8,#EF6C00|#1F4FD8,0.0,0.0,0.0,0.993943,0.987885,,,2,0,0,0,,,,,0,0,,0,0,,,,1,1.0,0,0,0,0,0,0,0,MATCH,1,2.0
LC_034_R07.png,LC,line,comparison,LC_034,34,7,1169,671,OK,EXACT,2,2,2,0,0,0,laranja|azul,#EF6C00|#1F4FD8,#EF6C00|#1F4FD8,0.0,0.0,0.0,0.993943,0.987885,,,2,0,0,0,,,,,0,0,,0,0,,,,1,1.0,0,0,0,0,0,0,0,MATCH,1,2.0
LC_034_R08.png,LC,line,comparison,LC_034,34,8,1169,671,OK,EXACT,2,2,2,0,0,0,laranja|azul,#EF6C00|#1F4FD8,#EF6C00|#1F4FD8,0.0,0.0,0.0,0.993943,0.987885,,,2,0,0,0,,,,,0,0,,0,0,,,,1,1.0,0,0,0,0,0,0,0,MATCH,1,2.0
LC_034_R09.png,LC,line,comparison,LC_034,34,9,1169,671,OK,EXACT,2,2,2,0,0,0,laranja|azul,#EF6C00|#1F4FD8,#EF6C00|#1F4FD8,0.0,0.0,0.0,0.993943,0.987885,,,2,0,0,0,,,,,0,0,,0,0,,,,1,1.0,0,0,0,0,0,0,0,MATCH,1,2.0
LC_034_R10.png,LC,line,comparison,LC_034,34,10,1169,671,OK,EXACT,2,2,2,0,0,0,laranja|azul,#EF6C00|#1F4FD8,#EF6C00|#1F4FD8,0.0,0.0,0.0,0.993943,0.987885,,,2,0,0,0,,,,,0,0,,0,0,,,,1,1.0,0,0,0,0,0,0,0,MATCH,1,2.0
LC_035_R01.png,LC,line,comparison,LC_035,35,1,1132,671,OK,EXACT,2,2,2,0,0,0,laranja|azul,#EF6C00|#1F4FD8,#EF6C00|#1F4FD8,0.0,0.0,0.0,1.0,1.0,,,2,0,0,0,,,,,0,0,,0,0,,,,1,1.0,0,0,0,0,0,0,0,MATCH,1,2.0
LC_035_R02.png,LC,line,comparison,LC_035,35,2,1200,800,OK,EXACT,2,2,2,0,0,0,laranja|azul,#EF6C00|#1F4FD8,#EF6C00|#1F4FD8,0.0,0.0,0.0,0.995413,0.990826,,,2,0,0,0,,,,,0,0,,0,0,,,,1,1.0,0,0,0,0,0,0,0,MATCH,1,2.0
LC_035_R03.png,LC,line,comparison,LC_035,35,3,1200,800,OK,EXACT,2,2,2,0,0,0,laranja|azul,#EF6C00|#1F4FD8,#EF6C00|#1F4FD8,0.0,0.0,0.0,0.995413,0.990826,,,2,0,0,0,,,,,0,0,,0,0,,,,1,1.0,0,0,0,0,0,0,0,MATCH,1,2.0
LC_035_R04.png,LC,line,comparison,LC_035,35,4,1200,800,OK,EXACT,2,2,2,0,0,0,laranja|azul,#EF6C00|#1F4FD8,#EF6C00|#1F4FD8,0.0,0.0,0.0,0.995413,0.990826,,,2,0,0,0,,,,,0,0,,0,0,,,,1,1.0,0,0,0,0,0,0,0,MATCH,1,2.0
LC_035_R05.png,LC,line,comparison,LC_035,35,5,1200,800,OK,EXACT,2,2,2,0,0,0,laranja|azul,#EF6C00|#1F4FD8,#EF6C00|#1F4FD8,0.0,0.0,0.0,0.995413,0.990826,,,2,0,0,0,,,,,0,0,,0,0,,,,1,1.0,0,0,0,0,0,0,0,MATCH,1,2.0
LC_035_R06.png,LC,line,comparison,LC_035,35,6,1200,800,OK,EXACT,2,2,2,0,0,0,laranja|azul,#EF6C00|#1F4FD8,#EF6C00|#1F4FD8,0.0,0.0,0.0,0.995413,0.990826,,,2,0,0,0,,,,,0,0,,0,0,,,,1,1.0,0,0,0,0,0,0,0,MATCH,1,2.0
LC_035_R07.png,LC,line,comparison,LC_035,35,7,1200,800,OK,EXACT,2,2,2,0,0,0,laranja|azul,#EF6C00|#1F4FD8,#EF6C00|#1F4FD8,0.0,0.0,0.0,0.995413,0.990826,,,2,0,0,0,,,,,0,0,,0,0,,,,1,1.0,0,0,0,0,0,0,0,MATCH,1,2.0
LC_035_R08.png,LC,line,comparison,LC_035,35,8,1200,800,OK,EXACT,2,2,2,0,0,0,laranja|azul,#EF6C00|#1F4FD8,#EF6C00|#1F4FD8,0.0,0.0,0.0,0.995413,0.990826,,,2,0,0,0,,,,,0,0,,0,0,,,,1,1.0,0,0,0,0,0,0,0,MATCH,1,2.0
LC_035_R09.png,LC,line,comparison,LC_035,35,9,1200,800,OK,EXACT,2,2,2,0,0,0,laranja|azul,#EF6C00|#1F4FD8,#EF6C00|#1F4FD8,0.0,0.0,0.0,0.995413,0.990826,,,2,0,0,0,,,,,0,0,,0,0,,,,1,1.0,0,0,0,0,0,0,0,MATCH,1,2.0
LC_035_R10.png,LC,line,comparison,LC_035,35,10,1200,800,OK,EXACT,2,2,2,0,0,0,laranja|azul,#EF6C00|#1F4FD8,#EF6C00|#1F4FD8,0.0,0.0,0.0,0.995413,0.990826,,,2,0,0,0,,,,,0,0,,0,0,,,,1,1.0,0,0,0,0,0,0,0,MATCH,1,2.0
LC_036_R01.png,LC,line,comparison,LC_036,36,1,1189,790,NO_MARK,NO_MARK,2,0,0,0,2,2,laranja|azul,#EF6C00|#1F4FD8,,,,,,,,,0,0,0,0,,,,,0,0,,0,0,,,,0,,0,1,1,0,0,0,0,NO_MARK,0,2.0
LC_036_R02.png,LC,line,comparison,LC_036,36,2,1200,800,OK,EXACT,2,2,2,0,0,0,laranja|azul,#EF6C00|#1F4FD8,#EF6C00|#1F4FD8,0.0,0.0,0.0,0.995375,0.990749,,,2,0,0,0,,,,,0,0,,0,0,,,,1,1.0,0,0,0,0,0,0,0,MATCH,1,2.0
LC_036_R03.png,LC,line,comparison,LC_036,36,3,1200,800,OK,EXACT,2,2,2,0,0,0,laranja|azul,#EF6C00|#1F4FD8,#EF6C00|#1F4FD8,0.0,0.0,0.0,0.995375,0.990749,,,2,0,0,0,,,,,0,0,,0,0,,,,1,1.0,0,0,0,0,0,0,0,MATCH,1,2.0
LC_036_R04.png,LC,line,comparison,LC_036,36,4,1200,800,OK,EXACT,2,2,2,0,0,0,laranja|azul,#EF6C00|#1F4FD8,#EF6C00|#1F4FD8,0.0,0.0,0.0,0.995375,0.990749,,,2,0,0,0,,,,,0,0,,0,0,,,,1,1.0,0,0,0,0,0,0,0,MATCH,1,2.0
LC_036_R05.png,LC,line,comparison,LC_036,36,5,1200,800,OK,EXACT,2,2,2,0,0,0,laranja|azul,#EF6C00|#1F4FD8,#EF6C00|#1F4FD8,0.0,0.0,0.0,0.995375,0.990749,,,2,0,0,0,,,,,0,0,,0,0,,,,1,1.0,0,0,0,0,0,0,0,MATCH,1,2.0
LC_036_R06.png,LC,line,comparison,LC_036,36,6,1200,800,OK,EXACT,2,2,2,0,0,0,laranja|azul,#EF6C00|#1F4FD8,#EF6C00|#1F4FD8,0.0,0.0,0.0,0.995375,0.990749,,,2,0,0,0,,,,,0,0,,0,0,,,,1,1.0,0,0,0,0,0,0,0,MATCH,1,2.0
LC_036_R07.png,LC,line,comparison,LC_036,36,7,1200,800,OK,EXACT,2,2,2,0,0,0,laranja|azul,#EF6C00|#1F4FD8,#EF6C00|#1F4FD8,0.0,0.0,0.0,0.995375,0.990749,,,2,0,0,0,,,,,0,0,,0,0,,,,1,1.0,0,0,0,0,0,0,0,MATCH,1,2.0
LC_036_R08.png,LC,line,comparison,LC_036,36,8,1200,800,OK,EXACT,2,2,2,0,0,0,laranja|azul,#EF6C00|#1F4FD8,#EF6C00|#1F4FD8,0.0,0.0,0.0,0.995375,0.990749,,,2,0,0,0,,,,,0,0,,0,0,,,,1,1.0,0,0,0,0,0,0,0,MATCH,1,2.0
LC_036_R09.png,LC,line,comparison,LC_036,36,9,1200,800,OK,EXACT,2,2,2,0,0,0,laranja|azul,#EF6C00|#1F4FD8,#EF6C00|#1F4FD8,0.0,0.0,0.0,0.995375,0.990749,,,2,0,0,0,,,,,0,0,,0,0,,,,1,1.0,0,0,0,0,0,0,0,MATCH,1,2.0
LC_036_R10.png,LC,line,comparison,LC_036,36,10,1200,800,OK,EXACT,2,2,2,0,0,0,laranja|azul,#EF6C00|#1F4FD8,#EF6C00|#1F4FD8,0.0,0.0,0.0,0.995375,0.990749,,,2,0,0,0,,,,,0,0,,0,0,,,,1,1.0,0,0,0,0,0,0,0,MATCH,1,2.0
LC_037_R01.png,LC,line,comparison,LC_037,37,1,1280,703,OK,EXACT,2,2,2,0,0,0,laranja|azul,#EF6C00|#1F4FD8,#EF6C00|#1F4FD8,0.0,0.0,0.0,0.994725,0.989449,,,2,0,0,0,,,,,0,0,,0,0,,,,1,1.0,0,0,0,0,0,0,0,MATCH,1,2.0
LC_037_R02.png,LC,line,comparison,LC_037,37,2,1200,800,OK,EXACT,2,2,2,0,0,0,laranja|azul,#EF6C00|#1F4FD8,#EF6C00|#1F4FD8,0.0,0.0,0.0,0.995375,0.990749,,,2,0,0,0,,,,,0,0,,0,0,,,,1,1.0,0,0,0,0,0,0,0,MATCH,1,2.0
LC_037_R03.png,LC,line,comparison,LC_037,37,3,1200,800,OK,EXACT,2,2,2,0,0,0,laranja|azul,#EF6C00|#1F4FD8,#EF6C00|#1F4FD8,0.0,0.0,0.0,0.995375,0.990749,,,2,0,0,0,,,,,0,0,,0,0,,,,1,1.0,0,0,0,0,0,0,0,MATCH,1,2.0
LC_037_R04.png,LC,line,comparison,LC_037,37,4,1200,800,OK,EXACT,2,2,2,0,0,0,laranja|azul,#EF6C00|#1F4FD8,#EF6C00|#1F4FD8,0.0,0.0,0.0,0.995375,0.990749,,,2,0,0,0,,,,,0,0,,0,0,,,,1,1.0,0,0,0,0,0,0,0,MATCH,1,2.0
LC_037_R05.png,LC,line,comparison,LC_037,37,5,1200,800,OK,EXACT,2,2,2,0,0,0,laranja|azul,#EF6C00|#1F4FD8,#EF6C00|#1F4FD8,0.0,0.0,0.0,0.995375,0.990749,,,2,0,0,0,,,,,0,0,,0,0,,,,1,1.0,0,0,0,0,0,0,0,MATCH,1,2.0
LC_037_R06.png,LC,line,comparison,LC_037,37,6,1200,800,OK,EXACT,2,2,2,0,0,0,laranja|azul,#EF6C00|#1F4FD8,#EF6C00|#1F4FD8,0.0,0.0,0.0,0.995375,0.990749,,,2,0,0,0,,,,,0,0,,0,0,,,,1,1.0,0,0,0,0,0,0,0,MATCH,1,2.0
LC_037_R07.png,LC,line,comparison,LC_037,37,7,1200,800,OK,EXACT,2,2,2,0,0,0,laranja|azul,#EF6C00|#1F4FD8,#EF6C00|#1F4FD8,0.0,0.0,0.0,0.995375,0.990749,,,2,0,0,0,,,,,0,0,,0,0,,,,1,1.0,0,0,0,0,0,0,0,MATCH,1,2.0
LC_037_R08.png,LC,line,comparison,LC_037,37,8,1200,800,OK,EXACT,2,2,2,0,0,0,laranja|azul,#EF6C00|#1F4FD8,#EF6C00|#1F4FD8,0.0,0.0,0.0,0.995375,0.990749,,,2,0,0,0,,,,,0,0,,0,0,,,,1,1.0,0,0,0,0,0,0,0,MATCH,1,2.0
LC_037_R09.png,LC,line,comparison,LC_037,37,9,1200,800,OK,EXACT,2,2,2,0,0,0,laranja|azul,#EF6C00|#1F4FD8,#EF6C00|#1F4FD8,0.0,0.0,0.0,0.995375,0.990749,,,2,0,0,0,,,,,0,0,,0,0,,,,1,1.0,0,0,0,0,0,0,0,MATCH,1,2.0
LC_037_R10.png,LC,line,comparison,LC_037,37,10,1200,800,OK,EXACT,2,2,2,0,0,0,laranja|azul,#EF6C00|#1F4FD8,#EF6C00|#1F4FD8,0.0,0.0,0.0,0.995375,0.990749,,,2,0,0,0,,,,,0,0,,0,0,,,,1,1.0,0,0,0,0,0,0,0,MATCH,1,2.0
LC_038_R01.png,LC,line,comparison,LC_038,38,1,1395,671,OK,EXACT,2,2,2,0,0,0,laranja|azul,#EF6C00|#1F4FD8,#EF6C00|#1F4FD8,0.0,0.0,0.0,0.994727,0.989453,,,2,0,0,0,,,,,0,0,,0,0,,,,1,1.0,0,0,0,0,0,0,0,MATCH,1,2.0
LC_038_R02.png,LC,line,comparison,LC_038,38,2,1200,800,OK,EXACT,2,2,2,0,0,0,laranja|azul,#EF6C00|#1F4FD8,#EF6C00|#1F4FD8,0.0,0.0,0.0,0.995076,0.990152,,,2,0,0,0,,,,,0,0,,0,0,,,,1,1.0,0,0,0,0,0,0,0,MATCH,1,2.0
LC_038_R03.png,LC,line,comparison,LC_038,38,3,1200,800,OK,EXACT,2,2,2,0,0,0,laranja|azul,#EF6C00|#1F4FD8,#EF6C00|#1F4FD8,0.0,0.0,0.0,0.995076,0.990152,,,2,0,0,0,,,,,0,0,,0,0,,,,1,1.0,0,0,0,0,0,0,0,MATCH,1,2.0
LC_038_R04.png,LC,line,comparison,LC_038,38,4,1200,800,OK,EXACT,2,2,2,0,0,0,laranja|azul,#EF6C00|#1F4FD8,#EF6C00|#1F4FD8,0.0,0.0,0.0,0.995076,0.990152,,,2,0,0,0,,,,,0,0,,0,0,,,,1,1.0,0,0,0,0,0,0,0,MATCH,1,2.0
LC_038_R05.png,LC,line,comparison,LC_038,38,5,1200,800,OK,EXACT,2,2,2,0,0,0,laranja|azul,#EF6C00|#1F4FD8,#EF6C00|#1F4FD8,0.0,0.0,0.0,0.995076,0.990152,,,2,0,0,0,,,,,0,0,,0,0,,,,1,1.0,0,0,0,0,0,0,0,MATCH,1,2.0
LC_038_R06.png,LC,line,comparison,LC_038,38,6,1200,800,OK,EXACT,2,2,2,0,0,0,laranja|azul,#EF6C00|#1F4FD8,#EF6C00|#1F4FD8,0.0,0.0,0.0,0.995076,0.990152,,,2,0,0,0,,,,,0,0,,0,0,,,,1,1.0,0,0,0,0,0,0,0,MATCH,1,2.0
LC_038_R07.png,LC,line,comparison,LC_038,38,7,1200,800,OK,EXACT,2,2,2,0,0,0,laranja|azul,#EF6C00|#1F4FD8,#EF6C00|#1F4FD8,0.0,0.0,0.0,0.995076,0.990152,,,2,0,0,0,,,,,0,0,,0,0,,,,1,1.0,0,0,0,0,0,0,0,MATCH,1,2.0
LC_038_R08.png,LC,line,comparison,LC_038,38,8,1200,800,OK,EXACT,2,2,2,0,0,0,laranja|azul,#EF6C00|#1F4FD8,#EF6C00|#1F4FD8,0.0,0.0,0.0,0.995076,0.990152,,,2,0,0,0,,,,,0,0,,0,0,,,,1,1.0,0,0,0,0,0,0,0,MATCH,1,2.0
LC_038_R09.png,LC,line,comparison,LC_038,38,9,1200,800,OK,EXACT,2,2,2,0,0,0,laranja|azul,#EF6C00|#1F4FD8,#EF6C00|#1F4FD8,0.0,0.0,0.0,0.995076,0.990152,,,2,0,0,0,,,,,0,0,,0,0,,,,1,1.0,0,0,0,0,0,0,0,MATCH,1,2.0
LC_038_R10.png,LC,line,comparison,LC_038,38,10,1200,800,OK,EXACT,2,2,2,0,0,0,laranja|azul,#EF6C00|#1F4FD8,#EF6C00|#1F4FD8,0.0,0.0,0.0,0.995076,0.990152,,,2,0,0,0,,,,,0,0,,0,0,,,,1,1.0,0,0,0,0,0,0,0,MATCH,1,2.0
LC_039_R01.png,LC,line,comparison,LC_039,39,1,1138,671,OK,EXACT,2,2,2,0,0,0,laranja|azul,#EF6C00|#1F4FD8,#EF6C00|#1F4FD8,0.0,0.0,0.0,0.967432,0.956886,,,2,0,0,0,,,,,0,0,,0,0,,,,1,1.0,0,0,0,0,0,0,0,MATCH,1,2.0
LC_039_R02.png,LC,line,comparison,LC_039,39,2,1200,800,OK,EXACT,2,2,2,0,0,0,laranja|azul,#EF6C00|#1F4FD8,#EF6C00|#4169E1,4.271479,4.271479,8.542957,0.972494,0.954584,,,2,0,0,0,,,,,0,0,,0,0,,,,1,0.0,1,0,0,0,0,0,0,COLOR_DEVIATION,0,2.0
LC_039_R03.png,LC,line,comparison,LC_039,39,3,1200,800,OK,EXACT,2,2,2,0,0,0,laranja|azul,#EF6C00|#1F4FD8,#EF6C00|#4169E1,4.271479,4.271479,8.542957,0.972494,0.954584,,,2,0,0,0,,,,,0,0,,0,0,,,,1,0.0,1,0,0,0,0,0,0,COLOR_DEVIATION,0,2.0
LC_039_R04.png,LC,line,comparison,LC_039,39,4,1200,800,OK,EXACT,2,2,2,0,0,0,laranja|azul,#EF6C00|#1F4FD8,#EF6C00|#4169E1,4.271479,4.271479,8.542957,0.972494,0.954584,,,2,0,0,0,,,,,0,0,,0,0,,,,1,0.0,1,0,0,0,0,0,0,COLOR_DEVIATION,0,2.0
LC_039_R05.png,LC,line,comparison,LC_039,39,5,1131,645,OK,EXACT,2,2,2,0,0,0,laranja|azul,#EF6C00|#1F4FD8,#EF6C00|#1F4FD8,0.0,0.0,0.0,0.989365,0.988485,,,2,0,0,0,,,,,0,0,,0,0,,,,1,1.0,0,0,0,0,0,0,0,MATCH,1,2.0
LC_039_R06.png,LC,line,comparison,LC_039,39,6,1162,671,OK,EXACT,2,2,2,0,0,0,laranja|azul,#EF6C00|#1F4FD8,#EF6C00|#1F4FD8,0.0,0.0,0.0,0.993064,0.986129,,,2,0,0,0,,,,,0,0,,0,0,,,,1,1.0,0,0,0,0,0,0,0,MATCH,1,2.0
LC_039_R07.png,LC,line,comparison,LC_039,39,7,1162,671,OK,EXACT,2,2,2,0,0,0,laranja|azul,#EF6C00|#1F4FD8,#EF6C00|#1F4FD8,0.0,0.0,0.0,0.993064,0.986129,,,2,0,0,0,,,,,0,0,,0,0,,,,1,1.0,0,0,0,0,0,0,0,MATCH,1,2.0
LC_039_R08.png,LC,line,comparison,LC_039,39,8,1162,671,OK,EXACT,2,2,2,0,0,0,laranja|azul,#EF6C00|#1F4FD8,#EF6C00|#1F4FD8,0.0,0.0,0.0,0.993064,0.986129,,,2,0,0,0,,,,,0,0,,0,0,,,,1,1.0,0,0,0,0,0,0,0,MATCH,1,2.0
LC_039_R09.png,LC,line,comparison,LC_039,39,9,1162,671,OK,EXACT,2,2,2,0,0,0,laranja|azul,#EF6C00|#1F4FD8,#EF6C00|#1F4FD8,0.0,0.0,0.0,0.993064,0.986129,,,2,0,0,0,,,,,0,0,,0,0,,,,1,1.0,0,0,0,0,0,0,0,MATCH,1,2.0
LC_039_R10.png,LC,line,comparison,LC_039,39,10,1162,671,OK,EXACT,2,2,2,0,0,0,laranja|azul,#EF6C00|#1F4FD8,#EF6C00|#1F4FD8,0.0,0.0,0.0,0.993064,0.986129,,,2,0,0,0,,,,,0,0,,0,0,,,,1,1.0,0,0,0,0,0,0,0,MATCH,1,2.0
LC_040_R01.png,LC,line,comparison,LC_040,40,1,1362,671,OK,EXACT,2,2,2,0,0,0,laranja|azul,#EF6C00|#1F4FD8,#EF6C00|#1F4FD8,0.0,0.0,0.0,0.97812,0.965439,,,2,0,0,0,,,,,0,0,,0,0,,,,1,1.0,0,0,0,0,0,0,0,MATCH,1,2.0
LC_040_R02.png,LC,line,comparison,LC_040,40,2,1342,671,OK,EXACT,2,2,2,0,0,0,laranja|azul,#EF6C00|#1F4FD8,#EF6C00|#335BCF,1.949743,1.949743,3.899487,0.853728,0.707457,,,2,0,0,0,,,,,0,0,,0,0,,,,1,0.0,1,0,0,0,0,0,0,COLOR_DEVIATION,0,2.0
LC_040_R03.png,LC,line,comparison,LC_040,40,3,1342,671,OK,EXACT,2,2,2,0,0,0,laranja|azul,#EF6C00|#1F4FD8,#EF6C00|#335BCF,1.949743,1.949743,3.899487,0.853728,0.707457,,,2,0,0,0,,,,,0,0,,0,0,,,,1,0.0,1,0,0,0,0,0,0,COLOR_DEVIATION,0,2.0
LC_040_R04.png,LC,line,comparison,LC_040,40,4,1342,671,OK,EXACT,2,2,2,0,0,0,laranja|azul,#EF6C00|#1F4FD8,#EF6C00|#335BCF,1.949743,1.949743,3.899487,0.853728,0.707457,,,2,0,0,0,,,,,0,0,,0,0,,,,1,0.0,1,0,0,0,0,0,0,COLOR_DEVIATION,0,2.0
LC_040_R05.png,LC,line,comparison,LC_040,40,5,1342,671,OK,EXACT,2,2,2,0,0,0,laranja|azul,#EF6C00|#1F4FD8,#EF6C00|#335BCF,1.949743,1.949743,3.899487,0.853728,0.707457,,,2,0,0,0,,,,,0,0,,0,0,,,,1,0.0,1,0,0,0,0,0,0,COLOR_DEVIATION,0,2.0
LC_040_R06.png,LC,line,comparison,LC_040,40,6,1342,671,OK,EXACT,2,2,2,0,0,0,laranja|azul,#EF6C00|#1F4FD8,#EF6C00|#1F4FD8,0.0,0.0,0.0,0.977666,0.965049,,,2,0,0,0,,,,,0,0,,0,0,,,,1,1.0,0,0,0,0,0,0,0,MATCH,1,2.0
LC_040_R07.png,LC,line,comparison,LC_040,40,7,1342,671,OK,EXACT,2,2,2,0,0,0,laranja|azul,#EF6C00|#1F4FD8,#EF6C00|#1F4FD8,0.0,0.0,0.0,0.977666,0.965049,,,2,0,0,0,,,,,0,0,,0,0,,,,1,1.0,0,0,0,0,0,0,0,MATCH,1,2.0
LC_040_R08.png,LC,line,comparison,LC_040,40,8,1342,671,OK,EXACT,2,2,2,0,0,0,laranja|azul,#EF6C00|#1F4FD8,#EF6C00|#1F4FD8,0.0,0.0,0.0,0.977666,0.965049,,,2,0,0,0,,,,,0,0,,0,0,,,,1,1.0,0,0,0,0,0,0,0,MATCH,1,2.0
LC_040_R09.png,LC,line,comparison,LC_040,40,9,1342,671,OK,EXACT,2,2,2,0,0,0,laranja|azul,#EF6C00|#1F4FD8,#EF6C00|#1F4FD8,0.0,0.0,0.0,0.977666,0.965049,,,2,0,0,0,,,,,0,0,,0,0,,,,1,1.0,0,0,0,0,0,0,0,MATCH,1,2.0
LC_040_R10.png,LC,line,comparison,LC_040,40,10,1342,671,OK,EXACT,2,2,2,0,0,0,laranja|azul,#EF6C00|#1F4FD8,#EF6C00|#1F4FD8,0.0,0.0,0.0,0.977666,0.965049,,,2,0,0,0,,,,,0,0,,0,0,,,,1,1.0,0,0,0,0,0,0,0,MATCH,1,2.0
LC_041_R01.png,LC,line,comparison,LC_041,41,1,1132,671,OK,EXACT,2,2,2,0,0,0,laranja|azul,#EF6C00|#1F4FD8,#EF6C00|#1F4FD8,0.0,0.0,0.0,0.994727,0.989453,,,2,0,0,0,,,,,0,0,,0,0,,,,1,1.0,0,0,0,0,0,0,0,MATCH,1,2.0
LC_041_R02.png,LC,line,comparison,LC_041,41,2,1200,800,OK,EXACT,2,2,2,0,0,0,laranja|azul,#EF6C00|#1F4FD8,#EF6C00|#1F4FD8,0.0,0.0,0.0,0.993964,0.987928,,,2,0,0,0,,,,,0,0,,0,0,,,,1,1.0,0,0,0,0,0,0,0,MATCH,1,2.0
LC_041_R03.png,LC,line,comparison,LC_041,41,3,1200,800,OK,EXACT,2,2,2,0,0,0,laranja|azul,#EF6C00|#1F4FD8,#EF6C00|#1F4FD8,0.0,0.0,0.0,0.993964,0.987928,,,2,0,0,0,,,,,0,0,,0,0,,,,1,1.0,0,0,0,0,0,0,0,MATCH,1,2.0
LC_041_R04.png,LC,line,comparison,LC_041,41,4,1200,800,OK,EXACT,2,2,2,0,0,0,laranja|azul,#EF6C00|#1F4FD8,#EF6C00|#1F4FD8,0.0,0.0,0.0,0.993964,0.987928,,,2,0,0,0,,,,,0,0,,0,0,,,,1,1.0,0,0,0,0,0,0,0,MATCH,1,2.0
LC_041_R05.png,LC,line,comparison,LC_041,41,5,1200,800,OK,EXACT,2,2,2,0,0,0,laranja|azul,#EF6C00|#1F4FD8,#EF6C00|#1F4FD8,0.0,0.0,0.0,0.993964,0.987928,,,2,0,0,0,,,,,0,0,,0,0,,,,1,1.0,0,0,0,0,0,0,0,MATCH,1,2.0
LC_041_R06.png,LC,line,comparison,LC_041,41,6,1200,800,OK,EXACT,2,2,2,0,0,0,laranja|azul,#EF6C00|#1F4FD8,#EF6C00|#1F4FD8,0.0,0.0,0.0,0.993964,0.987928,,,2,0,0,0,,,,,0,0,,0,0,,,,1,1.0,0,0,0,0,0,0,0,MATCH,1,2.0
LC_041_R07.png,LC,line,comparison,LC_041,41,7,1200,800,OK,EXACT,2,2,2,0,0,0,laranja|azul,#EF6C00|#1F4FD8,#EF6C00|#1F4FD8,0.0,0.0,0.0,0.993964,0.987928,,,2,0,0,0,,,,,0,0,,0,0,,,,1,1.0,0,0,0,0,0,0,0,MATCH,1,2.0
LC_041_R08.png,LC,line,comparison,LC_041,41,8,1200,800,OK,EXACT,2,2,2,0,0,0,laranja|azul,#EF6C00|#1F4FD8,#EF6C00|#1F4FD8,0.0,0.0,0.0,0.993964,0.987928,,,2,0,0,0,,,,,0,0,,0,0,,,,1,1.0,0,0,0,0,0,0,0,MATCH,1,2.0
LC_041_R09.png,LC,line,comparison,LC_041,41,9,1200,800,OK,EXACT,2,2,2,0,0,0,laranja|azul,#EF6C00|#1F4FD8,#EF6C00|#1F4FD8,0.0,0.0,0.0,0.993964,0.987928,,,2,0,0,0,,,,,0,0,,0,0,,,,1,1.0,0,0,0,0,0,0,0,MATCH,1,2.0
LC_041_R10.png,LC,line,comparison,LC_041,41,10,1200,800,OK,EXACT,2,2,2,0,0,0,laranja|azul,#EF6C00|#1F4FD8,#EF6C00|#1F4FD8,0.0,0.0,0.0,0.993964,0.987928,,,2,0,0,0,,,,,0,0,,0,0,,,,1,1.0,0,0,0,0,0,0,0,MATCH,1,2.0
LC_042_R01.png,LC,line,comparison,LC_042,42,1,1103,671,OK,EXACT,2,2,2,0,0,0,laranja|azul,#EF6C00|#1F4FD8,#EF6C00|#1F4FD8,0.0,0.0,0.0,0.994213,0.988426,,,2,0,0,0,,,,,0,0,,0,0,,,,1,1.0,0,0,0,0,0,0,0,MATCH,1,2.0
LC_042_R02.png,LC,line,comparison,LC_042,42,2,1200,800,OK,EXACT,2,2,2,0,0,0,laranja|azul,#EF6C00|#1F4FD8,#EF6C00|#1F4FD8,0.0,0.0,0.0,0.992849,0.985697,,,2,0,0,0,,,,,0,0,,0,0,,,,1,1.0,0,0,0,0,0,0,0,MATCH,1,2.0
LC_042_R03.png,LC,line,comparison,LC_042,42,3,1200,800,OK,EXACT,2,2,2,0,0,0,laranja|azul,#EF6C00|#1F4FD8,#EF6C00|#1F4FD8,0.0,0.0,0.0,0.993001,0.986002,,,2,0,0,0,,,,,0,0,,0,0,,,,1,1.0,0,0,0,0,0,0,0,MATCH,1,2.0
LC_042_R04.png,LC,line,comparison,LC_042,42,4,1200,800,OK,EXACT,2,2,2,0,0,0,laranja|azul,#EF6C00|#1F4FD8,#EF6C00|#1F4FD8,0.0,0.0,0.0,0.993506,0.987013,,,2,0,0,0,,,,,0,0,,0,0,,,,1,1.0,0,0,0,0,0,0,0,MATCH,1,2.0
LC_042_R05.png,LC,line,comparison,LC_042,42,5,1200,800,OK,EXACT,2,2,2,0,0,0,laranja|azul,#EF6C00|#1F4FD8,#EF6C00|#1F4FD8,0.0,0.0,0.0,0.993781,0.987562,,,2,0,0,0,,,,,0,0,,0,0,,,,1,1.0,0,0,0,0,0,0,0,MATCH,1,2.0
LC_042_R06.png,LC,line,comparison,LC_042,42,6,1200,800,OK,EXACT,2,2,2,0,0,0,laranja|azul,#EF6C00|#1F4FD8,#EF6C00|#1F4FD8,0.0,0.0,0.0,0.993964,0.987928,,,2,0,0,0,,,,,0,0,,0,0,,,,1,1.0,0,0,0,0,0,0,0,MATCH,1,2.0
LC_042_R07.png,LC,line,comparison,LC_042,42,7,1200,800,OK,EXACT,2,2,2,0,0,0,laranja|azul,#EF6C00|#1F4FD8,#EF6C00|#1F4FD8,0.0,0.0,0.0,0.993964,0.987928,,,2,0,0,0,,,,,0,0,,0,0,,,,1,1.0,0,0,0,0,0,0,0,MATCH,1,2.0
LC_042_R08.png,LC,line,comparison,LC_042,42,8,1200,800,OK,EXACT,2,2,2,0,0,0,laranja|azul,#EF6C00|#1F4FD8,#EF6C00|#1F4FD8,0.0,0.0,0.0,0.993964,0.987928,,,2,0,0,0,,,,,0,0,,0,0,,,,1,1.0,0,0,0,0,0,0,0,MATCH,1,2.0
LC_042_R09.png,LC,line,comparison,LC_042,42,9,1200,800,OK,EXACT,2,2,2,0,0,0,laranja|azul,#EF6C00|#1F4FD8,#EF6C00|#1F4FD8,0.0,0.0,0.0,0.993964,0.987928,,,2,0,0,0,,,,,0,0,,0,0,,,,1,1.0,0,0,0,0,0,0,0,MATCH,1,2.0
LC_042_R10.png,LC,line,comparison,LC_042,42,10,1200,800,OK,EXACT,2,2,2,0,0,0,laranja|azul,#EF6C00|#1F4FD8,#EF6C00|#1F4FD8,0.0,0.0,0.0,0.993964,0.987928,,,2,0,0,0,,,,,0,0,,0,0,,,,1,1.0,0,0,0,0,0,0,0,MATCH,1,2.0
LC_043_R01.png,LC,line,comparison,LC_043,43,1,1373,671,OK,EXACT,2,2,2,0,0,0,laranja|azul,#EF6C00|#1F4FD8,#EF6C00|#1F4FD8,0.0,0.0,0.0,0.993664,0.987327,,,2,0,0,0,,,,,0,0,,0,0,,,,1,1.0,0,0,0,0,0,0,0,MATCH,1,2.0
LC_043_R02.png,LC,line,comparison,LC_043,43,2,1349,670,OK,EXACT,2,2,2,0,0,0,laranja|azul,#EF6C00|#1F4FD8,#EF6C00|#1F4FD8,0.0,0.0,0.0,0.993642,0.987283,,,2,0,0,0,,,,,0,0,,0,0,,,,1,1.0,0,0,0,0,0,0,0,MATCH,1,2.0
LC_043_R03.png,LC,line,comparison,LC_043,43,3,1349,670,OK,EXACT,2,2,2,0,0,0,laranja|azul,#EF6C00|#1F4FD8,#EF6C00|#1F4FD8,0.0,0.0,0.0,0.993642,0.987283,,,2,0,0,0,,,,,0,0,,0,0,,,,1,1.0,0,0,0,0,0,0,0,MATCH,1,2.0
LC_043_R04.png,LC,line,comparison,LC_043,43,4,1349,670,OK,EXACT,2,2,2,0,0,0,laranja|azul,#EF6C00|#1F4FD8,#EF6C00|#1F4FD8,0.0,0.0,0.0,0.993642,0.987283,,,2,0,0,0,,,,,0,0,,0,0,,,,1,1.0,0,0,0,0,0,0,0,MATCH,1,2.0
LC_043_R05.png,LC,line,comparison,LC_043,43,5,1349,670,OK,EXACT,2,2,2,0,0,0,laranja|azul,#EF6C00|#1F4FD8,#EF6C00|#1F4FD8,0.0,0.0,0.0,0.993642,0.987283,,,2,0,0,0,,,,,0,0,,0,0,,,,1,1.0,0,0,0,0,0,0,0,MATCH,1,2.0
LC_043_R06.png,LC,line,comparison,LC_043,43,6,1349,670,OK,EXACT,2,2,2,0,0,0,laranja|azul,#EF6C00|#1F4FD8,#EF6C00|#1F4FD8,0.0,0.0,0.0,0.993642,0.987283,,,2,0,0,0,,,,,0,0,,0,0,,,,1,1.0,0,0,0,0,0,0,0,MATCH,1,2.0
LC_043_R07.png,LC,line,comparison,LC_043,43,7,1349,670,OK,EXACT,2,2,2,0,0,0,laranja|azul,#EF6C00|#1F4FD8,#EF6C00|#1F4FD8,0.0,0.0,0.0,0.993642,0.987283,,,2,0,0,0,,,,,0,0,,0,0,,,,1,1.0,0,0,0,0,0,0,0,MATCH,1,2.0
LC_043_R08.png,LC,line,comparison,LC_043,43,8,1349,670,OK,EXACT,2,2,2,0,0,0,laranja|azul,#EF6C00|#1F4FD8,#EF6C00|#1F4FD8,0.0,0.0,0.0,0.993642,0.987283,,,2,0,0,0,,,,,0,0,,0,0,,,,1,1.0,0,0,0,0,0,0,0,MATCH,1,2.0
LC_043_R09.png,LC,line,comparison,LC_043,43,9,1349,670,OK,EXACT,2,2,2,0,0,0,laranja|azul,#EF6C00|#1F4FD8,#EF6C00|#1F4FD8,0.0,0.0,0.0,0.993642,0.987283,,,2,0,0,0,,,,,0,0,,0,0,,,,1,1.0,0,0,0,0,0,0,0,MATCH,1,2.0
LC_043_R10.png,LC,line,comparison,LC_043,43,10,1349,670,OK,EXACT,2,2,2,0,0,0,laranja|azul,#EF6C00|#1F4FD8,#EF6C00|#1F4FD8,0.0,0.0,0.0,0.993642,0.987283,,,2,0,0,0,,,,,0,0,,0,0,,,,1,1.0,0,0,0,0,0,0,0,MATCH,1,2.0
LC_044_R01.png,LC,line,comparison,LC_044,44,1,1347,671,OK,EXACT,2,2,2,0,0,0,laranja|azul,#EF6C00|#1F4FD8,#EF6C00|#1F4FD8,0.0,0.0,0.0,0.994233,0.988466,,,2,0,0,0,,,,,0,0,,0,0,,,,1,1.0,0,0,0,0,0,0,0,MATCH,1,2.0
LC_044_R02.png,LC,line,comparison,LC_044,44,2,1341,670,OK,EXACT,2,2,2,0,0,0,laranja|azul,#EF6C00|#1F4FD8,#EF6C00|#1F4FD8,0.0,0.0,0.0,0.993634,0.987269,,,2,0,0,0,,,,,0,0,,0,0,,,,1,1.0,0,0,0,0,0,0,0,MATCH,1,2.0
LC_044_R03.png,LC,line,comparison,LC_044,44,3,1341,670,OK,EXACT,2,2,2,0,0,0,laranja|azul,#EF6C00|#1F4FD8,#EF6C00|#1F4FD8,0.0,0.0,0.0,0.994428,0.988855,,,2,0,0,0,,,,,0,0,,0,0,,,,1,1.0,0,0,0,0,0,0,0,MATCH,1,2.0
LC_044_R04.png,LC,line,comparison,LC_044,44,4,1341,670,OK,EXACT,2,2,2,0,0,0,laranja|azul,#EF6C00|#1F4FD8,#EF6C00|#1F4FD8,0.0,0.0,0.0,0.994782,0.989564,,,2,0,0,0,,,,,0,0,,0,0,,,,1,1.0,0,0,0,0,0,0,0,MATCH,1,2.0
LC_044_R05.png,LC,line,comparison,LC_044,44,5,1341,670,OK,EXACT,2,2,2,0,0,0,laranja|azul,#EF6C00|#1F4FD8,#EF6C00|#1F4FD8,0.0,0.0,0.0,0.994545,0.989091,,,2,0,0,0,,,,,0,0,,0,0,,,,1,1.0,0,0,0,0,0,0,0,MATCH,1,2.0
LC_044_R06.png,LC,line,comparison,LC_044,44,6,1341,670,OK,EXACT,2,2,2,0,0,0,laranja|azul,#EF6C00|#1F4FD8,#EF6C00|#1F4FD8,0.0,0.0,0.0,0.798799,0.597598,,,2,0,0,0,,,,,0,0,,0,0,,,,1,1.0,0,0,0,0,0,0,0,MATCH,1,2.0
LC_044_R07.png,LC,line,comparison,LC_044,44,7,1341,670,OK,EXACT,2,2,2,0,0,0,laranja|azul,#EF6C00|#1F4FD8,#EF6C00|#1F4FD8,0.0,0.0,0.0,0.992593,0.985185,,,2,0,0,0,,,,,0,0,,0,0,,,,1,1.0,0,0,0,0,0,0,0,MATCH,1,2.0
LC_044_R08.png,LC,line,comparison,LC_044,44,8,1341,670,OK,EXACT,2,2,2,0,0,0,laranja|azul,#EF6C00|#1F4FD8,#EF6C00|#1F4FD8,0.0,0.0,0.0,0.994845,0.989691,,,2,0,0,0,,,,,0,0,,0,0,,,,1,1.0,0,0,0,0,0,0,0,MATCH,1,2.0
LC_044_R09.png,LC,line,comparison,LC_044,44,9,1341,670,OK,EXACT,2,2,2,0,0,0,laranja|azul,#EF6C00|#1F4FD8,#EF6C00|#1F4FD8,0.0,0.0,0.0,0.995677,0.991354,,,2,0,0,0,,,,,0,0,,0,0,,,,1,1.0,0,0,0,0,0,0,0,MATCH,1,2.0
LC_044_R10.png,LC,line,comparison,LC_044,44,10,1341,670,OK,EXACT,2,2,2,0,0,0,laranja|azul,#EF6C00|#1F4FD8,#EF6C00|#1F4FD8,0.0,0.0,0.0,0.998845,0.997691,,,2,0,0,0,,,,,0,0,,0,0,,,,1,1.0,0,0,0,0,0,0,0,MATCH,1,2.0
LC_045_R01.png,LC,line,comparison,LC_045,45,1,1243,701,OK,MISSING,2,1,1,0,1,1,laranja|azul,#EF6C00|#1F4FD8,#1F77B4,15.630524,15.630524,15.630524,1.0,1.0,,,1,0,0,0,,,,,0,0,,0,0,,,,1,0.0,1,1,0,0,0,0,0,MISSING_COLOR+COLOR_DEVIATION,0,2.0
LC_045_R02.png,LC,line,comparison,LC_045,45,2,1200,800,OK,EXACT,2,2,2,0,0,0,laranja|azul,#EF6C00|#1F4FD8,#EF6C00|#1F4FD8,0.0,0.0,0.0,0.997191,0.994382,,,2,0,0,0,,,,,0,0,,0,0,,,,1,1.0,0,0,0,0,0,0,0,MATCH,1,2.0
LC_045_R03.png,LC,line,comparison,LC_045,45,3,1200,800,OK,EXACT,2,2,2,0,0,0,laranja|azul,#EF6C00|#1F4FD8,#EF6C00|#1F4FD8,0.0,0.0,0.0,0.997191,0.994382,,,2,0,0,0,,,,,0,0,,0,0,,,,1,1.0,0,0,0,0,0,0,0,MATCH,1,2.0
LC_045_R04.png,LC,line,comparison,LC_045,45,4,1200,800,OK,EXACT,2,2,2,0,0,0,laranja|azul,#EF6C00|#1F4FD8,#EF6C00|#1F4FD8,0.0,0.0,0.0,0.997191,0.994382,,,2,0,0,0,,,,,0,0,,0,0,,,,1,1.0,0,0,0,0,0,0,0,MATCH,1,2.0
LC_045_R05.png,LC,line,comparison,LC_045,45,5,1200,800,OK,EXACT,2,2,2,0,0,0,laranja|azul,#EF6C00|#1F4FD8,#EF6C00|#1F4FD8,0.0,0.0,0.0,0.997191,0.994382,,,2,0,0,0,,,,,0,0,,0,0,,,,1,1.0,0,0,0,0,0,0,0,MATCH,1,2.0
LC_045_R06.png,LC,line,comparison,LC_045,45,6,1200,800,OK,EXACT,2,2,2,0,0,0,laranja|azul,#EF6C00|#1F4FD8,#EF6C00|#1F4FD8,0.0,0.0,0.0,0.997191,0.994382,,,2,0,0,0,,,,,0,0,,0,0,,,,1,1.0,0,0,0,0,0,0,0,MATCH,1,2.0
LC_045_R07.png,LC,line,comparison,LC_045,45,7,1200,800,OK,EXACT,2,2,2,0,0,0,laranja|azul,#EF6C00|#1F4FD8,#EF6C00|#1F4FD8,0.0,0.0,0.0,0.997191,0.994382,,,2,0,0,0,,,,,0,0,,0,0,,,,1,1.0,0,0,0,0,0,0,0,MATCH,1,2.0
LC_045_R08.png,LC,line,comparison,LC_045,45,8,1200,800,OK,EXACT,2,2,2,0,0,0,laranja|azul,#EF6C00|#1F4FD8,#EF6C00|#1F4FD8,0.0,0.0,0.0,0.997191,0.994382,,,2,0,0,0,,,,,0,0,,0,0,,,,1,1.0,0,0,0,0,0,0,0,MATCH,1,2.0
LC_045_R09.png,LC,line,comparison,LC_045,45,9,1200,800,OK,EXACT,2,2,2,0,0,0,laranja|azul,#EF6C00|#1F4FD8,#EF6C00|#1F4FD8,0.0,0.0,0.0,0.997191,0.994382,,,2,0,0,0,,,,,0,0,,0,0,,,,1,1.0,0,0,0,0,0,0,0,MATCH,1,2.0
LC_045_R10.png,LC,line,comparison,LC_045,45,10,1200,800,OK,EXACT,2,2,2,0,0,0,laranja|azul,#EF6C00|#1F4FD8,#EF6C00|#1F4FD8,0.0,0.0,0.0,0.997191,0.994382,,,2,0,0,0,,,,,0,0,,0,0,,,,1,1.0,0,0,0,0,0,0,0,MATCH,1,2.0
LC_046_R01.png,LC,line,comparison,LC_046,46,1,1343,717,OK,EXTRA,2,3,2,1,0,1,laranja|azul,#EF6C00|#1F4FD8,#C62828|#EF6C00|#1F4FD8,0.0,0.0,0.0,0.825846,0.553571,,,3,0,0,0,,,,,0,0,,0,1,,#C62828,0.553571,1,1.0,0,0,0,1,0,0,0,EXTRA_COLOR,0,2.0
LC_046_R02.png,LC,line,comparison,LC_046,46,2,1351,670,OK,EXACT,2,2,2,0,0,0,laranja|azul,#EF6C00|#1F4FD8,#EF6C00|#335BCF,1.949743,1.949743,3.899487,0.852687,0.705374,,,2,0,0,0,,,,,0,0,,0,0,,,,1,0.0,1,0,0,0,0,0,0,COLOR_DEVIATION,0,2.0
LC_046_R03.png,LC,line,comparison,LC_046,46,3,1352,671,OK,EXACT,2,2,2,0,0,0,laranja|azul,#EF6C00|#1F4FD8,#EF6C00|#1F4FD8,0.0,0.0,0.0,1.0,1.0,,,2,0,0,0,,,,,0,0,,0,0,,,,1,1.0,0,0,0,0,0,0,0,MATCH,1,2.0
LC_046_R04.png,LC,line,comparison,LC_046,46,4,1200,800,OK,EXTRA,2,3,2,1,0,1,laranja|azul,#EF6C00|#1F4FD8,#C62828|#EF6C00|#1F4FD8,0.0,0.0,0.0,0.856864,0.632653,,,3,0,0,0,,,,,0,0,,0,1,,#C62828,0.632653,1,1.0,0,0,0,1,0,0,0,EXTRA_COLOR,0,2.0
LC_046_R05.png,LC,line,comparison,LC_046,46,5,1200,800,OK,EXTRA,2,3,2,1,0,1,laranja|azul,#EF6C00|#1F4FD8,#C62828|#EF6C00|#1F4FD8,0.0,0.0,0.0,0.856864,0.632653,,,3,0,0,0,,,,,0,0,,0,1,,#C62828,0.632653,1,1.0,0,0,0,1,0,0,0,EXTRA_COLOR,0,2.0
LC_046_R06.png,LC,line,comparison,LC_046,46,6,1200,800,OK,EXTRA,2,3,2,1,0,1,laranja|azul,#EF6C00|#1F4FD8,#C62828|#EF6C00|#1F4FD8,0.0,0.0,0.0,0.856864,0.632653,,,3,0,0,0,,,,,0,0,,0,1,,#C62828,0.632653,1,1.0,0,0,0,1,0,0,0,EXTRA_COLOR,0,2.0
LC_046_R07.png,LC,line,comparison,LC_046,46,7,1200,800,OK,EXTRA,2,3,2,1,0,1,laranja|azul,#EF6C00|#1F4FD8,#C62828|#EF6C00|#1F4FD8,0.0,0.0,0.0,0.856864,0.632653,,,3,0,0,0,,,,,0,0,,0,1,,#C62828,0.632653,1,1.0,0,0,0,1,0,0,0,EXTRA_COLOR,0,2.0
LC_046_R08.png,LC,line,comparison,LC_046,46,8,1200,800,OK,EXTRA,2,3,2,1,0,1,laranja|azul,#EF6C00|#1F4FD8,#C62828|#EF6C00|#1F4FD8,0.0,0.0,0.0,0.856864,0.632653,,,3,0,0,0,,,,,0,0,,0,1,,#C62828,0.632653,1,1.0,0,0,0,1,0,0,0,EXTRA_COLOR,0,2.0
LC_046_R09.png,LC,line,comparison,LC_046,46,9,1200,800,OK,EXTRA,2,3,2,1,0,1,laranja|azul,#EF6C00|#1F4FD8,#C62828|#EF6C00|#1F4FD8,0.0,0.0,0.0,0.856864,0.632653,,,3,0,0,0,,,,,0,0,,0,1,,#C62828,0.632653,1,1.0,0,0,0,1,0,0,0,EXTRA_COLOR,0,2.0
LC_046_R10.png,LC,line,comparison,LC_046,46,10,1351,670,OK,EXACT,2,2,2,0,0,0,laranja|azul,#EF6C00|#1F4FD8,#EF6C00|#335BCF,1.949743,1.949743,3.899487,0.852687,0.705374,,,2,0,0,0,,,,,0,0,,0,0,,,,1,0.0,1,0,0,0,0,0,0,COLOR_DEVIATION,0,2.0
LC_047_R01.png,LC,line,comparison,LC_047,47,1,1263,703,OK,EXACT,2,2,2,0,0,0,laranja|azul,#EF6C00|#1F4FD8,#EF6C00|#1F4FD8,0.0,0.0,0.0,1.0,1.0,,,2,0,0,0,,,,,0,0,,0,0,,,,1,1.0,0,0,0,0,0,0,0,MATCH,1,2.0
LC_047_R02.png,LC,line,comparison,LC_047,47,2,1349,670,OK,EXACT,2,2,2,0,0,0,laranja|azul,#EF6C00|#1F4FD8,#EF6C00|#1F4FD8,0.0,0.0,0.0,0.993642,0.987283,,,2,0,0,0,,,,,0,0,,0,0,,,,1,1.0,0,0,0,0,0,0,0,MATCH,1,2.0
LC_047_R03.png,LC,line,comparison,LC_047,47,3,1349,670,OK,EXACT,2,2,2,0,0,0,laranja|azul,#EF6C00|#1F4FD8,#EF6C00|#1F4FD8,0.0,0.0,0.0,0.993642,0.987283,,,2,0,0,0,,,,,0,0,,0,0,,,,1,1.0,0,0,0,0,0,0,0,MATCH,1,2.0
LC_047_R04.png,LC,line,comparison,LC_047,47,4,1349,670,OK,EXACT,2,2,2,0,0,0,laranja|azul,#EF6C00|#1F4FD8,#EF6C00|#1F4FD8,0.0,0.0,0.0,0.993642,0.987283,,,2,0,0,0,,,,,0,0,,0,0,,,,1,1.0,0,0,0,0,0,0,0,MATCH,1,2.0
LC_047_R05.png,LC,line,comparison,LC_047,47,5,1349,670,OK,EXACT,2,2,2,0,0,0,laranja|azul,#EF6C00|#1F4FD8,#EF6C00|#1F4FD8,0.0,0.0,0.0,0.993642,0.987283,,,2,0,0,0,,,,,0,0,,0,0,,,,1,1.0,0,0,0,0,0,0,0,MATCH,1,2.0
LC_047_R06.png,LC,line,comparison,LC_047,47,6,1349,670,OK,EXACT,2,2,2,0,0,0,laranja|azul,#EF6C00|#1F4FD8,#EF6C00|#1F4FD8,0.0,0.0,0.0,0.993642,0.987283,,,2,0,0,0,,,,,0,0,,0,0,,,,1,1.0,0,0,0,0,0,0,0,MATCH,1,2.0
LC_047_R07.png,LC,line,comparison,LC_047,47,7,1349,670,OK,EXACT,2,2,2,0,0,0,laranja|azul,#EF6C00|#1F4FD8,#EF6C00|#1F4FD8,0.0,0.0,0.0,0.993642,0.987283,,,2,0,0,0,,,,,0,0,,0,0,,,,1,1.0,0,0,0,0,0,0,0,MATCH,1,2.0
LC_047_R08.png,LC,line,comparison,LC_047,47,8,1349,670,OK,EXACT,2,2,2,0,0,0,laranja|azul,#EF6C00|#1F4FD8,#EF6C00|#1F4FD8,0.0,0.0,0.0,0.993642,0.987283,,,2,0,0,0,,,,,0,0,,0,0,,,,1,1.0,0,0,0,0,0,0,0,MATCH,1,2.0
LC_047_R09.png,LC,line,comparison,LC_047,47,9,1349,670,OK,EXACT,2,2,2,0,0,0,laranja|azul,#EF6C00|#1F4FD8,#EF6C00|#1F4FD8,0.0,0.0,0.0,0.993642,0.987283,,,2,0,0,0,,,,,0,0,,0,0,,,,1,1.0,0,0,0,0,0,0,0,MATCH,1,2.0
LC_047_R10.png,LC,line,comparison,LC_047,47,10,1349,670,OK,EXACT,2,2,2,0,0,0,laranja|azul,#EF6C00|#1F4FD8,#EF6C00|#1F4FD8,0.0,0.0,0.0,0.993642,0.987283,,,2,0,0,0,,,,,0,0,,0,0,,,,1,1.0,0,0,0,0,0,0,0,MATCH,1,2.0
LC_048_R01.png,LC,line,comparison,LC_048,48,1,1145,671,OK,EXACT,2,2,2,0,0,0,laranja|azul,#EF6C00|#1F4FD8,#EF6C00|#1F4FD8,0.0,0.0,0.0,1.0,1.0,,,2,0,0,0,,,,,0,0,,0,0,,,,1,1.0,0,0,0,0,0,0,0,MATCH,1,2.0
LC_048_R02.png,LC,line,comparison,LC_048,48,2,1200,800,OK,EXACT,2,2,2,0,0,0,laranja|azul,#EF6C00|#1F4FD8,#EF6C00|#1F4FD8,0.0,0.0,0.0,0.970114,0.951566,,,2,0,0,0,,,,,0,0,,0,0,,,,1,1.0,0,0,0,0,0,0,0,MATCH,1,2.0
LC_048_R03.png,LC,line,comparison,LC_048,48,3,1200,800,OK,EXACT,2,2,2,0,0,0,laranja|azul,#EF6C00|#1F4FD8,#EF6C00|#1F4FD8,0.0,0.0,0.0,0.970114,0.951566,,,2,0,0,0,,,,,0,0,,0,0,,,,1,1.0,0,0,0,0,0,0,0,MATCH,1,2.0
LC_048_R04.png,LC,line,comparison,LC_048,48,4,1200,800,OK,EXACT,2,2,2,0,0,0,laranja|azul,#EF6C00|#1F4FD8,#EF6C00|#1F4FD8,0.0,0.0,0.0,0.996487,0.992973,,,2,0,0,0,,,,,0,0,,0,0,,,,1,1.0,0,0,0,0,0,0,0,MATCH,1,2.0
LC_048_R05.png,LC,line,comparison,LC_048,48,5,1200,800,OK,EXACT,2,2,2,0,0,0,laranja|azul,#EF6C00|#1F4FD8,#EF6C00|#1F4FD8,0.0,0.0,0.0,0.996487,0.992973,,,2,0,0,0,,,,,0,0,,0,0,,,,1,1.0,0,0,0,0,0,0,0,MATCH,1,2.0
LC_048_R06.png,LC,line,comparison,LC_048,48,6,1200,800,OK,EXACT,2,2,2,0,0,0,laranja|azul,#EF6C00|#1F4FD8,#EF6C00|#1F4FD8,0.0,0.0,0.0,0.996487,0.992973,,,2,0,0,0,,,,,0,0,,0,0,,,,1,1.0,0,0,0,0,0,0,0,MATCH,1,2.0
LC_048_R07.png,LC,line,comparison,LC_048,48,7,1200,800,OK,EXACT,2,2,2,0,0,0,laranja|azul,#EF6C00|#1F4FD8,#EF6C00|#1F4FD8,0.0,0.0,0.0,0.996487,0.992973,,,2,0,0,0,,,,,0,0,,0,0,,,,1,1.0,0,0,0,0,0,0,0,MATCH,1,2.0
LC_048_R08.png,LC,line,comparison,LC_048,48,8,1200,800,OK,EXACT,2,2,2,0,0,0,laranja|azul,#EF6C00|#1F4FD8,#EF6C00|#1F4FD8,0.0,0.0,0.0,0.996487,0.992973,,,2,0,0,0,,,,,0,0,,0,0,,,,1,1.0,0,0,0,0,0,0,0,MATCH,1,2.0
LC_048_R09.png,LC,line,comparison,LC_048,48,9,1200,800,OK,EXACT,2,2,2,0,0,0,laranja|azul,#EF6C00|#1F4FD8,#EF6C00|#1F4FD8,0.0,0.0,0.0,0.996487,0.992973,,,2,0,0,0,,,,,0,0,,0,0,,,,1,1.0,0,0,0,0,0,0,0,MATCH,1,2.0
LC_048_R10.png,LC,line,comparison,LC_048,48,10,1200,800,OK,EXACT,2,2,2,0,0,0,laranja|azul,#EF6C00|#1F4FD8,#EF6C00|#1F4FD8,0.0,0.0,0.0,0.996487,0.992973,,,2,0,0,0,,,,,0,0,,0,0,,,,1,1.0,0,0,0,0,0,0,0,MATCH,1,2.0
LC_049_R01.png,LC,line,comparison,LC_049,49,1,1189,790,NO_MARK,NO_MARK,2,0,0,0,2,2,laranja|azul,#EF6C00|#1F4FD8,,,,,,,,,0,0,0,0,,,,,0,0,,0,0,,,,0,,0,1,1,0,0,0,0,NO_MARK,0,2.0
LC_049_R02.png,LC,line,comparison,LC_049,49,2,1200,800,OK,EXACT,2,2,2,0,0,0,laranja|azul,#EF6C00|#1F4FD8,#EF6C00|#1F4FD8,0.0,0.0,0.0,0.970114,0.951566,,,2,0,0,0,,,,,0,0,,0,0,,,,1,1.0,0,0,0,0,0,0,0,MATCH,1,2.0
LC_049_R03.png,LC,line,comparison,LC_049,49,3,1200,800,OK,EXACT,2,2,2,0,0,0,laranja|azul,#EF6C00|#1F4FD8,#EF6C00|#1F4FD8,0.0,0.0,0.0,0.970114,0.951566,,,2,0,0,0,,,,,0,0,,0,0,,,,1,1.0,0,0,0,0,0,0,0,MATCH,1,2.0
LC_049_R04.png,LC,line,comparison,LC_049,49,4,1200,800,OK,EXACT,2,2,2,0,0,0,laranja|azul,#EF6C00|#1F4FD8,#EF6C00|#1F4FD8,0.0,0.0,0.0,0.970114,0.951566,,,2,0,0,0,,,,,0,0,,0,0,,,,1,1.0,0,0,0,0,0,0,0,MATCH,1,2.0
LC_049_R05.png,LC,line,comparison,LC_049,49,5,1200,800,OK,EXACT,2,2,2,0,0,0,laranja|azul,#EF6C00|#1F4FD8,#EF6C00|#1F4FD8,0.0,0.0,0.0,0.970114,0.951566,,,2,0,0,0,,,,,0,0,,0,0,,,,1,1.0,0,0,0,0,0,0,0,MATCH,1,2.0
LC_049_R06.png,LC,line,comparison,LC_049,49,6,1200,800,OK,EXACT,2,2,2,0,0,0,laranja|azul,#EF6C00|#1F4FD8,#EF6C00|#1F4FD8,0.0,0.0,0.0,0.970114,0.951566,,,2,0,0,0,,,,,0,0,,0,0,,,,1,1.0,0,0,0,0,0,0,0,MATCH,1,2.0
LC_049_R07.png,LC,line,comparison,LC_049,49,7,1200,800,OK,EXACT,2,2,2,0,0,0,laranja|azul,#EF6C00|#1F4FD8,#EF6C00|#1F4FD8,0.0,0.0,0.0,0.970114,0.951566,,,2,0,0,0,,,,,0,0,,0,0,,,,1,1.0,0,0,0,0,0,0,0,MATCH,1,2.0
LC_049_R08.png,LC,line,comparison,LC_049,49,8,1200,800,OK,EXACT,2,2,2,0,0,0,laranja|azul,#EF6C00|#1F4FD8,#EF6C00|#1F4FD8,0.0,0.0,0.0,0.970114,0.951566,,,2,0,0,0,,,,,0,0,,0,0,,,,1,1.0,0,0,0,0,0,0,0,MATCH,1,2.0
LC_049_R09.png,LC,line,comparison,LC_049,49,9,1200,800,OK,EXACT,2,2,2,0,0,0,laranja|azul,#EF6C00|#1F4FD8,#EF6C00|#1F4FD8,0.0,0.0,0.0,0.970114,0.951566,,,2,0,0,0,,,,,0,0,,0,0,,,,1,1.0,0,0,0,0,0,0,0,MATCH,1,2.0
LC_049_R10.png,LC,line,comparison,LC_049,49,10,1200,800,OK,EXACT,2,2,2,0,0,0,laranja|azul,#EF6C00|#1F4FD8,#EF6C00|#1F4FD8,0.0,0.0,0.0,0.970114,0.951566,,,2,0,0,0,,,,,0,0,,0,0,,,,1,1.0,0,0,0,0,0,0,0,MATCH,1,2.0
LC_050_R01.png,LC,line,comparison,LC_050,50,1,1352,671,OK,EXACT,2,2,2,0,0,0,laranja|azul,#EF6C00|#1F4FD8,#1F4FD8|#676AAC,23.662899,23.662899,47.325798,0.84375,0.6875,,,2,0,0,0,,,,,0,0,,0,0,,,,1,0.0,1,0,0,0,0,0,0,COLOR_DEVIATION,0,2.0
LC_050_R02.png,LC,line,comparison,LC_050,50,2,1200,800,OK,EXACT,2,2,2,0,0,0,laranja|azul,#EF6C00|#1F4FD8,#EF6C00|#1F4FD8,0.0,0.0,0.0,0.996487,0.992973,,,2,0,0,0,,,,,0,0,,0,0,,,,1,1.0,0,0,0,0,0,0,0,MATCH,1,2.0
LC_050_R03.png,LC,line,comparison,LC_050,50,3,1200,800,OK,EXACT,2,2,2,0,0,0,laranja|azul,#EF6C00|#1F4FD8,#EF6C00|#1F4FD8,0.0,0.0,0.0,0.996487,0.992973,,,2,0,0,0,,,,,0,0,,0,0,,,,1,1.0,0,0,0,0,0,0,0,MATCH,1,2.0
LC_050_R04.png,LC,line,comparison,LC_050,50,4,1200,800,OK,EXACT,2,2,2,0,0,0,laranja|azul,#EF6C00|#1F4FD8,#EF6C00|#1F4FD8,0.0,0.0,0.0,0.996487,0.992973,,,2,0,0,0,,,,,0,0,,0,0,,,,1,1.0,0,0,0,0,0,0,0,MATCH,1,2.0
LC_050_R05.png,LC,line,comparison,LC_050,50,5,1200,800,OK,EXACT,2,2,2,0,0,0,laranja|azul,#EF6C00|#1F4FD8,#EF6C00|#1F4FD8,0.0,0.0,0.0,0.996487,0.992973,,,2,0,0,0,,,,,0,0,,0,0,,,,1,1.0,0,0,0,0,0,0,0,MATCH,1,2.0
LC_050_R06.png,LC,line,comparison,LC_050,50,6,1200,800,OK,EXACT,2,2,2,0,0,0,laranja|azul,#EF6C00|#1F4FD8,#EF6C00|#1F4FD8,0.0,0.0,0.0,0.996487,0.992973,,,2,0,0,0,,,,,0,0,,0,0,,,,1,1.0,0,0,0,0,0,0,0,MATCH,1,2.0
LC_050_R07.png,LC,line,comparison,LC_050,50,7,1200,800,OK,EXACT,2,2,2,0,0,0,laranja|azul,#EF6C00|#1F4FD8,#EF6C00|#1F4FD8,0.0,0.0,0.0,0.996487,0.992973,,,2,0,0,0,,,,,0,0,,0,0,,,,1,1.0,0,0,0,0,0,0,0,MATCH,1,2.0
LC_050_R08.png,LC,line,comparison,LC_050,50,8,1200,800,OK,EXACT,2,2,2,0,0,0,laranja|azul,#EF6C00|#1F4FD8,#EF6C00|#1F4FD8,0.0,0.0,0.0,0.996487,0.992973,,,2,0,0,0,,,,,0,0,,0,0,,,,1,1.0,0,0,0,0,0,0,0,MATCH,1,2.0
LC_050_R09.png,LC,line,comparison,LC_050,50,9,1200,800,OK,EXACT,2,2,2,0,0,0,laranja|azul,#EF6C00|#1F4FD8,#EF6C00|#1F4FD8,0.0,0.0,0.0,0.996487,0.992973,,,2,0,0,0,,,,,0,0,,0,0,,,,1,1.0,0,0,0,0,0,0,0,MATCH,1,2.0
LC_050_R10.png,LC,line,comparison,LC_050,50,10,1200,800,OK,EXACT,2,2,2,0,0,0,laranja|azul,#EF6C00|#1F4FD8,#EF6C00|#1F4FD8,0.0,0.0,0.0,0.996487,0.992973,,,2,0,0,0,,,,,0,0,,0,0,,,,1,1.0,0,0,0,0,0,0,0,MATCH,1,2.0
LC_051_R01.png,LC,line,comparison,LC_051,51,1,1373,671,OK,EXACT,2,2,2,0,0,0,laranja|azul,#EF6C00|#1F4FD8,#EF6C00|#1F4FD8,0.0,0.0,0.0,0.994742,0.989484,,,2,0,0,0,,,,,0,0,,0,0,,,,1,1.0,0,0,0,0,0,0,0,MATCH,1,2.0
LC_051_R02.png,LC,line,comparison,LC_051,51,2,1143,669,OK,EXACT,2,2,2,0,0,0,laranja|azul,#EF6C00|#1F4FD8,#EF6C00|#1F4FD8,0.0,0.0,0.0,0.976064,0.964337,,,2,0,0,0,,,,,0,0,,0,0,,,,1,1.0,0,0,0,0,0,0,0,MATCH,1,2.0
LC_051_R03.png,LC,line,comparison,LC_051,51,3,1143,669,OK,EXACT,2,2,2,0,0,0,laranja|azul,#EF6C00|#1F4FD8,#EF6C00|#1F4FD8,0.0,0.0,0.0,0.976064,0.964337,,,2,0,0,0,,,,,0,0,,0,0,,,,1,1.0,0,0,0,0,0,0,0,MATCH,1,2.0
LC_051_R04.png,LC,line,comparison,LC_051,51,4,1143,669,OK,EXACT,2,2,2,0,0,0,laranja|azul,#EF6C00|#1F4FD8,#EF6C00|#1F4FD8,0.0,0.0,0.0,0.976064,0.964337,,,2,0,0,0,,,,,0,0,,0,0,,,,1,1.0,0,0,0,0,0,0,0,MATCH,1,2.0
LC_051_R05.png,LC,line,comparison,LC_051,51,5,1143,669,OK,EXACT,2,2,2,0,0,0,laranja|azul,#EF6C00|#1F4FD8,#EF6C00|#1F4FD8,0.0,0.0,0.0,0.976064,0.964337,,,2,0,0,0,,,,,0,0,,0,0,,,,1,1.0,0,0,0,0,0,0,0,MATCH,1,2.0
LC_051_R06.png,LC,line,comparison,LC_051,51,6,1143,669,OK,EXACT,2,2,2,0,0,0,laranja|azul,#EF6C00|#1F4FD8,#EF6C00|#1F4FD8,0.0,0.0,0.0,0.976064,0.964337,,,2,0,0,0,,,,,0,0,,0,0,,,,1,1.0,0,0,0,0,0,0,0,MATCH,1,2.0
LC_051_R07.png,LC,line,comparison,LC_051,51,7,1143,669,OK,EXACT,2,2,2,0,0,0,laranja|azul,#EF6C00|#1F4FD8,#EF6C00|#1F4FD8,0.0,0.0,0.0,0.976064,0.964337,,,2,0,0,0,,,,,0,0,,0,0,,,,1,1.0,0,0,0,0,0,0,0,MATCH,1,2.0
LC_051_R08.png,LC,line,comparison,LC_051,51,8,1143,669,OK,EXACT,2,2,2,0,0,0,laranja|azul,#EF6C00|#1F4FD8,#EF6C00|#1F4FD8,0.0,0.0,0.0,0.976064,0.964337,,,2,0,0,0,,,,,0,0,,0,0,,,,1,1.0,0,0,0,0,0,0,0,MATCH,1,2.0
LC_051_R09.png,LC,line,comparison,LC_051,51,9,1143,669,OK,EXACT,2,2,2,0,0,0,laranja|azul,#EF6C00|#1F4FD8,#EF6C00|#1F4FD8,0.0,0.0,0.0,0.976064,0.964337,,,2,0,0,0,,,,,0,0,,0,0,,,,1,1.0,0,0,0,0,0,0,0,MATCH,1,2.0
LC_051_R10.png,LC,line,comparison,LC_051,51,10,1143,669,OK,EXACT,2,2,2,0,0,0,laranja|azul,#EF6C00|#1F4FD8,#EF6C00|#1F4FD8,0.0,0.0,0.0,0.976064,0.964337,,,2,0,0,0,,,,,0,0,,0,0,,,,1,1.0,0,0,0,0,0,0,0,MATCH,1,2.0
LC_052_R01.png,LC,line,comparison,LC_052,52,1,1132,671,OK,EXACT,2,2,2,0,0,0,laranja|azul,#EF6C00|#1F4FD8,#EF6C00|#1F4FD8,0.0,0.0,0.0,0.977207,0.965064,,,2,0,0,0,,,,,0,0,,0,0,,,,1,1.0,0,0,0,0,0,0,0,MATCH,1,2.0
LC_052_R02.png,LC,line,comparison,LC_052,52,2,1200,800,OK,MISSING,2,1,1,0,1,1,laranja|azul,#EF6C00|#1F4FD8,#4169E1,8.542957,8.542957,8.542957,0.973834,0.973834,,,1,0,0,0,,,,,0,0,,0,0,,,,1,0.0,1,1,0,0,0,0,0,MISSING_COLOR+COLOR_DEVIATION,0,2.0
LC_052_R03.png,LC,line,comparison,LC_052,52,3,1200,800,OK,EXACT,2,2,2,0,0,0,laranja|azul,#EF6C00|#1F4FD8,#EF6C00|#4169E1,4.271479,4.271479,8.542957,0.972494,0.954584,,,2,0,0,0,,,,,0,0,,0,0,,,,1,0.0,1,0,0,0,0,0,0,COLOR_DEVIATION,0,2.0
LC_052_R04.png,LC,line,comparison,LC_052,52,4,1200,800,OK,EXACT,2,2,2,0,0,0,laranja|azul,#EF6C00|#1F4FD8,#EF6C00|#4169E1,4.271479,4.271479,8.542957,0.972494,0.954584,,,2,0,0,0,,,,,0,0,,0,0,,,,1,0.0,1,0,0,0,0,0,0,COLOR_DEVIATION,0,2.0
LC_052_R05.png,LC,line,comparison,LC_052,52,5,1200,800,OK,EXACT,2,2,2,0,0,0,laranja|azul,#EF6C00|#1F4FD8,#EF6C00|#4169E1,4.271479,4.271479,8.542957,0.972494,0.954584,,,2,0,0,0,,,,,0,0,,0,0,,,,1,0.0,1,0,0,0,0,0,0,COLOR_DEVIATION,0,2.0
LC_052_R06.png,LC,line,comparison,LC_052,52,6,1200,800,OK,EXACT,2,2,2,0,0,0,laranja|azul,#EF6C00|#1F4FD8,#EF6C00|#4169E1,4.271479,4.271479,8.542957,0.972494,0.954584,,,2,0,0,0,,,,,0,0,,0,0,,,,1,0.0,1,0,0,0,0,0,0,COLOR_DEVIATION,0,2.0
LC_052_R07.png,LC,line,comparison,LC_052,52,7,1200,800,OK,EXACT,2,2,2,0,0,0,laranja|azul,#EF6C00|#1F4FD8,#EF6C00|#4169E1,4.271479,4.271479,8.542957,0.972494,0.954584,,,2,0,0,0,,,,,0,0,,0,0,,,,1,0.0,1,0,0,0,0,0,0,COLOR_DEVIATION,0,2.0
LC_052_R08.png,LC,line,comparison,LC_052,52,8,1200,800,OK,EXACT,2,2,2,0,0,0,laranja|azul,#EF6C00|#1F4FD8,#EF6C00|#4169E1,4.271479,4.271479,8.542957,0.972494,0.954584,,,2,0,0,0,,,,,0,0,,0,0,,,,1,0.0,1,0,0,0,0,0,0,COLOR_DEVIATION,0,2.0
LC_052_R09.png,LC,line,comparison,LC_052,52,9,1200,800,OK,EXACT,2,2,2,0,0,0,laranja|azul,#EF6C00|#1F4FD8,#EF6C00|#4169E1,4.271479,4.271479,8.542957,0.972494,0.954584,,,2,0,0,0,,,,,0,0,,0,0,,,,1,0.0,1,0,0,0,0,0,0,COLOR_DEVIATION,0,2.0
LC_052_R10.png,LC,line,comparison,LC_052,52,10,1200,800,OK,EXACT,2,2,2,0,0,0,laranja|azul,#EF6C00|#1F4FD8,#EF6C00|#4169E1,4.271479,4.271479,8.542957,0.972494,0.954584,,,2,0,0,0,,,,,0,0,,0,0,,,,1,0.0,1,0,0,0,0,0,0,COLOR_DEVIATION,0,2.0
LI_001_R01.png,LI,line,identification,LI_001,1,1,1001,701,OK,EXACT,1,1,1,0,0,0,vermelho,#C62828,#800020,16.743257,16.743257,16.743257,0.970066,0.970066,,,1,0,0,0,,,,,0,0,,0,0,,,,1,0.0,1,0,0,0,0,0,0,COLOR_DEVIATION,0,2.0
LI_001_R02.png,LI,line,identification,LI_001,1,2,1132,671,OK,EXACT,1,1,1,0,0,0,vermelho,#C62828,#C62828,0.0,0.0,0.0,1.0,1.0,,,1,0,0,0,,,,,0,0,,0,0,,,,1,1.0,0,0,0,0,0,0,0,MATCH,1,2.0
LI_001_R03.png,LI,line,identification,LI_001,1,3,1132,671,OK,EXACT,1,1,1,0,0,0,vermelho,#C62828,#C62828,0.0,0.0,0.0,1.0,1.0,,,1,0,0,0,,,,,0,0,,0,0,,,,1,1.0,0,0,0,0,0,0,0,MATCH,1,2.0
LI_001_R04.png,LI,line,identification,LI_001,1,4,1132,671,OK,EXACT,1,1,1,0,0,0,vermelho,#C62828,#C62828,0.0,0.0,0.0,1.0,1.0,,,1,0,0,0,,,,,0,0,,0,0,,,,1,1.0,0,0,0,0,0,0,0,MATCH,1,2.0
LI_001_R05.png,LI,line,identification,LI_001,1,5,1132,671,OK,EXACT,1,1,1,0,0,0,vermelho,#C62828,#C62828,0.0,0.0,0.0,1.0,1.0,,,1,0,0,0,,,,,0,0,,0,0,,,,1,1.0,0,0,0,0,0,0,0,MATCH,1,2.0
LI_001_R06.png,LI,line,identification,LI_001,1,6,1132,671,OK,EXACT,1,1,1,0,0,0,vermelho,#C62828,#C62828,0.0,0.0,0.0,1.0,1.0,,,1,0,0,0,,,,,0,0,,0,0,,,,1,1.0,0,0,0,0,0,0,0,MATCH,1,2.0
LI_001_R07.png,LI,line,identification,LI_001,1,7,1132,671,OK,EXACT,1,1,1,0,0,0,vermelho,#C62828,#C62828,0.0,0.0,0.0,1.0,1.0,,,1,0,0,0,,,,,0,0,,0,0,,,,1,1.0,0,0,0,0,0,0,0,MATCH,1,2.0
LI_001_R08.png,LI,line,identification,LI_001,1,8,1132,671,OK,EXACT,1,1,1,0,0,0,vermelho,#C62828,#C62828,0.0,0.0,0.0,1.0,1.0,,,1,0,0,0,,,,,0,0,,0,0,,,,1,1.0,0,0,0,0,0,0,0,MATCH,1,2.0
LI_001_R09.png,LI,line,identification,LI_001,1,9,1132,671,OK,EXACT,1,1,1,0,0,0,vermelho,#C62828,#C62828,0.0,0.0,0.0,1.0,1.0,,,1,0,0,0,,,,,0,0,,0,0,,,,1,1.0,0,0,0,0,0,0,0,MATCH,1,2.0
LI_001_R10.png,LI,line,identification,LI_001,1,10,1132,671,OK,EXACT,1,1,1,0,0,0,vermelho,#C62828,#C62828,0.0,0.0,0.0,1.0,1.0,,,1,0,0,0,,,,,0,0,,0,0,,,,1,1.0,0,0,0,0,0,0,0,MATCH,1,2.0
LI_002_R01.png,LI,line,identification,LI_002,2,1,1116,671,OK,EXACT,1,1,1,0,0,0,vermelho,#C62828,#C62828,0.0,0.0,0.0,1.0,1.0,,,1,0,0,0,,,,,0,0,,0,0,,,,1,1.0,0,0,0,0,0,0,0,MATCH,1,2.0
LI_002_R02.png,LI,line,identification,LI_002,2,2,1200,800,OK,EXACT,1,1,1,0,0,0,vermelho,#C62828,#C62828,0.0,0.0,0.0,1.0,1.0,,,1,0,0,0,,,,,0,0,,0,0,,,,1,1.0,0,0,0,0,0,0,0,MATCH,1,2.0
LI_002_R03.png,LI,line,identification,LI_002,2,3,1200,800,OK,EXACT,1,1,1,0,0,0,vermelho,#C62828,#C62828,0.0,0.0,0.0,1.0,1.0,,,1,0,0,0,,,,,0,0,,0,0,,,,1,1.0,0,0,0,0,0,0,0,MATCH,1,2.0
LI_002_R04.png,LI,line,identification,LI_002,2,4,1200,800,OK,EXACT,1,1,1,0,0,0,vermelho,#C62828,#C62828,0.0,0.0,0.0,1.0,1.0,,,1,0,0,0,,,,,0,0,,0,0,,,,1,1.0,0,0,0,0,0,0,0,MATCH,1,2.0
LI_002_R05.png,LI,line,identification,LI_002,2,5,1200,800,OK,EXACT,1,1,1,0,0,0,vermelho,#C62828,#C62828,0.0,0.0,0.0,1.0,1.0,,,1,0,0,0,,,,,0,0,,0,0,,,,1,1.0,0,0,0,0,0,0,0,MATCH,1,2.0
LI_002_R06.png,LI,line,identification,LI_002,2,6,1200,800,OK,EXACT,1,1,1,0,0,0,vermelho,#C62828,#C62828,0.0,0.0,0.0,1.0,1.0,,,1,0,0,0,,,,,0,0,,0,0,,,,1,1.0,0,0,0,0,0,0,0,MATCH,1,2.0
LI_002_R07.png,LI,line,identification,LI_002,2,7,1200,800,OK,EXACT,1,1,1,0,0,0,vermelho,#C62828,#C62828,0.0,0.0,0.0,1.0,1.0,,,1,0,0,0,,,,,0,0,,0,0,,,,1,1.0,0,0,0,0,0,0,0,MATCH,1,2.0
LI_002_R08.png,LI,line,identification,LI_002,2,8,1200,800,OK,EXACT,1,1,1,0,0,0,vermelho,#C62828,#C62828,0.0,0.0,0.0,1.0,1.0,,,1,0,0,0,,,,,0,0,,0,0,,,,1,1.0,0,0,0,0,0,0,0,MATCH,1,2.0
LI_002_R09.png,LI,line,identification,LI_002,2,9,1200,800,OK,EXACT,1,1,1,0,0,0,vermelho,#C62828,#C62828,0.0,0.0,0.0,1.0,1.0,,,1,0,0,0,,,,,0,0,,0,0,,,,1,1.0,0,0,0,0,0,0,0,MATCH,1,2.0
LI_002_R10.png,LI,line,identification,LI_002,2,10,1200,800,OK,EXACT,1,1,1,0,0,0,vermelho,#C62828,#C62828,0.0,0.0,0.0,1.0,1.0,,,1,0,0,0,,,,,0,0,,0,0,,,,1,1.0,0,0,0,0,0,0,0,MATCH,1,2.0
LI_003_R01.png,LI,line,identification,LI_003,3,1,1116,671,OK,EXACT,1,1,1,0,0,0,vermelho,#C62828,#C62828,0.0,0.0,0.0,1.0,1.0,,,1,0,0,0,,,,,0,0,,0,0,,,,1,1.0,0,0,0,0,0,0,0,MATCH,1,2.0
LI_003_R02.png,LI,line,identification,LI_003,3,2,1200,800,OK,EXACT,1,1,1,0,0,0,vermelho,#C62828,#C62828,0.0,0.0,0.0,1.0,1.0,,,1,0,0,0,,,,,0,0,,0,0,,,,1,1.0,0,0,0,0,0,0,0,MATCH,1,2.0
LI_003_R03.png,LI,line,identification,LI_003,3,3,1200,800,OK,EXACT,1,1,1,0,0,0,vermelho,#C62828,#C62828,0.0,0.0,0.0,1.0,1.0,,,1,0,0,0,,,,,0,0,,0,0,,,,1,1.0,0,0,0,0,0,0,0,MATCH,1,2.0
LI_003_R04.png,LI,line,identification,LI_003,3,4,1200,800,OK,EXACT,1,1,1,0,0,0,vermelho,#C62828,#C62828,0.0,0.0,0.0,1.0,1.0,,,1,0,0,0,,,,,0,0,,0,0,,,,1,1.0,0,0,0,0,0,0,0,MATCH,1,2.0
LI_003_R05.png,LI,line,identification,LI_003,3,5,1200,800,OK,EXACT,1,1,1,0,0,0,vermelho,#C62828,#C62828,0.0,0.0,0.0,1.0,1.0,,,1,0,0,0,,,,,0,0,,0,0,,,,1,1.0,0,0,0,0,0,0,0,MATCH,1,2.0
LI_003_R06.png,LI,line,identification,LI_003,3,6,1200,800,OK,EXACT,1,1,1,0,0,0,vermelho,#C62828,#C62828,0.0,0.0,0.0,1.0,1.0,,,1,0,0,0,,,,,0,0,,0,0,,,,1,1.0,0,0,0,0,0,0,0,MATCH,1,2.0
LI_003_R07.png,LI,line,identification,LI_003,3,7,1200,800,OK,EXACT,1,1,1,0,0,0,vermelho,#C62828,#C62828,0.0,0.0,0.0,1.0,1.0,,,1,0,0,0,,,,,0,0,,0,0,,,,1,1.0,0,0,0,0,0,0,0,MATCH,1,2.0
LI_003_R08.png,LI,line,identification,LI_003,3,8,1200,800,OK,EXACT,1,1,1,0,0,0,vermelho,#C62828,#C62828,0.0,0.0,0.0,1.0,1.0,,,1,0,0,0,,,,,0,0,,0,0,,,,1,1.0,0,0,0,0,0,0,0,MATCH,1,2.0
LI_003_R09.png,LI,line,identification,LI_003,3,9,1200,800,OK,EXACT,1,1,1,0,0,0,vermelho,#C62828,#C62828,0.0,0.0,0.0,1.0,1.0,,,1,0,0,0,,,,,0,0,,0,0,,,,1,1.0,0,0,0,0,0,0,0,MATCH,1,2.0
LI_003_R10.png,LI,line,identification,LI_003,3,10,1200,800,OK,EXACT,1,1,1,0,0,0,vermelho,#C62828,#C62828,0.0,0.0,0.0,1.0,1.0,,,1,0,0,0,,,,,0,0,,0,0,,,,1,1.0,0,0,0,0,0,0,0,MATCH,1,2.0
LI_004_R01.png,LI,line,identification,LI_004,4,1,1132,671,OK,EXACT,1,1,1,0,0,0,vermelho,#C62828,#C62828,0.0,0.0,0.0,1.0,1.0,,,1,0,0,0,,,,,0,0,,0,0,,,,1,1.0,0,0,0,0,0,0,0,MATCH,1,2.0
LI_004_R02.png,LI,line,identification,LI_004,4,2,1200,800,OK,EXACT,1,1,1,0,0,0,vermelho,#C62828,#C62828,0.0,0.0,0.0,0.993705,0.993705,,,1,0,0,0,,,,,0,0,,0,0,,,,1,1.0,0,0,0,0,0,0,0,MATCH,1,2.0
LI_004_R03.png,LI,line,identification,LI_004,4,3,1200,800,OK,EXACT,1,1,1,0,0,0,vermelho,#C62828,#C62828,0.0,0.0,0.0,0.993705,0.993705,,,1,0,0,0,,,,,0,0,,0,0,,,,1,1.0,0,0,0,0,0,0,0,MATCH,1,2.0
LI_004_R04.png,LI,line,identification,LI_004,4,4,1200,800,OK,EXACT,1,1,1,0,0,0,vermelho,#C62828,#C62828,0.0,0.0,0.0,0.993705,0.993705,,,1,0,0,0,,,,,0,0,,0,0,,,,1,1.0,0,0,0,0,0,0,0,MATCH,1,2.0
LI_004_R05.png,LI,line,identification,LI_004,4,5,1200,800,OK,EXACT,1,1,1,0,0,0,vermelho,#C62828,#C62828,0.0,0.0,0.0,0.993705,0.993705,,,1,0,0,0,,,,,0,0,,0,0,,,,1,1.0,0,0,0,0,0,0,0,MATCH,1,2.0
LI_004_R06.png,LI,line,identification,LI_004,4,6,1200,800,OK,EXACT,1,1,1,0,0,0,vermelho,#C62828,#C62828,0.0,0.0,0.0,0.993705,0.993705,,,1,0,0,0,,,,,0,0,,0,0,,,,1,1.0,0,0,0,0,0,0,0,MATCH,1,2.0
LI_004_R07.png,LI,line,identification,LI_004,4,7,1200,800,OK,EXACT,1,1,1,0,0,0,vermelho,#C62828,#C62828,0.0,0.0,0.0,0.993705,0.993705,,,1,0,0,0,,,,,0,0,,0,0,,,,1,1.0,0,0,0,0,0,0,0,MATCH,1,2.0
LI_004_R08.png,LI,line,identification,LI_004,4,8,1200,800,OK,EXACT,1,1,1,0,0,0,vermelho,#C62828,#C62828,0.0,0.0,0.0,0.993705,0.993705,,,1,0,0,0,,,,,0,0,,0,0,,,,1,1.0,0,0,0,0,0,0,0,MATCH,1,2.0
LI_004_R09.png,LI,line,identification,LI_004,4,9,1200,800,OK,EXACT,1,1,1,0,0,0,vermelho,#C62828,#C62828,0.0,0.0,0.0,0.993705,0.993705,,,1,0,0,0,,,,,0,0,,0,0,,,,1,1.0,0,0,0,0,0,0,0,MATCH,1,2.0
LI_004_R10.png,LI,line,identification,LI_004,4,10,1200,800,OK,EXACT,1,1,1,0,0,0,vermelho,#C62828,#C62828,0.0,0.0,0.0,0.993705,0.993705,,,1,0,0,0,,,,,0,0,,0,0,,,,1,1.0,0,0,0,0,0,0,0,MATCH,1,2.0
LI_005_R01.png,LI,line,identification,LI_005,5,1,1189,790,OK,EXACT,1,1,1,0,0,0,vermelho,#C62828,#C62828,0.0,0.0,0.0,1.0,1.0,,,1,0,0,0,,,,,0,0,,0,0,,,,1,1.0,0,0,0,0,0,0,0,MATCH,1,2.0
LI_005_R02.png,LI,line,identification,LI_005,5,2,1200,800,OK,EXACT,1,1,1,0,0,0,vermelho,#C62828,#C62828,0.0,0.0,0.0,1.0,1.0,,,1,0,0,0,,,,,0,0,,0,0,,,,1,1.0,0,0,0,0,0,0,0,MATCH,1,2.0
LI_005_R03.png,LI,line,identification,LI_005,5,3,1200,800,OK,EXACT,1,1,1,0,0,0,vermelho,#C62828,#C62828,0.0,0.0,0.0,1.0,1.0,,,1,0,0,0,,,,,0,0,,0,0,,,,1,1.0,0,0,0,0,0,0,0,MATCH,1,2.0
LI_005_R04.png,LI,line,identification,LI_005,5,4,1200,800,OK,EXACT,1,1,1,0,0,0,vermelho,#C62828,#C62828,0.0,0.0,0.0,1.0,1.0,,,1,0,0,0,,,,,0,0,,0,0,,,,1,1.0,0,0,0,0,0,0,0,MATCH,1,2.0
LI_005_R05.png,LI,line,identification,LI_005,5,5,1200,800,OK,EXACT,1,1,1,0,0,0,vermelho,#C62828,#C62828,0.0,0.0,0.0,1.0,1.0,,,1,0,0,0,,,,,0,0,,0,0,,,,1,1.0,0,0,0,0,0,0,0,MATCH,1,2.0
LI_005_R06.png,LI,line,identification,LI_005,5,6,1200,800,OK,EXACT,1,1,1,0,0,0,vermelho,#C62828,#C62828,0.0,0.0,0.0,1.0,1.0,,,1,0,0,0,,,,,0,0,,0,0,,,,1,1.0,0,0,0,0,0,0,0,MATCH,1,2.0
LI_005_R07.png,LI,line,identification,LI_005,5,7,1200,800,OK,EXACT,1,1,1,0,0,0,vermelho,#C62828,#C62828,0.0,0.0,0.0,1.0,1.0,,,1,0,0,0,,,,,0,0,,0,0,,,,1,1.0,0,0,0,0,0,0,0,MATCH,1,2.0
LI_005_R08.png,LI,line,identification,LI_005,5,8,1200,800,OK,EXACT,1,1,1,0,0,0,vermelho,#C62828,#C62828,0.0,0.0,0.0,1.0,1.0,,,1,0,0,0,,,,,0,0,,0,0,,,,1,1.0,0,0,0,0,0,0,0,MATCH,1,2.0
LI_005_R09.png,LI,line,identification,LI_005,5,9,1200,800,OK,EXACT,1,1,1,0,0,0,vermelho,#C62828,#C62828,0.0,0.0,0.0,1.0,1.0,,,1,0,0,0,,,,,0,0,,0,0,,,,1,1.0,0,0,0,0,0,0,0,MATCH,1,2.0
LI_005_R10.png,LI,line,identification,LI_005,5,10,1200,800,OK,EXACT,1,1,1,0,0,0,vermelho,#C62828,#C62828,0.0,0.0,0.0,1.0,1.0,,,1,0,0,0,,,,,0,0,,0,0,,,,1,1.0,0,0,0,0,0,0,0,MATCH,1,2.0
LI_006_R01.png,LI,line,identification,LI_006,6,1,1189,790,OK,EXACT,1,1,1,0,0,0,vermelho,#C62828,#C62828,0.0,0.0,0.0,1.0,1.0,,,1,0,0,0,,,,,0,0,,0,0,,,,1,1.0,0,0,0,0,0,0,0,MATCH,1,2.0
LI_006_R02.png,LI,line,identification,LI_006,6,2,1200,800,OK,EXACT,1,1,1,0,0,0,vermelho,#C62828,#C62828,0.0,0.0,0.0,1.0,1.0,,,1,0,0,0,,,,,0,0,,0,0,,,,1,1.0,0,0,0,0,0,0,0,MATCH,1,2.0
LI_006_R03.png,LI,line,identification,LI_006,6,3,1200,800,OK,EXACT,1,1,1,0,0,0,vermelho,#C62828,#C62828,0.0,0.0,0.0,1.0,1.0,,,1,0,0,0,,,,,0,0,,0,0,,,,1,1.0,0,0,0,0,0,0,0,MATCH,1,2.0
LI_006_R04.png,LI,line,identification,LI_006,6,4,1200,800,OK,EXACT,1,1,1,0,0,0,vermelho,#C62828,#C62828,0.0,0.0,0.0,1.0,1.0,,,1,0,0,0,,,,,0,0,,0,0,,,,1,1.0,0,0,0,0,0,0,0,MATCH,1,2.0
LI_006_R05.png,LI,line,identification,LI_006,6,5,1200,800,OK,EXACT,1,1,1,0,0,0,vermelho,#C62828,#C62828,0.0,0.0,0.0,1.0,1.0,,,1,0,0,0,,,,,0,0,,0,0,,,,1,1.0,0,0,0,0,0,0,0,MATCH,1,2.0
LI_006_R06.png,LI,line,identification,LI_006,6,6,1200,800,OK,EXACT,1,1,1,0,0,0,vermelho,#C62828,#C62828,0.0,0.0,0.0,1.0,1.0,,,1,0,0,0,,,,,0,0,,0,0,,,,1,1.0,0,0,0,0,0,0,0,MATCH,1,2.0
LI_006_R07.png,LI,line,identification,LI_006,6,7,1200,800,OK,EXACT,1,1,1,0,0,0,vermelho,#C62828,#C62828,0.0,0.0,0.0,1.0,1.0,,,1,0,0,0,,,,,0,0,,0,0,,,,1,1.0,0,0,0,0,0,0,0,MATCH,1,2.0
LI_006_R08.png,LI,line,identification,LI_006,6,8,1200,800,OK,EXACT,1,1,1,0,0,0,vermelho,#C62828,#C62828,0.0,0.0,0.0,1.0,1.0,,,1,0,0,0,,,,,0,0,,0,0,,,,1,1.0,0,0,0,0,0,0,0,MATCH,1,2.0
LI_006_R09.png,LI,line,identification,LI_006,6,9,1200,800,OK,EXACT,1,1,1,0,0,0,vermelho,#C62828,#C62828,0.0,0.0,0.0,1.0,1.0,,,1,0,0,0,,,,,0,0,,0,0,,,,1,1.0,0,0,0,0,0,0,0,MATCH,1,2.0
LI_006_R10.png,LI,line,identification,LI_006,6,10,1200,800,OK,EXACT,1,1,1,0,0,0,vermelho,#C62828,#C62828,0.0,0.0,0.0,1.0,1.0,,,1,0,0,0,,,,,0,0,,0,0,,,,1,1.0,0,0,0,0,0,0,0,MATCH,1,2.0
LI_007_R01.png,LI,line,identification,LI_007,7,1,1116,671,OK,EXACT,1,1,1,0,0,0,vermelho,#C62828,#C62828,0.0,0.0,0.0,0.987193,0.987193,,,1,0,0,0,,,,,0,0,,0,0,,,,1,1.0,0,0,0,0,0,0,0,MATCH,1,2.0
LI_007_R02.png,LI,line,identification,LI_007,7,2,1200,800,OK,EXACT,1,1,1,0,0,0,vermelho,#C62828,#C62828,0.0,0.0,0.0,0.983913,0.983913,,,1,0,0,0,,,,,0,0,,0,0,,,,1,1.0,0,0,0,0,0,0,0,MATCH,1,2.0
LI_007_R03.png,LI,line,identification,LI_007,7,3,1200,800,OK,EXACT,1,1,1,0,0,0,vermelho,#C62828,#C62828,0.0,0.0,0.0,0.983913,0.983913,,,1,0,0,0,,,,,0,0,,0,0,,,,1,1.0,0,0,0,0,0,0,0,MATCH,1,2.0
LI_007_R04.png,LI,line,identification,LI_007,7,4,1200,800,OK,EXACT,1,1,1,0,0,0,vermelho,#C62828,#C62828,0.0,0.0,0.0,0.983913,0.983913,,,1,0,0,0,,,,,0,0,,0,0,,,,1,1.0,0,0,0,0,0,0,0,MATCH,1,2.0
LI_007_R05.png,LI,line,identification,LI_007,7,5,1200,800,OK,EXACT,1,1,1,0,0,0,vermelho,#C62828,#C62828,0.0,0.0,0.0,0.983913,0.983913,,,1,0,0,0,,,,,0,0,,0,0,,,,1,1.0,0,0,0,0,0,0,0,MATCH,1,2.0
LI_007_R06.png,LI,line,identification,LI_007,7,6,1200,800,OK,EXACT,1,1,1,0,0,0,vermelho,#C62828,#C62828,0.0,0.0,0.0,0.983913,0.983913,,,1,0,0,0,,,,,0,0,,0,0,,,,1,1.0,0,0,0,0,0,0,0,MATCH,1,2.0
LI_007_R07.png,LI,line,identification,LI_007,7,7,1200,800,OK,EXACT,1,1,1,0,0,0,vermelho,#C62828,#C62828,0.0,0.0,0.0,0.983913,0.983913,,,1,0,0,0,,,,,0,0,,0,0,,,,1,1.0,0,0,0,0,0,0,0,MATCH,1,2.0
LI_007_R08.png,LI,line,identification,LI_007,7,8,1200,800,OK,EXACT,1,1,1,0,0,0,vermelho,#C62828,#C62828,0.0,0.0,0.0,0.983913,0.983913,,,1,0,0,0,,,,,0,0,,0,0,,,,1,1.0,0,0,0,0,0,0,0,MATCH,1,2.0
LI_007_R09.png,LI,line,identification,LI_007,7,9,1200,800,OK,EXACT,1,1,1,0,0,0,vermelho,#C62828,#C62828,0.0,0.0,0.0,0.983913,0.983913,,,1,0,0,0,,,,,0,0,,0,0,,,,1,1.0,0,0,0,0,0,0,0,MATCH,1,2.0
LI_007_R10.png,LI,line,identification,LI_007,7,10,1200,800,OK,EXACT,1,1,1,0,0,0,vermelho,#C62828,#C62828,0.0,0.0,0.0,0.983913,0.983913,,,1,0,0,0,,,,,0,0,,0,0,,,,1,1.0,0,0,0,0,0,0,0,MATCH,1,2.0
LI_008_R01.png,LI,line,identification,LI_008,8,1,1200,800,OK,EXACT,1,1,1,0,0,0,vermelho,#C62828,#C62828,0.0,0.0,0.0,1.0,1.0,,,1,0,0,0,,,,,0,0,,0,0,,,,1,1.0,0,0,0,0,0,0,0,MATCH,1,2.0
LI_008_R02.png,LI,line,identification,LI_008,8,2,1123,671,OK,EXACT,1,1,1,0,0,0,vermelho,#C62828,#C62828,0.0,0.0,0.0,0.77796,0.77796,,,1,0,0,0,,,,,0,0,,0,0,,,,1,1.0,0,0,0,0,0,0,0,MATCH,1,2.0
LI_008_R03.png,LI,line,identification,LI_008,8,3,1200,800,NO_MARK,NO_MARK,1,0,0,0,1,1,vermelho,#C62828,,,,,,,,,0,0,0,0,,,,,0,0,,0,0,,,,0,,0,1,1,0,0,0,0,NO_MARK,0,2.0
LI_008_R04.png,LI,line,identification,LI_008,8,4,1200,800,OK,EXACT,1,1,1,0,0,0,vermelho,#C62828,#C62828,0.0,0.0,0.0,0.993245,0.993245,,,1,0,0,0,,,,,0,0,,0,0,,,,1,1.0,0,0,0,0,0,0,0,MATCH,1,2.0
LI_008_R05.png,LI,line,identification,LI_008,8,5,1200,800,OK,EXACT,1,1,1,0,0,0,vermelho,#C62828,#C62828,0.0,0.0,0.0,0.993245,0.993245,,,1,0,0,0,,,,,0,0,,0,0,,,,1,1.0,0,0,0,0,0,0,0,MATCH,1,2.0
LI_008_R06.png,LI,line,identification,LI_008,8,6,1200,800,OK,EXACT,1,1,1,0,0,0,vermelho,#C62828,#C62828,0.0,0.0,0.0,0.993245,0.993245,,,1,0,0,0,,,,,0,0,,0,0,,,,1,1.0,0,0,0,0,0,0,0,MATCH,1,2.0
LI_008_R07.png,LI,line,identification,LI_008,8,7,1200,800,OK,EXACT,1,1,1,0,0,0,vermelho,#C62828,#C62828,0.0,0.0,0.0,0.993245,0.993245,,,1,0,0,0,,,,,0,0,,0,0,,,,1,1.0,0,0,0,0,0,0,0,MATCH,1,2.0
LI_008_R08.png,LI,line,identification,LI_008,8,8,1200,800,OK,EXACT,1,1,1,0,0,0,vermelho,#C62828,#C62828,0.0,0.0,0.0,0.993245,0.993245,,,1,0,0,0,,,,,0,0,,0,0,,,,1,1.0,0,0,0,0,0,0,0,MATCH,1,2.0
LI_008_R09.png,LI,line,identification,LI_008,8,9,1200,800,OK,EXACT,1,1,1,0,0,0,vermelho,#C62828,#C62828,0.0,0.0,0.0,0.993245,0.993245,,,1,0,0,0,,,,,0,0,,0,0,,,,1,1.0,0,0,0,0,0,0,0,MATCH,1,2.0
LI_008_R10.png,LI,line,identification,LI_008,8,10,1123,671,OK,EXACT,1,1,1,0,0,0,vermelho,#C62828,#C62828,0.0,0.0,0.0,0.77796,0.77796,,,1,0,0,0,,,,,0,0,,0,0,,,,1,1.0,0,0,0,0,0,0,0,MATCH,1,2.0
LI_009_R01.png,LI,line,identification,LI_009,9,1,1200,800,OK,EXACT,1,1,1,0,0,0,vermelho,#C62828,#C62828,0.0,0.0,0.0,1.0,1.0,,,1,0,0,0,,,,,0,0,,0,0,,,,1,1.0,0,0,0,0,0,0,0,MATCH,1,2.0
LI_009_R02.png,LI,line,identification,LI_009,9,2,1200,800,OK,EXACT,1,1,1,0,0,0,vermelho,#C62828,#C62828,0.0,0.0,0.0,0.99485,0.99485,,,1,0,0,0,,,,,0,0,,0,0,,,,1,1.0,0,0,0,0,0,0,0,MATCH,1,2.0
LI_009_R03.png,LI,line,identification,LI_009,9,3,1200,800,OK,EXACT,1,1,1,0,0,0,vermelho,#C62828,#C62828,0.0,0.0,0.0,0.99485,0.99485,,,1,0,0,0,,,,,0,0,,0,0,,,,1,1.0,0,0,0,0,0,0,0,MATCH,1,2.0
LI_009_R04.png,LI,line,identification,LI_009,9,4,1200,800,OK,EXACT,1,1,1,0,0,0,vermelho,#C62828,#C62828,0.0,0.0,0.0,0.99485,0.99485,,,1,0,0,0,,,,,0,0,,0,0,,,,1,1.0,0,0,0,0,0,0,0,MATCH,1,2.0
LI_009_R05.png,LI,line,identification,LI_009,9,5,1200,800,OK,EXACT,1,1,1,0,0,0,vermelho,#C62828,#C62828,0.0,0.0,0.0,0.99485,0.99485,,,1,0,0,0,,,,,0,0,,0,0,,,,1,1.0,0,0,0,0,0,0,0,MATCH,1,2.0
LI_009_R06.png,LI,line,identification,LI_009,9,6,1200,800,OK,EXACT,1,1,1,0,0,0,vermelho,#C62828,#C62828,0.0,0.0,0.0,0.99485,0.99485,,,1,0,0,0,,,,,0,0,,0,0,,,,1,1.0,0,0,0,0,0,0,0,MATCH,1,2.0
LI_009_R07.png,LI,line,identification,LI_009,9,7,1200,800,OK,EXACT,1,1,1,0,0,0,vermelho,#C62828,#C62828,0.0,0.0,0.0,0.99485,0.99485,,,1,0,0,0,,,,,0,0,,0,0,,,,1,1.0,0,0,0,0,0,0,0,MATCH,1,2.0
LI_009_R08.png,LI,line,identification,LI_009,9,8,1200,800,OK,EXACT,1,1,1,0,0,0,vermelho,#C62828,#C62828,0.0,0.0,0.0,0.99485,0.99485,,,1,0,0,0,,,,,0,0,,0,0,,,,1,1.0,0,0,0,0,0,0,0,MATCH,1,2.0
LI_009_R09.png,LI,line,identification,LI_009,9,9,1200,800,OK,EXACT,1,1,1,0,0,0,vermelho,#C62828,#C62828,0.0,0.0,0.0,0.99485,0.99485,,,1,0,0,0,,,,,0,0,,0,0,,,,1,1.0,0,0,0,0,0,0,0,MATCH,1,2.0
LI_009_R10.png,LI,line,identification,LI_009,9,10,1200,800,OK,EXACT,1,1,1,0,0,0,vermelho,#C62828,#C62828,0.0,0.0,0.0,0.99485,0.99485,,,1,0,0,0,,,,,0,0,,0,0,,,,1,1.0,0,0,0,0,0,0,0,MATCH,1,2.0
LI_010_R01.png,LI,line,identification,LI_010,10,1,1200,800,OK,EXACT,1,1,1,0,0,0,vermelho,#C62828,#C62828,0.0,0.0,0.0,1.0,1.0,,,1,0,0,0,,,,,0,0,,0,0,,,,1,1.0,0,0,0,0,0,0,0,MATCH,1,2.0
LI_010_R02.png,LI,line,identification,LI_010,10,2,1200,800,OK,EXACT,1,1,1,0,0,0,vermelho,#C62828,#C62828,0.0,0.0,0.0,0.980931,0.980931,,,1,0,0,0,,,,,0,0,,0,0,,,,1,1.0,0,0,0,0,0,0,0,MATCH,1,2.0
LI_010_R03.png,LI,line,identification,LI_010,10,3,1200,800,OK,EXACT,1,1,1,0,0,0,vermelho,#C62828,#C62828,0.0,0.0,0.0,0.980931,0.980931,,,1,0,0,0,,,,,0,0,,0,0,,,,1,1.0,0,0,0,0,0,0,0,MATCH,1,2.0
LI_010_R04.png,LI,line,identification,LI_010,10,4,1200,800,OK,EXACT,1,1,1,0,0,0,vermelho,#C62828,#C62828,0.0,0.0,0.0,0.980931,0.980931,,,1,0,0,0,,,,,0,0,,0,0,,,,1,1.0,0,0,0,0,0,0,0,MATCH,1,2.0
LI_010_R05.png,LI,line,identification,LI_010,10,5,1200,800,OK,EXACT,1,1,1,0,0,0,vermelho,#C62828,#C62828,0.0,0.0,0.0,0.980931,0.980931,,,1,0,0,0,,,,,0,0,,0,0,,,,1,1.0,0,0,0,0,0,0,0,MATCH,1,2.0
LI_010_R06.png,LI,line,identification,LI_010,10,6,1200,800,OK,EXACT,1,1,1,0,0,0,vermelho,#C62828,#C62828,0.0,0.0,0.0,0.980931,0.980931,,,1,0,0,0,,,,,0,0,,0,0,,,,1,1.0,0,0,0,0,0,0,0,MATCH,1,2.0
LI_010_R07.png,LI,line,identification,LI_010,10,7,1200,800,OK,EXACT,1,1,1,0,0,0,vermelho,#C62828,#C62828,0.0,0.0,0.0,0.980931,0.980931,,,1,0,0,0,,,,,0,0,,0,0,,,,1,1.0,0,0,0,0,0,0,0,MATCH,1,2.0
LI_010_R08.png,LI,line,identification,LI_010,10,8,1200,800,OK,EXACT,1,1,1,0,0,0,vermelho,#C62828,#C62828,0.0,0.0,0.0,0.980931,0.980931,,,1,0,0,0,,,,,0,0,,0,0,,,,1,1.0,0,0,0,0,0,0,0,MATCH,1,2.0
LI_010_R09.png,LI,line,identification,LI_010,10,9,1200,800,OK,EXACT,1,1,1,0,0,0,vermelho,#C62828,#C62828,0.0,0.0,0.0,0.980931,0.980931,,,1,0,0,0,,,,,0,0,,0,0,,,,1,1.0,0,0,0,0,0,0,0,MATCH,1,2.0
LI_010_R10.png,LI,line,identification,LI_010,10,10,1200,800,OK,EXACT,1,1,1,0,0,0,vermelho,#C62828,#C62828,0.0,0.0,0.0,0.980931,0.980931,,,1,0,0,0,,,,,0,0,,0,0,,,,1,1.0,0,0,0,0,0,0,0,MATCH,1,2.0
LI_011_R01.png,LI,line,identification,LI_011,11,1,1006,703,OK,EXACT,1,1,1,0,0,0,vermelho,#C62828,#C62828,0.0,0.0,0.0,1.0,1.0,,,1,0,0,0,,,,,0,0,,0,0,,,,1,1.0,0,0,0,0,0,0,0,MATCH,1,2.0
LI_011_R02.png,LI,line,identification,LI_011,11,2,1132,671,OK,EXACT,1,1,1,0,0,0,vermelho,#C62828,#C62828,0.0,0.0,0.0,1.0,1.0,,,1,0,0,0,,,,,0,0,,0,0,,,,1,1.0,0,0,0,0,0,0,0,MATCH,1,2.0
LI_011_R03.png,LI,line,identification,LI_011,11,3,1132,671,OK,EXACT,1,1,1,0,0,0,vermelho,#C62828,#C62828,0.0,0.0,0.0,1.0,1.0,,,1,0,0,0,,,,,0,0,,0,0,,,,1,1.0,0,0,0,0,0,0,0,MATCH,1,2.0
LI_011_R04.png,LI,line,identification,LI_011,11,4,1132,671,OK,EXACT,1,1,1,0,0,0,vermelho,#C62828,#C62828,0.0,0.0,0.0,1.0,1.0,,,1,0,0,0,,,,,0,0,,0,0,,,,1,1.0,0,0,0,0,0,0,0,MATCH,1,2.0
LI_011_R05.png,LI,line,identification,LI_011,11,5,1132,671,OK,EXACT,1,1,1,0,0,0,vermelho,#C62828,#C62828,0.0,0.0,0.0,1.0,1.0,,,1,0,0,0,,,,,0,0,,0,0,,,,1,1.0,0,0,0,0,0,0,0,MATCH,1,2.0
LI_011_R06.png,LI,line,identification,LI_011,11,6,1132,671,OK,EXACT,1,1,1,0,0,0,vermelho,#C62828,#C62828,0.0,0.0,0.0,1.0,1.0,,,1,0,0,0,,,,,0,0,,0,0,,,,1,1.0,0,0,0,0,0,0,0,MATCH,1,2.0
LI_011_R07.png,LI,line,identification,LI_011,11,7,1132,671,OK,EXACT,1,1,1,0,0,0,vermelho,#C62828,#C62828,0.0,0.0,0.0,1.0,1.0,,,1,0,0,0,,,,,0,0,,0,0,,,,1,1.0,0,0,0,0,0,0,0,MATCH,1,2.0
LI_011_R08.png,LI,line,identification,LI_011,11,8,1132,671,OK,EXACT,1,1,1,0,0,0,vermelho,#C62828,#C62828,0.0,0.0,0.0,1.0,1.0,,,1,0,0,0,,,,,0,0,,0,0,,,,1,1.0,0,0,0,0,0,0,0,MATCH,1,2.0
LI_011_R09.png,LI,line,identification,LI_011,11,9,1132,671,OK,EXACT,1,1,1,0,0,0,vermelho,#C62828,#C62828,0.0,0.0,0.0,1.0,1.0,,,1,0,0,0,,,,,0,0,,0,0,,,,1,1.0,0,0,0,0,0,0,0,MATCH,1,2.0
LI_011_R10.png,LI,line,identification,LI_011,11,10,1132,671,OK,EXACT,1,1,1,0,0,0,vermelho,#C62828,#C62828,0.0,0.0,0.0,1.0,1.0,,,1,0,0,0,,,,,0,0,,0,0,,,,1,1.0,0,0,0,0,0,0,0,MATCH,1,2.0
LI_012_R01.png,LI,line,identification,LI_012,12,1,1132,671,OK,EXACT,1,1,1,0,0,0,vermelho,#C62828,#C62828,0.0,0.0,0.0,1.0,1.0,,,1,0,0,0,,,,,0,0,,0,0,,,,1,1.0,0,0,0,0,0,0,0,MATCH,1,2.0
LI_012_R02.png,LI,line,identification,LI_012,12,2,1200,800,OK,EXACT,1,1,1,0,0,0,vermelho,#C62828,#C62828,0.0,0.0,0.0,0.995799,0.995799,,,1,0,0,0,,,,,0,0,,0,0,,,,1,1.0,0,0,0,0,0,0,0,MATCH,1,2.0
LI_012_R03.png,LI,line,identification,LI_012,12,3,1200,800,OK,EXACT,1,1,1,0,0,0,vermelho,#C62828,#C62828,0.0,0.0,0.0,0.995799,0.995799,,,1,0,0,0,,,,,0,0,,0,0,,,,1,1.0,0,0,0,0,0,0,0,MATCH,1,2.0
LI_012_R04.png,LI,line,identification,LI_012,12,4,1200,800,OK,EXACT,1,1,1,0,0,0,vermelho,#C62828,#C62828,0.0,0.0,0.0,0.995799,0.995799,,,1,0,0,0,,,,,0,0,,0,0,,,,1,1.0,0,0,0,0,0,0,0,MATCH,1,2.0
LI_012_R05.png,LI,line,identification,LI_012,12,5,1200,800,OK,EXACT,1,1,1,0,0,0,vermelho,#C62828,#C62828,0.0,0.0,0.0,0.995799,0.995799,,,1,0,0,0,,,,,0,0,,0,0,,,,1,1.0,0,0,0,0,0,0,0,MATCH,1,2.0
LI_012_R06.png,LI,line,identification,LI_012,12,6,1200,800,OK,EXACT,1,1,1,0,0,0,vermelho,#C62828,#C62828,0.0,0.0,0.0,0.995799,0.995799,,,1,0,0,0,,,,,0,0,,0,0,,,,1,1.0,0,0,0,0,0,0,0,MATCH,1,2.0
LI_012_R07.png,LI,line,identification,LI_012,12,7,1200,800,OK,EXACT,1,1,1,0,0,0,vermelho,#C62828,#C62828,0.0,0.0,0.0,0.995799,0.995799,,,1,0,0,0,,,,,0,0,,0,0,,,,1,1.0,0,0,0,0,0,0,0,MATCH,1,2.0
LI_012_R08.png,LI,line,identification,LI_012,12,8,1200,800,OK,EXACT,1,1,1,0,0,0,vermelho,#C62828,#C62828,0.0,0.0,0.0,0.995799,0.995799,,,1,0,0,0,,,,,0,0,,0,0,,,,1,1.0,0,0,0,0,0,0,0,MATCH,1,2.0
LI_012_R09.png,LI,line,identification,LI_012,12,9,1200,800,OK,EXACT,1,1,1,0,0,0,vermelho,#C62828,#C62828,0.0,0.0,0.0,0.995799,0.995799,,,1,0,0,0,,,,,0,0,,0,0,,,,1,1.0,0,0,0,0,0,0,0,MATCH,1,2.0
LI_012_R10.png,LI,line,identification,LI_012,12,10,1200,800,OK,EXACT,1,1,1,0,0,0,vermelho,#C62828,#C62828,0.0,0.0,0.0,0.995799,0.995799,,,1,0,0,0,,,,,0,0,,0,0,,,,1,1.0,0,0,0,0,0,0,0,MATCH,1,2.0
LI_013_R01.png,LI,line,identification,LI_013,13,1,1120,671,OK,EXACT,1,1,1,0,0,0,vermelho,#C62828,#C62828,0.0,0.0,0.0,0.98975,0.98975,,,1,0,0,0,,,,,0,0,,0,0,,,,1,1.0,0,0,0,0,0,0,0,MATCH,1,2.0
LI_013_R02.png,LI,line,identification,LI_013,13,2,1200,800,OK,EXACT,1,1,1,0,0,0,vermelho,#C62828,#C62828,0.0,0.0,0.0,0.987744,0.987744,,,1,0,0,0,,,,,0,0,,0,0,,,,1,1.0,0,0,0,0,0,0,0,MATCH,1,2.0
LI_013_R03.png,LI,line,identification,LI_013,13,3,1200,800,OK,EXACT,1,1,1,0,0,0,vermelho,#C62828,#C62828,0.0,0.0,0.0,0.987744,0.987744,,,1,0,0,0,,,,,0,0,,0,0,,,,1,1.0,0,0,0,0,0,0,0,MATCH,1,2.0
LI_013_R04.png,LI,line,identification,LI_013,13,4,1200,800,OK,EXACT,1,1,1,0,0,0,vermelho,#C62828,#C62828,0.0,0.0,0.0,0.987744,0.987744,,,1,0,0,0,,,,,0,0,,0,0,,,,1,1.0,0,0,0,0,0,0,0,MATCH,1,2.0
LI_013_R05.png,LI,line,identification,LI_013,13,5,1200,800,OK,EXACT,1,1,1,0,0,0,vermelho,#C62828,#C62828,0.0,0.0,0.0,0.987744,0.987744,,,1,0,0,0,,,,,0,0,,0,0,,,,1,1.0,0,0,0,0,0,0,0,MATCH,1,2.0
LI_013_R06.png,LI,line,identification,LI_013,13,6,1200,800,OK,EXACT,1,1,1,0,0,0,vermelho,#C62828,#C62828,0.0,0.0,0.0,0.987744,0.987744,,,1,0,0,0,,,,,0,0,,0,0,,,,1,1.0,0,0,0,0,0,0,0,MATCH,1,2.0
LI_013_R07.png,LI,line,identification,LI_013,13,7,1200,800,OK,EXACT,1,1,1,0,0,0,vermelho,#C62828,#C62828,0.0,0.0,0.0,0.987744,0.987744,,,1,0,0,0,,,,,0,0,,0,0,,,,1,1.0,0,0,0,0,0,0,0,MATCH,1,2.0
LI_013_R08.png,LI,line,identification,LI_013,13,8,1200,800,OK,EXACT,1,1,1,0,0,0,vermelho,#C62828,#C62828,0.0,0.0,0.0,0.987744,0.987744,,,1,0,0,0,,,,,0,0,,0,0,,,,1,1.0,0,0,0,0,0,0,0,MATCH,1,2.0
LI_013_R09.png,LI,line,identification,LI_013,13,9,1200,800,OK,EXACT,1,1,1,0,0,0,vermelho,#C62828,#C62828,0.0,0.0,0.0,0.987744,0.987744,,,1,0,0,0,,,,,0,0,,0,0,,,,1,1.0,0,0,0,0,0,0,0,MATCH,1,2.0
LI_013_R10.png,LI,line,identification,LI_013,13,10,1200,800,OK,EXACT,1,1,1,0,0,0,vermelho,#C62828,#C62828,0.0,0.0,0.0,0.987744,0.987744,,,1,0,0,0,,,,,0,0,,0,0,,,,1,1.0,0,0,0,0,0,0,0,MATCH,1,2.0
LI_014_R01.png,LI,line,identification,LI_014,14,1,1200,800,OK,EXACT,1,1,1,0,0,0,vermelho,#C62828,#C62828,0.0,0.0,0.0,0.985915,0.985915,,,1,0,0,0,,,,,0,0,,0,0,,,,1,1.0,0,0,0,0,0,0,0,MATCH,1,2.0
LI_014_R02.png,LI,line,identification,LI_014,14,2,1132,671,OK,EXACT,1,1,1,0,0,0,vermelho,#C62828,#C62828,0.0,0.0,0.0,0.989737,0.989737,,,1,0,0,0,,,,,0,0,,0,0,,,,1,1.0,0,0,0,0,0,0,0,MATCH,1,2.0
LI_014_R03.png,LI,line,identification,LI_014,14,3,1132,671,OK,EXACT,1,1,1,0,0,0,vermelho,#C62828,#C62828,0.0,0.0,0.0,0.989737,0.989737,,,1,0,0,0,,,,,0,0,,0,0,,,,1,1.0,0,0,0,0,0,0,0,MATCH,1,2.0
LI_014_R04.png,LI,line,identification,LI_014,14,4,1132,671,OK,EXACT,1,1,1,0,0,0,vermelho,#C62828,#C62828,0.0,0.0,0.0,0.989737,0.989737,,,1,0,0,0,,,,,0,0,,0,0,,,,1,1.0,0,0,0,0,0,0,0,MATCH,1,2.0
LI_014_R05.png,LI,line,identification,LI_014,14,5,1132,671,OK,EXACT,1,1,1,0,0,0,vermelho,#C62828,#C62828,0.0,0.0,0.0,0.989737,0.989737,,,1,0,0,0,,,,,0,0,,0,0,,,,1,1.0,0,0,0,0,0,0,0,MATCH,1,2.0
LI_014_R06.png,LI,line,identification,LI_014,14,6,1132,671,OK,EXACT,1,1,1,0,0,0,vermelho,#C62828,#C62828,0.0,0.0,0.0,0.989737,0.989737,,,1,0,0,0,,,,,0,0,,0,0,,,,1,1.0,0,0,0,0,0,0,0,MATCH,1,2.0
LI_014_R07.png,LI,line,identification,LI_014,14,7,1132,671,OK,EXACT,1,1,1,0,0,0,vermelho,#C62828,#C62828,0.0,0.0,0.0,0.989737,0.989737,,,1,0,0,0,,,,,0,0,,0,0,,,,1,1.0,0,0,0,0,0,0,0,MATCH,1,2.0
LI_014_R08.png,LI,line,identification,LI_014,14,8,1132,671,OK,EXACT,1,1,1,0,0,0,vermelho,#C62828,#C62828,0.0,0.0,0.0,0.989737,0.989737,,,1,0,0,0,,,,,0,0,,0,0,,,,1,1.0,0,0,0,0,0,0,0,MATCH,1,2.0
LI_014_R09.png,LI,line,identification,LI_014,14,9,1132,671,OK,EXACT,1,1,1,0,0,0,vermelho,#C62828,#C62828,0.0,0.0,0.0,0.989737,0.989737,,,1,0,0,0,,,,,0,0,,0,0,,,,1,1.0,0,0,0,0,0,0,0,MATCH,1,2.0
LI_014_R10.png,LI,line,identification,LI_014,14,10,1132,671,OK,EXACT,1,1,1,0,0,0,vermelho,#C62828,#C62828,0.0,0.0,0.0,0.989737,0.989737,,,1,0,0,0,,,,,0,0,,0,0,,,,1,1.0,0,0,0,0,0,0,0,MATCH,1,2.0
LI_015_R01.png,LI,line,identification,LI_015,15,1,1116,671,OK,EXACT,1,1,1,0,0,0,vermelho,#C62828,#C62828,0.0,0.0,0.0,1.0,1.0,,,1,0,0,0,,,,,0,0,,0,0,,,,1,1.0,0,0,0,0,0,0,0,MATCH,1,2.0
LI_015_R02.png,LI,line,identification,LI_015,15,2,1200,800,OK,EXACT,1,1,1,0,0,0,vermelho,#C62828,#C62828,0.0,0.0,0.0,1.0,1.0,,,1,0,0,0,,,,,0,0,,0,0,,,,1,1.0,0,0,0,0,0,0,0,MATCH,1,2.0
LI_015_R03.png,LI,line,identification,LI_015,15,3,1200,800,OK,EXACT,1,1,1,0,0,0,vermelho,#C62828,#C62828,0.0,0.0,0.0,1.0,1.0,,,1,0,0,0,,,,,0,0,,0,0,,,,1,1.0,0,0,0,0,0,0,0,MATCH,1,2.0
LI_015_R04.png,LI,line,identification,LI_015,15,4,1200,800,OK,EXACT,1,1,1,0,0,0,vermelho,#C62828,#C62828,0.0,0.0,0.0,1.0,1.0,,,1,0,0,0,,,,,0,0,,0,0,,,,1,1.0,0,0,0,0,0,0,0,MATCH,1,2.0
LI_015_R05.png,LI,line,identification,LI_015,15,5,1200,800,OK,EXACT,1,1,1,0,0,0,vermelho,#C62828,#C62828,0.0,0.0,0.0,1.0,1.0,,,1,0,0,0,,,,,0,0,,0,0,,,,1,1.0,0,0,0,0,0,0,0,MATCH,1,2.0
LI_015_R06.png,LI,line,identification,LI_015,15,6,1200,800,OK,EXACT,1,1,1,0,0,0,vermelho,#C62828,#C62828,0.0,0.0,0.0,1.0,1.0,,,1,0,0,0,,,,,0,0,,0,0,,,,1,1.0,0,0,0,0,0,0,0,MATCH,1,2.0
LI_015_R07.png,LI,line,identification,LI_015,15,7,1200,800,OK,EXACT,1,1,1,0,0,0,vermelho,#C62828,#C62828,0.0,0.0,0.0,1.0,1.0,,,1,0,0,0,,,,,0,0,,0,0,,,,1,1.0,0,0,0,0,0,0,0,MATCH,1,2.0
LI_015_R08.png,LI,line,identification,LI_015,15,8,1200,800,OK,EXACT,1,1,1,0,0,0,vermelho,#C62828,#C62828,0.0,0.0,0.0,1.0,1.0,,,1,0,0,0,,,,,0,0,,0,0,,,,1,1.0,0,0,0,0,0,0,0,MATCH,1,2.0
LI_015_R09.png,LI,line,identification,LI_015,15,9,1200,800,OK,EXACT,1,1,1,0,0,0,vermelho,#C62828,#C62828,0.0,0.0,0.0,1.0,1.0,,,1,0,0,0,,,,,0,0,,0,0,,,,1,1.0,0,0,0,0,0,0,0,MATCH,1,2.0
LI_015_R10.png,LI,line,identification,LI_015,15,10,1200,800,OK,EXACT,1,1,1,0,0,0,vermelho,#C62828,#C62828,0.0,0.0,0.0,1.0,1.0,,,1,0,0,0,,,,,0,0,,0,0,,,,1,1.0,0,0,0,0,0,0,0,MATCH,1,2.0
LI_016_R01.png,LI,line,identification,LI_016,16,1,1116,671,OK,EXACT,1,1,1,0,0,0,vermelho,#C62828,#C62828,0.0,0.0,0.0,1.0,1.0,,,1,0,0,0,,,,,0,0,,0,0,,,,1,1.0,0,0,0,0,0,0,0,MATCH,1,2.0
LI_016_R02.png,LI,line,identification,LI_016,16,2,1200,800,OK,EXACT,1,1,1,0,0,0,vermelho,#C62828,#C62828,0.0,0.0,0.0,1.0,1.0,,,1,0,0,0,,,,,0,0,,0,0,,,,1,1.0,0,0,0,0,0,0,0,MATCH,1,2.0
LI_016_R03.png,LI,line,identification,LI_016,16,3,1200,800,OK,EXACT,1,1,1,0,0,0,vermelho,#C62828,#C62828,0.0,0.0,0.0,1.0,1.0,,,1,0,0,0,,,,,0,0,,0,0,,,,1,1.0,0,0,0,0,0,0,0,MATCH,1,2.0
LI_016_R04.png,LI,line,identification,LI_016,16,4,1200,800,OK,EXACT,1,1,1,0,0,0,vermelho,#C62828,#C62828,0.0,0.0,0.0,1.0,1.0,,,1,0,0,0,,,,,0,0,,0,0,,,,1,1.0,0,0,0,0,0,0,0,MATCH,1,2.0
LI_016_R05.png,LI,line,identification,LI_016,16,5,1200,800,OK,EXACT,1,1,1,0,0,0,vermelho,#C62828,#C62828,0.0,0.0,0.0,1.0,1.0,,,1,0,0,0,,,,,0,0,,0,0,,,,1,1.0,0,0,0,0,0,0,0,MATCH,1,2.0
LI_016_R06.png,LI,line,identification,LI_016,16,6,1200,800,OK,EXACT,1,1,1,0,0,0,vermelho,#C62828,#C62828,0.0,0.0,0.0,1.0,1.0,,,1,0,0,0,,,,,0,0,,0,0,,,,1,1.0,0,0,0,0,0,0,0,MATCH,1,2.0
LI_016_R07.png,LI,line,identification,LI_016,16,7,1200,800,OK,EXACT,1,1,1,0,0,0,vermelho,#C62828,#C62828,0.0,0.0,0.0,1.0,1.0,,,1,0,0,0,,,,,0,0,,0,0,,,,1,1.0,0,0,0,0,0,0,0,MATCH,1,2.0
LI_016_R08.png,LI,line,identification,LI_016,16,8,1200,800,OK,EXACT,1,1,1,0,0,0,vermelho,#C62828,#C62828,0.0,0.0,0.0,1.0,1.0,,,1,0,0,0,,,,,0,0,,0,0,,,,1,1.0,0,0,0,0,0,0,0,MATCH,1,2.0
LI_016_R09.png,LI,line,identification,LI_016,16,9,1200,800,OK,EXACT,1,1,1,0,0,0,vermelho,#C62828,#C62828,0.0,0.0,0.0,1.0,1.0,,,1,0,0,0,,,,,0,0,,0,0,,,,1,1.0,0,0,0,0,0,0,0,MATCH,1,2.0
LI_016_R10.png,LI,line,identification,LI_016,16,10,1200,800,OK,EXACT,1,1,1,0,0,0,vermelho,#C62828,#C62828,0.0,0.0,0.0,1.0,1.0,,,1,0,0,0,,,,,0,0,,0,0,,,,1,1.0,0,0,0,0,0,0,0,MATCH,1,2.0
LI_017_R01.png,LI,line,identification,LI_017,17,1,1018,703,OK,EXACT,1,1,1,0,0,0,vermelho,#C62828,#C62828,0.0,0.0,0.0,1.0,1.0,,,1,0,0,0,,,,,0,0,,0,0,,,,1,1.0,0,0,0,0,0,0,0,MATCH,1,2.0
LI_017_R02.png,LI,line,identification,LI_017,17,2,1200,800,OK,EXACT,1,1,1,0,0,0,vermelho,#C62828,#C62828,0.0,0.0,0.0,1.0,1.0,,,1,0,0,0,,,,,0,0,,0,0,,,,1,1.0,0,0,0,0,0,0,0,MATCH,1,2.0
LI_017_R03.png,LI,line,identification,LI_017,17,3,1200,800,OK,EXACT,1,1,1,0,0,0,vermelho,#C62828,#C62828,0.0,0.0,0.0,1.0,1.0,,,1,0,0,0,,,,,0,0,,0,0,,,,1,1.0,0,0,0,0,0,0,0,MATCH,1,2.0
LI_017_R04.png,LI,line,identification,LI_017,17,4,1200,800,OK,EXACT,1,1,1,0,0,0,vermelho,#C62828,#C62828,0.0,0.0,0.0,1.0,1.0,,,1,0,0,0,,,,,0,0,,0,0,,,,1,1.0,0,0,0,0,0,0,0,MATCH,1,2.0
LI_017_R05.png,LI,line,identification,LI_017,17,5,1200,800,OK,EXACT,1,1,1,0,0,0,vermelho,#C62828,#C62828,0.0,0.0,0.0,1.0,1.0,,,1,0,0,0,,,,,0,0,,0,0,,,,1,1.0,0,0,0,0,0,0,0,MATCH,1,2.0
LI_017_R06.png,LI,line,identification,LI_017,17,6,1200,800,OK,EXACT,1,1,1,0,0,0,vermelho,#C62828,#C62828,0.0,0.0,0.0,1.0,1.0,,,1,0,0,0,,,,,0,0,,0,0,,,,1,1.0,0,0,0,0,0,0,0,MATCH,1,2.0
LI_017_R07.png,LI,line,identification,LI_017,17,7,1200,800,OK,EXACT,1,1,1,0,0,0,vermelho,#C62828,#C62828,0.0,0.0,0.0,1.0,1.0,,,1,0,0,0,,,,,0,0,,0,0,,,,1,1.0,0,0,0,0,0,0,0,MATCH,1,2.0
LI_017_R08.png,LI,line,identification,LI_017,17,8,1200,800,OK,EXACT,1,1,1,0,0,0,vermelho,#C62828,#C62828,0.0,0.0,0.0,1.0,1.0,,,1,0,0,0,,,,,0,0,,0,0,,,,1,1.0,0,0,0,0,0,0,0,MATCH,1,2.0
LI_017_R09.png,LI,line,identification,LI_017,17,9,1200,800,OK,EXACT,1,1,1,0,0,0,vermelho,#C62828,#C62828,0.0,0.0,0.0,1.0,1.0,,,1,0,0,0,,,,,0,0,,0,0,,,,1,1.0,0,0,0,0,0,0,0,MATCH,1,2.0
LI_017_R10.png,LI,line,identification,LI_017,17,10,1200,800,OK,EXACT,1,1,1,0,0,0,vermelho,#C62828,#C62828,0.0,0.0,0.0,1.0,1.0,,,1,0,0,0,,,,,0,0,,0,0,,,,1,1.0,0,0,0,0,0,0,0,MATCH,1,2.0
LI_018_R01.png,LI,line,identification,LI_018,18,1,1132,671,OK,EXACT,1,1,1,0,0,0,vermelho,#C62828,#C62828,0.0,0.0,0.0,1.0,1.0,,,1,0,0,0,,,,,0,0,,0,0,,,,1,1.0,0,0,0,0,0,0,0,MATCH,1,2.0
LI_018_R02.png,LI,line,identification,LI_018,18,2,1017,701,OK,EXACT,1,1,1,0,0,0,vermelho,#C62828,#C62828,0.0,0.0,0.0,0.980745,0.980745,,,1,0,0,0,,,,,0,0,,0,0,,,,1,1.0,0,0,0,0,0,0,0,MATCH,1,2.0
LI_018_R03.png,LI,line,identification,LI_018,18,3,1017,701,OK,EXACT,1,1,1,0,0,0,vermelho,#C62828,#C62828,0.0,0.0,0.0,0.980745,0.980745,,,1,0,0,0,,,,,0,0,,0,0,,,,1,1.0,0,0,0,0,0,0,0,MATCH,1,2.0
LI_018_R04.png,LI,line,identification,LI_018,18,4,1017,701,OK,EXACT,1,1,1,0,0,0,vermelho,#C62828,#C62828,0.0,0.0,0.0,0.980745,0.980745,,,1,0,0,0,,,,,0,0,,0,0,,,,1,1.0,0,0,0,0,0,0,0,MATCH,1,2.0
LI_018_R05.png,LI,line,identification,LI_018,18,5,1017,701,OK,EXACT,1,1,1,0,0,0,vermelho,#C62828,#C62828,0.0,0.0,0.0,0.980745,0.980745,,,1,0,0,0,,,,,0,0,,0,0,,,,1,1.0,0,0,0,0,0,0,0,MATCH,1,2.0
LI_018_R06.png,LI,line,identification,LI_018,18,6,1017,701,OK,EXACT,1,1,1,0,0,0,vermelho,#C62828,#C62828,0.0,0.0,0.0,0.980745,0.980745,,,1,0,0,0,,,,,0,0,,0,0,,,,1,1.0,0,0,0,0,0,0,0,MATCH,1,2.0
LI_018_R07.png,LI,line,identification,LI_018,18,7,1017,701,OK,EXACT,1,1,1,0,0,0,vermelho,#C62828,#C62828,0.0,0.0,0.0,0.980745,0.980745,,,1,0,0,0,,,,,0,0,,0,0,,,,1,1.0,0,0,0,0,0,0,0,MATCH,1,2.0
LI_018_R08.png,LI,line,identification,LI_018,18,8,1017,701,OK,EXACT,1,1,1,0,0,0,vermelho,#C62828,#C62828,0.0,0.0,0.0,0.980745,0.980745,,,1,0,0,0,,,,,0,0,,0,0,,,,1,1.0,0,0,0,0,0,0,0,MATCH,1,2.0
LI_018_R09.png,LI,line,identification,LI_018,18,9,1017,701,OK,EXACT,1,1,1,0,0,0,vermelho,#C62828,#C62828,0.0,0.0,0.0,0.980745,0.980745,,,1,0,0,0,,,,,0,0,,0,0,,,,1,1.0,0,0,0,0,0,0,0,MATCH,1,2.0
LI_018_R10.png,LI,line,identification,LI_018,18,10,1017,701,OK,EXACT,1,1,1,0,0,0,vermelho,#C62828,#C62828,0.0,0.0,0.0,0.980745,0.980745,,,1,0,0,0,,,,,0,0,,0,0,,,,1,1.0,0,0,0,0,0,0,0,MATCH,1,2.0
LI_019_R01.png,LI,line,identification,LI_019,19,1,1189,790,OK,EXACT,1,1,1,0,0,0,vermelho,#C62828,#C62828,0.0,0.0,0.0,0.971635,0.971635,,,1,0,0,0,,,,,0,0,,0,0,,,,1,1.0,0,0,0,0,0,0,0,MATCH,1,2.0
LI_019_R02.png,LI,line,identification,LI_019,19,2,1132,671,OK,EXACT,1,1,1,0,0,0,vermelho,#C62828,#C62828,0.0,0.0,0.0,0.97553,0.97553,,,1,0,0,0,,,,,0,0,,0,0,,,,1,1.0,0,0,0,0,0,0,0,MATCH,1,2.0
LI_019_R03.png,LI,line,identification,LI_019,19,3,1132,671,OK,EXACT,1,1,1,0,0,0,vermelho,#C62828,#C62828,0.0,0.0,0.0,0.97553,0.97553,,,1,0,0,0,,,,,0,0,,0,0,,,,1,1.0,0,0,0,0,0,0,0,MATCH,1,2.0
LI_019_R04.png,LI,line,identification,LI_019,19,4,1132,671,OK,EXACT,1,1,1,0,0,0,vermelho,#C62828,#C62828,0.0,0.0,0.0,0.97553,0.97553,,,1,0,0,0,,,,,0,0,,0,0,,,,1,1.0,0,0,0,0,0,0,0,MATCH,1,2.0
LI_019_R05.png,LI,line,identification,LI_019,19,5,1132,671,OK,EXACT,1,1,1,0,0,0,vermelho,#C62828,#C62828,0.0,0.0,0.0,0.97553,0.97553,,,1,0,0,0,,,,,0,0,,0,0,,,,1,1.0,0,0,0,0,0,0,0,MATCH,1,2.0
LI_019_R06.png,LI,line,identification,LI_019,19,6,1132,671,OK,EXACT,1,1,1,0,0,0,vermelho,#C62828,#C62828,0.0,0.0,0.0,0.97553,0.97553,,,1,0,0,0,,,,,0,0,,0,0,,,,1,1.0,0,0,0,0,0,0,0,MATCH,1,2.0
LI_019_R07.png,LI,line,identification,LI_019,19,7,1132,671,OK,EXACT,1,1,1,0,0,0,vermelho,#C62828,#C62828,0.0,0.0,0.0,0.97553,0.97553,,,1,0,0,0,,,,,0,0,,0,0,,,,1,1.0,0,0,0,0,0,0,0,MATCH,1,2.0
LI_019_R08.png,LI,line,identification,LI_019,19,8,1132,671,OK,EXACT,1,1,1,0,0,0,vermelho,#C62828,#C62828,0.0,0.0,0.0,0.97553,0.97553,,,1,0,0,0,,,,,0,0,,0,0,,,,1,1.0,0,0,0,0,0,0,0,MATCH,1,2.0
LI_019_R09.png,LI,line,identification,LI_019,19,9,1132,671,OK,EXACT,1,1,1,0,0,0,vermelho,#C62828,#C62828,0.0,0.0,0.0,0.97553,0.97553,,,1,0,0,0,,,,,0,0,,0,0,,,,1,1.0,0,0,0,0,0,0,0,MATCH,1,2.0
LI_019_R10.png,LI,line,identification,LI_019,19,10,1132,671,OK,EXACT,1,1,1,0,0,0,vermelho,#C62828,#C62828,0.0,0.0,0.0,0.97553,0.97553,,,1,0,0,0,,,,,0,0,,0,0,,,,1,1.0,0,0,0,0,0,0,0,MATCH,1,2.0
LI_020_R01.png,LI,line,identification,LI_020,20,1,1116,671,OK,EXACT,1,1,1,0,0,0,vermelho,#C62828,#C62828,0.0,0.0,0.0,0.985085,0.985085,,,1,0,0,0,,,,,0,0,,0,0,,,,1,1.0,0,0,0,0,0,0,0,MATCH,1,2.0
LI_020_R02.png,LI,line,identification,LI_020,20,2,1017,701,OK,EXACT,1,1,1,0,0,0,vermelho,#C62828,#C62828,0.0,0.0,0.0,0.984564,0.984564,,,1,0,0,0,,,,,0,0,,0,0,,,,1,1.0,0,0,0,0,0,0,0,MATCH,1,2.0
LI_020_R03.png,LI,line,identification,LI_020,20,3,1017,701,OK,EXACT,1,1,1,0,0,0,vermelho,#C62828,#C62828,0.0,0.0,0.0,0.984564,0.984564,,,1,0,0,0,,,,,0,0,,0,0,,,,1,1.0,0,0,0,0,0,0,0,MATCH,1,2.0
LI_020_R04.png,LI,line,identification,LI_020,20,4,1017,701,OK,EXACT,1,1,1,0,0,0,vermelho,#C62828,#C62828,0.0,0.0,0.0,0.984564,0.984564,,,1,0,0,0,,,,,0,0,,0,0,,,,1,1.0,0,0,0,0,0,0,0,MATCH,1,2.0
LI_020_R05.png,LI,line,identification,LI_020,20,5,1017,701,OK,EXACT,1,1,1,0,0,0,vermelho,#C62828,#C62828,0.0,0.0,0.0,0.984564,0.984564,,,1,0,0,0,,,,,0,0,,0,0,,,,1,1.0,0,0,0,0,0,0,0,MATCH,1,2.0
LI_020_R06.png,LI,line,identification,LI_020,20,6,1017,701,OK,EXACT,1,1,1,0,0,0,vermelho,#C62828,#C62828,0.0,0.0,0.0,0.984564,0.984564,,,1,0,0,0,,,,,0,0,,0,0,,,,1,1.0,0,0,0,0,0,0,0,MATCH,1,2.0
LI_020_R07.png,LI,line,identification,LI_020,20,7,1017,701,OK,EXACT,1,1,1,0,0,0,vermelho,#C62828,#C62828,0.0,0.0,0.0,0.984564,0.984564,,,1,0,0,0,,,,,0,0,,0,0,,,,1,1.0,0,0,0,0,0,0,0,MATCH,1,2.0
LI_020_R08.png,LI,line,identification,LI_020,20,8,1017,701,OK,EXACT,1,1,1,0,0,0,vermelho,#C62828,#C62828,0.0,0.0,0.0,0.984564,0.984564,,,1,0,0,0,,,,,0,0,,0,0,,,,1,1.0,0,0,0,0,0,0,0,MATCH,1,2.0
LI_020_R09.png,LI,line,identification,LI_020,20,9,1017,701,OK,EXACT,1,1,1,0,0,0,vermelho,#C62828,#C62828,0.0,0.0,0.0,0.984564,0.984564,,,1,0,0,0,,,,,0,0,,0,0,,,,1,1.0,0,0,0,0,0,0,0,MATCH,1,2.0
LI_020_R10.png,LI,line,identification,LI_020,20,10,1017,701,OK,EXACT,1,1,1,0,0,0,vermelho,#C62828,#C62828,0.0,0.0,0.0,0.984564,0.984564,,,1,0,0,0,,,,,0,0,,0,0,,,,1,1.0,0,0,0,0,0,0,0,MATCH,1,2.0
LI_021_R01.png,LI,line,identification,LI_021,21,1,1145,671,OK,EXACT,1,1,1,0,0,0,vermelho,#C62828,#C62828,0.0,0.0,0.0,1.0,1.0,,,1,0,0,0,,,,,0,0,,0,0,,,,1,1.0,0,0,0,0,0,0,0,MATCH,1,2.0
LI_021_R02.png,LI,line,identification,LI_021,21,2,1200,800,OK,EXACT,1,1,1,0,0,0,vermelho,#C62828,#C62828,0.0,0.0,0.0,0.993563,0.993563,,,1,0,0,0,,,,,0,0,,0,0,,,,1,1.0,0,0,0,0,0,0,0,MATCH,1,2.0
LI_021_R03.png,LI,line,identification,LI_021,21,3,1200,800,OK,EXACT,1,1,1,0,0,0,vermelho,#C62828,#C62828,0.0,0.0,0.0,0.993563,0.993563,,,1,0,0,0,,,,,0,0,,0,0,,,,1,1.0,0,0,0,0,0,0,0,MATCH,1,2.0
LI_021_R04.png,LI,line,identification,LI_021,21,4,1200,800,OK,EXACT,1,1,1,0,0,0,vermelho,#C62828,#C62828,0.0,0.0,0.0,0.993563,0.993563,,,1,0,0,0,,,,,0,0,,0,0,,,,1,1.0,0,0,0,0,0,0,0,MATCH,1,2.0
LI_021_R05.png,LI,line,identification,LI_021,21,5,1200,800,OK,EXACT,1,1,1,0,0,0,vermelho,#C62828,#C62828,0.0,0.0,0.0,0.993563,0.993563,,,1,0,0,0,,,,,0,0,,0,0,,,,1,1.0,0,0,0,0,0,0,0,MATCH,1,2.0
LI_021_R06.png,LI,line,identification,LI_021,21,6,1200,800,OK,EXACT,1,1,1,0,0,0,vermelho,#C62828,#C62828,0.0,0.0,0.0,0.993563,0.993563,,,1,0,0,0,,,,,0,0,,0,0,,,,1,1.0,0,0,0,0,0,0,0,MATCH,1,2.0
LI_021_R07.png,LI,line,identification,LI_021,21,7,1200,800,OK,EXACT,1,1,1,0,0,0,vermelho,#C62828,#C62828,0.0,0.0,0.0,0.993563,0.993563,,,1,0,0,0,,,,,0,0,,0,0,,,,1,1.0,0,0,0,0,0,0,0,MATCH,1,2.0
LI_021_R08.png,LI,line,identification,LI_021,21,8,1200,800,OK,EXACT,1,1,1,0,0,0,vermelho,#C62828,#C62828,0.0,0.0,0.0,0.993563,0.993563,,,1,0,0,0,,,,,0,0,,0,0,,,,1,1.0,0,0,0,0,0,0,0,MATCH,1,2.0
LI_021_R09.png,LI,line,identification,LI_021,21,9,1200,800,OK,EXACT,1,1,1,0,0,0,vermelho,#C62828,#C62828,0.0,0.0,0.0,0.993563,0.993563,,,1,0,0,0,,,,,0,0,,0,0,,,,1,1.0,0,0,0,0,0,0,0,MATCH,1,2.0
LI_021_R10.png,LI,line,identification,LI_021,21,10,1200,800,OK,EXACT,1,1,1,0,0,0,vermelho,#C62828,#C62828,0.0,0.0,0.0,0.993563,0.993563,,,1,0,0,0,,,,,0,0,,0,0,,,,1,1.0,0,0,0,0,0,0,0,MATCH,1,2.0
LI_022_R01.png,LI,line,identification,LI_022,22,1,1145,671,OK,EXACT,1,1,1,0,0,0,vermelho,#C62828,#C62828,0.0,0.0,0.0,1.0,1.0,,,1,0,0,0,,,,,0,0,,0,0,,,,1,1.0,0,0,0,0,0,0,0,MATCH,1,2.0
LI_022_R02.png,LI,line,identification,LI_022,22,2,1200,800,OK,EXACT,1,1,1,0,0,0,vermelho,#C62828,#C62828,0.0,0.0,0.0,0.994703,0.994703,,,1,0,0,0,,,,,0,0,,0,0,,,,1,1.0,0,0,0,0,0,0,0,MATCH,1,2.0
LI_022_R03.png,LI,line,identification,LI_022,22,3,1200,800,OK,EXACT,1,1,1,0,0,0,vermelho,#C62828,#C62828,0.0,0.0,0.0,0.994703,0.994703,,,1,0,0,0,,,,,0,0,,0,0,,,,1,1.0,0,0,0,0,0,0,0,MATCH,1,2.0
LI_022_R04.png,LI,line,identification,LI_022,22,4,1200,800,OK,EXACT,1,1,1,0,0,0,vermelho,#C62828,#C62828,0.0,0.0,0.0,0.994703,0.994703,,,1,0,0,0,,,,,0,0,,0,0,,,,1,1.0,0,0,0,0,0,0,0,MATCH,1,2.0
LI_022_R05.png,LI,line,identification,LI_022,22,5,1200,800,OK,EXACT,1,1,1,0,0,0,vermelho,#C62828,#C62828,0.0,0.0,0.0,0.994703,0.994703,,,1,0,0,0,,,,,0,0,,0,0,,,,1,1.0,0,0,0,0,0,0,0,MATCH,1,2.0
LI_022_R06.png,LI,line,identification,LI_022,22,6,1200,800,OK,EXACT,1,1,1,0,0,0,vermelho,#C62828,#C62828,0.0,0.0,0.0,0.994703,0.994703,,,1,0,0,0,,,,,0,0,,0,0,,,,1,1.0,0,0,0,0,0,0,0,MATCH,1,2.0
LI_022_R07.png,LI,line,identification,LI_022,22,7,1200,800,OK,EXACT,1,1,1,0,0,0,vermelho,#C62828,#C62828,0.0,0.0,0.0,0.994703,0.994703,,,1,0,0,0,,,,,0,0,,0,0,,,,1,1.0,0,0,0,0,0,0,0,MATCH,1,2.0
LI_022_R08.png,LI,line,identification,LI_022,22,8,1200,800,OK,EXACT,1,1,1,0,0,0,vermelho,#C62828,#C62828,0.0,0.0,0.0,0.994703,0.994703,,,1,0,0,0,,,,,0,0,,0,0,,,,1,1.0,0,0,0,0,0,0,0,MATCH,1,2.0
LI_022_R09.png,LI,line,identification,LI_022,22,9,1200,800,OK,EXACT,1,1,1,0,0,0,vermelho,#C62828,#C62828,0.0,0.0,0.0,0.994703,0.994703,,,1,0,0,0,,,,,0,0,,0,0,,,,1,1.0,0,0,0,0,0,0,0,MATCH,1,2.0
LI_022_R10.png,LI,line,identification,LI_022,22,10,1200,800,OK,EXACT,1,1,1,0,0,0,vermelho,#C62828,#C62828,0.0,0.0,0.0,0.994703,0.994703,,,1,0,0,0,,,,,0,0,,0,0,,,,1,1.0,0,0,0,0,0,0,0,MATCH,1,2.0
LI_023_R01.png,LI,line,identification,LI_023,23,1,1200,800,NO_MARK,NO_MARK,1,0,0,0,1,1,vermelho,#C62828,,,,,,,,,0,0,0,0,,,,,0,0,,0,0,,,,0,,0,1,1,0,0,0,0,NO_MARK,0,2.0
LI_023_R02.png,LI,line,identification,LI_023,23,2,1132,671,OK,EXACT,1,1,1,0,0,0,vermelho,#C62828,#C62828,0.0,0.0,0.0,0.983952,0.983952,,,1,0,0,0,,,,,0,0,,0,0,,,,1,1.0,0,0,0,0,0,0,0,MATCH,1,2.0
LI_023_R03.png,LI,line,identification,LI_023,23,3,1132,671,OK,EXACT,1,1,1,0,0,0,vermelho,#C62828,#C62828,0.0,0.0,0.0,0.983952,0.983952,,,1,0,0,0,,,,,0,0,,0,0,,,,1,1.0,0,0,0,0,0,0,0,MATCH,1,2.0
LI_023_R04.png,LI,line,identification,LI_023,23,4,1132,671,OK,EXACT,1,1,1,0,0,0,vermelho,#C62828,#C62828,0.0,0.0,0.0,0.983952,0.983952,,,1,0,0,0,,,,,0,0,,0,0,,,,1,1.0,0,0,0,0,0,0,0,MATCH,1,2.0
LI_023_R05.png,LI,line,identification,LI_023,23,5,1132,671,OK,EXACT,1,1,1,0,0,0,vermelho,#C62828,#C62828,0.0,0.0,0.0,0.983952,0.983952,,,1,0,0,0,,,,,0,0,,0,0,,,,1,1.0,0,0,0,0,0,0,0,MATCH,1,2.0
LI_023_R06.png,LI,line,identification,LI_023,23,6,1132,671,OK,EXACT,1,1,1,0,0,0,vermelho,#C62828,#C62828,0.0,0.0,0.0,0.983952,0.983952,,,1,0,0,0,,,,,0,0,,0,0,,,,1,1.0,0,0,0,0,0,0,0,MATCH,1,2.0
LI_023_R07.png,LI,line,identification,LI_023,23,7,1132,671,OK,EXACT,1,1,1,0,0,0,vermelho,#C62828,#C62828,0.0,0.0,0.0,0.983952,0.983952,,,1,0,0,0,,,,,0,0,,0,0,,,,1,1.0,0,0,0,0,0,0,0,MATCH,1,2.0
LI_023_R08.png,LI,line,identification,LI_023,23,8,1132,671,OK,EXACT,1,1,1,0,0,0,vermelho,#C62828,#C62828,0.0,0.0,0.0,0.983952,0.983952,,,1,0,0,0,,,,,0,0,,0,0,,,,1,1.0,0,0,0,0,0,0,0,MATCH,1,2.0
LI_023_R09.png,LI,line,identification,LI_023,23,9,1132,671,OK,EXACT,1,1,1,0,0,0,vermelho,#C62828,#C62828,0.0,0.0,0.0,0.983952,0.983952,,,1,0,0,0,,,,,0,0,,0,0,,,,1,1.0,0,0,0,0,0,0,0,MATCH,1,2.0
LI_023_R10.png,LI,line,identification,LI_023,23,10,1132,671,OK,EXACT,1,1,1,0,0,0,vermelho,#C62828,#C62828,0.0,0.0,0.0,0.983952,0.983952,,,1,0,0,0,,,,,0,0,,0,0,,,,1,1.0,0,0,0,0,0,0,0,MATCH,1,2.0
LI_024_R01.png,LI,line,identification,LI_024,24,1,1120,671,OK,EXACT,1,1,1,0,0,0,vermelho,#C62828,#C62828,0.0,0.0,0.0,0.98074,0.98074,,,1,0,0,0,,,,,0,0,,0,0,,,,1,1.0,0,0,0,0,0,0,0,MATCH,1,2.0
LI_024_R02.png,LI,line,identification,LI_024,24,2,1200,800,OK,EXACT,1,1,1,0,0,0,vermelho,#C62828,#C62828,0.0,0.0,0.0,0.994962,0.994962,,,1,0,0,0,,,,,0,0,,0,0,,,,1,1.0,0,0,0,0,0,0,0,MATCH,1,2.0
LI_024_R03.png,LI,line,identification,LI_024,24,3,1200,800,OK,EXACT,1,1,1,0,0,0,vermelho,#C62828,#C62828,0.0,0.0,0.0,0.994962,0.994962,,,1,0,0,0,,,,,0,0,,0,0,,,,1,1.0,0,0,0,0,0,0,0,MATCH,1,2.0
LI_024_R04.png,LI,line,identification,LI_024,24,4,1200,800,OK,EXACT,1,1,1,0,0,0,vermelho,#C62828,#C62828,0.0,0.0,0.0,0.994962,0.994962,,,1,0,0,0,,,,,0,0,,0,0,,,,1,1.0,0,0,0,0,0,0,0,MATCH,1,2.0
LI_024_R05.png,LI,line,identification,LI_024,24,5,1200,800,OK,EXACT,1,1,1,0,0,0,vermelho,#C62828,#C62828,0.0,0.0,0.0,0.994962,0.994962,,,1,0,0,0,,,,,0,0,,0,0,,,,1,1.0,0,0,0,0,0,0,0,MATCH,1,2.0
LI_024_R06.png,LI,line,identification,LI_024,24,6,1200,800,OK,EXACT,1,1,1,0,0,0,vermelho,#C62828,#C62828,0.0,0.0,0.0,0.994962,0.994962,,,1,0,0,0,,,,,0,0,,0,0,,,,1,1.0,0,0,0,0,0,0,0,MATCH,1,2.0
LI_024_R07.png,LI,line,identification,LI_024,24,7,1200,800,OK,EXACT,1,1,1,0,0,0,vermelho,#C62828,#C62828,0.0,0.0,0.0,0.994962,0.994962,,,1,0,0,0,,,,,0,0,,0,0,,,,1,1.0,0,0,0,0,0,0,0,MATCH,1,2.0
LI_024_R08.png,LI,line,identification,LI_024,24,8,1200,800,OK,EXACT,1,1,1,0,0,0,vermelho,#C62828,#C62828,0.0,0.0,0.0,0.994962,0.994962,,,1,0,0,0,,,,,0,0,,0,0,,,,1,1.0,0,0,0,0,0,0,0,MATCH,1,2.0
LI_024_R09.png,LI,line,identification,LI_024,24,9,1200,800,OK,EXACT,1,1,1,0,0,0,vermelho,#C62828,#C62828,0.0,0.0,0.0,0.994962,0.994962,,,1,0,0,0,,,,,0,0,,0,0,,,,1,1.0,0,0,0,0,0,0,0,MATCH,1,2.0
LI_024_R10.png,LI,line,identification,LI_024,24,10,1200,800,OK,EXACT,1,1,1,0,0,0,vermelho,#C62828,#C62828,0.0,0.0,0.0,0.994962,0.994962,,,1,0,0,0,,,,,0,0,,0,0,,,,1,1.0,0,0,0,0,0,0,0,MATCH,1,2.0
LI_025_R01.png,LI,line,identification,LI_025,25,1,1132,671,OK,EXACT,1,1,1,0,0,0,vermelho,#C62828,#C62828,0.0,0.0,0.0,1.0,1.0,,,1,0,0,0,,,,,0,0,,0,0,,,,1,1.0,0,0,0,0,0,0,0,MATCH,1,2.0
LI_025_R02.png,LI,line,identification,LI_025,25,2,1017,702,OK,EXACT,1,1,1,0,0,0,vermelho,#C62828,#C62828,0.0,0.0,0.0,0.979294,0.979294,,,1,0,0,0,,,,,0,0,,0,0,,,,1,1.0,0,0,0,0,0,0,0,MATCH,1,2.0
LI_025_R03.png,LI,line,identification,LI_025,25,3,1017,702,OK,EXACT,1,1,1,0,0,0,vermelho,#C62828,#C62828,0.0,0.0,0.0,0.979294,0.979294,,,1,0,0,0,,,,,0,0,,0,0,,,,1,1.0,0,0,0,0,0,0,0,MATCH,1,2.0
LI_025_R04.png,LI,line,identification,LI_025,25,4,1017,702,OK,EXACT,1,1,1,0,0,0,vermelho,#C62828,#C62828,0.0,0.0,0.0,0.979294,0.979294,,,1,0,0,0,,,,,0,0,,0,0,,,,1,1.0,0,0,0,0,0,0,0,MATCH,1,2.0
LI_025_R05.png,LI,line,identification,LI_025,25,5,1017,702,OK,EXACT,1,1,1,0,0,0,vermelho,#C62828,#C62828,0.0,0.0,0.0,0.979294,0.979294,,,1,0,0,0,,,,,0,0,,0,0,,,,1,1.0,0,0,0,0,0,0,0,MATCH,1,2.0
LI_025_R06.png,LI,line,identification,LI_025,25,6,1017,702,OK,EXACT,1,1,1,0,0,0,vermelho,#C62828,#C62828,0.0,0.0,0.0,0.979294,0.979294,,,1,0,0,0,,,,,0,0,,0,0,,,,1,1.0,0,0,0,0,0,0,0,MATCH,1,2.0
LI_025_R07.png,LI,line,identification,LI_025,25,7,1017,702,OK,EXACT,1,1,1,0,0,0,vermelho,#C62828,#C62828,0.0,0.0,0.0,0.979294,0.979294,,,1,0,0,0,,,,,0,0,,0,0,,,,1,1.0,0,0,0,0,0,0,0,MATCH,1,2.0
LI_025_R08.png,LI,line,identification,LI_025,25,8,1017,702,OK,EXACT,1,1,1,0,0,0,vermelho,#C62828,#C62828,0.0,0.0,0.0,0.979294,0.979294,,,1,0,0,0,,,,,0,0,,0,0,,,,1,1.0,0,0,0,0,0,0,0,MATCH,1,2.0
LI_025_R09.png,LI,line,identification,LI_025,25,9,1017,702,OK,EXACT,1,1,1,0,0,0,vermelho,#C62828,#C62828,0.0,0.0,0.0,0.979294,0.979294,,,1,0,0,0,,,,,0,0,,0,0,,,,1,1.0,0,0,0,0,0,0,0,MATCH,1,2.0
LI_025_R10.png,LI,line,identification,LI_025,25,10,1017,702,OK,EXACT,1,1,1,0,0,0,vermelho,#C62828,#C62828,0.0,0.0,0.0,0.979294,0.979294,,,1,0,0,0,,,,,0,0,,0,0,,,,1,1.0,0,0,0,0,0,0,0,MATCH,1,2.0
LI_026_R01.png,LI,line,identification,LI_026,26,1,1189,790,OK,EXACT,1,1,1,0,0,0,vermelho,#C62828,#F10000,9.781225,9.781225,9.781225,0.603448,0.603448,,,1,0,0,0,,,,,0,0,,0,0,,,,1,0.0,1,0,0,0,0,0,0,COLOR_DEVIATION,0,2.0
LI_026_R02.png,LI,line,identification,LI_026,26,2,1018,703,OK,EXACT,1,1,1,0,0,0,vermelho,#C62828,#C62828,0.0,0.0,0.0,0.979089,0.979089,,,1,0,0,0,,,,,0,0,,0,0,,,,1,1.0,0,0,0,0,0,0,0,MATCH,1,2.0
LI_026_R03.png,LI,line,identification,LI_026,26,3,1018,703,OK,EXACT,1,1,1,0,0,0,vermelho,#C62828,#C62828,0.0,0.0,0.0,0.979089,0.979089,,,1,0,0,0,,,,,0,0,,0,0,,,,1,1.0,0,0,0,0,0,0,0,MATCH,1,2.0
LI_026_R04.png,LI,line,identification,LI_026,26,4,1018,703,OK,EXACT,1,1,1,0,0,0,vermelho,#C62828,#C62828,0.0,0.0,0.0,0.979089,0.979089,,,1,0,0,0,,,,,0,0,,0,0,,,,1,1.0,0,0,0,0,0,0,0,MATCH,1,2.0
LI_026_R05.png,LI,line,identification,LI_026,26,5,1018,703,OK,EXACT,1,1,1,0,0,0,vermelho,#C62828,#C62828,0.0,0.0,0.0,0.979089,0.979089,,,1,0,0,0,,,,,0,0,,0,0,,,,1,1.0,0,0,0,0,0,0,0,MATCH,1,2.0
LI_026_R06.png,LI,line,identification,LI_026,26,6,1018,703,OK,EXACT,1,1,1,0,0,0,vermelho,#C62828,#C62828,0.0,0.0,0.0,0.979089,0.979089,,,1,0,0,0,,,,,0,0,,0,0,,,,1,1.0,0,0,0,0,0,0,0,MATCH,1,2.0
LI_026_R07.png,LI,line,identification,LI_026,26,7,1018,703,OK,EXACT,1,1,1,0,0,0,vermelho,#C62828,#C62828,0.0,0.0,0.0,0.979089,0.979089,,,1,0,0,0,,,,,0,0,,0,0,,,,1,1.0,0,0,0,0,0,0,0,MATCH,1,2.0
LI_026_R08.png,LI,line,identification,LI_026,26,8,1018,703,OK,EXACT,1,1,1,0,0,0,vermelho,#C62828,#C62828,0.0,0.0,0.0,0.979089,0.979089,,,1,0,0,0,,,,,0,0,,0,0,,,,1,1.0,0,0,0,0,0,0,0,MATCH,1,2.0
LI_026_R09.png,LI,line,identification,LI_026,26,9,1018,703,OK,EXACT,1,1,1,0,0,0,vermelho,#C62828,#C62828,0.0,0.0,0.0,0.979089,0.979089,,,1,0,0,0,,,,,0,0,,0,0,,,,1,1.0,0,0,0,0,0,0,0,MATCH,1,2.0
LI_026_R10.png,LI,line,identification,LI_026,26,10,1018,703,OK,EXACT,1,1,1,0,0,0,vermelho,#C62828,#C62828,0.0,0.0,0.0,0.979089,0.979089,,,1,0,0,0,,,,,0,0,,0,0,,,,1,1.0,0,0,0,0,0,0,0,MATCH,1,2.0
LI_027_R01.png,LI,line,identification,LI_027,27,1,1200,800,OK,EXACT,1,1,1,0,0,0,vermelho,#C62828,#C62828,0.0,0.0,0.0,0.985915,0.985915,,,1,0,0,0,,,,,0,0,,0,0,,,,1,1.0,0,0,0,0,0,0,0,MATCH,1,2.0
LI_027_R02.png,LI,line,identification,LI_027,27,2,1200,800,OK,EXACT,1,1,1,0,0,0,vermelho,#C62828,#C62828,0.0,0.0,0.0,0.981337,0.981337,,,1,0,0,0,,,,,0,0,,0,0,,,,1,1.0,0,0,0,0,0,0,0,MATCH,1,2.0
LI_027_R03.png,LI,line,identification,LI_027,27,3,1200,800,OK,EXACT,1,1,1,0,0,0,vermelho,#C62828,#C62828,0.0,0.0,0.0,0.981337,0.981337,,,1,0,0,0,,,,,0,0,,0,0,,,,1,1.0,0,0,0,0,0,0,0,MATCH,1,2.0
LI_027_R04.png,LI,line,identification,LI_027,27,4,1200,800,OK,EXACT,1,1,1,0,0,0,vermelho,#C62828,#C62828,0.0,0.0,0.0,0.981337,0.981337,,,1,0,0,0,,,,,0,0,,0,0,,,,1,1.0,0,0,0,0,0,0,0,MATCH,1,2.0
LI_027_R05.png,LI,line,identification,LI_027,27,5,1200,800,OK,EXACT,1,1,1,0,0,0,vermelho,#C62828,#C62828,0.0,0.0,0.0,0.981337,0.981337,,,1,0,0,0,,,,,0,0,,0,0,,,,1,1.0,0,0,0,0,0,0,0,MATCH,1,2.0
LI_027_R06.png,LI,line,identification,LI_027,27,6,1200,800,OK,EXACT,1,1,1,0,0,0,vermelho,#C62828,#C62828,0.0,0.0,0.0,0.981337,0.981337,,,1,0,0,0,,,,,0,0,,0,0,,,,1,1.0,0,0,0,0,0,0,0,MATCH,1,2.0
LI_027_R07.png,LI,line,identification,LI_027,27,7,1200,800,OK,EXACT,1,1,1,0,0,0,vermelho,#C62828,#C62828,0.0,0.0,0.0,0.981337,0.981337,,,1,0,0,0,,,,,0,0,,0,0,,,,1,1.0,0,0,0,0,0,0,0,MATCH,1,2.0
LI_027_R08.png,LI,line,identification,LI_027,27,8,1200,800,OK,EXACT,1,1,1,0,0,0,vermelho,#C62828,#C62828,0.0,0.0,0.0,0.981337,0.981337,,,1,0,0,0,,,,,0,0,,0,0,,,,1,1.0,0,0,0,0,0,0,0,MATCH,1,2.0
LI_027_R09.png,LI,line,identification,LI_027,27,9,1200,800,OK,EXACT,1,1,1,0,0,0,vermelho,#C62828,#C62828,0.0,0.0,0.0,0.981337,0.981337,,,1,0,0,0,,,,,0,0,,0,0,,,,1,1.0,0,0,0,0,0,0,0,MATCH,1,2.0
LI_027_R10.png,LI,line,identification,LI_027,27,10,1200,800,OK,EXACT,1,1,1,0,0,0,vermelho,#C62828,#C62828,0.0,0.0,0.0,0.981337,0.981337,,,1,0,0,0,,,,,0,0,,0,0,,,,1,1.0,0,0,0,0,0,0,0,MATCH,1,2.0
LI_028_R01.png,LI,line,identification,LI_028,28,1,1116,671,OK,EXACT,1,1,1,0,0,0,vermelho,#C62828,#C62828,0.0,0.0,0.0,0.999691,0.999691,,,1,0,0,0,,,,,0,0,,0,0,,,,1,1.0,0,0,0,0,0,0,0,MATCH,1,2.0
LI_028_R02.png,LI,line,identification,LI_028,28,2,1200,800,OK,EXACT,1,1,1,0,0,0,vermelho,#C62828,#C62828,0.0,0.0,0.0,0.994962,0.994962,,,1,0,0,0,,,,,0,0,,0,0,,,,1,1.0,0,0,0,0,0,0,0,MATCH,1,2.0
LI_028_R03.png,LI,line,identification,LI_028,28,3,1200,800,OK,EXACT,1,1,1,0,0,0,vermelho,#C62828,#C62828,0.0,0.0,0.0,0.994962,0.994962,,,1,0,0,0,,,,,0,0,,0,0,,,,1,1.0,0,0,0,0,0,0,0,MATCH,1,2.0
LI_028_R04.png,LI,line,identification,LI_028,28,4,1200,800,OK,EXACT,1,1,1,0,0,0,vermelho,#C62828,#C62828,0.0,0.0,0.0,0.994962,0.994962,,,1,0,0,0,,,,,0,0,,0,0,,,,1,1.0,0,0,0,0,0,0,0,MATCH,1,2.0
LI_028_R05.png,LI,line,identification,LI_028,28,5,1200,800,OK,EXACT,1,1,1,0,0,0,vermelho,#C62828,#C62828,0.0,0.0,0.0,0.994962,0.994962,,,1,0,0,0,,,,,0,0,,0,0,,,,1,1.0,0,0,0,0,0,0,0,MATCH,1,2.0
LI_028_R06.png,LI,line,identification,LI_028,28,6,1200,800,OK,EXACT,1,1,1,0,0,0,vermelho,#C62828,#C62828,0.0,0.0,0.0,0.994962,0.994962,,,1,0,0,0,,,,,0,0,,0,0,,,,1,1.0,0,0,0,0,0,0,0,MATCH,1,2.0
LI_028_R07.png,LI,line,identification,LI_028,28,7,1200,800,OK,EXACT,1,1,1,0,0,0,vermelho,#C62828,#C62828,0.0,0.0,0.0,0.994962,0.994962,,,1,0,0,0,,,,,0,0,,0,0,,,,1,1.0,0,0,0,0,0,0,0,MATCH,1,2.0
LI_028_R08.png,LI,line,identification,LI_028,28,8,1200,800,OK,EXACT,1,1,1,0,0,0,vermelho,#C62828,#C62828,0.0,0.0,0.0,0.994962,0.994962,,,1,0,0,0,,,,,0,0,,0,0,,,,1,1.0,0,0,0,0,0,0,0,MATCH,1,2.0
LI_028_R09.png,LI,line,identification,LI_028,28,9,1200,800,OK,EXACT,1,1,1,0,0,0,vermelho,#C62828,#C62828,0.0,0.0,0.0,0.994962,0.994962,,,1,0,0,0,,,,,0,0,,0,0,,,,1,1.0,0,0,0,0,0,0,0,MATCH,1,2.0
LI_028_R10.png,LI,line,identification,LI_028,28,10,1200,800,OK,EXACT,1,1,1,0,0,0,vermelho,#C62828,#C62828,0.0,0.0,0.0,0.994962,0.994962,,,1,0,0,0,,,,,0,0,,0,0,,,,1,1.0,0,0,0,0,0,0,0,MATCH,1,2.0
LI_029_R01.png,LI,line,identification,LI_029,29,1,1103,671,OK,EXACT,1,1,1,0,0,0,vermelho,#C62828,#C62828,0.0,0.0,0.0,1.0,1.0,,,1,0,0,0,,,,,0,0,,0,0,,,,1,1.0,0,0,0,0,0,0,0,MATCH,1,2.0
LI_029_R02.png,LI,line,identification,LI_029,29,2,1017,701,OK,EXACT,1,1,1,0,0,0,vermelho,#C62828,#C62828,0.0,0.0,0.0,1.0,1.0,,,1,0,0,0,,,,,0,0,,0,0,,,,1,1.0,0,0,0,0,0,0,0,MATCH,1,2.0
LI_029_R03.png,LI,line,identification,LI_029,29,3,1017,701,OK,EXACT,1,1,1,0,0,0,vermelho,#C62828,#C62828,0.0,0.0,0.0,1.0,1.0,,,1,0,0,0,,,,,0,0,,0,0,,,,1,1.0,0,0,0,0,0,0,0,MATCH,1,2.0
LI_029_R04.png,LI,line,identification,LI_029,29,4,1017,701,OK,EXACT,1,1,1,0,0,0,vermelho,#C62828,#C62828,0.0,0.0,0.0,1.0,1.0,,,1,0,0,0,,,,,0,0,,0,0,,,,1,1.0,0,0,0,0,0,0,0,MATCH,1,2.0
LI_029_R05.png,LI,line,identification,LI_029,29,5,1017,701,OK,EXACT,1,1,1,0,0,0,vermelho,#C62828,#C62828,0.0,0.0,0.0,1.0,1.0,,,1,0,0,0,,,,,0,0,,0,0,,,,1,1.0,0,0,0,0,0,0,0,MATCH,1,2.0
LI_029_R06.png,LI,line,identification,LI_029,29,6,1017,701,OK,EXACT,1,1,1,0,0,0,vermelho,#C62828,#C62828,0.0,0.0,0.0,1.0,1.0,,,1,0,0,0,,,,,0,0,,0,0,,,,1,1.0,0,0,0,0,0,0,0,MATCH,1,2.0
LI_029_R07.png,LI,line,identification,LI_029,29,7,1017,701,OK,EXACT,1,1,1,0,0,0,vermelho,#C62828,#C62828,0.0,0.0,0.0,1.0,1.0,,,1,0,0,0,,,,,0,0,,0,0,,,,1,1.0,0,0,0,0,0,0,0,MATCH,1,2.0
LI_029_R08.png,LI,line,identification,LI_029,29,8,1017,701,OK,EXACT,1,1,1,0,0,0,vermelho,#C62828,#C62828,0.0,0.0,0.0,1.0,1.0,,,1,0,0,0,,,,,0,0,,0,0,,,,1,1.0,0,0,0,0,0,0,0,MATCH,1,2.0
LI_029_R09.png,LI,line,identification,LI_029,29,9,1017,701,OK,EXACT,1,1,1,0,0,0,vermelho,#C62828,#C62828,0.0,0.0,0.0,1.0,1.0,,,1,0,0,0,,,,,0,0,,0,0,,,,1,1.0,0,0,0,0,0,0,0,MATCH,1,2.0
LI_029_R10.png,LI,line,identification,LI_029,29,10,1017,701,OK,EXACT,1,1,1,0,0,0,vermelho,#C62828,#C62828,0.0,0.0,0.0,1.0,1.0,,,1,0,0,0,,,,,0,0,,0,0,,,,1,1.0,0,0,0,0,0,0,0,MATCH,1,2.0
LI_030_R01.png,LI,line,identification,LI_030,30,1,1340,671,OK,EXACT,1,1,1,0,0,0,vermelho,#C62828,#C62828,0.0,0.0,0.0,1.0,1.0,,,1,0,0,0,,,,,0,0,,0,0,,,,1,1.0,0,0,0,0,0,0,0,MATCH,1,2.0
LI_030_R02.png,LI,line,identification,LI_030,30,2,1200,800,NO_MARK,NO_MARK,1,0,0,0,1,1,vermelho,#C62828,,,,,,,,,0,0,0,0,,,,,0,0,,0,0,,,,0,,0,1,1,0,0,0,0,NO_MARK,0,2.0
LI_030_R03.png,LI,line,identification,LI_030,30,3,1200,800,NO_MARK,NO_MARK,1,0,0,0,1,1,vermelho,#C62828,,,,,,,,,0,0,0,0,,,,,0,0,,0,0,,,,0,,0,1,1,0,0,0,0,NO_MARK,0,2.0
LI_030_R04.png,LI,line,identification,LI_030,30,4,1200,800,NO_MARK,NO_MARK,1,0,0,0,1,1,vermelho,#C62828,,,,,,,,,0,0,0,0,,,,,0,0,,0,0,,,,0,,0,1,1,0,0,0,0,NO_MARK,0,2.0
LI_030_R05.png,LI,line,identification,LI_030,30,5,1200,800,NO_MARK,NO_MARK,1,0,0,0,1,1,vermelho,#C62828,,,,,,,,,0,0,0,0,,,,,0,0,,0,0,,,,0,,0,1,1,0,0,0,0,NO_MARK,0,2.0
LI_030_R06.png,LI,line,identification,LI_030,30,6,1200,800,NO_MARK,NO_MARK,1,0,0,0,1,1,vermelho,#C62828,,,,,,,,,0,0,0,0,,,,,0,0,,0,0,,,,0,,0,1,1,0,0,0,0,NO_MARK,0,2.0
LI_030_R07.png,LI,line,identification,LI_030,30,7,1200,800,NO_MARK,NO_MARK,1,0,0,0,1,1,vermelho,#C62828,,,,,,,,,0,0,0,0,,,,,0,0,,0,0,,,,0,,0,1,1,0,0,0,0,NO_MARK,0,2.0
LI_030_R08.png,LI,line,identification,LI_030,30,8,1200,800,NO_MARK,NO_MARK,1,0,0,0,1,1,vermelho,#C62828,,,,,,,,,0,0,0,0,,,,,0,0,,0,0,,,,0,,0,1,1,0,0,0,0,NO_MARK,0,2.0
LI_030_R09.png,LI,line,identification,LI_030,30,9,1200,800,NO_MARK,NO_MARK,1,0,0,0,1,1,vermelho,#C62828,,,,,,,,,0,0,0,0,,,,,0,0,,0,0,,,,0,,0,1,1,0,0,0,0,NO_MARK,0,2.0
LI_030_R10.png,LI,line,identification,LI_030,30,10,1200,800,NO_MARK,NO_MARK,1,0,0,0,1,1,vermelho,#C62828,,,,,,,,,0,0,0,0,,,,,0,0,,0,0,,,,0,,0,1,1,0,0,0,0,NO_MARK,0,2.0
LI_031_R01.png,LI,line,identification,LI_031,31,1,1132,671,OK,EXACT,1,1,1,0,0,0,vermelho,#C62828,#C62828,0.0,0.0,0.0,1.0,1.0,,,1,0,0,0,,,,,0,0,,0,0,,,,1,1.0,0,0,0,0,0,0,0,MATCH,1,2.0
LI_031_R02.png,LI,line,identification,LI_031,31,2,1017,701,OK,EXACT,1,1,1,0,0,0,vermelho,#C62828,#C62828,0.0,0.0,0.0,0.982473,0.982473,,,1,0,0,0,,,,,0,0,,0,0,,,,1,1.0,0,0,0,0,0,0,0,MATCH,1,2.0
LI_031_R03.png,LI,line,identification,LI_031,31,3,1017,701,OK,EXACT,1,1,1,0,0,0,vermelho,#C62828,#C62828,0.0,0.0,0.0,0.982473,0.982473,,,1,0,0,0,,,,,0,0,,0,0,,,,1,1.0,0,0,0,0,0,0,0,MATCH,1,2.0
LI_031_R04.png,LI,line,identification,LI_031,31,4,1017,701,OK,EXACT,1,1,1,0,0,0,vermelho,#C62828,#C62828,0.0,0.0,0.0,0.982473,0.982473,,,1,0,0,0,,,,,0,0,,0,0,,,,1,1.0,0,0,0,0,0,0,0,MATCH,1,2.0
LI_031_R05.png,LI,line,identification,LI_031,31,5,1017,701,OK,EXACT,1,1,1,0,0,0,vermelho,#C62828,#C62828,0.0,0.0,0.0,0.982473,0.982473,,,1,0,0,0,,,,,0,0,,0,0,,,,1,1.0,0,0,0,0,0,0,0,MATCH,1,2.0
LI_031_R06.png,LI,line,identification,LI_031,31,6,1017,701,OK,EXACT,1,1,1,0,0,0,vermelho,#C62828,#C62828,0.0,0.0,0.0,0.982473,0.982473,,,1,0,0,0,,,,,0,0,,0,0,,,,1,1.0,0,0,0,0,0,0,0,MATCH,1,2.0
LI_031_R07.png,LI,line,identification,LI_031,31,7,1017,701,OK,EXACT,1,1,1,0,0,0,vermelho,#C62828,#C62828,0.0,0.0,0.0,0.982473,0.982473,,,1,0,0,0,,,,,0,0,,0,0,,,,1,1.0,0,0,0,0,0,0,0,MATCH,1,2.0
LI_031_R08.png,LI,line,identification,LI_031,31,8,1017,701,OK,EXACT,1,1,1,0,0,0,vermelho,#C62828,#C62828,0.0,0.0,0.0,0.982473,0.982473,,,1,0,0,0,,,,,0,0,,0,0,,,,1,1.0,0,0,0,0,0,0,0,MATCH,1,2.0
LI_031_R09.png,LI,line,identification,LI_031,31,9,1017,701,OK,EXACT,1,1,1,0,0,0,vermelho,#C62828,#C62828,0.0,0.0,0.0,0.982473,0.982473,,,1,0,0,0,,,,,0,0,,0,0,,,,1,1.0,0,0,0,0,0,0,0,MATCH,1,2.0
LI_031_R10.png,LI,line,identification,LI_031,31,10,1017,701,OK,EXACT,1,1,1,0,0,0,vermelho,#C62828,#C62828,0.0,0.0,0.0,0.982473,0.982473,,,1,0,0,0,,,,,0,0,,0,0,,,,1,1.0,0,0,0,0,0,0,0,MATCH,1,2.0
LI_032_R01.png,LI,line,identification,LI_032,32,1,1132,671,OK,EXACT,1,1,1,0,0,0,vermelho,#C62828,#C62828,0.0,0.0,0.0,0.985437,0.985437,,,1,0,0,0,,,,,0,0,,0,0,,,,1,1.0,0,0,0,0,0,0,0,MATCH,1,2.0
LI_032_R02.png,LI,line,identification,LI_032,32,2,1200,800,OK,EXACT,1,1,1,0,0,0,vermelho,#C62828,#C62828,0.0,0.0,0.0,1.0,1.0,,,1,0,0,0,,,,,0,0,,0,0,,,,1,1.0,0,0,0,0,0,0,0,MATCH,1,2.0
LI_032_R03.png,LI,line,identification,LI_032,32,3,1200,800,OK,EXACT,1,1,1,0,0,0,vermelho,#C62828,#C62828,0.0,0.0,0.0,1.0,1.0,,,1,0,0,0,,,,,0,0,,0,0,,,,1,1.0,0,0,0,0,0,0,0,MATCH,1,2.0
LI_032_R04.png,LI,line,identification,LI_032,32,4,1200,800,OK,EXACT,1,1,1,0,0,0,vermelho,#C62828,#C62828,0.0,0.0,0.0,1.0,1.0,,,1,0,0,0,,,,,0,0,,0,0,,,,1,1.0,0,0,0,0,0,0,0,MATCH,1,2.0
LI_032_R05.png,LI,line,identification,LI_032,32,5,1200,800,OK,EXACT,1,1,1,0,0,0,vermelho,#C62828,#C62828,0.0,0.0,0.0,1.0,1.0,,,1,0,0,0,,,,,0,0,,0,0,,,,1,1.0,0,0,0,0,0,0,0,MATCH,1,2.0
LI_032_R06.png,LI,line,identification,LI_032,32,6,1200,800,OK,EXACT,1,1,1,0,0,0,vermelho,#C62828,#C62828,0.0,0.0,0.0,1.0,1.0,,,1,0,0,0,,,,,0,0,,0,0,,,,1,1.0,0,0,0,0,0,0,0,MATCH,1,2.0
LI_032_R07.png,LI,line,identification,LI_032,32,7,1150,671,OK,EXACT,1,1,1,0,0,0,vermelho,#C62828,#C62828,0.0,0.0,0.0,1.0,1.0,,,1,0,0,0,,,,,0,0,,0,0,,,,1,1.0,0,0,0,0,0,0,0,MATCH,1,2.0
LI_032_R08.png,LI,line,identification,LI_032,32,8,1150,671,OK,EXACT,1,1,1,0,0,0,vermelho,#C62828,#C62828,0.0,0.0,0.0,1.0,1.0,,,1,0,0,0,,,,,0,0,,0,0,,,,1,1.0,0,0,0,0,0,0,0,MATCH,1,2.0
LI_032_R09.png,LI,line,identification,LI_032,32,9,1150,671,OK,EXACT,1,1,1,0,0,0,vermelho,#C62828,#C62828,0.0,0.0,0.0,1.0,1.0,,,1,0,0,0,,,,,0,0,,0,0,,,,1,1.0,0,0,0,0,0,0,0,MATCH,1,2.0
LI_032_R10.png,LI,line,identification,LI_032,32,10,1150,671,OK,EXACT,1,1,1,0,0,0,vermelho,#C62828,#C62828,0.0,0.0,0.0,1.0,1.0,,,1,0,0,0,,,,,0,0,,0,0,,,,1,1.0,0,0,0,0,0,0,0,MATCH,1,2.0
LI_033_R01.png,LI,line,identification,LI_033,33,1,1116,671,OK,EXACT,1,1,1,0,0,0,vermelho,#C62828,#C62828,0.0,0.0,0.0,0.987193,0.987193,,,1,0,0,0,,,,,0,0,,0,0,,,,1,1.0,0,0,0,0,0,0,0,MATCH,1,2.0
LI_033_R02.png,LI,line,identification,LI_033,33,2,1200,800,OK,EXACT,1,1,1,0,0,0,vermelho,#C62828,#C62828,0.0,0.0,0.0,0.945583,0.945583,,,1,0,0,0,,,,,0,0,,0,0,,,,1,1.0,0,0,0,0,0,0,0,MATCH,1,2.0
LI_033_R03.png,LI,line,identification,LI_033,33,3,1200,800,OK,EXACT,1,1,1,0,0,0,vermelho,#C62828,#C62828,0.0,0.0,0.0,0.945583,0.945583,,,1,0,0,0,,,,,0,0,,0,0,,,,1,1.0,0,0,0,0,0,0,0,MATCH,1,2.0
LI_033_R04.png,LI,line,identification,LI_033,33,4,1200,800,OK,EXACT,1,1,1,0,0,0,vermelho,#C62828,#C62828,0.0,0.0,0.0,0.945583,0.945583,,,1,0,0,0,,,,,0,0,,0,0,,,,1,1.0,0,0,0,0,0,0,0,MATCH,1,2.0
LI_033_R05.png,LI,line,identification,LI_033,33,5,1200,800,OK,EXACT,1,1,1,0,0,0,vermelho,#C62828,#C62828,0.0,0.0,0.0,0.945583,0.945583,,,1,0,0,0,,,,,0,0,,0,0,,,,1,1.0,0,0,0,0,0,0,0,MATCH,1,2.0
LI_033_R06.png,LI,line,identification,LI_033,33,6,1200,800,OK,EXACT,1,1,1,0,0,0,vermelho,#C62828,#C62828,0.0,0.0,0.0,0.945583,0.945583,,,1,0,0,0,,,,,0,0,,0,0,,,,1,1.0,0,0,0,0,0,0,0,MATCH,1,2.0
LI_033_R07.png,LI,line,identification,LI_033,33,7,1200,800,OK,EXACT,1,1,1,0,0,0,vermelho,#C62828,#C62828,0.0,0.0,0.0,0.945583,0.945583,,,1,0,0,0,,,,,0,0,,0,0,,,,1,1.0,0,0,0,0,0,0,0,MATCH,1,2.0
LI_033_R08.png,LI,line,identification,LI_033,33,8,1200,800,OK,EXACT,1,1,1,0,0,0,vermelho,#C62828,#C62828,0.0,0.0,0.0,0.945583,0.945583,,,1,0,0,0,,,,,0,0,,0,0,,,,1,1.0,0,0,0,0,0,0,0,MATCH,1,2.0
LI_033_R09.png,LI,line,identification,LI_033,33,9,1200,800,OK,EXACT,1,1,1,0,0,0,vermelho,#C62828,#C62828,0.0,0.0,0.0,0.945583,0.945583,,,1,0,0,0,,,,,0,0,,0,0,,,,1,1.0,0,0,0,0,0,0,0,MATCH,1,2.0
LI_033_R10.png,LI,line,identification,LI_033,33,10,1200,800,OK,EXACT,1,1,1,0,0,0,vermelho,#C62828,#C62828,0.0,0.0,0.0,0.945583,0.945583,,,1,0,0,0,,,,,0,0,,0,0,,,,1,1.0,0,0,0,0,0,0,0,MATCH,1,2.0
LI_034_R01.png,LI,line,identification,LI_034,34,1,1145,671,OK,EXACT,1,1,1,0,0,0,vermelho,#C62828,#C62828,0.0,0.0,0.0,1.0,1.0,,,1,0,0,0,,,,,0,0,,0,0,,,,1,1.0,0,0,0,0,0,0,0,MATCH,1,2.0
LI_034_R02.png,LI,line,identification,LI_034,34,2,1132,671,OK,EXACT,1,1,1,0,0,0,vermelho,#C62828,#C62828,0.0,0.0,0.0,0.99362,0.99362,,,1,0,0,0,,,,,0,0,,0,0,,,,1,1.0,0,0,0,0,0,0,0,MATCH,1,2.0
LI_034_R03.png,LI,line,identification,LI_034,34,3,1132,671,OK,EXACT,1,1,1,0,0,0,vermelho,#C62828,#C62828,0.0,0.0,0.0,0.99362,0.99362,,,1,0,0,0,,,,,0,0,,0,0,,,,1,1.0,0,0,0,0,0,0,0,MATCH,1,2.0
LI_034_R04.png,LI,line,identification,LI_034,34,4,1132,671,OK,EXACT,1,1,1,0,0,0,vermelho,#C62828,#C62828,0.0,0.0,0.0,0.99362,0.99362,,,1,0,0,0,,,,,0,0,,0,0,,,,1,1.0,0,0,0,0,0,0,0,MATCH,1,2.0
LI_034_R05.png,LI,line,identification,LI_034,34,5,1132,671,OK,EXACT,1,1,1,0,0,0,vermelho,#C62828,#C62828,0.0,0.0,0.0,0.99362,0.99362,,,1,0,0,0,,,,,0,0,,0,0,,,,1,1.0,0,0,0,0,0,0,0,MATCH,1,2.0
LI_034_R06.png,LI,line,identification,LI_034,34,6,1132,671,OK,EXACT,1,1,1,0,0,0,vermelho,#C62828,#C62828,0.0,0.0,0.0,0.99362,0.99362,,,1,0,0,0,,,,,0,0,,0,0,,,,1,1.0,0,0,0,0,0,0,0,MATCH,1,2.0
LI_034_R07.png,LI,line,identification,LI_034,34,7,1132,671,OK,EXACT,1,1,1,0,0,0,vermelho,#C62828,#C62828,0.0,0.0,0.0,0.99362,0.99362,,,1,0,0,0,,,,,0,0,,0,0,,,,1,1.0,0,0,0,0,0,0,0,MATCH,1,2.0
LI_034_R08.png,LI,line,identification,LI_034,34,8,1132,671,OK,EXACT,1,1,1,0,0,0,vermelho,#C62828,#C62828,0.0,0.0,0.0,0.99362,0.99362,,,1,0,0,0,,,,,0,0,,0,0,,,,1,1.0,0,0,0,0,0,0,0,MATCH,1,2.0
LI_034_R09.png,LI,line,identification,LI_034,34,9,1132,671,OK,EXACT,1,1,1,0,0,0,vermelho,#C62828,#C62828,0.0,0.0,0.0,0.99362,0.99362,,,1,0,0,0,,,,,0,0,,0,0,,,,1,1.0,0,0,0,0,0,0,0,MATCH,1,2.0
LI_034_R10.png,LI,line,identification,LI_034,34,10,1132,671,OK,EXACT,1,1,1,0,0,0,vermelho,#C62828,#C62828,0.0,0.0,0.0,0.99362,0.99362,,,1,0,0,0,,,,,0,0,,0,0,,,,1,1.0,0,0,0,0,0,0,0,MATCH,1,2.0
LI_035_R01.png,LI,line,identification,LI_035,35,1,1132,671,OK,EXACT,1,1,1,0,0,0,vermelho,#C62828,#C62828,0.0,0.0,0.0,1.0,1.0,,,1,0,0,0,,,,,0,0,,0,0,,,,1,1.0,0,0,0,0,0,0,0,MATCH,1,2.0
LI_035_R02.png,LI,line,identification,LI_035,35,2,1131,670,OK,EXACT,1,1,1,0,0,0,vermelho,#C62828,#C62828,0.0,0.0,0.0,0.983354,0.983354,,,1,0,0,0,,,,,0,0,,0,0,,,,1,1.0,0,0,0,0,0,0,0,MATCH,1,2.0
LI_035_R03.png,LI,line,identification,LI_035,35,3,1131,670,OK,EXACT,1,1,1,0,0,0,vermelho,#C62828,#C62828,0.0,0.0,0.0,0.983354,0.983354,,,1,0,0,0,,,,,0,0,,0,0,,,,1,1.0,0,0,0,0,0,0,0,MATCH,1,2.0
LI_035_R04.png,LI,line,identification,LI_035,35,4,1131,670,OK,EXACT,1,1,1,0,0,0,vermelho,#C62828,#C62828,0.0,0.0,0.0,0.983354,0.983354,,,1,0,0,0,,,,,0,0,,0,0,,,,1,1.0,0,0,0,0,0,0,0,MATCH,1,2.0
LI_035_R05.png,LI,line,identification,LI_035,35,5,1131,670,OK,EXACT,1,1,1,0,0,0,vermelho,#C62828,#C62828,0.0,0.0,0.0,0.983354,0.983354,,,1,0,0,0,,,,,0,0,,0,0,,,,1,1.0,0,0,0,0,0,0,0,MATCH,1,2.0
LI_035_R06.png,LI,line,identification,LI_035,35,6,1131,670,OK,EXACT,1,1,1,0,0,0,vermelho,#C62828,#C62828,0.0,0.0,0.0,0.983354,0.983354,,,1,0,0,0,,,,,0,0,,0,0,,,,1,1.0,0,0,0,0,0,0,0,MATCH,1,2.0
LI_035_R07.png,LI,line,identification,LI_035,35,7,1131,670,OK,EXACT,1,1,1,0,0,0,vermelho,#C62828,#C62828,0.0,0.0,0.0,0.983354,0.983354,,,1,0,0,0,,,,,0,0,,0,0,,,,1,1.0,0,0,0,0,0,0,0,MATCH,1,2.0
LI_035_R08.png,LI,line,identification,LI_035,35,8,1131,670,OK,EXACT,1,1,1,0,0,0,vermelho,#C62828,#C62828,0.0,0.0,0.0,0.983354,0.983354,,,1,0,0,0,,,,,0,0,,0,0,,,,1,1.0,0,0,0,0,0,0,0,MATCH,1,2.0
LI_035_R09.png,LI,line,identification,LI_035,35,9,1131,670,OK,EXACT,1,1,1,0,0,0,vermelho,#C62828,#C62828,0.0,0.0,0.0,0.983354,0.983354,,,1,0,0,0,,,,,0,0,,0,0,,,,1,1.0,0,0,0,0,0,0,0,MATCH,1,2.0
LI_035_R10.png,LI,line,identification,LI_035,35,10,1131,670,OK,EXACT,1,1,1,0,0,0,vermelho,#C62828,#C62828,0.0,0.0,0.0,0.983354,0.983354,,,1,0,0,0,,,,,0,0,,0,0,,,,1,1.0,0,0,0,0,0,0,0,MATCH,1,2.0
LI_036_R01.png,LI,line,identification,LI_036,36,1,1017,701,OK,EXACT,1,1,1,0,0,0,vermelho,#C62828,#1F77B4,47.870906,47.870906,47.870906,0.996554,0.996554,,,1,0,0,0,,,,,0,0,,0,0,,,,1,0.0,1,0,0,0,0,0,0,COLOR_DEVIATION,0,2.0
LI_036_R02.png,LI,line,identification,LI_036,36,2,1131,670,OK,EXACT,1,1,1,0,0,0,vermelho,#C62828,#C62828,0.0,0.0,0.0,0.983354,0.983354,,,1,0,0,0,,,,,0,0,,0,0,,,,1,1.0,0,0,0,0,0,0,0,MATCH,1,2.0
LI_036_R03.png,LI,line,identification,LI_036,36,3,1131,670,OK,EXACT,1,1,1,0,0,0,vermelho,#C62828,#C62828,0.0,0.0,0.0,0.983354,0.983354,,,1,0,0,0,,,,,0,0,,0,0,,,,1,1.0,0,0,0,0,0,0,0,MATCH,1,2.0
LI_036_R04.png,LI,line,identification,LI_036,36,4,1131,670,OK,EXACT,1,1,1,0,0,0,vermelho,#C62828,#C62828,0.0,0.0,0.0,0.983354,0.983354,,,1,0,0,0,,,,,0,0,,0,0,,,,1,1.0,0,0,0,0,0,0,0,MATCH,1,2.0
LI_036_R05.png,LI,line,identification,LI_036,36,5,1131,670,OK,EXACT,1,1,1,0,0,0,vermelho,#C62828,#C62828,0.0,0.0,0.0,0.983354,0.983354,,,1,0,0,0,,,,,0,0,,0,0,,,,1,1.0,0,0,0,0,0,0,0,MATCH,1,2.0
LI_036_R06.png,LI,line,identification,LI_036,36,6,1131,670,OK,EXACT,1,1,1,0,0,0,vermelho,#C62828,#C62828,0.0,0.0,0.0,0.983354,0.983354,,,1,0,0,0,,,,,0,0,,0,0,,,,1,1.0,0,0,0,0,0,0,0,MATCH,1,2.0
LI_036_R07.png,LI,line,identification,LI_036,36,7,1131,670,OK,EXACT,1,1,1,0,0,0,vermelho,#C62828,#C62828,0.0,0.0,0.0,0.983354,0.983354,,,1,0,0,0,,,,,0,0,,0,0,,,,1,1.0,0,0,0,0,0,0,0,MATCH,1,2.0
LI_036_R08.png,LI,line,identification,LI_036,36,8,1131,670,OK,EXACT,1,1,1,0,0,0,vermelho,#C62828,#C62828,0.0,0.0,0.0,0.983354,0.983354,,,1,0,0,0,,,,,0,0,,0,0,,,,1,1.0,0,0,0,0,0,0,0,MATCH,1,2.0
LI_036_R09.png,LI,line,identification,LI_036,36,9,1131,670,OK,EXACT,1,1,1,0,0,0,vermelho,#C62828,#C62828,0.0,0.0,0.0,0.983354,0.983354,,,1,0,0,0,,,,,0,0,,0,0,,,,1,1.0,0,0,0,0,0,0,0,MATCH,1,2.0
LI_036_R10.png,LI,line,identification,LI_036,36,10,1131,670,OK,EXACT,1,1,1,0,0,0,vermelho,#C62828,#C62828,0.0,0.0,0.0,0.983354,0.983354,,,1,0,0,0,,,,,0,0,,0,0,,,,1,1.0,0,0,0,0,0,0,0,MATCH,1,2.0
LI_037_R01.png,LI,line,identification,LI_037,37,1,1200,800,OK,EXACT,1,1,1,0,0,0,vermelho,#C62828,#C62828,0.0,0.0,0.0,0.992522,0.992522,,,1,0,0,0,,,,,0,0,,0,0,,,,1,1.0,0,0,0,0,0,0,0,MATCH,1,2.0
LI_037_R02.png,LI,line,identification,LI_037,37,2,1200,800,OK,EXACT,1,1,1,0,0,0,vermelho,#C62828,#8B0000,13.635648,13.635648,13.635648,0.979147,0.979147,,,1,0,0,0,,,,,0,0,,0,0,,,,1,0.0,1,0,0,0,0,0,0,COLOR_DEVIATION,0,2.0
LI_037_R03.png,LI,line,identification,LI_037,37,3,1200,800,OK,EXACT,1,1,1,0,0,0,vermelho,#C62828,#8B0000,13.635648,13.635648,13.635648,0.979147,0.979147,,,1,0,0,0,,,,,0,0,,0,0,,,,1,0.0,1,0,0,0,0,0,0,COLOR_DEVIATION,0,2.0
LI_037_R04.png,LI,line,identification,LI_037,37,4,1200,800,OK,EXACT,1,1,1,0,0,0,vermelho,#C62828,#8B0000,13.635648,13.635648,13.635648,0.979147,0.979147,,,1,0,0,0,,,,,0,0,,0,0,,,,1,0.0,1,0,0,0,0,0,0,COLOR_DEVIATION,0,2.0
LI_037_R05.png,LI,line,identification,LI_037,37,5,1200,800,OK,EXACT,1,1,1,0,0,0,vermelho,#C62828,#8B0000,13.635648,13.635648,13.635648,0.979147,0.979147,,,1,0,0,0,,,,,0,0,,0,0,,,,1,0.0,1,0,0,0,0,0,0,COLOR_DEVIATION,0,2.0
LI_037_R06.png,LI,line,identification,LI_037,37,6,1200,800,OK,EXACT,1,1,1,0,0,0,vermelho,#C62828,#8B0000,13.635648,13.635648,13.635648,0.979147,0.979147,,,1,0,0,0,,,,,0,0,,0,0,,,,1,0.0,1,0,0,0,0,0,0,COLOR_DEVIATION,0,2.0
LI_037_R07.png,LI,line,identification,LI_037,37,7,1200,800,OK,EXACT,1,1,1,0,0,0,vermelho,#C62828,#8B0000,13.635648,13.635648,13.635648,0.979147,0.979147,,,1,0,0,0,,,,,0,0,,0,0,,,,1,0.0,1,0,0,0,0,0,0,COLOR_DEVIATION,0,2.0
LI_037_R08.png,LI,line,identification,LI_037,37,8,1200,800,OK,EXACT,1,1,1,0,0,0,vermelho,#C62828,#8B0000,13.635648,13.635648,13.635648,0.979147,0.979147,,,1,0,0,0,,,,,0,0,,0,0,,,,1,0.0,1,0,0,0,0,0,0,COLOR_DEVIATION,0,2.0
LI_037_R09.png,LI,line,identification,LI_037,37,9,1200,800,OK,EXACT,1,1,1,0,0,0,vermelho,#C62828,#8B0000,13.635648,13.635648,13.635648,0.979147,0.979147,,,1,0,0,0,,,,,0,0,,0,0,,,,1,0.0,1,0,0,0,0,0,0,COLOR_DEVIATION,0,2.0
LI_037_R10.png,LI,line,identification,LI_037,37,10,1200,800,OK,EXACT,1,1,1,0,0,0,vermelho,#C62828,#8B0000,13.635648,13.635648,13.635648,0.979147,0.979147,,,1,0,0,0,,,,,0,0,,0,0,,,,1,0.0,1,0,0,0,0,0,0,COLOR_DEVIATION,0,2.0
LI_038_R01.png,LI,line,identification,LI_038,38,1,1132,671,OK,EXACT,1,1,1,0,0,0,vermelho,#C62828,#C62828,0.0,0.0,0.0,1.0,1.0,,,1,0,0,0,,,,,0,0,,0,0,,,,1,1.0,0,0,0,0,0,0,0,MATCH,1,2.0
LI_038_R02.png,LI,line,identification,LI_038,38,2,1200,800,OK,EXACT,1,1,1,0,0,0,vermelho,#C62828,#C62828,0.0,0.0,0.0,0.979657,0.979657,,,1,0,0,0,,,,,0,0,,0,0,,,,1,1.0,0,0,0,0,0,0,0,MATCH,1,2.0
LI_038_R03.png,LI,line,identification,LI_038,38,3,1200,800,OK,EXACT,1,1,1,0,0,0,vermelho,#C62828,#C62828,0.0,0.0,0.0,0.979657,0.979657,,,1,0,0,0,,,,,0,0,,0,0,,,,1,1.0,0,0,0,0,0,0,0,MATCH,1,2.0
LI_038_R04.png,LI,line,identification,LI_038,38,4,1200,800,OK,EXACT,1,1,1,0,0,0,vermelho,#C62828,#C62828,0.0,0.0,0.0,0.979657,0.979657,,,1,0,0,0,,,,,0,0,,0,0,,,,1,1.0,0,0,0,0,0,0,0,MATCH,1,2.0
LI_038_R05.png,LI,line,identification,LI_038,38,5,1200,800,OK,EXACT,1,1,1,0,0,0,vermelho,#C62828,#C62828,0.0,0.0,0.0,0.979657,0.979657,,,1,0,0,0,,,,,0,0,,0,0,,,,1,1.0,0,0,0,0,0,0,0,MATCH,1,2.0
LI_038_R06.png,LI,line,identification,LI_038,38,6,1200,800,OK,EXACT,1,1,1,0,0,0,vermelho,#C62828,#C62828,0.0,0.0,0.0,0.979657,0.979657,,,1,0,0,0,,,,,0,0,,0,0,,,,1,1.0,0,0,0,0,0,0,0,MATCH,1,2.0
LI_038_R07.png,LI,line,identification,LI_038,38,7,1200,800,OK,EXACT,1,1,1,0,0,0,vermelho,#C62828,#C62828,0.0,0.0,0.0,0.979657,0.979657,,,1,0,0,0,,,,,0,0,,0,0,,,,1,1.0,0,0,0,0,0,0,0,MATCH,1,2.0
LI_038_R08.png,LI,line,identification,LI_038,38,8,1200,800,OK,EXACT,1,1,1,0,0,0,vermelho,#C62828,#C62828,0.0,0.0,0.0,0.979657,0.979657,,,1,0,0,0,,,,,0,0,,0,0,,,,1,1.0,0,0,0,0,0,0,0,MATCH,1,2.0
LI_038_R09.png,LI,line,identification,LI_038,38,9,1200,800,OK,EXACT,1,1,1,0,0,0,vermelho,#C62828,#C62828,0.0,0.0,0.0,0.970488,0.970488,,,1,0,0,0,,,,,0,0,,0,0,,,,1,1.0,0,0,0,0,0,0,0,MATCH,1,2.0
LI_038_R10.png,LI,line,identification,LI_038,38,10,1200,800,OK,EXACT,1,1,1,0,0,0,vermelho,#C62828,#C62828,0.0,0.0,0.0,0.970488,0.970488,,,1,0,0,0,,,,,0,0,,0,0,,,,1,1.0,0,0,0,0,0,0,0,MATCH,1,2.0
LI_039_R01.png,LI,line,identification,LI_039,39,1,1120,671,OK,EXACT,1,1,1,0,0,0,vermelho,#C62828,#C62828,0.0,0.0,0.0,0.983704,0.983704,,,1,0,0,0,,,,,0,0,,0,0,,,,1,1.0,0,0,0,0,0,0,0,MATCH,1,2.0
LI_039_R02.png,LI,line,identification,LI_039,39,2,1200,800,OK,EXACT,1,1,1,0,0,0,vermelho,#C62828,#C62828,0.0,0.0,0.0,0.970488,0.970488,,,1,0,0,0,,,,,0,0,,0,0,,,,1,1.0,0,0,0,0,0,0,0,MATCH,1,2.0
LI_039_R03.png,LI,line,identification,LI_039,39,3,1200,800,OK,EXACT,1,1,1,0,0,0,vermelho,#C62828,#C62828,0.0,0.0,0.0,0.970488,0.970488,,,1,0,0,0,,,,,0,0,,0,0,,,,1,1.0,0,0,0,0,0,0,0,MATCH,1,2.0
LI_039_R04.png,LI,line,identification,LI_039,39,4,1200,800,OK,EXACT,1,1,1,0,0,0,vermelho,#C62828,#C62828,0.0,0.0,0.0,0.970488,0.970488,,,1,0,0,0,,,,,0,0,,0,0,,,,1,1.0,0,0,0,0,0,0,0,MATCH,1,2.0
LI_039_R05.png,LI,line,identification,LI_039,39,5,1200,800,OK,EXACT,1,1,1,0,0,0,vermelho,#C62828,#C62828,0.0,0.0,0.0,0.970488,0.970488,,,1,0,0,0,,,,,0,0,,0,0,,,,1,1.0,0,0,0,0,0,0,0,MATCH,1,2.0
LI_039_R06.png,LI,line,identification,LI_039,39,6,1200,800,OK,EXACT,1,1,1,0,0,0,vermelho,#C62828,#C62828,0.0,0.0,0.0,0.970488,0.970488,,,1,0,0,0,,,,,0,0,,0,0,,,,1,1.0,0,0,0,0,0,0,0,MATCH,1,2.0
LI_039_R07.png,LI,line,identification,LI_039,39,7,1200,800,OK,EXACT,1,1,1,0,0,0,vermelho,#C62828,#C62828,0.0,0.0,0.0,0.970488,0.970488,,,1,0,0,0,,,,,0,0,,0,0,,,,1,1.0,0,0,0,0,0,0,0,MATCH,1,2.0
LI_039_R08.png,LI,line,identification,LI_039,39,8,1200,800,OK,EXACT,1,1,1,0,0,0,vermelho,#C62828,#C62828,0.0,0.0,0.0,0.970488,0.970488,,,1,0,0,0,,,,,0,0,,0,0,,,,1,1.0,0,0,0,0,0,0,0,MATCH,1,2.0
LI_039_R09.png,LI,line,identification,LI_039,39,9,1200,800,OK,EXACT,1,1,1,0,0,0,vermelho,#C62828,#C62828,0.0,0.0,0.0,0.970488,0.970488,,,1,0,0,0,,,,,0,0,,0,0,,,,1,1.0,0,0,0,0,0,0,0,MATCH,1,2.0
LI_039_R10.png,LI,line,identification,LI_039,39,10,1200,800,OK,EXACT,1,1,1,0,0,0,vermelho,#C62828,#C62828,0.0,0.0,0.0,0.970488,0.970488,,,1,0,0,0,,,,,0,0,,0,0,,,,1,1.0,0,0,0,0,0,0,0,MATCH,1,2.0
LI_040_R01.png,LI,line,identification,LI_040,40,1,1189,790,OK,EXACT,1,1,1,0,0,0,vermelho,#C62828,#800020,16.743257,16.743257,16.743257,0.987831,0.987831,,,1,0,0,0,,,,,0,0,,0,0,,,,1,0.0,1,0,0,0,0,0,0,COLOR_DEVIATION,0,2.0
LI_040_R02.png,LI,line,identification,LI_040,40,2,1200,800,OK,EXACT,1,1,1,0,0,0,vermelho,#C62828,#C62828,0.0,0.0,0.0,0.985781,0.985781,,,1,0,0,0,,,,,0,0,,0,0,,,,1,1.0,0,0,0,0,0,0,0,MATCH,1,2.0
LI_040_R03.png,LI,line,identification,LI_040,40,3,1200,800,OK,EXACT,1,1,1,0,0,0,vermelho,#C62828,#C62828,0.0,0.0,0.0,0.985781,0.985781,,,1,0,0,0,,,,,0,0,,0,0,,,,1,1.0,0,0,0,0,0,0,0,MATCH,1,2.0
LI_040_R04.png,LI,line,identification,LI_040,40,4,1200,800,OK,EXACT,1,1,1,0,0,0,vermelho,#C62828,#C62828,0.0,0.0,0.0,0.985781,0.985781,,,1,0,0,0,,,,,0,0,,0,0,,,,1,1.0,0,0,0,0,0,0,0,MATCH,1,2.0
LI_040_R05.png,LI,line,identification,LI_040,40,5,1200,800,OK,EXACT,1,1,1,0,0,0,vermelho,#C62828,#C62828,0.0,0.0,0.0,0.985781,0.985781,,,1,0,0,0,,,,,0,0,,0,0,,,,1,1.0,0,0,0,0,0,0,0,MATCH,1,2.0
LI_040_R06.png,LI,line,identification,LI_040,40,6,1200,800,OK,EXACT,1,1,1,0,0,0,vermelho,#C62828,#C62828,0.0,0.0,0.0,0.985781,0.985781,,,1,0,0,0,,,,,0,0,,0,0,,,,1,1.0,0,0,0,0,0,0,0,MATCH,1,2.0
LI_040_R07.png,LI,line,identification,LI_040,40,7,1200,800,OK,EXACT,1,1,1,0,0,0,vermelho,#C62828,#C62828,0.0,0.0,0.0,0.985781,0.985781,,,1,0,0,0,,,,,0,0,,0,0,,,,1,1.0,0,0,0,0,0,0,0,MATCH,1,2.0
LI_040_R08.png,LI,line,identification,LI_040,40,8,1200,800,OK,EXACT,1,1,1,0,0,0,vermelho,#C62828,#C62828,0.0,0.0,0.0,0.985781,0.985781,,,1,0,0,0,,,,,0,0,,0,0,,,,1,1.0,0,0,0,0,0,0,0,MATCH,1,2.0
LI_040_R09.png,LI,line,identification,LI_040,40,9,1200,800,OK,EXACT,1,1,1,0,0,0,vermelho,#C62828,#C62828,0.0,0.0,0.0,0.985781,0.985781,,,1,0,0,0,,,,,0,0,,0,0,,,,1,1.0,0,0,0,0,0,0,0,MATCH,1,2.0
LI_040_R10.png,LI,line,identification,LI_040,40,10,1200,800,OK,EXACT,1,1,1,0,0,0,vermelho,#C62828,#C62828,0.0,0.0,0.0,0.985781,0.985781,,,1,0,0,0,,,,,0,0,,0,0,,,,1,1.0,0,0,0,0,0,0,0,MATCH,1,2.0
LI_041_R01.png,LI,line,identification,LI_041,41,1,1116,671,OK,EXACT,1,1,1,0,0,0,vermelho,#C62828,#C62828,0.0,0.0,0.0,1.0,1.0,,,1,0,0,0,,,,,0,0,,0,0,,,,1,1.0,0,0,0,0,0,0,0,MATCH,1,2.0
LI_041_R02.png,LI,line,identification,LI_041,41,2,1200,800,OK,EXACT,1,1,1,0,0,0,vermelho,#C62828,#C62828,0.0,0.0,0.0,0.994962,0.994962,,,1,0,0,0,,,,,0,0,,0,0,,,,1,1.0,0,0,0,0,0,0,0,MATCH,1,2.0
LI_041_R03.png,LI,line,identification,LI_041,41,3,1200,800,OK,EXACT,1,1,1,0,0,0,vermelho,#C62828,#C62828,0.0,0.0,0.0,0.994962,0.994962,,,1,0,0,0,,,,,0,0,,0,0,,,,1,1.0,0,0,0,0,0,0,0,MATCH,1,2.0
LI_041_R04.png,LI,line,identification,LI_041,41,4,1200,800,OK,EXACT,1,1,1,0,0,0,vermelho,#C62828,#C62828,0.0,0.0,0.0,0.994962,0.994962,,,1,0,0,0,,,,,0,0,,0,0,,,,1,1.0,0,0,0,0,0,0,0,MATCH,1,2.0
LI_041_R05.png,LI,line,identification,LI_041,41,5,1200,800,OK,EXACT,1,1,1,0,0,0,vermelho,#C62828,#C62828,0.0,0.0,0.0,0.994962,0.994962,,,1,0,0,0,,,,,0,0,,0,0,,,,1,1.0,0,0,0,0,0,0,0,MATCH,1,2.0
LI_041_R06.png,LI,line,identification,LI_041,41,6,1200,800,OK,EXACT,1,1,1,0,0,0,vermelho,#C62828,#C62828,0.0,0.0,0.0,0.994962,0.994962,,,1,0,0,0,,,,,0,0,,0,0,,,,1,1.0,0,0,0,0,0,0,0,MATCH,1,2.0
LI_041_R07.png,LI,line,identification,LI_041,41,7,1200,800,OK,EXACT,1,1,1,0,0,0,vermelho,#C62828,#C62828,0.0,0.0,0.0,0.994962,0.994962,,,1,0,0,0,,,,,0,0,,0,0,,,,1,1.0,0,0,0,0,0,0,0,MATCH,1,2.0
LI_041_R08.png,LI,line,identification,LI_041,41,8,1200,800,OK,EXACT,1,1,1,0,0,0,vermelho,#C62828,#C62828,0.0,0.0,0.0,0.994962,0.994962,,,1,0,0,0,,,,,0,0,,0,0,,,,1,1.0,0,0,0,0,0,0,0,MATCH,1,2.0
LI_041_R09.png,LI,line,identification,LI_041,41,9,1200,800,OK,EXACT,1,1,1,0,0,0,vermelho,#C62828,#C62828,0.0,0.0,0.0,0.994962,0.994962,,,1,0,0,0,,,,,0,0,,0,0,,,,1,1.0,0,0,0,0,0,0,0,MATCH,1,2.0
LI_041_R10.png,LI,line,identification,LI_041,41,10,1200,800,OK,EXACT,1,1,1,0,0,0,vermelho,#C62828,#C62828,0.0,0.0,0.0,0.994962,0.994962,,,1,0,0,0,,,,,0,0,,0,0,,,,1,1.0,0,0,0,0,0,0,0,MATCH,1,2.0
LI_042_R01.png,LI,line,identification,LI_042,42,1,1116,671,OK,EXACT,1,1,1,0,0,0,vermelho,#C62828,#C62828,0.0,0.0,0.0,1.0,1.0,,,1,0,0,0,,,,,0,0,,0,0,,,,1,1.0,0,0,0,0,0,0,0,MATCH,1,2.0
LI_042_R02.png,LI,line,identification,LI_042,42,2,1132,671,OK,EXACT,1,1,1,0,0,0,vermelho,#C62828,#C62828,0.0,0.0,0.0,0.995323,0.995323,,,1,0,0,0,,,,,0,0,,0,0,,,,1,1.0,0,0,0,0,0,0,0,MATCH,1,2.0
LI_042_R03.png,LI,line,identification,LI_042,42,3,1132,671,OK,EXACT,1,1,1,0,0,0,vermelho,#C62828,#C62828,0.0,0.0,0.0,0.995323,0.995323,,,1,0,0,0,,,,,0,0,,0,0,,,,1,1.0,0,0,0,0,0,0,0,MATCH,1,2.0
LI_042_R04.png,LI,line,identification,LI_042,42,4,1132,671,OK,EXACT,1,1,1,0,0,0,vermelho,#C62828,#C62828,0.0,0.0,0.0,0.995323,0.995323,,,1,0,0,0,,,,,0,0,,0,0,,,,1,1.0,0,0,0,0,0,0,0,MATCH,1,2.0
LI_042_R05.png,LI,line,identification,LI_042,42,5,1132,671,OK,EXACT,1,1,1,0,0,0,vermelho,#C62828,#C62828,0.0,0.0,0.0,0.995323,0.995323,,,1,0,0,0,,,,,0,0,,0,0,,,,1,1.0,0,0,0,0,0,0,0,MATCH,1,2.0
LI_042_R06.png,LI,line,identification,LI_042,42,6,1132,671,OK,EXACT,1,1,1,0,0,0,vermelho,#C62828,#C62828,0.0,0.0,0.0,0.995323,0.995323,,,1,0,0,0,,,,,0,0,,0,0,,,,1,1.0,0,0,0,0,0,0,0,MATCH,1,2.0
LI_042_R07.png,LI,line,identification,LI_042,42,7,1132,671,OK,EXACT,1,1,1,0,0,0,vermelho,#C62828,#C62828,0.0,0.0,0.0,0.995323,0.995323,,,1,0,0,0,,,,,0,0,,0,0,,,,1,1.0,0,0,0,0,0,0,0,MATCH,1,2.0
LI_042_R08.png,LI,line,identification,LI_042,42,8,1132,671,OK,EXACT,1,1,1,0,0,0,vermelho,#C62828,#C62828,0.0,0.0,0.0,0.995323,0.995323,,,1,0,0,0,,,,,0,0,,0,0,,,,1,1.0,0,0,0,0,0,0,0,MATCH,1,2.0
LI_042_R09.png,LI,line,identification,LI_042,42,9,1132,671,OK,EXACT,1,1,1,0,0,0,vermelho,#C62828,#C62828,0.0,0.0,0.0,0.995323,0.995323,,,1,0,0,0,,,,,0,0,,0,0,,,,1,1.0,0,0,0,0,0,0,0,MATCH,1,2.0
LI_042_R10.png,LI,line,identification,LI_042,42,10,1132,671,OK,EXACT,1,1,1,0,0,0,vermelho,#C62828,#C62828,0.0,0.0,0.0,0.995323,0.995323,,,1,0,0,0,,,,,0,0,,0,0,,,,1,1.0,0,0,0,0,0,0,0,MATCH,1,2.0
LI_043_R01.png,LI,line,identification,LI_043,43,1,1132,671,OK,EXACT,1,1,1,0,0,0,vermelho,#C62828,#C62828,0.0,0.0,0.0,1.0,1.0,,,1,0,0,0,,,,,0,0,,0,0,,,,1,1.0,0,0,0,0,0,0,0,MATCH,1,2.0
LI_043_R02.png,LI,line,identification,LI_043,43,2,1200,800,OK,EXACT,1,1,1,0,0,0,vermelho,#C62828,#C62828,0.0,0.0,0.0,0.985781,0.985781,,,1,0,0,0,,,,,0,0,,0,0,,,,1,1.0,0,0,0,0,0,0,0,MATCH,1,2.0
LI_043_R03.png,LI,line,identification,LI_043,43,3,1200,800,OK,EXACT,1,1,1,0,0,0,vermelho,#C62828,#C62828,0.0,0.0,0.0,0.985781,0.985781,,,1,0,0,0,,,,,0,0,,0,0,,,,1,1.0,0,0,0,0,0,0,0,MATCH,1,2.0
LI_043_R04.png,LI,line,identification,LI_043,43,4,1200,800,OK,EXACT,1,1,1,0,0,0,vermelho,#C62828,#C62828,0.0,0.0,0.0,0.985781,0.985781,,,1,0,0,0,,,,,0,0,,0,0,,,,1,1.0,0,0,0,0,0,0,0,MATCH,1,2.0
LI_043_R05.png,LI,line,identification,LI_043,43,5,1200,800,OK,EXACT,1,1,1,0,0,0,vermelho,#C62828,#C62828,0.0,0.0,0.0,0.985781,0.985781,,,1,0,0,0,,,,,0,0,,0,0,,,,1,1.0,0,0,0,0,0,0,0,MATCH,1,2.0
LI_043_R06.png,LI,line,identification,LI_043,43,6,1200,800,OK,EXACT,1,1,1,0,0,0,vermelho,#C62828,#C62828,0.0,0.0,0.0,0.985781,0.985781,,,1,0,0,0,,,,,0,0,,0,0,,,,1,1.0,0,0,0,0,0,0,0,MATCH,1,2.0
LI_043_R07.png,LI,line,identification,LI_043,43,7,1200,800,OK,EXACT,1,1,1,0,0,0,vermelho,#C62828,#C62828,0.0,0.0,0.0,0.985781,0.985781,,,1,0,0,0,,,,,0,0,,0,0,,,,1,1.0,0,0,0,0,0,0,0,MATCH,1,2.0
LI_043_R08.png,LI,line,identification,LI_043,43,8,1200,800,OK,EXACT,1,1,1,0,0,0,vermelho,#C62828,#C62828,0.0,0.0,0.0,0.985781,0.985781,,,1,0,0,0,,,,,0,0,,0,0,,,,1,1.0,0,0,0,0,0,0,0,MATCH,1,2.0
LI_043_R09.png,LI,line,identification,LI_043,43,9,1200,800,OK,EXACT,1,1,1,0,0,0,vermelho,#C62828,#C62828,0.0,0.0,0.0,0.985781,0.985781,,,1,0,0,0,,,,,0,0,,0,0,,,,1,1.0,0,0,0,0,0,0,0,MATCH,1,2.0
LI_043_R10.png,LI,line,identification,LI_043,43,10,1200,800,OK,EXACT,1,1,1,0,0,0,vermelho,#C62828,#C62828,0.0,0.0,0.0,0.985781,0.985781,,,1,0,0,0,,,,,0,0,,0,0,,,,1,1.0,0,0,0,0,0,0,0,MATCH,1,2.0
LI_044_R01.png,LI,line,identification,LI_044,44,1,1132,671,OK,EXACT,1,1,1,0,0,0,vermelho,#C62828,#C62828,0.0,0.0,0.0,1.0,1.0,,,1,0,0,0,,,,,0,0,,0,0,,,,1,1.0,0,0,0,0,0,0,0,MATCH,1,2.0
LI_044_R02.png,LI,line,identification,LI_044,44,2,1132,671,OK,EXACT,1,1,1,0,0,0,vermelho,#C62828,#C62828,0.0,0.0,0.0,0.995323,0.995323,,,1,0,0,0,,,,,0,0,,0,0,,,,1,1.0,0,0,0,0,0,0,0,MATCH,1,2.0
LI_044_R03.png,LI,line,identification,LI_044,44,3,1132,671,OK,EXACT,1,1,1,0,0,0,vermelho,#C62828,#C62828,0.0,0.0,0.0,0.995323,0.995323,,,1,0,0,0,,,,,0,0,,0,0,,,,1,1.0,0,0,0,0,0,0,0,MATCH,1,2.0
LI_044_R04.png,LI,line,identification,LI_044,44,4,1132,671,OK,EXACT,1,1,1,0,0,0,vermelho,#C62828,#C62828,0.0,0.0,0.0,0.995323,0.995323,,,1,0,0,0,,,,,0,0,,0,0,,,,1,1.0,0,0,0,0,0,0,0,MATCH,1,2.0
LI_044_R05.png,LI,line,identification,LI_044,44,5,1132,671,OK,EXACT,1,1,1,0,0,0,vermelho,#C62828,#C62828,0.0,0.0,0.0,0.995323,0.995323,,,1,0,0,0,,,,,0,0,,0,0,,,,1,1.0,0,0,0,0,0,0,0,MATCH,1,2.0
LI_044_R06.png,LI,line,identification,LI_044,44,6,1132,671,OK,EXACT,1,1,1,0,0,0,vermelho,#C62828,#C62828,0.0,0.0,0.0,0.995323,0.995323,,,1,0,0,0,,,,,0,0,,0,0,,,,1,1.0,0,0,0,0,0,0,0,MATCH,1,2.0
LI_044_R07.png,LI,line,identification,LI_044,44,7,1132,671,OK,EXACT,1,1,1,0,0,0,vermelho,#C62828,#C62828,0.0,0.0,0.0,0.995323,0.995323,,,1,0,0,0,,,,,0,0,,0,0,,,,1,1.0,0,0,0,0,0,0,0,MATCH,1,2.0
LI_044_R08.png,LI,line,identification,LI_044,44,8,1132,671,OK,EXACT,1,1,1,0,0,0,vermelho,#C62828,#C62828,0.0,0.0,0.0,0.995323,0.995323,,,1,0,0,0,,,,,0,0,,0,0,,,,1,1.0,0,0,0,0,0,0,0,MATCH,1,2.0
LI_044_R09.png,LI,line,identification,LI_044,44,9,1132,671,OK,EXACT,1,1,1,0,0,0,vermelho,#C62828,#C62828,0.0,0.0,0.0,0.995323,0.995323,,,1,0,0,0,,,,,0,0,,0,0,,,,1,1.0,0,0,0,0,0,0,0,MATCH,1,2.0
LI_044_R10.png,LI,line,identification,LI_044,44,10,1132,671,OK,EXACT,1,1,1,0,0,0,vermelho,#C62828,#C62828,0.0,0.0,0.0,0.995323,0.995323,,,1,0,0,0,,,,,0,0,,0,0,,,,1,1.0,0,0,0,0,0,0,0,MATCH,1,2.0
LI_045_R01.png,LI,line,identification,LI_045,45,1,1112,651,OK,EXACT,1,1,1,0,0,0,vermelho,#C62828,#C62828,0.0,0.0,0.0,0.985604,0.985604,,,1,0,0,0,,,,,0,0,,0,0,,,,1,1.0,0,0,0,0,0,0,0,MATCH,1,2.0
LI_045_R02.png,LI,line,identification,LI_045,45,2,1150,671,OK,EXACT,1,1,1,0,0,0,vermelho,#C62828,#C62828,0.0,0.0,0.0,1.0,1.0,,,1,0,0,0,,,,,0,0,,0,0,,,,1,1.0,0,0,0,0,0,0,0,MATCH,1,2.0
LI_045_R03.png,LI,line,identification,LI_045,45,3,1150,671,OK,EXACT,1,1,1,0,0,0,vermelho,#C62828,#C62828,0.0,0.0,0.0,1.0,1.0,,,1,0,0,0,,,,,0,0,,0,0,,,,1,1.0,0,0,0,0,0,0,0,MATCH,1,2.0
LI_045_R04.png,LI,line,identification,LI_045,45,4,1150,671,OK,EXACT,1,1,1,0,0,0,vermelho,#C62828,#C62828,0.0,0.0,0.0,1.0,1.0,,,1,0,0,0,,,,,0,0,,0,0,,,,1,1.0,0,0,0,0,0,0,0,MATCH,1,2.0
LI_045_R05.png,LI,line,identification,LI_045,45,5,1150,671,OK,EXACT,1,1,1,0,0,0,vermelho,#C62828,#C62828,0.0,0.0,0.0,1.0,1.0,,,1,0,0,0,,,,,0,0,,0,0,,,,1,1.0,0,0,0,0,0,0,0,MATCH,1,2.0
LI_045_R06.png,LI,line,identification,LI_045,45,6,1150,671,OK,EXACT,1,1,1,0,0,0,vermelho,#C62828,#C62828,0.0,0.0,0.0,1.0,1.0,,,1,0,0,0,,,,,0,0,,0,0,,,,1,1.0,0,0,0,0,0,0,0,MATCH,1,2.0
LI_045_R07.png,LI,line,identification,LI_045,45,7,1150,671,OK,EXACT,1,1,1,0,0,0,vermelho,#C62828,#C62828,0.0,0.0,0.0,1.0,1.0,,,1,0,0,0,,,,,0,0,,0,0,,,,1,1.0,0,0,0,0,0,0,0,MATCH,1,2.0
LI_045_R08.png,LI,line,identification,LI_045,45,8,1150,671,OK,EXACT,1,1,1,0,0,0,vermelho,#C62828,#C62828,0.0,0.0,0.0,1.0,1.0,,,1,0,0,0,,,,,0,0,,0,0,,,,1,1.0,0,0,0,0,0,0,0,MATCH,1,2.0
LI_045_R09.png,LI,line,identification,LI_045,45,9,1150,671,OK,EXACT,1,1,1,0,0,0,vermelho,#C62828,#C62828,0.0,0.0,0.0,1.0,1.0,,,1,0,0,0,,,,,0,0,,0,0,,,,1,1.0,0,0,0,0,0,0,0,MATCH,1,2.0
LI_045_R10.png,LI,line,identification,LI_045,45,10,1150,671,OK,EXACT,1,1,1,0,0,0,vermelho,#C62828,#C62828,0.0,0.0,0.0,1.0,1.0,,,1,0,0,0,,,,,0,0,,0,0,,,,1,1.0,0,0,0,0,0,0,0,MATCH,1,2.0
LI_046_R01.png,LI,line,identification,LI_046,46,1,1133,671,OK,EXACT,1,1,1,0,0,0,vermelho,#C62828,#C62828,0.0,0.0,0.0,0.978062,0.978062,,,1,0,0,0,,,,,0,0,,0,0,,,,1,1.0,0,0,0,0,0,0,0,MATCH,1,2.0
LI_046_R02.png,LI,line,identification,LI_046,46,2,1131,670,OK,EXACT,1,1,1,0,0,0,vermelho,#C62828,#C62828,0.0,0.0,0.0,0.978333,0.978333,,,1,0,0,0,,,,,0,0,,0,0,,,,1,1.0,0,0,0,0,0,0,0,MATCH,1,2.0
LI_046_R03.png,LI,line,identification,LI_046,46,3,1131,670,OK,EXACT,1,1,1,0,0,0,vermelho,#C62828,#C62828,0.0,0.0,0.0,0.978333,0.978333,,,1,0,0,0,,,,,0,0,,0,0,,,,1,1.0,0,0,0,0,0,0,0,MATCH,1,2.0
LI_046_R04.png,LI,line,identification,LI_046,46,4,1131,670,OK,EXACT,1,1,1,0,0,0,vermelho,#C62828,#C62828,0.0,0.0,0.0,0.978333,0.978333,,,1,0,0,0,,,,,0,0,,0,0,,,,1,1.0,0,0,0,0,0,0,0,MATCH,1,2.0
LI_046_R05.png,LI,line,identification,LI_046,46,5,1131,670,OK,EXACT,1,1,1,0,0,0,vermelho,#C62828,#C62828,0.0,0.0,0.0,0.978333,0.978333,,,1,0,0,0,,,,,0,0,,0,0,,,,1,1.0,0,0,0,0,0,0,0,MATCH,1,2.0
LI_046_R06.png,LI,line,identification,LI_046,46,6,1131,670,OK,EXACT,1,1,1,0,0,0,vermelho,#C62828,#C62828,0.0,0.0,0.0,0.978333,0.978333,,,1,0,0,0,,,,,0,0,,0,0,,,,1,1.0,0,0,0,0,0,0,0,MATCH,1,2.0
LI_046_R07.png,LI,line,identification,LI_046,46,7,1131,670,OK,EXACT,1,1,1,0,0,0,vermelho,#C62828,#C62828,0.0,0.0,0.0,0.978333,0.978333,,,1,0,0,0,,,,,0,0,,0,0,,,,1,1.0,0,0,0,0,0,0,0,MATCH,1,2.0
LI_046_R08.png,LI,line,identification,LI_046,46,8,1131,670,OK,EXACT,1,1,1,0,0,0,vermelho,#C62828,#C62828,0.0,0.0,0.0,0.978333,0.978333,,,1,0,0,0,,,,,0,0,,0,0,,,,1,1.0,0,0,0,0,0,0,0,MATCH,1,2.0
LI_046_R09.png,LI,line,identification,LI_046,46,9,1131,670,OK,EXACT,1,1,1,0,0,0,vermelho,#C62828,#C62828,0.0,0.0,0.0,0.978333,0.978333,,,1,0,0,0,,,,,0,0,,0,0,,,,1,1.0,0,0,0,0,0,0,0,MATCH,1,2.0
LI_046_R10.png,LI,line,identification,LI_046,46,10,1131,670,OK,EXACT,1,1,1,0,0,0,vermelho,#C62828,#C62828,0.0,0.0,0.0,0.978333,0.978333,,,1,0,0,0,,,,,0,0,,0,0,,,,1,1.0,0,0,0,0,0,0,0,MATCH,1,2.0
LI_047_R01.png,LI,line,identification,LI_047,47,1,1040,703,OK,EXACT,1,1,1,0,0,0,vermelho,#C62828,#C62828,0.0,0.0,0.0,1.0,1.0,,,1,0,0,0,,,,,0,0,,0,0,,,,1,1.0,0,0,0,0,0,0,0,MATCH,1,2.0
LI_047_R02.png,LI,line,identification,LI_047,47,2,1132,671,OK,EXACT,1,1,1,0,0,0,vermelho,#C62828,#C62828,0.0,0.0,0.0,0.990581,0.990581,,,1,0,0,0,,,,,0,0,,0,0,,,,1,1.0,0,0,0,0,0,0,0,MATCH,1,2.0
LI_047_R03.png,LI,line,identification,LI_047,47,3,1132,671,OK,EXACT,1,1,1,0,0,0,vermelho,#C62828,#C62828,0.0,0.0,0.0,0.990581,0.990581,,,1,0,0,0,,,,,0,0,,0,0,,,,1,1.0,0,0,0,0,0,0,0,MATCH,1,2.0
LI_047_R04.png,LI,line,identification,LI_047,47,4,1132,671,OK,EXACT,1,1,1,0,0,0,vermelho,#C62828,#C62828,0.0,0.0,0.0,0.990581,0.990581,,,1,0,0,0,,,,,0,0,,0,0,,,,1,1.0,0,0,0,0,0,0,0,MATCH,1,2.0
LI_047_R05.png,LI,line,identification,LI_047,47,5,1132,671,OK,EXACT,1,1,1,0,0,0,vermelho,#C62828,#C62828,0.0,0.0,0.0,0.990581,0.990581,,,1,0,0,0,,,,,0,0,,0,0,,,,1,1.0,0,0,0,0,0,0,0,MATCH,1,2.0
LI_047_R06.png,LI,line,identification,LI_047,47,6,1132,671,OK,EXACT,1,1,1,0,0,0,vermelho,#C62828,#C62828,0.0,0.0,0.0,0.990581,0.990581,,,1,0,0,0,,,,,0,0,,0,0,,,,1,1.0,0,0,0,0,0,0,0,MATCH,1,2.0
LI_047_R07.png,LI,line,identification,LI_047,47,7,1132,671,OK,EXACT,1,1,1,0,0,0,vermelho,#C62828,#C62828,0.0,0.0,0.0,0.990581,0.990581,,,1,0,0,0,,,,,0,0,,0,0,,,,1,1.0,0,0,0,0,0,0,0,MATCH,1,2.0
LI_047_R08.png,LI,line,identification,LI_047,47,8,1132,671,OK,EXACT,1,1,1,0,0,0,vermelho,#C62828,#C62828,0.0,0.0,0.0,0.990581,0.990581,,,1,0,0,0,,,,,0,0,,0,0,,,,1,1.0,0,0,0,0,0,0,0,MATCH,1,2.0
LI_047_R09.png,LI,line,identification,LI_047,47,9,1132,671,OK,EXACT,1,1,1,0,0,0,vermelho,#C62828,#C62828,0.0,0.0,0.0,0.990581,0.990581,,,1,0,0,0,,,,,0,0,,0,0,,,,1,1.0,0,0,0,0,0,0,0,MATCH,1,2.0
LI_047_R10.png,LI,line,identification,LI_047,47,10,1132,671,OK,EXACT,1,1,1,0,0,0,vermelho,#C62828,#C62828,0.0,0.0,0.0,0.990581,0.990581,,,1,0,0,0,,,,,0,0,,0,0,,,,1,1.0,0,0,0,0,0,0,0,MATCH,1,2.0
LI_048_R01.png,LI,line,identification,LI_048,48,1,1145,671,OK,EXACT,1,1,1,0,0,0,vermelho,#C62828,#C62828,0.0,0.0,0.0,1.0,1.0,,,1,0,0,0,,,,,0,0,,0,0,,,,1,1.0,0,0,0,0,0,0,0,MATCH,1,2.0
LI_048_R02.png,LI,line,identification,LI_048,48,2,1131,670,OK,EXACT,1,1,1,0,0,0,vermelho,#C62828,#C62828,0.0,0.0,0.0,0.993855,0.993855,,,1,0,0,0,,,,,0,0,,0,0,,,,1,1.0,0,0,0,0,0,0,0,MATCH,1,2.0
LI_048_R03.png,LI,line,identification,LI_048,48,3,1131,670,OK,EXACT,1,1,1,0,0,0,vermelho,#C62828,#C62828,0.0,0.0,0.0,0.993855,0.993855,,,1,0,0,0,,,,,0,0,,0,0,,,,1,1.0,0,0,0,0,0,0,0,MATCH,1,2.0
LI_048_R04.png,LI,line,identification,LI_048,48,4,1131,670,OK,EXACT,1,1,1,0,0,0,vermelho,#C62828,#C62828,0.0,0.0,0.0,0.993855,0.993855,,,1,0,0,0,,,,,0,0,,0,0,,,,1,1.0,0,0,0,0,0,0,0,MATCH,1,2.0
LI_048_R05.png,LI,line,identification,LI_048,48,5,1131,670,OK,EXACT,1,1,1,0,0,0,vermelho,#C62828,#C62828,0.0,0.0,0.0,0.993855,0.993855,,,1,0,0,0,,,,,0,0,,0,0,,,,1,1.0,0,0,0,0,0,0,0,MATCH,1,2.0
LI_048_R06.png,LI,line,identification,LI_048,48,6,1131,670,OK,EXACT,1,1,1,0,0,0,vermelho,#C62828,#C62828,0.0,0.0,0.0,0.993855,0.993855,,,1,0,0,0,,,,,0,0,,0,0,,,,1,1.0,0,0,0,0,0,0,0,MATCH,1,2.0
LI_048_R07.png,LI,line,identification,LI_048,48,7,1131,670,OK,EXACT,1,1,1,0,0,0,vermelho,#C62828,#C62828,0.0,0.0,0.0,0.993855,0.993855,,,1,0,0,0,,,,,0,0,,0,0,,,,1,1.0,0,0,0,0,0,0,0,MATCH,1,2.0
LI_048_R08.png,LI,line,identification,LI_048,48,8,1131,670,OK,EXACT,1,1,1,0,0,0,vermelho,#C62828,#C62828,0.0,0.0,0.0,0.993855,0.993855,,,1,0,0,0,,,,,0,0,,0,0,,,,1,1.0,0,0,0,0,0,0,0,MATCH,1,2.0
LI_048_R09.png,LI,line,identification,LI_048,48,9,1131,670,OK,EXACT,1,1,1,0,0,0,vermelho,#C62828,#C62828,0.0,0.0,0.0,0.993855,0.993855,,,1,0,0,0,,,,,0,0,,0,0,,,,1,1.0,0,0,0,0,0,0,0,MATCH,1,2.0
LI_048_R10.png,LI,line,identification,LI_048,48,10,1131,670,OK,EXACT,1,1,1,0,0,0,vermelho,#C62828,#C62828,0.0,0.0,0.0,0.993855,0.993855,,,1,0,0,0,,,,,0,0,,0,0,,,,1,1.0,0,0,0,0,0,0,0,MATCH,1,2.0
LI_049_R01.png,LI,line,identification,LI_049,49,1,1018,703,OK,EXACT,1,1,1,0,0,0,vermelho,#C62828,#C62828,0.0,0.0,0.0,1.0,1.0,,,1,0,0,0,,,,,0,0,,0,0,,,,1,1.0,0,0,0,0,0,0,0,MATCH,1,2.0
LI_049_R02.png,LI,line,identification,LI_049,49,2,1131,670,OK,EXACT,1,1,1,0,0,0,vermelho,#C62828,#C62828,0.0,0.0,0.0,0.993855,0.993855,,,1,0,0,0,,,,,0,0,,0,0,,,,1,1.0,0,0,0,0,0,0,0,MATCH,1,2.0
LI_049_R03.png,LI,line,identification,LI_049,49,3,1131,670,OK,EXACT,1,1,1,0,0,0,vermelho,#C62828,#C62828,0.0,0.0,0.0,0.993855,0.993855,,,1,0,0,0,,,,,0,0,,0,0,,,,1,1.0,0,0,0,0,0,0,0,MATCH,1,2.0
LI_049_R04.png,LI,line,identification,LI_049,49,4,1131,670,OK,EXACT,1,1,1,0,0,0,vermelho,#C62828,#C62828,0.0,0.0,0.0,0.981459,0.981459,,,1,0,0,0,,,,,0,0,,0,0,,,,1,1.0,0,0,0,0,0,0,0,MATCH,1,2.0
LI_049_R05.png,LI,line,identification,LI_049,49,5,1131,670,OK,EXACT,1,1,1,0,0,0,vermelho,#C62828,#C62828,0.0,0.0,0.0,0.993855,0.993855,,,1,0,0,0,,,,,0,0,,0,0,,,,1,1.0,0,0,0,0,0,0,0,MATCH,1,2.0
LI_049_R06.png,LI,line,identification,LI_049,49,6,1131,670,OK,EXACT,1,1,1,0,0,0,vermelho,#C62828,#C62828,0.0,0.0,0.0,0.993855,0.993855,,,1,0,0,0,,,,,0,0,,0,0,,,,1,1.0,0,0,0,0,0,0,0,MATCH,1,2.0
LI_049_R07.png,LI,line,identification,LI_049,49,7,1131,670,OK,EXACT,1,1,1,0,0,0,vermelho,#C62828,#C62828,0.0,0.0,0.0,0.981459,0.981459,,,1,0,0,0,,,,,0,0,,0,0,,,,1,1.0,0,0,0,0,0,0,0,MATCH,1,2.0
LI_049_R08.png,LI,line,identification,LI_049,49,8,1131,670,OK,EXACT,1,1,1,0,0,0,vermelho,#C62828,#C62828,0.0,0.0,0.0,0.993855,0.993855,,,1,0,0,0,,,,,0,0,,0,0,,,,1,1.0,0,0,0,0,0,0,0,MATCH,1,2.0
LI_049_R09.png,LI,line,identification,LI_049,49,9,1131,670,OK,EXACT,1,1,1,0,0,0,vermelho,#C62828,#C62828,0.0,0.0,0.0,0.993855,0.993855,,,1,0,0,0,,,,,0,0,,0,0,,,,1,1.0,0,0,0,0,0,0,0,MATCH,1,2.0
LI_049_R10.png,LI,line,identification,LI_049,49,10,1131,670,OK,EXACT,1,1,1,0,0,0,vermelho,#C62828,#C62828,0.0,0.0,0.0,0.993855,0.993855,,,1,0,0,0,,,,,0,0,,0,0,,,,1,1.0,0,0,0,0,0,0,0,MATCH,1,2.0
LI_050_R01.png,LI,line,identification,LI_050,50,1,1120,671,OK,EXACT,1,1,1,0,0,0,vermelho,#C62828,#C62828,0.0,0.0,0.0,0.993264,0.993264,,,1,0,0,0,,,,,0,0,,0,0,,,,1,1.0,0,0,0,0,0,0,0,MATCH,1,2.0
LI_050_R02.png,LI,line,identification,LI_050,50,2,1132,671,OK,EXACT,1,1,1,0,0,0,vermelho,#C62828,#C62828,0.0,0.0,0.0,1.0,1.0,,,1,0,0,0,,,,,0,0,,0,0,,,,1,1.0,0,0,0,0,0,0,0,MATCH,1,2.0
LI_050_R03.png,LI,line,identification,LI_050,50,3,1132,671,OK,EXACT,1,1,1,0,0,0,vermelho,#C62828,#C62828,0.0,0.0,0.0,1.0,1.0,,,1,0,0,0,,,,,0,0,,0,0,,,,1,1.0,0,0,0,0,0,0,0,MATCH,1,2.0
LI_050_R04.png,LI,line,identification,LI_050,50,4,1132,671,OK,EXACT,1,1,1,0,0,0,vermelho,#C62828,#C62828,0.0,0.0,0.0,1.0,1.0,,,1,0,0,0,,,,,0,0,,0,0,,,,1,1.0,0,0,0,0,0,0,0,MATCH,1,2.0
LI_050_R05.png,LI,line,identification,LI_050,50,5,1132,671,OK,EXACT,1,1,1,0,0,0,vermelho,#C62828,#C62828,0.0,0.0,0.0,1.0,1.0,,,1,0,0,0,,,,,0,0,,0,0,,,,1,1.0,0,0,0,0,0,0,0,MATCH,1,2.0
LI_050_R06.png,LI,line,identification,LI_050,50,6,1132,671,OK,EXACT,1,1,1,0,0,0,vermelho,#C62828,#C62828,0.0,0.0,0.0,1.0,1.0,,,1,0,0,0,,,,,0,0,,0,0,,,,1,1.0,0,0,0,0,0,0,0,MATCH,1,2.0
LI_050_R07.png,LI,line,identification,LI_050,50,7,1132,671,OK,EXACT,1,1,1,0,0,0,vermelho,#C62828,#C62828,0.0,0.0,0.0,1.0,1.0,,,1,0,0,0,,,,,0,0,,0,0,,,,1,1.0,0,0,0,0,0,0,0,MATCH,1,2.0
LI_050_R08.png,LI,line,identification,LI_050,50,8,1132,671,OK,EXACT,1,1,1,0,0,0,vermelho,#C62828,#C62828,0.0,0.0,0.0,1.0,1.0,,,1,0,0,0,,,,,0,0,,0,0,,,,1,1.0,0,0,0,0,0,0,0,MATCH,1,2.0
LI_050_R09.png,LI,line,identification,LI_050,50,9,1132,671,OK,EXACT,1,1,1,0,0,0,vermelho,#C62828,#C62828,0.0,0.0,0.0,1.0,1.0,,,1,0,0,0,,,,,0,0,,0,0,,,,1,1.0,0,0,0,0,0,0,0,MATCH,1,2.0
LI_050_R10.png,LI,line,identification,LI_050,50,10,1132,671,OK,EXACT,1,1,1,0,0,0,vermelho,#C62828,#C62828,0.0,0.0,0.0,1.0,1.0,,,1,0,0,0,,,,,0,0,,0,0,,,,1,1.0,0,0,0,0,0,0,0,MATCH,1,2.0
LI_051_R01.png,LI,line,identification,LI_051,51,1,1132,671,OK,EXACT,1,1,1,0,0,0,vermelho,#C62828,#C62828,0.0,0.0,0.0,1.0,1.0,,,1,0,0,0,,,,,0,0,,0,0,,,,1,1.0,0,0,0,0,0,0,0,MATCH,1,2.0
LI_051_R02.png,LI,line,identification,LI_051,51,2,1132,671,OK,EXACT,1,1,1,0,0,0,vermelho,#C62828,#C62828,0.0,0.0,0.0,0.995985,0.995985,,,1,0,0,0,,,,,0,0,,0,0,,,,1,1.0,0,0,0,0,0,0,0,MATCH,1,2.0
LI_051_R03.png,LI,line,identification,LI_051,51,3,1132,671,OK,EXACT,1,1,1,0,0,0,vermelho,#C62828,#C62828,0.0,0.0,0.0,0.995985,0.995985,,,1,0,0,0,,,,,0,0,,0,0,,,,1,1.0,0,0,0,0,0,0,0,MATCH,1,2.0
LI_051_R04.png,LI,line,identification,LI_051,51,4,1132,671,OK,EXACT,1,1,1,0,0,0,vermelho,#C62828,#C62828,0.0,0.0,0.0,0.995985,0.995985,,,1,0,0,0,,,,,0,0,,0,0,,,,1,1.0,0,0,0,0,0,0,0,MATCH,1,2.0
LI_051_R05.png,LI,line,identification,LI_051,51,5,1132,671,OK,EXACT,1,1,1,0,0,0,vermelho,#C62828,#C62828,0.0,0.0,0.0,0.995985,0.995985,,,1,0,0,0,,,,,0,0,,0,0,,,,1,1.0,0,0,0,0,0,0,0,MATCH,1,2.0
LI_051_R06.png,LI,line,identification,LI_051,51,6,1132,671,OK,EXACT,1,1,1,0,0,0,vermelho,#C62828,#C62828,0.0,0.0,0.0,0.995985,0.995985,,,1,0,0,0,,,,,0,0,,0,0,,,,1,1.0,0,0,0,0,0,0,0,MATCH,1,2.0
LI_051_R07.png,LI,line,identification,LI_051,51,7,1132,671,OK,EXACT,1,1,1,0,0,0,vermelho,#C62828,#C62828,0.0,0.0,0.0,0.995985,0.995985,,,1,0,0,0,,,,,0,0,,0,0,,,,1,1.0,0,0,0,0,0,0,0,MATCH,1,2.0
LI_051_R08.png,LI,line,identification,LI_051,51,8,1132,671,OK,EXACT,1,1,1,0,0,0,vermelho,#C62828,#C62828,0.0,0.0,0.0,0.995985,0.995985,,,1,0,0,0,,,,,0,0,,0,0,,,,1,1.0,0,0,0,0,0,0,0,MATCH,1,2.0
LI_051_R09.png,LI,line,identification,LI_051,51,9,1132,671,OK,EXACT,1,1,1,0,0,0,vermelho,#C62828,#C62828,0.0,0.0,0.0,0.995985,0.995985,,,1,0,0,0,,,,,0,0,,0,0,,,,1,1.0,0,0,0,0,0,0,0,MATCH,1,2.0
LI_051_R10.png,LI,line,identification,LI_051,51,10,1132,671,OK,EXACT,1,1,1,0,0,0,vermelho,#C62828,#C62828,0.0,0.0,0.0,0.995985,0.995985,,,1,0,0,0,,,,,0,0,,0,0,,,,1,1.0,0,0,0,0,0,0,0,MATCH,1,2.0
LI_052_R01.png,LI,line,identification,LI_052,52,1,1120,671,OK,EXACT,1,1,1,0,0,0,vermelho,#C62828,#C62828,0.0,0.0,0.0,0.988295,0.988295,,,1,0,0,0,,,,,0,0,,0,0,,,,1,1.0,0,0,0,0,0,0,0,MATCH,1,2.0
LI_052_R02.png,LI,line,identification,LI_052,52,2,1132,671,OK,EXACT,1,1,1,0,0,0,vermelho,#C62828,#C62828,0.0,0.0,0.0,0.984326,0.984326,,,1,0,0,0,,,,,0,0,,0,0,,,,1,1.0,0,0,0,0,0,0,0,MATCH,1,2.0
LI_052_R03.png,LI,line,identification,LI_052,52,3,1132,671,OK,EXACT,1,1,1,0,0,0,vermelho,#C62828,#C62828,0.0,0.0,0.0,0.995985,0.995985,,,1,0,0,0,,,,,0,0,,0,0,,,,1,1.0,0,0,0,0,0,0,0,MATCH,1,2.0
LI_052_R04.png,LI,line,identification,LI_052,52,4,1132,671,OK,EXACT,1,1,1,0,0,0,vermelho,#C62828,#C62828,0.0,0.0,0.0,0.995985,0.995985,,,1,0,0,0,,,,,0,0,,0,0,,,,1,1.0,0,0,0,0,0,0,0,MATCH,1,2.0
LI_052_R05.png,LI,line,identification,LI_052,52,5,1132,671,OK,EXACT,1,1,1,0,0,0,vermelho,#C62828,#C62828,0.0,0.0,0.0,0.995985,0.995985,,,1,0,0,0,,,,,0,0,,0,0,,,,1,1.0,0,0,0,0,0,0,0,MATCH,1,2.0
LI_052_R06.png,LI,line,identification,LI_052,52,6,1132,671,OK,EXACT,1,1,1,0,0,0,vermelho,#C62828,#C62828,0.0,0.0,0.0,0.995985,0.995985,,,1,0,0,0,,,,,0,0,,0,0,,,,1,1.0,0,0,0,0,0,0,0,MATCH,1,2.0
LI_052_R07.png,LI,line,identification,LI_052,52,7,1132,671,OK,EXACT,1,1,1,0,0,0,vermelho,#C62828,#C62828,0.0,0.0,0.0,0.984326,0.984326,,,1,0,0,0,,,,,0,0,,0,0,,,,1,1.0,0,0,0,0,0,0,0,MATCH,1,2.0
LI_052_R08.png,LI,line,identification,LI_052,52,8,1132,671,OK,EXACT,1,1,1,0,0,0,vermelho,#C62828,#C62828,0.0,0.0,0.0,0.995985,0.995985,,,1,0,0,0,,,,,0,0,,0,0,,,,1,1.0,0,0,0,0,0,0,0,MATCH,1,2.0
LI_052_R09.png,LI,line,identification,LI_052,52,9,1132,671,OK,EXACT,1,1,1,0,0,0,vermelho,#C62828,#C62828,0.0,0.0,0.0,0.984326,0.984326,,,1,0,0,0,,,,,0,0,,0,0,,,,1,1.0,0,0,0,0,0,0,0,MATCH,1,2.0
LI_052_R10.png,LI,line,identification,LI_052,52,10,1132,671,OK,EXACT,1,1,1,0,0,0,vermelho,#C62828,#C62828,0.0,0.0,0.0,0.995985,0.995985,,,1,0,0,0,,,,,0,0,,0,0,,,,1,1.0,0,0,0,0,0,0,0,MATCH,1,2.0
SC_001_R01.png,SC,scatter,comparison,SC_001,1,1,1111,671,OK,EXACT,2,2,2,0,0,0,vermelho|azul,#C62828|#1F4FD8,#C62828|#1F4FD8,0.0,0.0,0.0,0.968546,0.595238,58.0,58.0,2,0,0,0,0.0,0.0,0.0,0.0,6,0,,0,0,,,,1,1.0,0,0,0,0,0,0,0,MATCH,1,2.0
SC_001_R02.png,SC,scatter,comparison,SC_001,1,2,1200,800,OK,EXACT,2,2,2,0,0,0,vermelho|azul,#C62828|#1F4FD8,#C62828|#1F4FD8,0.0,0.0,0.0,0.958485,0.626316,26.0,26.0,2,0,0,0,0.0,0.0,0.0,0.0,4,0,,0,0,,,,1,1.0,0,0,0,0,0,0,0,MATCH,1,2.0
SC_001_R03.png,SC,scatter,comparison,SC_001,1,3,1200,800,OK,EXACT,2,2,2,0,0,0,vermelho|azul,#C62828|#1F4FD8,#C62828|#1F4FD8,0.0,0.0,0.0,0.958485,0.626316,26.0,26.0,2,0,0,0,0.0,0.0,0.0,0.0,4,0,,0,0,,,,1,1.0,0,0,0,0,0,0,0,MATCH,1,2.0
SC_001_R04.png,SC,scatter,comparison,SC_001,1,4,1200,800,OK,EXACT,2,2,2,0,0,0,vermelho|azul,#C62828|#1F4FD8,#C62828|#1F4FD8,0.0,0.0,0.0,0.958485,0.626316,26.0,26.0,2,0,0,0,0.0,0.0,0.0,0.0,4,0,,0,0,,,,1,1.0,0,0,0,0,0,0,0,MATCH,1,2.0
SC_001_R05.png,SC,scatter,comparison,SC_001,1,5,1200,800,OK,EXACT,2,2,2,0,0,0,vermelho|azul,#C62828|#1F4FD8,#C62828|#1F4FD8,0.0,0.0,0.0,0.958485,0.626316,26.0,26.0,2,0,0,0,0.0,0.0,0.0,0.0,4,0,,0,0,,,,1,1.0,0,0,0,0,0,0,0,MATCH,1,2.0
SC_001_R06.png,SC,scatter,comparison,SC_001,1,6,1200,800,OK,EXACT,2,2,2,0,0,0,vermelho|azul,#C62828|#1F4FD8,#C62828|#1F4FD8,0.0,0.0,0.0,0.958485,0.626316,26.0,26.0,2,0,0,0,0.0,0.0,0.0,0.0,4,0,,0,0,,,,1,1.0,0,0,0,0,0,0,0,MATCH,1,2.0
SC_001_R07.png,SC,scatter,comparison,SC_001,1,7,1200,800,OK,EXACT,2,2,2,0,0,0,vermelho|azul,#C62828|#1F4FD8,#C62828|#1F4FD8,0.0,0.0,0.0,0.958485,0.626316,26.0,26.0,2,0,0,0,0.0,0.0,0.0,0.0,4,0,,0,0,,,,1,1.0,0,0,0,0,0,0,0,MATCH,1,2.0
SC_001_R08.png,SC,scatter,comparison,SC_001,1,8,1200,800,OK,EXACT,2,2,2,0,0,0,vermelho|azul,#C62828|#1F4FD8,#C62828|#1F4FD8,0.0,0.0,0.0,0.958485,0.626316,26.0,26.0,2,0,0,0,0.0,0.0,0.0,0.0,4,0,,0,0,,,,1,1.0,0,0,0,0,0,0,0,MATCH,1,2.0
SC_001_R09.png,SC,scatter,comparison,SC_001,1,9,1200,800,OK,EXACT,2,2,2,0,0,0,vermelho|azul,#C62828|#1F4FD8,#C62828|#1F4FD8,0.0,0.0,0.0,0.958485,0.626316,26.0,26.0,2,0,0,0,0.0,0.0,0.0,0.0,4,0,,0,0,,,,1,1.0,0,0,0,0,0,0,0,MATCH,1,2.0
SC_001_R10.png,SC,scatter,comparison,SC_001,1,10,1200,800,OK,EXACT,2,2,2,0,0,0,vermelho|azul,#C62828|#1F4FD8,#C62828|#1F4FD8,0.0,0.0,0.0,0.958485,0.626316,26.0,26.0,2,0,0,0,0.0,0.0,0.0,0.0,4,0,,0,0,,,,1,1.0,0,0,0,0,0,0,0,MATCH,1,2.0
SC_002_R01.png,SC,scatter,comparison,SC_002,2,1,1111,671,OK,EXACT,2,2,2,0,0,0,vermelho|azul,#C62828|#1F4FD8,#C62828|#1F4FD8,0.0,0.0,0.0,0.893232,0.595238,35.0,35.0,2,0,0,0,0.0,0.0,0.0,0.0,3,0,,0,0,,,,1,1.0,0,0,0,0,0,0,0,MATCH,1,2.0
SC_002_R02.png,SC,scatter,comparison,SC_002,2,2,1200,800,OK,EXACT,2,2,2,0,0,0,vermelho|azul,#C62828|#1F4FD8,#C62828|#1F4FD8,0.0,0.0,0.0,0.958485,0.626316,26.0,26.0,2,0,0,0,0.0,0.0,0.0,0.0,4,0,,0,0,,,,1,1.0,0,0,0,0,0,0,0,MATCH,1,2.0
SC_002_R03.png,SC,scatter,comparison,SC_002,2,3,1200,800,OK,EXACT,2,2,2,0,0,0,vermelho|azul,#C62828|#1F4FD8,#C62828|#1F4FD8,0.0,0.0,0.0,0.958485,0.626316,26.0,26.0,2,0,0,0,0.0,0.0,0.0,0.0,4,0,,0,0,,,,1,1.0,0,0,0,0,0,0,0,MATCH,1,2.0
SC_002_R04.png,SC,scatter,comparison,SC_002,2,4,1200,800,OK,EXACT,2,2,2,0,0,0,vermelho|azul,#C62828|#1F4FD8,#C62828|#1F4FD8,0.0,0.0,0.0,0.958485,0.626316,26.0,26.0,2,0,0,0,0.0,0.0,0.0,0.0,4,0,,0,0,,,,1,1.0,0,0,0,0,0,0,0,MATCH,1,2.0
SC_002_R05.png,SC,scatter,comparison,SC_002,2,5,1200,800,OK,EXACT,2,2,2,0,0,0,vermelho|azul,#C62828|#1F4FD8,#C62828|#1F4FD8,0.0,0.0,0.0,0.958485,0.626316,26.0,26.0,2,0,0,0,0.0,0.0,0.0,0.0,4,0,,0,0,,,,1,1.0,0,0,0,0,0,0,0,MATCH,1,2.0
SC_002_R06.png,SC,scatter,comparison,SC_002,2,6,1200,800,OK,EXACT,2,2,2,0,0,0,vermelho|azul,#C62828|#1F4FD8,#C62828|#1F4FD8,0.0,0.0,0.0,0.958485,0.626316,26.0,26.0,2,0,0,0,0.0,0.0,0.0,0.0,4,0,,0,0,,,,1,1.0,0,0,0,0,0,0,0,MATCH,1,2.0
SC_002_R07.png,SC,scatter,comparison,SC_002,2,7,1200,800,OK,EXACT,2,2,2,0,0,0,vermelho|azul,#C62828|#1F4FD8,#C62828|#1F4FD8,0.0,0.0,0.0,0.958485,0.626316,26.0,26.0,2,0,0,0,0.0,0.0,0.0,0.0,4,0,,0,0,,,,1,1.0,0,0,0,0,0,0,0,MATCH,1,2.0
SC_002_R08.png,SC,scatter,comparison,SC_002,2,8,1200,800,OK,EXACT,2,2,2,0,0,0,vermelho|azul,#C62828|#1F4FD8,#C62828|#1F4FD8,0.0,0.0,0.0,0.958485,0.626316,26.0,26.0,2,0,0,0,0.0,0.0,0.0,0.0,4,0,,0,0,,,,1,1.0,0,0,0,0,0,0,0,MATCH,1,2.0
SC_002_R09.png,SC,scatter,comparison,SC_002,2,9,1200,800,OK,EXACT,2,2,2,0,0,0,vermelho|azul,#C62828|#1F4FD8,#C62828|#1F4FD8,0.0,0.0,0.0,0.958485,0.626316,26.0,26.0,2,0,0,0,0.0,0.0,0.0,0.0,4,0,,0,0,,,,1,1.0,0,0,0,0,0,0,0,MATCH,1,2.0
SC_002_R10.png,SC,scatter,comparison,SC_002,2,10,1200,800,OK,EXACT,2,2,2,0,0,0,vermelho|azul,#C62828|#1F4FD8,#C62828|#1F4FD8,0.0,0.0,0.0,0.958485,0.626316,26.0,26.0,2,0,0,0,0.0,0.0,0.0,0.0,4,0,,0,0,,,,1,1.0,0,0,0,0,0,0,0,MATCH,1,2.0
SC_003_R01.png,SC,scatter,comparison,SC_003,3,1,1189,790,OK,EXACT,2,2,2,0,0,0,vermelho|azul,#C62828|#1F4FD8,#C62828|#1F4FD8,0.0,0.0,0.0,0.984617,0.836066,35.0,35.0,2,0,0,0,0.0,0.0,0.0,0.0,1,0,,0,0,,,,1,1.0,0,0,0,0,0,0,0,MATCH,1,2.0
SC_003_R02.png,SC,scatter,comparison,SC_003,3,2,1122,671,OK,EXACT,2,2,2,0,0,0,vermelho|azul,#C62828|#1F4FD8,#C62828|#1F4FD8,0.0,0.0,0.0,0.894795,0.471698,33.0,33.0,2,0,0,0,0.0,0.0,0.0,0.0,1,0,,0,0,,,,1,1.0,0,0,0,0,0,0,0,MATCH,1,2.0
SC_003_R03.png,SC,scatter,comparison,SC_003,3,3,1122,671,OK,EXACT,2,2,2,0,0,0,vermelho|azul,#C62828|#1F4FD8,#C62828|#1F4FD8,0.0,0.0,0.0,0.894795,0.471698,33.0,33.0,2,0,0,0,0.0,0.0,0.0,0.0,1,0,,0,0,,,,1,1.0,0,0,0,0,0,0,0,MATCH,1,2.0
SC_003_R04.png,SC,scatter,comparison,SC_003,3,4,1122,671,OK,EXACT,2,2,2,0,0,0,vermelho|azul,#C62828|#1F4FD8,#C62828|#1F4FD8,0.0,0.0,0.0,0.894795,0.471698,33.0,33.0,2,0,0,0,0.0,0.0,0.0,0.0,1,0,,0,0,,,,1,1.0,0,0,0,0,0,0,0,MATCH,1,2.0
SC_003_R05.png,SC,scatter,comparison,SC_003,3,5,1122,671,OK,EXACT,2,2,2,0,0,0,vermelho|azul,#C62828|#1F4FD8,#C62828|#1F4FD8,0.0,0.0,0.0,0.894795,0.471698,33.0,33.0,2,0,0,0,0.0,0.0,0.0,0.0,1,0,,0,0,,,,1,1.0,0,0,0,0,0,0,0,MATCH,1,2.0
SC_003_R06.png,SC,scatter,comparison,SC_003,3,6,1122,671,OK,EXACT,2,2,2,0,0,0,vermelho|azul,#C62828|#1F4FD8,#C62828|#1F4FD8,0.0,0.0,0.0,0.894795,0.471698,33.0,33.0,2,0,0,0,0.0,0.0,0.0,0.0,1,0,,0,0,,,,1,1.0,0,0,0,0,0,0,0,MATCH,1,2.0
SC_003_R07.png,SC,scatter,comparison,SC_003,3,7,1122,671,OK,EXACT,2,2,2,0,0,0,vermelho|azul,#C62828|#1F4FD8,#C62828|#1F4FD8,0.0,0.0,0.0,0.894795,0.471698,33.0,33.0,2,0,0,0,0.0,0.0,0.0,0.0,1,0,,0,0,,,,1,1.0,0,0,0,0,0,0,0,MATCH,1,2.0
SC_003_R08.png,SC,scatter,comparison,SC_003,3,8,1122,671,OK,EXACT,2,2,2,0,0,0,vermelho|azul,#C62828|#1F4FD8,#C62828|#1F4FD8,0.0,0.0,0.0,0.894795,0.471698,33.0,33.0,2,0,0,0,0.0,0.0,0.0,0.0,1,0,,0,0,,,,1,1.0,0,0,0,0,0,0,0,MATCH,1,2.0
SC_003_R09.png,SC,scatter,comparison,SC_003,3,9,1122,671,OK,EXACT,2,2,2,0,0,0,vermelho|azul,#C62828|#1F4FD8,#C62828|#1F4FD8,0.0,0.0,0.0,0.894795,0.471698,33.0,33.0,2,0,0,0,0.0,0.0,0.0,0.0,1,0,,0,0,,,,1,1.0,0,0,0,0,0,0,0,MATCH,1,2.0
SC_003_R10.png,SC,scatter,comparison,SC_003,3,10,1122,671,OK,EXACT,2,2,2,0,0,0,vermelho|azul,#C62828|#1F4FD8,#C62828|#1F4FD8,0.0,0.0,0.0,0.894795,0.471698,33.0,33.0,2,0,0,0,0.0,0.0,0.0,0.0,1,0,,0,0,,,,1,1.0,0,0,0,0,0,0,0,MATCH,1,2.0
SC_004_R01.png,SC,scatter,comparison,SC_004,4,1,1189,790,OK,EXACT,2,2,2,0,0,0,vermelho|azul,#C62828|#1F4FD8,#C62828|#1F4FD8,0.0,0.0,0.0,0.98551,0.815534,33.0,33.0,2,0,0,0,0.0,0.0,0.0,0.0,1,0,,0,0,,,,1,1.0,0,0,0,0,0,0,0,MATCH,1,2.0
SC_004_R02.png,SC,scatter,comparison,SC_004,4,2,1115,671,OK,EXACT,2,2,2,0,0,0,vermelho|azul,#C62828|#1F4FD8,#C62828|#1F4FD8,0.0,0.0,0.0,0.935267,0.421365,50.0,50.0,2,0,0,0,0.0,0.0,0.0,0.0,3,0,,0,0,,,,1,1.0,0,0,0,0,0,0,0,MATCH,1,2.0
SC_004_R03.png,SC,scatter,comparison,SC_004,4,3,1115,671,OK,EXACT,2,2,2,0,0,0,vermelho|azul,#C62828|#1F4FD8,#C62828|#1F4FD8,0.0,0.0,0.0,0.935267,0.421365,50.0,50.0,2,0,0,0,0.0,0.0,0.0,0.0,3,0,,0,0,,,,1,1.0,0,0,0,0,0,0,0,MATCH,1,2.0
SC_004_R04.png,SC,scatter,comparison,SC_004,4,4,1115,671,OK,EXACT,2,2,2,0,0,0,vermelho|azul,#C62828|#1F4FD8,#C62828|#1F4FD8,0.0,0.0,0.0,0.935267,0.421365,50.0,50.0,2,0,0,0,0.0,0.0,0.0,0.0,3,0,,0,0,,,,1,1.0,0,0,0,0,0,0,0,MATCH,1,2.0
SC_004_R05.png,SC,scatter,comparison,SC_004,4,5,1115,671,OK,EXACT,2,2,2,0,0,0,vermelho|azul,#C62828|#1F4FD8,#C62828|#1F4FD8,0.0,0.0,0.0,0.935267,0.421365,50.0,50.0,2,0,0,0,0.0,0.0,0.0,0.0,3,0,,0,0,,,,1,1.0,0,0,0,0,0,0,0,MATCH,1,2.0
SC_004_R06.png,SC,scatter,comparison,SC_004,4,6,1115,671,OK,EXACT,2,2,2,0,0,0,vermelho|azul,#C62828|#1F4FD8,#C62828|#1F4FD8,0.0,0.0,0.0,0.935267,0.421365,50.0,50.0,2,0,0,0,0.0,0.0,0.0,0.0,3,0,,0,0,,,,1,1.0,0,0,0,0,0,0,0,MATCH,1,2.0
SC_004_R07.png,SC,scatter,comparison,SC_004,4,7,1115,671,OK,EXACT,2,2,2,0,0,0,vermelho|azul,#C62828|#1F4FD8,#C62828|#1F4FD8,0.0,0.0,0.0,0.935267,0.421365,50.0,50.0,2,0,0,0,0.0,0.0,0.0,0.0,3,0,,0,0,,,,1,1.0,0,0,0,0,0,0,0,MATCH,1,2.0
SC_004_R08.png,SC,scatter,comparison,SC_004,4,8,1115,671,OK,EXACT,2,2,2,0,0,0,vermelho|azul,#C62828|#1F4FD8,#C62828|#1F4FD8,0.0,0.0,0.0,0.935267,0.421365,50.0,50.0,2,0,0,0,0.0,0.0,0.0,0.0,3,0,,0,0,,,,1,1.0,0,0,0,0,0,0,0,MATCH,1,2.0
SC_004_R09.png,SC,scatter,comparison,SC_004,4,9,1115,671,OK,EXACT,2,2,2,0,0,0,vermelho|azul,#C62828|#1F4FD8,#C62828|#1F4FD8,0.0,0.0,0.0,0.935267,0.421365,50.0,50.0,2,0,0,0,0.0,0.0,0.0,0.0,3,0,,0,0,,,,1,1.0,0,0,0,0,0,0,0,MATCH,1,2.0
SC_004_R10.png,SC,scatter,comparison,SC_004,4,10,1115,671,OK,EXACT,2,2,2,0,0,0,vermelho|azul,#C62828|#1F4FD8,#C62828|#1F4FD8,0.0,0.0,0.0,0.935267,0.421365,50.0,50.0,2,0,0,0,0.0,0.0,0.0,0.0,3,0,,0,0,,,,1,1.0,0,0,0,0,0,0,0,MATCH,1,2.0
SC_005_R01.png,SC,scatter,comparison,SC_005,5,1,1111,671,OK,EXACT,2,2,2,0,0,0,vermelho|azul,#C62828|#1F4FD8,#C62828|#1F4FD8,0.0,0.0,0.0,0.864346,0.458333,35.0,35.0,2,0,0,0,0.0,0.0,0.0,0.0,3,0,,0,0,,,,1,1.0,0,0,0,0,0,0,0,MATCH,1,2.0
SC_005_R02.png,SC,scatter,comparison,SC_005,5,2,1121,669,OK,EXACT,2,2,2,0,0,0,vermelho|azul,#C62828|#1F4FD8,#C62828|#1F4FD8,0.0,0.0,0.0,0.894795,0.471698,33.0,33.0,2,0,0,0,0.0,0.0,0.0,0.0,1,0,,0,0,,,,1,1.0,0,0,0,0,0,0,0,MATCH,1,2.0
SC_005_R03.png,SC,scatter,comparison,SC_005,5,3,1121,669,OK,EXACT,2,2,2,0,0,0,vermelho|azul,#C62828|#1F4FD8,#C62828|#1F4FD8,0.0,0.0,0.0,0.894795,0.471698,33.0,33.0,2,0,0,0,0.0,0.0,0.0,0.0,1,0,,0,0,,,,1,1.0,0,0,0,0,0,0,0,MATCH,1,2.0
SC_005_R04.png,SC,scatter,comparison,SC_005,5,4,1121,669,OK,EXACT,2,2,2,0,0,0,vermelho|azul,#C62828|#1F4FD8,#C62828|#1F4FD8,0.0,0.0,0.0,0.894795,0.471698,33.0,33.0,2,0,0,0,0.0,0.0,0.0,0.0,1,0,,0,0,,,,1,1.0,0,0,0,0,0,0,0,MATCH,1,2.0
SC_005_R05.png,SC,scatter,comparison,SC_005,5,5,1121,669,OK,EXACT,2,2,2,0,0,0,vermelho|azul,#C62828|#1F4FD8,#C62828|#1F4FD8,0.0,0.0,0.0,0.894795,0.471698,33.0,33.0,2,0,0,0,0.0,0.0,0.0,0.0,1,0,,0,0,,,,1,1.0,0,0,0,0,0,0,0,MATCH,1,2.0
SC_005_R06.png,SC,scatter,comparison,SC_005,5,6,1121,669,OK,EXACT,2,2,2,0,0,0,vermelho|azul,#C62828|#1F4FD8,#C62828|#1F4FD8,0.0,0.0,0.0,0.894795,0.471698,33.0,33.0,2,0,0,0,0.0,0.0,0.0,0.0,1,0,,0,0,,,,1,1.0,0,0,0,0,0,0,0,MATCH,1,2.0
SC_005_R07.png,SC,scatter,comparison,SC_005,5,7,1121,669,OK,EXACT,2,2,2,0,0,0,vermelho|azul,#C62828|#1F4FD8,#C62828|#1F4FD8,0.0,0.0,0.0,0.894795,0.471698,33.0,33.0,2,0,0,0,0.0,0.0,0.0,0.0,1,0,,0,0,,,,1,1.0,0,0,0,0,0,0,0,MATCH,1,2.0
SC_005_R08.png,SC,scatter,comparison,SC_005,5,8,1121,669,OK,EXACT,2,2,2,0,0,0,vermelho|azul,#C62828|#1F4FD8,#C62828|#1F4FD8,0.0,0.0,0.0,0.894795,0.471698,33.0,33.0,2,0,0,0,0.0,0.0,0.0,0.0,1,0,,0,0,,,,1,1.0,0,0,0,0,0,0,0,MATCH,1,2.0
SC_005_R09.png,SC,scatter,comparison,SC_005,5,9,1121,669,OK,EXACT,2,2,2,0,0,0,vermelho|azul,#C62828|#1F4FD8,#C62828|#1F4FD8,0.0,0.0,0.0,0.894795,0.471698,33.0,33.0,2,0,0,0,0.0,0.0,0.0,0.0,1,0,,0,0,,,,1,1.0,0,0,0,0,0,0,0,MATCH,1,2.0
SC_005_R10.png,SC,scatter,comparison,SC_005,5,10,1121,669,OK,EXACT,2,2,2,0,0,0,vermelho|azul,#C62828|#1F4FD8,#C62828|#1F4FD8,0.0,0.0,0.0,0.894795,0.471698,33.0,33.0,2,0,0,0,0.0,0.0,0.0,0.0,1,0,,0,0,,,,1,1.0,0,0,0,0,0,0,0,MATCH,1,2.0
SC_006_R01.png,SC,scatter,comparison,SC_006,6,1,1189,790,OK,EXACT,2,2,2,0,0,0,vermelho|azul,#C62828|#1F4FD8,#C62828|#1F4FD8,0.0,0.0,0.0,0.902545,0.595238,35.0,35.0,2,0,0,0,0.0,0.0,0.0,0.0,3,0,,0,0,,,,1,1.0,0,0,0,0,0,0,0,MATCH,1,2.0
SC_006_R02.png,SC,scatter,comparison,SC_006,6,2,1122,669,OK,EXACT,2,2,2,0,0,0,vermelho|azul,#C62828|#1F4FD8,#C62828|#1F4FD8,0.0,0.0,0.0,0.952532,0.469136,32.0,32.0,2,0,0,0,0.0,0.0,0.0,0.0,3,0,,0,0,,,,1,1.0,0,0,0,0,0,0,0,MATCH,1,2.0
SC_006_R03.png,SC,scatter,comparison,SC_006,6,3,1122,669,OK,EXACT,2,2,2,0,0,0,vermelho|azul,#C62828|#1F4FD8,#C62828|#1F4FD8,0.0,0.0,0.0,0.952532,0.469136,32.0,32.0,2,0,0,0,0.0,0.0,0.0,0.0,3,0,,0,0,,,,1,1.0,0,0,0,0,0,0,0,MATCH,1,2.0
SC_006_R04.png,SC,scatter,comparison,SC_006,6,4,1122,669,OK,EXACT,2,2,2,0,0,0,vermelho|azul,#C62828|#1F4FD8,#C62828|#1F4FD8,0.0,0.0,0.0,0.952532,0.469136,32.0,32.0,2,0,0,0,0.0,0.0,0.0,0.0,3,0,,0,0,,,,1,1.0,0,0,0,0,0,0,0,MATCH,1,2.0
SC_006_R05.png,SC,scatter,comparison,SC_006,6,5,1122,669,OK,EXACT,2,2,2,0,0,0,vermelho|azul,#C62828|#1F4FD8,#C62828|#1F4FD8,0.0,0.0,0.0,0.952532,0.469136,32.0,32.0,2,0,0,0,0.0,0.0,0.0,0.0,3,0,,0,0,,,,1,1.0,0,0,0,0,0,0,0,MATCH,1,2.0
SC_006_R06.png,SC,scatter,comparison,SC_006,6,6,1122,669,OK,EXACT,2,2,2,0,0,0,vermelho|azul,#C62828|#1F4FD8,#C62828|#1F4FD8,0.0,0.0,0.0,0.952532,0.469136,32.0,32.0,2,0,0,0,0.0,0.0,0.0,0.0,3,0,,0,0,,,,1,1.0,0,0,0,0,0,0,0,MATCH,1,2.0
SC_006_R07.png,SC,scatter,comparison,SC_006,6,7,1122,669,OK,EXACT,2,2,2,0,0,0,vermelho|azul,#C62828|#1F4FD8,#C62828|#1F4FD8,0.0,0.0,0.0,0.952532,0.469136,32.0,32.0,2,0,0,0,0.0,0.0,0.0,0.0,3,0,,0,0,,,,1,1.0,0,0,0,0,0,0,0,MATCH,1,2.0
SC_006_R08.png,SC,scatter,comparison,SC_006,6,8,1122,669,OK,EXACT,2,2,2,0,0,0,vermelho|azul,#C62828|#1F4FD8,#C62828|#1F4FD8,0.0,0.0,0.0,0.952532,0.469136,32.0,32.0,2,0,0,0,0.0,0.0,0.0,0.0,3,0,,0,0,,,,1,1.0,0,0,0,0,0,0,0,MATCH,1,2.0
SC_006_R09.png,SC,scatter,comparison,SC_006,6,9,1122,669,OK,EXACT,2,2,2,0,0,0,vermelho|azul,#C62828|#1F4FD8,#C62828|#1F4FD8,0.0,0.0,0.0,0.952532,0.469136,32.0,32.0,2,0,0,0,0.0,0.0,0.0,0.0,3,0,,0,0,,,,1,1.0,0,0,0,0,0,0,0,MATCH,1,2.0
SC_006_R10.png,SC,scatter,comparison,SC_006,6,10,1122,669,OK,EXACT,2,2,2,0,0,0,vermelho|azul,#C62828|#1F4FD8,#C62828|#1F4FD8,0.0,0.0,0.0,0.952532,0.469136,32.0,32.0,2,0,0,0,0.0,0.0,0.0,0.0,3,0,,0,0,,,,1,1.0,0,0,0,0,0,0,0,MATCH,1,2.0
SC_007_R01.png,SC,scatter,comparison,SC_007,7,1,1331,671,OK,EXACT,2,2,2,0,0,0,vermelho|azul,#C62828|#1F4FD8,#C62828|#1F4FD8,0.0,0.0,0.0,0.877878,0.542373,32.0,32.0,2,0,0,0,0.0,0.0,0.0,0.0,1,0,,0,0,,,,1,1.0,0,0,0,0,0,0,0,MATCH,1,2.0
SC_007_R02.png,SC,scatter,comparison,SC_007,7,2,1331,671,OK,EXACT,2,2,2,0,0,0,vermelho|azul,#C62828|#1F4FD8,#C62828|#1F4FD8,0.0,0.0,0.0,0.942139,0.532609,33.0,33.0,2,0,0,0,0.0,0.0,0.0,0.0,3,0,,0,0,,,,1,1.0,0,0,0,0,0,0,0,MATCH,1,2.0
SC_007_R03.png,SC,scatter,comparison,SC_007,7,3,1331,671,OK,EXACT,2,2,2,0,0,0,vermelho|azul,#C62828|#1F4FD8,#C62828|#1F4FD8,0.0,0.0,0.0,0.942139,0.532609,33.0,33.0,2,0,0,0,0.0,0.0,0.0,0.0,3,0,,0,0,,,,1,1.0,0,0,0,0,0,0,0,MATCH,1,2.0
SC_007_R04.png,SC,scatter,comparison,SC_007,7,4,1331,671,OK,EXACT,2,2,2,0,0,0,vermelho|azul,#C62828|#1F4FD8,#C62828|#1F4FD8,0.0,0.0,0.0,0.942139,0.532609,33.0,33.0,2,0,0,0,0.0,0.0,0.0,0.0,3,0,,0,0,,,,1,1.0,0,0,0,0,0,0,0,MATCH,1,2.0
SC_007_R05.png,SC,scatter,comparison,SC_007,7,5,1331,671,OK,EXACT,2,2,2,0,0,0,vermelho|azul,#C62828|#1F4FD8,#C62828|#1F4FD8,0.0,0.0,0.0,0.942139,0.532609,33.0,33.0,2,0,0,0,0.0,0.0,0.0,0.0,3,0,,0,0,,,,1,1.0,0,0,0,0,0,0,0,MATCH,1,2.0
SC_007_R06.png,SC,scatter,comparison,SC_007,7,6,1331,671,OK,EXACT,2,2,2,0,0,0,vermelho|azul,#C62828|#1F4FD8,#C62828|#1F4FD8,0.0,0.0,0.0,0.942139,0.532609,33.0,33.0,2,0,0,0,0.0,0.0,0.0,0.0,3,0,,0,0,,,,1,1.0,0,0,0,0,0,0,0,MATCH,1,2.0
SC_007_R07.png,SC,scatter,comparison,SC_007,7,7,1331,671,OK,EXACT,2,2,2,0,0,0,vermelho|azul,#C62828|#1F4FD8,#C62828|#1F4FD8,0.0,0.0,0.0,0.942139,0.532609,33.0,33.0,2,0,0,0,0.0,0.0,0.0,0.0,3,0,,0,0,,,,1,1.0,0,0,0,0,0,0,0,MATCH,1,2.0
SC_007_R08.png,SC,scatter,comparison,SC_007,7,8,1331,671,OK,EXACT,2,2,2,0,0,0,vermelho|azul,#C62828|#1F4FD8,#C62828|#1F4FD8,0.0,0.0,0.0,0.942139,0.532609,33.0,33.0,2,0,0,0,0.0,0.0,0.0,0.0,3,0,,0,0,,,,1,1.0,0,0,0,0,0,0,0,MATCH,1,2.0
SC_007_R09.png,SC,scatter,comparison,SC_007,7,9,1331,671,OK,EXACT,2,2,2,0,0,0,vermelho|azul,#C62828|#1F4FD8,#C62828|#1F4FD8,0.0,0.0,0.0,0.942139,0.532609,33.0,33.0,2,0,0,0,0.0,0.0,0.0,0.0,3,0,,0,0,,,,1,1.0,0,0,0,0,0,0,0,MATCH,1,2.0
SC_007_R10.png,SC,scatter,comparison,SC_007,7,10,1331,671,OK,EXACT,2,2,2,0,0,0,vermelho|azul,#C62828|#1F4FD8,#C62828|#1F4FD8,0.0,0.0,0.0,0.942139,0.532609,33.0,33.0,2,0,0,0,0.0,0.0,0.0,0.0,3,0,,0,0,,,,1,1.0,0,0,0,0,0,0,0,MATCH,1,2.0
SC_008_R01.png,SC,scatter,comparison,SC_008,8,1,1189,790,OK,EXACT,2,2,2,0,0,0,vermelho|azul,#C62828|#1F4FD8,#C62828|#1F4FD8,0.0,0.0,0.0,0.895218,0.471698,33.0,33.0,2,0,0,0,0.0,0.0,0.0,0.0,1,0,,0,0,,,,1,1.0,0,0,0,0,0,0,0,MATCH,1,2.0
SC_008_R02.png,SC,scatter,comparison,SC_008,8,2,1331,671,OK,EXACT,2,2,2,0,0,0,vermelho|azul,#C62828|#1F4FD8,#C62828|#1F4FD8,0.0,0.0,0.0,0.886762,0.595238,33.0,33.0,2,0,0,0,0.0,0.0,0.0,0.0,1,0,,0,0,,,,1,1.0,0,0,0,0,0,0,0,MATCH,1,2.0
SC_008_R03.png,SC,scatter,comparison,SC_008,8,3,1331,671,OK,EXACT,2,2,2,0,0,0,vermelho|azul,#C62828|#1F4FD8,#C62828|#1F4FD8,0.0,0.0,0.0,0.886762,0.595238,33.0,33.0,2,0,0,0,0.0,0.0,0.0,0.0,1,0,,0,0,,,,1,1.0,0,0,0,0,0,0,0,MATCH,1,2.0
SC_008_R04.png,SC,scatter,comparison,SC_008,8,4,1331,671,OK,EXACT,2,2,2,0,0,0,vermelho|azul,#C62828|#1F4FD8,#C62828|#1F4FD8,0.0,0.0,0.0,0.886762,0.595238,33.0,33.0,2,0,0,0,0.0,0.0,0.0,0.0,1,0,,0,0,,,,1,1.0,0,0,0,0,0,0,0,MATCH,1,2.0
SC_008_R05.png,SC,scatter,comparison,SC_008,8,5,1331,671,OK,EXACT,2,2,2,0,0,0,vermelho|azul,#C62828|#1F4FD8,#C62828|#1F4FD8,0.0,0.0,0.0,0.886762,0.595238,33.0,33.0,2,0,0,0,0.0,0.0,0.0,0.0,1,0,,0,0,,,,1,1.0,0,0,0,0,0,0,0,MATCH,1,2.0
SC_008_R06.png,SC,scatter,comparison,SC_008,8,6,1331,671,OK,EXACT,2,2,2,0,0,0,vermelho|azul,#C62828|#1F4FD8,#C62828|#1F4FD8,0.0,0.0,0.0,0.886762,0.595238,33.0,33.0,2,0,0,0,0.0,0.0,0.0,0.0,1,0,,0,0,,,,1,1.0,0,0,0,0,0,0,0,MATCH,1,2.0
SC_008_R07.png,SC,scatter,comparison,SC_008,8,7,1331,671,OK,EXACT,2,2,2,0,0,0,vermelho|azul,#C62828|#1F4FD8,#C62828|#1F4FD8,0.0,0.0,0.0,0.886762,0.595238,33.0,33.0,2,0,0,0,0.0,0.0,0.0,0.0,1,0,,0,0,,,,1,1.0,0,0,0,0,0,0,0,MATCH,1,2.0
SC_008_R08.png,SC,scatter,comparison,SC_008,8,8,1331,671,OK,EXACT,2,2,2,0,0,0,vermelho|azul,#C62828|#1F4FD8,#C62828|#1F4FD8,0.0,0.0,0.0,0.886762,0.595238,33.0,33.0,2,0,0,0,0.0,0.0,0.0,0.0,1,0,,0,0,,,,1,1.0,0,0,0,0,0,0,0,MATCH,1,2.0
SC_008_R09.png,SC,scatter,comparison,SC_008,8,9,1331,671,OK,EXACT,2,2,2,0,0,0,vermelho|azul,#C62828|#1F4FD8,#C62828|#1F4FD8,0.0,0.0,0.0,0.886762,0.595238,33.0,33.0,2,0,0,0,0.0,0.0,0.0,0.0,1,0,,0,0,,,,1,1.0,0,0,0,0,0,0,0,MATCH,1,2.0
SC_008_R10.png,SC,scatter,comparison,SC_008,8,10,1331,671,OK,EXACT,2,2,2,0,0,0,vermelho|azul,#C62828|#1F4FD8,#C62828|#1F4FD8,0.0,0.0,0.0,0.886762,0.595238,33.0,33.0,2,0,0,0,0.0,0.0,0.0,0.0,1,0,,0,0,,,,1,1.0,0,0,0,0,0,0,0,MATCH,1,2.0
SC_009_R01.png,SC,scatter,comparison,SC_009,9,1,1111,671,OK,EXACT,2,2,2,0,0,0,vermelho|azul,#C62828|#1F4FD8,#C62828|#1F4FD8,0.0,0.0,0.0,0.920823,0.578313,24.0,24.0,2,0,0,0,0.0,0.0,0.0,0.0,2,0,,0,0,,,,1,1.0,0,0,0,0,0,0,0,MATCH,1,2.0
SC_009_R02.png,SC,scatter,comparison,SC_009,9,2,1330,671,OK,EXACT,2,2,2,0,0,0,vermelho|azul,#C62828|#1F4FD8,#C62828|#1F4FD8,0.0,0.0,0.0,0.952897,0.498824,56.0,56.0,2,0,0,0,0.0,0.0,0.0,0.0,3,0,,0,0,,,,1,1.0,0,0,0,0,0,0,0,MATCH,1,2.0
SC_009_R03.png,SC,scatter,comparison,SC_009,9,3,1330,671,OK,EXACT,2,2,2,0,0,0,vermelho|azul,#C62828|#1F4FD8,#C62828|#1F4FD8,0.0,0.0,0.0,0.952897,0.498824,56.0,56.0,2,0,0,0,0.0,0.0,0.0,0.0,3,0,,0,0,,,,1,1.0,0,0,0,0,0,0,0,MATCH,1,2.0
SC_009_R04.png,SC,scatter,comparison,SC_009,9,4,1330,671,OK,EXACT,2,2,2,0,0,0,vermelho|azul,#C62828|#1F4FD8,#C62828|#1F4FD8,0.0,0.0,0.0,0.952897,0.498824,56.0,56.0,2,0,0,0,0.0,0.0,0.0,0.0,3,0,,0,0,,,,1,1.0,0,0,0,0,0,0,0,MATCH,1,2.0
SC_009_R05.png,SC,scatter,comparison,SC_009,9,5,1330,671,OK,EXACT,2,2,2,0,0,0,vermelho|azul,#C62828|#1F4FD8,#C62828|#1F4FD8,0.0,0.0,0.0,0.952897,0.498824,56.0,56.0,2,0,0,0,0.0,0.0,0.0,0.0,3,0,,0,0,,,,1,1.0,0,0,0,0,0,0,0,MATCH,1,2.0
SC_009_R06.png,SC,scatter,comparison,SC_009,9,6,1330,671,OK,EXACT,2,2,2,0,0,0,vermelho|azul,#C62828|#1F4FD8,#C62828|#1F4FD8,0.0,0.0,0.0,0.952897,0.498824,56.0,56.0,2,0,0,0,0.0,0.0,0.0,0.0,3,0,,0,0,,,,1,1.0,0,0,0,0,0,0,0,MATCH,1,2.0
SC_009_R07.png,SC,scatter,comparison,SC_009,9,7,1330,671,OK,EXACT,2,2,2,0,0,0,vermelho|azul,#C62828|#1F4FD8,#C62828|#1F4FD8,0.0,0.0,0.0,0.952897,0.498824,56.0,56.0,2,0,0,0,0.0,0.0,0.0,0.0,3,0,,0,0,,,,1,1.0,0,0,0,0,0,0,0,MATCH,1,2.0
SC_009_R08.png,SC,scatter,comparison,SC_009,9,8,1330,671,OK,EXACT,2,2,2,0,0,0,vermelho|azul,#C62828|#1F4FD8,#C62828|#1F4FD8,0.0,0.0,0.0,0.952897,0.498824,56.0,56.0,2,0,0,0,0.0,0.0,0.0,0.0,3,0,,0,0,,,,1,1.0,0,0,0,0,0,0,0,MATCH,1,2.0
SC_009_R09.png,SC,scatter,comparison,SC_009,9,9,1330,671,OK,EXACT,2,2,2,0,0,0,vermelho|azul,#C62828|#1F4FD8,#C62828|#1F4FD8,0.0,0.0,0.0,0.952897,0.498824,56.0,56.0,2,0,0,0,0.0,0.0,0.0,0.0,3,0,,0,0,,,,1,1.0,0,0,0,0,0,0,0,MATCH,1,2.0
SC_009_R10.png,SC,scatter,comparison,SC_009,9,10,1330,671,OK,EXACT,2,2,2,0,0,0,vermelho|azul,#C62828|#1F4FD8,#C62828|#1F4FD8,0.0,0.0,0.0,0.952897,0.498824,56.0,56.0,2,0,0,0,0.0,0.0,0.0,0.0,3,0,,0,0,,,,1,1.0,0,0,0,0,0,0,0,MATCH,1,2.0
SC_010_R01.png,SC,scatter,comparison,SC_010,10,1,1131,671,OK,MISSING,2,1,1,0,1,1,vermelho|azul,#C62828|#1F4FD8,#C62828,0.0,0.0,0.0,0.974341,0.735294,26.0,26.0,1,0,0,0,0.0,0.0,0.0,0.0,2,0,,0,0,,,,1,1.0,0,1,0,0,0,0,0,MISSING_COLOR,0,2.0
SC_010_R02.png,SC,scatter,comparison,SC_010,10,2,1145,669,OK,EXACT,2,2,2,0,0,0,vermelho|azul,#C62828|#1F4FD8,#C62828|#1F4FD8,0.0,0.0,0.0,0.953565,0.469136,32.0,32.0,2,0,0,0,0.0,0.0,0.0,0.0,0,0,,0,0,,,,1,1.0,0,0,0,0,0,0,0,MATCH,1,2.0
SC_010_R03.png,SC,scatter,comparison,SC_010,10,3,1145,669,OK,EXACT,2,2,2,0,0,0,vermelho|azul,#C62828|#1F4FD8,#C62828|#1F4FD8,0.0,0.0,0.0,0.953565,0.469136,32.0,32.0,2,0,0,0,0.0,0.0,0.0,0.0,0,0,,0,0,,,,1,1.0,0,0,0,0,0,0,0,MATCH,1,2.0
SC_010_R04.png,SC,scatter,comparison,SC_010,10,4,1145,669,OK,EXACT,2,2,2,0,0,0,vermelho|azul,#C62828|#1F4FD8,#C62828|#1F4FD8,0.0,0.0,0.0,0.953565,0.469136,32.0,32.0,2,0,0,0,0.0,0.0,0.0,0.0,0,0,,0,0,,,,1,1.0,0,0,0,0,0,0,0,MATCH,1,2.0
SC_010_R05.png,SC,scatter,comparison,SC_010,10,5,1145,669,OK,EXACT,2,2,2,0,0,0,vermelho|azul,#C62828|#1F4FD8,#C62828|#1F4FD8,0.0,0.0,0.0,0.953565,0.469136,32.0,32.0,2,0,0,0,0.0,0.0,0.0,0.0,0,0,,0,0,,,,1,1.0,0,0,0,0,0,0,0,MATCH,1,2.0
SC_010_R06.png,SC,scatter,comparison,SC_010,10,6,1145,669,OK,EXACT,2,2,2,0,0,0,vermelho|azul,#C62828|#1F4FD8,#C62828|#1F4FD8,0.0,0.0,0.0,0.953565,0.469136,32.0,32.0,2,0,0,0,0.0,0.0,0.0,0.0,0,0,,0,0,,,,1,1.0,0,0,0,0,0,0,0,MATCH,1,2.0
SC_010_R07.png,SC,scatter,comparison,SC_010,10,7,1145,669,OK,EXACT,2,2,2,0,0,0,vermelho|azul,#C62828|#1F4FD8,#C62828|#1F4FD8,0.0,0.0,0.0,0.953565,0.469136,32.0,32.0,2,0,0,0,0.0,0.0,0.0,0.0,0,0,,0,0,,,,1,1.0,0,0,0,0,0,0,0,MATCH,1,2.0
SC_010_R08.png,SC,scatter,comparison,SC_010,10,8,1145,669,OK,EXACT,2,2,2,0,0,0,vermelho|azul,#C62828|#1F4FD8,#C62828|#1F4FD8,0.0,0.0,0.0,0.953565,0.469136,32.0,32.0,2,0,0,0,0.0,0.0,0.0,0.0,0,0,,0,0,,,,1,1.0,0,0,0,0,0,0,0,MATCH,1,2.0
SC_010_R09.png,SC,scatter,comparison,SC_010,10,9,1145,669,OK,EXACT,2,2,2,0,0,0,vermelho|azul,#C62828|#1F4FD8,#C62828|#1F4FD8,0.0,0.0,0.0,0.953565,0.469136,32.0,32.0,2,0,0,0,0.0,0.0,0.0,0.0,0,0,,0,0,,,,1,1.0,0,0,0,0,0,0,0,MATCH,1,2.0
SC_010_R10.png,SC,scatter,comparison,SC_010,10,10,1145,669,OK,EXACT,2,2,2,0,0,0,vermelho|azul,#C62828|#1F4FD8,#C62828|#1F4FD8,0.0,0.0,0.0,0.953565,0.469136,32.0,32.0,2,0,0,0,0.0,0.0,0.0,0.0,0,0,,0,0,,,,1,1.0,0,0,0,0,0,0,0,MATCH,1,2.0
SC_011_R01.png,SC,scatter,comparison,SC_011,11,1,1330,671,OK,EXACT,2,2,2,0,0,0,vermelho|azul,#C62828|#1F4FD8,#C62828|#1F4FD8,0.0,0.0,0.0,0.856125,0.458333,33.0,33.0,2,0,0,0,0.0,0.0,0.0,0.0,1,0,,0,0,,,,1,1.0,0,0,0,0,0,0,0,MATCH,1,2.0
SC_011_R02.png,SC,scatter,comparison,SC_011,11,2,1145,669,OK,EXACT,2,2,2,0,0,0,vermelho|azul,#C62828|#1F4FD8,#C62828|#1F4FD8,0.0,0.0,0.0,0.892009,0.471698,32.0,32.0,2,0,0,0,0.0,0.0,0.0,0.0,1,0,,0,0,,,,1,1.0,0,0,0,0,0,0,0,MATCH,1,2.0
SC_011_R03.png,SC,scatter,comparison,SC_011,11,3,1145,669,OK,EXACT,2,2,2,0,0,0,vermelho|azul,#C62828|#1F4FD8,#C62828|#1F4FD8,0.0,0.0,0.0,0.892009,0.471698,32.0,32.0,2,0,0,0,0.0,0.0,0.0,0.0,1,0,,0,0,,,,1,1.0,0,0,0,0,0,0,0,MATCH,1,2.0
SC_011_R04.png,SC,scatter,comparison,SC_011,11,4,1145,669,OK,EXACT,2,2,2,0,0,0,vermelho|azul,#C62828|#1F4FD8,#C62828|#1F4FD8,0.0,0.0,0.0,0.892009,0.471698,32.0,32.0,2,0,0,0,0.0,0.0,0.0,0.0,1,0,,0,0,,,,1,1.0,0,0,0,0,0,0,0,MATCH,1,2.0
SC_011_R05.png,SC,scatter,comparison,SC_011,11,5,1145,669,OK,EXACT,2,2,2,0,0,0,vermelho|azul,#C62828|#1F4FD8,#C62828|#1F4FD8,0.0,0.0,0.0,0.892009,0.471698,32.0,32.0,2,0,0,0,0.0,0.0,0.0,0.0,1,0,,0,0,,,,1,1.0,0,0,0,0,0,0,0,MATCH,1,2.0
SC_011_R06.png,SC,scatter,comparison,SC_011,11,6,1145,669,OK,EXACT,2,2,2,0,0,0,vermelho|azul,#C62828|#1F4FD8,#C62828|#1F4FD8,0.0,0.0,0.0,0.892009,0.471698,32.0,32.0,2,0,0,0,0.0,0.0,0.0,0.0,1,0,,0,0,,,,1,1.0,0,0,0,0,0,0,0,MATCH,1,2.0
SC_011_R07.png,SC,scatter,comparison,SC_011,11,7,1145,669,OK,EXACT,2,2,2,0,0,0,vermelho|azul,#C62828|#1F4FD8,#C62828|#1F4FD8,0.0,0.0,0.0,0.892009,0.471698,32.0,32.0,2,0,0,0,0.0,0.0,0.0,0.0,1,0,,0,0,,,,1,1.0,0,0,0,0,0,0,0,MATCH,1,2.0
SC_011_R08.png,SC,scatter,comparison,SC_011,11,8,1145,669,OK,EXACT,2,2,2,0,0,0,vermelho|azul,#C62828|#1F4FD8,#C62828|#1F4FD8,0.0,0.0,0.0,0.892009,0.471698,32.0,32.0,2,0,0,0,0.0,0.0,0.0,0.0,1,0,,0,0,,,,1,1.0,0,0,0,0,0,0,0,MATCH,1,2.0
SC_011_R09.png,SC,scatter,comparison,SC_011,11,9,1145,669,OK,EXACT,2,2,2,0,0,0,vermelho|azul,#C62828|#1F4FD8,#C62828|#1F4FD8,0.0,0.0,0.0,0.892009,0.471698,32.0,32.0,2,0,0,0,0.0,0.0,0.0,0.0,1,0,,0,0,,,,1,1.0,0,0,0,0,0,0,0,MATCH,1,2.0
SC_011_R10.png,SC,scatter,comparison,SC_011,11,10,1145,669,OK,EXACT,2,2,2,0,0,0,vermelho|azul,#C62828|#1F4FD8,#C62828|#1F4FD8,0.0,0.0,0.0,0.892009,0.471698,32.0,32.0,2,0,0,0,0.0,0.0,0.0,0.0,1,0,,0,0,,,,1,1.0,0,0,0,0,0,0,0,MATCH,1,2.0
SC_012_R01.png,SC,scatter,comparison,SC_012,12,1,1352,671,OK,EXACT,2,2,2,0,0,0,vermelho|azul,#C62828|#1F4FD8,#C62828|#1F4FD8,0.0,0.0,0.0,0.886762,0.595238,33.0,33.0,2,0,0,0,0.0,0.0,0.0,0.0,1,0,,0,0,,,,1,1.0,0,0,0,0,0,0,0,MATCH,1,2.0
SC_012_R02.png,SC,scatter,comparison,SC_012,12,2,1147,669,OK,EXACT,2,2,2,0,0,0,vermelho|azul,#C62828|#1F4FD8,#C62828|#1F4FD8,0.0,0.0,0.0,0.892009,0.471698,32.0,32.0,2,0,0,0,0.0,0.0,0.0,0.0,1,0,,0,0,,,,1,1.0,0,0,0,0,0,0,0,MATCH,1,2.0
SC_012_R03.png,SC,scatter,comparison,SC_012,12,3,1147,669,OK,EXACT,2,2,2,0,0,0,vermelho|azul,#C62828|#1F4FD8,#C62828|#1F4FD8,0.0,0.0,0.0,0.892009,0.471698,32.0,32.0,2,0,0,0,0.0,0.0,0.0,0.0,1,0,,0,0,,,,1,1.0,0,0,0,0,0,0,0,MATCH,1,2.0
SC_012_R04.png,SC,scatter,comparison,SC_012,12,4,1147,669,OK,EXACT,2,2,2,0,0,0,vermelho|azul,#C62828|#1F4FD8,#C62828|#1F4FD8,0.0,0.0,0.0,0.892009,0.471698,32.0,32.0,2,0,0,0,0.0,0.0,0.0,0.0,1,0,,0,0,,,,1,1.0,0,0,0,0,0,0,0,MATCH,1,2.0
SC_012_R05.png,SC,scatter,comparison,SC_012,12,5,1147,669,OK,EXACT,2,2,2,0,0,0,vermelho|azul,#C62828|#1F4FD8,#C62828|#1F4FD8,0.0,0.0,0.0,0.892009,0.471698,32.0,32.0,2,0,0,0,0.0,0.0,0.0,0.0,1,0,,0,0,,,,1,1.0,0,0,0,0,0,0,0,MATCH,1,2.0
SC_012_R06.png,SC,scatter,comparison,SC_012,12,6,1147,669,OK,EXACT,2,2,2,0,0,0,vermelho|azul,#C62828|#1F4FD8,#C62828|#1F4FD8,0.0,0.0,0.0,0.892009,0.471698,32.0,32.0,2,0,0,0,0.0,0.0,0.0,0.0,1,0,,0,0,,,,1,1.0,0,0,0,0,0,0,0,MATCH,1,2.0
SC_012_R07.png,SC,scatter,comparison,SC_012,12,7,1147,669,OK,EXACT,2,2,2,0,0,0,vermelho|azul,#C62828|#1F4FD8,#C62828|#1F4FD8,0.0,0.0,0.0,0.892009,0.471698,32.0,32.0,2,0,0,0,0.0,0.0,0.0,0.0,1,0,,0,0,,,,1,1.0,0,0,0,0,0,0,0,MATCH,1,2.0
SC_012_R08.png,SC,scatter,comparison,SC_012,12,8,1147,669,OK,EXACT,2,2,2,0,0,0,vermelho|azul,#C62828|#1F4FD8,#C62828|#1F4FD8,0.0,0.0,0.0,0.892009,0.471698,32.0,32.0,2,0,0,0,0.0,0.0,0.0,0.0,1,0,,0,0,,,,1,1.0,0,0,0,0,0,0,0,MATCH,1,2.0
SC_012_R09.png,SC,scatter,comparison,SC_012,12,9,1147,669,OK,EXACT,2,2,2,0,0,0,vermelho|azul,#C62828|#1F4FD8,#C62828|#1F4FD8,0.0,0.0,0.0,0.892009,0.471698,32.0,32.0,2,0,0,0,0.0,0.0,0.0,0.0,1,0,,0,0,,,,1,1.0,0,0,0,0,0,0,0,MATCH,1,2.0
SC_012_R10.png,SC,scatter,comparison,SC_012,12,10,1147,669,OK,EXACT,2,2,2,0,0,0,vermelho|azul,#C62828|#1F4FD8,#C62828|#1F4FD8,0.0,0.0,0.0,0.892009,0.471698,32.0,32.0,2,0,0,0,0.0,0.0,0.0,0.0,1,0,,0,0,,,,1,1.0,0,0,0,0,0,0,0,MATCH,1,2.0
SC_013_R01.png,SC,scatter,comparison,SC_013,13,1,1111,671,OK,EXACT,2,2,2,0,0,0,vermelho|azul,#C62828|#1F4FD8,#C62828|#1F4FD8,0.0,0.0,0.0,0.893232,0.595238,35.0,35.0,2,0,0,0,0.0,0.0,0.0,0.0,3,0,,0,0,,,,1,1.0,0,0,0,0,0,0,0,MATCH,1,2.0
SC_013_R02.png,SC,scatter,comparison,SC_013,13,2,1147,669,OK,EXACT,2,2,2,0,0,0,vermelho|azul,#C62828|#1F4FD8,#C62828|#1F4FD8,0.0,0.0,0.0,0.892009,0.471698,32.0,32.0,2,0,0,0,0.0,0.0,0.0,0.0,1,0,,0,0,,,,1,1.0,0,0,0,0,0,0,0,MATCH,1,2.0
SC_013_R03.png,SC,scatter,comparison,SC_013,13,3,1147,669,OK,EXACT,2,2,2,0,0,0,vermelho|azul,#C62828|#1F4FD8,#C62828|#1F4FD8,0.0,0.0,0.0,0.892009,0.471698,32.0,32.0,2,0,0,0,0.0,0.0,0.0,0.0,1,0,,0,0,,,,1,1.0,0,0,0,0,0,0,0,MATCH,1,2.0
SC_013_R04.png,SC,scatter,comparison,SC_013,13,4,1147,669,OK,EXACT,2,2,2,0,0,0,vermelho|azul,#C62828|#1F4FD8,#C62828|#1F4FD8,0.0,0.0,0.0,0.892009,0.471698,32.0,32.0,2,0,0,0,0.0,0.0,0.0,0.0,1,0,,0,0,,,,1,1.0,0,0,0,0,0,0,0,MATCH,1,2.0
SC_013_R05.png,SC,scatter,comparison,SC_013,13,5,1147,669,OK,EXACT,2,2,2,0,0,0,vermelho|azul,#C62828|#1F4FD8,#C62828|#1F4FD8,0.0,0.0,0.0,0.892009,0.471698,32.0,32.0,2,0,0,0,0.0,0.0,0.0,0.0,1,0,,0,0,,,,1,1.0,0,0,0,0,0,0,0,MATCH,1,2.0
SC_013_R06.png,SC,scatter,comparison,SC_013,13,6,1147,669,OK,EXACT,2,2,2,0,0,0,vermelho|azul,#C62828|#1F4FD8,#C62828|#1F4FD8,0.0,0.0,0.0,0.892009,0.471698,32.0,32.0,2,0,0,0,0.0,0.0,0.0,0.0,1,0,,0,0,,,,1,1.0,0,0,0,0,0,0,0,MATCH,1,2.0
SC_013_R07.png,SC,scatter,comparison,SC_013,13,7,1147,669,OK,EXACT,2,2,2,0,0,0,vermelho|azul,#C62828|#1F4FD8,#C62828|#1F4FD8,0.0,0.0,0.0,0.892009,0.471698,32.0,32.0,2,0,0,0,0.0,0.0,0.0,0.0,1,0,,0,0,,,,1,1.0,0,0,0,0,0,0,0,MATCH,1,2.0
SC_013_R08.png,SC,scatter,comparison,SC_013,13,8,1147,669,OK,EXACT,2,2,2,0,0,0,vermelho|azul,#C62828|#1F4FD8,#C62828|#1F4FD8,0.0,0.0,0.0,0.892009,0.471698,32.0,32.0,2,0,0,0,0.0,0.0,0.0,0.0,1,0,,0,0,,,,1,1.0,0,0,0,0,0,0,0,MATCH,1,2.0
SC_013_R09.png,SC,scatter,comparison,SC_013,13,9,1147,669,OK,EXACT,2,2,2,0,0,0,vermelho|azul,#C62828|#1F4FD8,#C62828|#1F4FD8,0.0,0.0,0.0,0.892009,0.471698,32.0,32.0,2,0,0,0,0.0,0.0,0.0,0.0,1,0,,0,0,,,,1,1.0,0,0,0,0,0,0,0,MATCH,1,2.0
SC_013_R10.png,SC,scatter,comparison,SC_013,13,10,1147,669,OK,EXACT,2,2,2,0,0,0,vermelho|azul,#C62828|#1F4FD8,#C62828|#1F4FD8,0.0,0.0,0.0,0.892009,0.471698,32.0,32.0,2,0,0,0,0.0,0.0,0.0,0.0,1,0,,0,0,,,,1,1.0,0,0,0,0,0,0,0,MATCH,1,2.0
SC_014_R01.png,SC,scatter,comparison,SC_014,14,1,1111,671,OK,EXACT,2,2,2,0,0,0,vermelho|azul,#C62828|#1F4FD8,#C62828|#1F4FD8,0.0,0.0,0.0,0.968546,0.595238,58.0,58.0,2,0,0,0,0.0,0.0,0.0,0.0,4,0,,0,0,,,,1,1.0,0,0,0,0,0,0,0,MATCH,1,2.0
SC_014_R02.png,SC,scatter,comparison,SC_014,14,2,1016,702,OK,EXACT,2,2,2,0,0,0,vermelho|azul,#C62828|#1F4FD8,#C62828|#1F4FD8,0.0,0.0,0.0,1.0,1.0,19.0,19.0,1,0,1,0,0.0,0.0,0.0,0.0,1,0,,0,0,,,,1,1.0,0,0,0,0,0,0,0,MATCH,1,2.0
SC_014_R03.png,SC,scatter,comparison,SC_014,14,3,1016,702,OK,EXACT,2,2,2,0,0,0,vermelho|azul,#C62828|#1F4FD8,#C62828|#1F4FD8,0.0,0.0,0.0,1.0,1.0,19.0,19.0,1,0,1,0,0.0,0.0,0.0,0.0,1,0,,0,0,,,,1,1.0,0,0,0,0,0,0,0,MATCH,1,2.0
SC_014_R04.png,SC,scatter,comparison,SC_014,14,4,1016,702,OK,EXACT,2,2,2,0,0,0,vermelho|azul,#C62828|#1F4FD8,#C62828|#1F4FD8,0.0,0.0,0.0,1.0,1.0,19.0,19.0,1,0,1,0,0.0,0.0,0.0,0.0,1,0,,0,0,,,,1,1.0,0,0,0,0,0,0,0,MATCH,1,2.0
SC_014_R05.png,SC,scatter,comparison,SC_014,14,5,1016,702,OK,EXACT,2,2,2,0,0,0,vermelho|azul,#C62828|#1F4FD8,#C62828|#1F4FD8,0.0,0.0,0.0,1.0,1.0,19.0,19.0,1,0,1,0,0.0,0.0,0.0,0.0,1,0,,0,0,,,,1,1.0,0,0,0,0,0,0,0,MATCH,1,2.0
SC_014_R06.png,SC,scatter,comparison,SC_014,14,6,1016,702,OK,EXACT,2,2,2,0,0,0,vermelho|azul,#C62828|#1F4FD8,#C62828|#1F4FD8,0.0,0.0,0.0,1.0,1.0,19.0,19.0,1,0,1,0,0.0,0.0,0.0,0.0,1,0,,0,0,,,,1,1.0,0,0,0,0,0,0,0,MATCH,1,2.0
SC_014_R07.png,SC,scatter,comparison,SC_014,14,7,1016,702,OK,EXACT,2,2,2,0,0,0,vermelho|azul,#C62828|#1F4FD8,#C62828|#1F4FD8,0.0,0.0,0.0,1.0,1.0,19.0,19.0,1,0,1,0,0.0,0.0,0.0,0.0,1,0,,0,0,,,,1,1.0,0,0,0,0,0,0,0,MATCH,1,2.0
SC_014_R08.png,SC,scatter,comparison,SC_014,14,8,1016,702,OK,EXACT,2,2,2,0,0,0,vermelho|azul,#C62828|#1F4FD8,#C62828|#1F4FD8,0.0,0.0,0.0,1.0,1.0,19.0,19.0,1,0,1,0,0.0,0.0,0.0,0.0,1,0,,0,0,,,,1,1.0,0,0,0,0,0,0,0,MATCH,1,2.0
SC_014_R09.png,SC,scatter,comparison,SC_014,14,9,1016,702,OK,EXACT,2,2,2,0,0,0,vermelho|azul,#C62828|#1F4FD8,#C62828|#1F4FD8,0.0,0.0,0.0,1.0,1.0,19.0,19.0,1,0,1,0,0.0,0.0,0.0,0.0,1,0,,0,0,,,,1,1.0,0,0,0,0,0,0,0,MATCH,1,2.0
SC_014_R10.png,SC,scatter,comparison,SC_014,14,10,1016,702,OK,EXACT,2,2,2,0,0,0,vermelho|azul,#C62828|#1F4FD8,#C62828|#1F4FD8,0.0,0.0,0.0,1.0,1.0,19.0,19.0,1,0,1,0,0.0,0.0,0.0,0.0,1,0,,0,0,,,,1,1.0,0,0,0,0,0,0,0,MATCH,1,2.0
SC_015_R01.png,SC,scatter,comparison,SC_015,15,1,1111,671,OK,EXACT,2,2,2,0,0,0,vermelho|azul,#C62828|#1F4FD8,#C62828|#1F4FD8,0.0,0.0,0.0,0.893232,0.595238,35.0,35.0,2,0,0,0,0.0,0.0,0.0,0.0,3,0,,0,0,,,,1,1.0,0,0,0,0,0,0,0,MATCH,1,2.0
SC_015_R02.png,SC,scatter,comparison,SC_015,15,2,1111,671,OK,EXACT,2,2,2,0,0,0,vermelho|azul,#C62828|#1F4FD8,#C62828|#1F4FD8,0.0,0.0,0.0,0.840673,0.136364,37.0,37.0,2,0,0,0,0.303863,0.0,0.0,6.057723,3,0,,0,0,,,,1,1.0,0,0,0,0,0,0,0,MATCH,1,2.0
SC_015_R03.png,SC,scatter,comparison,SC_015,15,3,1111,671,OK,EXACT,2,2,2,0,0,0,vermelho|azul,#C62828|#1F4FD8,#C62828|#1F4FD8,0.0,0.0,0.0,0.840673,0.136364,37.0,37.0,2,0,0,0,0.303863,0.0,0.0,6.057723,3,0,,0,0,,,,1,1.0,0,0,0,0,0,0,0,MATCH,1,2.0
SC_015_R04.png,SC,scatter,comparison,SC_015,15,4,1111,671,OK,EXACT,2,2,2,0,0,0,vermelho|azul,#C62828|#1F4FD8,#C62828|#1F4FD8,0.0,0.0,0.0,0.840673,0.136364,37.0,37.0,2,0,0,0,0.303863,0.0,0.0,6.057723,3,0,,0,0,,,,1,1.0,0,0,0,0,0,0,0,MATCH,1,2.0
SC_015_R05.png,SC,scatter,comparison,SC_015,15,5,1111,671,OK,EXACT,2,2,2,0,0,0,vermelho|azul,#C62828|#1F4FD8,#C62828|#1F4FD8,0.0,0.0,0.0,0.840673,0.136364,37.0,37.0,2,0,0,0,0.303863,0.0,0.0,6.057723,3,0,,0,0,,,,1,1.0,0,0,0,0,0,0,0,MATCH,1,2.0
SC_015_R06.png,SC,scatter,comparison,SC_015,15,6,1111,671,OK,EXACT,2,2,2,0,0,0,vermelho|azul,#C62828|#1F4FD8,#C62828|#1F4FD8,0.0,0.0,0.0,0.840673,0.136364,37.0,37.0,2,0,0,0,0.303863,0.0,0.0,6.057723,3,0,,0,0,,,,1,1.0,0,0,0,0,0,0,0,MATCH,1,2.0
SC_015_R07.png,SC,scatter,comparison,SC_015,15,7,1111,671,OK,EXACT,2,2,2,0,0,0,vermelho|azul,#C62828|#1F4FD8,#C62828|#1F4FD8,0.0,0.0,0.0,0.840673,0.136364,37.0,37.0,2,0,0,0,0.303863,0.0,0.0,6.057723,3,0,,0,0,,,,1,1.0,0,0,0,0,0,0,0,MATCH,1,2.0
SC_015_R08.png,SC,scatter,comparison,SC_015,15,8,1111,671,OK,EXACT,2,2,2,0,0,0,vermelho|azul,#C62828|#1F4FD8,#C62828|#1F4FD8,0.0,0.0,0.0,0.840673,0.136364,37.0,37.0,2,0,0,0,0.303863,0.0,0.0,6.057723,3,0,,0,0,,,,1,1.0,0,0,0,0,0,0,0,MATCH,1,2.0
SC_015_R09.png,SC,scatter,comparison,SC_015,15,9,1111,671,OK,EXACT,2,2,2,0,0,0,vermelho|azul,#C62828|#1F4FD8,#C62828|#1F4FD8,0.0,0.0,0.0,0.840673,0.136364,37.0,37.0,2,0,0,0,0.303863,0.0,0.0,6.057723,3,0,,0,0,,,,1,1.0,0,0,0,0,0,0,0,MATCH,1,2.0
SC_015_R10.png,SC,scatter,comparison,SC_015,15,10,1111,671,OK,EXACT,2,2,2,0,0,0,vermelho|azul,#C62828|#1F4FD8,#C62828|#1F4FD8,0.0,0.0,0.0,0.840673,0.136364,37.0,37.0,2,0,0,0,0.303863,0.0,0.0,6.057723,3,0,,0,0,,,,1,1.0,0,0,0,0,0,0,0,MATCH,1,2.0
SC_016_R01.png,SC,scatter,comparison,SC_016,16,1,997,703,OK,EXACT,2,2,2,0,0,0,vermelho|azul,#C62828|#1F4FD8,#C62828|#1F4FD8,0.0,0.0,0.0,0.898776,0.581395,33.0,33.0,2,0,0,0,0.0,0.0,0.0,0.0,1,0,,0,0,,,,1,1.0,0,0,0,0,0,0,0,MATCH,1,2.0
SC_016_R02.png,SC,scatter,comparison,SC_016,16,2,1189,790,OK,EXACT,2,2,2,0,0,0,vermelho|azul,#C62828|#1F4FD8,#C62828|#1F4FD8,0.0,0.0,0.0,0.891336,0.471698,33.0,33.0,2,0,0,0,0.0,0.0,0.0,0.0,1,0,,0,0,,,,1,1.0,0,0,0,0,0,0,0,MATCH,1,2.0
SC_016_R03.png,SC,scatter,comparison,SC_016,16,3,1189,790,OK,EXACT,2,2,2,0,0,0,vermelho|azul,#C62828|#1F4FD8,#C62828|#1F4FD8,0.0,0.0,0.0,0.891336,0.471698,33.0,33.0,2,0,0,0,0.0,0.0,0.0,0.0,1,0,,0,0,,,,1,1.0,0,0,0,0,0,0,0,MATCH,1,2.0
SC_016_R04.png,SC,scatter,comparison,SC_016,16,4,1189,790,OK,EXACT,2,2,2,0,0,0,vermelho|azul,#C62828|#1F4FD8,#C62828|#1F4FD8,0.0,0.0,0.0,0.891336,0.471698,33.0,33.0,2,0,0,0,0.0,0.0,0.0,0.0,1,0,,0,0,,,,1,1.0,0,0,0,0,0,0,0,MATCH,1,2.0
SC_016_R05.png,SC,scatter,comparison,SC_016,16,5,1189,790,OK,EXACT,2,2,2,0,0,0,vermelho|azul,#C62828|#1F4FD8,#C62828|#1F4FD8,0.0,0.0,0.0,0.891336,0.471698,33.0,33.0,2,0,0,0,0.0,0.0,0.0,0.0,1,0,,0,0,,,,1,1.0,0,0,0,0,0,0,0,MATCH,1,2.0
SC_016_R06.png,SC,scatter,comparison,SC_016,16,6,1189,790,OK,EXACT,2,2,2,0,0,0,vermelho|azul,#C62828|#1F4FD8,#C62828|#1F4FD8,0.0,0.0,0.0,0.891336,0.471698,33.0,33.0,2,0,0,0,0.0,0.0,0.0,0.0,1,0,,0,0,,,,1,1.0,0,0,0,0,0,0,0,MATCH,1,2.0
SC_016_R07.png,SC,scatter,comparison,SC_016,16,7,1189,790,OK,EXACT,2,2,2,0,0,0,vermelho|azul,#C62828|#1F4FD8,#C62828|#1F4FD8,0.0,0.0,0.0,0.891336,0.471698,33.0,33.0,2,0,0,0,0.0,0.0,0.0,0.0,1,0,,0,0,,,,1,1.0,0,0,0,0,0,0,0,MATCH,1,2.0
SC_016_R08.png,SC,scatter,comparison,SC_016,16,8,1189,790,OK,EXACT,2,2,2,0,0,0,vermelho|azul,#C62828|#1F4FD8,#C62828|#1F4FD8,0.0,0.0,0.0,0.891336,0.471698,33.0,33.0,2,0,0,0,0.0,0.0,0.0,0.0,1,0,,0,0,,,,1,1.0,0,0,0,0,0,0,0,MATCH,1,2.0
SC_016_R09.png,SC,scatter,comparison,SC_016,16,9,1189,790,OK,EXACT,2,2,2,0,0,0,vermelho|azul,#C62828|#1F4FD8,#C62828|#1F4FD8,0.0,0.0,0.0,0.891336,0.471698,33.0,33.0,2,0,0,0,0.0,0.0,0.0,0.0,1,0,,0,0,,,,1,1.0,0,0,0,0,0,0,0,MATCH,1,2.0
SC_016_R10.png,SC,scatter,comparison,SC_016,16,10,1189,790,OK,EXACT,2,2,2,0,0,0,vermelho|azul,#C62828|#1F4FD8,#C62828|#1F4FD8,0.0,0.0,0.0,0.891336,0.471698,33.0,33.0,2,0,0,0,0.0,0.0,0.0,0.0,1,0,,0,0,,,,1,1.0,0,0,0,0,0,0,0,MATCH,1,2.0
SC_017_R01.png,SC,scatter,comparison,SC_017,17,1,1189,790,OK,EXACT,2,2,2,0,0,0,vermelho|azul,#C62828|#1F4FD8,#C62828|#1F4FD8,0.0,0.0,0.0,1.0,1.0,22.0,22.0,2,0,0,0,0.0,0.0,0.0,0.0,0,0,,0,0,,,,1,1.0,0,0,0,0,0,0,0,MATCH,1,2.0
SC_017_R02.png,SC,scatter,comparison,SC_017,17,2,1200,800,OK,EXACT,2,2,2,0,0,0,vermelho|azul,#C62828|#1F4FD8,#C62828|#1F4FD8,0.0,0.0,0.0,0.991517,0.757576,33.0,33.0,1,0,1,0,0.0,0.0,0.0,0.0,1,0,,0,0,,,,1,1.0,0,0,0,0,0,0,0,MATCH,1,2.0
SC_017_R03.png,SC,scatter,comparison,SC_017,17,3,1200,800,OK,EXACT,2,2,2,0,0,0,vermelho|azul,#C62828|#1F4FD8,#C62828|#1F4FD8,0.0,0.0,0.0,0.792758,0.470588,18.0,18.0,2,0,0,0,0.0,0.0,0.0,0.0,0,0,,0,0,,,,1,1.0,0,0,0,0,0,0,0,MATCH,1,2.0
SC_017_R04.png,SC,scatter,comparison,SC_017,17,4,1200,800,OK,MISSING,2,1,1,0,1,1,vermelho|azul,#C62828|#1F4FD8,#1F4FD8,0.0,0.0,0.0,1.0,1.0,4.0,4.0,1,0,0,0,0.0,0.0,0.0,0.0,0,0,,0,0,,,,1,1.0,0,1,0,0,0,0,0,MISSING_COLOR,0,2.0
SC_017_R05.png,SC,scatter,comparison,SC_017,17,5,1200,800,OK,MISSING,2,1,1,0,1,1,vermelho|azul,#C62828|#1F4FD8,#1F4FD8,0.0,0.0,0.0,0.696093,0.454545,6.0,6.0,1,0,0,0,0.0,0.0,0.0,0.0,0,0,,0,0,,,,1,1.0,0,1,0,0,0,0,0,MISSING_COLOR,0,2.0
SC_017_R06.png,SC,scatter,comparison,SC_017,17,6,1200,800,OK,EXACT,2,2,2,0,0,0,vermelho|azul,#C62828|#1F4FD8,#C62828|#1F4FD8,0.0,0.0,0.0,0.947059,0.735294,10.0,10.0,1,0,1,0,0.0,0.0,0.0,0.0,0,0,,0,0,,,,1,1.0,0,0,0,0,0,0,0,MATCH,1,2.0
SC_017_R07.png,SC,scatter,comparison,SC_017,17,7,1200,800,OK,MISSING,2,1,1,0,1,1,vermelho|azul,#C62828|#1F4FD8,#1F4FD8,0.0,0.0,0.0,0.97561,0.780488,9.0,9.0,1,0,0,0,0.0,0.0,0.0,0.0,0,0,,0,0,,,,1,1.0,0,1,0,0,0,0,0,MISSING_COLOR,0,2.0
SC_017_R08.png,SC,scatter,comparison,SC_017,17,8,1200,800,OK,MISSING,2,1,1,0,1,1,vermelho|azul,#C62828|#1F4FD8,#1F4FD8,0.0,0.0,0.0,1.0,1.0,1.0,1.0,0,0,1,0,0.0,0.0,0.0,0.0,0,0,,0,0,,,,1,1.0,0,1,0,0,0,0,0,MISSING_COLOR,0,2.0
SC_017_R09.png,SC,scatter,comparison,SC_017,17,9,1200,800,OK,EXACT,2,2,2,0,0,0,vermelho|azul,#C62828|#1F4FD8,#C62828|#1F4FD8,0.0,0.0,0.0,0.974693,0.609756,25.0,25.0,1,0,1,0,0.0,0.0,0.0,0.0,0,0,,0,0,,,,1,1.0,0,0,0,0,0,0,0,MATCH,1,2.0
SC_017_R10.png,SC,scatter,comparison,SC_017,17,10,1200,800,OK,EXACT,2,2,2,0,0,0,vermelho|azul,#C62828|#1F4FD8,#C62828|#1F4FD8,0.0,0.0,0.0,0.959596,0.757576,6.0,6.0,1,0,1,0,0.0,0.0,0.0,0.0,0,0,,0,0,,,,1,1.0,0,0,0,0,0,0,0,MATCH,1,2.0
SC_018_R01.png,SC,scatter,comparison,SC_018,18,1,1189,790,OK,EXACT,2,2,2,0,0,0,vermelho|azul,#C62828|#1F4FD8,#C62828|#1F4FD8,0.0,0.0,0.0,0.933349,0.578313,25.0,25.0,2,0,0,0,0.0,0.0,0.0,0.0,2,0,,0,0,,,,1,1.0,0,0,0,0,0,0,0,MATCH,1,2.0
SC_018_R02.png,SC,scatter,comparison,SC_018,18,2,1330,669,OK,EXACT,2,2,2,0,0,0,vermelho|azul,#C62828|#1F4FD8,#C62828|#1F4FD8,0.0,0.0,0.0,0.90055,0.595238,33.0,33.0,2,0,0,0,0.0,0.0,0.0,0.0,1,0,,0,0,,,,1,1.0,0,0,0,0,0,0,0,MATCH,1,2.0
SC_018_R03.png,SC,scatter,comparison,SC_018,18,3,1330,669,OK,EXACT,2,2,2,0,0,0,vermelho|azul,#C62828|#1F4FD8,#C62828|#1F4FD8,0.0,0.0,0.0,0.90055,0.595238,33.0,33.0,2,0,0,0,0.0,0.0,0.0,0.0,1,0,,0,0,,,,1,1.0,0,0,0,0,0,0,0,MATCH,1,2.0
SC_018_R04.png,SC,scatter,comparison,SC_018,18,4,1330,669,OK,EXACT,2,2,2,0,0,0,vermelho|azul,#C62828|#1F4FD8,#C62828|#1F4FD8,0.0,0.0,0.0,0.90055,0.595238,33.0,33.0,2,0,0,0,0.0,0.0,0.0,0.0,1,0,,0,0,,,,1,1.0,0,0,0,0,0,0,0,MATCH,1,2.0
SC_018_R05.png,SC,scatter,comparison,SC_018,18,5,1330,669,OK,EXACT,2,2,2,0,0,0,vermelho|azul,#C62828|#1F4FD8,#C62828|#1F4FD8,0.0,0.0,0.0,0.90055,0.595238,33.0,33.0,2,0,0,0,0.0,0.0,0.0,0.0,1,0,,0,0,,,,1,1.0,0,0,0,0,0,0,0,MATCH,1,2.0
SC_018_R06.png,SC,scatter,comparison,SC_018,18,6,1330,669,OK,EXACT,2,2,2,0,0,0,vermelho|azul,#C62828|#1F4FD8,#C62828|#1F4FD8,0.0,0.0,0.0,0.90055,0.595238,33.0,33.0,2,0,0,0,0.0,0.0,0.0,0.0,1,0,,0,0,,,,1,1.0,0,0,0,0,0,0,0,MATCH,1,2.0
SC_018_R07.png,SC,scatter,comparison,SC_018,18,7,1330,669,OK,EXACT,2,2,2,0,0,0,vermelho|azul,#C62828|#1F4FD8,#C62828|#1F4FD8,0.0,0.0,0.0,0.90055,0.595238,33.0,33.0,2,0,0,0,0.0,0.0,0.0,0.0,1,0,,0,0,,,,1,1.0,0,0,0,0,0,0,0,MATCH,1,2.0
SC_018_R08.png,SC,scatter,comparison,SC_018,18,8,1330,669,OK,EXACT,2,2,2,0,0,0,vermelho|azul,#C62828|#1F4FD8,#C62828|#1F4FD8,0.0,0.0,0.0,0.90055,0.595238,33.0,33.0,2,0,0,0,0.0,0.0,0.0,0.0,1,0,,0,0,,,,1,1.0,0,0,0,0,0,0,0,MATCH,1,2.0
SC_018_R09.png,SC,scatter,comparison,SC_018,18,9,1330,669,OK,EXACT,2,2,2,0,0,0,vermelho|azul,#C62828|#1F4FD8,#C62828|#1F4FD8,0.0,0.0,0.0,0.90055,0.595238,33.0,33.0,2,0,0,0,0.0,0.0,0.0,0.0,1,0,,0,0,,,,1,1.0,0,0,0,0,0,0,0,MATCH,1,2.0
SC_018_R10.png,SC,scatter,comparison,SC_018,18,10,1330,669,OK,EXACT,2,2,2,0,0,0,vermelho|azul,#C62828|#1F4FD8,#C62828|#1F4FD8,0.0,0.0,0.0,0.90055,0.595238,33.0,33.0,2,0,0,0,0.0,0.0,0.0,0.0,1,0,,0,0,,,,1,1.0,0,0,0,0,0,0,0,MATCH,1,2.0
SC_019_R01.png,SC,scatter,comparison,SC_019,19,1,1200,800,OK,EXACT,2,2,2,0,0,0,vermelho|azul,#C62828|#1F4FD8,#EF6C00|#1F4FD8,11.952469,11.952469,23.904938,0.986828,0.720588,59.0,59.0,2,0,0,0,10.939548,0.0,23.904938,23.904938,5,0,,0,0,,,,1,0.0,1,0,0,0,0,0,0,COLOR_DEVIATION,0,2.0
SC_019_R02.png,SC,scatter,comparison,SC_019,19,2,1200,800,OK,EXACT,2,2,2,0,0,0,vermelho|azul,#C62828|#1F4FD8,#8B4513|#1F4FD8,8.590321,8.590321,17.180641,0.835868,0.40625,35.0,35.0,2,0,0,0,5.890505,0.0,17.180641,17.180641,1,0,,0,0,,,,1,0.0,1,0,0,0,0,0,0,COLOR_DEVIATION,0,2.0
SC_019_R03.png,SC,scatter,comparison,SC_019,19,3,1200,800,OK,EXACT,2,2,2,0,0,0,vermelho|azul,#C62828|#1F4FD8,#8B4513|#1F4FD8,8.590321,8.590321,17.180641,0.835868,0.40625,35.0,35.0,2,0,0,0,5.890505,0.0,17.180641,17.180641,1,0,,0,0,,,,1,0.0,1,0,0,0,0,0,0,COLOR_DEVIATION,0,2.0
SC_019_R04.png,SC,scatter,comparison,SC_019,19,4,1200,800,OK,EXACT,2,2,2,0,0,0,vermelho|azul,#C62828|#1F4FD8,#8B4513|#1F4FD8,8.590321,8.590321,17.180641,0.835868,0.40625,35.0,35.0,2,0,0,0,5.890505,0.0,17.180641,17.180641,1,0,,0,0,,,,1,0.0,1,0,0,0,0,0,0,COLOR_DEVIATION,0,2.0
SC_019_R05.png,SC,scatter,comparison,SC_019,19,5,1200,800,OK,EXACT,2,2,2,0,0,0,vermelho|azul,#C62828|#1F4FD8,#8B4513|#1F4FD8,8.590321,8.590321,17.180641,0.835868,0.40625,35.0,35.0,2,0,0,0,5.890505,0.0,17.180641,17.180641,1,0,,0,0,,,,1,0.0,1,0,0,0,0,0,0,COLOR_DEVIATION,0,2.0
SC_019_R06.png,SC,scatter,comparison,SC_019,19,6,1200,800,OK,EXACT,2,2,2,0,0,0,vermelho|azul,#C62828|#1F4FD8,#8B4513|#1F4FD8,8.590321,8.590321,17.180641,0.835868,0.40625,35.0,35.0,2,0,0,0,5.890505,0.0,17.180641,17.180641,1,0,,0,0,,,,1,0.0,1,0,0,0,0,0,0,COLOR_DEVIATION,0,2.0
SC_019_R07.png,SC,scatter,comparison,SC_019,19,7,1200,800,OK,EXACT,2,2,2,0,0,0,vermelho|azul,#C62828|#1F4FD8,#8B4513|#1F4FD8,8.590321,8.590321,17.180641,0.835868,0.40625,35.0,35.0,2,0,0,0,5.890505,0.0,17.180641,17.180641,1,0,,0,0,,,,1,0.0,1,0,0,0,0,0,0,COLOR_DEVIATION,0,2.0
SC_019_R08.png,SC,scatter,comparison,SC_019,19,8,1200,800,OK,EXACT,2,2,2,0,0,0,vermelho|azul,#C62828|#1F4FD8,#8B4513|#1F4FD8,8.590321,8.590321,17.180641,0.835868,0.40625,35.0,35.0,2,0,0,0,5.890505,0.0,17.180641,17.180641,1,0,,0,0,,,,1,0.0,1,0,0,0,0,0,0,COLOR_DEVIATION,0,2.0
SC_019_R09.png,SC,scatter,comparison,SC_019,19,9,1200,800,OK,EXACT,2,2,2,0,0,0,vermelho|azul,#C62828|#1F4FD8,#8B4513|#1F4FD8,8.590321,8.590321,17.180641,0.835868,0.40625,35.0,35.0,2,0,0,0,5.890505,0.0,17.180641,17.180641,1,0,,0,0,,,,1,0.0,1,0,0,0,0,0,0,COLOR_DEVIATION,0,2.0
SC_019_R10.png,SC,scatter,comparison,SC_019,19,10,1200,800,OK,EXACT,2,2,2,0,0,0,vermelho|azul,#C62828|#1F4FD8,#8B4513|#1F4FD8,8.590321,8.590321,17.180641,0.835868,0.40625,35.0,35.0,2,0,0,0,5.890505,0.0,17.180641,17.180641,1,0,,0,0,,,,1,0.0,1,0,0,0,0,0,0,COLOR_DEVIATION,0,2.0
SC_020_R01.png,SC,scatter,comparison,SC_020,20,1,1331,671,OK,EXACT,2,2,2,0,0,0,vermelho|azul,#C62828|#1F4FD8,#C62828|#1F4FD8,0.0,0.0,0.0,0.886762,0.595238,33.0,33.0,2,0,0,0,0.0,0.0,0.0,0.0,1,0,,0,0,,,,1,1.0,0,0,0,0,0,0,0,MATCH,1,2.0
SC_020_R02.png,SC,scatter,comparison,SC_020,20,2,1200,800,OK,EXACT,2,2,2,0,0,0,vermelho|azul,#C62828|#1F4FD8,#C62828|#1F4FD8,0.0,0.0,0.0,0.941751,0.469136,34.0,34.0,2,0,0,0,0.0,0.0,0.0,0.0,1,0,,0,0,,,,1,1.0,0,0,0,0,0,0,0,MATCH,1,2.0
SC_020_R03.png,SC,scatter,comparison,SC_020,20,3,1200,800,OK,EXACT,2,2,2,0,0,0,vermelho|azul,#C62828|#1F4FD8,#C62828|#1F4FD8,0.0,0.0,0.0,0.941751,0.469136,34.0,34.0,2,0,0,0,0.0,0.0,0.0,0.0,1,0,,0,0,,,,1,1.0,0,0,0,0,0,0,0,MATCH,1,2.0
SC_020_R04.png,SC,scatter,comparison,SC_020,20,4,1200,800,OK,EXACT,2,2,2,0,0,0,vermelho|azul,#C62828|#1F4FD8,#C62828|#1F4FD8,0.0,0.0,0.0,0.941751,0.469136,34.0,34.0,2,0,0,0,0.0,0.0,0.0,0.0,1,0,,0,0,,,,1,1.0,0,0,0,0,0,0,0,MATCH,1,2.0
SC_020_R05.png,SC,scatter,comparison,SC_020,20,5,1200,800,OK,EXACT,2,2,2,0,0,0,vermelho|azul,#C62828|#1F4FD8,#C62828|#1F4FD8,0.0,0.0,0.0,0.941751,0.469136,34.0,34.0,2,0,0,0,0.0,0.0,0.0,0.0,1,0,,0,0,,,,1,1.0,0,0,0,0,0,0,0,MATCH,1,2.0
SC_020_R06.png,SC,scatter,comparison,SC_020,20,6,1200,800,OK,EXACT,2,2,2,0,0,0,vermelho|azul,#C62828|#1F4FD8,#C62828|#1F4FD8,0.0,0.0,0.0,0.941751,0.469136,34.0,34.0,2,0,0,0,0.0,0.0,0.0,0.0,1,0,,0,0,,,,1,1.0,0,0,0,0,0,0,0,MATCH,1,2.0
SC_020_R07.png,SC,scatter,comparison,SC_020,20,7,1200,800,OK,EXACT,2,2,2,0,0,0,vermelho|azul,#C62828|#1F4FD8,#C62828|#1F4FD8,0.0,0.0,0.0,0.941751,0.469136,34.0,34.0,2,0,0,0,0.0,0.0,0.0,0.0,1,0,,0,0,,,,1,1.0,0,0,0,0,0,0,0,MATCH,1,2.0
SC_020_R08.png,SC,scatter,comparison,SC_020,20,8,1200,800,OK,EXACT,2,2,2,0,0,0,vermelho|azul,#C62828|#1F4FD8,#C62828|#1F4FD8,0.0,0.0,0.0,0.941751,0.469136,34.0,34.0,2,0,0,0,0.0,0.0,0.0,0.0,1,0,,0,0,,,,1,1.0,0,0,0,0,0,0,0,MATCH,1,2.0
SC_020_R09.png,SC,scatter,comparison,SC_020,20,9,1200,800,OK,EXACT,2,2,2,0,0,0,vermelho|azul,#C62828|#1F4FD8,#C62828|#1F4FD8,0.0,0.0,0.0,0.941751,0.469136,34.0,34.0,2,0,0,0,0.0,0.0,0.0,0.0,1,0,,0,0,,,,1,1.0,0,0,0,0,0,0,0,MATCH,1,2.0
SC_020_R10.png,SC,scatter,comparison,SC_020,20,10,1200,800,OK,EXACT,2,2,2,0,0,0,vermelho|azul,#C62828|#1F4FD8,#C62828|#1F4FD8,0.0,0.0,0.0,0.941751,0.469136,34.0,34.0,2,0,0,0,0.0,0.0,0.0,0.0,1,0,,0,0,,,,1,1.0,0,0,0,0,0,0,0,MATCH,1,2.0
SC_021_R01.png,SC,scatter,comparison,SC_021,21,1,1331,671,OK,EXACT,2,2,2,0,0,0,vermelho|azul,#C62828|#1F4FD8,#C62828|#1F4FD8,0.0,0.0,0.0,0.886762,0.595238,33.0,33.0,2,0,0,0,0.0,0.0,0.0,0.0,1,0,,0,0,,,,1,1.0,0,0,0,0,0,0,0,MATCH,1,2.0
SC_021_R02.png,SC,scatter,comparison,SC_021,21,2,1148,671,OK,EXACT,2,2,2,0,0,0,vermelho|azul,#C62828|#1F4FD8,#C62828|#1F4FD8,0.0,0.0,0.0,0.892009,0.471698,32.0,32.0,2,0,0,0,0.0,0.0,0.0,0.0,1,0,,0,0,,,,1,1.0,0,0,0,0,0,0,0,MATCH,1,2.0
SC_021_R03.png,SC,scatter,comparison,SC_021,21,3,1148,671,OK,EXACT,2,2,2,0,0,0,vermelho|azul,#C62828|#1F4FD8,#C62828|#1F4FD8,0.0,0.0,0.0,0.892009,0.471698,32.0,32.0,2,0,0,0,0.0,0.0,0.0,0.0,1,0,,0,0,,,,1,1.0,0,0,0,0,0,0,0,MATCH,1,2.0
SC_021_R04.png,SC,scatter,comparison,SC_021,21,4,1148,671,OK,EXACT,2,2,2,0,0,0,vermelho|azul,#C62828|#1F4FD8,#C62828|#1F4FD8,0.0,0.0,0.0,0.892009,0.471698,32.0,32.0,2,0,0,0,0.0,0.0,0.0,0.0,1,0,,0,0,,,,1,1.0,0,0,0,0,0,0,0,MATCH,1,2.0
SC_021_R05.png,SC,scatter,comparison,SC_021,21,5,1148,671,OK,EXACT,2,2,2,0,0,0,vermelho|azul,#C62828|#1F4FD8,#C62828|#1F4FD8,0.0,0.0,0.0,0.892009,0.471698,32.0,32.0,2,0,0,0,0.0,0.0,0.0,0.0,1,0,,0,0,,,,1,1.0,0,0,0,0,0,0,0,MATCH,1,2.0
SC_021_R06.png,SC,scatter,comparison,SC_021,21,6,1148,671,OK,EXACT,2,2,2,0,0,0,vermelho|azul,#C62828|#1F4FD8,#C62828|#1F4FD8,0.0,0.0,0.0,0.892009,0.471698,32.0,32.0,2,0,0,0,0.0,0.0,0.0,0.0,1,0,,0,0,,,,1,1.0,0,0,0,0,0,0,0,MATCH,1,2.0
SC_021_R07.png,SC,scatter,comparison,SC_021,21,7,1148,671,OK,EXACT,2,2,2,0,0,0,vermelho|azul,#C62828|#1F4FD8,#C62828|#1F4FD8,0.0,0.0,0.0,0.892009,0.471698,32.0,32.0,2,0,0,0,0.0,0.0,0.0,0.0,1,0,,0,0,,,,1,1.0,0,0,0,0,0,0,0,MATCH,1,2.0
SC_021_R08.png,SC,scatter,comparison,SC_021,21,8,1148,671,OK,EXACT,2,2,2,0,0,0,vermelho|azul,#C62828|#1F4FD8,#C62828|#1F4FD8,0.0,0.0,0.0,0.892009,0.471698,32.0,32.0,2,0,0,0,0.0,0.0,0.0,0.0,1,0,,0,0,,,,1,1.0,0,0,0,0,0,0,0,MATCH,1,2.0
SC_021_R09.png,SC,scatter,comparison,SC_021,21,9,1148,671,OK,EXACT,2,2,2,0,0,0,vermelho|azul,#C62828|#1F4FD8,#C62828|#1F4FD8,0.0,0.0,0.0,0.892009,0.471698,32.0,32.0,2,0,0,0,0.0,0.0,0.0,0.0,1,0,,0,0,,,,1,1.0,0,0,0,0,0,0,0,MATCH,1,2.0
SC_021_R10.png,SC,scatter,comparison,SC_021,21,10,1148,671,OK,EXACT,2,2,2,0,0,0,vermelho|azul,#C62828|#1F4FD8,#C62828|#1F4FD8,0.0,0.0,0.0,0.892009,0.471698,32.0,32.0,2,0,0,0,0.0,0.0,0.0,0.0,1,0,,0,0,,,,1,1.0,0,0,0,0,0,0,0,MATCH,1,2.0
SC_022_R01.png,SC,scatter,comparison,SC_022,22,1,1111,671,OK,EXACT,2,2,2,0,0,0,vermelho|azul,#C62828|#1F4FD8,#C62828|#1F4FD8,0.0,0.0,0.0,0.929694,0.405405,35.0,35.0,2,0,0,0,0.0,0.0,0.0,0.0,3,0,,0,0,,,,1,1.0,0,0,0,0,0,0,0,MATCH,1,2.0
SC_022_R02.png,SC,scatter,comparison,SC_022,22,2,997,703,OK,EXACT,2,2,2,0,0,0,vermelho|azul,#C62828|#1F4FD8,#C62828|#1F4FD8,0.0,0.0,0.0,0.952367,0.503632,55.0,55.0,2,0,0,0,0.0,0.0,0.0,0.0,5,0,,0,0,,,,1,1.0,0,0,0,0,0,0,0,MATCH,1,2.0
SC_022_R03.png,SC,scatter,comparison,SC_022,22,3,997,703,OK,EXACT,2,2,2,0,0,0,vermelho|azul,#C62828|#1F4FD8,#C62828|#1F4FD8,0.0,0.0,0.0,0.952367,0.503632,55.0,55.0,2,0,0,0,0.0,0.0,0.0,0.0,5,0,,0,0,,,,1,1.0,0,0,0,0,0,0,0,MATCH,1,2.0
SC_022_R04.png,SC,scatter,comparison,SC_022,22,4,997,703,OK,EXACT,2,2,2,0,0,0,vermelho|azul,#C62828|#1F4FD8,#C62828|#1F4FD8,0.0,0.0,0.0,0.952367,0.503632,55.0,55.0,2,0,0,0,0.0,0.0,0.0,0.0,5,0,,0,0,,,,1,1.0,0,0,0,0,0,0,0,MATCH,1,2.0
SC_022_R05.png,SC,scatter,comparison,SC_022,22,5,997,703,OK,EXACT,2,2,2,0,0,0,vermelho|azul,#C62828|#1F4FD8,#C62828|#1F4FD8,0.0,0.0,0.0,0.952367,0.503632,55.0,55.0,2,0,0,0,0.0,0.0,0.0,0.0,5,0,,0,0,,,,1,1.0,0,0,0,0,0,0,0,MATCH,1,2.0
SC_022_R06.png,SC,scatter,comparison,SC_022,22,6,997,703,OK,EXACT,2,2,2,0,0,0,vermelho|azul,#C62828|#1F4FD8,#C62828|#1F4FD8,0.0,0.0,0.0,0.952367,0.503632,55.0,55.0,2,0,0,0,0.0,0.0,0.0,0.0,5,0,,0,0,,,,1,1.0,0,0,0,0,0,0,0,MATCH,1,2.0
SC_022_R07.png,SC,scatter,comparison,SC_022,22,7,997,703,OK,EXACT,2,2,2,0,0,0,vermelho|azul,#C62828|#1F4FD8,#C62828|#1F4FD8,0.0,0.0,0.0,0.952367,0.503632,55.0,55.0,2,0,0,0,0.0,0.0,0.0,0.0,5,0,,0,0,,,,1,1.0,0,0,0,0,0,0,0,MATCH,1,2.0
SC_022_R08.png,SC,scatter,comparison,SC_022,22,8,997,703,OK,EXACT,2,2,2,0,0,0,vermelho|azul,#C62828|#1F4FD8,#C62828|#1F4FD8,0.0,0.0,0.0,0.952367,0.503632,55.0,55.0,2,0,0,0,0.0,0.0,0.0,0.0,5,0,,0,0,,,,1,1.0,0,0,0,0,0,0,0,MATCH,1,2.0
SC_022_R09.png,SC,scatter,comparison,SC_022,22,9,997,703,OK,EXACT,2,2,2,0,0,0,vermelho|azul,#C62828|#1F4FD8,#C62828|#1F4FD8,0.0,0.0,0.0,0.952367,0.503632,55.0,55.0,2,0,0,0,0.0,0.0,0.0,0.0,5,0,,0,0,,,,1,1.0,0,0,0,0,0,0,0,MATCH,1,2.0
SC_022_R10.png,SC,scatter,comparison,SC_022,22,10,997,703,OK,EXACT,2,2,2,0,0,0,vermelho|azul,#C62828|#1F4FD8,#C62828|#1F4FD8,0.0,0.0,0.0,0.952367,0.503632,55.0,55.0,2,0,0,0,0.0,0.0,0.0,0.0,5,0,,0,0,,,,1,1.0,0,0,0,0,0,0,0,MATCH,1,2.0
SC_023_R01.png,SC,scatter,comparison,SC_023,23,1,1200,800,OK,MISSING,2,1,1,0,1,1,vermelho|azul,#C62828|#1F4FD8,#C62828,0.0,0.0,0.0,0.943506,0.731343,27.0,27.0,1,0,0,0,0.0,0.0,0.0,0.0,1,0,,0,0,,,,1,1.0,0,1,0,0,0,0,0,MISSING_COLOR,0,2.0
SC_023_R02.png,SC,scatter,comparison,SC_023,23,2,1330,671,OK,EXACT,2,2,2,0,0,0,vermelho|azul,#C62828|#1F4FD8,#C62828|#1F4FD8,0.0,0.0,0.0,0.960063,0.532609,32.0,32.0,2,0,0,0,0.0,0.0,0.0,0.0,0,0,,0,0,,,,1,1.0,0,0,0,0,0,0,0,MATCH,1,2.0
SC_023_R03.png,SC,scatter,comparison,SC_023,23,3,1330,671,OK,EXACT,2,2,2,0,0,0,vermelho|azul,#C62828|#1F4FD8,#C62828|#1F4FD8,0.0,0.0,0.0,0.960063,0.532609,32.0,32.0,2,0,0,0,0.0,0.0,0.0,0.0,0,0,,0,0,,,,1,1.0,0,0,0,0,0,0,0,MATCH,1,2.0
SC_023_R04.png,SC,scatter,comparison,SC_023,23,4,1330,671,OK,EXACT,2,2,2,0,0,0,vermelho|azul,#C62828|#1F4FD8,#C62828|#1F4FD8,0.0,0.0,0.0,0.960063,0.532609,32.0,32.0,2,0,0,0,0.0,0.0,0.0,0.0,0,0,,0,0,,,,1,1.0,0,0,0,0,0,0,0,MATCH,1,2.0
SC_023_R05.png,SC,scatter,comparison,SC_023,23,5,1330,671,OK,EXACT,2,2,2,0,0,0,vermelho|azul,#C62828|#1F4FD8,#C62828|#1F4FD8,0.0,0.0,0.0,0.960063,0.532609,32.0,32.0,2,0,0,0,0.0,0.0,0.0,0.0,0,0,,0,0,,,,1,1.0,0,0,0,0,0,0,0,MATCH,1,2.0
SC_023_R06.png,SC,scatter,comparison,SC_023,23,6,1330,671,OK,EXACT,2,2,2,0,0,0,vermelho|azul,#C62828|#1F4FD8,#C62828|#1F4FD8,0.0,0.0,0.0,0.960063,0.532609,32.0,32.0,2,0,0,0,0.0,0.0,0.0,0.0,0,0,,0,0,,,,1,1.0,0,0,0,0,0,0,0,MATCH,1,2.0
SC_023_R07.png,SC,scatter,comparison,SC_023,23,7,1330,671,OK,EXACT,2,2,2,0,0,0,vermelho|azul,#C62828|#1F4FD8,#C62828|#1F4FD8,0.0,0.0,0.0,0.960063,0.532609,32.0,32.0,2,0,0,0,0.0,0.0,0.0,0.0,0,0,,0,0,,,,1,1.0,0,0,0,0,0,0,0,MATCH,1,2.0
SC_023_R08.png,SC,scatter,comparison,SC_023,23,8,1330,671,OK,EXACT,2,2,2,0,0,0,vermelho|azul,#C62828|#1F4FD8,#C62828|#1F4FD8,0.0,0.0,0.0,0.960063,0.532609,32.0,32.0,2,0,0,0,0.0,0.0,0.0,0.0,0,0,,0,0,,,,1,1.0,0,0,0,0,0,0,0,MATCH,1,2.0
SC_023_R09.png,SC,scatter,comparison,SC_023,23,9,1330,671,OK,EXACT,2,2,2,0,0,0,vermelho|azul,#C62828|#1F4FD8,#C62828|#1F4FD8,0.0,0.0,0.0,0.960063,0.532609,32.0,32.0,2,0,0,0,0.0,0.0,0.0,0.0,0,0,,0,0,,,,1,1.0,0,0,0,0,0,0,0,MATCH,1,2.0
SC_023_R10.png,SC,scatter,comparison,SC_023,23,10,1330,671,OK,EXACT,2,2,2,0,0,0,vermelho|azul,#C62828|#1F4FD8,#C62828|#1F4FD8,0.0,0.0,0.0,0.960063,0.532609,32.0,32.0,2,0,0,0,0.0,0.0,0.0,0.0,0,0,,0,0,,,,1,1.0,0,0,0,0,0,0,0,MATCH,1,2.0
SC_024_R01.png,SC,scatter,comparison,SC_024,24,1,1311,671,OK,EXACT,2,2,2,0,0,0,vermelho|azul,#C62828|#1F4FD8,#C62828|#1F4FD8,0.0,0.0,0.0,0.95049,0.495935,33.0,33.0,2,0,0,0,0.0,0.0,0.0,0.0,1,0,,0,0,,,,1,1.0,0,0,0,0,0,0,0,MATCH,1,2.0
SC_024_R02.png,SC,scatter,comparison,SC_024,24,2,1147,669,OK,EXACT,2,2,2,0,0,0,vermelho|azul,#C62828|#1F4FD8,#C62828|#1F4FD8,0.0,0.0,0.0,0.892009,0.471698,32.0,32.0,2,0,0,0,0.0,0.0,0.0,0.0,1,0,,0,0,,,,1,1.0,0,0,0,0,0,0,0,MATCH,1,2.0
SC_024_R03.png,SC,scatter,comparison,SC_024,24,3,1147,669,OK,EXACT,2,2,2,0,0,0,vermelho|azul,#C62828|#1F4FD8,#C62828|#1F4FD8,0.0,0.0,0.0,0.892009,0.471698,32.0,32.0,2,0,0,0,0.0,0.0,0.0,0.0,1,0,,0,0,,,,1,1.0,0,0,0,0,0,0,0,MATCH,1,2.0
SC_024_R04.png,SC,scatter,comparison,SC_024,24,4,1147,669,OK,EXACT,2,2,2,0,0,0,vermelho|azul,#C62828|#1F4FD8,#C62828|#1F4FD8,0.0,0.0,0.0,0.892009,0.471698,32.0,32.0,2,0,0,0,0.0,0.0,0.0,0.0,1,0,,0,0,,,,1,1.0,0,0,0,0,0,0,0,MATCH,1,2.0
SC_024_R05.png,SC,scatter,comparison,SC_024,24,5,1147,669,OK,EXACT,2,2,2,0,0,0,vermelho|azul,#C62828|#1F4FD8,#C62828|#1F4FD8,0.0,0.0,0.0,0.892009,0.471698,32.0,32.0,2,0,0,0,0.0,0.0,0.0,0.0,1,0,,0,0,,,,1,1.0,0,0,0,0,0,0,0,MATCH,1,2.0
SC_024_R06.png,SC,scatter,comparison,SC_024,24,6,1147,669,OK,EXACT,2,2,2,0,0,0,vermelho|azul,#C62828|#1F4FD8,#C62828|#1F4FD8,0.0,0.0,0.0,0.892009,0.471698,32.0,32.0,2,0,0,0,0.0,0.0,0.0,0.0,1,0,,0,0,,,,1,1.0,0,0,0,0,0,0,0,MATCH,1,2.0
SC_024_R07.png,SC,scatter,comparison,SC_024,24,7,1147,669,OK,EXACT,2,2,2,0,0,0,vermelho|azul,#C62828|#1F4FD8,#C62828|#1F4FD8,0.0,0.0,0.0,0.892009,0.471698,32.0,32.0,2,0,0,0,0.0,0.0,0.0,0.0,1,0,,0,0,,,,1,1.0,0,0,0,0,0,0,0,MATCH,1,2.0
SC_024_R08.png,SC,scatter,comparison,SC_024,24,8,1147,669,OK,EXACT,2,2,2,0,0,0,vermelho|azul,#C62828|#1F4FD8,#C62828|#1F4FD8,0.0,0.0,0.0,0.892009,0.471698,32.0,32.0,2,0,0,0,0.0,0.0,0.0,0.0,1,0,,0,0,,,,1,1.0,0,0,0,0,0,0,0,MATCH,1,2.0
SC_024_R09.png,SC,scatter,comparison,SC_024,24,9,1147,669,OK,EXACT,2,2,2,0,0,0,vermelho|azul,#C62828|#1F4FD8,#C62828|#1F4FD8,0.0,0.0,0.0,0.892009,0.471698,32.0,32.0,2,0,0,0,0.0,0.0,0.0,0.0,1,0,,0,0,,,,1,1.0,0,0,0,0,0,0,0,MATCH,1,2.0
SC_024_R10.png,SC,scatter,comparison,SC_024,24,10,1147,669,OK,EXACT,2,2,2,0,0,0,vermelho|azul,#C62828|#1F4FD8,#C62828|#1F4FD8,0.0,0.0,0.0,0.892009,0.471698,32.0,32.0,2,0,0,0,0.0,0.0,0.0,0.0,1,0,,0,0,,,,1,1.0,0,0,0,0,0,0,0,MATCH,1,2.0
SC_025_R01.png,SC,scatter,comparison,SC_025,25,1,1331,671,OK,EXACT,2,2,2,0,0,0,vermelho|azul,#C62828|#1F4FD8,#C62828|#1F4FD8,0.0,0.0,0.0,0.886762,0.595238,33.0,33.0,2,0,0,0,0.0,0.0,0.0,0.0,1,0,,0,0,,,,1,1.0,0,0,0,0,0,0,0,MATCH,1,2.0
SC_025_R02.png,SC,scatter,comparison,SC_025,25,2,1145,669,OK,EXACT,2,2,2,0,0,0,vermelho|azul,#C62828|#1F4FD8,#C62828|#1F4FD8,0.0,0.0,0.0,0.892009,0.471698,32.0,32.0,2,0,0,0,0.0,0.0,0.0,0.0,1,0,,0,0,,,,1,1.0,0,0,0,0,0,0,0,MATCH,1,2.0
SC_025_R03.png,SC,scatter,comparison,SC_025,25,3,1145,669,OK,EXACT,2,2,2,0,0,0,vermelho|azul,#C62828|#1F4FD8,#C62828|#1F4FD8,0.0,0.0,0.0,0.892009,0.471698,32.0,32.0,2,0,0,0,0.0,0.0,0.0,0.0,1,0,,0,0,,,,1,1.0,0,0,0,0,0,0,0,MATCH,1,2.0
SC_025_R04.png,SC,scatter,comparison,SC_025,25,4,1145,669,OK,EXACT,2,2,2,0,0,0,vermelho|azul,#C62828|#1F4FD8,#C62828|#1F4FD8,0.0,0.0,0.0,0.892009,0.471698,32.0,32.0,2,0,0,0,0.0,0.0,0.0,0.0,1,0,,0,0,,,,1,1.0,0,0,0,0,0,0,0,MATCH,1,2.0
SC_025_R05.png,SC,scatter,comparison,SC_025,25,5,1145,669,OK,EXACT,2,2,2,0,0,0,vermelho|azul,#C62828|#1F4FD8,#C62828|#1F4FD8,0.0,0.0,0.0,0.892009,0.471698,32.0,32.0,2,0,0,0,0.0,0.0,0.0,0.0,1,0,,0,0,,,,1,1.0,0,0,0,0,0,0,0,MATCH,1,2.0
SC_025_R06.png,SC,scatter,comparison,SC_025,25,6,1145,669,OK,EXACT,2,2,2,0,0,0,vermelho|azul,#C62828|#1F4FD8,#C62828|#1F4FD8,0.0,0.0,0.0,0.892009,0.471698,32.0,32.0,2,0,0,0,0.0,0.0,0.0,0.0,1,0,,0,0,,,,1,1.0,0,0,0,0,0,0,0,MATCH,1,2.0
SC_025_R07.png,SC,scatter,comparison,SC_025,25,7,1145,669,OK,EXACT,2,2,2,0,0,0,vermelho|azul,#C62828|#1F4FD8,#C62828|#1F4FD8,0.0,0.0,0.0,0.892009,0.471698,32.0,32.0,2,0,0,0,0.0,0.0,0.0,0.0,1,0,,0,0,,,,1,1.0,0,0,0,0,0,0,0,MATCH,1,2.0
SC_025_R08.png,SC,scatter,comparison,SC_025,25,8,1145,669,OK,EXACT,2,2,2,0,0,0,vermelho|azul,#C62828|#1F4FD8,#C62828|#1F4FD8,0.0,0.0,0.0,0.892009,0.471698,32.0,32.0,2,0,0,0,0.0,0.0,0.0,0.0,1,0,,0,0,,,,1,1.0,0,0,0,0,0,0,0,MATCH,1,2.0
SC_025_R09.png,SC,scatter,comparison,SC_025,25,9,1145,669,OK,EXACT,2,2,2,0,0,0,vermelho|azul,#C62828|#1F4FD8,#C62828|#1F4FD8,0.0,0.0,0.0,0.892009,0.471698,32.0,32.0,2,0,0,0,0.0,0.0,0.0,0.0,1,0,,0,0,,,,1,1.0,0,0,0,0,0,0,0,MATCH,1,2.0
SC_025_R10.png,SC,scatter,comparison,SC_025,25,10,1145,669,OK,EXACT,2,2,2,0,0,0,vermelho|azul,#C62828|#1F4FD8,#C62828|#1F4FD8,0.0,0.0,0.0,0.892009,0.471698,32.0,32.0,2,0,0,0,0.0,0.0,0.0,0.0,1,0,,0,0,,,,1,1.0,0,0,0,0,0,0,0,MATCH,1,2.0
SC_026_R01.png,SC,scatter,comparison,SC_026,26,1,1189,790,OK,EXACT,2,2,2,0,0,0,vermelho|azul,#C62828|#1F4FD8,#C62828|#1F4FD8,0.0,0.0,0.0,0.990494,0.811881,35.0,35.0,2,0,0,0,0.0,0.0,0.0,0.0,3,0,,0,0,,,,1,1.0,0,0,0,0,0,0,0,MATCH,1,2.0
SC_026_R02.png,SC,scatter,comparison,SC_026,26,2,1111,671,OK,EXACT,2,2,2,0,0,0,vermelho|azul,#C62828|#1F4FD8,#C62828|#1F4FD8,0.0,0.0,0.0,0.906233,0.595238,35.0,35.0,2,0,0,0,0.0,0.0,0.0,0.0,3,0,,0,0,,,,1,1.0,0,0,0,0,0,0,0,MATCH,1,2.0
SC_026_R03.png,SC,scatter,comparison,SC_026,26,3,1111,671,OK,EXACT,2,2,2,0,0,0,vermelho|azul,#C62828|#1F4FD8,#C62828|#1F4FD8,0.0,0.0,0.0,0.906233,0.595238,35.0,35.0,2,0,0,0,0.0,0.0,0.0,0.0,3,0,,0,0,,,,1,1.0,0,0,0,0,0,0,0,MATCH,1,2.0
SC_026_R04.png,SC,scatter,comparison,SC_026,26,4,1111,671,OK,EXACT,2,2,2,0,0,0,vermelho|azul,#C62828|#1F4FD8,#C62828|#1F4FD8,0.0,0.0,0.0,0.906233,0.595238,35.0,35.0,2,0,0,0,0.0,0.0,0.0,0.0,3,0,,0,0,,,,1,1.0,0,0,0,0,0,0,0,MATCH,1,2.0
SC_026_R05.png,SC,scatter,comparison,SC_026,26,5,1111,671,OK,EXACT,2,2,2,0,0,0,vermelho|azul,#C62828|#1F4FD8,#C62828|#1F4FD8,0.0,0.0,0.0,0.906233,0.595238,35.0,35.0,2,0,0,0,0.0,0.0,0.0,0.0,3,0,,0,0,,,,1,1.0,0,0,0,0,0,0,0,MATCH,1,2.0
SC_026_R06.png,SC,scatter,comparison,SC_026,26,6,1111,671,OK,EXACT,2,2,2,0,0,0,vermelho|azul,#C62828|#1F4FD8,#C62828|#1F4FD8,0.0,0.0,0.0,0.906233,0.595238,35.0,35.0,2,0,0,0,0.0,0.0,0.0,0.0,3,0,,0,0,,,,1,1.0,0,0,0,0,0,0,0,MATCH,1,2.0
SC_026_R07.png,SC,scatter,comparison,SC_026,26,7,1111,671,OK,EXACT,2,2,2,0,0,0,vermelho|azul,#C62828|#1F4FD8,#C62828|#1F4FD8,0.0,0.0,0.0,0.906233,0.595238,35.0,35.0,2,0,0,0,0.0,0.0,0.0,0.0,3,0,,0,0,,,,1,1.0,0,0,0,0,0,0,0,MATCH,1,2.0
SC_026_R08.png,SC,scatter,comparison,SC_026,26,8,1111,671,OK,EXACT,2,2,2,0,0,0,vermelho|azul,#C62828|#1F4FD8,#C62828|#1F4FD8,0.0,0.0,0.0,0.906233,0.595238,35.0,35.0,2,0,0,0,0.0,0.0,0.0,0.0,3,0,,0,0,,,,1,1.0,0,0,0,0,0,0,0,MATCH,1,2.0
SC_026_R09.png,SC,scatter,comparison,SC_026,26,9,1111,671,OK,EXACT,2,2,2,0,0,0,vermelho|azul,#C62828|#1F4FD8,#C62828|#1F4FD8,0.0,0.0,0.0,0.906233,0.595238,35.0,35.0,2,0,0,0,0.0,0.0,0.0,0.0,3,0,,0,0,,,,1,1.0,0,0,0,0,0,0,0,MATCH,1,2.0
SC_026_R10.png,SC,scatter,comparison,SC_026,26,10,1111,671,OK,EXACT,2,2,2,0,0,0,vermelho|azul,#C62828|#1F4FD8,#C62828|#1F4FD8,0.0,0.0,0.0,0.906233,0.595238,35.0,35.0,2,0,0,0,0.0,0.0,0.0,0.0,3,0,,0,0,,,,1,1.0,0,0,0,0,0,0,0,MATCH,1,2.0
SC_027_R01.png,SC,scatter,comparison,SC_027,27,1,1112,671,OK,EXACT,2,2,2,0,0,0,vermelho|azul,#C62828|#1F4FD8,#C62828|#1F4FD8,0.0,0.0,0.0,0.998665,0.950617,37.0,37.0,2,0,0,0,0.0,0.0,0.0,0.0,3,0,,0,0,,,,1,1.0,0,0,0,0,0,0,0,MATCH,1,2.0
SC_027_R02.png,SC,scatter,comparison,SC_027,27,2,1131,671,OK,EXACT,2,2,2,0,0,0,vermelho|azul,#C62828|#1F4FD8,#C62828|#1F4FD8,0.0,0.0,0.0,1.0,1.0,19.0,19.0,1,0,1,0,0.0,0.0,0.0,0.0,1,0,,0,0,,,,1,1.0,0,0,0,0,0,0,0,MATCH,1,2.0
SC_027_R03.png,SC,scatter,comparison,SC_027,27,3,1131,671,OK,EXACT,2,2,2,0,0,0,vermelho|azul,#C62828|#1F4FD8,#C62828|#1F4FD8,0.0,0.0,0.0,1.0,1.0,19.0,19.0,1,0,1,0,0.0,0.0,0.0,0.0,1,0,,0,0,,,,1,1.0,0,0,0,0,0,0,0,MATCH,1,2.0
SC_027_R04.png,SC,scatter,comparison,SC_027,27,4,1131,671,OK,EXACT,2,2,2,0,0,0,vermelho|azul,#C62828|#1F4FD8,#C62828|#1F4FD8,0.0,0.0,0.0,1.0,1.0,19.0,19.0,1,0,1,0,0.0,0.0,0.0,0.0,1,0,,0,0,,,,1,1.0,0,0,0,0,0,0,0,MATCH,1,2.0
SC_027_R05.png,SC,scatter,comparison,SC_027,27,5,1131,671,OK,EXACT,2,2,2,0,0,0,vermelho|azul,#C62828|#1F4FD8,#C62828|#1F4FD8,0.0,0.0,0.0,1.0,1.0,19.0,19.0,1,0,1,0,0.0,0.0,0.0,0.0,1,0,,0,0,,,,1,1.0,0,0,0,0,0,0,0,MATCH,1,2.0
SC_027_R06.png,SC,scatter,comparison,SC_027,27,6,1131,671,OK,EXACT,2,2,2,0,0,0,vermelho|azul,#C62828|#1F4FD8,#C62828|#1F4FD8,0.0,0.0,0.0,1.0,1.0,19.0,19.0,1,0,1,0,0.0,0.0,0.0,0.0,1,0,,0,0,,,,1,1.0,0,0,0,0,0,0,0,MATCH,1,2.0
SC_027_R07.png,SC,scatter,comparison,SC_027,27,7,1131,671,OK,EXACT,2,2,2,0,0,0,vermelho|azul,#C62828|#1F4FD8,#C62828|#1F4FD8,0.0,0.0,0.0,1.0,1.0,19.0,19.0,1,0,1,0,0.0,0.0,0.0,0.0,1,0,,0,0,,,,1,1.0,0,0,0,0,0,0,0,MATCH,1,2.0
SC_027_R08.png,SC,scatter,comparison,SC_027,27,8,1131,671,OK,EXACT,2,2,2,0,0,0,vermelho|azul,#C62828|#1F4FD8,#C62828|#1F4FD8,0.0,0.0,0.0,1.0,1.0,19.0,19.0,1,0,1,0,0.0,0.0,0.0,0.0,1,0,,0,0,,,,1,1.0,0,0,0,0,0,0,0,MATCH,1,2.0
SC_027_R09.png,SC,scatter,comparison,SC_027,27,9,1131,671,OK,EXACT,2,2,2,0,0,0,vermelho|azul,#C62828|#1F4FD8,#C62828|#1F4FD8,0.0,0.0,0.0,1.0,1.0,19.0,19.0,1,0,1,0,0.0,0.0,0.0,0.0,1,0,,0,0,,,,1,1.0,0,0,0,0,0,0,0,MATCH,1,2.0
SC_027_R10.png,SC,scatter,comparison,SC_027,27,10,1131,671,OK,EXACT,2,2,2,0,0,0,vermelho|azul,#C62828|#1F4FD8,#C62828|#1F4FD8,0.0,0.0,0.0,1.0,1.0,19.0,19.0,1,0,1,0,0.0,0.0,0.0,0.0,1,0,,0,0,,,,1,1.0,0,0,0,0,0,0,0,MATCH,1,2.0
SC_028_R01.png,SC,scatter,comparison,SC_028,28,1,1111,671,OK,EXACT,2,2,2,0,0,0,vermelho|azul,#C62828|#1F4FD8,#C62828|#1F4FD8,0.0,0.0,0.0,0.898626,0.27027,24.0,24.0,2,0,0,0,0.0,0.0,0.0,0.0,16,0,,0,0,,,,1,1.0,0,0,0,0,0,0,0,MATCH,1,2.0
SC_028_R02.png,SC,scatter,comparison,SC_028,28,2,1110,670,OK,EXACT,2,2,2,0,0,0,vermelho|azul,#C62828|#1F4FD8,#C62828|#1F4FD8,0.0,0.0,0.0,0.835376,0.136364,38.0,38.0,2,0,0,0,0.679742,0.0,0.0,14.587255,3,0,,0,0,,,,1,1.0,0,0,0,0,0,0,0,MATCH,1,2.0
SC_028_R03.png,SC,scatter,comparison,SC_028,28,3,1110,670,OK,EXACT,2,2,2,0,0,0,vermelho|azul,#C62828|#1F4FD8,#C62828|#1F4FD8,0.0,0.0,0.0,0.835376,0.136364,38.0,38.0,2,0,0,0,0.679742,0.0,0.0,14.587255,3,0,,0,0,,,,1,1.0,0,0,0,0,0,0,0,MATCH,1,2.0
SC_028_R04.png,SC,scatter,comparison,SC_028,28,4,1110,670,OK,EXACT,2,2,2,0,0,0,vermelho|azul,#C62828|#1F4FD8,#C62828|#1F4FD8,0.0,0.0,0.0,0.835376,0.136364,38.0,38.0,2,0,0,0,0.679742,0.0,0.0,14.587255,3,0,,0,0,,,,1,1.0,0,0,0,0,0,0,0,MATCH,1,2.0
SC_028_R05.png,SC,scatter,comparison,SC_028,28,5,1200,800,OK,EXACT,2,2,2,0,0,0,vermelho|azul,#C62828|#1F4FD8,#C62828|#1F4FD8,0.0,0.0,0.0,0.836584,0.173913,38.0,38.0,2,0,0,0,0.411764,0.0,0.0,6.747128,3,0,,0,0,,,,1,1.0,0,0,0,0,0,0,0,MATCH,1,2.0
SC_028_R06.png,SC,scatter,comparison,SC_028,28,6,1200,800,OK,EXACT,2,2,2,0,0,0,vermelho|azul,#C62828|#1F4FD8,#C62828|#1F4FD8,0.0,0.0,0.0,0.836584,0.173913,38.0,38.0,2,0,0,0,0.411764,0.0,0.0,6.747128,3,0,,0,0,,,,1,1.0,0,0,0,0,0,0,0,MATCH,1,2.0
SC_028_R07.png,SC,scatter,comparison,SC_028,28,7,1200,800,OK,EXACT,2,2,2,0,0,0,vermelho|azul,#C62828|#1F4FD8,#C62828|#1F4FD8,0.0,0.0,0.0,0.836584,0.173913,38.0,38.0,2,0,0,0,0.411764,0.0,0.0,6.747128,3,0,,0,0,,,,1,1.0,0,0,0,0,0,0,0,MATCH,1,2.0
SC_028_R08.png,SC,scatter,comparison,SC_028,28,8,1200,800,OK,EXACT,2,2,2,0,0,0,vermelho|azul,#C62828|#1F4FD8,#C62828|#1F4FD8,0.0,0.0,0.0,0.836584,0.173913,38.0,38.0,2,0,0,0,0.411764,0.0,0.0,6.747128,3,0,,0,0,,,,1,1.0,0,0,0,0,0,0,0,MATCH,1,2.0
SC_028_R09.png,SC,scatter,comparison,SC_028,28,9,1200,800,OK,EXACT,2,2,2,0,0,0,vermelho|azul,#C62828|#1F4FD8,#C62828|#1F4FD8,0.0,0.0,0.0,0.836584,0.173913,38.0,38.0,2,0,0,0,0.411764,0.0,0.0,6.747128,3,0,,0,0,,,,1,1.0,0,0,0,0,0,0,0,MATCH,1,2.0
SC_028_R10.png,SC,scatter,comparison,SC_028,28,10,1200,800,OK,EXACT,2,2,2,0,0,0,vermelho|azul,#C62828|#1F4FD8,#C62828|#1F4FD8,0.0,0.0,0.0,0.836584,0.173913,38.0,38.0,2,0,0,0,0.411764,0.0,0.0,6.747128,3,0,,0,0,,,,1,1.0,0,0,0,0,0,0,0,MATCH,1,2.0
SC_029_R01.png,SC,scatter,comparison,SC_029,29,1,1111,671,OK,EXACT,2,2,2,0,0,0,vermelho|azul,#C62828|#1F4FD8,#C62828|#1F4FD8,0.0,0.0,0.0,0.8851,0.609756,43.0,43.0,2,0,0,0,0.0,0.0,0.0,0.0,1,0,,0,0,,,,1,1.0,0,0,0,0,0,0,0,MATCH,1,2.0
SC_029_R02.png,SC,scatter,comparison,SC_029,29,2,1200,800,OK,EXACT,2,2,2,0,0,0,vermelho|azul,#C62828|#1F4FD8,#C62828|#1F4FD8,0.0,0.0,0.0,0.905938,0.595238,35.0,35.0,2,0,0,0,0.0,0.0,0.0,0.0,3,0,,0,0,,,,1,1.0,0,0,0,0,0,0,0,MATCH,1,2.0
SC_029_R03.png,SC,scatter,comparison,SC_029,29,3,1200,800,OK,EXACT,2,2,2,0,0,0,vermelho|azul,#C62828|#1F4FD8,#C62828|#1F4FD8,0.0,0.0,0.0,0.905938,0.595238,35.0,35.0,2,0,0,0,0.0,0.0,0.0,0.0,3,0,,0,0,,,,1,1.0,0,0,0,0,0,0,0,MATCH,1,2.0
SC_029_R04.png,SC,scatter,comparison,SC_029,29,4,1200,800,OK,EXACT,2,2,2,0,0,0,vermelho|azul,#C62828|#1F4FD8,#C62828|#1F4FD8,0.0,0.0,0.0,0.905938,0.595238,35.0,35.0,2,0,0,0,0.0,0.0,0.0,0.0,3,0,,0,0,,,,1,1.0,0,0,0,0,0,0,0,MATCH,1,2.0
SC_029_R05.png,SC,scatter,comparison,SC_029,29,5,1200,800,OK,EXACT,2,2,2,0,0,0,vermelho|azul,#C62828|#1F4FD8,#C62828|#1F4FD8,0.0,0.0,0.0,0.905938,0.595238,35.0,35.0,2,0,0,0,0.0,0.0,0.0,0.0,3,0,,0,0,,,,1,1.0,0,0,0,0,0,0,0,MATCH,1,2.0
SC_029_R06.png,SC,scatter,comparison,SC_029,29,6,1200,800,OK,EXACT,2,2,2,0,0,0,vermelho|azul,#C62828|#1F4FD8,#C62828|#1F4FD8,0.0,0.0,0.0,0.905938,0.595238,35.0,35.0,2,0,0,0,0.0,0.0,0.0,0.0,3,0,,0,0,,,,1,1.0,0,0,0,0,0,0,0,MATCH,1,2.0
SC_029_R07.png,SC,scatter,comparison,SC_029,29,7,1200,800,OK,EXACT,2,2,2,0,0,0,vermelho|azul,#C62828|#1F4FD8,#C62828|#1F4FD8,0.0,0.0,0.0,0.905938,0.595238,35.0,35.0,2,0,0,0,0.0,0.0,0.0,0.0,3,0,,0,0,,,,1,1.0,0,0,0,0,0,0,0,MATCH,1,2.0
SC_029_R08.png,SC,scatter,comparison,SC_029,29,8,1200,800,OK,EXACT,2,2,2,0,0,0,vermelho|azul,#C62828|#1F4FD8,#C62828|#1F4FD8,0.0,0.0,0.0,0.905938,0.595238,35.0,35.0,2,0,0,0,0.0,0.0,0.0,0.0,3,0,,0,0,,,,1,1.0,0,0,0,0,0,0,0,MATCH,1,2.0
SC_029_R09.png,SC,scatter,comparison,SC_029,29,9,1200,800,OK,EXACT,2,2,2,0,0,0,vermelho|azul,#C62828|#1F4FD8,#C62828|#1F4FD8,0.0,0.0,0.0,0.905938,0.595238,35.0,35.0,2,0,0,0,0.0,0.0,0.0,0.0,3,0,,0,0,,,,1,1.0,0,0,0,0,0,0,0,MATCH,1,2.0
SC_029_R10.png,SC,scatter,comparison,SC_029,29,10,1200,800,OK,EXACT,2,2,2,0,0,0,vermelho|azul,#C62828|#1F4FD8,#C62828|#1F4FD8,0.0,0.0,0.0,0.905938,0.595238,35.0,35.0,2,0,0,0,0.0,0.0,0.0,0.0,3,0,,0,0,,,,1,1.0,0,0,0,0,0,0,0,MATCH,1,2.0
SC_030_R01.png,SC,scatter,comparison,SC_030,30,1,1189,790,OK,EXACT,2,2,2,0,0,0,vermelho|azul,#C62828|#1F4FD8,#C62828|#1F4FD8,0.0,0.0,0.0,0.890699,0.471698,33.0,33.0,2,0,0,0,0.0,0.0,0.0,0.0,1,0,,0,0,,,,1,1.0,0,0,0,0,0,0,0,MATCH,1,2.0
SC_030_R02.png,SC,scatter,comparison,SC_030,30,2,1189,790,OK,EXACT,2,2,2,0,0,0,vermelho|azul,#C62828|#1F4FD8,#C62828|#1F4FD8,0.0,0.0,0.0,0.891336,0.471698,33.0,33.0,2,0,0,0,0.0,0.0,0.0,0.0,1,0,,0,0,,,,1,1.0,0,0,0,0,0,0,0,MATCH,1,2.0
SC_030_R03.png,SC,scatter,comparison,SC_030,30,3,1189,790,OK,EXACT,2,2,2,0,0,0,vermelho|azul,#C62828|#1F4FD8,#C62828|#1F4FD8,0.0,0.0,0.0,0.891336,0.471698,33.0,33.0,2,0,0,0,0.0,0.0,0.0,0.0,1,0,,0,0,,,,1,1.0,0,0,0,0,0,0,0,MATCH,1,2.0
SC_030_R04.png,SC,scatter,comparison,SC_030,30,4,1189,790,OK,EXACT,2,2,2,0,0,0,vermelho|azul,#C62828|#1F4FD8,#C62828|#1F4FD8,0.0,0.0,0.0,0.891336,0.471698,33.0,33.0,2,0,0,0,0.0,0.0,0.0,0.0,1,0,,0,0,,,,1,1.0,0,0,0,0,0,0,0,MATCH,1,2.0
SC_030_R05.png,SC,scatter,comparison,SC_030,30,5,1189,790,OK,EXACT,2,2,2,0,0,0,vermelho|azul,#C62828|#1F4FD8,#C62828|#1F4FD8,0.0,0.0,0.0,0.891336,0.471698,33.0,33.0,2,0,0,0,0.0,0.0,0.0,0.0,1,0,,0,0,,,,1,1.0,0,0,0,0,0,0,0,MATCH,1,2.0
SC_030_R06.png,SC,scatter,comparison,SC_030,30,6,1189,790,OK,EXACT,2,2,2,0,0,0,vermelho|azul,#C62828|#1F4FD8,#C62828|#1F4FD8,0.0,0.0,0.0,0.891336,0.471698,33.0,33.0,2,0,0,0,0.0,0.0,0.0,0.0,1,0,,0,0,,,,1,1.0,0,0,0,0,0,0,0,MATCH,1,2.0
SC_030_R07.png,SC,scatter,comparison,SC_030,30,7,1189,790,OK,EXACT,2,2,2,0,0,0,vermelho|azul,#C62828|#1F4FD8,#C62828|#1F4FD8,0.0,0.0,0.0,0.891336,0.471698,33.0,33.0,2,0,0,0,0.0,0.0,0.0,0.0,1,0,,0,0,,,,1,1.0,0,0,0,0,0,0,0,MATCH,1,2.0
SC_030_R08.png,SC,scatter,comparison,SC_030,30,8,1189,790,OK,EXACT,2,2,2,0,0,0,vermelho|azul,#C62828|#1F4FD8,#C62828|#1F4FD8,0.0,0.0,0.0,0.891336,0.471698,33.0,33.0,2,0,0,0,0.0,0.0,0.0,0.0,1,0,,0,0,,,,1,1.0,0,0,0,0,0,0,0,MATCH,1,2.0
SC_030_R09.png,SC,scatter,comparison,SC_030,30,9,1189,790,OK,EXACT,2,2,2,0,0,0,vermelho|azul,#C62828|#1F4FD8,#C62828|#1F4FD8,0.0,0.0,0.0,0.891336,0.471698,33.0,33.0,2,0,0,0,0.0,0.0,0.0,0.0,1,0,,0,0,,,,1,1.0,0,0,0,0,0,0,0,MATCH,1,2.0
SC_030_R10.png,SC,scatter,comparison,SC_030,30,10,1189,790,OK,EXACT,2,2,2,0,0,0,vermelho|azul,#C62828|#1F4FD8,#C62828|#1F4FD8,0.0,0.0,0.0,0.891336,0.471698,33.0,33.0,2,0,0,0,0.0,0.0,0.0,0.0,1,0,,0,0,,,,1,1.0,0,0,0,0,0,0,0,MATCH,1,2.0
SC_031_R01.png,SC,scatter,comparison,SC_031,31,1,997,703,OK,EXACT,2,2,2,0,0,0,vermelho|azul,#C62828|#1F4FD8,#C62828|#1F4FD8,0.0,0.0,0.0,0.85316,0.43,35.0,35.0,2,0,0,0,0.0,0.0,0.0,0.0,3,0,,0,0,,,,1,1.0,0,0,0,0,0,0,0,MATCH,1,2.0
SC_031_R02.png,SC,scatter,comparison,SC_031,31,2,1189,790,OK,EXACT,2,2,2,0,0,0,vermelho|azul,#C62828|#1F4FD8,#C62828|#1F4FD8,0.0,0.0,0.0,0.891336,0.471698,33.0,33.0,2,0,0,0,0.0,0.0,0.0,0.0,1,0,,0,0,,,,1,1.0,0,0,0,0,0,0,0,MATCH,1,2.0
SC_031_R03.png,SC,scatter,comparison,SC_031,31,3,1189,790,OK,EXACT,2,2,2,0,0,0,vermelho|azul,#C62828|#1F4FD8,#C62828|#1F4FD8,0.0,0.0,0.0,0.891336,0.471698,33.0,33.0,2,0,0,0,0.0,0.0,0.0,0.0,1,0,,0,0,,,,1,1.0,0,0,0,0,0,0,0,MATCH,1,2.0
SC_031_R04.png,SC,scatter,comparison,SC_031,31,4,1189,790,OK,EXACT,2,2,2,0,0,0,vermelho|azul,#C62828|#1F4FD8,#C62828|#1F4FD8,0.0,0.0,0.0,0.891336,0.471698,33.0,33.0,2,0,0,0,0.0,0.0,0.0,0.0,1,0,,0,0,,,,1,1.0,0,0,0,0,0,0,0,MATCH,1,2.0
SC_031_R05.png,SC,scatter,comparison,SC_031,31,5,1189,790,OK,EXACT,2,2,2,0,0,0,vermelho|azul,#C62828|#1F4FD8,#C62828|#1F4FD8,0.0,0.0,0.0,0.891336,0.471698,33.0,33.0,2,0,0,0,0.0,0.0,0.0,0.0,1,0,,0,0,,,,1,1.0,0,0,0,0,0,0,0,MATCH,1,2.0
SC_031_R06.png,SC,scatter,comparison,SC_031,31,6,1189,790,OK,EXACT,2,2,2,0,0,0,vermelho|azul,#C62828|#1F4FD8,#C62828|#1F4FD8,0.0,0.0,0.0,0.891336,0.471698,33.0,33.0,2,0,0,0,0.0,0.0,0.0,0.0,1,0,,0,0,,,,1,1.0,0,0,0,0,0,0,0,MATCH,1,2.0
SC_031_R07.png,SC,scatter,comparison,SC_031,31,7,1189,790,OK,EXACT,2,2,2,0,0,0,vermelho|azul,#C62828|#1F4FD8,#C62828|#1F4FD8,0.0,0.0,0.0,0.891336,0.471698,33.0,33.0,2,0,0,0,0.0,0.0,0.0,0.0,1,0,,0,0,,,,1,1.0,0,0,0,0,0,0,0,MATCH,1,2.0
SC_031_R08.png,SC,scatter,comparison,SC_031,31,8,1189,790,OK,EXACT,2,2,2,0,0,0,vermelho|azul,#C62828|#1F4FD8,#C62828|#1F4FD8,0.0,0.0,0.0,0.891336,0.471698,33.0,33.0,2,0,0,0,0.0,0.0,0.0,0.0,1,0,,0,0,,,,1,1.0,0,0,0,0,0,0,0,MATCH,1,2.0
SC_031_R09.png,SC,scatter,comparison,SC_031,31,9,1189,790,OK,EXACT,2,2,2,0,0,0,vermelho|azul,#C62828|#1F4FD8,#C62828|#1F4FD8,0.0,0.0,0.0,0.891336,0.471698,33.0,33.0,2,0,0,0,0.0,0.0,0.0,0.0,1,0,,0,0,,,,1,1.0,0,0,0,0,0,0,0,MATCH,1,2.0
SC_031_R10.png,SC,scatter,comparison,SC_031,31,10,1189,790,OK,EXACT,2,2,2,0,0,0,vermelho|azul,#C62828|#1F4FD8,#C62828|#1F4FD8,0.0,0.0,0.0,0.891336,0.471698,33.0,33.0,2,0,0,0,0.0,0.0,0.0,0.0,1,0,,0,0,,,,1,1.0,0,0,0,0,0,0,0,MATCH,1,2.0
SC_032_R01.png,SC,scatter,comparison,SC_032,32,1,1111,671,OK,EXACT,2,2,2,0,0,0,vermelho|azul,#C62828|#1F4FD8,#C62828|#1F4FD8,0.0,0.0,0.0,0.737209,0.5,10.0,10.0,2,0,0,0,0.0,0.0,0.0,0.0,2,0,,0,0,,,,1,1.0,0,0,0,0,0,0,0,MATCH,1,2.0
SC_032_R02.png,SC,scatter,comparison,SC_032,32,2,1330,669,OK,EXACT,2,2,2,0,0,0,vermelho|azul,#C62828|#1F4FD8,#8B4513|#1F4FD8,8.590321,8.590321,17.180641,0.972478,0.662162,32.0,32.0,2,0,0,0,6.44274,0.0,17.180641,17.180641,3,0,,0,0,,,,1,0.0,1,0,0,0,0,0,0,COLOR_DEVIATION,0,2.0
SC_032_R03.png,SC,scatter,comparison,SC_032,32,3,1330,669,OK,EXACT,2,2,2,0,0,0,vermelho|azul,#C62828|#1F4FD8,#8B4513|#1F4FD8,8.590321,8.590321,17.180641,0.972478,0.662162,32.0,32.0,2,0,0,0,6.44274,0.0,17.180641,17.180641,3,0,,0,0,,,,1,0.0,1,0,0,0,0,0,0,COLOR_DEVIATION,0,2.0
SC_032_R04.png,SC,scatter,comparison,SC_032,32,4,1330,669,OK,EXACT,2,2,2,0,0,0,vermelho|azul,#C62828|#1F4FD8,#8B4513|#1F4FD8,8.590321,8.590321,17.180641,0.972478,0.662162,32.0,32.0,2,0,0,0,6.44274,0.0,17.180641,17.180641,3,0,,0,0,,,,1,0.0,1,0,0,0,0,0,0,COLOR_DEVIATION,0,2.0
SC_032_R05.png,SC,scatter,comparison,SC_032,32,5,1330,669,OK,EXACT,2,2,2,0,0,0,vermelho|azul,#C62828|#1F4FD8,#8B4513|#1F4FD8,8.590321,8.590321,17.180641,0.972478,0.662162,32.0,32.0,2,0,0,0,6.44274,0.0,17.180641,17.180641,3,0,,0,0,,,,1,0.0,1,0,0,0,0,0,0,COLOR_DEVIATION,0,2.0
SC_032_R06.png,SC,scatter,comparison,SC_032,32,6,1330,669,OK,EXACT,2,2,2,0,0,0,vermelho|azul,#C62828|#1F4FD8,#8B4513|#1F4FD8,8.590321,8.590321,17.180641,0.972478,0.662162,32.0,32.0,2,0,0,0,6.44274,0.0,17.180641,17.180641,3,0,,0,0,,,,1,0.0,1,0,0,0,0,0,0,COLOR_DEVIATION,0,2.0
SC_032_R07.png,SC,scatter,comparison,SC_032,32,7,1330,669,OK,EXACT,2,2,2,0,0,0,vermelho|azul,#C62828|#1F4FD8,#8B4513|#1F4FD8,8.590321,8.590321,17.180641,0.972478,0.662162,32.0,32.0,2,0,0,0,6.44274,0.0,17.180641,17.180641,3,0,,0,0,,,,1,0.0,1,0,0,0,0,0,0,COLOR_DEVIATION,0,2.0
SC_032_R08.png,SC,scatter,comparison,SC_032,32,8,1330,669,OK,EXACT,2,2,2,0,0,0,vermelho|azul,#C62828|#1F4FD8,#8B4513|#1F4FD8,8.590321,8.590321,17.180641,0.972478,0.662162,32.0,32.0,2,0,0,0,6.44274,0.0,17.180641,17.180641,3,0,,0,0,,,,1,0.0,1,0,0,0,0,0,0,COLOR_DEVIATION,0,2.0
SC_032_R09.png,SC,scatter,comparison,SC_032,32,9,1330,669,OK,EXACT,2,2,2,0,0,0,vermelho|azul,#C62828|#1F4FD8,#8B4513|#1F4FD8,8.590321,8.590321,17.180641,0.972478,0.662162,32.0,32.0,2,0,0,0,6.44274,0.0,17.180641,17.180641,3,0,,0,0,,,,1,0.0,1,0,0,0,0,0,0,COLOR_DEVIATION,0,2.0
SC_032_R10.png,SC,scatter,comparison,SC_032,32,10,1330,669,OK,EXACT,2,2,2,0,0,0,vermelho|azul,#C62828|#1F4FD8,#8B4513|#1F4FD8,8.590321,8.590321,17.180641,0.972478,0.662162,32.0,32.0,2,0,0,0,6.44274,0.0,17.180641,17.180641,3,0,,0,0,,,,1,0.0,1,0,0,0,0,0,0,COLOR_DEVIATION,0,2.0
SC_033_R01.png,SC,scatter,comparison,SC_033,33,1,1321,671,OK,EXACT,2,2,2,0,0,0,vermelho|azul,#C62828|#1F4FD8,#C62828|#1F4FD8,0.0,0.0,0.0,0.881484,0.585366,32.0,32.0,2,0,0,0,0.0,0.0,0.0,0.0,1,0,,0,0,,,,1,1.0,0,0,0,0,0,0,0,MATCH,1,2.0
SC_033_R02.png,SC,scatter,comparison,SC_033,33,2,1331,671,OK,EXACT,2,2,2,0,0,0,vermelho|azul,#C62828|#1F4FD8,#C62828|#1F4FD8,0.0,0.0,0.0,0.968852,0.532609,32.0,32.0,2,0,0,0,0.0,0.0,0.0,0.0,3,0,,0,0,,,,1,1.0,0,0,0,0,0,0,0,MATCH,1,2.0
SC_033_R03.png,SC,scatter,comparison,SC_033,33,3,1331,671,OK,EXACT,2,2,2,0,0,0,vermelho|azul,#C62828|#1F4FD8,#C62828|#1F4FD8,0.0,0.0,0.0,0.968852,0.532609,32.0,32.0,2,0,0,0,0.0,0.0,0.0,0.0,3,0,,0,0,,,,1,1.0,0,0,0,0,0,0,0,MATCH,1,2.0
SC_033_R04.png,SC,scatter,comparison,SC_033,33,4,1331,671,OK,EXACT,2,2,2,0,0,0,vermelho|azul,#C62828|#1F4FD8,#C62828|#1F4FD8,0.0,0.0,0.0,0.968852,0.532609,32.0,32.0,2,0,0,0,0.0,0.0,0.0,0.0,3,0,,0,0,,,,1,1.0,0,0,0,0,0,0,0,MATCH,1,2.0
SC_033_R05.png,SC,scatter,comparison,SC_033,33,5,1331,671,OK,EXACT,2,2,2,0,0,0,vermelho|azul,#C62828|#1F4FD8,#C62828|#1F4FD8,0.0,0.0,0.0,0.968852,0.532609,32.0,32.0,2,0,0,0,0.0,0.0,0.0,0.0,3,0,,0,0,,,,1,1.0,0,0,0,0,0,0,0,MATCH,1,2.0
SC_033_R06.png,SC,scatter,comparison,SC_033,33,6,1331,671,OK,EXACT,2,2,2,0,0,0,vermelho|azul,#C62828|#1F4FD8,#C62828|#1F4FD8,0.0,0.0,0.0,0.968852,0.532609,32.0,32.0,2,0,0,0,0.0,0.0,0.0,0.0,3,0,,0,0,,,,1,1.0,0,0,0,0,0,0,0,MATCH,1,2.0
SC_033_R07.png,SC,scatter,comparison,SC_033,33,7,1331,671,OK,EXACT,2,2,2,0,0,0,vermelho|azul,#C62828|#1F4FD8,#C62828|#1F4FD8,0.0,0.0,0.0,0.968852,0.532609,32.0,32.0,2,0,0,0,0.0,0.0,0.0,0.0,3,0,,0,0,,,,1,1.0,0,0,0,0,0,0,0,MATCH,1,2.0
SC_033_R08.png,SC,scatter,comparison,SC_033,33,8,1331,671,OK,EXACT,2,2,2,0,0,0,vermelho|azul,#C62828|#1F4FD8,#C62828|#1F4FD8,0.0,0.0,0.0,0.968852,0.532609,32.0,32.0,2,0,0,0,0.0,0.0,0.0,0.0,3,0,,0,0,,,,1,1.0,0,0,0,0,0,0,0,MATCH,1,2.0
SC_033_R09.png,SC,scatter,comparison,SC_033,33,9,1331,671,OK,EXACT,2,2,2,0,0,0,vermelho|azul,#C62828|#1F4FD8,#C62828|#1F4FD8,0.0,0.0,0.0,0.968852,0.532609,32.0,32.0,2,0,0,0,0.0,0.0,0.0,0.0,3,0,,0,0,,,,1,1.0,0,0,0,0,0,0,0,MATCH,1,2.0
SC_033_R10.png,SC,scatter,comparison,SC_033,33,10,1331,671,OK,EXACT,2,2,2,0,0,0,vermelho|azul,#C62828|#1F4FD8,#C62828|#1F4FD8,0.0,0.0,0.0,0.968852,0.532609,32.0,32.0,2,0,0,0,0.0,0.0,0.0,0.0,3,0,,0,0,,,,1,1.0,0,0,0,0,0,0,0,MATCH,1,2.0
SC_034_R01.png,SC,scatter,comparison,SC_034,34,1,1341,671,OK,EXACT,2,2,2,0,0,0,vermelho|azul,#C62828|#1F4FD8,#C62828|#1F4FD8,0.0,0.0,0.0,0.886762,0.595238,33.0,33.0,2,0,0,0,0.0,0.0,0.0,0.0,1,0,,0,0,,,,1,1.0,0,0,0,0,0,0,0,MATCH,1,2.0
SC_034_R02.png,SC,scatter,comparison,SC_034,34,2,1330,671,OK,EXACT,2,2,2,0,0,0,vermelho|azul,#C62828|#1F4FD8,#C62828|#1F4FD8,0.0,0.0,0.0,0.90055,0.595238,33.0,33.0,2,0,0,0,0.0,0.0,0.0,0.0,1,0,,0,0,,,,1,1.0,0,0,0,0,0,0,0,MATCH,1,2.0
SC_034_R03.png,SC,scatter,comparison,SC_034,34,3,1330,671,OK,EXACT,2,2,2,0,0,0,vermelho|azul,#C62828|#1F4FD8,#C62828|#1F4FD8,0.0,0.0,0.0,0.90055,0.595238,33.0,33.0,2,0,0,0,0.0,0.0,0.0,0.0,1,0,,0,0,,,,1,1.0,0,0,0,0,0,0,0,MATCH,1,2.0
SC_034_R04.png,SC,scatter,comparison,SC_034,34,4,1330,671,OK,EXACT,2,2,2,0,0,0,vermelho|azul,#C62828|#1F4FD8,#C62828|#1F4FD8,0.0,0.0,0.0,0.90055,0.595238,33.0,33.0,2,0,0,0,0.0,0.0,0.0,0.0,1,0,,0,0,,,,1,1.0,0,0,0,0,0,0,0,MATCH,1,2.0
SC_034_R05.png,SC,scatter,comparison,SC_034,34,5,1330,671,OK,EXACT,2,2,2,0,0,0,vermelho|azul,#C62828|#1F4FD8,#C62828|#1F4FD8,0.0,0.0,0.0,0.90055,0.595238,33.0,33.0,2,0,0,0,0.0,0.0,0.0,0.0,1,0,,0,0,,,,1,1.0,0,0,0,0,0,0,0,MATCH,1,2.0
SC_034_R06.png,SC,scatter,comparison,SC_034,34,6,1330,671,OK,EXACT,2,2,2,0,0,0,vermelho|azul,#C62828|#1F4FD8,#C62828|#1F4FD8,0.0,0.0,0.0,0.90055,0.595238,33.0,33.0,2,0,0,0,0.0,0.0,0.0,0.0,1,0,,0,0,,,,1,1.0,0,0,0,0,0,0,0,MATCH,1,2.0
SC_034_R07.png,SC,scatter,comparison,SC_034,34,7,1330,671,OK,EXACT,2,2,2,0,0,0,vermelho|azul,#C62828|#1F4FD8,#C62828|#1F4FD8,0.0,0.0,0.0,0.90055,0.595238,33.0,33.0,2,0,0,0,0.0,0.0,0.0,0.0,1,0,,0,0,,,,1,1.0,0,0,0,0,0,0,0,MATCH,1,2.0
SC_034_R08.png,SC,scatter,comparison,SC_034,34,8,1330,671,OK,EXACT,2,2,2,0,0,0,vermelho|azul,#C62828|#1F4FD8,#C62828|#1F4FD8,0.0,0.0,0.0,0.90055,0.595238,33.0,33.0,2,0,0,0,0.0,0.0,0.0,0.0,1,0,,0,0,,,,1,1.0,0,0,0,0,0,0,0,MATCH,1,2.0
SC_034_R09.png,SC,scatter,comparison,SC_034,34,9,1330,671,OK,EXACT,2,2,2,0,0,0,vermelho|azul,#C62828|#1F4FD8,#C62828|#1F4FD8,0.0,0.0,0.0,0.90055,0.595238,33.0,33.0,2,0,0,0,0.0,0.0,0.0,0.0,1,0,,0,0,,,,1,1.0,0,0,0,0,0,0,0,MATCH,1,2.0
SC_034_R10.png,SC,scatter,comparison,SC_034,34,10,1330,671,OK,EXACT,2,2,2,0,0,0,vermelho|azul,#C62828|#1F4FD8,#C62828|#1F4FD8,0.0,0.0,0.0,0.90055,0.595238,33.0,33.0,2,0,0,0,0.0,0.0,0.0,0.0,1,0,,0,0,,,,1,1.0,0,0,0,0,0,0,0,MATCH,1,2.0
SC_035_R01.png,SC,scatter,comparison,SC_035,35,1,1111,671,OK,EXACT,2,2,2,0,0,0,vermelho|azul,#C62828|#1F4FD8,#C62828|#1F4FD8,0.0,0.0,0.0,0.920823,0.578313,24.0,24.0,2,0,0,0,0.0,0.0,0.0,0.0,2,0,,0,0,,,,1,1.0,0,0,0,0,0,0,0,MATCH,1,2.0
SC_035_R02.png,SC,scatter,comparison,SC_035,35,2,1189,790,OK,EXACT,2,2,2,0,0,0,vermelho|azul,#C62828|#1F4FD8,#C62828|#1F4FD8,0.0,0.0,0.0,0.891336,0.471698,33.0,33.0,2,0,0,0,0.0,0.0,0.0,0.0,1,0,,0,0,,,,1,1.0,0,0,0,0,0,0,0,MATCH,1,2.0
SC_035_R03.png,SC,scatter,comparison,SC_035,35,3,1189,790,OK,EXACT,2,2,2,0,0,0,vermelho|azul,#C62828|#1F4FD8,#C62828|#1F4FD8,0.0,0.0,0.0,0.891336,0.471698,33.0,33.0,2,0,0,0,0.0,0.0,0.0,0.0,1,0,,0,0,,,,1,1.0,0,0,0,0,0,0,0,MATCH,1,2.0
SC_035_R04.png,SC,scatter,comparison,SC_035,35,4,1189,790,OK,EXACT,2,2,2,0,0,0,vermelho|azul,#C62828|#1F4FD8,#C62828|#1F4FD8,0.0,0.0,0.0,0.891336,0.471698,33.0,33.0,2,0,0,0,0.0,0.0,0.0,0.0,1,0,,0,0,,,,1,1.0,0,0,0,0,0,0,0,MATCH,1,2.0
SC_035_R05.png,SC,scatter,comparison,SC_035,35,5,1189,790,OK,EXACT,2,2,2,0,0,0,vermelho|azul,#C62828|#1F4FD8,#C62828|#1F4FD8,0.0,0.0,0.0,0.891336,0.471698,33.0,33.0,2,0,0,0,0.0,0.0,0.0,0.0,1,0,,0,0,,,,1,1.0,0,0,0,0,0,0,0,MATCH,1,2.0
SC_035_R06.png,SC,scatter,comparison,SC_035,35,6,1189,790,OK,EXACT,2,2,2,0,0,0,vermelho|azul,#C62828|#1F4FD8,#C62828|#1F4FD8,0.0,0.0,0.0,0.891336,0.471698,33.0,33.0,2,0,0,0,0.0,0.0,0.0,0.0,1,0,,0,0,,,,1,1.0,0,0,0,0,0,0,0,MATCH,1,2.0
SC_035_R07.png,SC,scatter,comparison,SC_035,35,7,1189,790,OK,EXACT,2,2,2,0,0,0,vermelho|azul,#C62828|#1F4FD8,#C62828|#1F4FD8,0.0,0.0,0.0,0.891336,0.471698,33.0,33.0,2,0,0,0,0.0,0.0,0.0,0.0,1,0,,0,0,,,,1,1.0,0,0,0,0,0,0,0,MATCH,1,2.0
SC_035_R08.png,SC,scatter,comparison,SC_035,35,8,1189,790,OK,EXACT,2,2,2,0,0,0,vermelho|azul,#C62828|#1F4FD8,#C62828|#1F4FD8,0.0,0.0,0.0,0.891336,0.471698,33.0,33.0,2,0,0,0,0.0,0.0,0.0,0.0,1,0,,0,0,,,,1,1.0,0,0,0,0,0,0,0,MATCH,1,2.0
SC_035_R09.png,SC,scatter,comparison,SC_035,35,9,1189,790,OK,EXACT,2,2,2,0,0,0,vermelho|azul,#C62828|#1F4FD8,#C62828|#1F4FD8,0.0,0.0,0.0,0.891336,0.471698,33.0,33.0,2,0,0,0,0.0,0.0,0.0,0.0,1,0,,0,0,,,,1,1.0,0,0,0,0,0,0,0,MATCH,1,2.0
SC_035_R10.png,SC,scatter,comparison,SC_035,35,10,1189,790,OK,EXACT,2,2,2,0,0,0,vermelho|azul,#C62828|#1F4FD8,#C62828|#1F4FD8,0.0,0.0,0.0,0.891336,0.471698,33.0,33.0,2,0,0,0,0.0,0.0,0.0,0.0,1,0,,0,0,,,,1,1.0,0,0,0,0,0,0,0,MATCH,1,2.0
SC_036_R01.png,SC,scatter,comparison,SC_036,36,1,1111,671,OK,MISSING,2,1,1,0,1,1,vermelho|azul,#C62828|#1F4FD8,#C62828,0.0,0.0,0.0,0.942286,0.698413,27.0,27.0,1,0,0,0,0.0,0.0,0.0,0.0,1,0,,0,0,,,,1,1.0,0,1,0,0,0,0,0,MISSING_COLOR,0,2.0
SC_036_R02.png,SC,scatter,comparison,SC_036,36,2,1189,790,OK,EXACT,2,2,2,0,0,0,vermelho|azul,#C62828|#1F4FD8,#C62828|#1F4FD8,0.0,0.0,0.0,0.958173,0.469136,32.0,32.0,2,0,0,0,0.0,0.0,0.0,0.0,0,0,,0,0,,,,1,1.0,0,0,0,0,0,0,0,MATCH,1,2.0
SC_036_R03.png,SC,scatter,comparison,SC_036,36,3,1189,790,OK,EXACT,2,2,2,0,0,0,vermelho|azul,#C62828|#1F4FD8,#C62828|#1F4FD8,0.0,0.0,0.0,0.958173,0.469136,32.0,32.0,2,0,0,0,0.0,0.0,0.0,0.0,0,0,,0,0,,,,1,1.0,0,0,0,0,0,0,0,MATCH,1,2.0
SC_036_R04.png,SC,scatter,comparison,SC_036,36,4,1189,790,OK,EXACT,2,2,2,0,0,0,vermelho|azul,#C62828|#1F4FD8,#C62828|#1F4FD8,0.0,0.0,0.0,0.958173,0.469136,32.0,32.0,2,0,0,0,0.0,0.0,0.0,0.0,0,0,,0,0,,,,1,1.0,0,0,0,0,0,0,0,MATCH,1,2.0
SC_036_R05.png,SC,scatter,comparison,SC_036,36,5,1189,790,OK,EXACT,2,2,2,0,0,0,vermelho|azul,#C62828|#1F4FD8,#C62828|#1F4FD8,0.0,0.0,0.0,0.958173,0.469136,32.0,32.0,2,0,0,0,0.0,0.0,0.0,0.0,0,0,,0,0,,,,1,1.0,0,0,0,0,0,0,0,MATCH,1,2.0
SC_036_R06.png,SC,scatter,comparison,SC_036,36,6,1189,790,OK,EXACT,2,2,2,0,0,0,vermelho|azul,#C62828|#1F4FD8,#C62828|#1F4FD8,0.0,0.0,0.0,0.958173,0.469136,32.0,32.0,2,0,0,0,0.0,0.0,0.0,0.0,0,0,,0,0,,,,1,1.0,0,0,0,0,0,0,0,MATCH,1,2.0
SC_036_R07.png,SC,scatter,comparison,SC_036,36,7,1189,790,OK,EXACT,2,2,2,0,0,0,vermelho|azul,#C62828|#1F4FD8,#C62828|#1F4FD8,0.0,0.0,0.0,0.958173,0.469136,32.0,32.0,2,0,0,0,0.0,0.0,0.0,0.0,0,0,,0,0,,,,1,1.0,0,0,0,0,0,0,0,MATCH,1,2.0
SC_036_R08.png,SC,scatter,comparison,SC_036,36,8,1189,790,OK,EXACT,2,2,2,0,0,0,vermelho|azul,#C62828|#1F4FD8,#C62828|#1F4FD8,0.0,0.0,0.0,0.958173,0.469136,32.0,32.0,2,0,0,0,0.0,0.0,0.0,0.0,0,0,,0,0,,,,1,1.0,0,0,0,0,0,0,0,MATCH,1,2.0
SC_036_R09.png,SC,scatter,comparison,SC_036,36,9,1189,790,OK,EXACT,2,2,2,0,0,0,vermelho|azul,#C62828|#1F4FD8,#C62828|#1F4FD8,0.0,0.0,0.0,0.958173,0.469136,32.0,32.0,2,0,0,0,0.0,0.0,0.0,0.0,0,0,,0,0,,,,1,1.0,0,0,0,0,0,0,0,MATCH,1,2.0
SC_036_R10.png,SC,scatter,comparison,SC_036,36,10,1189,790,OK,EXACT,2,2,2,0,0,0,vermelho|azul,#C62828|#1F4FD8,#C62828|#1F4FD8,0.0,0.0,0.0,0.958173,0.469136,32.0,32.0,2,0,0,0,0.0,0.0,0.0,0.0,0,0,,0,0,,,,1,1.0,0,0,0,0,0,0,0,MATCH,1,2.0
SC_037_R01.png,SC,scatter,comparison,SC_037,37,1,1347,671,OK,EXACT,2,2,2,0,0,0,vermelho|azul,#C62828|#1F4FD8,#C62828|#1F4FD8,0.0,0.0,0.0,1.0,1.0,2.0,2.0,0,0,2,0,0.0,0.0,0.0,0.0,0,0,,0,0,,,,1,1.0,0,0,0,0,0,0,0,MATCH,1,2.0
SC_037_R02.png,SC,scatter,comparison,SC_037,37,2,1189,790,OK,EXACT,2,2,2,0,0,0,vermelho|azul,#C62828|#1F4FD8,#C62828|#1F4FD8,0.0,0.0,0.0,0.958173,0.469136,32.0,32.0,2,0,0,0,0.0,0.0,0.0,0.0,0,0,,0,0,,,,1,1.0,0,0,0,0,0,0,0,MATCH,1,2.0
SC_037_R03.png,SC,scatter,comparison,SC_037,37,3,1189,790,OK,EXACT,2,2,2,0,0,0,vermelho|azul,#C62828|#1F4FD8,#C62828|#1F4FD8,0.0,0.0,0.0,0.958173,0.469136,32.0,32.0,2,0,0,0,0.0,0.0,0.0,0.0,0,0,,0,0,,,,1,1.0,0,0,0,0,0,0,0,MATCH,1,2.0
SC_037_R04.png,SC,scatter,comparison,SC_037,37,4,1189,790,OK,EXACT,2,2,2,0,0,0,vermelho|azul,#C62828|#1F4FD8,#C62828|#1F4FD8,0.0,0.0,0.0,0.958173,0.469136,32.0,32.0,2,0,0,0,0.0,0.0,0.0,0.0,0,0,,0,0,,,,1,1.0,0,0,0,0,0,0,0,MATCH,1,2.0
SC_037_R05.png,SC,scatter,comparison,SC_037,37,5,1189,790,OK,EXACT,2,2,2,0,0,0,vermelho|azul,#C62828|#1F4FD8,#C62828|#1F4FD8,0.0,0.0,0.0,0.958173,0.469136,32.0,32.0,2,0,0,0,0.0,0.0,0.0,0.0,0,0,,0,0,,,,1,1.0,0,0,0,0,0,0,0,MATCH,1,2.0
SC_037_R06.png,SC,scatter,comparison,SC_037,37,6,1189,790,OK,EXACT,2,2,2,0,0,0,vermelho|azul,#C62828|#1F4FD8,#C62828|#1F4FD8,0.0,0.0,0.0,0.958173,0.469136,32.0,32.0,2,0,0,0,0.0,0.0,0.0,0.0,0,0,,0,0,,,,1,1.0,0,0,0,0,0,0,0,MATCH,1,2.0
SC_037_R07.png,SC,scatter,comparison,SC_037,37,7,1189,790,OK,EXACT,2,2,2,0,0,0,vermelho|azul,#C62828|#1F4FD8,#C62828|#1F4FD8,0.0,0.0,0.0,0.958173,0.469136,32.0,32.0,2,0,0,0,0.0,0.0,0.0,0.0,0,0,,0,0,,,,1,1.0,0,0,0,0,0,0,0,MATCH,1,2.0
SC_037_R08.png,SC,scatter,comparison,SC_037,37,8,1189,790,OK,EXACT,2,2,2,0,0,0,vermelho|azul,#C62828|#1F4FD8,#C62828|#1F4FD8,0.0,0.0,0.0,0.958173,0.469136,32.0,32.0,2,0,0,0,0.0,0.0,0.0,0.0,0,0,,0,0,,,,1,1.0,0,0,0,0,0,0,0,MATCH,1,2.0
SC_037_R09.png,SC,scatter,comparison,SC_037,37,9,1189,790,OK,EXACT,2,2,2,0,0,0,vermelho|azul,#C62828|#1F4FD8,#C62828|#1F4FD8,0.0,0.0,0.0,0.958173,0.469136,32.0,32.0,2,0,0,0,0.0,0.0,0.0,0.0,0,0,,0,0,,,,1,1.0,0,0,0,0,0,0,0,MATCH,1,2.0
SC_037_R10.png,SC,scatter,comparison,SC_037,37,10,1189,790,OK,EXACT,2,2,2,0,0,0,vermelho|azul,#C62828|#1F4FD8,#C62828|#1F4FD8,0.0,0.0,0.0,0.958173,0.469136,32.0,32.0,2,0,0,0,0.0,0.0,0.0,0.0,0,0,,0,0,,,,1,1.0,0,0,0,0,0,0,0,MATCH,1,2.0
SC_038_R01.png,SC,scatter,comparison,SC_038,38,1,1341,671,OK,EXACT,2,2,2,0,0,0,vermelho|azul,#C62828|#1F4FD8,#C62828|#1F4FD8,0.0,0.0,0.0,0.886762,0.595238,33.0,33.0,2,0,0,0,0.0,0.0,0.0,0.0,1,0,,0,0,,,,1,1.0,0,0,0,0,0,0,0,MATCH,1,2.0
SC_038_R02.png,SC,scatter,comparison,SC_038,38,2,1200,800,OK,EXACT,2,2,2,0,0,0,vermelho|azul,#C62828|#1F4FD8,#C62828|#1F4FD8,0.0,0.0,0.0,0.925081,0.469136,32.0,32.0,2,0,0,0,0.0,0.0,0.0,0.0,0,0,,0,0,,,,1,1.0,0,0,0,0,0,0,0,MATCH,1,2.0
SC_038_R03.png,SC,scatter,comparison,SC_038,38,3,1200,800,OK,EXACT,2,2,2,0,0,0,vermelho|azul,#C62828|#1F4FD8,#C62828|#1F4FD8,0.0,0.0,0.0,0.925081,0.469136,32.0,32.0,2,0,0,0,0.0,0.0,0.0,0.0,0,0,,0,0,,,,1,1.0,0,0,0,0,0,0,0,MATCH,1,2.0
SC_038_R04.png,SC,scatter,comparison,SC_038,38,4,1200,800,OK,EXACT,2,2,2,0,0,0,vermelho|azul,#C62828|#1F4FD8,#C62828|#1F4FD8,0.0,0.0,0.0,0.925081,0.469136,32.0,32.0,2,0,0,0,0.0,0.0,0.0,0.0,0,0,,0,0,,,,1,1.0,0,0,0,0,0,0,0,MATCH,1,2.0
SC_038_R05.png,SC,scatter,comparison,SC_038,38,5,1189,790,OK,EXACT,2,2,2,0,0,0,vermelho|azul,#C62828|#1F4FD8,#C62828|#1F4FD8,0.0,0.0,0.0,0.891336,0.471698,33.0,33.0,2,0,0,0,0.0,0.0,0.0,0.0,1,0,,0,0,,,,1,1.0,0,0,0,0,0,0,0,MATCH,1,2.0
SC_038_R06.png,SC,scatter,comparison,SC_038,38,6,1189,790,OK,EXACT,2,2,2,0,0,0,vermelho|azul,#C62828|#1F4FD8,#C62828|#1F4FD8,0.0,0.0,0.0,0.891336,0.471698,33.0,33.0,2,0,0,0,0.0,0.0,0.0,0.0,1,0,,0,0,,,,1,1.0,0,0,0,0,0,0,0,MATCH,1,2.0
SC_038_R07.png,SC,scatter,comparison,SC_038,38,7,1189,790,OK,EXACT,2,2,2,0,0,0,vermelho|azul,#C62828|#1F4FD8,#C62828|#1F4FD8,0.0,0.0,0.0,0.891336,0.471698,33.0,33.0,2,0,0,0,0.0,0.0,0.0,0.0,1,0,,0,0,,,,1,1.0,0,0,0,0,0,0,0,MATCH,1,2.0
SC_038_R08.png,SC,scatter,comparison,SC_038,38,8,1189,790,OK,EXACT,2,2,2,0,0,0,vermelho|azul,#C62828|#1F4FD8,#C62828|#1F4FD8,0.0,0.0,0.0,0.891336,0.471698,33.0,33.0,2,0,0,0,0.0,0.0,0.0,0.0,1,0,,0,0,,,,1,1.0,0,0,0,0,0,0,0,MATCH,1,2.0
SC_038_R09.png,SC,scatter,comparison,SC_038,38,9,1200,800,OK,EXACT,2,2,2,0,0,0,vermelho|azul,#C62828|#1F4FD8,#C62828|#1F4FD8,0.0,0.0,0.0,0.925081,0.469136,32.0,32.0,2,0,0,0,0.0,0.0,0.0,0.0,0,0,,0,0,,,,1,1.0,0,0,0,0,0,0,0,MATCH,1,2.0
SC_038_R10.png,SC,scatter,comparison,SC_038,38,10,1200,800,OK,EXACT,2,2,2,0,0,0,vermelho|azul,#C62828|#1F4FD8,#C62828|#1F4FD8,0.0,0.0,0.0,0.925081,0.469136,32.0,32.0,2,0,0,0,0.0,0.0,0.0,0.0,0,0,,0,0,,,,1,1.0,0,0,0,0,0,0,0,MATCH,1,2.0
SC_039_R01.png,SC,scatter,comparison,SC_039,39,1,1111,671,OK,EXACT,2,2,2,0,0,0,vermelho|azul,#C62828|#1F4FD8,#C62828|#1F4FD8,0.0,0.0,0.0,0.893232,0.595238,35.0,35.0,2,0,0,0,0.0,0.0,0.0,0.0,3,0,,0,0,,,,1,1.0,0,0,0,0,0,0,0,MATCH,1,2.0
SC_039_R02.png,SC,scatter,comparison,SC_039,39,2,1111,671,OK,EXACT,2,2,2,0,0,0,vermelho|azul,#C62828|#1F4FD8,#C62828|#1F4FD8,0.0,0.0,0.0,0.933394,0.625,23.0,23.0,2,0,0,0,0.0,0.0,0.0,0.0,2,0,,0,0,,,,1,1.0,0,0,0,0,0,0,0,MATCH,1,2.0
SC_039_R03.png,SC,scatter,comparison,SC_039,39,3,1111,671,OK,EXACT,2,2,2,0,0,0,vermelho|azul,#C62828|#1F4FD8,#C62828|#1F4FD8,0.0,0.0,0.0,0.933394,0.625,23.0,23.0,2,0,0,0,0.0,0.0,0.0,0.0,2,0,,0,0,,,,1,1.0,0,0,0,0,0,0,0,MATCH,1,2.0
SC_039_R04.png,SC,scatter,comparison,SC_039,39,4,1111,671,OK,EXACT,2,2,2,0,0,0,vermelho|azul,#C62828|#1F4FD8,#C62828|#1F4FD8,0.0,0.0,0.0,0.933394,0.625,23.0,23.0,2,0,0,0,0.0,0.0,0.0,0.0,2,0,,0,0,,,,1,1.0,0,0,0,0,0,0,0,MATCH,1,2.0
SC_039_R05.png,SC,scatter,comparison,SC_039,39,5,1200,800,OK,EXACT,2,2,2,0,0,0,vermelho|azul,#C62828|#1F4FD8,#C62828|#1F4FD8,0.0,0.0,0.0,0.905938,0.595238,35.0,35.0,2,0,0,0,0.0,0.0,0.0,0.0,3,0,,0,0,,,,1,1.0,0,0,0,0,0,0,0,MATCH,1,2.0
SC_039_R06.png,SC,scatter,comparison,SC_039,39,6,1200,800,OK,EXACT,2,2,2,0,0,0,vermelho|azul,#C62828|#1F4FD8,#C62828|#1F4FD8,0.0,0.0,0.0,0.905938,0.595238,35.0,35.0,2,0,0,0,0.0,0.0,0.0,0.0,3,0,,0,0,,,,1,1.0,0,0,0,0,0,0,0,MATCH,1,2.0
SC_039_R07.png,SC,scatter,comparison,SC_039,39,7,1200,800,OK,EXACT,2,2,2,0,0,0,vermelho|azul,#C62828|#1F4FD8,#C62828|#1F4FD8,0.0,0.0,0.0,0.905938,0.595238,35.0,35.0,2,0,0,0,0.0,0.0,0.0,0.0,3,0,,0,0,,,,1,1.0,0,0,0,0,0,0,0,MATCH,1,2.0
SC_039_R08.png,SC,scatter,comparison,SC_039,39,8,1189,790,OK,EXACT,2,2,2,0,0,0,vermelho|azul,#C62828|#1F4FD8,#C62828|#1F4FD8,0.0,0.0,0.0,0.891336,0.471698,33.0,33.0,2,0,0,0,0.0,0.0,0.0,0.0,1,0,,0,0,,,,1,1.0,0,0,0,0,0,0,0,MATCH,1,2.0
SC_039_R09.png,SC,scatter,comparison,SC_039,39,9,1111,671,OK,EXACT,2,2,2,0,0,0,vermelho|azul,#C62828|#1F4FD8,#C62828|#1F4FD8,0.0,0.0,0.0,0.933394,0.625,23.0,23.0,2,0,0,0,0.0,0.0,0.0,0.0,2,0,,0,0,,,,1,1.0,0,0,0,0,0,0,0,MATCH,1,2.0
SC_039_R10.png,SC,scatter,comparison,SC_039,39,10,1111,671,OK,EXACT,2,2,2,0,0,0,vermelho|azul,#C62828|#1F4FD8,#C62828|#1F4FD8,0.0,0.0,0.0,0.933394,0.625,23.0,23.0,2,0,0,0,0.0,0.0,0.0,0.0,2,0,,0,0,,,,1,1.0,0,0,0,0,0,0,0,MATCH,1,2.0
SC_040_R01.png,SC,scatter,comparison,SC_040,40,1,997,703,OK,EXACT,2,2,2,0,0,0,vermelho|azul,#C62828|#1F4FD8,#C62828|#1F4FD8,0.0,0.0,0.0,1.0,1.0,18.0,18.0,1,0,1,0,0.0,0.0,0.0,0.0,1,0,,0,0,,,,1,1.0,0,0,0,0,0,0,0,MATCH,1,2.0
SC_040_R02.png,SC,scatter,comparison,SC_040,40,2,1200,800,OK,EXACT,2,2,2,0,0,0,vermelho|azul,#C62828|#1F4FD8,#C62828|#1F4FD8,0.0,0.0,0.0,0.965094,0.449275,27.0,27.0,2,0,0,0,0.0,0.0,0.0,0.0,4,0,,0,0,,,,1,1.0,0,0,0,0,0,0,0,MATCH,1,2.0
SC_040_R03.png,SC,scatter,comparison,SC_040,40,3,1200,800,OK,EXACT,2,2,2,0,0,0,vermelho|azul,#C62828|#1F4FD8,#C62828|#1F4FD8,0.0,0.0,0.0,0.965094,0.449275,27.0,27.0,2,0,0,0,0.0,0.0,0.0,0.0,4,0,,0,0,,,,1,1.0,0,0,0,0,0,0,0,MATCH,1,2.0
SC_040_R04.png,SC,scatter,comparison,SC_040,40,4,1200,800,OK,EXACT,2,2,2,0,0,0,vermelho|azul,#C62828|#1F4FD8,#C62828|#1F4FD8,0.0,0.0,0.0,0.965094,0.449275,27.0,27.0,2,0,0,0,0.0,0.0,0.0,0.0,4,0,,0,0,,,,1,1.0,0,0,0,0,0,0,0,MATCH,1,2.0
SC_040_R05.png,SC,scatter,comparison,SC_040,40,5,1200,800,OK,EXACT,2,2,2,0,0,0,vermelho|azul,#C62828|#1F4FD8,#C62828|#1F4FD8,0.0,0.0,0.0,0.965094,0.449275,27.0,27.0,2,0,0,0,0.0,0.0,0.0,0.0,4,0,,0,0,,,,1,1.0,0,0,0,0,0,0,0,MATCH,1,2.0
SC_040_R06.png,SC,scatter,comparison,SC_040,40,6,1200,800,OK,EXACT,2,2,2,0,0,0,vermelho|azul,#C62828|#1F4FD8,#C62828|#1F4FD8,0.0,0.0,0.0,0.956213,0.691429,33.0,33.0,2,0,0,0,0.0,0.0,0.0,0.0,4,0,,0,0,,,,1,1.0,0,0,0,0,0,0,0,MATCH,1,2.0
SC_040_R07.png,SC,scatter,comparison,SC_040,40,7,1200,800,OK,EXACT,2,2,2,0,0,0,vermelho|azul,#C62828|#1F4FD8,#C62828|#1F4FD8,0.0,0.0,0.0,0.956213,0.691429,33.0,33.0,2,0,0,0,0.0,0.0,0.0,0.0,4,0,,0,0,,,,1,1.0,0,0,0,0,0,0,0,MATCH,1,2.0
SC_040_R08.png,SC,scatter,comparison,SC_040,40,8,1200,800,OK,EXACT,2,2,2,0,0,0,vermelho|azul,#C62828|#1F4FD8,#C62828|#1F4FD8,0.0,0.0,0.0,0.956213,0.691429,33.0,33.0,2,0,0,0,0.0,0.0,0.0,0.0,4,0,,0,0,,,,1,1.0,0,0,0,0,0,0,0,MATCH,1,2.0
SC_040_R09.png,SC,scatter,comparison,SC_040,40,9,1200,800,OK,EXACT,2,2,2,0,0,0,vermelho|azul,#C62828|#1F4FD8,#C62828|#1F4FD8,0.0,0.0,0.0,0.956213,0.691429,33.0,33.0,2,0,0,0,0.0,0.0,0.0,0.0,4,0,,0,0,,,,1,1.0,0,0,0,0,0,0,0,MATCH,1,2.0
SC_040_R10.png,SC,scatter,comparison,SC_040,40,10,1200,800,OK,EXACT,2,2,2,0,0,0,vermelho|azul,#C62828|#1F4FD8,#C62828|#1F4FD8,0.0,0.0,0.0,0.956213,0.691429,33.0,33.0,2,0,0,0,0.0,0.0,0.0,0.0,4,0,,0,0,,,,1,1.0,0,0,0,0,0,0,0,MATCH,1,2.0
SC_041_R01.png,SC,scatter,comparison,SC_041,41,1,1111,671,OK,EXACT,2,2,2,0,0,0,vermelho|azul,#C62828|#1F4FD8,#C62828|#1F4FD8,0.0,0.0,0.0,0.893232,0.595238,35.0,35.0,2,0,0,0,0.0,0.0,0.0,0.0,3,0,,0,0,,,,1,1.0,0,0,0,0,0,0,0,MATCH,1,2.0
SC_041_R02.png,SC,scatter,comparison,SC_041,41,2,1200,800,OK,EXACT,2,2,2,0,0,0,vermelho|azul,#C62828|#1F4FD8,#C62828|#1F4FD8,0.0,0.0,0.0,0.902646,0.595238,35.0,35.0,2,0,0,0,0.0,0.0,0.0,0.0,3,0,,0,0,,,,1,1.0,0,0,0,0,0,0,0,MATCH,1,2.0
SC_041_R03.png,SC,scatter,comparison,SC_041,41,3,1200,800,OK,EXACT,2,2,2,0,0,0,vermelho|azul,#C62828|#1F4FD8,#C62828|#1F4FD8,0.0,0.0,0.0,0.902646,0.595238,35.0,35.0,2,0,0,0,0.0,0.0,0.0,0.0,3,0,,0,0,,,,1,1.0,0,0,0,0,0,0,0,MATCH,1,2.0
SC_041_R04.png,SC,scatter,comparison,SC_041,41,4,1200,800,OK,EXACT,2,2,2,0,0,0,vermelho|azul,#C62828|#1F4FD8,#C62828|#1F4FD8,0.0,0.0,0.0,0.902646,0.595238,35.0,35.0,2,0,0,0,0.0,0.0,0.0,0.0,3,0,,0,0,,,,1,1.0,0,0,0,0,0,0,0,MATCH,1,2.0
SC_041_R05.png,SC,scatter,comparison,SC_041,41,5,1200,800,OK,EXACT,2,2,2,0,0,0,vermelho|azul,#C62828|#1F4FD8,#C62828|#1F4FD8,0.0,0.0,0.0,0.902646,0.595238,35.0,35.0,2,0,0,0,0.0,0.0,0.0,0.0,3,0,,0,0,,,,1,1.0,0,0,0,0,0,0,0,MATCH,1,2.0
SC_041_R06.png,SC,scatter,comparison,SC_041,41,6,1200,800,OK,EXACT,2,2,2,0,0,0,vermelho|azul,#C62828|#1F4FD8,#C62828|#1F4FD8,0.0,0.0,0.0,0.902646,0.595238,35.0,35.0,2,0,0,0,0.0,0.0,0.0,0.0,3,0,,0,0,,,,1,1.0,0,0,0,0,0,0,0,MATCH,1,2.0
SC_041_R07.png,SC,scatter,comparison,SC_041,41,7,1200,800,OK,EXACT,2,2,2,0,0,0,vermelho|azul,#C62828|#1F4FD8,#C62828|#1F4FD8,0.0,0.0,0.0,0.902646,0.595238,35.0,35.0,2,0,0,0,0.0,0.0,0.0,0.0,3,0,,0,0,,,,1,1.0,0,0,0,0,0,0,0,MATCH,1,2.0
SC_041_R08.png,SC,scatter,comparison,SC_041,41,8,1200,800,OK,EXACT,2,2,2,0,0,0,vermelho|azul,#C62828|#1F4FD8,#C62828|#1F4FD8,0.0,0.0,0.0,0.902646,0.595238,35.0,35.0,2,0,0,0,0.0,0.0,0.0,0.0,3,0,,0,0,,,,1,1.0,0,0,0,0,0,0,0,MATCH,1,2.0
SC_041_R09.png,SC,scatter,comparison,SC_041,41,9,1200,800,OK,EXACT,2,2,2,0,0,0,vermelho|azul,#C62828|#1F4FD8,#C62828|#1F4FD8,0.0,0.0,0.0,0.902646,0.595238,35.0,35.0,2,0,0,0,0.0,0.0,0.0,0.0,3,0,,0,0,,,,1,1.0,0,0,0,0,0,0,0,MATCH,1,2.0
SC_041_R10.png,SC,scatter,comparison,SC_041,41,10,1200,800,OK,EXACT,2,2,2,0,0,0,vermelho|azul,#C62828|#1F4FD8,#C62828|#1F4FD8,0.0,0.0,0.0,0.902646,0.595238,35.0,35.0,2,0,0,0,0.0,0.0,0.0,0.0,3,0,,0,0,,,,1,1.0,0,0,0,0,0,0,0,MATCH,1,2.0
SC_042_R01.png,SC,scatter,comparison,SC_042,42,1,1350,671,OK,EXACT,2,2,2,0,0,0,vermelho|azul,#C62828|#1F4FD8,#C62828|#1F4FD8,0.0,0.0,0.0,0.995619,0.927711,33.0,33.0,2,0,0,0,0.0,0.0,0.0,0.0,1,0,,0,0,,,,1,1.0,0,0,0,0,0,0,0,MATCH,1,2.0
SC_042_R02.png,SC,scatter,comparison,SC_042,42,2,1189,790,OK,EXACT,2,2,2,0,0,0,vermelho|azul,#C62828|#1F4FD8,#C62828|#1F4FD8,0.0,0.0,0.0,0.891336,0.471698,33.0,33.0,2,0,0,0,0.0,0.0,0.0,0.0,1,0,,0,0,,,,1,1.0,0,0,0,0,0,0,0,MATCH,1,2.0
SC_042_R03.png,SC,scatter,comparison,SC_042,42,3,1189,790,OK,EXACT,2,2,2,0,0,0,vermelho|azul,#C62828|#1F4FD8,#C62828|#1F4FD8,0.0,0.0,0.0,0.891336,0.471698,33.0,33.0,2,0,0,0,0.0,0.0,0.0,0.0,1,0,,0,0,,,,1,1.0,0,0,0,0,0,0,0,MATCH,1,2.0
SC_042_R04.png,SC,scatter,comparison,SC_042,42,4,1189,790,OK,EXACT,2,2,2,0,0,0,vermelho|azul,#C62828|#1F4FD8,#C62828|#1F4FD8,0.0,0.0,0.0,0.891336,0.471698,33.0,33.0,2,0,0,0,0.0,0.0,0.0,0.0,1,0,,0,0,,,,1,1.0,0,0,0,0,0,0,0,MATCH,1,2.0
SC_042_R05.png,SC,scatter,comparison,SC_042,42,5,1189,790,OK,EXACT,2,2,2,0,0,0,vermelho|azul,#C62828|#1F4FD8,#C62828|#1F4FD8,0.0,0.0,0.0,0.891336,0.471698,33.0,33.0,2,0,0,0,0.0,0.0,0.0,0.0,1,0,,0,0,,,,1,1.0,0,0,0,0,0,0,0,MATCH,1,2.0
SC_042_R06.png,SC,scatter,comparison,SC_042,42,6,1189,790,OK,EXACT,2,2,2,0,0,0,vermelho|azul,#C62828|#1F4FD8,#C62828|#1F4FD8,0.0,0.0,0.0,0.891336,0.471698,33.0,33.0,2,0,0,0,0.0,0.0,0.0,0.0,1,0,,0,0,,,,1,1.0,0,0,0,0,0,0,0,MATCH,1,2.0
SC_042_R07.png,SC,scatter,comparison,SC_042,42,7,1189,790,OK,EXACT,2,2,2,0,0,0,vermelho|azul,#C62828|#1F4FD8,#C62828|#1F4FD8,0.0,0.0,0.0,0.891336,0.471698,33.0,33.0,2,0,0,0,0.0,0.0,0.0,0.0,1,0,,0,0,,,,1,1.0,0,0,0,0,0,0,0,MATCH,1,2.0
SC_042_R08.png,SC,scatter,comparison,SC_042,42,8,1200,800,OK,EXACT,2,2,2,0,0,0,vermelho|azul,#C62828|#1F4FD8,#C62828|#1F4FD8,0.0,0.0,0.0,0.902646,0.595238,35.0,35.0,2,0,0,0,0.0,0.0,0.0,0.0,3,0,,0,0,,,,1,1.0,0,0,0,0,0,0,0,MATCH,1,2.0
SC_042_R09.png,SC,scatter,comparison,SC_042,42,9,1200,800,OK,EXACT,2,2,2,0,0,0,vermelho|azul,#C62828|#1F4FD8,#C62828|#1F4FD8,0.0,0.0,0.0,0.902646,0.595238,35.0,35.0,2,0,0,0,0.0,0.0,0.0,0.0,3,0,,0,0,,,,1,1.0,0,0,0,0,0,0,0,MATCH,1,2.0
SC_042_R10.png,SC,scatter,comparison,SC_042,42,10,1200,800,OK,EXACT,2,2,2,0,0,0,vermelho|azul,#C62828|#1F4FD8,#C62828|#1F4FD8,0.0,0.0,0.0,0.902646,0.595238,35.0,35.0,2,0,0,0,0.0,0.0,0.0,0.0,3,0,,0,0,,,,1,1.0,0,0,0,0,0,0,0,MATCH,1,2.0
SC_043_R01.png,SC,scatter,comparison,SC_043,43,1,1331,671,OK,EXACT,2,2,2,0,0,0,vermelho|azul,#C62828|#1F4FD8,#C62828|#1F4FD8,0.0,0.0,0.0,0.886762,0.595238,33.0,33.0,2,0,0,0,0.0,0.0,0.0,0.0,1,0,,0,0,,,,1,1.0,0,0,0,0,0,0,0,MATCH,1,2.0
SC_043_R02.png,SC,scatter,comparison,SC_043,43,2,1189,790,OK,EXACT,2,2,2,0,0,0,vermelho|azul,#C62828|#1F4FD8,#C62828|#1F4FD8,0.0,0.0,0.0,0.891336,0.471698,33.0,33.0,2,0,0,0,0.0,0.0,0.0,0.0,1,0,,0,0,,,,1,1.0,0,0,0,0,0,0,0,MATCH,1,2.0
SC_043_R03.png,SC,scatter,comparison,SC_043,43,3,1189,790,OK,EXACT,2,2,2,0,0,0,vermelho|azul,#C62828|#1F4FD8,#C62828|#1F4FD8,0.0,0.0,0.0,0.891336,0.471698,33.0,33.0,2,0,0,0,0.0,0.0,0.0,0.0,1,0,,0,0,,,,1,1.0,0,0,0,0,0,0,0,MATCH,1,2.0
SC_043_R04.png,SC,scatter,comparison,SC_043,43,4,1189,790,OK,EXACT,2,2,2,0,0,0,vermelho|azul,#C62828|#1F4FD8,#C62828|#1F4FD8,0.0,0.0,0.0,0.891336,0.471698,33.0,33.0,2,0,0,0,0.0,0.0,0.0,0.0,1,0,,0,0,,,,1,1.0,0,0,0,0,0,0,0,MATCH,1,2.0
SC_043_R05.png,SC,scatter,comparison,SC_043,43,5,1189,790,OK,EXACT,2,2,2,0,0,0,vermelho|azul,#C62828|#1F4FD8,#C62828|#1F4FD8,0.0,0.0,0.0,0.891336,0.471698,33.0,33.0,2,0,0,0,0.0,0.0,0.0,0.0,1,0,,0,0,,,,1,1.0,0,0,0,0,0,0,0,MATCH,1,2.0
SC_043_R06.png,SC,scatter,comparison,SC_043,43,6,1330,671,OK,EXACT,2,2,2,0,0,0,vermelho|azul,#C62828|#1F4FD8,#C62828|#1F4FD8,0.0,0.0,0.0,0.948436,0.470588,54.0,54.0,2,0,0,0,0.0,0.0,0.0,0.0,3,0,,0,0,,,,1,1.0,0,0,0,0,0,0,0,MATCH,1,2.0
SC_043_R07.png,SC,scatter,comparison,SC_043,43,7,1189,790,OK,EXACT,2,2,2,0,0,0,vermelho|azul,#C62828|#1F4FD8,#C62828|#1F4FD8,0.0,0.0,0.0,0.891336,0.471698,33.0,33.0,2,0,0,0,0.0,0.0,0.0,0.0,1,0,,0,0,,,,1,1.0,0,0,0,0,0,0,0,MATCH,1,2.0
SC_043_R08.png,SC,scatter,comparison,SC_043,43,8,1330,671,OK,EXACT,2,2,2,0,0,0,vermelho|azul,#C62828|#1F4FD8,#C62828|#1F4FD8,0.0,0.0,0.0,0.948436,0.470588,54.0,54.0,2,0,0,0,0.0,0.0,0.0,0.0,3,0,,0,0,,,,1,1.0,0,0,0,0,0,0,0,MATCH,1,2.0
SC_043_R09.png,SC,scatter,comparison,SC_043,43,9,1330,671,OK,EXACT,2,2,2,0,0,0,vermelho|azul,#C62828|#1F4FD8,#C62828|#1F4FD8,0.0,0.0,0.0,0.948436,0.470588,54.0,54.0,2,0,0,0,0.0,0.0,0.0,0.0,3,0,,0,0,,,,1,1.0,0,0,0,0,0,0,0,MATCH,1,2.0
SC_043_R10.png,SC,scatter,comparison,SC_043,43,10,1330,671,OK,EXACT,2,2,2,0,0,0,vermelho|azul,#C62828|#1F4FD8,#C62828|#1F4FD8,0.0,0.0,0.0,0.948436,0.470588,54.0,54.0,2,0,0,0,0.0,0.0,0.0,0.0,3,0,,0,0,,,,1,1.0,0,0,0,0,0,0,0,MATCH,1,2.0
SC_044_R01.png,SC,scatter,comparison,SC_044,44,1,1111,671,OK,EXACT,2,2,2,0,0,0,vermelho|azul,#C62828|#1F4FD8,#C62828|#1F4FD8,0.0,0.0,0.0,0.864346,0.458333,35.0,35.0,2,0,0,0,0.0,0.0,0.0,0.0,3,0,,0,0,,,,1,1.0,0,0,0,0,0,0,0,MATCH,1,2.0
SC_044_R02.png,SC,scatter,comparison,SC_044,44,2,1161,669,OK,EXACT,2,2,2,0,0,0,vermelho|azul,#C62828|#1F4FD8,#C62828|#1F4FD8,0.0,0.0,0.0,0.895282,0.471698,33.0,33.0,2,0,0,0,0.0,0.0,0.0,0.0,1,0,,0,0,,,,1,1.0,0,0,0,0,0,0,0,MATCH,1,2.0
SC_044_R03.png,SC,scatter,comparison,SC_044,44,3,1161,669,OK,EXACT,2,2,2,0,0,0,vermelho|azul,#C62828|#1F4FD8,#C62828|#1F4FD8,0.0,0.0,0.0,0.895282,0.471698,33.0,33.0,2,0,0,0,0.0,0.0,0.0,0.0,1,0,,0,0,,,,1,1.0,0,0,0,0,0,0,0,MATCH,1,2.0
SC_044_R04.png,SC,scatter,comparison,SC_044,44,4,1161,669,OK,EXACT,2,2,2,0,0,0,vermelho|azul,#C62828|#1F4FD8,#C62828|#1F4FD8,0.0,0.0,0.0,0.895282,0.471698,33.0,33.0,2,0,0,0,0.0,0.0,0.0,0.0,1,0,,0,0,,,,1,1.0,0,0,0,0,0,0,0,MATCH,1,2.0
SC_044_R05.png,SC,scatter,comparison,SC_044,44,5,1161,669,OK,EXACT,2,2,2,0,0,0,vermelho|azul,#C62828|#1F4FD8,#C62828|#1F4FD8,0.0,0.0,0.0,0.895282,0.471698,33.0,33.0,2,0,0,0,0.0,0.0,0.0,0.0,1,0,,0,0,,,,1,1.0,0,0,0,0,0,0,0,MATCH,1,2.0
SC_044_R06.png,SC,scatter,comparison,SC_044,44,6,1161,669,OK,EXACT,2,2,2,0,0,0,vermelho|azul,#C62828|#1F4FD8,#C62828|#1F4FD8,0.0,0.0,0.0,0.895282,0.471698,33.0,33.0,2,0,0,0,0.0,0.0,0.0,0.0,1,0,,0,0,,,,1,1.0,0,0,0,0,0,0,0,MATCH,1,2.0
SC_044_R07.png,SC,scatter,comparison,SC_044,44,7,1161,669,OK,EXACT,2,2,2,0,0,0,vermelho|azul,#C62828|#1F4FD8,#C62828|#1F4FD8,0.0,0.0,0.0,0.895282,0.471698,33.0,33.0,2,0,0,0,0.0,0.0,0.0,0.0,1,0,,0,0,,,,1,1.0,0,0,0,0,0,0,0,MATCH,1,2.0
SC_044_R08.png,SC,scatter,comparison,SC_044,44,8,1161,669,OK,EXACT,2,2,2,0,0,0,vermelho|azul,#C62828|#1F4FD8,#C62828|#1F4FD8,0.0,0.0,0.0,0.895282,0.471698,33.0,33.0,2,0,0,0,0.0,0.0,0.0,0.0,1,0,,0,0,,,,1,1.0,0,0,0,0,0,0,0,MATCH,1,2.0
SC_044_R09.png,SC,scatter,comparison,SC_044,44,9,1161,669,OK,EXACT,2,2,2,0,0,0,vermelho|azul,#C62828|#1F4FD8,#C62828|#1F4FD8,0.0,0.0,0.0,0.895282,0.471698,33.0,33.0,2,0,0,0,0.0,0.0,0.0,0.0,1,0,,0,0,,,,1,1.0,0,0,0,0,0,0,0,MATCH,1,2.0
SC_044_R10.png,SC,scatter,comparison,SC_044,44,10,1161,669,OK,EXACT,2,2,2,0,0,0,vermelho|azul,#C62828|#1F4FD8,#C62828|#1F4FD8,0.0,0.0,0.0,0.895282,0.471698,33.0,33.0,2,0,0,0,0.0,0.0,0.0,0.0,1,0,,0,0,,,,1,1.0,0,0,0,0,0,0,0,MATCH,1,2.0
SC_045_R01.png,SC,scatter,comparison,SC_045,45,1,1125,671,OK,EXACT,2,2,2,0,0,0,vermelho|azul,#C62828|#1F4FD8,#C62828|#1F4FD8,0.0,0.0,0.0,0.823389,0.607843,4.0,4.0,2,0,0,0,0.0,0.0,0.0,0.0,2,0,,0,0,,,,1,1.0,0,0,0,0,0,0,0,MATCH,1,2.0
SC_045_R02.png,SC,scatter,comparison,SC_045,45,2,1161,669,OK,EXACT,2,2,2,0,0,0,vermelho|azul,#C62828|#1F4FD8,#C62828|#1F4FD8,0.0,0.0,0.0,0.895282,0.471698,33.0,33.0,2,0,0,0,0.0,0.0,0.0,0.0,1,0,,0,0,,,,1,1.0,0,0,0,0,0,0,0,MATCH,1,2.0
SC_045_R03.png,SC,scatter,comparison,SC_045,45,3,1161,669,OK,EXACT,2,2,2,0,0,0,vermelho|azul,#C62828|#1F4FD8,#C62828|#1F4FD8,0.0,0.0,0.0,0.895282,0.471698,33.0,33.0,2,0,0,0,0.0,0.0,0.0,0.0,1,0,,0,0,,,,1,1.0,0,0,0,0,0,0,0,MATCH,1,2.0
SC_045_R04.png,SC,scatter,comparison,SC_045,45,4,1161,669,OK,EXACT,2,2,2,0,0,0,vermelho|azul,#C62828|#1F4FD8,#C62828|#1F4FD8,0.0,0.0,0.0,0.895282,0.471698,33.0,33.0,2,0,0,0,0.0,0.0,0.0,0.0,1,0,,0,0,,,,1,1.0,0,0,0,0,0,0,0,MATCH,1,2.0
SC_045_R05.png,SC,scatter,comparison,SC_045,45,5,1162,669,OK,EXACT,2,2,2,0,0,0,vermelho|azul,#C62828|#1F4FD8,#C62828|#1F4FD8,0.0,0.0,0.0,0.958079,0.469136,32.0,32.0,2,0,0,0,0.0,0.0,0.0,0.0,3,0,,0,0,,,,1,1.0,0,0,0,0,0,0,0,MATCH,1,2.0
SC_045_R06.png,SC,scatter,comparison,SC_045,45,6,1162,669,OK,EXACT,2,2,2,0,0,0,vermelho|azul,#C62828|#1F4FD8,#C62828|#1F4FD8,0.0,0.0,0.0,0.958079,0.469136,32.0,32.0,2,0,0,0,0.0,0.0,0.0,0.0,3,0,,0,0,,,,1,1.0,0,0,0,0,0,0,0,MATCH,1,2.0
SC_045_R07.png,SC,scatter,comparison,SC_045,45,7,1161,669,OK,EXACT,2,2,2,0,0,0,vermelho|azul,#C62828|#1F4FD8,#C62828|#1F4FD8,0.0,0.0,0.0,0.895282,0.471698,33.0,33.0,2,0,0,0,0.0,0.0,0.0,0.0,1,0,,0,0,,,,1,1.0,0,0,0,0,0,0,0,MATCH,1,2.0
SC_045_R08.png,SC,scatter,comparison,SC_045,45,8,1162,669,OK,EXACT,2,2,2,0,0,0,vermelho|azul,#C62828|#1F4FD8,#C62828|#1F4FD8,0.0,0.0,0.0,0.958079,0.469136,32.0,32.0,2,0,0,0,0.0,0.0,0.0,0.0,3,0,,0,0,,,,1,1.0,0,0,0,0,0,0,0,MATCH,1,2.0
SC_045_R09.png,SC,scatter,comparison,SC_045,45,9,1162,669,OK,EXACT,2,2,2,0,0,0,vermelho|azul,#C62828|#1F4FD8,#C62828|#1F4FD8,0.0,0.0,0.0,0.958079,0.469136,32.0,32.0,2,0,0,0,0.0,0.0,0.0,0.0,3,0,,0,0,,,,1,1.0,0,0,0,0,0,0,0,MATCH,1,2.0
SC_045_R10.png,SC,scatter,comparison,SC_045,45,10,1162,669,OK,EXACT,2,2,2,0,0,0,vermelho|azul,#C62828|#1F4FD8,#C62828|#1F4FD8,0.0,0.0,0.0,0.958079,0.469136,32.0,32.0,2,0,0,0,0.0,0.0,0.0,0.0,3,0,,0,0,,,,1,1.0,0,0,0,0,0,0,0,MATCH,1,2.0
SC_046_R01.png,SC,scatter,comparison,SC_046,46,1,1352,671,OK,EXACT,2,2,2,0,0,0,vermelho|azul,#C62828|#1F4FD8,#C62828|#1F4FD8,0.0,0.0,0.0,0.877878,0.542373,32.0,32.0,2,0,0,0,0.0,0.0,0.0,0.0,1,0,,0,0,,,,1,1.0,0,0,0,0,0,0,0,MATCH,1,2.0
SC_046_R02.png,SC,scatter,comparison,SC_046,46,2,1161,669,OK,EXACT,2,2,2,0,0,0,vermelho|azul,#C62828|#1F4FD8,#C62828|#1F4FD8,0.0,0.0,0.0,0.895282,0.471698,33.0,33.0,2,0,0,0,0.0,0.0,0.0,0.0,1,0,,0,0,,,,1,1.0,0,0,0,0,0,0,0,MATCH,1,2.0
SC_046_R03.png,SC,scatter,comparison,SC_046,46,3,1161,669,OK,EXACT,2,2,2,0,0,0,vermelho|azul,#C62828|#1F4FD8,#C62828|#1F4FD8,0.0,0.0,0.0,0.895282,0.471698,33.0,33.0,2,0,0,0,0.0,0.0,0.0,0.0,1,0,,0,0,,,,1,1.0,0,0,0,0,0,0,0,MATCH,1,2.0
SC_046_R04.png,SC,scatter,comparison,SC_046,46,4,1138,669,OK,EXACT,2,2,2,0,0,0,vermelho|azul,#C62828|#1F4FD8,#C62828|#1F4FD8,0.0,0.0,0.0,0.938665,0.469136,33.0,33.0,2,0,0,0,0.0,0.0,0.0,0.0,3,0,,0,0,,,,1,1.0,0,0,0,0,0,0,0,MATCH,1,2.0
SC_046_R05.png,SC,scatter,comparison,SC_046,46,5,1138,669,OK,EXACT,2,2,2,0,0,0,vermelho|azul,#C62828|#1F4FD8,#C62828|#1F4FD8,0.0,0.0,0.0,0.938665,0.469136,33.0,33.0,2,0,0,0,0.0,0.0,0.0,0.0,3,0,,0,0,,,,1,1.0,0,0,0,0,0,0,0,MATCH,1,2.0
SC_046_R06.png,SC,scatter,comparison,SC_046,46,6,1138,669,OK,EXACT,2,2,2,0,0,0,vermelho|azul,#C62828|#1F4FD8,#C62828|#1F4FD8,0.0,0.0,0.0,0.938665,0.469136,33.0,33.0,2,0,0,0,0.0,0.0,0.0,0.0,3,0,,0,0,,,,1,1.0,0,0,0,0,0,0,0,MATCH,1,2.0
SC_046_R07.png,SC,scatter,comparison,SC_046,46,7,1138,669,OK,EXACT,2,2,2,0,0,0,vermelho|azul,#C62828|#1F4FD8,#C62828|#1F4FD8,0.0,0.0,0.0,0.938665,0.469136,33.0,33.0,2,0,0,0,0.0,0.0,0.0,0.0,3,0,,0,0,,,,1,1.0,0,0,0,0,0,0,0,MATCH,1,2.0
SC_046_R08.png,SC,scatter,comparison,SC_046,46,8,1138,669,OK,EXACT,2,2,2,0,0,0,vermelho|azul,#C62828|#1F4FD8,#C62828|#1F4FD8,0.0,0.0,0.0,0.938665,0.469136,33.0,33.0,2,0,0,0,0.0,0.0,0.0,0.0,3,0,,0,0,,,,1,1.0,0,0,0,0,0,0,0,MATCH,1,2.0
SC_046_R09.png,SC,scatter,comparison,SC_046,46,9,1138,669,OK,EXACT,2,2,2,0,0,0,vermelho|azul,#C62828|#1F4FD8,#C62828|#1F4FD8,0.0,0.0,0.0,0.938665,0.469136,33.0,33.0,2,0,0,0,0.0,0.0,0.0,0.0,3,0,,0,0,,,,1,1.0,0,0,0,0,0,0,0,MATCH,1,2.0
SC_046_R10.png,SC,scatter,comparison,SC_046,46,10,1138,669,OK,EXACT,2,2,2,0,0,0,vermelho|azul,#C62828|#1F4FD8,#C62828|#1F4FD8,0.0,0.0,0.0,0.938665,0.469136,33.0,33.0,2,0,0,0,0.0,0.0,0.0,0.0,3,0,,0,0,,,,1,1.0,0,0,0,0,0,0,0,MATCH,1,2.0
SC_047_R01.png,SC,scatter,comparison,SC_047,47,1,1352,671,OK,EXACT,2,2,2,0,0,0,vermelho|azul,#C62828|#1F4FD8,#C62828|#1F4FD8,0.0,0.0,0.0,0.886762,0.595238,33.0,33.0,2,0,0,0,0.0,0.0,0.0,0.0,1,0,,0,0,,,,1,1.0,0,0,0,0,0,0,0,MATCH,1,2.0
SC_047_R02.png,SC,scatter,comparison,SC_047,47,2,1200,800,OK,EXACT,2,2,2,0,0,0,vermelho|azul,#C62828|#1F4FD8,#C62828|#1F4FD8,0.0,0.0,0.0,0.894411,0.471698,33.0,33.0,2,0,0,0,0.0,0.0,0.0,0.0,1,0,,0,0,,,,1,1.0,0,0,0,0,0,0,0,MATCH,1,2.0
SC_047_R03.png,SC,scatter,comparison,SC_047,47,3,1200,800,OK,EXACT,2,2,2,0,0,0,vermelho|azul,#C62828|#1F4FD8,#C62828|#1F4FD8,0.0,0.0,0.0,0.894411,0.471698,33.0,33.0,2,0,0,0,0.0,0.0,0.0,0.0,1,0,,0,0,,,,1,1.0,0,0,0,0,0,0,0,MATCH,1,2.0
SC_047_R04.png,SC,scatter,comparison,SC_047,47,4,1200,800,OK,EXACT,2,2,2,0,0,0,vermelho|azul,#C62828|#1F4FD8,#C62828|#1F4FD8,0.0,0.0,0.0,0.894411,0.471698,33.0,33.0,2,0,0,0,0.0,0.0,0.0,0.0,1,0,,0,0,,,,1,1.0,0,0,0,0,0,0,0,MATCH,1,2.0
SC_047_R05.png,SC,scatter,comparison,SC_047,47,5,1200,800,OK,EXACT,2,2,2,0,0,0,vermelho|azul,#C62828|#1F4FD8,#C62828|#1F4FD8,0.0,0.0,0.0,0.894411,0.471698,33.0,33.0,2,0,0,0,0.0,0.0,0.0,0.0,1,0,,0,0,,,,1,1.0,0,0,0,0,0,0,0,MATCH,1,2.0
SC_047_R06.png,SC,scatter,comparison,SC_047,47,6,1200,800,OK,EXACT,2,2,2,0,0,0,vermelho|azul,#C62828|#1F4FD8,#C62828|#1F4FD8,0.0,0.0,0.0,0.894411,0.471698,33.0,33.0,2,0,0,0,0.0,0.0,0.0,0.0,1,0,,0,0,,,,1,1.0,0,0,0,0,0,0,0,MATCH,1,2.0
SC_047_R07.png,SC,scatter,comparison,SC_047,47,7,1200,800,OK,EXACT,2,2,2,0,0,0,vermelho|azul,#C62828|#1F4FD8,#C62828|#1F4FD8,0.0,0.0,0.0,0.894411,0.471698,33.0,33.0,2,0,0,0,0.0,0.0,0.0,0.0,1,0,,0,0,,,,1,1.0,0,0,0,0,0,0,0,MATCH,1,2.0
SC_047_R08.png,SC,scatter,comparison,SC_047,47,8,1200,800,OK,EXACT,2,2,2,0,0,0,vermelho|azul,#C62828|#1F4FD8,#C62828|#1F4FD8,0.0,0.0,0.0,0.894411,0.471698,33.0,33.0,2,0,0,0,0.0,0.0,0.0,0.0,1,0,,0,0,,,,1,1.0,0,0,0,0,0,0,0,MATCH,1,2.0
SC_047_R09.png,SC,scatter,comparison,SC_047,47,9,1200,800,OK,EXACT,2,2,2,0,0,0,vermelho|azul,#C62828|#1F4FD8,#C62828|#1F4FD8,0.0,0.0,0.0,0.894411,0.471698,33.0,33.0,2,0,0,0,0.0,0.0,0.0,0.0,1,0,,0,0,,,,1,1.0,0,0,0,0,0,0,0,MATCH,1,2.0
SC_047_R10.png,SC,scatter,comparison,SC_047,47,10,1200,800,OK,EXACT,2,2,2,0,0,0,vermelho|azul,#C62828|#1F4FD8,#C62828|#1F4FD8,0.0,0.0,0.0,0.894411,0.471698,33.0,33.0,2,0,0,0,0.0,0.0,0.0,0.0,1,0,,0,0,,,,1,1.0,0,0,0,0,0,0,0,MATCH,1,2.0
SC_048_R01.png,SC,scatter,comparison,SC_048,48,1,1111,671,OK,EXACT,2,2,2,0,0,0,vermelho|azul,#C62828|#1F4FD8,#C62828|#1F4FD8,0.0,0.0,0.0,0.929694,0.405405,35.0,35.0,2,0,0,0,0.0,0.0,0.0,0.0,3,0,,0,0,,,,1,1.0,0,0,0,0,0,0,0,MATCH,1,2.0
SC_048_R02.png,SC,scatter,comparison,SC_048,48,2,1200,800,OK,EXACT,2,2,2,0,0,0,vermelho|azul,#C62828|#1F4FD8,#C62828|#1F4FD8,0.0,0.0,0.0,0.949427,0.481865,52.0,52.0,2,0,0,0,0.0,0.0,0.0,0.0,3,0,,0,0,,,,1,1.0,0,0,0,0,0,0,0,MATCH,1,2.0
SC_048_R03.png,SC,scatter,comparison,SC_048,48,3,1200,800,OK,EXACT,2,2,2,0,0,0,vermelho|azul,#C62828|#1F4FD8,#C62828|#1F4FD8,0.0,0.0,0.0,0.949427,0.481865,52.0,52.0,2,0,0,0,0.0,0.0,0.0,0.0,3,0,,0,0,,,,1,1.0,0,0,0,0,0,0,0,MATCH,1,2.0
SC_048_R04.png,SC,scatter,comparison,SC_048,48,4,1200,800,OK,EXACT,2,2,2,0,0,0,vermelho|azul,#C62828|#1F4FD8,#C62828|#1F4FD8,0.0,0.0,0.0,0.949427,0.481865,52.0,52.0,2,0,0,0,0.0,0.0,0.0,0.0,3,0,,0,0,,,,1,1.0,0,0,0,0,0,0,0,MATCH,1,2.0
SC_048_R05.png,SC,scatter,comparison,SC_048,48,5,1200,800,OK,EXACT,2,2,2,0,0,0,vermelho|azul,#C62828|#1F4FD8,#C62828|#1F4FD8,0.0,0.0,0.0,0.949427,0.481865,52.0,52.0,2,0,0,0,0.0,0.0,0.0,0.0,3,0,,0,0,,,,1,1.0,0,0,0,0,0,0,0,MATCH,1,2.0
SC_048_R06.png,SC,scatter,comparison,SC_048,48,6,1200,800,OK,EXACT,2,2,2,0,0,0,vermelho|azul,#C62828|#1F4FD8,#C62828|#1F4FD8,0.0,0.0,0.0,0.949427,0.481865,52.0,52.0,2,0,0,0,0.0,0.0,0.0,0.0,3,0,,0,0,,,,1,1.0,0,0,0,0,0,0,0,MATCH,1,2.0
SC_048_R07.png,SC,scatter,comparison,SC_048,48,7,1200,800,OK,EXACT,2,2,2,0,0,0,vermelho|azul,#C62828|#1F4FD8,#C62828|#1F4FD8,0.0,0.0,0.0,0.949427,0.481865,52.0,52.0,2,0,0,0,0.0,0.0,0.0,0.0,3,0,,0,0,,,,1,1.0,0,0,0,0,0,0,0,MATCH,1,2.0
SC_048_R08.png,SC,scatter,comparison,SC_048,48,8,1200,800,OK,EXACT,2,2,2,0,0,0,vermelho|azul,#C62828|#1F4FD8,#C62828|#1F4FD8,0.0,0.0,0.0,0.949427,0.481865,52.0,52.0,2,0,0,0,0.0,0.0,0.0,0.0,3,0,,0,0,,,,1,1.0,0,0,0,0,0,0,0,MATCH,1,2.0
SC_048_R09.png,SC,scatter,comparison,SC_048,48,9,1200,800,OK,EXACT,2,2,2,0,0,0,vermelho|azul,#C62828|#1F4FD8,#C62828|#1F4FD8,0.0,0.0,0.0,0.949427,0.481865,52.0,52.0,2,0,0,0,0.0,0.0,0.0,0.0,3,0,,0,0,,,,1,1.0,0,0,0,0,0,0,0,MATCH,1,2.0
SC_048_R10.png,SC,scatter,comparison,SC_048,48,10,1200,800,OK,EXACT,2,2,2,0,0,0,vermelho|azul,#C62828|#1F4FD8,#C62828|#1F4FD8,0.0,0.0,0.0,0.949427,0.481865,52.0,52.0,2,0,0,0,0.0,0.0,0.0,0.0,3,0,,0,0,,,,1,1.0,0,0,0,0,0,0,0,MATCH,1,2.0
SC_049_R01.png,SC,scatter,comparison,SC_049,49,1,1189,790,OK,MISSING,2,1,1,0,1,1,vermelho|azul,#C62828|#1F4FD8,#C62828,0.0,0.0,0.0,1.0,1.0,27.0,27.0,1,0,0,0,0.0,0.0,0.0,0.0,1,0,,0,0,,,,1,1.0,0,1,0,0,0,0,0,MISSING_COLOR,0,2.0
SC_049_R02.png,SC,scatter,comparison,SC_049,49,2,1200,800,OK,EXACT,2,2,2,0,0,0,vermelho|azul,#C62828|#1F4FD8,#C62828|#1F4FD8,0.0,0.0,0.0,0.952067,0.469136,31.0,31.0,2,0,0,0,0.0,0.0,0.0,0.0,0,0,,0,0,,,,1,1.0,0,0,0,0,0,0,0,MATCH,1,2.0
SC_049_R03.png,SC,scatter,comparison,SC_049,49,3,1200,800,OK,EXACT,2,2,2,0,0,0,vermelho|azul,#C62828|#1F4FD8,#C62828|#1F4FD8,0.0,0.0,0.0,0.952067,0.469136,31.0,31.0,2,0,0,0,0.0,0.0,0.0,0.0,0,0,,0,0,,,,1,1.0,0,0,0,0,0,0,0,MATCH,1,2.0
SC_049_R04.png,SC,scatter,comparison,SC_049,49,4,1200,800,OK,EXACT,2,2,2,0,0,0,vermelho|azul,#C62828|#1F4FD8,#C62828|#1F4FD8,0.0,0.0,0.0,0.952067,0.469136,31.0,31.0,2,0,0,0,0.0,0.0,0.0,0.0,0,0,,0,0,,,,1,1.0,0,0,0,0,0,0,0,MATCH,1,2.0
SC_049_R05.png,SC,scatter,comparison,SC_049,49,5,1200,800,OK,EXACT,2,2,2,0,0,0,vermelho|azul,#C62828|#1F4FD8,#C62828|#1F4FD8,0.0,0.0,0.0,0.952067,0.469136,31.0,31.0,2,0,0,0,0.0,0.0,0.0,0.0,0,0,,0,0,,,,1,1.0,0,0,0,0,0,0,0,MATCH,1,2.0
SC_049_R06.png,SC,scatter,comparison,SC_049,49,6,1200,800,OK,EXACT,2,2,2,0,0,0,vermelho|azul,#C62828|#1F4FD8,#C62828|#1F4FD8,0.0,0.0,0.0,0.952067,0.469136,31.0,31.0,2,0,0,0,0.0,0.0,0.0,0.0,0,0,,0,0,,,,1,1.0,0,0,0,0,0,0,0,MATCH,1,2.0
SC_049_R07.png,SC,scatter,comparison,SC_049,49,7,1200,800,OK,EXACT,2,2,2,0,0,0,vermelho|azul,#C62828|#1F4FD8,#C62828|#1F4FD8,0.0,0.0,0.0,0.952067,0.469136,31.0,31.0,2,0,0,0,0.0,0.0,0.0,0.0,0,0,,0,0,,,,1,1.0,0,0,0,0,0,0,0,MATCH,1,2.0
SC_049_R08.png,SC,scatter,comparison,SC_049,49,8,1200,800,OK,EXACT,2,2,2,0,0,0,vermelho|azul,#C62828|#1F4FD8,#C62828|#1F4FD8,0.0,0.0,0.0,0.952067,0.469136,31.0,31.0,2,0,0,0,0.0,0.0,0.0,0.0,0,0,,0,0,,,,1,1.0,0,0,0,0,0,0,0,MATCH,1,2.0
SC_049_R09.png,SC,scatter,comparison,SC_049,49,9,1200,800,OK,EXACT,2,2,2,0,0,0,vermelho|azul,#C62828|#1F4FD8,#C62828|#1F4FD8,0.0,0.0,0.0,0.952067,0.469136,31.0,31.0,2,0,0,0,0.0,0.0,0.0,0.0,0,0,,0,0,,,,1,1.0,0,0,0,0,0,0,0,MATCH,1,2.0
SC_049_R10.png,SC,scatter,comparison,SC_049,49,10,1200,800,OK,EXACT,2,2,2,0,0,0,vermelho|azul,#C62828|#1F4FD8,#C62828|#1F4FD8,0.0,0.0,0.0,0.952067,0.469136,31.0,31.0,2,0,0,0,0.0,0.0,0.0,0.0,0,0,,0,0,,,,1,1.0,0,0,0,0,0,0,0,MATCH,1,2.0
SC_050_R01.png,SC,scatter,comparison,SC_050,50,1,1200,701,OK,EXACT,2,2,2,0,0,0,vermelho|azul,#C62828|#1F4FD8,#C62828|#1F4FD8,0.0,0.0,0.0,1.0,1.0,2.0,2.0,0,0,2,0,0.0,0.0,0.0,0.0,0,0,,0,0,,,,1,1.0,0,0,0,0,0,0,0,MATCH,1,2.0
SC_050_R02.png,SC,scatter,comparison,SC_050,50,2,1200,800,OK,EXACT,2,2,2,0,0,0,vermelho|azul,#C62828|#1F4FD8,#C62828|#1F4FD8,0.0,0.0,0.0,0.894411,0.471698,33.0,33.0,2,0,0,0,0.0,0.0,0.0,0.0,1,0,,0,0,,,,1,1.0,0,0,0,0,0,0,0,MATCH,1,2.0
SC_050_R03.png,SC,scatter,comparison,SC_050,50,3,1200,800,OK,EXACT,2,2,2,0,0,0,vermelho|azul,#C62828|#1F4FD8,#C62828|#1F4FD8,0.0,0.0,0.0,0.894411,0.471698,33.0,33.0,2,0,0,0,0.0,0.0,0.0,0.0,1,0,,0,0,,,,1,1.0,0,0,0,0,0,0,0,MATCH,1,2.0
SC_050_R04.png,SC,scatter,comparison,SC_050,50,4,1200,800,OK,EXACT,2,2,2,0,0,0,vermelho|azul,#C62828|#1F4FD8,#C62828|#1F4FD8,0.0,0.0,0.0,0.894411,0.471698,33.0,33.0,2,0,0,0,0.0,0.0,0.0,0.0,1,0,,0,0,,,,1,1.0,0,0,0,0,0,0,0,MATCH,1,2.0
SC_050_R05.png,SC,scatter,comparison,SC_050,50,5,1200,800,OK,EXACT,2,2,2,0,0,0,vermelho|azul,#C62828|#1F4FD8,#C62828|#1F4FD8,0.0,0.0,0.0,0.894411,0.471698,33.0,33.0,2,0,0,0,0.0,0.0,0.0,0.0,1,0,,0,0,,,,1,1.0,0,0,0,0,0,0,0,MATCH,1,2.0
SC_050_R06.png,SC,scatter,comparison,SC_050,50,6,1200,800,OK,EXACT,2,2,2,0,0,0,vermelho|azul,#C62828|#1F4FD8,#C62828|#1F4FD8,0.0,0.0,0.0,0.894411,0.471698,33.0,33.0,2,0,0,0,0.0,0.0,0.0,0.0,1,0,,0,0,,,,1,1.0,0,0,0,0,0,0,0,MATCH,1,2.0
SC_050_R07.png,SC,scatter,comparison,SC_050,50,7,1200,800,OK,EXACT,2,2,2,0,0,0,vermelho|azul,#C62828|#1F4FD8,#C62828|#1F4FD8,0.0,0.0,0.0,0.894411,0.471698,33.0,33.0,2,0,0,0,0.0,0.0,0.0,0.0,1,0,,0,0,,,,1,1.0,0,0,0,0,0,0,0,MATCH,1,2.0
SC_050_R08.png,SC,scatter,comparison,SC_050,50,8,1200,800,OK,EXACT,2,2,2,0,0,0,vermelho|azul,#C62828|#1F4FD8,#C62828|#1F4FD8,0.0,0.0,0.0,0.894411,0.471698,33.0,33.0,2,0,0,0,0.0,0.0,0.0,0.0,1,0,,0,0,,,,1,1.0,0,0,0,0,0,0,0,MATCH,1,2.0
SC_050_R09.png,SC,scatter,comparison,SC_050,50,9,1200,800,OK,EXACT,2,2,2,0,0,0,vermelho|azul,#C62828|#1F4FD8,#C62828|#1F4FD8,0.0,0.0,0.0,0.894411,0.471698,33.0,33.0,2,0,0,0,0.0,0.0,0.0,0.0,1,0,,0,0,,,,1,1.0,0,0,0,0,0,0,0,MATCH,1,2.0
SC_050_R10.png,SC,scatter,comparison,SC_050,50,10,1200,800,OK,EXACT,2,2,2,0,0,0,vermelho|azul,#C62828|#1F4FD8,#C62828|#1F4FD8,0.0,0.0,0.0,0.894411,0.471698,33.0,33.0,2,0,0,0,0.0,0.0,0.0,0.0,1,0,,0,0,,,,1,1.0,0,0,0,0,0,0,0,MATCH,1,2.0
SC_051_R01.png,SC,scatter,comparison,SC_051,51,1,1200,800,OK,EXACT,2,2,2,0,0,0,vermelho|azul,#C62828|#1F4FD8,#C62828|#1F4FD8,0.0,0.0,0.0,0.887155,0.595238,33.0,33.0,2,0,0,0,0.0,0.0,0.0,0.0,1,0,,0,0,,,,1,1.0,0,0,0,0,0,0,0,MATCH,1,2.0
SC_051_R02.png,SC,scatter,comparison,SC_051,51,2,1331,671,OK,EXACT,2,2,2,0,0,0,vermelho|azul,#C62828|#1F4FD8,#C62828|#1F4FD8,0.0,0.0,0.0,0.886762,0.595238,33.0,33.0,2,0,0,0,0.0,0.0,0.0,0.0,1,0,,0,0,,,,1,1.0,0,0,0,0,0,0,0,MATCH,1,2.0
SC_051_R03.png,SC,scatter,comparison,SC_051,51,3,1331,671,OK,EXACT,2,2,2,0,0,0,vermelho|azul,#C62828|#1F4FD8,#C62828|#1F4FD8,0.0,0.0,0.0,0.886762,0.595238,33.0,33.0,2,0,0,0,0.0,0.0,0.0,0.0,1,0,,0,0,,,,1,1.0,0,0,0,0,0,0,0,MATCH,1,2.0
SC_051_R04.png,SC,scatter,comparison,SC_051,51,4,1331,671,OK,EXACT,2,2,2,0,0,0,vermelho|azul,#C62828|#1F4FD8,#C62828|#1F4FD8,0.0,0.0,0.0,0.886762,0.595238,33.0,33.0,2,0,0,0,0.0,0.0,0.0,0.0,1,0,,0,0,,,,1,1.0,0,0,0,0,0,0,0,MATCH,1,2.0
SC_051_R05.png,SC,scatter,comparison,SC_051,51,5,1331,671,OK,EXACT,2,2,2,0,0,0,vermelho|azul,#C62828|#1F4FD8,#C62828|#1F4FD8,0.0,0.0,0.0,0.886762,0.595238,33.0,33.0,2,0,0,0,0.0,0.0,0.0,0.0,1,0,,0,0,,,,1,1.0,0,0,0,0,0,0,0,MATCH,1,2.0
SC_051_R06.png,SC,scatter,comparison,SC_051,51,6,1331,671,OK,EXACT,2,2,2,0,0,0,vermelho|azul,#C62828|#1F4FD8,#C62828|#1F4FD8,0.0,0.0,0.0,0.886762,0.595238,33.0,33.0,2,0,0,0,0.0,0.0,0.0,0.0,1,0,,0,0,,,,1,1.0,0,0,0,0,0,0,0,MATCH,1,2.0
SC_051_R07.png,SC,scatter,comparison,SC_051,51,7,1331,671,OK,EXACT,2,2,2,0,0,0,vermelho|azul,#C62828|#1F4FD8,#C62828|#1F4FD8,0.0,0.0,0.0,0.886762,0.595238,33.0,33.0,2,0,0,0,0.0,0.0,0.0,0.0,1,0,,0,0,,,,1,1.0,0,0,0,0,0,0,0,MATCH,1,2.0
SC_051_R08.png,SC,scatter,comparison,SC_051,51,8,1331,671,OK,EXACT,2,2,2,0,0,0,vermelho|azul,#C62828|#1F4FD8,#C62828|#1F4FD8,0.0,0.0,0.0,0.886762,0.595238,33.0,33.0,2,0,0,0,0.0,0.0,0.0,0.0,1,0,,0,0,,,,1,1.0,0,0,0,0,0,0,0,MATCH,1,2.0
SC_051_R09.png,SC,scatter,comparison,SC_051,51,9,1331,671,OK,EXACT,2,2,2,0,0,0,vermelho|azul,#C62828|#1F4FD8,#C62828|#1F4FD8,0.0,0.0,0.0,0.886762,0.595238,33.0,33.0,2,0,0,0,0.0,0.0,0.0,0.0,1,0,,0,0,,,,1,1.0,0,0,0,0,0,0,0,MATCH,1,2.0
SC_051_R10.png,SC,scatter,comparison,SC_051,51,10,1331,671,OK,EXACT,2,2,2,0,0,0,vermelho|azul,#C62828|#1F4FD8,#C62828|#1F4FD8,0.0,0.0,0.0,0.886762,0.595238,33.0,33.0,2,0,0,0,0.0,0.0,0.0,0.0,1,0,,0,0,,,,1,1.0,0,0,0,0,0,0,0,MATCH,1,2.0
SC_052_R01.png,SC,scatter,comparison,SC_052,52,1,1111,671,OK,EXACT,2,2,2,0,0,0,vermelho|azul,#C62828|#1F4FD8,#C62828|#1F4FD8,0.0,0.0,0.0,0.893232,0.595238,35.0,35.0,2,0,0,0,0.0,0.0,0.0,0.0,3,0,,0,0,,,,1,1.0,0,0,0,0,0,0,0,MATCH,1,2.0
SC_052_R02.png,SC,scatter,comparison,SC_052,52,2,1330,669,OK,EXACT,2,2,2,0,0,0,vermelho|azul,#C62828|#1F4FD8,#C62828|#1F4FD8,0.0,0.0,0.0,0.90055,0.595238,33.0,33.0,2,0,0,0,0.0,0.0,0.0,0.0,1,0,,0,0,,,,1,1.0,0,0,0,0,0,0,0,MATCH,1,2.0
SC_052_R03.png,SC,scatter,comparison,SC_052,52,3,1330,669,OK,EXACT,2,2,2,0,0,0,vermelho|azul,#C62828|#1F4FD8,#C62828|#1F4FD8,0.0,0.0,0.0,0.90055,0.595238,33.0,33.0,2,0,0,0,0.0,0.0,0.0,0.0,1,0,,0,0,,,,1,1.0,0,0,0,0,0,0,0,MATCH,1,2.0
SC_052_R04.png,SC,scatter,comparison,SC_052,52,4,1330,669,OK,EXACT,2,2,2,0,0,0,vermelho|azul,#C62828|#1F4FD8,#C62828|#1F4FD8,0.0,0.0,0.0,0.90055,0.595238,33.0,33.0,2,0,0,0,0.0,0.0,0.0,0.0,1,0,,0,0,,,,1,1.0,0,0,0,0,0,0,0,MATCH,1,2.0
SC_052_R05.png,SC,scatter,comparison,SC_052,52,5,1330,669,OK,EXACT,2,2,2,0,0,0,vermelho|azul,#C62828|#1F4FD8,#C62828|#1F4FD8,0.0,0.0,0.0,0.90055,0.595238,33.0,33.0,2,0,0,0,0.0,0.0,0.0,0.0,1,0,,0,0,,,,1,1.0,0,0,0,0,0,0,0,MATCH,1,2.0
SC_052_R06.png,SC,scatter,comparison,SC_052,52,6,1330,669,OK,EXACT,2,2,2,0,0,0,vermelho|azul,#C62828|#1F4FD8,#C62828|#1F4FD8,0.0,0.0,0.0,0.90055,0.595238,33.0,33.0,2,0,0,0,0.0,0.0,0.0,0.0,1,0,,0,0,,,,1,1.0,0,0,0,0,0,0,0,MATCH,1,2.0
SC_052_R07.png,SC,scatter,comparison,SC_052,52,7,1330,669,OK,EXACT,2,2,2,0,0,0,vermelho|azul,#C62828|#1F4FD8,#C62828|#1F4FD8,0.0,0.0,0.0,0.90055,0.595238,33.0,33.0,2,0,0,0,0.0,0.0,0.0,0.0,1,0,,0,0,,,,1,1.0,0,0,0,0,0,0,0,MATCH,1,2.0
SC_052_R08.png,SC,scatter,comparison,SC_052,52,8,1330,669,OK,EXACT,2,2,2,0,0,0,vermelho|azul,#C62828|#1F4FD8,#C62828|#1F4FD8,0.0,0.0,0.0,0.90055,0.595238,33.0,33.0,2,0,0,0,0.0,0.0,0.0,0.0,1,0,,0,0,,,,1,1.0,0,0,0,0,0,0,0,MATCH,1,2.0
SC_052_R09.png,SC,scatter,comparison,SC_052,52,9,1330,669,OK,EXACT,2,2,2,0,0,0,vermelho|azul,#C62828|#1F4FD8,#C62828|#1F4FD8,0.0,0.0,0.0,0.90055,0.595238,33.0,33.0,2,0,0,0,0.0,0.0,0.0,0.0,1,0,,0,0,,,,1,1.0,0,0,0,0,0,0,0,MATCH,1,2.0
SC_052_R10.png,SC,scatter,comparison,SC_052,52,10,1330,669,OK,EXACT,2,2,2,0,0,0,vermelho|azul,#C62828|#1F4FD8,#C62828|#1F4FD8,0.0,0.0,0.0,0.90055,0.595238,33.0,33.0,2,0,0,0,0.0,0.0,0.0,0.0,1,0,,0,0,,,,1,1.0,0,0,0,0,0,0,0,MATCH,1,2.0
SI_001_R01.png,SI,scatter,identification,SI_001,1,1,1111,671,OK,EXACT,1,1,1,0,0,0,vermelho,#C62828,#C62828,0.0,0.0,0.0,0.948199,0.705882,26.0,26.0,1,0,0,0,0.0,0.0,0.0,0.0,1,0,,0,0,,,,1,1.0,0,0,0,0,0,0,0,MATCH,1,2.0
SI_001_R02.png,SI,scatter,identification,SI_001,1,2,1200,800,OK,EXACT,1,1,1,0,0,0,vermelho,#C62828,#C62828,0.0,0.0,0.0,0.959002,0.705882,26.0,26.0,1,0,0,0,0.0,0.0,0.0,0.0,1,0,,0,0,,,,1,1.0,0,0,0,0,0,0,0,MATCH,1,2.0
SI_001_R03.png,SI,scatter,identification,SI_001,1,3,1200,800,OK,EXACT,1,1,1,0,0,0,vermelho,#C62828,#C62828,0.0,0.0,0.0,0.959002,0.705882,26.0,26.0,1,0,0,0,0.0,0.0,0.0,0.0,1,0,,0,0,,,,1,1.0,0,0,0,0,0,0,0,MATCH,1,2.0
SI_001_R04.png,SI,scatter,identification,SI_001,1,4,1200,800,OK,EXACT,1,1,1,0,0,0,vermelho,#C62828,#C62828,0.0,0.0,0.0,0.959002,0.705882,26.0,26.0,1,0,0,0,0.0,0.0,0.0,0.0,1,0,,0,0,,,,1,1.0,0,0,0,0,0,0,0,MATCH,1,2.0
SI_001_R05.png,SI,scatter,identification,SI_001,1,5,1200,800,OK,EXACT,1,1,1,0,0,0,vermelho,#C62828,#C62828,0.0,0.0,0.0,0.959002,0.705882,26.0,26.0,1,0,0,0,0.0,0.0,0.0,0.0,1,0,,0,0,,,,1,1.0,0,0,0,0,0,0,0,MATCH,1,2.0
SI_001_R06.png,SI,scatter,identification,SI_001,1,6,1200,800,OK,EXACT,1,1,1,0,0,0,vermelho,#C62828,#C62828,0.0,0.0,0.0,0.959002,0.705882,26.0,26.0,1,0,0,0,0.0,0.0,0.0,0.0,1,0,,0,0,,,,1,1.0,0,0,0,0,0,0,0,MATCH,1,2.0
SI_001_R07.png,SI,scatter,identification,SI_001,1,7,1200,800,OK,EXACT,1,1,1,0,0,0,vermelho,#C62828,#C62828,0.0,0.0,0.0,0.959002,0.705882,26.0,26.0,1,0,0,0,0.0,0.0,0.0,0.0,1,0,,0,0,,,,1,1.0,0,0,0,0,0,0,0,MATCH,1,2.0
SI_001_R08.png,SI,scatter,identification,SI_001,1,8,1200,800,OK,EXACT,1,1,1,0,0,0,vermelho,#C62828,#C62828,0.0,0.0,0.0,0.959002,0.705882,26.0,26.0,1,0,0,0,0.0,0.0,0.0,0.0,1,0,,0,0,,,,1,1.0,0,0,0,0,0,0,0,MATCH,1,2.0
SI_001_R09.png,SI,scatter,identification,SI_001,1,9,1200,800,OK,EXACT,1,1,1,0,0,0,vermelho,#C62828,#C62828,0.0,0.0,0.0,0.959002,0.705882,26.0,26.0,1,0,0,0,0.0,0.0,0.0,0.0,1,0,,0,0,,,,1,1.0,0,0,0,0,0,0,0,MATCH,1,2.0
SI_001_R10.png,SI,scatter,identification,SI_001,1,10,1200,800,OK,EXACT,1,1,1,0,0,0,vermelho,#C62828,#C62828,0.0,0.0,0.0,0.959002,0.705882,26.0,26.0,1,0,0,0,0.0,0.0,0.0,0.0,1,0,,0,0,,,,1,1.0,0,0,0,0,0,0,0,MATCH,1,2.0
SI_002_R01.png,SI,scatter,identification,SI_002,2,1,1200,800,OK,EXACT,1,1,1,0,0,0,vermelho,#C62828,#C62828,0.0,0.0,0.0,0.925117,0.725806,27.0,27.0,1,0,0,0,0.0,0.0,0.0,0.0,10,0,,0,0,,,,1,1.0,0,0,0,0,0,0,0,MATCH,1,2.0
SI_002_R02.png,SI,scatter,identification,SI_002,2,2,1200,800,OK,EXACT,1,1,1,0,0,0,vermelho,#C62828,#C62828,0.0,0.0,0.0,0.907355,0.459459,27.0,27.0,1,0,0,0,0.0,0.0,0.0,0.0,10,0,,0,0,,,,1,1.0,0,0,0,0,0,0,0,MATCH,1,2.0
SI_002_R03.png,SI,scatter,identification,SI_002,2,3,1200,800,OK,EXACT,1,1,1,0,0,0,vermelho,#C62828,#C62828,0.0,0.0,0.0,0.907355,0.459459,27.0,27.0,1,0,0,0,0.0,0.0,0.0,0.0,10,0,,0,0,,,,1,1.0,0,0,0,0,0,0,0,MATCH,1,2.0
SI_002_R04.png,SI,scatter,identification,SI_002,2,4,1200,800,OK,EXACT,1,1,1,0,0,0,vermelho,#C62828,#C62828,0.0,0.0,0.0,0.907355,0.459459,27.0,27.0,1,0,0,0,0.0,0.0,0.0,0.0,10,0,,0,0,,,,1,1.0,0,0,0,0,0,0,0,MATCH,1,2.0
SI_002_R05.png,SI,scatter,identification,SI_002,2,5,1200,800,OK,EXACT,1,1,1,0,0,0,vermelho,#C62828,#C62828,0.0,0.0,0.0,0.907355,0.459459,27.0,27.0,1,0,0,0,0.0,0.0,0.0,0.0,10,0,,0,0,,,,1,1.0,0,0,0,0,0,0,0,MATCH,1,2.0
SI_002_R06.png,SI,scatter,identification,SI_002,2,6,1200,800,OK,EXACT,1,1,1,0,0,0,vermelho,#C62828,#C62828,0.0,0.0,0.0,0.907355,0.459459,27.0,27.0,1,0,0,0,0.0,0.0,0.0,0.0,10,0,,0,0,,,,1,1.0,0,0,0,0,0,0,0,MATCH,1,2.0
SI_002_R07.png,SI,scatter,identification,SI_002,2,7,1200,800,OK,EXACT,1,1,1,0,0,0,vermelho,#C62828,#C62828,0.0,0.0,0.0,0.907355,0.459459,27.0,27.0,1,0,0,0,0.0,0.0,0.0,0.0,10,0,,0,0,,,,1,1.0,0,0,0,0,0,0,0,MATCH,1,2.0
SI_002_R08.png,SI,scatter,identification,SI_002,2,8,1200,800,OK,EXACT,1,1,1,0,0,0,vermelho,#C62828,#C62828,0.0,0.0,0.0,0.907355,0.459459,27.0,27.0,1,0,0,0,0.0,0.0,0.0,0.0,10,0,,0,0,,,,1,1.0,0,0,0,0,0,0,0,MATCH,1,2.0
SI_002_R09.png,SI,scatter,identification,SI_002,2,9,1200,800,OK,EXACT,1,1,1,0,0,0,vermelho,#C62828,#C62828,0.0,0.0,0.0,0.907355,0.459459,27.0,27.0,1,0,0,0,0.0,0.0,0.0,0.0,10,0,,0,0,,,,1,1.0,0,0,0,0,0,0,0,MATCH,1,2.0
SI_002_R10.png,SI,scatter,identification,SI_002,2,10,1200,800,OK,EXACT,1,1,1,0,0,0,vermelho,#C62828,#C62828,0.0,0.0,0.0,0.907355,0.459459,27.0,27.0,1,0,0,0,0.0,0.0,0.0,0.0,10,0,,0,0,,,,1,1.0,0,0,0,0,0,0,0,MATCH,1,2.0
SI_003_R01.png,SI,scatter,identification,SI_003,3,1,1111,671,OK,EXACT,1,1,1,0,0,0,vermelho,#C62828,#C62828,0.0,0.0,0.0,0.536199,0.5,13.0,13.0,1,0,0,0,0.0,0.0,0.0,0.0,4,0,,0,0,,,,1,1.0,0,0,0,0,0,0,0,MATCH,1,2.0
SI_003_R02.png,SI,scatter,identification,SI_003,3,2,1200,800,OK,EXACT,1,1,1,0,0,0,vermelho,#C62828,#C62828,0.0,0.0,0.0,0.954594,0.705882,27.0,27.0,1,0,0,0,0.0,0.0,0.0,0.0,1,0,,0,0,,,,1,1.0,0,0,0,0,0,0,0,MATCH,1,2.0
SI_003_R03.png,SI,scatter,identification,SI_003,3,3,1200,800,OK,EXACT,1,1,1,0,0,0,vermelho,#C62828,#C62828,0.0,0.0,0.0,0.954594,0.705882,27.0,27.0,1,0,0,0,0.0,0.0,0.0,0.0,1,0,,0,0,,,,1,1.0,0,0,0,0,0,0,0,MATCH,1,2.0
SI_003_R04.png,SI,scatter,identification,SI_003,3,4,1200,800,OK,EXACT,1,1,1,0,0,0,vermelho,#C62828,#C62828,0.0,0.0,0.0,0.954594,0.705882,27.0,27.0,1,0,0,0,0.0,0.0,0.0,0.0,1,0,,0,0,,,,1,1.0,0,0,0,0,0,0,0,MATCH,1,2.0
SI_003_R05.png,SI,scatter,identification,SI_003,3,5,1200,800,OK,EXACT,1,1,1,0,0,0,vermelho,#C62828,#C62828,0.0,0.0,0.0,0.954594,0.705882,27.0,27.0,1,0,0,0,0.0,0.0,0.0,0.0,1,0,,0,0,,,,1,1.0,0,0,0,0,0,0,0,MATCH,1,2.0
SI_003_R06.png,SI,scatter,identification,SI_003,3,6,1200,800,OK,EXACT,1,1,1,0,0,0,vermelho,#C62828,#C62828,0.0,0.0,0.0,0.954594,0.705882,27.0,27.0,1,0,0,0,0.0,0.0,0.0,0.0,1,0,,0,0,,,,1,1.0,0,0,0,0,0,0,0,MATCH,1,2.0
SI_003_R07.png,SI,scatter,identification,SI_003,3,7,1200,800,OK,EXACT,1,1,1,0,0,0,vermelho,#C62828,#C62828,0.0,0.0,0.0,0.954594,0.705882,27.0,27.0,1,0,0,0,0.0,0.0,0.0,0.0,1,0,,0,0,,,,1,1.0,0,0,0,0,0,0,0,MATCH,1,2.0
SI_003_R08.png,SI,scatter,identification,SI_003,3,8,1200,800,OK,EXACT,1,1,1,0,0,0,vermelho,#C62828,#C62828,0.0,0.0,0.0,0.954594,0.705882,27.0,27.0,1,0,0,0,0.0,0.0,0.0,0.0,1,0,,0,0,,,,1,1.0,0,0,0,0,0,0,0,MATCH,1,2.0
SI_003_R09.png,SI,scatter,identification,SI_003,3,9,1200,800,OK,EXACT,1,1,1,0,0,0,vermelho,#C62828,#C62828,0.0,0.0,0.0,0.954594,0.705882,27.0,27.0,1,0,0,0,0.0,0.0,0.0,0.0,1,0,,0,0,,,,1,1.0,0,0,0,0,0,0,0,MATCH,1,2.0
SI_003_R10.png,SI,scatter,identification,SI_003,3,10,1200,800,OK,EXACT,1,1,1,0,0,0,vermelho,#C62828,#C62828,0.0,0.0,0.0,0.954594,0.705882,27.0,27.0,1,0,0,0,0.0,0.0,0.0,0.0,1,0,,0,0,,,,1,1.0,0,0,0,0,0,0,0,MATCH,1,2.0
SI_004_R01.png,SI,scatter,identification,SI_004,4,1,1190,790,OK,EXACT,1,1,1,0,0,0,vermelho,#C62828,#C62828,0.0,0.0,0.0,0.971456,0.735294,53.0,53.0,1,0,0,0,0.0,0.0,0.0,0.0,3,0,,0,0,,,,1,1.0,0,0,0,0,0,0,0,MATCH,1,2.0
SI_004_R02.png,SI,scatter,identification,SI_004,4,2,1316,671,OK,EXACT,1,1,1,0,0,0,vermelho,#C62828,#C62828,0.0,0.0,0.0,0.942286,0.698413,27.0,27.0,1,0,0,0,0.0,0.0,0.0,0.0,1,0,,0,0,,,,1,1.0,0,0,0,0,0,0,0,MATCH,1,2.0
SI_004_R03.png,SI,scatter,identification,SI_004,4,3,1125,671,OK,EXACT,1,1,1,0,0,0,vermelho,#C62828,#C62828,0.0,0.0,0.0,0.944347,0.698413,28.0,28.0,1,0,0,0,0.0,0.0,0.0,0.0,2,0,,0,0,,,,1,1.0,0,0,0,0,0,0,0,MATCH,1,2.0
SI_004_R04.png,SI,scatter,identification,SI_004,4,4,1316,671,OK,EXACT,1,1,1,0,0,0,vermelho,#C62828,#C62828,0.0,0.0,0.0,0.942286,0.698413,27.0,27.0,1,0,0,0,0.0,0.0,0.0,0.0,1,0,,0,0,,,,1,1.0,0,0,0,0,0,0,0,MATCH,1,2.0
SI_004_R05.png,SI,scatter,identification,SI_004,4,5,1316,671,OK,EXACT,1,1,1,0,0,0,vermelho,#C62828,#C62828,0.0,0.0,0.0,0.942286,0.698413,27.0,27.0,1,0,0,0,0.0,0.0,0.0,0.0,1,0,,0,0,,,,1,1.0,0,0,0,0,0,0,0,MATCH,1,2.0
SI_004_R06.png,SI,scatter,identification,SI_004,4,6,1125,671,OK,EXACT,1,1,1,0,0,0,vermelho,#C62828,#C62828,0.0,0.0,0.0,0.944347,0.698413,28.0,28.0,1,0,0,0,0.0,0.0,0.0,0.0,1,0,,0,0,,,,1,1.0,0,0,0,0,0,0,0,MATCH,1,2.0
SI_004_R07.png,SI,scatter,identification,SI_004,4,7,1111,728,OK,EXACT,1,1,1,0,0,0,vermelho,#C62828,#C62828,0.0,0.0,0.0,0.942286,0.698413,27.0,27.0,1,0,0,0,0.0,0.0,0.0,0.0,1,0,,0,0,,,,1,1.0,0,0,0,0,0,0,0,MATCH,1,2.0
SI_004_R08.png,SI,scatter,identification,SI_004,4,8,1111,737,OK,EXACT,1,1,1,0,0,0,vermelho,#C62828,#C62828,0.0,0.0,0.0,0.940372,0.698413,27.0,27.0,1,0,0,0,0.0,0.0,0.0,0.0,1,0,,0,0,,,,1,1.0,0,0,0,0,0,0,0,MATCH,1,2.0
SI_004_R09.png,SI,scatter,identification,SI_004,4,9,1125,671,OK,EXACT,1,1,1,0,0,0,vermelho,#C62828,#C62828,0.0,0.0,0.0,0.944347,0.698413,28.0,28.0,1,0,0,0,0.0,0.0,0.0,0.0,1,0,,0,0,,,,1,1.0,0,0,0,0,0,0,0,MATCH,1,2.0
SI_004_R10.png,SI,scatter,identification,SI_004,4,10,1111,671,OK,EXACT,1,1,1,0,0,0,vermelho,#C62828,#C62828,0.0,0.0,0.0,0.944347,0.698413,28.0,28.0,1,0,0,0,0.0,0.0,0.0,0.0,2,0,,0,0,,,,1,1.0,0,0,0,0,0,0,0,MATCH,1,2.0
SI_005_R01.png,SI,scatter,identification,SI_005,5,1,1200,800,OK,EXACT,1,1,1,0,0,0,vermelho,#C62828,#C62828,0.0,0.0,0.0,0.945524,0.731343,28.0,28.0,1,0,0,0,0.0,0.0,0.0,0.0,2,0,,0,0,,,,1,1.0,0,0,0,0,0,0,0,MATCH,1,2.0
SI_005_R02.png,SI,scatter,identification,SI_005,5,2,1111,671,OK,EXACT,1,1,1,0,0,0,vermelho,#C62828,#C62828,0.0,0.0,0.0,0.944347,0.698413,28.0,28.0,1,0,0,0,0.0,0.0,0.0,0.0,2,0,,0,0,,,,1,1.0,0,0,0,0,0,0,0,MATCH,1,2.0
SI_005_R03.png,SI,scatter,identification,SI_005,5,3,1111,671,OK,EXACT,1,1,1,0,0,0,vermelho,#C62828,#C62828,0.0,0.0,0.0,0.944347,0.698413,28.0,28.0,1,0,0,0,0.0,0.0,0.0,0.0,2,0,,0,0,,,,1,1.0,0,0,0,0,0,0,0,MATCH,1,2.0
SI_005_R04.png,SI,scatter,identification,SI_005,5,4,1111,671,OK,EXACT,1,1,1,0,0,0,vermelho,#C62828,#C62828,0.0,0.0,0.0,0.944347,0.698413,28.0,28.0,1,0,0,0,0.0,0.0,0.0,0.0,2,0,,0,0,,,,1,1.0,0,0,0,0,0,0,0,MATCH,1,2.0
SI_005_R05.png,SI,scatter,identification,SI_005,5,5,1111,671,OK,EXACT,1,1,1,0,0,0,vermelho,#C62828,#C62828,0.0,0.0,0.0,0.944347,0.698413,28.0,28.0,1,0,0,0,0.0,0.0,0.0,0.0,2,0,,0,0,,,,1,1.0,0,0,0,0,0,0,0,MATCH,1,2.0
SI_005_R06.png,SI,scatter,identification,SI_005,5,6,1111,671,OK,EXACT,1,1,1,0,0,0,vermelho,#C62828,#C62828,0.0,0.0,0.0,0.944347,0.698413,28.0,28.0,1,0,0,0,0.0,0.0,0.0,0.0,2,0,,0,0,,,,1,1.0,0,0,0,0,0,0,0,MATCH,1,2.0
SI_005_R07.png,SI,scatter,identification,SI_005,5,7,1111,671,OK,EXACT,1,1,1,0,0,0,vermelho,#C62828,#C62828,0.0,0.0,0.0,0.944347,0.698413,28.0,28.0,1,0,0,0,0.0,0.0,0.0,0.0,2,0,,0,0,,,,1,1.0,0,0,0,0,0,0,0,MATCH,1,2.0
SI_005_R08.png,SI,scatter,identification,SI_005,5,8,1111,671,OK,EXACT,1,1,1,0,0,0,vermelho,#C62828,#C62828,0.0,0.0,0.0,0.944347,0.698413,28.0,28.0,1,0,0,0,0.0,0.0,0.0,0.0,2,0,,0,0,,,,1,1.0,0,0,0,0,0,0,0,MATCH,1,2.0
SI_005_R09.png,SI,scatter,identification,SI_005,5,9,1111,671,OK,EXACT,1,1,1,0,0,0,vermelho,#C62828,#C62828,0.0,0.0,0.0,0.944347,0.698413,28.0,28.0,1,0,0,0,0.0,0.0,0.0,0.0,2,0,,0,0,,,,1,1.0,0,0,0,0,0,0,0,MATCH,1,2.0
SI_005_R10.png,SI,scatter,identification,SI_005,5,10,1111,671,OK,EXACT,1,1,1,0,0,0,vermelho,#C62828,#C62828,0.0,0.0,0.0,0.944347,0.698413,28.0,28.0,1,0,0,0,0.0,0.0,0.0,0.0,2,0,,0,0,,,,1,1.0,0,0,0,0,0,0,0,MATCH,1,2.0
SI_006_R01.png,SI,scatter,identification,SI_006,6,1,1111,671,OK,EXACT,1,1,1,0,0,0,vermelho,#C62828,#F14432,11.790437,11.790437,11.790437,0.482922,0.4375,5.0,5.0,0,1,0,1,19.684093,20.18113,32.958565,38.436303,2,0,,0,0,,,,1,0.0,1,0,0,0,0,1,0,INTERNAL_VARIATION+COLOR_DEVIATION,0,2.0
SI_006_R02.png,SI,scatter,identification,SI_006,6,2,1200,800,OK,EXACT,1,1,1,0,0,0,vermelho,#C62828,#C62828,0.0,0.0,0.0,0.81743,0.516129,7.0,7.0,1,0,0,0,0.0,0.0,0.0,0.0,1,0,,0,0,,,,1,1.0,0,0,0,0,0,0,0,MATCH,1,2.0
SI_006_R03.png,SI,scatter,identification,SI_006,6,3,1200,800,OK,EXACT,1,1,1,0,0,0,vermelho,#C62828,#C62828,0.0,0.0,0.0,0.81743,0.516129,7.0,7.0,1,0,0,0,0.0,0.0,0.0,0.0,1,0,,0,0,,,,1,1.0,0,0,0,0,0,0,0,MATCH,1,2.0
SI_006_R04.png,SI,scatter,identification,SI_006,6,4,1200,800,OK,EXACT,1,1,1,0,0,0,vermelho,#C62828,#C62828,0.0,0.0,0.0,0.81743,0.516129,7.0,7.0,1,0,0,0,0.0,0.0,0.0,0.0,1,0,,0,0,,,,1,1.0,0,0,0,0,0,0,0,MATCH,1,2.0
SI_006_R05.png,SI,scatter,identification,SI_006,6,5,1200,800,OK,EXACT,1,1,1,0,0,0,vermelho,#C62828,#C62828,0.0,0.0,0.0,0.81743,0.516129,7.0,7.0,1,0,0,0,0.0,0.0,0.0,0.0,1,0,,0,0,,,,1,1.0,0,0,0,0,0,0,0,MATCH,1,2.0
SI_006_R06.png,SI,scatter,identification,SI_006,6,6,1200,800,OK,EXACT,1,1,1,0,0,0,vermelho,#C62828,#C62828,0.0,0.0,0.0,0.81743,0.516129,7.0,7.0,1,0,0,0,0.0,0.0,0.0,0.0,1,0,,0,0,,,,1,1.0,0,0,0,0,0,0,0,MATCH,1,2.0
SI_006_R07.png,SI,scatter,identification,SI_006,6,7,1200,800,OK,EXACT,1,1,1,0,0,0,vermelho,#C62828,#C62828,0.0,0.0,0.0,0.81743,0.516129,7.0,7.0,1,0,0,0,0.0,0.0,0.0,0.0,1,0,,0,0,,,,1,1.0,0,0,0,0,0,0,0,MATCH,1,2.0
SI_006_R08.png,SI,scatter,identification,SI_006,6,8,1200,800,OK,EXACT,1,1,1,0,0,0,vermelho,#C62828,#C62828,0.0,0.0,0.0,0.81743,0.516129,7.0,7.0,1,0,0,0,0.0,0.0,0.0,0.0,1,0,,0,0,,,,1,1.0,0,0,0,0,0,0,0,MATCH,1,2.0
SI_006_R09.png,SI,scatter,identification,SI_006,6,9,1200,800,OK,EXACT,1,1,1,0,0,0,vermelho,#C62828,#C62828,0.0,0.0,0.0,0.81743,0.516129,7.0,7.0,1,0,0,0,0.0,0.0,0.0,0.0,1,0,,0,0,,,,1,1.0,0,0,0,0,0,0,0,MATCH,1,2.0
SI_006_R10.png,SI,scatter,identification,SI_006,6,10,1200,800,OK,EXACT,1,1,1,0,0,0,vermelho,#C62828,#C62828,0.0,0.0,0.0,0.81743,0.516129,7.0,7.0,1,0,0,0,0.0,0.0,0.0,0.0,1,0,,0,0,,,,1,1.0,0,0,0,0,0,0,0,MATCH,1,2.0
SI_007_R01.png,SI,scatter,identification,SI_007,7,1,1122,671,OK,EXACT,1,1,1,0,0,0,vermelho,#C62828,#C62828,0.0,0.0,0.0,0.954594,0.705882,27.0,27.0,1,0,0,0,0.0,0.0,0.0,0.0,2,0,,0,0,,,,1,1.0,0,0,0,0,0,0,0,MATCH,1,2.0
SI_007_R02.png,SI,scatter,identification,SI_007,7,2,1016,702,OK,EXACT,1,1,1,0,0,0,vermelho,#C62828,#C62828,0.0,0.0,0.0,0.954836,0.735294,26.0,26.0,1,0,0,0,0.0,0.0,0.0,0.0,1,0,,0,0,,,,1,1.0,0,0,0,0,0,0,0,MATCH,1,2.0
SI_007_R03.png,SI,scatter,identification,SI_007,7,3,1016,702,OK,EXACT,1,1,1,0,0,0,vermelho,#C62828,#C62828,0.0,0.0,0.0,0.954836,0.735294,26.0,26.0,1,0,0,0,0.0,0.0,0.0,0.0,1,0,,0,0,,,,1,1.0,0,0,0,0,0,0,0,MATCH,1,2.0
SI_007_R04.png,SI,scatter,identification,SI_007,7,4,1016,702,OK,EXACT,1,1,1,0,0,0,vermelho,#C62828,#C62828,0.0,0.0,0.0,0.954836,0.735294,26.0,26.0,1,0,0,0,0.0,0.0,0.0,0.0,1,0,,0,0,,,,1,1.0,0,0,0,0,0,0,0,MATCH,1,2.0
SI_007_R05.png,SI,scatter,identification,SI_007,7,5,1016,702,OK,EXACT,1,1,1,0,0,0,vermelho,#C62828,#C62828,0.0,0.0,0.0,0.954836,0.735294,26.0,26.0,1,0,0,0,0.0,0.0,0.0,0.0,1,0,,0,0,,,,1,1.0,0,0,0,0,0,0,0,MATCH,1,2.0
SI_007_R06.png,SI,scatter,identification,SI_007,7,6,1016,702,OK,EXACT,1,1,1,0,0,0,vermelho,#C62828,#C62828,0.0,0.0,0.0,0.954836,0.735294,26.0,26.0,1,0,0,0,0.0,0.0,0.0,0.0,1,0,,0,0,,,,1,1.0,0,0,0,0,0,0,0,MATCH,1,2.0
SI_007_R07.png,SI,scatter,identification,SI_007,7,7,1016,702,OK,EXACT,1,1,1,0,0,0,vermelho,#C62828,#C62828,0.0,0.0,0.0,0.954836,0.735294,26.0,26.0,1,0,0,0,0.0,0.0,0.0,0.0,1,0,,0,0,,,,1,1.0,0,0,0,0,0,0,0,MATCH,1,2.0
SI_007_R08.png,SI,scatter,identification,SI_007,7,8,1016,702,OK,EXACT,1,1,1,0,0,0,vermelho,#C62828,#C62828,0.0,0.0,0.0,0.954836,0.735294,26.0,26.0,1,0,0,0,0.0,0.0,0.0,0.0,1,0,,0,0,,,,1,1.0,0,0,0,0,0,0,0,MATCH,1,2.0
SI_007_R09.png,SI,scatter,identification,SI_007,7,9,1016,702,OK,EXACT,1,1,1,0,0,0,vermelho,#C62828,#C62828,0.0,0.0,0.0,0.954836,0.735294,26.0,26.0,1,0,0,0,0.0,0.0,0.0,0.0,1,0,,0,0,,,,1,1.0,0,0,0,0,0,0,0,MATCH,1,2.0
SI_007_R10.png,SI,scatter,identification,SI_007,7,10,1016,702,OK,EXACT,1,1,1,0,0,0,vermelho,#C62828,#C62828,0.0,0.0,0.0,0.954836,0.735294,26.0,26.0,1,0,0,0,0.0,0.0,0.0,0.0,1,0,,0,0,,,,1,1.0,0,0,0,0,0,0,0,MATCH,1,2.0
SI_008_R01.png,SI,scatter,identification,SI_008,8,1,1200,800,OK,EXACT,1,1,1,0,0,0,vermelho,#C62828,#C62828,0.0,0.0,0.0,0.943506,0.731343,27.0,27.0,1,0,0,0,0.0,0.0,0.0,0.0,1,0,,0,0,,,,1,1.0,0,0,0,0,0,0,0,MATCH,1,2.0
SI_008_R02.png,SI,scatter,identification,SI_008,8,2,1200,800,OK,EXACT,1,1,1,0,0,0,vermelho,#C62828,#C62828,0.0,0.0,0.0,0.941333,0.731343,26.0,26.0,1,0,0,0,0.0,0.0,0.0,0.0,1,0,,0,0,,,,1,1.0,0,0,0,0,0,0,0,MATCH,1,2.0
SI_008_R03.png,SI,scatter,identification,SI_008,8,3,1200,800,OK,EXACT,1,1,1,0,0,0,vermelho,#C62828,#C62828,0.0,0.0,0.0,0.941333,0.731343,26.0,26.0,1,0,0,0,0.0,0.0,0.0,0.0,1,0,,0,0,,,,1,1.0,0,0,0,0,0,0,0,MATCH,1,2.0
SI_008_R04.png,SI,scatter,identification,SI_008,8,4,1200,800,OK,EXACT,1,1,1,0,0,0,vermelho,#C62828,#C62828,0.0,0.0,0.0,0.941333,0.731343,26.0,26.0,1,0,0,0,0.0,0.0,0.0,0.0,1,0,,0,0,,,,1,1.0,0,0,0,0,0,0,0,MATCH,1,2.0
SI_008_R05.png,SI,scatter,identification,SI_008,8,5,1200,800,OK,EXACT,1,1,1,0,0,0,vermelho,#C62828,#C62828,0.0,0.0,0.0,0.941333,0.731343,26.0,26.0,1,0,0,0,0.0,0.0,0.0,0.0,1,0,,0,0,,,,1,1.0,0,0,0,0,0,0,0,MATCH,1,2.0
SI_008_R06.png,SI,scatter,identification,SI_008,8,6,1200,800,OK,EXACT,1,1,1,0,0,0,vermelho,#C62828,#C62828,0.0,0.0,0.0,0.941333,0.731343,26.0,26.0,1,0,0,0,0.0,0.0,0.0,0.0,1,0,,0,0,,,,1,1.0,0,0,0,0,0,0,0,MATCH,1,2.0
SI_008_R07.png,SI,scatter,identification,SI_008,8,7,1200,800,OK,EXACT,1,1,1,0,0,0,vermelho,#C62828,#C62828,0.0,0.0,0.0,0.941333,0.731343,26.0,26.0,1,0,0,0,0.0,0.0,0.0,0.0,1,0,,0,0,,,,1,1.0,0,0,0,0,0,0,0,MATCH,1,2.0
SI_008_R08.png,SI,scatter,identification,SI_008,8,8,1200,800,OK,EXACT,1,1,1,0,0,0,vermelho,#C62828,#C62828,0.0,0.0,0.0,0.941333,0.731343,26.0,26.0,1,0,0,0,0.0,0.0,0.0,0.0,1,0,,0,0,,,,1,1.0,0,0,0,0,0,0,0,MATCH,1,2.0
SI_008_R09.png,SI,scatter,identification,SI_008,8,9,1200,800,OK,EXACT,1,1,1,0,0,0,vermelho,#C62828,#C62828,0.0,0.0,0.0,0.941333,0.731343,26.0,26.0,1,0,0,0,0.0,0.0,0.0,0.0,1,0,,0,0,,,,1,1.0,0,0,0,0,0,0,0,MATCH,1,2.0
SI_008_R10.png,SI,scatter,identification,SI_008,8,10,1200,800,OK,EXACT,1,1,1,0,0,0,vermelho,#C62828,#C62828,0.0,0.0,0.0,0.941333,0.731343,26.0,26.0,1,0,0,0,0.0,0.0,0.0,0.0,1,0,,0,0,,,,1,1.0,0,0,0,0,0,0,0,MATCH,1,2.0
SI_009_R01.png,SI,scatter,identification,SI_009,9,1,1189,790,OK,EXACT,1,1,1,0,0,0,vermelho,#C62828,#C62828,0.0,0.0,0.0,1.0,1.0,27.0,27.0,1,0,0,0,0.0,0.0,0.0,0.0,1,0,,0,0,,,,1,1.0,0,0,0,0,0,0,0,MATCH,1,2.0
SI_009_R02.png,SI,scatter,identification,SI_009,9,2,1111,671,OK,EXACT,1,1,1,0,0,0,vermelho,#C62828,#C62828,0.0,0.0,0.0,0.941329,0.698413,28.0,28.0,1,0,0,0,1.480328,0.0,0.0,41.44919,3,0,,0,0,,,,1,1.0,0,0,0,0,0,0,0,MATCH,1,2.0
SI_009_R03.png,SI,scatter,identification,SI_009,9,3,1111,671,OK,EXACT,1,1,1,0,0,0,vermelho,#C62828,#C62828,0.0,0.0,0.0,0.941329,0.698413,28.0,28.0,1,0,0,0,1.480328,0.0,0.0,41.44919,3,0,,0,0,,,,1,1.0,0,0,0,0,0,0,0,MATCH,1,2.0
SI_009_R04.png,SI,scatter,identification,SI_009,9,4,1111,671,OK,EXACT,1,1,1,0,0,0,vermelho,#C62828,#C62828,0.0,0.0,0.0,0.941329,0.698413,28.0,28.0,1,0,0,0,1.480328,0.0,0.0,41.44919,3,0,,0,0,,,,1,1.0,0,0,0,0,0,0,0,MATCH,1,2.0
SI_009_R05.png,SI,scatter,identification,SI_009,9,5,1111,671,OK,EXACT,1,1,1,0,0,0,vermelho,#C62828,#C62828,0.0,0.0,0.0,0.941329,0.698413,28.0,28.0,1,0,0,0,1.480328,0.0,0.0,41.44919,3,0,,0,0,,,,1,1.0,0,0,0,0,0,0,0,MATCH,1,2.0
SI_009_R06.png,SI,scatter,identification,SI_009,9,6,1111,671,OK,EXACT,1,1,1,0,0,0,vermelho,#C62828,#C62828,0.0,0.0,0.0,0.941329,0.698413,28.0,28.0,1,0,0,0,1.480328,0.0,0.0,41.44919,3,0,,0,0,,,,1,1.0,0,0,0,0,0,0,0,MATCH,1,2.0
SI_009_R07.png,SI,scatter,identification,SI_009,9,7,1111,671,OK,EXACT,1,1,1,0,0,0,vermelho,#C62828,#C62828,0.0,0.0,0.0,0.941329,0.698413,28.0,28.0,1,0,0,0,1.480328,0.0,0.0,41.44919,3,0,,0,0,,,,1,1.0,0,0,0,0,0,0,0,MATCH,1,2.0
SI_009_R08.png,SI,scatter,identification,SI_009,9,8,1111,671,OK,EXACT,1,1,1,0,0,0,vermelho,#C62828,#C62828,0.0,0.0,0.0,0.941329,0.698413,28.0,28.0,1,0,0,0,1.480328,0.0,0.0,41.44919,3,0,,0,0,,,,1,1.0,0,0,0,0,0,0,0,MATCH,1,2.0
SI_009_R09.png,SI,scatter,identification,SI_009,9,9,1111,671,OK,EXACT,1,1,1,0,0,0,vermelho,#C62828,#C62828,0.0,0.0,0.0,0.941329,0.698413,28.0,28.0,1,0,0,0,1.480328,0.0,0.0,41.44919,3,0,,0,0,,,,1,1.0,0,0,0,0,0,0,0,MATCH,1,2.0
SI_009_R10.png,SI,scatter,identification,SI_009,9,10,1111,671,OK,EXACT,1,1,1,0,0,0,vermelho,#C62828,#C62828,0.0,0.0,0.0,0.941329,0.698413,28.0,28.0,1,0,0,0,1.480328,0.0,0.0,41.44919,3,0,,0,0,,,,1,1.0,0,0,0,0,0,0,0,MATCH,1,2.0
SI_010_R01.png,SI,scatter,identification,SI_010,10,1,1189,790,OK,EXTRA,1,2,1,1,0,1,vermelho,#C62828,#C62828|#1F4FD8,0.0,0.0,0.0,0.877246,0.471698,33.0,33.0,2,0,0,0,0.0,0.0,0.0,0.0,1,0,,0,1,,#1F4FD8,0.471698,1,1.0,0,0,0,1,0,0,0,EXTRA_COLOR,0,2.0
SI_010_R02.png,SI,scatter,identification,SI_010,10,2,1111,671,OK,EXACT,1,1,1,0,0,0,vermelho,#C62828,#C62828,0.0,0.0,0.0,0.974341,0.735294,26.0,26.0,1,0,0,0,0.0,0.0,0.0,0.0,0,0,,0,0,,,,1,1.0,0,0,0,0,0,0,0,MATCH,1,2.0
SI_010_R03.png,SI,scatter,identification,SI_010,10,3,1111,671,OK,EXACT,1,1,1,0,0,0,vermelho,#C62828,#C62828,0.0,0.0,0.0,0.974341,0.735294,26.0,26.0,1,0,0,0,0.0,0.0,0.0,0.0,0,0,,0,0,,,,1,1.0,0,0,0,0,0,0,0,MATCH,1,2.0
SI_010_R04.png,SI,scatter,identification,SI_010,10,4,1111,671,OK,EXACT,1,1,1,0,0,0,vermelho,#C62828,#C62828,0.0,0.0,0.0,0.974341,0.735294,26.0,26.0,1,0,0,0,0.0,0.0,0.0,0.0,0,0,,0,0,,,,1,1.0,0,0,0,0,0,0,0,MATCH,1,2.0
SI_010_R05.png,SI,scatter,identification,SI_010,10,5,1111,671,OK,EXACT,1,1,1,0,0,0,vermelho,#C62828,#C62828,0.0,0.0,0.0,0.974341,0.735294,26.0,26.0,1,0,0,0,0.0,0.0,0.0,0.0,0,0,,0,0,,,,1,1.0,0,0,0,0,0,0,0,MATCH,1,2.0
SI_010_R06.png,SI,scatter,identification,SI_010,10,6,1111,671,OK,EXACT,1,1,1,0,0,0,vermelho,#C62828,#C62828,0.0,0.0,0.0,0.974341,0.735294,26.0,26.0,1,0,0,0,0.0,0.0,0.0,0.0,0,0,,0,0,,,,1,1.0,0,0,0,0,0,0,0,MATCH,1,2.0
SI_010_R07.png,SI,scatter,identification,SI_010,10,7,1111,671,OK,EXACT,1,1,1,0,0,0,vermelho,#C62828,#C62828,0.0,0.0,0.0,0.974341,0.735294,26.0,26.0,1,0,0,0,0.0,0.0,0.0,0.0,0,0,,0,0,,,,1,1.0,0,0,0,0,0,0,0,MATCH,1,2.0
SI_010_R08.png,SI,scatter,identification,SI_010,10,8,1111,671,OK,EXACT,1,1,1,0,0,0,vermelho,#C62828,#C62828,0.0,0.0,0.0,0.974341,0.735294,26.0,26.0,1,0,0,0,0.0,0.0,0.0,0.0,0,0,,0,0,,,,1,1.0,0,0,0,0,0,0,0,MATCH,1,2.0
SI_010_R09.png,SI,scatter,identification,SI_010,10,9,1111,671,OK,EXACT,1,1,1,0,0,0,vermelho,#C62828,#C62828,0.0,0.0,0.0,0.974341,0.735294,26.0,26.0,1,0,0,0,0.0,0.0,0.0,0.0,0,0,,0,0,,,,1,1.0,0,0,0,0,0,0,0,MATCH,1,2.0
SI_010_R10.png,SI,scatter,identification,SI_010,10,10,1111,671,OK,EXACT,1,1,1,0,0,0,vermelho,#C62828,#C62828,0.0,0.0,0.0,0.974341,0.735294,26.0,26.0,1,0,0,0,0.0,0.0,0.0,0.0,0,0,,0,0,,,,1,1.0,0,0,0,0,0,0,0,MATCH,1,2.0
SI_011_R01.png,SI,scatter,identification,SI_011,11,1,1311,671,OK,EXTRA,1,2,1,1,0,1,vermelho,#C62828,#C62828|#1F4FD8,0.0,0.0,0.0,0.95049,0.495935,33.0,33.0,2,0,0,0,0.0,0.0,0.0,0.0,1,0,,0,1,,#1F4FD8,0.833333,1,1.0,0,0,0,1,0,0,0,EXTRA_COLOR,0,2.0
SI_011_R02.png,SI,scatter,identification,SI_011,11,2,1200,800,OK,EXACT,1,1,1,0,0,0,vermelho,#C62828,#C62828,0.0,0.0,0.0,0.943506,0.731343,27.0,27.0,1,0,0,0,0.0,0.0,0.0,0.0,1,0,,0,0,,,,1,1.0,0,0,0,0,0,0,0,MATCH,1,2.0
SI_011_R03.png,SI,scatter,identification,SI_011,11,3,1200,800,OK,EXACT,1,1,1,0,0,0,vermelho,#C62828,#C62828,0.0,0.0,0.0,0.943506,0.731343,27.0,27.0,1,0,0,0,0.0,0.0,0.0,0.0,1,0,,0,0,,,,1,1.0,0,0,0,0,0,0,0,MATCH,1,2.0
SI_011_R04.png,SI,scatter,identification,SI_011,11,4,1200,800,OK,EXACT,1,1,1,0,0,0,vermelho,#C62828,#C62828,0.0,0.0,0.0,0.943506,0.731343,27.0,27.0,1,0,0,0,0.0,0.0,0.0,0.0,1,0,,0,0,,,,1,1.0,0,0,0,0,0,0,0,MATCH,1,2.0
SI_011_R05.png,SI,scatter,identification,SI_011,11,5,1200,800,OK,EXACT,1,1,1,0,0,0,vermelho,#C62828,#C62828,0.0,0.0,0.0,0.943506,0.731343,27.0,27.0,1,0,0,0,0.0,0.0,0.0,0.0,1,0,,0,0,,,,1,1.0,0,0,0,0,0,0,0,MATCH,1,2.0
SI_011_R06.png,SI,scatter,identification,SI_011,11,6,1200,800,OK,EXACT,1,1,1,0,0,0,vermelho,#C62828,#C62828,0.0,0.0,0.0,0.943506,0.731343,27.0,27.0,1,0,0,0,0.0,0.0,0.0,0.0,1,0,,0,0,,,,1,1.0,0,0,0,0,0,0,0,MATCH,1,2.0
SI_011_R07.png,SI,scatter,identification,SI_011,11,7,1200,800,OK,EXACT,1,1,1,0,0,0,vermelho,#C62828,#C62828,0.0,0.0,0.0,0.943506,0.731343,27.0,27.0,1,0,0,0,0.0,0.0,0.0,0.0,1,0,,0,0,,,,1,1.0,0,0,0,0,0,0,0,MATCH,1,2.0
SI_011_R08.png,SI,scatter,identification,SI_011,11,8,1200,800,OK,EXACT,1,1,1,0,0,0,vermelho,#C62828,#C62828,0.0,0.0,0.0,0.943506,0.731343,27.0,27.0,1,0,0,0,0.0,0.0,0.0,0.0,1,0,,0,0,,,,1,1.0,0,0,0,0,0,0,0,MATCH,1,2.0
SI_011_R09.png,SI,scatter,identification,SI_011,11,9,1200,800,OK,EXACT,1,1,1,0,0,0,vermelho,#C62828,#C62828,0.0,0.0,0.0,0.943506,0.731343,27.0,27.0,1,0,0,0,0.0,0.0,0.0,0.0,1,0,,0,0,,,,1,1.0,0,0,0,0,0,0,0,MATCH,1,2.0
SI_011_R10.png,SI,scatter,identification,SI_011,11,10,1200,800,OK,EXACT,1,1,1,0,0,0,vermelho,#C62828,#C62828,0.0,0.0,0.0,0.943506,0.731343,27.0,27.0,1,0,0,0,0.0,0.0,0.0,0.0,1,0,,0,0,,,,1,1.0,0,0,0,0,0,0,0,MATCH,1,2.0
SI_012_R01.png,SI,scatter,identification,SI_012,12,1,1111,671,OK,EXACT,1,1,1,0,0,0,vermelho,#C62828,#C62828,0.0,0.0,0.0,0.942286,0.698413,27.0,27.0,1,0,0,0,0.0,0.0,0.0,0.0,1,0,,0,0,,,,1,1.0,0,0,0,0,0,0,0,MATCH,1,2.0
SI_012_R02.png,SI,scatter,identification,SI_012,12,2,1200,800,OK,EXACT,1,1,1,0,0,0,vermelho,#C62828,#C62828,0.0,0.0,0.0,0.971413,0.735294,27.0,27.0,1,0,0,0,0.0,0.0,0.0,0.0,2,0,,0,0,,,,1,1.0,0,0,0,0,0,0,0,MATCH,1,2.0
SI_012_R03.png,SI,scatter,identification,SI_012,12,3,1200,800,OK,EXACT,1,1,1,0,0,0,vermelho,#C62828,#C62828,0.0,0.0,0.0,0.971413,0.735294,27.0,27.0,1,0,0,0,0.0,0.0,0.0,0.0,2,0,,0,0,,,,1,1.0,0,0,0,0,0,0,0,MATCH,1,2.0
SI_012_R04.png,SI,scatter,identification,SI_012,12,4,1200,800,OK,EXACT,1,1,1,0,0,0,vermelho,#C62828,#C62828,0.0,0.0,0.0,0.971413,0.735294,27.0,27.0,1,0,0,0,0.0,0.0,0.0,0.0,2,0,,0,0,,,,1,1.0,0,0,0,0,0,0,0,MATCH,1,2.0
SI_012_R05.png,SI,scatter,identification,SI_012,12,5,1200,800,OK,EXACT,1,1,1,0,0,0,vermelho,#C62828,#C62828,0.0,0.0,0.0,0.971413,0.735294,27.0,27.0,1,0,0,0,0.0,0.0,0.0,0.0,2,0,,0,0,,,,1,1.0,0,0,0,0,0,0,0,MATCH,1,2.0
SI_012_R06.png,SI,scatter,identification,SI_012,12,6,1200,800,OK,EXACT,1,1,1,0,0,0,vermelho,#C62828,#C62828,0.0,0.0,0.0,0.971413,0.735294,27.0,27.0,1,0,0,0,0.0,0.0,0.0,0.0,2,0,,0,0,,,,1,1.0,0,0,0,0,0,0,0,MATCH,1,2.0
SI_012_R07.png,SI,scatter,identification,SI_012,12,7,1200,800,OK,EXACT,1,1,1,0,0,0,vermelho,#C62828,#C62828,0.0,0.0,0.0,0.971413,0.735294,27.0,27.0,1,0,0,0,0.0,0.0,0.0,0.0,2,0,,0,0,,,,1,1.0,0,0,0,0,0,0,0,MATCH,1,2.0
SI_012_R08.png,SI,scatter,identification,SI_012,12,8,1200,800,OK,EXACT,1,1,1,0,0,0,vermelho,#C62828,#C62828,0.0,0.0,0.0,0.971413,0.735294,27.0,27.0,1,0,0,0,0.0,0.0,0.0,0.0,2,0,,0,0,,,,1,1.0,0,0,0,0,0,0,0,MATCH,1,2.0
SI_012_R09.png,SI,scatter,identification,SI_012,12,9,1200,800,OK,EXACT,1,1,1,0,0,0,vermelho,#C62828,#C62828,0.0,0.0,0.0,0.971413,0.735294,27.0,27.0,1,0,0,0,0.0,0.0,0.0,0.0,2,0,,0,0,,,,1,1.0,0,0,0,0,0,0,0,MATCH,1,2.0
SI_012_R10.png,SI,scatter,identification,SI_012,12,10,1200,800,OK,EXACT,1,1,1,0,0,0,vermelho,#C62828,#C62828,0.0,0.0,0.0,0.971413,0.735294,27.0,27.0,1,0,0,0,0.0,0.0,0.0,0.0,2,0,,0,0,,,,1,1.0,0,0,0,0,0,0,0,MATCH,1,2.0
SI_013_R01.png,SI,scatter,identification,SI_013,13,1,1200,800,OK,EXACT,1,1,1,0,0,0,vermelho,#C62828,#C62828,0.0,0.0,0.0,0.944532,0.731343,27.0,27.0,1,0,0,0,0.0,0.0,0.0,0.0,1,0,,0,0,,,,1,1.0,0,0,0,0,0,0,0,MATCH,1,2.0
SI_013_R02.png,SI,scatter,identification,SI_013,13,2,1111,671,OK,EXACT,1,1,1,0,0,0,vermelho,#C62828,#C62828,0.0,0.0,0.0,0.942286,0.698413,27.0,27.0,1,0,0,0,0.0,0.0,0.0,0.0,1,0,,0,0,,,,1,1.0,0,0,0,0,0,0,0,MATCH,1,2.0
SI_013_R03.png,SI,scatter,identification,SI_013,13,3,1111,671,OK,EXACT,1,1,1,0,0,0,vermelho,#C62828,#C62828,0.0,0.0,0.0,0.942286,0.698413,27.0,27.0,1,0,0,0,0.0,0.0,0.0,0.0,1,0,,0,0,,,,1,1.0,0,0,0,0,0,0,0,MATCH,1,2.0
SI_013_R04.png,SI,scatter,identification,SI_013,13,4,1111,671,OK,EXACT,1,1,1,0,0,0,vermelho,#C62828,#C62828,0.0,0.0,0.0,0.942286,0.698413,27.0,27.0,1,0,0,0,0.0,0.0,0.0,0.0,1,0,,0,0,,,,1,1.0,0,0,0,0,0,0,0,MATCH,1,2.0
SI_013_R05.png,SI,scatter,identification,SI_013,13,5,1111,671,OK,EXACT,1,1,1,0,0,0,vermelho,#C62828,#C62828,0.0,0.0,0.0,0.942286,0.698413,27.0,27.0,1,0,0,0,0.0,0.0,0.0,0.0,1,0,,0,0,,,,1,1.0,0,0,0,0,0,0,0,MATCH,1,2.0
SI_013_R06.png,SI,scatter,identification,SI_013,13,6,1111,671,OK,EXACT,1,1,1,0,0,0,vermelho,#C62828,#C62828,0.0,0.0,0.0,0.942286,0.698413,27.0,27.0,1,0,0,0,0.0,0.0,0.0,0.0,1,0,,0,0,,,,1,1.0,0,0,0,0,0,0,0,MATCH,1,2.0
SI_013_R07.png,SI,scatter,identification,SI_013,13,7,1111,671,OK,EXACT,1,1,1,0,0,0,vermelho,#C62828,#C62828,0.0,0.0,0.0,0.942286,0.698413,27.0,27.0,1,0,0,0,0.0,0.0,0.0,0.0,1,0,,0,0,,,,1,1.0,0,0,0,0,0,0,0,MATCH,1,2.0
SI_013_R08.png,SI,scatter,identification,SI_013,13,8,1111,671,OK,EXACT,1,1,1,0,0,0,vermelho,#C62828,#C62828,0.0,0.0,0.0,0.942286,0.698413,27.0,27.0,1,0,0,0,0.0,0.0,0.0,0.0,1,0,,0,0,,,,1,1.0,0,0,0,0,0,0,0,MATCH,1,2.0
SI_013_R09.png,SI,scatter,identification,SI_013,13,9,1111,671,OK,EXACT,1,1,1,0,0,0,vermelho,#C62828,#C62828,0.0,0.0,0.0,0.942286,0.698413,27.0,27.0,1,0,0,0,0.0,0.0,0.0,0.0,1,0,,0,0,,,,1,1.0,0,0,0,0,0,0,0,MATCH,1,2.0
SI_013_R10.png,SI,scatter,identification,SI_013,13,10,1111,671,OK,EXACT,1,1,1,0,0,0,vermelho,#C62828,#C62828,0.0,0.0,0.0,0.942286,0.698413,27.0,27.0,1,0,0,0,0.0,0.0,0.0,0.0,1,0,,0,0,,,,1,1.0,0,0,0,0,0,0,0,MATCH,1,2.0
SI_014_R01.png,SI,scatter,identification,SI_014,14,1,1111,671,OK,EXACT,1,1,1,0,0,0,vermelho,#C62828,#C62828,0.0,0.0,0.0,0.94604,0.660714,27.0,27.0,1,0,0,0,0.0,0.0,0.0,0.0,1,0,,0,0,,,,1,1.0,0,0,0,0,0,0,0,MATCH,1,2.0
SI_014_R02.png,SI,scatter,identification,SI_014,14,2,1200,800,OK,EXACT,1,1,1,0,0,0,vermelho,#C62828,#C62828,0.0,0.0,0.0,0.954594,0.705882,27.0,27.0,1,0,0,0,0.0,0.0,0.0,0.0,1,0,,0,0,,,,1,1.0,0,0,0,0,0,0,0,MATCH,1,2.0
SI_014_R03.png,SI,scatter,identification,SI_014,14,3,1200,800,OK,EXACT,1,1,1,0,0,0,vermelho,#C62828,#C62828,0.0,0.0,0.0,0.954594,0.705882,27.0,27.0,1,0,0,0,0.0,0.0,0.0,0.0,1,0,,0,0,,,,1,1.0,0,0,0,0,0,0,0,MATCH,1,2.0
SI_014_R04.png,SI,scatter,identification,SI_014,14,4,1200,800,OK,EXACT,1,1,1,0,0,0,vermelho,#C62828,#C62828,0.0,0.0,0.0,0.954594,0.705882,27.0,27.0,1,0,0,0,0.0,0.0,0.0,0.0,1,0,,0,0,,,,1,1.0,0,0,0,0,0,0,0,MATCH,1,2.0
SI_014_R05.png,SI,scatter,identification,SI_014,14,5,1200,800,OK,EXACT,1,1,1,0,0,0,vermelho,#C62828,#C62828,0.0,0.0,0.0,0.954594,0.705882,27.0,27.0,1,0,0,0,0.0,0.0,0.0,0.0,1,0,,0,0,,,,1,1.0,0,0,0,0,0,0,0,MATCH,1,2.0
SI_014_R06.png,SI,scatter,identification,SI_014,14,6,1200,800,OK,EXACT,1,1,1,0,0,0,vermelho,#C62828,#C62828,0.0,0.0,0.0,0.954594,0.705882,27.0,27.0,1,0,0,0,0.0,0.0,0.0,0.0,1,0,,0,0,,,,1,1.0,0,0,0,0,0,0,0,MATCH,1,2.0
SI_014_R07.png,SI,scatter,identification,SI_014,14,7,1200,800,OK,EXACT,1,1,1,0,0,0,vermelho,#C62828,#C62828,0.0,0.0,0.0,0.954594,0.705882,27.0,27.0,1,0,0,0,0.0,0.0,0.0,0.0,1,0,,0,0,,,,1,1.0,0,0,0,0,0,0,0,MATCH,1,2.0
SI_014_R08.png,SI,scatter,identification,SI_014,14,8,1200,800,OK,EXACT,1,1,1,0,0,0,vermelho,#C62828,#C62828,0.0,0.0,0.0,0.954594,0.705882,27.0,27.0,1,0,0,0,0.0,0.0,0.0,0.0,1,0,,0,0,,,,1,1.0,0,0,0,0,0,0,0,MATCH,1,2.0
SI_014_R09.png,SI,scatter,identification,SI_014,14,9,1200,800,OK,EXACT,1,1,1,0,0,0,vermelho,#C62828,#C62828,0.0,0.0,0.0,0.954594,0.705882,27.0,27.0,1,0,0,0,0.0,0.0,0.0,0.0,1,0,,0,0,,,,1,1.0,0,0,0,0,0,0,0,MATCH,1,2.0
SI_014_R10.png,SI,scatter,identification,SI_014,14,10,1200,800,OK,EXACT,1,1,1,0,0,0,vermelho,#C62828,#C62828,0.0,0.0,0.0,0.954594,0.705882,27.0,27.0,1,0,0,0,0.0,0.0,0.0,0.0,1,0,,0,0,,,,1,1.0,0,0,0,0,0,0,0,MATCH,1,2.0
SI_015_R01.png,SI,scatter,identification,SI_015,15,1,1111,671,OK,EXACT,1,1,1,0,0,0,vermelho,#C62828,#C62828,0.0,0.0,0.0,0.944347,0.698413,28.0,28.0,1,0,0,0,0.0,0.0,0.0,0.0,2,0,,0,0,,,,1,1.0,0,0,0,0,0,0,0,MATCH,1,2.0
SI_015_R02.png,SI,scatter,identification,SI_015,15,2,1200,800,OK,EXACT,1,1,1,0,0,0,vermelho,#C62828,#C62828,0.0,0.0,0.0,0.863726,0.39726,27.0,27.0,1,0,0,0,0.0,0.0,0.0,0.0,19,0,,0,0,,,,1,1.0,0,0,0,0,0,0,0,MATCH,1,2.0
SI_015_R03.png,SI,scatter,identification,SI_015,15,3,1200,800,OK,EXACT,1,1,1,0,0,0,vermelho,#C62828,#C62828,0.0,0.0,0.0,0.863726,0.39726,27.0,27.0,1,0,0,0,0.0,0.0,0.0,0.0,19,0,,0,0,,,,1,1.0,0,0,0,0,0,0,0,MATCH,1,2.0
SI_015_R04.png,SI,scatter,identification,SI_015,15,4,1200,800,OK,EXACT,1,1,1,0,0,0,vermelho,#C62828,#C62828,0.0,0.0,0.0,0.863726,0.39726,27.0,27.0,1,0,0,0,0.0,0.0,0.0,0.0,19,0,,0,0,,,,1,1.0,0,0,0,0,0,0,0,MATCH,1,2.0
SI_015_R05.png,SI,scatter,identification,SI_015,15,5,1200,800,OK,EXACT,1,1,1,0,0,0,vermelho,#C62828,#C62828,0.0,0.0,0.0,0.863726,0.39726,27.0,27.0,1,0,0,0,0.0,0.0,0.0,0.0,19,0,,0,0,,,,1,1.0,0,0,0,0,0,0,0,MATCH,1,2.0
SI_015_R06.png,SI,scatter,identification,SI_015,15,6,1200,800,OK,EXACT,1,1,1,0,0,0,vermelho,#C62828,#C62828,0.0,0.0,0.0,0.954594,0.705882,27.0,27.0,1,0,0,0,0.0,0.0,0.0,0.0,1,0,,0,0,,,,1,1.0,0,0,0,0,0,0,0,MATCH,1,2.0
SI_015_R07.png,SI,scatter,identification,SI_015,15,7,1200,800,OK,EXACT,1,1,1,0,0,0,vermelho,#C62828,#C62828,0.0,0.0,0.0,0.954594,0.705882,27.0,27.0,1,0,0,0,0.0,0.0,0.0,0.0,1,0,,0,0,,,,1,1.0,0,0,0,0,0,0,0,MATCH,1,2.0
SI_015_R08.png,SI,scatter,identification,SI_015,15,8,1200,800,OK,EXACT,1,1,1,0,0,0,vermelho,#C62828,#C62828,0.0,0.0,0.0,0.954594,0.705882,27.0,27.0,1,0,0,0,0.0,0.0,0.0,0.0,1,0,,0,0,,,,1,1.0,0,0,0,0,0,0,0,MATCH,1,2.0
SI_015_R09.png,SI,scatter,identification,SI_015,15,9,1200,800,OK,EXACT,1,1,1,0,0,0,vermelho,#C62828,#C62828,0.0,0.0,0.0,0.954594,0.705882,27.0,27.0,1,0,0,0,0.0,0.0,0.0,0.0,1,0,,0,0,,,,1,1.0,0,0,0,0,0,0,0,MATCH,1,2.0
SI_015_R10.png,SI,scatter,identification,SI_015,15,10,1200,800,OK,EXACT,1,1,1,0,0,0,vermelho,#C62828,#C62828,0.0,0.0,0.0,0.954594,0.705882,27.0,27.0,1,0,0,0,0.0,0.0,0.0,0.0,1,0,,0,0,,,,1,1.0,0,0,0,0,0,0,0,MATCH,1,2.0
SI_016_R01.png,SI,scatter,identification,SI_016,16,1,1111,674,OK,EXACT,1,1,1,0,0,0,vermelho,#C62828,#C62828,0.0,0.0,0.0,0.942286,0.698413,27.0,27.0,1,0,0,0,0.0,0.0,0.0,0.0,1,0,,0,0,,,,1,1.0,0,0,0,0,0,0,0,MATCH,1,2.0
SI_016_R02.png,SI,scatter,identification,SI_016,16,2,1159,671,OK,EXACT,1,1,1,0,0,0,vermelho,#C62828,#C62828,0.0,0.0,0.0,0.940066,0.698413,26.0,26.0,1,0,0,0,0.0,0.0,0.0,0.0,1,0,,0,0,,,,1,1.0,0,0,0,0,0,0,0,MATCH,1,2.0
SI_016_R03.png,SI,scatter,identification,SI_016,16,3,1159,671,OK,EXACT,1,1,1,0,0,0,vermelho,#C62828,#C62828,0.0,0.0,0.0,0.940066,0.698413,26.0,26.0,1,0,0,0,0.0,0.0,0.0,0.0,1,0,,0,0,,,,1,1.0,0,0,0,0,0,0,0,MATCH,1,2.0
SI_016_R04.png,SI,scatter,identification,SI_016,16,4,1159,671,OK,EXACT,1,1,1,0,0,0,vermelho,#C62828,#C62828,0.0,0.0,0.0,0.940066,0.698413,26.0,26.0,1,0,0,0,0.0,0.0,0.0,0.0,1,0,,0,0,,,,1,1.0,0,0,0,0,0,0,0,MATCH,1,2.0
SI_016_R05.png,SI,scatter,identification,SI_016,16,5,1159,671,OK,EXACT,1,1,1,0,0,0,vermelho,#C62828,#C62828,0.0,0.0,0.0,0.940066,0.698413,26.0,26.0,1,0,0,0,0.0,0.0,0.0,0.0,1,0,,0,0,,,,1,1.0,0,0,0,0,0,0,0,MATCH,1,2.0
SI_016_R06.png,SI,scatter,identification,SI_016,16,6,1159,671,OK,EXACT,1,1,1,0,0,0,vermelho,#C62828,#C62828,0.0,0.0,0.0,0.940066,0.698413,26.0,26.0,1,0,0,0,0.0,0.0,0.0,0.0,1,0,,0,0,,,,1,1.0,0,0,0,0,0,0,0,MATCH,1,2.0
SI_016_R07.png,SI,scatter,identification,SI_016,16,7,1200,800,OK,EXACT,1,1,1,0,0,0,vermelho,#C62828,#C62828,0.0,0.0,0.0,0.954594,0.705882,27.0,27.0,1,0,0,0,0.0,0.0,0.0,0.0,1,0,,0,0,,,,1,1.0,0,0,0,0,0,0,0,MATCH,1,2.0
SI_016_R08.png,SI,scatter,identification,SI_016,16,8,1200,800,OK,EXACT,1,1,1,0,0,0,vermelho,#C62828,#C62828,0.0,0.0,0.0,0.954594,0.705882,27.0,27.0,1,0,0,0,0.0,0.0,0.0,0.0,1,0,,0,0,,,,1,1.0,0,0,0,0,0,0,0,MATCH,1,2.0
SI_016_R09.png,SI,scatter,identification,SI_016,16,9,1200,800,OK,EXACT,1,1,1,0,0,0,vermelho,#C62828,#C62828,0.0,0.0,0.0,0.954594,0.705882,27.0,27.0,1,0,0,0,0.0,0.0,0.0,0.0,1,0,,0,0,,,,1,1.0,0,0,0,0,0,0,0,MATCH,1,2.0
SI_016_R10.png,SI,scatter,identification,SI_016,16,10,1200,800,OK,EXACT,1,1,1,0,0,0,vermelho,#C62828,#C62828,0.0,0.0,0.0,0.954594,0.705882,27.0,27.0,1,0,0,0,0.0,0.0,0.0,0.0,1,0,,0,0,,,,1,1.0,0,0,0,0,0,0,0,MATCH,1,2.0
SI_017_R01.png,SI,scatter,identification,SI_017,17,1,1111,671,OK,EXACT,1,1,1,0,0,0,vermelho,#C62828,#C62828,0.0,0.0,0.0,0.944347,0.698413,28.0,28.0,1,0,0,0,0.0,0.0,0.0,0.0,2,0,,0,0,,,,1,1.0,0,0,0,0,0,0,0,MATCH,1,2.0
SI_017_R02.png,SI,scatter,identification,SI_017,17,2,1159,671,OK,EXACT,1,1,1,0,0,0,vermelho,#C62828,#C62828,0.0,0.0,0.0,0.940066,0.698413,26.0,26.0,1,0,0,0,0.0,0.0,0.0,0.0,1,0,,0,0,,,,1,1.0,0,0,0,0,0,0,0,MATCH,1,2.0
SI_017_R03.png,SI,scatter,identification,SI_017,17,3,1159,671,OK,EXACT,1,1,1,0,0,0,vermelho,#C62828,#C62828,0.0,0.0,0.0,0.940066,0.698413,26.0,26.0,1,0,0,0,0.0,0.0,0.0,0.0,1,0,,0,0,,,,1,1.0,0,0,0,0,0,0,0,MATCH,1,2.0
SI_017_R04.png,SI,scatter,identification,SI_017,17,4,1159,671,OK,EXACT,1,1,1,0,0,0,vermelho,#C62828,#C62828,0.0,0.0,0.0,0.940066,0.698413,26.0,26.0,1,0,0,0,0.0,0.0,0.0,0.0,1,0,,0,0,,,,1,1.0,0,0,0,0,0,0,0,MATCH,1,2.0
SI_017_R05.png,SI,scatter,identification,SI_017,17,5,1159,671,OK,EXACT,1,1,1,0,0,0,vermelho,#C62828,#C62828,0.0,0.0,0.0,0.940066,0.698413,26.0,26.0,1,0,0,0,0.0,0.0,0.0,0.0,1,0,,0,0,,,,1,1.0,0,0,0,0,0,0,0,MATCH,1,2.0
SI_017_R06.png,SI,scatter,identification,SI_017,17,6,1159,671,OK,EXACT,1,1,1,0,0,0,vermelho,#C62828,#C62828,0.0,0.0,0.0,0.940066,0.698413,26.0,26.0,1,0,0,0,0.0,0.0,0.0,0.0,1,0,,0,0,,,,1,1.0,0,0,0,0,0,0,0,MATCH,1,2.0
SI_017_R07.png,SI,scatter,identification,SI_017,17,7,1200,800,OK,EXACT,1,1,1,0,0,0,vermelho,#C62828,#C62828,0.0,0.0,0.0,0.954594,0.705882,27.0,27.0,1,0,0,0,0.0,0.0,0.0,0.0,1,0,,0,0,,,,1,1.0,0,0,0,0,0,0,0,MATCH,1,2.0
SI_017_R08.png,SI,scatter,identification,SI_017,17,8,1200,800,OK,EXACT,1,1,1,0,0,0,vermelho,#C62828,#C62828,0.0,0.0,0.0,0.954594,0.705882,27.0,27.0,1,0,0,0,0.0,0.0,0.0,0.0,1,0,,0,0,,,,1,1.0,0,0,0,0,0,0,0,MATCH,1,2.0
SI_017_R09.png,SI,scatter,identification,SI_017,17,9,1200,800,OK,EXACT,1,1,1,0,0,0,vermelho,#C62828,#C62828,0.0,0.0,0.0,0.954594,0.705882,27.0,27.0,1,0,0,0,0.0,0.0,0.0,0.0,1,0,,0,0,,,,1,1.0,0,0,0,0,0,0,0,MATCH,1,2.0
SI_017_R10.png,SI,scatter,identification,SI_017,17,10,1200,800,OK,EXACT,1,1,1,0,0,0,vermelho,#C62828,#C62828,0.0,0.0,0.0,0.954594,0.705882,27.0,27.0,1,0,0,0,0.0,0.0,0.0,0.0,1,0,,0,0,,,,1,1.0,0,0,0,0,0,0,0,MATCH,1,2.0
SI_018_R01.png,SI,scatter,identification,SI_018,18,1,1111,671,OK,EXACT,1,1,1,0,0,0,vermelho,#C62828,#C62828,0.0,0.0,0.0,0.944347,0.698413,28.0,28.0,1,0,0,0,0.0,0.0,0.0,0.0,2,0,,0,0,,,,1,1.0,0,0,0,0,0,0,0,MATCH,1,2.0
SI_018_R02.png,SI,scatter,identification,SI_018,18,2,996,701,OK,EXACT,1,1,1,0,0,0,vermelho,#C62828,#C62828,0.0,0.0,0.0,0.900033,0.491525,28.0,28.0,1,0,0,0,0.0,0.0,0.0,0.0,11,0,,0,0,,,,1,1.0,0,0,0,0,0,0,0,MATCH,1,2.0
SI_018_R03.png,SI,scatter,identification,SI_018,18,3,996,701,OK,EXACT,1,1,1,0,0,0,vermelho,#C62828,#C62828,0.0,0.0,0.0,0.900033,0.491525,28.0,28.0,1,0,0,0,0.0,0.0,0.0,0.0,11,0,,0,0,,,,1,1.0,0,0,0,0,0,0,0,MATCH,1,2.0
SI_018_R04.png,SI,scatter,identification,SI_018,18,4,996,701,OK,EXACT,1,1,1,0,0,0,vermelho,#C62828,#C62828,0.0,0.0,0.0,0.900033,0.491525,28.0,28.0,1,0,0,0,0.0,0.0,0.0,0.0,11,0,,0,0,,,,1,1.0,0,0,0,0,0,0,0,MATCH,1,2.0
SI_018_R05.png,SI,scatter,identification,SI_018,18,5,996,701,OK,EXACT,1,1,1,0,0,0,vermelho,#C62828,#C62828,0.0,0.0,0.0,0.900033,0.491525,28.0,28.0,1,0,0,0,0.0,0.0,0.0,0.0,11,0,,0,0,,,,1,1.0,0,0,0,0,0,0,0,MATCH,1,2.0
SI_018_R06.png,SI,scatter,identification,SI_018,18,6,1159,671,OK,EXACT,1,1,1,0,0,0,vermelho,#C62828,#C62828,0.0,0.0,0.0,0.940066,0.698413,26.0,26.0,1,0,0,0,0.0,0.0,0.0,0.0,1,0,,0,0,,,,1,1.0,0,0,0,0,0,0,0,MATCH,1,2.0
SI_018_R07.png,SI,scatter,identification,SI_018,18,7,1200,800,OK,EXACT,1,1,1,0,0,0,vermelho,#C62828,#C62828,0.0,0.0,0.0,0.954594,0.705882,27.0,27.0,1,0,0,0,0.0,0.0,0.0,0.0,1,0,,0,0,,,,1,1.0,0,0,0,0,0,0,0,MATCH,1,2.0
SI_018_R08.png,SI,scatter,identification,SI_018,18,8,1200,800,OK,EXACT,1,1,1,0,0,0,vermelho,#C62828,#C62828,0.0,0.0,0.0,0.954594,0.705882,27.0,27.0,1,0,0,0,0.0,0.0,0.0,0.0,1,0,,0,0,,,,1,1.0,0,0,0,0,0,0,0,MATCH,1,2.0
SI_018_R09.png,SI,scatter,identification,SI_018,18,9,1200,800,OK,EXACT,1,1,1,0,0,0,vermelho,#C62828,#C62828,0.0,0.0,0.0,0.954594,0.705882,27.0,27.0,1,0,0,0,0.0,0.0,0.0,0.0,1,0,,0,0,,,,1,1.0,0,0,0,0,0,0,0,MATCH,1,2.0
SI_018_R10.png,SI,scatter,identification,SI_018,18,10,1200,800,OK,EXACT,1,1,1,0,0,0,vermelho,#C62828,#C62828,0.0,0.0,0.0,0.954594,0.705882,27.0,27.0,1,0,0,0,0.0,0.0,0.0,0.0,1,0,,0,0,,,,1,1.0,0,0,0,0,0,0,0,MATCH,1,2.0
SI_019_R01.png,SI,scatter,identification,SI_019,19,1,1111,671,OK,EXACT,1,1,1,0,0,0,vermelho,#C62828,#C62828,0.0,0.0,0.0,0.942286,0.698413,27.0,27.0,1,0,0,0,0.0,0.0,0.0,0.0,1,0,,0,0,,,,1,1.0,0,0,0,0,0,0,0,MATCH,1,2.0
SI_019_R02.png,SI,scatter,identification,SI_019,19,2,1016,701,OK,EXACT,1,1,1,0,0,0,vermelho,#C62828,#C62828,0.0,0.0,0.0,0.954836,0.735294,26.0,26.0,1,0,0,0,0.0,0.0,0.0,0.0,1,0,,0,0,,,,1,1.0,0,0,0,0,0,0,0,MATCH,1,2.0
SI_019_R03.png,SI,scatter,identification,SI_019,19,3,1016,701,OK,EXACT,1,1,1,0,0,0,vermelho,#C62828,#C62828,0.0,0.0,0.0,0.954836,0.735294,26.0,26.0,1,0,0,0,0.0,0.0,0.0,0.0,1,0,,0,0,,,,1,1.0,0,0,0,0,0,0,0,MATCH,1,2.0
SI_019_R04.png,SI,scatter,identification,SI_019,19,4,1016,701,OK,EXACT,1,1,1,0,0,0,vermelho,#C62828,#C62828,0.0,0.0,0.0,0.954836,0.735294,26.0,26.0,1,0,0,0,0.0,0.0,0.0,0.0,1,0,,0,0,,,,1,1.0,0,0,0,0,0,0,0,MATCH,1,2.0
SI_019_R05.png,SI,scatter,identification,SI_019,19,5,1016,701,OK,EXACT,1,1,1,0,0,0,vermelho,#C62828,#C62828,0.0,0.0,0.0,0.954836,0.735294,26.0,26.0,1,0,0,0,0.0,0.0,0.0,0.0,1,0,,0,0,,,,1,1.0,0,0,0,0,0,0,0,MATCH,1,2.0
SI_019_R06.png,SI,scatter,identification,SI_019,19,6,1016,701,OK,EXACT,1,1,1,0,0,0,vermelho,#C62828,#C62828,0.0,0.0,0.0,0.954836,0.735294,26.0,26.0,1,0,0,0,0.0,0.0,0.0,0.0,1,0,,0,0,,,,1,1.0,0,0,0,0,0,0,0,MATCH,1,2.0
SI_019_R07.png,SI,scatter,identification,SI_019,19,7,1016,701,OK,EXACT,1,1,1,0,0,0,vermelho,#C62828,#C62828,0.0,0.0,0.0,0.954836,0.735294,26.0,26.0,1,0,0,0,0.0,0.0,0.0,0.0,1,0,,0,0,,,,1,1.0,0,0,0,0,0,0,0,MATCH,1,2.0
SI_019_R08.png,SI,scatter,identification,SI_019,19,8,1016,701,OK,EXACT,1,1,1,0,0,0,vermelho,#C62828,#C62828,0.0,0.0,0.0,0.954836,0.735294,26.0,26.0,1,0,0,0,0.0,0.0,0.0,0.0,1,0,,0,0,,,,1,1.0,0,0,0,0,0,0,0,MATCH,1,2.0
SI_019_R09.png,SI,scatter,identification,SI_019,19,9,1016,701,OK,EXACT,1,1,1,0,0,0,vermelho,#C62828,#C62828,0.0,0.0,0.0,0.954836,0.735294,26.0,26.0,1,0,0,0,0.0,0.0,0.0,0.0,1,0,,0,0,,,,1,1.0,0,0,0,0,0,0,0,MATCH,1,2.0
SI_019_R10.png,SI,scatter,identification,SI_019,19,10,1016,701,OK,EXACT,1,1,1,0,0,0,vermelho,#C62828,#C62828,0.0,0.0,0.0,0.954836,0.735294,26.0,26.0,1,0,0,0,0.0,0.0,0.0,0.0,1,0,,0,0,,,,1,1.0,0,0,0,0,0,0,0,MATCH,1,2.0
SI_020_R01.png,SI,scatter,identification,SI_020,20,1,1125,671,OK,EXACT,1,1,1,0,0,0,vermelho,#C62828,#C62828,0.0,0.0,0.0,0.954594,0.705882,27.0,27.0,1,0,0,0,0.0,0.0,0.0,0.0,2,0,,0,0,,,,1,1.0,0,0,0,0,0,0,0,MATCH,1,2.0
SI_020_R02.png,SI,scatter,identification,SI_020,20,2,996,701,OK,EXACT,1,1,1,0,0,0,vermelho,#C62828,#C62828,0.0,0.0,0.0,0.950067,0.545455,59.0,59.0,1,0,0,0,0.0,0.0,0.0,0.0,3,0,,0,0,,,,1,1.0,0,0,0,0,0,0,0,MATCH,1,2.0
SI_020_R03.png,SI,scatter,identification,SI_020,20,3,996,701,OK,EXACT,1,1,1,0,0,0,vermelho,#C62828,#C62828,0.0,0.0,0.0,0.950067,0.545455,59.0,59.0,1,0,0,0,0.0,0.0,0.0,0.0,3,0,,0,0,,,,1,1.0,0,0,0,0,0,0,0,MATCH,1,2.0
SI_020_R04.png,SI,scatter,identification,SI_020,20,4,996,701,OK,EXACT,1,1,1,0,0,0,vermelho,#C62828,#C62828,0.0,0.0,0.0,0.950067,0.545455,59.0,59.0,1,0,0,0,0.0,0.0,0.0,0.0,3,0,,0,0,,,,1,1.0,0,0,0,0,0,0,0,MATCH,1,2.0
SI_020_R05.png,SI,scatter,identification,SI_020,20,5,996,701,OK,EXACT,1,1,1,0,0,0,vermelho,#C62828,#C62828,0.0,0.0,0.0,0.950067,0.545455,59.0,59.0,1,0,0,0,0.0,0.0,0.0,0.0,3,0,,0,0,,,,1,1.0,0,0,0,0,0,0,0,MATCH,1,2.0
SI_020_R06.png,SI,scatter,identification,SI_020,20,6,996,701,OK,EXACT,1,1,1,0,0,0,vermelho,#C62828,#C62828,0.0,0.0,0.0,0.950067,0.545455,59.0,59.0,1,0,0,0,0.0,0.0,0.0,0.0,3,0,,0,0,,,,1,1.0,0,0,0,0,0,0,0,MATCH,1,2.0
SI_020_R07.png,SI,scatter,identification,SI_020,20,7,1200,800,OK,EXACT,1,1,1,0,0,0,vermelho,#C62828,#C62828,0.0,0.0,0.0,0.954594,0.705882,27.0,27.0,1,0,0,0,0.0,0.0,0.0,0.0,1,0,,0,0,,,,1,1.0,0,0,0,0,0,0,0,MATCH,1,2.0
SI_020_R08.png,SI,scatter,identification,SI_020,20,8,1200,800,OK,EXACT,1,1,1,0,0,0,vermelho,#C62828,#C62828,0.0,0.0,0.0,0.954594,0.705882,27.0,27.0,1,0,0,0,0.0,0.0,0.0,0.0,1,0,,0,0,,,,1,1.0,0,0,0,0,0,0,0,MATCH,1,2.0
SI_020_R09.png,SI,scatter,identification,SI_020,20,9,1200,800,OK,EXACT,1,1,1,0,0,0,vermelho,#C62828,#C62828,0.0,0.0,0.0,0.954594,0.705882,27.0,27.0,1,0,0,0,0.0,0.0,0.0,0.0,1,0,,0,0,,,,1,1.0,0,0,0,0,0,0,0,MATCH,1,2.0
SI_020_R10.png,SI,scatter,identification,SI_020,20,10,1200,800,OK,EXACT,1,1,1,0,0,0,vermelho,#C62828,#C62828,0.0,0.0,0.0,0.954594,0.705882,27.0,27.0,1,0,0,0,0.0,0.0,0.0,0.0,1,0,,0,0,,,,1,1.0,0,0,0,0,0,0,0,MATCH,1,2.0
SI_021_R01.png,SI,scatter,identification,SI_021,21,1,1189,790,OK,EXACT,1,1,1,0,0,0,vermelho,#C62828,#C62828,0.0,0.0,0.0,1.0,1.0,57.0,57.0,1,0,0,0,0.0,0.0,0.0,0.0,3,0,,0,0,,,,1,1.0,0,0,0,0,0,0,0,MATCH,1,2.0
SI_021_R02.png,SI,scatter,identification,SI_021,21,2,996,701,OK,EXACT,1,1,1,0,0,0,vermelho,#C62828,#C62828,0.0,0.0,0.0,0.976323,0.857143,27.0,27.0,1,0,0,0,0.0,0.0,0.0,0.0,1,0,,0,0,,,,1,1.0,0,0,0,0,0,0,0,MATCH,1,2.0
SI_021_R03.png,SI,scatter,identification,SI_021,21,3,996,701,OK,EXACT,1,1,1,0,0,0,vermelho,#C62828,#C62828,0.0,0.0,0.0,0.976323,0.857143,27.0,27.0,1,0,0,0,0.0,0.0,0.0,0.0,1,0,,0,0,,,,1,1.0,0,0,0,0,0,0,0,MATCH,1,2.0
SI_021_R04.png,SI,scatter,identification,SI_021,21,4,996,701,OK,EXACT,1,1,1,0,0,0,vermelho,#C62828,#C62828,0.0,0.0,0.0,0.976323,0.857143,27.0,27.0,1,0,0,0,0.0,0.0,0.0,0.0,1,0,,0,0,,,,1,1.0,0,0,0,0,0,0,0,MATCH,1,2.0
SI_021_R05.png,SI,scatter,identification,SI_021,21,5,996,701,OK,EXACT,1,1,1,0,0,0,vermelho,#C62828,#C62828,0.0,0.0,0.0,0.976323,0.857143,27.0,27.0,1,0,0,0,0.0,0.0,0.0,0.0,1,0,,0,0,,,,1,1.0,0,0,0,0,0,0,0,MATCH,1,2.0
SI_021_R06.png,SI,scatter,identification,SI_021,21,6,996,701,OK,EXACT,1,1,1,0,0,0,vermelho,#C62828,#C62828,0.0,0.0,0.0,0.976323,0.857143,27.0,27.0,1,0,0,0,0.0,0.0,0.0,0.0,1,0,,0,0,,,,1,1.0,0,0,0,0,0,0,0,MATCH,1,2.0
SI_021_R07.png,SI,scatter,identification,SI_021,21,7,996,701,OK,EXACT,1,1,1,0,0,0,vermelho,#C62828,#C62828,0.0,0.0,0.0,0.976323,0.857143,27.0,27.0,1,0,0,0,0.0,0.0,0.0,0.0,1,0,,0,0,,,,1,1.0,0,0,0,0,0,0,0,MATCH,1,2.0
SI_021_R08.png,SI,scatter,identification,SI_021,21,8,996,701,OK,EXACT,1,1,1,0,0,0,vermelho,#C62828,#C62828,0.0,0.0,0.0,0.976323,0.857143,27.0,27.0,1,0,0,0,0.0,0.0,0.0,0.0,1,0,,0,0,,,,1,1.0,0,0,0,0,0,0,0,MATCH,1,2.0
SI_021_R09.png,SI,scatter,identification,SI_021,21,9,996,701,OK,EXACT,1,1,1,0,0,0,vermelho,#C62828,#C62828,0.0,0.0,0.0,0.976323,0.857143,27.0,27.0,1,0,0,0,0.0,0.0,0.0,0.0,1,0,,0,0,,,,1,1.0,0,0,0,0,0,0,0,MATCH,1,2.0
SI_021_R10.png,SI,scatter,identification,SI_021,21,10,996,701,OK,EXACT,1,1,1,0,0,0,vermelho,#C62828,#C62828,0.0,0.0,0.0,0.976323,0.857143,27.0,27.0,1,0,0,0,0.0,0.0,0.0,0.0,1,0,,0,0,,,,1,1.0,0,0,0,0,0,0,0,MATCH,1,2.0
SI_022_R01.png,SI,scatter,identification,SI_022,22,1,1111,671,OK,EXACT,1,1,1,0,0,0,vermelho,#C62828,#C62828,0.0,0.0,0.0,0.942286,0.698413,27.0,27.0,1,0,0,0,0.0,0.0,0.0,0.0,1,0,,0,0,,,,1,1.0,0,0,0,0,0,0,0,MATCH,1,2.0
SI_022_R02.png,SI,scatter,identification,SI_022,22,2,1200,800,OK,EXACT,1,1,1,0,0,0,vermelho,#C62828,#C62828,0.0,0.0,0.0,0.943506,0.731343,27.0,27.0,1,0,0,0,0.0,0.0,0.0,0.0,1,0,,0,0,,,,1,1.0,0,0,0,0,0,0,0,MATCH,1,2.0
SI_022_R03.png,SI,scatter,identification,SI_022,22,3,1200,800,OK,EXACT,1,1,1,0,0,0,vermelho,#C62828,#C62828,0.0,0.0,0.0,0.943506,0.731343,27.0,27.0,1,0,0,0,0.0,0.0,0.0,0.0,1,0,,0,0,,,,1,1.0,0,0,0,0,0,0,0,MATCH,1,2.0
SI_022_R04.png,SI,scatter,identification,SI_022,22,4,1200,800,OK,EXACT,1,1,1,0,0,0,vermelho,#C62828,#C62828,0.0,0.0,0.0,0.943506,0.731343,27.0,27.0,1,0,0,0,0.0,0.0,0.0,0.0,1,0,,0,0,,,,1,1.0,0,0,0,0,0,0,0,MATCH,1,2.0
SI_022_R05.png,SI,scatter,identification,SI_022,22,5,1200,800,OK,EXACT,1,1,1,0,0,0,vermelho,#C62828,#C62828,0.0,0.0,0.0,0.943506,0.731343,27.0,27.0,1,0,0,0,0.0,0.0,0.0,0.0,1,0,,0,0,,,,1,1.0,0,0,0,0,0,0,0,MATCH,1,2.0
SI_022_R06.png,SI,scatter,identification,SI_022,22,6,1200,800,OK,EXACT,1,1,1,0,0,0,vermelho,#C62828,#C62828,0.0,0.0,0.0,0.943506,0.731343,27.0,27.0,1,0,0,0,0.0,0.0,0.0,0.0,1,0,,0,0,,,,1,1.0,0,0,0,0,0,0,0,MATCH,1,2.0
SI_022_R07.png,SI,scatter,identification,SI_022,22,7,1200,800,OK,EXACT,1,1,1,0,0,0,vermelho,#C62828,#C62828,0.0,0.0,0.0,0.943506,0.731343,27.0,27.0,1,0,0,0,0.0,0.0,0.0,0.0,1,0,,0,0,,,,1,1.0,0,0,0,0,0,0,0,MATCH,1,2.0
SI_022_R08.png,SI,scatter,identification,SI_022,22,8,1200,800,OK,EXACT,1,1,1,0,0,0,vermelho,#C62828,#C62828,0.0,0.0,0.0,0.943506,0.731343,27.0,27.0,1,0,0,0,0.0,0.0,0.0,0.0,1,0,,0,0,,,,1,1.0,0,0,0,0,0,0,0,MATCH,1,2.0
SI_022_R09.png,SI,scatter,identification,SI_022,22,9,1200,800,OK,EXACT,1,1,1,0,0,0,vermelho,#C62828,#C62828,0.0,0.0,0.0,0.943506,0.731343,27.0,27.0,1,0,0,0,0.0,0.0,0.0,0.0,1,0,,0,0,,,,1,1.0,0,0,0,0,0,0,0,MATCH,1,2.0
SI_022_R10.png,SI,scatter,identification,SI_022,22,10,1200,800,OK,EXACT,1,1,1,0,0,0,vermelho,#C62828,#C62828,0.0,0.0,0.0,0.943506,0.731343,27.0,27.0,1,0,0,0,0.0,0.0,0.0,0.0,1,0,,0,0,,,,1,1.0,0,0,0,0,0,0,0,MATCH,1,2.0
SI_023_R01.png,SI,scatter,identification,SI_023,23,1,1331,671,OK,EXTRA,1,2,1,1,0,1,vermelho,#C62828,#C62828|#1F4FD8,0.0,0.0,0.0,0.885468,0.585366,33.0,33.0,2,0,0,0,0.0,0.0,0.0,0.0,1,0,,0,1,,#1F4FD8,0.585366,1,1.0,0,0,0,1,0,0,0,EXTRA_COLOR,0,2.0
SI_023_R02.png,SI,scatter,identification,SI_023,23,2,1200,800,OK,EXACT,1,1,1,0,0,0,vermelho,#C62828,#C62828,0.0,0.0,0.0,0.974341,0.735294,26.0,26.0,1,0,0,0,0.0,0.0,0.0,0.0,0,0,,0,0,,,,1,1.0,0,0,0,0,0,0,0,MATCH,1,2.0
SI_023_R03.png,SI,scatter,identification,SI_023,23,3,1200,800,OK,EXACT,1,1,1,0,0,0,vermelho,#C62828,#C62828,0.0,0.0,0.0,0.974341,0.735294,26.0,26.0,1,0,0,0,0.0,0.0,0.0,0.0,0,0,,0,0,,,,1,1.0,0,0,0,0,0,0,0,MATCH,1,2.0
SI_023_R04.png,SI,scatter,identification,SI_023,23,4,1200,800,OK,EXACT,1,1,1,0,0,0,vermelho,#C62828,#C62828,0.0,0.0,0.0,0.974341,0.735294,26.0,26.0,1,0,0,0,0.0,0.0,0.0,0.0,0,0,,0,0,,,,1,1.0,0,0,0,0,0,0,0,MATCH,1,2.0
SI_023_R05.png,SI,scatter,identification,SI_023,23,5,1200,800,OK,EXACT,1,1,1,0,0,0,vermelho,#C62828,#C62828,0.0,0.0,0.0,0.974341,0.735294,26.0,26.0,1,0,0,0,0.0,0.0,0.0,0.0,0,0,,0,0,,,,1,1.0,0,0,0,0,0,0,0,MATCH,1,2.0
SI_023_R06.png,SI,scatter,identification,SI_023,23,6,1200,800,OK,EXACT,1,1,1,0,0,0,vermelho,#C62828,#C62828,0.0,0.0,0.0,0.974341,0.735294,26.0,26.0,1,0,0,0,0.0,0.0,0.0,0.0,0,0,,0,0,,,,1,1.0,0,0,0,0,0,0,0,MATCH,1,2.0
SI_023_R07.png,SI,scatter,identification,SI_023,23,7,1200,800,OK,EXACT,1,1,1,0,0,0,vermelho,#C62828,#C62828,0.0,0.0,0.0,0.974341,0.735294,26.0,26.0,1,0,0,0,0.0,0.0,0.0,0.0,0,0,,0,0,,,,1,1.0,0,0,0,0,0,0,0,MATCH,1,2.0
SI_023_R08.png,SI,scatter,identification,SI_023,23,8,1200,800,OK,EXACT,1,1,1,0,0,0,vermelho,#C62828,#C62828,0.0,0.0,0.0,0.974341,0.735294,26.0,26.0,1,0,0,0,0.0,0.0,0.0,0.0,0,0,,0,0,,,,1,1.0,0,0,0,0,0,0,0,MATCH,1,2.0
SI_023_R09.png,SI,scatter,identification,SI_023,23,9,1200,800,OK,EXACT,1,1,1,0,0,0,vermelho,#C62828,#C62828,0.0,0.0,0.0,0.974341,0.735294,26.0,26.0,1,0,0,0,0.0,0.0,0.0,0.0,0,0,,0,0,,,,1,1.0,0,0,0,0,0,0,0,MATCH,1,2.0
SI_023_R10.png,SI,scatter,identification,SI_023,23,10,1200,800,OK,EXACT,1,1,1,0,0,0,vermelho,#C62828,#C62828,0.0,0.0,0.0,0.974341,0.735294,26.0,26.0,1,0,0,0,0.0,0.0,0.0,0.0,0,0,,0,0,,,,1,1.0,0,0,0,0,0,0,0,MATCH,1,2.0
SI_024_R01.png,SI,scatter,identification,SI_024,24,1,1131,671,OK,EXACT,1,1,1,0,0,0,vermelho,#C62828,#C62828,0.0,0.0,0.0,0.987066,0.825397,27.0,27.0,1,0,0,0,0.0,0.0,0.0,0.0,2,0,,0,0,,,,1,1.0,0,0,0,0,0,0,0,MATCH,1,2.0
SI_024_R02.png,SI,scatter,identification,SI_024,24,2,1200,800,OK,EXACT,1,1,1,0,0,0,vermelho,#C62828,#C62828,0.0,0.0,0.0,0.943506,0.731343,27.0,27.0,1,0,0,0,0.0,0.0,0.0,0.0,1,0,,0,0,,,,1,1.0,0,0,0,0,0,0,0,MATCH,1,2.0
SI_024_R03.png,SI,scatter,identification,SI_024,24,3,1200,800,OK,EXACT,1,1,1,0,0,0,vermelho,#C62828,#C62828,0.0,0.0,0.0,0.943506,0.731343,27.0,27.0,1,0,0,0,0.0,0.0,0.0,0.0,1,0,,0,0,,,,1,1.0,0,0,0,0,0,0,0,MATCH,1,2.0
SI_024_R04.png,SI,scatter,identification,SI_024,24,4,1200,800,OK,EXACT,1,1,1,0,0,0,vermelho,#C62828,#C62828,0.0,0.0,0.0,0.943506,0.731343,27.0,27.0,1,0,0,0,0.0,0.0,0.0,0.0,1,0,,0,0,,,,1,1.0,0,0,0,0,0,0,0,MATCH,1,2.0
SI_024_R05.png,SI,scatter,identification,SI_024,24,5,1200,800,OK,EXACT,1,1,1,0,0,0,vermelho,#C62828,#C62828,0.0,0.0,0.0,0.943506,0.731343,27.0,27.0,1,0,0,0,0.0,0.0,0.0,0.0,1,0,,0,0,,,,1,1.0,0,0,0,0,0,0,0,MATCH,1,2.0
SI_024_R06.png,SI,scatter,identification,SI_024,24,6,1200,800,OK,EXACT,1,1,1,0,0,0,vermelho,#C62828,#C62828,0.0,0.0,0.0,0.943506,0.731343,27.0,27.0,1,0,0,0,0.0,0.0,0.0,0.0,1,0,,0,0,,,,1,1.0,0,0,0,0,0,0,0,MATCH,1,2.0
SI_024_R07.png,SI,scatter,identification,SI_024,24,7,1200,800,OK,EXACT,1,1,1,0,0,0,vermelho,#C62828,#C62828,0.0,0.0,0.0,0.943506,0.731343,27.0,27.0,1,0,0,0,0.0,0.0,0.0,0.0,1,0,,0,0,,,,1,1.0,0,0,0,0,0,0,0,MATCH,1,2.0
SI_024_R08.png,SI,scatter,identification,SI_024,24,8,1200,800,OK,EXACT,1,1,1,0,0,0,vermelho,#C62828,#C62828,0.0,0.0,0.0,0.943506,0.731343,27.0,27.0,1,0,0,0,0.0,0.0,0.0,0.0,1,0,,0,0,,,,1,1.0,0,0,0,0,0,0,0,MATCH,1,2.0
SI_024_R09.png,SI,scatter,identification,SI_024,24,9,1200,800,OK,EXACT,1,1,1,0,0,0,vermelho,#C62828,#C62828,0.0,0.0,0.0,0.943506,0.731343,27.0,27.0,1,0,0,0,0.0,0.0,0.0,0.0,1,0,,0,0,,,,1,1.0,0,0,0,0,0,0,0,MATCH,1,2.0
SI_024_R10.png,SI,scatter,identification,SI_024,24,10,1200,800,OK,EXACT,1,1,1,0,0,0,vermelho,#C62828,#C62828,0.0,0.0,0.0,0.943506,0.731343,27.0,27.0,1,0,0,0,0.0,0.0,0.0,0.0,1,0,,0,0,,,,1,1.0,0,0,0,0,0,0,0,MATCH,1,2.0
SI_025_R01.png,SI,scatter,identification,SI_025,25,1,1111,671,OK,EXACT,1,1,1,0,0,0,vermelho,#C62828,#C62828,0.0,0.0,0.0,0.942286,0.698413,27.0,27.0,1,0,0,0,0.0,0.0,0.0,0.0,1,0,,0,0,,,,1,1.0,0,0,0,0,0,0,0,MATCH,1,2.0
SI_025_R02.png,SI,scatter,identification,SI_025,25,2,1200,800,OK,EXACT,1,1,1,0,0,0,vermelho,#C62828,#C62828,0.0,0.0,0.0,0.974341,0.735294,26.0,26.0,1,0,0,0,0.0,0.0,0.0,0.0,0,0,,0,0,,,,1,1.0,0,0,0,0,0,0,0,MATCH,1,2.0
SI_025_R03.png,SI,scatter,identification,SI_025,25,3,1200,800,OK,EXACT,1,1,1,0,0,0,vermelho,#C62828,#C62828,0.0,0.0,0.0,0.974341,0.735294,26.0,26.0,1,0,0,0,0.0,0.0,0.0,0.0,0,0,,0,0,,,,1,1.0,0,0,0,0,0,0,0,MATCH,1,2.0
SI_025_R04.png,SI,scatter,identification,SI_025,25,4,1200,800,OK,EXACT,1,1,1,0,0,0,vermelho,#C62828,#C62828,0.0,0.0,0.0,0.974341,0.735294,26.0,26.0,1,0,0,0,0.0,0.0,0.0,0.0,0,0,,0,0,,,,1,1.0,0,0,0,0,0,0,0,MATCH,1,2.0
SI_025_R05.png,SI,scatter,identification,SI_025,25,5,1200,800,OK,EXACT,1,1,1,0,0,0,vermelho,#C62828,#C62828,0.0,0.0,0.0,0.943506,0.731343,27.0,27.0,1,0,0,0,0.0,0.0,0.0,0.0,1,0,,0,0,,,,1,1.0,0,0,0,0,0,0,0,MATCH,1,2.0
SI_025_R06.png,SI,scatter,identification,SI_025,25,6,1200,800,OK,EXACT,1,1,1,0,0,0,vermelho,#C62828,#C62828,0.0,0.0,0.0,0.943506,0.731343,27.0,27.0,1,0,0,0,0.0,0.0,0.0,0.0,1,0,,0,0,,,,1,1.0,0,0,0,0,0,0,0,MATCH,1,2.0
SI_025_R07.png,SI,scatter,identification,SI_025,25,7,1200,800,OK,EXACT,1,1,1,0,0,0,vermelho,#C62828,#C62828,0.0,0.0,0.0,0.943506,0.731343,27.0,27.0,1,0,0,0,0.0,0.0,0.0,0.0,1,0,,0,0,,,,1,1.0,0,0,0,0,0,0,0,MATCH,1,2.0
SI_025_R08.png,SI,scatter,identification,SI_025,25,8,1200,800,OK,EXACT,1,1,1,0,0,0,vermelho,#C62828,#C62828,0.0,0.0,0.0,0.943506,0.731343,27.0,27.0,1,0,0,0,0.0,0.0,0.0,0.0,1,0,,0,0,,,,1,1.0,0,0,0,0,0,0,0,MATCH,1,2.0
SI_025_R09.png,SI,scatter,identification,SI_025,25,9,1200,800,OK,EXACT,1,1,1,0,0,0,vermelho,#C62828,#C62828,0.0,0.0,0.0,0.943506,0.731343,27.0,27.0,1,0,0,0,0.0,0.0,0.0,0.0,1,0,,0,0,,,,1,1.0,0,0,0,0,0,0,0,MATCH,1,2.0
SI_025_R10.png,SI,scatter,identification,SI_025,25,10,1200,800,OK,EXACT,1,1,1,0,0,0,vermelho,#C62828,#C62828,0.0,0.0,0.0,0.943506,0.731343,27.0,27.0,1,0,0,0,0.0,0.0,0.0,0.0,1,0,,0,0,,,,1,1.0,0,0,0,0,0,0,0,MATCH,1,2.0
SI_026_R01.png,SI,scatter,identification,SI_026,26,1,1111,671,OK,EXACT,1,1,1,0,0,0,vermelho,#C62828,#C62828,0.0,0.0,0.0,0.942286,0.698413,27.0,27.0,1,0,0,0,0.0,0.0,0.0,0.0,1,0,,0,0,,,,1,1.0,0,0,0,0,0,0,0,MATCH,1,2.0
SI_026_R02.png,SI,scatter,identification,SI_026,26,2,1200,800,OK,EXACT,1,1,1,0,0,0,vermelho,#C62828,#C62828,0.0,0.0,0.0,0.943506,0.731343,27.0,27.0,1,0,0,0,0.0,0.0,0.0,0.0,1,0,,0,0,,,,1,1.0,0,0,0,0,0,0,0,MATCH,1,2.0
SI_026_R03.png,SI,scatter,identification,SI_026,26,3,1200,800,OK,EXACT,1,1,1,0,0,0,vermelho,#C62828,#C62828,0.0,0.0,0.0,0.943506,0.731343,27.0,27.0,1,0,0,0,0.0,0.0,0.0,0.0,1,0,,0,0,,,,1,1.0,0,0,0,0,0,0,0,MATCH,1,2.0
SI_026_R04.png,SI,scatter,identification,SI_026,26,4,1200,800,OK,EXACT,1,1,1,0,0,0,vermelho,#C62828,#C62828,0.0,0.0,0.0,0.943506,0.731343,27.0,27.0,1,0,0,0,0.0,0.0,0.0,0.0,1,0,,0,0,,,,1,1.0,0,0,0,0,0,0,0,MATCH,1,2.0
SI_026_R05.png,SI,scatter,identification,SI_026,26,5,1200,800,OK,EXACT,1,1,1,0,0,0,vermelho,#C62828,#C62828,0.0,0.0,0.0,0.943506,0.731343,27.0,27.0,1,0,0,0,0.0,0.0,0.0,0.0,1,0,,0,0,,,,1,1.0,0,0,0,0,0,0,0,MATCH,1,2.0
SI_026_R06.png,SI,scatter,identification,SI_026,26,6,1016,701,OK,EXACT,1,1,1,0,0,0,vermelho,#C62828,#C62828,0.0,0.0,0.0,0.954836,0.735294,26.0,26.0,1,0,0,0,0.0,0.0,0.0,0.0,1,0,,0,0,,,,1,1.0,0,0,0,0,0,0,0,MATCH,1,2.0
SI_026_R07.png,SI,scatter,identification,SI_026,26,7,1016,701,OK,EXACT,1,1,1,0,0,0,vermelho,#C62828,#C62828,0.0,0.0,0.0,0.954836,0.735294,26.0,26.0,1,0,0,0,0.0,0.0,0.0,0.0,1,0,,0,0,,,,1,1.0,0,0,0,0,0,0,0,MATCH,1,2.0
SI_026_R08.png,SI,scatter,identification,SI_026,26,8,1200,800,OK,EXACT,1,1,1,0,0,0,vermelho,#C62828,#C62828,0.0,0.0,0.0,0.974341,0.735294,26.0,26.0,1,0,0,0,0.0,0.0,0.0,0.0,0,0,,0,0,,,,1,1.0,0,0,0,0,0,0,0,MATCH,1,2.0
SI_026_R09.png,SI,scatter,identification,SI_026,26,9,1200,800,OK,EXACT,1,1,1,0,0,0,vermelho,#C62828,#C62828,0.0,0.0,0.0,0.974341,0.735294,26.0,26.0,1,0,0,0,0.0,0.0,0.0,0.0,0,0,,0,0,,,,1,1.0,0,0,0,0,0,0,0,MATCH,1,2.0
SI_026_R10.png,SI,scatter,identification,SI_026,26,10,1200,800,OK,EXACT,1,1,1,0,0,0,vermelho,#C62828,#C62828,0.0,0.0,0.0,0.974341,0.735294,26.0,26.0,1,0,0,0,0.0,0.0,0.0,0.0,0,0,,0,0,,,,1,1.0,0,0,0,0,0,0,0,MATCH,1,2.0
SI_027_R01.png,SI,scatter,identification,SI_027,27,1,1111,671,OK,EXACT,1,1,1,0,0,0,vermelho,#C62828,#C62828,0.0,0.0,0.0,0.940715,0.705882,27.0,27.0,1,0,0,0,0.0,0.0,0.0,0.0,2,0,,0,0,,,,1,1.0,0,0,0,0,0,0,0,MATCH,1,2.0
SI_027_R02.png,SI,scatter,identification,SI_027,27,2,1200,800,OK,EXACT,1,1,1,0,0,0,vermelho,#C62828,#C62828,0.0,0.0,0.0,0.956509,0.735294,27.0,27.0,1,0,0,0,0.0,0.0,0.0,0.0,1,0,,0,0,,,,1,1.0,0,0,0,0,0,0,0,MATCH,1,2.0
SI_027_R03.png,SI,scatter,identification,SI_027,27,3,1200,800,OK,EXACT,1,1,1,0,0,0,vermelho,#C62828,#C62828,0.0,0.0,0.0,0.993651,0.914286,27.0,27.0,1,0,0,0,0.0,0.0,0.0,0.0,1,0,,0,0,,,,1,1.0,0,0,0,0,0,0,0,MATCH,1,2.0
SI_027_R04.png,SI,scatter,identification,SI_027,27,4,1200,800,OK,EXACT,1,1,1,0,0,0,vermelho,#C62828,#C62828,0.0,0.0,0.0,0.977778,0.7,27.0,27.0,1,0,0,0,0.0,0.0,0.0,0.0,1,0,,0,0,,,,1,1.0,0,0,0,0,0,0,0,MATCH,1,2.0
SI_027_R05.png,SI,scatter,identification,SI_027,27,5,1200,800,OK,EXACT,1,1,1,0,0,0,vermelho,#C62828,#C62828,0.0,0.0,0.0,1.0,1.0,26.0,26.0,1,0,0,0,0.0,0.0,0.0,0.0,1,0,,0,0,,,,1,1.0,0,0,0,0,0,0,0,MATCH,1,2.0
SI_027_R06.png,SI,scatter,identification,SI_027,27,6,1200,800,OK,EXACT,1,1,1,0,0,0,vermelho,#C62828,#C62828,0.0,0.0,0.0,1.0,1.0,25.0,25.0,1,0,0,0,0.0,0.0,0.0,0.0,1,0,,0,0,,,,1,1.0,0,0,0,0,0,0,0,MATCH,1,2.0
SI_027_R07.png,SI,scatter,identification,SI_027,27,7,1200,800,OK,EXACT,1,1,1,0,0,0,vermelho,#C62828,#C62828,0.0,0.0,0.0,1.0,1.0,25.0,25.0,1,0,0,0,0.0,0.0,0.0,0.0,1,0,,0,0,,,,1,1.0,0,0,0,0,0,0,0,MATCH,1,2.0
SI_027_R08.png,SI,scatter,identification,SI_027,27,8,1200,800,OK,EXACT,1,1,1,0,0,0,vermelho,#C62828,#C62828,0.0,0.0,0.0,1.0,1.0,24.0,24.0,1,0,0,0,0.0,0.0,0.0,0.0,1,0,,0,0,,,,1,1.0,0,0,0,0,0,0,0,MATCH,1,2.0
SI_027_R09.png,SI,scatter,identification,SI_027,27,9,1200,800,OK,EXACT,1,1,1,0,0,0,vermelho,#C62828,#C62828,0.0,0.0,0.0,1.0,1.0,24.0,24.0,1,0,0,0,0.0,0.0,0.0,0.0,1,0,,0,0,,,,1,1.0,0,0,0,0,0,0,0,MATCH,1,2.0
SI_027_R10.png,SI,scatter,identification,SI_027,27,10,1200,800,OK,EXACT,1,1,1,0,0,0,vermelho,#C62828,#C62828,0.0,0.0,0.0,1.0,1.0,24.0,24.0,1,0,0,0,0.0,0.0,0.0,0.0,1,0,,0,0,,,,1,1.0,0,0,0,0,0,0,0,MATCH,1,2.0
SI_028_R01.png,SI,scatter,identification,SI_028,28,1,1111,671,OK,EXACT,1,1,1,0,0,0,vermelho,#C62828,#C62828,0.0,0.0,0.0,0.944347,0.698413,28.0,28.0,1,0,0,0,0.0,0.0,0.0,0.0,2,0,,0,0,,,,1,1.0,0,0,0,0,0,0,0,MATCH,1,2.0
SI_028_R02.png,SI,scatter,identification,SI_028,28,2,1111,671,OK,EXACT,1,1,1,0,0,0,vermelho,#C62828,#C62828,0.0,0.0,0.0,0.918171,0.53125,27.0,27.0,1,0,0,0,0.0,0.0,0.0,0.0,10,0,,0,0,,,,1,1.0,0,0,0,0,0,0,0,MATCH,1,2.0
SI_028_R03.png,SI,scatter,identification,SI_028,28,3,1111,671,OK,EXACT,1,1,1,0,0,0,vermelho,#C62828,#C62828,0.0,0.0,0.0,0.918171,0.53125,27.0,27.0,1,0,0,0,0.0,0.0,0.0,0.0,10,0,,0,0,,,,1,1.0,0,0,0,0,0,0,0,MATCH,1,2.0
SI_028_R04.png,SI,scatter,identification,SI_028,28,4,1111,671,OK,EXACT,1,1,1,0,0,0,vermelho,#C62828,#C62828,0.0,0.0,0.0,0.918171,0.53125,27.0,27.0,1,0,0,0,0.0,0.0,0.0,0.0,10,0,,0,0,,,,1,1.0,0,0,0,0,0,0,0,MATCH,1,2.0
SI_028_R05.png,SI,scatter,identification,SI_028,28,5,1111,671,OK,EXACT,1,1,1,0,0,0,vermelho,#C62828,#C62828,0.0,0.0,0.0,0.918171,0.53125,27.0,27.0,1,0,0,0,0.0,0.0,0.0,0.0,10,0,,0,0,,,,1,1.0,0,0,0,0,0,0,0,MATCH,1,2.0
SI_028_R06.png,SI,scatter,identification,SI_028,28,6,1111,671,OK,EXACT,1,1,1,0,0,0,vermelho,#C62828,#C62828,0.0,0.0,0.0,0.918171,0.53125,27.0,27.0,1,0,0,0,0.0,0.0,0.0,0.0,10,0,,0,0,,,,1,1.0,0,0,0,0,0,0,0,MATCH,1,2.0
SI_028_R07.png,SI,scatter,identification,SI_028,28,7,1111,671,OK,EXACT,1,1,1,0,0,0,vermelho,#C62828,#C62828,0.0,0.0,0.0,0.918171,0.53125,27.0,27.0,1,0,0,0,0.0,0.0,0.0,0.0,10,0,,0,0,,,,1,1.0,0,0,0,0,0,0,0,MATCH,1,2.0
SI_028_R08.png,SI,scatter,identification,SI_028,28,8,1111,671,OK,EXACT,1,1,1,0,0,0,vermelho,#C62828,#C62828,0.0,0.0,0.0,0.918171,0.53125,27.0,27.0,1,0,0,0,0.0,0.0,0.0,0.0,10,0,,0,0,,,,1,1.0,0,0,0,0,0,0,0,MATCH,1,2.0
SI_028_R09.png,SI,scatter,identification,SI_028,28,9,1111,671,OK,EXACT,1,1,1,0,0,0,vermelho,#C62828,#C62828,0.0,0.0,0.0,0.918171,0.53125,27.0,27.0,1,0,0,0,0.0,0.0,0.0,0.0,10,0,,0,0,,,,1,1.0,0,0,0,0,0,0,0,MATCH,1,2.0
SI_028_R10.png,SI,scatter,identification,SI_028,28,10,1111,671,OK,EXACT,1,1,1,0,0,0,vermelho,#C62828,#C62828,0.0,0.0,0.0,0.918171,0.53125,27.0,27.0,1,0,0,0,0.0,0.0,0.0,0.0,10,0,,0,0,,,,1,1.0,0,0,0,0,0,0,0,MATCH,1,2.0
SI_029_R01.png,SI,scatter,identification,SI_029,29,1,1111,671,OK,EXACT,1,1,1,0,0,0,vermelho,#C62828,#C62828,0.0,0.0,0.0,0.975631,0.735294,51.0,51.0,1,0,0,0,0.0,0.0,0.0,0.0,3,0,,0,0,,,,1,1.0,0,0,0,0,0,0,0,MATCH,1,2.0
SI_029_R02.png,SI,scatter,identification,SI_029,29,2,1159,671,OK,EXACT,1,1,1,0,0,0,vermelho,#C62828,#C62828,0.0,0.0,0.0,0.994233,0.705882,51.0,51.0,1,0,0,0,0.0,0.0,0.0,0.0,14,0,,0,0,,,,1,1.0,0,0,0,0,0,0,0,MATCH,1,2.0
SI_029_R03.png,SI,scatter,identification,SI_029,29,3,1159,671,OK,EXACT,1,1,1,0,0,0,vermelho,#C62828,#C62828,0.0,0.0,0.0,0.994233,0.705882,51.0,51.0,1,0,0,0,0.0,0.0,0.0,0.0,14,0,,0,0,,,,1,1.0,0,0,0,0,0,0,0,MATCH,1,2.0
SI_029_R04.png,SI,scatter,identification,SI_029,29,4,1159,671,OK,EXACT,1,1,1,0,0,0,vermelho,#C62828,#C62828,0.0,0.0,0.0,0.994233,0.705882,51.0,51.0,1,0,0,0,0.0,0.0,0.0,0.0,14,0,,0,0,,,,1,1.0,0,0,0,0,0,0,0,MATCH,1,2.0
SI_029_R05.png,SI,scatter,identification,SI_029,29,5,1159,671,OK,EXACT,1,1,1,0,0,0,vermelho,#C62828,#C62828,0.0,0.0,0.0,0.994233,0.705882,51.0,51.0,1,0,0,0,0.0,0.0,0.0,0.0,14,0,,0,0,,,,1,1.0,0,0,0,0,0,0,0,MATCH,1,2.0
SI_029_R06.png,SI,scatter,identification,SI_029,29,6,1159,671,OK,EXACT,1,1,1,0,0,0,vermelho,#C62828,#C62828,0.0,0.0,0.0,0.994233,0.705882,51.0,51.0,1,0,0,0,0.0,0.0,0.0,0.0,14,0,,0,0,,,,1,1.0,0,0,0,0,0,0,0,MATCH,1,2.0
SI_029_R07.png,SI,scatter,identification,SI_029,29,7,1159,671,OK,EXACT,1,1,1,0,0,0,vermelho,#C62828,#C62828,0.0,0.0,0.0,0.994233,0.705882,51.0,51.0,1,0,0,0,0.0,0.0,0.0,0.0,14,0,,0,0,,,,1,1.0,0,0,0,0,0,0,0,MATCH,1,2.0
SI_029_R08.png,SI,scatter,identification,SI_029,29,8,1159,671,OK,EXACT,1,1,1,0,0,0,vermelho,#C62828,#C62828,0.0,0.0,0.0,0.994233,0.705882,51.0,51.0,1,0,0,0,0.0,0.0,0.0,0.0,14,0,,0,0,,,,1,1.0,0,0,0,0,0,0,0,MATCH,1,2.0
SI_029_R09.png,SI,scatter,identification,SI_029,29,9,1159,671,OK,EXACT,1,1,1,0,0,0,vermelho,#C62828,#C62828,0.0,0.0,0.0,0.994233,0.705882,51.0,51.0,1,0,0,0,0.0,0.0,0.0,0.0,14,0,,0,0,,,,1,1.0,0,0,0,0,0,0,0,MATCH,1,2.0
SI_029_R10.png,SI,scatter,identification,SI_029,29,10,1159,671,OK,EXACT,1,1,1,0,0,0,vermelho,#C62828,#C62828,0.0,0.0,0.0,0.994233,0.705882,51.0,51.0,1,0,0,0,0.0,0.0,0.0,0.0,14,0,,0,0,,,,1,1.0,0,0,0,0,0,0,0,MATCH,1,2.0
SI_030_R01.png,SI,scatter,identification,SI_030,30,1,1201,701,NO_MARK,NO_MARK,1,0,0,0,1,1,vermelho,#C62828,,,,,,,0.0,0.0,0,0,0,0,,,,,0,0,,0,0,,,,0,,0,1,1,0,0,0,0,NO_MARK,0,2.0
SI_030_R02.png,SI,scatter,identification,SI_030,30,2,1316,671,OK,EXACT,1,1,1,0,0,0,vermelho,#C62828,#C62828,0.0,0.0,0.0,0.942286,0.698413,27.0,27.0,1,0,0,0,0.0,0.0,0.0,0.0,1,0,,0,0,,,,1,1.0,0,0,0,0,0,0,0,MATCH,1,2.0
SI_030_R03.png,SI,scatter,identification,SI_030,30,3,1316,671,OK,EXACT,1,1,1,0,0,0,vermelho,#C62828,#C62828,0.0,0.0,0.0,0.942286,0.698413,27.0,27.0,1,0,0,0,0.0,0.0,0.0,0.0,1,0,,0,0,,,,1,1.0,0,0,0,0,0,0,0,MATCH,1,2.0
SI_030_R04.png,SI,scatter,identification,SI_030,30,4,1316,671,OK,EXACT,1,1,1,0,0,0,vermelho,#C62828,#C62828,0.0,0.0,0.0,0.942286,0.698413,27.0,27.0,1,0,0,0,0.0,0.0,0.0,0.0,1,0,,0,0,,,,1,1.0,0,0,0,0,0,0,0,MATCH,1,2.0
SI_030_R05.png,SI,scatter,identification,SI_030,30,5,1316,671,OK,EXACT,1,1,1,0,0,0,vermelho,#C62828,#C62828,0.0,0.0,0.0,0.942286,0.698413,27.0,27.0,1,0,0,0,0.0,0.0,0.0,0.0,1,0,,0,0,,,,1,1.0,0,0,0,0,0,0,0,MATCH,1,2.0
SI_030_R06.png,SI,scatter,identification,SI_030,30,6,1316,671,OK,EXACT,1,1,1,0,0,0,vermelho,#C62828,#C62828,0.0,0.0,0.0,0.942286,0.698413,27.0,27.0,1,0,0,0,0.0,0.0,0.0,0.0,1,0,,0,0,,,,1,1.0,0,0,0,0,0,0,0,MATCH,1,2.0
SI_030_R07.png,SI,scatter,identification,SI_030,30,7,1316,671,OK,EXACT,1,1,1,0,0,0,vermelho,#C62828,#C62828,0.0,0.0,0.0,0.942286,0.698413,27.0,27.0,1,0,0,0,0.0,0.0,0.0,0.0,1,0,,0,0,,,,1,1.0,0,0,0,0,0,0,0,MATCH,1,2.0
SI_030_R08.png,SI,scatter,identification,SI_030,30,8,1316,671,OK,EXACT,1,1,1,0,0,0,vermelho,#C62828,#C62828,0.0,0.0,0.0,0.942286,0.698413,27.0,27.0,1,0,0,0,0.0,0.0,0.0,0.0,1,0,,0,0,,,,1,1.0,0,0,0,0,0,0,0,MATCH,1,2.0
SI_030_R09.png,SI,scatter,identification,SI_030,30,9,1316,671,OK,EXACT,1,1,1,0,0,0,vermelho,#C62828,#C62828,0.0,0.0,0.0,0.942286,0.698413,27.0,27.0,1,0,0,0,0.0,0.0,0.0,0.0,1,0,,0,0,,,,1,1.0,0,0,0,0,0,0,0,MATCH,1,2.0
SI_030_R10.png,SI,scatter,identification,SI_030,30,10,1316,671,OK,EXACT,1,1,1,0,0,0,vermelho,#C62828,#C62828,0.0,0.0,0.0,0.942286,0.698413,27.0,27.0,1,0,0,0,0.0,0.0,0.0,0.0,1,0,,0,0,,,,1,1.0,0,0,0,0,0,0,0,MATCH,1,2.0
SI_031_R01.png,SI,scatter,identification,SI_031,31,1,1111,671,OK,EXACT,1,1,1,0,0,0,vermelho,#C62828,#C62828,0.0,0.0,0.0,0.944347,0.698413,28.0,28.0,1,0,0,0,0.0,0.0,0.0,0.0,2,0,,0,0,,,,1,1.0,0,0,0,0,0,0,0,MATCH,1,2.0
SI_031_R02.png,SI,scatter,identification,SI_031,31,2,1200,800,OK,EXACT,1,1,1,0,0,0,vermelho,#C62828,#C62828,0.0,0.0,0.0,0.92772,0.5,29.0,29.0,1,0,0,0,0.0,0.0,0.0,0.0,2,0,,0,0,,,,1,1.0,0,0,0,0,0,0,0,MATCH,1,2.0
SI_031_R03.png,SI,scatter,identification,SI_031,31,3,1200,800,OK,EXACT,1,1,1,0,0,0,vermelho,#C62828,#C62828,0.0,0.0,0.0,0.92772,0.5,29.0,29.0,1,0,0,0,0.0,0.0,0.0,0.0,2,0,,0,0,,,,1,1.0,0,0,0,0,0,0,0,MATCH,1,2.0
SI_031_R04.png,SI,scatter,identification,SI_031,31,4,1200,800,OK,EXACT,1,1,1,0,0,0,vermelho,#C62828,#C62828,0.0,0.0,0.0,0.92772,0.5,29.0,29.0,1,0,0,0,0.0,0.0,0.0,0.0,2,0,,0,0,,,,1,1.0,0,0,0,0,0,0,0,MATCH,1,2.0
SI_031_R05.png,SI,scatter,identification,SI_031,31,5,1200,800,OK,EXACT,1,1,1,0,0,0,vermelho,#C62828,#C62828,0.0,0.0,0.0,0.92772,0.5,29.0,29.0,1,0,0,0,0.0,0.0,0.0,0.0,2,0,,0,0,,,,1,1.0,0,0,0,0,0,0,0,MATCH,1,2.0
SI_031_R06.png,SI,scatter,identification,SI_031,31,6,1200,800,OK,EXACT,1,1,1,0,0,0,vermelho,#C62828,#C62828,0.0,0.0,0.0,0.92772,0.5,29.0,29.0,1,0,0,0,0.0,0.0,0.0,0.0,2,0,,0,0,,,,1,1.0,0,0,0,0,0,0,0,MATCH,1,2.0
SI_031_R07.png,SI,scatter,identification,SI_031,31,7,1200,800,OK,EXACT,1,1,1,0,0,0,vermelho,#C62828,#C62828,0.0,0.0,0.0,0.92772,0.5,29.0,29.0,1,0,0,0,0.0,0.0,0.0,0.0,2,0,,0,0,,,,1,1.0,0,0,0,0,0,0,0,MATCH,1,2.0
SI_031_R08.png,SI,scatter,identification,SI_031,31,8,1200,800,OK,EXACT,1,1,1,0,0,0,vermelho,#C62828,#C62828,0.0,0.0,0.0,0.92772,0.5,29.0,29.0,1,0,0,0,0.0,0.0,0.0,0.0,2,0,,0,0,,,,1,1.0,0,0,0,0,0,0,0,MATCH,1,2.0
SI_031_R09.png,SI,scatter,identification,SI_031,31,9,1200,800,OK,EXACT,1,1,1,0,0,0,vermelho,#C62828,#C62828,0.0,0.0,0.0,0.92772,0.5,29.0,29.0,1,0,0,0,0.0,0.0,0.0,0.0,2,0,,0,0,,,,1,1.0,0,0,0,0,0,0,0,MATCH,1,2.0
SI_031_R10.png,SI,scatter,identification,SI_031,31,10,1200,800,OK,EXACT,1,1,1,0,0,0,vermelho,#C62828,#C62828,0.0,0.0,0.0,0.92772,0.5,29.0,29.0,1,0,0,0,0.0,0.0,0.0,0.0,2,0,,0,0,,,,1,1.0,0,0,0,0,0,0,0,MATCH,1,2.0
SI_032_R01.png,SI,scatter,identification,SI_032,32,1,1026,725,OK,EXACT,1,1,1,0,0,0,vermelho,#C62828,#C62828,0.0,0.0,0.0,1.0,1.0,27.0,27.0,1,0,0,0,0.0,0.0,0.0,0.0,1,0,,0,0,,,,1,1.0,0,0,0,0,0,0,0,MATCH,1,2.0
SI_032_R02.png,SI,scatter,identification,SI_032,32,2,1200,800,OK,EXACT,1,1,1,0,0,0,vermelho,#C62828,#C62828,0.0,0.0,0.0,0.98173,0.735294,27.0,27.0,1,0,0,0,0.0,0.0,0.0,0.0,3,0,,0,0,,,,1,1.0,0,0,0,0,0,0,0,MATCH,1,2.0
SI_032_R03.png,SI,scatter,identification,SI_032,32,3,1200,800,OK,EXACT,1,1,1,0,0,0,vermelho,#C62828,#C62828,0.0,0.0,0.0,0.98173,0.735294,27.0,27.0,1,0,0,0,0.0,0.0,0.0,0.0,3,0,,0,0,,,,1,1.0,0,0,0,0,0,0,0,MATCH,1,2.0
SI_032_R04.png,SI,scatter,identification,SI_032,32,4,1200,800,OK,EXACT,1,1,1,0,0,0,vermelho,#C62828,#C62828,0.0,0.0,0.0,0.98173,0.735294,27.0,27.0,1,0,0,0,0.0,0.0,0.0,0.0,3,0,,0,0,,,,1,1.0,0,0,0,0,0,0,0,MATCH,1,2.0
SI_032_R05.png,SI,scatter,identification,SI_032,32,5,1200,800,OK,EXACT,1,1,1,0,0,0,vermelho,#C62828,#C62828,0.0,0.0,0.0,0.98173,0.735294,27.0,27.0,1,0,0,0,0.0,0.0,0.0,0.0,3,0,,0,0,,,,1,1.0,0,0,0,0,0,0,0,MATCH,1,2.0
SI_032_R06.png,SI,scatter,identification,SI_032,32,6,1200,800,OK,EXACT,1,1,1,0,0,0,vermelho,#C62828,#C62828,0.0,0.0,0.0,0.98173,0.735294,27.0,27.0,1,0,0,0,0.0,0.0,0.0,0.0,3,0,,0,0,,,,1,1.0,0,0,0,0,0,0,0,MATCH,1,2.0
SI_032_R07.png,SI,scatter,identification,SI_032,32,7,1200,800,OK,EXACT,1,1,1,0,0,0,vermelho,#C62828,#C62828,0.0,0.0,0.0,0.98173,0.735294,27.0,27.0,1,0,0,0,0.0,0.0,0.0,0.0,3,0,,0,0,,,,1,1.0,0,0,0,0,0,0,0,MATCH,1,2.0
SI_032_R08.png,SI,scatter,identification,SI_032,32,8,1200,800,OK,EXACT,1,1,1,0,0,0,vermelho,#C62828,#C62828,0.0,0.0,0.0,0.98173,0.735294,27.0,27.0,1,0,0,0,0.0,0.0,0.0,0.0,3,0,,0,0,,,,1,1.0,0,0,0,0,0,0,0,MATCH,1,2.0
SI_032_R09.png,SI,scatter,identification,SI_032,32,9,1200,800,OK,EXACT,1,1,1,0,0,0,vermelho,#C62828,#C62828,0.0,0.0,0.0,0.98173,0.735294,27.0,27.0,1,0,0,0,0.0,0.0,0.0,0.0,3,0,,0,0,,,,1,1.0,0,0,0,0,0,0,0,MATCH,1,2.0
SI_032_R10.png,SI,scatter,identification,SI_032,32,10,1200,800,OK,EXACT,1,1,1,0,0,0,vermelho,#C62828,#C62828,0.0,0.0,0.0,0.98173,0.735294,27.0,27.0,1,0,0,0,0.0,0.0,0.0,0.0,3,0,,0,0,,,,1,1.0,0,0,0,0,0,0,0,MATCH,1,2.0
SI_033_R01.png,SI,scatter,identification,SI_033,33,1,1122,671,OK,EXACT,1,1,1,0,0,0,vermelho,#C62828,#C62828,0.0,0.0,0.0,0.954594,0.705882,27.0,27.0,1,0,0,0,0.0,0.0,0.0,0.0,2,0,,0,0,,,,1,1.0,0,0,0,0,0,0,0,MATCH,1,2.0
SI_033_R02.png,SI,scatter,identification,SI_033,33,2,1131,671,OK,EXACT,1,1,1,0,0,0,vermelho,#C62828,#C62828,0.0,0.0,0.0,0.952848,0.705882,26.0,26.0,1,0,0,0,0.0,0.0,0.0,0.0,1,0,,0,0,,,,1,1.0,0,0,0,0,0,0,0,MATCH,1,2.0
SI_033_R03.png,SI,scatter,identification,SI_033,33,3,1131,671,OK,EXACT,1,1,1,0,0,0,vermelho,#C62828,#C62828,0.0,0.0,0.0,0.952848,0.705882,26.0,26.0,1,0,0,0,0.0,0.0,0.0,0.0,1,0,,0,0,,,,1,1.0,0,0,0,0,0,0,0,MATCH,1,2.0
SI_033_R04.png,SI,scatter,identification,SI_033,33,4,1131,671,OK,EXACT,1,1,1,0,0,0,vermelho,#C62828,#C62828,0.0,0.0,0.0,0.952848,0.705882,26.0,26.0,1,0,0,0,0.0,0.0,0.0,0.0,1,0,,0,0,,,,1,1.0,0,0,0,0,0,0,0,MATCH,1,2.0
SI_033_R05.png,SI,scatter,identification,SI_033,33,5,1131,671,OK,EXACT,1,1,1,0,0,0,vermelho,#C62828,#C62828,0.0,0.0,0.0,0.952848,0.705882,26.0,26.0,1,0,0,0,0.0,0.0,0.0,0.0,1,0,,0,0,,,,1,1.0,0,0,0,0,0,0,0,MATCH,1,2.0
SI_033_R06.png,SI,scatter,identification,SI_033,33,6,1131,671,OK,EXACT,1,1,1,0,0,0,vermelho,#C62828,#C62828,0.0,0.0,0.0,0.952848,0.705882,26.0,26.0,1,0,0,0,0.0,0.0,0.0,0.0,1,0,,0,0,,,,1,1.0,0,0,0,0,0,0,0,MATCH,1,2.0
SI_033_R07.png,SI,scatter,identification,SI_033,33,7,1131,671,OK,EXACT,1,1,1,0,0,0,vermelho,#C62828,#C62828,0.0,0.0,0.0,0.952848,0.705882,26.0,26.0,1,0,0,0,0.0,0.0,0.0,0.0,1,0,,0,0,,,,1,1.0,0,0,0,0,0,0,0,MATCH,1,2.0
SI_033_R08.png,SI,scatter,identification,SI_033,33,8,1131,671,OK,EXACT,1,1,1,0,0,0,vermelho,#C62828,#C62828,0.0,0.0,0.0,0.952848,0.705882,26.0,26.0,1,0,0,0,0.0,0.0,0.0,0.0,1,0,,0,0,,,,1,1.0,0,0,0,0,0,0,0,MATCH,1,2.0
SI_033_R09.png,SI,scatter,identification,SI_033,33,9,1131,671,OK,EXACT,1,1,1,0,0,0,vermelho,#C62828,#C62828,0.0,0.0,0.0,0.952848,0.705882,26.0,26.0,1,0,0,0,0.0,0.0,0.0,0.0,1,0,,0,0,,,,1,1.0,0,0,0,0,0,0,0,MATCH,1,2.0
SI_033_R10.png,SI,scatter,identification,SI_033,33,10,1131,671,OK,EXACT,1,1,1,0,0,0,vermelho,#C62828,#C62828,0.0,0.0,0.0,0.952848,0.705882,26.0,26.0,1,0,0,0,0.0,0.0,0.0,0.0,1,0,,0,0,,,,1,1.0,0,0,0,0,0,0,0,MATCH,1,2.0
SI_034_R01.png,SI,scatter,identification,SI_034,34,1,1111,671,OK,EXACT,1,1,1,0,0,0,vermelho,#C62828,#C62828,0.0,0.0,0.0,1.0,1.0,51.0,51.0,1,0,0,0,0.0,0.0,0.0,0.0,3,0,,0,0,,,,1,1.0,0,0,0,0,0,0,0,MATCH,1,2.0
SI_034_R02.png,SI,scatter,identification,SI_034,34,2,1200,800,OK,EXACT,1,1,1,0,0,0,vermelho,#C62828,#C62828,0.0,0.0,0.0,0.971801,0.735294,52.0,52.0,1,0,0,0,0.0,0.0,0.0,0.0,4,0,,0,0,,,,1,1.0,0,0,0,0,0,0,0,MATCH,1,2.0
SI_034_R03.png,SI,scatter,identification,SI_034,34,3,1200,800,OK,EXACT,1,1,1,0,0,0,vermelho,#C62828,#C62828,0.0,0.0,0.0,0.971801,0.735294,52.0,52.0,1,0,0,0,0.0,0.0,0.0,0.0,4,0,,0,0,,,,1,1.0,0,0,0,0,0,0,0,MATCH,1,2.0
SI_034_R04.png,SI,scatter,identification,SI_034,34,4,1200,800,OK,EXACT,1,1,1,0,0,0,vermelho,#C62828,#C62828,0.0,0.0,0.0,0.971801,0.735294,52.0,52.0,1,0,0,0,0.0,0.0,0.0,0.0,4,0,,0,0,,,,1,1.0,0,0,0,0,0,0,0,MATCH,1,2.0
SI_034_R05.png,SI,scatter,identification,SI_034,34,5,1200,800,OK,EXACT,1,1,1,0,0,0,vermelho,#C62828,#C62828,0.0,0.0,0.0,0.971801,0.735294,52.0,52.0,1,0,0,0,0.0,0.0,0.0,0.0,4,0,,0,0,,,,1,1.0,0,0,0,0,0,0,0,MATCH,1,2.0
SI_034_R06.png,SI,scatter,identification,SI_034,34,6,1200,800,OK,EXACT,1,1,1,0,0,0,vermelho,#C62828,#C62828,0.0,0.0,0.0,0.971801,0.735294,52.0,52.0,1,0,0,0,0.0,0.0,0.0,0.0,4,0,,0,0,,,,1,1.0,0,0,0,0,0,0,0,MATCH,1,2.0
SI_034_R07.png,SI,scatter,identification,SI_034,34,7,1200,800,OK,EXACT,1,1,1,0,0,0,vermelho,#C62828,#C62828,0.0,0.0,0.0,0.971801,0.735294,52.0,52.0,1,0,0,0,0.0,0.0,0.0,0.0,4,0,,0,0,,,,1,1.0,0,0,0,0,0,0,0,MATCH,1,2.0
SI_034_R08.png,SI,scatter,identification,SI_034,34,8,1200,800,OK,EXACT,1,1,1,0,0,0,vermelho,#C62828,#C62828,0.0,0.0,0.0,0.971801,0.735294,52.0,52.0,1,0,0,0,0.0,0.0,0.0,0.0,4,0,,0,0,,,,1,1.0,0,0,0,0,0,0,0,MATCH,1,2.0
SI_034_R09.png,SI,scatter,identification,SI_034,34,9,1200,800,OK,EXACT,1,1,1,0,0,0,vermelho,#C62828,#C62828,0.0,0.0,0.0,0.971801,0.735294,52.0,52.0,1,0,0,0,0.0,0.0,0.0,0.0,4,0,,0,0,,,,1,1.0,0,0,0,0,0,0,0,MATCH,1,2.0
SI_034_R10.png,SI,scatter,identification,SI_034,34,10,1200,800,OK,EXACT,1,1,1,0,0,0,vermelho,#C62828,#C62828,0.0,0.0,0.0,0.971801,0.735294,52.0,52.0,1,0,0,0,0.0,0.0,0.0,0.0,4,0,,0,0,,,,1,1.0,0,0,0,0,0,0,0,MATCH,1,2.0
SI_035_R01.png,SI,scatter,identification,SI_035,35,1,1111,671,OK,EXACT,1,1,1,0,0,0,vermelho,#C62828,#C62828,0.0,0.0,0.0,0.975631,0.735294,51.0,51.0,1,0,0,0,0.0,0.0,0.0,0.0,3,0,,0,0,,,,1,1.0,0,0,0,0,0,0,0,MATCH,1,2.0
SI_035_R02.png,SI,scatter,identification,SI_035,35,2,1200,800,OK,EXACT,1,1,1,0,0,0,vermelho,#C62828,#C62828,0.0,0.0,0.0,0.943506,0.731343,27.0,27.0,1,0,0,0,0.0,0.0,0.0,0.0,1,0,,0,0,,,,1,1.0,0,0,0,0,0,0,0,MATCH,1,2.0
SI_035_R03.png,SI,scatter,identification,SI_035,35,3,1200,800,OK,EXACT,1,1,1,0,0,0,vermelho,#C62828,#C62828,0.0,0.0,0.0,0.943506,0.731343,27.0,27.0,1,0,0,0,0.0,0.0,0.0,0.0,1,0,,0,0,,,,1,1.0,0,0,0,0,0,0,0,MATCH,1,2.0
SI_035_R04.png,SI,scatter,identification,SI_035,35,4,1200,800,OK,EXACT,1,1,1,0,0,0,vermelho,#C62828,#C62828,0.0,0.0,0.0,0.943506,0.731343,27.0,27.0,1,0,0,0,0.0,0.0,0.0,0.0,1,0,,0,0,,,,1,1.0,0,0,0,0,0,0,0,MATCH,1,2.0
SI_035_R05.png,SI,scatter,identification,SI_035,35,5,1200,800,OK,EXACT,1,1,1,0,0,0,vermelho,#C62828,#C62828,0.0,0.0,0.0,0.943506,0.731343,27.0,27.0,1,0,0,0,0.0,0.0,0.0,0.0,1,0,,0,0,,,,1,1.0,0,0,0,0,0,0,0,MATCH,1,2.0
SI_035_R06.png,SI,scatter,identification,SI_035,35,6,1200,800,OK,EXACT,1,1,1,0,0,0,vermelho,#C62828,#C62828,0.0,0.0,0.0,0.943506,0.731343,27.0,27.0,1,0,0,0,0.0,0.0,0.0,0.0,1,0,,0,0,,,,1,1.0,0,0,0,0,0,0,0,MATCH,1,2.0
SI_035_R07.png,SI,scatter,identification,SI_035,35,7,1200,800,OK,EXACT,1,1,1,0,0,0,vermelho,#C62828,#C62828,0.0,0.0,0.0,0.943506,0.731343,27.0,27.0,1,0,0,0,0.0,0.0,0.0,0.0,1,0,,0,0,,,,1,1.0,0,0,0,0,0,0,0,MATCH,1,2.0
SI_035_R08.png,SI,scatter,identification,SI_035,35,8,1200,800,OK,EXACT,1,1,1,0,0,0,vermelho,#C62828,#C62828,0.0,0.0,0.0,0.943506,0.731343,27.0,27.0,1,0,0,0,0.0,0.0,0.0,0.0,1,0,,0,0,,,,1,1.0,0,0,0,0,0,0,0,MATCH,1,2.0
SI_035_R09.png,SI,scatter,identification,SI_035,35,9,1200,800,OK,EXACT,1,1,1,0,0,0,vermelho,#C62828,#C62828,0.0,0.0,0.0,0.943506,0.731343,27.0,27.0,1,0,0,0,0.0,0.0,0.0,0.0,1,0,,0,0,,,,1,1.0,0,0,0,0,0,0,0,MATCH,1,2.0
SI_035_R10.png,SI,scatter,identification,SI_035,35,10,1200,800,OK,EXACT,1,1,1,0,0,0,vermelho,#C62828,#C62828,0.0,0.0,0.0,0.943506,0.731343,27.0,27.0,1,0,0,0,0.0,0.0,0.0,0.0,1,0,,0,0,,,,1,1.0,0,0,0,0,0,0,0,MATCH,1,2.0
SI_036_R01.png,SI,scatter,identification,SI_036,36,1,1213,703,OK,EXTRA,1,2,1,1,0,1,vermelho,#C62828,#C62828|#1F4FD8,0.0,0.0,0.0,0.991264,0.875,42.0,42.0,2,0,0,0,0.0,0.0,0.0,0.0,2,0,,0,1,,#1F4FD8,0.916667,1,1.0,0,0,0,1,0,0,0,EXTRA_COLOR,0,2.0
SI_036_R02.png,SI,scatter,identification,SI_036,36,2,1111,671,OK,EXACT,1,1,1,0,0,0,vermelho,#C62828,#C62828,0.0,0.0,0.0,0.974341,0.735294,26.0,26.0,1,0,0,0,0.0,0.0,0.0,0.0,0,0,,0,0,,,,1,1.0,0,0,0,0,0,0,0,MATCH,1,2.0
SI_036_R03.png,SI,scatter,identification,SI_036,36,3,1111,671,OK,EXACT,1,1,1,0,0,0,vermelho,#C62828,#C62828,0.0,0.0,0.0,0.974341,0.735294,26.0,26.0,1,0,0,0,0.0,0.0,0.0,0.0,0,0,,0,0,,,,1,1.0,0,0,0,0,0,0,0,MATCH,1,2.0
SI_036_R04.png,SI,scatter,identification,SI_036,36,4,1111,671,OK,EXACT,1,1,1,0,0,0,vermelho,#C62828,#C62828,0.0,0.0,0.0,0.974341,0.735294,26.0,26.0,1,0,0,0,0.0,0.0,0.0,0.0,0,0,,0,0,,,,1,1.0,0,0,0,0,0,0,0,MATCH,1,2.0
SI_036_R05.png,SI,scatter,identification,SI_036,36,5,1111,671,OK,EXACT,1,1,1,0,0,0,vermelho,#C62828,#C62828,0.0,0.0,0.0,0.974341,0.735294,26.0,26.0,1,0,0,0,0.0,0.0,0.0,0.0,0,0,,0,0,,,,1,1.0,0,0,0,0,0,0,0,MATCH,1,2.0
SI_036_R06.png,SI,scatter,identification,SI_036,36,6,1111,671,OK,EXACT,1,1,1,0,0,0,vermelho,#C62828,#C62828,0.0,0.0,0.0,0.974341,0.735294,26.0,26.0,1,0,0,0,0.0,0.0,0.0,0.0,0,0,,0,0,,,,1,1.0,0,0,0,0,0,0,0,MATCH,1,2.0
SI_036_R07.png,SI,scatter,identification,SI_036,36,7,1111,671,OK,EXACT,1,1,1,0,0,0,vermelho,#C62828,#C62828,0.0,0.0,0.0,0.974341,0.735294,26.0,26.0,1,0,0,0,0.0,0.0,0.0,0.0,0,0,,0,0,,,,1,1.0,0,0,0,0,0,0,0,MATCH,1,2.0
SI_036_R08.png,SI,scatter,identification,SI_036,36,8,1111,671,OK,EXACT,1,1,1,0,0,0,vermelho,#C62828,#C62828,0.0,0.0,0.0,0.974341,0.735294,26.0,26.0,1,0,0,0,0.0,0.0,0.0,0.0,0,0,,0,0,,,,1,1.0,0,0,0,0,0,0,0,MATCH,1,2.0
SI_036_R09.png,SI,scatter,identification,SI_036,36,9,1111,671,OK,EXACT,1,1,1,0,0,0,vermelho,#C62828,#C62828,0.0,0.0,0.0,0.974341,0.735294,26.0,26.0,1,0,0,0,0.0,0.0,0.0,0.0,0,0,,0,0,,,,1,1.0,0,0,0,0,0,0,0,MATCH,1,2.0
SI_036_R10.png,SI,scatter,identification,SI_036,36,10,1111,671,OK,EXACT,1,1,1,0,0,0,vermelho,#C62828,#C62828,0.0,0.0,0.0,0.974341,0.735294,26.0,26.0,1,0,0,0,0.0,0.0,0.0,0.0,0,0,,0,0,,,,1,1.0,0,0,0,0,0,0,0,MATCH,1,2.0
SI_037_R01.png,SI,scatter,identification,SI_037,37,1,1131,671,OK,EXACT,1,1,1,0,0,0,vermelho,#C62828,#C62828,0.0,0.0,0.0,0.954594,0.705882,27.0,27.0,1,0,0,0,0.0,0.0,0.0,0.0,2,0,,0,0,,,,1,1.0,0,0,0,0,0,0,0,MATCH,1,2.0
SI_037_R02.png,SI,scatter,identification,SI_037,37,2,1200,800,OK,EXACT,1,1,1,0,0,0,vermelho,#C62828,#C62828,0.0,0.0,0.0,0.947954,0.660714,27.0,27.0,1,0,0,0,0.0,0.0,0.0,0.0,2,0,,0,0,,,,1,1.0,0,0,0,0,0,0,0,MATCH,1,2.0
SI_037_R03.png,SI,scatter,identification,SI_037,37,3,1200,800,OK,EXACT,1,1,1,0,0,0,vermelho,#C62828,#C62828,0.0,0.0,0.0,0.947954,0.660714,27.0,27.0,1,0,0,0,0.0,0.0,0.0,0.0,2,0,,0,0,,,,1,1.0,0,0,0,0,0,0,0,MATCH,1,2.0
SI_037_R04.png,SI,scatter,identification,SI_037,37,4,1200,800,OK,EXACT,1,1,1,0,0,0,vermelho,#C62828,#C62828,0.0,0.0,0.0,0.947954,0.660714,27.0,27.0,1,0,0,0,0.0,0.0,0.0,0.0,2,0,,0,0,,,,1,1.0,0,0,0,0,0,0,0,MATCH,1,2.0
SI_037_R05.png,SI,scatter,identification,SI_037,37,5,1200,800,OK,EXACT,1,1,1,0,0,0,vermelho,#C62828,#C62828,0.0,0.0,0.0,0.947954,0.660714,27.0,27.0,1,0,0,0,0.0,0.0,0.0,0.0,2,0,,0,0,,,,1,1.0,0,0,0,0,0,0,0,MATCH,1,2.0
SI_037_R06.png,SI,scatter,identification,SI_037,37,6,1200,800,OK,EXACT,1,1,1,0,0,0,vermelho,#C62828,#C62828,0.0,0.0,0.0,0.947954,0.660714,27.0,27.0,1,0,0,0,0.0,0.0,0.0,0.0,2,0,,0,0,,,,1,1.0,0,0,0,0,0,0,0,MATCH,1,2.0
SI_037_R07.png,SI,scatter,identification,SI_037,37,7,1200,800,OK,EXACT,1,1,1,0,0,0,vermelho,#C62828,#C62828,0.0,0.0,0.0,0.947954,0.660714,27.0,27.0,1,0,0,0,0.0,0.0,0.0,0.0,2,0,,0,0,,,,1,1.0,0,0,0,0,0,0,0,MATCH,1,2.0
SI_037_R08.png,SI,scatter,identification,SI_037,37,8,1200,800,OK,EXACT,1,1,1,0,0,0,vermelho,#C62828,#C62828,0.0,0.0,0.0,0.947954,0.660714,27.0,27.0,1,0,0,0,0.0,0.0,0.0,0.0,2,0,,0,0,,,,1,1.0,0,0,0,0,0,0,0,MATCH,1,2.0
SI_037_R09.png,SI,scatter,identification,SI_037,37,9,1200,800,OK,EXACT,1,1,1,0,0,0,vermelho,#C62828,#C62828,0.0,0.0,0.0,0.947954,0.660714,27.0,27.0,1,0,0,0,0.0,0.0,0.0,0.0,2,0,,0,0,,,,1,1.0,0,0,0,0,0,0,0,MATCH,1,2.0
SI_037_R10.png,SI,scatter,identification,SI_037,37,10,1200,800,OK,EXACT,1,1,1,0,0,0,vermelho,#C62828,#C62828,0.0,0.0,0.0,0.947954,0.660714,27.0,27.0,1,0,0,0,0.0,0.0,0.0,0.0,2,0,,0,0,,,,1,1.0,0,0,0,0,0,0,0,MATCH,1,2.0
SI_038_R01.png,SI,scatter,identification,SI_038,38,1,1111,671,OK,EXACT,1,1,1,0,0,0,vermelho,#C62828,#C62828,0.0,0.0,0.0,0.942286,0.698413,27.0,27.0,1,0,0,0,0.0,0.0,0.0,0.0,1,0,,0,0,,,,1,1.0,0,0,0,0,0,0,0,MATCH,1,2.0
SI_038_R02.png,SI,scatter,identification,SI_038,38,2,997,703,OK,EXACT,1,1,1,0,0,0,vermelho,#C62828,#C62828,0.0,0.0,0.0,0.950431,0.735294,25.0,25.0,1,0,0,0,0.0,0.0,0.0,0.0,0,0,,0,0,,,,1,1.0,0,0,0,0,0,0,0,MATCH,1,2.0
SI_038_R03.png,SI,scatter,identification,SI_038,38,3,997,703,OK,EXACT,1,1,1,0,0,0,vermelho,#C62828,#C62828,0.0,0.0,0.0,0.950431,0.735294,25.0,25.0,1,0,0,0,0.0,0.0,0.0,0.0,0,0,,0,0,,,,1,1.0,0,0,0,0,0,0,0,MATCH,1,2.0
SI_038_R04.png,SI,scatter,identification,SI_038,38,4,997,703,OK,EXACT,1,1,1,0,0,0,vermelho,#C62828,#C62828,0.0,0.0,0.0,0.950431,0.735294,25.0,25.0,1,0,0,0,0.0,0.0,0.0,0.0,0,0,,0,0,,,,1,1.0,0,0,0,0,0,0,0,MATCH,1,2.0
SI_038_R05.png,SI,scatter,identification,SI_038,38,5,997,703,OK,EXACT,1,1,1,0,0,0,vermelho,#C62828,#C62828,0.0,0.0,0.0,0.950431,0.735294,25.0,25.0,1,0,0,0,0.0,0.0,0.0,0.0,0,0,,0,0,,,,1,1.0,0,0,0,0,0,0,0,MATCH,1,2.0
SI_038_R06.png,SI,scatter,identification,SI_038,38,6,1200,800,OK,EXACT,1,1,1,0,0,0,vermelho,#C62828,#C62828,0.0,0.0,0.0,0.971248,0.735294,51.0,51.0,1,0,0,0,0.0,0.0,0.0,0.0,3,0,,0,0,,,,1,1.0,0,0,0,0,0,0,0,MATCH,1,2.0
SI_038_R07.png,SI,scatter,identification,SI_038,38,7,1200,800,OK,EXACT,1,1,1,0,0,0,vermelho,#C62828,#C62828,0.0,0.0,0.0,0.943506,0.731343,27.0,27.0,1,0,0,0,0.0,0.0,0.0,0.0,1,0,,0,0,,,,1,1.0,0,0,0,0,0,0,0,MATCH,1,2.0
SI_038_R08.png,SI,scatter,identification,SI_038,38,8,1200,800,OK,EXACT,1,1,1,0,0,0,vermelho,#C62828,#C62828,0.0,0.0,0.0,0.943506,0.731343,27.0,27.0,1,0,0,0,0.0,0.0,0.0,0.0,1,0,,0,0,,,,1,1.0,0,0,0,0,0,0,0,MATCH,1,2.0
SI_038_R09.png,SI,scatter,identification,SI_038,38,9,1200,800,OK,EXACT,1,1,1,0,0,0,vermelho,#C62828,#C62828,0.0,0.0,0.0,0.943506,0.731343,27.0,27.0,1,0,0,0,0.0,0.0,0.0,0.0,1,0,,0,0,,,,1,1.0,0,0,0,0,0,0,0,MATCH,1,2.0
SI_038_R10.png,SI,scatter,identification,SI_038,38,10,1200,800,OK,EXACT,1,1,1,0,0,0,vermelho,#C62828,#C62828,0.0,0.0,0.0,0.943506,0.731343,27.0,27.0,1,0,0,0,0.0,0.0,0.0,0.0,1,0,,0,0,,,,1,1.0,0,0,0,0,0,0,0,MATCH,1,2.0
SI_039_R01.png,SI,scatter,identification,SI_039,39,1,1111,671,OK,EXACT,1,1,1,0,0,0,vermelho,#C62828,#C62828,0.0,0.0,0.0,0.942286,0.698413,27.0,27.0,1,0,0,0,0.0,0.0,0.0,0.0,1,0,,0,0,,,,1,1.0,0,0,0,0,0,0,0,MATCH,1,2.0
SI_039_R02.png,SI,scatter,identification,SI_039,39,2,1200,800,OK,EXACT,1,1,1,0,0,0,vermelho,#C62828,#C62828,0.0,0.0,0.0,0.971248,0.735294,51.0,51.0,1,0,0,0,0.0,0.0,0.0,0.0,3,0,,0,0,,,,1,1.0,0,0,0,0,0,0,0,MATCH,1,2.0
SI_039_R03.png,SI,scatter,identification,SI_039,39,3,1200,800,OK,EXACT,1,1,1,0,0,0,vermelho,#C62828,#C62828,0.0,0.0,0.0,0.971248,0.735294,51.0,51.0,1,0,0,0,0.0,0.0,0.0,0.0,3,0,,0,0,,,,1,1.0,0,0,0,0,0,0,0,MATCH,1,2.0
SI_039_R04.png,SI,scatter,identification,SI_039,39,4,1200,800,OK,EXACT,1,1,1,0,0,0,vermelho,#C62828,#C62828,0.0,0.0,0.0,0.971248,0.735294,51.0,51.0,1,0,0,0,0.0,0.0,0.0,0.0,3,0,,0,0,,,,1,1.0,0,0,0,0,0,0,0,MATCH,1,2.0
SI_039_R05.png,SI,scatter,identification,SI_039,39,5,1200,800,OK,EXACT,1,1,1,0,0,0,vermelho,#C62828,#C62828,0.0,0.0,0.0,0.971248,0.735294,51.0,51.0,1,0,0,0,0.0,0.0,0.0,0.0,3,0,,0,0,,,,1,1.0,0,0,0,0,0,0,0,MATCH,1,2.0
SI_039_R06.png,SI,scatter,identification,SI_039,39,6,1200,800,OK,EXACT,1,1,1,0,0,0,vermelho,#C62828,#C62828,0.0,0.0,0.0,0.971248,0.735294,51.0,51.0,1,0,0,0,0.0,0.0,0.0,0.0,3,0,,0,0,,,,1,1.0,0,0,0,0,0,0,0,MATCH,1,2.0
SI_039_R07.png,SI,scatter,identification,SI_039,39,7,1200,800,OK,EXACT,1,1,1,0,0,0,vermelho,#C62828,#C62828,0.0,0.0,0.0,0.943506,0.731343,27.0,27.0,1,0,0,0,0.0,0.0,0.0,0.0,1,0,,0,0,,,,1,1.0,0,0,0,0,0,0,0,MATCH,1,2.0
SI_039_R08.png,SI,scatter,identification,SI_039,39,8,1200,800,OK,EXACT,1,1,1,0,0,0,vermelho,#C62828,#C62828,0.0,0.0,0.0,0.943506,0.731343,27.0,27.0,1,0,0,0,0.0,0.0,0.0,0.0,1,0,,0,0,,,,1,1.0,0,0,0,0,0,0,0,MATCH,1,2.0
SI_039_R09.png,SI,scatter,identification,SI_039,39,9,1200,800,OK,EXACT,1,1,1,0,0,0,vermelho,#C62828,#C62828,0.0,0.0,0.0,0.943506,0.731343,27.0,27.0,1,0,0,0,0.0,0.0,0.0,0.0,1,0,,0,0,,,,1,1.0,0,0,0,0,0,0,0,MATCH,1,2.0
SI_039_R10.png,SI,scatter,identification,SI_039,39,10,1200,800,OK,EXACT,1,1,1,0,0,0,vermelho,#C62828,#C62828,0.0,0.0,0.0,0.943506,0.731343,27.0,27.0,1,0,0,0,0.0,0.0,0.0,0.0,1,0,,0,0,,,,1,1.0,0,0,0,0,0,0,0,MATCH,1,2.0
SI_040_R01.png,SI,scatter,identification,SI_040,40,1,1189,790,OK,EXACT,1,1,1,0,0,0,vermelho,#C62828,#C62828,0.0,0.0,0.0,0.944532,0.731343,27.0,27.0,1,0,0,0,0.0,0.0,0.0,0.0,1,0,,0,0,,,,1,1.0,0,0,0,0,0,0,0,MATCH,1,2.0
SI_040_R02.png,SI,scatter,identification,SI_040,40,2,1200,800,OK,EXACT,1,1,1,0,0,0,vermelho,#C62828,#C62828,0.0,0.0,0.0,0.974341,0.735294,26.0,26.0,1,0,0,0,0.0,0.0,0.0,0.0,0,0,,0,0,,,,1,1.0,0,0,0,0,0,0,0,MATCH,1,2.0
SI_040_R03.png,SI,scatter,identification,SI_040,40,3,1200,800,OK,EXACT,1,1,1,0,0,0,vermelho,#C62828,#C62828,0.0,0.0,0.0,0.974341,0.735294,26.0,26.0,1,0,0,0,0.0,0.0,0.0,0.0,0,0,,0,0,,,,1,1.0,0,0,0,0,0,0,0,MATCH,1,2.0
SI_040_R04.png,SI,scatter,identification,SI_040,40,4,1200,800,OK,EXACT,1,1,1,0,0,0,vermelho,#C62828,#C62828,0.0,0.0,0.0,0.974341,0.735294,26.0,26.0,1,0,0,0,0.0,0.0,0.0,0.0,0,0,,0,0,,,,1,1.0,0,0,0,0,0,0,0,MATCH,1,2.0
SI_040_R05.png,SI,scatter,identification,SI_040,40,5,1200,800,OK,EXACT,1,1,1,0,0,0,vermelho,#C62828,#C62828,0.0,0.0,0.0,0.974341,0.735294,26.0,26.0,1,0,0,0,0.0,0.0,0.0,0.0,0,0,,0,0,,,,1,1.0,0,0,0,0,0,0,0,MATCH,1,2.0
SI_040_R06.png,SI,scatter,identification,SI_040,40,6,1200,800,OK,EXACT,1,1,1,0,0,0,vermelho,#C62828,#C62828,0.0,0.0,0.0,0.974341,0.735294,26.0,26.0,1,0,0,0,0.0,0.0,0.0,0.0,0,0,,0,0,,,,1,1.0,0,0,0,0,0,0,0,MATCH,1,2.0
SI_040_R07.png,SI,scatter,identification,SI_040,40,7,1200,800,OK,EXACT,1,1,1,0,0,0,vermelho,#C62828,#C62828,0.0,0.0,0.0,0.974341,0.735294,26.0,26.0,1,0,0,0,0.0,0.0,0.0,0.0,0,0,,0,0,,,,1,1.0,0,0,0,0,0,0,0,MATCH,1,2.0
SI_040_R08.png,SI,scatter,identification,SI_040,40,8,1200,800,OK,EXACT,1,1,1,0,0,0,vermelho,#C62828,#C62828,0.0,0.0,0.0,0.943506,0.731343,27.0,27.0,1,0,0,0,0.0,0.0,0.0,0.0,1,0,,0,0,,,,1,1.0,0,0,0,0,0,0,0,MATCH,1,2.0
SI_040_R09.png,SI,scatter,identification,SI_040,40,9,1200,800,OK,EXACT,1,1,1,0,0,0,vermelho,#C62828,#C62828,0.0,0.0,0.0,0.943506,0.731343,27.0,27.0,1,0,0,0,0.0,0.0,0.0,0.0,1,0,,0,0,,,,1,1.0,0,0,0,0,0,0,0,MATCH,1,2.0
SI_040_R10.png,SI,scatter,identification,SI_040,40,10,1200,800,OK,EXACT,1,1,1,0,0,0,vermelho,#C62828,#C62828,0.0,0.0,0.0,0.943506,0.731343,27.0,27.0,1,0,0,0,0.0,0.0,0.0,0.0,1,0,,0,0,,,,1,1.0,0,0,0,0,0,0,0,MATCH,1,2.0
SI_041_R01.png,SI,scatter,identification,SI_041,41,1,1111,671,OK,EXACT,1,1,1,0,0,0,vermelho,#C62828,#C62828,0.0,0.0,0.0,0.944347,0.698413,28.0,28.0,1,0,0,0,0.0,0.0,0.0,0.0,2,0,,0,0,,,,1,1.0,0,0,0,0,0,0,0,MATCH,1,2.0
SI_041_R02.png,SI,scatter,identification,SI_041,41,2,1200,800,OK,EXACT,1,1,1,0,0,0,vermelho,#C62828,#C62828,0.0,0.0,0.0,0.943506,0.731343,27.0,27.0,1,0,0,0,0.0,0.0,0.0,0.0,1,0,,0,0,,,,1,1.0,0,0,0,0,0,0,0,MATCH,1,2.0
SI_041_R03.png,SI,scatter,identification,SI_041,41,3,1200,800,OK,EXACT,1,1,1,0,0,0,vermelho,#C62828,#C62828,0.0,0.0,0.0,0.943506,0.731343,27.0,27.0,1,0,0,0,0.0,0.0,0.0,0.0,1,0,,0,0,,,,1,1.0,0,0,0,0,0,0,0,MATCH,1,2.0
SI_041_R04.png,SI,scatter,identification,SI_041,41,4,1200,800,OK,EXACT,1,1,1,0,0,0,vermelho,#C62828,#C62828,0.0,0.0,0.0,0.943506,0.731343,27.0,27.0,1,0,0,0,0.0,0.0,0.0,0.0,1,0,,0,0,,,,1,1.0,0,0,0,0,0,0,0,MATCH,1,2.0
SI_041_R05.png,SI,scatter,identification,SI_041,41,5,1200,800,OK,EXACT,1,1,1,0,0,0,vermelho,#C62828,#C62828,0.0,0.0,0.0,0.943506,0.731343,27.0,27.0,1,0,0,0,0.0,0.0,0.0,0.0,1,0,,0,0,,,,1,1.0,0,0,0,0,0,0,0,MATCH,1,2.0
SI_041_R06.png,SI,scatter,identification,SI_041,41,6,1200,800,OK,EXACT,1,1,1,0,0,0,vermelho,#C62828,#C62828,0.0,0.0,0.0,0.943506,0.731343,27.0,27.0,1,0,0,0,0.0,0.0,0.0,0.0,1,0,,0,0,,,,1,1.0,0,0,0,0,0,0,0,MATCH,1,2.0
SI_041_R07.png,SI,scatter,identification,SI_041,41,7,1200,800,OK,EXACT,1,1,1,0,0,0,vermelho,#C62828,#C62828,0.0,0.0,0.0,0.943506,0.731343,27.0,27.0,1,0,0,0,0.0,0.0,0.0,0.0,1,0,,0,0,,,,1,1.0,0,0,0,0,0,0,0,MATCH,1,2.0
SI_041_R08.png,SI,scatter,identification,SI_041,41,8,1200,800,OK,EXACT,1,1,1,0,0,0,vermelho,#C62828,#C62828,0.0,0.0,0.0,0.943506,0.731343,27.0,27.0,1,0,0,0,0.0,0.0,0.0,0.0,1,0,,0,0,,,,1,1.0,0,0,0,0,0,0,0,MATCH,1,2.0
SI_041_R09.png,SI,scatter,identification,SI_041,41,9,1200,800,OK,EXACT,1,1,1,0,0,0,vermelho,#C62828,#C62828,0.0,0.0,0.0,0.943506,0.731343,27.0,27.0,1,0,0,0,0.0,0.0,0.0,0.0,1,0,,0,0,,,,1,1.0,0,0,0,0,0,0,0,MATCH,1,2.0
SI_041_R10.png,SI,scatter,identification,SI_041,41,10,1016,701,OK,EXACT,1,1,1,0,0,0,vermelho,#C62828,#C62828,0.0,0.0,0.0,0.954836,0.735294,26.0,26.0,1,0,0,0,0.0,0.0,0.0,0.0,1,0,,0,0,,,,1,1.0,0,0,0,0,0,0,0,MATCH,1,2.0
SI_042_R01.png,SI,scatter,identification,SI_042,42,1,1120,671,OK,EXACT,1,1,1,0,0,0,vermelho,#C62828,#C62828,0.0,0.0,0.0,1.0,1.0,7.0,7.0,1,0,0,0,0.0,0.0,0.0,0.0,2,0,,0,0,,,,1,1.0,0,0,0,0,0,0,0,MATCH,1,2.0
SI_042_R02.png,SI,scatter,identification,SI_042,42,2,1111,671,OK,EXACT,1,1,1,0,0,0,vermelho,#C62828,#C62828,0.0,0.0,0.0,0.942286,0.698413,27.0,27.0,1,0,0,0,0.0,0.0,0.0,0.0,1,0,,0,0,,,,1,1.0,0,0,0,0,0,0,0,MATCH,1,2.0
SI_042_R03.png,SI,scatter,identification,SI_042,42,3,1111,671,OK,EXACT,1,1,1,0,0,0,vermelho,#C62828,#C62828,0.0,0.0,0.0,0.942286,0.698413,27.0,27.0,1,0,0,0,0.0,0.0,0.0,0.0,1,0,,0,0,,,,1,1.0,0,0,0,0,0,0,0,MATCH,1,2.0
SI_042_R04.png,SI,scatter,identification,SI_042,42,4,1111,671,OK,EXACT,1,1,1,0,0,0,vermelho,#C62828,#C62828,0.0,0.0,0.0,0.942286,0.698413,27.0,27.0,1,0,0,0,0.0,0.0,0.0,0.0,1,0,,0,0,,,,1,1.0,0,0,0,0,0,0,0,MATCH,1,2.0
SI_042_R05.png,SI,scatter,identification,SI_042,42,5,1111,671,OK,EXACT,1,1,1,0,0,0,vermelho,#C62828,#C62828,0.0,0.0,0.0,0.942286,0.698413,27.0,27.0,1,0,0,0,0.0,0.0,0.0,0.0,1,0,,0,0,,,,1,1.0,0,0,0,0,0,0,0,MATCH,1,2.0
SI_042_R06.png,SI,scatter,identification,SI_042,42,6,1111,671,OK,EXACT,1,1,1,0,0,0,vermelho,#C62828,#C62828,0.0,0.0,0.0,0.942286,0.698413,27.0,27.0,1,0,0,0,0.0,0.0,0.0,0.0,1,0,,0,0,,,,1,1.0,0,0,0,0,0,0,0,MATCH,1,2.0
SI_042_R07.png,SI,scatter,identification,SI_042,42,7,1111,671,OK,EXACT,1,1,1,0,0,0,vermelho,#C62828,#C62828,0.0,0.0,0.0,0.942286,0.698413,27.0,27.0,1,0,0,0,0.0,0.0,0.0,0.0,1,0,,0,0,,,,1,1.0,0,0,0,0,0,0,0,MATCH,1,2.0
SI_042_R08.png,SI,scatter,identification,SI_042,42,8,1111,671,OK,EXACT,1,1,1,0,0,0,vermelho,#C62828,#C62828,0.0,0.0,0.0,0.942286,0.698413,27.0,27.0,1,0,0,0,0.0,0.0,0.0,0.0,1,0,,0,0,,,,1,1.0,0,0,0,0,0,0,0,MATCH,1,2.0
SI_042_R09.png,SI,scatter,identification,SI_042,42,9,1111,671,OK,EXACT,1,1,1,0,0,0,vermelho,#C62828,#C62828,0.0,0.0,0.0,0.942286,0.698413,27.0,27.0,1,0,0,0,0.0,0.0,0.0,0.0,1,0,,0,0,,,,1,1.0,0,0,0,0,0,0,0,MATCH,1,2.0
SI_042_R10.png,SI,scatter,identification,SI_042,42,10,1111,671,OK,EXACT,1,1,1,0,0,0,vermelho,#C62828,#C62828,0.0,0.0,0.0,0.942286,0.698413,27.0,27.0,1,0,0,0,0.0,0.0,0.0,0.0,1,0,,0,0,,,,1,1.0,0,0,0,0,0,0,0,MATCH,1,2.0
SI_043_R01.png,SI,scatter,identification,SI_043,43,1,1264,671,OK,EXACT,1,1,1,0,0,0,vermelho,#C62828,#C62828,0.0,0.0,0.0,0.975631,0.735294,51.0,51.0,1,0,0,0,0.0,0.0,0.0,0.0,3,0,,0,0,,,,1,1.0,0,0,0,0,0,0,0,MATCH,1,2.0
SI_043_R02.png,SI,scatter,identification,SI_043,43,2,1016,701,OK,EXACT,1,1,1,0,0,0,vermelho,#C62828,#C62828,0.0,0.0,0.0,0.954836,0.735294,26.0,26.0,1,0,0,0,0.0,0.0,0.0,0.0,1,0,,0,0,,,,1,1.0,0,0,0,0,0,0,0,MATCH,1,2.0
SI_043_R03.png,SI,scatter,identification,SI_043,43,3,1016,701,OK,EXACT,1,1,1,0,0,0,vermelho,#C62828,#C62828,0.0,0.0,0.0,0.954836,0.735294,26.0,26.0,1,0,0,0,0.0,0.0,0.0,0.0,1,0,,0,0,,,,1,1.0,0,0,0,0,0,0,0,MATCH,1,2.0
SI_043_R04.png,SI,scatter,identification,SI_043,43,4,1016,701,OK,EXACT,1,1,1,0,0,0,vermelho,#C62828,#C62828,0.0,0.0,0.0,0.954836,0.735294,26.0,26.0,1,0,0,0,0.0,0.0,0.0,0.0,1,0,,0,0,,,,1,1.0,0,0,0,0,0,0,0,MATCH,1,2.0
SI_043_R05.png,SI,scatter,identification,SI_043,43,5,1016,701,OK,EXACT,1,1,1,0,0,0,vermelho,#C62828,#C62828,0.0,0.0,0.0,0.954836,0.735294,26.0,26.0,1,0,0,0,0.0,0.0,0.0,0.0,1,0,,0,0,,,,1,1.0,0,0,0,0,0,0,0,MATCH,1,2.0
SI_043_R06.png,SI,scatter,identification,SI_043,43,6,1016,701,OK,EXACT,1,1,1,0,0,0,vermelho,#C62828,#C62828,0.0,0.0,0.0,0.954836,0.735294,26.0,26.0,1,0,0,0,0.0,0.0,0.0,0.0,1,0,,0,0,,,,1,1.0,0,0,0,0,0,0,0,MATCH,1,2.0
SI_043_R07.png,SI,scatter,identification,SI_043,43,7,1111,671,OK,EXACT,1,1,1,0,0,0,vermelho,#C62828,#C62828,0.0,0.0,0.0,0.942286,0.698413,27.0,27.0,1,0,0,0,0.0,0.0,0.0,0.0,1,0,,0,0,,,,1,1.0,0,0,0,0,0,0,0,MATCH,1,2.0
SI_043_R08.png,SI,scatter,identification,SI_043,43,8,1111,671,OK,EXACT,1,1,1,0,0,0,vermelho,#C62828,#C62828,0.0,0.0,0.0,0.942286,0.698413,27.0,27.0,1,0,0,0,0.0,0.0,0.0,0.0,1,0,,0,0,,,,1,1.0,0,0,0,0,0,0,0,MATCH,1,2.0
SI_043_R09.png,SI,scatter,identification,SI_043,43,9,1111,671,OK,EXACT,1,1,1,0,0,0,vermelho,#C62828,#C62828,0.0,0.0,0.0,0.942286,0.698413,27.0,27.0,1,0,0,0,0.0,0.0,0.0,0.0,1,0,,0,0,,,,1,1.0,0,0,0,0,0,0,0,MATCH,1,2.0
SI_043_R10.png,SI,scatter,identification,SI_043,43,10,1111,671,OK,EXACT,1,1,1,0,0,0,vermelho,#C62828,#C62828,0.0,0.0,0.0,0.942286,0.698413,27.0,27.0,1,0,0,0,0.0,0.0,0.0,0.0,1,0,,0,0,,,,1,1.0,0,0,0,0,0,0,0,MATCH,1,2.0
SI_044_R01.png,SI,scatter,identification,SI_044,44,1,1111,671,OK,EXACT,1,1,1,0,0,0,vermelho,#C62828,#C62828,0.0,0.0,0.0,0.944347,0.698413,28.0,28.0,1,0,0,0,0.0,0.0,0.0,0.0,2,0,,0,0,,,,1,1.0,0,0,0,0,0,0,0,MATCH,1,2.0
SI_044_R02.png,SI,scatter,identification,SI_044,44,2,1380,670,OK,EXACT,1,1,1,0,0,0,vermelho,#C62828,#C62828,0.0,0.0,0.0,0.942286,0.698413,27.0,27.0,1,0,0,0,0.0,0.0,0.0,0.0,1,0,,0,0,,,,1,1.0,0,0,0,0,0,0,0,MATCH,1,2.0
SI_044_R03.png,SI,scatter,identification,SI_044,44,3,1380,670,OK,EXACT,1,1,1,0,0,0,vermelho,#C62828,#C62828,0.0,0.0,0.0,0.942286,0.698413,27.0,27.0,1,0,0,0,0.0,0.0,0.0,0.0,1,0,,0,0,,,,1,1.0,0,0,0,0,0,0,0,MATCH,1,2.0
SI_044_R04.png,SI,scatter,identification,SI_044,44,4,1380,670,OK,EXACT,1,1,1,0,0,0,vermelho,#C62828,#C62828,0.0,0.0,0.0,0.942286,0.698413,27.0,27.0,1,0,0,0,0.0,0.0,0.0,0.0,1,0,,0,0,,,,1,1.0,0,0,0,0,0,0,0,MATCH,1,2.0
SI_044_R05.png,SI,scatter,identification,SI_044,44,5,1380,670,OK,EXACT,1,1,1,0,0,0,vermelho,#C62828,#C62828,0.0,0.0,0.0,0.942286,0.698413,27.0,27.0,1,0,0,0,0.0,0.0,0.0,0.0,1,0,,0,0,,,,1,1.0,0,0,0,0,0,0,0,MATCH,1,2.0
SI_044_R06.png,SI,scatter,identification,SI_044,44,6,1380,670,OK,EXACT,1,1,1,0,0,0,vermelho,#C62828,#C62828,0.0,0.0,0.0,0.942286,0.698413,27.0,27.0,1,0,0,0,0.0,0.0,0.0,0.0,1,0,,0,0,,,,1,1.0,0,0,0,0,0,0,0,MATCH,1,2.0
SI_044_R07.png,SI,scatter,identification,SI_044,44,7,1380,670,OK,EXACT,1,1,1,0,0,0,vermelho,#C62828,#C62828,0.0,0.0,0.0,0.942286,0.698413,27.0,27.0,1,0,0,0,0.0,0.0,0.0,0.0,1,0,,0,0,,,,1,1.0,0,0,0,0,0,0,0,MATCH,1,2.0
SI_044_R08.png,SI,scatter,identification,SI_044,44,8,1380,670,OK,EXACT,1,1,1,0,0,0,vermelho,#C62828,#C62828,0.0,0.0,0.0,0.942286,0.698413,27.0,27.0,1,0,0,0,0.0,0.0,0.0,0.0,1,0,,0,0,,,,1,1.0,0,0,0,0,0,0,0,MATCH,1,2.0
SI_044_R09.png,SI,scatter,identification,SI_044,44,9,1380,670,OK,EXACT,1,1,1,0,0,0,vermelho,#C62828,#C62828,0.0,0.0,0.0,0.942286,0.698413,27.0,27.0,1,0,0,0,0.0,0.0,0.0,0.0,1,0,,0,0,,,,1,1.0,0,0,0,0,0,0,0,MATCH,1,2.0
SI_044_R10.png,SI,scatter,identification,SI_044,44,10,1380,670,OK,EXACT,1,1,1,0,0,0,vermelho,#C62828,#C62828,0.0,0.0,0.0,0.942286,0.698413,27.0,27.0,1,0,0,0,0.0,0.0,0.0,0.0,1,0,,0,0,,,,1,1.0,0,0,0,0,0,0,0,MATCH,1,2.0
SI_045_R01.png,SI,scatter,identification,SI_045,45,1,1200,800,OK,EXACT,1,1,1,0,0,0,vermelho,#C62828,#C62828,0.0,0.0,0.0,0.5,0.5,42.0,42.0,1,0,0,0,0.0,0.0,0.0,0.0,4,0,,0,0,,,,1,1.0,0,0,0,0,0,0,0,MATCH,1,2.0
SI_045_R02.png,SI,scatter,identification,SI_045,45,2,1200,800,OK,EXACT,1,1,1,0,0,0,vermelho,#C62828,#C62828,0.0,0.0,0.0,0.974341,0.735294,26.0,26.0,1,0,0,0,0.0,0.0,0.0,0.0,0,0,,0,0,,,,1,1.0,0,0,0,0,0,0,0,MATCH,1,2.0
SI_045_R03.png,SI,scatter,identification,SI_045,45,3,1200,800,OK,EXACT,1,1,1,0,0,0,vermelho,#C62828,#C62828,0.0,0.0,0.0,0.974341,0.735294,26.0,26.0,1,0,0,0,0.0,0.0,0.0,0.0,0,0,,0,0,,,,1,1.0,0,0,0,0,0,0,0,MATCH,1,2.0
SI_045_R04.png,SI,scatter,identification,SI_045,45,4,1200,800,OK,EXACT,1,1,1,0,0,0,vermelho,#C62828,#C62828,0.0,0.0,0.0,0.974341,0.735294,26.0,26.0,1,0,0,0,0.0,0.0,0.0,0.0,0,0,,0,0,,,,1,1.0,0,0,0,0,0,0,0,MATCH,1,2.0
SI_045_R05.png,SI,scatter,identification,SI_045,45,5,1200,800,OK,EXACT,1,1,1,0,0,0,vermelho,#C62828,#C62828,0.0,0.0,0.0,0.974341,0.735294,26.0,26.0,1,0,0,0,0.0,0.0,0.0,0.0,0,0,,0,0,,,,1,1.0,0,0,0,0,0,0,0,MATCH,1,2.0
SI_045_R06.png,SI,scatter,identification,SI_045,45,6,1200,800,OK,EXACT,1,1,1,0,0,0,vermelho,#C62828,#C62828,0.0,0.0,0.0,0.974341,0.735294,26.0,26.0,1,0,0,0,0.0,0.0,0.0,0.0,0,0,,0,0,,,,1,1.0,0,0,0,0,0,0,0,MATCH,1,2.0
SI_045_R07.png,SI,scatter,identification,SI_045,45,7,1200,800,OK,EXACT,1,1,1,0,0,0,vermelho,#C62828,#C62828,0.0,0.0,0.0,0.974341,0.735294,26.0,26.0,1,0,0,0,0.0,0.0,0.0,0.0,0,0,,0,0,,,,1,1.0,0,0,0,0,0,0,0,MATCH,1,2.0
SI_045_R08.png,SI,scatter,identification,SI_045,45,8,1111,671,OK,EXACT,1,1,1,0,0,0,vermelho,#C62828,#C62828,0.0,0.0,0.0,0.942286,0.698413,27.0,27.0,1,0,0,0,0.0,0.0,0.0,0.0,1,0,,0,0,,,,1,1.0,0,0,0,0,0,0,0,MATCH,1,2.0
SI_045_R09.png,SI,scatter,identification,SI_045,45,9,1111,671,OK,EXACT,1,1,1,0,0,0,vermelho,#C62828,#C62828,0.0,0.0,0.0,0.942286,0.698413,27.0,27.0,1,0,0,0,0.0,0.0,0.0,0.0,1,0,,0,0,,,,1,1.0,0,0,0,0,0,0,0,MATCH,1,2.0
SI_045_R10.png,SI,scatter,identification,SI_045,45,10,1111,671,OK,EXACT,1,1,1,0,0,0,vermelho,#C62828,#C62828,0.0,0.0,0.0,0.942286,0.698413,27.0,27.0,1,0,0,0,0.0,0.0,0.0,0.0,1,0,,0,0,,,,1,1.0,0,0,0,0,0,0,0,MATCH,1,2.0
SI_046_R01.png,SI,scatter,identification,SI_046,46,1,1122,671,OK,EXACT,1,1,1,0,0,0,vermelho,#C62828,#C62828,0.0,0.0,0.0,0.954594,0.705882,27.0,27.0,1,0,0,0,0.0,0.0,0.0,0.0,2,0,,0,0,,,,1,1.0,0,0,0,0,0,0,0,MATCH,1,2.0
SI_046_R02.png,SI,scatter,identification,SI_046,46,2,1200,800,OK,EXACT,1,1,1,0,0,0,vermelho,#C62828,#C62828,0.0,0.0,0.0,0.943506,0.731343,27.0,27.0,1,0,0,0,0.0,0.0,0.0,0.0,1,0,,0,0,,,,1,1.0,0,0,0,0,0,0,0,MATCH,1,2.0
SI_046_R03.png,SI,scatter,identification,SI_046,46,3,1380,670,OK,EXACT,1,1,1,0,0,0,vermelho,#C62828,#C62828,0.0,0.0,0.0,0.942286,0.698413,27.0,27.0,1,0,0,0,0.0,0.0,0.0,0.0,1,0,,0,0,,,,1,1.0,0,0,0,0,0,0,0,MATCH,1,2.0
SI_046_R04.png,SI,scatter,identification,SI_046,46,4,1380,670,OK,EXACT,1,1,1,0,0,0,vermelho,#C62828,#C62828,0.0,0.0,0.0,0.942286,0.698413,27.0,27.0,1,0,0,0,0.0,0.0,0.0,0.0,1,0,,0,0,,,,1,1.0,0,0,0,0,0,0,0,MATCH,1,2.0
SI_046_R05.png,SI,scatter,identification,SI_046,46,5,1380,670,OK,EXACT,1,1,1,0,0,0,vermelho,#C62828,#C62828,0.0,0.0,0.0,0.942286,0.698413,27.0,27.0,1,0,0,0,0.0,0.0,0.0,0.0,1,0,,0,0,,,,1,1.0,0,0,0,0,0,0,0,MATCH,1,2.0
SI_046_R06.png,SI,scatter,identification,SI_046,46,6,1380,670,OK,EXACT,1,1,1,0,0,0,vermelho,#C62828,#C62828,0.0,0.0,0.0,0.942286,0.698413,27.0,27.0,1,0,0,0,0.0,0.0,0.0,0.0,1,0,,0,0,,,,1,1.0,0,0,0,0,0,0,0,MATCH,1,2.0
SI_046_R07.png,SI,scatter,identification,SI_046,46,7,1380,670,OK,EXACT,1,1,1,0,0,0,vermelho,#C62828,#C62828,0.0,0.0,0.0,0.942286,0.698413,27.0,27.0,1,0,0,0,0.0,0.0,0.0,0.0,1,0,,0,0,,,,1,1.0,0,0,0,0,0,0,0,MATCH,1,2.0
SI_046_R08.png,SI,scatter,identification,SI_046,46,8,1111,671,OK,EXACT,1,1,1,0,0,0,vermelho,#C62828,#C62828,0.0,0.0,0.0,0.942286,0.698413,27.0,27.0,1,0,0,0,0.0,0.0,0.0,0.0,1,0,,0,0,,,,1,1.0,0,0,0,0,0,0,0,MATCH,1,2.0
SI_046_R09.png,SI,scatter,identification,SI_046,46,9,1111,671,OK,EXACT,1,1,1,0,0,0,vermelho,#C62828,#C62828,0.0,0.0,0.0,0.942286,0.698413,27.0,27.0,1,0,0,0,0.0,0.0,0.0,0.0,1,0,,0,0,,,,1,1.0,0,0,0,0,0,0,0,MATCH,1,2.0
SI_046_R10.png,SI,scatter,identification,SI_046,46,10,1111,671,OK,EXACT,1,1,1,0,0,0,vermelho,#C62828,#C62828,0.0,0.0,0.0,0.942286,0.698413,27.0,27.0,1,0,0,0,0.0,0.0,0.0,0.0,1,0,,0,0,,,,1,1.0,0,0,0,0,0,0,0,MATCH,1,2.0
SI_047_R01.png,SI,scatter,identification,SI_047,47,1,1111,671,OK,EXACT,1,1,1,0,0,0,vermelho,#C62828,#C62828,0.0,0.0,0.0,0.942286,0.698413,27.0,27.0,1,0,0,0,0.0,0.0,0.0,0.0,1,0,,0,0,,,,1,1.0,0,0,0,0,0,0,0,MATCH,1,2.0
SI_047_R02.png,SI,scatter,identification,SI_047,47,2,1200,800,OK,EXACT,1,1,1,0,0,0,vermelho,#C62828,#C62828,0.0,0.0,0.0,0.943506,0.731343,27.0,27.0,1,0,0,0,0.0,0.0,0.0,0.0,1,0,,0,0,,,,1,1.0,0,0,0,0,0,0,0,MATCH,1,2.0
SI_047_R03.png,SI,scatter,identification,SI_047,47,3,1200,800,OK,EXACT,1,1,1,0,0,0,vermelho,#C62828,#C62828,0.0,0.0,0.0,0.943506,0.731343,27.0,27.0,1,0,0,0,0.0,0.0,0.0,0.0,1,0,,0,0,,,,1,1.0,0,0,0,0,0,0,0,MATCH,1,2.0
SI_047_R04.png,SI,scatter,identification,SI_047,47,4,1200,800,OK,EXACT,1,1,1,0,0,0,vermelho,#C62828,#C62828,0.0,0.0,0.0,0.943506,0.731343,27.0,27.0,1,0,0,0,0.0,0.0,0.0,0.0,1,0,,0,0,,,,1,1.0,0,0,0,0,0,0,0,MATCH,1,2.0
SI_047_R05.png,SI,scatter,identification,SI_047,47,5,1200,800,OK,EXACT,1,1,1,0,0,0,vermelho,#C62828,#C62828,0.0,0.0,0.0,0.943506,0.731343,27.0,27.0,1,0,0,0,0.0,0.0,0.0,0.0,1,0,,0,0,,,,1,1.0,0,0,0,0,0,0,0,MATCH,1,2.0
SI_047_R06.png,SI,scatter,identification,SI_047,47,6,1200,800,OK,EXACT,1,1,1,0,0,0,vermelho,#C62828,#C62828,0.0,0.0,0.0,0.943506,0.731343,27.0,27.0,1,0,0,0,0.0,0.0,0.0,0.0,1,0,,0,0,,,,1,1.0,0,0,0,0,0,0,0,MATCH,1,2.0
SI_047_R07.png,SI,scatter,identification,SI_047,47,7,1200,800,OK,EXACT,1,1,1,0,0,0,vermelho,#C62828,#C62828,0.0,0.0,0.0,0.943506,0.731343,27.0,27.0,1,0,0,0,0.0,0.0,0.0,0.0,1,0,,0,0,,,,1,1.0,0,0,0,0,0,0,0,MATCH,1,2.0
SI_047_R08.png,SI,scatter,identification,SI_047,47,8,1111,671,OK,EXACT,1,1,1,0,0,0,vermelho,#C62828,#C62828,0.0,0.0,0.0,0.942286,0.698413,27.0,27.0,1,0,0,0,0.0,0.0,0.0,0.0,1,0,,0,0,,,,1,1.0,0,0,0,0,0,0,0,MATCH,1,2.0
SI_047_R09.png,SI,scatter,identification,SI_047,47,9,1111,671,OK,EXACT,1,1,1,0,0,0,vermelho,#C62828,#C62828,0.0,0.0,0.0,0.942286,0.698413,27.0,27.0,1,0,0,0,0.0,0.0,0.0,0.0,1,0,,0,0,,,,1,1.0,0,0,0,0,0,0,0,MATCH,1,2.0
SI_047_R10.png,SI,scatter,identification,SI_047,47,10,1111,671,OK,EXACT,1,1,1,0,0,0,vermelho,#C62828,#C62828,0.0,0.0,0.0,0.942286,0.698413,27.0,27.0,1,0,0,0,0.0,0.0,0.0,0.0,1,0,,0,0,,,,1,1.0,0,0,0,0,0,0,0,MATCH,1,2.0
SI_048_R01.png,SI,scatter,identification,SI_048,48,1,1119,671,OK,EXACT,1,1,1,0,0,0,vermelho,#C62828,#C62828,0.0,0.0,0.0,0.971087,0.735294,52.0,52.0,1,0,0,0,0.0,0.0,0.0,0.0,3,0,,0,0,,,,1,1.0,0,0,0,0,0,0,0,MATCH,1,2.0
SI_048_R02.png,SI,scatter,identification,SI_048,48,2,1316,671,OK,EXACT,1,1,1,0,0,0,vermelho,#C62828,#C62828,0.0,0.0,0.0,0.942286,0.698413,27.0,27.0,1,0,0,0,0.0,0.0,0.0,0.0,1,0,,0,0,,,,1,1.0,0,0,0,0,0,0,0,MATCH,1,2.0
SI_048_R03.png,SI,scatter,identification,SI_048,48,3,1316,671,OK,EXACT,1,1,1,0,0,0,vermelho,#C62828,#C62828,0.0,0.0,0.0,0.942286,0.698413,27.0,27.0,1,0,0,0,0.0,0.0,0.0,0.0,1,0,,0,0,,,,1,1.0,0,0,0,0,0,0,0,MATCH,1,2.0
SI_048_R04.png,SI,scatter,identification,SI_048,48,4,1316,671,OK,EXACT,1,1,1,0,0,0,vermelho,#C62828,#C62828,0.0,0.0,0.0,0.942286,0.698413,27.0,27.0,1,0,0,0,0.0,0.0,0.0,0.0,1,0,,0,0,,,,1,1.0,0,0,0,0,0,0,0,MATCH,1,2.0
SI_048_R05.png,SI,scatter,identification,SI_048,48,5,1111,671,OK,EXACT,1,1,1,0,0,0,vermelho,#C62828,#C62828,0.0,0.0,0.0,0.942286,0.698413,27.0,27.0,1,0,0,0,0.0,0.0,0.0,0.0,1,0,,0,0,,,,1,1.0,0,0,0,0,0,0,0,MATCH,1,2.0
SI_048_R06.png,SI,scatter,identification,SI_048,48,6,1111,671,OK,EXACT,1,1,1,0,0,0,vermelho,#C62828,#C62828,0.0,0.0,0.0,0.942286,0.698413,27.0,27.0,1,0,0,0,0.0,0.0,0.0,0.0,1,0,,0,0,,,,1,1.0,0,0,0,0,0,0,0,MATCH,1,2.0
SI_048_R07.png,SI,scatter,identification,SI_048,48,7,1111,671,OK,EXACT,1,1,1,0,0,0,vermelho,#C62828,#C62828,0.0,0.0,0.0,0.942286,0.698413,27.0,27.0,1,0,0,0,0.0,0.0,0.0,0.0,1,0,,0,0,,,,1,1.0,0,0,0,0,0,0,0,MATCH,1,2.0
SI_048_R08.png,SI,scatter,identification,SI_048,48,8,1111,671,OK,EXACT,1,1,1,0,0,0,vermelho,#C62828,#C62828,0.0,0.0,0.0,0.942286,0.698413,27.0,27.0,1,0,0,0,0.0,0.0,0.0,0.0,1,0,,0,0,,,,1,1.0,0,0,0,0,0,0,0,MATCH,1,2.0
SI_048_R09.png,SI,scatter,identification,SI_048,48,9,1380,670,OK,EXACT,1,1,1,0,0,0,vermelho,#C62828,#C62828,0.0,0.0,0.0,0.942286,0.698413,27.0,27.0,1,0,0,0,0.0,0.0,0.0,0.0,1,0,,0,0,,,,1,1.0,0,0,0,0,0,0,0,MATCH,1,2.0
SI_048_R10.png,SI,scatter,identification,SI_048,48,10,1380,670,OK,EXACT,1,1,1,0,0,0,vermelho,#C62828,#C62828,0.0,0.0,0.0,0.942286,0.698413,27.0,27.0,1,0,0,0,0.0,0.0,0.0,0.0,1,0,,0,0,,,,1,1.0,0,0,0,0,0,0,0,MATCH,1,2.0
SI_049_R01.png,SI,scatter,identification,SI_049,49,1,1414,671,OK,EXTRA,1,2,1,1,0,1,vermelho,#C62828,#C62828|#1F4FD8,0.0,0.0,0.0,0.886762,0.595238,33.0,33.0,2,0,0,0,0.0,0.0,0.0,0.0,1,0,,0,1,,#1F4FD8,0.595238,1,1.0,0,0,0,1,0,0,0,EXTRA_COLOR,0,2.0
SI_049_R02.png,SI,scatter,identification,SI_049,49,2,1111,671,OK,EXACT,1,1,1,0,0,0,vermelho,#C62828,#C62828,0.0,0.0,0.0,0.942286,0.698413,27.0,27.0,1,0,0,0,0.0,0.0,0.0,0.0,1,0,,0,0,,,,1,1.0,0,0,0,0,0,0,0,MATCH,1,2.0
SI_049_R03.png,SI,scatter,identification,SI_049,49,3,1111,671,OK,EXACT,1,1,1,0,0,0,vermelho,#C62828,#C62828,0.0,0.0,0.0,0.942286,0.698413,27.0,27.0,1,0,0,0,0.0,0.0,0.0,0.0,1,0,,0,0,,,,1,1.0,0,0,0,0,0,0,0,MATCH,1,2.0
SI_049_R04.png,SI,scatter,identification,SI_049,49,4,1200,800,OK,EXACT,1,1,1,0,0,0,vermelho,#C62828,#C62828,0.0,0.0,0.0,0.974341,0.735294,26.0,26.0,1,0,0,0,0.0,0.0,0.0,0.0,0,0,,0,0,,,,1,1.0,0,0,0,0,0,0,0,MATCH,1,2.0
SI_049_R05.png,SI,scatter,identification,SI_049,49,5,1200,800,OK,EXACT,1,1,1,0,0,0,vermelho,#C62828,#C62828,0.0,0.0,0.0,0.974341,0.735294,26.0,26.0,1,0,0,0,0.0,0.0,0.0,0.0,0,0,,0,0,,,,1,1.0,0,0,0,0,0,0,0,MATCH,1,2.0
SI_049_R06.png,SI,scatter,identification,SI_049,49,6,1200,800,OK,EXACT,1,1,1,0,0,0,vermelho,#C62828,#C62828,0.0,0.0,0.0,0.974341,0.735294,26.0,26.0,1,0,0,0,0.0,0.0,0.0,0.0,0,0,,0,0,,,,1,1.0,0,0,0,0,0,0,0,MATCH,1,2.0
SI_049_R07.png,SI,scatter,identification,SI_049,49,7,1200,800,OK,EXACT,1,1,1,0,0,0,vermelho,#C62828,#C62828,0.0,0.0,0.0,0.974341,0.735294,26.0,26.0,1,0,0,0,0.0,0.0,0.0,0.0,0,0,,0,0,,,,1,1.0,0,0,0,0,0,0,0,MATCH,1,2.0
SI_049_R08.png,SI,scatter,identification,SI_049,49,8,1200,800,OK,EXACT,1,1,1,0,0,0,vermelho,#C62828,#C62828,0.0,0.0,0.0,0.974341,0.735294,26.0,26.0,1,0,0,0,0.0,0.0,0.0,0.0,0,0,,0,0,,,,1,1.0,0,0,0,0,0,0,0,MATCH,1,2.0
SI_049_R09.png,SI,scatter,identification,SI_049,49,9,1380,670,OK,EXACT,1,1,1,0,0,0,vermelho,#C62828,#C62828,0.0,0.0,0.0,0.942286,0.698413,27.0,27.0,1,0,0,0,0.0,0.0,0.0,0.0,1,0,,0,0,,,,1,1.0,0,0,0,0,0,0,0,MATCH,1,2.0
SI_049_R10.png,SI,scatter,identification,SI_049,49,10,1380,670,OK,EXACT,1,1,1,0,0,0,vermelho,#C62828,#C62828,0.0,0.0,0.0,0.942286,0.698413,27.0,27.0,1,0,0,0,0.0,0.0,0.0,0.0,1,0,,0,0,,,,1,1.0,0,0,0,0,0,0,0,MATCH,1,2.0
SI_050_R01.png,SI,scatter,identification,SI_050,50,1,1131,671,OK,EXACT,1,1,1,0,0,0,vermelho,#C62828,#C62828,0.0,0.0,0.0,0.965502,0.774194,27.0,27.0,1,0,0,0,0.0,0.0,0.0,0.0,2,0,,0,0,,,,1,1.0,0,0,0,0,0,0,0,MATCH,1,2.0
SI_050_R02.png,SI,scatter,identification,SI_050,50,2,1200,800,OK,EXACT,1,1,1,0,0,0,vermelho,#C62828,#C62828,0.0,0.0,0.0,0.943567,0.731343,28.0,28.0,1,0,0,0,1.480328,0.0,0.0,41.44919,3,0,,0,0,,,,1,1.0,0,0,0,0,0,0,0,MATCH,1,2.0
SI_050_R03.png,SI,scatter,identification,SI_050,50,3,1200,800,OK,EXACT,1,1,1,0,0,0,vermelho,#C62828,#C62828,0.0,0.0,0.0,0.943567,0.731343,28.0,28.0,1,0,0,0,1.480328,0.0,0.0,41.44919,3,0,,0,0,,,,1,1.0,0,0,0,0,0,0,0,MATCH,1,2.0
SI_050_R04.png,SI,scatter,identification,SI_050,50,4,1200,800,OK,EXACT,1,1,1,0,0,0,vermelho,#C62828,#C62828,0.0,0.0,0.0,0.943567,0.731343,28.0,28.0,1,0,0,0,1.480328,0.0,0.0,41.44919,3,0,,0,0,,,,1,1.0,0,0,0,0,0,0,0,MATCH,1,2.0
SI_050_R05.png,SI,scatter,identification,SI_050,50,5,1200,800,OK,EXACT,1,1,1,0,0,0,vermelho,#C62828,#C62828,0.0,0.0,0.0,0.943567,0.731343,28.0,28.0,1,0,0,0,1.480328,0.0,0.0,41.44919,3,0,,0,0,,,,1,1.0,0,0,0,0,0,0,0,MATCH,1,2.0
SI_050_R06.png,SI,scatter,identification,SI_050,50,6,1111,671,OK,EXACT,1,1,1,0,0,0,vermelho,#C62828,#C62828,0.0,0.0,0.0,0.942286,0.698413,27.0,27.0,1,0,0,0,0.0,0.0,0.0,0.0,1,0,,0,0,,,,1,1.0,0,0,0,0,0,0,0,MATCH,1,2.0
SI_050_R07.png,SI,scatter,identification,SI_050,50,7,1111,671,OK,EXACT,1,1,1,0,0,0,vermelho,#C62828,#C62828,0.0,0.0,0.0,0.942286,0.698413,27.0,27.0,1,0,0,0,0.0,0.0,0.0,0.0,1,0,,0,0,,,,1,1.0,0,0,0,0,0,0,0,MATCH,1,2.0
SI_050_R08.png,SI,scatter,identification,SI_050,50,8,1111,671,OK,EXACT,1,1,1,0,0,0,vermelho,#C62828,#C62828,0.0,0.0,0.0,0.942286,0.698413,27.0,27.0,1,0,0,0,0.0,0.0,0.0,0.0,1,0,,0,0,,,,1,1.0,0,0,0,0,0,0,0,MATCH,1,2.0
SI_050_R09.png,SI,scatter,identification,SI_050,50,9,1111,671,OK,EXACT,1,1,1,0,0,0,vermelho,#C62828,#C62828,0.0,0.0,0.0,0.942286,0.698413,27.0,27.0,1,0,0,0,0.0,0.0,0.0,0.0,1,0,,0,0,,,,1,1.0,0,0,0,0,0,0,0,MATCH,1,2.0
SI_050_R10.png,SI,scatter,identification,SI_050,50,10,1200,800,OK,EXACT,1,1,1,0,0,0,vermelho,#C62828,#C62828,0.0,0.0,0.0,0.943567,0.731343,28.0,28.0,1,0,0,0,1.480328,0.0,0.0,41.44919,3,0,,0,0,,,,1,1.0,0,0,0,0,0,0,0,MATCH,1,2.0
SI_051_R01.png,SI,scatter,identification,SI_051,51,1,1111,671,OK,EXACT,1,1,1,0,0,0,vermelho,#C62828,#C62828,0.0,0.0,0.0,0.942286,0.698413,27.0,27.0,1,0,0,0,0.0,0.0,0.0,0.0,1,0,,0,0,,,,1,1.0,0,0,0,0,0,0,0,MATCH,1,2.0
SI_051_R02.png,SI,scatter,identification,SI_051,51,2,996,701,OK,EXACT,1,1,1,0,0,0,vermelho,#C62828,#C62828,0.0,0.0,0.0,0.954103,0.735294,27.0,27.0,1,0,0,0,0.0,0.0,0.0,0.0,2,0,,0,0,,,,1,1.0,0,0,0,0,0,0,0,MATCH,1,2.0
SI_051_R03.png,SI,scatter,identification,SI_051,51,3,996,701,OK,EXACT,1,1,1,0,0,0,vermelho,#C62828,#C62828,0.0,0.0,0.0,0.954103,0.735294,27.0,27.0,1,0,0,0,0.0,0.0,0.0,0.0,2,0,,0,0,,,,1,1.0,0,0,0,0,0,0,0,MATCH,1,2.0
SI_051_R04.png,SI,scatter,identification,SI_051,51,4,996,701,OK,EXACT,1,1,1,0,0,0,vermelho,#C62828,#C62828,0.0,0.0,0.0,0.954103,0.735294,27.0,27.0,1,0,0,0,0.0,0.0,0.0,0.0,2,0,,0,0,,,,1,1.0,0,0,0,0,0,0,0,MATCH,1,2.0
SI_051_R05.png,SI,scatter,identification,SI_051,51,5,996,701,OK,EXACT,1,1,1,0,0,0,vermelho,#C62828,#C62828,0.0,0.0,0.0,0.954103,0.735294,27.0,27.0,1,0,0,0,0.0,0.0,0.0,0.0,2,0,,0,0,,,,1,1.0,0,0,0,0,0,0,0,MATCH,1,2.0
SI_051_R06.png,SI,scatter,identification,SI_051,51,6,996,701,OK,EXACT,1,1,1,0,0,0,vermelho,#C62828,#C62828,0.0,0.0,0.0,0.954103,0.735294,27.0,27.0,1,0,0,0,0.0,0.0,0.0,0.0,2,0,,0,0,,,,1,1.0,0,0,0,0,0,0,0,MATCH,1,2.0
SI_051_R07.png,SI,scatter,identification,SI_051,51,7,996,701,OK,EXACT,1,1,1,0,0,0,vermelho,#C62828,#C62828,0.0,0.0,0.0,0.954103,0.735294,27.0,27.0,1,0,0,0,0.0,0.0,0.0,0.0,2,0,,0,0,,,,1,1.0,0,0,0,0,0,0,0,MATCH,1,2.0
SI_051_R08.png,SI,scatter,identification,SI_051,51,8,996,701,OK,EXACT,1,1,1,0,0,0,vermelho,#C62828,#C62828,0.0,0.0,0.0,0.954103,0.735294,27.0,27.0,1,0,0,0,0.0,0.0,0.0,0.0,2,0,,0,0,,,,1,1.0,0,0,0,0,0,0,0,MATCH,1,2.0
SI_051_R09.png,SI,scatter,identification,SI_051,51,9,996,701,OK,EXACT,1,1,1,0,0,0,vermelho,#C62828,#C62828,0.0,0.0,0.0,0.954103,0.735294,27.0,27.0,1,0,0,0,0.0,0.0,0.0,0.0,2,0,,0,0,,,,1,1.0,0,0,0,0,0,0,0,MATCH,1,2.0
SI_051_R10.png,SI,scatter,identification,SI_051,51,10,996,701,OK,EXACT,1,1,1,0,0,0,vermelho,#C62828,#C62828,0.0,0.0,0.0,0.954103,0.735294,27.0,27.0,1,0,0,0,0.0,0.0,0.0,0.0,2,0,,0,0,,,,1,1.0,0,0,0,0,0,0,0,MATCH,1,2.0
SI_052_R01.png,SI,scatter,identification,SI_052,52,1,1112,671,OK,EXACT,1,1,1,0,0,0,vermelho,#C62828,#C62828,0.0,0.0,0.0,0.942286,0.698413,27.0,27.0,1,0,0,0,0.0,0.0,0.0,0.0,1,0,,0,0,,,,1,1.0,0,0,0,0,0,0,0,MATCH,1,2.0
SI_052_R02.png,SI,scatter,identification,SI_052,52,2,1316,671,OK,EXACT,1,1,1,0,0,0,vermelho,#C62828,#C62828,0.0,0.0,0.0,0.942286,0.698413,27.0,27.0,1,0,0,0,0.0,0.0,0.0,0.0,1,0,,0,0,,,,1,1.0,0,0,0,0,0,0,0,MATCH,1,2.0
SI_052_R03.png,SI,scatter,identification,SI_052,52,3,1316,671,OK,EXACT,1,1,1,0,0,0,vermelho,#C62828,#C62828,0.0,0.0,0.0,0.942286,0.698413,27.0,27.0,1,0,0,0,0.0,0.0,0.0,0.0,1,0,,0,0,,,,1,1.0,0,0,0,0,0,0,0,MATCH,1,2.0
SI_052_R04.png,SI,scatter,identification,SI_052,52,4,1316,671,OK,EXACT,1,1,1,0,0,0,vermelho,#C62828,#C62828,0.0,0.0,0.0,0.942286,0.698413,27.0,27.0,1,0,0,0,0.0,0.0,0.0,0.0,1,0,,0,0,,,,1,1.0,0,0,0,0,0,0,0,MATCH,1,2.0
SI_052_R05.png,SI,scatter,identification,SI_052,52,5,1111,671,OK,EXACT,1,1,1,0,0,0,vermelho,#C62828,#C62828,0.0,0.0,0.0,0.942286,0.698413,27.0,27.0,1,0,0,0,0.0,0.0,0.0,0.0,1,0,,0,0,,,,1,1.0,0,0,0,0,0,0,0,MATCH,1,2.0
SI_052_R06.png,SI,scatter,identification,SI_052,52,6,1111,671,OK,EXACT,1,1,1,0,0,0,vermelho,#C62828,#C62828,0.0,0.0,0.0,0.942286,0.698413,27.0,27.0,1,0,0,0,0.0,0.0,0.0,0.0,1,0,,0,0,,,,1,1.0,0,0,0,0,0,0,0,MATCH,1,2.0
SI_052_R07.png,SI,scatter,identification,SI_052,52,7,1111,671,OK,EXACT,1,1,1,0,0,0,vermelho,#C62828,#C62828,0.0,0.0,0.0,0.942286,0.698413,27.0,27.0,1,0,0,0,0.0,0.0,0.0,0.0,1,0,,0,0,,,,1,1.0,0,0,0,0,0,0,0,MATCH,1,2.0
SI_052_R08.png,SI,scatter,identification,SI_052,52,8,1111,671,OK,EXACT,1,1,1,0,0,0,vermelho,#C62828,#C62828,0.0,0.0,0.0,0.942286,0.698413,27.0,27.0,1,0,0,0,0.0,0.0,0.0,0.0,1,0,,0,0,,,,1,1.0,0,0,0,0,0,0,0,MATCH,1,2.0
SI_052_R09.png,SI,scatter,identification,SI_052,52,9,1111,671,OK,EXACT,1,1,1,0,0,0,vermelho,#C62828,#C62828,0.0,0.0,0.0,0.942286,0.698413,27.0,27.0,1,0,0,0,0.0,0.0,0.0,0.0,1,0,,0,0,,,,1,1.0,0,0,0,0,0,0,0,MATCH,1,2.0
SI_052_R10.png,SI,scatter,identification,SI_052,52,10,1111,671,OK,EXACT,1,1,1,0,0,0,vermelho,#C62828,#C62828,0.0,0.0,0.0,0.942286,0.698413,27.0,27.0,1,0,0,0,0.0,0.0,0.0,0.0,1,0,,0,0,,,,1,1.0,0,0,0,0,0,0,0,MATCH,1,2.0
