filename,profile,unit_id,repeat,expected_type,auto_observed_type,final_observed_type_stage1,technique_status_stage1,decision_source
BC_001_R01.png,BC,BC_001,1,BAR,BAR,BAR,CONFORMING_AUTO_UNAUDITED,AUTO_MATCH_PENDING_QC_SAMPLE
BC_001_R02.png,BC,BC_001,2,BAR,BAR,BAR,CONFORMING_AUTO_UNAUDITED,AUTO_MATCH_PENDING_QC_SAMPLE
BC_001_R03.png,BC,BC_001,3,BAR,BAR,BAR,CONFORMING_AUTO_UNAUDITED,AUTO_MATCH_PENDING_QC_SAMPLE
BC_001_R04.png,BC,BC_001,4,BAR,BAR,BAR,CONFORMING_AUTO_UNAUDITED,AUTO_MATCH_PENDING_QC_SAMPLE
BC_001_R05.png,BC,BC_001,5,BAR,BAR,BAR,CONFORMING_AUTO_UNAUDITED,AUTO_MATCH_PENDING_QC_SAMPLE
BC_001_R06.png,BC,BC_001,6,BAR,BAR,BAR,CONFORMING_AUTO_UNAUDITED,AUTO_MATCH_PENDING_QC_SAMPLE
BC_001_R07.png,BC,BC_001,7,BAR,BAR,BAR,CONFORMING_AUTO_UNAUDITED,AUTO_MATCH_PENDING_QC_SAMPLE
BC_001_R08.png,BC,BC_001,8,BAR,BAR,BAR,CONFORMING_AUTO_UNAUDITED,AUTO_MATCH_PENDING_QC_SAMPLE
BC_001_R09.png,BC,BC_001,9,BAR,BAR,BAR,CONFORMING_AUTO_UNAUDITED,AUTO_MATCH_PENDING_QC_SAMPLE
BC_001_R10.png,BC,BC_001,10,BAR,BAR,BAR,CONFORMING_AUTO_UNAUDITED,AUTO_MATCH_PENDING_QC_SAMPLE
BC_002_R01.png,BC,BC_002,1,BAR,BAR,BAR,CONFORMING_AUTO_UNAUDITED,AUTO_MATCH_PENDING_QC_SAMPLE
BC_002_R02.png,BC,BC_002,2,BAR,SCATTER,BAR,CONFORMING,MANUAL_AUDIT_AUTO_DISCREPANCY
BC_002_R03.png,BC,BC_002,3,BAR,BAR,BAR,CONFORMING_AUTO_UNAUDITED,AUTO_MATCH_PENDING_QC_SAMPLE
BC_002_R04.png,BC,BC_002,4,BAR,BAR,BAR,CONFORMING_AUTO_UNAUDITED,AUTO_MATCH_PENDING_QC_SAMPLE
BC_002_R05.png,BC,BC_002,5,BAR,LINE,LINE,NONCONFORMING,MANUAL_AUDIT_AUTO_DISCREPANCY
BC_002_R06.png,BC,BC_002,6,BAR,SCATTER,UNEVALUABLE,UNEVALUABLE,MANUAL_AUDIT_AUTO_DISCREPANCY
BC_002_R07.png,BC,BC_002,7,BAR,BAR,BAR,CONFORMING_AUTO_UNAUDITED,AUTO_MATCH_PENDING_QC_SAMPLE
BC_002_R08.png,BC,BC_002,8,BAR,SCATTER,LINE,NONCONFORMING,MANUAL_AUDIT_AUTO_DISCREPANCY
BC_002_R09.png,BC,BC_002,9,BAR,OTHER,BAR,CONFORMING,MANUAL_AUDIT_AUTO_DISCREPANCY
BC_002_R10.png,BC,BC_002,10,BAR,BAR,BAR,CONFORMING_AUTO_UNAUDITED,AUTO_MATCH_PENDING_QC_SAMPLE
BC_003_R01.png,BC,BC_003,1,BAR,BAR,BAR,CONFORMING_AUTO_UNAUDITED,AUTO_MATCH_PENDING_QC_SAMPLE
BC_003_R02.png,BC,BC_003,2,BAR,BAR,BAR,CONFORMING_AUTO_UNAUDITED,AUTO_MATCH_PENDING_QC_SAMPLE
BC_003_R03.png,BC,BC_003,3,BAR,BAR,BAR,CONFORMING_AUTO_UNAUDITED,AUTO_MATCH_PENDING_QC_SAMPLE
BC_003_R04.png,BC,BC_003,4,BAR,BAR,BAR,CONFORMING_AUTO_UNAUDITED,AUTO_MATCH_PENDING_QC_SAMPLE
BC_003_R05.png,BC,BC_003,5,BAR,BAR,BAR,CONFORMING_AUTO_UNAUDITED,AUTO_MATCH_PENDING_QC_SAMPLE
BC_003_R06.png,BC,BC_003,6,BAR,BAR,BAR,CONFORMING_AUTO_UNAUDITED,AUTO_MATCH_PENDING_QC_SAMPLE
BC_003_R07.png,BC,BC_003,7,BAR,BAR,BAR,CONFORMING_AUTO_UNAUDITED,AUTO_MATCH_PENDING_QC_SAMPLE
BC_003_R08.png,BC,BC_003,8,BAR,BAR,BAR,CONFORMING_AUTO_UNAUDITED,AUTO_MATCH_PENDING_QC_SAMPLE
BC_003_R09.png,BC,BC_003,9,BAR,BAR,BAR,CONFORMING_AUTO_UNAUDITED,AUTO_MATCH_PENDING_QC_SAMPLE
BC_003_R10.png,BC,BC_003,10,BAR,BAR,BAR,CONFORMING_AUTO_UNAUDITED,AUTO_MATCH_PENDING_QC_SAMPLE
BC_004_R01.png,BC,BC_004,1,BAR,SCATTER,BAR,CONFORMING,MANUAL_AUDIT_AUTO_DISCREPANCY
BC_004_R02.png,BC,BC_004,2,BAR,BAR,BAR,CONFORMING_AUTO_UNAUDITED,AUTO_MATCH_PENDING_QC_SAMPLE
BC_004_R03.png,BC,BC_004,3,BAR,BAR,BAR,CONFORMING_AUTO_UNAUDITED,AUTO_MATCH_PENDING_QC_SAMPLE
BC_004_R04.png,BC,BC_004,4,BAR,BAR,BAR,CONFORMING_AUTO_UNAUDITED,AUTO_MATCH_PENDING_QC_SAMPLE
BC_004_R05.png,BC,BC_004,5,BAR,BAR,BAR,CONFORMING_AUTO_UNAUDITED,AUTO_MATCH_PENDING_QC_SAMPLE
BC_004_R06.png,BC,BC_004,6,BAR,BAR,BAR,CONFORMING_AUTO_UNAUDITED,AUTO_MATCH_PENDING_QC_SAMPLE
BC_004_R07.png,BC,BC_004,7,BAR,BAR,BAR,CONFORMING_AUTO_UNAUDITED,AUTO_MATCH_PENDING_QC_SAMPLE
BC_004_R08.png,BC,BC_004,8,BAR,BAR,BAR,CONFORMING_AUTO_UNAUDITED,AUTO_MATCH_PENDING_QC_SAMPLE
BC_004_R09.png,BC,BC_004,9,BAR,BAR,BAR,CONFORMING_AUTO_UNAUDITED,AUTO_MATCH_PENDING_QC_SAMPLE
BC_004_R10.png,BC,BC_004,10,BAR,BAR,BAR,CONFORMING_AUTO_UNAUDITED,AUTO_MATCH_PENDING_QC_SAMPLE
BC_005_R01.png,BC,BC_005,1,BAR,BAR,BAR,CONFORMING_AUTO_UNAUDITED,AUTO_MATCH_PENDING_QC_SAMPLE
BC_005_R02.png,BC,BC_005,2,BAR,BAR,BAR,CONFORMING_AUTO_UNAUDITED,AUTO_MATCH_PENDING_QC_SAMPLE
BC_005_R03.png,BC,BC_005,3,BAR,BAR,BAR,CONFORMING_AUTO_UNAUDITED,AUTO_MATCH_PENDING_QC_SAMPLE
BC_005_R04.png,BC,BC_005,4,BAR,BAR,BAR,CONFORMING_AUTO_UNAUDITED,AUTO_MATCH_PENDING_QC_SAMPLE
BC_005_R05.png,BC,BC_005,5,BAR,BAR,BAR,CONFORMING_AUTO_UNAUDITED,AUTO_MATCH_PENDING_QC_SAMPLE
BC_005_R06.png,BC,BC_005,6,BAR,BAR,BAR,CONFORMING_AUTO_UNAUDITED,AUTO_MATCH_PENDING_QC_SAMPLE
BC_005_R07.png,BC,BC_005,7,BAR,BAR,BAR,CONFORMING_AUTO_UNAUDITED,AUTO_MATCH_PENDING_QC_SAMPLE
BC_005_R08.png,BC,BC_005,8,BAR,BAR,BAR,CONFORMING_AUTO_UNAUDITED,AUTO_MATCH_PENDING_QC_SAMPLE
BC_005_R09.png,BC,BC_005,9,BAR,BAR,BAR,CONFORMING_AUTO_UNAUDITED,AUTO_MATCH_PENDING_QC_SAMPLE
BC_005_R10.png,BC,BC_005,10,BAR,BAR,BAR,CONFORMING_AUTO_UNAUDITED,AUTO_MATCH_PENDING_QC_SAMPLE
BC_006_R01.png,BC,BC_006,1,BAR,BAR,BAR,CONFORMING_AUTO_UNAUDITED,AUTO_MATCH_PENDING_QC_SAMPLE
BC_006_R02.png,BC,BC_006,2,BAR,BAR,BAR,CONFORMING_AUTO_UNAUDITED,AUTO_MATCH_PENDING_QC_SAMPLE
BC_006_R03.png,BC,BC_006,3,BAR,BAR,BAR,CONFORMING_AUTO_UNAUDITED,AUTO_MATCH_PENDING_QC_SAMPLE
BC_006_R04.png,BC,BC_006,4,BAR,BAR,BAR,CONFORMING_AUTO_UNAUDITED,AUTO_MATCH_PENDING_QC_SAMPLE
BC_006_R05.png,BC,BC_006,5,BAR,BAR,BAR,CONFORMING_AUTO_UNAUDITED,AUTO_MATCH_PENDING_QC_SAMPLE
BC_006_R06.png,BC,BC_006,6,BAR,BAR,BAR,CONFORMING_AUTO_UNAUDITED,AUTO_MATCH_PENDING_QC_SAMPLE
BC_006_R07.png,BC,BC_006,7,BAR,BAR,BAR,CONFORMING_AUTO_UNAUDITED,AUTO_MATCH_PENDING_QC_SAMPLE
BC_006_R08.png,BC,BC_006,8,BAR,BAR,BAR,CONFORMING_AUTO_UNAUDITED,AUTO_MATCH_PENDING_QC_SAMPLE
BC_006_R09.png,BC,BC_006,9,BAR,BAR,BAR,CONFORMING_AUTO_UNAUDITED,AUTO_MATCH_PENDING_QC_SAMPLE
BC_006_R10.png,BC,BC_006,10,BAR,BAR,BAR,CONFORMING_AUTO_UNAUDITED,AUTO_MATCH_PENDING_QC_SAMPLE
BC_007_R01.png,BC,BC_007,1,BAR,BAR,BAR,CONFORMING_AUTO_UNAUDITED,AUTO_MATCH_PENDING_QC_SAMPLE
BC_007_R02.png,BC,BC_007,2,BAR,BAR,BAR,CONFORMING_AUTO_UNAUDITED,AUTO_MATCH_PENDING_QC_SAMPLE
BC_007_R03.png,BC,BC_007,3,BAR,BAR,BAR,CONFORMING_AUTO_UNAUDITED,AUTO_MATCH_PENDING_QC_SAMPLE
BC_007_R04.png,BC,BC_007,4,BAR,BAR,BAR,CONFORMING_AUTO_UNAUDITED,AUTO_MATCH_PENDING_QC_SAMPLE
BC_007_R05.png,BC,BC_007,5,BAR,BAR,BAR,CONFORMING_AUTO_UNAUDITED,AUTO_MATCH_PENDING_QC_SAMPLE
BC_007_R06.png,BC,BC_007,6,BAR,BAR,BAR,CONFORMING_AUTO_UNAUDITED,AUTO_MATCH_PENDING_QC_SAMPLE
BC_007_R07.png,BC,BC_007,7,BAR,BAR,BAR,CONFORMING_AUTO_UNAUDITED,AUTO_MATCH_PENDING_QC_SAMPLE
BC_007_R08.png,BC,BC_007,8,BAR,BAR,BAR,CONFORMING_AUTO_UNAUDITED,AUTO_MATCH_PENDING_QC_SAMPLE
BC_007_R09.png,BC,BC_007,9,BAR,BAR,BAR,CONFORMING_AUTO_UNAUDITED,AUTO_MATCH_PENDING_QC_SAMPLE
BC_007_R10.png,BC,BC_007,10,BAR,BAR,BAR,CONFORMING_AUTO_UNAUDITED,AUTO_MATCH_PENDING_QC_SAMPLE
BC_008_R01.png,BC,BC_008,1,BAR,BAR,BAR,CONFORMING_AUTO_UNAUDITED,AUTO_MATCH_PENDING_QC_SAMPLE
BC_008_R02.png,BC,BC_008,2,BAR,BAR,BAR,CONFORMING_AUTO_UNAUDITED,AUTO_MATCH_PENDING_QC_SAMPLE
BC_008_R03.png,BC,BC_008,3,BAR,BAR,BAR,CONFORMING_AUTO_UNAUDITED,AUTO_MATCH_PENDING_QC_SAMPLE
BC_008_R04.png,BC,BC_008,4,BAR,BAR,BAR,CONFORMING_AUTO_UNAUDITED,AUTO_MATCH_PENDING_QC_SAMPLE
BC_008_R05.png,BC,BC_008,5,BAR,BAR,BAR,CONFORMING_AUTO_UNAUDITED,AUTO_MATCH_PENDING_QC_SAMPLE
BC_008_R06.png,BC,BC_008,6,BAR,BAR,BAR,CONFORMING_AUTO_UNAUDITED,AUTO_MATCH_PENDING_QC_SAMPLE
BC_008_R07.png,BC,BC_008,7,BAR,BAR,BAR,CONFORMING_AUTO_UNAUDITED,AUTO_MATCH_PENDING_QC_SAMPLE
BC_008_R08.png,BC,BC_008,8,BAR,BAR,BAR,CONFORMING_AUTO_UNAUDITED,AUTO_MATCH_PENDING_QC_SAMPLE
BC_008_R09.png,BC,BC_008,9,BAR,BAR,BAR,CONFORMING_AUTO_UNAUDITED,AUTO_MATCH_PENDING_QC_SAMPLE
BC_008_R10.png,BC,BC_008,10,BAR,BAR,BAR,CONFORMING_AUTO_UNAUDITED,AUTO_MATCH_PENDING_QC_SAMPLE
BC_009_R01.png,BC,BC_009,1,BAR,BAR,BAR,CONFORMING_AUTO_UNAUDITED,AUTO_MATCH_PENDING_QC_SAMPLE
BC_009_R02.png,BC,BC_009,2,BAR,BAR,BAR,CONFORMING_AUTO_UNAUDITED,AUTO_MATCH_PENDING_QC_SAMPLE
BC_009_R03.png,BC,BC_009,3,BAR,BAR,BAR,CONFORMING_AUTO_UNAUDITED,AUTO_MATCH_PENDING_QC_SAMPLE
BC_009_R04.png,BC,BC_009,4,BAR,BAR,BAR,CONFORMING_AUTO_UNAUDITED,AUTO_MATCH_PENDING_QC_SAMPLE
BC_009_R05.png,BC,BC_009,5,BAR,BAR,BAR,CONFORMING_AUTO_UNAUDITED,AUTO_MATCH_PENDING_QC_SAMPLE
BC_009_R06.png,BC,BC_009,6,BAR,BAR,BAR,CONFORMING_AUTO_UNAUDITED,AUTO_MATCH_PENDING_QC_SAMPLE
BC_009_R07.png,BC,BC_009,7,BAR,BAR,BAR,CONFORMING_AUTO_UNAUDITED,AUTO_MATCH_PENDING_QC_SAMPLE
BC_009_R08.png,BC,BC_009,8,BAR,BAR,BAR,CONFORMING_AUTO_UNAUDITED,AUTO_MATCH_PENDING_QC_SAMPLE
BC_009_R09.png,BC,BC_009,9,BAR,BAR,BAR,CONFORMING_AUTO_UNAUDITED,AUTO_MATCH_PENDING_QC_SAMPLE
BC_009_R10.png,BC,BC_009,10,BAR,BAR,BAR,CONFORMING_AUTO_UNAUDITED,AUTO_MATCH_PENDING_QC_SAMPLE
BC_010_R01.png,BC,BC_010,1,BAR,BAR,BAR,CONFORMING_AUTO_UNAUDITED,AUTO_MATCH_PENDING_QC_SAMPLE
BC_010_R02.png,BC,BC_010,2,BAR,BAR,BAR,CONFORMING_AUTO_UNAUDITED,AUTO_MATCH_PENDING_QC_SAMPLE
BC_010_R03.png,BC,BC_010,3,BAR,BAR,BAR,CONFORMING_AUTO_UNAUDITED,AUTO_MATCH_PENDING_QC_SAMPLE
BC_010_R04.png,BC,BC_010,4,BAR,BAR,BAR,CONFORMING_AUTO_UNAUDITED,AUTO_MATCH_PENDING_QC_SAMPLE
BC_010_R05.png,BC,BC_010,5,BAR,BAR,BAR,CONFORMING_AUTO_UNAUDITED,AUTO_MATCH_PENDING_QC_SAMPLE
BC_010_R06.png,BC,BC_010,6,BAR,BAR,BAR,CONFORMING_AUTO_UNAUDITED,AUTO_MATCH_PENDING_QC_SAMPLE
BC_010_R07.png,BC,BC_010,7,BAR,BAR,BAR,CONFORMING_AUTO_UNAUDITED,AUTO_MATCH_PENDING_QC_SAMPLE
BC_010_R08.png,BC,BC_010,8,BAR,BAR,BAR,CONFORMING_AUTO_UNAUDITED,AUTO_MATCH_PENDING_QC_SAMPLE
BC_010_R09.png,BC,BC_010,9,BAR,BAR,BAR,CONFORMING_AUTO_UNAUDITED,AUTO_MATCH_PENDING_QC_SAMPLE
BC_010_R10.png,BC,BC_010,10,BAR,BAR,BAR,CONFORMING_AUTO_UNAUDITED,AUTO_MATCH_PENDING_QC_SAMPLE
BC_011_R01.png,BC,BC_011,1,BAR,BAR,BAR,CONFORMING_AUTO_UNAUDITED,AUTO_MATCH_PENDING_QC_SAMPLE
BC_011_R02.png,BC,BC_011,2,BAR,BAR,BAR,CONFORMING_AUTO_UNAUDITED,AUTO_MATCH_PENDING_QC_SAMPLE
BC_011_R03.png,BC,BC_011,3,BAR,BAR,BAR,CONFORMING_AUTO_UNAUDITED,AUTO_MATCH_PENDING_QC_SAMPLE
BC_011_R04.png,BC,BC_011,4,BAR,BAR,BAR,CONFORMING_AUTO_UNAUDITED,AUTO_MATCH_PENDING_QC_SAMPLE
BC_011_R05.png,BC,BC_011,5,BAR,BAR,BAR,CONFORMING_AUTO_UNAUDITED,AUTO_MATCH_PENDING_QC_SAMPLE
BC_011_R06.png,BC,BC_011,6,BAR,BAR,BAR,CONFORMING_AUTO_UNAUDITED,AUTO_MATCH_PENDING_QC_SAMPLE
BC_011_R07.png,BC,BC_011,7,BAR,BAR,BAR,CONFORMING_AUTO_UNAUDITED,AUTO_MATCH_PENDING_QC_SAMPLE
BC_011_R08.png,BC,BC_011,8,BAR,BAR,BAR,CONFORMING_AUTO_UNAUDITED,AUTO_MATCH_PENDING_QC_SAMPLE
BC_011_R09.png,BC,BC_011,9,BAR,BAR,BAR,CONFORMING_AUTO_UNAUDITED,AUTO_MATCH_PENDING_QC_SAMPLE
BC_011_R10.png,BC,BC_011,10,BAR,BAR,BAR,CONFORMING_AUTO_UNAUDITED,AUTO_MATCH_PENDING_QC_SAMPLE
BC_012_R01.png,BC,BC_012,1,BAR,BAR,BAR,CONFORMING_AUTO_UNAUDITED,AUTO_MATCH_PENDING_QC_SAMPLE
BC_012_R02.png,BC,BC_012,2,BAR,BAR,BAR,CONFORMING_AUTO_UNAUDITED,AUTO_MATCH_PENDING_QC_SAMPLE
BC_012_R03.png,BC,BC_012,3,BAR,BAR,BAR,CONFORMING_AUTO_UNAUDITED,AUTO_MATCH_PENDING_QC_SAMPLE
BC_012_R04.png,BC,BC_012,4,BAR,BAR,BAR,CONFORMING_AUTO_UNAUDITED,AUTO_MATCH_PENDING_QC_SAMPLE
BC_012_R05.png,BC,BC_012,5,BAR,BAR,BAR,CONFORMING_AUTO_UNAUDITED,AUTO_MATCH_PENDING_QC_SAMPLE
BC_012_R06.png,BC,BC_012,6,BAR,BAR,BAR,CONFORMING_AUTO_UNAUDITED,AUTO_MATCH_PENDING_QC_SAMPLE
BC_012_R07.png,BC,BC_012,7,BAR,BAR,BAR,CONFORMING_AUTO_UNAUDITED,AUTO_MATCH_PENDING_QC_SAMPLE
BC_012_R08.png,BC,BC_012,8,BAR,BAR,BAR,CONFORMING_AUTO_UNAUDITED,AUTO_MATCH_PENDING_QC_SAMPLE
BC_012_R09.png,BC,BC_012,9,BAR,BAR,BAR,CONFORMING_AUTO_UNAUDITED,AUTO_MATCH_PENDING_QC_SAMPLE
BC_012_R10.png,BC,BC_012,10,BAR,BAR,BAR,CONFORMING_AUTO_UNAUDITED,AUTO_MATCH_PENDING_QC_SAMPLE
BC_013_R01.png,BC,BC_013,1,BAR,BAR,BAR,CONFORMING_AUTO_UNAUDITED,AUTO_MATCH_PENDING_QC_SAMPLE
BC_013_R02.png,BC,BC_013,2,BAR,BAR,BAR,CONFORMING_AUTO_UNAUDITED,AUTO_MATCH_PENDING_QC_SAMPLE
BC_013_R03.png,BC,BC_013,3,BAR,BAR,BAR,CONFORMING_AUTO_UNAUDITED,AUTO_MATCH_PENDING_QC_SAMPLE
BC_013_R04.png,BC,BC_013,4,BAR,BAR,BAR,CONFORMING_AUTO_UNAUDITED,AUTO_MATCH_PENDING_QC_SAMPLE
BC_013_R05.png,BC,BC_013,5,BAR,BAR,BAR,CONFORMING_AUTO_UNAUDITED,AUTO_MATCH_PENDING_QC_SAMPLE
BC_013_R06.png,BC,BC_013,6,BAR,BAR,BAR,CONFORMING_AUTO_UNAUDITED,AUTO_MATCH_PENDING_QC_SAMPLE
BC_013_R07.png,BC,BC_013,7,BAR,BAR,BAR,CONFORMING_AUTO_UNAUDITED,AUTO_MATCH_PENDING_QC_SAMPLE
BC_013_R08.png,BC,BC_013,8,BAR,BAR,BAR,CONFORMING_AUTO_UNAUDITED,AUTO_MATCH_PENDING_QC_SAMPLE
BC_013_R09.png,BC,BC_013,9,BAR,BAR,BAR,CONFORMING_AUTO_UNAUDITED,AUTO_MATCH_PENDING_QC_SAMPLE
BC_013_R10.png,BC,BC_013,10,BAR,BAR,BAR,CONFORMING_AUTO_UNAUDITED,AUTO_MATCH_PENDING_QC_SAMPLE
BC_014_R01.png,BC,BC_014,1,BAR,BAR,BAR,CONFORMING_AUTO_UNAUDITED,AUTO_MATCH_PENDING_QC_SAMPLE
BC_014_R02.png,BC,BC_014,2,BAR,BAR,BAR,CONFORMING_AUTO_UNAUDITED,AUTO_MATCH_PENDING_QC_SAMPLE
BC_014_R03.png,BC,BC_014,3,BAR,BAR,BAR,CONFORMING_AUTO_UNAUDITED,AUTO_MATCH_PENDING_QC_SAMPLE
BC_014_R04.png,BC,BC_014,4,BAR,BAR,BAR,CONFORMING_AUTO_UNAUDITED,AUTO_MATCH_PENDING_QC_SAMPLE
BC_014_R05.png,BC,BC_014,5,BAR,BAR,BAR,CONFORMING_AUTO_UNAUDITED,AUTO_MATCH_PENDING_QC_SAMPLE
BC_014_R06.png,BC,BC_014,6,BAR,BAR,BAR,CONFORMING_AUTO_UNAUDITED,AUTO_MATCH_PENDING_QC_SAMPLE
BC_014_R07.png,BC,BC_014,7,BAR,OTHER,OTHER,NONCONFORMING,MANUAL_AUDIT_AUTO_DISCREPANCY
BC_014_R08.png,BC,BC_014,8,BAR,BAR,BAR,CONFORMING_AUTO_UNAUDITED,AUTO_MATCH_PENDING_QC_SAMPLE
BC_014_R09.png,BC,BC_014,9,BAR,BAR,BAR,CONFORMING_AUTO_UNAUDITED,AUTO_MATCH_PENDING_QC_SAMPLE
BC_014_R10.png,BC,BC_014,10,BAR,BAR,BAR,CONFORMING_AUTO_UNAUDITED,AUTO_MATCH_PENDING_QC_SAMPLE
BC_015_R01.png,BC,BC_015,1,BAR,BAR,BAR,CONFORMING_AUTO_UNAUDITED,AUTO_MATCH_PENDING_QC_SAMPLE
BC_015_R02.png,BC,BC_015,2,BAR,BAR,BAR,CONFORMING_AUTO_UNAUDITED,AUTO_MATCH_PENDING_QC_SAMPLE
BC_015_R03.png,BC,BC_015,3,BAR,BAR,BAR,CONFORMING_AUTO_UNAUDITED,AUTO_MATCH_PENDING_QC_SAMPLE
BC_015_R04.png,BC,BC_015,4,BAR,BAR,BAR,CONFORMING_AUTO_UNAUDITED,AUTO_MATCH_PENDING_QC_SAMPLE
BC_015_R05.png,BC,BC_015,5,BAR,BAR,BAR,CONFORMING_AUTO_UNAUDITED,AUTO_MATCH_PENDING_QC_SAMPLE
BC_015_R06.png,BC,BC_015,6,BAR,BAR,BAR,CONFORMING_AUTO_UNAUDITED,AUTO_MATCH_PENDING_QC_SAMPLE
BC_015_R07.png,BC,BC_015,7,BAR,BAR,BAR,CONFORMING_AUTO_UNAUDITED,AUTO_MATCH_PENDING_QC_SAMPLE
BC_015_R08.png,BC,BC_015,8,BAR,BAR,BAR,CONFORMING_AUTO_UNAUDITED,AUTO_MATCH_PENDING_QC_SAMPLE
BC_015_R09.png,BC,BC_015,9,BAR,BAR,BAR,CONFORMING_AUTO_UNAUDITED,AUTO_MATCH_PENDING_QC_SAMPLE
BC_015_R10.png,BC,BC_015,10,BAR,BAR,BAR,CONFORMING_AUTO_UNAUDITED,AUTO_MATCH_PENDING_QC_SAMPLE
BC_016_R01.png,BC,BC_016,1,BAR,BAR,BAR,CONFORMING_AUTO_UNAUDITED,AUTO_MATCH_PENDING_QC_SAMPLE
BC_016_R02.png,BC,BC_016,2,BAR,BAR,BAR,CONFORMING_AUTO_UNAUDITED,AUTO_MATCH_PENDING_QC_SAMPLE
BC_016_R03.png,BC,BC_016,3,BAR,BAR,BAR,CONFORMING_AUTO_UNAUDITED,AUTO_MATCH_PENDING_QC_SAMPLE
BC_016_R04.png,BC,BC_016,4,BAR,BAR,BAR,CONFORMING_AUTO_UNAUDITED,AUTO_MATCH_PENDING_QC_SAMPLE
BC_016_R05.png,BC,BC_016,5,BAR,BAR,BAR,CONFORMING_AUTO_UNAUDITED,AUTO_MATCH_PENDING_QC_SAMPLE
BC_016_R06.png,BC,BC_016,6,BAR,BAR,BAR,CONFORMING_AUTO_UNAUDITED,AUTO_MATCH_PENDING_QC_SAMPLE
BC_016_R07.png,BC,BC_016,7,BAR,BAR,BAR,CONFORMING_AUTO_UNAUDITED,AUTO_MATCH_PENDING_QC_SAMPLE
BC_016_R08.png,BC,BC_016,8,BAR,BAR,BAR,CONFORMING_AUTO_UNAUDITED,AUTO_MATCH_PENDING_QC_SAMPLE
BC_016_R09.png,BC,BC_016,9,BAR,BAR,BAR,CONFORMING_AUTO_UNAUDITED,AUTO_MATCH_PENDING_QC_SAMPLE
BC_016_R10.png,BC,BC_016,10,BAR,BAR,BAR,CONFORMING_AUTO_UNAUDITED,AUTO_MATCH_PENDING_QC_SAMPLE
BC_017_R01.png,BC,BC_017,1,BAR,BAR,BAR,CONFORMING_AUTO_UNAUDITED,AUTO_MATCH_PENDING_QC_SAMPLE
BC_017_R02.png,BC,BC_017,2,BAR,BAR,BAR,CONFORMING_AUTO_UNAUDITED,AUTO_MATCH_PENDING_QC_SAMPLE
BC_017_R03.png,BC,BC_017,3,BAR,BAR,BAR,CONFORMING_AUTO_UNAUDITED,AUTO_MATCH_PENDING_QC_SAMPLE
BC_017_R04.png,BC,BC_017,4,BAR,BAR,BAR,CONFORMING_AUTO_UNAUDITED,AUTO_MATCH_PENDING_QC_SAMPLE
BC_017_R05.png,BC,BC_017,5,BAR,BAR,BAR,CONFORMING_AUTO_UNAUDITED,AUTO_MATCH_PENDING_QC_SAMPLE
BC_017_R06.png,BC,BC_017,6,BAR,BAR,BAR,CONFORMING_AUTO_UNAUDITED,AUTO_MATCH_PENDING_QC_SAMPLE
BC_017_R07.png,BC,BC_017,7,BAR,BAR,BAR,CONFORMING_AUTO_UNAUDITED,AUTO_MATCH_PENDING_QC_SAMPLE
BC_017_R08.png,BC,BC_017,8,BAR,BAR,BAR,CONFORMING_AUTO_UNAUDITED,AUTO_MATCH_PENDING_QC_SAMPLE
BC_017_R09.png,BC,BC_017,9,BAR,BAR,BAR,CONFORMING_AUTO_UNAUDITED,AUTO_MATCH_PENDING_QC_SAMPLE
BC_017_R10.png,BC,BC_017,10,BAR,BAR,BAR,CONFORMING_AUTO_UNAUDITED,AUTO_MATCH_PENDING_QC_SAMPLE
BC_018_R01.png,BC,BC_018,1,BAR,BAR,BAR,CONFORMING_AUTO_UNAUDITED,AUTO_MATCH_PENDING_QC_SAMPLE
BC_018_R02.png,BC,BC_018,2,BAR,BAR,BAR,CONFORMING_AUTO_UNAUDITED,AUTO_MATCH_PENDING_QC_SAMPLE
BC_018_R03.png,BC,BC_018,3,BAR,BAR,BAR,CONFORMING_AUTO_UNAUDITED,AUTO_MATCH_PENDING_QC_SAMPLE
BC_018_R04.png,BC,BC_018,4,BAR,BAR,BAR,CONFORMING_AUTO_UNAUDITED,AUTO_MATCH_PENDING_QC_SAMPLE
BC_018_R05.png,BC,BC_018,5,BAR,BAR,BAR,CONFORMING_AUTO_UNAUDITED,AUTO_MATCH_PENDING_QC_SAMPLE
BC_018_R06.png,BC,BC_018,6,BAR,BAR,BAR,CONFORMING_AUTO_UNAUDITED,AUTO_MATCH_PENDING_QC_SAMPLE
BC_018_R07.png,BC,BC_018,7,BAR,BAR,BAR,CONFORMING_AUTO_UNAUDITED,AUTO_MATCH_PENDING_QC_SAMPLE
BC_018_R08.png,BC,BC_018,8,BAR,BAR,BAR,CONFORMING_AUTO_UNAUDITED,AUTO_MATCH_PENDING_QC_SAMPLE
BC_018_R09.png,BC,BC_018,9,BAR,BAR,BAR,CONFORMING_AUTO_UNAUDITED,AUTO_MATCH_PENDING_QC_SAMPLE
BC_018_R10.png,BC,BC_018,10,BAR,BAR,BAR,CONFORMING_AUTO_UNAUDITED,AUTO_MATCH_PENDING_QC_SAMPLE
BC_019_R01.png,BC,BC_019,1,BAR,BAR,BAR,CONFORMING_AUTO_UNAUDITED,AUTO_MATCH_PENDING_QC_SAMPLE
BC_019_R02.png,BC,BC_019,2,BAR,BAR,BAR,CONFORMING_AUTO_UNAUDITED,AUTO_MATCH_PENDING_QC_SAMPLE
BC_019_R03.png,BC,BC_019,3,BAR,BAR,BAR,CONFORMING_AUTO_UNAUDITED,AUTO_MATCH_PENDING_QC_SAMPLE
BC_019_R04.png,BC,BC_019,4,BAR,BAR,BAR,CONFORMING_AUTO_UNAUDITED,AUTO_MATCH_PENDING_QC_SAMPLE
BC_019_R05.png,BC,BC_019,5,BAR,BAR,BAR,CONFORMING_AUTO_UNAUDITED,AUTO_MATCH_PENDING_QC_SAMPLE
BC_019_R06.png,BC,BC_019,6,BAR,BAR,BAR,CONFORMING_AUTO_UNAUDITED,AUTO_MATCH_PENDING_QC_SAMPLE
BC_019_R07.png,BC,BC_019,7,BAR,BAR,BAR,CONFORMING_AUTO_UNAUDITED,AUTO_MATCH_PENDING_QC_SAMPLE
BC_019_R08.png,BC,BC_019,8,BAR,BAR,BAR,CONFORMING_AUTO_UNAUDITED,AUTO_MATCH_PENDING_QC_SAMPLE
BC_019_R09.png,BC,BC_019,9,BAR,BAR,BAR,CONFORMING_AUTO_UNAUDITED,AUTO_MATCH_PENDING_QC_SAMPLE
BC_019_R10.png,BC,BC_019,10,BAR,BAR,BAR,CONFORMING_AUTO_UNAUDITED,AUTO_MATCH_PENDING_QC_SAMPLE
BC_020_R01.png,BC,BC_020,1,BAR,BAR,BAR,CONFORMING_AUTO_UNAUDITED,AUTO_MATCH_PENDING_QC_SAMPLE
BC_020_R02.png,BC,BC_020,2,BAR,BAR,BAR,CONFORMING_AUTO_UNAUDITED,AUTO_MATCH_PENDING_QC_SAMPLE
BC_020_R03.png,BC,BC_020,3,BAR,BAR,BAR,CONFORMING_AUTO_UNAUDITED,AUTO_MATCH_PENDING_QC_SAMPLE
BC_020_R04.png,BC,BC_020,4,BAR,BAR,BAR,CONFORMING_AUTO_UNAUDITED,AUTO_MATCH_PENDING_QC_SAMPLE
BC_020_R05.png,BC,BC_020,5,BAR,BAR,BAR,CONFORMING_AUTO_UNAUDITED,AUTO_MATCH_PENDING_QC_SAMPLE
BC_020_R06.png,BC,BC_020,6,BAR,BAR,BAR,CONFORMING_AUTO_UNAUDITED,AUTO_MATCH_PENDING_QC_SAMPLE
BC_020_R07.png,BC,BC_020,7,BAR,BAR,BAR,CONFORMING_AUTO_UNAUDITED,AUTO_MATCH_PENDING_QC_SAMPLE
BC_020_R08.png,BC,BC_020,8,BAR,BAR,BAR,CONFORMING_AUTO_UNAUDITED,AUTO_MATCH_PENDING_QC_SAMPLE
BC_020_R09.png,BC,BC_020,9,BAR,BAR,BAR,CONFORMING_AUTO_UNAUDITED,AUTO_MATCH_PENDING_QC_SAMPLE
BC_020_R10.png,BC,BC_020,10,BAR,BAR,BAR,CONFORMING_AUTO_UNAUDITED,AUTO_MATCH_PENDING_QC_SAMPLE
BC_021_R01.png,BC,BC_021,1,BAR,BAR,BAR,CONFORMING_AUTO_UNAUDITED,AUTO_MATCH_PENDING_QC_SAMPLE
BC_021_R02.png,BC,BC_021,2,BAR,BAR,BAR,CONFORMING_AUTO_UNAUDITED,AUTO_MATCH_PENDING_QC_SAMPLE
BC_021_R03.png,BC,BC_021,3,BAR,BAR,BAR,CONFORMING_AUTO_UNAUDITED,AUTO_MATCH_PENDING_QC_SAMPLE
BC_021_R04.png,BC,BC_021,4,BAR,BAR,BAR,CONFORMING_AUTO_UNAUDITED,AUTO_MATCH_PENDING_QC_SAMPLE
BC_021_R05.png,BC,BC_021,5,BAR,BAR,BAR,CONFORMING_AUTO_UNAUDITED,AUTO_MATCH_PENDING_QC_SAMPLE
BC_021_R06.png,BC,BC_021,6,BAR,BAR,BAR,CONFORMING_AUTO_UNAUDITED,AUTO_MATCH_PENDING_QC_SAMPLE
BC_021_R07.png,BC,BC_021,7,BAR,BAR,BAR,CONFORMING_AUTO_UNAUDITED,AUTO_MATCH_PENDING_QC_SAMPLE
BC_021_R08.png,BC,BC_021,8,BAR,BAR,BAR,CONFORMING_AUTO_UNAUDITED,AUTO_MATCH_PENDING_QC_SAMPLE
BC_021_R09.png,BC,BC_021,9,BAR,BAR,BAR,CONFORMING_AUTO_UNAUDITED,AUTO_MATCH_PENDING_QC_SAMPLE
BC_021_R10.png,BC,BC_021,10,BAR,BAR,BAR,CONFORMING_AUTO_UNAUDITED,AUTO_MATCH_PENDING_QC_SAMPLE
BC_022_R01.png,BC,BC_022,1,BAR,SCATTER,BAR,CONFORMING,MANUAL_AUDIT_AUTO_DISCREPANCY
BC_022_R02.png,BC,BC_022,2,BAR,BAR,BAR,CONFORMING_AUTO_UNAUDITED,AUTO_MATCH_PENDING_QC_SAMPLE
BC_022_R03.png,BC,BC_022,3,BAR,BAR,BAR,CONFORMING_AUTO_UNAUDITED,AUTO_MATCH_PENDING_QC_SAMPLE
BC_022_R04.png,BC,BC_022,4,BAR,BAR,BAR,CONFORMING_AUTO_UNAUDITED,AUTO_MATCH_PENDING_QC_SAMPLE
BC_022_R05.png,BC,BC_022,5,BAR,BAR,BAR,CONFORMING_AUTO_UNAUDITED,AUTO_MATCH_PENDING_QC_SAMPLE
BC_022_R06.png,BC,BC_022,6,BAR,BAR,BAR,CONFORMING_AUTO_UNAUDITED,AUTO_MATCH_PENDING_QC_SAMPLE
BC_022_R07.png,BC,BC_022,7,BAR,BAR,BAR,CONFORMING_AUTO_UNAUDITED,AUTO_MATCH_PENDING_QC_SAMPLE
BC_022_R08.png,BC,BC_022,8,BAR,BAR,BAR,CONFORMING_AUTO_UNAUDITED,AUTO_MATCH_PENDING_QC_SAMPLE
BC_022_R09.png,BC,BC_022,9,BAR,BAR,BAR,CONFORMING_AUTO_UNAUDITED,AUTO_MATCH_PENDING_QC_SAMPLE
BC_022_R10.png,BC,BC_022,10,BAR,BAR,BAR,CONFORMING_AUTO_UNAUDITED,AUTO_MATCH_PENDING_QC_SAMPLE
BC_023_R01.png,BC,BC_023,1,BAR,BAR,BAR,CONFORMING_AUTO_UNAUDITED,AUTO_MATCH_PENDING_QC_SAMPLE
BC_023_R02.png,BC,BC_023,2,BAR,BAR,BAR,CONFORMING_AUTO_UNAUDITED,AUTO_MATCH_PENDING_QC_SAMPLE
BC_023_R03.png,BC,BC_023,3,BAR,BAR,BAR,CONFORMING_AUTO_UNAUDITED,AUTO_MATCH_PENDING_QC_SAMPLE
BC_023_R04.png,BC,BC_023,4,BAR,BAR,BAR,CONFORMING_AUTO_UNAUDITED,AUTO_MATCH_PENDING_QC_SAMPLE
BC_023_R05.png,BC,BC_023,5,BAR,BAR,BAR,CONFORMING_AUTO_UNAUDITED,AUTO_MATCH_PENDING_QC_SAMPLE
BC_023_R06.png,BC,BC_023,6,BAR,BAR,BAR,CONFORMING_AUTO_UNAUDITED,AUTO_MATCH_PENDING_QC_SAMPLE
BC_023_R07.png,BC,BC_023,7,BAR,BAR,BAR,CONFORMING_AUTO_UNAUDITED,AUTO_MATCH_PENDING_QC_SAMPLE
BC_023_R08.png,BC,BC_023,8,BAR,BAR,BAR,CONFORMING_AUTO_UNAUDITED,AUTO_MATCH_PENDING_QC_SAMPLE
BC_023_R09.png,BC,BC_023,9,BAR,BAR,BAR,CONFORMING_AUTO_UNAUDITED,AUTO_MATCH_PENDING_QC_SAMPLE
BC_023_R10.png,BC,BC_023,10,BAR,BAR,BAR,CONFORMING_AUTO_UNAUDITED,AUTO_MATCH_PENDING_QC_SAMPLE
BC_024_R01.png,BC,BC_024,1,BAR,BAR,BAR,CONFORMING_AUTO_UNAUDITED,AUTO_MATCH_PENDING_QC_SAMPLE
BC_024_R02.png,BC,BC_024,2,BAR,BAR,BAR,CONFORMING_AUTO_UNAUDITED,AUTO_MATCH_PENDING_QC_SAMPLE
BC_024_R03.png,BC,BC_024,3,BAR,BAR,BAR,CONFORMING_AUTO_UNAUDITED,AUTO_MATCH_PENDING_QC_SAMPLE
BC_024_R04.png,BC,BC_024,4,BAR,BAR,BAR,CONFORMING_AUTO_UNAUDITED,AUTO_MATCH_PENDING_QC_SAMPLE
BC_024_R05.png,BC,BC_024,5,BAR,BAR,BAR,CONFORMING_AUTO_UNAUDITED,AUTO_MATCH_PENDING_QC_SAMPLE
BC_024_R06.png,BC,BC_024,6,BAR,BAR,BAR,CONFORMING_AUTO_UNAUDITED,AUTO_MATCH_PENDING_QC_SAMPLE
BC_024_R07.png,BC,BC_024,7,BAR,BAR,BAR,CONFORMING_AUTO_UNAUDITED,AUTO_MATCH_PENDING_QC_SAMPLE
BC_024_R08.png,BC,BC_024,8,BAR,BAR,BAR,CONFORMING_AUTO_UNAUDITED,AUTO_MATCH_PENDING_QC_SAMPLE
BC_024_R09.png,BC,BC_024,9,BAR,BAR,BAR,CONFORMING_AUTO_UNAUDITED,AUTO_MATCH_PENDING_QC_SAMPLE
BC_024_R10.png,BC,BC_024,10,BAR,BAR,BAR,CONFORMING_AUTO_UNAUDITED,AUTO_MATCH_PENDING_QC_SAMPLE
BC_025_R01.png,BC,BC_025,1,BAR,BAR,BAR,CONFORMING_AUTO_UNAUDITED,AUTO_MATCH_PENDING_QC_SAMPLE
BC_025_R02.png,BC,BC_025,2,BAR,BAR,BAR,CONFORMING_AUTO_UNAUDITED,AUTO_MATCH_PENDING_QC_SAMPLE
BC_025_R03.png,BC,BC_025,3,BAR,BAR,BAR,CONFORMING_AUTO_UNAUDITED,AUTO_MATCH_PENDING_QC_SAMPLE
BC_025_R04.png,BC,BC_025,4,BAR,BAR,BAR,CONFORMING_AUTO_UNAUDITED,AUTO_MATCH_PENDING_QC_SAMPLE
BC_025_R05.png,BC,BC_025,5,BAR,BAR,BAR,CONFORMING_AUTO_UNAUDITED,AUTO_MATCH_PENDING_QC_SAMPLE
BC_025_R06.png,BC,BC_025,6,BAR,BAR,BAR,CONFORMING_AUTO_UNAUDITED,AUTO_MATCH_PENDING_QC_SAMPLE
BC_025_R07.png,BC,BC_025,7,BAR,BAR,BAR,CONFORMING_AUTO_UNAUDITED,AUTO_MATCH_PENDING_QC_SAMPLE
BC_025_R08.png,BC,BC_025,8,BAR,BAR,BAR,CONFORMING_AUTO_UNAUDITED,AUTO_MATCH_PENDING_QC_SAMPLE
BC_025_R09.png,BC,BC_025,9,BAR,BAR,BAR,CONFORMING_AUTO_UNAUDITED,AUTO_MATCH_PENDING_QC_SAMPLE
BC_025_R10.png,BC,BC_025,10,BAR,BAR,BAR,CONFORMING_AUTO_UNAUDITED,AUTO_MATCH_PENDING_QC_SAMPLE
BC_026_R01.png,BC,BC_026,1,BAR,BAR,BAR,CONFORMING_AUTO_UNAUDITED,AUTO_MATCH_PENDING_QC_SAMPLE
BC_026_R02.png,BC,BC_026,2,BAR,BAR,BAR,CONFORMING_AUTO_UNAUDITED,AUTO_MATCH_PENDING_QC_SAMPLE
BC_026_R03.png,BC,BC_026,3,BAR,BAR,BAR,CONFORMING_AUTO_UNAUDITED,AUTO_MATCH_PENDING_QC_SAMPLE
BC_026_R04.png,BC,BC_026,4,BAR,BAR,BAR,CONFORMING_AUTO_UNAUDITED,AUTO_MATCH_PENDING_QC_SAMPLE
BC_026_R05.png,BC,BC_026,5,BAR,BAR,BAR,CONFORMING_AUTO_UNAUDITED,AUTO_MATCH_PENDING_QC_SAMPLE
BC_026_R06.png,BC,BC_026,6,BAR,BAR,BAR,CONFORMING_AUTO_UNAUDITED,AUTO_MATCH_PENDING_QC_SAMPLE
BC_026_R07.png,BC,BC_026,7,BAR,BAR,BAR,CONFORMING_AUTO_UNAUDITED,AUTO_MATCH_PENDING_QC_SAMPLE
BC_026_R08.png,BC,BC_026,8,BAR,BAR,BAR,CONFORMING_AUTO_UNAUDITED,AUTO_MATCH_PENDING_QC_SAMPLE
BC_026_R09.png,BC,BC_026,9,BAR,BAR,BAR,CONFORMING_AUTO_UNAUDITED,AUTO_MATCH_PENDING_QC_SAMPLE
BC_026_R10.png,BC,BC_026,10,BAR,BAR,BAR,CONFORMING_AUTO_UNAUDITED,AUTO_MATCH_PENDING_QC_SAMPLE
BC_027_R01.png,BC,BC_027,1,BAR,BAR,BAR,CONFORMING_AUTO_UNAUDITED,AUTO_MATCH_PENDING_QC_SAMPLE
BC_027_R02.png,BC,BC_027,2,BAR,SCATTER,BAR,CONFORMING,MANUAL_AUDIT_AUTO_DISCREPANCY
BC_027_R03.png,BC,BC_027,3,BAR,SCATTER,BAR,CONFORMING,MANUAL_AUDIT_AUTO_DISCREPANCY
BC_027_R04.png,BC,BC_027,4,BAR,SCATTER,BAR,CONFORMING,MANUAL_AUDIT_AUTO_DISCREPANCY
BC_027_R05.png,BC,BC_027,5,BAR,OTHER,OTHER,NONCONFORMING,MANUAL_AUDIT_AUTO_DISCREPANCY
BC_027_R06.png,BC,BC_027,6,BAR,OTHER,OTHER,NONCONFORMING,MANUAL_AUDIT_AUTO_DISCREPANCY
BC_027_R07.png,BC,BC_027,7,BAR,BAR,BAR,CONFORMING_AUTO_UNAUDITED,AUTO_MATCH_PENDING_QC_SAMPLE
BC_027_R08.png,BC,BC_027,8,BAR,BAR,BAR,CONFORMING_AUTO_UNAUDITED,AUTO_MATCH_PENDING_QC_SAMPLE
BC_027_R09.png,BC,BC_027,9,BAR,BAR,BAR,CONFORMING_AUTO_UNAUDITED,AUTO_MATCH_PENDING_QC_SAMPLE
BC_027_R10.png,BC,BC_027,10,BAR,BAR,BAR,CONFORMING_AUTO_UNAUDITED,AUTO_MATCH_PENDING_QC_SAMPLE
BC_028_R01.png,BC,BC_028,1,BAR,BAR,BAR,CONFORMING_AUTO_UNAUDITED,AUTO_MATCH_PENDING_QC_SAMPLE
BC_028_R02.png,BC,BC_028,2,BAR,BAR,BAR,CONFORMING_AUTO_UNAUDITED,AUTO_MATCH_PENDING_QC_SAMPLE
BC_028_R03.png,BC,BC_028,3,BAR,BAR,BAR,CONFORMING_AUTO_UNAUDITED,AUTO_MATCH_PENDING_QC_SAMPLE
BC_028_R04.png,BC,BC_028,4,BAR,BAR,BAR,CONFORMING_AUTO_UNAUDITED,AUTO_MATCH_PENDING_QC_SAMPLE
BC_028_R05.png,BC,BC_028,5,BAR,BAR,BAR,CONFORMING_AUTO_UNAUDITED,AUTO_MATCH_PENDING_QC_SAMPLE
BC_028_R06.png,BC,BC_028,6,BAR,BAR,BAR,CONFORMING_AUTO_UNAUDITED,AUTO_MATCH_PENDING_QC_SAMPLE
BC_028_R07.png,BC,BC_028,7,BAR,BAR,BAR,CONFORMING_AUTO_UNAUDITED,AUTO_MATCH_PENDING_QC_SAMPLE
BC_028_R08.png,BC,BC_028,8,BAR,BAR,BAR,CONFORMING_AUTO_UNAUDITED,AUTO_MATCH_PENDING_QC_SAMPLE
BC_028_R09.png,BC,BC_028,9,BAR,BAR,BAR,CONFORMING_AUTO_UNAUDITED,AUTO_MATCH_PENDING_QC_SAMPLE
BC_028_R10.png,BC,BC_028,10,BAR,BAR,BAR,CONFORMING_AUTO_UNAUDITED,AUTO_MATCH_PENDING_QC_SAMPLE
BC_029_R01.png,BC,BC_029,1,BAR,BAR,BAR,CONFORMING_AUTO_UNAUDITED,AUTO_MATCH_PENDING_QC_SAMPLE
BC_029_R02.png,BC,BC_029,2,BAR,BAR,BAR,CONFORMING_AUTO_UNAUDITED,AUTO_MATCH_PENDING_QC_SAMPLE
BC_029_R03.png,BC,BC_029,3,BAR,BAR,BAR,CONFORMING_AUTO_UNAUDITED,AUTO_MATCH_PENDING_QC_SAMPLE
BC_029_R04.png,BC,BC_029,4,BAR,BAR,BAR,CONFORMING_AUTO_UNAUDITED,AUTO_MATCH_PENDING_QC_SAMPLE
BC_029_R05.png,BC,BC_029,5,BAR,BAR,BAR,CONFORMING_AUTO_UNAUDITED,AUTO_MATCH_PENDING_QC_SAMPLE
BC_029_R06.png,BC,BC_029,6,BAR,BAR,BAR,CONFORMING_AUTO_UNAUDITED,AUTO_MATCH_PENDING_QC_SAMPLE
BC_029_R07.png,BC,BC_029,7,BAR,BAR,BAR,CONFORMING_AUTO_UNAUDITED,AUTO_MATCH_PENDING_QC_SAMPLE
BC_029_R08.png,BC,BC_029,8,BAR,BAR,BAR,CONFORMING_AUTO_UNAUDITED,AUTO_MATCH_PENDING_QC_SAMPLE
BC_029_R09.png,BC,BC_029,9,BAR,BAR,BAR,CONFORMING_AUTO_UNAUDITED,AUTO_MATCH_PENDING_QC_SAMPLE
BC_029_R10.png,BC,BC_029,10,BAR,BAR,BAR,CONFORMING_AUTO_UNAUDITED,AUTO_MATCH_PENDING_QC_SAMPLE
BC_030_R01.png,BC,BC_030,1,BAR,BAR,BAR,CONFORMING_AUTO_UNAUDITED,AUTO_MATCH_PENDING_QC_SAMPLE
BC_030_R02.png,BC,BC_030,2,BAR,BAR,BAR,CONFORMING_AUTO_UNAUDITED,AUTO_MATCH_PENDING_QC_SAMPLE
BC_030_R03.png,BC,BC_030,3,BAR,BAR,BAR,CONFORMING_AUTO_UNAUDITED,AUTO_MATCH_PENDING_QC_SAMPLE
BC_030_R04.png,BC,BC_030,4,BAR,BAR,BAR,CONFORMING_AUTO_UNAUDITED,AUTO_MATCH_PENDING_QC_SAMPLE
BC_030_R05.png,BC,BC_030,5,BAR,BAR,BAR,CONFORMING_AUTO_UNAUDITED,AUTO_MATCH_PENDING_QC_SAMPLE
BC_030_R06.png,BC,BC_030,6,BAR,BAR,BAR,CONFORMING_AUTO_UNAUDITED,AUTO_MATCH_PENDING_QC_SAMPLE
BC_030_R07.png,BC,BC_030,7,BAR,BAR,BAR,CONFORMING_AUTO_UNAUDITED,AUTO_MATCH_PENDING_QC_SAMPLE
BC_030_R08.png,BC,BC_030,8,BAR,BAR,BAR,CONFORMING_AUTO_UNAUDITED,AUTO_MATCH_PENDING_QC_SAMPLE
BC_030_R09.png,BC,BC_030,9,BAR,BAR,BAR,CONFORMING_AUTO_UNAUDITED,AUTO_MATCH_PENDING_QC_SAMPLE
BC_030_R10.png,BC,BC_030,10,BAR,BAR,BAR,CONFORMING_AUTO_UNAUDITED,AUTO_MATCH_PENDING_QC_SAMPLE
BC_031_R01.png,BC,BC_031,1,BAR,BAR,BAR,CONFORMING_AUTO_UNAUDITED,AUTO_MATCH_PENDING_QC_SAMPLE
BC_031_R02.png,BC,BC_031,2,BAR,BAR,BAR,CONFORMING_AUTO_UNAUDITED,AUTO_MATCH_PENDING_QC_SAMPLE
BC_031_R03.png,BC,BC_031,3,BAR,BAR,BAR,CONFORMING_AUTO_UNAUDITED,AUTO_MATCH_PENDING_QC_SAMPLE
BC_031_R04.png,BC,BC_031,4,BAR,BAR,BAR,CONFORMING_AUTO_UNAUDITED,AUTO_MATCH_PENDING_QC_SAMPLE
BC_031_R05.png,BC,BC_031,5,BAR,BAR,BAR,CONFORMING_AUTO_UNAUDITED,AUTO_MATCH_PENDING_QC_SAMPLE
BC_031_R06.png,BC,BC_031,6,BAR,BAR,BAR,CONFORMING_AUTO_UNAUDITED,AUTO_MATCH_PENDING_QC_SAMPLE
BC_031_R07.png,BC,BC_031,7,BAR,BAR,BAR,CONFORMING_AUTO_UNAUDITED,AUTO_MATCH_PENDING_QC_SAMPLE
BC_031_R08.png,BC,BC_031,8,BAR,BAR,BAR,CONFORMING_AUTO_UNAUDITED,AUTO_MATCH_PENDING_QC_SAMPLE
BC_031_R09.png,BC,BC_031,9,BAR,BAR,BAR,CONFORMING_AUTO_UNAUDITED,AUTO_MATCH_PENDING_QC_SAMPLE
BC_031_R10.png,BC,BC_031,10,BAR,BAR,BAR,CONFORMING_AUTO_UNAUDITED,AUTO_MATCH_PENDING_QC_SAMPLE
BC_032_R01.png,BC,BC_032,1,BAR,BAR,BAR,CONFORMING_AUTO_UNAUDITED,AUTO_MATCH_PENDING_QC_SAMPLE
BC_032_R02.png,BC,BC_032,2,BAR,BAR,BAR,CONFORMING_AUTO_UNAUDITED,AUTO_MATCH_PENDING_QC_SAMPLE
BC_032_R03.png,BC,BC_032,3,BAR,BAR,BAR,CONFORMING_AUTO_UNAUDITED,AUTO_MATCH_PENDING_QC_SAMPLE
BC_032_R04.png,BC,BC_032,4,BAR,BAR,BAR,CONFORMING_AUTO_UNAUDITED,AUTO_MATCH_PENDING_QC_SAMPLE
BC_032_R05.png,BC,BC_032,5,BAR,BAR,BAR,CONFORMING_AUTO_UNAUDITED,AUTO_MATCH_PENDING_QC_SAMPLE
BC_032_R06.png,BC,BC_032,6,BAR,BAR,BAR,CONFORMING_AUTO_UNAUDITED,AUTO_MATCH_PENDING_QC_SAMPLE
BC_032_R07.png,BC,BC_032,7,BAR,BAR,BAR,CONFORMING_AUTO_UNAUDITED,AUTO_MATCH_PENDING_QC_SAMPLE
BC_032_R08.png,BC,BC_032,8,BAR,BAR,BAR,CONFORMING_AUTO_UNAUDITED,AUTO_MATCH_PENDING_QC_SAMPLE
BC_032_R09.png,BC,BC_032,9,BAR,BAR,BAR,CONFORMING_AUTO_UNAUDITED,AUTO_MATCH_PENDING_QC_SAMPLE
BC_032_R10.png,BC,BC_032,10,BAR,BAR,BAR,CONFORMING_AUTO_UNAUDITED,AUTO_MATCH_PENDING_QC_SAMPLE
BC_033_R01.png,BC,BC_033,1,BAR,BAR,BAR,CONFORMING_AUTO_UNAUDITED,AUTO_MATCH_PENDING_QC_SAMPLE
BC_033_R02.png,BC,BC_033,2,BAR,BAR,BAR,CONFORMING_AUTO_UNAUDITED,AUTO_MATCH_PENDING_QC_SAMPLE
BC_033_R03.png,BC,BC_033,3,BAR,BAR,BAR,CONFORMING_AUTO_UNAUDITED,AUTO_MATCH_PENDING_QC_SAMPLE
BC_033_R04.png,BC,BC_033,4,BAR,BAR,BAR,CONFORMING_AUTO_UNAUDITED,AUTO_MATCH_PENDING_QC_SAMPLE
BC_033_R05.png,BC,BC_033,5,BAR,BAR,BAR,CONFORMING_AUTO_UNAUDITED,AUTO_MATCH_PENDING_QC_SAMPLE
BC_033_R06.png,BC,BC_033,6,BAR,BAR,BAR,CONFORMING_AUTO_UNAUDITED,AUTO_MATCH_PENDING_QC_SAMPLE
BC_033_R07.png,BC,BC_033,7,BAR,BAR,BAR,CONFORMING_AUTO_UNAUDITED,AUTO_MATCH_PENDING_QC_SAMPLE
BC_033_R08.png,BC,BC_033,8,BAR,BAR,BAR,CONFORMING_AUTO_UNAUDITED,AUTO_MATCH_PENDING_QC_SAMPLE
BC_033_R09.png,BC,BC_033,9,BAR,BAR,BAR,CONFORMING_AUTO_UNAUDITED,AUTO_MATCH_PENDING_QC_SAMPLE
BC_033_R10.png,BC,BC_033,10,BAR,BAR,BAR,CONFORMING_AUTO_UNAUDITED,AUTO_MATCH_PENDING_QC_SAMPLE
BC_034_R01.png,BC,BC_034,1,BAR,BAR,BAR,CONFORMING_AUTO_UNAUDITED,AUTO_MATCH_PENDING_QC_SAMPLE
BC_034_R02.png,BC,BC_034,2,BAR,SCATTER,OTHER,NONCONFORMING,MANUAL_AUDIT_AUTO_DISCREPANCY
BC_034_R03.png,BC,BC_034,3,BAR,SCATTER,OTHER,NONCONFORMING,MANUAL_AUDIT_AUTO_DISCREPANCY
BC_034_R04.png,BC,BC_034,4,BAR,OTHER,BAR,CONFORMING,MANUAL_AUDIT_AUTO_DISCREPANCY
BC_034_R05.png,BC,BC_034,5,BAR,BAR,BAR,CONFORMING_AUTO_UNAUDITED,AUTO_MATCH_PENDING_QC_SAMPLE
BC_034_R06.png,BC,BC_034,6,BAR,BAR,BAR,CONFORMING_AUTO_UNAUDITED,AUTO_MATCH_PENDING_QC_SAMPLE
BC_034_R07.png,BC,BC_034,7,BAR,BAR,BAR,CONFORMING_AUTO_UNAUDITED,AUTO_MATCH_PENDING_QC_SAMPLE
BC_034_R08.png,BC,BC_034,8,BAR,BAR,BAR,CONFORMING_AUTO_UNAUDITED,AUTO_MATCH_PENDING_QC_SAMPLE
BC_034_R09.png,BC,BC_034,9,BAR,BAR,BAR,CONFORMING_AUTO_UNAUDITED,AUTO_MATCH_PENDING_QC_SAMPLE
BC_034_R10.png,BC,BC_034,10,BAR,BAR,BAR,CONFORMING_AUTO_UNAUDITED,AUTO_MATCH_PENDING_QC_SAMPLE
BC_035_R01.png,BC,BC_035,1,BAR,BAR,BAR,CONFORMING_AUTO_UNAUDITED,AUTO_MATCH_PENDING_QC_SAMPLE
BC_035_R02.png,BC,BC_035,2,BAR,SCATTER,BAR,CONFORMING,MANUAL_AUDIT_AUTO_DISCREPANCY
BC_035_R03.png,BC,BC_035,3,BAR,SCATTER,BAR,CONFORMING,MANUAL_AUDIT_AUTO_DISCREPANCY
BC_035_R04.png,BC,BC_035,4,BAR,SCATTER,BAR,CONFORMING,MANUAL_AUDIT_AUTO_DISCREPANCY
BC_035_R05.png,BC,BC_035,5,BAR,BAR,BAR,CONFORMING_AUTO_UNAUDITED,AUTO_MATCH_PENDING_QC_SAMPLE
BC_035_R06.png,BC,BC_035,6,BAR,BAR,BAR,CONFORMING_AUTO_UNAUDITED,AUTO_MATCH_PENDING_QC_SAMPLE
BC_035_R07.png,BC,BC_035,7,BAR,BAR,BAR,CONFORMING_AUTO_UNAUDITED,AUTO_MATCH_PENDING_QC_SAMPLE
BC_035_R08.png,BC,BC_035,8,BAR,BAR,BAR,CONFORMING_AUTO_UNAUDITED,AUTO_MATCH_PENDING_QC_SAMPLE
BC_035_R09.png,BC,BC_035,9,BAR,BAR,BAR,CONFORMING_AUTO_UNAUDITED,AUTO_MATCH_PENDING_QC_SAMPLE
BC_035_R10.png,BC,BC_035,10,BAR,BAR,BAR,CONFORMING_AUTO_UNAUDITED,AUTO_MATCH_PENDING_QC_SAMPLE
BC_036_R01.png,BC,BC_036,1,BAR,BAR,BAR,CONFORMING_AUTO_UNAUDITED,AUTO_MATCH_PENDING_QC_SAMPLE
BC_036_R02.png,BC,BC_036,2,BAR,BAR,BAR,CONFORMING_AUTO_UNAUDITED,AUTO_MATCH_PENDING_QC_SAMPLE
BC_036_R03.png,BC,BC_036,3,BAR,BAR,BAR,CONFORMING_AUTO_UNAUDITED,AUTO_MATCH_PENDING_QC_SAMPLE
BC_036_R04.png,BC,BC_036,4,BAR,BAR,BAR,CONFORMING_AUTO_UNAUDITED,AUTO_MATCH_PENDING_QC_SAMPLE
BC_036_R05.png,BC,BC_036,5,BAR,BAR,BAR,CONFORMING_AUTO_UNAUDITED,AUTO_MATCH_PENDING_QC_SAMPLE
BC_036_R06.png,BC,BC_036,6,BAR,BAR,BAR,CONFORMING_AUTO_UNAUDITED,AUTO_MATCH_PENDING_QC_SAMPLE
BC_036_R07.png,BC,BC_036,7,BAR,BAR,BAR,CONFORMING_AUTO_UNAUDITED,AUTO_MATCH_PENDING_QC_SAMPLE
BC_036_R08.png,BC,BC_036,8,BAR,BAR,BAR,CONFORMING_AUTO_UNAUDITED,AUTO_MATCH_PENDING_QC_SAMPLE
BC_036_R09.png,BC,BC_036,9,BAR,BAR,BAR,CONFORMING_AUTO_UNAUDITED,AUTO_MATCH_PENDING_QC_SAMPLE
BC_036_R10.png,BC,BC_036,10,BAR,BAR,BAR,CONFORMING_AUTO_UNAUDITED,AUTO_MATCH_PENDING_QC_SAMPLE
BC_037_R01.png,BC,BC_037,1,BAR,BAR,BAR,CONFORMING_AUTO_UNAUDITED,AUTO_MATCH_PENDING_QC_SAMPLE
BC_037_R02.png,BC,BC_037,2,BAR,BAR,BAR,CONFORMING_AUTO_UNAUDITED,AUTO_MATCH_PENDING_QC_SAMPLE
BC_037_R03.png,BC,BC_037,3,BAR,BAR,BAR,CONFORMING_AUTO_UNAUDITED,AUTO_MATCH_PENDING_QC_SAMPLE
BC_037_R04.png,BC,BC_037,4,BAR,BAR,BAR,CONFORMING_AUTO_UNAUDITED,AUTO_MATCH_PENDING_QC_SAMPLE
BC_037_R05.png,BC,BC_037,5,BAR,BAR,BAR,CONFORMING_AUTO_UNAUDITED,AUTO_MATCH_PENDING_QC_SAMPLE
BC_037_R06.png,BC,BC_037,6,BAR,BAR,BAR,CONFORMING_AUTO_UNAUDITED,AUTO_MATCH_PENDING_QC_SAMPLE
BC_037_R07.png,BC,BC_037,7,BAR,BAR,BAR,CONFORMING_AUTO_UNAUDITED,AUTO_MATCH_PENDING_QC_SAMPLE
BC_037_R08.png,BC,BC_037,8,BAR,BAR,BAR,CONFORMING_AUTO_UNAUDITED,AUTO_MATCH_PENDING_QC_SAMPLE
BC_037_R09.png,BC,BC_037,9,BAR,BAR,BAR,CONFORMING_AUTO_UNAUDITED,AUTO_MATCH_PENDING_QC_SAMPLE
BC_037_R10.png,BC,BC_037,10,BAR,BAR,BAR,CONFORMING_AUTO_UNAUDITED,AUTO_MATCH_PENDING_QC_SAMPLE
BC_038_R01.png,BC,BC_038,1,BAR,SCATTER,BAR,CONFORMING,MANUAL_AUDIT_AUTO_DISCREPANCY
BC_038_R02.png,BC,BC_038,2,BAR,BAR,BAR,CONFORMING_AUTO_UNAUDITED,AUTO_MATCH_PENDING_QC_SAMPLE
BC_038_R03.png,BC,BC_038,3,BAR,BAR,BAR,CONFORMING_AUTO_UNAUDITED,AUTO_MATCH_PENDING_QC_SAMPLE
BC_038_R04.png,BC,BC_038,4,BAR,BAR,BAR,CONFORMING_AUTO_UNAUDITED,AUTO_MATCH_PENDING_QC_SAMPLE
BC_038_R05.png,BC,BC_038,5,BAR,BAR,BAR,CONFORMING_AUTO_UNAUDITED,AUTO_MATCH_PENDING_QC_SAMPLE
BC_038_R06.png,BC,BC_038,6,BAR,BAR,BAR,CONFORMING_AUTO_UNAUDITED,AUTO_MATCH_PENDING_QC_SAMPLE
BC_038_R07.png,BC,BC_038,7,BAR,BAR,BAR,CONFORMING_AUTO_UNAUDITED,AUTO_MATCH_PENDING_QC_SAMPLE
BC_038_R08.png,BC,BC_038,8,BAR,BAR,BAR,CONFORMING_AUTO_UNAUDITED,AUTO_MATCH_PENDING_QC_SAMPLE
BC_038_R09.png,BC,BC_038,9,BAR,BAR,BAR,CONFORMING_AUTO_UNAUDITED,AUTO_MATCH_PENDING_QC_SAMPLE
BC_038_R10.png,BC,BC_038,10,BAR,BAR,BAR,CONFORMING_AUTO_UNAUDITED,AUTO_MATCH_PENDING_QC_SAMPLE
BC_039_R01.png,BC,BC_039,1,BAR,BAR,BAR,CONFORMING_AUTO_UNAUDITED,AUTO_MATCH_PENDING_QC_SAMPLE
BC_039_R02.png,BC,BC_039,2,BAR,BAR,BAR,CONFORMING_AUTO_UNAUDITED,AUTO_MATCH_PENDING_QC_SAMPLE
BC_039_R03.png,BC,BC_039,3,BAR,BAR,BAR,CONFORMING_AUTO_UNAUDITED,AUTO_MATCH_PENDING_QC_SAMPLE
BC_039_R04.png,BC,BC_039,4,BAR,BAR,BAR,CONFORMING_AUTO_UNAUDITED,AUTO_MATCH_PENDING_QC_SAMPLE
BC_039_R05.png,BC,BC_039,5,BAR,BAR,BAR,CONFORMING_AUTO_UNAUDITED,AUTO_MATCH_PENDING_QC_SAMPLE
BC_039_R06.png,BC,BC_039,6,BAR,BAR,BAR,CONFORMING_AUTO_UNAUDITED,AUTO_MATCH_PENDING_QC_SAMPLE
BC_039_R07.png,BC,BC_039,7,BAR,BAR,BAR,CONFORMING_AUTO_UNAUDITED,AUTO_MATCH_PENDING_QC_SAMPLE
BC_039_R08.png,BC,BC_039,8,BAR,BAR,BAR,CONFORMING_AUTO_UNAUDITED,AUTO_MATCH_PENDING_QC_SAMPLE
BC_039_R09.png,BC,BC_039,9,BAR,BAR,BAR,CONFORMING_AUTO_UNAUDITED,AUTO_MATCH_PENDING_QC_SAMPLE
BC_039_R10.png,BC,BC_039,10,BAR,BAR,BAR,CONFORMING_AUTO_UNAUDITED,AUTO_MATCH_PENDING_QC_SAMPLE
BC_040_R01.png,BC,BC_040,1,BAR,BAR,BAR,CONFORMING_AUTO_UNAUDITED,AUTO_MATCH_PENDING_QC_SAMPLE
BC_040_R02.png,BC,BC_040,2,BAR,BAR,BAR,CONFORMING_AUTO_UNAUDITED,AUTO_MATCH_PENDING_QC_SAMPLE
BC_040_R03.png,BC,BC_040,3,BAR,BAR,BAR,CONFORMING_AUTO_UNAUDITED,AUTO_MATCH_PENDING_QC_SAMPLE
BC_040_R04.png,BC,BC_040,4,BAR,BAR,BAR,CONFORMING_AUTO_UNAUDITED,AUTO_MATCH_PENDING_QC_SAMPLE
BC_040_R05.png,BC,BC_040,5,BAR,BAR,BAR,CONFORMING_AUTO_UNAUDITED,AUTO_MATCH_PENDING_QC_SAMPLE
BC_040_R06.png,BC,BC_040,6,BAR,BAR,BAR,CONFORMING_AUTO_UNAUDITED,AUTO_MATCH_PENDING_QC_SAMPLE
BC_040_R07.png,BC,BC_040,7,BAR,BAR,BAR,CONFORMING_AUTO_UNAUDITED,AUTO_MATCH_PENDING_QC_SAMPLE
BC_040_R08.png,BC,BC_040,8,BAR,BAR,BAR,CONFORMING_AUTO_UNAUDITED,AUTO_MATCH_PENDING_QC_SAMPLE
BC_040_R09.png,BC,BC_040,9,BAR,BAR,BAR,CONFORMING_AUTO_UNAUDITED,AUTO_MATCH_PENDING_QC_SAMPLE
BC_040_R10.png,BC,BC_040,10,BAR,BAR,BAR,CONFORMING_AUTO_UNAUDITED,AUTO_MATCH_PENDING_QC_SAMPLE
BC_041_R01.png,BC,BC_041,1,BAR,BAR,BAR,CONFORMING_AUTO_UNAUDITED,AUTO_MATCH_PENDING_QC_SAMPLE
BC_041_R02.png,BC,BC_041,2,BAR,BAR,BAR,CONFORMING_AUTO_UNAUDITED,AUTO_MATCH_PENDING_QC_SAMPLE
BC_041_R03.png,BC,BC_041,3,BAR,BAR,BAR,CONFORMING_AUTO_UNAUDITED,AUTO_MATCH_PENDING_QC_SAMPLE
BC_041_R04.png,BC,BC_041,4,BAR,BAR,BAR,CONFORMING_AUTO_UNAUDITED,AUTO_MATCH_PENDING_QC_SAMPLE
BC_041_R05.png,BC,BC_041,5,BAR,BAR,BAR,CONFORMING_AUTO_UNAUDITED,AUTO_MATCH_PENDING_QC_SAMPLE
BC_041_R06.png,BC,BC_041,6,BAR,BAR,BAR,CONFORMING_AUTO_UNAUDITED,AUTO_MATCH_PENDING_QC_SAMPLE
BC_041_R07.png,BC,BC_041,7,BAR,BAR,BAR,CONFORMING_AUTO_UNAUDITED,AUTO_MATCH_PENDING_QC_SAMPLE
BC_041_R08.png,BC,BC_041,8,BAR,BAR,BAR,CONFORMING_AUTO_UNAUDITED,AUTO_MATCH_PENDING_QC_SAMPLE
BC_041_R09.png,BC,BC_041,9,BAR,BAR,BAR,CONFORMING_AUTO_UNAUDITED,AUTO_MATCH_PENDING_QC_SAMPLE
BC_041_R10.png,BC,BC_041,10,BAR,BAR,BAR,CONFORMING_AUTO_UNAUDITED,AUTO_MATCH_PENDING_QC_SAMPLE
BC_042_R01.png,BC,BC_042,1,BAR,BAR,BAR,CONFORMING_AUTO_UNAUDITED,AUTO_MATCH_PENDING_QC_SAMPLE
BC_042_R02.png,BC,BC_042,2,BAR,BAR,BAR,CONFORMING_AUTO_UNAUDITED,AUTO_MATCH_PENDING_QC_SAMPLE
BC_042_R03.png,BC,BC_042,3,BAR,BAR,BAR,CONFORMING_AUTO_UNAUDITED,AUTO_MATCH_PENDING_QC_SAMPLE
BC_042_R04.png,BC,BC_042,4,BAR,BAR,BAR,CONFORMING_AUTO_UNAUDITED,AUTO_MATCH_PENDING_QC_SAMPLE
BC_042_R05.png,BC,BC_042,5,BAR,BAR,BAR,CONFORMING_AUTO_UNAUDITED,AUTO_MATCH_PENDING_QC_SAMPLE
BC_042_R06.png,BC,BC_042,6,BAR,BAR,BAR,CONFORMING_AUTO_UNAUDITED,AUTO_MATCH_PENDING_QC_SAMPLE
BC_042_R07.png,BC,BC_042,7,BAR,BAR,BAR,CONFORMING_AUTO_UNAUDITED,AUTO_MATCH_PENDING_QC_SAMPLE
BC_042_R08.png,BC,BC_042,8,BAR,BAR,BAR,CONFORMING_AUTO_UNAUDITED,AUTO_MATCH_PENDING_QC_SAMPLE
BC_042_R09.png,BC,BC_042,9,BAR,BAR,BAR,CONFORMING_AUTO_UNAUDITED,AUTO_MATCH_PENDING_QC_SAMPLE
BC_042_R10.png,BC,BC_042,10,BAR,BAR,BAR,CONFORMING_AUTO_UNAUDITED,AUTO_MATCH_PENDING_QC_SAMPLE
BC_043_R01.png,BC,BC_043,1,BAR,BAR,BAR,CONFORMING_AUTO_UNAUDITED,AUTO_MATCH_PENDING_QC_SAMPLE
BC_043_R02.png,BC,BC_043,2,BAR,BAR,BAR,CONFORMING_AUTO_UNAUDITED,AUTO_MATCH_PENDING_QC_SAMPLE
BC_043_R03.png,BC,BC_043,3,BAR,BAR,BAR,CONFORMING_AUTO_UNAUDITED,AUTO_MATCH_PENDING_QC_SAMPLE
BC_043_R04.png,BC,BC_043,4,BAR,BAR,BAR,CONFORMING_AUTO_UNAUDITED,AUTO_MATCH_PENDING_QC_SAMPLE
BC_043_R05.png,BC,BC_043,5,BAR,BAR,BAR,CONFORMING_AUTO_UNAUDITED,AUTO_MATCH_PENDING_QC_SAMPLE
BC_043_R06.png,BC,BC_043,6,BAR,BAR,BAR,CONFORMING_AUTO_UNAUDITED,AUTO_MATCH_PENDING_QC_SAMPLE
BC_043_R07.png,BC,BC_043,7,BAR,BAR,BAR,CONFORMING_AUTO_UNAUDITED,AUTO_MATCH_PENDING_QC_SAMPLE
BC_043_R08.png,BC,BC_043,8,BAR,BAR,BAR,CONFORMING_AUTO_UNAUDITED,AUTO_MATCH_PENDING_QC_SAMPLE
BC_043_R09.png,BC,BC_043,9,BAR,BAR,BAR,CONFORMING_AUTO_UNAUDITED,AUTO_MATCH_PENDING_QC_SAMPLE
BC_043_R10.png,BC,BC_043,10,BAR,BAR,BAR,CONFORMING_AUTO_UNAUDITED,AUTO_MATCH_PENDING_QC_SAMPLE
BC_044_R01.png,BC,BC_044,1,BAR,BAR,BAR,CONFORMING_AUTO_UNAUDITED,AUTO_MATCH_PENDING_QC_SAMPLE
BC_044_R02.png,BC,BC_044,2,BAR,SCATTER,UNEVALUABLE,UNEVALUABLE,MANUAL_AUDIT_AUTO_DISCREPANCY
BC_044_R03.png,BC,BC_044,3,BAR,BAR,BAR,CONFORMING_AUTO_UNAUDITED,AUTO_MATCH_PENDING_QC_SAMPLE
BC_044_R04.png,BC,BC_044,4,BAR,BAR,BAR,CONFORMING_AUTO_UNAUDITED,AUTO_MATCH_PENDING_QC_SAMPLE
BC_044_R05.png,BC,BC_044,5,BAR,BAR,BAR,CONFORMING_AUTO_UNAUDITED,AUTO_MATCH_PENDING_QC_SAMPLE
BC_044_R06.png,BC,BC_044,6,BAR,BAR,BAR,CONFORMING_AUTO_UNAUDITED,AUTO_MATCH_PENDING_QC_SAMPLE
BC_044_R07.png,BC,BC_044,7,BAR,BAR,BAR,CONFORMING_AUTO_UNAUDITED,AUTO_MATCH_PENDING_QC_SAMPLE
BC_044_R08.png,BC,BC_044,8,BAR,SCATTER,UNEVALUABLE,UNEVALUABLE,MANUAL_AUDIT_AUTO_DISCREPANCY
BC_044_R09.png,BC,BC_044,9,BAR,BAR,BAR,CONFORMING_AUTO_UNAUDITED,AUTO_MATCH_PENDING_QC_SAMPLE
BC_044_R10.png,BC,BC_044,10,BAR,BAR,BAR,CONFORMING_AUTO_UNAUDITED,AUTO_MATCH_PENDING_QC_SAMPLE
BC_045_R01.png,BC,BC_045,1,BAR,BAR,BAR,CONFORMING_AUTO_UNAUDITED,AUTO_MATCH_PENDING_QC_SAMPLE
BC_045_R02.png,BC,BC_045,2,BAR,BAR,BAR,CONFORMING_AUTO_UNAUDITED,AUTO_MATCH_PENDING_QC_SAMPLE
BC_045_R03.png,BC,BC_045,3,BAR,BAR,BAR,CONFORMING_AUTO_UNAUDITED,AUTO_MATCH_PENDING_QC_SAMPLE
BC_045_R04.png,BC,BC_045,4,BAR,BAR,BAR,CONFORMING_AUTO_UNAUDITED,AUTO_MATCH_PENDING_QC_SAMPLE
BC_045_R05.png,BC,BC_045,5,BAR,BAR,BAR,CONFORMING_AUTO_UNAUDITED,AUTO_MATCH_PENDING_QC_SAMPLE
BC_045_R06.png,BC,BC_045,6,BAR,BAR,BAR,CONFORMING_AUTO_UNAUDITED,AUTO_MATCH_PENDING_QC_SAMPLE
BC_045_R07.png,BC,BC_045,7,BAR,BAR,BAR,CONFORMING_AUTO_UNAUDITED,AUTO_MATCH_PENDING_QC_SAMPLE
BC_045_R08.png,BC,BC_045,8,BAR,BAR,BAR,CONFORMING_AUTO_UNAUDITED,AUTO_MATCH_PENDING_QC_SAMPLE
BC_045_R09.png,BC,BC_045,9,BAR,BAR,BAR,CONFORMING_AUTO_UNAUDITED,AUTO_MATCH_PENDING_QC_SAMPLE
BC_045_R10.png,BC,BC_045,10,BAR,BAR,BAR,CONFORMING_AUTO_UNAUDITED,AUTO_MATCH_PENDING_QC_SAMPLE
BC_046_R01.png,BC,BC_046,1,BAR,BAR,BAR,CONFORMING_AUTO_UNAUDITED,AUTO_MATCH_PENDING_QC_SAMPLE
BC_046_R02.png,BC,BC_046,2,BAR,BAR,BAR,CONFORMING_AUTO_UNAUDITED,AUTO_MATCH_PENDING_QC_SAMPLE
BC_046_R03.png,BC,BC_046,3,BAR,BAR,BAR,CONFORMING_AUTO_UNAUDITED,AUTO_MATCH_PENDING_QC_SAMPLE
BC_046_R04.png,BC,BC_046,4,BAR,BAR,BAR,CONFORMING_AUTO_UNAUDITED,AUTO_MATCH_PENDING_QC_SAMPLE
BC_046_R05.png,BC,BC_046,5,BAR,BAR,BAR,CONFORMING_AUTO_UNAUDITED,AUTO_MATCH_PENDING_QC_SAMPLE
BC_046_R06.png,BC,BC_046,6,BAR,BAR,BAR,CONFORMING_AUTO_UNAUDITED,AUTO_MATCH_PENDING_QC_SAMPLE
BC_046_R07.png,BC,BC_046,7,BAR,BAR,BAR,CONFORMING_AUTO_UNAUDITED,AUTO_MATCH_PENDING_QC_SAMPLE
BC_046_R08.png,BC,BC_046,8,BAR,BAR,BAR,CONFORMING_AUTO_UNAUDITED,AUTO_MATCH_PENDING_QC_SAMPLE
BC_046_R09.png,BC,BC_046,9,BAR,BAR,BAR,CONFORMING_AUTO_UNAUDITED,AUTO_MATCH_PENDING_QC_SAMPLE
BC_046_R10.png,BC,BC_046,10,BAR,BAR,BAR,CONFORMING_AUTO_UNAUDITED,AUTO_MATCH_PENDING_QC_SAMPLE
BC_047_R01.png,BC,BC_047,1,BAR,BAR,BAR,CONFORMING_AUTO_UNAUDITED,AUTO_MATCH_PENDING_QC_SAMPLE
BC_047_R02.png,BC,BC_047,2,BAR,BAR,BAR,CONFORMING_AUTO_UNAUDITED,AUTO_MATCH_PENDING_QC_SAMPLE
BC_047_R03.png,BC,BC_047,3,BAR,BAR,BAR,CONFORMING_AUTO_UNAUDITED,AUTO_MATCH_PENDING_QC_SAMPLE
BC_047_R04.png,BC,BC_047,4,BAR,BAR,BAR,CONFORMING_AUTO_UNAUDITED,AUTO_MATCH_PENDING_QC_SAMPLE
BC_047_R05.png,BC,BC_047,5,BAR,BAR,BAR,CONFORMING_AUTO_UNAUDITED,AUTO_MATCH_PENDING_QC_SAMPLE
BC_047_R06.png,BC,BC_047,6,BAR,BAR,BAR,CONFORMING_AUTO_UNAUDITED,AUTO_MATCH_PENDING_QC_SAMPLE
BC_047_R07.png,BC,BC_047,7,BAR,BAR,BAR,CONFORMING_AUTO_UNAUDITED,AUTO_MATCH_PENDING_QC_SAMPLE
BC_047_R08.png,BC,BC_047,8,BAR,BAR,BAR,CONFORMING_AUTO_UNAUDITED,AUTO_MATCH_PENDING_QC_SAMPLE
BC_047_R09.png,BC,BC_047,9,BAR,BAR,BAR,CONFORMING_AUTO_UNAUDITED,AUTO_MATCH_PENDING_QC_SAMPLE
BC_047_R10.png,BC,BC_047,10,BAR,BAR,BAR,CONFORMING_AUTO_UNAUDITED,AUTO_MATCH_PENDING_QC_SAMPLE
BC_048_R01.png,BC,BC_048,1,BAR,BAR,BAR,CONFORMING_AUTO_UNAUDITED,AUTO_MATCH_PENDING_QC_SAMPLE
BC_048_R02.png,BC,BC_048,2,BAR,BAR,BAR,CONFORMING_AUTO_UNAUDITED,AUTO_MATCH_PENDING_QC_SAMPLE
BC_048_R03.png,BC,BC_048,3,BAR,BAR,BAR,CONFORMING_AUTO_UNAUDITED,AUTO_MATCH_PENDING_QC_SAMPLE
BC_048_R04.png,BC,BC_048,4,BAR,BAR,BAR,CONFORMING_AUTO_UNAUDITED,AUTO_MATCH_PENDING_QC_SAMPLE
BC_048_R05.png,BC,BC_048,5,BAR,BAR,BAR,CONFORMING_AUTO_UNAUDITED,AUTO_MATCH_PENDING_QC_SAMPLE
BC_048_R06.png,BC,BC_048,6,BAR,BAR,BAR,CONFORMING_AUTO_UNAUDITED,AUTO_MATCH_PENDING_QC_SAMPLE
BC_048_R07.png,BC,BC_048,7,BAR,BAR,BAR,CONFORMING_AUTO_UNAUDITED,AUTO_MATCH_PENDING_QC_SAMPLE
BC_048_R08.png,BC,BC_048,8,BAR,BAR,BAR,CONFORMING_AUTO_UNAUDITED,AUTO_MATCH_PENDING_QC_SAMPLE
BC_048_R09.png,BC,BC_048,9,BAR,BAR,BAR,CONFORMING_AUTO_UNAUDITED,AUTO_MATCH_PENDING_QC_SAMPLE
BC_048_R10.png,BC,BC_048,10,BAR,BAR,BAR,CONFORMING_AUTO_UNAUDITED,AUTO_MATCH_PENDING_QC_SAMPLE
BC_049_R01.png,BC,BC_049,1,BAR,BAR,BAR,CONFORMING_AUTO_UNAUDITED,AUTO_MATCH_PENDING_QC_SAMPLE
BC_049_R02.png,BC,BC_049,2,BAR,BAR,BAR,CONFORMING_AUTO_UNAUDITED,AUTO_MATCH_PENDING_QC_SAMPLE
BC_049_R03.png,BC,BC_049,3,BAR,BAR,BAR,CONFORMING_AUTO_UNAUDITED,AUTO_MATCH_PENDING_QC_SAMPLE
BC_049_R04.png,BC,BC_049,4,BAR,BAR,BAR,CONFORMING_AUTO_UNAUDITED,AUTO_MATCH_PENDING_QC_SAMPLE
BC_049_R05.png,BC,BC_049,5,BAR,BAR,BAR,CONFORMING_AUTO_UNAUDITED,AUTO_MATCH_PENDING_QC_SAMPLE
BC_049_R06.png,BC,BC_049,6,BAR,BAR,BAR,CONFORMING_AUTO_UNAUDITED,AUTO_MATCH_PENDING_QC_SAMPLE
BC_049_R07.png,BC,BC_049,7,BAR,BAR,BAR,CONFORMING_AUTO_UNAUDITED,AUTO_MATCH_PENDING_QC_SAMPLE
BC_049_R08.png,BC,BC_049,8,BAR,BAR,BAR,CONFORMING_AUTO_UNAUDITED,AUTO_MATCH_PENDING_QC_SAMPLE
BC_049_R09.png,BC,BC_049,9,BAR,BAR,BAR,CONFORMING_AUTO_UNAUDITED,AUTO_MATCH_PENDING_QC_SAMPLE
BC_049_R10.png,BC,BC_049,10,BAR,BAR,BAR,CONFORMING_AUTO_UNAUDITED,AUTO_MATCH_PENDING_QC_SAMPLE
BC_050_R01.png,BC,BC_050,1,BAR,BAR,BAR,CONFORMING_AUTO_UNAUDITED,AUTO_MATCH_PENDING_QC_SAMPLE
BC_050_R02.png,BC,BC_050,2,BAR,BAR,BAR,CONFORMING_AUTO_UNAUDITED,AUTO_MATCH_PENDING_QC_SAMPLE
BC_050_R03.png,BC,BC_050,3,BAR,BAR,BAR,CONFORMING_AUTO_UNAUDITED,AUTO_MATCH_PENDING_QC_SAMPLE
BC_050_R04.png,BC,BC_050,4,BAR,BAR,BAR,CONFORMING_AUTO_UNAUDITED,AUTO_MATCH_PENDING_QC_SAMPLE
BC_050_R05.png,BC,BC_050,5,BAR,BAR,BAR,CONFORMING_AUTO_UNAUDITED,AUTO_MATCH_PENDING_QC_SAMPLE
BC_050_R06.png,BC,BC_050,6,BAR,BAR,BAR,CONFORMING_AUTO_UNAUDITED,AUTO_MATCH_PENDING_QC_SAMPLE
BC_050_R07.png,BC,BC_050,7,BAR,BAR,BAR,CONFORMING_AUTO_UNAUDITED,AUTO_MATCH_PENDING_QC_SAMPLE
BC_050_R08.png,BC,BC_050,8,BAR,BAR,BAR,CONFORMING_AUTO_UNAUDITED,AUTO_MATCH_PENDING_QC_SAMPLE
BC_050_R09.png,BC,BC_050,9,BAR,BAR,BAR,CONFORMING_AUTO_UNAUDITED,AUTO_MATCH_PENDING_QC_SAMPLE
BC_050_R10.png,BC,BC_050,10,BAR,BAR,BAR,CONFORMING_AUTO_UNAUDITED,AUTO_MATCH_PENDING_QC_SAMPLE
BC_051_R01.png,BC,BC_051,1,BAR,BAR,BAR,CONFORMING_AUTO_UNAUDITED,AUTO_MATCH_PENDING_QC_SAMPLE
BC_051_R02.png,BC,BC_051,2,BAR,BAR,BAR,CONFORMING_AUTO_UNAUDITED,AUTO_MATCH_PENDING_QC_SAMPLE
BC_051_R03.png,BC,BC_051,3,BAR,BAR,BAR,CONFORMING_AUTO_UNAUDITED,AUTO_MATCH_PENDING_QC_SAMPLE
BC_051_R04.png,BC,BC_051,4,BAR,BAR,BAR,CONFORMING_AUTO_UNAUDITED,AUTO_MATCH_PENDING_QC_SAMPLE
BC_051_R05.png,BC,BC_051,5,BAR,BAR,BAR,CONFORMING_AUTO_UNAUDITED,AUTO_MATCH_PENDING_QC_SAMPLE
BC_051_R06.png,BC,BC_051,6,BAR,BAR,BAR,CONFORMING_AUTO_UNAUDITED,AUTO_MATCH_PENDING_QC_SAMPLE
BC_051_R07.png,BC,BC_051,7,BAR,BAR,BAR,CONFORMING_AUTO_UNAUDITED,AUTO_MATCH_PENDING_QC_SAMPLE
BC_051_R08.png,BC,BC_051,8,BAR,BAR,BAR,CONFORMING_AUTO_UNAUDITED,AUTO_MATCH_PENDING_QC_SAMPLE
BC_051_R09.png,BC,BC_051,9,BAR,BAR,BAR,CONFORMING_AUTO_UNAUDITED,AUTO_MATCH_PENDING_QC_SAMPLE
BC_051_R10.png,BC,BC_051,10,BAR,BAR,BAR,CONFORMING_AUTO_UNAUDITED,AUTO_MATCH_PENDING_QC_SAMPLE
BC_052_R01.png,BC,BC_052,1,BAR,BAR,BAR,CONFORMING_AUTO_UNAUDITED,AUTO_MATCH_PENDING_QC_SAMPLE
BC_052_R02.png,BC,BC_052,2,BAR,BAR,BAR,CONFORMING_AUTO_UNAUDITED,AUTO_MATCH_PENDING_QC_SAMPLE
BC_052_R03.png,BC,BC_052,3,BAR,BAR,BAR,CONFORMING_AUTO_UNAUDITED,AUTO_MATCH_PENDING_QC_SAMPLE
BC_052_R04.png,BC,BC_052,4,BAR,BAR,BAR,CONFORMING_AUTO_UNAUDITED,AUTO_MATCH_PENDING_QC_SAMPLE
BC_052_R05.png,BC,BC_052,5,BAR,BAR,BAR,CONFORMING_AUTO_UNAUDITED,AUTO_MATCH_PENDING_QC_SAMPLE
BC_052_R06.png,BC,BC_052,6,BAR,BAR,BAR,CONFORMING_AUTO_UNAUDITED,AUTO_MATCH_PENDING_QC_SAMPLE
BC_052_R07.png,BC,BC_052,7,BAR,BAR,BAR,CONFORMING_AUTO_UNAUDITED,AUTO_MATCH_PENDING_QC_SAMPLE
BC_052_R08.png,BC,BC_052,8,BAR,BAR,BAR,CONFORMING_AUTO_UNAUDITED,AUTO_MATCH_PENDING_QC_SAMPLE
BC_052_R09.png,BC,BC_052,9,BAR,BAR,BAR,CONFORMING_AUTO_UNAUDITED,AUTO_MATCH_PENDING_QC_SAMPLE
BC_052_R10.png,BC,BC_052,10,BAR,BAR,BAR,CONFORMING_AUTO_UNAUDITED,AUTO_MATCH_PENDING_QC_SAMPLE
BI_001_R01.png,BI,BI_001,1,BAR,BAR,BAR,CONFORMING_AUTO_UNAUDITED,AUTO_MATCH_PENDING_QC_SAMPLE
BI_001_R02.png,BI,BI_001,2,BAR,BAR,BAR,CONFORMING_AUTO_UNAUDITED,AUTO_MATCH_PENDING_QC_SAMPLE
BI_001_R03.png,BI,BI_001,3,BAR,BAR,BAR,CONFORMING_AUTO_UNAUDITED,AUTO_MATCH_PENDING_QC_SAMPLE
BI_001_R04.png,BI,BI_001,4,BAR,BAR,BAR,CONFORMING_AUTO_UNAUDITED,AUTO_MATCH_PENDING_QC_SAMPLE
BI_001_R05.png,BI,BI_001,5,BAR,BAR,BAR,CONFORMING_AUTO_UNAUDITED,AUTO_MATCH_PENDING_QC_SAMPLE
BI_001_R06.png,BI,BI_001,6,BAR,BAR,BAR,CONFORMING_AUTO_UNAUDITED,AUTO_MATCH_PENDING_QC_SAMPLE
BI_001_R07.png,BI,BI_001,7,BAR,BAR,BAR,CONFORMING_AUTO_UNAUDITED,AUTO_MATCH_PENDING_QC_SAMPLE
BI_001_R08.png,BI,BI_001,8,BAR,BAR,BAR,CONFORMING_AUTO_UNAUDITED,AUTO_MATCH_PENDING_QC_SAMPLE
BI_001_R09.png,BI,BI_001,9,BAR,BAR,BAR,CONFORMING_AUTO_UNAUDITED,AUTO_MATCH_PENDING_QC_SAMPLE
BI_001_R10.png,BI,BI_001,10,BAR,BAR,BAR,CONFORMING_AUTO_UNAUDITED,AUTO_MATCH_PENDING_QC_SAMPLE
BI_002_R01.png,BI,BI_002,1,BAR,BAR,BAR,CONFORMING_AUTO_UNAUDITED,AUTO_MATCH_PENDING_QC_SAMPLE
BI_002_R02.png,BI,BI_002,2,BAR,BAR,BAR,CONFORMING_AUTO_UNAUDITED,AUTO_MATCH_PENDING_QC_SAMPLE
BI_002_R03.png,BI,BI_002,3,BAR,SCATTER,BAR,CONFORMING,MANUAL_AUDIT_AUTO_DISCREPANCY
BI_002_R04.png,BI,BI_002,4,BAR,BAR,BAR,CONFORMING_AUTO_UNAUDITED,AUTO_MATCH_PENDING_QC_SAMPLE
BI_002_R05.png,BI,BI_002,5,BAR,BAR,BAR,CONFORMING_AUTO_UNAUDITED,AUTO_MATCH_PENDING_QC_SAMPLE
BI_002_R06.png,BI,BI_002,6,BAR,BAR,BAR,CONFORMING_AUTO_UNAUDITED,AUTO_MATCH_PENDING_QC_SAMPLE
BI_002_R07.png,BI,BI_002,7,BAR,BAR,BAR,CONFORMING_AUTO_UNAUDITED,AUTO_MATCH_PENDING_QC_SAMPLE
BI_002_R08.png,BI,BI_002,8,BAR,BAR,BAR,CONFORMING_AUTO_UNAUDITED,AUTO_MATCH_PENDING_QC_SAMPLE
BI_002_R09.png,BI,BI_002,9,BAR,BAR,BAR,CONFORMING_AUTO_UNAUDITED,AUTO_MATCH_PENDING_QC_SAMPLE
BI_002_R10.png,BI,BI_002,10,BAR,BAR,BAR,CONFORMING_AUTO_UNAUDITED,AUTO_MATCH_PENDING_QC_SAMPLE
BI_003_R01.png,BI,BI_003,1,BAR,BAR,BAR,CONFORMING_AUTO_UNAUDITED,AUTO_MATCH_PENDING_QC_SAMPLE
BI_003_R02.png,BI,BI_003,2,BAR,BAR,BAR,CONFORMING_AUTO_UNAUDITED,AUTO_MATCH_PENDING_QC_SAMPLE
BI_003_R03.png,BI,BI_003,3,BAR,BAR,BAR,CONFORMING_AUTO_UNAUDITED,AUTO_MATCH_PENDING_QC_SAMPLE
BI_003_R04.png,BI,BI_003,4,BAR,BAR,BAR,CONFORMING_AUTO_UNAUDITED,AUTO_MATCH_PENDING_QC_SAMPLE
BI_003_R05.png,BI,BI_003,5,BAR,BAR,BAR,CONFORMING_AUTO_UNAUDITED,AUTO_MATCH_PENDING_QC_SAMPLE
BI_003_R06.png,BI,BI_003,6,BAR,BAR,BAR,CONFORMING_AUTO_UNAUDITED,AUTO_MATCH_PENDING_QC_SAMPLE
BI_003_R07.png,BI,BI_003,7,BAR,BAR,BAR,CONFORMING_AUTO_UNAUDITED,AUTO_MATCH_PENDING_QC_SAMPLE
BI_003_R08.png,BI,BI_003,8,BAR,BAR,BAR,CONFORMING_AUTO_UNAUDITED,AUTO_MATCH_PENDING_QC_SAMPLE
BI_003_R09.png,BI,BI_003,9,BAR,BAR,BAR,CONFORMING_AUTO_UNAUDITED,AUTO_MATCH_PENDING_QC_SAMPLE
BI_003_R10.png,BI,BI_003,10,BAR,BAR,BAR,CONFORMING_AUTO_UNAUDITED,AUTO_MATCH_PENDING_QC_SAMPLE
BI_004_R01.png,BI,BI_004,1,BAR,BAR,BAR,CONFORMING_AUTO_UNAUDITED,AUTO_MATCH_PENDING_QC_SAMPLE
BI_004_R02.png,BI,BI_004,2,BAR,BAR,BAR,CONFORMING_AUTO_UNAUDITED,AUTO_MATCH_PENDING_QC_SAMPLE
BI_004_R03.png,BI,BI_004,3,BAR,BAR,BAR,CONFORMING_AUTO_UNAUDITED,AUTO_MATCH_PENDING_QC_SAMPLE
BI_004_R04.png,BI,BI_004,4,BAR,BAR,BAR,CONFORMING_AUTO_UNAUDITED,AUTO_MATCH_PENDING_QC_SAMPLE
BI_004_R05.png,BI,BI_004,5,BAR,BAR,BAR,CONFORMING_AUTO_UNAUDITED,AUTO_MATCH_PENDING_QC_SAMPLE
BI_004_R06.png,BI,BI_004,6,BAR,BAR,BAR,CONFORMING_AUTO_UNAUDITED,AUTO_MATCH_PENDING_QC_SAMPLE
BI_004_R07.png,BI,BI_004,7,BAR,BAR,BAR,CONFORMING_AUTO_UNAUDITED,AUTO_MATCH_PENDING_QC_SAMPLE
BI_004_R08.png,BI,BI_004,8,BAR,BAR,BAR,CONFORMING_AUTO_UNAUDITED,AUTO_MATCH_PENDING_QC_SAMPLE
BI_004_R09.png,BI,BI_004,9,BAR,BAR,BAR,CONFORMING_AUTO_UNAUDITED,AUTO_MATCH_PENDING_QC_SAMPLE
BI_004_R10.png,BI,BI_004,10,BAR,BAR,BAR,CONFORMING_AUTO_UNAUDITED,AUTO_MATCH_PENDING_QC_SAMPLE
BI_005_R01.png,BI,BI_005,1,BAR,BAR,BAR,CONFORMING_AUTO_UNAUDITED,AUTO_MATCH_PENDING_QC_SAMPLE
BI_005_R02.png,BI,BI_005,2,BAR,BAR,BAR,CONFORMING_AUTO_UNAUDITED,AUTO_MATCH_PENDING_QC_SAMPLE
BI_005_R03.png,BI,BI_005,3,BAR,BAR,BAR,CONFORMING_AUTO_UNAUDITED,AUTO_MATCH_PENDING_QC_SAMPLE
BI_005_R04.png,BI,BI_005,4,BAR,BAR,BAR,CONFORMING_AUTO_UNAUDITED,AUTO_MATCH_PENDING_QC_SAMPLE
BI_005_R05.png,BI,BI_005,5,BAR,BAR,BAR,CONFORMING_AUTO_UNAUDITED,AUTO_MATCH_PENDING_QC_SAMPLE
BI_005_R06.png,BI,BI_005,6,BAR,BAR,BAR,CONFORMING_AUTO_UNAUDITED,AUTO_MATCH_PENDING_QC_SAMPLE
BI_005_R07.png,BI,BI_005,7,BAR,BAR,BAR,CONFORMING_AUTO_UNAUDITED,AUTO_MATCH_PENDING_QC_SAMPLE
BI_005_R08.png,BI,BI_005,8,BAR,BAR,BAR,CONFORMING_AUTO_UNAUDITED,AUTO_MATCH_PENDING_QC_SAMPLE
BI_005_R09.png,BI,BI_005,9,BAR,BAR,BAR,CONFORMING_AUTO_UNAUDITED,AUTO_MATCH_PENDING_QC_SAMPLE
BI_005_R10.png,BI,BI_005,10,BAR,BAR,BAR,CONFORMING_AUTO_UNAUDITED,AUTO_MATCH_PENDING_QC_SAMPLE
BI_006_R01.png,BI,BI_006,1,BAR,BAR,BAR,CONFORMING_AUTO_UNAUDITED,AUTO_MATCH_PENDING_QC_SAMPLE
BI_006_R02.png,BI,BI_006,2,BAR,BAR,BAR,CONFORMING_AUTO_UNAUDITED,AUTO_MATCH_PENDING_QC_SAMPLE
BI_006_R03.png,BI,BI_006,3,BAR,BAR,BAR,CONFORMING_AUTO_UNAUDITED,AUTO_MATCH_PENDING_QC_SAMPLE
BI_006_R04.png,BI,BI_006,4,BAR,BAR,BAR,CONFORMING_AUTO_UNAUDITED,AUTO_MATCH_PENDING_QC_SAMPLE
BI_006_R05.png,BI,BI_006,5,BAR,BAR,BAR,CONFORMING_AUTO_UNAUDITED,AUTO_MATCH_PENDING_QC_SAMPLE
BI_006_R06.png,BI,BI_006,6,BAR,BAR,BAR,CONFORMING_AUTO_UNAUDITED,AUTO_MATCH_PENDING_QC_SAMPLE
BI_006_R07.png,BI,BI_006,7,BAR,BAR,BAR,CONFORMING_AUTO_UNAUDITED,AUTO_MATCH_PENDING_QC_SAMPLE
BI_006_R08.png,BI,BI_006,8,BAR,BAR,BAR,CONFORMING_AUTO_UNAUDITED,AUTO_MATCH_PENDING_QC_SAMPLE
BI_006_R09.png,BI,BI_006,9,BAR,BAR,BAR,CONFORMING_AUTO_UNAUDITED,AUTO_MATCH_PENDING_QC_SAMPLE
BI_006_R10.png,BI,BI_006,10,BAR,BAR,BAR,CONFORMING_AUTO_UNAUDITED,AUTO_MATCH_PENDING_QC_SAMPLE
BI_007_R01.png,BI,BI_007,1,BAR,BAR,BAR,CONFORMING_AUTO_UNAUDITED,AUTO_MATCH_PENDING_QC_SAMPLE
BI_007_R02.png,BI,BI_007,2,BAR,BAR,BAR,CONFORMING_AUTO_UNAUDITED,AUTO_MATCH_PENDING_QC_SAMPLE
BI_007_R03.png,BI,BI_007,3,BAR,BAR,BAR,CONFORMING_AUTO_UNAUDITED,AUTO_MATCH_PENDING_QC_SAMPLE
BI_007_R04.png,BI,BI_007,4,BAR,BAR,BAR,CONFORMING_AUTO_UNAUDITED,AUTO_MATCH_PENDING_QC_SAMPLE
BI_007_R05.png,BI,BI_007,5,BAR,BAR,BAR,CONFORMING_AUTO_UNAUDITED,AUTO_MATCH_PENDING_QC_SAMPLE
BI_007_R06.png,BI,BI_007,6,BAR,BAR,BAR,CONFORMING_AUTO_UNAUDITED,AUTO_MATCH_PENDING_QC_SAMPLE
BI_007_R07.png,BI,BI_007,7,BAR,BAR,BAR,CONFORMING_AUTO_UNAUDITED,AUTO_MATCH_PENDING_QC_SAMPLE
BI_007_R08.png,BI,BI_007,8,BAR,BAR,BAR,CONFORMING_AUTO_UNAUDITED,AUTO_MATCH_PENDING_QC_SAMPLE
BI_007_R09.png,BI,BI_007,9,BAR,BAR,BAR,CONFORMING_AUTO_UNAUDITED,AUTO_MATCH_PENDING_QC_SAMPLE
BI_007_R10.png,BI,BI_007,10,BAR,BAR,BAR,CONFORMING_AUTO_UNAUDITED,AUTO_MATCH_PENDING_QC_SAMPLE
BI_008_R01.png,BI,BI_008,1,BAR,BAR,BAR,CONFORMING_AUTO_UNAUDITED,AUTO_MATCH_PENDING_QC_SAMPLE
BI_008_R02.png,BI,BI_008,2,BAR,BAR,BAR,CONFORMING_AUTO_UNAUDITED,AUTO_MATCH_PENDING_QC_SAMPLE
BI_008_R03.png,BI,BI_008,3,BAR,SCATTER,OTHER,NONCONFORMING,MANUAL_AUDIT_AUTO_DISCREPANCY
BI_008_R04.png,BI,BI_008,4,BAR,SCATTER,OTHER,NONCONFORMING,MANUAL_AUDIT_AUTO_DISCREPANCY
BI_008_R05.png,BI,BI_008,5,BAR,BAR,BAR,CONFORMING_AUTO_UNAUDITED,AUTO_MATCH_PENDING_QC_SAMPLE
BI_008_R06.png,BI,BI_008,6,BAR,BAR,BAR,CONFORMING_AUTO_UNAUDITED,AUTO_MATCH_PENDING_QC_SAMPLE
BI_008_R07.png,BI,BI_008,7,BAR,BAR,BAR,CONFORMING_AUTO_UNAUDITED,AUTO_MATCH_PENDING_QC_SAMPLE
BI_008_R08.png,BI,BI_008,8,BAR,BAR,BAR,CONFORMING_AUTO_UNAUDITED,AUTO_MATCH_PENDING_QC_SAMPLE
BI_008_R09.png,BI,BI_008,9,BAR,BAR,BAR,CONFORMING_AUTO_UNAUDITED,AUTO_MATCH_PENDING_QC_SAMPLE
BI_008_R10.png,BI,BI_008,10,BAR,BAR,BAR,CONFORMING_AUTO_UNAUDITED,AUTO_MATCH_PENDING_QC_SAMPLE
BI_009_R01.png,BI,BI_009,1,BAR,BAR,BAR,CONFORMING_AUTO_UNAUDITED,AUTO_MATCH_PENDING_QC_SAMPLE
BI_009_R02.png,BI,BI_009,2,BAR,BAR,BAR,CONFORMING_AUTO_UNAUDITED,AUTO_MATCH_PENDING_QC_SAMPLE
BI_009_R03.png,BI,BI_009,3,BAR,BAR,BAR,CONFORMING_AUTO_UNAUDITED,AUTO_MATCH_PENDING_QC_SAMPLE
BI_009_R04.png,BI,BI_009,4,BAR,BAR,BAR,CONFORMING_AUTO_UNAUDITED,AUTO_MATCH_PENDING_QC_SAMPLE
BI_009_R05.png,BI,BI_009,5,BAR,BAR,BAR,CONFORMING_AUTO_UNAUDITED,AUTO_MATCH_PENDING_QC_SAMPLE
BI_009_R06.png,BI,BI_009,6,BAR,BAR,BAR,CONFORMING_AUTO_UNAUDITED,AUTO_MATCH_PENDING_QC_SAMPLE
BI_009_R07.png,BI,BI_009,7,BAR,BAR,BAR,CONFORMING_AUTO_UNAUDITED,AUTO_MATCH_PENDING_QC_SAMPLE
BI_009_R08.png,BI,BI_009,8,BAR,BAR,BAR,CONFORMING_AUTO_UNAUDITED,AUTO_MATCH_PENDING_QC_SAMPLE
BI_009_R09.png,BI,BI_009,9,BAR,BAR,BAR,CONFORMING_AUTO_UNAUDITED,AUTO_MATCH_PENDING_QC_SAMPLE
BI_009_R10.png,BI,BI_009,10,BAR,BAR,BAR,CONFORMING_AUTO_UNAUDITED,AUTO_MATCH_PENDING_QC_SAMPLE
BI_010_R01.png,BI,BI_010,1,BAR,BAR,BAR,CONFORMING_AUTO_UNAUDITED,AUTO_MATCH_PENDING_QC_SAMPLE
BI_010_R02.png,BI,BI_010,2,BAR,OTHER,BAR,CONFORMING,MANUAL_AUDIT_AUTO_DISCREPANCY
BI_010_R03.png,BI,BI_010,3,BAR,OTHER,BAR,CONFORMING,MANUAL_AUDIT_AUTO_DISCREPANCY
BI_010_R04.png,BI,BI_010,4,BAR,OTHER,BAR,CONFORMING,MANUAL_AUDIT_AUTO_DISCREPANCY
BI_010_R05.png,BI,BI_010,5,BAR,SCATTER,BAR,CONFORMING,MANUAL_AUDIT_AUTO_DISCREPANCY
BI_010_R06.png,BI,BI_010,6,BAR,BAR,BAR,CONFORMING_AUTO_UNAUDITED,AUTO_MATCH_PENDING_QC_SAMPLE
BI_010_R07.png,BI,BI_010,7,BAR,BAR,BAR,CONFORMING_AUTO_UNAUDITED,AUTO_MATCH_PENDING_QC_SAMPLE
BI_010_R08.png,BI,BI_010,8,BAR,BAR,BAR,CONFORMING_AUTO_UNAUDITED,AUTO_MATCH_PENDING_QC_SAMPLE
BI_010_R09.png,BI,BI_010,9,BAR,BAR,BAR,CONFORMING_AUTO_UNAUDITED,AUTO_MATCH_PENDING_QC_SAMPLE
BI_010_R10.png,BI,BI_010,10,BAR,BAR,BAR,CONFORMING_AUTO_UNAUDITED,AUTO_MATCH_PENDING_QC_SAMPLE
BI_011_R01.png,BI,BI_011,1,BAR,BAR,BAR,CONFORMING_AUTO_UNAUDITED,AUTO_MATCH_PENDING_QC_SAMPLE
BI_011_R02.png,BI,BI_011,2,BAR,BAR,BAR,CONFORMING_AUTO_UNAUDITED,AUTO_MATCH_PENDING_QC_SAMPLE
BI_011_R03.png,BI,BI_011,3,BAR,BAR,BAR,CONFORMING_AUTO_UNAUDITED,AUTO_MATCH_PENDING_QC_SAMPLE
BI_011_R04.png,BI,BI_011,4,BAR,BAR,BAR,CONFORMING_AUTO_UNAUDITED,AUTO_MATCH_PENDING_QC_SAMPLE
BI_011_R05.png,BI,BI_011,5,BAR,BAR,BAR,CONFORMING_AUTO_UNAUDITED,AUTO_MATCH_PENDING_QC_SAMPLE
BI_011_R06.png,BI,BI_011,6,BAR,BAR,BAR,CONFORMING_AUTO_UNAUDITED,AUTO_MATCH_PENDING_QC_SAMPLE
BI_011_R07.png,BI,BI_011,7,BAR,BAR,BAR,CONFORMING_AUTO_UNAUDITED,AUTO_MATCH_PENDING_QC_SAMPLE
BI_011_R08.png,BI,BI_011,8,BAR,BAR,BAR,CONFORMING_AUTO_UNAUDITED,AUTO_MATCH_PENDING_QC_SAMPLE
BI_011_R09.png,BI,BI_011,9,BAR,BAR,BAR,CONFORMING_AUTO_UNAUDITED,AUTO_MATCH_PENDING_QC_SAMPLE
BI_011_R10.png,BI,BI_011,10,BAR,BAR,BAR,CONFORMING_AUTO_UNAUDITED,AUTO_MATCH_PENDING_QC_SAMPLE
BI_012_R01.png,BI,BI_012,1,BAR,BAR,BAR,CONFORMING_AUTO_UNAUDITED,AUTO_MATCH_PENDING_QC_SAMPLE
BI_012_R02.png,BI,BI_012,2,BAR,BAR,BAR,CONFORMING_AUTO_UNAUDITED,AUTO_MATCH_PENDING_QC_SAMPLE
BI_012_R03.png,BI,BI_012,3,BAR,BAR,BAR,CONFORMING_AUTO_UNAUDITED,AUTO_MATCH_PENDING_QC_SAMPLE
BI_012_R04.png,BI,BI_012,4,BAR,BAR,BAR,CONFORMING_AUTO_UNAUDITED,AUTO_MATCH_PENDING_QC_SAMPLE
BI_012_R05.png,BI,BI_012,5,BAR,BAR,BAR,CONFORMING_AUTO_UNAUDITED,AUTO_MATCH_PENDING_QC_SAMPLE
BI_012_R06.png,BI,BI_012,6,BAR,BAR,BAR,CONFORMING_AUTO_UNAUDITED,AUTO_MATCH_PENDING_QC_SAMPLE
BI_012_R07.png,BI,BI_012,7,BAR,BAR,BAR,CONFORMING_AUTO_UNAUDITED,AUTO_MATCH_PENDING_QC_SAMPLE
BI_012_R08.png,BI,BI_012,8,BAR,BAR,BAR,CONFORMING_AUTO_UNAUDITED,AUTO_MATCH_PENDING_QC_SAMPLE
BI_012_R09.png,BI,BI_012,9,BAR,BAR,BAR,CONFORMING_AUTO_UNAUDITED,AUTO_MATCH_PENDING_QC_SAMPLE
BI_012_R10.png,BI,BI_012,10,BAR,BAR,BAR,CONFORMING_AUTO_UNAUDITED,AUTO_MATCH_PENDING_QC_SAMPLE
BI_013_R01.png,BI,BI_013,1,BAR,BAR,BAR,CONFORMING_AUTO_UNAUDITED,AUTO_MATCH_PENDING_QC_SAMPLE
BI_013_R02.png,BI,BI_013,2,BAR,BAR,BAR,CONFORMING_AUTO_UNAUDITED,AUTO_MATCH_PENDING_QC_SAMPLE
BI_013_R03.png,BI,BI_013,3,BAR,BAR,BAR,CONFORMING_AUTO_UNAUDITED,AUTO_MATCH_PENDING_QC_SAMPLE
BI_013_R04.png,BI,BI_013,4,BAR,BAR,BAR,CONFORMING_AUTO_UNAUDITED,AUTO_MATCH_PENDING_QC_SAMPLE
BI_013_R05.png,BI,BI_013,5,BAR,BAR,BAR,CONFORMING_AUTO_UNAUDITED,AUTO_MATCH_PENDING_QC_SAMPLE
BI_013_R06.png,BI,BI_013,6,BAR,BAR,BAR,CONFORMING_AUTO_UNAUDITED,AUTO_MATCH_PENDING_QC_SAMPLE
BI_013_R07.png,BI,BI_013,7,BAR,BAR,BAR,CONFORMING_AUTO_UNAUDITED,AUTO_MATCH_PENDING_QC_SAMPLE
BI_013_R08.png,BI,BI_013,8,BAR,BAR,BAR,CONFORMING_AUTO_UNAUDITED,AUTO_MATCH_PENDING_QC_SAMPLE
BI_013_R09.png,BI,BI_013,9,BAR,BAR,BAR,CONFORMING_AUTO_UNAUDITED,AUTO_MATCH_PENDING_QC_SAMPLE
BI_013_R10.png,BI,BI_013,10,BAR,BAR,BAR,CONFORMING_AUTO_UNAUDITED,AUTO_MATCH_PENDING_QC_SAMPLE
BI_014_R01.png,BI,BI_014,1,BAR,BAR,BAR,CONFORMING_AUTO_UNAUDITED,AUTO_MATCH_PENDING_QC_SAMPLE
BI_014_R02.png,BI,BI_014,2,BAR,BAR,BAR,CONFORMING_AUTO_UNAUDITED,AUTO_MATCH_PENDING_QC_SAMPLE
BI_014_R03.png,BI,BI_014,3,BAR,BAR,BAR,CONFORMING_AUTO_UNAUDITED,AUTO_MATCH_PENDING_QC_SAMPLE
BI_014_R04.png,BI,BI_014,4,BAR,BAR,BAR,CONFORMING_AUTO_UNAUDITED,AUTO_MATCH_PENDING_QC_SAMPLE
BI_014_R05.png,BI,BI_014,5,BAR,BAR,BAR,CONFORMING_AUTO_UNAUDITED,AUTO_MATCH_PENDING_QC_SAMPLE
BI_014_R06.png,BI,BI_014,6,BAR,BAR,BAR,CONFORMING_AUTO_UNAUDITED,AUTO_MATCH_PENDING_QC_SAMPLE
BI_014_R07.png,BI,BI_014,7,BAR,BAR,BAR,CONFORMING_AUTO_UNAUDITED,AUTO_MATCH_PENDING_QC_SAMPLE
BI_014_R08.png,BI,BI_014,8,BAR,BAR,BAR,CONFORMING_AUTO_UNAUDITED,AUTO_MATCH_PENDING_QC_SAMPLE
BI_014_R09.png,BI,BI_014,9,BAR,BAR,BAR,CONFORMING_AUTO_UNAUDITED,AUTO_MATCH_PENDING_QC_SAMPLE
BI_014_R10.png,BI,BI_014,10,BAR,BAR,BAR,CONFORMING_AUTO_UNAUDITED,AUTO_MATCH_PENDING_QC_SAMPLE
BI_015_R01.png,BI,BI_015,1,BAR,BAR,BAR,CONFORMING_AUTO_UNAUDITED,AUTO_MATCH_PENDING_QC_SAMPLE
BI_015_R02.png,BI,BI_015,2,BAR,BAR,BAR,CONFORMING_AUTO_UNAUDITED,AUTO_MATCH_PENDING_QC_SAMPLE
BI_015_R03.png,BI,BI_015,3,BAR,BAR,BAR,CONFORMING_AUTO_UNAUDITED,AUTO_MATCH_PENDING_QC_SAMPLE
BI_015_R04.png,BI,BI_015,4,BAR,BAR,BAR,CONFORMING_AUTO_UNAUDITED,AUTO_MATCH_PENDING_QC_SAMPLE
BI_015_R05.png,BI,BI_015,5,BAR,BAR,BAR,CONFORMING_AUTO_UNAUDITED,AUTO_MATCH_PENDING_QC_SAMPLE
BI_015_R06.png,BI,BI_015,6,BAR,BAR,BAR,CONFORMING_AUTO_UNAUDITED,AUTO_MATCH_PENDING_QC_SAMPLE
BI_015_R07.png,BI,BI_015,7,BAR,BAR,BAR,CONFORMING_AUTO_UNAUDITED,AUTO_MATCH_PENDING_QC_SAMPLE
BI_015_R08.png,BI,BI_015,8,BAR,BAR,BAR,CONFORMING_AUTO_UNAUDITED,AUTO_MATCH_PENDING_QC_SAMPLE
BI_015_R09.png,BI,BI_015,9,BAR,BAR,BAR,CONFORMING_AUTO_UNAUDITED,AUTO_MATCH_PENDING_QC_SAMPLE
BI_015_R10.png,BI,BI_015,10,BAR,BAR,BAR,CONFORMING_AUTO_UNAUDITED,AUTO_MATCH_PENDING_QC_SAMPLE
BI_016_R01.png,BI,BI_016,1,BAR,BAR,BAR,CONFORMING_AUTO_UNAUDITED,AUTO_MATCH_PENDING_QC_SAMPLE
BI_016_R02.png,BI,BI_016,2,BAR,BAR,BAR,CONFORMING_AUTO_UNAUDITED,AUTO_MATCH_PENDING_QC_SAMPLE
BI_016_R03.png,BI,BI_016,3,BAR,BAR,BAR,CONFORMING_AUTO_UNAUDITED,AUTO_MATCH_PENDING_QC_SAMPLE
BI_016_R04.png,BI,BI_016,4,BAR,BAR,BAR,CONFORMING_AUTO_UNAUDITED,AUTO_MATCH_PENDING_QC_SAMPLE
BI_016_R05.png,BI,BI_016,5,BAR,BAR,BAR,CONFORMING_AUTO_UNAUDITED,AUTO_MATCH_PENDING_QC_SAMPLE
BI_016_R06.png,BI,BI_016,6,BAR,BAR,BAR,CONFORMING_AUTO_UNAUDITED,AUTO_MATCH_PENDING_QC_SAMPLE
BI_016_R07.png,BI,BI_016,7,BAR,BAR,BAR,CONFORMING_AUTO_UNAUDITED,AUTO_MATCH_PENDING_QC_SAMPLE
BI_016_R08.png,BI,BI_016,8,BAR,BAR,BAR,CONFORMING_AUTO_UNAUDITED,AUTO_MATCH_PENDING_QC_SAMPLE
BI_016_R09.png,BI,BI_016,9,BAR,BAR,BAR,CONFORMING_AUTO_UNAUDITED,AUTO_MATCH_PENDING_QC_SAMPLE
BI_016_R10.png,BI,BI_016,10,BAR,BAR,BAR,CONFORMING_AUTO_UNAUDITED,AUTO_MATCH_PENDING_QC_SAMPLE
BI_017_R01.png,BI,BI_017,1,BAR,BAR,BAR,CONFORMING_AUTO_UNAUDITED,AUTO_MATCH_PENDING_QC_SAMPLE
BI_017_R02.png,BI,BI_017,2,BAR,BAR,BAR,CONFORMING_AUTO_UNAUDITED,AUTO_MATCH_PENDING_QC_SAMPLE
BI_017_R03.png,BI,BI_017,3,BAR,BAR,BAR,CONFORMING_AUTO_UNAUDITED,AUTO_MATCH_PENDING_QC_SAMPLE
BI_017_R04.png,BI,BI_017,4,BAR,BAR,BAR,CONFORMING_AUTO_UNAUDITED,AUTO_MATCH_PENDING_QC_SAMPLE
BI_017_R05.png,BI,BI_017,5,BAR,BAR,BAR,CONFORMING_AUTO_UNAUDITED,AUTO_MATCH_PENDING_QC_SAMPLE
BI_017_R06.png,BI,BI_017,6,BAR,BAR,BAR,CONFORMING_AUTO_UNAUDITED,AUTO_MATCH_PENDING_QC_SAMPLE
BI_017_R07.png,BI,BI_017,7,BAR,BAR,BAR,CONFORMING_AUTO_UNAUDITED,AUTO_MATCH_PENDING_QC_SAMPLE
BI_017_R08.png,BI,BI_017,8,BAR,BAR,BAR,CONFORMING_AUTO_UNAUDITED,AUTO_MATCH_PENDING_QC_SAMPLE
BI_017_R09.png,BI,BI_017,9,BAR,BAR,BAR,CONFORMING_AUTO_UNAUDITED,AUTO_MATCH_PENDING_QC_SAMPLE
BI_017_R10.png,BI,BI_017,10,BAR,BAR,BAR,CONFORMING_AUTO_UNAUDITED,AUTO_MATCH_PENDING_QC_SAMPLE
BI_018_R01.png,BI,BI_018,1,BAR,BAR,BAR,CONFORMING_AUTO_UNAUDITED,AUTO_MATCH_PENDING_QC_SAMPLE
BI_018_R02.png,BI,BI_018,2,BAR,BAR,BAR,CONFORMING_AUTO_UNAUDITED,AUTO_MATCH_PENDING_QC_SAMPLE
BI_018_R03.png,BI,BI_018,3,BAR,BAR,BAR,CONFORMING_AUTO_UNAUDITED,AUTO_MATCH_PENDING_QC_SAMPLE
BI_018_R04.png,BI,BI_018,4,BAR,BAR,BAR,CONFORMING_AUTO_UNAUDITED,AUTO_MATCH_PENDING_QC_SAMPLE
BI_018_R05.png,BI,BI_018,5,BAR,BAR,BAR,CONFORMING_AUTO_UNAUDITED,AUTO_MATCH_PENDING_QC_SAMPLE
BI_018_R06.png,BI,BI_018,6,BAR,BAR,BAR,CONFORMING_AUTO_UNAUDITED,AUTO_MATCH_PENDING_QC_SAMPLE
BI_018_R07.png,BI,BI_018,7,BAR,BAR,BAR,CONFORMING_AUTO_UNAUDITED,AUTO_MATCH_PENDING_QC_SAMPLE
BI_018_R08.png,BI,BI_018,8,BAR,BAR,BAR,CONFORMING_AUTO_UNAUDITED,AUTO_MATCH_PENDING_QC_SAMPLE
BI_018_R09.png,BI,BI_018,9,BAR,BAR,BAR,CONFORMING_AUTO_UNAUDITED,AUTO_MATCH_PENDING_QC_SAMPLE
BI_018_R10.png,BI,BI_018,10,BAR,BAR,BAR,CONFORMING_AUTO_UNAUDITED,AUTO_MATCH_PENDING_QC_SAMPLE
BI_019_R01.png,BI,BI_019,1,BAR,BAR,BAR,CONFORMING_AUTO_UNAUDITED,AUTO_MATCH_PENDING_QC_SAMPLE
BI_019_R02.png,BI,BI_019,2,BAR,BAR,BAR,CONFORMING_AUTO_UNAUDITED,AUTO_MATCH_PENDING_QC_SAMPLE
BI_019_R03.png,BI,BI_019,3,BAR,BAR,BAR,CONFORMING_AUTO_UNAUDITED,AUTO_MATCH_PENDING_QC_SAMPLE
BI_019_R04.png,BI,BI_019,4,BAR,BAR,BAR,CONFORMING_AUTO_UNAUDITED,AUTO_MATCH_PENDING_QC_SAMPLE
BI_019_R05.png,BI,BI_019,5,BAR,BAR,BAR,CONFORMING_AUTO_UNAUDITED,AUTO_MATCH_PENDING_QC_SAMPLE
BI_019_R06.png,BI,BI_019,6,BAR,BAR,BAR,CONFORMING_AUTO_UNAUDITED,AUTO_MATCH_PENDING_QC_SAMPLE
BI_019_R07.png,BI,BI_019,7,BAR,BAR,BAR,CONFORMING_AUTO_UNAUDITED,AUTO_MATCH_PENDING_QC_SAMPLE
BI_019_R08.png,BI,BI_019,8,BAR,BAR,BAR,CONFORMING_AUTO_UNAUDITED,AUTO_MATCH_PENDING_QC_SAMPLE
BI_019_R09.png,BI,BI_019,9,BAR,BAR,BAR,CONFORMING_AUTO_UNAUDITED,AUTO_MATCH_PENDING_QC_SAMPLE
BI_019_R10.png,BI,BI_019,10,BAR,BAR,BAR,CONFORMING_AUTO_UNAUDITED,AUTO_MATCH_PENDING_QC_SAMPLE
BI_020_R01.png,BI,BI_020,1,BAR,BAR,BAR,CONFORMING_AUTO_UNAUDITED,AUTO_MATCH_PENDING_QC_SAMPLE
BI_020_R02.png,BI,BI_020,2,BAR,BAR,BAR,CONFORMING_AUTO_UNAUDITED,AUTO_MATCH_PENDING_QC_SAMPLE
BI_020_R03.png,BI,BI_020,3,BAR,BAR,BAR,CONFORMING_AUTO_UNAUDITED,AUTO_MATCH_PENDING_QC_SAMPLE
BI_020_R04.png,BI,BI_020,4,BAR,BAR,BAR,CONFORMING_AUTO_UNAUDITED,AUTO_MATCH_PENDING_QC_SAMPLE
BI_020_R05.png,BI,BI_020,5,BAR,BAR,BAR,CONFORMING_AUTO_UNAUDITED,AUTO_MATCH_PENDING_QC_SAMPLE
BI_020_R06.png,BI,BI_020,6,BAR,BAR,BAR,CONFORMING_AUTO_UNAUDITED,AUTO_MATCH_PENDING_QC_SAMPLE
BI_020_R07.png,BI,BI_020,7,BAR,BAR,BAR,CONFORMING_AUTO_UNAUDITED,AUTO_MATCH_PENDING_QC_SAMPLE
BI_020_R08.png,BI,BI_020,8,BAR,BAR,BAR,CONFORMING_AUTO_UNAUDITED,AUTO_MATCH_PENDING_QC_SAMPLE
BI_020_R09.png,BI,BI_020,9,BAR,BAR,BAR,CONFORMING_AUTO_UNAUDITED,AUTO_MATCH_PENDING_QC_SAMPLE
BI_020_R10.png,BI,BI_020,10,BAR,BAR,BAR,CONFORMING_AUTO_UNAUDITED,AUTO_MATCH_PENDING_QC_SAMPLE
BI_021_R01.png,BI,BI_021,1,BAR,BAR,BAR,CONFORMING_AUTO_UNAUDITED,AUTO_MATCH_PENDING_QC_SAMPLE
BI_021_R02.png,BI,BI_021,2,BAR,BAR,BAR,CONFORMING_AUTO_UNAUDITED,AUTO_MATCH_PENDING_QC_SAMPLE
BI_021_R03.png,BI,BI_021,3,BAR,BAR,BAR,CONFORMING_AUTO_UNAUDITED,AUTO_MATCH_PENDING_QC_SAMPLE
BI_021_R04.png,BI,BI_021,4,BAR,BAR,BAR,CONFORMING_AUTO_UNAUDITED,AUTO_MATCH_PENDING_QC_SAMPLE
BI_021_R05.png,BI,BI_021,5,BAR,BAR,BAR,CONFORMING_AUTO_UNAUDITED,AUTO_MATCH_PENDING_QC_SAMPLE
BI_021_R06.png,BI,BI_021,6,BAR,BAR,BAR,CONFORMING_AUTO_UNAUDITED,AUTO_MATCH_PENDING_QC_SAMPLE
BI_021_R07.png,BI,BI_021,7,BAR,BAR,BAR,CONFORMING_AUTO_UNAUDITED,AUTO_MATCH_PENDING_QC_SAMPLE
BI_021_R08.png,BI,BI_021,8,BAR,BAR,BAR,CONFORMING_AUTO_UNAUDITED,AUTO_MATCH_PENDING_QC_SAMPLE
BI_021_R09.png,BI,BI_021,9,BAR,BAR,BAR,CONFORMING_AUTO_UNAUDITED,AUTO_MATCH_PENDING_QC_SAMPLE
BI_021_R10.png,BI,BI_021,10,BAR,BAR,BAR,CONFORMING_AUTO_UNAUDITED,AUTO_MATCH_PENDING_QC_SAMPLE
BI_022_R01.png,BI,BI_022,1,BAR,BAR,BAR,CONFORMING_AUTO_UNAUDITED,AUTO_MATCH_PENDING_QC_SAMPLE
BI_022_R02.png,BI,BI_022,2,BAR,BAR,BAR,CONFORMING_AUTO_UNAUDITED,AUTO_MATCH_PENDING_QC_SAMPLE
BI_022_R03.png,BI,BI_022,3,BAR,BAR,BAR,CONFORMING_AUTO_UNAUDITED,AUTO_MATCH_PENDING_QC_SAMPLE
BI_022_R04.png,BI,BI_022,4,BAR,BAR,BAR,CONFORMING_AUTO_UNAUDITED,AUTO_MATCH_PENDING_QC_SAMPLE
BI_022_R05.png,BI,BI_022,5,BAR,BAR,BAR,CONFORMING_AUTO_UNAUDITED,AUTO_MATCH_PENDING_QC_SAMPLE
BI_022_R06.png,BI,BI_022,6,BAR,BAR,BAR,CONFORMING_AUTO_UNAUDITED,AUTO_MATCH_PENDING_QC_SAMPLE
BI_022_R07.png,BI,BI_022,7,BAR,BAR,BAR,CONFORMING_AUTO_UNAUDITED,AUTO_MATCH_PENDING_QC_SAMPLE
BI_022_R08.png,BI,BI_022,8,BAR,BAR,BAR,CONFORMING_AUTO_UNAUDITED,AUTO_MATCH_PENDING_QC_SAMPLE
BI_022_R09.png,BI,BI_022,9,BAR,BAR,BAR,CONFORMING_AUTO_UNAUDITED,AUTO_MATCH_PENDING_QC_SAMPLE
BI_022_R10.png,BI,BI_022,10,BAR,BAR,BAR,CONFORMING_AUTO_UNAUDITED,AUTO_MATCH_PENDING_QC_SAMPLE
BI_023_R01.png,BI,BI_023,1,BAR,BAR,BAR,CONFORMING_AUTO_UNAUDITED,AUTO_MATCH_PENDING_QC_SAMPLE
BI_023_R02.png,BI,BI_023,2,BAR,BAR,BAR,CONFORMING_AUTO_UNAUDITED,AUTO_MATCH_PENDING_QC_SAMPLE
BI_023_R03.png,BI,BI_023,3,BAR,BAR,BAR,CONFORMING_AUTO_UNAUDITED,AUTO_MATCH_PENDING_QC_SAMPLE
BI_023_R04.png,BI,BI_023,4,BAR,BAR,BAR,CONFORMING_AUTO_UNAUDITED,AUTO_MATCH_PENDING_QC_SAMPLE
BI_023_R05.png,BI,BI_023,5,BAR,BAR,BAR,CONFORMING_AUTO_UNAUDITED,AUTO_MATCH_PENDING_QC_SAMPLE
BI_023_R06.png,BI,BI_023,6,BAR,BAR,BAR,CONFORMING_AUTO_UNAUDITED,AUTO_MATCH_PENDING_QC_SAMPLE
BI_023_R07.png,BI,BI_023,7,BAR,BAR,BAR,CONFORMING_AUTO_UNAUDITED,AUTO_MATCH_PENDING_QC_SAMPLE
BI_023_R08.png,BI,BI_023,8,BAR,BAR,BAR,CONFORMING_AUTO_UNAUDITED,AUTO_MATCH_PENDING_QC_SAMPLE
BI_023_R09.png,BI,BI_023,9,BAR,BAR,BAR,CONFORMING_AUTO_UNAUDITED,AUTO_MATCH_PENDING_QC_SAMPLE
BI_023_R10.png,BI,BI_023,10,BAR,BAR,BAR,CONFORMING_AUTO_UNAUDITED,AUTO_MATCH_PENDING_QC_SAMPLE
BI_024_R01.png,BI,BI_024,1,BAR,BAR,BAR,CONFORMING_AUTO_UNAUDITED,AUTO_MATCH_PENDING_QC_SAMPLE
BI_024_R02.png,BI,BI_024,2,BAR,BAR,BAR,CONFORMING_AUTO_UNAUDITED,AUTO_MATCH_PENDING_QC_SAMPLE
BI_024_R03.png,BI,BI_024,3,BAR,BAR,BAR,CONFORMING_AUTO_UNAUDITED,AUTO_MATCH_PENDING_QC_SAMPLE
BI_024_R04.png,BI,BI_024,4,BAR,BAR,BAR,CONFORMING_AUTO_UNAUDITED,AUTO_MATCH_PENDING_QC_SAMPLE
BI_024_R05.png,BI,BI_024,5,BAR,BAR,BAR,CONFORMING_AUTO_UNAUDITED,AUTO_MATCH_PENDING_QC_SAMPLE
BI_024_R06.png,BI,BI_024,6,BAR,BAR,BAR,CONFORMING_AUTO_UNAUDITED,AUTO_MATCH_PENDING_QC_SAMPLE
BI_024_R07.png,BI,BI_024,7,BAR,BAR,BAR,CONFORMING_AUTO_UNAUDITED,AUTO_MATCH_PENDING_QC_SAMPLE
BI_024_R08.png,BI,BI_024,8,BAR,BAR,BAR,CONFORMING_AUTO_UNAUDITED,AUTO_MATCH_PENDING_QC_SAMPLE
BI_024_R09.png,BI,BI_024,9,BAR,BAR,BAR,CONFORMING_AUTO_UNAUDITED,AUTO_MATCH_PENDING_QC_SAMPLE
BI_024_R10.png,BI,BI_024,10,BAR,BAR,BAR,CONFORMING_AUTO_UNAUDITED,AUTO_MATCH_PENDING_QC_SAMPLE
BI_025_R01.png,BI,BI_025,1,BAR,BAR,BAR,CONFORMING_AUTO_UNAUDITED,AUTO_MATCH_PENDING_QC_SAMPLE
BI_025_R02.png,BI,BI_025,2,BAR,BAR,BAR,CONFORMING_AUTO_UNAUDITED,AUTO_MATCH_PENDING_QC_SAMPLE
BI_025_R03.png,BI,BI_025,3,BAR,BAR,BAR,CONFORMING_AUTO_UNAUDITED,AUTO_MATCH_PENDING_QC_SAMPLE
BI_025_R04.png,BI,BI_025,4,BAR,BAR,BAR,CONFORMING_AUTO_UNAUDITED,AUTO_MATCH_PENDING_QC_SAMPLE
BI_025_R05.png,BI,BI_025,5,BAR,BAR,BAR,CONFORMING_AUTO_UNAUDITED,AUTO_MATCH_PENDING_QC_SAMPLE
BI_025_R06.png,BI,BI_025,6,BAR,BAR,BAR,CONFORMING_AUTO_UNAUDITED,AUTO_MATCH_PENDING_QC_SAMPLE
BI_025_R07.png,BI,BI_025,7,BAR,BAR,BAR,CONFORMING_AUTO_UNAUDITED,AUTO_MATCH_PENDING_QC_SAMPLE
BI_025_R08.png,BI,BI_025,8,BAR,BAR,BAR,CONFORMING_AUTO_UNAUDITED,AUTO_MATCH_PENDING_QC_SAMPLE
BI_025_R09.png,BI,BI_025,9,BAR,BAR,BAR,CONFORMING_AUTO_UNAUDITED,AUTO_MATCH_PENDING_QC_SAMPLE
BI_025_R10.png,BI,BI_025,10,BAR,BAR,BAR,CONFORMING_AUTO_UNAUDITED,AUTO_MATCH_PENDING_QC_SAMPLE
BI_026_R01.png,BI,BI_026,1,BAR,BAR,BAR,CONFORMING_AUTO_UNAUDITED,AUTO_MATCH_PENDING_QC_SAMPLE
BI_026_R02.png,BI,BI_026,2,BAR,BAR,BAR,CONFORMING_AUTO_UNAUDITED,AUTO_MATCH_PENDING_QC_SAMPLE
BI_026_R03.png,BI,BI_026,3,BAR,BAR,BAR,CONFORMING_AUTO_UNAUDITED,AUTO_MATCH_PENDING_QC_SAMPLE
BI_026_R04.png,BI,BI_026,4,BAR,BAR,BAR,CONFORMING_AUTO_UNAUDITED,AUTO_MATCH_PENDING_QC_SAMPLE
BI_026_R05.png,BI,BI_026,5,BAR,BAR,BAR,CONFORMING_AUTO_UNAUDITED,AUTO_MATCH_PENDING_QC_SAMPLE
BI_026_R06.png,BI,BI_026,6,BAR,BAR,BAR,CONFORMING_AUTO_UNAUDITED,AUTO_MATCH_PENDING_QC_SAMPLE
BI_026_R07.png,BI,BI_026,7,BAR,BAR,BAR,CONFORMING_AUTO_UNAUDITED,AUTO_MATCH_PENDING_QC_SAMPLE
BI_026_R08.png,BI,BI_026,8,BAR,BAR,BAR,CONFORMING_AUTO_UNAUDITED,AUTO_MATCH_PENDING_QC_SAMPLE
BI_026_R09.png,BI,BI_026,9,BAR,BAR,BAR,CONFORMING_AUTO_UNAUDITED,AUTO_MATCH_PENDING_QC_SAMPLE
BI_026_R10.png,BI,BI_026,10,BAR,BAR,BAR,CONFORMING_AUTO_UNAUDITED,AUTO_MATCH_PENDING_QC_SAMPLE
BI_027_R01.png,BI,BI_027,1,BAR,BAR,BAR,CONFORMING_AUTO_UNAUDITED,AUTO_MATCH_PENDING_QC_SAMPLE
BI_027_R02.png,BI,BI_027,2,BAR,BAR,BAR,CONFORMING_AUTO_UNAUDITED,AUTO_MATCH_PENDING_QC_SAMPLE
BI_027_R03.png,BI,BI_027,3,BAR,BAR,BAR,CONFORMING_AUTO_UNAUDITED,AUTO_MATCH_PENDING_QC_SAMPLE
BI_027_R04.png,BI,BI_027,4,BAR,BAR,BAR,CONFORMING_AUTO_UNAUDITED,AUTO_MATCH_PENDING_QC_SAMPLE
BI_027_R05.png,BI,BI_027,5,BAR,BAR,BAR,CONFORMING_AUTO_UNAUDITED,AUTO_MATCH_PENDING_QC_SAMPLE
BI_027_R06.png,BI,BI_027,6,BAR,BAR,BAR,CONFORMING_AUTO_UNAUDITED,AUTO_MATCH_PENDING_QC_SAMPLE
BI_027_R07.png,BI,BI_027,7,BAR,BAR,BAR,CONFORMING_AUTO_UNAUDITED,AUTO_MATCH_PENDING_QC_SAMPLE
BI_027_R08.png,BI,BI_027,8,BAR,BAR,BAR,CONFORMING_AUTO_UNAUDITED,AUTO_MATCH_PENDING_QC_SAMPLE
BI_027_R09.png,BI,BI_027,9,BAR,BAR,BAR,CONFORMING_AUTO_UNAUDITED,AUTO_MATCH_PENDING_QC_SAMPLE
BI_027_R10.png,BI,BI_027,10,BAR,BAR,BAR,CONFORMING_AUTO_UNAUDITED,AUTO_MATCH_PENDING_QC_SAMPLE
BI_028_R01.png,BI,BI_028,1,BAR,BAR,BAR,CONFORMING_AUTO_UNAUDITED,AUTO_MATCH_PENDING_QC_SAMPLE
BI_028_R02.png,BI,BI_028,2,BAR,LINE,LINE,NONCONFORMING,MANUAL_AUDIT_AUTO_DISCREPANCY
BI_028_R03.png,BI,BI_028,3,BAR,BAR,BAR,CONFORMING_AUTO_UNAUDITED,AUTO_MATCH_PENDING_QC_SAMPLE
BI_028_R04.png,BI,BI_028,4,BAR,LINE,LINE,NONCONFORMING,MANUAL_AUDIT_AUTO_DISCREPANCY
BI_028_R05.png,BI,BI_028,5,BAR,BAR,BAR,CONFORMING_AUTO_UNAUDITED,AUTO_MATCH_PENDING_QC_SAMPLE
BI_028_R06.png,BI,BI_028,6,BAR,LINE,LINE,NONCONFORMING,MANUAL_AUDIT_AUTO_DISCREPANCY
BI_028_R07.png,BI,BI_028,7,BAR,LINE,LINE,NONCONFORMING,MANUAL_AUDIT_AUTO_DISCREPANCY
BI_028_R08.png,BI,BI_028,8,BAR,BAR,BAR,CONFORMING_AUTO_UNAUDITED,AUTO_MATCH_PENDING_QC_SAMPLE
BI_028_R09.png,BI,BI_028,9,BAR,BAR,BAR,CONFORMING_AUTO_UNAUDITED,AUTO_MATCH_PENDING_QC_SAMPLE
BI_028_R10.png,BI,BI_028,10,BAR,BAR,BAR,CONFORMING_AUTO_UNAUDITED,AUTO_MATCH_PENDING_QC_SAMPLE
BI_029_R01.png,BI,BI_029,1,BAR,BAR,BAR,CONFORMING_AUTO_UNAUDITED,AUTO_MATCH_PENDING_QC_SAMPLE
BI_029_R02.png,BI,BI_029,2,BAR,BAR,BAR,CONFORMING_AUTO_UNAUDITED,AUTO_MATCH_PENDING_QC_SAMPLE
BI_029_R03.png,BI,BI_029,3,BAR,BAR,BAR,CONFORMING_AUTO_UNAUDITED,AUTO_MATCH_PENDING_QC_SAMPLE
BI_029_R04.png,BI,BI_029,4,BAR,BAR,BAR,CONFORMING_AUTO_UNAUDITED,AUTO_MATCH_PENDING_QC_SAMPLE
BI_029_R05.png,BI,BI_029,5,BAR,BAR,BAR,CONFORMING_AUTO_UNAUDITED,AUTO_MATCH_PENDING_QC_SAMPLE
BI_029_R06.png,BI,BI_029,6,BAR,BAR,BAR,CONFORMING_AUTO_UNAUDITED,AUTO_MATCH_PENDING_QC_SAMPLE
BI_029_R07.png,BI,BI_029,7,BAR,BAR,BAR,CONFORMING_AUTO_UNAUDITED,AUTO_MATCH_PENDING_QC_SAMPLE
BI_029_R08.png,BI,BI_029,8,BAR,BAR,BAR,CONFORMING_AUTO_UNAUDITED,AUTO_MATCH_PENDING_QC_SAMPLE
BI_029_R09.png,BI,BI_029,9,BAR,BAR,BAR,CONFORMING_AUTO_UNAUDITED,AUTO_MATCH_PENDING_QC_SAMPLE
BI_029_R10.png,BI,BI_029,10,BAR,BAR,BAR,CONFORMING_AUTO_UNAUDITED,AUTO_MATCH_PENDING_QC_SAMPLE
BI_030_R01.png,BI,BI_030,1,BAR,BAR,BAR,CONFORMING_AUTO_UNAUDITED,AUTO_MATCH_PENDING_QC_SAMPLE
BI_030_R02.png,BI,BI_030,2,BAR,BAR,BAR,CONFORMING_AUTO_UNAUDITED,AUTO_MATCH_PENDING_QC_SAMPLE
BI_030_R03.png,BI,BI_030,3,BAR,BAR,BAR,CONFORMING_AUTO_UNAUDITED,AUTO_MATCH_PENDING_QC_SAMPLE
BI_030_R04.png,BI,BI_030,4,BAR,BAR,BAR,CONFORMING_AUTO_UNAUDITED,AUTO_MATCH_PENDING_QC_SAMPLE
BI_030_R05.png,BI,BI_030,5,BAR,BAR,BAR,CONFORMING_AUTO_UNAUDITED,AUTO_MATCH_PENDING_QC_SAMPLE
BI_030_R06.png,BI,BI_030,6,BAR,BAR,BAR,CONFORMING_AUTO_UNAUDITED,AUTO_MATCH_PENDING_QC_SAMPLE
BI_030_R07.png,BI,BI_030,7,BAR,BAR,BAR,CONFORMING_AUTO_UNAUDITED,AUTO_MATCH_PENDING_QC_SAMPLE
BI_030_R08.png,BI,BI_030,8,BAR,BAR,BAR,CONFORMING_AUTO_UNAUDITED,AUTO_MATCH_PENDING_QC_SAMPLE
BI_030_R09.png,BI,BI_030,9,BAR,BAR,BAR,CONFORMING_AUTO_UNAUDITED,AUTO_MATCH_PENDING_QC_SAMPLE
BI_030_R10.png,BI,BI_030,10,BAR,BAR,BAR,CONFORMING_AUTO_UNAUDITED,AUTO_MATCH_PENDING_QC_SAMPLE
BI_031_R01.png,BI,BI_031,1,BAR,BAR,BAR,CONFORMING_AUTO_UNAUDITED,AUTO_MATCH_PENDING_QC_SAMPLE
BI_031_R02.png,BI,BI_031,2,BAR,BAR,BAR,CONFORMING_AUTO_UNAUDITED,AUTO_MATCH_PENDING_QC_SAMPLE
BI_031_R03.png,BI,BI_031,3,BAR,BAR,BAR,CONFORMING_AUTO_UNAUDITED,AUTO_MATCH_PENDING_QC_SAMPLE
BI_031_R04.png,BI,BI_031,4,BAR,BAR,BAR,CONFORMING_AUTO_UNAUDITED,AUTO_MATCH_PENDING_QC_SAMPLE
BI_031_R05.png,BI,BI_031,5,BAR,BAR,BAR,CONFORMING_AUTO_UNAUDITED,AUTO_MATCH_PENDING_QC_SAMPLE
BI_031_R06.png,BI,BI_031,6,BAR,BAR,BAR,CONFORMING_AUTO_UNAUDITED,AUTO_MATCH_PENDING_QC_SAMPLE
BI_031_R07.png,BI,BI_031,7,BAR,BAR,BAR,CONFORMING_AUTO_UNAUDITED,AUTO_MATCH_PENDING_QC_SAMPLE
BI_031_R08.png,BI,BI_031,8,BAR,BAR,BAR,CONFORMING_AUTO_UNAUDITED,AUTO_MATCH_PENDING_QC_SAMPLE
BI_031_R09.png,BI,BI_031,9,BAR,BAR,BAR,CONFORMING_AUTO_UNAUDITED,AUTO_MATCH_PENDING_QC_SAMPLE
BI_031_R10.png,BI,BI_031,10,BAR,BAR,BAR,CONFORMING_AUTO_UNAUDITED,AUTO_MATCH_PENDING_QC_SAMPLE
BI_032_R01.png,BI,BI_032,1,BAR,BAR,BAR,CONFORMING_AUTO_UNAUDITED,AUTO_MATCH_PENDING_QC_SAMPLE
BI_032_R02.png,BI,BI_032,2,BAR,BAR,BAR,CONFORMING_AUTO_UNAUDITED,AUTO_MATCH_PENDING_QC_SAMPLE
BI_032_R03.png,BI,BI_032,3,BAR,BAR,BAR,CONFORMING_AUTO_UNAUDITED,AUTO_MATCH_PENDING_QC_SAMPLE
BI_032_R04.png,BI,BI_032,4,BAR,BAR,BAR,CONFORMING_AUTO_UNAUDITED,AUTO_MATCH_PENDING_QC_SAMPLE
BI_032_R05.png,BI,BI_032,5,BAR,BAR,BAR,CONFORMING_AUTO_UNAUDITED,AUTO_MATCH_PENDING_QC_SAMPLE
BI_032_R06.png,BI,BI_032,6,BAR,BAR,BAR,CONFORMING_AUTO_UNAUDITED,AUTO_MATCH_PENDING_QC_SAMPLE
BI_032_R07.png,BI,BI_032,7,BAR,BAR,BAR,CONFORMING_AUTO_UNAUDITED,AUTO_MATCH_PENDING_QC_SAMPLE
BI_032_R08.png,BI,BI_032,8,BAR,BAR,BAR,CONFORMING_AUTO_UNAUDITED,AUTO_MATCH_PENDING_QC_SAMPLE
BI_032_R09.png,BI,BI_032,9,BAR,BAR,BAR,CONFORMING_AUTO_UNAUDITED,AUTO_MATCH_PENDING_QC_SAMPLE
BI_032_R10.png,BI,BI_032,10,BAR,BAR,BAR,CONFORMING_AUTO_UNAUDITED,AUTO_MATCH_PENDING_QC_SAMPLE
BI_033_R01.png,BI,BI_033,1,BAR,BAR,BAR,CONFORMING_AUTO_UNAUDITED,AUTO_MATCH_PENDING_QC_SAMPLE
BI_033_R02.png,BI,BI_033,2,BAR,BAR,BAR,CONFORMING_AUTO_UNAUDITED,AUTO_MATCH_PENDING_QC_SAMPLE
BI_033_R03.png,BI,BI_033,3,BAR,BAR,BAR,CONFORMING_AUTO_UNAUDITED,AUTO_MATCH_PENDING_QC_SAMPLE
BI_033_R04.png,BI,BI_033,4,BAR,BAR,BAR,CONFORMING_AUTO_UNAUDITED,AUTO_MATCH_PENDING_QC_SAMPLE
BI_033_R05.png,BI,BI_033,5,BAR,BAR,BAR,CONFORMING_AUTO_UNAUDITED,AUTO_MATCH_PENDING_QC_SAMPLE
BI_033_R06.png,BI,BI_033,6,BAR,BAR,BAR,CONFORMING_AUTO_UNAUDITED,AUTO_MATCH_PENDING_QC_SAMPLE
BI_033_R07.png,BI,BI_033,7,BAR,BAR,BAR,CONFORMING_AUTO_UNAUDITED,AUTO_MATCH_PENDING_QC_SAMPLE
BI_033_R08.png,BI,BI_033,8,BAR,BAR,BAR,CONFORMING_AUTO_UNAUDITED,AUTO_MATCH_PENDING_QC_SAMPLE
BI_033_R09.png,BI,BI_033,9,BAR,BAR,BAR,CONFORMING_AUTO_UNAUDITED,AUTO_MATCH_PENDING_QC_SAMPLE
BI_033_R10.png,BI,BI_033,10,BAR,BAR,BAR,CONFORMING_AUTO_UNAUDITED,AUTO_MATCH_PENDING_QC_SAMPLE
BI_034_R01.png,BI,BI_034,1,BAR,BAR,BAR,CONFORMING_AUTO_UNAUDITED,AUTO_MATCH_PENDING_QC_SAMPLE
BI_034_R02.png,BI,BI_034,2,BAR,BAR,BAR,CONFORMING_AUTO_UNAUDITED,AUTO_MATCH_PENDING_QC_SAMPLE
BI_034_R03.png,BI,BI_034,3,BAR,BAR,BAR,CONFORMING_AUTO_UNAUDITED,AUTO_MATCH_PENDING_QC_SAMPLE
BI_034_R04.png,BI,BI_034,4,BAR,BAR,BAR,CONFORMING_AUTO_UNAUDITED,AUTO_MATCH_PENDING_QC_SAMPLE
BI_034_R05.png,BI,BI_034,5,BAR,BAR,BAR,CONFORMING_AUTO_UNAUDITED,AUTO_MATCH_PENDING_QC_SAMPLE
BI_034_R06.png,BI,BI_034,6,BAR,BAR,BAR,CONFORMING_AUTO_UNAUDITED,AUTO_MATCH_PENDING_QC_SAMPLE
BI_034_R07.png,BI,BI_034,7,BAR,BAR,BAR,CONFORMING_AUTO_UNAUDITED,AUTO_MATCH_PENDING_QC_SAMPLE
BI_034_R08.png,BI,BI_034,8,BAR,BAR,BAR,CONFORMING_AUTO_UNAUDITED,AUTO_MATCH_PENDING_QC_SAMPLE
BI_034_R09.png,BI,BI_034,9,BAR,BAR,BAR,CONFORMING_AUTO_UNAUDITED,AUTO_MATCH_PENDING_QC_SAMPLE
BI_034_R10.png,BI,BI_034,10,BAR,BAR,BAR,CONFORMING_AUTO_UNAUDITED,AUTO_MATCH_PENDING_QC_SAMPLE
BI_035_R01.png,BI,BI_035,1,BAR,BAR,BAR,CONFORMING_AUTO_UNAUDITED,AUTO_MATCH_PENDING_QC_SAMPLE
BI_035_R02.png,BI,BI_035,2,BAR,BAR,BAR,CONFORMING_AUTO_UNAUDITED,AUTO_MATCH_PENDING_QC_SAMPLE
BI_035_R03.png,BI,BI_035,3,BAR,BAR,BAR,CONFORMING_AUTO_UNAUDITED,AUTO_MATCH_PENDING_QC_SAMPLE
BI_035_R04.png,BI,BI_035,4,BAR,BAR,BAR,CONFORMING_AUTO_UNAUDITED,AUTO_MATCH_PENDING_QC_SAMPLE
BI_035_R05.png,BI,BI_035,5,BAR,BAR,BAR,CONFORMING_AUTO_UNAUDITED,AUTO_MATCH_PENDING_QC_SAMPLE
BI_035_R06.png,BI,BI_035,6,BAR,BAR,BAR,CONFORMING_AUTO_UNAUDITED,AUTO_MATCH_PENDING_QC_SAMPLE
BI_035_R07.png,BI,BI_035,7,BAR,BAR,BAR,CONFORMING_AUTO_UNAUDITED,AUTO_MATCH_PENDING_QC_SAMPLE
BI_035_R08.png,BI,BI_035,8,BAR,BAR,BAR,CONFORMING_AUTO_UNAUDITED,AUTO_MATCH_PENDING_QC_SAMPLE
BI_035_R09.png,BI,BI_035,9,BAR,BAR,BAR,CONFORMING_AUTO_UNAUDITED,AUTO_MATCH_PENDING_QC_SAMPLE
BI_035_R10.png,BI,BI_035,10,BAR,BAR,BAR,CONFORMING_AUTO_UNAUDITED,AUTO_MATCH_PENDING_QC_SAMPLE
BI_036_R01.png,BI,BI_036,1,BAR,BAR,BAR,CONFORMING_AUTO_UNAUDITED,AUTO_MATCH_PENDING_QC_SAMPLE
BI_036_R02.png,BI,BI_036,2,BAR,BAR,BAR,CONFORMING_AUTO_UNAUDITED,AUTO_MATCH_PENDING_QC_SAMPLE
BI_036_R03.png,BI,BI_036,3,BAR,BAR,BAR,CONFORMING_AUTO_UNAUDITED,AUTO_MATCH_PENDING_QC_SAMPLE
BI_036_R04.png,BI,BI_036,4,BAR,BAR,BAR,CONFORMING_AUTO_UNAUDITED,AUTO_MATCH_PENDING_QC_SAMPLE
BI_036_R05.png,BI,BI_036,5,BAR,BAR,BAR,CONFORMING_AUTO_UNAUDITED,AUTO_MATCH_PENDING_QC_SAMPLE
BI_036_R06.png,BI,BI_036,6,BAR,BAR,BAR,CONFORMING_AUTO_UNAUDITED,AUTO_MATCH_PENDING_QC_SAMPLE
BI_036_R07.png,BI,BI_036,7,BAR,BAR,BAR,CONFORMING_AUTO_UNAUDITED,AUTO_MATCH_PENDING_QC_SAMPLE
BI_036_R08.png,BI,BI_036,8,BAR,BAR,BAR,CONFORMING_AUTO_UNAUDITED,AUTO_MATCH_PENDING_QC_SAMPLE
BI_036_R09.png,BI,BI_036,9,BAR,BAR,BAR,CONFORMING_AUTO_UNAUDITED,AUTO_MATCH_PENDING_QC_SAMPLE
BI_036_R10.png,BI,BI_036,10,BAR,BAR,BAR,CONFORMING_AUTO_UNAUDITED,AUTO_MATCH_PENDING_QC_SAMPLE
BI_037_R01.png,BI,BI_037,1,BAR,BAR,BAR,CONFORMING_AUTO_UNAUDITED,AUTO_MATCH_PENDING_QC_SAMPLE
BI_037_R02.png,BI,BI_037,2,BAR,BAR,BAR,CONFORMING_AUTO_UNAUDITED,AUTO_MATCH_PENDING_QC_SAMPLE
BI_037_R03.png,BI,BI_037,3,BAR,BAR,BAR,CONFORMING_AUTO_UNAUDITED,AUTO_MATCH_PENDING_QC_SAMPLE
BI_037_R04.png,BI,BI_037,4,BAR,BAR,BAR,CONFORMING_AUTO_UNAUDITED,AUTO_MATCH_PENDING_QC_SAMPLE
BI_037_R05.png,BI,BI_037,5,BAR,BAR,BAR,CONFORMING_AUTO_UNAUDITED,AUTO_MATCH_PENDING_QC_SAMPLE
BI_037_R06.png,BI,BI_037,6,BAR,BAR,BAR,CONFORMING_AUTO_UNAUDITED,AUTO_MATCH_PENDING_QC_SAMPLE
BI_037_R07.png,BI,BI_037,7,BAR,BAR,BAR,CONFORMING_AUTO_UNAUDITED,AUTO_MATCH_PENDING_QC_SAMPLE
BI_037_R08.png,BI,BI_037,8,BAR,BAR,BAR,CONFORMING_AUTO_UNAUDITED,AUTO_MATCH_PENDING_QC_SAMPLE
BI_037_R09.png,BI,BI_037,9,BAR,BAR,BAR,CONFORMING_AUTO_UNAUDITED,AUTO_MATCH_PENDING_QC_SAMPLE
BI_037_R10.png,BI,BI_037,10,BAR,BAR,BAR,CONFORMING_AUTO_UNAUDITED,AUTO_MATCH_PENDING_QC_SAMPLE
BI_038_R01.png,BI,BI_038,1,BAR,BAR,BAR,CONFORMING_AUTO_UNAUDITED,AUTO_MATCH_PENDING_QC_SAMPLE
BI_038_R02.png,BI,BI_038,2,BAR,BAR,BAR,CONFORMING_AUTO_UNAUDITED,AUTO_MATCH_PENDING_QC_SAMPLE
BI_038_R03.png,BI,BI_038,3,BAR,BAR,BAR,CONFORMING_AUTO_UNAUDITED,AUTO_MATCH_PENDING_QC_SAMPLE
BI_038_R04.png,BI,BI_038,4,BAR,BAR,BAR,CONFORMING_AUTO_UNAUDITED,AUTO_MATCH_PENDING_QC_SAMPLE
BI_038_R05.png,BI,BI_038,5,BAR,BAR,BAR,CONFORMING_AUTO_UNAUDITED,AUTO_MATCH_PENDING_QC_SAMPLE
BI_038_R06.png,BI,BI_038,6,BAR,BAR,BAR,CONFORMING_AUTO_UNAUDITED,AUTO_MATCH_PENDING_QC_SAMPLE
BI_038_R07.png,BI,BI_038,7,BAR,BAR,BAR,CONFORMING_AUTO_UNAUDITED,AUTO_MATCH_PENDING_QC_SAMPLE
BI_038_R08.png,BI,BI_038,8,BAR,BAR,BAR,CONFORMING_AUTO_UNAUDITED,AUTO_MATCH_PENDING_QC_SAMPLE
BI_038_R09.png,BI,BI_038,9,BAR,BAR,BAR,CONFORMING_AUTO_UNAUDITED,AUTO_MATCH_PENDING_QC_SAMPLE
BI_038_R10.png,BI,BI_038,10,BAR,BAR,BAR,CONFORMING_AUTO_UNAUDITED,AUTO_MATCH_PENDING_QC_SAMPLE
BI_039_R01.png,BI,BI_039,1,BAR,BAR,BAR,CONFORMING_AUTO_UNAUDITED,AUTO_MATCH_PENDING_QC_SAMPLE
BI_039_R02.png,BI,BI_039,2,BAR,BAR,BAR,CONFORMING_AUTO_UNAUDITED,AUTO_MATCH_PENDING_QC_SAMPLE
BI_039_R03.png,BI,BI_039,3,BAR,BAR,BAR,CONFORMING_AUTO_UNAUDITED,AUTO_MATCH_PENDING_QC_SAMPLE
BI_039_R04.png,BI,BI_039,4,BAR,BAR,BAR,CONFORMING_AUTO_UNAUDITED,AUTO_MATCH_PENDING_QC_SAMPLE
BI_039_R05.png,BI,BI_039,5,BAR,BAR,BAR,CONFORMING_AUTO_UNAUDITED,AUTO_MATCH_PENDING_QC_SAMPLE
BI_039_R06.png,BI,BI_039,6,BAR,BAR,BAR,CONFORMING_AUTO_UNAUDITED,AUTO_MATCH_PENDING_QC_SAMPLE
BI_039_R07.png,BI,BI_039,7,BAR,BAR,BAR,CONFORMING_AUTO_UNAUDITED,AUTO_MATCH_PENDING_QC_SAMPLE
BI_039_R08.png,BI,BI_039,8,BAR,BAR,BAR,CONFORMING_AUTO_UNAUDITED,AUTO_MATCH_PENDING_QC_SAMPLE
BI_039_R09.png,BI,BI_039,9,BAR,BAR,BAR,CONFORMING_AUTO_UNAUDITED,AUTO_MATCH_PENDING_QC_SAMPLE
BI_039_R10.png,BI,BI_039,10,BAR,BAR,BAR,CONFORMING_AUTO_UNAUDITED,AUTO_MATCH_PENDING_QC_SAMPLE
BI_040_R01.png,BI,BI_040,1,BAR,BAR,BAR,CONFORMING_AUTO_UNAUDITED,AUTO_MATCH_PENDING_QC_SAMPLE
BI_040_R02.png,BI,BI_040,2,BAR,BAR,BAR,CONFORMING_AUTO_UNAUDITED,AUTO_MATCH_PENDING_QC_SAMPLE
BI_040_R03.png,BI,BI_040,3,BAR,BAR,BAR,CONFORMING_AUTO_UNAUDITED,AUTO_MATCH_PENDING_QC_SAMPLE
BI_040_R04.png,BI,BI_040,4,BAR,BAR,BAR,CONFORMING_AUTO_UNAUDITED,AUTO_MATCH_PENDING_QC_SAMPLE
BI_040_R05.png,BI,BI_040,5,BAR,BAR,BAR,CONFORMING_AUTO_UNAUDITED,AUTO_MATCH_PENDING_QC_SAMPLE
BI_040_R06.png,BI,BI_040,6,BAR,BAR,BAR,CONFORMING_AUTO_UNAUDITED,AUTO_MATCH_PENDING_QC_SAMPLE
BI_040_R07.png,BI,BI_040,7,BAR,BAR,BAR,CONFORMING_AUTO_UNAUDITED,AUTO_MATCH_PENDING_QC_SAMPLE
BI_040_R08.png,BI,BI_040,8,BAR,BAR,BAR,CONFORMING_AUTO_UNAUDITED,AUTO_MATCH_PENDING_QC_SAMPLE
BI_040_R09.png,BI,BI_040,9,BAR,BAR,BAR,CONFORMING_AUTO_UNAUDITED,AUTO_MATCH_PENDING_QC_SAMPLE
BI_040_R10.png,BI,BI_040,10,BAR,BAR,BAR,CONFORMING_AUTO_UNAUDITED,AUTO_MATCH_PENDING_QC_SAMPLE
BI_041_R01.png,BI,BI_041,1,BAR,BAR,BAR,CONFORMING_AUTO_UNAUDITED,AUTO_MATCH_PENDING_QC_SAMPLE
BI_041_R02.png,BI,BI_041,2,BAR,BAR,BAR,CONFORMING_AUTO_UNAUDITED,AUTO_MATCH_PENDING_QC_SAMPLE
BI_041_R03.png,BI,BI_041,3,BAR,SCATTER,BAR,CONFORMING,MANUAL_AUDIT_AUTO_DISCREPANCY
BI_041_R04.png,BI,BI_041,4,BAR,BAR,BAR,CONFORMING_AUTO_UNAUDITED,AUTO_MATCH_PENDING_QC_SAMPLE
BI_041_R05.png,BI,BI_041,5,BAR,SCATTER,BAR,CONFORMING,MANUAL_AUDIT_AUTO_DISCREPANCY
BI_041_R06.png,BI,BI_041,6,BAR,BAR,BAR,CONFORMING_AUTO_UNAUDITED,AUTO_MATCH_PENDING_QC_SAMPLE
BI_041_R07.png,BI,BI_041,7,BAR,BAR,BAR,CONFORMING_AUTO_UNAUDITED,AUTO_MATCH_PENDING_QC_SAMPLE
BI_041_R08.png,BI,BI_041,8,BAR,BAR,BAR,CONFORMING_AUTO_UNAUDITED,AUTO_MATCH_PENDING_QC_SAMPLE
BI_041_R09.png,BI,BI_041,9,BAR,BAR,BAR,CONFORMING_AUTO_UNAUDITED,AUTO_MATCH_PENDING_QC_SAMPLE
BI_041_R10.png,BI,BI_041,10,BAR,BAR,BAR,CONFORMING_AUTO_UNAUDITED,AUTO_MATCH_PENDING_QC_SAMPLE
BI_042_R01.png,BI,BI_042,1,BAR,BAR,BAR,CONFORMING_AUTO_UNAUDITED,AUTO_MATCH_PENDING_QC_SAMPLE
BI_042_R02.png,BI,BI_042,2,BAR,BAR,BAR,CONFORMING_AUTO_UNAUDITED,AUTO_MATCH_PENDING_QC_SAMPLE
BI_042_R03.png,BI,BI_042,3,BAR,BAR,BAR,CONFORMING_AUTO_UNAUDITED,AUTO_MATCH_PENDING_QC_SAMPLE
BI_042_R04.png,BI,BI_042,4,BAR,BAR,BAR,CONFORMING_AUTO_UNAUDITED,AUTO_MATCH_PENDING_QC_SAMPLE
BI_042_R05.png,BI,BI_042,5,BAR,BAR,BAR,CONFORMING_AUTO_UNAUDITED,AUTO_MATCH_PENDING_QC_SAMPLE
BI_042_R06.png,BI,BI_042,6,BAR,BAR,BAR,CONFORMING_AUTO_UNAUDITED,AUTO_MATCH_PENDING_QC_SAMPLE
BI_042_R07.png,BI,BI_042,7,BAR,BAR,BAR,CONFORMING_AUTO_UNAUDITED,AUTO_MATCH_PENDING_QC_SAMPLE
BI_042_R08.png,BI,BI_042,8,BAR,BAR,BAR,CONFORMING_AUTO_UNAUDITED,AUTO_MATCH_PENDING_QC_SAMPLE
BI_042_R09.png,BI,BI_042,9,BAR,BAR,BAR,CONFORMING_AUTO_UNAUDITED,AUTO_MATCH_PENDING_QC_SAMPLE
BI_042_R10.png,BI,BI_042,10,BAR,BAR,BAR,CONFORMING_AUTO_UNAUDITED,AUTO_MATCH_PENDING_QC_SAMPLE
BI_043_R01.png,BI,BI_043,1,BAR,BAR,BAR,CONFORMING_AUTO_UNAUDITED,AUTO_MATCH_PENDING_QC_SAMPLE
BI_043_R02.png,BI,BI_043,2,BAR,BAR,BAR,CONFORMING_AUTO_UNAUDITED,AUTO_MATCH_PENDING_QC_SAMPLE
BI_043_R03.png,BI,BI_043,3,BAR,BAR,BAR,CONFORMING_AUTO_UNAUDITED,AUTO_MATCH_PENDING_QC_SAMPLE
BI_043_R04.png,BI,BI_043,4,BAR,BAR,BAR,CONFORMING_AUTO_UNAUDITED,AUTO_MATCH_PENDING_QC_SAMPLE
BI_043_R05.png,BI,BI_043,5,BAR,BAR,BAR,CONFORMING_AUTO_UNAUDITED,AUTO_MATCH_PENDING_QC_SAMPLE
BI_043_R06.png,BI,BI_043,6,BAR,BAR,BAR,CONFORMING_AUTO_UNAUDITED,AUTO_MATCH_PENDING_QC_SAMPLE
BI_043_R07.png,BI,BI_043,7,BAR,BAR,BAR,CONFORMING_AUTO_UNAUDITED,AUTO_MATCH_PENDING_QC_SAMPLE
BI_043_R08.png,BI,BI_043,8,BAR,BAR,BAR,CONFORMING_AUTO_UNAUDITED,AUTO_MATCH_PENDING_QC_SAMPLE
BI_043_R09.png,BI,BI_043,9,BAR,BAR,BAR,CONFORMING_AUTO_UNAUDITED,AUTO_MATCH_PENDING_QC_SAMPLE
BI_043_R10.png,BI,BI_043,10,BAR,BAR,BAR,CONFORMING_AUTO_UNAUDITED,AUTO_MATCH_PENDING_QC_SAMPLE
BI_044_R01.png,BI,BI_044,1,BAR,BAR,BAR,CONFORMING_AUTO_UNAUDITED,AUTO_MATCH_PENDING_QC_SAMPLE
BI_044_R02.png,BI,BI_044,2,BAR,BAR,BAR,CONFORMING_AUTO_UNAUDITED,AUTO_MATCH_PENDING_QC_SAMPLE
BI_044_R03.png,BI,BI_044,3,BAR,BAR,BAR,CONFORMING_AUTO_UNAUDITED,AUTO_MATCH_PENDING_QC_SAMPLE
BI_044_R04.png,BI,BI_044,4,BAR,BAR,BAR,CONFORMING_AUTO_UNAUDITED,AUTO_MATCH_PENDING_QC_SAMPLE
BI_044_R05.png,BI,BI_044,5,BAR,BAR,BAR,CONFORMING_AUTO_UNAUDITED,AUTO_MATCH_PENDING_QC_SAMPLE
BI_044_R06.png,BI,BI_044,6,BAR,BAR,BAR,CONFORMING_AUTO_UNAUDITED,AUTO_MATCH_PENDING_QC_SAMPLE
BI_044_R07.png,BI,BI_044,7,BAR,BAR,BAR,CONFORMING_AUTO_UNAUDITED,AUTO_MATCH_PENDING_QC_SAMPLE
BI_044_R08.png,BI,BI_044,8,BAR,BAR,BAR,CONFORMING_AUTO_UNAUDITED,AUTO_MATCH_PENDING_QC_SAMPLE
BI_044_R09.png,BI,BI_044,9,BAR,BAR,BAR,CONFORMING_AUTO_UNAUDITED,AUTO_MATCH_PENDING_QC_SAMPLE
BI_044_R10.png,BI,BI_044,10,BAR,BAR,BAR,CONFORMING_AUTO_UNAUDITED,AUTO_MATCH_PENDING_QC_SAMPLE
BI_045_R01.png,BI,BI_045,1,BAR,BAR,BAR,CONFORMING_AUTO_UNAUDITED,AUTO_MATCH_PENDING_QC_SAMPLE
BI_045_R02.png,BI,BI_045,2,BAR,BAR,BAR,CONFORMING_AUTO_UNAUDITED,AUTO_MATCH_PENDING_QC_SAMPLE
BI_045_R03.png,BI,BI_045,3,BAR,BAR,BAR,CONFORMING_AUTO_UNAUDITED,AUTO_MATCH_PENDING_QC_SAMPLE
BI_045_R04.png,BI,BI_045,4,BAR,BAR,BAR,CONFORMING_AUTO_UNAUDITED,AUTO_MATCH_PENDING_QC_SAMPLE
BI_045_R05.png,BI,BI_045,5,BAR,BAR,BAR,CONFORMING_AUTO_UNAUDITED,AUTO_MATCH_PENDING_QC_SAMPLE
BI_045_R06.png,BI,BI_045,6,BAR,BAR,BAR,CONFORMING_AUTO_UNAUDITED,AUTO_MATCH_PENDING_QC_SAMPLE
BI_045_R07.png,BI,BI_045,7,BAR,BAR,BAR,CONFORMING_AUTO_UNAUDITED,AUTO_MATCH_PENDING_QC_SAMPLE
BI_045_R08.png,BI,BI_045,8,BAR,BAR,BAR,CONFORMING_AUTO_UNAUDITED,AUTO_MATCH_PENDING_QC_SAMPLE
BI_045_R09.png,BI,BI_045,9,BAR,BAR,BAR,CONFORMING_AUTO_UNAUDITED,AUTO_MATCH_PENDING_QC_SAMPLE
BI_045_R10.png,BI,BI_045,10,BAR,BAR,BAR,CONFORMING_AUTO_UNAUDITED,AUTO_MATCH_PENDING_QC_SAMPLE
BI_046_R01.png,BI,BI_046,1,BAR,BAR,BAR,CONFORMING_AUTO_UNAUDITED,AUTO_MATCH_PENDING_QC_SAMPLE
BI_046_R02.png,BI,BI_046,2,BAR,BAR,BAR,CONFORMING_AUTO_UNAUDITED,AUTO_MATCH_PENDING_QC_SAMPLE
BI_046_R03.png,BI,BI_046,3,BAR,BAR,BAR,CONFORMING_AUTO_UNAUDITED,AUTO_MATCH_PENDING_QC_SAMPLE
BI_046_R04.png,BI,BI_046,4,BAR,BAR,BAR,CONFORMING_AUTO_UNAUDITED,AUTO_MATCH_PENDING_QC_SAMPLE
BI_046_R05.png,BI,BI_046,5,BAR,BAR,BAR,CONFORMING_AUTO_UNAUDITED,AUTO_MATCH_PENDING_QC_SAMPLE
BI_046_R06.png,BI,BI_046,6,BAR,BAR,BAR,CONFORMING_AUTO_UNAUDITED,AUTO_MATCH_PENDING_QC_SAMPLE
BI_046_R07.png,BI,BI_046,7,BAR,BAR,BAR,CONFORMING_AUTO_UNAUDITED,AUTO_MATCH_PENDING_QC_SAMPLE
BI_046_R08.png,BI,BI_046,8,BAR,BAR,BAR,CONFORMING_AUTO_UNAUDITED,AUTO_MATCH_PENDING_QC_SAMPLE
BI_046_R09.png,BI,BI_046,9,BAR,BAR,BAR,CONFORMING_AUTO_UNAUDITED,AUTO_MATCH_PENDING_QC_SAMPLE
BI_046_R10.png,BI,BI_046,10,BAR,BAR,BAR,CONFORMING_AUTO_UNAUDITED,AUTO_MATCH_PENDING_QC_SAMPLE
BI_047_R01.png,BI,BI_047,1,BAR,BAR,BAR,CONFORMING_AUTO_UNAUDITED,AUTO_MATCH_PENDING_QC_SAMPLE
BI_047_R02.png,BI,BI_047,2,BAR,BAR,BAR,CONFORMING_AUTO_UNAUDITED,AUTO_MATCH_PENDING_QC_SAMPLE
BI_047_R03.png,BI,BI_047,3,BAR,BAR,BAR,CONFORMING_AUTO_UNAUDITED,AUTO_MATCH_PENDING_QC_SAMPLE
BI_047_R04.png,BI,BI_047,4,BAR,BAR,BAR,CONFORMING_AUTO_UNAUDITED,AUTO_MATCH_PENDING_QC_SAMPLE
BI_047_R05.png,BI,BI_047,5,BAR,BAR,BAR,CONFORMING_AUTO_UNAUDITED,AUTO_MATCH_PENDING_QC_SAMPLE
BI_047_R06.png,BI,BI_047,6,BAR,BAR,BAR,CONFORMING_AUTO_UNAUDITED,AUTO_MATCH_PENDING_QC_SAMPLE
BI_047_R07.png,BI,BI_047,7,BAR,BAR,BAR,CONFORMING_AUTO_UNAUDITED,AUTO_MATCH_PENDING_QC_SAMPLE
BI_047_R08.png,BI,BI_047,8,BAR,BAR,BAR,CONFORMING_AUTO_UNAUDITED,AUTO_MATCH_PENDING_QC_SAMPLE
BI_047_R09.png,BI,BI_047,9,BAR,BAR,BAR,CONFORMING_AUTO_UNAUDITED,AUTO_MATCH_PENDING_QC_SAMPLE
BI_047_R10.png,BI,BI_047,10,BAR,BAR,BAR,CONFORMING_AUTO_UNAUDITED,AUTO_MATCH_PENDING_QC_SAMPLE
BI_048_R01.png,BI,BI_048,1,BAR,BAR,BAR,CONFORMING_AUTO_UNAUDITED,AUTO_MATCH_PENDING_QC_SAMPLE
BI_048_R02.png,BI,BI_048,2,BAR,BAR,BAR,CONFORMING_AUTO_UNAUDITED,AUTO_MATCH_PENDING_QC_SAMPLE
BI_048_R03.png,BI,BI_048,3,BAR,BAR,BAR,CONFORMING_AUTO_UNAUDITED,AUTO_MATCH_PENDING_QC_SAMPLE
BI_048_R04.png,BI,BI_048,4,BAR,BAR,BAR,CONFORMING_AUTO_UNAUDITED,AUTO_MATCH_PENDING_QC_SAMPLE
BI_048_R05.png,BI,BI_048,5,BAR,BAR,BAR,CONFORMING_AUTO_UNAUDITED,AUTO_MATCH_PENDING_QC_SAMPLE
BI_048_R06.png,BI,BI_048,6,BAR,BAR,BAR,CONFORMING_AUTO_UNAUDITED,AUTO_MATCH_PENDING_QC_SAMPLE
BI_048_R07.png,BI,BI_048,7,BAR,BAR,BAR,CONFORMING_AUTO_UNAUDITED,AUTO_MATCH_PENDING_QC_SAMPLE
BI_048_R08.png,BI,BI_048,8,BAR,BAR,BAR,CONFORMING_AUTO_UNAUDITED,AUTO_MATCH_PENDING_QC_SAMPLE
BI_048_R09.png,BI,BI_048,9,BAR,BAR,BAR,CONFORMING_AUTO_UNAUDITED,AUTO_MATCH_PENDING_QC_SAMPLE
BI_048_R10.png,BI,BI_048,10,BAR,BAR,BAR,CONFORMING_AUTO_UNAUDITED,AUTO_MATCH_PENDING_QC_SAMPLE
BI_049_R01.png,BI,BI_049,1,BAR,BAR,BAR,CONFORMING_AUTO_UNAUDITED,AUTO_MATCH_PENDING_QC_SAMPLE
BI_049_R02.png,BI,BI_049,2,BAR,BAR,BAR,CONFORMING_AUTO_UNAUDITED,AUTO_MATCH_PENDING_QC_SAMPLE
BI_049_R03.png,BI,BI_049,3,BAR,BAR,BAR,CONFORMING_AUTO_UNAUDITED,AUTO_MATCH_PENDING_QC_SAMPLE
BI_049_R04.png,BI,BI_049,4,BAR,BAR,BAR,CONFORMING_AUTO_UNAUDITED,AUTO_MATCH_PENDING_QC_SAMPLE
BI_049_R05.png,BI,BI_049,5,BAR,BAR,BAR,CONFORMING_AUTO_UNAUDITED,AUTO_MATCH_PENDING_QC_SAMPLE
BI_049_R06.png,BI,BI_049,6,BAR,BAR,BAR,CONFORMING_AUTO_UNAUDITED,AUTO_MATCH_PENDING_QC_SAMPLE
BI_049_R07.png,BI,BI_049,7,BAR,BAR,BAR,CONFORMING_AUTO_UNAUDITED,AUTO_MATCH_PENDING_QC_SAMPLE
BI_049_R08.png,BI,BI_049,8,BAR,BAR,BAR,CONFORMING_AUTO_UNAUDITED,AUTO_MATCH_PENDING_QC_SAMPLE
BI_049_R09.png,BI,BI_049,9,BAR,BAR,BAR,CONFORMING_AUTO_UNAUDITED,AUTO_MATCH_PENDING_QC_SAMPLE
BI_049_R10.png,BI,BI_049,10,BAR,BAR,BAR,CONFORMING_AUTO_UNAUDITED,AUTO_MATCH_PENDING_QC_SAMPLE
BI_050_R01.png,BI,BI_050,1,BAR,BAR,BAR,CONFORMING_AUTO_UNAUDITED,AUTO_MATCH_PENDING_QC_SAMPLE
BI_050_R02.png,BI,BI_050,2,BAR,BAR,BAR,CONFORMING_AUTO_UNAUDITED,AUTO_MATCH_PENDING_QC_SAMPLE
BI_050_R03.png,BI,BI_050,3,BAR,BAR,BAR,CONFORMING_AUTO_UNAUDITED,AUTO_MATCH_PENDING_QC_SAMPLE
BI_050_R04.png,BI,BI_050,4,BAR,BAR,BAR,CONFORMING_AUTO_UNAUDITED,AUTO_MATCH_PENDING_QC_SAMPLE
BI_050_R05.png,BI,BI_050,5,BAR,BAR,BAR,CONFORMING_AUTO_UNAUDITED,AUTO_MATCH_PENDING_QC_SAMPLE
BI_050_R06.png,BI,BI_050,6,BAR,BAR,BAR,CONFORMING_AUTO_UNAUDITED,AUTO_MATCH_PENDING_QC_SAMPLE
BI_050_R07.png,BI,BI_050,7,BAR,BAR,BAR,CONFORMING_AUTO_UNAUDITED,AUTO_MATCH_PENDING_QC_SAMPLE
BI_050_R08.png,BI,BI_050,8,BAR,BAR,BAR,CONFORMING_AUTO_UNAUDITED,AUTO_MATCH_PENDING_QC_SAMPLE
BI_050_R09.png,BI,BI_050,9,BAR,BAR,BAR,CONFORMING_AUTO_UNAUDITED,AUTO_MATCH_PENDING_QC_SAMPLE
BI_050_R10.png,BI,BI_050,10,BAR,BAR,BAR,CONFORMING_AUTO_UNAUDITED,AUTO_MATCH_PENDING_QC_SAMPLE
BI_051_R01.png,BI,BI_051,1,BAR,BAR,BAR,CONFORMING_AUTO_UNAUDITED,AUTO_MATCH_PENDING_QC_SAMPLE
BI_051_R02.png,BI,BI_051,2,BAR,BAR,BAR,CONFORMING_AUTO_UNAUDITED,AUTO_MATCH_PENDING_QC_SAMPLE
BI_051_R03.png,BI,BI_051,3,BAR,BAR,BAR,CONFORMING_AUTO_UNAUDITED,AUTO_MATCH_PENDING_QC_SAMPLE
BI_051_R04.png,BI,BI_051,4,BAR,BAR,BAR,CONFORMING_AUTO_UNAUDITED,AUTO_MATCH_PENDING_QC_SAMPLE
BI_051_R05.png,BI,BI_051,5,BAR,BAR,BAR,CONFORMING_AUTO_UNAUDITED,AUTO_MATCH_PENDING_QC_SAMPLE
BI_051_R06.png,BI,BI_051,6,BAR,BAR,BAR,CONFORMING_AUTO_UNAUDITED,AUTO_MATCH_PENDING_QC_SAMPLE
BI_051_R07.png,BI,BI_051,7,BAR,BAR,BAR,CONFORMING_AUTO_UNAUDITED,AUTO_MATCH_PENDING_QC_SAMPLE
BI_051_R08.png,BI,BI_051,8,BAR,BAR,BAR,CONFORMING_AUTO_UNAUDITED,AUTO_MATCH_PENDING_QC_SAMPLE
BI_051_R09.png,BI,BI_051,9,BAR,BAR,BAR,CONFORMING_AUTO_UNAUDITED,AUTO_MATCH_PENDING_QC_SAMPLE
BI_051_R10.png,BI,BI_051,10,BAR,BAR,BAR,CONFORMING_AUTO_UNAUDITED,AUTO_MATCH_PENDING_QC_SAMPLE
BI_052_R01.png,BI,BI_052,1,BAR,BAR,BAR,CONFORMING_AUTO_UNAUDITED,AUTO_MATCH_PENDING_QC_SAMPLE
BI_052_R02.png,BI,BI_052,2,BAR,BAR,BAR,CONFORMING_AUTO_UNAUDITED,AUTO_MATCH_PENDING_QC_SAMPLE
BI_052_R03.png,BI,BI_052,3,BAR,BAR,BAR,CONFORMING_AUTO_UNAUDITED,AUTO_MATCH_PENDING_QC_SAMPLE
BI_052_R04.png,BI,BI_052,4,BAR,BAR,BAR,CONFORMING_AUTO_UNAUDITED,AUTO_MATCH_PENDING_QC_SAMPLE
BI_052_R05.png,BI,BI_052,5,BAR,BAR,BAR,CONFORMING_AUTO_UNAUDITED,AUTO_MATCH_PENDING_QC_SAMPLE
BI_052_R06.png,BI,BI_052,6,BAR,BAR,BAR,CONFORMING_AUTO_UNAUDITED,AUTO_MATCH_PENDING_QC_SAMPLE
BI_052_R07.png,BI,BI_052,7,BAR,BAR,BAR,CONFORMING_AUTO_UNAUDITED,AUTO_MATCH_PENDING_QC_SAMPLE
BI_052_R08.png,BI,BI_052,8,BAR,BAR,BAR,CONFORMING_AUTO_UNAUDITED,AUTO_MATCH_PENDING_QC_SAMPLE
BI_052_R09.png,BI,BI_052,9,BAR,BAR,BAR,CONFORMING_AUTO_UNAUDITED,AUTO_MATCH_PENDING_QC_SAMPLE
BI_052_R10.png,BI,BI_052,10,BAR,BAR,BAR,CONFORMING_AUTO_UNAUDITED,AUTO_MATCH_PENDING_QC_SAMPLE
LC_001_R01.png,LC,LC_001,1,LINE,LINE,LINE,CONFORMING_AUTO_UNAUDITED,AUTO_MATCH_PENDING_QC_SAMPLE
LC_001_R02.png,LC,LC_001,2,LINE,LINE,LINE,CONFORMING_AUTO_UNAUDITED,AUTO_MATCH_PENDING_QC_SAMPLE
LC_001_R03.png,LC,LC_001,3,LINE,LINE,LINE,CONFORMING_AUTO_UNAUDITED,AUTO_MATCH_PENDING_QC_SAMPLE
LC_001_R04.png,LC,LC_001,4,LINE,LINE,LINE,CONFORMING_AUTO_UNAUDITED,AUTO_MATCH_PENDING_QC_SAMPLE
LC_001_R05.png,LC,LC_001,5,LINE,LINE,LINE,CONFORMING_AUTO_UNAUDITED,AUTO_MATCH_PENDING_QC_SAMPLE
LC_001_R06.png,LC,LC_001,6,LINE,LINE,LINE,CONFORMING_AUTO_UNAUDITED,AUTO_MATCH_PENDING_QC_SAMPLE
LC_001_R07.png,LC,LC_001,7,LINE,LINE,LINE,CONFORMING_AUTO_UNAUDITED,AUTO_MATCH_PENDING_QC_SAMPLE
LC_001_R08.png,LC,LC_001,8,LINE,LINE,LINE,CONFORMING_AUTO_UNAUDITED,AUTO_MATCH_PENDING_QC_SAMPLE
LC_001_R09.png,LC,LC_001,9,LINE,LINE,LINE,CONFORMING_AUTO_UNAUDITED,AUTO_MATCH_PENDING_QC_SAMPLE
LC_001_R10.png,LC,LC_001,10,LINE,LINE,LINE,CONFORMING_AUTO_UNAUDITED,AUTO_MATCH_PENDING_QC_SAMPLE
LC_002_R01.png,LC,LC_002,1,LINE,LINE,LINE,CONFORMING_AUTO_UNAUDITED,AUTO_MATCH_PENDING_QC_SAMPLE
LC_002_R02.png,LC,LC_002,2,LINE,LINE,LINE,CONFORMING_AUTO_UNAUDITED,AUTO_MATCH_PENDING_QC_SAMPLE
LC_002_R03.png,LC,LC_002,3,LINE,LINE,LINE,CONFORMING_AUTO_UNAUDITED,AUTO_MATCH_PENDING_QC_SAMPLE
LC_002_R04.png,LC,LC_002,4,LINE,LINE,LINE,CONFORMING_AUTO_UNAUDITED,AUTO_MATCH_PENDING_QC_SAMPLE
LC_002_R05.png,LC,LC_002,5,LINE,LINE,LINE,CONFORMING_AUTO_UNAUDITED,AUTO_MATCH_PENDING_QC_SAMPLE
LC_002_R06.png,LC,LC_002,6,LINE,LINE,LINE,CONFORMING_AUTO_UNAUDITED,AUTO_MATCH_PENDING_QC_SAMPLE
LC_002_R07.png,LC,LC_002,7,LINE,LINE,LINE,CONFORMING_AUTO_UNAUDITED,AUTO_MATCH_PENDING_QC_SAMPLE
LC_002_R08.png,LC,LC_002,8,LINE,LINE,LINE,CONFORMING_AUTO_UNAUDITED,AUTO_MATCH_PENDING_QC_SAMPLE
LC_002_R09.png,LC,LC_002,9,LINE,LINE,LINE,CONFORMING_AUTO_UNAUDITED,AUTO_MATCH_PENDING_QC_SAMPLE
LC_002_R10.png,LC,LC_002,10,LINE,LINE,LINE,CONFORMING_AUTO_UNAUDITED,AUTO_MATCH_PENDING_QC_SAMPLE
LC_003_R01.png,LC,LC_003,1,LINE,LINE,LINE,CONFORMING_AUTO_UNAUDITED,AUTO_MATCH_PENDING_QC_SAMPLE
LC_003_R02.png,LC,LC_003,2,LINE,LINE,LINE,CONFORMING_AUTO_UNAUDITED,AUTO_MATCH_PENDING_QC_SAMPLE
LC_003_R03.png,LC,LC_003,3,LINE,LINE,LINE,CONFORMING_AUTO_UNAUDITED,AUTO_MATCH_PENDING_QC_SAMPLE
LC_003_R04.png,LC,LC_003,4,LINE,LINE,LINE,CONFORMING_AUTO_UNAUDITED,AUTO_MATCH_PENDING_QC_SAMPLE
LC_003_R05.png,LC,LC_003,5,LINE,LINE,LINE,CONFORMING_AUTO_UNAUDITED,AUTO_MATCH_PENDING_QC_SAMPLE
LC_003_R06.png,LC,LC_003,6,LINE,LINE,LINE,CONFORMING_AUTO_UNAUDITED,AUTO_MATCH_PENDING_QC_SAMPLE
LC_003_R07.png,LC,LC_003,7,LINE,LINE,LINE,CONFORMING_AUTO_UNAUDITED,AUTO_MATCH_PENDING_QC_SAMPLE
LC_003_R08.png,LC,LC_003,8,LINE,LINE,LINE,CONFORMING_AUTO_UNAUDITED,AUTO_MATCH_PENDING_QC_SAMPLE
LC_003_R09.png,LC,LC_003,9,LINE,LINE,LINE,CONFORMING_AUTO_UNAUDITED,AUTO_MATCH_PENDING_QC_SAMPLE
LC_003_R10.png,LC,LC_003,10,LINE,LINE,LINE,CONFORMING_AUTO_UNAUDITED,AUTO_MATCH_PENDING_QC_SAMPLE
LC_004_R01.png,LC,LC_004,1,LINE,LINE,LINE,CONFORMING_AUTO_UNAUDITED,AUTO_MATCH_PENDING_QC_SAMPLE
LC_004_R02.png,LC,LC_004,2,LINE,LINE,LINE,CONFORMING_AUTO_UNAUDITED,AUTO_MATCH_PENDING_QC_SAMPLE
LC_004_R03.png,LC,LC_004,3,LINE,LINE,LINE,CONFORMING_AUTO_UNAUDITED,AUTO_MATCH_PENDING_QC_SAMPLE
LC_004_R04.png,LC,LC_004,4,LINE,LINE,LINE,CONFORMING_AUTO_UNAUDITED,AUTO_MATCH_PENDING_QC_SAMPLE
LC_004_R05.png,LC,LC_004,5,LINE,LINE,LINE,CONFORMING_AUTO_UNAUDITED,AUTO_MATCH_PENDING_QC_SAMPLE
LC_004_R06.png,LC,LC_004,6,LINE,LINE,LINE,CONFORMING_AUTO_UNAUDITED,AUTO_MATCH_PENDING_QC_SAMPLE
LC_004_R07.png,LC,LC_004,7,LINE,LINE,LINE,CONFORMING_AUTO_UNAUDITED,AUTO_MATCH_PENDING_QC_SAMPLE
LC_004_R08.png,LC,LC_004,8,LINE,LINE,LINE,CONFORMING_AUTO_UNAUDITED,AUTO_MATCH_PENDING_QC_SAMPLE
LC_004_R09.png,LC,LC_004,9,LINE,LINE,LINE,CONFORMING_AUTO_UNAUDITED,AUTO_MATCH_PENDING_QC_SAMPLE
LC_004_R10.png,LC,LC_004,10,LINE,LINE,LINE,CONFORMING_AUTO_UNAUDITED,AUTO_MATCH_PENDING_QC_SAMPLE
LC_005_R01.png,LC,LC_005,1,LINE,LINE,LINE,CONFORMING_AUTO_UNAUDITED,AUTO_MATCH_PENDING_QC_SAMPLE
LC_005_R02.png,LC,LC_005,2,LINE,LINE,LINE,CONFORMING_AUTO_UNAUDITED,AUTO_MATCH_PENDING_QC_SAMPLE
LC_005_R03.png,LC,LC_005,3,LINE,LINE,LINE,CONFORMING_AUTO_UNAUDITED,AUTO_MATCH_PENDING_QC_SAMPLE
LC_005_R04.png,LC,LC_005,4,LINE,LINE,LINE,CONFORMING_AUTO_UNAUDITED,AUTO_MATCH_PENDING_QC_SAMPLE
LC_005_R05.png,LC,LC_005,5,LINE,LINE,LINE,CONFORMING_AUTO_UNAUDITED,AUTO_MATCH_PENDING_QC_SAMPLE
LC_005_R06.png,LC,LC_005,6,LINE,LINE,LINE,CONFORMING_AUTO_UNAUDITED,AUTO_MATCH_PENDING_QC_SAMPLE
LC_005_R07.png,LC,LC_005,7,LINE,LINE,LINE,CONFORMING_AUTO_UNAUDITED,AUTO_MATCH_PENDING_QC_SAMPLE
LC_005_R08.png,LC,LC_005,8,LINE,LINE,LINE,CONFORMING_AUTO_UNAUDITED,AUTO_MATCH_PENDING_QC_SAMPLE
LC_005_R09.png,LC,LC_005,9,LINE,LINE,LINE,CONFORMING_AUTO_UNAUDITED,AUTO_MATCH_PENDING_QC_SAMPLE
LC_005_R10.png,LC,LC_005,10,LINE,LINE,LINE,CONFORMING_AUTO_UNAUDITED,AUTO_MATCH_PENDING_QC_SAMPLE
LC_006_R01.png,LC,LC_006,1,LINE,LINE,LINE,CONFORMING_AUTO_UNAUDITED,AUTO_MATCH_PENDING_QC_SAMPLE
LC_006_R02.png,LC,LC_006,2,LINE,LINE,LINE,CONFORMING_AUTO_UNAUDITED,AUTO_MATCH_PENDING_QC_SAMPLE
LC_006_R03.png,LC,LC_006,3,LINE,LINE,LINE,CONFORMING_AUTO_UNAUDITED,AUTO_MATCH_PENDING_QC_SAMPLE
LC_006_R04.png,LC,LC_006,4,LINE,LINE,LINE,CONFORMING_AUTO_UNAUDITED,AUTO_MATCH_PENDING_QC_SAMPLE
LC_006_R05.png,LC,LC_006,5,LINE,LINE,LINE,CONFORMING_AUTO_UNAUDITED,AUTO_MATCH_PENDING_QC_SAMPLE
LC_006_R06.png,LC,LC_006,6,LINE,LINE,LINE,CONFORMING_AUTO_UNAUDITED,AUTO_MATCH_PENDING_QC_SAMPLE
LC_006_R07.png,LC,LC_006,7,LINE,LINE,LINE,CONFORMING_AUTO_UNAUDITED,AUTO_MATCH_PENDING_QC_SAMPLE
LC_006_R08.png,LC,LC_006,8,LINE,LINE,LINE,CONFORMING_AUTO_UNAUDITED,AUTO_MATCH_PENDING_QC_SAMPLE
LC_006_R09.png,LC,LC_006,9,LINE,LINE,LINE,CONFORMING_AUTO_UNAUDITED,AUTO_MATCH_PENDING_QC_SAMPLE
LC_006_R10.png,LC,LC_006,10,LINE,LINE,LINE,CONFORMING_AUTO_UNAUDITED,AUTO_MATCH_PENDING_QC_SAMPLE
LC_007_R01.png,LC,LC_007,1,LINE,LINE,LINE,CONFORMING_AUTO_UNAUDITED,AUTO_MATCH_PENDING_QC_SAMPLE
LC_007_R02.png,LC,LC_007,2,LINE,LINE,LINE,CONFORMING_AUTO_UNAUDITED,AUTO_MATCH_PENDING_QC_SAMPLE
LC_007_R03.png,LC,LC_007,3,LINE,LINE,LINE,CONFORMING_AUTO_UNAUDITED,AUTO_MATCH_PENDING_QC_SAMPLE
LC_007_R04.png,LC,LC_007,4,LINE,LINE,LINE,CONFORMING_AUTO_UNAUDITED,AUTO_MATCH_PENDING_QC_SAMPLE
LC_007_R05.png,LC,LC_007,5,LINE,LINE,LINE,CONFORMING_AUTO_UNAUDITED,AUTO_MATCH_PENDING_QC_SAMPLE
LC_007_R06.png,LC,LC_007,6,LINE,LINE,LINE,CONFORMING_AUTO_UNAUDITED,AUTO_MATCH_PENDING_QC_SAMPLE
LC_007_R07.png,LC,LC_007,7,LINE,LINE,LINE,CONFORMING_AUTO_UNAUDITED,AUTO_MATCH_PENDING_QC_SAMPLE
LC_007_R08.png,LC,LC_007,8,LINE,LINE,LINE,CONFORMING_AUTO_UNAUDITED,AUTO_MATCH_PENDING_QC_SAMPLE
LC_007_R09.png,LC,LC_007,9,LINE,LINE,LINE,CONFORMING_AUTO_UNAUDITED,AUTO_MATCH_PENDING_QC_SAMPLE
LC_007_R10.png,LC,LC_007,10,LINE,LINE,LINE,CONFORMING_AUTO_UNAUDITED,AUTO_MATCH_PENDING_QC_SAMPLE
LC_008_R01.png,LC,LC_008,1,LINE,LINE,LINE,CONFORMING_AUTO_UNAUDITED,AUTO_MATCH_PENDING_QC_SAMPLE
LC_008_R02.png,LC,LC_008,2,LINE,LINE,LINE,CONFORMING_AUTO_UNAUDITED,AUTO_MATCH_PENDING_QC_SAMPLE
LC_008_R03.png,LC,LC_008,3,LINE,LINE,LINE,CONFORMING_AUTO_UNAUDITED,AUTO_MATCH_PENDING_QC_SAMPLE
LC_008_R04.png,LC,LC_008,4,LINE,LINE,LINE,CONFORMING_AUTO_UNAUDITED,AUTO_MATCH_PENDING_QC_SAMPLE
LC_008_R05.png,LC,LC_008,5,LINE,LINE,LINE,CONFORMING_AUTO_UNAUDITED,AUTO_MATCH_PENDING_QC_SAMPLE
LC_008_R06.png,LC,LC_008,6,LINE,LINE,LINE,CONFORMING_AUTO_UNAUDITED,AUTO_MATCH_PENDING_QC_SAMPLE
LC_008_R07.png,LC,LC_008,7,LINE,LINE,LINE,CONFORMING_AUTO_UNAUDITED,AUTO_MATCH_PENDING_QC_SAMPLE
LC_008_R08.png,LC,LC_008,8,LINE,LINE,LINE,CONFORMING_AUTO_UNAUDITED,AUTO_MATCH_PENDING_QC_SAMPLE
LC_008_R09.png,LC,LC_008,9,LINE,LINE,LINE,CONFORMING_AUTO_UNAUDITED,AUTO_MATCH_PENDING_QC_SAMPLE
LC_008_R10.png,LC,LC_008,10,LINE,LINE,LINE,CONFORMING_AUTO_UNAUDITED,AUTO_MATCH_PENDING_QC_SAMPLE
LC_009_R01.png,LC,LC_009,1,LINE,LINE,LINE,CONFORMING_AUTO_UNAUDITED,AUTO_MATCH_PENDING_QC_SAMPLE
LC_009_R02.png,LC,LC_009,2,LINE,LINE,LINE,CONFORMING_AUTO_UNAUDITED,AUTO_MATCH_PENDING_QC_SAMPLE
LC_009_R03.png,LC,LC_009,3,LINE,LINE,LINE,CONFORMING_AUTO_UNAUDITED,AUTO_MATCH_PENDING_QC_SAMPLE
LC_009_R04.png,LC,LC_009,4,LINE,LINE,LINE,CONFORMING_AUTO_UNAUDITED,AUTO_MATCH_PENDING_QC_SAMPLE
LC_009_R05.png,LC,LC_009,5,LINE,LINE,LINE,CONFORMING_AUTO_UNAUDITED,AUTO_MATCH_PENDING_QC_SAMPLE
LC_009_R06.png,LC,LC_009,6,LINE,LINE,LINE,CONFORMING_AUTO_UNAUDITED,AUTO_MATCH_PENDING_QC_SAMPLE
LC_009_R07.png,LC,LC_009,7,LINE,LINE,LINE,CONFORMING_AUTO_UNAUDITED,AUTO_MATCH_PENDING_QC_SAMPLE
LC_009_R08.png,LC,LC_009,8,LINE,LINE,LINE,CONFORMING_AUTO_UNAUDITED,AUTO_MATCH_PENDING_QC_SAMPLE
LC_009_R09.png,LC,LC_009,9,LINE,LINE,LINE,CONFORMING_AUTO_UNAUDITED,AUTO_MATCH_PENDING_QC_SAMPLE
LC_009_R10.png,LC,LC_009,10,LINE,LINE,LINE,CONFORMING_AUTO_UNAUDITED,AUTO_MATCH_PENDING_QC_SAMPLE
LC_010_R01.png,LC,LC_010,1,LINE,LINE,LINE,CONFORMING_AUTO_UNAUDITED,AUTO_MATCH_PENDING_QC_SAMPLE
LC_010_R02.png,LC,LC_010,2,LINE,LINE,LINE,CONFORMING_AUTO_UNAUDITED,AUTO_MATCH_PENDING_QC_SAMPLE
LC_010_R03.png,LC,LC_010,3,LINE,LINE,LINE,CONFORMING_AUTO_UNAUDITED,AUTO_MATCH_PENDING_QC_SAMPLE
LC_010_R04.png,LC,LC_010,4,LINE,LINE,LINE,CONFORMING_AUTO_UNAUDITED,AUTO_MATCH_PENDING_QC_SAMPLE
LC_010_R05.png,LC,LC_010,5,LINE,LINE,LINE,CONFORMING_AUTO_UNAUDITED,AUTO_MATCH_PENDING_QC_SAMPLE
LC_010_R06.png,LC,LC_010,6,LINE,LINE,LINE,CONFORMING_AUTO_UNAUDITED,AUTO_MATCH_PENDING_QC_SAMPLE
LC_010_R07.png,LC,LC_010,7,LINE,LINE,LINE,CONFORMING_AUTO_UNAUDITED,AUTO_MATCH_PENDING_QC_SAMPLE
LC_010_R08.png,LC,LC_010,8,LINE,LINE,LINE,CONFORMING_AUTO_UNAUDITED,AUTO_MATCH_PENDING_QC_SAMPLE
LC_010_R09.png,LC,LC_010,9,LINE,LINE,LINE,CONFORMING_AUTO_UNAUDITED,AUTO_MATCH_PENDING_QC_SAMPLE
LC_010_R10.png,LC,LC_010,10,LINE,LINE,LINE,CONFORMING_AUTO_UNAUDITED,AUTO_MATCH_PENDING_QC_SAMPLE
LC_011_R01.png,LC,LC_011,1,LINE,LINE,LINE,CONFORMING_AUTO_UNAUDITED,AUTO_MATCH_PENDING_QC_SAMPLE
LC_011_R02.png,LC,LC_011,2,LINE,LINE,LINE,CONFORMING_AUTO_UNAUDITED,AUTO_MATCH_PENDING_QC_SAMPLE
LC_011_R03.png,LC,LC_011,3,LINE,LINE,LINE,CONFORMING_AUTO_UNAUDITED,AUTO_MATCH_PENDING_QC_SAMPLE
LC_011_R04.png,LC,LC_011,4,LINE,LINE,LINE,CONFORMING_AUTO_UNAUDITED,AUTO_MATCH_PENDING_QC_SAMPLE
LC_011_R05.png,LC,LC_011,5,LINE,LINE,LINE,CONFORMING_AUTO_UNAUDITED,AUTO_MATCH_PENDING_QC_SAMPLE
LC_011_R06.png,LC,LC_011,6,LINE,LINE,LINE,CONFORMING_AUTO_UNAUDITED,AUTO_MATCH_PENDING_QC_SAMPLE
LC_011_R07.png,LC,LC_011,7,LINE,LINE,LINE,CONFORMING_AUTO_UNAUDITED,AUTO_MATCH_PENDING_QC_SAMPLE
LC_011_R08.png,LC,LC_011,8,LINE,LINE,LINE,CONFORMING_AUTO_UNAUDITED,AUTO_MATCH_PENDING_QC_SAMPLE
LC_011_R09.png,LC,LC_011,9,LINE,LINE,LINE,CONFORMING_AUTO_UNAUDITED,AUTO_MATCH_PENDING_QC_SAMPLE
LC_011_R10.png,LC,LC_011,10,LINE,LINE,LINE,CONFORMING_AUTO_UNAUDITED,AUTO_MATCH_PENDING_QC_SAMPLE
LC_012_R01.png,LC,LC_012,1,LINE,LINE,LINE,CONFORMING_AUTO_UNAUDITED,AUTO_MATCH_PENDING_QC_SAMPLE
LC_012_R02.png,LC,LC_012,2,LINE,LINE,LINE,CONFORMING_AUTO_UNAUDITED,AUTO_MATCH_PENDING_QC_SAMPLE
LC_012_R03.png,LC,LC_012,3,LINE,LINE,LINE,CONFORMING_AUTO_UNAUDITED,AUTO_MATCH_PENDING_QC_SAMPLE
LC_012_R04.png,LC,LC_012,4,LINE,LINE,LINE,CONFORMING_AUTO_UNAUDITED,AUTO_MATCH_PENDING_QC_SAMPLE
LC_012_R05.png,LC,LC_012,5,LINE,LINE,LINE,CONFORMING_AUTO_UNAUDITED,AUTO_MATCH_PENDING_QC_SAMPLE
LC_012_R06.png,LC,LC_012,6,LINE,LINE,LINE,CONFORMING_AUTO_UNAUDITED,AUTO_MATCH_PENDING_QC_SAMPLE
LC_012_R07.png,LC,LC_012,7,LINE,LINE,LINE,CONFORMING_AUTO_UNAUDITED,AUTO_MATCH_PENDING_QC_SAMPLE
LC_012_R08.png,LC,LC_012,8,LINE,LINE,LINE,CONFORMING_AUTO_UNAUDITED,AUTO_MATCH_PENDING_QC_SAMPLE
LC_012_R09.png,LC,LC_012,9,LINE,LINE,LINE,CONFORMING_AUTO_UNAUDITED,AUTO_MATCH_PENDING_QC_SAMPLE
LC_012_R10.png,LC,LC_012,10,LINE,LINE,LINE,CONFORMING_AUTO_UNAUDITED,AUTO_MATCH_PENDING_QC_SAMPLE
LC_013_R01.png,LC,LC_013,1,LINE,LINE,LINE,CONFORMING_AUTO_UNAUDITED,AUTO_MATCH_PENDING_QC_SAMPLE
LC_013_R02.png,LC,LC_013,2,LINE,SCATTER,OTHER,NONCONFORMING,MANUAL_AUDIT_AUTO_DISCREPANCY
LC_013_R03.png,LC,LC_013,3,LINE,LINE,LINE,CONFORMING_AUTO_UNAUDITED,AUTO_MATCH_PENDING_QC_SAMPLE
LC_013_R04.png,LC,LC_013,4,LINE,LINE,LINE,CONFORMING_AUTO_UNAUDITED,AUTO_MATCH_PENDING_QC_SAMPLE
LC_013_R05.png,LC,LC_013,5,LINE,LINE,LINE,CONFORMING_AUTO_UNAUDITED,AUTO_MATCH_PENDING_QC_SAMPLE
LC_013_R06.png,LC,LC_013,6,LINE,LINE,LINE,CONFORMING_AUTO_UNAUDITED,AUTO_MATCH_PENDING_QC_SAMPLE
LC_013_R07.png,LC,LC_013,7,LINE,LINE,LINE,CONFORMING_AUTO_UNAUDITED,AUTO_MATCH_PENDING_QC_SAMPLE
LC_013_R08.png,LC,LC_013,8,LINE,LINE,LINE,CONFORMING_AUTO_UNAUDITED,AUTO_MATCH_PENDING_QC_SAMPLE
LC_013_R09.png,LC,LC_013,9,LINE,LINE,LINE,CONFORMING_AUTO_UNAUDITED,AUTO_MATCH_PENDING_QC_SAMPLE
LC_013_R10.png,LC,LC_013,10,LINE,SCATTER,OTHER,NONCONFORMING,MANUAL_AUDIT_AUTO_DISCREPANCY
LC_014_R01.png,LC,LC_014,1,LINE,LINE,LINE,CONFORMING_AUTO_UNAUDITED,AUTO_MATCH_PENDING_QC_SAMPLE
LC_014_R02.png,LC,LC_014,2,LINE,LINE,LINE,CONFORMING_AUTO_UNAUDITED,AUTO_MATCH_PENDING_QC_SAMPLE
LC_014_R03.png,LC,LC_014,3,LINE,LINE,LINE,CONFORMING_AUTO_UNAUDITED,AUTO_MATCH_PENDING_QC_SAMPLE
LC_014_R04.png,LC,LC_014,4,LINE,LINE,LINE,CONFORMING_AUTO_UNAUDITED,AUTO_MATCH_PENDING_QC_SAMPLE
LC_014_R05.png,LC,LC_014,5,LINE,LINE,LINE,CONFORMING_AUTO_UNAUDITED,AUTO_MATCH_PENDING_QC_SAMPLE
LC_014_R06.png,LC,LC_014,6,LINE,LINE,LINE,CONFORMING_AUTO_UNAUDITED,AUTO_MATCH_PENDING_QC_SAMPLE
LC_014_R07.png,LC,LC_014,7,LINE,LINE,LINE,CONFORMING_AUTO_UNAUDITED,AUTO_MATCH_PENDING_QC_SAMPLE
LC_014_R08.png,LC,LC_014,8,LINE,LINE,LINE,CONFORMING_AUTO_UNAUDITED,AUTO_MATCH_PENDING_QC_SAMPLE
LC_014_R09.png,LC,LC_014,9,LINE,LINE,LINE,CONFORMING_AUTO_UNAUDITED,AUTO_MATCH_PENDING_QC_SAMPLE
LC_014_R10.png,LC,LC_014,10,LINE,LINE,LINE,CONFORMING_AUTO_UNAUDITED,AUTO_MATCH_PENDING_QC_SAMPLE
LC_015_R01.png,LC,LC_015,1,LINE,LINE,LINE,CONFORMING_AUTO_UNAUDITED,AUTO_MATCH_PENDING_QC_SAMPLE
LC_015_R02.png,LC,LC_015,2,LINE,LINE,LINE,CONFORMING_AUTO_UNAUDITED,AUTO_MATCH_PENDING_QC_SAMPLE
LC_015_R03.png,LC,LC_015,3,LINE,LINE,LINE,CONFORMING_AUTO_UNAUDITED,AUTO_MATCH_PENDING_QC_SAMPLE
LC_015_R04.png,LC,LC_015,4,LINE,LINE,LINE,CONFORMING_AUTO_UNAUDITED,AUTO_MATCH_PENDING_QC_SAMPLE
LC_015_R05.png,LC,LC_015,5,LINE,LINE,LINE,CONFORMING_AUTO_UNAUDITED,AUTO_MATCH_PENDING_QC_SAMPLE
LC_015_R06.png,LC,LC_015,6,LINE,LINE,LINE,CONFORMING_AUTO_UNAUDITED,AUTO_MATCH_PENDING_QC_SAMPLE
LC_015_R07.png,LC,LC_015,7,LINE,LINE,LINE,CONFORMING_AUTO_UNAUDITED,AUTO_MATCH_PENDING_QC_SAMPLE
LC_015_R08.png,LC,LC_015,8,LINE,LINE,LINE,CONFORMING_AUTO_UNAUDITED,AUTO_MATCH_PENDING_QC_SAMPLE
LC_015_R09.png,LC,LC_015,9,LINE,LINE,LINE,CONFORMING_AUTO_UNAUDITED,AUTO_MATCH_PENDING_QC_SAMPLE
LC_015_R10.png,LC,LC_015,10,LINE,LINE,LINE,CONFORMING_AUTO_UNAUDITED,AUTO_MATCH_PENDING_QC_SAMPLE
LC_016_R01.png,LC,LC_016,1,LINE,LINE,LINE,CONFORMING_AUTO_UNAUDITED,AUTO_MATCH_PENDING_QC_SAMPLE
LC_016_R02.png,LC,LC_016,2,LINE,LINE,LINE,CONFORMING_AUTO_UNAUDITED,AUTO_MATCH_PENDING_QC_SAMPLE
LC_016_R03.png,LC,LC_016,3,LINE,LINE,LINE,CONFORMING_AUTO_UNAUDITED,AUTO_MATCH_PENDING_QC_SAMPLE
LC_016_R04.png,LC,LC_016,4,LINE,LINE,LINE,CONFORMING_AUTO_UNAUDITED,AUTO_MATCH_PENDING_QC_SAMPLE
LC_016_R05.png,LC,LC_016,5,LINE,LINE,LINE,CONFORMING_AUTO_UNAUDITED,AUTO_MATCH_PENDING_QC_SAMPLE
LC_016_R06.png,LC,LC_016,6,LINE,LINE,LINE,CONFORMING_AUTO_UNAUDITED,AUTO_MATCH_PENDING_QC_SAMPLE
LC_016_R07.png,LC,LC_016,7,LINE,LINE,LINE,CONFORMING_AUTO_UNAUDITED,AUTO_MATCH_PENDING_QC_SAMPLE
LC_016_R08.png,LC,LC_016,8,LINE,LINE,LINE,CONFORMING_AUTO_UNAUDITED,AUTO_MATCH_PENDING_QC_SAMPLE
LC_016_R09.png,LC,LC_016,9,LINE,LINE,LINE,CONFORMING_AUTO_UNAUDITED,AUTO_MATCH_PENDING_QC_SAMPLE
LC_016_R10.png,LC,LC_016,10,LINE,LINE,LINE,CONFORMING_AUTO_UNAUDITED,AUTO_MATCH_PENDING_QC_SAMPLE
LC_017_R01.png,LC,LC_017,1,LINE,LINE,LINE,CONFORMING_AUTO_UNAUDITED,AUTO_MATCH_PENDING_QC_SAMPLE
LC_017_R02.png,LC,LC_017,2,LINE,LINE,LINE,CONFORMING_AUTO_UNAUDITED,AUTO_MATCH_PENDING_QC_SAMPLE
LC_017_R03.png,LC,LC_017,3,LINE,LINE,LINE,CONFORMING_AUTO_UNAUDITED,AUTO_MATCH_PENDING_QC_SAMPLE
LC_017_R04.png,LC,LC_017,4,LINE,LINE,LINE,CONFORMING_AUTO_UNAUDITED,AUTO_MATCH_PENDING_QC_SAMPLE
LC_017_R05.png,LC,LC_017,5,LINE,LINE,LINE,CONFORMING_AUTO_UNAUDITED,AUTO_MATCH_PENDING_QC_SAMPLE
LC_017_R06.png,LC,LC_017,6,LINE,LINE,LINE,CONFORMING_AUTO_UNAUDITED,AUTO_MATCH_PENDING_QC_SAMPLE
LC_017_R07.png,LC,LC_017,7,LINE,LINE,LINE,CONFORMING_AUTO_UNAUDITED,AUTO_MATCH_PENDING_QC_SAMPLE
LC_017_R08.png,LC,LC_017,8,LINE,LINE,LINE,CONFORMING_AUTO_UNAUDITED,AUTO_MATCH_PENDING_QC_SAMPLE
LC_017_R09.png,LC,LC_017,9,LINE,LINE,LINE,CONFORMING_AUTO_UNAUDITED,AUTO_MATCH_PENDING_QC_SAMPLE
LC_017_R10.png,LC,LC_017,10,LINE,LINE,LINE,CONFORMING_AUTO_UNAUDITED,AUTO_MATCH_PENDING_QC_SAMPLE
LC_018_R01.png,LC,LC_018,1,LINE,LINE,LINE,CONFORMING_AUTO_UNAUDITED,AUTO_MATCH_PENDING_QC_SAMPLE
LC_018_R02.png,LC,LC_018,2,LINE,LINE,LINE,CONFORMING_AUTO_UNAUDITED,AUTO_MATCH_PENDING_QC_SAMPLE
LC_018_R03.png,LC,LC_018,3,LINE,LINE,LINE,CONFORMING_AUTO_UNAUDITED,AUTO_MATCH_PENDING_QC_SAMPLE
LC_018_R04.png,LC,LC_018,4,LINE,LINE,LINE,CONFORMING_AUTO_UNAUDITED,AUTO_MATCH_PENDING_QC_SAMPLE
LC_018_R05.png,LC,LC_018,5,LINE,LINE,LINE,CONFORMING_AUTO_UNAUDITED,AUTO_MATCH_PENDING_QC_SAMPLE
LC_018_R06.png,LC,LC_018,6,LINE,LINE,LINE,CONFORMING_AUTO_UNAUDITED,AUTO_MATCH_PENDING_QC_SAMPLE
LC_018_R07.png,LC,LC_018,7,LINE,LINE,LINE,CONFORMING_AUTO_UNAUDITED,AUTO_MATCH_PENDING_QC_SAMPLE
LC_018_R08.png,LC,LC_018,8,LINE,LINE,LINE,CONFORMING_AUTO_UNAUDITED,AUTO_MATCH_PENDING_QC_SAMPLE
LC_018_R09.png,LC,LC_018,9,LINE,LINE,LINE,CONFORMING_AUTO_UNAUDITED,AUTO_MATCH_PENDING_QC_SAMPLE
LC_018_R10.png,LC,LC_018,10,LINE,LINE,LINE,CONFORMING_AUTO_UNAUDITED,AUTO_MATCH_PENDING_QC_SAMPLE
LC_019_R01.png,LC,LC_019,1,LINE,LINE,LINE,CONFORMING_AUTO_UNAUDITED,AUTO_MATCH_PENDING_QC_SAMPLE
LC_019_R02.png,LC,LC_019,2,LINE,LINE,LINE,CONFORMING_AUTO_UNAUDITED,AUTO_MATCH_PENDING_QC_SAMPLE
LC_019_R03.png,LC,LC_019,3,LINE,LINE,LINE,CONFORMING_AUTO_UNAUDITED,AUTO_MATCH_PENDING_QC_SAMPLE
LC_019_R04.png,LC,LC_019,4,LINE,LINE,LINE,CONFORMING_AUTO_UNAUDITED,AUTO_MATCH_PENDING_QC_SAMPLE
LC_019_R05.png,LC,LC_019,5,LINE,LINE,LINE,CONFORMING_AUTO_UNAUDITED,AUTO_MATCH_PENDING_QC_SAMPLE
LC_019_R06.png,LC,LC_019,6,LINE,LINE,LINE,CONFORMING_AUTO_UNAUDITED,AUTO_MATCH_PENDING_QC_SAMPLE
LC_019_R07.png,LC,LC_019,7,LINE,LINE,LINE,CONFORMING_AUTO_UNAUDITED,AUTO_MATCH_PENDING_QC_SAMPLE
LC_019_R08.png,LC,LC_019,8,LINE,LINE,LINE,CONFORMING_AUTO_UNAUDITED,AUTO_MATCH_PENDING_QC_SAMPLE
LC_019_R09.png,LC,LC_019,9,LINE,LINE,LINE,CONFORMING_AUTO_UNAUDITED,AUTO_MATCH_PENDING_QC_SAMPLE
LC_019_R10.png,LC,LC_019,10,LINE,LINE,LINE,CONFORMING_AUTO_UNAUDITED,AUTO_MATCH_PENDING_QC_SAMPLE
LC_020_R01.png,LC,LC_020,1,LINE,LINE,LINE,CONFORMING_AUTO_UNAUDITED,AUTO_MATCH_PENDING_QC_SAMPLE
LC_020_R02.png,LC,LC_020,2,LINE,LINE,LINE,CONFORMING_AUTO_UNAUDITED,AUTO_MATCH_PENDING_QC_SAMPLE
LC_020_R03.png,LC,LC_020,3,LINE,LINE,LINE,CONFORMING_AUTO_UNAUDITED,AUTO_MATCH_PENDING_QC_SAMPLE
LC_020_R04.png,LC,LC_020,4,LINE,LINE,LINE,CONFORMING_AUTO_UNAUDITED,AUTO_MATCH_PENDING_QC_SAMPLE
LC_020_R05.png,LC,LC_020,5,LINE,LINE,LINE,CONFORMING_AUTO_UNAUDITED,AUTO_MATCH_PENDING_QC_SAMPLE
LC_020_R06.png,LC,LC_020,6,LINE,LINE,LINE,CONFORMING_AUTO_UNAUDITED,AUTO_MATCH_PENDING_QC_SAMPLE
LC_020_R07.png,LC,LC_020,7,LINE,LINE,LINE,CONFORMING_AUTO_UNAUDITED,AUTO_MATCH_PENDING_QC_SAMPLE
LC_020_R08.png,LC,LC_020,8,LINE,LINE,LINE,CONFORMING_AUTO_UNAUDITED,AUTO_MATCH_PENDING_QC_SAMPLE
LC_020_R09.png,LC,LC_020,9,LINE,LINE,LINE,CONFORMING_AUTO_UNAUDITED,AUTO_MATCH_PENDING_QC_SAMPLE
LC_020_R10.png,LC,LC_020,10,LINE,LINE,LINE,CONFORMING_AUTO_UNAUDITED,AUTO_MATCH_PENDING_QC_SAMPLE
LC_021_R01.png,LC,LC_021,1,LINE,LINE,LINE,CONFORMING_AUTO_UNAUDITED,AUTO_MATCH_PENDING_QC_SAMPLE
LC_021_R02.png,LC,LC_021,2,LINE,LINE,LINE,CONFORMING_AUTO_UNAUDITED,AUTO_MATCH_PENDING_QC_SAMPLE
LC_021_R03.png,LC,LC_021,3,LINE,LINE,LINE,CONFORMING_AUTO_UNAUDITED,AUTO_MATCH_PENDING_QC_SAMPLE
LC_021_R04.png,LC,LC_021,4,LINE,LINE,LINE,CONFORMING_AUTO_UNAUDITED,AUTO_MATCH_PENDING_QC_SAMPLE
LC_021_R05.png,LC,LC_021,5,LINE,LINE,LINE,CONFORMING_AUTO_UNAUDITED,AUTO_MATCH_PENDING_QC_SAMPLE
LC_021_R06.png,LC,LC_021,6,LINE,LINE,LINE,CONFORMING_AUTO_UNAUDITED,AUTO_MATCH_PENDING_QC_SAMPLE
LC_021_R07.png,LC,LC_021,7,LINE,LINE,LINE,CONFORMING_AUTO_UNAUDITED,AUTO_MATCH_PENDING_QC_SAMPLE
LC_021_R08.png,LC,LC_021,8,LINE,LINE,LINE,CONFORMING_AUTO_UNAUDITED,AUTO_MATCH_PENDING_QC_SAMPLE
LC_021_R09.png,LC,LC_021,9,LINE,LINE,LINE,CONFORMING_AUTO_UNAUDITED,AUTO_MATCH_PENDING_QC_SAMPLE
LC_021_R10.png,LC,LC_021,10,LINE,LINE,LINE,CONFORMING_AUTO_UNAUDITED,AUTO_MATCH_PENDING_QC_SAMPLE
LC_022_R01.png,LC,LC_022,1,LINE,LINE,LINE,CONFORMING_AUTO_UNAUDITED,AUTO_MATCH_PENDING_QC_SAMPLE
LC_022_R02.png,LC,LC_022,2,LINE,LINE,LINE,CONFORMING_AUTO_UNAUDITED,AUTO_MATCH_PENDING_QC_SAMPLE
LC_022_R03.png,LC,LC_022,3,LINE,LINE,LINE,CONFORMING_AUTO_UNAUDITED,AUTO_MATCH_PENDING_QC_SAMPLE
LC_022_R04.png,LC,LC_022,4,LINE,LINE,LINE,CONFORMING_AUTO_UNAUDITED,AUTO_MATCH_PENDING_QC_SAMPLE
LC_022_R05.png,LC,LC_022,5,LINE,LINE,LINE,CONFORMING_AUTO_UNAUDITED,AUTO_MATCH_PENDING_QC_SAMPLE
LC_022_R06.png,LC,LC_022,6,LINE,LINE,LINE,CONFORMING_AUTO_UNAUDITED,AUTO_MATCH_PENDING_QC_SAMPLE
LC_022_R07.png,LC,LC_022,7,LINE,LINE,LINE,CONFORMING_AUTO_UNAUDITED,AUTO_MATCH_PENDING_QC_SAMPLE
LC_022_R08.png,LC,LC_022,8,LINE,LINE,LINE,CONFORMING_AUTO_UNAUDITED,AUTO_MATCH_PENDING_QC_SAMPLE
LC_022_R09.png,LC,LC_022,9,LINE,LINE,LINE,CONFORMING_AUTO_UNAUDITED,AUTO_MATCH_PENDING_QC_SAMPLE
LC_022_R10.png,LC,LC_022,10,LINE,LINE,LINE,CONFORMING_AUTO_UNAUDITED,AUTO_MATCH_PENDING_QC_SAMPLE
LC_023_R01.png,LC,LC_023,1,LINE,LINE,LINE,CONFORMING_AUTO_UNAUDITED,AUTO_MATCH_PENDING_QC_SAMPLE
LC_023_R02.png,LC,LC_023,2,LINE,LINE,LINE,CONFORMING_AUTO_UNAUDITED,AUTO_MATCH_PENDING_QC_SAMPLE
LC_023_R03.png,LC,LC_023,3,LINE,LINE,LINE,CONFORMING_AUTO_UNAUDITED,AUTO_MATCH_PENDING_QC_SAMPLE
LC_023_R04.png,LC,LC_023,4,LINE,LINE,LINE,CONFORMING_AUTO_UNAUDITED,AUTO_MATCH_PENDING_QC_SAMPLE
LC_023_R05.png,LC,LC_023,5,LINE,LINE,LINE,CONFORMING_AUTO_UNAUDITED,AUTO_MATCH_PENDING_QC_SAMPLE
LC_023_R06.png,LC,LC_023,6,LINE,LINE,LINE,CONFORMING_AUTO_UNAUDITED,AUTO_MATCH_PENDING_QC_SAMPLE
LC_023_R07.png,LC,LC_023,7,LINE,LINE,LINE,CONFORMING_AUTO_UNAUDITED,AUTO_MATCH_PENDING_QC_SAMPLE
LC_023_R08.png,LC,LC_023,8,LINE,LINE,LINE,CONFORMING_AUTO_UNAUDITED,AUTO_MATCH_PENDING_QC_SAMPLE
LC_023_R09.png,LC,LC_023,9,LINE,LINE,LINE,CONFORMING_AUTO_UNAUDITED,AUTO_MATCH_PENDING_QC_SAMPLE
LC_023_R10.png,LC,LC_023,10,LINE,LINE,LINE,CONFORMING_AUTO_UNAUDITED,AUTO_MATCH_PENDING_QC_SAMPLE
LC_024_R01.png,LC,LC_024,1,LINE,LINE,LINE,CONFORMING_AUTO_UNAUDITED,AUTO_MATCH_PENDING_QC_SAMPLE
LC_024_R02.png,LC,LC_024,2,LINE,LINE,LINE,CONFORMING_AUTO_UNAUDITED,AUTO_MATCH_PENDING_QC_SAMPLE
LC_024_R03.png,LC,LC_024,3,LINE,LINE,LINE,CONFORMING_AUTO_UNAUDITED,AUTO_MATCH_PENDING_QC_SAMPLE
LC_024_R04.png,LC,LC_024,4,LINE,LINE,LINE,CONFORMING_AUTO_UNAUDITED,AUTO_MATCH_PENDING_QC_SAMPLE
LC_024_R05.png,LC,LC_024,5,LINE,LINE,LINE,CONFORMING_AUTO_UNAUDITED,AUTO_MATCH_PENDING_QC_SAMPLE
LC_024_R06.png,LC,LC_024,6,LINE,LINE,LINE,CONFORMING_AUTO_UNAUDITED,AUTO_MATCH_PENDING_QC_SAMPLE
LC_024_R07.png,LC,LC_024,7,LINE,LINE,LINE,CONFORMING_AUTO_UNAUDITED,AUTO_MATCH_PENDING_QC_SAMPLE
LC_024_R08.png,LC,LC_024,8,LINE,LINE,LINE,CONFORMING_AUTO_UNAUDITED,AUTO_MATCH_PENDING_QC_SAMPLE
LC_024_R09.png,LC,LC_024,9,LINE,LINE,LINE,CONFORMING_AUTO_UNAUDITED,AUTO_MATCH_PENDING_QC_SAMPLE
LC_024_R10.png,LC,LC_024,10,LINE,LINE,LINE,CONFORMING_AUTO_UNAUDITED,AUTO_MATCH_PENDING_QC_SAMPLE
LC_025_R01.png,LC,LC_025,1,LINE,LINE,LINE,CONFORMING_AUTO_UNAUDITED,AUTO_MATCH_PENDING_QC_SAMPLE
LC_025_R02.png,LC,LC_025,2,LINE,LINE,LINE,CONFORMING_AUTO_UNAUDITED,AUTO_MATCH_PENDING_QC_SAMPLE
LC_025_R03.png,LC,LC_025,3,LINE,LINE,LINE,CONFORMING_AUTO_UNAUDITED,AUTO_MATCH_PENDING_QC_SAMPLE
LC_025_R04.png,LC,LC_025,4,LINE,LINE,LINE,CONFORMING_AUTO_UNAUDITED,AUTO_MATCH_PENDING_QC_SAMPLE
LC_025_R05.png,LC,LC_025,5,LINE,LINE,LINE,CONFORMING_AUTO_UNAUDITED,AUTO_MATCH_PENDING_QC_SAMPLE
LC_025_R06.png,LC,LC_025,6,LINE,LINE,LINE,CONFORMING_AUTO_UNAUDITED,AUTO_MATCH_PENDING_QC_SAMPLE
LC_025_R07.png,LC,LC_025,7,LINE,LINE,LINE,CONFORMING_AUTO_UNAUDITED,AUTO_MATCH_PENDING_QC_SAMPLE
LC_025_R08.png,LC,LC_025,8,LINE,LINE,LINE,CONFORMING_AUTO_UNAUDITED,AUTO_MATCH_PENDING_QC_SAMPLE
LC_025_R09.png,LC,LC_025,9,LINE,LINE,LINE,CONFORMING_AUTO_UNAUDITED,AUTO_MATCH_PENDING_QC_SAMPLE
LC_025_R10.png,LC,LC_025,10,LINE,LINE,LINE,CONFORMING_AUTO_UNAUDITED,AUTO_MATCH_PENDING_QC_SAMPLE
LC_026_R01.png,LC,LC_026,1,LINE,LINE,LINE,CONFORMING_AUTO_UNAUDITED,AUTO_MATCH_PENDING_QC_SAMPLE
LC_026_R02.png,LC,LC_026,2,LINE,LINE,LINE,CONFORMING_AUTO_UNAUDITED,AUTO_MATCH_PENDING_QC_SAMPLE
LC_026_R03.png,LC,LC_026,3,LINE,LINE,LINE,CONFORMING_AUTO_UNAUDITED,AUTO_MATCH_PENDING_QC_SAMPLE
LC_026_R04.png,LC,LC_026,4,LINE,LINE,LINE,CONFORMING_AUTO_UNAUDITED,AUTO_MATCH_PENDING_QC_SAMPLE
LC_026_R05.png,LC,LC_026,5,LINE,LINE,LINE,CONFORMING_AUTO_UNAUDITED,AUTO_MATCH_PENDING_QC_SAMPLE
LC_026_R06.png,LC,LC_026,6,LINE,LINE,LINE,CONFORMING_AUTO_UNAUDITED,AUTO_MATCH_PENDING_QC_SAMPLE
LC_026_R07.png,LC,LC_026,7,LINE,LINE,LINE,CONFORMING_AUTO_UNAUDITED,AUTO_MATCH_PENDING_QC_SAMPLE
LC_026_R08.png,LC,LC_026,8,LINE,LINE,LINE,CONFORMING_AUTO_UNAUDITED,AUTO_MATCH_PENDING_QC_SAMPLE
LC_026_R09.png,LC,LC_026,9,LINE,LINE,LINE,CONFORMING_AUTO_UNAUDITED,AUTO_MATCH_PENDING_QC_SAMPLE
LC_026_R10.png,LC,LC_026,10,LINE,LINE,LINE,CONFORMING_AUTO_UNAUDITED,AUTO_MATCH_PENDING_QC_SAMPLE
LC_027_R01.png,LC,LC_027,1,LINE,LINE,LINE,CONFORMING_AUTO_UNAUDITED,AUTO_MATCH_PENDING_QC_SAMPLE
LC_027_R02.png,LC,LC_027,2,LINE,LINE,LINE,CONFORMING_AUTO_UNAUDITED,AUTO_MATCH_PENDING_QC_SAMPLE
LC_027_R03.png,LC,LC_027,3,LINE,LINE,LINE,CONFORMING_AUTO_UNAUDITED,AUTO_MATCH_PENDING_QC_SAMPLE
LC_027_R04.png,LC,LC_027,4,LINE,LINE,LINE,CONFORMING_AUTO_UNAUDITED,AUTO_MATCH_PENDING_QC_SAMPLE
LC_027_R05.png,LC,LC_027,5,LINE,LINE,LINE,CONFORMING_AUTO_UNAUDITED,AUTO_MATCH_PENDING_QC_SAMPLE
LC_027_R06.png,LC,LC_027,6,LINE,LINE,LINE,CONFORMING_AUTO_UNAUDITED,AUTO_MATCH_PENDING_QC_SAMPLE
LC_027_R07.png,LC,LC_027,7,LINE,LINE,LINE,CONFORMING_AUTO_UNAUDITED,AUTO_MATCH_PENDING_QC_SAMPLE
LC_027_R08.png,LC,LC_027,8,LINE,LINE,LINE,CONFORMING_AUTO_UNAUDITED,AUTO_MATCH_PENDING_QC_SAMPLE
LC_027_R09.png,LC,LC_027,9,LINE,LINE,LINE,CONFORMING_AUTO_UNAUDITED,AUTO_MATCH_PENDING_QC_SAMPLE
LC_027_R10.png,LC,LC_027,10,LINE,LINE,LINE,CONFORMING_AUTO_UNAUDITED,AUTO_MATCH_PENDING_QC_SAMPLE
LC_028_R01.png,LC,LC_028,1,LINE,LINE,LINE,CONFORMING_AUTO_UNAUDITED,AUTO_MATCH_PENDING_QC_SAMPLE
LC_028_R02.png,LC,LC_028,2,LINE,LINE,LINE,CONFORMING_AUTO_UNAUDITED,AUTO_MATCH_PENDING_QC_SAMPLE
LC_028_R03.png,LC,LC_028,3,LINE,LINE,LINE,CONFORMING_AUTO_UNAUDITED,AUTO_MATCH_PENDING_QC_SAMPLE
LC_028_R04.png,LC,LC_028,4,LINE,LINE,LINE,CONFORMING_AUTO_UNAUDITED,AUTO_MATCH_PENDING_QC_SAMPLE
LC_028_R05.png,LC,LC_028,5,LINE,LINE,LINE,CONFORMING_AUTO_UNAUDITED,AUTO_MATCH_PENDING_QC_SAMPLE
LC_028_R06.png,LC,LC_028,6,LINE,LINE,LINE,CONFORMING_AUTO_UNAUDITED,AUTO_MATCH_PENDING_QC_SAMPLE
LC_028_R07.png,LC,LC_028,7,LINE,LINE,LINE,CONFORMING_AUTO_UNAUDITED,AUTO_MATCH_PENDING_QC_SAMPLE
LC_028_R08.png,LC,LC_028,8,LINE,LINE,LINE,CONFORMING_AUTO_UNAUDITED,AUTO_MATCH_PENDING_QC_SAMPLE
LC_028_R09.png,LC,LC_028,9,LINE,LINE,LINE,CONFORMING_AUTO_UNAUDITED,AUTO_MATCH_PENDING_QC_SAMPLE
LC_028_R10.png,LC,LC_028,10,LINE,LINE,LINE,CONFORMING_AUTO_UNAUDITED,AUTO_MATCH_PENDING_QC_SAMPLE
LC_029_R01.png,LC,LC_029,1,LINE,LINE,LINE,CONFORMING_AUTO_UNAUDITED,AUTO_MATCH_PENDING_QC_SAMPLE
LC_029_R02.png,LC,LC_029,2,LINE,LINE,LINE,CONFORMING_AUTO_UNAUDITED,AUTO_MATCH_PENDING_QC_SAMPLE
LC_029_R03.png,LC,LC_029,3,LINE,LINE,LINE,CONFORMING_AUTO_UNAUDITED,AUTO_MATCH_PENDING_QC_SAMPLE
LC_029_R04.png,LC,LC_029,4,LINE,LINE,LINE,CONFORMING_AUTO_UNAUDITED,AUTO_MATCH_PENDING_QC_SAMPLE
LC_029_R05.png,LC,LC_029,5,LINE,LINE,LINE,CONFORMING_AUTO_UNAUDITED,AUTO_MATCH_PENDING_QC_SAMPLE
LC_029_R06.png,LC,LC_029,6,LINE,LINE,LINE,CONFORMING_AUTO_UNAUDITED,AUTO_MATCH_PENDING_QC_SAMPLE
LC_029_R07.png,LC,LC_029,7,LINE,LINE,LINE,CONFORMING_AUTO_UNAUDITED,AUTO_MATCH_PENDING_QC_SAMPLE
LC_029_R08.png,LC,LC_029,8,LINE,LINE,LINE,CONFORMING_AUTO_UNAUDITED,AUTO_MATCH_PENDING_QC_SAMPLE
LC_029_R09.png,LC,LC_029,9,LINE,LINE,LINE,CONFORMING_AUTO_UNAUDITED,AUTO_MATCH_PENDING_QC_SAMPLE
LC_029_R10.png,LC,LC_029,10,LINE,LINE,LINE,CONFORMING_AUTO_UNAUDITED,AUTO_MATCH_PENDING_QC_SAMPLE
LC_030_R01.png,LC,LC_030,1,LINE,LINE,LINE,CONFORMING_AUTO_UNAUDITED,AUTO_MATCH_PENDING_QC_SAMPLE
LC_030_R02.png,LC,LC_030,2,LINE,LINE,LINE,CONFORMING_AUTO_UNAUDITED,AUTO_MATCH_PENDING_QC_SAMPLE
LC_030_R03.png,LC,LC_030,3,LINE,LINE,LINE,CONFORMING_AUTO_UNAUDITED,AUTO_MATCH_PENDING_QC_SAMPLE
LC_030_R04.png,LC,LC_030,4,LINE,LINE,LINE,CONFORMING_AUTO_UNAUDITED,AUTO_MATCH_PENDING_QC_SAMPLE
LC_030_R05.png,LC,LC_030,5,LINE,LINE,LINE,CONFORMING_AUTO_UNAUDITED,AUTO_MATCH_PENDING_QC_SAMPLE
LC_030_R06.png,LC,LC_030,6,LINE,LINE,LINE,CONFORMING_AUTO_UNAUDITED,AUTO_MATCH_PENDING_QC_SAMPLE
LC_030_R07.png,LC,LC_030,7,LINE,LINE,LINE,CONFORMING_AUTO_UNAUDITED,AUTO_MATCH_PENDING_QC_SAMPLE
LC_030_R08.png,LC,LC_030,8,LINE,LINE,LINE,CONFORMING_AUTO_UNAUDITED,AUTO_MATCH_PENDING_QC_SAMPLE
LC_030_R09.png,LC,LC_030,9,LINE,LINE,LINE,CONFORMING_AUTO_UNAUDITED,AUTO_MATCH_PENDING_QC_SAMPLE
LC_030_R10.png,LC,LC_030,10,LINE,LINE,LINE,CONFORMING_AUTO_UNAUDITED,AUTO_MATCH_PENDING_QC_SAMPLE
LC_031_R01.png,LC,LC_031,1,LINE,LINE,LINE,CONFORMING_AUTO_UNAUDITED,AUTO_MATCH_PENDING_QC_SAMPLE
LC_031_R02.png,LC,LC_031,2,LINE,LINE,LINE,CONFORMING_AUTO_UNAUDITED,AUTO_MATCH_PENDING_QC_SAMPLE
LC_031_R03.png,LC,LC_031,3,LINE,LINE,LINE,CONFORMING_AUTO_UNAUDITED,AUTO_MATCH_PENDING_QC_SAMPLE
LC_031_R04.png,LC,LC_031,4,LINE,LINE,LINE,CONFORMING_AUTO_UNAUDITED,AUTO_MATCH_PENDING_QC_SAMPLE
LC_031_R05.png,LC,LC_031,5,LINE,LINE,LINE,CONFORMING_AUTO_UNAUDITED,AUTO_MATCH_PENDING_QC_SAMPLE
LC_031_R06.png,LC,LC_031,6,LINE,LINE,LINE,CONFORMING_AUTO_UNAUDITED,AUTO_MATCH_PENDING_QC_SAMPLE
LC_031_R07.png,LC,LC_031,7,LINE,LINE,LINE,CONFORMING_AUTO_UNAUDITED,AUTO_MATCH_PENDING_QC_SAMPLE
LC_031_R08.png,LC,LC_031,8,LINE,LINE,LINE,CONFORMING_AUTO_UNAUDITED,AUTO_MATCH_PENDING_QC_SAMPLE
LC_031_R09.png,LC,LC_031,9,LINE,LINE,LINE,CONFORMING_AUTO_UNAUDITED,AUTO_MATCH_PENDING_QC_SAMPLE
LC_031_R10.png,LC,LC_031,10,LINE,LINE,LINE,CONFORMING_AUTO_UNAUDITED,AUTO_MATCH_PENDING_QC_SAMPLE
LC_032_R01.png,LC,LC_032,1,LINE,LINE,LINE,CONFORMING_AUTO_UNAUDITED,AUTO_MATCH_PENDING_QC_SAMPLE
LC_032_R02.png,LC,LC_032,2,LINE,LINE,LINE,CONFORMING_AUTO_UNAUDITED,AUTO_MATCH_PENDING_QC_SAMPLE
LC_032_R03.png,LC,LC_032,3,LINE,LINE,LINE,CONFORMING_AUTO_UNAUDITED,AUTO_MATCH_PENDING_QC_SAMPLE
LC_032_R04.png,LC,LC_032,4,LINE,LINE,LINE,CONFORMING_AUTO_UNAUDITED,AUTO_MATCH_PENDING_QC_SAMPLE
LC_032_R05.png,LC,LC_032,5,LINE,LINE,LINE,CONFORMING_AUTO_UNAUDITED,AUTO_MATCH_PENDING_QC_SAMPLE
LC_032_R06.png,LC,LC_032,6,LINE,LINE,LINE,CONFORMING_AUTO_UNAUDITED,AUTO_MATCH_PENDING_QC_SAMPLE
LC_032_R07.png,LC,LC_032,7,LINE,LINE,LINE,CONFORMING_AUTO_UNAUDITED,AUTO_MATCH_PENDING_QC_SAMPLE
LC_032_R08.png,LC,LC_032,8,LINE,LINE,LINE,CONFORMING_AUTO_UNAUDITED,AUTO_MATCH_PENDING_QC_SAMPLE
LC_032_R09.png,LC,LC_032,9,LINE,LINE,LINE,CONFORMING_AUTO_UNAUDITED,AUTO_MATCH_PENDING_QC_SAMPLE
LC_032_R10.png,LC,LC_032,10,LINE,LINE,LINE,CONFORMING_AUTO_UNAUDITED,AUTO_MATCH_PENDING_QC_SAMPLE
LC_033_R01.png,LC,LC_033,1,LINE,LINE,LINE,CONFORMING_AUTO_UNAUDITED,AUTO_MATCH_PENDING_QC_SAMPLE
LC_033_R02.png,LC,LC_033,2,LINE,LINE,LINE,CONFORMING_AUTO_UNAUDITED,AUTO_MATCH_PENDING_QC_SAMPLE
LC_033_R03.png,LC,LC_033,3,LINE,LINE,LINE,CONFORMING_AUTO_UNAUDITED,AUTO_MATCH_PENDING_QC_SAMPLE
LC_033_R04.png,LC,LC_033,4,LINE,LINE,LINE,CONFORMING_AUTO_UNAUDITED,AUTO_MATCH_PENDING_QC_SAMPLE
LC_033_R05.png,LC,LC_033,5,LINE,LINE,LINE,CONFORMING_AUTO_UNAUDITED,AUTO_MATCH_PENDING_QC_SAMPLE
LC_033_R06.png,LC,LC_033,6,LINE,LINE,LINE,CONFORMING_AUTO_UNAUDITED,AUTO_MATCH_PENDING_QC_SAMPLE
LC_033_R07.png,LC,LC_033,7,LINE,LINE,LINE,CONFORMING_AUTO_UNAUDITED,AUTO_MATCH_PENDING_QC_SAMPLE
LC_033_R08.png,LC,LC_033,8,LINE,LINE,LINE,CONFORMING_AUTO_UNAUDITED,AUTO_MATCH_PENDING_QC_SAMPLE
LC_033_R09.png,LC,LC_033,9,LINE,LINE,LINE,CONFORMING_AUTO_UNAUDITED,AUTO_MATCH_PENDING_QC_SAMPLE
LC_033_R10.png,LC,LC_033,10,LINE,LINE,LINE,CONFORMING_AUTO_UNAUDITED,AUTO_MATCH_PENDING_QC_SAMPLE
LC_034_R01.png,LC,LC_034,1,LINE,LINE,LINE,CONFORMING_AUTO_UNAUDITED,AUTO_MATCH_PENDING_QC_SAMPLE
LC_034_R02.png,LC,LC_034,2,LINE,LINE,LINE,CONFORMING_AUTO_UNAUDITED,AUTO_MATCH_PENDING_QC_SAMPLE
LC_034_R03.png,LC,LC_034,3,LINE,LINE,LINE,CONFORMING_AUTO_UNAUDITED,AUTO_MATCH_PENDING_QC_SAMPLE
LC_034_R04.png,LC,LC_034,4,LINE,LINE,LINE,CONFORMING_AUTO_UNAUDITED,AUTO_MATCH_PENDING_QC_SAMPLE
LC_034_R05.png,LC,LC_034,5,LINE,LINE,LINE,CONFORMING_AUTO_UNAUDITED,AUTO_MATCH_PENDING_QC_SAMPLE
LC_034_R06.png,LC,LC_034,6,LINE,LINE,LINE,CONFORMING_AUTO_UNAUDITED,AUTO_MATCH_PENDING_QC_SAMPLE
LC_034_R07.png,LC,LC_034,7,LINE,LINE,LINE,CONFORMING_AUTO_UNAUDITED,AUTO_MATCH_PENDING_QC_SAMPLE
LC_034_R08.png,LC,LC_034,8,LINE,LINE,LINE,CONFORMING_AUTO_UNAUDITED,AUTO_MATCH_PENDING_QC_SAMPLE
LC_034_R09.png,LC,LC_034,9,LINE,LINE,LINE,CONFORMING_AUTO_UNAUDITED,AUTO_MATCH_PENDING_QC_SAMPLE
LC_034_R10.png,LC,LC_034,10,LINE,LINE,LINE,CONFORMING_AUTO_UNAUDITED,AUTO_MATCH_PENDING_QC_SAMPLE
LC_035_R01.png,LC,LC_035,1,LINE,LINE,LINE,CONFORMING_AUTO_UNAUDITED,AUTO_MATCH_PENDING_QC_SAMPLE
LC_035_R02.png,LC,LC_035,2,LINE,LINE,LINE,CONFORMING_AUTO_UNAUDITED,AUTO_MATCH_PENDING_QC_SAMPLE
LC_035_R03.png,LC,LC_035,3,LINE,LINE,LINE,CONFORMING_AUTO_UNAUDITED,AUTO_MATCH_PENDING_QC_SAMPLE
LC_035_R04.png,LC,LC_035,4,LINE,LINE,LINE,CONFORMING_AUTO_UNAUDITED,AUTO_MATCH_PENDING_QC_SAMPLE
LC_035_R05.png,LC,LC_035,5,LINE,LINE,LINE,CONFORMING_AUTO_UNAUDITED,AUTO_MATCH_PENDING_QC_SAMPLE
LC_035_R06.png,LC,LC_035,6,LINE,LINE,LINE,CONFORMING_AUTO_UNAUDITED,AUTO_MATCH_PENDING_QC_SAMPLE
LC_035_R07.png,LC,LC_035,7,LINE,LINE,LINE,CONFORMING_AUTO_UNAUDITED,AUTO_MATCH_PENDING_QC_SAMPLE
LC_035_R08.png,LC,LC_035,8,LINE,LINE,LINE,CONFORMING_AUTO_UNAUDITED,AUTO_MATCH_PENDING_QC_SAMPLE
LC_035_R09.png,LC,LC_035,9,LINE,LINE,LINE,CONFORMING_AUTO_UNAUDITED,AUTO_MATCH_PENDING_QC_SAMPLE
LC_035_R10.png,LC,LC_035,10,LINE,LINE,LINE,CONFORMING_AUTO_UNAUDITED,AUTO_MATCH_PENDING_QC_SAMPLE
LC_036_R01.png,LC,LC_036,1,LINE,LINE,LINE,CONFORMING_AUTO_UNAUDITED,AUTO_MATCH_PENDING_QC_SAMPLE
LC_036_R02.png,LC,LC_036,2,LINE,LINE,LINE,CONFORMING_AUTO_UNAUDITED,AUTO_MATCH_PENDING_QC_SAMPLE
LC_036_R03.png,LC,LC_036,3,LINE,LINE,LINE,CONFORMING_AUTO_UNAUDITED,AUTO_MATCH_PENDING_QC_SAMPLE
LC_036_R04.png,LC,LC_036,4,LINE,LINE,LINE,CONFORMING_AUTO_UNAUDITED,AUTO_MATCH_PENDING_QC_SAMPLE
LC_036_R05.png,LC,LC_036,5,LINE,LINE,LINE,CONFORMING_AUTO_UNAUDITED,AUTO_MATCH_PENDING_QC_SAMPLE
LC_036_R06.png,LC,LC_036,6,LINE,LINE,LINE,CONFORMING_AUTO_UNAUDITED,AUTO_MATCH_PENDING_QC_SAMPLE
LC_036_R07.png,LC,LC_036,7,LINE,LINE,LINE,CONFORMING_AUTO_UNAUDITED,AUTO_MATCH_PENDING_QC_SAMPLE
LC_036_R08.png,LC,LC_036,8,LINE,LINE,LINE,CONFORMING_AUTO_UNAUDITED,AUTO_MATCH_PENDING_QC_SAMPLE
LC_036_R09.png,LC,LC_036,9,LINE,LINE,LINE,CONFORMING_AUTO_UNAUDITED,AUTO_MATCH_PENDING_QC_SAMPLE
LC_036_R10.png,LC,LC_036,10,LINE,LINE,LINE,CONFORMING_AUTO_UNAUDITED,AUTO_MATCH_PENDING_QC_SAMPLE
LC_037_R01.png,LC,LC_037,1,LINE,LINE,LINE,CONFORMING_AUTO_UNAUDITED,AUTO_MATCH_PENDING_QC_SAMPLE
LC_037_R02.png,LC,LC_037,2,LINE,LINE,LINE,CONFORMING_AUTO_UNAUDITED,AUTO_MATCH_PENDING_QC_SAMPLE
LC_037_R03.png,LC,LC_037,3,LINE,LINE,LINE,CONFORMING_AUTO_UNAUDITED,AUTO_MATCH_PENDING_QC_SAMPLE
LC_037_R04.png,LC,LC_037,4,LINE,LINE,LINE,CONFORMING_AUTO_UNAUDITED,AUTO_MATCH_PENDING_QC_SAMPLE
LC_037_R05.png,LC,LC_037,5,LINE,LINE,LINE,CONFORMING_AUTO_UNAUDITED,AUTO_MATCH_PENDING_QC_SAMPLE
LC_037_R06.png,LC,LC_037,6,LINE,LINE,LINE,CONFORMING_AUTO_UNAUDITED,AUTO_MATCH_PENDING_QC_SAMPLE
LC_037_R07.png,LC,LC_037,7,LINE,LINE,LINE,CONFORMING_AUTO_UNAUDITED,AUTO_MATCH_PENDING_QC_SAMPLE
LC_037_R08.png,LC,LC_037,8,LINE,LINE,LINE,CONFORMING_AUTO_UNAUDITED,AUTO_MATCH_PENDING_QC_SAMPLE
LC_037_R09.png,LC,LC_037,9,LINE,LINE,LINE,CONFORMING_AUTO_UNAUDITED,AUTO_MATCH_PENDING_QC_SAMPLE
LC_037_R10.png,LC,LC_037,10,LINE,LINE,LINE,CONFORMING_AUTO_UNAUDITED,AUTO_MATCH_PENDING_QC_SAMPLE
LC_038_R01.png,LC,LC_038,1,LINE,LINE,LINE,CONFORMING_AUTO_UNAUDITED,AUTO_MATCH_PENDING_QC_SAMPLE
LC_038_R02.png,LC,LC_038,2,LINE,LINE,LINE,CONFORMING_AUTO_UNAUDITED,AUTO_MATCH_PENDING_QC_SAMPLE
LC_038_R03.png,LC,LC_038,3,LINE,LINE,LINE,CONFORMING_AUTO_UNAUDITED,AUTO_MATCH_PENDING_QC_SAMPLE
LC_038_R04.png,LC,LC_038,4,LINE,LINE,LINE,CONFORMING_AUTO_UNAUDITED,AUTO_MATCH_PENDING_QC_SAMPLE
LC_038_R05.png,LC,LC_038,5,LINE,LINE,LINE,CONFORMING_AUTO_UNAUDITED,AUTO_MATCH_PENDING_QC_SAMPLE
LC_038_R06.png,LC,LC_038,6,LINE,LINE,LINE,CONFORMING_AUTO_UNAUDITED,AUTO_MATCH_PENDING_QC_SAMPLE
LC_038_R07.png,LC,LC_038,7,LINE,LINE,LINE,CONFORMING_AUTO_UNAUDITED,AUTO_MATCH_PENDING_QC_SAMPLE
LC_038_R08.png,LC,LC_038,8,LINE,LINE,LINE,CONFORMING_AUTO_UNAUDITED,AUTO_MATCH_PENDING_QC_SAMPLE
LC_038_R09.png,LC,LC_038,9,LINE,LINE,LINE,CONFORMING_AUTO_UNAUDITED,AUTO_MATCH_PENDING_QC_SAMPLE
LC_038_R10.png,LC,LC_038,10,LINE,LINE,LINE,CONFORMING_AUTO_UNAUDITED,AUTO_MATCH_PENDING_QC_SAMPLE
LC_039_R01.png,LC,LC_039,1,LINE,LINE,LINE,CONFORMING_AUTO_UNAUDITED,AUTO_MATCH_PENDING_QC_SAMPLE
LC_039_R02.png,LC,LC_039,2,LINE,LINE,LINE,CONFORMING_AUTO_UNAUDITED,AUTO_MATCH_PENDING_QC_SAMPLE
LC_039_R03.png,LC,LC_039,3,LINE,LINE,LINE,CONFORMING_AUTO_UNAUDITED,AUTO_MATCH_PENDING_QC_SAMPLE
LC_039_R04.png,LC,LC_039,4,LINE,LINE,LINE,CONFORMING_AUTO_UNAUDITED,AUTO_MATCH_PENDING_QC_SAMPLE
LC_039_R05.png,LC,LC_039,5,LINE,LINE,LINE,CONFORMING_AUTO_UNAUDITED,AUTO_MATCH_PENDING_QC_SAMPLE
LC_039_R06.png,LC,LC_039,6,LINE,LINE,LINE,CONFORMING_AUTO_UNAUDITED,AUTO_MATCH_PENDING_QC_SAMPLE
LC_039_R07.png,LC,LC_039,7,LINE,LINE,LINE,CONFORMING_AUTO_UNAUDITED,AUTO_MATCH_PENDING_QC_SAMPLE
LC_039_R08.png,LC,LC_039,8,LINE,LINE,LINE,CONFORMING_AUTO_UNAUDITED,AUTO_MATCH_PENDING_QC_SAMPLE
LC_039_R09.png,LC,LC_039,9,LINE,LINE,LINE,CONFORMING_AUTO_UNAUDITED,AUTO_MATCH_PENDING_QC_SAMPLE
LC_039_R10.png,LC,LC_039,10,LINE,LINE,LINE,CONFORMING_AUTO_UNAUDITED,AUTO_MATCH_PENDING_QC_SAMPLE
LC_040_R01.png,LC,LC_040,1,LINE,LINE,LINE,CONFORMING_AUTO_UNAUDITED,AUTO_MATCH_PENDING_QC_SAMPLE
LC_040_R02.png,LC,LC_040,2,LINE,LINE,LINE,CONFORMING_AUTO_UNAUDITED,AUTO_MATCH_PENDING_QC_SAMPLE
LC_040_R03.png,LC,LC_040,3,LINE,LINE,LINE,CONFORMING_AUTO_UNAUDITED,AUTO_MATCH_PENDING_QC_SAMPLE
LC_040_R04.png,LC,LC_040,4,LINE,LINE,LINE,CONFORMING_AUTO_UNAUDITED,AUTO_MATCH_PENDING_QC_SAMPLE
LC_040_R05.png,LC,LC_040,5,LINE,LINE,LINE,CONFORMING_AUTO_UNAUDITED,AUTO_MATCH_PENDING_QC_SAMPLE
LC_040_R06.png,LC,LC_040,6,LINE,LINE,LINE,CONFORMING_AUTO_UNAUDITED,AUTO_MATCH_PENDING_QC_SAMPLE
LC_040_R07.png,LC,LC_040,7,LINE,LINE,LINE,CONFORMING_AUTO_UNAUDITED,AUTO_MATCH_PENDING_QC_SAMPLE
LC_040_R08.png,LC,LC_040,8,LINE,LINE,LINE,CONFORMING_AUTO_UNAUDITED,AUTO_MATCH_PENDING_QC_SAMPLE
LC_040_R09.png,LC,LC_040,9,LINE,LINE,LINE,CONFORMING_AUTO_UNAUDITED,AUTO_MATCH_PENDING_QC_SAMPLE
LC_040_R10.png,LC,LC_040,10,LINE,LINE,LINE,CONFORMING_AUTO_UNAUDITED,AUTO_MATCH_PENDING_QC_SAMPLE
LC_041_R01.png,LC,LC_041,1,LINE,LINE,LINE,CONFORMING_AUTO_UNAUDITED,AUTO_MATCH_PENDING_QC_SAMPLE
LC_041_R02.png,LC,LC_041,2,LINE,LINE,LINE,CONFORMING_AUTO_UNAUDITED,AUTO_MATCH_PENDING_QC_SAMPLE
LC_041_R03.png,LC,LC_041,3,LINE,LINE,LINE,CONFORMING_AUTO_UNAUDITED,AUTO_MATCH_PENDING_QC_SAMPLE
LC_041_R04.png,LC,LC_041,4,LINE,LINE,LINE,CONFORMING_AUTO_UNAUDITED,AUTO_MATCH_PENDING_QC_SAMPLE
LC_041_R05.png,LC,LC_041,5,LINE,LINE,LINE,CONFORMING_AUTO_UNAUDITED,AUTO_MATCH_PENDING_QC_SAMPLE
LC_041_R06.png,LC,LC_041,6,LINE,LINE,LINE,CONFORMING_AUTO_UNAUDITED,AUTO_MATCH_PENDING_QC_SAMPLE
LC_041_R07.png,LC,LC_041,7,LINE,LINE,LINE,CONFORMING_AUTO_UNAUDITED,AUTO_MATCH_PENDING_QC_SAMPLE
LC_041_R08.png,LC,LC_041,8,LINE,LINE,LINE,CONFORMING_AUTO_UNAUDITED,AUTO_MATCH_PENDING_QC_SAMPLE
LC_041_R09.png,LC,LC_041,9,LINE,LINE,LINE,CONFORMING_AUTO_UNAUDITED,AUTO_MATCH_PENDING_QC_SAMPLE
LC_041_R10.png,LC,LC_041,10,LINE,LINE,LINE,CONFORMING_AUTO_UNAUDITED,AUTO_MATCH_PENDING_QC_SAMPLE
LC_042_R01.png,LC,LC_042,1,LINE,LINE,LINE,CONFORMING_AUTO_UNAUDITED,AUTO_MATCH_PENDING_QC_SAMPLE
LC_042_R02.png,LC,LC_042,2,LINE,LINE,LINE,CONFORMING_AUTO_UNAUDITED,AUTO_MATCH_PENDING_QC_SAMPLE
LC_042_R03.png,LC,LC_042,3,LINE,LINE,LINE,CONFORMING_AUTO_UNAUDITED,AUTO_MATCH_PENDING_QC_SAMPLE
LC_042_R04.png,LC,LC_042,4,LINE,LINE,LINE,CONFORMING_AUTO_UNAUDITED,AUTO_MATCH_PENDING_QC_SAMPLE
LC_042_R05.png,LC,LC_042,5,LINE,LINE,LINE,CONFORMING_AUTO_UNAUDITED,AUTO_MATCH_PENDING_QC_SAMPLE
LC_042_R06.png,LC,LC_042,6,LINE,LINE,LINE,CONFORMING_AUTO_UNAUDITED,AUTO_MATCH_PENDING_QC_SAMPLE
LC_042_R07.png,LC,LC_042,7,LINE,LINE,LINE,CONFORMING_AUTO_UNAUDITED,AUTO_MATCH_PENDING_QC_SAMPLE
LC_042_R08.png,LC,LC_042,8,LINE,LINE,LINE,CONFORMING_AUTO_UNAUDITED,AUTO_MATCH_PENDING_QC_SAMPLE
LC_042_R09.png,LC,LC_042,9,LINE,LINE,LINE,CONFORMING_AUTO_UNAUDITED,AUTO_MATCH_PENDING_QC_SAMPLE
LC_042_R10.png,LC,LC_042,10,LINE,LINE,LINE,CONFORMING_AUTO_UNAUDITED,AUTO_MATCH_PENDING_QC_SAMPLE
LC_043_R01.png,LC,LC_043,1,LINE,LINE,LINE,CONFORMING_AUTO_UNAUDITED,AUTO_MATCH_PENDING_QC_SAMPLE
LC_043_R02.png,LC,LC_043,2,LINE,LINE,LINE,CONFORMING_AUTO_UNAUDITED,AUTO_MATCH_PENDING_QC_SAMPLE
LC_043_R03.png,LC,LC_043,3,LINE,LINE,LINE,CONFORMING_AUTO_UNAUDITED,AUTO_MATCH_PENDING_QC_SAMPLE
LC_043_R04.png,LC,LC_043,4,LINE,LINE,LINE,CONFORMING_AUTO_UNAUDITED,AUTO_MATCH_PENDING_QC_SAMPLE
LC_043_R05.png,LC,LC_043,5,LINE,LINE,LINE,CONFORMING_AUTO_UNAUDITED,AUTO_MATCH_PENDING_QC_SAMPLE
LC_043_R06.png,LC,LC_043,6,LINE,LINE,LINE,CONFORMING_AUTO_UNAUDITED,AUTO_MATCH_PENDING_QC_SAMPLE
LC_043_R07.png,LC,LC_043,7,LINE,LINE,LINE,CONFORMING_AUTO_UNAUDITED,AUTO_MATCH_PENDING_QC_SAMPLE
LC_043_R08.png,LC,LC_043,8,LINE,LINE,LINE,CONFORMING_AUTO_UNAUDITED,AUTO_MATCH_PENDING_QC_SAMPLE
LC_043_R09.png,LC,LC_043,9,LINE,LINE,LINE,CONFORMING_AUTO_UNAUDITED,AUTO_MATCH_PENDING_QC_SAMPLE
LC_043_R10.png,LC,LC_043,10,LINE,LINE,LINE,CONFORMING_AUTO_UNAUDITED,AUTO_MATCH_PENDING_QC_SAMPLE
LC_044_R01.png,LC,LC_044,1,LINE,LINE,LINE,CONFORMING_AUTO_UNAUDITED,AUTO_MATCH_PENDING_QC_SAMPLE
LC_044_R02.png,LC,LC_044,2,LINE,LINE,LINE,CONFORMING_AUTO_UNAUDITED,AUTO_MATCH_PENDING_QC_SAMPLE
LC_044_R03.png,LC,LC_044,3,LINE,LINE,LINE,CONFORMING_AUTO_UNAUDITED,AUTO_MATCH_PENDING_QC_SAMPLE
LC_044_R04.png,LC,LC_044,4,LINE,LINE,LINE,CONFORMING_AUTO_UNAUDITED,AUTO_MATCH_PENDING_QC_SAMPLE
LC_044_R05.png,LC,LC_044,5,LINE,LINE,LINE,CONFORMING_AUTO_UNAUDITED,AUTO_MATCH_PENDING_QC_SAMPLE
LC_044_R06.png,LC,LC_044,6,LINE,LINE,LINE,CONFORMING_AUTO_UNAUDITED,AUTO_MATCH_PENDING_QC_SAMPLE
LC_044_R07.png,LC,LC_044,7,LINE,LINE,LINE,CONFORMING_AUTO_UNAUDITED,AUTO_MATCH_PENDING_QC_SAMPLE
LC_044_R08.png,LC,LC_044,8,LINE,LINE,LINE,CONFORMING_AUTO_UNAUDITED,AUTO_MATCH_PENDING_QC_SAMPLE
LC_044_R09.png,LC,LC_044,9,LINE,LINE,LINE,CONFORMING_AUTO_UNAUDITED,AUTO_MATCH_PENDING_QC_SAMPLE
LC_044_R10.png,LC,LC_044,10,LINE,LINE,LINE,CONFORMING_AUTO_UNAUDITED,AUTO_MATCH_PENDING_QC_SAMPLE
LC_045_R01.png,LC,LC_045,1,LINE,LINE,LINE,CONFORMING_AUTO_UNAUDITED,AUTO_MATCH_PENDING_QC_SAMPLE
LC_045_R02.png,LC,LC_045,2,LINE,LINE,LINE,CONFORMING_AUTO_UNAUDITED,AUTO_MATCH_PENDING_QC_SAMPLE
LC_045_R03.png,LC,LC_045,3,LINE,LINE,LINE,CONFORMING_AUTO_UNAUDITED,AUTO_MATCH_PENDING_QC_SAMPLE
LC_045_R04.png,LC,LC_045,4,LINE,LINE,LINE,CONFORMING_AUTO_UNAUDITED,AUTO_MATCH_PENDING_QC_SAMPLE
LC_045_R05.png,LC,LC_045,5,LINE,LINE,LINE,CONFORMING_AUTO_UNAUDITED,AUTO_MATCH_PENDING_QC_SAMPLE
LC_045_R06.png,LC,LC_045,6,LINE,LINE,LINE,CONFORMING_AUTO_UNAUDITED,AUTO_MATCH_PENDING_QC_SAMPLE
LC_045_R07.png,LC,LC_045,7,LINE,LINE,LINE,CONFORMING_AUTO_UNAUDITED,AUTO_MATCH_PENDING_QC_SAMPLE
LC_045_R08.png,LC,LC_045,8,LINE,LINE,LINE,CONFORMING_AUTO_UNAUDITED,AUTO_MATCH_PENDING_QC_SAMPLE
LC_045_R09.png,LC,LC_045,9,LINE,LINE,LINE,CONFORMING_AUTO_UNAUDITED,AUTO_MATCH_PENDING_QC_SAMPLE
LC_045_R10.png,LC,LC_045,10,LINE,LINE,LINE,CONFORMING_AUTO_UNAUDITED,AUTO_MATCH_PENDING_QC_SAMPLE
LC_046_R01.png,LC,LC_046,1,LINE,LINE,LINE,CONFORMING_AUTO_UNAUDITED,AUTO_MATCH_PENDING_QC_SAMPLE
LC_046_R02.png,LC,LC_046,2,LINE,LINE,LINE,CONFORMING_AUTO_UNAUDITED,AUTO_MATCH_PENDING_QC_SAMPLE
LC_046_R03.png,LC,LC_046,3,LINE,SCATTER,LINE,CONFORMING,MANUAL_AUDIT_AUTO_DISCREPANCY
LC_046_R04.png,LC,LC_046,4,LINE,LINE,LINE,CONFORMING_AUTO_UNAUDITED,AUTO_MATCH_PENDING_QC_SAMPLE
LC_046_R05.png,LC,LC_046,5,LINE,LINE,LINE,CONFORMING_AUTO_UNAUDITED,AUTO_MATCH_PENDING_QC_SAMPLE
LC_046_R06.png,LC,LC_046,6,LINE,LINE,LINE,CONFORMING_AUTO_UNAUDITED,AUTO_MATCH_PENDING_QC_SAMPLE
LC_046_R07.png,LC,LC_046,7,LINE,LINE,LINE,CONFORMING_AUTO_UNAUDITED,AUTO_MATCH_PENDING_QC_SAMPLE
LC_046_R08.png,LC,LC_046,8,LINE,LINE,LINE,CONFORMING_AUTO_UNAUDITED,AUTO_MATCH_PENDING_QC_SAMPLE
LC_046_R09.png,LC,LC_046,9,LINE,LINE,LINE,CONFORMING_AUTO_UNAUDITED,AUTO_MATCH_PENDING_QC_SAMPLE
LC_046_R10.png,LC,LC_046,10,LINE,LINE,LINE,CONFORMING_AUTO_UNAUDITED,AUTO_MATCH_PENDING_QC_SAMPLE
LC_047_R01.png,LC,LC_047,1,LINE,LINE,LINE,CONFORMING_AUTO_UNAUDITED,AUTO_MATCH_PENDING_QC_SAMPLE
LC_047_R02.png,LC,LC_047,2,LINE,LINE,LINE,CONFORMING_AUTO_UNAUDITED,AUTO_MATCH_PENDING_QC_SAMPLE
LC_047_R03.png,LC,LC_047,3,LINE,LINE,LINE,CONFORMING_AUTO_UNAUDITED,AUTO_MATCH_PENDING_QC_SAMPLE
LC_047_R04.png,LC,LC_047,4,LINE,LINE,LINE,CONFORMING_AUTO_UNAUDITED,AUTO_MATCH_PENDING_QC_SAMPLE
LC_047_R05.png,LC,LC_047,5,LINE,LINE,LINE,CONFORMING_AUTO_UNAUDITED,AUTO_MATCH_PENDING_QC_SAMPLE
LC_047_R06.png,LC,LC_047,6,LINE,LINE,LINE,CONFORMING_AUTO_UNAUDITED,AUTO_MATCH_PENDING_QC_SAMPLE
LC_047_R07.png,LC,LC_047,7,LINE,LINE,LINE,CONFORMING_AUTO_UNAUDITED,AUTO_MATCH_PENDING_QC_SAMPLE
LC_047_R08.png,LC,LC_047,8,LINE,LINE,LINE,CONFORMING_AUTO_UNAUDITED,AUTO_MATCH_PENDING_QC_SAMPLE
LC_047_R09.png,LC,LC_047,9,LINE,LINE,LINE,CONFORMING_AUTO_UNAUDITED,AUTO_MATCH_PENDING_QC_SAMPLE
LC_047_R10.png,LC,LC_047,10,LINE,LINE,LINE,CONFORMING_AUTO_UNAUDITED,AUTO_MATCH_PENDING_QC_SAMPLE
LC_048_R01.png,LC,LC_048,1,LINE,LINE,LINE,CONFORMING_AUTO_UNAUDITED,AUTO_MATCH_PENDING_QC_SAMPLE
LC_048_R02.png,LC,LC_048,2,LINE,LINE,LINE,CONFORMING_AUTO_UNAUDITED,AUTO_MATCH_PENDING_QC_SAMPLE
LC_048_R03.png,LC,LC_048,3,LINE,LINE,LINE,CONFORMING_AUTO_UNAUDITED,AUTO_MATCH_PENDING_QC_SAMPLE
LC_048_R04.png,LC,LC_048,4,LINE,LINE,LINE,CONFORMING_AUTO_UNAUDITED,AUTO_MATCH_PENDING_QC_SAMPLE
LC_048_R05.png,LC,LC_048,5,LINE,LINE,LINE,CONFORMING_AUTO_UNAUDITED,AUTO_MATCH_PENDING_QC_SAMPLE
LC_048_R06.png,LC,LC_048,6,LINE,LINE,LINE,CONFORMING_AUTO_UNAUDITED,AUTO_MATCH_PENDING_QC_SAMPLE
LC_048_R07.png,LC,LC_048,7,LINE,LINE,LINE,CONFORMING_AUTO_UNAUDITED,AUTO_MATCH_PENDING_QC_SAMPLE
LC_048_R08.png,LC,LC_048,8,LINE,LINE,LINE,CONFORMING_AUTO_UNAUDITED,AUTO_MATCH_PENDING_QC_SAMPLE
LC_048_R09.png,LC,LC_048,9,LINE,LINE,LINE,CONFORMING_AUTO_UNAUDITED,AUTO_MATCH_PENDING_QC_SAMPLE
LC_048_R10.png,LC,LC_048,10,LINE,LINE,LINE,CONFORMING_AUTO_UNAUDITED,AUTO_MATCH_PENDING_QC_SAMPLE
LC_049_R01.png,LC,LC_049,1,LINE,LINE,LINE,CONFORMING_AUTO_UNAUDITED,AUTO_MATCH_PENDING_QC_SAMPLE
LC_049_R02.png,LC,LC_049,2,LINE,LINE,LINE,CONFORMING_AUTO_UNAUDITED,AUTO_MATCH_PENDING_QC_SAMPLE
LC_049_R03.png,LC,LC_049,3,LINE,LINE,LINE,CONFORMING_AUTO_UNAUDITED,AUTO_MATCH_PENDING_QC_SAMPLE
LC_049_R04.png,LC,LC_049,4,LINE,LINE,LINE,CONFORMING_AUTO_UNAUDITED,AUTO_MATCH_PENDING_QC_SAMPLE
LC_049_R05.png,LC,LC_049,5,LINE,LINE,LINE,CONFORMING_AUTO_UNAUDITED,AUTO_MATCH_PENDING_QC_SAMPLE
LC_049_R06.png,LC,LC_049,6,LINE,LINE,LINE,CONFORMING_AUTO_UNAUDITED,AUTO_MATCH_PENDING_QC_SAMPLE
LC_049_R07.png,LC,LC_049,7,LINE,LINE,LINE,CONFORMING_AUTO_UNAUDITED,AUTO_MATCH_PENDING_QC_SAMPLE
LC_049_R08.png,LC,LC_049,8,LINE,LINE,LINE,CONFORMING_AUTO_UNAUDITED,AUTO_MATCH_PENDING_QC_SAMPLE
LC_049_R09.png,LC,LC_049,9,LINE,LINE,LINE,CONFORMING_AUTO_UNAUDITED,AUTO_MATCH_PENDING_QC_SAMPLE
LC_049_R10.png,LC,LC_049,10,LINE,LINE,LINE,CONFORMING_AUTO_UNAUDITED,AUTO_MATCH_PENDING_QC_SAMPLE
LC_050_R01.png,LC,LC_050,1,LINE,LINE,LINE,CONFORMING_AUTO_UNAUDITED,AUTO_MATCH_PENDING_QC_SAMPLE
LC_050_R02.png,LC,LC_050,2,LINE,LINE,LINE,CONFORMING_AUTO_UNAUDITED,AUTO_MATCH_PENDING_QC_SAMPLE
LC_050_R03.png,LC,LC_050,3,LINE,LINE,LINE,CONFORMING_AUTO_UNAUDITED,AUTO_MATCH_PENDING_QC_SAMPLE
LC_050_R04.png,LC,LC_050,4,LINE,LINE,LINE,CONFORMING_AUTO_UNAUDITED,AUTO_MATCH_PENDING_QC_SAMPLE
LC_050_R05.png,LC,LC_050,5,LINE,LINE,LINE,CONFORMING_AUTO_UNAUDITED,AUTO_MATCH_PENDING_QC_SAMPLE
LC_050_R06.png,LC,LC_050,6,LINE,LINE,LINE,CONFORMING_AUTO_UNAUDITED,AUTO_MATCH_PENDING_QC_SAMPLE
LC_050_R07.png,LC,LC_050,7,LINE,LINE,LINE,CONFORMING_AUTO_UNAUDITED,AUTO_MATCH_PENDING_QC_SAMPLE
LC_050_R08.png,LC,LC_050,8,LINE,LINE,LINE,CONFORMING_AUTO_UNAUDITED,AUTO_MATCH_PENDING_QC_SAMPLE
LC_050_R09.png,LC,LC_050,9,LINE,LINE,LINE,CONFORMING_AUTO_UNAUDITED,AUTO_MATCH_PENDING_QC_SAMPLE
LC_050_R10.png,LC,LC_050,10,LINE,LINE,LINE,CONFORMING_AUTO_UNAUDITED,AUTO_MATCH_PENDING_QC_SAMPLE
LC_051_R01.png,LC,LC_051,1,LINE,LINE,LINE,CONFORMING_AUTO_UNAUDITED,AUTO_MATCH_PENDING_QC_SAMPLE
LC_051_R02.png,LC,LC_051,2,LINE,LINE,LINE,CONFORMING_AUTO_UNAUDITED,AUTO_MATCH_PENDING_QC_SAMPLE
LC_051_R03.png,LC,LC_051,3,LINE,LINE,LINE,CONFORMING_AUTO_UNAUDITED,AUTO_MATCH_PENDING_QC_SAMPLE
LC_051_R04.png,LC,LC_051,4,LINE,LINE,LINE,CONFORMING_AUTO_UNAUDITED,AUTO_MATCH_PENDING_QC_SAMPLE
LC_051_R05.png,LC,LC_051,5,LINE,LINE,LINE,CONFORMING_AUTO_UNAUDITED,AUTO_MATCH_PENDING_QC_SAMPLE
LC_051_R06.png,LC,LC_051,6,LINE,LINE,LINE,CONFORMING_AUTO_UNAUDITED,AUTO_MATCH_PENDING_QC_SAMPLE
LC_051_R07.png,LC,LC_051,7,LINE,LINE,LINE,CONFORMING_AUTO_UNAUDITED,AUTO_MATCH_PENDING_QC_SAMPLE
LC_051_R08.png,LC,LC_051,8,LINE,LINE,LINE,CONFORMING_AUTO_UNAUDITED,AUTO_MATCH_PENDING_QC_SAMPLE
LC_051_R09.png,LC,LC_051,9,LINE,LINE,LINE,CONFORMING_AUTO_UNAUDITED,AUTO_MATCH_PENDING_QC_SAMPLE
LC_051_R10.png,LC,LC_051,10,LINE,LINE,LINE,CONFORMING_AUTO_UNAUDITED,AUTO_MATCH_PENDING_QC_SAMPLE
LC_052_R01.png,LC,LC_052,1,LINE,LINE,LINE,CONFORMING_AUTO_UNAUDITED,AUTO_MATCH_PENDING_QC_SAMPLE
LC_052_R02.png,LC,LC_052,2,LINE,LINE,LINE,CONFORMING_AUTO_UNAUDITED,AUTO_MATCH_PENDING_QC_SAMPLE
LC_052_R03.png,LC,LC_052,3,LINE,LINE,LINE,CONFORMING_AUTO_UNAUDITED,AUTO_MATCH_PENDING_QC_SAMPLE
LC_052_R04.png,LC,LC_052,4,LINE,LINE,LINE,CONFORMING_AUTO_UNAUDITED,AUTO_MATCH_PENDING_QC_SAMPLE
LC_052_R05.png,LC,LC_052,5,LINE,LINE,LINE,CONFORMING_AUTO_UNAUDITED,AUTO_MATCH_PENDING_QC_SAMPLE
LC_052_R06.png,LC,LC_052,6,LINE,LINE,LINE,CONFORMING_AUTO_UNAUDITED,AUTO_MATCH_PENDING_QC_SAMPLE
LC_052_R07.png,LC,LC_052,7,LINE,LINE,LINE,CONFORMING_AUTO_UNAUDITED,AUTO_MATCH_PENDING_QC_SAMPLE
LC_052_R08.png,LC,LC_052,8,LINE,LINE,LINE,CONFORMING_AUTO_UNAUDITED,AUTO_MATCH_PENDING_QC_SAMPLE
LC_052_R09.png,LC,LC_052,9,LINE,LINE,LINE,CONFORMING_AUTO_UNAUDITED,AUTO_MATCH_PENDING_QC_SAMPLE
LC_052_R10.png,LC,LC_052,10,LINE,LINE,LINE,CONFORMING_AUTO_UNAUDITED,AUTO_MATCH_PENDING_QC_SAMPLE
LI_001_R01.png,LI,LI_001,1,LINE,LINE,LINE,CONFORMING_AUTO_UNAUDITED,AUTO_MATCH_PENDING_QC_SAMPLE
LI_001_R02.png,LI,LI_001,2,LINE,LINE,LINE,CONFORMING_AUTO_UNAUDITED,AUTO_MATCH_PENDING_QC_SAMPLE
LI_001_R03.png,LI,LI_001,3,LINE,LINE,LINE,CONFORMING_AUTO_UNAUDITED,AUTO_MATCH_PENDING_QC_SAMPLE
LI_001_R04.png,LI,LI_001,4,LINE,LINE,LINE,CONFORMING_AUTO_UNAUDITED,AUTO_MATCH_PENDING_QC_SAMPLE
LI_001_R05.png,LI,LI_001,5,LINE,LINE,LINE,CONFORMING_AUTO_UNAUDITED,AUTO_MATCH_PENDING_QC_SAMPLE
LI_001_R06.png,LI,LI_001,6,LINE,LINE,LINE,CONFORMING_AUTO_UNAUDITED,AUTO_MATCH_PENDING_QC_SAMPLE
LI_001_R07.png,LI,LI_001,7,LINE,LINE,LINE,CONFORMING_AUTO_UNAUDITED,AUTO_MATCH_PENDING_QC_SAMPLE
LI_001_R08.png,LI,LI_001,8,LINE,LINE,LINE,CONFORMING_AUTO_UNAUDITED,AUTO_MATCH_PENDING_QC_SAMPLE
LI_001_R09.png,LI,LI_001,9,LINE,LINE,LINE,CONFORMING_AUTO_UNAUDITED,AUTO_MATCH_PENDING_QC_SAMPLE
LI_001_R10.png,LI,LI_001,10,LINE,LINE,LINE,CONFORMING_AUTO_UNAUDITED,AUTO_MATCH_PENDING_QC_SAMPLE
LI_002_R01.png,LI,LI_002,1,LINE,LINE,LINE,CONFORMING_AUTO_UNAUDITED,AUTO_MATCH_PENDING_QC_SAMPLE
LI_002_R02.png,LI,LI_002,2,LINE,LINE,LINE,CONFORMING_AUTO_UNAUDITED,AUTO_MATCH_PENDING_QC_SAMPLE
LI_002_R03.png,LI,LI_002,3,LINE,LINE,LINE,CONFORMING_AUTO_UNAUDITED,AUTO_MATCH_PENDING_QC_SAMPLE
LI_002_R04.png,LI,LI_002,4,LINE,LINE,LINE,CONFORMING_AUTO_UNAUDITED,AUTO_MATCH_PENDING_QC_SAMPLE
LI_002_R05.png,LI,LI_002,5,LINE,LINE,LINE,CONFORMING_AUTO_UNAUDITED,AUTO_MATCH_PENDING_QC_SAMPLE
LI_002_R06.png,LI,LI_002,6,LINE,LINE,LINE,CONFORMING_AUTO_UNAUDITED,AUTO_MATCH_PENDING_QC_SAMPLE
LI_002_R07.png,LI,LI_002,7,LINE,LINE,LINE,CONFORMING_AUTO_UNAUDITED,AUTO_MATCH_PENDING_QC_SAMPLE
LI_002_R08.png,LI,LI_002,8,LINE,LINE,LINE,CONFORMING_AUTO_UNAUDITED,AUTO_MATCH_PENDING_QC_SAMPLE
LI_002_R09.png,LI,LI_002,9,LINE,LINE,LINE,CONFORMING_AUTO_UNAUDITED,AUTO_MATCH_PENDING_QC_SAMPLE
LI_002_R10.png,LI,LI_002,10,LINE,LINE,LINE,CONFORMING_AUTO_UNAUDITED,AUTO_MATCH_PENDING_QC_SAMPLE
LI_003_R01.png,LI,LI_003,1,LINE,LINE,LINE,CONFORMING_AUTO_UNAUDITED,AUTO_MATCH_PENDING_QC_SAMPLE
LI_003_R02.png,LI,LI_003,2,LINE,LINE,LINE,CONFORMING_AUTO_UNAUDITED,AUTO_MATCH_PENDING_QC_SAMPLE
LI_003_R03.png,LI,LI_003,3,LINE,LINE,LINE,CONFORMING_AUTO_UNAUDITED,AUTO_MATCH_PENDING_QC_SAMPLE
LI_003_R04.png,LI,LI_003,4,LINE,LINE,LINE,CONFORMING_AUTO_UNAUDITED,AUTO_MATCH_PENDING_QC_SAMPLE
LI_003_R05.png,LI,LI_003,5,LINE,LINE,LINE,CONFORMING_AUTO_UNAUDITED,AUTO_MATCH_PENDING_QC_SAMPLE
LI_003_R06.png,LI,LI_003,6,LINE,LINE,LINE,CONFORMING_AUTO_UNAUDITED,AUTO_MATCH_PENDING_QC_SAMPLE
LI_003_R07.png,LI,LI_003,7,LINE,LINE,LINE,CONFORMING_AUTO_UNAUDITED,AUTO_MATCH_PENDING_QC_SAMPLE
LI_003_R08.png,LI,LI_003,8,LINE,LINE,LINE,CONFORMING_AUTO_UNAUDITED,AUTO_MATCH_PENDING_QC_SAMPLE
LI_003_R09.png,LI,LI_003,9,LINE,LINE,LINE,CONFORMING_AUTO_UNAUDITED,AUTO_MATCH_PENDING_QC_SAMPLE
LI_003_R10.png,LI,LI_003,10,LINE,LINE,LINE,CONFORMING_AUTO_UNAUDITED,AUTO_MATCH_PENDING_QC_SAMPLE
LI_004_R01.png,LI,LI_004,1,LINE,LINE,LINE,CONFORMING_AUTO_UNAUDITED,AUTO_MATCH_PENDING_QC_SAMPLE
LI_004_R02.png,LI,LI_004,2,LINE,LINE,LINE,CONFORMING_AUTO_UNAUDITED,AUTO_MATCH_PENDING_QC_SAMPLE
LI_004_R03.png,LI,LI_004,3,LINE,LINE,LINE,CONFORMING_AUTO_UNAUDITED,AUTO_MATCH_PENDING_QC_SAMPLE
LI_004_R04.png,LI,LI_004,4,LINE,LINE,LINE,CONFORMING_AUTO_UNAUDITED,AUTO_MATCH_PENDING_QC_SAMPLE
LI_004_R05.png,LI,LI_004,5,LINE,LINE,LINE,CONFORMING_AUTO_UNAUDITED,AUTO_MATCH_PENDING_QC_SAMPLE
LI_004_R06.png,LI,LI_004,6,LINE,LINE,LINE,CONFORMING_AUTO_UNAUDITED,AUTO_MATCH_PENDING_QC_SAMPLE
LI_004_R07.png,LI,LI_004,7,LINE,LINE,LINE,CONFORMING_AUTO_UNAUDITED,AUTO_MATCH_PENDING_QC_SAMPLE
LI_004_R08.png,LI,LI_004,8,LINE,LINE,LINE,CONFORMING_AUTO_UNAUDITED,AUTO_MATCH_PENDING_QC_SAMPLE
LI_004_R09.png,LI,LI_004,9,LINE,LINE,LINE,CONFORMING_AUTO_UNAUDITED,AUTO_MATCH_PENDING_QC_SAMPLE
LI_004_R10.png,LI,LI_004,10,LINE,LINE,LINE,CONFORMING_AUTO_UNAUDITED,AUTO_MATCH_PENDING_QC_SAMPLE
LI_005_R01.png,LI,LI_005,1,LINE,LINE,LINE,CONFORMING_AUTO_UNAUDITED,AUTO_MATCH_PENDING_QC_SAMPLE
LI_005_R02.png,LI,LI_005,2,LINE,LINE,LINE,CONFORMING_AUTO_UNAUDITED,AUTO_MATCH_PENDING_QC_SAMPLE
LI_005_R03.png,LI,LI_005,3,LINE,LINE,LINE,CONFORMING_AUTO_UNAUDITED,AUTO_MATCH_PENDING_QC_SAMPLE
LI_005_R04.png,LI,LI_005,4,LINE,LINE,LINE,CONFORMING_AUTO_UNAUDITED,AUTO_MATCH_PENDING_QC_SAMPLE
LI_005_R05.png,LI,LI_005,5,LINE,LINE,LINE,CONFORMING_AUTO_UNAUDITED,AUTO_MATCH_PENDING_QC_SAMPLE
LI_005_R06.png,LI,LI_005,6,LINE,LINE,LINE,CONFORMING_AUTO_UNAUDITED,AUTO_MATCH_PENDING_QC_SAMPLE
LI_005_R07.png,LI,LI_005,7,LINE,LINE,LINE,CONFORMING_AUTO_UNAUDITED,AUTO_MATCH_PENDING_QC_SAMPLE
LI_005_R08.png,LI,LI_005,8,LINE,LINE,LINE,CONFORMING_AUTO_UNAUDITED,AUTO_MATCH_PENDING_QC_SAMPLE
LI_005_R09.png,LI,LI_005,9,LINE,LINE,LINE,CONFORMING_AUTO_UNAUDITED,AUTO_MATCH_PENDING_QC_SAMPLE
LI_005_R10.png,LI,LI_005,10,LINE,LINE,LINE,CONFORMING_AUTO_UNAUDITED,AUTO_MATCH_PENDING_QC_SAMPLE
LI_006_R01.png,LI,LI_006,1,LINE,LINE,LINE,CONFORMING_AUTO_UNAUDITED,AUTO_MATCH_PENDING_QC_SAMPLE
LI_006_R02.png,LI,LI_006,2,LINE,LINE,LINE,CONFORMING_AUTO_UNAUDITED,AUTO_MATCH_PENDING_QC_SAMPLE
LI_006_R03.png,LI,LI_006,3,LINE,LINE,LINE,CONFORMING_AUTO_UNAUDITED,AUTO_MATCH_PENDING_QC_SAMPLE
LI_006_R04.png,LI,LI_006,4,LINE,LINE,LINE,CONFORMING_AUTO_UNAUDITED,AUTO_MATCH_PENDING_QC_SAMPLE
LI_006_R05.png,LI,LI_006,5,LINE,LINE,LINE,CONFORMING_AUTO_UNAUDITED,AUTO_MATCH_PENDING_QC_SAMPLE
LI_006_R06.png,LI,LI_006,6,LINE,LINE,LINE,CONFORMING_AUTO_UNAUDITED,AUTO_MATCH_PENDING_QC_SAMPLE
LI_006_R07.png,LI,LI_006,7,LINE,LINE,LINE,CONFORMING_AUTO_UNAUDITED,AUTO_MATCH_PENDING_QC_SAMPLE
LI_006_R08.png,LI,LI_006,8,LINE,LINE,LINE,CONFORMING_AUTO_UNAUDITED,AUTO_MATCH_PENDING_QC_SAMPLE
LI_006_R09.png,LI,LI_006,9,LINE,LINE,LINE,CONFORMING_AUTO_UNAUDITED,AUTO_MATCH_PENDING_QC_SAMPLE
LI_006_R10.png,LI,LI_006,10,LINE,LINE,LINE,CONFORMING_AUTO_UNAUDITED,AUTO_MATCH_PENDING_QC_SAMPLE
LI_007_R01.png,LI,LI_007,1,LINE,LINE,LINE,CONFORMING_AUTO_UNAUDITED,AUTO_MATCH_PENDING_QC_SAMPLE
LI_007_R02.png,LI,LI_007,2,LINE,LINE,LINE,CONFORMING_AUTO_UNAUDITED,AUTO_MATCH_PENDING_QC_SAMPLE
LI_007_R03.png,LI,LI_007,3,LINE,LINE,LINE,CONFORMING_AUTO_UNAUDITED,AUTO_MATCH_PENDING_QC_SAMPLE
LI_007_R04.png,LI,LI_007,4,LINE,LINE,LINE,CONFORMING_AUTO_UNAUDITED,AUTO_MATCH_PENDING_QC_SAMPLE
LI_007_R05.png,LI,LI_007,5,LINE,LINE,LINE,CONFORMING_AUTO_UNAUDITED,AUTO_MATCH_PENDING_QC_SAMPLE
LI_007_R06.png,LI,LI_007,6,LINE,LINE,LINE,CONFORMING_AUTO_UNAUDITED,AUTO_MATCH_PENDING_QC_SAMPLE
LI_007_R07.png,LI,LI_007,7,LINE,LINE,LINE,CONFORMING_AUTO_UNAUDITED,AUTO_MATCH_PENDING_QC_SAMPLE
LI_007_R08.png,LI,LI_007,8,LINE,LINE,LINE,CONFORMING_AUTO_UNAUDITED,AUTO_MATCH_PENDING_QC_SAMPLE
LI_007_R09.png,LI,LI_007,9,LINE,LINE,LINE,CONFORMING_AUTO_UNAUDITED,AUTO_MATCH_PENDING_QC_SAMPLE
LI_007_R10.png,LI,LI_007,10,LINE,LINE,LINE,CONFORMING_AUTO_UNAUDITED,AUTO_MATCH_PENDING_QC_SAMPLE
LI_008_R01.png,LI,LI_008,1,LINE,LINE,LINE,CONFORMING_AUTO_UNAUDITED,AUTO_MATCH_PENDING_QC_SAMPLE
LI_008_R02.png,LI,LI_008,2,LINE,BAR,LINE,CONFORMING,MANUAL_AUDIT_AUTO_DISCREPANCY
LI_008_R03.png,LI,LI_008,3,LINE,OTHER,OTHER,NONCONFORMING,MANUAL_AUDIT_AUTO_DISCREPANCY
LI_008_R04.png,LI,LI_008,4,LINE,LINE,LINE,CONFORMING_AUTO_UNAUDITED,AUTO_MATCH_PENDING_QC_SAMPLE
LI_008_R05.png,LI,LI_008,5,LINE,LINE,LINE,CONFORMING_AUTO_UNAUDITED,AUTO_MATCH_PENDING_QC_SAMPLE
LI_008_R06.png,LI,LI_008,6,LINE,LINE,LINE,CONFORMING_AUTO_UNAUDITED,AUTO_MATCH_PENDING_QC_SAMPLE
LI_008_R07.png,LI,LI_008,7,LINE,LINE,LINE,CONFORMING_AUTO_UNAUDITED,AUTO_MATCH_PENDING_QC_SAMPLE
LI_008_R08.png,LI,LI_008,8,LINE,LINE,LINE,CONFORMING_AUTO_UNAUDITED,AUTO_MATCH_PENDING_QC_SAMPLE
LI_008_R09.png,LI,LI_008,9,LINE,LINE,LINE,CONFORMING_AUTO_UNAUDITED,AUTO_MATCH_PENDING_QC_SAMPLE
LI_008_R10.png,LI,LI_008,10,LINE,BAR,LINE,CONFORMING,MANUAL_AUDIT_AUTO_DISCREPANCY
LI_009_R01.png,LI,LI_009,1,LINE,LINE,LINE,CONFORMING_AUTO_UNAUDITED,AUTO_MATCH_PENDING_QC_SAMPLE
LI_009_R02.png,LI,LI_009,2,LINE,LINE,LINE,CONFORMING_AUTO_UNAUDITED,AUTO_MATCH_PENDING_QC_SAMPLE
LI_009_R03.png,LI,LI_009,3,LINE,LINE,LINE,CONFORMING_AUTO_UNAUDITED,AUTO_MATCH_PENDING_QC_SAMPLE
LI_009_R04.png,LI,LI_009,4,LINE,LINE,LINE,CONFORMING_AUTO_UNAUDITED,AUTO_MATCH_PENDING_QC_SAMPLE
LI_009_R05.png,LI,LI_009,5,LINE,LINE,LINE,CONFORMING_AUTO_UNAUDITED,AUTO_MATCH_PENDING_QC_SAMPLE
LI_009_R06.png,LI,LI_009,6,LINE,LINE,LINE,CONFORMING_AUTO_UNAUDITED,AUTO_MATCH_PENDING_QC_SAMPLE
LI_009_R07.png,LI,LI_009,7,LINE,LINE,LINE,CONFORMING_AUTO_UNAUDITED,AUTO_MATCH_PENDING_QC_SAMPLE
LI_009_R08.png,LI,LI_009,8,LINE,LINE,LINE,CONFORMING_AUTO_UNAUDITED,AUTO_MATCH_PENDING_QC_SAMPLE
LI_009_R09.png,LI,LI_009,9,LINE,LINE,LINE,CONFORMING_AUTO_UNAUDITED,AUTO_MATCH_PENDING_QC_SAMPLE
LI_009_R10.png,LI,LI_009,10,LINE,LINE,LINE,CONFORMING_AUTO_UNAUDITED,AUTO_MATCH_PENDING_QC_SAMPLE
LI_010_R01.png,LI,LI_010,1,LINE,LINE,LINE,CONFORMING_AUTO_UNAUDITED,AUTO_MATCH_PENDING_QC_SAMPLE
LI_010_R02.png,LI,LI_010,2,LINE,LINE,LINE,CONFORMING_AUTO_UNAUDITED,AUTO_MATCH_PENDING_QC_SAMPLE
LI_010_R03.png,LI,LI_010,3,LINE,LINE,LINE,CONFORMING_AUTO_UNAUDITED,AUTO_MATCH_PENDING_QC_SAMPLE
LI_010_R04.png,LI,LI_010,4,LINE,LINE,LINE,CONFORMING_AUTO_UNAUDITED,AUTO_MATCH_PENDING_QC_SAMPLE
LI_010_R05.png,LI,LI_010,5,LINE,LINE,LINE,CONFORMING_AUTO_UNAUDITED,AUTO_MATCH_PENDING_QC_SAMPLE
LI_010_R06.png,LI,LI_010,6,LINE,LINE,LINE,CONFORMING_AUTO_UNAUDITED,AUTO_MATCH_PENDING_QC_SAMPLE
LI_010_R07.png,LI,LI_010,7,LINE,LINE,LINE,CONFORMING_AUTO_UNAUDITED,AUTO_MATCH_PENDING_QC_SAMPLE
LI_010_R08.png,LI,LI_010,8,LINE,LINE,LINE,CONFORMING_AUTO_UNAUDITED,AUTO_MATCH_PENDING_QC_SAMPLE
LI_010_R09.png,LI,LI_010,9,LINE,LINE,LINE,CONFORMING_AUTO_UNAUDITED,AUTO_MATCH_PENDING_QC_SAMPLE
LI_010_R10.png,LI,LI_010,10,LINE,LINE,LINE,CONFORMING_AUTO_UNAUDITED,AUTO_MATCH_PENDING_QC_SAMPLE
LI_011_R01.png,LI,LI_011,1,LINE,LINE,LINE,CONFORMING_AUTO_UNAUDITED,AUTO_MATCH_PENDING_QC_SAMPLE
LI_011_R02.png,LI,LI_011,2,LINE,LINE,LINE,CONFORMING_AUTO_UNAUDITED,AUTO_MATCH_PENDING_QC_SAMPLE
LI_011_R03.png,LI,LI_011,3,LINE,LINE,LINE,CONFORMING_AUTO_UNAUDITED,AUTO_MATCH_PENDING_QC_SAMPLE
LI_011_R04.png,LI,LI_011,4,LINE,LINE,LINE,CONFORMING_AUTO_UNAUDITED,AUTO_MATCH_PENDING_QC_SAMPLE
LI_011_R05.png,LI,LI_011,5,LINE,LINE,LINE,CONFORMING_AUTO_UNAUDITED,AUTO_MATCH_PENDING_QC_SAMPLE
LI_011_R06.png,LI,LI_011,6,LINE,LINE,LINE,CONFORMING_AUTO_UNAUDITED,AUTO_MATCH_PENDING_QC_SAMPLE
LI_011_R07.png,LI,LI_011,7,LINE,LINE,LINE,CONFORMING_AUTO_UNAUDITED,AUTO_MATCH_PENDING_QC_SAMPLE
LI_011_R08.png,LI,LI_011,8,LINE,LINE,LINE,CONFORMING_AUTO_UNAUDITED,AUTO_MATCH_PENDING_QC_SAMPLE
LI_011_R09.png,LI,LI_011,9,LINE,LINE,LINE,CONFORMING_AUTO_UNAUDITED,AUTO_MATCH_PENDING_QC_SAMPLE
LI_011_R10.png,LI,LI_011,10,LINE,LINE,LINE,CONFORMING_AUTO_UNAUDITED,AUTO_MATCH_PENDING_QC_SAMPLE
LI_012_R01.png,LI,LI_012,1,LINE,LINE,LINE,CONFORMING_AUTO_UNAUDITED,AUTO_MATCH_PENDING_QC_SAMPLE
LI_012_R02.png,LI,LI_012,2,LINE,LINE,LINE,CONFORMING_AUTO_UNAUDITED,AUTO_MATCH_PENDING_QC_SAMPLE
LI_012_R03.png,LI,LI_012,3,LINE,LINE,LINE,CONFORMING_AUTO_UNAUDITED,AUTO_MATCH_PENDING_QC_SAMPLE
LI_012_R04.png,LI,LI_012,4,LINE,LINE,LINE,CONFORMING_AUTO_UNAUDITED,AUTO_MATCH_PENDING_QC_SAMPLE
LI_012_R05.png,LI,LI_012,5,LINE,LINE,LINE,CONFORMING_AUTO_UNAUDITED,AUTO_MATCH_PENDING_QC_SAMPLE
LI_012_R06.png,LI,LI_012,6,LINE,LINE,LINE,CONFORMING_AUTO_UNAUDITED,AUTO_MATCH_PENDING_QC_SAMPLE
LI_012_R07.png,LI,LI_012,7,LINE,LINE,LINE,CONFORMING_AUTO_UNAUDITED,AUTO_MATCH_PENDING_QC_SAMPLE
LI_012_R08.png,LI,LI_012,8,LINE,LINE,LINE,CONFORMING_AUTO_UNAUDITED,AUTO_MATCH_PENDING_QC_SAMPLE
LI_012_R09.png,LI,LI_012,9,LINE,LINE,LINE,CONFORMING_AUTO_UNAUDITED,AUTO_MATCH_PENDING_QC_SAMPLE
LI_012_R10.png,LI,LI_012,10,LINE,LINE,LINE,CONFORMING_AUTO_UNAUDITED,AUTO_MATCH_PENDING_QC_SAMPLE
LI_013_R01.png,LI,LI_013,1,LINE,LINE,LINE,CONFORMING_AUTO_UNAUDITED,AUTO_MATCH_PENDING_QC_SAMPLE
LI_013_R02.png,LI,LI_013,2,LINE,LINE,LINE,CONFORMING_AUTO_UNAUDITED,AUTO_MATCH_PENDING_QC_SAMPLE
LI_013_R03.png,LI,LI_013,3,LINE,LINE,LINE,CONFORMING_AUTO_UNAUDITED,AUTO_MATCH_PENDING_QC_SAMPLE
LI_013_R04.png,LI,LI_013,4,LINE,LINE,LINE,CONFORMING_AUTO_UNAUDITED,AUTO_MATCH_PENDING_QC_SAMPLE
LI_013_R05.png,LI,LI_013,5,LINE,LINE,LINE,CONFORMING_AUTO_UNAUDITED,AUTO_MATCH_PENDING_QC_SAMPLE
LI_013_R06.png,LI,LI_013,6,LINE,LINE,LINE,CONFORMING_AUTO_UNAUDITED,AUTO_MATCH_PENDING_QC_SAMPLE
LI_013_R07.png,LI,LI_013,7,LINE,LINE,LINE,CONFORMING_AUTO_UNAUDITED,AUTO_MATCH_PENDING_QC_SAMPLE
LI_013_R08.png,LI,LI_013,8,LINE,LINE,LINE,CONFORMING_AUTO_UNAUDITED,AUTO_MATCH_PENDING_QC_SAMPLE
LI_013_R09.png,LI,LI_013,9,LINE,LINE,LINE,CONFORMING_AUTO_UNAUDITED,AUTO_MATCH_PENDING_QC_SAMPLE
LI_013_R10.png,LI,LI_013,10,LINE,LINE,LINE,CONFORMING_AUTO_UNAUDITED,AUTO_MATCH_PENDING_QC_SAMPLE
LI_014_R01.png,LI,LI_014,1,LINE,LINE,LINE,CONFORMING_AUTO_UNAUDITED,AUTO_MATCH_PENDING_QC_SAMPLE
LI_014_R02.png,LI,LI_014,2,LINE,LINE,LINE,CONFORMING_AUTO_UNAUDITED,AUTO_MATCH_PENDING_QC_SAMPLE
LI_014_R03.png,LI,LI_014,3,LINE,LINE,LINE,CONFORMING_AUTO_UNAUDITED,AUTO_MATCH_PENDING_QC_SAMPLE
LI_014_R04.png,LI,LI_014,4,LINE,LINE,LINE,CONFORMING_AUTO_UNAUDITED,AUTO_MATCH_PENDING_QC_SAMPLE
LI_014_R05.png,LI,LI_014,5,LINE,LINE,LINE,CONFORMING_AUTO_UNAUDITED,AUTO_MATCH_PENDING_QC_SAMPLE
LI_014_R06.png,LI,LI_014,6,LINE,LINE,LINE,CONFORMING_AUTO_UNAUDITED,AUTO_MATCH_PENDING_QC_SAMPLE
LI_014_R07.png,LI,LI_014,7,LINE,LINE,LINE,CONFORMING_AUTO_UNAUDITED,AUTO_MATCH_PENDING_QC_SAMPLE
LI_014_R08.png,LI,LI_014,8,LINE,LINE,LINE,CONFORMING_AUTO_UNAUDITED,AUTO_MATCH_PENDING_QC_SAMPLE
LI_014_R09.png,LI,LI_014,9,LINE,LINE,LINE,CONFORMING_AUTO_UNAUDITED,AUTO_MATCH_PENDING_QC_SAMPLE
LI_014_R10.png,LI,LI_014,10,LINE,LINE,LINE,CONFORMING_AUTO_UNAUDITED,AUTO_MATCH_PENDING_QC_SAMPLE
LI_015_R01.png,LI,LI_015,1,LINE,LINE,LINE,CONFORMING_AUTO_UNAUDITED,AUTO_MATCH_PENDING_QC_SAMPLE
LI_015_R02.png,LI,LI_015,2,LINE,LINE,LINE,CONFORMING_AUTO_UNAUDITED,AUTO_MATCH_PENDING_QC_SAMPLE
LI_015_R03.png,LI,LI_015,3,LINE,LINE,LINE,CONFORMING_AUTO_UNAUDITED,AUTO_MATCH_PENDING_QC_SAMPLE
LI_015_R04.png,LI,LI_015,4,LINE,LINE,LINE,CONFORMING_AUTO_UNAUDITED,AUTO_MATCH_PENDING_QC_SAMPLE
LI_015_R05.png,LI,LI_015,5,LINE,LINE,LINE,CONFORMING_AUTO_UNAUDITED,AUTO_MATCH_PENDING_QC_SAMPLE
LI_015_R06.png,LI,LI_015,6,LINE,LINE,LINE,CONFORMING_AUTO_UNAUDITED,AUTO_MATCH_PENDING_QC_SAMPLE
LI_015_R07.png,LI,LI_015,7,LINE,LINE,LINE,CONFORMING_AUTO_UNAUDITED,AUTO_MATCH_PENDING_QC_SAMPLE
LI_015_R08.png,LI,LI_015,8,LINE,LINE,LINE,CONFORMING_AUTO_UNAUDITED,AUTO_MATCH_PENDING_QC_SAMPLE
LI_015_R09.png,LI,LI_015,9,LINE,LINE,LINE,CONFORMING_AUTO_UNAUDITED,AUTO_MATCH_PENDING_QC_SAMPLE
LI_015_R10.png,LI,LI_015,10,LINE,LINE,LINE,CONFORMING_AUTO_UNAUDITED,AUTO_MATCH_PENDING_QC_SAMPLE
LI_016_R01.png,LI,LI_016,1,LINE,LINE,LINE,CONFORMING_AUTO_UNAUDITED,AUTO_MATCH_PENDING_QC_SAMPLE
LI_016_R02.png,LI,LI_016,2,LINE,LINE,LINE,CONFORMING_AUTO_UNAUDITED,AUTO_MATCH_PENDING_QC_SAMPLE
LI_016_R03.png,LI,LI_016,3,LINE,LINE,LINE,CONFORMING_AUTO_UNAUDITED,AUTO_MATCH_PENDING_QC_SAMPLE
LI_016_R04.png,LI,LI_016,4,LINE,LINE,LINE,CONFORMING_AUTO_UNAUDITED,AUTO_MATCH_PENDING_QC_SAMPLE
LI_016_R05.png,LI,LI_016,5,LINE,LINE,LINE,CONFORMING_AUTO_UNAUDITED,AUTO_MATCH_PENDING_QC_SAMPLE
LI_016_R06.png,LI,LI_016,6,LINE,LINE,LINE,CONFORMING_AUTO_UNAUDITED,AUTO_MATCH_PENDING_QC_SAMPLE
LI_016_R07.png,LI,LI_016,7,LINE,LINE,LINE,CONFORMING_AUTO_UNAUDITED,AUTO_MATCH_PENDING_QC_SAMPLE
LI_016_R08.png,LI,LI_016,8,LINE,LINE,LINE,CONFORMING_AUTO_UNAUDITED,AUTO_MATCH_PENDING_QC_SAMPLE
LI_016_R09.png,LI,LI_016,9,LINE,LINE,LINE,CONFORMING_AUTO_UNAUDITED,AUTO_MATCH_PENDING_QC_SAMPLE
LI_016_R10.png,LI,LI_016,10,LINE,LINE,LINE,CONFORMING_AUTO_UNAUDITED,AUTO_MATCH_PENDING_QC_SAMPLE
LI_017_R01.png,LI,LI_017,1,LINE,LINE,LINE,CONFORMING_AUTO_UNAUDITED,AUTO_MATCH_PENDING_QC_SAMPLE
LI_017_R02.png,LI,LI_017,2,LINE,LINE,LINE,CONFORMING_AUTO_UNAUDITED,AUTO_MATCH_PENDING_QC_SAMPLE
LI_017_R03.png,LI,LI_017,3,LINE,LINE,LINE,CONFORMING_AUTO_UNAUDITED,AUTO_MATCH_PENDING_QC_SAMPLE
LI_017_R04.png,LI,LI_017,4,LINE,LINE,LINE,CONFORMING_AUTO_UNAUDITED,AUTO_MATCH_PENDING_QC_SAMPLE
LI_017_R05.png,LI,LI_017,5,LINE,LINE,LINE,CONFORMING_AUTO_UNAUDITED,AUTO_MATCH_PENDING_QC_SAMPLE
LI_017_R06.png,LI,LI_017,6,LINE,LINE,LINE,CONFORMING_AUTO_UNAUDITED,AUTO_MATCH_PENDING_QC_SAMPLE
LI_017_R07.png,LI,LI_017,7,LINE,LINE,LINE,CONFORMING_AUTO_UNAUDITED,AUTO_MATCH_PENDING_QC_SAMPLE
LI_017_R08.png,LI,LI_017,8,LINE,LINE,LINE,CONFORMING_AUTO_UNAUDITED,AUTO_MATCH_PENDING_QC_SAMPLE
LI_017_R09.png,LI,LI_017,9,LINE,LINE,LINE,CONFORMING_AUTO_UNAUDITED,AUTO_MATCH_PENDING_QC_SAMPLE
LI_017_R10.png,LI,LI_017,10,LINE,LINE,LINE,CONFORMING_AUTO_UNAUDITED,AUTO_MATCH_PENDING_QC_SAMPLE
LI_018_R01.png,LI,LI_018,1,LINE,LINE,LINE,CONFORMING_AUTO_UNAUDITED,AUTO_MATCH_PENDING_QC_SAMPLE
LI_018_R02.png,LI,LI_018,2,LINE,LINE,LINE,CONFORMING_AUTO_UNAUDITED,AUTO_MATCH_PENDING_QC_SAMPLE
LI_018_R03.png,LI,LI_018,3,LINE,LINE,LINE,CONFORMING_AUTO_UNAUDITED,AUTO_MATCH_PENDING_QC_SAMPLE
LI_018_R04.png,LI,LI_018,4,LINE,LINE,LINE,CONFORMING_AUTO_UNAUDITED,AUTO_MATCH_PENDING_QC_SAMPLE
LI_018_R05.png,LI,LI_018,5,LINE,LINE,LINE,CONFORMING_AUTO_UNAUDITED,AUTO_MATCH_PENDING_QC_SAMPLE
LI_018_R06.png,LI,LI_018,6,LINE,LINE,LINE,CONFORMING_AUTO_UNAUDITED,AUTO_MATCH_PENDING_QC_SAMPLE
LI_018_R07.png,LI,LI_018,7,LINE,LINE,LINE,CONFORMING_AUTO_UNAUDITED,AUTO_MATCH_PENDING_QC_SAMPLE
LI_018_R08.png,LI,LI_018,8,LINE,LINE,LINE,CONFORMING_AUTO_UNAUDITED,AUTO_MATCH_PENDING_QC_SAMPLE
LI_018_R09.png,LI,LI_018,9,LINE,LINE,LINE,CONFORMING_AUTO_UNAUDITED,AUTO_MATCH_PENDING_QC_SAMPLE
LI_018_R10.png,LI,LI_018,10,LINE,LINE,LINE,CONFORMING_AUTO_UNAUDITED,AUTO_MATCH_PENDING_QC_SAMPLE
LI_019_R01.png,LI,LI_019,1,LINE,LINE,LINE,CONFORMING_AUTO_UNAUDITED,AUTO_MATCH_PENDING_QC_SAMPLE
LI_019_R02.png,LI,LI_019,2,LINE,LINE,LINE,CONFORMING_AUTO_UNAUDITED,AUTO_MATCH_PENDING_QC_SAMPLE
LI_019_R03.png,LI,LI_019,3,LINE,LINE,LINE,CONFORMING_AUTO_UNAUDITED,AUTO_MATCH_PENDING_QC_SAMPLE
LI_019_R04.png,LI,LI_019,4,LINE,LINE,LINE,CONFORMING_AUTO_UNAUDITED,AUTO_MATCH_PENDING_QC_SAMPLE
LI_019_R05.png,LI,LI_019,5,LINE,LINE,LINE,CONFORMING_AUTO_UNAUDITED,AUTO_MATCH_PENDING_QC_SAMPLE
LI_019_R06.png,LI,LI_019,6,LINE,LINE,LINE,CONFORMING_AUTO_UNAUDITED,AUTO_MATCH_PENDING_QC_SAMPLE
LI_019_R07.png,LI,LI_019,7,LINE,LINE,LINE,CONFORMING_AUTO_UNAUDITED,AUTO_MATCH_PENDING_QC_SAMPLE
LI_019_R08.png,LI,LI_019,8,LINE,LINE,LINE,CONFORMING_AUTO_UNAUDITED,AUTO_MATCH_PENDING_QC_SAMPLE
LI_019_R09.png,LI,LI_019,9,LINE,LINE,LINE,CONFORMING_AUTO_UNAUDITED,AUTO_MATCH_PENDING_QC_SAMPLE
LI_019_R10.png,LI,LI_019,10,LINE,LINE,LINE,CONFORMING_AUTO_UNAUDITED,AUTO_MATCH_PENDING_QC_SAMPLE
LI_020_R01.png,LI,LI_020,1,LINE,LINE,LINE,CONFORMING_AUTO_UNAUDITED,AUTO_MATCH_PENDING_QC_SAMPLE
LI_020_R02.png,LI,LI_020,2,LINE,LINE,LINE,CONFORMING_AUTO_UNAUDITED,AUTO_MATCH_PENDING_QC_SAMPLE
LI_020_R03.png,LI,LI_020,3,LINE,LINE,LINE,CONFORMING_AUTO_UNAUDITED,AUTO_MATCH_PENDING_QC_SAMPLE
LI_020_R04.png,LI,LI_020,4,LINE,LINE,LINE,CONFORMING_AUTO_UNAUDITED,AUTO_MATCH_PENDING_QC_SAMPLE
LI_020_R05.png,LI,LI_020,5,LINE,LINE,LINE,CONFORMING_AUTO_UNAUDITED,AUTO_MATCH_PENDING_QC_SAMPLE
LI_020_R06.png,LI,LI_020,6,LINE,LINE,LINE,CONFORMING_AUTO_UNAUDITED,AUTO_MATCH_PENDING_QC_SAMPLE
LI_020_R07.png,LI,LI_020,7,LINE,LINE,LINE,CONFORMING_AUTO_UNAUDITED,AUTO_MATCH_PENDING_QC_SAMPLE
LI_020_R08.png,LI,LI_020,8,LINE,LINE,LINE,CONFORMING_AUTO_UNAUDITED,AUTO_MATCH_PENDING_QC_SAMPLE
LI_020_R09.png,LI,LI_020,9,LINE,LINE,LINE,CONFORMING_AUTO_UNAUDITED,AUTO_MATCH_PENDING_QC_SAMPLE
LI_020_R10.png,LI,LI_020,10,LINE,LINE,LINE,CONFORMING_AUTO_UNAUDITED,AUTO_MATCH_PENDING_QC_SAMPLE
LI_021_R01.png,LI,LI_021,1,LINE,LINE,LINE,CONFORMING_AUTO_UNAUDITED,AUTO_MATCH_PENDING_QC_SAMPLE
LI_021_R02.png,LI,LI_021,2,LINE,LINE,LINE,CONFORMING_AUTO_UNAUDITED,AUTO_MATCH_PENDING_QC_SAMPLE
LI_021_R03.png,LI,LI_021,3,LINE,LINE,LINE,CONFORMING_AUTO_UNAUDITED,AUTO_MATCH_PENDING_QC_SAMPLE
LI_021_R04.png,LI,LI_021,4,LINE,LINE,LINE,CONFORMING_AUTO_UNAUDITED,AUTO_MATCH_PENDING_QC_SAMPLE
LI_021_R05.png,LI,LI_021,5,LINE,LINE,LINE,CONFORMING_AUTO_UNAUDITED,AUTO_MATCH_PENDING_QC_SAMPLE
LI_021_R06.png,LI,LI_021,6,LINE,LINE,LINE,CONFORMING_AUTO_UNAUDITED,AUTO_MATCH_PENDING_QC_SAMPLE
LI_021_R07.png,LI,LI_021,7,LINE,LINE,LINE,CONFORMING_AUTO_UNAUDITED,AUTO_MATCH_PENDING_QC_SAMPLE
LI_021_R08.png,LI,LI_021,8,LINE,LINE,LINE,CONFORMING_AUTO_UNAUDITED,AUTO_MATCH_PENDING_QC_SAMPLE
LI_021_R09.png,LI,LI_021,9,LINE,LINE,LINE,CONFORMING_AUTO_UNAUDITED,AUTO_MATCH_PENDING_QC_SAMPLE
LI_021_R10.png,LI,LI_021,10,LINE,LINE,LINE,CONFORMING_AUTO_UNAUDITED,AUTO_MATCH_PENDING_QC_SAMPLE
LI_022_R01.png,LI,LI_022,1,LINE,LINE,LINE,CONFORMING_AUTO_UNAUDITED,AUTO_MATCH_PENDING_QC_SAMPLE
LI_022_R02.png,LI,LI_022,2,LINE,LINE,LINE,CONFORMING_AUTO_UNAUDITED,AUTO_MATCH_PENDING_QC_SAMPLE
LI_022_R03.png,LI,LI_022,3,LINE,LINE,LINE,CONFORMING_AUTO_UNAUDITED,AUTO_MATCH_PENDING_QC_SAMPLE
LI_022_R04.png,LI,LI_022,4,LINE,LINE,LINE,CONFORMING_AUTO_UNAUDITED,AUTO_MATCH_PENDING_QC_SAMPLE
LI_022_R05.png,LI,LI_022,5,LINE,LINE,LINE,CONFORMING_AUTO_UNAUDITED,AUTO_MATCH_PENDING_QC_SAMPLE
LI_022_R06.png,LI,LI_022,6,LINE,LINE,LINE,CONFORMING_AUTO_UNAUDITED,AUTO_MATCH_PENDING_QC_SAMPLE
LI_022_R07.png,LI,LI_022,7,LINE,LINE,LINE,CONFORMING_AUTO_UNAUDITED,AUTO_MATCH_PENDING_QC_SAMPLE
LI_022_R08.png,LI,LI_022,8,LINE,LINE,LINE,CONFORMING_AUTO_UNAUDITED,AUTO_MATCH_PENDING_QC_SAMPLE
LI_022_R09.png,LI,LI_022,9,LINE,LINE,LINE,CONFORMING_AUTO_UNAUDITED,AUTO_MATCH_PENDING_QC_SAMPLE
LI_022_R10.png,LI,LI_022,10,LINE,LINE,LINE,CONFORMING_AUTO_UNAUDITED,AUTO_MATCH_PENDING_QC_SAMPLE
LI_023_R01.png,LI,LI_023,1,LINE,LINE,LINE,CONFORMING_AUTO_UNAUDITED,AUTO_MATCH_PENDING_QC_SAMPLE
LI_023_R02.png,LI,LI_023,2,LINE,LINE,LINE,CONFORMING_AUTO_UNAUDITED,AUTO_MATCH_PENDING_QC_SAMPLE
LI_023_R03.png,LI,LI_023,3,LINE,LINE,LINE,CONFORMING_AUTO_UNAUDITED,AUTO_MATCH_PENDING_QC_SAMPLE
LI_023_R04.png,LI,LI_023,4,LINE,LINE,LINE,CONFORMING_AUTO_UNAUDITED,AUTO_MATCH_PENDING_QC_SAMPLE
LI_023_R05.png,LI,LI_023,5,LINE,LINE,LINE,CONFORMING_AUTO_UNAUDITED,AUTO_MATCH_PENDING_QC_SAMPLE
LI_023_R06.png,LI,LI_023,6,LINE,LINE,LINE,CONFORMING_AUTO_UNAUDITED,AUTO_MATCH_PENDING_QC_SAMPLE
LI_023_R07.png,LI,LI_023,7,LINE,LINE,LINE,CONFORMING_AUTO_UNAUDITED,AUTO_MATCH_PENDING_QC_SAMPLE
LI_023_R08.png,LI,LI_023,8,LINE,LINE,LINE,CONFORMING_AUTO_UNAUDITED,AUTO_MATCH_PENDING_QC_SAMPLE
LI_023_R09.png,LI,LI_023,9,LINE,LINE,LINE,CONFORMING_AUTO_UNAUDITED,AUTO_MATCH_PENDING_QC_SAMPLE
LI_023_R10.png,LI,LI_023,10,LINE,LINE,LINE,CONFORMING_AUTO_UNAUDITED,AUTO_MATCH_PENDING_QC_SAMPLE
LI_024_R01.png,LI,LI_024,1,LINE,LINE,LINE,CONFORMING_AUTO_UNAUDITED,AUTO_MATCH_PENDING_QC_SAMPLE
LI_024_R02.png,LI,LI_024,2,LINE,LINE,LINE,CONFORMING_AUTO_UNAUDITED,AUTO_MATCH_PENDING_QC_SAMPLE
LI_024_R03.png,LI,LI_024,3,LINE,LINE,LINE,CONFORMING_AUTO_UNAUDITED,AUTO_MATCH_PENDING_QC_SAMPLE
LI_024_R04.png,LI,LI_024,4,LINE,LINE,LINE,CONFORMING_AUTO_UNAUDITED,AUTO_MATCH_PENDING_QC_SAMPLE
LI_024_R05.png,LI,LI_024,5,LINE,LINE,LINE,CONFORMING_AUTO_UNAUDITED,AUTO_MATCH_PENDING_QC_SAMPLE
LI_024_R06.png,LI,LI_024,6,LINE,LINE,LINE,CONFORMING_AUTO_UNAUDITED,AUTO_MATCH_PENDING_QC_SAMPLE
LI_024_R07.png,LI,LI_024,7,LINE,LINE,LINE,CONFORMING_AUTO_UNAUDITED,AUTO_MATCH_PENDING_QC_SAMPLE
LI_024_R08.png,LI,LI_024,8,LINE,LINE,LINE,CONFORMING_AUTO_UNAUDITED,AUTO_MATCH_PENDING_QC_SAMPLE
LI_024_R09.png,LI,LI_024,9,LINE,LINE,LINE,CONFORMING_AUTO_UNAUDITED,AUTO_MATCH_PENDING_QC_SAMPLE
LI_024_R10.png,LI,LI_024,10,LINE,LINE,LINE,CONFORMING_AUTO_UNAUDITED,AUTO_MATCH_PENDING_QC_SAMPLE
LI_025_R01.png,LI,LI_025,1,LINE,LINE,LINE,CONFORMING_AUTO_UNAUDITED,AUTO_MATCH_PENDING_QC_SAMPLE
LI_025_R02.png,LI,LI_025,2,LINE,LINE,LINE,CONFORMING_AUTO_UNAUDITED,AUTO_MATCH_PENDING_QC_SAMPLE
LI_025_R03.png,LI,LI_025,3,LINE,LINE,LINE,CONFORMING_AUTO_UNAUDITED,AUTO_MATCH_PENDING_QC_SAMPLE
LI_025_R04.png,LI,LI_025,4,LINE,LINE,LINE,CONFORMING_AUTO_UNAUDITED,AUTO_MATCH_PENDING_QC_SAMPLE
LI_025_R05.png,LI,LI_025,5,LINE,LINE,LINE,CONFORMING_AUTO_UNAUDITED,AUTO_MATCH_PENDING_QC_SAMPLE
LI_025_R06.png,LI,LI_025,6,LINE,LINE,LINE,CONFORMING_AUTO_UNAUDITED,AUTO_MATCH_PENDING_QC_SAMPLE
LI_025_R07.png,LI,LI_025,7,LINE,LINE,LINE,CONFORMING_AUTO_UNAUDITED,AUTO_MATCH_PENDING_QC_SAMPLE
LI_025_R08.png,LI,LI_025,8,LINE,LINE,LINE,CONFORMING_AUTO_UNAUDITED,AUTO_MATCH_PENDING_QC_SAMPLE
LI_025_R09.png,LI,LI_025,9,LINE,LINE,LINE,CONFORMING_AUTO_UNAUDITED,AUTO_MATCH_PENDING_QC_SAMPLE
LI_025_R10.png,LI,LI_025,10,LINE,LINE,LINE,CONFORMING_AUTO_UNAUDITED,AUTO_MATCH_PENDING_QC_SAMPLE
LI_026_R01.png,LI,LI_026,1,LINE,LINE,LINE,CONFORMING_AUTO_UNAUDITED,AUTO_MATCH_PENDING_QC_SAMPLE
LI_026_R02.png,LI,LI_026,2,LINE,LINE,LINE,CONFORMING_AUTO_UNAUDITED,AUTO_MATCH_PENDING_QC_SAMPLE
LI_026_R03.png,LI,LI_026,3,LINE,LINE,LINE,CONFORMING_AUTO_UNAUDITED,AUTO_MATCH_PENDING_QC_SAMPLE
LI_026_R04.png,LI,LI_026,4,LINE,LINE,LINE,CONFORMING_AUTO_UNAUDITED,AUTO_MATCH_PENDING_QC_SAMPLE
LI_026_R05.png,LI,LI_026,5,LINE,LINE,LINE,CONFORMING_AUTO_UNAUDITED,AUTO_MATCH_PENDING_QC_SAMPLE
LI_026_R06.png,LI,LI_026,6,LINE,LINE,LINE,CONFORMING_AUTO_UNAUDITED,AUTO_MATCH_PENDING_QC_SAMPLE
LI_026_R07.png,LI,LI_026,7,LINE,LINE,LINE,CONFORMING_AUTO_UNAUDITED,AUTO_MATCH_PENDING_QC_SAMPLE
LI_026_R08.png,LI,LI_026,8,LINE,LINE,LINE,CONFORMING_AUTO_UNAUDITED,AUTO_MATCH_PENDING_QC_SAMPLE
LI_026_R09.png,LI,LI_026,9,LINE,LINE,LINE,CONFORMING_AUTO_UNAUDITED,AUTO_MATCH_PENDING_QC_SAMPLE
LI_026_R10.png,LI,LI_026,10,LINE,LINE,LINE,CONFORMING_AUTO_UNAUDITED,AUTO_MATCH_PENDING_QC_SAMPLE
LI_027_R01.png,LI,LI_027,1,LINE,LINE,LINE,CONFORMING_AUTO_UNAUDITED,AUTO_MATCH_PENDING_QC_SAMPLE
LI_027_R02.png,LI,LI_027,2,LINE,LINE,LINE,CONFORMING_AUTO_UNAUDITED,AUTO_MATCH_PENDING_QC_SAMPLE
LI_027_R03.png,LI,LI_027,3,LINE,LINE,LINE,CONFORMING_AUTO_UNAUDITED,AUTO_MATCH_PENDING_QC_SAMPLE
LI_027_R04.png,LI,LI_027,4,LINE,LINE,LINE,CONFORMING_AUTO_UNAUDITED,AUTO_MATCH_PENDING_QC_SAMPLE
LI_027_R05.png,LI,LI_027,5,LINE,LINE,LINE,CONFORMING_AUTO_UNAUDITED,AUTO_MATCH_PENDING_QC_SAMPLE
LI_027_R06.png,LI,LI_027,6,LINE,LINE,LINE,CONFORMING_AUTO_UNAUDITED,AUTO_MATCH_PENDING_QC_SAMPLE
LI_027_R07.png,LI,LI_027,7,LINE,LINE,LINE,CONFORMING_AUTO_UNAUDITED,AUTO_MATCH_PENDING_QC_SAMPLE
LI_027_R08.png,LI,LI_027,8,LINE,LINE,LINE,CONFORMING_AUTO_UNAUDITED,AUTO_MATCH_PENDING_QC_SAMPLE
LI_027_R09.png,LI,LI_027,9,LINE,LINE,LINE,CONFORMING_AUTO_UNAUDITED,AUTO_MATCH_PENDING_QC_SAMPLE
LI_027_R10.png,LI,LI_027,10,LINE,LINE,LINE,CONFORMING_AUTO_UNAUDITED,AUTO_MATCH_PENDING_QC_SAMPLE
LI_028_R01.png,LI,LI_028,1,LINE,LINE,LINE,CONFORMING_AUTO_UNAUDITED,AUTO_MATCH_PENDING_QC_SAMPLE
LI_028_R02.png,LI,LI_028,2,LINE,LINE,LINE,CONFORMING_AUTO_UNAUDITED,AUTO_MATCH_PENDING_QC_SAMPLE
LI_028_R03.png,LI,LI_028,3,LINE,LINE,LINE,CONFORMING_AUTO_UNAUDITED,AUTO_MATCH_PENDING_QC_SAMPLE
LI_028_R04.png,LI,LI_028,4,LINE,LINE,LINE,CONFORMING_AUTO_UNAUDITED,AUTO_MATCH_PENDING_QC_SAMPLE
LI_028_R05.png,LI,LI_028,5,LINE,LINE,LINE,CONFORMING_AUTO_UNAUDITED,AUTO_MATCH_PENDING_QC_SAMPLE
LI_028_R06.png,LI,LI_028,6,LINE,LINE,LINE,CONFORMING_AUTO_UNAUDITED,AUTO_MATCH_PENDING_QC_SAMPLE
LI_028_R07.png,LI,LI_028,7,LINE,LINE,LINE,CONFORMING_AUTO_UNAUDITED,AUTO_MATCH_PENDING_QC_SAMPLE
LI_028_R08.png,LI,LI_028,8,LINE,LINE,LINE,CONFORMING_AUTO_UNAUDITED,AUTO_MATCH_PENDING_QC_SAMPLE
LI_028_R09.png,LI,LI_028,9,LINE,LINE,LINE,CONFORMING_AUTO_UNAUDITED,AUTO_MATCH_PENDING_QC_SAMPLE
LI_028_R10.png,LI,LI_028,10,LINE,LINE,LINE,CONFORMING_AUTO_UNAUDITED,AUTO_MATCH_PENDING_QC_SAMPLE
LI_029_R01.png,LI,LI_029,1,LINE,OTHER,LINE,CONFORMING,MANUAL_AUDIT_AUTO_DISCREPANCY
LI_029_R02.png,LI,LI_029,2,LINE,LINE,LINE,CONFORMING_AUTO_UNAUDITED,AUTO_MATCH_PENDING_QC_SAMPLE
LI_029_R03.png,LI,LI_029,3,LINE,LINE,LINE,CONFORMING_AUTO_UNAUDITED,AUTO_MATCH_PENDING_QC_SAMPLE
LI_029_R04.png,LI,LI_029,4,LINE,LINE,LINE,CONFORMING_AUTO_UNAUDITED,AUTO_MATCH_PENDING_QC_SAMPLE
LI_029_R05.png,LI,LI_029,5,LINE,LINE,LINE,CONFORMING_AUTO_UNAUDITED,AUTO_MATCH_PENDING_QC_SAMPLE
LI_029_R06.png,LI,LI_029,6,LINE,LINE,LINE,CONFORMING_AUTO_UNAUDITED,AUTO_MATCH_PENDING_QC_SAMPLE
LI_029_R07.png,LI,LI_029,7,LINE,LINE,LINE,CONFORMING_AUTO_UNAUDITED,AUTO_MATCH_PENDING_QC_SAMPLE
LI_029_R08.png,LI,LI_029,8,LINE,LINE,LINE,CONFORMING_AUTO_UNAUDITED,AUTO_MATCH_PENDING_QC_SAMPLE
LI_029_R09.png,LI,LI_029,9,LINE,LINE,LINE,CONFORMING_AUTO_UNAUDITED,AUTO_MATCH_PENDING_QC_SAMPLE
LI_029_R10.png,LI,LI_029,10,LINE,LINE,LINE,CONFORMING_AUTO_UNAUDITED,AUTO_MATCH_PENDING_QC_SAMPLE
LI_030_R01.png,LI,LI_030,1,LINE,LINE,LINE,CONFORMING_AUTO_UNAUDITED,AUTO_MATCH_PENDING_QC_SAMPLE
LI_030_R02.png,LI,LI_030,2,LINE,OTHER,OTHER,NONCONFORMING,MANUAL_AUDIT_AUTO_DISCREPANCY
LI_030_R03.png,LI,LI_030,3,LINE,OTHER,OTHER,NONCONFORMING,MANUAL_AUDIT_AUTO_DISCREPANCY
LI_030_R04.png,LI,LI_030,4,LINE,OTHER,OTHER,NONCONFORMING,MANUAL_AUDIT_AUTO_DISCREPANCY
LI_030_R05.png,LI,LI_030,5,LINE,OTHER,OTHER,NONCONFORMING,MANUAL_AUDIT_AUTO_DISCREPANCY
LI_030_R06.png,LI,LI_030,6,LINE,OTHER,OTHER,NONCONFORMING,MANUAL_AUDIT_AUTO_DISCREPANCY
LI_030_R07.png,LI,LI_030,7,LINE,OTHER,OTHER,NONCONFORMING,MANUAL_AUDIT_AUTO_DISCREPANCY
LI_030_R08.png,LI,LI_030,8,LINE,OTHER,OTHER,NONCONFORMING,MANUAL_AUDIT_AUTO_DISCREPANCY
LI_030_R09.png,LI,LI_030,9,LINE,OTHER,OTHER,NONCONFORMING,MANUAL_AUDIT_AUTO_DISCREPANCY
LI_030_R10.png,LI,LI_030,10,LINE,OTHER,OTHER,NONCONFORMING,MANUAL_AUDIT_AUTO_DISCREPANCY
LI_031_R01.png,LI,LI_031,1,LINE,LINE,LINE,CONFORMING_AUTO_UNAUDITED,AUTO_MATCH_PENDING_QC_SAMPLE
LI_031_R02.png,LI,LI_031,2,LINE,LINE,LINE,CONFORMING_AUTO_UNAUDITED,AUTO_MATCH_PENDING_QC_SAMPLE
LI_031_R03.png,LI,LI_031,3,LINE,LINE,LINE,CONFORMING_AUTO_UNAUDITED,AUTO_MATCH_PENDING_QC_SAMPLE
LI_031_R04.png,LI,LI_031,4,LINE,LINE,LINE,CONFORMING_AUTO_UNAUDITED,AUTO_MATCH_PENDING_QC_SAMPLE
LI_031_R05.png,LI,LI_031,5,LINE,LINE,LINE,CONFORMING_AUTO_UNAUDITED,AUTO_MATCH_PENDING_QC_SAMPLE
LI_031_R06.png,LI,LI_031,6,LINE,LINE,LINE,CONFORMING_AUTO_UNAUDITED,AUTO_MATCH_PENDING_QC_SAMPLE
LI_031_R07.png,LI,LI_031,7,LINE,LINE,LINE,CONFORMING_AUTO_UNAUDITED,AUTO_MATCH_PENDING_QC_SAMPLE
LI_031_R08.png,LI,LI_031,8,LINE,LINE,LINE,CONFORMING_AUTO_UNAUDITED,AUTO_MATCH_PENDING_QC_SAMPLE
LI_031_R09.png,LI,LI_031,9,LINE,LINE,LINE,CONFORMING_AUTO_UNAUDITED,AUTO_MATCH_PENDING_QC_SAMPLE
LI_031_R10.png,LI,LI_031,10,LINE,LINE,LINE,CONFORMING_AUTO_UNAUDITED,AUTO_MATCH_PENDING_QC_SAMPLE
LI_032_R01.png,LI,LI_032,1,LINE,LINE,LINE,CONFORMING_AUTO_UNAUDITED,AUTO_MATCH_PENDING_QC_SAMPLE
LI_032_R02.png,LI,LI_032,2,LINE,LINE,LINE,CONFORMING_AUTO_UNAUDITED,AUTO_MATCH_PENDING_QC_SAMPLE
LI_032_R03.png,LI,LI_032,3,LINE,LINE,LINE,CONFORMING_AUTO_UNAUDITED,AUTO_MATCH_PENDING_QC_SAMPLE
LI_032_R04.png,LI,LI_032,4,LINE,LINE,LINE,CONFORMING_AUTO_UNAUDITED,AUTO_MATCH_PENDING_QC_SAMPLE
LI_032_R05.png,LI,LI_032,5,LINE,LINE,LINE,CONFORMING_AUTO_UNAUDITED,AUTO_MATCH_PENDING_QC_SAMPLE
LI_032_R06.png,LI,LI_032,6,LINE,LINE,LINE,CONFORMING_AUTO_UNAUDITED,AUTO_MATCH_PENDING_QC_SAMPLE
LI_032_R07.png,LI,LI_032,7,LINE,LINE,LINE,CONFORMING_AUTO_UNAUDITED,AUTO_MATCH_PENDING_QC_SAMPLE
LI_032_R08.png,LI,LI_032,8,LINE,LINE,LINE,CONFORMING_AUTO_UNAUDITED,AUTO_MATCH_PENDING_QC_SAMPLE
LI_032_R09.png,LI,LI_032,9,LINE,LINE,LINE,CONFORMING_AUTO_UNAUDITED,AUTO_MATCH_PENDING_QC_SAMPLE
LI_032_R10.png,LI,LI_032,10,LINE,LINE,LINE,CONFORMING_AUTO_UNAUDITED,AUTO_MATCH_PENDING_QC_SAMPLE
LI_033_R01.png,LI,LI_033,1,LINE,LINE,LINE,CONFORMING_AUTO_UNAUDITED,AUTO_MATCH_PENDING_QC_SAMPLE
LI_033_R02.png,LI,LI_033,2,LINE,LINE,LINE,CONFORMING_AUTO_UNAUDITED,AUTO_MATCH_PENDING_QC_SAMPLE
LI_033_R03.png,LI,LI_033,3,LINE,LINE,LINE,CONFORMING_AUTO_UNAUDITED,AUTO_MATCH_PENDING_QC_SAMPLE
LI_033_R04.png,LI,LI_033,4,LINE,LINE,LINE,CONFORMING_AUTO_UNAUDITED,AUTO_MATCH_PENDING_QC_SAMPLE
LI_033_R05.png,LI,LI_033,5,LINE,LINE,LINE,CONFORMING_AUTO_UNAUDITED,AUTO_MATCH_PENDING_QC_SAMPLE
LI_033_R06.png,LI,LI_033,6,LINE,LINE,LINE,CONFORMING_AUTO_UNAUDITED,AUTO_MATCH_PENDING_QC_SAMPLE
LI_033_R07.png,LI,LI_033,7,LINE,LINE,LINE,CONFORMING_AUTO_UNAUDITED,AUTO_MATCH_PENDING_QC_SAMPLE
LI_033_R08.png,LI,LI_033,8,LINE,LINE,LINE,CONFORMING_AUTO_UNAUDITED,AUTO_MATCH_PENDING_QC_SAMPLE
LI_033_R09.png,LI,LI_033,9,LINE,LINE,LINE,CONFORMING_AUTO_UNAUDITED,AUTO_MATCH_PENDING_QC_SAMPLE
LI_033_R10.png,LI,LI_033,10,LINE,LINE,LINE,CONFORMING_AUTO_UNAUDITED,AUTO_MATCH_PENDING_QC_SAMPLE
LI_034_R01.png,LI,LI_034,1,LINE,LINE,LINE,CONFORMING_AUTO_UNAUDITED,AUTO_MATCH_PENDING_QC_SAMPLE
LI_034_R02.png,LI,LI_034,2,LINE,LINE,LINE,CONFORMING_AUTO_UNAUDITED,AUTO_MATCH_PENDING_QC_SAMPLE
LI_034_R03.png,LI,LI_034,3,LINE,LINE,LINE,CONFORMING_AUTO_UNAUDITED,AUTO_MATCH_PENDING_QC_SAMPLE
LI_034_R04.png,LI,LI_034,4,LINE,LINE,LINE,CONFORMING_AUTO_UNAUDITED,AUTO_MATCH_PENDING_QC_SAMPLE
LI_034_R05.png,LI,LI_034,5,LINE,LINE,LINE,CONFORMING_AUTO_UNAUDITED,AUTO_MATCH_PENDING_QC_SAMPLE
LI_034_R06.png,LI,LI_034,6,LINE,LINE,LINE,CONFORMING_AUTO_UNAUDITED,AUTO_MATCH_PENDING_QC_SAMPLE
LI_034_R07.png,LI,LI_034,7,LINE,LINE,LINE,CONFORMING_AUTO_UNAUDITED,AUTO_MATCH_PENDING_QC_SAMPLE
LI_034_R08.png,LI,LI_034,8,LINE,LINE,LINE,CONFORMING_AUTO_UNAUDITED,AUTO_MATCH_PENDING_QC_SAMPLE
LI_034_R09.png,LI,LI_034,9,LINE,LINE,LINE,CONFORMING_AUTO_UNAUDITED,AUTO_MATCH_PENDING_QC_SAMPLE
LI_034_R10.png,LI,LI_034,10,LINE,LINE,LINE,CONFORMING_AUTO_UNAUDITED,AUTO_MATCH_PENDING_QC_SAMPLE
LI_035_R01.png,LI,LI_035,1,LINE,LINE,LINE,CONFORMING_AUTO_UNAUDITED,AUTO_MATCH_PENDING_QC_SAMPLE
LI_035_R02.png,LI,LI_035,2,LINE,LINE,LINE,CONFORMING_AUTO_UNAUDITED,AUTO_MATCH_PENDING_QC_SAMPLE
LI_035_R03.png,LI,LI_035,3,LINE,LINE,LINE,CONFORMING_AUTO_UNAUDITED,AUTO_MATCH_PENDING_QC_SAMPLE
LI_035_R04.png,LI,LI_035,4,LINE,LINE,LINE,CONFORMING_AUTO_UNAUDITED,AUTO_MATCH_PENDING_QC_SAMPLE
LI_035_R05.png,LI,LI_035,5,LINE,LINE,LINE,CONFORMING_AUTO_UNAUDITED,AUTO_MATCH_PENDING_QC_SAMPLE
LI_035_R06.png,LI,LI_035,6,LINE,LINE,LINE,CONFORMING_AUTO_UNAUDITED,AUTO_MATCH_PENDING_QC_SAMPLE
LI_035_R07.png,LI,LI_035,7,LINE,LINE,LINE,CONFORMING_AUTO_UNAUDITED,AUTO_MATCH_PENDING_QC_SAMPLE
LI_035_R08.png,LI,LI_035,8,LINE,LINE,LINE,CONFORMING_AUTO_UNAUDITED,AUTO_MATCH_PENDING_QC_SAMPLE
LI_035_R09.png,LI,LI_035,9,LINE,LINE,LINE,CONFORMING_AUTO_UNAUDITED,AUTO_MATCH_PENDING_QC_SAMPLE
LI_035_R10.png,LI,LI_035,10,LINE,LINE,LINE,CONFORMING_AUTO_UNAUDITED,AUTO_MATCH_PENDING_QC_SAMPLE
LI_036_R01.png,LI,LI_036,1,LINE,LINE,LINE,CONFORMING_AUTO_UNAUDITED,AUTO_MATCH_PENDING_QC_SAMPLE
LI_036_R02.png,LI,LI_036,2,LINE,LINE,LINE,CONFORMING_AUTO_UNAUDITED,AUTO_MATCH_PENDING_QC_SAMPLE
LI_036_R03.png,LI,LI_036,3,LINE,LINE,LINE,CONFORMING_AUTO_UNAUDITED,AUTO_MATCH_PENDING_QC_SAMPLE
LI_036_R04.png,LI,LI_036,4,LINE,LINE,LINE,CONFORMING_AUTO_UNAUDITED,AUTO_MATCH_PENDING_QC_SAMPLE
LI_036_R05.png,LI,LI_036,5,LINE,LINE,LINE,CONFORMING_AUTO_UNAUDITED,AUTO_MATCH_PENDING_QC_SAMPLE
LI_036_R06.png,LI,LI_036,6,LINE,LINE,LINE,CONFORMING_AUTO_UNAUDITED,AUTO_MATCH_PENDING_QC_SAMPLE
LI_036_R07.png,LI,LI_036,7,LINE,LINE,LINE,CONFORMING_AUTO_UNAUDITED,AUTO_MATCH_PENDING_QC_SAMPLE
LI_036_R08.png,LI,LI_036,8,LINE,LINE,LINE,CONFORMING_AUTO_UNAUDITED,AUTO_MATCH_PENDING_QC_SAMPLE
LI_036_R09.png,LI,LI_036,9,LINE,LINE,LINE,CONFORMING_AUTO_UNAUDITED,AUTO_MATCH_PENDING_QC_SAMPLE
LI_036_R10.png,LI,LI_036,10,LINE,LINE,LINE,CONFORMING_AUTO_UNAUDITED,AUTO_MATCH_PENDING_QC_SAMPLE
LI_037_R01.png,LI,LI_037,1,LINE,BAR,LINE,CONFORMING,MANUAL_AUDIT_AUTO_DISCREPANCY
LI_037_R02.png,LI,LI_037,2,LINE,LINE,LINE,CONFORMING_AUTO_UNAUDITED,AUTO_MATCH_PENDING_QC_SAMPLE
LI_037_R03.png,LI,LI_037,3,LINE,LINE,LINE,CONFORMING_AUTO_UNAUDITED,AUTO_MATCH_PENDING_QC_SAMPLE
LI_037_R04.png,LI,LI_037,4,LINE,LINE,LINE,CONFORMING_AUTO_UNAUDITED,AUTO_MATCH_PENDING_QC_SAMPLE
LI_037_R05.png,LI,LI_037,5,LINE,LINE,LINE,CONFORMING_AUTO_UNAUDITED,AUTO_MATCH_PENDING_QC_SAMPLE
LI_037_R06.png,LI,LI_037,6,LINE,LINE,LINE,CONFORMING_AUTO_UNAUDITED,AUTO_MATCH_PENDING_QC_SAMPLE
LI_037_R07.png,LI,LI_037,7,LINE,LINE,LINE,CONFORMING_AUTO_UNAUDITED,AUTO_MATCH_PENDING_QC_SAMPLE
LI_037_R08.png,LI,LI_037,8,LINE,LINE,LINE,CONFORMING_AUTO_UNAUDITED,AUTO_MATCH_PENDING_QC_SAMPLE
LI_037_R09.png,LI,LI_037,9,LINE,LINE,LINE,CONFORMING_AUTO_UNAUDITED,AUTO_MATCH_PENDING_QC_SAMPLE
LI_037_R10.png,LI,LI_037,10,LINE,LINE,LINE,CONFORMING_AUTO_UNAUDITED,AUTO_MATCH_PENDING_QC_SAMPLE
LI_038_R01.png,LI,LI_038,1,LINE,LINE,LINE,CONFORMING_AUTO_UNAUDITED,AUTO_MATCH_PENDING_QC_SAMPLE
LI_038_R02.png,LI,LI_038,2,LINE,LINE,LINE,CONFORMING_AUTO_UNAUDITED,AUTO_MATCH_PENDING_QC_SAMPLE
LI_038_R03.png,LI,LI_038,3,LINE,LINE,LINE,CONFORMING_AUTO_UNAUDITED,AUTO_MATCH_PENDING_QC_SAMPLE
LI_038_R04.png,LI,LI_038,4,LINE,LINE,LINE,CONFORMING_AUTO_UNAUDITED,AUTO_MATCH_PENDING_QC_SAMPLE
LI_038_R05.png,LI,LI_038,5,LINE,LINE,LINE,CONFORMING_AUTO_UNAUDITED,AUTO_MATCH_PENDING_QC_SAMPLE
LI_038_R06.png,LI,LI_038,6,LINE,LINE,LINE,CONFORMING_AUTO_UNAUDITED,AUTO_MATCH_PENDING_QC_SAMPLE
LI_038_R07.png,LI,LI_038,7,LINE,LINE,LINE,CONFORMING_AUTO_UNAUDITED,AUTO_MATCH_PENDING_QC_SAMPLE
LI_038_R08.png,LI,LI_038,8,LINE,LINE,LINE,CONFORMING_AUTO_UNAUDITED,AUTO_MATCH_PENDING_QC_SAMPLE
LI_038_R09.png,LI,LI_038,9,LINE,LINE,LINE,CONFORMING_AUTO_UNAUDITED,AUTO_MATCH_PENDING_QC_SAMPLE
LI_038_R10.png,LI,LI_038,10,LINE,LINE,LINE,CONFORMING_AUTO_UNAUDITED,AUTO_MATCH_PENDING_QC_SAMPLE
LI_039_R01.png,LI,LI_039,1,LINE,LINE,LINE,CONFORMING_AUTO_UNAUDITED,AUTO_MATCH_PENDING_QC_SAMPLE
LI_039_R02.png,LI,LI_039,2,LINE,LINE,LINE,CONFORMING_AUTO_UNAUDITED,AUTO_MATCH_PENDING_QC_SAMPLE
LI_039_R03.png,LI,LI_039,3,LINE,LINE,LINE,CONFORMING_AUTO_UNAUDITED,AUTO_MATCH_PENDING_QC_SAMPLE
LI_039_R04.png,LI,LI_039,4,LINE,LINE,LINE,CONFORMING_AUTO_UNAUDITED,AUTO_MATCH_PENDING_QC_SAMPLE
LI_039_R05.png,LI,LI_039,5,LINE,LINE,LINE,CONFORMING_AUTO_UNAUDITED,AUTO_MATCH_PENDING_QC_SAMPLE
LI_039_R06.png,LI,LI_039,6,LINE,LINE,LINE,CONFORMING_AUTO_UNAUDITED,AUTO_MATCH_PENDING_QC_SAMPLE
LI_039_R07.png,LI,LI_039,7,LINE,LINE,LINE,CONFORMING_AUTO_UNAUDITED,AUTO_MATCH_PENDING_QC_SAMPLE
LI_039_R08.png,LI,LI_039,8,LINE,LINE,LINE,CONFORMING_AUTO_UNAUDITED,AUTO_MATCH_PENDING_QC_SAMPLE
LI_039_R09.png,LI,LI_039,9,LINE,LINE,LINE,CONFORMING_AUTO_UNAUDITED,AUTO_MATCH_PENDING_QC_SAMPLE
LI_039_R10.png,LI,LI_039,10,LINE,LINE,LINE,CONFORMING_AUTO_UNAUDITED,AUTO_MATCH_PENDING_QC_SAMPLE
LI_040_R01.png,LI,LI_040,1,LINE,LINE,LINE,CONFORMING_AUTO_UNAUDITED,AUTO_MATCH_PENDING_QC_SAMPLE
LI_040_R02.png,LI,LI_040,2,LINE,LINE,LINE,CONFORMING_AUTO_UNAUDITED,AUTO_MATCH_PENDING_QC_SAMPLE
LI_040_R03.png,LI,LI_040,3,LINE,LINE,LINE,CONFORMING_AUTO_UNAUDITED,AUTO_MATCH_PENDING_QC_SAMPLE
LI_040_R04.png,LI,LI_040,4,LINE,LINE,LINE,CONFORMING_AUTO_UNAUDITED,AUTO_MATCH_PENDING_QC_SAMPLE
LI_040_R05.png,LI,LI_040,5,LINE,LINE,LINE,CONFORMING_AUTO_UNAUDITED,AUTO_MATCH_PENDING_QC_SAMPLE
LI_040_R06.png,LI,LI_040,6,LINE,LINE,LINE,CONFORMING_AUTO_UNAUDITED,AUTO_MATCH_PENDING_QC_SAMPLE
LI_040_R07.png,LI,LI_040,7,LINE,LINE,LINE,CONFORMING_AUTO_UNAUDITED,AUTO_MATCH_PENDING_QC_SAMPLE
LI_040_R08.png,LI,LI_040,8,LINE,LINE,LINE,CONFORMING_AUTO_UNAUDITED,AUTO_MATCH_PENDING_QC_SAMPLE
LI_040_R09.png,LI,LI_040,9,LINE,LINE,LINE,CONFORMING_AUTO_UNAUDITED,AUTO_MATCH_PENDING_QC_SAMPLE
LI_040_R10.png,LI,LI_040,10,LINE,LINE,LINE,CONFORMING_AUTO_UNAUDITED,AUTO_MATCH_PENDING_QC_SAMPLE
LI_041_R01.png,LI,LI_041,1,LINE,LINE,LINE,CONFORMING_AUTO_UNAUDITED,AUTO_MATCH_PENDING_QC_SAMPLE
LI_041_R02.png,LI,LI_041,2,LINE,LINE,LINE,CONFORMING_AUTO_UNAUDITED,AUTO_MATCH_PENDING_QC_SAMPLE
LI_041_R03.png,LI,LI_041,3,LINE,LINE,LINE,CONFORMING_AUTO_UNAUDITED,AUTO_MATCH_PENDING_QC_SAMPLE
LI_041_R04.png,LI,LI_041,4,LINE,LINE,LINE,CONFORMING_AUTO_UNAUDITED,AUTO_MATCH_PENDING_QC_SAMPLE
LI_041_R05.png,LI,LI_041,5,LINE,LINE,LINE,CONFORMING_AUTO_UNAUDITED,AUTO_MATCH_PENDING_QC_SAMPLE
LI_041_R06.png,LI,LI_041,6,LINE,LINE,LINE,CONFORMING_AUTO_UNAUDITED,AUTO_MATCH_PENDING_QC_SAMPLE
LI_041_R07.png,LI,LI_041,7,LINE,LINE,LINE,CONFORMING_AUTO_UNAUDITED,AUTO_MATCH_PENDING_QC_SAMPLE
LI_041_R08.png,LI,LI_041,8,LINE,LINE,LINE,CONFORMING_AUTO_UNAUDITED,AUTO_MATCH_PENDING_QC_SAMPLE
LI_041_R09.png,LI,LI_041,9,LINE,LINE,LINE,CONFORMING_AUTO_UNAUDITED,AUTO_MATCH_PENDING_QC_SAMPLE
LI_041_R10.png,LI,LI_041,10,LINE,LINE,LINE,CONFORMING_AUTO_UNAUDITED,AUTO_MATCH_PENDING_QC_SAMPLE
LI_042_R01.png,LI,LI_042,1,LINE,LINE,LINE,CONFORMING_AUTO_UNAUDITED,AUTO_MATCH_PENDING_QC_SAMPLE
LI_042_R02.png,LI,LI_042,2,LINE,LINE,LINE,CONFORMING_AUTO_UNAUDITED,AUTO_MATCH_PENDING_QC_SAMPLE
LI_042_R03.png,LI,LI_042,3,LINE,LINE,LINE,CONFORMING_AUTO_UNAUDITED,AUTO_MATCH_PENDING_QC_SAMPLE
LI_042_R04.png,LI,LI_042,4,LINE,LINE,LINE,CONFORMING_AUTO_UNAUDITED,AUTO_MATCH_PENDING_QC_SAMPLE
LI_042_R05.png,LI,LI_042,5,LINE,LINE,LINE,CONFORMING_AUTO_UNAUDITED,AUTO_MATCH_PENDING_QC_SAMPLE
LI_042_R06.png,LI,LI_042,6,LINE,LINE,LINE,CONFORMING_AUTO_UNAUDITED,AUTO_MATCH_PENDING_QC_SAMPLE
LI_042_R07.png,LI,LI_042,7,LINE,LINE,LINE,CONFORMING_AUTO_UNAUDITED,AUTO_MATCH_PENDING_QC_SAMPLE
LI_042_R08.png,LI,LI_042,8,LINE,LINE,LINE,CONFORMING_AUTO_UNAUDITED,AUTO_MATCH_PENDING_QC_SAMPLE
LI_042_R09.png,LI,LI_042,9,LINE,LINE,LINE,CONFORMING_AUTO_UNAUDITED,AUTO_MATCH_PENDING_QC_SAMPLE
LI_042_R10.png,LI,LI_042,10,LINE,LINE,LINE,CONFORMING_AUTO_UNAUDITED,AUTO_MATCH_PENDING_QC_SAMPLE
LI_043_R01.png,LI,LI_043,1,LINE,LINE,LINE,CONFORMING_AUTO_UNAUDITED,AUTO_MATCH_PENDING_QC_SAMPLE
LI_043_R02.png,LI,LI_043,2,LINE,LINE,LINE,CONFORMING_AUTO_UNAUDITED,AUTO_MATCH_PENDING_QC_SAMPLE
LI_043_R03.png,LI,LI_043,3,LINE,LINE,LINE,CONFORMING_AUTO_UNAUDITED,AUTO_MATCH_PENDING_QC_SAMPLE
LI_043_R04.png,LI,LI_043,4,LINE,LINE,LINE,CONFORMING_AUTO_UNAUDITED,AUTO_MATCH_PENDING_QC_SAMPLE
LI_043_R05.png,LI,LI_043,5,LINE,LINE,LINE,CONFORMING_AUTO_UNAUDITED,AUTO_MATCH_PENDING_QC_SAMPLE
LI_043_R06.png,LI,LI_043,6,LINE,LINE,LINE,CONFORMING_AUTO_UNAUDITED,AUTO_MATCH_PENDING_QC_SAMPLE
LI_043_R07.png,LI,LI_043,7,LINE,LINE,LINE,CONFORMING_AUTO_UNAUDITED,AUTO_MATCH_PENDING_QC_SAMPLE
LI_043_R08.png,LI,LI_043,8,LINE,LINE,LINE,CONFORMING_AUTO_UNAUDITED,AUTO_MATCH_PENDING_QC_SAMPLE
LI_043_R09.png,LI,LI_043,9,LINE,LINE,LINE,CONFORMING_AUTO_UNAUDITED,AUTO_MATCH_PENDING_QC_SAMPLE
LI_043_R10.png,LI,LI_043,10,LINE,LINE,LINE,CONFORMING_AUTO_UNAUDITED,AUTO_MATCH_PENDING_QC_SAMPLE
LI_044_R01.png,LI,LI_044,1,LINE,LINE,LINE,CONFORMING_AUTO_UNAUDITED,AUTO_MATCH_PENDING_QC_SAMPLE
LI_044_R02.png,LI,LI_044,2,LINE,LINE,LINE,CONFORMING_AUTO_UNAUDITED,AUTO_MATCH_PENDING_QC_SAMPLE
LI_044_R03.png,LI,LI_044,3,LINE,LINE,LINE,CONFORMING_AUTO_UNAUDITED,AUTO_MATCH_PENDING_QC_SAMPLE
LI_044_R04.png,LI,LI_044,4,LINE,LINE,LINE,CONFORMING_AUTO_UNAUDITED,AUTO_MATCH_PENDING_QC_SAMPLE
LI_044_R05.png,LI,LI_044,5,LINE,LINE,LINE,CONFORMING_AUTO_UNAUDITED,AUTO_MATCH_PENDING_QC_SAMPLE
LI_044_R06.png,LI,LI_044,6,LINE,LINE,LINE,CONFORMING_AUTO_UNAUDITED,AUTO_MATCH_PENDING_QC_SAMPLE
LI_044_R07.png,LI,LI_044,7,LINE,LINE,LINE,CONFORMING_AUTO_UNAUDITED,AUTO_MATCH_PENDING_QC_SAMPLE
LI_044_R08.png,LI,LI_044,8,LINE,LINE,LINE,CONFORMING_AUTO_UNAUDITED,AUTO_MATCH_PENDING_QC_SAMPLE
LI_044_R09.png,LI,LI_044,9,LINE,LINE,LINE,CONFORMING_AUTO_UNAUDITED,AUTO_MATCH_PENDING_QC_SAMPLE
LI_044_R10.png,LI,LI_044,10,LINE,LINE,LINE,CONFORMING_AUTO_UNAUDITED,AUTO_MATCH_PENDING_QC_SAMPLE
LI_045_R01.png,LI,LI_045,1,LINE,LINE,LINE,CONFORMING_AUTO_UNAUDITED,AUTO_MATCH_PENDING_QC_SAMPLE
LI_045_R02.png,LI,LI_045,2,LINE,LINE,LINE,CONFORMING_AUTO_UNAUDITED,AUTO_MATCH_PENDING_QC_SAMPLE
LI_045_R03.png,LI,LI_045,3,LINE,LINE,LINE,CONFORMING_AUTO_UNAUDITED,AUTO_MATCH_PENDING_QC_SAMPLE
LI_045_R04.png,LI,LI_045,4,LINE,LINE,LINE,CONFORMING_AUTO_UNAUDITED,AUTO_MATCH_PENDING_QC_SAMPLE
LI_045_R05.png,LI,LI_045,5,LINE,LINE,LINE,CONFORMING_AUTO_UNAUDITED,AUTO_MATCH_PENDING_QC_SAMPLE
LI_045_R06.png,LI,LI_045,6,LINE,LINE,LINE,CONFORMING_AUTO_UNAUDITED,AUTO_MATCH_PENDING_QC_SAMPLE
LI_045_R07.png,LI,LI_045,7,LINE,LINE,LINE,CONFORMING_AUTO_UNAUDITED,AUTO_MATCH_PENDING_QC_SAMPLE
LI_045_R08.png,LI,LI_045,8,LINE,LINE,LINE,CONFORMING_AUTO_UNAUDITED,AUTO_MATCH_PENDING_QC_SAMPLE
LI_045_R09.png,LI,LI_045,9,LINE,LINE,LINE,CONFORMING_AUTO_UNAUDITED,AUTO_MATCH_PENDING_QC_SAMPLE
LI_045_R10.png,LI,LI_045,10,LINE,LINE,LINE,CONFORMING_AUTO_UNAUDITED,AUTO_MATCH_PENDING_QC_SAMPLE
LI_046_R01.png,LI,LI_046,1,LINE,LINE,LINE,CONFORMING_AUTO_UNAUDITED,AUTO_MATCH_PENDING_QC_SAMPLE
LI_046_R02.png,LI,LI_046,2,LINE,LINE,LINE,CONFORMING_AUTO_UNAUDITED,AUTO_MATCH_PENDING_QC_SAMPLE
LI_046_R03.png,LI,LI_046,3,LINE,LINE,LINE,CONFORMING_AUTO_UNAUDITED,AUTO_MATCH_PENDING_QC_SAMPLE
LI_046_R04.png,LI,LI_046,4,LINE,LINE,LINE,CONFORMING_AUTO_UNAUDITED,AUTO_MATCH_PENDING_QC_SAMPLE
LI_046_R05.png,LI,LI_046,5,LINE,LINE,LINE,CONFORMING_AUTO_UNAUDITED,AUTO_MATCH_PENDING_QC_SAMPLE
LI_046_R06.png,LI,LI_046,6,LINE,LINE,LINE,CONFORMING_AUTO_UNAUDITED,AUTO_MATCH_PENDING_QC_SAMPLE
LI_046_R07.png,LI,LI_046,7,LINE,LINE,LINE,CONFORMING_AUTO_UNAUDITED,AUTO_MATCH_PENDING_QC_SAMPLE
LI_046_R08.png,LI,LI_046,8,LINE,LINE,LINE,CONFORMING_AUTO_UNAUDITED,AUTO_MATCH_PENDING_QC_SAMPLE
LI_046_R09.png,LI,LI_046,9,LINE,LINE,LINE,CONFORMING_AUTO_UNAUDITED,AUTO_MATCH_PENDING_QC_SAMPLE
LI_046_R10.png,LI,LI_046,10,LINE,LINE,LINE,CONFORMING_AUTO_UNAUDITED,AUTO_MATCH_PENDING_QC_SAMPLE
LI_047_R01.png,LI,LI_047,1,LINE,LINE,LINE,CONFORMING_AUTO_UNAUDITED,AUTO_MATCH_PENDING_QC_SAMPLE
LI_047_R02.png,LI,LI_047,2,LINE,LINE,LINE,CONFORMING_AUTO_UNAUDITED,AUTO_MATCH_PENDING_QC_SAMPLE
LI_047_R03.png,LI,LI_047,3,LINE,LINE,LINE,CONFORMING_AUTO_UNAUDITED,AUTO_MATCH_PENDING_QC_SAMPLE
LI_047_R04.png,LI,LI_047,4,LINE,LINE,LINE,CONFORMING_AUTO_UNAUDITED,AUTO_MATCH_PENDING_QC_SAMPLE
LI_047_R05.png,LI,LI_047,5,LINE,LINE,LINE,CONFORMING_AUTO_UNAUDITED,AUTO_MATCH_PENDING_QC_SAMPLE
LI_047_R06.png,LI,LI_047,6,LINE,LINE,LINE,CONFORMING_AUTO_UNAUDITED,AUTO_MATCH_PENDING_QC_SAMPLE
LI_047_R07.png,LI,LI_047,7,LINE,LINE,LINE,CONFORMING_AUTO_UNAUDITED,AUTO_MATCH_PENDING_QC_SAMPLE
LI_047_R08.png,LI,LI_047,8,LINE,LINE,LINE,CONFORMING_AUTO_UNAUDITED,AUTO_MATCH_PENDING_QC_SAMPLE
LI_047_R09.png,LI,LI_047,9,LINE,LINE,LINE,CONFORMING_AUTO_UNAUDITED,AUTO_MATCH_PENDING_QC_SAMPLE
LI_047_R10.png,LI,LI_047,10,LINE,LINE,LINE,CONFORMING_AUTO_UNAUDITED,AUTO_MATCH_PENDING_QC_SAMPLE
LI_048_R01.png,LI,LI_048,1,LINE,LINE,LINE,CONFORMING_AUTO_UNAUDITED,AUTO_MATCH_PENDING_QC_SAMPLE
LI_048_R02.png,LI,LI_048,2,LINE,LINE,LINE,CONFORMING_AUTO_UNAUDITED,AUTO_MATCH_PENDING_QC_SAMPLE
LI_048_R03.png,LI,LI_048,3,LINE,LINE,LINE,CONFORMING_AUTO_UNAUDITED,AUTO_MATCH_PENDING_QC_SAMPLE
LI_048_R04.png,LI,LI_048,4,LINE,LINE,LINE,CONFORMING_AUTO_UNAUDITED,AUTO_MATCH_PENDING_QC_SAMPLE
LI_048_R05.png,LI,LI_048,5,LINE,LINE,LINE,CONFORMING_AUTO_UNAUDITED,AUTO_MATCH_PENDING_QC_SAMPLE
LI_048_R06.png,LI,LI_048,6,LINE,LINE,LINE,CONFORMING_AUTO_UNAUDITED,AUTO_MATCH_PENDING_QC_SAMPLE
LI_048_R07.png,LI,LI_048,7,LINE,LINE,LINE,CONFORMING_AUTO_UNAUDITED,AUTO_MATCH_PENDING_QC_SAMPLE
LI_048_R08.png,LI,LI_048,8,LINE,LINE,LINE,CONFORMING_AUTO_UNAUDITED,AUTO_MATCH_PENDING_QC_SAMPLE
LI_048_R09.png,LI,LI_048,9,LINE,LINE,LINE,CONFORMING_AUTO_UNAUDITED,AUTO_MATCH_PENDING_QC_SAMPLE
LI_048_R10.png,LI,LI_048,10,LINE,LINE,LINE,CONFORMING_AUTO_UNAUDITED,AUTO_MATCH_PENDING_QC_SAMPLE
LI_049_R01.png,LI,LI_049,1,LINE,LINE,LINE,CONFORMING_AUTO_UNAUDITED,AUTO_MATCH_PENDING_QC_SAMPLE
LI_049_R02.png,LI,LI_049,2,LINE,LINE,LINE,CONFORMING_AUTO_UNAUDITED,AUTO_MATCH_PENDING_QC_SAMPLE
LI_049_R03.png,LI,LI_049,3,LINE,LINE,LINE,CONFORMING_AUTO_UNAUDITED,AUTO_MATCH_PENDING_QC_SAMPLE
LI_049_R04.png,LI,LI_049,4,LINE,SCATTER,LINE,CONFORMING,MANUAL_AUDIT_AUTO_DISCREPANCY
LI_049_R05.png,LI,LI_049,5,LINE,LINE,LINE,CONFORMING_AUTO_UNAUDITED,AUTO_MATCH_PENDING_QC_SAMPLE
LI_049_R06.png,LI,LI_049,6,LINE,LINE,LINE,CONFORMING_AUTO_UNAUDITED,AUTO_MATCH_PENDING_QC_SAMPLE
LI_049_R07.png,LI,LI_049,7,LINE,SCATTER,LINE,CONFORMING,MANUAL_AUDIT_AUTO_DISCREPANCY
LI_049_R08.png,LI,LI_049,8,LINE,LINE,LINE,CONFORMING_AUTO_UNAUDITED,AUTO_MATCH_PENDING_QC_SAMPLE
LI_049_R09.png,LI,LI_049,9,LINE,LINE,LINE,CONFORMING_AUTO_UNAUDITED,AUTO_MATCH_PENDING_QC_SAMPLE
LI_049_R10.png,LI,LI_049,10,LINE,LINE,LINE,CONFORMING_AUTO_UNAUDITED,AUTO_MATCH_PENDING_QC_SAMPLE
LI_050_R01.png,LI,LI_050,1,LINE,LINE,LINE,CONFORMING_AUTO_UNAUDITED,AUTO_MATCH_PENDING_QC_SAMPLE
LI_050_R02.png,LI,LI_050,2,LINE,LINE,LINE,CONFORMING_AUTO_UNAUDITED,AUTO_MATCH_PENDING_QC_SAMPLE
LI_050_R03.png,LI,LI_050,3,LINE,LINE,LINE,CONFORMING_AUTO_UNAUDITED,AUTO_MATCH_PENDING_QC_SAMPLE
LI_050_R04.png,LI,LI_050,4,LINE,LINE,LINE,CONFORMING_AUTO_UNAUDITED,AUTO_MATCH_PENDING_QC_SAMPLE
LI_050_R05.png,LI,LI_050,5,LINE,LINE,LINE,CONFORMING_AUTO_UNAUDITED,AUTO_MATCH_PENDING_QC_SAMPLE
LI_050_R06.png,LI,LI_050,6,LINE,LINE,LINE,CONFORMING_AUTO_UNAUDITED,AUTO_MATCH_PENDING_QC_SAMPLE
LI_050_R07.png,LI,LI_050,7,LINE,LINE,LINE,CONFORMING_AUTO_UNAUDITED,AUTO_MATCH_PENDING_QC_SAMPLE
LI_050_R08.png,LI,LI_050,8,LINE,LINE,LINE,CONFORMING_AUTO_UNAUDITED,AUTO_MATCH_PENDING_QC_SAMPLE
LI_050_R09.png,LI,LI_050,9,LINE,LINE,LINE,CONFORMING_AUTO_UNAUDITED,AUTO_MATCH_PENDING_QC_SAMPLE
LI_050_R10.png,LI,LI_050,10,LINE,LINE,LINE,CONFORMING_AUTO_UNAUDITED,AUTO_MATCH_PENDING_QC_SAMPLE
LI_051_R01.png,LI,LI_051,1,LINE,LINE,LINE,CONFORMING_AUTO_UNAUDITED,AUTO_MATCH_PENDING_QC_SAMPLE
LI_051_R02.png,LI,LI_051,2,LINE,LINE,LINE,CONFORMING_AUTO_UNAUDITED,AUTO_MATCH_PENDING_QC_SAMPLE
LI_051_R03.png,LI,LI_051,3,LINE,LINE,LINE,CONFORMING_AUTO_UNAUDITED,AUTO_MATCH_PENDING_QC_SAMPLE
LI_051_R04.png,LI,LI_051,4,LINE,LINE,LINE,CONFORMING_AUTO_UNAUDITED,AUTO_MATCH_PENDING_QC_SAMPLE
LI_051_R05.png,LI,LI_051,5,LINE,LINE,LINE,CONFORMING_AUTO_UNAUDITED,AUTO_MATCH_PENDING_QC_SAMPLE
LI_051_R06.png,LI,LI_051,6,LINE,LINE,LINE,CONFORMING_AUTO_UNAUDITED,AUTO_MATCH_PENDING_QC_SAMPLE
LI_051_R07.png,LI,LI_051,7,LINE,LINE,LINE,CONFORMING_AUTO_UNAUDITED,AUTO_MATCH_PENDING_QC_SAMPLE
LI_051_R08.png,LI,LI_051,8,LINE,LINE,LINE,CONFORMING_AUTO_UNAUDITED,AUTO_MATCH_PENDING_QC_SAMPLE
LI_051_R09.png,LI,LI_051,9,LINE,LINE,LINE,CONFORMING_AUTO_UNAUDITED,AUTO_MATCH_PENDING_QC_SAMPLE
LI_051_R10.png,LI,LI_051,10,LINE,LINE,LINE,CONFORMING_AUTO_UNAUDITED,AUTO_MATCH_PENDING_QC_SAMPLE
LI_052_R01.png,LI,LI_052,1,LINE,LINE,LINE,CONFORMING_AUTO_UNAUDITED,AUTO_MATCH_PENDING_QC_SAMPLE
LI_052_R02.png,LI,LI_052,2,LINE,LINE,LINE,CONFORMING_AUTO_UNAUDITED,AUTO_MATCH_PENDING_QC_SAMPLE
LI_052_R03.png,LI,LI_052,3,LINE,LINE,LINE,CONFORMING_AUTO_UNAUDITED,AUTO_MATCH_PENDING_QC_SAMPLE
LI_052_R04.png,LI,LI_052,4,LINE,LINE,LINE,CONFORMING_AUTO_UNAUDITED,AUTO_MATCH_PENDING_QC_SAMPLE
LI_052_R05.png,LI,LI_052,5,LINE,LINE,LINE,CONFORMING_AUTO_UNAUDITED,AUTO_MATCH_PENDING_QC_SAMPLE
LI_052_R06.png,LI,LI_052,6,LINE,LINE,LINE,CONFORMING_AUTO_UNAUDITED,AUTO_MATCH_PENDING_QC_SAMPLE
LI_052_R07.png,LI,LI_052,7,LINE,LINE,LINE,CONFORMING_AUTO_UNAUDITED,AUTO_MATCH_PENDING_QC_SAMPLE
LI_052_R08.png,LI,LI_052,8,LINE,LINE,LINE,CONFORMING_AUTO_UNAUDITED,AUTO_MATCH_PENDING_QC_SAMPLE
LI_052_R09.png,LI,LI_052,9,LINE,LINE,LINE,CONFORMING_AUTO_UNAUDITED,AUTO_MATCH_PENDING_QC_SAMPLE
LI_052_R10.png,LI,LI_052,10,LINE,LINE,LINE,CONFORMING_AUTO_UNAUDITED,AUTO_MATCH_PENDING_QC_SAMPLE
SC_001_R01.png,SC,SC_001,1,SCATTER,SCATTER,SCATTER,CONFORMING_AUTO_UNAUDITED,AUTO_MATCH_PENDING_QC_SAMPLE
SC_001_R02.png,SC,SC_001,2,SCATTER,SCATTER,SCATTER,CONFORMING_AUTO_UNAUDITED,AUTO_MATCH_PENDING_QC_SAMPLE
SC_001_R03.png,SC,SC_001,3,SCATTER,SCATTER,SCATTER,CONFORMING_AUTO_UNAUDITED,AUTO_MATCH_PENDING_QC_SAMPLE
SC_001_R04.png,SC,SC_001,4,SCATTER,SCATTER,SCATTER,CONFORMING_AUTO_UNAUDITED,AUTO_MATCH_PENDING_QC_SAMPLE
SC_001_R05.png,SC,SC_001,5,SCATTER,SCATTER,SCATTER,CONFORMING_AUTO_UNAUDITED,AUTO_MATCH_PENDING_QC_SAMPLE
SC_001_R06.png,SC,SC_001,6,SCATTER,SCATTER,SCATTER,CONFORMING_AUTO_UNAUDITED,AUTO_MATCH_PENDING_QC_SAMPLE
SC_001_R07.png,SC,SC_001,7,SCATTER,SCATTER,SCATTER,CONFORMING_AUTO_UNAUDITED,AUTO_MATCH_PENDING_QC_SAMPLE
SC_001_R08.png,SC,SC_001,8,SCATTER,SCATTER,SCATTER,CONFORMING_AUTO_UNAUDITED,AUTO_MATCH_PENDING_QC_SAMPLE
SC_001_R09.png,SC,SC_001,9,SCATTER,SCATTER,SCATTER,CONFORMING_AUTO_UNAUDITED,AUTO_MATCH_PENDING_QC_SAMPLE
SC_001_R10.png,SC,SC_001,10,SCATTER,SCATTER,SCATTER,CONFORMING_AUTO_UNAUDITED,AUTO_MATCH_PENDING_QC_SAMPLE
SC_002_R01.png,SC,SC_002,1,SCATTER,SCATTER,SCATTER,CONFORMING_AUTO_UNAUDITED,AUTO_MATCH_PENDING_QC_SAMPLE
SC_002_R02.png,SC,SC_002,2,SCATTER,SCATTER,SCATTER,CONFORMING_AUTO_UNAUDITED,AUTO_MATCH_PENDING_QC_SAMPLE
SC_002_R03.png,SC,SC_002,3,SCATTER,SCATTER,SCATTER,CONFORMING_AUTO_UNAUDITED,AUTO_MATCH_PENDING_QC_SAMPLE
SC_002_R04.png,SC,SC_002,4,SCATTER,SCATTER,SCATTER,CONFORMING_AUTO_UNAUDITED,AUTO_MATCH_PENDING_QC_SAMPLE
SC_002_R05.png,SC,SC_002,5,SCATTER,SCATTER,SCATTER,CONFORMING_AUTO_UNAUDITED,AUTO_MATCH_PENDING_QC_SAMPLE
SC_002_R06.png,SC,SC_002,6,SCATTER,SCATTER,SCATTER,CONFORMING_AUTO_UNAUDITED,AUTO_MATCH_PENDING_QC_SAMPLE
SC_002_R07.png,SC,SC_002,7,SCATTER,SCATTER,SCATTER,CONFORMING_AUTO_UNAUDITED,AUTO_MATCH_PENDING_QC_SAMPLE
SC_002_R08.png,SC,SC_002,8,SCATTER,SCATTER,SCATTER,CONFORMING_AUTO_UNAUDITED,AUTO_MATCH_PENDING_QC_SAMPLE
SC_002_R09.png,SC,SC_002,9,SCATTER,SCATTER,SCATTER,CONFORMING_AUTO_UNAUDITED,AUTO_MATCH_PENDING_QC_SAMPLE
SC_002_R10.png,SC,SC_002,10,SCATTER,SCATTER,SCATTER,CONFORMING_AUTO_UNAUDITED,AUTO_MATCH_PENDING_QC_SAMPLE
SC_003_R01.png,SC,SC_003,1,SCATTER,SCATTER,SCATTER,CONFORMING_AUTO_UNAUDITED,AUTO_MATCH_PENDING_QC_SAMPLE
SC_003_R02.png,SC,SC_003,2,SCATTER,SCATTER,SCATTER,CONFORMING_AUTO_UNAUDITED,AUTO_MATCH_PENDING_QC_SAMPLE
SC_003_R03.png,SC,SC_003,3,SCATTER,SCATTER,SCATTER,CONFORMING_AUTO_UNAUDITED,AUTO_MATCH_PENDING_QC_SAMPLE
SC_003_R04.png,SC,SC_003,4,SCATTER,SCATTER,SCATTER,CONFORMING_AUTO_UNAUDITED,AUTO_MATCH_PENDING_QC_SAMPLE
SC_003_R05.png,SC,SC_003,5,SCATTER,SCATTER,SCATTER,CONFORMING_AUTO_UNAUDITED,AUTO_MATCH_PENDING_QC_SAMPLE
SC_003_R06.png,SC,SC_003,6,SCATTER,SCATTER,SCATTER,CONFORMING_AUTO_UNAUDITED,AUTO_MATCH_PENDING_QC_SAMPLE
SC_003_R07.png,SC,SC_003,7,SCATTER,SCATTER,SCATTER,CONFORMING_AUTO_UNAUDITED,AUTO_MATCH_PENDING_QC_SAMPLE
SC_003_R08.png,SC,SC_003,8,SCATTER,SCATTER,SCATTER,CONFORMING_AUTO_UNAUDITED,AUTO_MATCH_PENDING_QC_SAMPLE
SC_003_R09.png,SC,SC_003,9,SCATTER,SCATTER,SCATTER,CONFORMING_AUTO_UNAUDITED,AUTO_MATCH_PENDING_QC_SAMPLE
SC_003_R10.png,SC,SC_003,10,SCATTER,SCATTER,SCATTER,CONFORMING_AUTO_UNAUDITED,AUTO_MATCH_PENDING_QC_SAMPLE
SC_004_R01.png,SC,SC_004,1,SCATTER,SCATTER,SCATTER,CONFORMING_AUTO_UNAUDITED,AUTO_MATCH_PENDING_QC_SAMPLE
SC_004_R02.png,SC,SC_004,2,SCATTER,SCATTER,SCATTER,CONFORMING_AUTO_UNAUDITED,AUTO_MATCH_PENDING_QC_SAMPLE
SC_004_R03.png,SC,SC_004,3,SCATTER,SCATTER,SCATTER,CONFORMING_AUTO_UNAUDITED,AUTO_MATCH_PENDING_QC_SAMPLE
SC_004_R04.png,SC,SC_004,4,SCATTER,SCATTER,SCATTER,CONFORMING_AUTO_UNAUDITED,AUTO_MATCH_PENDING_QC_SAMPLE
SC_004_R05.png,SC,SC_004,5,SCATTER,SCATTER,SCATTER,CONFORMING_AUTO_UNAUDITED,AUTO_MATCH_PENDING_QC_SAMPLE
SC_004_R06.png,SC,SC_004,6,SCATTER,SCATTER,SCATTER,CONFORMING_AUTO_UNAUDITED,AUTO_MATCH_PENDING_QC_SAMPLE
SC_004_R07.png,SC,SC_004,7,SCATTER,SCATTER,SCATTER,CONFORMING_AUTO_UNAUDITED,AUTO_MATCH_PENDING_QC_SAMPLE
SC_004_R08.png,SC,SC_004,8,SCATTER,SCATTER,SCATTER,CONFORMING_AUTO_UNAUDITED,AUTO_MATCH_PENDING_QC_SAMPLE
SC_004_R09.png,SC,SC_004,9,SCATTER,SCATTER,SCATTER,CONFORMING_AUTO_UNAUDITED,AUTO_MATCH_PENDING_QC_SAMPLE
SC_004_R10.png,SC,SC_004,10,SCATTER,SCATTER,SCATTER,CONFORMING_AUTO_UNAUDITED,AUTO_MATCH_PENDING_QC_SAMPLE
SC_005_R01.png,SC,SC_005,1,SCATTER,SCATTER,SCATTER,CONFORMING_AUTO_UNAUDITED,AUTO_MATCH_PENDING_QC_SAMPLE
SC_005_R02.png,SC,SC_005,2,SCATTER,SCATTER,SCATTER,CONFORMING_AUTO_UNAUDITED,AUTO_MATCH_PENDING_QC_SAMPLE
SC_005_R03.png,SC,SC_005,3,SCATTER,SCATTER,SCATTER,CONFORMING_AUTO_UNAUDITED,AUTO_MATCH_PENDING_QC_SAMPLE
SC_005_R04.png,SC,SC_005,4,SCATTER,SCATTER,SCATTER,CONFORMING_AUTO_UNAUDITED,AUTO_MATCH_PENDING_QC_SAMPLE
SC_005_R05.png,SC,SC_005,5,SCATTER,SCATTER,SCATTER,CONFORMING_AUTO_UNAUDITED,AUTO_MATCH_PENDING_QC_SAMPLE
SC_005_R06.png,SC,SC_005,6,SCATTER,SCATTER,SCATTER,CONFORMING_AUTO_UNAUDITED,AUTO_MATCH_PENDING_QC_SAMPLE
SC_005_R07.png,SC,SC_005,7,SCATTER,SCATTER,SCATTER,CONFORMING_AUTO_UNAUDITED,AUTO_MATCH_PENDING_QC_SAMPLE
SC_005_R08.png,SC,SC_005,8,SCATTER,SCATTER,SCATTER,CONFORMING_AUTO_UNAUDITED,AUTO_MATCH_PENDING_QC_SAMPLE
SC_005_R09.png,SC,SC_005,9,SCATTER,SCATTER,SCATTER,CONFORMING_AUTO_UNAUDITED,AUTO_MATCH_PENDING_QC_SAMPLE
SC_005_R10.png,SC,SC_005,10,SCATTER,SCATTER,SCATTER,CONFORMING_AUTO_UNAUDITED,AUTO_MATCH_PENDING_QC_SAMPLE
SC_006_R01.png,SC,SC_006,1,SCATTER,SCATTER,SCATTER,CONFORMING_AUTO_UNAUDITED,AUTO_MATCH_PENDING_QC_SAMPLE
SC_006_R02.png,SC,SC_006,2,SCATTER,SCATTER,SCATTER,CONFORMING_AUTO_UNAUDITED,AUTO_MATCH_PENDING_QC_SAMPLE
SC_006_R03.png,SC,SC_006,3,SCATTER,SCATTER,SCATTER,CONFORMING_AUTO_UNAUDITED,AUTO_MATCH_PENDING_QC_SAMPLE
SC_006_R04.png,SC,SC_006,4,SCATTER,SCATTER,SCATTER,CONFORMING_AUTO_UNAUDITED,AUTO_MATCH_PENDING_QC_SAMPLE
SC_006_R05.png,SC,SC_006,5,SCATTER,SCATTER,SCATTER,CONFORMING_AUTO_UNAUDITED,AUTO_MATCH_PENDING_QC_SAMPLE
SC_006_R06.png,SC,SC_006,6,SCATTER,SCATTER,SCATTER,CONFORMING_AUTO_UNAUDITED,AUTO_MATCH_PENDING_QC_SAMPLE
SC_006_R07.png,SC,SC_006,7,SCATTER,SCATTER,SCATTER,CONFORMING_AUTO_UNAUDITED,AUTO_MATCH_PENDING_QC_SAMPLE
SC_006_R08.png,SC,SC_006,8,SCATTER,SCATTER,SCATTER,CONFORMING_AUTO_UNAUDITED,AUTO_MATCH_PENDING_QC_SAMPLE
SC_006_R09.png,SC,SC_006,9,SCATTER,SCATTER,SCATTER,CONFORMING_AUTO_UNAUDITED,AUTO_MATCH_PENDING_QC_SAMPLE
SC_006_R10.png,SC,SC_006,10,SCATTER,SCATTER,SCATTER,CONFORMING_AUTO_UNAUDITED,AUTO_MATCH_PENDING_QC_SAMPLE
SC_007_R01.png,SC,SC_007,1,SCATTER,SCATTER,SCATTER,CONFORMING_AUTO_UNAUDITED,AUTO_MATCH_PENDING_QC_SAMPLE
SC_007_R02.png,SC,SC_007,2,SCATTER,SCATTER,SCATTER,CONFORMING_AUTO_UNAUDITED,AUTO_MATCH_PENDING_QC_SAMPLE
SC_007_R03.png,SC,SC_007,3,SCATTER,SCATTER,SCATTER,CONFORMING_AUTO_UNAUDITED,AUTO_MATCH_PENDING_QC_SAMPLE
SC_007_R04.png,SC,SC_007,4,SCATTER,SCATTER,SCATTER,CONFORMING_AUTO_UNAUDITED,AUTO_MATCH_PENDING_QC_SAMPLE
SC_007_R05.png,SC,SC_007,5,SCATTER,SCATTER,SCATTER,CONFORMING_AUTO_UNAUDITED,AUTO_MATCH_PENDING_QC_SAMPLE
SC_007_R06.png,SC,SC_007,6,SCATTER,SCATTER,SCATTER,CONFORMING_AUTO_UNAUDITED,AUTO_MATCH_PENDING_QC_SAMPLE
SC_007_R07.png,SC,SC_007,7,SCATTER,SCATTER,SCATTER,CONFORMING_AUTO_UNAUDITED,AUTO_MATCH_PENDING_QC_SAMPLE
SC_007_R08.png,SC,SC_007,8,SCATTER,SCATTER,SCATTER,CONFORMING_AUTO_UNAUDITED,AUTO_MATCH_PENDING_QC_SAMPLE
SC_007_R09.png,SC,SC_007,9,SCATTER,SCATTER,SCATTER,CONFORMING_AUTO_UNAUDITED,AUTO_MATCH_PENDING_QC_SAMPLE
SC_007_R10.png,SC,SC_007,10,SCATTER,SCATTER,SCATTER,CONFORMING_AUTO_UNAUDITED,AUTO_MATCH_PENDING_QC_SAMPLE
SC_008_R01.png,SC,SC_008,1,SCATTER,SCATTER,SCATTER,CONFORMING_AUTO_UNAUDITED,AUTO_MATCH_PENDING_QC_SAMPLE
SC_008_R02.png,SC,SC_008,2,SCATTER,SCATTER,SCATTER,CONFORMING_AUTO_UNAUDITED,AUTO_MATCH_PENDING_QC_SAMPLE
SC_008_R03.png,SC,SC_008,3,SCATTER,SCATTER,SCATTER,CONFORMING_AUTO_UNAUDITED,AUTO_MATCH_PENDING_QC_SAMPLE
SC_008_R04.png,SC,SC_008,4,SCATTER,SCATTER,SCATTER,CONFORMING_AUTO_UNAUDITED,AUTO_MATCH_PENDING_QC_SAMPLE
SC_008_R05.png,SC,SC_008,5,SCATTER,SCATTER,SCATTER,CONFORMING_AUTO_UNAUDITED,AUTO_MATCH_PENDING_QC_SAMPLE
SC_008_R06.png,SC,SC_008,6,SCATTER,SCATTER,SCATTER,CONFORMING_AUTO_UNAUDITED,AUTO_MATCH_PENDING_QC_SAMPLE
SC_008_R07.png,SC,SC_008,7,SCATTER,SCATTER,SCATTER,CONFORMING_AUTO_UNAUDITED,AUTO_MATCH_PENDING_QC_SAMPLE
SC_008_R08.png,SC,SC_008,8,SCATTER,SCATTER,SCATTER,CONFORMING_AUTO_UNAUDITED,AUTO_MATCH_PENDING_QC_SAMPLE
SC_008_R09.png,SC,SC_008,9,SCATTER,SCATTER,SCATTER,CONFORMING_AUTO_UNAUDITED,AUTO_MATCH_PENDING_QC_SAMPLE
SC_008_R10.png,SC,SC_008,10,SCATTER,SCATTER,SCATTER,CONFORMING_AUTO_UNAUDITED,AUTO_MATCH_PENDING_QC_SAMPLE
SC_009_R01.png,SC,SC_009,1,SCATTER,SCATTER,SCATTER,CONFORMING_AUTO_UNAUDITED,AUTO_MATCH_PENDING_QC_SAMPLE
SC_009_R02.png,SC,SC_009,2,SCATTER,SCATTER,SCATTER,CONFORMING_AUTO_UNAUDITED,AUTO_MATCH_PENDING_QC_SAMPLE
SC_009_R03.png,SC,SC_009,3,SCATTER,SCATTER,SCATTER,CONFORMING_AUTO_UNAUDITED,AUTO_MATCH_PENDING_QC_SAMPLE
SC_009_R04.png,SC,SC_009,4,SCATTER,SCATTER,SCATTER,CONFORMING_AUTO_UNAUDITED,AUTO_MATCH_PENDING_QC_SAMPLE
SC_009_R05.png,SC,SC_009,5,SCATTER,SCATTER,SCATTER,CONFORMING_AUTO_UNAUDITED,AUTO_MATCH_PENDING_QC_SAMPLE
SC_009_R06.png,SC,SC_009,6,SCATTER,SCATTER,SCATTER,CONFORMING_AUTO_UNAUDITED,AUTO_MATCH_PENDING_QC_SAMPLE
SC_009_R07.png,SC,SC_009,7,SCATTER,SCATTER,SCATTER,CONFORMING_AUTO_UNAUDITED,AUTO_MATCH_PENDING_QC_SAMPLE
SC_009_R08.png,SC,SC_009,8,SCATTER,SCATTER,SCATTER,CONFORMING_AUTO_UNAUDITED,AUTO_MATCH_PENDING_QC_SAMPLE
SC_009_R09.png,SC,SC_009,9,SCATTER,SCATTER,SCATTER,CONFORMING_AUTO_UNAUDITED,AUTO_MATCH_PENDING_QC_SAMPLE
SC_009_R10.png,SC,SC_009,10,SCATTER,SCATTER,SCATTER,CONFORMING_AUTO_UNAUDITED,AUTO_MATCH_PENDING_QC_SAMPLE
SC_010_R01.png,SC,SC_010,1,SCATTER,SCATTER,SCATTER,CONFORMING_AUTO_UNAUDITED,AUTO_MATCH_PENDING_QC_SAMPLE
SC_010_R02.png,SC,SC_010,2,SCATTER,SCATTER,SCATTER,CONFORMING_AUTO_UNAUDITED,AUTO_MATCH_PENDING_QC_SAMPLE
SC_010_R03.png,SC,SC_010,3,SCATTER,SCATTER,SCATTER,CONFORMING_AUTO_UNAUDITED,AUTO_MATCH_PENDING_QC_SAMPLE
SC_010_R04.png,SC,SC_010,4,SCATTER,SCATTER,SCATTER,CONFORMING_AUTO_UNAUDITED,AUTO_MATCH_PENDING_QC_SAMPLE
SC_010_R05.png,SC,SC_010,5,SCATTER,SCATTER,SCATTER,CONFORMING_AUTO_UNAUDITED,AUTO_MATCH_PENDING_QC_SAMPLE
SC_010_R06.png,SC,SC_010,6,SCATTER,SCATTER,SCATTER,CONFORMING_AUTO_UNAUDITED,AUTO_MATCH_PENDING_QC_SAMPLE
SC_010_R07.png,SC,SC_010,7,SCATTER,SCATTER,SCATTER,CONFORMING_AUTO_UNAUDITED,AUTO_MATCH_PENDING_QC_SAMPLE
SC_010_R08.png,SC,SC_010,8,SCATTER,SCATTER,SCATTER,CONFORMING_AUTO_UNAUDITED,AUTO_MATCH_PENDING_QC_SAMPLE
SC_010_R09.png,SC,SC_010,9,SCATTER,SCATTER,SCATTER,CONFORMING_AUTO_UNAUDITED,AUTO_MATCH_PENDING_QC_SAMPLE
SC_010_R10.png,SC,SC_010,10,SCATTER,SCATTER,SCATTER,CONFORMING_AUTO_UNAUDITED,AUTO_MATCH_PENDING_QC_SAMPLE
SC_011_R01.png,SC,SC_011,1,SCATTER,SCATTER,SCATTER,CONFORMING_AUTO_UNAUDITED,AUTO_MATCH_PENDING_QC_SAMPLE
SC_011_R02.png,SC,SC_011,2,SCATTER,SCATTER,SCATTER,CONFORMING_AUTO_UNAUDITED,AUTO_MATCH_PENDING_QC_SAMPLE
SC_011_R03.png,SC,SC_011,3,SCATTER,SCATTER,SCATTER,CONFORMING_AUTO_UNAUDITED,AUTO_MATCH_PENDING_QC_SAMPLE
SC_011_R04.png,SC,SC_011,4,SCATTER,SCATTER,SCATTER,CONFORMING_AUTO_UNAUDITED,AUTO_MATCH_PENDING_QC_SAMPLE
SC_011_R05.png,SC,SC_011,5,SCATTER,SCATTER,SCATTER,CONFORMING_AUTO_UNAUDITED,AUTO_MATCH_PENDING_QC_SAMPLE
SC_011_R06.png,SC,SC_011,6,SCATTER,SCATTER,SCATTER,CONFORMING_AUTO_UNAUDITED,AUTO_MATCH_PENDING_QC_SAMPLE
SC_011_R07.png,SC,SC_011,7,SCATTER,SCATTER,SCATTER,CONFORMING_AUTO_UNAUDITED,AUTO_MATCH_PENDING_QC_SAMPLE
SC_011_R08.png,SC,SC_011,8,SCATTER,SCATTER,SCATTER,CONFORMING_AUTO_UNAUDITED,AUTO_MATCH_PENDING_QC_SAMPLE
SC_011_R09.png,SC,SC_011,9,SCATTER,SCATTER,SCATTER,CONFORMING_AUTO_UNAUDITED,AUTO_MATCH_PENDING_QC_SAMPLE
SC_011_R10.png,SC,SC_011,10,SCATTER,SCATTER,SCATTER,CONFORMING_AUTO_UNAUDITED,AUTO_MATCH_PENDING_QC_SAMPLE
SC_012_R01.png,SC,SC_012,1,SCATTER,SCATTER,SCATTER,CONFORMING_AUTO_UNAUDITED,AUTO_MATCH_PENDING_QC_SAMPLE
SC_012_R02.png,SC,SC_012,2,SCATTER,SCATTER,SCATTER,CONFORMING_AUTO_UNAUDITED,AUTO_MATCH_PENDING_QC_SAMPLE
SC_012_R03.png,SC,SC_012,3,SCATTER,SCATTER,SCATTER,CONFORMING_AUTO_UNAUDITED,AUTO_MATCH_PENDING_QC_SAMPLE
SC_012_R04.png,SC,SC_012,4,SCATTER,SCATTER,SCATTER,CONFORMING_AUTO_UNAUDITED,AUTO_MATCH_PENDING_QC_SAMPLE
SC_012_R05.png,SC,SC_012,5,SCATTER,SCATTER,SCATTER,CONFORMING_AUTO_UNAUDITED,AUTO_MATCH_PENDING_QC_SAMPLE
SC_012_R06.png,SC,SC_012,6,SCATTER,SCATTER,SCATTER,CONFORMING_AUTO_UNAUDITED,AUTO_MATCH_PENDING_QC_SAMPLE
SC_012_R07.png,SC,SC_012,7,SCATTER,SCATTER,SCATTER,CONFORMING_AUTO_UNAUDITED,AUTO_MATCH_PENDING_QC_SAMPLE
SC_012_R08.png,SC,SC_012,8,SCATTER,SCATTER,SCATTER,CONFORMING_AUTO_UNAUDITED,AUTO_MATCH_PENDING_QC_SAMPLE
SC_012_R09.png,SC,SC_012,9,SCATTER,SCATTER,SCATTER,CONFORMING_AUTO_UNAUDITED,AUTO_MATCH_PENDING_QC_SAMPLE
SC_012_R10.png,SC,SC_012,10,SCATTER,SCATTER,SCATTER,CONFORMING_AUTO_UNAUDITED,AUTO_MATCH_PENDING_QC_SAMPLE
SC_013_R01.png,SC,SC_013,1,SCATTER,SCATTER,SCATTER,CONFORMING_AUTO_UNAUDITED,AUTO_MATCH_PENDING_QC_SAMPLE
SC_013_R02.png,SC,SC_013,2,SCATTER,SCATTER,SCATTER,CONFORMING_AUTO_UNAUDITED,AUTO_MATCH_PENDING_QC_SAMPLE
SC_013_R03.png,SC,SC_013,3,SCATTER,SCATTER,SCATTER,CONFORMING_AUTO_UNAUDITED,AUTO_MATCH_PENDING_QC_SAMPLE
SC_013_R04.png,SC,SC_013,4,SCATTER,SCATTER,SCATTER,CONFORMING_AUTO_UNAUDITED,AUTO_MATCH_PENDING_QC_SAMPLE
SC_013_R05.png,SC,SC_013,5,SCATTER,SCATTER,SCATTER,CONFORMING_AUTO_UNAUDITED,AUTO_MATCH_PENDING_QC_SAMPLE
SC_013_R06.png,SC,SC_013,6,SCATTER,SCATTER,SCATTER,CONFORMING_AUTO_UNAUDITED,AUTO_MATCH_PENDING_QC_SAMPLE
SC_013_R07.png,SC,SC_013,7,SCATTER,SCATTER,SCATTER,CONFORMING_AUTO_UNAUDITED,AUTO_MATCH_PENDING_QC_SAMPLE
SC_013_R08.png,SC,SC_013,8,SCATTER,SCATTER,SCATTER,CONFORMING_AUTO_UNAUDITED,AUTO_MATCH_PENDING_QC_SAMPLE
SC_013_R09.png,SC,SC_013,9,SCATTER,SCATTER,SCATTER,CONFORMING_AUTO_UNAUDITED,AUTO_MATCH_PENDING_QC_SAMPLE
SC_013_R10.png,SC,SC_013,10,SCATTER,SCATTER,SCATTER,CONFORMING_AUTO_UNAUDITED,AUTO_MATCH_PENDING_QC_SAMPLE
SC_014_R01.png,SC,SC_014,1,SCATTER,SCATTER,SCATTER,CONFORMING_AUTO_UNAUDITED,AUTO_MATCH_PENDING_QC_SAMPLE
SC_014_R02.png,SC,SC_014,2,SCATTER,SCATTER,SCATTER,CONFORMING_AUTO_UNAUDITED,AUTO_MATCH_PENDING_QC_SAMPLE
SC_014_R03.png,SC,SC_014,3,SCATTER,SCATTER,SCATTER,CONFORMING_AUTO_UNAUDITED,AUTO_MATCH_PENDING_QC_SAMPLE
SC_014_R04.png,SC,SC_014,4,SCATTER,SCATTER,SCATTER,CONFORMING_AUTO_UNAUDITED,AUTO_MATCH_PENDING_QC_SAMPLE
SC_014_R05.png,SC,SC_014,5,SCATTER,SCATTER,SCATTER,CONFORMING_AUTO_UNAUDITED,AUTO_MATCH_PENDING_QC_SAMPLE
SC_014_R06.png,SC,SC_014,6,SCATTER,SCATTER,SCATTER,CONFORMING_AUTO_UNAUDITED,AUTO_MATCH_PENDING_QC_SAMPLE
SC_014_R07.png,SC,SC_014,7,SCATTER,SCATTER,SCATTER,CONFORMING_AUTO_UNAUDITED,AUTO_MATCH_PENDING_QC_SAMPLE
SC_014_R08.png,SC,SC_014,8,SCATTER,SCATTER,SCATTER,CONFORMING_AUTO_UNAUDITED,AUTO_MATCH_PENDING_QC_SAMPLE
SC_014_R09.png,SC,SC_014,9,SCATTER,SCATTER,SCATTER,CONFORMING_AUTO_UNAUDITED,AUTO_MATCH_PENDING_QC_SAMPLE
SC_014_R10.png,SC,SC_014,10,SCATTER,SCATTER,SCATTER,CONFORMING_AUTO_UNAUDITED,AUTO_MATCH_PENDING_QC_SAMPLE
SC_015_R01.png,SC,SC_015,1,SCATTER,SCATTER,SCATTER,CONFORMING_AUTO_UNAUDITED,AUTO_MATCH_PENDING_QC_SAMPLE
SC_015_R02.png,SC,SC_015,2,SCATTER,SCATTER,SCATTER,CONFORMING_AUTO_UNAUDITED,AUTO_MATCH_PENDING_QC_SAMPLE
SC_015_R03.png,SC,SC_015,3,SCATTER,SCATTER,SCATTER,CONFORMING_AUTO_UNAUDITED,AUTO_MATCH_PENDING_QC_SAMPLE
SC_015_R04.png,SC,SC_015,4,SCATTER,SCATTER,SCATTER,CONFORMING_AUTO_UNAUDITED,AUTO_MATCH_PENDING_QC_SAMPLE
SC_015_R05.png,SC,SC_015,5,SCATTER,SCATTER,SCATTER,CONFORMING_AUTO_UNAUDITED,AUTO_MATCH_PENDING_QC_SAMPLE
SC_015_R06.png,SC,SC_015,6,SCATTER,SCATTER,SCATTER,CONFORMING_AUTO_UNAUDITED,AUTO_MATCH_PENDING_QC_SAMPLE
SC_015_R07.png,SC,SC_015,7,SCATTER,SCATTER,SCATTER,CONFORMING_AUTO_UNAUDITED,AUTO_MATCH_PENDING_QC_SAMPLE
SC_015_R08.png,SC,SC_015,8,SCATTER,SCATTER,SCATTER,CONFORMING_AUTO_UNAUDITED,AUTO_MATCH_PENDING_QC_SAMPLE
SC_015_R09.png,SC,SC_015,9,SCATTER,SCATTER,SCATTER,CONFORMING_AUTO_UNAUDITED,AUTO_MATCH_PENDING_QC_SAMPLE
SC_015_R10.png,SC,SC_015,10,SCATTER,SCATTER,SCATTER,CONFORMING_AUTO_UNAUDITED,AUTO_MATCH_PENDING_QC_SAMPLE
SC_016_R01.png,SC,SC_016,1,SCATTER,SCATTER,SCATTER,CONFORMING_AUTO_UNAUDITED,AUTO_MATCH_PENDING_QC_SAMPLE
SC_016_R02.png,SC,SC_016,2,SCATTER,SCATTER,SCATTER,CONFORMING_AUTO_UNAUDITED,AUTO_MATCH_PENDING_QC_SAMPLE
SC_016_R03.png,SC,SC_016,3,SCATTER,SCATTER,SCATTER,CONFORMING_AUTO_UNAUDITED,AUTO_MATCH_PENDING_QC_SAMPLE
SC_016_R04.png,SC,SC_016,4,SCATTER,SCATTER,SCATTER,CONFORMING_AUTO_UNAUDITED,AUTO_MATCH_PENDING_QC_SAMPLE
SC_016_R05.png,SC,SC_016,5,SCATTER,SCATTER,SCATTER,CONFORMING_AUTO_UNAUDITED,AUTO_MATCH_PENDING_QC_SAMPLE
SC_016_R06.png,SC,SC_016,6,SCATTER,SCATTER,SCATTER,CONFORMING_AUTO_UNAUDITED,AUTO_MATCH_PENDING_QC_SAMPLE
SC_016_R07.png,SC,SC_016,7,SCATTER,SCATTER,SCATTER,CONFORMING_AUTO_UNAUDITED,AUTO_MATCH_PENDING_QC_SAMPLE
SC_016_R08.png,SC,SC_016,8,SCATTER,SCATTER,SCATTER,CONFORMING_AUTO_UNAUDITED,AUTO_MATCH_PENDING_QC_SAMPLE
SC_016_R09.png,SC,SC_016,9,SCATTER,SCATTER,SCATTER,CONFORMING_AUTO_UNAUDITED,AUTO_MATCH_PENDING_QC_SAMPLE
SC_016_R10.png,SC,SC_016,10,SCATTER,SCATTER,SCATTER,CONFORMING_AUTO_UNAUDITED,AUTO_MATCH_PENDING_QC_SAMPLE
SC_017_R01.png,SC,SC_017,1,SCATTER,SCATTER,SCATTER,CONFORMING_AUTO_UNAUDITED,AUTO_MATCH_PENDING_QC_SAMPLE
SC_017_R02.png,SC,SC_017,2,SCATTER,SCATTER,SCATTER,CONFORMING_AUTO_UNAUDITED,AUTO_MATCH_PENDING_QC_SAMPLE
SC_017_R03.png,SC,SC_017,3,SCATTER,SCATTER,SCATTER,CONFORMING_AUTO_UNAUDITED,AUTO_MATCH_PENDING_QC_SAMPLE
SC_017_R04.png,SC,SC_017,4,SCATTER,SCATTER,SCATTER,CONFORMING_AUTO_UNAUDITED,AUTO_MATCH_PENDING_QC_SAMPLE
SC_017_R05.png,SC,SC_017,5,SCATTER,SCATTER,SCATTER,CONFORMING_AUTO_UNAUDITED,AUTO_MATCH_PENDING_QC_SAMPLE
SC_017_R06.png,SC,SC_017,6,SCATTER,SCATTER,SCATTER,CONFORMING_AUTO_UNAUDITED,AUTO_MATCH_PENDING_QC_SAMPLE
SC_017_R07.png,SC,SC_017,7,SCATTER,SCATTER,SCATTER,CONFORMING_AUTO_UNAUDITED,AUTO_MATCH_PENDING_QC_SAMPLE
SC_017_R08.png,SC,SC_017,8,SCATTER,OTHER,SCATTER,CONFORMING,MANUAL_AUDIT_AUTO_DISCREPANCY
SC_017_R09.png,SC,SC_017,9,SCATTER,SCATTER,SCATTER,CONFORMING_AUTO_UNAUDITED,AUTO_MATCH_PENDING_QC_SAMPLE
SC_017_R10.png,SC,SC_017,10,SCATTER,SCATTER,SCATTER,CONFORMING_AUTO_UNAUDITED,AUTO_MATCH_PENDING_QC_SAMPLE
SC_018_R01.png,SC,SC_018,1,SCATTER,SCATTER,SCATTER,CONFORMING_AUTO_UNAUDITED,AUTO_MATCH_PENDING_QC_SAMPLE
SC_018_R02.png,SC,SC_018,2,SCATTER,SCATTER,SCATTER,CONFORMING_AUTO_UNAUDITED,AUTO_MATCH_PENDING_QC_SAMPLE
SC_018_R03.png,SC,SC_018,3,SCATTER,SCATTER,SCATTER,CONFORMING_AUTO_UNAUDITED,AUTO_MATCH_PENDING_QC_SAMPLE
SC_018_R04.png,SC,SC_018,4,SCATTER,SCATTER,SCATTER,CONFORMING_AUTO_UNAUDITED,AUTO_MATCH_PENDING_QC_SAMPLE
SC_018_R05.png,SC,SC_018,5,SCATTER,SCATTER,SCATTER,CONFORMING_AUTO_UNAUDITED,AUTO_MATCH_PENDING_QC_SAMPLE
SC_018_R06.png,SC,SC_018,6,SCATTER,SCATTER,SCATTER,CONFORMING_AUTO_UNAUDITED,AUTO_MATCH_PENDING_QC_SAMPLE
SC_018_R07.png,SC,SC_018,7,SCATTER,SCATTER,SCATTER,CONFORMING_AUTO_UNAUDITED,AUTO_MATCH_PENDING_QC_SAMPLE
SC_018_R08.png,SC,SC_018,8,SCATTER,SCATTER,SCATTER,CONFORMING_AUTO_UNAUDITED,AUTO_MATCH_PENDING_QC_SAMPLE
SC_018_R09.png,SC,SC_018,9,SCATTER,SCATTER,SCATTER,CONFORMING_AUTO_UNAUDITED,AUTO_MATCH_PENDING_QC_SAMPLE
SC_018_R10.png,SC,SC_018,10,SCATTER,SCATTER,SCATTER,CONFORMING_AUTO_UNAUDITED,AUTO_MATCH_PENDING_QC_SAMPLE
SC_019_R01.png,SC,SC_019,1,SCATTER,SCATTER,SCATTER,CONFORMING_AUTO_UNAUDITED,AUTO_MATCH_PENDING_QC_SAMPLE
SC_019_R02.png,SC,SC_019,2,SCATTER,SCATTER,SCATTER,CONFORMING_AUTO_UNAUDITED,AUTO_MATCH_PENDING_QC_SAMPLE
SC_019_R03.png,SC,SC_019,3,SCATTER,SCATTER,SCATTER,CONFORMING_AUTO_UNAUDITED,AUTO_MATCH_PENDING_QC_SAMPLE
SC_019_R04.png,SC,SC_019,4,SCATTER,SCATTER,SCATTER,CONFORMING_AUTO_UNAUDITED,AUTO_MATCH_PENDING_QC_SAMPLE
SC_019_R05.png,SC,SC_019,5,SCATTER,SCATTER,SCATTER,CONFORMING_AUTO_UNAUDITED,AUTO_MATCH_PENDING_QC_SAMPLE
SC_019_R06.png,SC,SC_019,6,SCATTER,SCATTER,SCATTER,CONFORMING_AUTO_UNAUDITED,AUTO_MATCH_PENDING_QC_SAMPLE
SC_019_R07.png,SC,SC_019,7,SCATTER,SCATTER,SCATTER,CONFORMING_AUTO_UNAUDITED,AUTO_MATCH_PENDING_QC_SAMPLE
SC_019_R08.png,SC,SC_019,8,SCATTER,SCATTER,SCATTER,CONFORMING_AUTO_UNAUDITED,AUTO_MATCH_PENDING_QC_SAMPLE
SC_019_R09.png,SC,SC_019,9,SCATTER,SCATTER,SCATTER,CONFORMING_AUTO_UNAUDITED,AUTO_MATCH_PENDING_QC_SAMPLE
SC_019_R10.png,SC,SC_019,10,SCATTER,SCATTER,SCATTER,CONFORMING_AUTO_UNAUDITED,AUTO_MATCH_PENDING_QC_SAMPLE
SC_020_R01.png,SC,SC_020,1,SCATTER,SCATTER,SCATTER,CONFORMING_AUTO_UNAUDITED,AUTO_MATCH_PENDING_QC_SAMPLE
SC_020_R02.png,SC,SC_020,2,SCATTER,SCATTER,SCATTER,CONFORMING_AUTO_UNAUDITED,AUTO_MATCH_PENDING_QC_SAMPLE
SC_020_R03.png,SC,SC_020,3,SCATTER,SCATTER,SCATTER,CONFORMING_AUTO_UNAUDITED,AUTO_MATCH_PENDING_QC_SAMPLE
SC_020_R04.png,SC,SC_020,4,SCATTER,SCATTER,SCATTER,CONFORMING_AUTO_UNAUDITED,AUTO_MATCH_PENDING_QC_SAMPLE
SC_020_R05.png,SC,SC_020,5,SCATTER,SCATTER,SCATTER,CONFORMING_AUTO_UNAUDITED,AUTO_MATCH_PENDING_QC_SAMPLE
SC_020_R06.png,SC,SC_020,6,SCATTER,SCATTER,SCATTER,CONFORMING_AUTO_UNAUDITED,AUTO_MATCH_PENDING_QC_SAMPLE
SC_020_R07.png,SC,SC_020,7,SCATTER,SCATTER,SCATTER,CONFORMING_AUTO_UNAUDITED,AUTO_MATCH_PENDING_QC_SAMPLE
SC_020_R08.png,SC,SC_020,8,SCATTER,SCATTER,SCATTER,CONFORMING_AUTO_UNAUDITED,AUTO_MATCH_PENDING_QC_SAMPLE
SC_020_R09.png,SC,SC_020,9,SCATTER,SCATTER,SCATTER,CONFORMING_AUTO_UNAUDITED,AUTO_MATCH_PENDING_QC_SAMPLE
SC_020_R10.png,SC,SC_020,10,SCATTER,SCATTER,SCATTER,CONFORMING_AUTO_UNAUDITED,AUTO_MATCH_PENDING_QC_SAMPLE
SC_021_R01.png,SC,SC_021,1,SCATTER,SCATTER,SCATTER,CONFORMING_AUTO_UNAUDITED,AUTO_MATCH_PENDING_QC_SAMPLE
SC_021_R02.png,SC,SC_021,2,SCATTER,SCATTER,SCATTER,CONFORMING_AUTO_UNAUDITED,AUTO_MATCH_PENDING_QC_SAMPLE
SC_021_R03.png,SC,SC_021,3,SCATTER,SCATTER,SCATTER,CONFORMING_AUTO_UNAUDITED,AUTO_MATCH_PENDING_QC_SAMPLE
SC_021_R04.png,SC,SC_021,4,SCATTER,SCATTER,SCATTER,CONFORMING_AUTO_UNAUDITED,AUTO_MATCH_PENDING_QC_SAMPLE
SC_021_R05.png,SC,SC_021,5,SCATTER,SCATTER,SCATTER,CONFORMING_AUTO_UNAUDITED,AUTO_MATCH_PENDING_QC_SAMPLE
SC_021_R06.png,SC,SC_021,6,SCATTER,SCATTER,SCATTER,CONFORMING_AUTO_UNAUDITED,AUTO_MATCH_PENDING_QC_SAMPLE
SC_021_R07.png,SC,SC_021,7,SCATTER,SCATTER,SCATTER,CONFORMING_AUTO_UNAUDITED,AUTO_MATCH_PENDING_QC_SAMPLE
SC_021_R08.png,SC,SC_021,8,SCATTER,SCATTER,SCATTER,CONFORMING_AUTO_UNAUDITED,AUTO_MATCH_PENDING_QC_SAMPLE
SC_021_R09.png,SC,SC_021,9,SCATTER,SCATTER,SCATTER,CONFORMING_AUTO_UNAUDITED,AUTO_MATCH_PENDING_QC_SAMPLE
SC_021_R10.png,SC,SC_021,10,SCATTER,SCATTER,SCATTER,CONFORMING_AUTO_UNAUDITED,AUTO_MATCH_PENDING_QC_SAMPLE
SC_022_R01.png,SC,SC_022,1,SCATTER,SCATTER,SCATTER,CONFORMING_AUTO_UNAUDITED,AUTO_MATCH_PENDING_QC_SAMPLE
SC_022_R02.png,SC,SC_022,2,SCATTER,SCATTER,SCATTER,CONFORMING_AUTO_UNAUDITED,AUTO_MATCH_PENDING_QC_SAMPLE
SC_022_R03.png,SC,SC_022,3,SCATTER,SCATTER,SCATTER,CONFORMING_AUTO_UNAUDITED,AUTO_MATCH_PENDING_QC_SAMPLE
SC_022_R04.png,SC,SC_022,4,SCATTER,SCATTER,SCATTER,CONFORMING_AUTO_UNAUDITED,AUTO_MATCH_PENDING_QC_SAMPLE
SC_022_R05.png,SC,SC_022,5,SCATTER,SCATTER,SCATTER,CONFORMING_AUTO_UNAUDITED,AUTO_MATCH_PENDING_QC_SAMPLE
SC_022_R06.png,SC,SC_022,6,SCATTER,SCATTER,SCATTER,CONFORMING_AUTO_UNAUDITED,AUTO_MATCH_PENDING_QC_SAMPLE
SC_022_R07.png,SC,SC_022,7,SCATTER,SCATTER,SCATTER,CONFORMING_AUTO_UNAUDITED,AUTO_MATCH_PENDING_QC_SAMPLE
SC_022_R08.png,SC,SC_022,8,SCATTER,SCATTER,SCATTER,CONFORMING_AUTO_UNAUDITED,AUTO_MATCH_PENDING_QC_SAMPLE
SC_022_R09.png,SC,SC_022,9,SCATTER,SCATTER,SCATTER,CONFORMING_AUTO_UNAUDITED,AUTO_MATCH_PENDING_QC_SAMPLE
SC_022_R10.png,SC,SC_022,10,SCATTER,SCATTER,SCATTER,CONFORMING_AUTO_UNAUDITED,AUTO_MATCH_PENDING_QC_SAMPLE
SC_023_R01.png,SC,SC_023,1,SCATTER,SCATTER,SCATTER,CONFORMING_AUTO_UNAUDITED,AUTO_MATCH_PENDING_QC_SAMPLE
SC_023_R02.png,SC,SC_023,2,SCATTER,SCATTER,SCATTER,CONFORMING_AUTO_UNAUDITED,AUTO_MATCH_PENDING_QC_SAMPLE
SC_023_R03.png,SC,SC_023,3,SCATTER,SCATTER,SCATTER,CONFORMING_AUTO_UNAUDITED,AUTO_MATCH_PENDING_QC_SAMPLE
SC_023_R04.png,SC,SC_023,4,SCATTER,SCATTER,SCATTER,CONFORMING_AUTO_UNAUDITED,AUTO_MATCH_PENDING_QC_SAMPLE
SC_023_R05.png,SC,SC_023,5,SCATTER,SCATTER,SCATTER,CONFORMING_AUTO_UNAUDITED,AUTO_MATCH_PENDING_QC_SAMPLE
SC_023_R06.png,SC,SC_023,6,SCATTER,SCATTER,SCATTER,CONFORMING_AUTO_UNAUDITED,AUTO_MATCH_PENDING_QC_SAMPLE
SC_023_R07.png,SC,SC_023,7,SCATTER,SCATTER,SCATTER,CONFORMING_AUTO_UNAUDITED,AUTO_MATCH_PENDING_QC_SAMPLE
SC_023_R08.png,SC,SC_023,8,SCATTER,SCATTER,SCATTER,CONFORMING_AUTO_UNAUDITED,AUTO_MATCH_PENDING_QC_SAMPLE
SC_023_R09.png,SC,SC_023,9,SCATTER,SCATTER,SCATTER,CONFORMING_AUTO_UNAUDITED,AUTO_MATCH_PENDING_QC_SAMPLE
SC_023_R10.png,SC,SC_023,10,SCATTER,SCATTER,SCATTER,CONFORMING_AUTO_UNAUDITED,AUTO_MATCH_PENDING_QC_SAMPLE
SC_024_R01.png,SC,SC_024,1,SCATTER,SCATTER,,UNEVALUABLE_SPEC_CONFLICT,SPEC_CONFLICT
SC_024_R02.png,SC,SC_024,2,SCATTER,SCATTER,,UNEVALUABLE_SPEC_CONFLICT,SPEC_CONFLICT
SC_024_R03.png,SC,SC_024,3,SCATTER,SCATTER,,UNEVALUABLE_SPEC_CONFLICT,SPEC_CONFLICT
SC_024_R04.png,SC,SC_024,4,SCATTER,SCATTER,,UNEVALUABLE_SPEC_CONFLICT,SPEC_CONFLICT
SC_024_R05.png,SC,SC_024,5,SCATTER,SCATTER,,UNEVALUABLE_SPEC_CONFLICT,SPEC_CONFLICT
SC_024_R06.png,SC,SC_024,6,SCATTER,SCATTER,,UNEVALUABLE_SPEC_CONFLICT,SPEC_CONFLICT
SC_024_R07.png,SC,SC_024,7,SCATTER,SCATTER,,UNEVALUABLE_SPEC_CONFLICT,SPEC_CONFLICT
SC_024_R08.png,SC,SC_024,8,SCATTER,SCATTER,,UNEVALUABLE_SPEC_CONFLICT,SPEC_CONFLICT
SC_024_R09.png,SC,SC_024,9,SCATTER,SCATTER,,UNEVALUABLE_SPEC_CONFLICT,SPEC_CONFLICT
SC_024_R10.png,SC,SC_024,10,SCATTER,SCATTER,,UNEVALUABLE_SPEC_CONFLICT,SPEC_CONFLICT
SC_025_R01.png,SC,SC_025,1,SCATTER,SCATTER,SCATTER,CONFORMING_AUTO_UNAUDITED,AUTO_MATCH_PENDING_QC_SAMPLE
SC_025_R02.png,SC,SC_025,2,SCATTER,SCATTER,SCATTER,CONFORMING_AUTO_UNAUDITED,AUTO_MATCH_PENDING_QC_SAMPLE
SC_025_R03.png,SC,SC_025,3,SCATTER,SCATTER,SCATTER,CONFORMING_AUTO_UNAUDITED,AUTO_MATCH_PENDING_QC_SAMPLE
SC_025_R04.png,SC,SC_025,4,SCATTER,SCATTER,SCATTER,CONFORMING_AUTO_UNAUDITED,AUTO_MATCH_PENDING_QC_SAMPLE
SC_025_R05.png,SC,SC_025,5,SCATTER,SCATTER,SCATTER,CONFORMING_AUTO_UNAUDITED,AUTO_MATCH_PENDING_QC_SAMPLE
SC_025_R06.png,SC,SC_025,6,SCATTER,SCATTER,SCATTER,CONFORMING_AUTO_UNAUDITED,AUTO_MATCH_PENDING_QC_SAMPLE
SC_025_R07.png,SC,SC_025,7,SCATTER,SCATTER,SCATTER,CONFORMING_AUTO_UNAUDITED,AUTO_MATCH_PENDING_QC_SAMPLE
SC_025_R08.png,SC,SC_025,8,SCATTER,SCATTER,SCATTER,CONFORMING_AUTO_UNAUDITED,AUTO_MATCH_PENDING_QC_SAMPLE
SC_025_R09.png,SC,SC_025,9,SCATTER,SCATTER,SCATTER,CONFORMING_AUTO_UNAUDITED,AUTO_MATCH_PENDING_QC_SAMPLE
SC_025_R10.png,SC,SC_025,10,SCATTER,SCATTER,SCATTER,CONFORMING_AUTO_UNAUDITED,AUTO_MATCH_PENDING_QC_SAMPLE
SC_026_R01.png,SC,SC_026,1,SCATTER,SCATTER,SCATTER,CONFORMING_AUTO_UNAUDITED,AUTO_MATCH_PENDING_QC_SAMPLE
SC_026_R02.png,SC,SC_026,2,SCATTER,SCATTER,SCATTER,CONFORMING_AUTO_UNAUDITED,AUTO_MATCH_PENDING_QC_SAMPLE
SC_026_R03.png,SC,SC_026,3,SCATTER,SCATTER,SCATTER,CONFORMING_AUTO_UNAUDITED,AUTO_MATCH_PENDING_QC_SAMPLE
SC_026_R04.png,SC,SC_026,4,SCATTER,SCATTER,SCATTER,CONFORMING_AUTO_UNAUDITED,AUTO_MATCH_PENDING_QC_SAMPLE
SC_026_R05.png,SC,SC_026,5,SCATTER,SCATTER,SCATTER,CONFORMING_AUTO_UNAUDITED,AUTO_MATCH_PENDING_QC_SAMPLE
SC_026_R06.png,SC,SC_026,6,SCATTER,SCATTER,SCATTER,CONFORMING_AUTO_UNAUDITED,AUTO_MATCH_PENDING_QC_SAMPLE
SC_026_R07.png,SC,SC_026,7,SCATTER,SCATTER,SCATTER,CONFORMING_AUTO_UNAUDITED,AUTO_MATCH_PENDING_QC_SAMPLE
SC_026_R08.png,SC,SC_026,8,SCATTER,SCATTER,SCATTER,CONFORMING_AUTO_UNAUDITED,AUTO_MATCH_PENDING_QC_SAMPLE
SC_026_R09.png,SC,SC_026,9,SCATTER,SCATTER,SCATTER,CONFORMING_AUTO_UNAUDITED,AUTO_MATCH_PENDING_QC_SAMPLE
SC_026_R10.png,SC,SC_026,10,SCATTER,SCATTER,SCATTER,CONFORMING_AUTO_UNAUDITED,AUTO_MATCH_PENDING_QC_SAMPLE
SC_027_R01.png,SC,SC_027,1,SCATTER,SCATTER,SCATTER,CONFORMING_AUTO_UNAUDITED,AUTO_MATCH_PENDING_QC_SAMPLE
SC_027_R02.png,SC,SC_027,2,SCATTER,SCATTER,SCATTER,CONFORMING_AUTO_UNAUDITED,AUTO_MATCH_PENDING_QC_SAMPLE
SC_027_R03.png,SC,SC_027,3,SCATTER,SCATTER,SCATTER,CONFORMING_AUTO_UNAUDITED,AUTO_MATCH_PENDING_QC_SAMPLE
SC_027_R04.png,SC,SC_027,4,SCATTER,SCATTER,SCATTER,CONFORMING_AUTO_UNAUDITED,AUTO_MATCH_PENDING_QC_SAMPLE
SC_027_R05.png,SC,SC_027,5,SCATTER,SCATTER,SCATTER,CONFORMING_AUTO_UNAUDITED,AUTO_MATCH_PENDING_QC_SAMPLE
SC_027_R06.png,SC,SC_027,6,SCATTER,SCATTER,SCATTER,CONFORMING_AUTO_UNAUDITED,AUTO_MATCH_PENDING_QC_SAMPLE
SC_027_R07.png,SC,SC_027,7,SCATTER,SCATTER,SCATTER,CONFORMING_AUTO_UNAUDITED,AUTO_MATCH_PENDING_QC_SAMPLE
SC_027_R08.png,SC,SC_027,8,SCATTER,SCATTER,SCATTER,CONFORMING_AUTO_UNAUDITED,AUTO_MATCH_PENDING_QC_SAMPLE
SC_027_R09.png,SC,SC_027,9,SCATTER,SCATTER,SCATTER,CONFORMING_AUTO_UNAUDITED,AUTO_MATCH_PENDING_QC_SAMPLE
SC_027_R10.png,SC,SC_027,10,SCATTER,SCATTER,SCATTER,CONFORMING_AUTO_UNAUDITED,AUTO_MATCH_PENDING_QC_SAMPLE
SC_028_R01.png,SC,SC_028,1,SCATTER,SCATTER,SCATTER,CONFORMING_AUTO_UNAUDITED,AUTO_MATCH_PENDING_QC_SAMPLE
SC_028_R02.png,SC,SC_028,2,SCATTER,SCATTER,SCATTER,CONFORMING_AUTO_UNAUDITED,AUTO_MATCH_PENDING_QC_SAMPLE
SC_028_R03.png,SC,SC_028,3,SCATTER,SCATTER,SCATTER,CONFORMING_AUTO_UNAUDITED,AUTO_MATCH_PENDING_QC_SAMPLE
SC_028_R04.png,SC,SC_028,4,SCATTER,SCATTER,SCATTER,CONFORMING_AUTO_UNAUDITED,AUTO_MATCH_PENDING_QC_SAMPLE
SC_028_R05.png,SC,SC_028,5,SCATTER,SCATTER,SCATTER,CONFORMING_AUTO_UNAUDITED,AUTO_MATCH_PENDING_QC_SAMPLE
SC_028_R06.png,SC,SC_028,6,SCATTER,SCATTER,SCATTER,CONFORMING_AUTO_UNAUDITED,AUTO_MATCH_PENDING_QC_SAMPLE
SC_028_R07.png,SC,SC_028,7,SCATTER,SCATTER,SCATTER,CONFORMING_AUTO_UNAUDITED,AUTO_MATCH_PENDING_QC_SAMPLE
SC_028_R08.png,SC,SC_028,8,SCATTER,SCATTER,SCATTER,CONFORMING_AUTO_UNAUDITED,AUTO_MATCH_PENDING_QC_SAMPLE
SC_028_R09.png,SC,SC_028,9,SCATTER,SCATTER,SCATTER,CONFORMING_AUTO_UNAUDITED,AUTO_MATCH_PENDING_QC_SAMPLE
SC_028_R10.png,SC,SC_028,10,SCATTER,SCATTER,SCATTER,CONFORMING_AUTO_UNAUDITED,AUTO_MATCH_PENDING_QC_SAMPLE
SC_029_R01.png,SC,SC_029,1,SCATTER,SCATTER,SCATTER,CONFORMING_AUTO_UNAUDITED,AUTO_MATCH_PENDING_QC_SAMPLE
SC_029_R02.png,SC,SC_029,2,SCATTER,SCATTER,SCATTER,CONFORMING_AUTO_UNAUDITED,AUTO_MATCH_PENDING_QC_SAMPLE
SC_029_R03.png,SC,SC_029,3,SCATTER,SCATTER,SCATTER,CONFORMING_AUTO_UNAUDITED,AUTO_MATCH_PENDING_QC_SAMPLE
SC_029_R04.png,SC,SC_029,4,SCATTER,SCATTER,SCATTER,CONFORMING_AUTO_UNAUDITED,AUTO_MATCH_PENDING_QC_SAMPLE
SC_029_R05.png,SC,SC_029,5,SCATTER,SCATTER,SCATTER,CONFORMING_AUTO_UNAUDITED,AUTO_MATCH_PENDING_QC_SAMPLE
SC_029_R06.png,SC,SC_029,6,SCATTER,SCATTER,SCATTER,CONFORMING_AUTO_UNAUDITED,AUTO_MATCH_PENDING_QC_SAMPLE
SC_029_R07.png,SC,SC_029,7,SCATTER,SCATTER,SCATTER,CONFORMING_AUTO_UNAUDITED,AUTO_MATCH_PENDING_QC_SAMPLE
SC_029_R08.png,SC,SC_029,8,SCATTER,SCATTER,SCATTER,CONFORMING_AUTO_UNAUDITED,AUTO_MATCH_PENDING_QC_SAMPLE
SC_029_R09.png,SC,SC_029,9,SCATTER,SCATTER,SCATTER,CONFORMING_AUTO_UNAUDITED,AUTO_MATCH_PENDING_QC_SAMPLE
SC_029_R10.png,SC,SC_029,10,SCATTER,SCATTER,SCATTER,CONFORMING_AUTO_UNAUDITED,AUTO_MATCH_PENDING_QC_SAMPLE
SC_030_R01.png,SC,SC_030,1,SCATTER,SCATTER,SCATTER,CONFORMING_AUTO_UNAUDITED,AUTO_MATCH_PENDING_QC_SAMPLE
SC_030_R02.png,SC,SC_030,2,SCATTER,SCATTER,SCATTER,CONFORMING_AUTO_UNAUDITED,AUTO_MATCH_PENDING_QC_SAMPLE
SC_030_R03.png,SC,SC_030,3,SCATTER,SCATTER,SCATTER,CONFORMING_AUTO_UNAUDITED,AUTO_MATCH_PENDING_QC_SAMPLE
SC_030_R04.png,SC,SC_030,4,SCATTER,SCATTER,SCATTER,CONFORMING_AUTO_UNAUDITED,AUTO_MATCH_PENDING_QC_SAMPLE
SC_030_R05.png,SC,SC_030,5,SCATTER,SCATTER,SCATTER,CONFORMING_AUTO_UNAUDITED,AUTO_MATCH_PENDING_QC_SAMPLE
SC_030_R06.png,SC,SC_030,6,SCATTER,SCATTER,SCATTER,CONFORMING_AUTO_UNAUDITED,AUTO_MATCH_PENDING_QC_SAMPLE
SC_030_R07.png,SC,SC_030,7,SCATTER,SCATTER,SCATTER,CONFORMING_AUTO_UNAUDITED,AUTO_MATCH_PENDING_QC_SAMPLE
SC_030_R08.png,SC,SC_030,8,SCATTER,SCATTER,SCATTER,CONFORMING_AUTO_UNAUDITED,AUTO_MATCH_PENDING_QC_SAMPLE
SC_030_R09.png,SC,SC_030,9,SCATTER,SCATTER,SCATTER,CONFORMING_AUTO_UNAUDITED,AUTO_MATCH_PENDING_QC_SAMPLE
SC_030_R10.png,SC,SC_030,10,SCATTER,SCATTER,SCATTER,CONFORMING_AUTO_UNAUDITED,AUTO_MATCH_PENDING_QC_SAMPLE
SC_031_R01.png,SC,SC_031,1,SCATTER,SCATTER,SCATTER,CONFORMING_AUTO_UNAUDITED,AUTO_MATCH_PENDING_QC_SAMPLE
SC_031_R02.png,SC,SC_031,2,SCATTER,SCATTER,SCATTER,CONFORMING_AUTO_UNAUDITED,AUTO_MATCH_PENDING_QC_SAMPLE
SC_031_R03.png,SC,SC_031,3,SCATTER,SCATTER,SCATTER,CONFORMING_AUTO_UNAUDITED,AUTO_MATCH_PENDING_QC_SAMPLE
SC_031_R04.png,SC,SC_031,4,SCATTER,SCATTER,SCATTER,CONFORMING_AUTO_UNAUDITED,AUTO_MATCH_PENDING_QC_SAMPLE
SC_031_R05.png,SC,SC_031,5,SCATTER,SCATTER,SCATTER,CONFORMING_AUTO_UNAUDITED,AUTO_MATCH_PENDING_QC_SAMPLE
SC_031_R06.png,SC,SC_031,6,SCATTER,SCATTER,SCATTER,CONFORMING_AUTO_UNAUDITED,AUTO_MATCH_PENDING_QC_SAMPLE
SC_031_R07.png,SC,SC_031,7,SCATTER,SCATTER,SCATTER,CONFORMING_AUTO_UNAUDITED,AUTO_MATCH_PENDING_QC_SAMPLE
SC_031_R08.png,SC,SC_031,8,SCATTER,SCATTER,SCATTER,CONFORMING_AUTO_UNAUDITED,AUTO_MATCH_PENDING_QC_SAMPLE
SC_031_R09.png,SC,SC_031,9,SCATTER,SCATTER,SCATTER,CONFORMING_AUTO_UNAUDITED,AUTO_MATCH_PENDING_QC_SAMPLE
SC_031_R10.png,SC,SC_031,10,SCATTER,SCATTER,SCATTER,CONFORMING_AUTO_UNAUDITED,AUTO_MATCH_PENDING_QC_SAMPLE
SC_032_R01.png,SC,SC_032,1,SCATTER,SCATTER,SCATTER,CONFORMING_AUTO_UNAUDITED,AUTO_MATCH_PENDING_QC_SAMPLE
SC_032_R02.png,SC,SC_032,2,SCATTER,SCATTER,SCATTER,CONFORMING_AUTO_UNAUDITED,AUTO_MATCH_PENDING_QC_SAMPLE
SC_032_R03.png,SC,SC_032,3,SCATTER,SCATTER,SCATTER,CONFORMING_AUTO_UNAUDITED,AUTO_MATCH_PENDING_QC_SAMPLE
SC_032_R04.png,SC,SC_032,4,SCATTER,SCATTER,SCATTER,CONFORMING_AUTO_UNAUDITED,AUTO_MATCH_PENDING_QC_SAMPLE
SC_032_R05.png,SC,SC_032,5,SCATTER,SCATTER,SCATTER,CONFORMING_AUTO_UNAUDITED,AUTO_MATCH_PENDING_QC_SAMPLE
SC_032_R06.png,SC,SC_032,6,SCATTER,SCATTER,SCATTER,CONFORMING_AUTO_UNAUDITED,AUTO_MATCH_PENDING_QC_SAMPLE
SC_032_R07.png,SC,SC_032,7,SCATTER,SCATTER,SCATTER,CONFORMING_AUTO_UNAUDITED,AUTO_MATCH_PENDING_QC_SAMPLE
SC_032_R08.png,SC,SC_032,8,SCATTER,SCATTER,SCATTER,CONFORMING_AUTO_UNAUDITED,AUTO_MATCH_PENDING_QC_SAMPLE
SC_032_R09.png,SC,SC_032,9,SCATTER,SCATTER,SCATTER,CONFORMING_AUTO_UNAUDITED,AUTO_MATCH_PENDING_QC_SAMPLE
SC_032_R10.png,SC,SC_032,10,SCATTER,SCATTER,SCATTER,CONFORMING_AUTO_UNAUDITED,AUTO_MATCH_PENDING_QC_SAMPLE
SC_033_R01.png,SC,SC_033,1,SCATTER,SCATTER,SCATTER,CONFORMING_AUTO_UNAUDITED,AUTO_MATCH_PENDING_QC_SAMPLE
SC_033_R02.png,SC,SC_033,2,SCATTER,SCATTER,SCATTER,CONFORMING_AUTO_UNAUDITED,AUTO_MATCH_PENDING_QC_SAMPLE
SC_033_R03.png,SC,SC_033,3,SCATTER,SCATTER,SCATTER,CONFORMING_AUTO_UNAUDITED,AUTO_MATCH_PENDING_QC_SAMPLE
SC_033_R04.png,SC,SC_033,4,SCATTER,SCATTER,SCATTER,CONFORMING_AUTO_UNAUDITED,AUTO_MATCH_PENDING_QC_SAMPLE
SC_033_R05.png,SC,SC_033,5,SCATTER,SCATTER,SCATTER,CONFORMING_AUTO_UNAUDITED,AUTO_MATCH_PENDING_QC_SAMPLE
SC_033_R06.png,SC,SC_033,6,SCATTER,SCATTER,SCATTER,CONFORMING_AUTO_UNAUDITED,AUTO_MATCH_PENDING_QC_SAMPLE
SC_033_R07.png,SC,SC_033,7,SCATTER,SCATTER,SCATTER,CONFORMING_AUTO_UNAUDITED,AUTO_MATCH_PENDING_QC_SAMPLE
SC_033_R08.png,SC,SC_033,8,SCATTER,SCATTER,SCATTER,CONFORMING_AUTO_UNAUDITED,AUTO_MATCH_PENDING_QC_SAMPLE
SC_033_R09.png,SC,SC_033,9,SCATTER,SCATTER,SCATTER,CONFORMING_AUTO_UNAUDITED,AUTO_MATCH_PENDING_QC_SAMPLE
SC_033_R10.png,SC,SC_033,10,SCATTER,SCATTER,SCATTER,CONFORMING_AUTO_UNAUDITED,AUTO_MATCH_PENDING_QC_SAMPLE
SC_034_R01.png,SC,SC_034,1,SCATTER,SCATTER,SCATTER,CONFORMING_AUTO_UNAUDITED,AUTO_MATCH_PENDING_QC_SAMPLE
SC_034_R02.png,SC,SC_034,2,SCATTER,SCATTER,SCATTER,CONFORMING_AUTO_UNAUDITED,AUTO_MATCH_PENDING_QC_SAMPLE
SC_034_R03.png,SC,SC_034,3,SCATTER,SCATTER,SCATTER,CONFORMING_AUTO_UNAUDITED,AUTO_MATCH_PENDING_QC_SAMPLE
SC_034_R04.png,SC,SC_034,4,SCATTER,SCATTER,SCATTER,CONFORMING_AUTO_UNAUDITED,AUTO_MATCH_PENDING_QC_SAMPLE
SC_034_R05.png,SC,SC_034,5,SCATTER,SCATTER,SCATTER,CONFORMING_AUTO_UNAUDITED,AUTO_MATCH_PENDING_QC_SAMPLE
SC_034_R06.png,SC,SC_034,6,SCATTER,SCATTER,SCATTER,CONFORMING_AUTO_UNAUDITED,AUTO_MATCH_PENDING_QC_SAMPLE
SC_034_R07.png,SC,SC_034,7,SCATTER,SCATTER,SCATTER,CONFORMING_AUTO_UNAUDITED,AUTO_MATCH_PENDING_QC_SAMPLE
SC_034_R08.png,SC,SC_034,8,SCATTER,SCATTER,SCATTER,CONFORMING_AUTO_UNAUDITED,AUTO_MATCH_PENDING_QC_SAMPLE
SC_034_R09.png,SC,SC_034,9,SCATTER,SCATTER,SCATTER,CONFORMING_AUTO_UNAUDITED,AUTO_MATCH_PENDING_QC_SAMPLE
SC_034_R10.png,SC,SC_034,10,SCATTER,SCATTER,SCATTER,CONFORMING_AUTO_UNAUDITED,AUTO_MATCH_PENDING_QC_SAMPLE
SC_035_R01.png,SC,SC_035,1,SCATTER,SCATTER,SCATTER,CONFORMING_AUTO_UNAUDITED,AUTO_MATCH_PENDING_QC_SAMPLE
SC_035_R02.png,SC,SC_035,2,SCATTER,SCATTER,SCATTER,CONFORMING_AUTO_UNAUDITED,AUTO_MATCH_PENDING_QC_SAMPLE
SC_035_R03.png,SC,SC_035,3,SCATTER,SCATTER,SCATTER,CONFORMING_AUTO_UNAUDITED,AUTO_MATCH_PENDING_QC_SAMPLE
SC_035_R04.png,SC,SC_035,4,SCATTER,SCATTER,SCATTER,CONFORMING_AUTO_UNAUDITED,AUTO_MATCH_PENDING_QC_SAMPLE
SC_035_R05.png,SC,SC_035,5,SCATTER,SCATTER,SCATTER,CONFORMING_AUTO_UNAUDITED,AUTO_MATCH_PENDING_QC_SAMPLE
SC_035_R06.png,SC,SC_035,6,SCATTER,SCATTER,SCATTER,CONFORMING_AUTO_UNAUDITED,AUTO_MATCH_PENDING_QC_SAMPLE
SC_035_R07.png,SC,SC_035,7,SCATTER,SCATTER,SCATTER,CONFORMING_AUTO_UNAUDITED,AUTO_MATCH_PENDING_QC_SAMPLE
SC_035_R08.png,SC,SC_035,8,SCATTER,SCATTER,SCATTER,CONFORMING_AUTO_UNAUDITED,AUTO_MATCH_PENDING_QC_SAMPLE
SC_035_R09.png,SC,SC_035,9,SCATTER,SCATTER,SCATTER,CONFORMING_AUTO_UNAUDITED,AUTO_MATCH_PENDING_QC_SAMPLE
SC_035_R10.png,SC,SC_035,10,SCATTER,SCATTER,SCATTER,CONFORMING_AUTO_UNAUDITED,AUTO_MATCH_PENDING_QC_SAMPLE
SC_036_R01.png,SC,SC_036,1,SCATTER,SCATTER,SCATTER,CONFORMING_AUTO_UNAUDITED,AUTO_MATCH_PENDING_QC_SAMPLE
SC_036_R02.png,SC,SC_036,2,SCATTER,SCATTER,SCATTER,CONFORMING_AUTO_UNAUDITED,AUTO_MATCH_PENDING_QC_SAMPLE
SC_036_R03.png,SC,SC_036,3,SCATTER,SCATTER,SCATTER,CONFORMING_AUTO_UNAUDITED,AUTO_MATCH_PENDING_QC_SAMPLE
SC_036_R04.png,SC,SC_036,4,SCATTER,SCATTER,SCATTER,CONFORMING_AUTO_UNAUDITED,AUTO_MATCH_PENDING_QC_SAMPLE
SC_036_R05.png,SC,SC_036,5,SCATTER,SCATTER,SCATTER,CONFORMING_AUTO_UNAUDITED,AUTO_MATCH_PENDING_QC_SAMPLE
SC_036_R06.png,SC,SC_036,6,SCATTER,SCATTER,SCATTER,CONFORMING_AUTO_UNAUDITED,AUTO_MATCH_PENDING_QC_SAMPLE
SC_036_R07.png,SC,SC_036,7,SCATTER,SCATTER,SCATTER,CONFORMING_AUTO_UNAUDITED,AUTO_MATCH_PENDING_QC_SAMPLE
SC_036_R08.png,SC,SC_036,8,SCATTER,SCATTER,SCATTER,CONFORMING_AUTO_UNAUDITED,AUTO_MATCH_PENDING_QC_SAMPLE
SC_036_R09.png,SC,SC_036,9,SCATTER,SCATTER,SCATTER,CONFORMING_AUTO_UNAUDITED,AUTO_MATCH_PENDING_QC_SAMPLE
SC_036_R10.png,SC,SC_036,10,SCATTER,SCATTER,SCATTER,CONFORMING_AUTO_UNAUDITED,AUTO_MATCH_PENDING_QC_SAMPLE
SC_037_R01.png,SC,SC_037,1,SCATTER,SCATTER,,UNEVALUABLE_SPEC_CONFLICT,SPEC_CONFLICT
SC_037_R02.png,SC,SC_037,2,SCATTER,SCATTER,,UNEVALUABLE_SPEC_CONFLICT,SPEC_CONFLICT
SC_037_R03.png,SC,SC_037,3,SCATTER,SCATTER,,UNEVALUABLE_SPEC_CONFLICT,SPEC_CONFLICT
SC_037_R04.png,SC,SC_037,4,SCATTER,SCATTER,,UNEVALUABLE_SPEC_CONFLICT,SPEC_CONFLICT
SC_037_R05.png,SC,SC_037,5,SCATTER,SCATTER,,UNEVALUABLE_SPEC_CONFLICT,SPEC_CONFLICT
SC_037_R06.png,SC,SC_037,6,SCATTER,SCATTER,,UNEVALUABLE_SPEC_CONFLICT,SPEC_CONFLICT
SC_037_R07.png,SC,SC_037,7,SCATTER,SCATTER,,UNEVALUABLE_SPEC_CONFLICT,SPEC_CONFLICT
SC_037_R08.png,SC,SC_037,8,SCATTER,SCATTER,,UNEVALUABLE_SPEC_CONFLICT,SPEC_CONFLICT
SC_037_R09.png,SC,SC_037,9,SCATTER,SCATTER,,UNEVALUABLE_SPEC_CONFLICT,SPEC_CONFLICT
SC_037_R10.png,SC,SC_037,10,SCATTER,SCATTER,,UNEVALUABLE_SPEC_CONFLICT,SPEC_CONFLICT
SC_038_R01.png,SC,SC_038,1,SCATTER,SCATTER,SCATTER,CONFORMING_AUTO_UNAUDITED,AUTO_MATCH_PENDING_QC_SAMPLE
SC_038_R02.png,SC,SC_038,2,SCATTER,SCATTER,SCATTER,CONFORMING_AUTO_UNAUDITED,AUTO_MATCH_PENDING_QC_SAMPLE
SC_038_R03.png,SC,SC_038,3,SCATTER,SCATTER,SCATTER,CONFORMING_AUTO_UNAUDITED,AUTO_MATCH_PENDING_QC_SAMPLE
SC_038_R04.png,SC,SC_038,4,SCATTER,SCATTER,SCATTER,CONFORMING_AUTO_UNAUDITED,AUTO_MATCH_PENDING_QC_SAMPLE
SC_038_R05.png,SC,SC_038,5,SCATTER,SCATTER,SCATTER,CONFORMING_AUTO_UNAUDITED,AUTO_MATCH_PENDING_QC_SAMPLE
SC_038_R06.png,SC,SC_038,6,SCATTER,SCATTER,SCATTER,CONFORMING_AUTO_UNAUDITED,AUTO_MATCH_PENDING_QC_SAMPLE
SC_038_R07.png,SC,SC_038,7,SCATTER,SCATTER,SCATTER,CONFORMING_AUTO_UNAUDITED,AUTO_MATCH_PENDING_QC_SAMPLE
SC_038_R08.png,SC,SC_038,8,SCATTER,SCATTER,SCATTER,CONFORMING_AUTO_UNAUDITED,AUTO_MATCH_PENDING_QC_SAMPLE
SC_038_R09.png,SC,SC_038,9,SCATTER,SCATTER,SCATTER,CONFORMING_AUTO_UNAUDITED,AUTO_MATCH_PENDING_QC_SAMPLE
SC_038_R10.png,SC,SC_038,10,SCATTER,SCATTER,SCATTER,CONFORMING_AUTO_UNAUDITED,AUTO_MATCH_PENDING_QC_SAMPLE
SC_039_R01.png,SC,SC_039,1,SCATTER,SCATTER,SCATTER,CONFORMING_AUTO_UNAUDITED,AUTO_MATCH_PENDING_QC_SAMPLE
SC_039_R02.png,SC,SC_039,2,SCATTER,SCATTER,SCATTER,CONFORMING_AUTO_UNAUDITED,AUTO_MATCH_PENDING_QC_SAMPLE
SC_039_R03.png,SC,SC_039,3,SCATTER,SCATTER,SCATTER,CONFORMING_AUTO_UNAUDITED,AUTO_MATCH_PENDING_QC_SAMPLE
SC_039_R04.png,SC,SC_039,4,SCATTER,SCATTER,SCATTER,CONFORMING_AUTO_UNAUDITED,AUTO_MATCH_PENDING_QC_SAMPLE
SC_039_R05.png,SC,SC_039,5,SCATTER,SCATTER,SCATTER,CONFORMING_AUTO_UNAUDITED,AUTO_MATCH_PENDING_QC_SAMPLE
SC_039_R06.png,SC,SC_039,6,SCATTER,SCATTER,SCATTER,CONFORMING_AUTO_UNAUDITED,AUTO_MATCH_PENDING_QC_SAMPLE
SC_039_R07.png,SC,SC_039,7,SCATTER,SCATTER,SCATTER,CONFORMING_AUTO_UNAUDITED,AUTO_MATCH_PENDING_QC_SAMPLE
SC_039_R08.png,SC,SC_039,8,SCATTER,SCATTER,SCATTER,CONFORMING_AUTO_UNAUDITED,AUTO_MATCH_PENDING_QC_SAMPLE
SC_039_R09.png,SC,SC_039,9,SCATTER,SCATTER,SCATTER,CONFORMING_AUTO_UNAUDITED,AUTO_MATCH_PENDING_QC_SAMPLE
SC_039_R10.png,SC,SC_039,10,SCATTER,SCATTER,SCATTER,CONFORMING_AUTO_UNAUDITED,AUTO_MATCH_PENDING_QC_SAMPLE
SC_040_R01.png,SC,SC_040,1,SCATTER,SCATTER,SCATTER,CONFORMING_AUTO_UNAUDITED,AUTO_MATCH_PENDING_QC_SAMPLE
SC_040_R02.png,SC,SC_040,2,SCATTER,SCATTER,SCATTER,CONFORMING_AUTO_UNAUDITED,AUTO_MATCH_PENDING_QC_SAMPLE
SC_040_R03.png,SC,SC_040,3,SCATTER,SCATTER,SCATTER,CONFORMING_AUTO_UNAUDITED,AUTO_MATCH_PENDING_QC_SAMPLE
SC_040_R04.png,SC,SC_040,4,SCATTER,SCATTER,SCATTER,CONFORMING_AUTO_UNAUDITED,AUTO_MATCH_PENDING_QC_SAMPLE
SC_040_R05.png,SC,SC_040,5,SCATTER,SCATTER,SCATTER,CONFORMING_AUTO_UNAUDITED,AUTO_MATCH_PENDING_QC_SAMPLE
SC_040_R06.png,SC,SC_040,6,SCATTER,SCATTER,SCATTER,CONFORMING_AUTO_UNAUDITED,AUTO_MATCH_PENDING_QC_SAMPLE
SC_040_R07.png,SC,SC_040,7,SCATTER,SCATTER,SCATTER,CONFORMING_AUTO_UNAUDITED,AUTO_MATCH_PENDING_QC_SAMPLE
SC_040_R08.png,SC,SC_040,8,SCATTER,SCATTER,SCATTER,CONFORMING_AUTO_UNAUDITED,AUTO_MATCH_PENDING_QC_SAMPLE
SC_040_R09.png,SC,SC_040,9,SCATTER,SCATTER,SCATTER,CONFORMING_AUTO_UNAUDITED,AUTO_MATCH_PENDING_QC_SAMPLE
SC_040_R10.png,SC,SC_040,10,SCATTER,SCATTER,SCATTER,CONFORMING_AUTO_UNAUDITED,AUTO_MATCH_PENDING_QC_SAMPLE
SC_041_R01.png,SC,SC_041,1,SCATTER,SCATTER,SCATTER,CONFORMING_AUTO_UNAUDITED,AUTO_MATCH_PENDING_QC_SAMPLE
SC_041_R02.png,SC,SC_041,2,SCATTER,SCATTER,SCATTER,CONFORMING_AUTO_UNAUDITED,AUTO_MATCH_PENDING_QC_SAMPLE
SC_041_R03.png,SC,SC_041,3,SCATTER,SCATTER,SCATTER,CONFORMING_AUTO_UNAUDITED,AUTO_MATCH_PENDING_QC_SAMPLE
SC_041_R04.png,SC,SC_041,4,SCATTER,SCATTER,SCATTER,CONFORMING_AUTO_UNAUDITED,AUTO_MATCH_PENDING_QC_SAMPLE
SC_041_R05.png,SC,SC_041,5,SCATTER,SCATTER,SCATTER,CONFORMING_AUTO_UNAUDITED,AUTO_MATCH_PENDING_QC_SAMPLE
SC_041_R06.png,SC,SC_041,6,SCATTER,SCATTER,SCATTER,CONFORMING_AUTO_UNAUDITED,AUTO_MATCH_PENDING_QC_SAMPLE
SC_041_R07.png,SC,SC_041,7,SCATTER,SCATTER,SCATTER,CONFORMING_AUTO_UNAUDITED,AUTO_MATCH_PENDING_QC_SAMPLE
SC_041_R08.png,SC,SC_041,8,SCATTER,SCATTER,SCATTER,CONFORMING_AUTO_UNAUDITED,AUTO_MATCH_PENDING_QC_SAMPLE
SC_041_R09.png,SC,SC_041,9,SCATTER,SCATTER,SCATTER,CONFORMING_AUTO_UNAUDITED,AUTO_MATCH_PENDING_QC_SAMPLE
SC_041_R10.png,SC,SC_041,10,SCATTER,SCATTER,SCATTER,CONFORMING_AUTO_UNAUDITED,AUTO_MATCH_PENDING_QC_SAMPLE
SC_042_R01.png,SC,SC_042,1,SCATTER,SCATTER,SCATTER,CONFORMING_AUTO_UNAUDITED,AUTO_MATCH_PENDING_QC_SAMPLE
SC_042_R02.png,SC,SC_042,2,SCATTER,SCATTER,SCATTER,CONFORMING_AUTO_UNAUDITED,AUTO_MATCH_PENDING_QC_SAMPLE
SC_042_R03.png,SC,SC_042,3,SCATTER,SCATTER,SCATTER,CONFORMING_AUTO_UNAUDITED,AUTO_MATCH_PENDING_QC_SAMPLE
SC_042_R04.png,SC,SC_042,4,SCATTER,SCATTER,SCATTER,CONFORMING_AUTO_UNAUDITED,AUTO_MATCH_PENDING_QC_SAMPLE
SC_042_R05.png,SC,SC_042,5,SCATTER,SCATTER,SCATTER,CONFORMING_AUTO_UNAUDITED,AUTO_MATCH_PENDING_QC_SAMPLE
SC_042_R06.png,SC,SC_042,6,SCATTER,SCATTER,SCATTER,CONFORMING_AUTO_UNAUDITED,AUTO_MATCH_PENDING_QC_SAMPLE
SC_042_R07.png,SC,SC_042,7,SCATTER,SCATTER,SCATTER,CONFORMING_AUTO_UNAUDITED,AUTO_MATCH_PENDING_QC_SAMPLE
SC_042_R08.png,SC,SC_042,8,SCATTER,SCATTER,SCATTER,CONFORMING_AUTO_UNAUDITED,AUTO_MATCH_PENDING_QC_SAMPLE
SC_042_R09.png,SC,SC_042,9,SCATTER,SCATTER,SCATTER,CONFORMING_AUTO_UNAUDITED,AUTO_MATCH_PENDING_QC_SAMPLE
SC_042_R10.png,SC,SC_042,10,SCATTER,SCATTER,SCATTER,CONFORMING_AUTO_UNAUDITED,AUTO_MATCH_PENDING_QC_SAMPLE
SC_043_R01.png,SC,SC_043,1,SCATTER,SCATTER,SCATTER,CONFORMING_AUTO_UNAUDITED,AUTO_MATCH_PENDING_QC_SAMPLE
SC_043_R02.png,SC,SC_043,2,SCATTER,SCATTER,SCATTER,CONFORMING_AUTO_UNAUDITED,AUTO_MATCH_PENDING_QC_SAMPLE
SC_043_R03.png,SC,SC_043,3,SCATTER,SCATTER,SCATTER,CONFORMING_AUTO_UNAUDITED,AUTO_MATCH_PENDING_QC_SAMPLE
SC_043_R04.png,SC,SC_043,4,SCATTER,SCATTER,SCATTER,CONFORMING_AUTO_UNAUDITED,AUTO_MATCH_PENDING_QC_SAMPLE
SC_043_R05.png,SC,SC_043,5,SCATTER,SCATTER,SCATTER,CONFORMING_AUTO_UNAUDITED,AUTO_MATCH_PENDING_QC_SAMPLE
SC_043_R06.png,SC,SC_043,6,SCATTER,SCATTER,SCATTER,CONFORMING_AUTO_UNAUDITED,AUTO_MATCH_PENDING_QC_SAMPLE
SC_043_R07.png,SC,SC_043,7,SCATTER,SCATTER,SCATTER,CONFORMING_AUTO_UNAUDITED,AUTO_MATCH_PENDING_QC_SAMPLE
SC_043_R08.png,SC,SC_043,8,SCATTER,SCATTER,SCATTER,CONFORMING_AUTO_UNAUDITED,AUTO_MATCH_PENDING_QC_SAMPLE
SC_043_R09.png,SC,SC_043,9,SCATTER,SCATTER,SCATTER,CONFORMING_AUTO_UNAUDITED,AUTO_MATCH_PENDING_QC_SAMPLE
SC_043_R10.png,SC,SC_043,10,SCATTER,SCATTER,SCATTER,CONFORMING_AUTO_UNAUDITED,AUTO_MATCH_PENDING_QC_SAMPLE
SC_044_R01.png,SC,SC_044,1,SCATTER,SCATTER,SCATTER,CONFORMING_AUTO_UNAUDITED,AUTO_MATCH_PENDING_QC_SAMPLE
SC_044_R02.png,SC,SC_044,2,SCATTER,SCATTER,SCATTER,CONFORMING_AUTO_UNAUDITED,AUTO_MATCH_PENDING_QC_SAMPLE
SC_044_R03.png,SC,SC_044,3,SCATTER,SCATTER,SCATTER,CONFORMING_AUTO_UNAUDITED,AUTO_MATCH_PENDING_QC_SAMPLE
SC_044_R04.png,SC,SC_044,4,SCATTER,SCATTER,SCATTER,CONFORMING_AUTO_UNAUDITED,AUTO_MATCH_PENDING_QC_SAMPLE
SC_044_R05.png,SC,SC_044,5,SCATTER,SCATTER,SCATTER,CONFORMING_AUTO_UNAUDITED,AUTO_MATCH_PENDING_QC_SAMPLE
SC_044_R06.png,SC,SC_044,6,SCATTER,SCATTER,SCATTER,CONFORMING_AUTO_UNAUDITED,AUTO_MATCH_PENDING_QC_SAMPLE
SC_044_R07.png,SC,SC_044,7,SCATTER,SCATTER,SCATTER,CONFORMING_AUTO_UNAUDITED,AUTO_MATCH_PENDING_QC_SAMPLE
SC_044_R08.png,SC,SC_044,8,SCATTER,SCATTER,SCATTER,CONFORMING_AUTO_UNAUDITED,AUTO_MATCH_PENDING_QC_SAMPLE
SC_044_R09.png,SC,SC_044,9,SCATTER,SCATTER,SCATTER,CONFORMING_AUTO_UNAUDITED,AUTO_MATCH_PENDING_QC_SAMPLE
SC_044_R10.png,SC,SC_044,10,SCATTER,SCATTER,SCATTER,CONFORMING_AUTO_UNAUDITED,AUTO_MATCH_PENDING_QC_SAMPLE
SC_045_R01.png,SC,SC_045,1,SCATTER,SCATTER,SCATTER,CONFORMING_AUTO_UNAUDITED,AUTO_MATCH_PENDING_QC_SAMPLE
SC_045_R02.png,SC,SC_045,2,SCATTER,SCATTER,SCATTER,CONFORMING_AUTO_UNAUDITED,AUTO_MATCH_PENDING_QC_SAMPLE
SC_045_R03.png,SC,SC_045,3,SCATTER,SCATTER,SCATTER,CONFORMING_AUTO_UNAUDITED,AUTO_MATCH_PENDING_QC_SAMPLE
SC_045_R04.png,SC,SC_045,4,SCATTER,SCATTER,SCATTER,CONFORMING_AUTO_UNAUDITED,AUTO_MATCH_PENDING_QC_SAMPLE
SC_045_R05.png,SC,SC_045,5,SCATTER,SCATTER,SCATTER,CONFORMING_AUTO_UNAUDITED,AUTO_MATCH_PENDING_QC_SAMPLE
SC_045_R06.png,SC,SC_045,6,SCATTER,SCATTER,SCATTER,CONFORMING_AUTO_UNAUDITED,AUTO_MATCH_PENDING_QC_SAMPLE
SC_045_R07.png,SC,SC_045,7,SCATTER,SCATTER,SCATTER,CONFORMING_AUTO_UNAUDITED,AUTO_MATCH_PENDING_QC_SAMPLE
SC_045_R08.png,SC,SC_045,8,SCATTER,SCATTER,SCATTER,CONFORMING_AUTO_UNAUDITED,AUTO_MATCH_PENDING_QC_SAMPLE
SC_045_R09.png,SC,SC_045,9,SCATTER,SCATTER,SCATTER,CONFORMING_AUTO_UNAUDITED,AUTO_MATCH_PENDING_QC_SAMPLE
SC_045_R10.png,SC,SC_045,10,SCATTER,SCATTER,SCATTER,CONFORMING_AUTO_UNAUDITED,AUTO_MATCH_PENDING_QC_SAMPLE
SC_046_R01.png,SC,SC_046,1,SCATTER,SCATTER,SCATTER,CONFORMING_AUTO_UNAUDITED,AUTO_MATCH_PENDING_QC_SAMPLE
SC_046_R02.png,SC,SC_046,2,SCATTER,SCATTER,SCATTER,CONFORMING_AUTO_UNAUDITED,AUTO_MATCH_PENDING_QC_SAMPLE
SC_046_R03.png,SC,SC_046,3,SCATTER,SCATTER,SCATTER,CONFORMING_AUTO_UNAUDITED,AUTO_MATCH_PENDING_QC_SAMPLE
SC_046_R04.png,SC,SC_046,4,SCATTER,SCATTER,SCATTER,CONFORMING_AUTO_UNAUDITED,AUTO_MATCH_PENDING_QC_SAMPLE
SC_046_R05.png,SC,SC_046,5,SCATTER,SCATTER,SCATTER,CONFORMING_AUTO_UNAUDITED,AUTO_MATCH_PENDING_QC_SAMPLE
SC_046_R06.png,SC,SC_046,6,SCATTER,SCATTER,SCATTER,CONFORMING_AUTO_UNAUDITED,AUTO_MATCH_PENDING_QC_SAMPLE
SC_046_R07.png,SC,SC_046,7,SCATTER,SCATTER,SCATTER,CONFORMING_AUTO_UNAUDITED,AUTO_MATCH_PENDING_QC_SAMPLE
SC_046_R08.png,SC,SC_046,8,SCATTER,SCATTER,SCATTER,CONFORMING_AUTO_UNAUDITED,AUTO_MATCH_PENDING_QC_SAMPLE
SC_046_R09.png,SC,SC_046,9,SCATTER,SCATTER,SCATTER,CONFORMING_AUTO_UNAUDITED,AUTO_MATCH_PENDING_QC_SAMPLE
SC_046_R10.png,SC,SC_046,10,SCATTER,SCATTER,SCATTER,CONFORMING_AUTO_UNAUDITED,AUTO_MATCH_PENDING_QC_SAMPLE
SC_047_R01.png,SC,SC_047,1,SCATTER,SCATTER,SCATTER,CONFORMING_AUTO_UNAUDITED,AUTO_MATCH_PENDING_QC_SAMPLE
SC_047_R02.png,SC,SC_047,2,SCATTER,SCATTER,SCATTER,CONFORMING_AUTO_UNAUDITED,AUTO_MATCH_PENDING_QC_SAMPLE
SC_047_R03.png,SC,SC_047,3,SCATTER,SCATTER,SCATTER,CONFORMING_AUTO_UNAUDITED,AUTO_MATCH_PENDING_QC_SAMPLE
SC_047_R04.png,SC,SC_047,4,SCATTER,SCATTER,SCATTER,CONFORMING_AUTO_UNAUDITED,AUTO_MATCH_PENDING_QC_SAMPLE
SC_047_R05.png,SC,SC_047,5,SCATTER,SCATTER,SCATTER,CONFORMING_AUTO_UNAUDITED,AUTO_MATCH_PENDING_QC_SAMPLE
SC_047_R06.png,SC,SC_047,6,SCATTER,SCATTER,SCATTER,CONFORMING_AUTO_UNAUDITED,AUTO_MATCH_PENDING_QC_SAMPLE
SC_047_R07.png,SC,SC_047,7,SCATTER,SCATTER,SCATTER,CONFORMING_AUTO_UNAUDITED,AUTO_MATCH_PENDING_QC_SAMPLE
SC_047_R08.png,SC,SC_047,8,SCATTER,SCATTER,SCATTER,CONFORMING_AUTO_UNAUDITED,AUTO_MATCH_PENDING_QC_SAMPLE
SC_047_R09.png,SC,SC_047,9,SCATTER,SCATTER,SCATTER,CONFORMING_AUTO_UNAUDITED,AUTO_MATCH_PENDING_QC_SAMPLE
SC_047_R10.png,SC,SC_047,10,SCATTER,SCATTER,SCATTER,CONFORMING_AUTO_UNAUDITED,AUTO_MATCH_PENDING_QC_SAMPLE
SC_048_R01.png,SC,SC_048,1,SCATTER,SCATTER,SCATTER,CONFORMING_AUTO_UNAUDITED,AUTO_MATCH_PENDING_QC_SAMPLE
SC_048_R02.png,SC,SC_048,2,SCATTER,SCATTER,SCATTER,CONFORMING_AUTO_UNAUDITED,AUTO_MATCH_PENDING_QC_SAMPLE
SC_048_R03.png,SC,SC_048,3,SCATTER,SCATTER,SCATTER,CONFORMING_AUTO_UNAUDITED,AUTO_MATCH_PENDING_QC_SAMPLE
SC_048_R04.png,SC,SC_048,4,SCATTER,SCATTER,SCATTER,CONFORMING_AUTO_UNAUDITED,AUTO_MATCH_PENDING_QC_SAMPLE
SC_048_R05.png,SC,SC_048,5,SCATTER,SCATTER,SCATTER,CONFORMING_AUTO_UNAUDITED,AUTO_MATCH_PENDING_QC_SAMPLE
SC_048_R06.png,SC,SC_048,6,SCATTER,SCATTER,SCATTER,CONFORMING_AUTO_UNAUDITED,AUTO_MATCH_PENDING_QC_SAMPLE
SC_048_R07.png,SC,SC_048,7,SCATTER,SCATTER,SCATTER,CONFORMING_AUTO_UNAUDITED,AUTO_MATCH_PENDING_QC_SAMPLE
SC_048_R08.png,SC,SC_048,8,SCATTER,SCATTER,SCATTER,CONFORMING_AUTO_UNAUDITED,AUTO_MATCH_PENDING_QC_SAMPLE
SC_048_R09.png,SC,SC_048,9,SCATTER,SCATTER,SCATTER,CONFORMING_AUTO_UNAUDITED,AUTO_MATCH_PENDING_QC_SAMPLE
SC_048_R10.png,SC,SC_048,10,SCATTER,SCATTER,SCATTER,CONFORMING_AUTO_UNAUDITED,AUTO_MATCH_PENDING_QC_SAMPLE
SC_049_R01.png,SC,SC_049,1,SCATTER,SCATTER,SCATTER,CONFORMING_AUTO_UNAUDITED,AUTO_MATCH_PENDING_QC_SAMPLE
SC_049_R02.png,SC,SC_049,2,SCATTER,SCATTER,SCATTER,CONFORMING_AUTO_UNAUDITED,AUTO_MATCH_PENDING_QC_SAMPLE
SC_049_R03.png,SC,SC_049,3,SCATTER,SCATTER,SCATTER,CONFORMING_AUTO_UNAUDITED,AUTO_MATCH_PENDING_QC_SAMPLE
SC_049_R04.png,SC,SC_049,4,SCATTER,SCATTER,SCATTER,CONFORMING_AUTO_UNAUDITED,AUTO_MATCH_PENDING_QC_SAMPLE
SC_049_R05.png,SC,SC_049,5,SCATTER,SCATTER,SCATTER,CONFORMING_AUTO_UNAUDITED,AUTO_MATCH_PENDING_QC_SAMPLE
SC_049_R06.png,SC,SC_049,6,SCATTER,SCATTER,SCATTER,CONFORMING_AUTO_UNAUDITED,AUTO_MATCH_PENDING_QC_SAMPLE
SC_049_R07.png,SC,SC_049,7,SCATTER,SCATTER,SCATTER,CONFORMING_AUTO_UNAUDITED,AUTO_MATCH_PENDING_QC_SAMPLE
SC_049_R08.png,SC,SC_049,8,SCATTER,SCATTER,SCATTER,CONFORMING_AUTO_UNAUDITED,AUTO_MATCH_PENDING_QC_SAMPLE
SC_049_R09.png,SC,SC_049,9,SCATTER,SCATTER,SCATTER,CONFORMING_AUTO_UNAUDITED,AUTO_MATCH_PENDING_QC_SAMPLE
SC_049_R10.png,SC,SC_049,10,SCATTER,SCATTER,SCATTER,CONFORMING_AUTO_UNAUDITED,AUTO_MATCH_PENDING_QC_SAMPLE
SC_050_R01.png,SC,SC_050,1,SCATTER,SCATTER,SCATTER,CONFORMING_AUTO_UNAUDITED,AUTO_MATCH_PENDING_QC_SAMPLE
SC_050_R02.png,SC,SC_050,2,SCATTER,SCATTER,SCATTER,CONFORMING_AUTO_UNAUDITED,AUTO_MATCH_PENDING_QC_SAMPLE
SC_050_R03.png,SC,SC_050,3,SCATTER,SCATTER,SCATTER,CONFORMING_AUTO_UNAUDITED,AUTO_MATCH_PENDING_QC_SAMPLE
SC_050_R04.png,SC,SC_050,4,SCATTER,SCATTER,SCATTER,CONFORMING_AUTO_UNAUDITED,AUTO_MATCH_PENDING_QC_SAMPLE
SC_050_R05.png,SC,SC_050,5,SCATTER,SCATTER,SCATTER,CONFORMING_AUTO_UNAUDITED,AUTO_MATCH_PENDING_QC_SAMPLE
SC_050_R06.png,SC,SC_050,6,SCATTER,SCATTER,SCATTER,CONFORMING_AUTO_UNAUDITED,AUTO_MATCH_PENDING_QC_SAMPLE
SC_050_R07.png,SC,SC_050,7,SCATTER,SCATTER,SCATTER,CONFORMING_AUTO_UNAUDITED,AUTO_MATCH_PENDING_QC_SAMPLE
SC_050_R08.png,SC,SC_050,8,SCATTER,SCATTER,SCATTER,CONFORMING_AUTO_UNAUDITED,AUTO_MATCH_PENDING_QC_SAMPLE
SC_050_R09.png,SC,SC_050,9,SCATTER,SCATTER,SCATTER,CONFORMING_AUTO_UNAUDITED,AUTO_MATCH_PENDING_QC_SAMPLE
SC_050_R10.png,SC,SC_050,10,SCATTER,SCATTER,SCATTER,CONFORMING_AUTO_UNAUDITED,AUTO_MATCH_PENDING_QC_SAMPLE
SC_051_R01.png,SC,SC_051,1,SCATTER,SCATTER,SCATTER,CONFORMING_AUTO_UNAUDITED,AUTO_MATCH_PENDING_QC_SAMPLE
SC_051_R02.png,SC,SC_051,2,SCATTER,SCATTER,SCATTER,CONFORMING_AUTO_UNAUDITED,AUTO_MATCH_PENDING_QC_SAMPLE
SC_051_R03.png,SC,SC_051,3,SCATTER,SCATTER,SCATTER,CONFORMING_AUTO_UNAUDITED,AUTO_MATCH_PENDING_QC_SAMPLE
SC_051_R04.png,SC,SC_051,4,SCATTER,SCATTER,SCATTER,CONFORMING_AUTO_UNAUDITED,AUTO_MATCH_PENDING_QC_SAMPLE
SC_051_R05.png,SC,SC_051,5,SCATTER,SCATTER,SCATTER,CONFORMING_AUTO_UNAUDITED,AUTO_MATCH_PENDING_QC_SAMPLE
SC_051_R06.png,SC,SC_051,6,SCATTER,SCATTER,SCATTER,CONFORMING_AUTO_UNAUDITED,AUTO_MATCH_PENDING_QC_SAMPLE
SC_051_R07.png,SC,SC_051,7,SCATTER,SCATTER,SCATTER,CONFORMING_AUTO_UNAUDITED,AUTO_MATCH_PENDING_QC_SAMPLE
SC_051_R08.png,SC,SC_051,8,SCATTER,SCATTER,SCATTER,CONFORMING_AUTO_UNAUDITED,AUTO_MATCH_PENDING_QC_SAMPLE
SC_051_R09.png,SC,SC_051,9,SCATTER,SCATTER,SCATTER,CONFORMING_AUTO_UNAUDITED,AUTO_MATCH_PENDING_QC_SAMPLE
SC_051_R10.png,SC,SC_051,10,SCATTER,SCATTER,SCATTER,CONFORMING_AUTO_UNAUDITED,AUTO_MATCH_PENDING_QC_SAMPLE
SC_052_R01.png,SC,SC_052,1,SCATTER,SCATTER,SCATTER,CONFORMING_AUTO_UNAUDITED,AUTO_MATCH_PENDING_QC_SAMPLE
SC_052_R02.png,SC,SC_052,2,SCATTER,SCATTER,SCATTER,CONFORMING_AUTO_UNAUDITED,AUTO_MATCH_PENDING_QC_SAMPLE
SC_052_R03.png,SC,SC_052,3,SCATTER,SCATTER,SCATTER,CONFORMING_AUTO_UNAUDITED,AUTO_MATCH_PENDING_QC_SAMPLE
SC_052_R04.png,SC,SC_052,4,SCATTER,SCATTER,SCATTER,CONFORMING_AUTO_UNAUDITED,AUTO_MATCH_PENDING_QC_SAMPLE
SC_052_R05.png,SC,SC_052,5,SCATTER,SCATTER,SCATTER,CONFORMING_AUTO_UNAUDITED,AUTO_MATCH_PENDING_QC_SAMPLE
SC_052_R06.png,SC,SC_052,6,SCATTER,SCATTER,SCATTER,CONFORMING_AUTO_UNAUDITED,AUTO_MATCH_PENDING_QC_SAMPLE
SC_052_R07.png,SC,SC_052,7,SCATTER,SCATTER,SCATTER,CONFORMING_AUTO_UNAUDITED,AUTO_MATCH_PENDING_QC_SAMPLE
SC_052_R08.png,SC,SC_052,8,SCATTER,SCATTER,SCATTER,CONFORMING_AUTO_UNAUDITED,AUTO_MATCH_PENDING_QC_SAMPLE
SC_052_R09.png,SC,SC_052,9,SCATTER,SCATTER,SCATTER,CONFORMING_AUTO_UNAUDITED,AUTO_MATCH_PENDING_QC_SAMPLE
SC_052_R10.png,SC,SC_052,10,SCATTER,SCATTER,SCATTER,CONFORMING_AUTO_UNAUDITED,AUTO_MATCH_PENDING_QC_SAMPLE
SI_001_R01.png,SI,SI_001,1,SCATTER,SCATTER,SCATTER,CONFORMING_AUTO_UNAUDITED,AUTO_MATCH_PENDING_QC_SAMPLE
SI_001_R02.png,SI,SI_001,2,SCATTER,SCATTER,SCATTER,CONFORMING_AUTO_UNAUDITED,AUTO_MATCH_PENDING_QC_SAMPLE
SI_001_R03.png,SI,SI_001,3,SCATTER,SCATTER,SCATTER,CONFORMING_AUTO_UNAUDITED,AUTO_MATCH_PENDING_QC_SAMPLE
SI_001_R04.png,SI,SI_001,4,SCATTER,SCATTER,SCATTER,CONFORMING_AUTO_UNAUDITED,AUTO_MATCH_PENDING_QC_SAMPLE
SI_001_R05.png,SI,SI_001,5,SCATTER,SCATTER,SCATTER,CONFORMING_AUTO_UNAUDITED,AUTO_MATCH_PENDING_QC_SAMPLE
SI_001_R06.png,SI,SI_001,6,SCATTER,SCATTER,SCATTER,CONFORMING_AUTO_UNAUDITED,AUTO_MATCH_PENDING_QC_SAMPLE
SI_001_R07.png,SI,SI_001,7,SCATTER,SCATTER,SCATTER,CONFORMING_AUTO_UNAUDITED,AUTO_MATCH_PENDING_QC_SAMPLE
SI_001_R08.png,SI,SI_001,8,SCATTER,SCATTER,SCATTER,CONFORMING_AUTO_UNAUDITED,AUTO_MATCH_PENDING_QC_SAMPLE
SI_001_R09.png,SI,SI_001,9,SCATTER,SCATTER,SCATTER,CONFORMING_AUTO_UNAUDITED,AUTO_MATCH_PENDING_QC_SAMPLE
SI_001_R10.png,SI,SI_001,10,SCATTER,SCATTER,SCATTER,CONFORMING_AUTO_UNAUDITED,AUTO_MATCH_PENDING_QC_SAMPLE
SI_002_R01.png,SI,SI_002,1,SCATTER,SCATTER,SCATTER,CONFORMING_AUTO_UNAUDITED,AUTO_MATCH_PENDING_QC_SAMPLE
SI_002_R02.png,SI,SI_002,2,SCATTER,SCATTER,SCATTER,CONFORMING_AUTO_UNAUDITED,AUTO_MATCH_PENDING_QC_SAMPLE
SI_002_R03.png,SI,SI_002,3,SCATTER,SCATTER,SCATTER,CONFORMING_AUTO_UNAUDITED,AUTO_MATCH_PENDING_QC_SAMPLE
SI_002_R04.png,SI,SI_002,4,SCATTER,SCATTER,SCATTER,CONFORMING_AUTO_UNAUDITED,AUTO_MATCH_PENDING_QC_SAMPLE
SI_002_R05.png,SI,SI_002,5,SCATTER,SCATTER,SCATTER,CONFORMING_AUTO_UNAUDITED,AUTO_MATCH_PENDING_QC_SAMPLE
SI_002_R06.png,SI,SI_002,6,SCATTER,SCATTER,SCATTER,CONFORMING_AUTO_UNAUDITED,AUTO_MATCH_PENDING_QC_SAMPLE
SI_002_R07.png,SI,SI_002,7,SCATTER,SCATTER,SCATTER,CONFORMING_AUTO_UNAUDITED,AUTO_MATCH_PENDING_QC_SAMPLE
SI_002_R08.png,SI,SI_002,8,SCATTER,SCATTER,SCATTER,CONFORMING_AUTO_UNAUDITED,AUTO_MATCH_PENDING_QC_SAMPLE
SI_002_R09.png,SI,SI_002,9,SCATTER,SCATTER,SCATTER,CONFORMING_AUTO_UNAUDITED,AUTO_MATCH_PENDING_QC_SAMPLE
SI_002_R10.png,SI,SI_002,10,SCATTER,SCATTER,SCATTER,CONFORMING_AUTO_UNAUDITED,AUTO_MATCH_PENDING_QC_SAMPLE
SI_003_R01.png,SI,SI_003,1,SCATTER,SCATTER,SCATTER,CONFORMING_AUTO_UNAUDITED,AUTO_MATCH_PENDING_QC_SAMPLE
SI_003_R02.png,SI,SI_003,2,SCATTER,SCATTER,SCATTER,CONFORMING_AUTO_UNAUDITED,AUTO_MATCH_PENDING_QC_SAMPLE
SI_003_R03.png,SI,SI_003,3,SCATTER,SCATTER,SCATTER,CONFORMING_AUTO_UNAUDITED,AUTO_MATCH_PENDING_QC_SAMPLE
SI_003_R04.png,SI,SI_003,4,SCATTER,SCATTER,SCATTER,CONFORMING_AUTO_UNAUDITED,AUTO_MATCH_PENDING_QC_SAMPLE
SI_003_R05.png,SI,SI_003,5,SCATTER,SCATTER,SCATTER,CONFORMING_AUTO_UNAUDITED,AUTO_MATCH_PENDING_QC_SAMPLE
SI_003_R06.png,SI,SI_003,6,SCATTER,SCATTER,SCATTER,CONFORMING_AUTO_UNAUDITED,AUTO_MATCH_PENDING_QC_SAMPLE
SI_003_R07.png,SI,SI_003,7,SCATTER,SCATTER,SCATTER,CONFORMING_AUTO_UNAUDITED,AUTO_MATCH_PENDING_QC_SAMPLE
SI_003_R08.png,SI,SI_003,8,SCATTER,SCATTER,SCATTER,CONFORMING_AUTO_UNAUDITED,AUTO_MATCH_PENDING_QC_SAMPLE
SI_003_R09.png,SI,SI_003,9,SCATTER,SCATTER,SCATTER,CONFORMING_AUTO_UNAUDITED,AUTO_MATCH_PENDING_QC_SAMPLE
SI_003_R10.png,SI,SI_003,10,SCATTER,SCATTER,SCATTER,CONFORMING_AUTO_UNAUDITED,AUTO_MATCH_PENDING_QC_SAMPLE
SI_004_R01.png,SI,SI_004,1,SCATTER,SCATTER,SCATTER,CONFORMING_AUTO_UNAUDITED,AUTO_MATCH_PENDING_QC_SAMPLE
SI_004_R02.png,SI,SI_004,2,SCATTER,SCATTER,SCATTER,CONFORMING_AUTO_UNAUDITED,AUTO_MATCH_PENDING_QC_SAMPLE
SI_004_R03.png,SI,SI_004,3,SCATTER,SCATTER,SCATTER,CONFORMING_AUTO_UNAUDITED,AUTO_MATCH_PENDING_QC_SAMPLE
SI_004_R04.png,SI,SI_004,4,SCATTER,SCATTER,SCATTER,CONFORMING_AUTO_UNAUDITED,AUTO_MATCH_PENDING_QC_SAMPLE
SI_004_R05.png,SI,SI_004,5,SCATTER,SCATTER,SCATTER,CONFORMING_AUTO_UNAUDITED,AUTO_MATCH_PENDING_QC_SAMPLE
SI_004_R06.png,SI,SI_004,6,SCATTER,SCATTER,SCATTER,CONFORMING_AUTO_UNAUDITED,AUTO_MATCH_PENDING_QC_SAMPLE
SI_004_R07.png,SI,SI_004,7,SCATTER,SCATTER,SCATTER,CONFORMING_AUTO_UNAUDITED,AUTO_MATCH_PENDING_QC_SAMPLE
SI_004_R08.png,SI,SI_004,8,SCATTER,SCATTER,SCATTER,CONFORMING_AUTO_UNAUDITED,AUTO_MATCH_PENDING_QC_SAMPLE
SI_004_R09.png,SI,SI_004,9,SCATTER,SCATTER,SCATTER,CONFORMING_AUTO_UNAUDITED,AUTO_MATCH_PENDING_QC_SAMPLE
SI_004_R10.png,SI,SI_004,10,SCATTER,SCATTER,SCATTER,CONFORMING_AUTO_UNAUDITED,AUTO_MATCH_PENDING_QC_SAMPLE
SI_005_R01.png,SI,SI_005,1,SCATTER,SCATTER,SCATTER,CONFORMING_AUTO_UNAUDITED,AUTO_MATCH_PENDING_QC_SAMPLE
SI_005_R02.png,SI,SI_005,2,SCATTER,SCATTER,SCATTER,CONFORMING_AUTO_UNAUDITED,AUTO_MATCH_PENDING_QC_SAMPLE
SI_005_R03.png,SI,SI_005,3,SCATTER,SCATTER,SCATTER,CONFORMING_AUTO_UNAUDITED,AUTO_MATCH_PENDING_QC_SAMPLE
SI_005_R04.png,SI,SI_005,4,SCATTER,SCATTER,SCATTER,CONFORMING_AUTO_UNAUDITED,AUTO_MATCH_PENDING_QC_SAMPLE
SI_005_R05.png,SI,SI_005,5,SCATTER,SCATTER,SCATTER,CONFORMING_AUTO_UNAUDITED,AUTO_MATCH_PENDING_QC_SAMPLE
SI_005_R06.png,SI,SI_005,6,SCATTER,SCATTER,SCATTER,CONFORMING_AUTO_UNAUDITED,AUTO_MATCH_PENDING_QC_SAMPLE
SI_005_R07.png,SI,SI_005,7,SCATTER,SCATTER,SCATTER,CONFORMING_AUTO_UNAUDITED,AUTO_MATCH_PENDING_QC_SAMPLE
SI_005_R08.png,SI,SI_005,8,SCATTER,SCATTER,SCATTER,CONFORMING_AUTO_UNAUDITED,AUTO_MATCH_PENDING_QC_SAMPLE
SI_005_R09.png,SI,SI_005,9,SCATTER,SCATTER,SCATTER,CONFORMING_AUTO_UNAUDITED,AUTO_MATCH_PENDING_QC_SAMPLE
SI_005_R10.png,SI,SI_005,10,SCATTER,SCATTER,SCATTER,CONFORMING_AUTO_UNAUDITED,AUTO_MATCH_PENDING_QC_SAMPLE
SI_006_R01.png,SI,SI_006,1,SCATTER,SCATTER,SCATTER,CONFORMING_AUTO_UNAUDITED,AUTO_MATCH_PENDING_QC_SAMPLE
SI_006_R02.png,SI,SI_006,2,SCATTER,SCATTER,SCATTER,CONFORMING_AUTO_UNAUDITED,AUTO_MATCH_PENDING_QC_SAMPLE
SI_006_R03.png,SI,SI_006,3,SCATTER,SCATTER,SCATTER,CONFORMING_AUTO_UNAUDITED,AUTO_MATCH_PENDING_QC_SAMPLE
SI_006_R04.png,SI,SI_006,4,SCATTER,SCATTER,SCATTER,CONFORMING_AUTO_UNAUDITED,AUTO_MATCH_PENDING_QC_SAMPLE
SI_006_R05.png,SI,SI_006,5,SCATTER,SCATTER,SCATTER,CONFORMING_AUTO_UNAUDITED,AUTO_MATCH_PENDING_QC_SAMPLE
SI_006_R06.png,SI,SI_006,6,SCATTER,SCATTER,SCATTER,CONFORMING_AUTO_UNAUDITED,AUTO_MATCH_PENDING_QC_SAMPLE
SI_006_R07.png,SI,SI_006,7,SCATTER,SCATTER,SCATTER,CONFORMING_AUTO_UNAUDITED,AUTO_MATCH_PENDING_QC_SAMPLE
SI_006_R08.png,SI,SI_006,8,SCATTER,SCATTER,SCATTER,CONFORMING_AUTO_UNAUDITED,AUTO_MATCH_PENDING_QC_SAMPLE
SI_006_R09.png,SI,SI_006,9,SCATTER,SCATTER,SCATTER,CONFORMING_AUTO_UNAUDITED,AUTO_MATCH_PENDING_QC_SAMPLE
SI_006_R10.png,SI,SI_006,10,SCATTER,SCATTER,SCATTER,CONFORMING_AUTO_UNAUDITED,AUTO_MATCH_PENDING_QC_SAMPLE
SI_007_R01.png,SI,SI_007,1,SCATTER,SCATTER,SCATTER,CONFORMING_AUTO_UNAUDITED,AUTO_MATCH_PENDING_QC_SAMPLE
SI_007_R02.png,SI,SI_007,2,SCATTER,SCATTER,SCATTER,CONFORMING_AUTO_UNAUDITED,AUTO_MATCH_PENDING_QC_SAMPLE
SI_007_R03.png,SI,SI_007,3,SCATTER,SCATTER,SCATTER,CONFORMING_AUTO_UNAUDITED,AUTO_MATCH_PENDING_QC_SAMPLE
SI_007_R04.png,SI,SI_007,4,SCATTER,SCATTER,SCATTER,CONFORMING_AUTO_UNAUDITED,AUTO_MATCH_PENDING_QC_SAMPLE
SI_007_R05.png,SI,SI_007,5,SCATTER,SCATTER,SCATTER,CONFORMING_AUTO_UNAUDITED,AUTO_MATCH_PENDING_QC_SAMPLE
SI_007_R06.png,SI,SI_007,6,SCATTER,SCATTER,SCATTER,CONFORMING_AUTO_UNAUDITED,AUTO_MATCH_PENDING_QC_SAMPLE
SI_007_R07.png,SI,SI_007,7,SCATTER,SCATTER,SCATTER,CONFORMING_AUTO_UNAUDITED,AUTO_MATCH_PENDING_QC_SAMPLE
SI_007_R08.png,SI,SI_007,8,SCATTER,SCATTER,SCATTER,CONFORMING_AUTO_UNAUDITED,AUTO_MATCH_PENDING_QC_SAMPLE
SI_007_R09.png,SI,SI_007,9,SCATTER,SCATTER,SCATTER,CONFORMING_AUTO_UNAUDITED,AUTO_MATCH_PENDING_QC_SAMPLE
SI_007_R10.png,SI,SI_007,10,SCATTER,SCATTER,SCATTER,CONFORMING_AUTO_UNAUDITED,AUTO_MATCH_PENDING_QC_SAMPLE
SI_008_R01.png,SI,SI_008,1,SCATTER,SCATTER,SCATTER,CONFORMING_AUTO_UNAUDITED,AUTO_MATCH_PENDING_QC_SAMPLE
SI_008_R02.png,SI,SI_008,2,SCATTER,SCATTER,SCATTER,CONFORMING_AUTO_UNAUDITED,AUTO_MATCH_PENDING_QC_SAMPLE
SI_008_R03.png,SI,SI_008,3,SCATTER,SCATTER,SCATTER,CONFORMING_AUTO_UNAUDITED,AUTO_MATCH_PENDING_QC_SAMPLE
SI_008_R04.png,SI,SI_008,4,SCATTER,SCATTER,SCATTER,CONFORMING_AUTO_UNAUDITED,AUTO_MATCH_PENDING_QC_SAMPLE
SI_008_R05.png,SI,SI_008,5,SCATTER,SCATTER,SCATTER,CONFORMING_AUTO_UNAUDITED,AUTO_MATCH_PENDING_QC_SAMPLE
SI_008_R06.png,SI,SI_008,6,SCATTER,SCATTER,SCATTER,CONFORMING_AUTO_UNAUDITED,AUTO_MATCH_PENDING_QC_SAMPLE
SI_008_R07.png,SI,SI_008,7,SCATTER,SCATTER,SCATTER,CONFORMING_AUTO_UNAUDITED,AUTO_MATCH_PENDING_QC_SAMPLE
SI_008_R08.png,SI,SI_008,8,SCATTER,SCATTER,SCATTER,CONFORMING_AUTO_UNAUDITED,AUTO_MATCH_PENDING_QC_SAMPLE
SI_008_R09.png,SI,SI_008,9,SCATTER,SCATTER,SCATTER,CONFORMING_AUTO_UNAUDITED,AUTO_MATCH_PENDING_QC_SAMPLE
SI_008_R10.png,SI,SI_008,10,SCATTER,SCATTER,SCATTER,CONFORMING_AUTO_UNAUDITED,AUTO_MATCH_PENDING_QC_SAMPLE
SI_009_R01.png,SI,SI_009,1,SCATTER,SCATTER,SCATTER,CONFORMING_AUTO_UNAUDITED,AUTO_MATCH_PENDING_QC_SAMPLE
SI_009_R02.png,SI,SI_009,2,SCATTER,SCATTER,SCATTER,CONFORMING_AUTO_UNAUDITED,AUTO_MATCH_PENDING_QC_SAMPLE
SI_009_R03.png,SI,SI_009,3,SCATTER,SCATTER,SCATTER,CONFORMING_AUTO_UNAUDITED,AUTO_MATCH_PENDING_QC_SAMPLE
SI_009_R04.png,SI,SI_009,4,SCATTER,SCATTER,SCATTER,CONFORMING_AUTO_UNAUDITED,AUTO_MATCH_PENDING_QC_SAMPLE
SI_009_R05.png,SI,SI_009,5,SCATTER,SCATTER,SCATTER,CONFORMING_AUTO_UNAUDITED,AUTO_MATCH_PENDING_QC_SAMPLE
SI_009_R06.png,SI,SI_009,6,SCATTER,SCATTER,SCATTER,CONFORMING_AUTO_UNAUDITED,AUTO_MATCH_PENDING_QC_SAMPLE
SI_009_R07.png,SI,SI_009,7,SCATTER,SCATTER,SCATTER,CONFORMING_AUTO_UNAUDITED,AUTO_MATCH_PENDING_QC_SAMPLE
SI_009_R08.png,SI,SI_009,8,SCATTER,SCATTER,SCATTER,CONFORMING_AUTO_UNAUDITED,AUTO_MATCH_PENDING_QC_SAMPLE
SI_009_R09.png,SI,SI_009,9,SCATTER,SCATTER,SCATTER,CONFORMING_AUTO_UNAUDITED,AUTO_MATCH_PENDING_QC_SAMPLE
SI_009_R10.png,SI,SI_009,10,SCATTER,SCATTER,SCATTER,CONFORMING_AUTO_UNAUDITED,AUTO_MATCH_PENDING_QC_SAMPLE
SI_010_R01.png,SI,SI_010,1,SCATTER,SCATTER,SCATTER,CONFORMING_AUTO_UNAUDITED,AUTO_MATCH_PENDING_QC_SAMPLE
SI_010_R02.png,SI,SI_010,2,SCATTER,SCATTER,SCATTER,CONFORMING_AUTO_UNAUDITED,AUTO_MATCH_PENDING_QC_SAMPLE
SI_010_R03.png,SI,SI_010,3,SCATTER,SCATTER,SCATTER,CONFORMING_AUTO_UNAUDITED,AUTO_MATCH_PENDING_QC_SAMPLE
SI_010_R04.png,SI,SI_010,4,SCATTER,SCATTER,SCATTER,CONFORMING_AUTO_UNAUDITED,AUTO_MATCH_PENDING_QC_SAMPLE
SI_010_R05.png,SI,SI_010,5,SCATTER,SCATTER,SCATTER,CONFORMING_AUTO_UNAUDITED,AUTO_MATCH_PENDING_QC_SAMPLE
SI_010_R06.png,SI,SI_010,6,SCATTER,SCATTER,SCATTER,CONFORMING_AUTO_UNAUDITED,AUTO_MATCH_PENDING_QC_SAMPLE
SI_010_R07.png,SI,SI_010,7,SCATTER,SCATTER,SCATTER,CONFORMING_AUTO_UNAUDITED,AUTO_MATCH_PENDING_QC_SAMPLE
SI_010_R08.png,SI,SI_010,8,SCATTER,SCATTER,SCATTER,CONFORMING_AUTO_UNAUDITED,AUTO_MATCH_PENDING_QC_SAMPLE
SI_010_R09.png,SI,SI_010,9,SCATTER,SCATTER,SCATTER,CONFORMING_AUTO_UNAUDITED,AUTO_MATCH_PENDING_QC_SAMPLE
SI_010_R10.png,SI,SI_010,10,SCATTER,SCATTER,SCATTER,CONFORMING_AUTO_UNAUDITED,AUTO_MATCH_PENDING_QC_SAMPLE
SI_011_R01.png,SI,SI_011,1,SCATTER,SCATTER,SCATTER,CONFORMING_AUTO_UNAUDITED,AUTO_MATCH_PENDING_QC_SAMPLE
SI_011_R02.png,SI,SI_011,2,SCATTER,SCATTER,SCATTER,CONFORMING_AUTO_UNAUDITED,AUTO_MATCH_PENDING_QC_SAMPLE
SI_011_R03.png,SI,SI_011,3,SCATTER,SCATTER,SCATTER,CONFORMING_AUTO_UNAUDITED,AUTO_MATCH_PENDING_QC_SAMPLE
SI_011_R04.png,SI,SI_011,4,SCATTER,SCATTER,SCATTER,CONFORMING_AUTO_UNAUDITED,AUTO_MATCH_PENDING_QC_SAMPLE
SI_011_R05.png,SI,SI_011,5,SCATTER,SCATTER,SCATTER,CONFORMING_AUTO_UNAUDITED,AUTO_MATCH_PENDING_QC_SAMPLE
SI_011_R06.png,SI,SI_011,6,SCATTER,SCATTER,SCATTER,CONFORMING_AUTO_UNAUDITED,AUTO_MATCH_PENDING_QC_SAMPLE
SI_011_R07.png,SI,SI_011,7,SCATTER,SCATTER,SCATTER,CONFORMING_AUTO_UNAUDITED,AUTO_MATCH_PENDING_QC_SAMPLE
SI_011_R08.png,SI,SI_011,8,SCATTER,SCATTER,SCATTER,CONFORMING_AUTO_UNAUDITED,AUTO_MATCH_PENDING_QC_SAMPLE
SI_011_R09.png,SI,SI_011,9,SCATTER,SCATTER,SCATTER,CONFORMING_AUTO_UNAUDITED,AUTO_MATCH_PENDING_QC_SAMPLE
SI_011_R10.png,SI,SI_011,10,SCATTER,SCATTER,SCATTER,CONFORMING_AUTO_UNAUDITED,AUTO_MATCH_PENDING_QC_SAMPLE
SI_012_R01.png,SI,SI_012,1,SCATTER,SCATTER,SCATTER,CONFORMING_AUTO_UNAUDITED,AUTO_MATCH_PENDING_QC_SAMPLE
SI_012_R02.png,SI,SI_012,2,SCATTER,SCATTER,SCATTER,CONFORMING_AUTO_UNAUDITED,AUTO_MATCH_PENDING_QC_SAMPLE
SI_012_R03.png,SI,SI_012,3,SCATTER,SCATTER,SCATTER,CONFORMING_AUTO_UNAUDITED,AUTO_MATCH_PENDING_QC_SAMPLE
SI_012_R04.png,SI,SI_012,4,SCATTER,SCATTER,SCATTER,CONFORMING_AUTO_UNAUDITED,AUTO_MATCH_PENDING_QC_SAMPLE
SI_012_R05.png,SI,SI_012,5,SCATTER,SCATTER,SCATTER,CONFORMING_AUTO_UNAUDITED,AUTO_MATCH_PENDING_QC_SAMPLE
SI_012_R06.png,SI,SI_012,6,SCATTER,SCATTER,SCATTER,CONFORMING_AUTO_UNAUDITED,AUTO_MATCH_PENDING_QC_SAMPLE
SI_012_R07.png,SI,SI_012,7,SCATTER,SCATTER,SCATTER,CONFORMING_AUTO_UNAUDITED,AUTO_MATCH_PENDING_QC_SAMPLE
SI_012_R08.png,SI,SI_012,8,SCATTER,SCATTER,SCATTER,CONFORMING_AUTO_UNAUDITED,AUTO_MATCH_PENDING_QC_SAMPLE
SI_012_R09.png,SI,SI_012,9,SCATTER,SCATTER,SCATTER,CONFORMING_AUTO_UNAUDITED,AUTO_MATCH_PENDING_QC_SAMPLE
SI_012_R10.png,SI,SI_012,10,SCATTER,SCATTER,SCATTER,CONFORMING_AUTO_UNAUDITED,AUTO_MATCH_PENDING_QC_SAMPLE
SI_013_R01.png,SI,SI_013,1,SCATTER,SCATTER,SCATTER,CONFORMING_AUTO_UNAUDITED,AUTO_MATCH_PENDING_QC_SAMPLE
SI_013_R02.png,SI,SI_013,2,SCATTER,SCATTER,SCATTER,CONFORMING_AUTO_UNAUDITED,AUTO_MATCH_PENDING_QC_SAMPLE
SI_013_R03.png,SI,SI_013,3,SCATTER,SCATTER,SCATTER,CONFORMING_AUTO_UNAUDITED,AUTO_MATCH_PENDING_QC_SAMPLE
SI_013_R04.png,SI,SI_013,4,SCATTER,SCATTER,SCATTER,CONFORMING_AUTO_UNAUDITED,AUTO_MATCH_PENDING_QC_SAMPLE
SI_013_R05.png,SI,SI_013,5,SCATTER,SCATTER,SCATTER,CONFORMING_AUTO_UNAUDITED,AUTO_MATCH_PENDING_QC_SAMPLE
SI_013_R06.png,SI,SI_013,6,SCATTER,SCATTER,SCATTER,CONFORMING_AUTO_UNAUDITED,AUTO_MATCH_PENDING_QC_SAMPLE
SI_013_R07.png,SI,SI_013,7,SCATTER,SCATTER,SCATTER,CONFORMING_AUTO_UNAUDITED,AUTO_MATCH_PENDING_QC_SAMPLE
SI_013_R08.png,SI,SI_013,8,SCATTER,SCATTER,SCATTER,CONFORMING_AUTO_UNAUDITED,AUTO_MATCH_PENDING_QC_SAMPLE
SI_013_R09.png,SI,SI_013,9,SCATTER,SCATTER,SCATTER,CONFORMING_AUTO_UNAUDITED,AUTO_MATCH_PENDING_QC_SAMPLE
SI_013_R10.png,SI,SI_013,10,SCATTER,SCATTER,SCATTER,CONFORMING_AUTO_UNAUDITED,AUTO_MATCH_PENDING_QC_SAMPLE
SI_014_R01.png,SI,SI_014,1,SCATTER,SCATTER,SCATTER,CONFORMING_AUTO_UNAUDITED,AUTO_MATCH_PENDING_QC_SAMPLE
SI_014_R02.png,SI,SI_014,2,SCATTER,SCATTER,SCATTER,CONFORMING_AUTO_UNAUDITED,AUTO_MATCH_PENDING_QC_SAMPLE
SI_014_R03.png,SI,SI_014,3,SCATTER,SCATTER,SCATTER,CONFORMING_AUTO_UNAUDITED,AUTO_MATCH_PENDING_QC_SAMPLE
SI_014_R04.png,SI,SI_014,4,SCATTER,SCATTER,SCATTER,CONFORMING_AUTO_UNAUDITED,AUTO_MATCH_PENDING_QC_SAMPLE
SI_014_R05.png,SI,SI_014,5,SCATTER,SCATTER,SCATTER,CONFORMING_AUTO_UNAUDITED,AUTO_MATCH_PENDING_QC_SAMPLE
SI_014_R06.png,SI,SI_014,6,SCATTER,SCATTER,SCATTER,CONFORMING_AUTO_UNAUDITED,AUTO_MATCH_PENDING_QC_SAMPLE
SI_014_R07.png,SI,SI_014,7,SCATTER,SCATTER,SCATTER,CONFORMING_AUTO_UNAUDITED,AUTO_MATCH_PENDING_QC_SAMPLE
SI_014_R08.png,SI,SI_014,8,SCATTER,SCATTER,SCATTER,CONFORMING_AUTO_UNAUDITED,AUTO_MATCH_PENDING_QC_SAMPLE
SI_014_R09.png,SI,SI_014,9,SCATTER,SCATTER,SCATTER,CONFORMING_AUTO_UNAUDITED,AUTO_MATCH_PENDING_QC_SAMPLE
SI_014_R10.png,SI,SI_014,10,SCATTER,SCATTER,SCATTER,CONFORMING_AUTO_UNAUDITED,AUTO_MATCH_PENDING_QC_SAMPLE
SI_015_R01.png,SI,SI_015,1,SCATTER,SCATTER,SCATTER,CONFORMING_AUTO_UNAUDITED,AUTO_MATCH_PENDING_QC_SAMPLE
SI_015_R02.png,SI,SI_015,2,SCATTER,SCATTER,SCATTER,CONFORMING_AUTO_UNAUDITED,AUTO_MATCH_PENDING_QC_SAMPLE
SI_015_R03.png,SI,SI_015,3,SCATTER,SCATTER,SCATTER,CONFORMING_AUTO_UNAUDITED,AUTO_MATCH_PENDING_QC_SAMPLE
SI_015_R04.png,SI,SI_015,4,SCATTER,SCATTER,SCATTER,CONFORMING_AUTO_UNAUDITED,AUTO_MATCH_PENDING_QC_SAMPLE
SI_015_R05.png,SI,SI_015,5,SCATTER,SCATTER,SCATTER,CONFORMING_AUTO_UNAUDITED,AUTO_MATCH_PENDING_QC_SAMPLE
SI_015_R06.png,SI,SI_015,6,SCATTER,SCATTER,SCATTER,CONFORMING_AUTO_UNAUDITED,AUTO_MATCH_PENDING_QC_SAMPLE
SI_015_R07.png,SI,SI_015,7,SCATTER,SCATTER,SCATTER,CONFORMING_AUTO_UNAUDITED,AUTO_MATCH_PENDING_QC_SAMPLE
SI_015_R08.png,SI,SI_015,8,SCATTER,SCATTER,SCATTER,CONFORMING_AUTO_UNAUDITED,AUTO_MATCH_PENDING_QC_SAMPLE
SI_015_R09.png,SI,SI_015,9,SCATTER,SCATTER,SCATTER,CONFORMING_AUTO_UNAUDITED,AUTO_MATCH_PENDING_QC_SAMPLE
SI_015_R10.png,SI,SI_015,10,SCATTER,SCATTER,SCATTER,CONFORMING_AUTO_UNAUDITED,AUTO_MATCH_PENDING_QC_SAMPLE
SI_016_R01.png,SI,SI_016,1,SCATTER,SCATTER,SCATTER,CONFORMING_AUTO_UNAUDITED,AUTO_MATCH_PENDING_QC_SAMPLE
SI_016_R02.png,SI,SI_016,2,SCATTER,SCATTER,SCATTER,CONFORMING_AUTO_UNAUDITED,AUTO_MATCH_PENDING_QC_SAMPLE
SI_016_R03.png,SI,SI_016,3,SCATTER,SCATTER,SCATTER,CONFORMING_AUTO_UNAUDITED,AUTO_MATCH_PENDING_QC_SAMPLE
SI_016_R04.png,SI,SI_016,4,SCATTER,SCATTER,SCATTER,CONFORMING_AUTO_UNAUDITED,AUTO_MATCH_PENDING_QC_SAMPLE
SI_016_R05.png,SI,SI_016,5,SCATTER,SCATTER,SCATTER,CONFORMING_AUTO_UNAUDITED,AUTO_MATCH_PENDING_QC_SAMPLE
SI_016_R06.png,SI,SI_016,6,SCATTER,SCATTER,SCATTER,CONFORMING_AUTO_UNAUDITED,AUTO_MATCH_PENDING_QC_SAMPLE
SI_016_R07.png,SI,SI_016,7,SCATTER,SCATTER,SCATTER,CONFORMING_AUTO_UNAUDITED,AUTO_MATCH_PENDING_QC_SAMPLE
SI_016_R08.png,SI,SI_016,8,SCATTER,SCATTER,SCATTER,CONFORMING_AUTO_UNAUDITED,AUTO_MATCH_PENDING_QC_SAMPLE
SI_016_R09.png,SI,SI_016,9,SCATTER,SCATTER,SCATTER,CONFORMING_AUTO_UNAUDITED,AUTO_MATCH_PENDING_QC_SAMPLE
SI_016_R10.png,SI,SI_016,10,SCATTER,SCATTER,SCATTER,CONFORMING_AUTO_UNAUDITED,AUTO_MATCH_PENDING_QC_SAMPLE
SI_017_R01.png,SI,SI_017,1,SCATTER,SCATTER,SCATTER,CONFORMING_AUTO_UNAUDITED,AUTO_MATCH_PENDING_QC_SAMPLE
SI_017_R02.png,SI,SI_017,2,SCATTER,SCATTER,SCATTER,CONFORMING_AUTO_UNAUDITED,AUTO_MATCH_PENDING_QC_SAMPLE
SI_017_R03.png,SI,SI_017,3,SCATTER,SCATTER,SCATTER,CONFORMING_AUTO_UNAUDITED,AUTO_MATCH_PENDING_QC_SAMPLE
SI_017_R04.png,SI,SI_017,4,SCATTER,SCATTER,SCATTER,CONFORMING_AUTO_UNAUDITED,AUTO_MATCH_PENDING_QC_SAMPLE
SI_017_R05.png,SI,SI_017,5,SCATTER,SCATTER,SCATTER,CONFORMING_AUTO_UNAUDITED,AUTO_MATCH_PENDING_QC_SAMPLE
SI_017_R06.png,SI,SI_017,6,SCATTER,SCATTER,SCATTER,CONFORMING_AUTO_UNAUDITED,AUTO_MATCH_PENDING_QC_SAMPLE
SI_017_R07.png,SI,SI_017,7,SCATTER,SCATTER,SCATTER,CONFORMING_AUTO_UNAUDITED,AUTO_MATCH_PENDING_QC_SAMPLE
SI_017_R08.png,SI,SI_017,8,SCATTER,SCATTER,SCATTER,CONFORMING_AUTO_UNAUDITED,AUTO_MATCH_PENDING_QC_SAMPLE
SI_017_R09.png,SI,SI_017,9,SCATTER,SCATTER,SCATTER,CONFORMING_AUTO_UNAUDITED,AUTO_MATCH_PENDING_QC_SAMPLE
SI_017_R10.png,SI,SI_017,10,SCATTER,SCATTER,SCATTER,CONFORMING_AUTO_UNAUDITED,AUTO_MATCH_PENDING_QC_SAMPLE
SI_018_R01.png,SI,SI_018,1,SCATTER,SCATTER,SCATTER,CONFORMING_AUTO_UNAUDITED,AUTO_MATCH_PENDING_QC_SAMPLE
SI_018_R02.png,SI,SI_018,2,SCATTER,SCATTER,SCATTER,CONFORMING_AUTO_UNAUDITED,AUTO_MATCH_PENDING_QC_SAMPLE
SI_018_R03.png,SI,SI_018,3,SCATTER,SCATTER,SCATTER,CONFORMING_AUTO_UNAUDITED,AUTO_MATCH_PENDING_QC_SAMPLE
SI_018_R04.png,SI,SI_018,4,SCATTER,SCATTER,SCATTER,CONFORMING_AUTO_UNAUDITED,AUTO_MATCH_PENDING_QC_SAMPLE
SI_018_R05.png,SI,SI_018,5,SCATTER,SCATTER,SCATTER,CONFORMING_AUTO_UNAUDITED,AUTO_MATCH_PENDING_QC_SAMPLE
SI_018_R06.png,SI,SI_018,6,SCATTER,SCATTER,SCATTER,CONFORMING_AUTO_UNAUDITED,AUTO_MATCH_PENDING_QC_SAMPLE
SI_018_R07.png,SI,SI_018,7,SCATTER,SCATTER,SCATTER,CONFORMING_AUTO_UNAUDITED,AUTO_MATCH_PENDING_QC_SAMPLE
SI_018_R08.png,SI,SI_018,8,SCATTER,SCATTER,SCATTER,CONFORMING_AUTO_UNAUDITED,AUTO_MATCH_PENDING_QC_SAMPLE
SI_018_R09.png,SI,SI_018,9,SCATTER,SCATTER,SCATTER,CONFORMING_AUTO_UNAUDITED,AUTO_MATCH_PENDING_QC_SAMPLE
SI_018_R10.png,SI,SI_018,10,SCATTER,SCATTER,SCATTER,CONFORMING_AUTO_UNAUDITED,AUTO_MATCH_PENDING_QC_SAMPLE
SI_019_R01.png,SI,SI_019,1,SCATTER,SCATTER,SCATTER,CONFORMING_AUTO_UNAUDITED,AUTO_MATCH_PENDING_QC_SAMPLE
SI_019_R02.png,SI,SI_019,2,SCATTER,SCATTER,SCATTER,CONFORMING_AUTO_UNAUDITED,AUTO_MATCH_PENDING_QC_SAMPLE
SI_019_R03.png,SI,SI_019,3,SCATTER,SCATTER,SCATTER,CONFORMING_AUTO_UNAUDITED,AUTO_MATCH_PENDING_QC_SAMPLE
SI_019_R04.png,SI,SI_019,4,SCATTER,SCATTER,SCATTER,CONFORMING_AUTO_UNAUDITED,AUTO_MATCH_PENDING_QC_SAMPLE
SI_019_R05.png,SI,SI_019,5,SCATTER,SCATTER,SCATTER,CONFORMING_AUTO_UNAUDITED,AUTO_MATCH_PENDING_QC_SAMPLE
SI_019_R06.png,SI,SI_019,6,SCATTER,SCATTER,SCATTER,CONFORMING_AUTO_UNAUDITED,AUTO_MATCH_PENDING_QC_SAMPLE
SI_019_R07.png,SI,SI_019,7,SCATTER,SCATTER,SCATTER,CONFORMING_AUTO_UNAUDITED,AUTO_MATCH_PENDING_QC_SAMPLE
SI_019_R08.png,SI,SI_019,8,SCATTER,SCATTER,SCATTER,CONFORMING_AUTO_UNAUDITED,AUTO_MATCH_PENDING_QC_SAMPLE
SI_019_R09.png,SI,SI_019,9,SCATTER,SCATTER,SCATTER,CONFORMING_AUTO_UNAUDITED,AUTO_MATCH_PENDING_QC_SAMPLE
SI_019_R10.png,SI,SI_019,10,SCATTER,SCATTER,SCATTER,CONFORMING_AUTO_UNAUDITED,AUTO_MATCH_PENDING_QC_SAMPLE
SI_020_R01.png,SI,SI_020,1,SCATTER,SCATTER,SCATTER,CONFORMING_AUTO_UNAUDITED,AUTO_MATCH_PENDING_QC_SAMPLE
SI_020_R02.png,SI,SI_020,2,SCATTER,SCATTER,SCATTER,CONFORMING_AUTO_UNAUDITED,AUTO_MATCH_PENDING_QC_SAMPLE
SI_020_R03.png,SI,SI_020,3,SCATTER,SCATTER,SCATTER,CONFORMING_AUTO_UNAUDITED,AUTO_MATCH_PENDING_QC_SAMPLE
SI_020_R04.png,SI,SI_020,4,SCATTER,SCATTER,SCATTER,CONFORMING_AUTO_UNAUDITED,AUTO_MATCH_PENDING_QC_SAMPLE
SI_020_R05.png,SI,SI_020,5,SCATTER,SCATTER,SCATTER,CONFORMING_AUTO_UNAUDITED,AUTO_MATCH_PENDING_QC_SAMPLE
SI_020_R06.png,SI,SI_020,6,SCATTER,SCATTER,SCATTER,CONFORMING_AUTO_UNAUDITED,AUTO_MATCH_PENDING_QC_SAMPLE
SI_020_R07.png,SI,SI_020,7,SCATTER,SCATTER,SCATTER,CONFORMING_AUTO_UNAUDITED,AUTO_MATCH_PENDING_QC_SAMPLE
SI_020_R08.png,SI,SI_020,8,SCATTER,SCATTER,SCATTER,CONFORMING_AUTO_UNAUDITED,AUTO_MATCH_PENDING_QC_SAMPLE
SI_020_R09.png,SI,SI_020,9,SCATTER,SCATTER,SCATTER,CONFORMING_AUTO_UNAUDITED,AUTO_MATCH_PENDING_QC_SAMPLE
SI_020_R10.png,SI,SI_020,10,SCATTER,SCATTER,SCATTER,CONFORMING_AUTO_UNAUDITED,AUTO_MATCH_PENDING_QC_SAMPLE
SI_021_R01.png,SI,SI_021,1,SCATTER,SCATTER,SCATTER,CONFORMING_AUTO_UNAUDITED,AUTO_MATCH_PENDING_QC_SAMPLE
SI_021_R02.png,SI,SI_021,2,SCATTER,SCATTER,SCATTER,CONFORMING_AUTO_UNAUDITED,AUTO_MATCH_PENDING_QC_SAMPLE
SI_021_R03.png,SI,SI_021,3,SCATTER,SCATTER,SCATTER,CONFORMING_AUTO_UNAUDITED,AUTO_MATCH_PENDING_QC_SAMPLE
SI_021_R04.png,SI,SI_021,4,SCATTER,SCATTER,SCATTER,CONFORMING_AUTO_UNAUDITED,AUTO_MATCH_PENDING_QC_SAMPLE
SI_021_R05.png,SI,SI_021,5,SCATTER,SCATTER,SCATTER,CONFORMING_AUTO_UNAUDITED,AUTO_MATCH_PENDING_QC_SAMPLE
SI_021_R06.png,SI,SI_021,6,SCATTER,SCATTER,SCATTER,CONFORMING_AUTO_UNAUDITED,AUTO_MATCH_PENDING_QC_SAMPLE
SI_021_R07.png,SI,SI_021,7,SCATTER,SCATTER,SCATTER,CONFORMING_AUTO_UNAUDITED,AUTO_MATCH_PENDING_QC_SAMPLE
SI_021_R08.png,SI,SI_021,8,SCATTER,SCATTER,SCATTER,CONFORMING_AUTO_UNAUDITED,AUTO_MATCH_PENDING_QC_SAMPLE
SI_021_R09.png,SI,SI_021,9,SCATTER,SCATTER,SCATTER,CONFORMING_AUTO_UNAUDITED,AUTO_MATCH_PENDING_QC_SAMPLE
SI_021_R10.png,SI,SI_021,10,SCATTER,SCATTER,SCATTER,CONFORMING_AUTO_UNAUDITED,AUTO_MATCH_PENDING_QC_SAMPLE
SI_022_R01.png,SI,SI_022,1,SCATTER,SCATTER,SCATTER,CONFORMING_AUTO_UNAUDITED,AUTO_MATCH_PENDING_QC_SAMPLE
SI_022_R02.png,SI,SI_022,2,SCATTER,SCATTER,SCATTER,CONFORMING_AUTO_UNAUDITED,AUTO_MATCH_PENDING_QC_SAMPLE
SI_022_R03.png,SI,SI_022,3,SCATTER,SCATTER,SCATTER,CONFORMING_AUTO_UNAUDITED,AUTO_MATCH_PENDING_QC_SAMPLE
SI_022_R04.png,SI,SI_022,4,SCATTER,SCATTER,SCATTER,CONFORMING_AUTO_UNAUDITED,AUTO_MATCH_PENDING_QC_SAMPLE
SI_022_R05.png,SI,SI_022,5,SCATTER,SCATTER,SCATTER,CONFORMING_AUTO_UNAUDITED,AUTO_MATCH_PENDING_QC_SAMPLE
SI_022_R06.png,SI,SI_022,6,SCATTER,SCATTER,SCATTER,CONFORMING_AUTO_UNAUDITED,AUTO_MATCH_PENDING_QC_SAMPLE
SI_022_R07.png,SI,SI_022,7,SCATTER,SCATTER,SCATTER,CONFORMING_AUTO_UNAUDITED,AUTO_MATCH_PENDING_QC_SAMPLE
SI_022_R08.png,SI,SI_022,8,SCATTER,SCATTER,SCATTER,CONFORMING_AUTO_UNAUDITED,AUTO_MATCH_PENDING_QC_SAMPLE
SI_022_R09.png,SI,SI_022,9,SCATTER,SCATTER,SCATTER,CONFORMING_AUTO_UNAUDITED,AUTO_MATCH_PENDING_QC_SAMPLE
SI_022_R10.png,SI,SI_022,10,SCATTER,SCATTER,SCATTER,CONFORMING_AUTO_UNAUDITED,AUTO_MATCH_PENDING_QC_SAMPLE
SI_023_R01.png,SI,SI_023,1,SCATTER,SCATTER,SCATTER,CONFORMING_AUTO_UNAUDITED,AUTO_MATCH_PENDING_QC_SAMPLE
SI_023_R02.png,SI,SI_023,2,SCATTER,SCATTER,SCATTER,CONFORMING_AUTO_UNAUDITED,AUTO_MATCH_PENDING_QC_SAMPLE
SI_023_R03.png,SI,SI_023,3,SCATTER,SCATTER,SCATTER,CONFORMING_AUTO_UNAUDITED,AUTO_MATCH_PENDING_QC_SAMPLE
SI_023_R04.png,SI,SI_023,4,SCATTER,SCATTER,SCATTER,CONFORMING_AUTO_UNAUDITED,AUTO_MATCH_PENDING_QC_SAMPLE
SI_023_R05.png,SI,SI_023,5,SCATTER,SCATTER,SCATTER,CONFORMING_AUTO_UNAUDITED,AUTO_MATCH_PENDING_QC_SAMPLE
SI_023_R06.png,SI,SI_023,6,SCATTER,SCATTER,SCATTER,CONFORMING_AUTO_UNAUDITED,AUTO_MATCH_PENDING_QC_SAMPLE
SI_023_R07.png,SI,SI_023,7,SCATTER,SCATTER,SCATTER,CONFORMING_AUTO_UNAUDITED,AUTO_MATCH_PENDING_QC_SAMPLE
SI_023_R08.png,SI,SI_023,8,SCATTER,SCATTER,SCATTER,CONFORMING_AUTO_UNAUDITED,AUTO_MATCH_PENDING_QC_SAMPLE
SI_023_R09.png,SI,SI_023,9,SCATTER,SCATTER,SCATTER,CONFORMING_AUTO_UNAUDITED,AUTO_MATCH_PENDING_QC_SAMPLE
SI_023_R10.png,SI,SI_023,10,SCATTER,SCATTER,SCATTER,CONFORMING_AUTO_UNAUDITED,AUTO_MATCH_PENDING_QC_SAMPLE
SI_024_R01.png,SI,SI_024,1,SCATTER,SCATTER,SCATTER,CONFORMING_AUTO_UNAUDITED,AUTO_MATCH_PENDING_QC_SAMPLE
SI_024_R02.png,SI,SI_024,2,SCATTER,SCATTER,SCATTER,CONFORMING_AUTO_UNAUDITED,AUTO_MATCH_PENDING_QC_SAMPLE
SI_024_R03.png,SI,SI_024,3,SCATTER,SCATTER,SCATTER,CONFORMING_AUTO_UNAUDITED,AUTO_MATCH_PENDING_QC_SAMPLE
SI_024_R04.png,SI,SI_024,4,SCATTER,SCATTER,SCATTER,CONFORMING_AUTO_UNAUDITED,AUTO_MATCH_PENDING_QC_SAMPLE
SI_024_R05.png,SI,SI_024,5,SCATTER,SCATTER,SCATTER,CONFORMING_AUTO_UNAUDITED,AUTO_MATCH_PENDING_QC_SAMPLE
SI_024_R06.png,SI,SI_024,6,SCATTER,SCATTER,SCATTER,CONFORMING_AUTO_UNAUDITED,AUTO_MATCH_PENDING_QC_SAMPLE
SI_024_R07.png,SI,SI_024,7,SCATTER,SCATTER,SCATTER,CONFORMING_AUTO_UNAUDITED,AUTO_MATCH_PENDING_QC_SAMPLE
SI_024_R08.png,SI,SI_024,8,SCATTER,SCATTER,SCATTER,CONFORMING_AUTO_UNAUDITED,AUTO_MATCH_PENDING_QC_SAMPLE
SI_024_R09.png,SI,SI_024,9,SCATTER,SCATTER,SCATTER,CONFORMING_AUTO_UNAUDITED,AUTO_MATCH_PENDING_QC_SAMPLE
SI_024_R10.png,SI,SI_024,10,SCATTER,SCATTER,SCATTER,CONFORMING_AUTO_UNAUDITED,AUTO_MATCH_PENDING_QC_SAMPLE
SI_025_R01.png,SI,SI_025,1,SCATTER,SCATTER,SCATTER,CONFORMING_AUTO_UNAUDITED,AUTO_MATCH_PENDING_QC_SAMPLE
SI_025_R02.png,SI,SI_025,2,SCATTER,SCATTER,SCATTER,CONFORMING_AUTO_UNAUDITED,AUTO_MATCH_PENDING_QC_SAMPLE
SI_025_R03.png,SI,SI_025,3,SCATTER,SCATTER,SCATTER,CONFORMING_AUTO_UNAUDITED,AUTO_MATCH_PENDING_QC_SAMPLE
SI_025_R04.png,SI,SI_025,4,SCATTER,SCATTER,SCATTER,CONFORMING_AUTO_UNAUDITED,AUTO_MATCH_PENDING_QC_SAMPLE
SI_025_R05.png,SI,SI_025,5,SCATTER,SCATTER,SCATTER,CONFORMING_AUTO_UNAUDITED,AUTO_MATCH_PENDING_QC_SAMPLE
SI_025_R06.png,SI,SI_025,6,SCATTER,SCATTER,SCATTER,CONFORMING_AUTO_UNAUDITED,AUTO_MATCH_PENDING_QC_SAMPLE
SI_025_R07.png,SI,SI_025,7,SCATTER,SCATTER,SCATTER,CONFORMING_AUTO_UNAUDITED,AUTO_MATCH_PENDING_QC_SAMPLE
SI_025_R08.png,SI,SI_025,8,SCATTER,SCATTER,SCATTER,CONFORMING_AUTO_UNAUDITED,AUTO_MATCH_PENDING_QC_SAMPLE
SI_025_R09.png,SI,SI_025,9,SCATTER,SCATTER,SCATTER,CONFORMING_AUTO_UNAUDITED,AUTO_MATCH_PENDING_QC_SAMPLE
SI_025_R10.png,SI,SI_025,10,SCATTER,SCATTER,SCATTER,CONFORMING_AUTO_UNAUDITED,AUTO_MATCH_PENDING_QC_SAMPLE
SI_026_R01.png,SI,SI_026,1,SCATTER,SCATTER,SCATTER,CONFORMING_AUTO_UNAUDITED,AUTO_MATCH_PENDING_QC_SAMPLE
SI_026_R02.png,SI,SI_026,2,SCATTER,SCATTER,SCATTER,CONFORMING_AUTO_UNAUDITED,AUTO_MATCH_PENDING_QC_SAMPLE
SI_026_R03.png,SI,SI_026,3,SCATTER,SCATTER,SCATTER,CONFORMING_AUTO_UNAUDITED,AUTO_MATCH_PENDING_QC_SAMPLE
SI_026_R04.png,SI,SI_026,4,SCATTER,SCATTER,SCATTER,CONFORMING_AUTO_UNAUDITED,AUTO_MATCH_PENDING_QC_SAMPLE
SI_026_R05.png,SI,SI_026,5,SCATTER,SCATTER,SCATTER,CONFORMING_AUTO_UNAUDITED,AUTO_MATCH_PENDING_QC_SAMPLE
SI_026_R06.png,SI,SI_026,6,SCATTER,SCATTER,SCATTER,CONFORMING_AUTO_UNAUDITED,AUTO_MATCH_PENDING_QC_SAMPLE
SI_026_R07.png,SI,SI_026,7,SCATTER,SCATTER,SCATTER,CONFORMING_AUTO_UNAUDITED,AUTO_MATCH_PENDING_QC_SAMPLE
SI_026_R08.png,SI,SI_026,8,SCATTER,SCATTER,SCATTER,CONFORMING_AUTO_UNAUDITED,AUTO_MATCH_PENDING_QC_SAMPLE
SI_026_R09.png,SI,SI_026,9,SCATTER,SCATTER,SCATTER,CONFORMING_AUTO_UNAUDITED,AUTO_MATCH_PENDING_QC_SAMPLE
SI_026_R10.png,SI,SI_026,10,SCATTER,SCATTER,SCATTER,CONFORMING_AUTO_UNAUDITED,AUTO_MATCH_PENDING_QC_SAMPLE
SI_027_R01.png,SI,SI_027,1,SCATTER,SCATTER,SCATTER,CONFORMING_AUTO_UNAUDITED,AUTO_MATCH_PENDING_QC_SAMPLE
SI_027_R02.png,SI,SI_027,2,SCATTER,SCATTER,SCATTER,CONFORMING_AUTO_UNAUDITED,AUTO_MATCH_PENDING_QC_SAMPLE
SI_027_R03.png,SI,SI_027,3,SCATTER,SCATTER,SCATTER,CONFORMING_AUTO_UNAUDITED,AUTO_MATCH_PENDING_QC_SAMPLE
SI_027_R04.png,SI,SI_027,4,SCATTER,SCATTER,SCATTER,CONFORMING_AUTO_UNAUDITED,AUTO_MATCH_PENDING_QC_SAMPLE
SI_027_R05.png,SI,SI_027,5,SCATTER,SCATTER,SCATTER,CONFORMING_AUTO_UNAUDITED,AUTO_MATCH_PENDING_QC_SAMPLE
SI_027_R06.png,SI,SI_027,6,SCATTER,SCATTER,SCATTER,CONFORMING_AUTO_UNAUDITED,AUTO_MATCH_PENDING_QC_SAMPLE
SI_027_R07.png,SI,SI_027,7,SCATTER,SCATTER,SCATTER,CONFORMING_AUTO_UNAUDITED,AUTO_MATCH_PENDING_QC_SAMPLE
SI_027_R08.png,SI,SI_027,8,SCATTER,SCATTER,SCATTER,CONFORMING_AUTO_UNAUDITED,AUTO_MATCH_PENDING_QC_SAMPLE
SI_027_R09.png,SI,SI_027,9,SCATTER,SCATTER,SCATTER,CONFORMING_AUTO_UNAUDITED,AUTO_MATCH_PENDING_QC_SAMPLE
SI_027_R10.png,SI,SI_027,10,SCATTER,SCATTER,SCATTER,CONFORMING_AUTO_UNAUDITED,AUTO_MATCH_PENDING_QC_SAMPLE
SI_028_R01.png,SI,SI_028,1,SCATTER,SCATTER,SCATTER,CONFORMING_AUTO_UNAUDITED,AUTO_MATCH_PENDING_QC_SAMPLE
SI_028_R02.png,SI,SI_028,2,SCATTER,SCATTER,SCATTER,CONFORMING_AUTO_UNAUDITED,AUTO_MATCH_PENDING_QC_SAMPLE
SI_028_R03.png,SI,SI_028,3,SCATTER,SCATTER,SCATTER,CONFORMING_AUTO_UNAUDITED,AUTO_MATCH_PENDING_QC_SAMPLE
SI_028_R04.png,SI,SI_028,4,SCATTER,SCATTER,SCATTER,CONFORMING_AUTO_UNAUDITED,AUTO_MATCH_PENDING_QC_SAMPLE
SI_028_R05.png,SI,SI_028,5,SCATTER,SCATTER,SCATTER,CONFORMING_AUTO_UNAUDITED,AUTO_MATCH_PENDING_QC_SAMPLE
SI_028_R06.png,SI,SI_028,6,SCATTER,SCATTER,SCATTER,CONFORMING_AUTO_UNAUDITED,AUTO_MATCH_PENDING_QC_SAMPLE
SI_028_R07.png,SI,SI_028,7,SCATTER,SCATTER,SCATTER,CONFORMING_AUTO_UNAUDITED,AUTO_MATCH_PENDING_QC_SAMPLE
SI_028_R08.png,SI,SI_028,8,SCATTER,SCATTER,SCATTER,CONFORMING_AUTO_UNAUDITED,AUTO_MATCH_PENDING_QC_SAMPLE
SI_028_R09.png,SI,SI_028,9,SCATTER,SCATTER,SCATTER,CONFORMING_AUTO_UNAUDITED,AUTO_MATCH_PENDING_QC_SAMPLE
SI_028_R10.png,SI,SI_028,10,SCATTER,SCATTER,SCATTER,CONFORMING_AUTO_UNAUDITED,AUTO_MATCH_PENDING_QC_SAMPLE
SI_029_R01.png,SI,SI_029,1,SCATTER,SCATTER,SCATTER,CONFORMING_AUTO_UNAUDITED,AUTO_MATCH_PENDING_QC_SAMPLE
SI_029_R02.png,SI,SI_029,2,SCATTER,SCATTER,SCATTER,CONFORMING_AUTO_UNAUDITED,AUTO_MATCH_PENDING_QC_SAMPLE
SI_029_R03.png,SI,SI_029,3,SCATTER,SCATTER,SCATTER,CONFORMING_AUTO_UNAUDITED,AUTO_MATCH_PENDING_QC_SAMPLE
SI_029_R04.png,SI,SI_029,4,SCATTER,SCATTER,SCATTER,CONFORMING_AUTO_UNAUDITED,AUTO_MATCH_PENDING_QC_SAMPLE
SI_029_R05.png,SI,SI_029,5,SCATTER,SCATTER,SCATTER,CONFORMING_AUTO_UNAUDITED,AUTO_MATCH_PENDING_QC_SAMPLE
SI_029_R06.png,SI,SI_029,6,SCATTER,SCATTER,SCATTER,CONFORMING_AUTO_UNAUDITED,AUTO_MATCH_PENDING_QC_SAMPLE
SI_029_R07.png,SI,SI_029,7,SCATTER,SCATTER,SCATTER,CONFORMING_AUTO_UNAUDITED,AUTO_MATCH_PENDING_QC_SAMPLE
SI_029_R08.png,SI,SI_029,8,SCATTER,SCATTER,SCATTER,CONFORMING_AUTO_UNAUDITED,AUTO_MATCH_PENDING_QC_SAMPLE
SI_029_R09.png,SI,SI_029,9,SCATTER,SCATTER,SCATTER,CONFORMING_AUTO_UNAUDITED,AUTO_MATCH_PENDING_QC_SAMPLE
SI_029_R10.png,SI,SI_029,10,SCATTER,SCATTER,SCATTER,CONFORMING_AUTO_UNAUDITED,AUTO_MATCH_PENDING_QC_SAMPLE
SI_030_R01.png,SI,SI_030,1,SCATTER,SCATTER,SCATTER,CONFORMING_AUTO_UNAUDITED,AUTO_MATCH_PENDING_QC_SAMPLE
SI_030_R02.png,SI,SI_030,2,SCATTER,SCATTER,SCATTER,CONFORMING_AUTO_UNAUDITED,AUTO_MATCH_PENDING_QC_SAMPLE
SI_030_R03.png,SI,SI_030,3,SCATTER,SCATTER,SCATTER,CONFORMING_AUTO_UNAUDITED,AUTO_MATCH_PENDING_QC_SAMPLE
SI_030_R04.png,SI,SI_030,4,SCATTER,SCATTER,SCATTER,CONFORMING_AUTO_UNAUDITED,AUTO_MATCH_PENDING_QC_SAMPLE
SI_030_R05.png,SI,SI_030,5,SCATTER,SCATTER,SCATTER,CONFORMING_AUTO_UNAUDITED,AUTO_MATCH_PENDING_QC_SAMPLE
SI_030_R06.png,SI,SI_030,6,SCATTER,SCATTER,SCATTER,CONFORMING_AUTO_UNAUDITED,AUTO_MATCH_PENDING_QC_SAMPLE
SI_030_R07.png,SI,SI_030,7,SCATTER,SCATTER,SCATTER,CONFORMING_AUTO_UNAUDITED,AUTO_MATCH_PENDING_QC_SAMPLE
SI_030_R08.png,SI,SI_030,8,SCATTER,SCATTER,SCATTER,CONFORMING_AUTO_UNAUDITED,AUTO_MATCH_PENDING_QC_SAMPLE
SI_030_R09.png,SI,SI_030,9,SCATTER,SCATTER,SCATTER,CONFORMING_AUTO_UNAUDITED,AUTO_MATCH_PENDING_QC_SAMPLE
SI_030_R10.png,SI,SI_030,10,SCATTER,SCATTER,SCATTER,CONFORMING_AUTO_UNAUDITED,AUTO_MATCH_PENDING_QC_SAMPLE
SI_031_R01.png,SI,SI_031,1,SCATTER,SCATTER,SCATTER,CONFORMING_AUTO_UNAUDITED,AUTO_MATCH_PENDING_QC_SAMPLE
SI_031_R02.png,SI,SI_031,2,SCATTER,SCATTER,SCATTER,CONFORMING_AUTO_UNAUDITED,AUTO_MATCH_PENDING_QC_SAMPLE
SI_031_R03.png,SI,SI_031,3,SCATTER,SCATTER,SCATTER,CONFORMING_AUTO_UNAUDITED,AUTO_MATCH_PENDING_QC_SAMPLE
SI_031_R04.png,SI,SI_031,4,SCATTER,SCATTER,SCATTER,CONFORMING_AUTO_UNAUDITED,AUTO_MATCH_PENDING_QC_SAMPLE
SI_031_R05.png,SI,SI_031,5,SCATTER,SCATTER,SCATTER,CONFORMING_AUTO_UNAUDITED,AUTO_MATCH_PENDING_QC_SAMPLE
SI_031_R06.png,SI,SI_031,6,SCATTER,SCATTER,SCATTER,CONFORMING_AUTO_UNAUDITED,AUTO_MATCH_PENDING_QC_SAMPLE
SI_031_R07.png,SI,SI_031,7,SCATTER,SCATTER,SCATTER,CONFORMING_AUTO_UNAUDITED,AUTO_MATCH_PENDING_QC_SAMPLE
SI_031_R08.png,SI,SI_031,8,SCATTER,SCATTER,SCATTER,CONFORMING_AUTO_UNAUDITED,AUTO_MATCH_PENDING_QC_SAMPLE
SI_031_R09.png,SI,SI_031,9,SCATTER,SCATTER,SCATTER,CONFORMING_AUTO_UNAUDITED,AUTO_MATCH_PENDING_QC_SAMPLE
SI_031_R10.png,SI,SI_031,10,SCATTER,SCATTER,SCATTER,CONFORMING_AUTO_UNAUDITED,AUTO_MATCH_PENDING_QC_SAMPLE
SI_032_R01.png,SI,SI_032,1,SCATTER,SCATTER,SCATTER,CONFORMING_AUTO_UNAUDITED,AUTO_MATCH_PENDING_QC_SAMPLE
SI_032_R02.png,SI,SI_032,2,SCATTER,SCATTER,SCATTER,CONFORMING_AUTO_UNAUDITED,AUTO_MATCH_PENDING_QC_SAMPLE
SI_032_R03.png,SI,SI_032,3,SCATTER,SCATTER,SCATTER,CONFORMING_AUTO_UNAUDITED,AUTO_MATCH_PENDING_QC_SAMPLE
SI_032_R04.png,SI,SI_032,4,SCATTER,SCATTER,SCATTER,CONFORMING_AUTO_UNAUDITED,AUTO_MATCH_PENDING_QC_SAMPLE
SI_032_R05.png,SI,SI_032,5,SCATTER,SCATTER,SCATTER,CONFORMING_AUTO_UNAUDITED,AUTO_MATCH_PENDING_QC_SAMPLE
SI_032_R06.png,SI,SI_032,6,SCATTER,SCATTER,SCATTER,CONFORMING_AUTO_UNAUDITED,AUTO_MATCH_PENDING_QC_SAMPLE
SI_032_R07.png,SI,SI_032,7,SCATTER,SCATTER,SCATTER,CONFORMING_AUTO_UNAUDITED,AUTO_MATCH_PENDING_QC_SAMPLE
SI_032_R08.png,SI,SI_032,8,SCATTER,SCATTER,SCATTER,CONFORMING_AUTO_UNAUDITED,AUTO_MATCH_PENDING_QC_SAMPLE
SI_032_R09.png,SI,SI_032,9,SCATTER,SCATTER,SCATTER,CONFORMING_AUTO_UNAUDITED,AUTO_MATCH_PENDING_QC_SAMPLE
SI_032_R10.png,SI,SI_032,10,SCATTER,SCATTER,SCATTER,CONFORMING_AUTO_UNAUDITED,AUTO_MATCH_PENDING_QC_SAMPLE
SI_033_R01.png,SI,SI_033,1,SCATTER,SCATTER,SCATTER,CONFORMING_AUTO_UNAUDITED,AUTO_MATCH_PENDING_QC_SAMPLE
SI_033_R02.png,SI,SI_033,2,SCATTER,SCATTER,SCATTER,CONFORMING_AUTO_UNAUDITED,AUTO_MATCH_PENDING_QC_SAMPLE
SI_033_R03.png,SI,SI_033,3,SCATTER,SCATTER,SCATTER,CONFORMING_AUTO_UNAUDITED,AUTO_MATCH_PENDING_QC_SAMPLE
SI_033_R04.png,SI,SI_033,4,SCATTER,SCATTER,SCATTER,CONFORMING_AUTO_UNAUDITED,AUTO_MATCH_PENDING_QC_SAMPLE
SI_033_R05.png,SI,SI_033,5,SCATTER,SCATTER,SCATTER,CONFORMING_AUTO_UNAUDITED,AUTO_MATCH_PENDING_QC_SAMPLE
SI_033_R06.png,SI,SI_033,6,SCATTER,SCATTER,SCATTER,CONFORMING_AUTO_UNAUDITED,AUTO_MATCH_PENDING_QC_SAMPLE
SI_033_R07.png,SI,SI_033,7,SCATTER,SCATTER,SCATTER,CONFORMING_AUTO_UNAUDITED,AUTO_MATCH_PENDING_QC_SAMPLE
SI_033_R08.png,SI,SI_033,8,SCATTER,SCATTER,SCATTER,CONFORMING_AUTO_UNAUDITED,AUTO_MATCH_PENDING_QC_SAMPLE
SI_033_R09.png,SI,SI_033,9,SCATTER,SCATTER,SCATTER,CONFORMING_AUTO_UNAUDITED,AUTO_MATCH_PENDING_QC_SAMPLE
SI_033_R10.png,SI,SI_033,10,SCATTER,SCATTER,SCATTER,CONFORMING_AUTO_UNAUDITED,AUTO_MATCH_PENDING_QC_SAMPLE
SI_034_R01.png,SI,SI_034,1,SCATTER,SCATTER,SCATTER,CONFORMING_AUTO_UNAUDITED,AUTO_MATCH_PENDING_QC_SAMPLE
SI_034_R02.png,SI,SI_034,2,SCATTER,SCATTER,SCATTER,CONFORMING_AUTO_UNAUDITED,AUTO_MATCH_PENDING_QC_SAMPLE
SI_034_R03.png,SI,SI_034,3,SCATTER,SCATTER,SCATTER,CONFORMING_AUTO_UNAUDITED,AUTO_MATCH_PENDING_QC_SAMPLE
SI_034_R04.png,SI,SI_034,4,SCATTER,SCATTER,SCATTER,CONFORMING_AUTO_UNAUDITED,AUTO_MATCH_PENDING_QC_SAMPLE
SI_034_R05.png,SI,SI_034,5,SCATTER,SCATTER,SCATTER,CONFORMING_AUTO_UNAUDITED,AUTO_MATCH_PENDING_QC_SAMPLE
SI_034_R06.png,SI,SI_034,6,SCATTER,SCATTER,SCATTER,CONFORMING_AUTO_UNAUDITED,AUTO_MATCH_PENDING_QC_SAMPLE
SI_034_R07.png,SI,SI_034,7,SCATTER,SCATTER,SCATTER,CONFORMING_AUTO_UNAUDITED,AUTO_MATCH_PENDING_QC_SAMPLE
SI_034_R08.png,SI,SI_034,8,SCATTER,SCATTER,SCATTER,CONFORMING_AUTO_UNAUDITED,AUTO_MATCH_PENDING_QC_SAMPLE
SI_034_R09.png,SI,SI_034,9,SCATTER,SCATTER,SCATTER,CONFORMING_AUTO_UNAUDITED,AUTO_MATCH_PENDING_QC_SAMPLE
SI_034_R10.png,SI,SI_034,10,SCATTER,SCATTER,SCATTER,CONFORMING_AUTO_UNAUDITED,AUTO_MATCH_PENDING_QC_SAMPLE
SI_035_R01.png,SI,SI_035,1,SCATTER,SCATTER,SCATTER,CONFORMING_AUTO_UNAUDITED,AUTO_MATCH_PENDING_QC_SAMPLE
SI_035_R02.png,SI,SI_035,2,SCATTER,SCATTER,SCATTER,CONFORMING_AUTO_UNAUDITED,AUTO_MATCH_PENDING_QC_SAMPLE
SI_035_R03.png,SI,SI_035,3,SCATTER,SCATTER,SCATTER,CONFORMING_AUTO_UNAUDITED,AUTO_MATCH_PENDING_QC_SAMPLE
SI_035_R04.png,SI,SI_035,4,SCATTER,SCATTER,SCATTER,CONFORMING_AUTO_UNAUDITED,AUTO_MATCH_PENDING_QC_SAMPLE
SI_035_R05.png,SI,SI_035,5,SCATTER,SCATTER,SCATTER,CONFORMING_AUTO_UNAUDITED,AUTO_MATCH_PENDING_QC_SAMPLE
SI_035_R06.png,SI,SI_035,6,SCATTER,SCATTER,SCATTER,CONFORMING_AUTO_UNAUDITED,AUTO_MATCH_PENDING_QC_SAMPLE
SI_035_R07.png,SI,SI_035,7,SCATTER,SCATTER,SCATTER,CONFORMING_AUTO_UNAUDITED,AUTO_MATCH_PENDING_QC_SAMPLE
SI_035_R08.png,SI,SI_035,8,SCATTER,SCATTER,SCATTER,CONFORMING_AUTO_UNAUDITED,AUTO_MATCH_PENDING_QC_SAMPLE
SI_035_R09.png,SI,SI_035,9,SCATTER,SCATTER,SCATTER,CONFORMING_AUTO_UNAUDITED,AUTO_MATCH_PENDING_QC_SAMPLE
SI_035_R10.png,SI,SI_035,10,SCATTER,SCATTER,SCATTER,CONFORMING_AUTO_UNAUDITED,AUTO_MATCH_PENDING_QC_SAMPLE
SI_036_R01.png,SI,SI_036,1,SCATTER,SCATTER,SCATTER,CONFORMING_AUTO_UNAUDITED,AUTO_MATCH_PENDING_QC_SAMPLE
SI_036_R02.png,SI,SI_036,2,SCATTER,SCATTER,SCATTER,CONFORMING_AUTO_UNAUDITED,AUTO_MATCH_PENDING_QC_SAMPLE
SI_036_R03.png,SI,SI_036,3,SCATTER,SCATTER,SCATTER,CONFORMING_AUTO_UNAUDITED,AUTO_MATCH_PENDING_QC_SAMPLE
SI_036_R04.png,SI,SI_036,4,SCATTER,SCATTER,SCATTER,CONFORMING_AUTO_UNAUDITED,AUTO_MATCH_PENDING_QC_SAMPLE
SI_036_R05.png,SI,SI_036,5,SCATTER,SCATTER,SCATTER,CONFORMING_AUTO_UNAUDITED,AUTO_MATCH_PENDING_QC_SAMPLE
SI_036_R06.png,SI,SI_036,6,SCATTER,SCATTER,SCATTER,CONFORMING_AUTO_UNAUDITED,AUTO_MATCH_PENDING_QC_SAMPLE
SI_036_R07.png,SI,SI_036,7,SCATTER,SCATTER,SCATTER,CONFORMING_AUTO_UNAUDITED,AUTO_MATCH_PENDING_QC_SAMPLE
SI_036_R08.png,SI,SI_036,8,SCATTER,SCATTER,SCATTER,CONFORMING_AUTO_UNAUDITED,AUTO_MATCH_PENDING_QC_SAMPLE
SI_036_R09.png,SI,SI_036,9,SCATTER,SCATTER,SCATTER,CONFORMING_AUTO_UNAUDITED,AUTO_MATCH_PENDING_QC_SAMPLE
SI_036_R10.png,SI,SI_036,10,SCATTER,SCATTER,SCATTER,CONFORMING_AUTO_UNAUDITED,AUTO_MATCH_PENDING_QC_SAMPLE
SI_037_R01.png,SI,SI_037,1,SCATTER,SCATTER,SCATTER,CONFORMING_AUTO_UNAUDITED,AUTO_MATCH_PENDING_QC_SAMPLE
SI_037_R02.png,SI,SI_037,2,SCATTER,SCATTER,SCATTER,CONFORMING_AUTO_UNAUDITED,AUTO_MATCH_PENDING_QC_SAMPLE
SI_037_R03.png,SI,SI_037,3,SCATTER,SCATTER,SCATTER,CONFORMING_AUTO_UNAUDITED,AUTO_MATCH_PENDING_QC_SAMPLE
SI_037_R04.png,SI,SI_037,4,SCATTER,SCATTER,SCATTER,CONFORMING_AUTO_UNAUDITED,AUTO_MATCH_PENDING_QC_SAMPLE
SI_037_R05.png,SI,SI_037,5,SCATTER,SCATTER,SCATTER,CONFORMING_AUTO_UNAUDITED,AUTO_MATCH_PENDING_QC_SAMPLE
SI_037_R06.png,SI,SI_037,6,SCATTER,SCATTER,SCATTER,CONFORMING_AUTO_UNAUDITED,AUTO_MATCH_PENDING_QC_SAMPLE
SI_037_R07.png,SI,SI_037,7,SCATTER,SCATTER,SCATTER,CONFORMING_AUTO_UNAUDITED,AUTO_MATCH_PENDING_QC_SAMPLE
SI_037_R08.png,SI,SI_037,8,SCATTER,SCATTER,SCATTER,CONFORMING_AUTO_UNAUDITED,AUTO_MATCH_PENDING_QC_SAMPLE
SI_037_R09.png,SI,SI_037,9,SCATTER,SCATTER,SCATTER,CONFORMING_AUTO_UNAUDITED,AUTO_MATCH_PENDING_QC_SAMPLE
SI_037_R10.png,SI,SI_037,10,SCATTER,SCATTER,SCATTER,CONFORMING_AUTO_UNAUDITED,AUTO_MATCH_PENDING_QC_SAMPLE
SI_038_R01.png,SI,SI_038,1,SCATTER,SCATTER,SCATTER,CONFORMING_AUTO_UNAUDITED,AUTO_MATCH_PENDING_QC_SAMPLE
SI_038_R02.png,SI,SI_038,2,SCATTER,SCATTER,SCATTER,CONFORMING_AUTO_UNAUDITED,AUTO_MATCH_PENDING_QC_SAMPLE
SI_038_R03.png,SI,SI_038,3,SCATTER,SCATTER,SCATTER,CONFORMING_AUTO_UNAUDITED,AUTO_MATCH_PENDING_QC_SAMPLE
SI_038_R04.png,SI,SI_038,4,SCATTER,SCATTER,SCATTER,CONFORMING_AUTO_UNAUDITED,AUTO_MATCH_PENDING_QC_SAMPLE
SI_038_R05.png,SI,SI_038,5,SCATTER,SCATTER,SCATTER,CONFORMING_AUTO_UNAUDITED,AUTO_MATCH_PENDING_QC_SAMPLE
SI_038_R06.png,SI,SI_038,6,SCATTER,SCATTER,SCATTER,CONFORMING_AUTO_UNAUDITED,AUTO_MATCH_PENDING_QC_SAMPLE
SI_038_R07.png,SI,SI_038,7,SCATTER,SCATTER,SCATTER,CONFORMING_AUTO_UNAUDITED,AUTO_MATCH_PENDING_QC_SAMPLE
SI_038_R08.png,SI,SI_038,8,SCATTER,SCATTER,SCATTER,CONFORMING_AUTO_UNAUDITED,AUTO_MATCH_PENDING_QC_SAMPLE
SI_038_R09.png,SI,SI_038,9,SCATTER,SCATTER,SCATTER,CONFORMING_AUTO_UNAUDITED,AUTO_MATCH_PENDING_QC_SAMPLE
SI_038_R10.png,SI,SI_038,10,SCATTER,SCATTER,SCATTER,CONFORMING_AUTO_UNAUDITED,AUTO_MATCH_PENDING_QC_SAMPLE
SI_039_R01.png,SI,SI_039,1,SCATTER,SCATTER,SCATTER,CONFORMING_AUTO_UNAUDITED,AUTO_MATCH_PENDING_QC_SAMPLE
SI_039_R02.png,SI,SI_039,2,SCATTER,SCATTER,SCATTER,CONFORMING_AUTO_UNAUDITED,AUTO_MATCH_PENDING_QC_SAMPLE
SI_039_R03.png,SI,SI_039,3,SCATTER,SCATTER,SCATTER,CONFORMING_AUTO_UNAUDITED,AUTO_MATCH_PENDING_QC_SAMPLE
SI_039_R04.png,SI,SI_039,4,SCATTER,SCATTER,SCATTER,CONFORMING_AUTO_UNAUDITED,AUTO_MATCH_PENDING_QC_SAMPLE
SI_039_R05.png,SI,SI_039,5,SCATTER,SCATTER,SCATTER,CONFORMING_AUTO_UNAUDITED,AUTO_MATCH_PENDING_QC_SAMPLE
SI_039_R06.png,SI,SI_039,6,SCATTER,SCATTER,SCATTER,CONFORMING_AUTO_UNAUDITED,AUTO_MATCH_PENDING_QC_SAMPLE
SI_039_R07.png,SI,SI_039,7,SCATTER,SCATTER,SCATTER,CONFORMING_AUTO_UNAUDITED,AUTO_MATCH_PENDING_QC_SAMPLE
SI_039_R08.png,SI,SI_039,8,SCATTER,SCATTER,SCATTER,CONFORMING_AUTO_UNAUDITED,AUTO_MATCH_PENDING_QC_SAMPLE
SI_039_R09.png,SI,SI_039,9,SCATTER,SCATTER,SCATTER,CONFORMING_AUTO_UNAUDITED,AUTO_MATCH_PENDING_QC_SAMPLE
SI_039_R10.png,SI,SI_039,10,SCATTER,SCATTER,SCATTER,CONFORMING_AUTO_UNAUDITED,AUTO_MATCH_PENDING_QC_SAMPLE
SI_040_R01.png,SI,SI_040,1,SCATTER,SCATTER,SCATTER,CONFORMING_AUTO_UNAUDITED,AUTO_MATCH_PENDING_QC_SAMPLE
SI_040_R02.png,SI,SI_040,2,SCATTER,SCATTER,SCATTER,CONFORMING_AUTO_UNAUDITED,AUTO_MATCH_PENDING_QC_SAMPLE
SI_040_R03.png,SI,SI_040,3,SCATTER,SCATTER,SCATTER,CONFORMING_AUTO_UNAUDITED,AUTO_MATCH_PENDING_QC_SAMPLE
SI_040_R04.png,SI,SI_040,4,SCATTER,SCATTER,SCATTER,CONFORMING_AUTO_UNAUDITED,AUTO_MATCH_PENDING_QC_SAMPLE
SI_040_R05.png,SI,SI_040,5,SCATTER,SCATTER,SCATTER,CONFORMING_AUTO_UNAUDITED,AUTO_MATCH_PENDING_QC_SAMPLE
SI_040_R06.png,SI,SI_040,6,SCATTER,SCATTER,SCATTER,CONFORMING_AUTO_UNAUDITED,AUTO_MATCH_PENDING_QC_SAMPLE
SI_040_R07.png,SI,SI_040,7,SCATTER,SCATTER,SCATTER,CONFORMING_AUTO_UNAUDITED,AUTO_MATCH_PENDING_QC_SAMPLE
SI_040_R08.png,SI,SI_040,8,SCATTER,SCATTER,SCATTER,CONFORMING_AUTO_UNAUDITED,AUTO_MATCH_PENDING_QC_SAMPLE
SI_040_R09.png,SI,SI_040,9,SCATTER,SCATTER,SCATTER,CONFORMING_AUTO_UNAUDITED,AUTO_MATCH_PENDING_QC_SAMPLE
SI_040_R10.png,SI,SI_040,10,SCATTER,SCATTER,SCATTER,CONFORMING_AUTO_UNAUDITED,AUTO_MATCH_PENDING_QC_SAMPLE
SI_041_R01.png,SI,SI_041,1,SCATTER,SCATTER,SCATTER,CONFORMING_AUTO_UNAUDITED,AUTO_MATCH_PENDING_QC_SAMPLE
SI_041_R02.png,SI,SI_041,2,SCATTER,SCATTER,SCATTER,CONFORMING_AUTO_UNAUDITED,AUTO_MATCH_PENDING_QC_SAMPLE
SI_041_R03.png,SI,SI_041,3,SCATTER,SCATTER,SCATTER,CONFORMING_AUTO_UNAUDITED,AUTO_MATCH_PENDING_QC_SAMPLE
SI_041_R04.png,SI,SI_041,4,SCATTER,SCATTER,SCATTER,CONFORMING_AUTO_UNAUDITED,AUTO_MATCH_PENDING_QC_SAMPLE
SI_041_R05.png,SI,SI_041,5,SCATTER,SCATTER,SCATTER,CONFORMING_AUTO_UNAUDITED,AUTO_MATCH_PENDING_QC_SAMPLE
SI_041_R06.png,SI,SI_041,6,SCATTER,SCATTER,SCATTER,CONFORMING_AUTO_UNAUDITED,AUTO_MATCH_PENDING_QC_SAMPLE
SI_041_R07.png,SI,SI_041,7,SCATTER,SCATTER,SCATTER,CONFORMING_AUTO_UNAUDITED,AUTO_MATCH_PENDING_QC_SAMPLE
SI_041_R08.png,SI,SI_041,8,SCATTER,SCATTER,SCATTER,CONFORMING_AUTO_UNAUDITED,AUTO_MATCH_PENDING_QC_SAMPLE
SI_041_R09.png,SI,SI_041,9,SCATTER,SCATTER,SCATTER,CONFORMING_AUTO_UNAUDITED,AUTO_MATCH_PENDING_QC_SAMPLE
SI_041_R10.png,SI,SI_041,10,SCATTER,SCATTER,SCATTER,CONFORMING_AUTO_UNAUDITED,AUTO_MATCH_PENDING_QC_SAMPLE
SI_042_R01.png,SI,SI_042,1,SCATTER,SCATTER,SCATTER,CONFORMING_AUTO_UNAUDITED,AUTO_MATCH_PENDING_QC_SAMPLE
SI_042_R02.png,SI,SI_042,2,SCATTER,SCATTER,SCATTER,CONFORMING_AUTO_UNAUDITED,AUTO_MATCH_PENDING_QC_SAMPLE
SI_042_R03.png,SI,SI_042,3,SCATTER,SCATTER,SCATTER,CONFORMING_AUTO_UNAUDITED,AUTO_MATCH_PENDING_QC_SAMPLE
SI_042_R04.png,SI,SI_042,4,SCATTER,SCATTER,SCATTER,CONFORMING_AUTO_UNAUDITED,AUTO_MATCH_PENDING_QC_SAMPLE
SI_042_R05.png,SI,SI_042,5,SCATTER,SCATTER,SCATTER,CONFORMING_AUTO_UNAUDITED,AUTO_MATCH_PENDING_QC_SAMPLE
SI_042_R06.png,SI,SI_042,6,SCATTER,SCATTER,SCATTER,CONFORMING_AUTO_UNAUDITED,AUTO_MATCH_PENDING_QC_SAMPLE
SI_042_R07.png,SI,SI_042,7,SCATTER,SCATTER,SCATTER,CONFORMING_AUTO_UNAUDITED,AUTO_MATCH_PENDING_QC_SAMPLE
SI_042_R08.png,SI,SI_042,8,SCATTER,SCATTER,SCATTER,CONFORMING_AUTO_UNAUDITED,AUTO_MATCH_PENDING_QC_SAMPLE
SI_042_R09.png,SI,SI_042,9,SCATTER,SCATTER,SCATTER,CONFORMING_AUTO_UNAUDITED,AUTO_MATCH_PENDING_QC_SAMPLE
SI_042_R10.png,SI,SI_042,10,SCATTER,SCATTER,SCATTER,CONFORMING_AUTO_UNAUDITED,AUTO_MATCH_PENDING_QC_SAMPLE
SI_043_R01.png,SI,SI_043,1,SCATTER,SCATTER,SCATTER,CONFORMING_AUTO_UNAUDITED,AUTO_MATCH_PENDING_QC_SAMPLE
SI_043_R02.png,SI,SI_043,2,SCATTER,SCATTER,SCATTER,CONFORMING_AUTO_UNAUDITED,AUTO_MATCH_PENDING_QC_SAMPLE
SI_043_R03.png,SI,SI_043,3,SCATTER,SCATTER,SCATTER,CONFORMING_AUTO_UNAUDITED,AUTO_MATCH_PENDING_QC_SAMPLE
SI_043_R04.png,SI,SI_043,4,SCATTER,SCATTER,SCATTER,CONFORMING_AUTO_UNAUDITED,AUTO_MATCH_PENDING_QC_SAMPLE
SI_043_R05.png,SI,SI_043,5,SCATTER,SCATTER,SCATTER,CONFORMING_AUTO_UNAUDITED,AUTO_MATCH_PENDING_QC_SAMPLE
SI_043_R06.png,SI,SI_043,6,SCATTER,SCATTER,SCATTER,CONFORMING_AUTO_UNAUDITED,AUTO_MATCH_PENDING_QC_SAMPLE
SI_043_R07.png,SI,SI_043,7,SCATTER,SCATTER,SCATTER,CONFORMING_AUTO_UNAUDITED,AUTO_MATCH_PENDING_QC_SAMPLE
SI_043_R08.png,SI,SI_043,8,SCATTER,SCATTER,SCATTER,CONFORMING_AUTO_UNAUDITED,AUTO_MATCH_PENDING_QC_SAMPLE
SI_043_R09.png,SI,SI_043,9,SCATTER,SCATTER,SCATTER,CONFORMING_AUTO_UNAUDITED,AUTO_MATCH_PENDING_QC_SAMPLE
SI_043_R10.png,SI,SI_043,10,SCATTER,SCATTER,SCATTER,CONFORMING_AUTO_UNAUDITED,AUTO_MATCH_PENDING_QC_SAMPLE
SI_044_R01.png,SI,SI_044,1,SCATTER,SCATTER,SCATTER,CONFORMING_AUTO_UNAUDITED,AUTO_MATCH_PENDING_QC_SAMPLE
SI_044_R02.png,SI,SI_044,2,SCATTER,SCATTER,SCATTER,CONFORMING_AUTO_UNAUDITED,AUTO_MATCH_PENDING_QC_SAMPLE
SI_044_R03.png,SI,SI_044,3,SCATTER,SCATTER,SCATTER,CONFORMING_AUTO_UNAUDITED,AUTO_MATCH_PENDING_QC_SAMPLE
SI_044_R04.png,SI,SI_044,4,SCATTER,SCATTER,SCATTER,CONFORMING_AUTO_UNAUDITED,AUTO_MATCH_PENDING_QC_SAMPLE
SI_044_R05.png,SI,SI_044,5,SCATTER,SCATTER,SCATTER,CONFORMING_AUTO_UNAUDITED,AUTO_MATCH_PENDING_QC_SAMPLE
SI_044_R06.png,SI,SI_044,6,SCATTER,SCATTER,SCATTER,CONFORMING_AUTO_UNAUDITED,AUTO_MATCH_PENDING_QC_SAMPLE
SI_044_R07.png,SI,SI_044,7,SCATTER,SCATTER,SCATTER,CONFORMING_AUTO_UNAUDITED,AUTO_MATCH_PENDING_QC_SAMPLE
SI_044_R08.png,SI,SI_044,8,SCATTER,SCATTER,SCATTER,CONFORMING_AUTO_UNAUDITED,AUTO_MATCH_PENDING_QC_SAMPLE
SI_044_R09.png,SI,SI_044,9,SCATTER,SCATTER,SCATTER,CONFORMING_AUTO_UNAUDITED,AUTO_MATCH_PENDING_QC_SAMPLE
SI_044_R10.png,SI,SI_044,10,SCATTER,SCATTER,SCATTER,CONFORMING_AUTO_UNAUDITED,AUTO_MATCH_PENDING_QC_SAMPLE
SI_045_R01.png,SI,SI_045,1,SCATTER,SCATTER,SCATTER,CONFORMING_AUTO_UNAUDITED,AUTO_MATCH_PENDING_QC_SAMPLE
SI_045_R02.png,SI,SI_045,2,SCATTER,SCATTER,SCATTER,CONFORMING_AUTO_UNAUDITED,AUTO_MATCH_PENDING_QC_SAMPLE
SI_045_R03.png,SI,SI_045,3,SCATTER,SCATTER,SCATTER,CONFORMING_AUTO_UNAUDITED,AUTO_MATCH_PENDING_QC_SAMPLE
SI_045_R04.png,SI,SI_045,4,SCATTER,SCATTER,SCATTER,CONFORMING_AUTO_UNAUDITED,AUTO_MATCH_PENDING_QC_SAMPLE
SI_045_R05.png,SI,SI_045,5,SCATTER,SCATTER,SCATTER,CONFORMING_AUTO_UNAUDITED,AUTO_MATCH_PENDING_QC_SAMPLE
SI_045_R06.png,SI,SI_045,6,SCATTER,SCATTER,SCATTER,CONFORMING_AUTO_UNAUDITED,AUTO_MATCH_PENDING_QC_SAMPLE
SI_045_R07.png,SI,SI_045,7,SCATTER,SCATTER,SCATTER,CONFORMING_AUTO_UNAUDITED,AUTO_MATCH_PENDING_QC_SAMPLE
SI_045_R08.png,SI,SI_045,8,SCATTER,SCATTER,SCATTER,CONFORMING_AUTO_UNAUDITED,AUTO_MATCH_PENDING_QC_SAMPLE
SI_045_R09.png,SI,SI_045,9,SCATTER,SCATTER,SCATTER,CONFORMING_AUTO_UNAUDITED,AUTO_MATCH_PENDING_QC_SAMPLE
SI_045_R10.png,SI,SI_045,10,SCATTER,SCATTER,SCATTER,CONFORMING_AUTO_UNAUDITED,AUTO_MATCH_PENDING_QC_SAMPLE
SI_046_R01.png,SI,SI_046,1,SCATTER,SCATTER,SCATTER,CONFORMING_AUTO_UNAUDITED,AUTO_MATCH_PENDING_QC_SAMPLE
SI_046_R02.png,SI,SI_046,2,SCATTER,SCATTER,SCATTER,CONFORMING_AUTO_UNAUDITED,AUTO_MATCH_PENDING_QC_SAMPLE
SI_046_R03.png,SI,SI_046,3,SCATTER,SCATTER,SCATTER,CONFORMING_AUTO_UNAUDITED,AUTO_MATCH_PENDING_QC_SAMPLE
SI_046_R04.png,SI,SI_046,4,SCATTER,SCATTER,SCATTER,CONFORMING_AUTO_UNAUDITED,AUTO_MATCH_PENDING_QC_SAMPLE
SI_046_R05.png,SI,SI_046,5,SCATTER,SCATTER,SCATTER,CONFORMING_AUTO_UNAUDITED,AUTO_MATCH_PENDING_QC_SAMPLE
SI_046_R06.png,SI,SI_046,6,SCATTER,SCATTER,SCATTER,CONFORMING_AUTO_UNAUDITED,AUTO_MATCH_PENDING_QC_SAMPLE
SI_046_R07.png,SI,SI_046,7,SCATTER,SCATTER,SCATTER,CONFORMING_AUTO_UNAUDITED,AUTO_MATCH_PENDING_QC_SAMPLE
SI_046_R08.png,SI,SI_046,8,SCATTER,SCATTER,SCATTER,CONFORMING_AUTO_UNAUDITED,AUTO_MATCH_PENDING_QC_SAMPLE
SI_046_R09.png,SI,SI_046,9,SCATTER,SCATTER,SCATTER,CONFORMING_AUTO_UNAUDITED,AUTO_MATCH_PENDING_QC_SAMPLE
SI_046_R10.png,SI,SI_046,10,SCATTER,SCATTER,SCATTER,CONFORMING_AUTO_UNAUDITED,AUTO_MATCH_PENDING_QC_SAMPLE
SI_047_R01.png,SI,SI_047,1,SCATTER,SCATTER,SCATTER,CONFORMING_AUTO_UNAUDITED,AUTO_MATCH_PENDING_QC_SAMPLE
SI_047_R02.png,SI,SI_047,2,SCATTER,SCATTER,SCATTER,CONFORMING_AUTO_UNAUDITED,AUTO_MATCH_PENDING_QC_SAMPLE
SI_047_R03.png,SI,SI_047,3,SCATTER,SCATTER,SCATTER,CONFORMING_AUTO_UNAUDITED,AUTO_MATCH_PENDING_QC_SAMPLE
SI_047_R04.png,SI,SI_047,4,SCATTER,SCATTER,SCATTER,CONFORMING_AUTO_UNAUDITED,AUTO_MATCH_PENDING_QC_SAMPLE
SI_047_R05.png,SI,SI_047,5,SCATTER,SCATTER,SCATTER,CONFORMING_AUTO_UNAUDITED,AUTO_MATCH_PENDING_QC_SAMPLE
SI_047_R06.png,SI,SI_047,6,SCATTER,SCATTER,SCATTER,CONFORMING_AUTO_UNAUDITED,AUTO_MATCH_PENDING_QC_SAMPLE
SI_047_R07.png,SI,SI_047,7,SCATTER,SCATTER,SCATTER,CONFORMING_AUTO_UNAUDITED,AUTO_MATCH_PENDING_QC_SAMPLE
SI_047_R08.png,SI,SI_047,8,SCATTER,SCATTER,SCATTER,CONFORMING_AUTO_UNAUDITED,AUTO_MATCH_PENDING_QC_SAMPLE
SI_047_R09.png,SI,SI_047,9,SCATTER,SCATTER,SCATTER,CONFORMING_AUTO_UNAUDITED,AUTO_MATCH_PENDING_QC_SAMPLE
SI_047_R10.png,SI,SI_047,10,SCATTER,SCATTER,SCATTER,CONFORMING_AUTO_UNAUDITED,AUTO_MATCH_PENDING_QC_SAMPLE
SI_048_R01.png,SI,SI_048,1,SCATTER,SCATTER,SCATTER,CONFORMING_AUTO_UNAUDITED,AUTO_MATCH_PENDING_QC_SAMPLE
SI_048_R02.png,SI,SI_048,2,SCATTER,SCATTER,SCATTER,CONFORMING_AUTO_UNAUDITED,AUTO_MATCH_PENDING_QC_SAMPLE
SI_048_R03.png,SI,SI_048,3,SCATTER,SCATTER,SCATTER,CONFORMING_AUTO_UNAUDITED,AUTO_MATCH_PENDING_QC_SAMPLE
SI_048_R04.png,SI,SI_048,4,SCATTER,SCATTER,SCATTER,CONFORMING_AUTO_UNAUDITED,AUTO_MATCH_PENDING_QC_SAMPLE
SI_048_R05.png,SI,SI_048,5,SCATTER,SCATTER,SCATTER,CONFORMING_AUTO_UNAUDITED,AUTO_MATCH_PENDING_QC_SAMPLE
SI_048_R06.png,SI,SI_048,6,SCATTER,SCATTER,SCATTER,CONFORMING_AUTO_UNAUDITED,AUTO_MATCH_PENDING_QC_SAMPLE
SI_048_R07.png,SI,SI_048,7,SCATTER,SCATTER,SCATTER,CONFORMING_AUTO_UNAUDITED,AUTO_MATCH_PENDING_QC_SAMPLE
SI_048_R08.png,SI,SI_048,8,SCATTER,SCATTER,SCATTER,CONFORMING_AUTO_UNAUDITED,AUTO_MATCH_PENDING_QC_SAMPLE
SI_048_R09.png,SI,SI_048,9,SCATTER,SCATTER,SCATTER,CONFORMING_AUTO_UNAUDITED,AUTO_MATCH_PENDING_QC_SAMPLE
SI_048_R10.png,SI,SI_048,10,SCATTER,SCATTER,SCATTER,CONFORMING_AUTO_UNAUDITED,AUTO_MATCH_PENDING_QC_SAMPLE
SI_049_R01.png,SI,SI_049,1,SCATTER,SCATTER,SCATTER,CONFORMING_AUTO_UNAUDITED,AUTO_MATCH_PENDING_QC_SAMPLE
SI_049_R02.png,SI,SI_049,2,SCATTER,SCATTER,SCATTER,CONFORMING_AUTO_UNAUDITED,AUTO_MATCH_PENDING_QC_SAMPLE
SI_049_R03.png,SI,SI_049,3,SCATTER,SCATTER,SCATTER,CONFORMING_AUTO_UNAUDITED,AUTO_MATCH_PENDING_QC_SAMPLE
SI_049_R04.png,SI,SI_049,4,SCATTER,SCATTER,SCATTER,CONFORMING_AUTO_UNAUDITED,AUTO_MATCH_PENDING_QC_SAMPLE
SI_049_R05.png,SI,SI_049,5,SCATTER,SCATTER,SCATTER,CONFORMING_AUTO_UNAUDITED,AUTO_MATCH_PENDING_QC_SAMPLE
SI_049_R06.png,SI,SI_049,6,SCATTER,SCATTER,SCATTER,CONFORMING_AUTO_UNAUDITED,AUTO_MATCH_PENDING_QC_SAMPLE
SI_049_R07.png,SI,SI_049,7,SCATTER,SCATTER,SCATTER,CONFORMING_AUTO_UNAUDITED,AUTO_MATCH_PENDING_QC_SAMPLE
SI_049_R08.png,SI,SI_049,8,SCATTER,SCATTER,SCATTER,CONFORMING_AUTO_UNAUDITED,AUTO_MATCH_PENDING_QC_SAMPLE
SI_049_R09.png,SI,SI_049,9,SCATTER,SCATTER,SCATTER,CONFORMING_AUTO_UNAUDITED,AUTO_MATCH_PENDING_QC_SAMPLE
SI_049_R10.png,SI,SI_049,10,SCATTER,SCATTER,SCATTER,CONFORMING_AUTO_UNAUDITED,AUTO_MATCH_PENDING_QC_SAMPLE
SI_050_R01.png,SI,SI_050,1,SCATTER,SCATTER,SCATTER,CONFORMING_AUTO_UNAUDITED,AUTO_MATCH_PENDING_QC_SAMPLE
SI_050_R02.png,SI,SI_050,2,SCATTER,SCATTER,SCATTER,CONFORMING_AUTO_UNAUDITED,AUTO_MATCH_PENDING_QC_SAMPLE
SI_050_R03.png,SI,SI_050,3,SCATTER,SCATTER,SCATTER,CONFORMING_AUTO_UNAUDITED,AUTO_MATCH_PENDING_QC_SAMPLE
SI_050_R04.png,SI,SI_050,4,SCATTER,SCATTER,SCATTER,CONFORMING_AUTO_UNAUDITED,AUTO_MATCH_PENDING_QC_SAMPLE
SI_050_R05.png,SI,SI_050,5,SCATTER,SCATTER,SCATTER,CONFORMING_AUTO_UNAUDITED,AUTO_MATCH_PENDING_QC_SAMPLE
SI_050_R06.png,SI,SI_050,6,SCATTER,SCATTER,SCATTER,CONFORMING_AUTO_UNAUDITED,AUTO_MATCH_PENDING_QC_SAMPLE
SI_050_R07.png,SI,SI_050,7,SCATTER,SCATTER,SCATTER,CONFORMING_AUTO_UNAUDITED,AUTO_MATCH_PENDING_QC_SAMPLE
SI_050_R08.png,SI,SI_050,8,SCATTER,SCATTER,SCATTER,CONFORMING_AUTO_UNAUDITED,AUTO_MATCH_PENDING_QC_SAMPLE
SI_050_R09.png,SI,SI_050,9,SCATTER,SCATTER,SCATTER,CONFORMING_AUTO_UNAUDITED,AUTO_MATCH_PENDING_QC_SAMPLE
SI_050_R10.png,SI,SI_050,10,SCATTER,SCATTER,SCATTER,CONFORMING_AUTO_UNAUDITED,AUTO_MATCH_PENDING_QC_SAMPLE
SI_051_R01.png,SI,SI_051,1,SCATTER,SCATTER,SCATTER,CONFORMING_AUTO_UNAUDITED,AUTO_MATCH_PENDING_QC_SAMPLE
SI_051_R02.png,SI,SI_051,2,SCATTER,SCATTER,SCATTER,CONFORMING_AUTO_UNAUDITED,AUTO_MATCH_PENDING_QC_SAMPLE
SI_051_R03.png,SI,SI_051,3,SCATTER,SCATTER,SCATTER,CONFORMING_AUTO_UNAUDITED,AUTO_MATCH_PENDING_QC_SAMPLE
SI_051_R04.png,SI,SI_051,4,SCATTER,SCATTER,SCATTER,CONFORMING_AUTO_UNAUDITED,AUTO_MATCH_PENDING_QC_SAMPLE
SI_051_R05.png,SI,SI_051,5,SCATTER,SCATTER,SCATTER,CONFORMING_AUTO_UNAUDITED,AUTO_MATCH_PENDING_QC_SAMPLE
SI_051_R06.png,SI,SI_051,6,SCATTER,SCATTER,SCATTER,CONFORMING_AUTO_UNAUDITED,AUTO_MATCH_PENDING_QC_SAMPLE
SI_051_R07.png,SI,SI_051,7,SCATTER,SCATTER,SCATTER,CONFORMING_AUTO_UNAUDITED,AUTO_MATCH_PENDING_QC_SAMPLE
SI_051_R08.png,SI,SI_051,8,SCATTER,SCATTER,SCATTER,CONFORMING_AUTO_UNAUDITED,AUTO_MATCH_PENDING_QC_SAMPLE
SI_051_R09.png,SI,SI_051,9,SCATTER,SCATTER,SCATTER,CONFORMING_AUTO_UNAUDITED,AUTO_MATCH_PENDING_QC_SAMPLE
SI_051_R10.png,SI,SI_051,10,SCATTER,SCATTER,SCATTER,CONFORMING_AUTO_UNAUDITED,AUTO_MATCH_PENDING_QC_SAMPLE
SI_052_R01.png,SI,SI_052,1,SCATTER,SCATTER,SCATTER,CONFORMING_AUTO_UNAUDITED,AUTO_MATCH_PENDING_QC_SAMPLE
SI_052_R02.png,SI,SI_052,2,SCATTER,SCATTER,SCATTER,CONFORMING_AUTO_UNAUDITED,AUTO_MATCH_PENDING_QC_SAMPLE
SI_052_R03.png,SI,SI_052,3,SCATTER,SCATTER,SCATTER,CONFORMING_AUTO_UNAUDITED,AUTO_MATCH_PENDING_QC_SAMPLE
SI_052_R04.png,SI,SI_052,4,SCATTER,SCATTER,SCATTER,CONFORMING_AUTO_UNAUDITED,AUTO_MATCH_PENDING_QC_SAMPLE
SI_052_R05.png,SI,SI_052,5,SCATTER,SCATTER,SCATTER,CONFORMING_AUTO_UNAUDITED,AUTO_MATCH_PENDING_QC_SAMPLE
SI_052_R06.png,SI,SI_052,6,SCATTER,SCATTER,SCATTER,CONFORMING_AUTO_UNAUDITED,AUTO_MATCH_PENDING_QC_SAMPLE
SI_052_R07.png,SI,SI_052,7,SCATTER,SCATTER,SCATTER,CONFORMING_AUTO_UNAUDITED,AUTO_MATCH_PENDING_QC_SAMPLE
SI_052_R08.png,SI,SI_052,8,SCATTER,SCATTER,SCATTER,CONFORMING_AUTO_UNAUDITED,AUTO_MATCH_PENDING_QC_SAMPLE
SI_052_R09.png,SI,SI_052,9,SCATTER,SCATTER,SCATTER,CONFORMING_AUTO_UNAUDITED,AUTO_MATCH_PENDING_QC_SAMPLE
SI_052_R10.png,SI,SI_052,10,SCATTER,SCATTER,SCATTER,CONFORMING_AUTO_UNAUDITED,AUTO_MATCH_PENDING_QC_SAMPLE
