filename,profile,unit_id,repeat,participant_id,condition,technique,task,mark_presence_status,axis_presence_status,color_status,ticklabel_presence_status,technique_status,plot_area_status,tick_content_image_status,tick_content_x_status,tick_content_y_status,closed_dimensions_status,overall_status_current,ticklabel_presence_source,plot_area_confidence,layout_error_mean_vs_F
BC_001_R01.png,BC,BC_001,1,1,FEW-SHOT,Barras,Comparação,CONFORMING,CONFORMING,CONFORMING,CONFORMING,PENDING_BB,DIAGNOSTIC_OK,NOT_APPLICABLE,NOT_APPLICABLE,NOT_APPLICABLE,NO_FAILURE_SO_FAR,PENDING_FINALIZATION,AUTO_FROZEN,0.998544,0.066621
BC_001_R02.png,BC,BC_001,2,1,FEW-SHOT,Barras,Comparação,CONFORMING,CONFORMING,CONFORMING,CONFORMING,PENDING_BB,DIAGNOSTIC_OK,NOT_APPLICABLE,NOT_APPLICABLE,NOT_APPLICABLE,NO_FAILURE_SO_FAR,PENDING_FINALIZATION,AUTO_FROZEN,0.998549,0.067137
BC_001_R03.png,BC,BC_001,3,1,FEW-SHOT,Barras,Comparação,CONFORMING,CONFORMING,CONFORMING,CONFORMING,PENDING_BB,DIAGNOSTIC_OK,NOT_APPLICABLE,NOT_APPLICABLE,NOT_APPLICABLE,NO_FAILURE_SO_FAR,PENDING_FINALIZATION,AUTO_FROZEN,0.998918,0.067171
BC_001_R04.png,BC,BC_001,4,1,FEW-SHOT,Barras,Comparação,CONFORMING,CONFORMING,CONFORMING,CONFORMING,PENDING_BB,DIAGNOSTIC_OK,NOT_APPLICABLE,NOT_APPLICABLE,NOT_APPLICABLE,NO_FAILURE_SO_FAR,PENDING_FINALIZATION,AUTO_FROZEN,0.998918,0.067171
BC_001_R05.png,BC,BC_001,5,1,FEW-SHOT,Barras,Comparação,CONFORMING,CONFORMING,CONFORMING,CONFORMING,PENDING_BB,DIAGNOSTIC_OK,NOT_APPLICABLE,NOT_APPLICABLE,NOT_APPLICABLE,NO_FAILURE_SO_FAR,PENDING_FINALIZATION,AUTO_FROZEN,0.998918,0.067171
BC_001_R06.png,BC,BC_001,6,1,FEW-SHOT,Barras,Comparação,CONFORMING,CONFORMING,CONFORMING,CONFORMING,PENDING_BB,DIAGNOSTIC_OK,NOT_APPLICABLE,NOT_APPLICABLE,NOT_APPLICABLE,NO_FAILURE_SO_FAR,PENDING_FINALIZATION,AUTO_FROZEN,0.998918,0.067171
BC_001_R07.png,BC,BC_001,7,1,FEW-SHOT,Barras,Comparação,CONFORMING,CONFORMING,CONFORMING,CONFORMING,PENDING_BB,DIAGNOSTIC_OK,NOT_APPLICABLE,NOT_APPLICABLE,NOT_APPLICABLE,NO_FAILURE_SO_FAR,PENDING_FINALIZATION,AUTO_FROZEN,0.998918,0.067171
BC_001_R08.png,BC,BC_001,8,1,FEW-SHOT,Barras,Comparação,CONFORMING,CONFORMING,CONFORMING,CONFORMING,PENDING_BB,DIAGNOSTIC_OK,NOT_APPLICABLE,NOT_APPLICABLE,NOT_APPLICABLE,NO_FAILURE_SO_FAR,PENDING_FINALIZATION,AUTO_FROZEN,0.998918,0.067171
BC_001_R09.png,BC,BC_001,9,1,FEW-SHOT,Barras,Comparação,CONFORMING,CONFORMING,CONFORMING,CONFORMING,PENDING_BB,DIAGNOSTIC_OK,NOT_APPLICABLE,NOT_APPLICABLE,NOT_APPLICABLE,NO_FAILURE_SO_FAR,PENDING_FINALIZATION,AUTO_FROZEN,0.998918,0.067171
BC_001_R10.png,BC,BC_001,10,1,FEW-SHOT,Barras,Comparação,CONFORMING,CONFORMING,CONFORMING,CONFORMING,PENDING_BB,DIAGNOSTIC_OK,NOT_APPLICABLE,NOT_APPLICABLE,NOT_APPLICABLE,NO_FAILURE_SO_FAR,PENDING_FINALIZATION,AUTO_FROZEN,0.998918,0.067171
BC_002_R01.png,BC,BC_002,1,4,FEW-SHOT,Barras,Comparação,CONFORMING,CONFORMING,CONFORMING,CONFORMING,PENDING_BB,DIAGNOSTIC_OK,NONCONFORMING,NOT_APPLICABLE,NOT_APPLICABLE,NONCONFORMING,NONCONFORMING,AUTO_FROZEN,0.998318,0.069024
BC_002_R02.png,BC,BC_002,2,4,FEW-SHOT,Barras,Comparação,NONCONFORMING,CONFORMING,NONCONFORMING,CONFORMING,PENDING_BB,DIAGNOSTIC_OK,NONCONFORMING,NOT_APPLICABLE,NOT_APPLICABLE,NONCONFORMING,NONCONFORMING,AUTO_FROZEN,0.9975,0.06875
BC_002_R03.png,BC,BC_002,3,4,FEW-SHOT,Barras,Comparação,CONFORMING,CONFORMING,CONFORMING,CONFORMING,PENDING_BB,DIAGNOSTIC_OK,NONCONFORMING,NOT_APPLICABLE,NOT_APPLICABLE,NONCONFORMING,NONCONFORMING,AUTO_FROZEN,0.998758,0.055208
BC_002_R04.png,BC,BC_002,4,4,FEW-SHOT,Barras,Comparação,CONFORMING,CONFORMING,CONFORMING,CONFORMING,PENDING_BB,DIAGNOSTIC_OK,NONCONFORMING,NOT_APPLICABLE,NOT_APPLICABLE,NONCONFORMING,NONCONFORMING,AUTO_FROZEN,0.998333,0.054792
BC_002_R05.png,BC,BC_002,5,4,FEW-SHOT,Barras,Comparação,NONCONFORMING,CONFORMING,UNEVALUABLE,CONFORMING,PENDING_BB,DIAGNOSTIC_OK,NONCONFORMING,NOT_APPLICABLE,NOT_APPLICABLE,NONCONFORMING,NONCONFORMING,AUTO_FROZEN,1.0,0.0525
BC_002_R06.png,BC,BC_002,6,4,FEW-SHOT,Barras,Comparação,NONCONFORMING,CONFORMING,NONCONFORMING,CONFORMING,PENDING_BB,DIAGNOSTIC_OK,NONCONFORMING,NOT_APPLICABLE,NOT_APPLICABLE,NONCONFORMING,NONCONFORMING,AUTO_FROZEN,0.955806,0.0525
BC_002_R07.png,BC,BC_002,7,4,FEW-SHOT,Barras,Comparação,CONFORMING,CONFORMING,NONCONFORMING,CONFORMING,PENDING_BB,DIAGNOSTIC_OK,NONCONFORMING,NOT_APPLICABLE,NOT_APPLICABLE,NONCONFORMING,NONCONFORMING,AUTO_FROZEN,0.998333,0.053125
BC_002_R08.png,BC,BC_002,8,4,FEW-SHOT,Barras,Comparação,NONCONFORMING,CONFORMING,NONCONFORMING,PENDING_FINAL_ADJUDICATION,PENDING_BB,DIAGNOSTIC_OK,UNEVALUABLE,NOT_APPLICABLE,NOT_APPLICABLE,NONCONFORMING,NONCONFORMING,REVIEW_REQUIRED,0.696822,0.078854
BC_002_R09.png,BC,BC_002,9,4,FEW-SHOT,Barras,Comparação,NONCONFORMING,CONFORMING,NONCONFORMING,CONFORMING,PENDING_BB,DIAGNOSTIC_OK,NONCONFORMING,NOT_APPLICABLE,NOT_APPLICABLE,NONCONFORMING,NONCONFORMING,AUTO_FROZEN,0.977173,0.035208
BC_002_R10.png,BC,BC_002,10,4,FEW-SHOT,Barras,Comparação,CONFORMING,CONFORMING,CONFORMING,CONFORMING,PENDING_BB,DIAGNOSTIC_OK,NONCONFORMING,NOT_APPLICABLE,NOT_APPLICABLE,NONCONFORMING,NONCONFORMING,AUTO_FROZEN,0.998333,0.054792
BC_003_R01.png,BC,BC_003,1,6,FEW-SHOT,Barras,Comparação,CONFORMING,CONFORMING,CONFORMING,CONFORMING,PENDING_BB,DIAGNOSTIC_OK,CONFORMING,NOT_APPLICABLE,NOT_APPLICABLE,NO_FAILURE_SO_FAR,PENDING_FINALIZATION,AUTO_FROZEN,0.998659,0.0611
BC_003_R02.png,BC,BC_003,2,6,FEW-SHOT,Barras,Comparação,CONFORMING,CONFORMING,NONCONFORMING,CONFORMING,PENDING_BB,DIAGNOSTIC_OK,CONFORMING,NOT_APPLICABLE,NOT_APPLICABLE,NONCONFORMING,NONCONFORMING,AUTO_FROZEN,0.998758,0.052604
BC_003_R03.png,BC,BC_003,3,6,FEW-SHOT,Barras,Comparação,CONFORMING,CONFORMING,NONCONFORMING,CONFORMING,PENDING_BB,DIAGNOSTIC_OK,CONFORMING,NOT_APPLICABLE,NOT_APPLICABLE,NONCONFORMING,NONCONFORMING,AUTO_FROZEN,0.998758,0.052604
BC_003_R04.png,BC,BC_003,4,6,FEW-SHOT,Barras,Comparação,CONFORMING,CONFORMING,CONFORMING,CONFORMING,PENDING_BB,DIAGNOSTIC_OK,CONFORMING,NOT_APPLICABLE,NOT_APPLICABLE,NO_FAILURE_SO_FAR,PENDING_FINALIZATION,AUTO_FROZEN,0.998758,0.045521
BC_003_R05.png,BC,BC_003,5,6,FEW-SHOT,Barras,Comparação,CONFORMING,CONFORMING,NONCONFORMING,CONFORMING,PENDING_BB,DIAGNOSTIC_OK,CONFORMING,NOT_APPLICABLE,NOT_APPLICABLE,NONCONFORMING,NONCONFORMING,AUTO_FROZEN,0.998758,0.052604
BC_003_R06.png,BC,BC_003,6,6,FEW-SHOT,Barras,Comparação,CONFORMING,CONFORMING,NONCONFORMING,CONFORMING,PENDING_BB,DIAGNOSTIC_OK,CONFORMING,NOT_APPLICABLE,NOT_APPLICABLE,NONCONFORMING,NONCONFORMING,AUTO_FROZEN,0.998758,0.052604
BC_003_R07.png,BC,BC_003,7,6,FEW-SHOT,Barras,Comparação,CONFORMING,CONFORMING,CONFORMING,CONFORMING,PENDING_BB,DIAGNOSTIC_OK,CONFORMING,NOT_APPLICABLE,NOT_APPLICABLE,NO_FAILURE_SO_FAR,PENDING_FINALIZATION,AUTO_FROZEN,0.998685,0.046606
BC_003_R08.png,BC,BC_003,8,6,FEW-SHOT,Barras,Comparação,CONFORMING,CONFORMING,CONFORMING,CONFORMING,PENDING_BB,DIAGNOSTIC_OK,CONFORMING,NOT_APPLICABLE,NOT_APPLICABLE,NO_FAILURE_SO_FAR,PENDING_FINALIZATION,AUTO_FROZEN,0.998685,0.046606
BC_003_R09.png,BC,BC_003,9,6,FEW-SHOT,Barras,Comparação,CONFORMING,CONFORMING,CONFORMING,CONFORMING,PENDING_BB,DIAGNOSTIC_OK,CONFORMING,NOT_APPLICABLE,NOT_APPLICABLE,NO_FAILURE_SO_FAR,PENDING_FINALIZATION,AUTO_FROZEN,0.998758,0.045521
BC_003_R10.png,BC,BC_003,10,6,FEW-SHOT,Barras,Comparação,CONFORMING,CONFORMING,NONCONFORMING,CONFORMING,PENDING_BB,DIAGNOSTIC_OK,CONFORMING,NOT_APPLICABLE,NOT_APPLICABLE,NONCONFORMING,NONCONFORMING,AUTO_FROZEN,0.998758,0.052604
BC_004_R01.png,BC,BC_004,1,7,FEW-SHOT,Barras,Comparação,NONCONFORMING,CONFORMING,CONFORMING,CONFORMING,PENDING_BB,DIAGNOSTIC_OK,NOT_APPLICABLE,NOT_APPLICABLE,NOT_APPLICABLE,NONCONFORMING,NONCONFORMING,AUTO_FROZEN,0.998333,0.075989
BC_004_R02.png,BC,BC_004,2,7,FEW-SHOT,Barras,Comparação,CONFORMING,CONFORMING,NONCONFORMING,CONFORMING,PENDING_BB,DIAGNOSTIC_OK,NOT_APPLICABLE,NOT_APPLICABLE,NOT_APPLICABLE,NONCONFORMING,NONCONFORMING,AUTO_FROZEN,0.998758,0.062083
BC_004_R03.png,BC,BC_004,3,7,FEW-SHOT,Barras,Comparação,CONFORMING,CONFORMING,NONCONFORMING,CONFORMING,PENDING_BB,DIAGNOSTIC_OK,NOT_APPLICABLE,NOT_APPLICABLE,NOT_APPLICABLE,NONCONFORMING,NONCONFORMING,AUTO_FROZEN,0.998758,0.062083
BC_004_R04.png,BC,BC_004,4,7,FEW-SHOT,Barras,Comparação,CONFORMING,CONFORMING,CONFORMING,CONFORMING,PENDING_BB,DIAGNOSTIC_OK,NOT_APPLICABLE,NOT_APPLICABLE,NOT_APPLICABLE,NO_FAILURE_SO_FAR,PENDING_FINALIZATION,AUTO_FROZEN,0.998898,0.078961
BC_004_R05.png,BC,BC_004,5,7,FEW-SHOT,Barras,Comparação,CONFORMING,CONFORMING,NONCONFORMING,CONFORMING,PENDING_BB,DIAGNOSTIC_OK,NOT_APPLICABLE,NOT_APPLICABLE,NOT_APPLICABLE,NONCONFORMING,NONCONFORMING,AUTO_FROZEN,0.998333,0.0625
BC_004_R06.png,BC,BC_004,6,7,FEW-SHOT,Barras,Comparação,CONFORMING,CONFORMING,CONFORMING,CONFORMING,PENDING_BB,DIAGNOSTIC_OK,NOT_APPLICABLE,NOT_APPLICABLE,NOT_APPLICABLE,NO_FAILURE_SO_FAR,PENDING_FINALIZATION,AUTO_FROZEN,0.998898,0.078961
BC_004_R07.png,BC,BC_004,7,7,FEW-SHOT,Barras,Comparação,CONFORMING,CONFORMING,CONFORMING,CONFORMING,PENDING_BB,DIAGNOSTIC_OK,NOT_APPLICABLE,NOT_APPLICABLE,NOT_APPLICABLE,NO_FAILURE_SO_FAR,PENDING_FINALIZATION,AUTO_FROZEN,0.998898,0.078961
BC_004_R08.png,BC,BC_004,8,7,FEW-SHOT,Barras,Comparação,CONFORMING,CONFORMING,CONFORMING,CONFORMING,PENDING_BB,DIAGNOSTIC_OK,NOT_APPLICABLE,NOT_APPLICABLE,NOT_APPLICABLE,NO_FAILURE_SO_FAR,PENDING_FINALIZATION,AUTO_FROZEN,0.998898,0.078961
BC_004_R09.png,BC,BC_004,9,7,FEW-SHOT,Barras,Comparação,CONFORMING,CONFORMING,CONFORMING,CONFORMING,PENDING_BB,DIAGNOSTIC_OK,NOT_APPLICABLE,NOT_APPLICABLE,NOT_APPLICABLE,NO_FAILURE_SO_FAR,PENDING_FINALIZATION,AUTO_FROZEN,0.998898,0.078961
BC_004_R10.png,BC,BC_004,10,7,FEW-SHOT,Barras,Comparação,CONFORMING,CONFORMING,NONCONFORMING,CONFORMING,PENDING_BB,DIAGNOSTIC_OK,NOT_APPLICABLE,NOT_APPLICABLE,NOT_APPLICABLE,NONCONFORMING,NONCONFORMING,AUTO_FROZEN,0.998333,0.0625
BC_005_R01.png,BC,BC_005,1,8,FEW-SHOT,Barras,Comparação,CONFORMING,CONFORMING,CONFORMING,CONFORMING,PENDING_BB,DIAGNOSTIC_OK,NOT_APPLICABLE,NOT_APPLICABLE,NOT_APPLICABLE,NO_FAILURE_SO_FAR,PENDING_FINALIZATION,AUTO_FROZEN,0.998318,0.081531
BC_005_R02.png,BC,BC_005,2,8,FEW-SHOT,Barras,Comparação,CONFORMING,CONFORMING,NONCONFORMING,CONFORMING,PENDING_BB,DIAGNOSTIC_OK,NOT_APPLICABLE,NOT_APPLICABLE,NOT_APPLICABLE,NONCONFORMING,NONCONFORMING,AUTO_FROZEN,0.998333,0.076146
BC_005_R03.png,BC,BC_005,3,8,FEW-SHOT,Barras,Comparação,CONFORMING,CONFORMING,NONCONFORMING,CONFORMING,PENDING_BB,DIAGNOSTIC_OK,NOT_APPLICABLE,NOT_APPLICABLE,NOT_APPLICABLE,NONCONFORMING,NONCONFORMING,AUTO_FROZEN,0.998333,0.076146
BC_005_R04.png,BC,BC_005,4,8,FEW-SHOT,Barras,Comparação,CONFORMING,CONFORMING,NONCONFORMING,CONFORMING,PENDING_BB,DIAGNOSTIC_OK,NOT_APPLICABLE,NOT_APPLICABLE,NOT_APPLICABLE,NONCONFORMING,NONCONFORMING,AUTO_FROZEN,0.998333,0.076146
BC_005_R05.png,BC,BC_005,5,8,FEW-SHOT,Barras,Comparação,CONFORMING,CONFORMING,CONFORMING,CONFORMING,PENDING_BB,DIAGNOSTIC_OK,NOT_APPLICABLE,NOT_APPLICABLE,NOT_APPLICABLE,NO_FAILURE_SO_FAR,PENDING_FINALIZATION,AUTO_FROZEN,0.998758,0.001875
BC_005_R06.png,BC,BC_005,6,8,FEW-SHOT,Barras,Comparação,CONFORMING,CONFORMING,CONFORMING,CONFORMING,PENDING_BB,DIAGNOSTIC_OK,NOT_APPLICABLE,NOT_APPLICABLE,NOT_APPLICABLE,NO_FAILURE_SO_FAR,PENDING_FINALIZATION,AUTO_FROZEN,0.998758,0.001875
BC_005_R07.png,BC,BC_005,7,8,FEW-SHOT,Barras,Comparação,CONFORMING,CONFORMING,CONFORMING,CONFORMING,PENDING_BB,DIAGNOSTIC_OK,NOT_APPLICABLE,NOT_APPLICABLE,NOT_APPLICABLE,NO_FAILURE_SO_FAR,PENDING_FINALIZATION,AUTO_FROZEN,0.998758,0.001875
BC_005_R08.png,BC,BC_005,8,8,FEW-SHOT,Barras,Comparação,CONFORMING,CONFORMING,CONFORMING,CONFORMING,PENDING_BB,DIAGNOSTIC_OK,NOT_APPLICABLE,NOT_APPLICABLE,NOT_APPLICABLE,NO_FAILURE_SO_FAR,PENDING_FINALIZATION,AUTO_FROZEN,0.998758,0.001875
BC_005_R09.png,BC,BC_005,9,8,FEW-SHOT,Barras,Comparação,CONFORMING,CONFORMING,NONCONFORMING,CONFORMING,PENDING_BB,DIAGNOSTIC_OK,NOT_APPLICABLE,NOT_APPLICABLE,NOT_APPLICABLE,NONCONFORMING,NONCONFORMING,AUTO_FROZEN,0.998333,0.076146
BC_005_R10.png,BC,BC_005,10,8,FEW-SHOT,Barras,Comparação,CONFORMING,CONFORMING,NONCONFORMING,CONFORMING,PENDING_BB,DIAGNOSTIC_OK,NOT_APPLICABLE,NOT_APPLICABLE,NOT_APPLICABLE,NONCONFORMING,NONCONFORMING,AUTO_FROZEN,0.998333,0.076146
BC_006_R01.png,BC,BC_006,1,9,FEW-SHOT,Barras,Comparação,CONFORMING,CONFORMING,NONCONFORMING,CONFORMING,PENDING_BB,DIAGNOSTIC_OK,CONFORMING,NOT_APPLICABLE,CONFORMING,NONCONFORMING,NONCONFORMING,AUTO_FROZEN,0.837623,0.060805
BC_006_R02.png,BC,BC_006,2,9,FEW-SHOT,Barras,Comparação,CONFORMING,CONFORMING,NONCONFORMING,CONFORMING,PENDING_BB,DIAGNOSTIC_OK,CONFORMING,NOT_APPLICABLE,CONFORMING,NONCONFORMING,NONCONFORMING,AUTO_FROZEN,0.837623,0.060805
BC_006_R03.png,BC,BC_006,3,9,FEW-SHOT,Barras,Comparação,CONFORMING,CONFORMING,CONFORMING,CONFORMING,PENDING_BB,DIAGNOSTIC_OK,CONFORMING,NOT_APPLICABLE,CONFORMING,NO_FAILURE_SO_FAR,PENDING_FINALIZATION,AUTO_FROZEN,0.833215,0.052557
BC_006_R04.png,BC,BC_006,4,9,FEW-SHOT,Barras,Comparação,CONFORMING,CONFORMING,NONCONFORMING,CONFORMING,PENDING_BB,DIAGNOSTIC_OK,CONFORMING,NOT_APPLICABLE,CONFORMING,NONCONFORMING,NONCONFORMING,AUTO_FROZEN,0.837623,0.060805
BC_006_R05.png,BC,BC_006,5,9,FEW-SHOT,Barras,Comparação,CONFORMING,CONFORMING,CONFORMING,CONFORMING,PENDING_BB,DIAGNOSTIC_OK,CONFORMING,NOT_APPLICABLE,CONFORMING,NO_FAILURE_SO_FAR,PENDING_FINALIZATION,AUTO_FROZEN,0.833215,0.052557
BC_006_R06.png,BC,BC_006,6,9,FEW-SHOT,Barras,Comparação,CONFORMING,CONFORMING,NONCONFORMING,CONFORMING,PENDING_BB,DIAGNOSTIC_OK,CONFORMING,NOT_APPLICABLE,CONFORMING,NONCONFORMING,NONCONFORMING,AUTO_FROZEN,0.837623,0.060805
BC_006_R07.png,BC,BC_006,7,9,FEW-SHOT,Barras,Comparação,CONFORMING,CONFORMING,CONFORMING,CONFORMING,PENDING_BB,DIAGNOSTIC_OK,CONFORMING,NOT_APPLICABLE,CONFORMING,NO_FAILURE_SO_FAR,PENDING_FINALIZATION,AUTO_FROZEN,0.833215,0.052557
BC_006_R08.png,BC,BC_006,8,9,FEW-SHOT,Barras,Comparação,CONFORMING,CONFORMING,NONCONFORMING,CONFORMING,PENDING_BB,DIAGNOSTIC_OK,CONFORMING,NOT_APPLICABLE,CONFORMING,NONCONFORMING,NONCONFORMING,AUTO_FROZEN,0.837623,0.060805
BC_006_R09.png,BC,BC_006,9,9,FEW-SHOT,Barras,Comparação,CONFORMING,CONFORMING,CONFORMING,CONFORMING,PENDING_BB,DIAGNOSTIC_OK,CONFORMING,NOT_APPLICABLE,CONFORMING,NO_FAILURE_SO_FAR,PENDING_FINALIZATION,AUTO_FROZEN,0.833215,0.052557
BC_006_R10.png,BC,BC_006,10,9,FEW-SHOT,Barras,Comparação,CONFORMING,CONFORMING,CONFORMING,CONFORMING,PENDING_BB,DIAGNOSTIC_OK,CONFORMING,NOT_APPLICABLE,CONFORMING,NO_FAILURE_SO_FAR,PENDING_FINALIZATION,AUTO_FROZEN,0.833215,0.052557
BC_007_R01.png,BC,BC_007,1,10,FEW-SHOT,Barras,Comparação,CONFORMING,CONFORMING,CONFORMING,CONFORMING,PENDING_BB,DIAGNOSTIC_OK,NONCONFORMING,NOT_APPLICABLE,NONCONFORMING,NONCONFORMING,NONCONFORMING,AUTO_FROZEN,1.0,0.076758
BC_007_R02.png,BC,BC_007,2,10,FEW-SHOT,Barras,Comparação,CONFORMING,CONFORMING,CONFORMING,CONFORMING,PENDING_BB,DIAGNOSTIC_OK,CONFORMING,NOT_APPLICABLE,CONFORMING,NO_FAILURE_SO_FAR,PENDING_FINALIZATION,AUTO_FROZEN,1.0,0.067724
BC_007_R03.png,BC,BC_007,3,10,FEW-SHOT,Barras,Comparação,CONFORMING,CONFORMING,CONFORMING,CONFORMING,PENDING_BB,DIAGNOSTIC_OK,CONFORMING,NOT_APPLICABLE,CONFORMING,NO_FAILURE_SO_FAR,PENDING_FINALIZATION,AUTO_FROZEN,0.824403,0.060965
BC_007_R04.png,BC,BC_007,4,10,FEW-SHOT,Barras,Comparação,CONFORMING,CONFORMING,CONFORMING,CONFORMING,PENDING_BB,DIAGNOSTIC_OK,CONFORMING,NOT_APPLICABLE,CONFORMING,NO_FAILURE_SO_FAR,PENDING_FINALIZATION,AUTO_FROZEN,1.0,0.06402
BC_007_R05.png,BC,BC_007,5,10,FEW-SHOT,Barras,Comparação,CONFORMING,CONFORMING,CONFORMING,CONFORMING,PENDING_BB,DIAGNOSTIC_OK,CONFORMING,NOT_APPLICABLE,CONFORMING,NO_FAILURE_SO_FAR,PENDING_FINALIZATION,AUTO_FROZEN,0.820698,0.065161
BC_007_R06.png,BC,BC_007,6,10,FEW-SHOT,Barras,Comparação,CONFORMING,CONFORMING,NONCONFORMING,CONFORMING,PENDING_BB,DIAGNOSTIC_OK,CONFORMING,NOT_APPLICABLE,CONFORMING,NONCONFORMING,NONCONFORMING,AUTO_FROZEN,0.946,0.064479
BC_007_R07.png,BC,BC_007,7,10,FEW-SHOT,Barras,Comparação,CONFORMING,CONFORMING,NONCONFORMING,CONFORMING,PENDING_BB,DIAGNOSTIC_OK,CONFORMING,NOT_APPLICABLE,CONFORMING,NONCONFORMING,NONCONFORMING,AUTO_FROZEN,0.946,0.072917
BC_007_R08.png,BC,BC_007,8,10,FEW-SHOT,Barras,Comparação,CONFORMING,CONFORMING,NONCONFORMING,CONFORMING,PENDING_BB,DIAGNOSTIC_OK,CONFORMING,NOT_APPLICABLE,CONFORMING,NONCONFORMING,NONCONFORMING,AUTO_FROZEN,1.0,0.068229
BC_007_R09.png,BC,BC_007,9,10,FEW-SHOT,Barras,Comparação,CONFORMING,CONFORMING,CONFORMING,CONFORMING,PENDING_BB,DIAGNOSTIC_OK,CONFORMING,NOT_APPLICABLE,CONFORMING,NO_FAILURE_SO_FAR,PENDING_FINALIZATION,AUTO_FROZEN,1.0,0.067724
BC_007_R10.png,BC,BC_007,10,10,FEW-SHOT,Barras,Comparação,CONFORMING,CONFORMING,CONFORMING,CONFORMING,PENDING_BB,DIAGNOSTIC_OK,CONFORMING,NOT_APPLICABLE,CONFORMING,NO_FAILURE_SO_FAR,PENDING_FINALIZATION,AUTO_FROZEN,1.0,0.067724
BC_008_R01.png,BC,BC_008,1,11,FEW-SHOT,Barras,Comparação,CONFORMING,CONFORMING,CONFORMING,CONFORMING,PENDING_BB,DIAGNOSTIC_OK,NOT_APPLICABLE,NOT_APPLICABLE,NOT_APPLICABLE,NO_FAILURE_SO_FAR,PENDING_FINALIZATION,AUTO_FROZEN,0.998316,0.075667
BC_008_R02.png,BC,BC_008,2,11,FEW-SHOT,Barras,Comparação,CONFORMING,CONFORMING,CONFORMING,CONFORMING,PENDING_BB,DIAGNOSTIC_OK,NOT_APPLICABLE,NOT_APPLICABLE,NOT_APPLICABLE,NO_FAILURE_SO_FAR,PENDING_FINALIZATION,AUTO_FROZEN,0.998271,0.072608
BC_008_R03.png,BC,BC_008,3,11,FEW-SHOT,Barras,Comparação,CONFORMING,CONFORMING,CONFORMING,CONFORMING,PENDING_BB,DIAGNOSTIC_OK,NOT_APPLICABLE,NOT_APPLICABLE,NOT_APPLICABLE,NO_FAILURE_SO_FAR,PENDING_FINALIZATION,AUTO_FROZEN,0.82288,0.073049
BC_008_R04.png,BC,BC_008,4,11,FEW-SHOT,Barras,Comparação,CONFORMING,CONFORMING,CONFORMING,CONFORMING,PENDING_BB,DIAGNOSTIC_OK,NOT_APPLICABLE,NOT_APPLICABLE,NOT_APPLICABLE,NO_FAILURE_SO_FAR,PENDING_FINALIZATION,AUTO_FROZEN,0.998247,0.075215
BC_008_R05.png,BC,BC_008,5,11,FEW-SHOT,Barras,Comparação,CONFORMING,CONFORMING,CONFORMING,CONFORMING,PENDING_BB,DIAGNOSTIC_OK,NOT_APPLICABLE,NOT_APPLICABLE,NOT_APPLICABLE,NO_FAILURE_SO_FAR,PENDING_FINALIZATION,AUTO_FROZEN,0.998694,0.075653
BC_008_R06.png,BC,BC_008,6,11,FEW-SHOT,Barras,Comparação,CONFORMING,CONFORMING,CONFORMING,CONFORMING,PENDING_BB,DIAGNOSTIC_OK,NOT_APPLICABLE,NOT_APPLICABLE,NOT_APPLICABLE,NO_FAILURE_SO_FAR,PENDING_FINALIZATION,AUTO_FROZEN,0.998247,0.075215
BC_008_R07.png,BC,BC_008,7,11,FEW-SHOT,Barras,Comparação,CONFORMING,CONFORMING,CONFORMING,CONFORMING,PENDING_BB,DIAGNOSTIC_OK,NOT_APPLICABLE,NOT_APPLICABLE,NOT_APPLICABLE,NO_FAILURE_SO_FAR,PENDING_FINALIZATION,AUTO_FROZEN,0.998712,0.073041
BC_008_R08.png,BC,BC_008,8,11,FEW-SHOT,Barras,Comparação,CONFORMING,CONFORMING,CONFORMING,CONFORMING,PENDING_BB,DIAGNOSTIC_OK,NOT_APPLICABLE,NOT_APPLICABLE,NOT_APPLICABLE,NO_FAILURE_SO_FAR,PENDING_FINALIZATION,AUTO_FROZEN,1.0,0.074241
BC_008_R09.png,BC,BC_008,9,11,FEW-SHOT,Barras,Comparação,CONFORMING,CONFORMING,CONFORMING,CONFORMING,PENDING_BB,DIAGNOSTIC_OK,NOT_APPLICABLE,NOT_APPLICABLE,NOT_APPLICABLE,NO_FAILURE_SO_FAR,PENDING_FINALIZATION,AUTO_FROZEN,0.998694,0.075653
BC_008_R10.png,BC,BC_008,10,11,FEW-SHOT,Barras,Comparação,CONFORMING,CONFORMING,CONFORMING,CONFORMING,PENDING_BB,DIAGNOSTIC_OK,NOT_APPLICABLE,NOT_APPLICABLE,NOT_APPLICABLE,NO_FAILURE_SO_FAR,PENDING_FINALIZATION,AUTO_FROZEN,0.998712,0.073041
BC_009_R01.png,BC,BC_009,1,12,FEW-SHOT,Barras,Comparação,CONFORMING,CONFORMING,CONFORMING,CONFORMING,PENDING_BB,DIAGNOSTIC_OK,NOT_APPLICABLE,NOT_APPLICABLE,NOT_APPLICABLE,NO_FAILURE_SO_FAR,PENDING_FINALIZATION,AUTO_FROZEN,0.998888,0.084448
BC_009_R02.png,BC,BC_009,2,12,FEW-SHOT,Barras,Comparação,CONFORMING,CONFORMING,CONFORMING,CONFORMING,PENDING_BB,DIAGNOSTIC_OK,NOT_APPLICABLE,NOT_APPLICABLE,NOT_APPLICABLE,NO_FAILURE_SO_FAR,PENDING_FINALIZATION,AUTO_FROZEN,0.998494,0.071296
BC_009_R03.png,BC,BC_009,3,12,FEW-SHOT,Barras,Comparação,CONFORMING,CONFORMING,CONFORMING,CONFORMING,PENDING_BB,DIAGNOSTIC_OK,NOT_APPLICABLE,NOT_APPLICABLE,NOT_APPLICABLE,NO_FAILURE_SO_FAR,PENDING_FINALIZATION,AUTO_FROZEN,0.796588,0.071691
BC_009_R04.png,BC,BC_009,4,12,FEW-SHOT,Barras,Comparação,CONFORMING,CONFORMING,CONFORMING,CONFORMING,PENDING_BB,DIAGNOSTIC_OK,NOT_APPLICABLE,NOT_APPLICABLE,NOT_APPLICABLE,NO_FAILURE_SO_FAR,PENDING_FINALIZATION,AUTO_FROZEN,0.998494,0.062236
BC_009_R05.png,BC,BC_009,5,12,FEW-SHOT,Barras,Comparação,CONFORMING,CONFORMING,CONFORMING,CONFORMING,PENDING_BB,DIAGNOSTIC_OK,NOT_APPLICABLE,NOT_APPLICABLE,NOT_APPLICABLE,NO_FAILURE_SO_FAR,PENDING_FINALIZATION,AUTO_FROZEN,0.801839,0.067693
BC_009_R06.png,BC,BC_009,6,12,FEW-SHOT,Barras,Comparação,CONFORMING,CONFORMING,CONFORMING,CONFORMING,PENDING_BB,DIAGNOSTIC_OK,NOT_APPLICABLE,NOT_APPLICABLE,NOT_APPLICABLE,NO_FAILURE_SO_FAR,PENDING_FINALIZATION,AUTO_FROZEN,0.998494,0.071296
BC_009_R07.png,BC,BC_009,7,12,FEW-SHOT,Barras,Comparação,CONFORMING,CONFORMING,CONFORMING,CONFORMING,PENDING_BB,DIAGNOSTIC_OK,NOT_APPLICABLE,NOT_APPLICABLE,NOT_APPLICABLE,NO_FAILURE_SO_FAR,PENDING_FINALIZATION,AUTO_FROZEN,0.998305,0.056812
BC_009_R08.png,BC,BC_009,8,12,FEW-SHOT,Barras,Comparação,CONFORMING,CONFORMING,CONFORMING,CONFORMING,PENDING_BB,DIAGNOSTIC_OK,NOT_APPLICABLE,NOT_APPLICABLE,NOT_APPLICABLE,NO_FAILURE_SO_FAR,PENDING_FINALIZATION,AUTO_FROZEN,0.998305,0.067156
BC_009_R09.png,BC,BC_009,9,12,FEW-SHOT,Barras,Comparação,CONFORMING,CONFORMING,CONFORMING,CONFORMING,PENDING_BB,DIAGNOSTIC_OK,NOT_APPLICABLE,NOT_APPLICABLE,NOT_APPLICABLE,NO_FAILURE_SO_FAR,PENDING_FINALIZATION,AUTO_FROZEN,0.998305,0.057831
BC_009_R10.png,BC,BC_009,10,12,FEW-SHOT,Barras,Comparação,CONFORMING,CONFORMING,CONFORMING,CONFORMING,PENDING_BB,DIAGNOSTIC_OK,NOT_APPLICABLE,NOT_APPLICABLE,NOT_APPLICABLE,NO_FAILURE_SO_FAR,PENDING_FINALIZATION,AUTO_FROZEN,0.998737,0.051392
BC_010_R01.png,BC,BC_010,1,13,FEW-SHOT,Barras,Comparação,CONFORMING,CONFORMING,CONFORMING,CONFORMING,PENDING_BB,DIAGNOSTIC_OK,CONFORMING,NOT_APPLICABLE,CONFORMING,NO_FAILURE_SO_FAR,PENDING_FINALIZATION,AUTO_FROZEN,0.998316,0.07565
BC_010_R02.png,BC,BC_010,2,13,FEW-SHOT,Barras,Comparação,CONFORMING,CONFORMING,CONFORMING,CONFORMING,PENDING_BB,DIAGNOSTIC_OK,CONFORMING,NOT_APPLICABLE,CONFORMING,NO_FAILURE_SO_FAR,PENDING_FINALIZATION,AUTO_FROZEN,0.998737,0.069009
BC_010_R03.png,BC,BC_010,3,13,FEW-SHOT,Barras,Comparação,CONFORMING,CONFORMING,CONFORMING,CONFORMING,PENDING_BB,DIAGNOSTIC_OK,CONFORMING,NOT_APPLICABLE,CONFORMING,NO_FAILURE_SO_FAR,PENDING_FINALIZATION,AUTO_FROZEN,0.997938,0.068687
BC_010_R04.png,BC,BC_010,4,13,FEW-SHOT,Barras,Comparação,CONFORMING,CONFORMING,CONFORMING,CONFORMING,PENDING_BB,DIAGNOSTIC_OK,CONFORMING,NOT_APPLICABLE,CONFORMING,NO_FAILURE_SO_FAR,PENDING_FINALIZATION,AUTO_FROZEN,1.0,0.07028
BC_010_R05.png,BC,BC_010,5,13,FEW-SHOT,Barras,Comparação,CONFORMING,CONFORMING,CONFORMING,CONFORMING,PENDING_BB,DIAGNOSTIC_OK,CONFORMING,NOT_APPLICABLE,CONFORMING,NO_FAILURE_SO_FAR,PENDING_FINALIZATION,AUTO_FROZEN,0.998305,0.069433
BC_010_R06.png,BC,BC_010,6,13,FEW-SHOT,Barras,Comparação,CONFORMING,CONFORMING,CONFORMING,CONFORMING,PENDING_BB,DIAGNOSTIC_OK,CONFORMING,NOT_APPLICABLE,CONFORMING,NO_FAILURE_SO_FAR,PENDING_FINALIZATION,AUTO_FROZEN,0.998305,0.069433
BC_010_R07.png,BC,BC_010,7,13,FEW-SHOT,Barras,Comparação,CONFORMING,CONFORMING,CONFORMING,CONFORMING,PENDING_BB,DIAGNOSTIC_OK,CONFORMING,NOT_APPLICABLE,CONFORMING,NO_FAILURE_SO_FAR,PENDING_FINALIZATION,AUTO_FROZEN,0.998737,0.068684
BC_010_R08.png,BC,BC_010,8,13,FEW-SHOT,Barras,Comparação,CONFORMING,CONFORMING,CONFORMING,CONFORMING,PENDING_BB,DIAGNOSTIC_OK,CONFORMING,NOT_APPLICABLE,CONFORMING,NO_FAILURE_SO_FAR,PENDING_FINALIZATION,AUTO_FROZEN,0.998305,0.069108
BC_010_R09.png,BC,BC_010,9,13,FEW-SHOT,Barras,Comparação,CONFORMING,CONFORMING,CONFORMING,CONFORMING,PENDING_BB,DIAGNOSTIC_OK,CONFORMING,NOT_APPLICABLE,CONFORMING,NO_FAILURE_SO_FAR,PENDING_FINALIZATION,AUTO_FROZEN,0.998737,0.068684
BC_010_R10.png,BC,BC_010,10,13,FEW-SHOT,Barras,Comparação,CONFORMING,CONFORMING,CONFORMING,CONFORMING,PENDING_BB,DIAGNOSTIC_OK,CONFORMING,NOT_APPLICABLE,CONFORMING,NO_FAILURE_SO_FAR,PENDING_FINALIZATION,AUTO_FROZEN,0.998305,0.069108
BC_011_R01.png,BC,BC_011,1,14,FEW-SHOT,Barras,Comparação,CONFORMING,CONFORMING,CONFORMING,CONFORMING,PENDING_BB,DIAGNOSTIC_OK,NOT_APPLICABLE,NOT_APPLICABLE,NOT_APPLICABLE,NO_FAILURE_SO_FAR,PENDING_FINALIZATION,AUTO_FROZEN,0.998897,0.070789
BC_011_R02.png,BC,BC_011,2,14,FEW-SHOT,Barras,Comparação,CONFORMING,CONFORMING,CONFORMING,CONFORMING,PENDING_BB,DIAGNOSTIC_OK,NOT_APPLICABLE,NOT_APPLICABLE,NOT_APPLICABLE,NO_FAILURE_SO_FAR,PENDING_FINALIZATION,AUTO_FROZEN,0.998758,0.049792
BC_011_R03.png,BC,BC_011,3,14,FEW-SHOT,Barras,Comparação,CONFORMING,UNEVALUABLE,CONFORMING,PENDING_FINAL_ADJUDICATION,PENDING_BB,DIAGNOSTIC_INCOMPLETE,NOT_APPLICABLE,NOT_APPLICABLE,NOT_APPLICABLE,PENDING_FINAL_ADJUDICATION,PENDING_FINALIZATION,REVIEW_REQUIRED,0.0,
BC_011_R04.png,BC,BC_011,4,14,FEW-SHOT,Barras,Comparação,CONFORMING,UNEVALUABLE,CONFORMING,PENDING_FINAL_ADJUDICATION,PENDING_BB,DIAGNOSTIC_INCOMPLETE,NOT_APPLICABLE,NOT_APPLICABLE,NOT_APPLICABLE,PENDING_FINAL_ADJUDICATION,PENDING_FINALIZATION,REVIEW_REQUIRED,0.0,
BC_011_R05.png,BC,BC_011,5,14,FEW-SHOT,Barras,Comparação,CONFORMING,UNEVALUABLE,CONFORMING,PENDING_FINAL_ADJUDICATION,PENDING_BB,DIAGNOSTIC_INCOMPLETE,NOT_APPLICABLE,NOT_APPLICABLE,NOT_APPLICABLE,PENDING_FINAL_ADJUDICATION,PENDING_FINALIZATION,REVIEW_REQUIRED,1.0,
BC_011_R06.png,BC,BC_011,6,14,FEW-SHOT,Barras,Comparação,CONFORMING,CONFORMING,CONFORMING,CONFORMING,PENDING_BB,DIAGNOSTIC_OK,NOT_APPLICABLE,NOT_APPLICABLE,NOT_APPLICABLE,NO_FAILURE_SO_FAR,PENDING_FINALIZATION,AUTO_FROZEN,0.998333,0.049375
BC_011_R07.png,BC,BC_011,7,14,FEW-SHOT,Barras,Comparação,CONFORMING,CONFORMING,CONFORMING,CONFORMING,PENDING_BB,DIAGNOSTIC_OK,NOT_APPLICABLE,NOT_APPLICABLE,NOT_APPLICABLE,NO_FAILURE_SO_FAR,PENDING_FINALIZATION,AUTO_FROZEN,0.998758,0.049792
BC_011_R08.png,BC,BC_011,8,14,FEW-SHOT,Barras,Comparação,CONFORMING,UNEVALUABLE,CONFORMING,PENDING_FINAL_ADJUDICATION,PENDING_BB,DIAGNOSTIC_INCOMPLETE,NOT_APPLICABLE,NOT_APPLICABLE,NOT_APPLICABLE,PENDING_FINAL_ADJUDICATION,PENDING_FINALIZATION,REVIEW_REQUIRED,0.0,
BC_011_R09.png,BC,BC_011,9,14,FEW-SHOT,Barras,Comparação,CONFORMING,UNEVALUABLE,CONFORMING,PENDING_FINAL_ADJUDICATION,PENDING_BB,DIAGNOSTIC_INCOMPLETE,NOT_APPLICABLE,NOT_APPLICABLE,NOT_APPLICABLE,PENDING_FINAL_ADJUDICATION,PENDING_FINALIZATION,REVIEW_REQUIRED,1.0,
BC_011_R10.png,BC,BC_011,10,14,FEW-SHOT,Barras,Comparação,CONFORMING,UNEVALUABLE,CONFORMING,PENDING_FINAL_ADJUDICATION,PENDING_BB,DIAGNOSTIC_INCOMPLETE,NOT_APPLICABLE,NOT_APPLICABLE,NOT_APPLICABLE,PENDING_FINAL_ADJUDICATION,PENDING_FINALIZATION,REVIEW_REQUIRED,1.0,
BC_012_R01.png,BC,BC_012,1,15,FEW-SHOT,Barras,Comparação,CONFORMING,CONFORMING,CONFORMING,CONFORMING,PENDING_BB,DIAGNOSTIC_OK,CONFORMING,NOT_APPLICABLE,NOT_APPLICABLE,NO_FAILURE_SO_FAR,PENDING_FINALIZATION,AUTO_FROZEN,0.998897,0.070789
BC_012_R02.png,BC,BC_012,2,15,FEW-SHOT,Barras,Comparação,CONFORMING,CONFORMING,CONFORMING,CONFORMING,PENDING_BB,DIAGNOSTIC_OK,CONFORMING,NOT_APPLICABLE,NOT_APPLICABLE,NO_FAILURE_SO_FAR,PENDING_FINALIZATION,AUTO_FROZEN,0.998881,0.082382
BC_012_R03.png,BC,BC_012,3,15,FEW-SHOT,Barras,Comparação,CONFORMING,CONFORMING,CONFORMING,CONFORMING,PENDING_BB,DIAGNOSTIC_OK,CONFORMING,NOT_APPLICABLE,NOT_APPLICABLE,NO_FAILURE_SO_FAR,PENDING_FINALIZATION,AUTO_FROZEN,0.998498,0.069976
BC_012_R04.png,BC,BC_012,4,15,FEW-SHOT,Barras,Comparação,CONFORMING,CONFORMING,CONFORMING,CONFORMING,PENDING_BB,DIAGNOSTIC_OK,CONFORMING,NOT_APPLICABLE,NOT_APPLICABLE,NO_FAILURE_SO_FAR,PENDING_FINALIZATION,AUTO_FROZEN,0.998881,0.082382
BC_012_R05.png,BC,BC_012,5,15,FEW-SHOT,Barras,Comparação,CONFORMING,CONFORMING,CONFORMING,CONFORMING,PENDING_BB,DIAGNOSTIC_OK,CONFORMING,NOT_APPLICABLE,NOT_APPLICABLE,NO_FAILURE_SO_FAR,PENDING_FINALIZATION,AUTO_FROZEN,0.998498,0.069976
BC_012_R06.png,BC,BC_012,6,15,FEW-SHOT,Barras,Comparação,CONFORMING,CONFORMING,CONFORMING,CONFORMING,PENDING_BB,DIAGNOSTIC_OK,CONFORMING,NOT_APPLICABLE,NOT_APPLICABLE,NO_FAILURE_SO_FAR,PENDING_FINALIZATION,AUTO_FROZEN,0.998881,0.082382
BC_012_R07.png,BC,BC_012,7,15,FEW-SHOT,Barras,Comparação,CONFORMING,CONFORMING,CONFORMING,CONFORMING,PENDING_BB,DIAGNOSTIC_OK,CONFORMING,NOT_APPLICABLE,NOT_APPLICABLE,NO_FAILURE_SO_FAR,PENDING_FINALIZATION,AUTO_FROZEN,0.998746,0.071818
BC_012_R08.png,BC,BC_012,8,15,FEW-SHOT,Barras,Comparação,CONFORMING,CONFORMING,CONFORMING,CONFORMING,PENDING_BB,DIAGNOSTIC_OK,CONFORMING,NOT_APPLICABLE,NOT_APPLICABLE,NO_FAILURE_SO_FAR,PENDING_FINALIZATION,AUTO_FROZEN,0.998318,0.077727
BC_012_R09.png,BC,BC_012,9,15,FEW-SHOT,Barras,Comparação,CONFORMING,CONFORMING,CONFORMING,CONFORMING,PENDING_BB,DIAGNOSTIC_OK,CONFORMING,NOT_APPLICABLE,NOT_APPLICABLE,NO_FAILURE_SO_FAR,PENDING_FINALIZATION,AUTO_FROZEN,0.998746,0.078147
BC_012_R10.png,BC,BC_012,10,15,FEW-SHOT,Barras,Comparação,CONFORMING,CONFORMING,CONFORMING,CONFORMING,PENDING_BB,DIAGNOSTIC_OK,CONFORMING,NOT_APPLICABLE,NOT_APPLICABLE,NO_FAILURE_SO_FAR,PENDING_FINALIZATION,AUTO_FROZEN,0.998318,0.090069
BC_013_R01.png,BC,BC_013,1,16,FEW-SHOT,Barras,Comparação,CONFORMING,CONFORMING,CONFORMING,CONFORMING,PENDING_BB,DIAGNOSTIC_OK,NOT_APPLICABLE,NOT_APPLICABLE,NOT_APPLICABLE,NO_FAILURE_SO_FAR,PENDING_FINALIZATION,AUTO_FROZEN,0.813095,0.075425
BC_013_R02.png,BC,BC_013,2,16,FEW-SHOT,Barras,Comparação,CONFORMING,CONFORMING,CONFORMING,CONFORMING,PENDING_BB,DIAGNOSTIC_OK,NOT_APPLICABLE,NOT_APPLICABLE,NOT_APPLICABLE,NO_FAILURE_SO_FAR,PENDING_FINALIZATION,AUTO_FROZEN,0.998746,0.080271
BC_013_R03.png,BC,BC_013,3,16,FEW-SHOT,Barras,Comparação,CONFORMING,CONFORMING,CONFORMING,CONFORMING,PENDING_BB,DIAGNOSTIC_OK,NOT_APPLICABLE,NOT_APPLICABLE,NOT_APPLICABLE,NO_FAILURE_SO_FAR,PENDING_FINALIZATION,AUTO_FROZEN,0.998318,0.079218
BC_013_R04.png,BC,BC_013,4,16,FEW-SHOT,Barras,Comparação,CONFORMING,CONFORMING,CONFORMING,CONFORMING,PENDING_BB,DIAGNOSTIC_OK,NOT_APPLICABLE,NOT_APPLICABLE,NOT_APPLICABLE,NO_FAILURE_SO_FAR,PENDING_FINALIZATION,AUTO_FROZEN,0.998318,0.079851
BC_013_R05.png,BC,BC_013,5,16,FEW-SHOT,Barras,Comparação,CONFORMING,CONFORMING,CONFORMING,CONFORMING,PENDING_BB,DIAGNOSTIC_OK,NOT_APPLICABLE,NOT_APPLICABLE,NOT_APPLICABLE,NO_FAILURE_SO_FAR,PENDING_FINALIZATION,AUTO_FROZEN,0.998746,0.080271
BC_013_R06.png,BC,BC_013,6,16,FEW-SHOT,Barras,Comparação,CONFORMING,CONFORMING,CONFORMING,CONFORMING,PENDING_BB,DIAGNOSTIC_OK,NOT_APPLICABLE,NOT_APPLICABLE,NOT_APPLICABLE,NO_FAILURE_SO_FAR,PENDING_FINALIZATION,AUTO_FROZEN,0.998318,0.079218
BC_013_R07.png,BC,BC_013,7,16,FEW-SHOT,Barras,Comparação,CONFORMING,CONFORMING,CONFORMING,CONFORMING,PENDING_BB,DIAGNOSTIC_OK,NOT_APPLICABLE,NOT_APPLICABLE,NOT_APPLICABLE,NO_FAILURE_SO_FAR,PENDING_FINALIZATION,AUTO_FROZEN,0.998318,0.079851
BC_013_R08.png,BC,BC_013,8,16,FEW-SHOT,Barras,Comparação,CONFORMING,CONFORMING,CONFORMING,CONFORMING,PENDING_BB,DIAGNOSTIC_OK,NOT_APPLICABLE,NOT_APPLICABLE,NOT_APPLICABLE,NO_FAILURE_SO_FAR,PENDING_FINALIZATION,AUTO_FROZEN,1.0,0.080271
BC_013_R09.png,BC,BC_013,9,16,FEW-SHOT,Barras,Comparação,CONFORMING,UNEVALUABLE,CONFORMING,PENDING_FINAL_ADJUDICATION,PENDING_BB,DIAGNOSTIC_INCOMPLETE,NOT_APPLICABLE,NOT_APPLICABLE,NOT_APPLICABLE,PENDING_FINAL_ADJUDICATION,PENDING_FINALIZATION,REVIEW_REQUIRED,1.0,
BC_013_R10.png,BC,BC_013,10,16,FEW-SHOT,Barras,Comparação,CONFORMING,CONFORMING,CONFORMING,CONFORMING,PENDING_BB,DIAGNOSTIC_OK,NOT_APPLICABLE,NOT_APPLICABLE,NOT_APPLICABLE,NO_FAILURE_SO_FAR,PENDING_FINALIZATION,AUTO_FROZEN,1.0,0.07943
BC_014_R01.png,BC,BC_014,1,1,HIBRIDO,Barras,Comparação,CONFORMING,CONFORMING,CONFORMING,CONFORMING,PENDING_BB,DIAGNOSTIC_OK,NOT_APPLICABLE,NOT_APPLICABLE,NOT_APPLICABLE,NO_FAILURE_SO_FAR,PENDING_FINALIZATION,AUTO_FROZEN,0.998316,0.075652
BC_014_R02.png,BC,BC_014,2,1,HIBRIDO,Barras,Comparação,CONFORMING,CONFORMING,CONFORMING,CONFORMING,PENDING_BB,DIAGNOSTIC_OK,NOT_APPLICABLE,NOT_APPLICABLE,NOT_APPLICABLE,NO_FAILURE_SO_FAR,PENDING_FINALIZATION,AUTO_FROZEN,0.998725,0.071758
BC_014_R03.png,BC,BC_014,3,1,HIBRIDO,Barras,Comparação,CONFORMING,CONFORMING,CONFORMING,CONFORMING,PENDING_BB,DIAGNOSTIC_OK,NOT_APPLICABLE,NOT_APPLICABLE,NOT_APPLICABLE,NO_FAILURE_SO_FAR,PENDING_FINALIZATION,AUTO_FROZEN,0.998725,0.071758
BC_014_R04.png,BC,BC_014,4,1,HIBRIDO,Barras,Comparação,CONFORMING,CONFORMING,CONFORMING,CONFORMING,PENDING_BB,DIAGNOSTIC_OK,NOT_APPLICABLE,NOT_APPLICABLE,NOT_APPLICABLE,NO_FAILURE_SO_FAR,PENDING_FINALIZATION,AUTO_FROZEN,0.998725,0.071758
BC_014_R05.png,BC,BC_014,5,1,HIBRIDO,Barras,Comparação,CONFORMING,CONFORMING,CONFORMING,CONFORMING,PENDING_BB,DIAGNOSTIC_OK,NOT_APPLICABLE,NOT_APPLICABLE,NOT_APPLICABLE,NO_FAILURE_SO_FAR,PENDING_FINALIZATION,AUTO_FROZEN,0.998725,0.071758
BC_014_R06.png,BC,BC_014,6,1,HIBRIDO,Barras,Comparação,CONFORMING,CONFORMING,CONFORMING,CONFORMING,PENDING_BB,DIAGNOSTIC_OK,NOT_APPLICABLE,NOT_APPLICABLE,NOT_APPLICABLE,NO_FAILURE_SO_FAR,PENDING_FINALIZATION,AUTO_FROZEN,0.998725,0.071758
BC_014_R07.png,BC,BC_014,7,1,HIBRIDO,Barras,Comparação,NONCONFORMING,CONFORMING,NONCONFORMING,PENDING_FINAL_ADJUDICATION,PENDING_BB,DIAGNOSTIC_OK,NOT_APPLICABLE,NOT_APPLICABLE,NOT_APPLICABLE,NONCONFORMING,NONCONFORMING,REVIEW_REQUIRED,1.0,0.078372
BC_014_R08.png,BC,BC_014,8,1,HIBRIDO,Barras,Comparação,CONFORMING,CONFORMING,CONFORMING,CONFORMING,PENDING_BB,DIAGNOSTIC_OK,NOT_APPLICABLE,NOT_APPLICABLE,NOT_APPLICABLE,NO_FAILURE_SO_FAR,PENDING_FINALIZATION,AUTO_FROZEN,0.998662,0.070905
BC_014_R09.png,BC,BC_014,9,1,HIBRIDO,Barras,Comparação,CONFORMING,CONFORMING,CONFORMING,CONFORMING,PENDING_BB,DIAGNOSTIC_OK,NOT_APPLICABLE,NOT_APPLICABLE,NOT_APPLICABLE,NO_FAILURE_SO_FAR,PENDING_FINALIZATION,AUTO_FROZEN,0.998662,0.070905
BC_014_R10.png,BC,BC_014,10,1,HIBRIDO,Barras,Comparação,CONFORMING,CONFORMING,CONFORMING,CONFORMING,PENDING_BB,DIAGNOSTIC_OK,NOT_APPLICABLE,NOT_APPLICABLE,NOT_APPLICABLE,NO_FAILURE_SO_FAR,PENDING_FINALIZATION,AUTO_FROZEN,0.998662,0.070905
BC_015_R01.png,BC,BC_015,1,4,HIBRIDO,Barras,Comparação,CONFORMING,CONFORMING,CONFORMING,CONFORMING,PENDING_BB,DIAGNOSTIC_OK,NONCONFORMING,NOT_APPLICABLE,NOT_APPLICABLE,NONCONFORMING,NONCONFORMING,AUTO_FROZEN,0.998746,0.064712
BC_015_R02.png,BC,BC_015,2,4,HIBRIDO,Barras,Comparação,CONFORMING,CONFORMING,CONFORMING,CONFORMING,PENDING_BB,DIAGNOSTIC_OK,NONCONFORMING,NOT_APPLICABLE,NOT_APPLICABLE,NONCONFORMING,NONCONFORMING,AUTO_FROZEN,0.999286,0.049041
BC_015_R03.png,BC,BC_015,3,4,HIBRIDO,Barras,Comparação,CONFORMING,CONFORMING,CONFORMING,CONFORMING,PENDING_BB,DIAGNOSTIC_OK,NONCONFORMING,NOT_APPLICABLE,NOT_APPLICABLE,NONCONFORMING,NONCONFORMING,AUTO_FROZEN,0.999286,0.035308
BC_015_R04.png,BC,BC_015,4,4,HIBRIDO,Barras,Comparação,CONFORMING,CONFORMING,CONFORMING,CONFORMING,PENDING_BB,DIAGNOSTIC_OK,NONCONFORMING,NOT_APPLICABLE,NOT_APPLICABLE,NONCONFORMING,NONCONFORMING,AUTO_FROZEN,0.999286,0.028969
BC_015_R05.png,BC,BC_015,5,4,HIBRIDO,Barras,Comparação,CONFORMING,CONFORMING,CONFORMING,CONFORMING,PENDING_BB,DIAGNOSTIC_OK,NONCONFORMING,NOT_APPLICABLE,NOT_APPLICABLE,NONCONFORMING,NONCONFORMING,AUTO_FROZEN,0.999286,0.035308
BC_015_R06.png,BC,BC_015,6,4,HIBRIDO,Barras,Comparação,CONFORMING,CONFORMING,CONFORMING,CONFORMING,PENDING_BB,DIAGNOSTIC_OK,NONCONFORMING,NOT_APPLICABLE,NOT_APPLICABLE,NONCONFORMING,NONCONFORMING,AUTO_FROZEN,0.999286,0.034021
BC_015_R07.png,BC,BC_015,7,4,HIBRIDO,Barras,Comparação,CONFORMING,CONFORMING,CONFORMING,CONFORMING,PENDING_BB,DIAGNOSTIC_OK,NONCONFORMING,NOT_APPLICABLE,NOT_APPLICABLE,NONCONFORMING,NONCONFORMING,AUTO_FROZEN,0.998758,0.055208
BC_015_R08.png,BC,BC_015,8,4,HIBRIDO,Barras,Comparação,CONFORMING,CONFORMING,CONFORMING,CONFORMING,PENDING_BB,DIAGNOSTIC_OK,NONCONFORMING,NOT_APPLICABLE,NOT_APPLICABLE,NONCONFORMING,NONCONFORMING,AUTO_FROZEN,0.998758,0.055208
BC_015_R09.png,BC,BC_015,9,4,HIBRIDO,Barras,Comparação,CONFORMING,CONFORMING,CONFORMING,CONFORMING,PENDING_BB,DIAGNOSTIC_OK,NONCONFORMING,NOT_APPLICABLE,NOT_APPLICABLE,NONCONFORMING,NONCONFORMING,AUTO_FROZEN,0.797324,0.052708
BC_015_R10.png,BC,BC_015,10,4,HIBRIDO,Barras,Comparação,CONFORMING,CONFORMING,CONFORMING,CONFORMING,PENDING_BB,DIAGNOSTIC_OK,NONCONFORMING,NOT_APPLICABLE,NOT_APPLICABLE,NONCONFORMING,NONCONFORMING,AUTO_FROZEN,1.0,0.053542
BC_016_R01.png,BC,BC_016,1,6,HIBRIDO,Barras,Comparação,CONFORMING,CONFORMING,CONFORMING,CONFORMING,PENDING_BB,DIAGNOSTIC_OK,CONFORMING,NOT_APPLICABLE,NOT_APPLICABLE,NO_FAILURE_SO_FAR,PENDING_FINALIZATION,AUTO_FROZEN,0.998664,0.060253
BC_016_R02.png,BC,BC_016,2,6,HIBRIDO,Barras,Comparação,CONFORMING,CONFORMING,CONFORMING,CONFORMING,PENDING_BB,DIAGNOSTIC_OK,CONFORMING,NOT_APPLICABLE,NOT_APPLICABLE,NO_FAILURE_SO_FAR,PENDING_FINALIZATION,AUTO_FROZEN,0.998758,0.046771
BC_016_R03.png,BC,BC_016,3,6,HIBRIDO,Barras,Comparação,CONFORMING,CONFORMING,CONFORMING,CONFORMING,PENDING_BB,DIAGNOSTIC_OK,CONFORMING,NOT_APPLICABLE,NOT_APPLICABLE,NO_FAILURE_SO_FAR,PENDING_FINALIZATION,AUTO_FROZEN,0.998758,0.046771
BC_016_R04.png,BC,BC_016,4,6,HIBRIDO,Barras,Comparação,CONFORMING,CONFORMING,CONFORMING,CONFORMING,PENDING_BB,DIAGNOSTIC_OK,CONFORMING,NOT_APPLICABLE,NOT_APPLICABLE,NO_FAILURE_SO_FAR,PENDING_FINALIZATION,AUTO_FROZEN,0.998758,0.046771
BC_016_R05.png,BC,BC_016,5,6,HIBRIDO,Barras,Comparação,CONFORMING,CONFORMING,CONFORMING,CONFORMING,PENDING_BB,DIAGNOSTIC_OK,CONFORMING,NOT_APPLICABLE,NOT_APPLICABLE,NO_FAILURE_SO_FAR,PENDING_FINALIZATION,AUTO_FROZEN,0.998758,0.046771
BC_016_R06.png,BC,BC_016,6,6,HIBRIDO,Barras,Comparação,CONFORMING,CONFORMING,CONFORMING,CONFORMING,PENDING_BB,DIAGNOSTIC_OK,CONFORMING,NOT_APPLICABLE,NOT_APPLICABLE,NO_FAILURE_SO_FAR,PENDING_FINALIZATION,AUTO_FROZEN,0.998758,0.046771
BC_016_R07.png,BC,BC_016,7,6,HIBRIDO,Barras,Comparação,CONFORMING,CONFORMING,CONFORMING,CONFORMING,PENDING_BB,DIAGNOSTIC_OK,NONCONFORMING,NOT_APPLICABLE,NOT_APPLICABLE,NONCONFORMING,NONCONFORMING,AUTO_FROZEN,0.998333,0.051667
BC_016_R08.png,BC,BC_016,8,6,HIBRIDO,Barras,Comparação,CONFORMING,CONFORMING,CONFORMING,CONFORMING,PENDING_BB,DIAGNOSTIC_OK,NONCONFORMING,NOT_APPLICABLE,NOT_APPLICABLE,NONCONFORMING,NONCONFORMING,AUTO_FROZEN,0.998333,0.051667
BC_016_R09.png,BC,BC_016,9,6,HIBRIDO,Barras,Comparação,CONFORMING,CONFORMING,CONFORMING,CONFORMING,PENDING_BB,DIAGNOSTIC_OK,CONFORMING,NOT_APPLICABLE,NOT_APPLICABLE,NO_FAILURE_SO_FAR,PENDING_FINALIZATION,AUTO_FROZEN,0.998333,0.051667
BC_016_R10.png,BC,BC_016,10,6,HIBRIDO,Barras,Comparação,CONFORMING,CONFORMING,CONFORMING,CONFORMING,PENDING_BB,DIAGNOSTIC_OK,CONFORMING,NOT_APPLICABLE,NOT_APPLICABLE,NO_FAILURE_SO_FAR,PENDING_FINALIZATION,AUTO_FROZEN,0.998333,0.051667
BC_017_R01.png,BC,BC_017,1,7,HIBRIDO,Barras,Comparação,CONFORMING,CONFORMING,CONFORMING,CONFORMING,PENDING_BB,DIAGNOSTIC_OK,NOT_APPLICABLE,NOT_APPLICABLE,NOT_APPLICABLE,NO_FAILURE_SO_FAR,PENDING_FINALIZATION,AUTO_FROZEN,0.998701,0.053008
BC_017_R02.png,BC,BC_017,2,7,HIBRIDO,Barras,Comparação,CONFORMING,CONFORMING,CONFORMING,CONFORMING,PENDING_BB,DIAGNOSTIC_OK,NOT_APPLICABLE,NOT_APPLICABLE,NOT_APPLICABLE,NO_FAILURE_SO_FAR,PENDING_FINALIZATION,AUTO_FROZEN,0.998763,0.067205
BC_017_R03.png,BC,BC_017,3,7,HIBRIDO,Barras,Comparação,CONFORMING,CONFORMING,CONFORMING,CONFORMING,PENDING_BB,DIAGNOSTIC_OK,NOT_APPLICABLE,NOT_APPLICABLE,NOT_APPLICABLE,NO_FAILURE_SO_FAR,PENDING_FINALIZATION,AUTO_FROZEN,0.998763,0.067205
BC_017_R04.png,BC,BC_017,4,7,HIBRIDO,Barras,Comparação,CONFORMING,CONFORMING,CONFORMING,CONFORMING,PENDING_BB,DIAGNOSTIC_OK,NOT_APPLICABLE,NOT_APPLICABLE,NOT_APPLICABLE,NO_FAILURE_SO_FAR,PENDING_FINALIZATION,AUTO_FROZEN,0.998763,0.067205
BC_017_R05.png,BC,BC_017,5,7,HIBRIDO,Barras,Comparação,CONFORMING,CONFORMING,CONFORMING,CONFORMING,PENDING_BB,DIAGNOSTIC_OK,NOT_APPLICABLE,NOT_APPLICABLE,NOT_APPLICABLE,NO_FAILURE_SO_FAR,PENDING_FINALIZATION,AUTO_FROZEN,0.998763,0.067205
BC_017_R06.png,BC,BC_017,6,7,HIBRIDO,Barras,Comparação,CONFORMING,CONFORMING,CONFORMING,CONFORMING,PENDING_BB,DIAGNOSTIC_OK,NOT_APPLICABLE,NOT_APPLICABLE,NOT_APPLICABLE,NO_FAILURE_SO_FAR,PENDING_FINALIZATION,AUTO_FROZEN,0.998763,0.067205
BC_017_R07.png,BC,BC_017,7,7,HIBRIDO,Barras,Comparação,CONFORMING,CONFORMING,CONFORMING,CONFORMING,PENDING_BB,DIAGNOSTIC_OK,NOT_APPLICABLE,NOT_APPLICABLE,NOT_APPLICABLE,NO_FAILURE_SO_FAR,PENDING_FINALIZATION,AUTO_FROZEN,0.998758,0.118333
BC_017_R08.png,BC,BC_017,8,7,HIBRIDO,Barras,Comparação,CONFORMING,CONFORMING,CONFORMING,CONFORMING,PENDING_BB,DIAGNOSTIC_OK,NOT_APPLICABLE,NOT_APPLICABLE,NOT_APPLICABLE,NO_FAILURE_SO_FAR,PENDING_FINALIZATION,AUTO_FROZEN,0.998758,0.118333
BC_017_R09.png,BC,BC_017,9,7,HIBRIDO,Barras,Comparação,CONFORMING,CONFORMING,CONFORMING,CONFORMING,PENDING_BB,DIAGNOSTIC_OK,NOT_APPLICABLE,NOT_APPLICABLE,NOT_APPLICABLE,NO_FAILURE_SO_FAR,PENDING_FINALIZATION,AUTO_FROZEN,0.998758,0.118333
BC_017_R10.png,BC,BC_017,10,7,HIBRIDO,Barras,Comparação,CONFORMING,CONFORMING,CONFORMING,CONFORMING,PENDING_BB,DIAGNOSTIC_OK,NOT_APPLICABLE,NOT_APPLICABLE,NOT_APPLICABLE,NO_FAILURE_SO_FAR,PENDING_FINALIZATION,AUTO_FROZEN,0.998758,0.118333
BC_018_R01.png,BC,BC_018,1,8,HIBRIDO,Barras,Comparação,CONFORMING,CONFORMING,CONFORMING,CONFORMING,PENDING_BB,DIAGNOSTIC_OK,NOT_APPLICABLE,NOT_APPLICABLE,NOT_APPLICABLE,NO_FAILURE_SO_FAR,PENDING_FINALIZATION,AUTO_FROZEN,0.998924,0.071542
BC_018_R02.png,BC,BC_018,2,8,HIBRIDO,Barras,Comparação,CONFORMING,CONFORMING,CONFORMING,CONFORMING,PENDING_BB,DIAGNOSTIC_OK,NOT_APPLICABLE,NOT_APPLICABLE,NOT_APPLICABLE,NO_FAILURE_SO_FAR,PENDING_FINALIZATION,AUTO_FROZEN,0.998722,0.081082
BC_018_R03.png,BC,BC_018,3,8,HIBRIDO,Barras,Comparação,CONFORMING,CONFORMING,CONFORMING,CONFORMING,PENDING_BB,DIAGNOSTIC_OK,NOT_APPLICABLE,NOT_APPLICABLE,NOT_APPLICABLE,NO_FAILURE_SO_FAR,PENDING_FINALIZATION,AUTO_FROZEN,0.998318,0.078487
BC_018_R04.png,BC,BC_018,4,8,HIBRIDO,Barras,Comparação,CONFORMING,CONFORMING,CONFORMING,CONFORMING,PENDING_BB,DIAGNOSTIC_OK,NOT_APPLICABLE,NOT_APPLICABLE,NOT_APPLICABLE,NO_FAILURE_SO_FAR,PENDING_FINALIZATION,AUTO_FROZEN,0.998318,0.078487
BC_018_R05.png,BC,BC_018,5,8,HIBRIDO,Barras,Comparação,CONFORMING,CONFORMING,CONFORMING,CONFORMING,PENDING_BB,DIAGNOSTIC_OK,NOT_APPLICABLE,NOT_APPLICABLE,NOT_APPLICABLE,NO_FAILURE_SO_FAR,PENDING_FINALIZATION,AUTO_FROZEN,0.998318,0.078487
BC_018_R06.png,BC,BC_018,6,8,HIBRIDO,Barras,Comparação,CONFORMING,CONFORMING,CONFORMING,CONFORMING,PENDING_BB,DIAGNOSTIC_OK,NOT_APPLICABLE,NOT_APPLICABLE,NOT_APPLICABLE,NO_FAILURE_SO_FAR,PENDING_FINALIZATION,AUTO_FROZEN,0.998318,0.078487
BC_018_R07.png,BC,BC_018,7,8,HIBRIDO,Barras,Comparação,CONFORMING,CONFORMING,CONFORMING,CONFORMING,PENDING_BB,DIAGNOSTIC_OK,NOT_APPLICABLE,NOT_APPLICABLE,NOT_APPLICABLE,NO_FAILURE_SO_FAR,PENDING_FINALIZATION,AUTO_FROZEN,0.998318,0.078487
BC_018_R08.png,BC,BC_018,8,8,HIBRIDO,Barras,Comparação,CONFORMING,CONFORMING,CONFORMING,CONFORMING,PENDING_BB,DIAGNOSTIC_OK,NOT_APPLICABLE,NOT_APPLICABLE,NOT_APPLICABLE,NO_FAILURE_SO_FAR,PENDING_FINALIZATION,AUTO_FROZEN,0.998722,0.081082
BC_018_R09.png,BC,BC_018,9,8,HIBRIDO,Barras,Comparação,CONFORMING,CONFORMING,CONFORMING,CONFORMING,PENDING_BB,DIAGNOSTIC_OK,NOT_APPLICABLE,NOT_APPLICABLE,NOT_APPLICABLE,NO_FAILURE_SO_FAR,PENDING_FINALIZATION,AUTO_FROZEN,0.998722,0.081082
BC_018_R10.png,BC,BC_018,10,8,HIBRIDO,Barras,Comparação,CONFORMING,CONFORMING,CONFORMING,CONFORMING,PENDING_BB,DIAGNOSTIC_OK,NOT_APPLICABLE,NOT_APPLICABLE,NOT_APPLICABLE,NO_FAILURE_SO_FAR,PENDING_FINALIZATION,AUTO_FROZEN,0.998722,0.081082
BC_019_R01.png,BC,BC_019,1,9,HIBRIDO,Barras,Comparação,CONFORMING,CONFORMING,CONFORMING,CONFORMING,PENDING_BB,DIAGNOSTIC_OK,CONFORMING,NOT_APPLICABLE,CONFORMING,NO_FAILURE_SO_FAR,PENDING_FINALIZATION,AUTO_FROZEN,0.699843,0.052431
BC_019_R02.png,BC,BC_019,2,9,HIBRIDO,Barras,Comparação,CONFORMING,CONFORMING,CONFORMING,CONFORMING,PENDING_BB,DIAGNOSTIC_OK,CONFORMING,NOT_APPLICABLE,CONFORMING,NO_FAILURE_SO_FAR,PENDING_FINALIZATION,AUTO_FROZEN,0.866035,0.060729
BC_019_R03.png,BC,BC_019,3,9,HIBRIDO,Barras,Comparação,CONFORMING,CONFORMING,CONFORMING,CONFORMING,PENDING_BB,DIAGNOSTIC_OK,CONFORMING,NOT_APPLICABLE,CONFORMING,NO_FAILURE_SO_FAR,PENDING_FINALIZATION,AUTO_FROZEN,0.866035,0.060729
BC_019_R04.png,BC,BC_019,4,9,HIBRIDO,Barras,Comparação,CONFORMING,CONFORMING,CONFORMING,CONFORMING,PENDING_BB,DIAGNOSTIC_OK,CONFORMING,NOT_APPLICABLE,CONFORMING,NO_FAILURE_SO_FAR,PENDING_FINALIZATION,AUTO_FROZEN,0.866035,0.060729
BC_019_R05.png,BC,BC_019,5,9,HIBRIDO,Barras,Comparação,CONFORMING,CONFORMING,CONFORMING,CONFORMING,PENDING_BB,DIAGNOSTIC_OK,CONFORMING,NOT_APPLICABLE,CONFORMING,NO_FAILURE_SO_FAR,PENDING_FINALIZATION,AUTO_FROZEN,0.866035,0.060729
BC_019_R06.png,BC,BC_019,6,9,HIBRIDO,Barras,Comparação,CONFORMING,CONFORMING,CONFORMING,CONFORMING,PENDING_BB,DIAGNOSTIC_OK,CONFORMING,NOT_APPLICABLE,CONFORMING,NO_FAILURE_SO_FAR,PENDING_FINALIZATION,AUTO_FROZEN,0.866035,0.060729
BC_019_R07.png,BC,BC_019,7,9,HIBRIDO,Barras,Comparação,CONFORMING,CONFORMING,CONFORMING,CONFORMING,PENDING_BB,DIAGNOSTIC_OK,CONFORMING,NOT_APPLICABLE,CONFORMING,NO_FAILURE_SO_FAR,PENDING_FINALIZATION,AUTO_FROZEN,0.773786,0.051901
BC_019_R08.png,BC,BC_019,8,9,HIBRIDO,Barras,Comparação,CONFORMING,CONFORMING,CONFORMING,CONFORMING,PENDING_BB,DIAGNOSTIC_OK,CONFORMING,NOT_APPLICABLE,CONFORMING,NO_FAILURE_SO_FAR,PENDING_FINALIZATION,AUTO_FROZEN,0.773786,0.051901
BC_019_R09.png,BC,BC_019,9,9,HIBRIDO,Barras,Comparação,CONFORMING,CONFORMING,CONFORMING,CONFORMING,PENDING_BB,DIAGNOSTIC_OK,CONFORMING,NOT_APPLICABLE,CONFORMING,NO_FAILURE_SO_FAR,PENDING_FINALIZATION,AUTO_FROZEN,0.773786,0.051901
BC_019_R10.png,BC,BC_019,10,9,HIBRIDO,Barras,Comparação,CONFORMING,CONFORMING,CONFORMING,CONFORMING,PENDING_BB,DIAGNOSTIC_OK,CONFORMING,NOT_APPLICABLE,CONFORMING,NO_FAILURE_SO_FAR,PENDING_FINALIZATION,AUTO_FROZEN,0.773786,0.051901
BC_020_R01.png,BC,BC_020,1,10,HIBRIDO,Barras,Comparação,CONFORMING,CONFORMING,CONFORMING,CONFORMING,PENDING_BB,DIAGNOSTIC_OK,NONCONFORMING,NOT_APPLICABLE,NONCONFORMING,NONCONFORMING,NONCONFORMING,AUTO_FROZEN,0.809173,0.085853
BC_020_R02.png,BC,BC_020,2,10,HIBRIDO,Barras,Comparação,CONFORMING,CONFORMING,CONFORMING,CONFORMING,PENDING_BB,DIAGNOSTIC_OK,CONFORMING,NOT_APPLICABLE,CONFORMING,NO_FAILURE_SO_FAR,PENDING_FINALIZATION,AUTO_FROZEN,1.0,0.07627
BC_020_R03.png,BC,BC_020,3,10,HIBRIDO,Barras,Comparação,CONFORMING,CONFORMING,CONFORMING,CONFORMING,PENDING_BB,DIAGNOSTIC_OK,CONFORMING,NOT_APPLICABLE,CONFORMING,NO_FAILURE_SO_FAR,PENDING_FINALIZATION,AUTO_FROZEN,1.0,0.07627
BC_020_R04.png,BC,BC_020,4,10,HIBRIDO,Barras,Comparação,CONFORMING,CONFORMING,CONFORMING,CONFORMING,PENDING_BB,DIAGNOSTIC_OK,CONFORMING,NOT_APPLICABLE,CONFORMING,NO_FAILURE_SO_FAR,PENDING_FINALIZATION,AUTO_FROZEN,1.0,0.07627
BC_020_R05.png,BC,BC_020,5,10,HIBRIDO,Barras,Comparação,CONFORMING,CONFORMING,CONFORMING,CONFORMING,PENDING_BB,DIAGNOSTIC_OK,CONFORMING,NOT_APPLICABLE,CONFORMING,NO_FAILURE_SO_FAR,PENDING_FINALIZATION,AUTO_FROZEN,1.0,0.07627
BC_020_R06.png,BC,BC_020,6,10,HIBRIDO,Barras,Comparação,CONFORMING,CONFORMING,CONFORMING,CONFORMING,PENDING_BB,DIAGNOSTIC_OK,CONFORMING,NOT_APPLICABLE,CONFORMING,NO_FAILURE_SO_FAR,PENDING_FINALIZATION,AUTO_FROZEN,1.0,0.07627
BC_020_R07.png,BC,BC_020,7,10,HIBRIDO,Barras,Comparação,CONFORMING,CONFORMING,CONFORMING,CONFORMING,PENDING_BB,DIAGNOSTIC_OK,CONFORMING,NOT_APPLICABLE,CONFORMING,NO_FAILURE_SO_FAR,PENDING_FINALIZATION,AUTO_FROZEN,0.9455,0.075843
BC_020_R08.png,BC,BC_020,8,10,HIBRIDO,Barras,Comparação,CONFORMING,CONFORMING,CONFORMING,CONFORMING,PENDING_BB,DIAGNOSTIC_OK,CONFORMING,NOT_APPLICABLE,CONFORMING,NO_FAILURE_SO_FAR,PENDING_FINALIZATION,AUTO_FROZEN,0.9455,0.075843
BC_020_R09.png,BC,BC_020,9,10,HIBRIDO,Barras,Comparação,CONFORMING,CONFORMING,CONFORMING,CONFORMING,PENDING_BB,DIAGNOSTIC_OK,CONFORMING,NOT_APPLICABLE,CONFORMING,NO_FAILURE_SO_FAR,PENDING_FINALIZATION,AUTO_FROZEN,0.9455,0.075843
BC_020_R10.png,BC,BC_020,10,10,HIBRIDO,Barras,Comparação,CONFORMING,CONFORMING,CONFORMING,CONFORMING,PENDING_BB,DIAGNOSTIC_OK,CONFORMING,NOT_APPLICABLE,CONFORMING,NO_FAILURE_SO_FAR,PENDING_FINALIZATION,AUTO_FROZEN,0.9455,0.075843
BC_021_R01.png,BC,BC_021,1,11,HIBRIDO,Barras,Comparação,CONFORMING,CONFORMING,CONFORMING,CONFORMING,PENDING_BB,DIAGNOSTIC_OK,NOT_APPLICABLE,NOT_APPLICABLE,NOT_APPLICABLE,NO_FAILURE_SO_FAR,PENDING_FINALIZATION,AUTO_FROZEN,0.998318,0.083971
BC_021_R02.png,BC,BC_021,2,11,HIBRIDO,Barras,Comparação,CONFORMING,CONFORMING,CONFORMING,CONFORMING,PENDING_BB,DIAGNOSTIC_OK,NOT_APPLICABLE,NOT_APPLICABLE,NOT_APPLICABLE,NO_FAILURE_SO_FAR,PENDING_FINALIZATION,AUTO_FROZEN,0.998684,0.073677
BC_021_R03.png,BC,BC_021,3,11,HIBRIDO,Barras,Comparação,CONFORMING,CONFORMING,CONFORMING,CONFORMING,PENDING_BB,DIAGNOSTIC_OK,NOT_APPLICABLE,NOT_APPLICABLE,NOT_APPLICABLE,NO_FAILURE_SO_FAR,PENDING_FINALIZATION,AUTO_FROZEN,0.998684,0.073677
BC_021_R04.png,BC,BC_021,4,11,HIBRIDO,Barras,Comparação,CONFORMING,CONFORMING,CONFORMING,CONFORMING,PENDING_BB,DIAGNOSTIC_OK,NOT_APPLICABLE,NOT_APPLICABLE,NOT_APPLICABLE,NO_FAILURE_SO_FAR,PENDING_FINALIZATION,AUTO_FROZEN,0.998684,0.073677
BC_021_R05.png,BC,BC_021,5,11,HIBRIDO,Barras,Comparação,CONFORMING,CONFORMING,CONFORMING,CONFORMING,PENDING_BB,DIAGNOSTIC_OK,NOT_APPLICABLE,NOT_APPLICABLE,NOT_APPLICABLE,NO_FAILURE_SO_FAR,PENDING_FINALIZATION,AUTO_FROZEN,0.998684,0.073677
BC_021_R06.png,BC,BC_021,6,11,HIBRIDO,Barras,Comparação,CONFORMING,CONFORMING,CONFORMING,CONFORMING,PENDING_BB,DIAGNOSTIC_OK,NOT_APPLICABLE,NOT_APPLICABLE,NOT_APPLICABLE,NO_FAILURE_SO_FAR,PENDING_FINALIZATION,AUTO_FROZEN,0.998684,0.073677
BC_021_R07.png,BC,BC_021,7,11,HIBRIDO,Barras,Comparação,CONFORMING,CONFORMING,CONFORMING,CONFORMING,PENDING_BB,DIAGNOSTIC_OK,NOT_APPLICABLE,NOT_APPLICABLE,NOT_APPLICABLE,NO_FAILURE_SO_FAR,PENDING_FINALIZATION,AUTO_FROZEN,0.998629,0.077498
BC_021_R08.png,BC,BC_021,8,11,HIBRIDO,Barras,Comparação,CONFORMING,CONFORMING,CONFORMING,CONFORMING,PENDING_BB,DIAGNOSTIC_OK,NOT_APPLICABLE,NOT_APPLICABLE,NOT_APPLICABLE,NO_FAILURE_SO_FAR,PENDING_FINALIZATION,AUTO_FROZEN,0.998629,0.077498
BC_021_R09.png,BC,BC_021,9,11,HIBRIDO,Barras,Comparação,CONFORMING,CONFORMING,CONFORMING,CONFORMING,PENDING_BB,DIAGNOSTIC_OK,NOT_APPLICABLE,NOT_APPLICABLE,NOT_APPLICABLE,NO_FAILURE_SO_FAR,PENDING_FINALIZATION,AUTO_FROZEN,0.998629,0.077498
BC_021_R10.png,BC,BC_021,10,11,HIBRIDO,Barras,Comparação,CONFORMING,CONFORMING,CONFORMING,CONFORMING,PENDING_BB,DIAGNOSTIC_OK,NOT_APPLICABLE,NOT_APPLICABLE,NOT_APPLICABLE,NO_FAILURE_SO_FAR,PENDING_FINALIZATION,AUTO_FROZEN,0.998629,0.077498
BC_022_R01.png,BC,BC_022,1,12,HIBRIDO,Barras,Comparação,NONCONFORMING,CONFORMING,CONFORMING,CONFORMING,PENDING_BB,DIAGNOSTIC_OK,NOT_APPLICABLE,NOT_APPLICABLE,NOT_APPLICABLE,NONCONFORMING,NONCONFORMING,AUTO_FROZEN,0.998879,0.072005
BC_022_R02.png,BC,BC_022,2,12,HIBRIDO,Barras,Comparação,CONFORMING,CONFORMING,CONFORMING,CONFORMING,PENDING_BB,DIAGNOSTIC_OK,NOT_APPLICABLE,NOT_APPLICABLE,NOT_APPLICABLE,NO_FAILURE_SO_FAR,PENDING_FINALIZATION,AUTO_FROZEN,1.0,0.065725
BC_022_R03.png,BC,BC_022,3,12,HIBRIDO,Barras,Comparação,CONFORMING,CONFORMING,CONFORMING,CONFORMING,PENDING_BB,DIAGNOSTIC_OK,NOT_APPLICABLE,NOT_APPLICABLE,NOT_APPLICABLE,NO_FAILURE_SO_FAR,PENDING_FINALIZATION,AUTO_FROZEN,1.0,0.065725
BC_022_R04.png,BC,BC_022,4,12,HIBRIDO,Barras,Comparação,CONFORMING,CONFORMING,CONFORMING,CONFORMING,PENDING_BB,DIAGNOSTIC_OK,NOT_APPLICABLE,NOT_APPLICABLE,NOT_APPLICABLE,NO_FAILURE_SO_FAR,PENDING_FINALIZATION,AUTO_FROZEN,0.998719,0.07163
BC_022_R05.png,BC,BC_022,5,12,HIBRIDO,Barras,Comparação,CONFORMING,CONFORMING,CONFORMING,CONFORMING,PENDING_BB,DIAGNOSTIC_OK,NOT_APPLICABLE,NOT_APPLICABLE,NOT_APPLICABLE,NO_FAILURE_SO_FAR,PENDING_FINALIZATION,AUTO_FROZEN,0.998719,0.07163
BC_022_R06.png,BC,BC_022,6,12,HIBRIDO,Barras,Comparação,CONFORMING,CONFORMING,CONFORMING,CONFORMING,PENDING_BB,DIAGNOSTIC_OK,NOT_APPLICABLE,NOT_APPLICABLE,NOT_APPLICABLE,NO_FAILURE_SO_FAR,PENDING_FINALIZATION,AUTO_FROZEN,0.998719,0.07163
BC_022_R07.png,BC,BC_022,7,12,HIBRIDO,Barras,Comparação,CONFORMING,CONFORMING,CONFORMING,CONFORMING,PENDING_BB,DIAGNOSTIC_OK,NOT_APPLICABLE,NOT_APPLICABLE,NOT_APPLICABLE,NO_FAILURE_SO_FAR,PENDING_FINALIZATION,AUTO_FROZEN,0.998719,0.07163
BC_022_R08.png,BC,BC_022,8,12,HIBRIDO,Barras,Comparação,CONFORMING,CONFORMING,CONFORMING,CONFORMING,PENDING_BB,DIAGNOSTIC_OK,NOT_APPLICABLE,NOT_APPLICABLE,NOT_APPLICABLE,NO_FAILURE_SO_FAR,PENDING_FINALIZATION,AUTO_FROZEN,0.998719,0.07163
BC_022_R09.png,BC,BC_022,9,12,HIBRIDO,Barras,Comparação,CONFORMING,CONFORMING,CONFORMING,CONFORMING,PENDING_BB,DIAGNOSTIC_OK,NOT_APPLICABLE,NOT_APPLICABLE,NOT_APPLICABLE,NO_FAILURE_SO_FAR,PENDING_FINALIZATION,AUTO_FROZEN,0.998719,0.07163
BC_022_R10.png,BC,BC_022,10,12,HIBRIDO,Barras,Comparação,CONFORMING,CONFORMING,CONFORMING,CONFORMING,PENDING_BB,DIAGNOSTIC_OK,NOT_APPLICABLE,NOT_APPLICABLE,NOT_APPLICABLE,NO_FAILURE_SO_FAR,PENDING_FINALIZATION,AUTO_FROZEN,0.998719,0.07163
BC_023_R01.png,BC,BC_023,1,13,HIBRIDO,Barras,Comparação,CONFORMING,CONFORMING,CONFORMING,CONFORMING,PENDING_BB,DIAGNOSTIC_OK,CONFORMING,NOT_APPLICABLE,CONFORMING,NO_FAILURE_SO_FAR,PENDING_FINALIZATION,AUTO_FROZEN,0.998758,0.001875
BC_023_R02.png,BC,BC_023,2,13,HIBRIDO,Barras,Comparação,CONFORMING,CONFORMING,CONFORMING,CONFORMING,PENDING_BB,DIAGNOSTIC_OK,CONFORMING,NOT_APPLICABLE,CONFORMING,NO_FAILURE_SO_FAR,PENDING_FINALIZATION,AUTO_FROZEN,0.998318,0.074862
BC_023_R03.png,BC,BC_023,3,13,HIBRIDO,Barras,Comparação,CONFORMING,CONFORMING,CONFORMING,CONFORMING,PENDING_BB,DIAGNOSTIC_OK,CONFORMING,NOT_APPLICABLE,CONFORMING,NO_FAILURE_SO_FAR,PENDING_FINALIZATION,AUTO_FROZEN,0.998318,0.074862
BC_023_R04.png,BC,BC_023,4,13,HIBRIDO,Barras,Comparação,CONFORMING,CONFORMING,CONFORMING,CONFORMING,PENDING_BB,DIAGNOSTIC_OK,CONFORMING,NOT_APPLICABLE,CONFORMING,NO_FAILURE_SO_FAR,PENDING_FINALIZATION,AUTO_FROZEN,0.998318,0.074862
BC_023_R05.png,BC,BC_023,5,13,HIBRIDO,Barras,Comparação,CONFORMING,CONFORMING,CONFORMING,CONFORMING,PENDING_BB,DIAGNOSTIC_OK,CONFORMING,NOT_APPLICABLE,CONFORMING,NO_FAILURE_SO_FAR,PENDING_FINALIZATION,AUTO_FROZEN,0.998318,0.074862
BC_023_R06.png,BC,BC_023,6,13,HIBRIDO,Barras,Comparação,CONFORMING,CONFORMING,CONFORMING,CONFORMING,PENDING_BB,DIAGNOSTIC_OK,CONFORMING,NOT_APPLICABLE,CONFORMING,NO_FAILURE_SO_FAR,PENDING_FINALIZATION,AUTO_FROZEN,0.998318,0.074862
BC_023_R07.png,BC,BC_023,7,13,HIBRIDO,Barras,Comparação,CONFORMING,CONFORMING,CONFORMING,CONFORMING,PENDING_BB,DIAGNOSTIC_OK,CONFORMING,NOT_APPLICABLE,CONFORMING,NO_FAILURE_SO_FAR,PENDING_FINALIZATION,AUTO_FROZEN,0.998318,0.074862
BC_023_R08.png,BC,BC_023,8,13,HIBRIDO,Barras,Comparação,CONFORMING,CONFORMING,CONFORMING,CONFORMING,PENDING_BB,DIAGNOSTIC_OK,CONFORMING,NOT_APPLICABLE,CONFORMING,NO_FAILURE_SO_FAR,PENDING_FINALIZATION,AUTO_FROZEN,0.998318,0.074862
BC_023_R09.png,BC,BC_023,9,13,HIBRIDO,Barras,Comparação,CONFORMING,CONFORMING,CONFORMING,CONFORMING,PENDING_BB,DIAGNOSTIC_OK,CONFORMING,NOT_APPLICABLE,CONFORMING,NO_FAILURE_SO_FAR,PENDING_FINALIZATION,AUTO_FROZEN,0.998318,0.074862
BC_023_R10.png,BC,BC_023,10,13,HIBRIDO,Barras,Comparação,CONFORMING,CONFORMING,CONFORMING,CONFORMING,PENDING_BB,DIAGNOSTIC_OK,CONFORMING,NOT_APPLICABLE,CONFORMING,NO_FAILURE_SO_FAR,PENDING_FINALIZATION,AUTO_FROZEN,0.998318,0.074862
BC_024_R01.png,BC,BC_024,1,14,HIBRIDO,Barras,Comparação,CONFORMING,CONFORMING,CONFORMING,CONFORMING,PENDING_BB,DIAGNOSTIC_OK,NOT_APPLICABLE,NOT_APPLICABLE,NOT_APPLICABLE,NO_FAILURE_SO_FAR,PENDING_FINALIZATION,AUTO_FROZEN,0.998318,0.078587
BC_024_R02.png,BC,BC_024,2,14,HIBRIDO,Barras,Comparação,CONFORMING,CONFORMING,CONFORMING,CONFORMING,PENDING_BB,DIAGNOSTIC_OK,NOT_APPLICABLE,NOT_APPLICABLE,NOT_APPLICABLE,NO_FAILURE_SO_FAR,PENDING_FINALIZATION,AUTO_FROZEN,0.998318,0.075179
BC_024_R03.png,BC,BC_024,3,14,HIBRIDO,Barras,Comparação,CONFORMING,CONFORMING,CONFORMING,CONFORMING,PENDING_BB,DIAGNOSTIC_OK,NOT_APPLICABLE,NOT_APPLICABLE,NOT_APPLICABLE,NO_FAILURE_SO_FAR,PENDING_FINALIZATION,AUTO_FROZEN,0.998318,0.075179
BC_024_R04.png,BC,BC_024,4,14,HIBRIDO,Barras,Comparação,CONFORMING,CONFORMING,CONFORMING,CONFORMING,PENDING_BB,DIAGNOSTIC_OK,NOT_APPLICABLE,NOT_APPLICABLE,NOT_APPLICABLE,NO_FAILURE_SO_FAR,PENDING_FINALIZATION,AUTO_FROZEN,0.998318,0.075179
BC_024_R05.png,BC,BC_024,5,14,HIBRIDO,Barras,Comparação,CONFORMING,CONFORMING,CONFORMING,CONFORMING,PENDING_BB,DIAGNOSTIC_OK,NOT_APPLICABLE,NOT_APPLICABLE,NOT_APPLICABLE,NO_FAILURE_SO_FAR,PENDING_FINALIZATION,AUTO_FROZEN,0.998318,0.075179
BC_024_R06.png,BC,BC_024,6,14,HIBRIDO,Barras,Comparação,CONFORMING,CONFORMING,CONFORMING,CONFORMING,PENDING_BB,DIAGNOSTIC_OK,NOT_APPLICABLE,NOT_APPLICABLE,NOT_APPLICABLE,NO_FAILURE_SO_FAR,PENDING_FINALIZATION,AUTO_FROZEN,0.998318,0.075179
BC_024_R07.png,BC,BC_024,7,14,HIBRIDO,Barras,Comparação,CONFORMING,CONFORMING,CONFORMING,CONFORMING,PENDING_BB,DIAGNOSTIC_OK,NOT_APPLICABLE,NOT_APPLICABLE,NOT_APPLICABLE,NO_FAILURE_SO_FAR,PENDING_FINALIZATION,AUTO_FROZEN,0.998318,0.075179
BC_024_R08.png,BC,BC_024,8,14,HIBRIDO,Barras,Comparação,CONFORMING,CONFORMING,CONFORMING,CONFORMING,PENDING_BB,DIAGNOSTIC_OK,NOT_APPLICABLE,NOT_APPLICABLE,NOT_APPLICABLE,NO_FAILURE_SO_FAR,PENDING_FINALIZATION,AUTO_FROZEN,0.998318,0.075179
BC_024_R09.png,BC,BC_024,9,14,HIBRIDO,Barras,Comparação,CONFORMING,CONFORMING,CONFORMING,CONFORMING,PENDING_BB,DIAGNOSTIC_OK,NOT_APPLICABLE,NOT_APPLICABLE,NOT_APPLICABLE,NO_FAILURE_SO_FAR,PENDING_FINALIZATION,AUTO_FROZEN,0.998318,0.075179
BC_024_R10.png,BC,BC_024,10,14,HIBRIDO,Barras,Comparação,CONFORMING,CONFORMING,CONFORMING,CONFORMING,PENDING_BB,DIAGNOSTIC_OK,NOT_APPLICABLE,NOT_APPLICABLE,NOT_APPLICABLE,NO_FAILURE_SO_FAR,PENDING_FINALIZATION,AUTO_FROZEN,0.998318,0.075179
BC_025_R01.png,BC,BC_025,1,15,HIBRIDO,Barras,Comparação,CONFORMING,CONFORMING,CONFORMING,CONFORMING,PENDING_BB,DIAGNOSTIC_OK,CONFORMING,NOT_APPLICABLE,NOT_APPLICABLE,NO_FAILURE_SO_FAR,PENDING_FINALIZATION,AUTO_FROZEN,0.998914,0.074182
BC_025_R02.png,BC,BC_025,2,15,HIBRIDO,Barras,Comparação,CONFORMING,CONFORMING,CONFORMING,CONFORMING,PENDING_BB,DIAGNOSTIC_OK,CONFORMING,NOT_APPLICABLE,NOT_APPLICABLE,NO_FAILURE_SO_FAR,PENDING_FINALIZATION,AUTO_FROZEN,0.998897,0.077662
BC_025_R03.png,BC,BC_025,3,15,HIBRIDO,Barras,Comparação,CONFORMING,CONFORMING,CONFORMING,CONFORMING,PENDING_BB,DIAGNOSTIC_OK,CONFORMING,NOT_APPLICABLE,NOT_APPLICABLE,NO_FAILURE_SO_FAR,PENDING_FINALIZATION,AUTO_FROZEN,0.998897,0.077662
BC_025_R04.png,BC,BC_025,4,15,HIBRIDO,Barras,Comparação,CONFORMING,CONFORMING,CONFORMING,CONFORMING,PENDING_BB,DIAGNOSTIC_OK,CONFORMING,NOT_APPLICABLE,NOT_APPLICABLE,NO_FAILURE_SO_FAR,PENDING_FINALIZATION,AUTO_FROZEN,0.998897,0.077662
BC_025_R05.png,BC,BC_025,5,15,HIBRIDO,Barras,Comparação,CONFORMING,CONFORMING,CONFORMING,CONFORMING,PENDING_BB,DIAGNOSTIC_OK,CONFORMING,NOT_APPLICABLE,NOT_APPLICABLE,NO_FAILURE_SO_FAR,PENDING_FINALIZATION,AUTO_FROZEN,0.998897,0.077662
BC_025_R06.png,BC,BC_025,6,15,HIBRIDO,Barras,Comparação,CONFORMING,CONFORMING,CONFORMING,CONFORMING,PENDING_BB,DIAGNOSTIC_OK,CONFORMING,NOT_APPLICABLE,NOT_APPLICABLE,NO_FAILURE_SO_FAR,PENDING_FINALIZATION,AUTO_FROZEN,0.998897,0.077662
BC_025_R07.png,BC,BC_025,7,15,HIBRIDO,Barras,Comparação,CONFORMING,CONFORMING,CONFORMING,CONFORMING,PENDING_BB,DIAGNOSTIC_OK,CONFORMING,NOT_APPLICABLE,NOT_APPLICABLE,NO_FAILURE_SO_FAR,PENDING_FINALIZATION,AUTO_FROZEN,0.998897,0.077662
BC_025_R08.png,BC,BC_025,8,15,HIBRIDO,Barras,Comparação,CONFORMING,CONFORMING,CONFORMING,CONFORMING,PENDING_BB,DIAGNOSTIC_OK,CONFORMING,NOT_APPLICABLE,NOT_APPLICABLE,NO_FAILURE_SO_FAR,PENDING_FINALIZATION,AUTO_FROZEN,0.998897,0.077662
BC_025_R09.png,BC,BC_025,9,15,HIBRIDO,Barras,Comparação,CONFORMING,CONFORMING,CONFORMING,CONFORMING,PENDING_BB,DIAGNOSTIC_OK,CONFORMING,NOT_APPLICABLE,NOT_APPLICABLE,NO_FAILURE_SO_FAR,PENDING_FINALIZATION,AUTO_FROZEN,0.998897,0.077662
BC_025_R10.png,BC,BC_025,10,15,HIBRIDO,Barras,Comparação,CONFORMING,CONFORMING,CONFORMING,CONFORMING,PENDING_BB,DIAGNOSTIC_OK,CONFORMING,NOT_APPLICABLE,NOT_APPLICABLE,NO_FAILURE_SO_FAR,PENDING_FINALIZATION,AUTO_FROZEN,0.998897,0.077662
BC_026_R01.png,BC,BC_026,1,16,HIBRIDO,Barras,Comparação,CONFORMING,CONFORMING,CONFORMING,CONFORMING,PENDING_BB,DIAGNOSTIC_OK,NOT_APPLICABLE,NOT_APPLICABLE,NOT_APPLICABLE,NO_FAILURE_SO_FAR,PENDING_FINALIZATION,AUTO_FROZEN,0.796696,0.055218
BC_026_R02.png,BC,BC_026,2,16,HIBRIDO,Barras,Comparação,CONFORMING,CONFORMING,CONFORMING,CONFORMING,PENDING_BB,DIAGNOSTIC_OK,NOT_APPLICABLE,NOT_APPLICABLE,NOT_APPLICABLE,NO_FAILURE_SO_FAR,PENDING_FINALIZATION,AUTO_FROZEN,0.998888,0.071299
BC_026_R03.png,BC,BC_026,3,16,HIBRIDO,Barras,Comparação,CONFORMING,CONFORMING,CONFORMING,CONFORMING,PENDING_BB,DIAGNOSTIC_OK,NOT_APPLICABLE,NOT_APPLICABLE,NOT_APPLICABLE,NO_FAILURE_SO_FAR,PENDING_FINALIZATION,AUTO_FROZEN,0.998888,0.071299
BC_026_R04.png,BC,BC_026,4,16,HIBRIDO,Barras,Comparação,CONFORMING,CONFORMING,CONFORMING,CONFORMING,PENDING_BB,DIAGNOSTIC_OK,NOT_APPLICABLE,NOT_APPLICABLE,NOT_APPLICABLE,NO_FAILURE_SO_FAR,PENDING_FINALIZATION,AUTO_FROZEN,0.998888,0.071299
BC_026_R05.png,BC,BC_026,5,16,HIBRIDO,Barras,Comparação,CONFORMING,CONFORMING,CONFORMING,CONFORMING,PENDING_BB,DIAGNOSTIC_OK,NOT_APPLICABLE,NOT_APPLICABLE,NOT_APPLICABLE,NO_FAILURE_SO_FAR,PENDING_FINALIZATION,AUTO_FROZEN,0.998888,0.071299
BC_026_R06.png,BC,BC_026,6,16,HIBRIDO,Barras,Comparação,CONFORMING,CONFORMING,CONFORMING,CONFORMING,PENDING_BB,DIAGNOSTIC_OK,NOT_APPLICABLE,NOT_APPLICABLE,NOT_APPLICABLE,NO_FAILURE_SO_FAR,PENDING_FINALIZATION,AUTO_FROZEN,0.998888,0.071299
BC_026_R07.png,BC,BC_026,7,16,HIBRIDO,Barras,Comparação,CONFORMING,CONFORMING,CONFORMING,CONFORMING,PENDING_BB,DIAGNOSTIC_OK,NOT_APPLICABLE,NOT_APPLICABLE,NOT_APPLICABLE,NO_FAILURE_SO_FAR,PENDING_FINALIZATION,AUTO_FROZEN,0.998888,0.071299
BC_026_R08.png,BC,BC_026,8,16,HIBRIDO,Barras,Comparação,CONFORMING,CONFORMING,CONFORMING,CONFORMING,PENDING_BB,DIAGNOSTIC_OK,NOT_APPLICABLE,NOT_APPLICABLE,NOT_APPLICABLE,NO_FAILURE_SO_FAR,PENDING_FINALIZATION,AUTO_FROZEN,0.998888,0.071299
BC_026_R09.png,BC,BC_026,9,16,HIBRIDO,Barras,Comparação,CONFORMING,CONFORMING,CONFORMING,CONFORMING,PENDING_BB,DIAGNOSTIC_OK,NOT_APPLICABLE,NOT_APPLICABLE,NOT_APPLICABLE,NO_FAILURE_SO_FAR,PENDING_FINALIZATION,AUTO_FROZEN,0.998888,0.071299
BC_026_R10.png,BC,BC_026,10,16,HIBRIDO,Barras,Comparação,CONFORMING,CONFORMING,CONFORMING,CONFORMING,PENDING_BB,DIAGNOSTIC_OK,NOT_APPLICABLE,NOT_APPLICABLE,NOT_APPLICABLE,NO_FAILURE_SO_FAR,PENDING_FINALIZATION,AUTO_FROZEN,0.998888,0.071299
BC_027_R01.png,BC,BC_027,1,1,VQL,Barras,Comparação,CONFORMING,CONFORMING,CONFORMING,CONFORMING,PENDING_BB,DIAGNOSTIC_OK,NOT_APPLICABLE,NOT_APPLICABLE,NOT_APPLICABLE,NO_FAILURE_SO_FAR,PENDING_FINALIZATION,AUTO_FROZEN,0.998426,0.071059
BC_027_R02.png,BC,BC_027,2,1,VQL,Barras,Comparação,NONCONFORMING,NONCONFORMING,CONFORMING,PENDING_FINAL_ADJUDICATION,PENDING_BB,DIAGNOSTIC_OK,NOT_APPLICABLE,NOT_APPLICABLE,NOT_APPLICABLE,NONCONFORMING,NONCONFORMING,REVIEW_REQUIRED,0.833827,0.130417
BC_027_R03.png,BC,BC_027,3,1,VQL,Barras,Comparação,NONCONFORMING,CONFORMING,CONFORMING,PENDING_FINAL_ADJUDICATION,PENDING_BB,DIAGNOSTIC_OK,NOT_APPLICABLE,NOT_APPLICABLE,NOT_APPLICABLE,NONCONFORMING,NONCONFORMING,REVIEW_REQUIRED,0.823746,0.086458
BC_027_R04.png,BC,BC_027,4,1,VQL,Barras,Comparação,NONCONFORMING,NONCONFORMING,CONFORMING,PENDING_FINAL_ADJUDICATION,PENDING_BB,DIAGNOSTIC_OK,NOT_APPLICABLE,NOT_APPLICABLE,NOT_APPLICABLE,NONCONFORMING,NONCONFORMING,REVIEW_REQUIRED,0.829075,0.130417
BC_027_R05.png,BC,BC_027,5,1,VQL,Barras,Comparação,NONCONFORMING,CONFORMING,NONCONFORMING,PENDING_FINAL_ADJUDICATION,PENDING_BB,DIAGNOSTIC_OK,NOT_APPLICABLE,NOT_APPLICABLE,NOT_APPLICABLE,NONCONFORMING,NONCONFORMING,REVIEW_REQUIRED,0.998494,0.043542
BC_027_R06.png,BC,BC_027,6,1,VQL,Barras,Comparação,NONCONFORMING,CONFORMING,NONCONFORMING,PENDING_FINAL_ADJUDICATION,PENDING_BB,DIAGNOSTIC_OK,NOT_APPLICABLE,NOT_APPLICABLE,NOT_APPLICABLE,NONCONFORMING,NONCONFORMING,REVIEW_REQUIRED,0.998494,0.043542
BC_027_R07.png,BC,BC_027,7,1,VQL,Barras,Comparação,CONFORMING,CONFORMING,CONFORMING,CONFORMING,PENDING_BB,DIAGNOSTIC_OK,NOT_APPLICABLE,NOT_APPLICABLE,NOT_APPLICABLE,NO_FAILURE_SO_FAR,PENDING_FINALIZATION,AUTO_FROZEN,0.998895,0.06177
BC_027_R08.png,BC,BC_027,8,1,VQL,Barras,Comparação,CONFORMING,CONFORMING,CONFORMING,CONFORMING,PENDING_BB,DIAGNOSTIC_OK,NOT_APPLICABLE,NOT_APPLICABLE,NOT_APPLICABLE,NO_FAILURE_SO_FAR,PENDING_FINALIZATION,AUTO_FROZEN,0.998895,0.06177
BC_027_R09.png,BC,BC_027,9,1,VQL,Barras,Comparação,CONFORMING,CONFORMING,CONFORMING,CONFORMING,PENDING_BB,DIAGNOSTIC_OK,NOT_APPLICABLE,NOT_APPLICABLE,NOT_APPLICABLE,NO_FAILURE_SO_FAR,PENDING_FINALIZATION,AUTO_FROZEN,0.998895,0.06177
BC_027_R10.png,BC,BC_027,10,1,VQL,Barras,Comparação,CONFORMING,CONFORMING,CONFORMING,CONFORMING,PENDING_BB,DIAGNOSTIC_OK,NOT_APPLICABLE,NOT_APPLICABLE,NOT_APPLICABLE,NO_FAILURE_SO_FAR,PENDING_FINALIZATION,AUTO_FROZEN,0.998895,0.06177
BC_028_R01.png,BC,BC_028,1,4,VQL,Barras,Comparação,CONFORMING,CONFORMING,CONFORMING,CONFORMING,PENDING_BB,DIAGNOSTIC_OK,NONCONFORMING,NOT_APPLICABLE,NOT_APPLICABLE,NONCONFORMING,NONCONFORMING,AUTO_FROZEN,0.998746,0.064712
BC_028_R02.png,BC,BC_028,2,4,VQL,Barras,Comparação,CONFORMING,CONFORMING,CONFORMING,CONFORMING,PENDING_BB,DIAGNOSTIC_OK,NONCONFORMING,NOT_APPLICABLE,NOT_APPLICABLE,NONCONFORMING,NONCONFORMING,AUTO_FROZEN,0.998758,0.001875
BC_028_R03.png,BC,BC_028,3,4,VQL,Barras,Comparação,CONFORMING,CONFORMING,CONFORMING,CONFORMING,PENDING_BB,DIAGNOSTIC_OK,NONCONFORMING,NOT_APPLICABLE,NOT_APPLICABLE,NONCONFORMING,NONCONFORMING,AUTO_FROZEN,0.998758,0.001875
BC_028_R04.png,BC,BC_028,4,4,VQL,Barras,Comparação,CONFORMING,CONFORMING,CONFORMING,CONFORMING,PENDING_BB,DIAGNOSTIC_OK,NONCONFORMING,NOT_APPLICABLE,NOT_APPLICABLE,NONCONFORMING,NONCONFORMING,AUTO_FROZEN,0.998758,0.001875
BC_028_R05.png,BC,BC_028,5,4,VQL,Barras,Comparação,CONFORMING,CONFORMING,CONFORMING,CONFORMING,PENDING_BB,DIAGNOSTIC_OK,NONCONFORMING,NOT_APPLICABLE,NOT_APPLICABLE,NONCONFORMING,NONCONFORMING,AUTO_FROZEN,0.998758,0.001875
BC_028_R06.png,BC,BC_028,6,4,VQL,Barras,Comparação,CONFORMING,CONFORMING,CONFORMING,CONFORMING,PENDING_BB,DIAGNOSTIC_OK,NONCONFORMING,NOT_APPLICABLE,NOT_APPLICABLE,NONCONFORMING,NONCONFORMING,AUTO_FROZEN,0.998758,0.001875
BC_028_R07.png,BC,BC_028,7,4,VQL,Barras,Comparação,CONFORMING,CONFORMING,CONFORMING,CONFORMING,PENDING_BB,DIAGNOSTIC_OK,NONCONFORMING,NOT_APPLICABLE,NOT_APPLICABLE,NONCONFORMING,NONCONFORMING,AUTO_FROZEN,0.998758,0.001875
BC_028_R08.png,BC,BC_028,8,4,VQL,Barras,Comparação,CONFORMING,CONFORMING,CONFORMING,CONFORMING,PENDING_BB,DIAGNOSTIC_OK,NONCONFORMING,NOT_APPLICABLE,NOT_APPLICABLE,NONCONFORMING,NONCONFORMING,AUTO_FROZEN,0.998758,0.001875
BC_028_R09.png,BC,BC_028,9,4,VQL,Barras,Comparação,CONFORMING,CONFORMING,CONFORMING,CONFORMING,PENDING_BB,DIAGNOSTIC_OK,NONCONFORMING,NOT_APPLICABLE,NOT_APPLICABLE,NONCONFORMING,NONCONFORMING,AUTO_FROZEN,0.998758,0.001875
BC_028_R10.png,BC,BC_028,10,4,VQL,Barras,Comparação,CONFORMING,CONFORMING,CONFORMING,CONFORMING,PENDING_BB,DIAGNOSTIC_OK,NONCONFORMING,NOT_APPLICABLE,NOT_APPLICABLE,NONCONFORMING,NONCONFORMING,AUTO_FROZEN,0.998758,0.001875
BC_029_R01.png,BC,BC_029,1,6,VQL,Barras,Comparação,CONFORMING,CONFORMING,CONFORMING,CONFORMING,PENDING_BB,DIAGNOSTIC_OK,CONFORMING,NOT_APPLICABLE,NOT_APPLICABLE,NO_FAILURE_SO_FAR,PENDING_FINALIZATION,AUTO_FROZEN,0.998664,0.060253
BC_029_R02.png,BC,BC_029,2,6,VQL,Barras,Comparação,CONFORMING,CONFORMING,CONFORMING,CONFORMING,PENDING_BB,DIAGNOSTIC_OK,CONFORMING,NOT_APPLICABLE,NOT_APPLICABLE,NO_FAILURE_SO_FAR,PENDING_FINALIZATION,AUTO_FROZEN,0.998685,0.050138
BC_029_R03.png,BC,BC_029,3,6,VQL,Barras,Comparação,CONFORMING,CONFORMING,CONFORMING,CONFORMING,PENDING_BB,DIAGNOSTIC_OK,CONFORMING,NOT_APPLICABLE,NOT_APPLICABLE,NO_FAILURE_SO_FAR,PENDING_FINALIZATION,AUTO_FROZEN,0.998685,0.050138
BC_029_R04.png,BC,BC_029,4,6,VQL,Barras,Comparação,CONFORMING,CONFORMING,CONFORMING,CONFORMING,PENDING_BB,DIAGNOSTIC_OK,CONFORMING,NOT_APPLICABLE,NOT_APPLICABLE,NO_FAILURE_SO_FAR,PENDING_FINALIZATION,AUTO_FROZEN,0.998685,0.050138
BC_029_R05.png,BC,BC_029,5,6,VQL,Barras,Comparação,CONFORMING,CONFORMING,CONFORMING,CONFORMING,PENDING_BB,DIAGNOSTIC_OK,CONFORMING,NOT_APPLICABLE,NOT_APPLICABLE,NO_FAILURE_SO_FAR,PENDING_FINALIZATION,AUTO_FROZEN,0.998685,0.050138
BC_029_R06.png,BC,BC_029,6,6,VQL,Barras,Comparação,CONFORMING,CONFORMING,CONFORMING,CONFORMING,PENDING_BB,DIAGNOSTIC_OK,UNEVALUABLE,NOT_APPLICABLE,NOT_APPLICABLE,UNEVALUABLE,PENDING_FINALIZATION,AUTO_FROZEN,0.998685,0.038989
BC_029_R07.png,BC,BC_029,7,6,VQL,Barras,Comparação,CONFORMING,CONFORMING,CONFORMING,CONFORMING,PENDING_BB,DIAGNOSTIC_OK,CONFORMING,NOT_APPLICABLE,NOT_APPLICABLE,NO_FAILURE_SO_FAR,PENDING_FINALIZATION,AUTO_FROZEN,0.999295,0.036264
BC_029_R08.png,BC,BC_029,8,6,VQL,Barras,Comparação,CONFORMING,CONFORMING,CONFORMING,CONFORMING,PENDING_BB,DIAGNOSTIC_OK,CONFORMING,NOT_APPLICABLE,NOT_APPLICABLE,NO_FAILURE_SO_FAR,PENDING_FINALIZATION,AUTO_FROZEN,0.998685,0.050138
BC_029_R09.png,BC,BC_029,9,6,VQL,Barras,Comparação,CONFORMING,CONFORMING,CONFORMING,CONFORMING,PENDING_BB,DIAGNOSTIC_OK,CONFORMING,NOT_APPLICABLE,NOT_APPLICABLE,NO_FAILURE_SO_FAR,PENDING_FINALIZATION,AUTO_FROZEN,0.998685,0.050138
BC_029_R10.png,BC,BC_029,10,6,VQL,Barras,Comparação,CONFORMING,CONFORMING,CONFORMING,CONFORMING,PENDING_BB,DIAGNOSTIC_OK,CONFORMING,NOT_APPLICABLE,NOT_APPLICABLE,NO_FAILURE_SO_FAR,PENDING_FINALIZATION,AUTO_FROZEN,0.998685,0.050138
BC_030_R01.png,BC,BC_030,1,7,VQL,Barras,Comparação,CONFORMING,CONFORMING,CONFORMING,CONFORMING,PENDING_BB,DIAGNOSTIC_OK,NOT_APPLICABLE,NOT_APPLICABLE,NOT_APPLICABLE,NO_FAILURE_SO_FAR,PENDING_FINALIZATION,AUTO_FROZEN,0.998403,0.058934
BC_030_R02.png,BC,BC_030,2,7,VQL,Barras,Comparação,CONFORMING,CONFORMING,CONFORMING,CONFORMING,PENDING_BB,DIAGNOSTIC_OK,NOT_APPLICABLE,NOT_APPLICABLE,NOT_APPLICABLE,NO_FAILURE_SO_FAR,PENDING_FINALIZATION,AUTO_FROZEN,0.998542,0.074404
BC_030_R03.png,BC,BC_030,3,7,VQL,Barras,Comparação,CONFORMING,CONFORMING,CONFORMING,CONFORMING,PENDING_BB,DIAGNOSTIC_OK,NOT_APPLICABLE,NOT_APPLICABLE,NOT_APPLICABLE,NO_FAILURE_SO_FAR,PENDING_FINALIZATION,AUTO_FROZEN,0.998542,0.074404
BC_030_R04.png,BC,BC_030,4,7,VQL,Barras,Comparação,CONFORMING,CONFORMING,CONFORMING,CONFORMING,PENDING_BB,DIAGNOSTIC_OK,NOT_APPLICABLE,NOT_APPLICABLE,NOT_APPLICABLE,NO_FAILURE_SO_FAR,PENDING_FINALIZATION,AUTO_FROZEN,0.998542,0.074404
BC_030_R05.png,BC,BC_030,5,7,VQL,Barras,Comparação,CONFORMING,CONFORMING,CONFORMING,CONFORMING,PENDING_BB,DIAGNOSTIC_OK,NOT_APPLICABLE,NOT_APPLICABLE,NOT_APPLICABLE,NO_FAILURE_SO_FAR,PENDING_FINALIZATION,AUTO_FROZEN,0.998542,0.074404
BC_030_R06.png,BC,BC_030,6,7,VQL,Barras,Comparação,CONFORMING,CONFORMING,CONFORMING,CONFORMING,PENDING_BB,DIAGNOSTIC_OK,NOT_APPLICABLE,NOT_APPLICABLE,NOT_APPLICABLE,NO_FAILURE_SO_FAR,PENDING_FINALIZATION,AUTO_FROZEN,0.998542,0.074404
BC_030_R07.png,BC,BC_030,7,7,VQL,Barras,Comparação,CONFORMING,CONFORMING,CONFORMING,CONFORMING,PENDING_BB,DIAGNOSTIC_OK,NOT_APPLICABLE,NOT_APPLICABLE,NOT_APPLICABLE,NO_FAILURE_SO_FAR,PENDING_FINALIZATION,AUTO_FROZEN,0.998542,0.074404
BC_030_R08.png,BC,BC_030,8,7,VQL,Barras,Comparação,CONFORMING,CONFORMING,CONFORMING,CONFORMING,PENDING_BB,DIAGNOSTIC_OK,NOT_APPLICABLE,NOT_APPLICABLE,NOT_APPLICABLE,NO_FAILURE_SO_FAR,PENDING_FINALIZATION,AUTO_FROZEN,0.998542,0.074404
BC_030_R09.png,BC,BC_030,9,7,VQL,Barras,Comparação,CONFORMING,CONFORMING,CONFORMING,CONFORMING,PENDING_BB,DIAGNOSTIC_OK,NOT_APPLICABLE,NOT_APPLICABLE,NOT_APPLICABLE,NO_FAILURE_SO_FAR,PENDING_FINALIZATION,AUTO_FROZEN,0.998542,0.074404
BC_030_R10.png,BC,BC_030,10,7,VQL,Barras,Comparação,CONFORMING,CONFORMING,CONFORMING,CONFORMING,PENDING_BB,DIAGNOSTIC_OK,NOT_APPLICABLE,NOT_APPLICABLE,NOT_APPLICABLE,NO_FAILURE_SO_FAR,PENDING_FINALIZATION,AUTO_FROZEN,0.998542,0.074404
BC_031_R01.png,BC,BC_031,1,8,VQL,Barras,Comparação,CONFORMING,CONFORMING,CONFORMING,CONFORMING,PENDING_BB,DIAGNOSTIC_OK,NOT_APPLICABLE,NOT_APPLICABLE,NOT_APPLICABLE,NO_FAILURE_SO_FAR,PENDING_FINALIZATION,AUTO_FROZEN,0.998861,0.082772
BC_031_R02.png,BC,BC_031,2,8,VQL,Barras,Comparação,CONFORMING,CONFORMING,CONFORMING,CONFORMING,PENDING_BB,DIAGNOSTIC_OK,NOT_APPLICABLE,NOT_APPLICABLE,NOT_APPLICABLE,NO_FAILURE_SO_FAR,PENDING_FINALIZATION,AUTO_FROZEN,0.998271,0.069738
BC_031_R03.png,BC,BC_031,3,8,VQL,Barras,Comparação,CONFORMING,CONFORMING,CONFORMING,CONFORMING,PENDING_BB,DIAGNOSTIC_OK,NOT_APPLICABLE,NOT_APPLICABLE,NOT_APPLICABLE,NO_FAILURE_SO_FAR,PENDING_FINALIZATION,AUTO_FROZEN,0.998271,0.069738
BC_031_R04.png,BC,BC_031,4,8,VQL,Barras,Comparação,CONFORMING,CONFORMING,CONFORMING,CONFORMING,PENDING_BB,DIAGNOSTIC_OK,NOT_APPLICABLE,NOT_APPLICABLE,NOT_APPLICABLE,NO_FAILURE_SO_FAR,PENDING_FINALIZATION,AUTO_FROZEN,0.998271,0.069738
BC_031_R05.png,BC,BC_031,5,8,VQL,Barras,Comparação,CONFORMING,CONFORMING,CONFORMING,CONFORMING,PENDING_BB,DIAGNOSTIC_OK,NOT_APPLICABLE,NOT_APPLICABLE,NOT_APPLICABLE,NO_FAILURE_SO_FAR,PENDING_FINALIZATION,AUTO_FROZEN,0.998271,0.069738
BC_031_R06.png,BC,BC_031,6,8,VQL,Barras,Comparação,CONFORMING,CONFORMING,CONFORMING,CONFORMING,PENDING_BB,DIAGNOSTIC_OK,NOT_APPLICABLE,NOT_APPLICABLE,NOT_APPLICABLE,NO_FAILURE_SO_FAR,PENDING_FINALIZATION,AUTO_FROZEN,0.998271,0.069738
BC_031_R07.png,BC,BC_031,7,8,VQL,Barras,Comparação,CONFORMING,CONFORMING,CONFORMING,CONFORMING,PENDING_BB,DIAGNOSTIC_OK,NOT_APPLICABLE,NOT_APPLICABLE,NOT_APPLICABLE,NO_FAILURE_SO_FAR,PENDING_FINALIZATION,AUTO_FROZEN,0.998271,0.069738
BC_031_R08.png,BC,BC_031,8,8,VQL,Barras,Comparação,CONFORMING,CONFORMING,CONFORMING,CONFORMING,PENDING_BB,DIAGNOSTIC_OK,NOT_APPLICABLE,NOT_APPLICABLE,NOT_APPLICABLE,NO_FAILURE_SO_FAR,PENDING_FINALIZATION,AUTO_FROZEN,0.998271,0.069738
BC_031_R09.png,BC,BC_031,9,8,VQL,Barras,Comparação,CONFORMING,CONFORMING,CONFORMING,CONFORMING,PENDING_BB,DIAGNOSTIC_OK,NOT_APPLICABLE,NOT_APPLICABLE,NOT_APPLICABLE,NO_FAILURE_SO_FAR,PENDING_FINALIZATION,AUTO_FROZEN,0.998271,0.069738
BC_031_R10.png,BC,BC_031,10,8,VQL,Barras,Comparação,CONFORMING,CONFORMING,CONFORMING,CONFORMING,PENDING_BB,DIAGNOSTIC_OK,NOT_APPLICABLE,NOT_APPLICABLE,NOT_APPLICABLE,NO_FAILURE_SO_FAR,PENDING_FINALIZATION,AUTO_FROZEN,0.998271,0.069738
BC_032_R01.png,BC,BC_032,1,9,VQL,Barras,Comparação,CONFORMING,CONFORMING,CONFORMING,CONFORMING,PENDING_BB,DIAGNOSTIC_OK,CONFORMING,NOT_APPLICABLE,CONFORMING,NO_FAILURE_SO_FAR,PENDING_FINALIZATION,AUTO_FROZEN,0.70068,0.051749
BC_032_R02.png,BC,BC_032,2,9,VQL,Barras,Comparação,CONFORMING,CONFORMING,CONFORMING,CONFORMING,PENDING_BB,DIAGNOSTIC_OK,CONFORMING,NOT_APPLICABLE,CONFORMING,NO_FAILURE_SO_FAR,PENDING_FINALIZATION,AUTO_FROZEN,0.878157,0.079375
BC_032_R03.png,BC,BC_032,3,9,VQL,Barras,Comparação,CONFORMING,CONFORMING,CONFORMING,CONFORMING,PENDING_BB,DIAGNOSTIC_OK,CONFORMING,NOT_APPLICABLE,CONFORMING,NO_FAILURE_SO_FAR,PENDING_FINALIZATION,AUTO_FROZEN,0.878157,0.079375
BC_032_R04.png,BC,BC_032,4,9,VQL,Barras,Comparação,CONFORMING,CONFORMING,CONFORMING,CONFORMING,PENDING_BB,DIAGNOSTIC_OK,CONFORMING,NOT_APPLICABLE,CONFORMING,NO_FAILURE_SO_FAR,PENDING_FINALIZATION,AUTO_FROZEN,0.878157,0.079375
BC_032_R05.png,BC,BC_032,5,9,VQL,Barras,Comparação,CONFORMING,CONFORMING,CONFORMING,CONFORMING,PENDING_BB,DIAGNOSTIC_OK,CONFORMING,NOT_APPLICABLE,CONFORMING,NO_FAILURE_SO_FAR,PENDING_FINALIZATION,AUTO_FROZEN,0.878157,0.079375
BC_032_R06.png,BC,BC_032,6,9,VQL,Barras,Comparação,CONFORMING,CONFORMING,CONFORMING,CONFORMING,PENDING_BB,DIAGNOSTIC_OK,CONFORMING,NOT_APPLICABLE,CONFORMING,NO_FAILURE_SO_FAR,PENDING_FINALIZATION,AUTO_FROZEN,0.878157,0.079375
BC_032_R07.png,BC,BC_032,7,9,VQL,Barras,Comparação,CONFORMING,CONFORMING,CONFORMING,CONFORMING,PENDING_BB,DIAGNOSTIC_OK,CONFORMING,NOT_APPLICABLE,CONFORMING,NO_FAILURE_SO_FAR,PENDING_FINALIZATION,AUTO_FROZEN,0.878157,0.079375
BC_032_R08.png,BC,BC_032,8,9,VQL,Barras,Comparação,CONFORMING,CONFORMING,CONFORMING,CONFORMING,PENDING_BB,DIAGNOSTIC_OK,CONFORMING,NOT_APPLICABLE,CONFORMING,NO_FAILURE_SO_FAR,PENDING_FINALIZATION,AUTO_FROZEN,0.878157,0.079375
BC_032_R09.png,BC,BC_032,9,9,VQL,Barras,Comparação,CONFORMING,CONFORMING,CONFORMING,CONFORMING,PENDING_BB,DIAGNOSTIC_OK,CONFORMING,NOT_APPLICABLE,CONFORMING,NO_FAILURE_SO_FAR,PENDING_FINALIZATION,AUTO_FROZEN,0.878157,0.079375
BC_032_R10.png,BC,BC_032,10,9,VQL,Barras,Comparação,CONFORMING,CONFORMING,CONFORMING,CONFORMING,PENDING_BB,DIAGNOSTIC_OK,CONFORMING,NOT_APPLICABLE,CONFORMING,NO_FAILURE_SO_FAR,PENDING_FINALIZATION,AUTO_FROZEN,0.878157,0.079375
BC_033_R01.png,BC,BC_033,1,10,VQL,Barras,Comparação,CONFORMING,CONFORMING,CONFORMING,CONFORMING,PENDING_BB,DIAGNOSTIC_OK,NONCONFORMING,NOT_APPLICABLE,NONCONFORMING,NONCONFORMING,NONCONFORMING,AUTO_FROZEN,1.0,0.087782
BC_033_R02.png,BC,BC_033,2,10,VQL,Barras,Comparação,CONFORMING,CONFORMING,CONFORMING,CONFORMING,PENDING_BB,DIAGNOSTIC_OK,CONFORMING,NOT_APPLICABLE,CONFORMING,NO_FAILURE_SO_FAR,PENDING_FINALIZATION,AUTO_FROZEN,0.9455,0.075843
BC_033_R03.png,BC,BC_033,3,10,VQL,Barras,Comparação,CONFORMING,CONFORMING,CONFORMING,CONFORMING,PENDING_BB,DIAGNOSTIC_OK,CONFORMING,NOT_APPLICABLE,CONFORMING,NO_FAILURE_SO_FAR,PENDING_FINALIZATION,AUTO_FROZEN,0.9455,0.075843
BC_033_R04.png,BC,BC_033,4,10,VQL,Barras,Comparação,CONFORMING,CONFORMING,CONFORMING,CONFORMING,PENDING_BB,DIAGNOSTIC_OK,CONFORMING,NOT_APPLICABLE,CONFORMING,NO_FAILURE_SO_FAR,PENDING_FINALIZATION,AUTO_FROZEN,0.9455,0.075843
BC_033_R05.png,BC,BC_033,5,10,VQL,Barras,Comparação,CONFORMING,CONFORMING,CONFORMING,CONFORMING,PENDING_BB,DIAGNOSTIC_OK,CONFORMING,NOT_APPLICABLE,CONFORMING,NO_FAILURE_SO_FAR,PENDING_FINALIZATION,AUTO_FROZEN,0.9455,0.075843
BC_033_R06.png,BC,BC_033,6,10,VQL,Barras,Comparação,CONFORMING,CONFORMING,CONFORMING,CONFORMING,PENDING_BB,DIAGNOSTIC_OK,CONFORMING,NOT_APPLICABLE,CONFORMING,NO_FAILURE_SO_FAR,PENDING_FINALIZATION,AUTO_FROZEN,0.9455,0.075843
BC_033_R07.png,BC,BC_033,7,10,VQL,Barras,Comparação,CONFORMING,CONFORMING,CONFORMING,CONFORMING,PENDING_BB,DIAGNOSTIC_OK,CONFORMING,NOT_APPLICABLE,CONFORMING,NO_FAILURE_SO_FAR,PENDING_FINALIZATION,AUTO_FROZEN,0.9455,0.075843
BC_033_R08.png,BC,BC_033,8,10,VQL,Barras,Comparação,CONFORMING,CONFORMING,CONFORMING,CONFORMING,PENDING_BB,DIAGNOSTIC_OK,CONFORMING,NOT_APPLICABLE,CONFORMING,NO_FAILURE_SO_FAR,PENDING_FINALIZATION,AUTO_FROZEN,0.9455,0.075843
BC_033_R09.png,BC,BC_033,9,10,VQL,Barras,Comparação,CONFORMING,CONFORMING,CONFORMING,CONFORMING,PENDING_BB,DIAGNOSTIC_OK,CONFORMING,NOT_APPLICABLE,CONFORMING,NO_FAILURE_SO_FAR,PENDING_FINALIZATION,AUTO_FROZEN,0.9455,0.075843
BC_033_R10.png,BC,BC_033,10,10,VQL,Barras,Comparação,CONFORMING,CONFORMING,CONFORMING,CONFORMING,PENDING_BB,DIAGNOSTIC_OK,CONFORMING,NOT_APPLICABLE,CONFORMING,NO_FAILURE_SO_FAR,PENDING_FINALIZATION,AUTO_FROZEN,0.9455,0.075843
BC_034_R01.png,BC,BC_034,1,11,VQL,Barras,Comparação,CONFORMING,CONFORMING,CONFORMING,CONFORMING,PENDING_BB,DIAGNOSTIC_OK,NOT_APPLICABLE,NOT_APPLICABLE,NOT_APPLICABLE,NO_FAILURE_SO_FAR,PENDING_FINALIZATION,AUTO_FROZEN,0.998888,0.068801
BC_034_R02.png,BC,BC_034,2,11,VQL,Barras,Comparação,NONCONFORMING,CONFORMING,NONCONFORMING,CONFORMING,PENDING_BB,DIAGNOSTIC_OK,NOT_APPLICABLE,NOT_APPLICABLE,NOT_APPLICABLE,NONCONFORMING,NONCONFORMING,AUTO_FROZEN,1.0,0.088177
BC_034_R03.png,BC,BC_034,3,11,VQL,Barras,Comparação,NONCONFORMING,CONFORMING,NONCONFORMING,CONFORMING,PENDING_BB,DIAGNOSTIC_OK,NOT_APPLICABLE,NOT_APPLICABLE,NOT_APPLICABLE,NONCONFORMING,NONCONFORMING,AUTO_FROZEN,1.0,0.088177
BC_034_R04.png,BC,BC_034,4,11,VQL,Barras,Comparação,NONCONFORMING,CONFORMING,CONFORMING,CONFORMING,PENDING_BB,DIAGNOSTIC_OK,NOT_APPLICABLE,NOT_APPLICABLE,NOT_APPLICABLE,NONCONFORMING,NONCONFORMING,AUTO_FROZEN,0.998203,0.085063
BC_034_R05.png,BC,BC_034,5,11,VQL,Barras,Comparação,CONFORMING,CONFORMING,CONFORMING,CONFORMING,PENDING_BB,DIAGNOSTIC_OK,NOT_APPLICABLE,NOT_APPLICABLE,NOT_APPLICABLE,NO_FAILURE_SO_FAR,PENDING_FINALIZATION,AUTO_FROZEN,0.998203,0.085063
BC_034_R06.png,BC,BC_034,6,11,VQL,Barras,Comparação,CONFORMING,CONFORMING,CONFORMING,CONFORMING,PENDING_BB,DIAGNOSTIC_OK,NOT_APPLICABLE,NOT_APPLICABLE,NOT_APPLICABLE,NO_FAILURE_SO_FAR,PENDING_FINALIZATION,AUTO_FROZEN,0.998203,0.085063
BC_034_R07.png,BC,BC_034,7,11,VQL,Barras,Comparação,CONFORMING,CONFORMING,CONFORMING,CONFORMING,PENDING_BB,DIAGNOSTIC_OK,NOT_APPLICABLE,NOT_APPLICABLE,NOT_APPLICABLE,NO_FAILURE_SO_FAR,PENDING_FINALIZATION,AUTO_FROZEN,0.998203,0.085063
BC_034_R08.png,BC,BC_034,8,11,VQL,Barras,Comparação,CONFORMING,CONFORMING,CONFORMING,CONFORMING,PENDING_BB,DIAGNOSTIC_OK,NOT_APPLICABLE,NOT_APPLICABLE,NOT_APPLICABLE,NO_FAILURE_SO_FAR,PENDING_FINALIZATION,AUTO_FROZEN,0.998203,0.085063
BC_034_R09.png,BC,BC_034,9,11,VQL,Barras,Comparação,CONFORMING,CONFORMING,CONFORMING,CONFORMING,PENDING_BB,DIAGNOSTIC_OK,NOT_APPLICABLE,NOT_APPLICABLE,NOT_APPLICABLE,NO_FAILURE_SO_FAR,PENDING_FINALIZATION,AUTO_FROZEN,0.998203,0.085063
BC_034_R10.png,BC,BC_034,10,11,VQL,Barras,Comparação,CONFORMING,CONFORMING,CONFORMING,CONFORMING,PENDING_BB,DIAGNOSTIC_OK,NOT_APPLICABLE,NOT_APPLICABLE,NOT_APPLICABLE,NO_FAILURE_SO_FAR,PENDING_FINALIZATION,AUTO_FROZEN,0.998203,0.085063
BC_035_R01.png,BC,BC_035,1,12,VQL,Barras,Comparação,CONFORMING,CONFORMING,CONFORMING,CONFORMING,PENDING_BB,DIAGNOSTIC_OK,NOT_APPLICABLE,NOT_APPLICABLE,NOT_APPLICABLE,NO_FAILURE_SO_FAR,PENDING_FINALIZATION,AUTO_FROZEN,0.998896,0.086073
BC_035_R02.png,BC,BC_035,2,12,VQL,Barras,Comparação,NONCONFORMING,NONCONFORMING,CONFORMING,PENDING_FINAL_ADJUDICATION,PENDING_BB,DIAGNOSTIC_OK,NOT_APPLICABLE,NOT_APPLICABLE,NOT_APPLICABLE,NONCONFORMING,NONCONFORMING,REVIEW_REQUIRED,0.829113,0.139167
BC_035_R03.png,BC,BC_035,3,12,VQL,Barras,Comparação,NONCONFORMING,CONFORMING,CONFORMING,PENDING_FINAL_ADJUDICATION,PENDING_BB,DIAGNOSTIC_OK,NOT_APPLICABLE,NOT_APPLICABLE,NOT_APPLICABLE,NONCONFORMING,NONCONFORMING,REVIEW_REQUIRED,0.818746,0.093958
BC_035_R04.png,BC,BC_035,4,12,VQL,Barras,Comparação,NONCONFORMING,NONCONFORMING,CONFORMING,PENDING_FINAL_ADJUDICATION,PENDING_BB,DIAGNOSTIC_OK,NOT_APPLICABLE,NOT_APPLICABLE,NOT_APPLICABLE,NONCONFORMING,NONCONFORMING,REVIEW_REQUIRED,0.824234,0.139167
BC_035_R05.png,BC,BC_035,5,12,VQL,Barras,Comparação,CONFORMING,CONFORMING,CONFORMING,CONFORMING,PENDING_BB,DIAGNOSTIC_OK,NOT_APPLICABLE,NOT_APPLICABLE,NOT_APPLICABLE,NO_FAILURE_SO_FAR,PENDING_FINALIZATION,AUTO_FROZEN,0.998758,0.049792
BC_035_R06.png,BC,BC_035,6,12,VQL,Barras,Comparação,CONFORMING,CONFORMING,CONFORMING,CONFORMING,PENDING_BB,DIAGNOSTIC_OK,NOT_APPLICABLE,NOT_APPLICABLE,NOT_APPLICABLE,NO_FAILURE_SO_FAR,PENDING_FINALIZATION,AUTO_FROZEN,0.998758,0.049792
BC_035_R07.png,BC,BC_035,7,12,VQL,Barras,Comparação,CONFORMING,CONFORMING,CONFORMING,CONFORMING,PENDING_BB,DIAGNOSTIC_OK,NOT_APPLICABLE,NOT_APPLICABLE,NOT_APPLICABLE,NO_FAILURE_SO_FAR,PENDING_FINALIZATION,AUTO_FROZEN,0.998758,0.049792
BC_035_R08.png,BC,BC_035,8,12,VQL,Barras,Comparação,CONFORMING,CONFORMING,CONFORMING,CONFORMING,PENDING_BB,DIAGNOSTIC_OK,NOT_APPLICABLE,NOT_APPLICABLE,NOT_APPLICABLE,NO_FAILURE_SO_FAR,PENDING_FINALIZATION,AUTO_FROZEN,0.998758,0.049792
BC_035_R09.png,BC,BC_035,9,12,VQL,Barras,Comparação,CONFORMING,CONFORMING,CONFORMING,CONFORMING,PENDING_BB,DIAGNOSTIC_OK,NOT_APPLICABLE,NOT_APPLICABLE,NOT_APPLICABLE,NO_FAILURE_SO_FAR,PENDING_FINALIZATION,AUTO_FROZEN,0.998758,0.049792
BC_035_R10.png,BC,BC_035,10,12,VQL,Barras,Comparação,CONFORMING,CONFORMING,CONFORMING,CONFORMING,PENDING_BB,DIAGNOSTIC_OK,NOT_APPLICABLE,NOT_APPLICABLE,NOT_APPLICABLE,NO_FAILURE_SO_FAR,PENDING_FINALIZATION,AUTO_FROZEN,0.998758,0.049792
BC_036_R01.png,BC,BC_036,1,13,VQL,Barras,Comparação,CONFORMING,CONFORMING,CONFORMING,CONFORMING,PENDING_BB,DIAGNOSTIC_OK,CONFORMING,NOT_APPLICABLE,CONFORMING,NO_FAILURE_SO_FAR,PENDING_FINALIZATION,AUTO_FROZEN,0.998922,0.067447
BC_036_R02.png,BC,BC_036,2,13,VQL,Barras,Comparação,CONFORMING,CONFORMING,CONFORMING,CONFORMING,PENDING_BB,DIAGNOSTIC_OK,CONFORMING,NOT_APPLICABLE,CONFORMING,NO_FAILURE_SO_FAR,PENDING_FINALIZATION,AUTO_FROZEN,0.915898,0.083542
BC_036_R03.png,BC,BC_036,3,13,VQL,Barras,Comparação,CONFORMING,CONFORMING,CONFORMING,CONFORMING,PENDING_BB,DIAGNOSTIC_OK,CONFORMING,NOT_APPLICABLE,CONFORMING,NO_FAILURE_SO_FAR,PENDING_FINALIZATION,AUTO_FROZEN,0.902513,0.054792
BC_036_R04.png,BC,BC_036,4,13,VQL,Barras,Comparação,CONFORMING,CONFORMING,CONFORMING,CONFORMING,PENDING_BB,DIAGNOSTIC_OK,CONFORMING,NOT_APPLICABLE,CONFORMING,NO_FAILURE_SO_FAR,PENDING_FINALIZATION,AUTO_FROZEN,0.998758,0.054792
BC_036_R05.png,BC,BC_036,5,13,VQL,Barras,Comparação,CONFORMING,CONFORMING,CONFORMING,CONFORMING,PENDING_BB,DIAGNOSTIC_OK,CONFORMING,NOT_APPLICABLE,CONFORMING,NO_FAILURE_SO_FAR,PENDING_FINALIZATION,AUTO_FROZEN,0.902513,0.054792
BC_036_R06.png,BC,BC_036,6,13,VQL,Barras,Comparação,CONFORMING,CONFORMING,CONFORMING,CONFORMING,PENDING_BB,DIAGNOSTIC_OK,CONFORMING,NOT_APPLICABLE,CONFORMING,NO_FAILURE_SO_FAR,PENDING_FINALIZATION,AUTO_FROZEN,0.902513,0.054792
BC_036_R07.png,BC,BC_036,7,13,VQL,Barras,Comparação,CONFORMING,CONFORMING,CONFORMING,CONFORMING,PENDING_BB,DIAGNOSTIC_OK,CONFORMING,NOT_APPLICABLE,CONFORMING,NO_FAILURE_SO_FAR,PENDING_FINALIZATION,AUTO_FROZEN,0.998758,0.054792
BC_036_R08.png,BC,BC_036,8,13,VQL,Barras,Comparação,CONFORMING,CONFORMING,CONFORMING,CONFORMING,PENDING_BB,DIAGNOSTIC_OK,CONFORMING,NOT_APPLICABLE,CONFORMING,NO_FAILURE_SO_FAR,PENDING_FINALIZATION,AUTO_FROZEN,0.915898,0.083542
BC_036_R09.png,BC,BC_036,9,13,VQL,Barras,Comparação,CONFORMING,CONFORMING,CONFORMING,CONFORMING,PENDING_BB,DIAGNOSTIC_OK,CONFORMING,NOT_APPLICABLE,CONFORMING,NO_FAILURE_SO_FAR,PENDING_FINALIZATION,AUTO_FROZEN,0.915898,0.083542
BC_036_R10.png,BC,BC_036,10,13,VQL,Barras,Comparação,CONFORMING,CONFORMING,CONFORMING,CONFORMING,PENDING_BB,DIAGNOSTIC_OK,CONFORMING,NOT_APPLICABLE,CONFORMING,NO_FAILURE_SO_FAR,PENDING_FINALIZATION,AUTO_FROZEN,0.902513,0.054792
BC_037_R01.png,BC,BC_037,1,14,VQL,Barras,Comparação,CONFORMING,CONFORMING,CONFORMING,CONFORMING,PENDING_BB,DIAGNOSTIC_OK,NOT_APPLICABLE,NOT_APPLICABLE,NOT_APPLICABLE,NO_FAILURE_SO_FAR,PENDING_FINALIZATION,AUTO_FROZEN,0.998896,0.07046
BC_037_R02.png,BC,BC_037,2,14,VQL,Barras,Comparação,CONFORMING,CONFORMING,CONFORMING,CONFORMING,PENDING_BB,DIAGNOSTIC_OK,NOT_APPLICABLE,NOT_APPLICABLE,NOT_APPLICABLE,NO_FAILURE_SO_FAR,PENDING_FINALIZATION,AUTO_FROZEN,0.998712,0.073041
BC_037_R03.png,BC,BC_037,3,14,VQL,Barras,Comparação,CONFORMING,CONFORMING,CONFORMING,CONFORMING,PENDING_BB,DIAGNOSTIC_OK,NOT_APPLICABLE,NOT_APPLICABLE,NOT_APPLICABLE,NO_FAILURE_SO_FAR,PENDING_FINALIZATION,AUTO_FROZEN,0.998712,0.073041
BC_037_R04.png,BC,BC_037,4,14,VQL,Barras,Comparação,CONFORMING,CONFORMING,CONFORMING,CONFORMING,PENDING_BB,DIAGNOSTIC_OK,NOT_APPLICABLE,NOT_APPLICABLE,NOT_APPLICABLE,NO_FAILURE_SO_FAR,PENDING_FINALIZATION,AUTO_FROZEN,0.998712,0.073041
BC_037_R05.png,BC,BC_037,5,14,VQL,Barras,Comparação,CONFORMING,CONFORMING,CONFORMING,CONFORMING,PENDING_BB,DIAGNOSTIC_OK,NOT_APPLICABLE,NOT_APPLICABLE,NOT_APPLICABLE,NO_FAILURE_SO_FAR,PENDING_FINALIZATION,AUTO_FROZEN,0.998712,0.073041
BC_037_R06.png,BC,BC_037,6,14,VQL,Barras,Comparação,CONFORMING,CONFORMING,CONFORMING,CONFORMING,PENDING_BB,DIAGNOSTIC_OK,NOT_APPLICABLE,NOT_APPLICABLE,NOT_APPLICABLE,NO_FAILURE_SO_FAR,PENDING_FINALIZATION,AUTO_FROZEN,0.998712,0.073041
BC_037_R07.png,BC,BC_037,7,14,VQL,Barras,Comparação,CONFORMING,CONFORMING,CONFORMING,CONFORMING,PENDING_BB,DIAGNOSTIC_OK,NOT_APPLICABLE,NOT_APPLICABLE,NOT_APPLICABLE,NO_FAILURE_SO_FAR,PENDING_FINALIZATION,AUTO_FROZEN,0.998712,0.073041
BC_037_R08.png,BC,BC_037,8,14,VQL,Barras,Comparação,CONFORMING,CONFORMING,CONFORMING,CONFORMING,PENDING_BB,DIAGNOSTIC_OK,NOT_APPLICABLE,NOT_APPLICABLE,NOT_APPLICABLE,NO_FAILURE_SO_FAR,PENDING_FINALIZATION,AUTO_FROZEN,0.998712,0.073041
BC_037_R09.png,BC,BC_037,9,14,VQL,Barras,Comparação,CONFORMING,CONFORMING,CONFORMING,CONFORMING,PENDING_BB,DIAGNOSTIC_OK,NOT_APPLICABLE,NOT_APPLICABLE,NOT_APPLICABLE,NO_FAILURE_SO_FAR,PENDING_FINALIZATION,AUTO_FROZEN,0.998712,0.073041
BC_037_R10.png,BC,BC_037,10,14,VQL,Barras,Comparação,CONFORMING,CONFORMING,CONFORMING,CONFORMING,PENDING_BB,DIAGNOSTIC_OK,NOT_APPLICABLE,NOT_APPLICABLE,NOT_APPLICABLE,NO_FAILURE_SO_FAR,PENDING_FINALIZATION,AUTO_FROZEN,0.998712,0.073041
BC_038_R01.png,BC,BC_038,1,15,VQL,Barras,Comparação,NONCONFORMING,NONCONFORMING,CONFORMING,PENDING_FINAL_ADJUDICATION,PENDING_BB,DIAGNOSTIC_OK,UNEVALUABLE,NOT_APPLICABLE,NOT_APPLICABLE,NONCONFORMING,NONCONFORMING,REVIEW_REQUIRED,0.817081,0.163401
BC_038_R02.png,BC,BC_038,2,15,VQL,Barras,Comparação,CONFORMING,CONFORMING,CONFORMING,CONFORMING,PENDING_BB,DIAGNOSTIC_OK,CONFORMING,NOT_APPLICABLE,NOT_APPLICABLE,NO_FAILURE_SO_FAR,PENDING_FINALIZATION,AUTO_FROZEN,0.998333,0.043125
BC_038_R03.png,BC,BC_038,3,15,VQL,Barras,Comparação,CONFORMING,CONFORMING,CONFORMING,CONFORMING,PENDING_BB,DIAGNOSTIC_OK,CONFORMING,NOT_APPLICABLE,NOT_APPLICABLE,NO_FAILURE_SO_FAR,PENDING_FINALIZATION,AUTO_FROZEN,0.998333,0.043125
BC_038_R04.png,BC,BC_038,4,15,VQL,Barras,Comparação,CONFORMING,CONFORMING,CONFORMING,CONFORMING,PENDING_BB,DIAGNOSTIC_OK,CONFORMING,NOT_APPLICABLE,NOT_APPLICABLE,NO_FAILURE_SO_FAR,PENDING_FINALIZATION,AUTO_FROZEN,0.998333,0.043125
BC_038_R05.png,BC,BC_038,5,15,VQL,Barras,Comparação,CONFORMING,CONFORMING,CONFORMING,CONFORMING,PENDING_BB,DIAGNOSTIC_OK,CONFORMING,NOT_APPLICABLE,NOT_APPLICABLE,NO_FAILURE_SO_FAR,PENDING_FINALIZATION,AUTO_FROZEN,0.998333,0.043125
BC_038_R06.png,BC,BC_038,6,15,VQL,Barras,Comparação,CONFORMING,CONFORMING,CONFORMING,CONFORMING,PENDING_BB,DIAGNOSTIC_OK,CONFORMING,NOT_APPLICABLE,NOT_APPLICABLE,NO_FAILURE_SO_FAR,PENDING_FINALIZATION,AUTO_FROZEN,0.998333,0.043125
BC_038_R07.png,BC,BC_038,7,15,VQL,Barras,Comparação,CONFORMING,CONFORMING,CONFORMING,CONFORMING,PENDING_BB,DIAGNOSTIC_OK,CONFORMING,NOT_APPLICABLE,NOT_APPLICABLE,NO_FAILURE_SO_FAR,PENDING_FINALIZATION,AUTO_FROZEN,0.998333,0.043125
BC_038_R08.png,BC,BC_038,8,15,VQL,Barras,Comparação,CONFORMING,CONFORMING,CONFORMING,CONFORMING,PENDING_BB,DIAGNOSTIC_OK,CONFORMING,NOT_APPLICABLE,NOT_APPLICABLE,NO_FAILURE_SO_FAR,PENDING_FINALIZATION,AUTO_FROZEN,0.998333,0.043125
BC_038_R09.png,BC,BC_038,9,15,VQL,Barras,Comparação,CONFORMING,CONFORMING,CONFORMING,CONFORMING,PENDING_BB,DIAGNOSTIC_OK,CONFORMING,NOT_APPLICABLE,NOT_APPLICABLE,NO_FAILURE_SO_FAR,PENDING_FINALIZATION,AUTO_FROZEN,0.998333,0.043125
BC_038_R10.png,BC,BC_038,10,15,VQL,Barras,Comparação,CONFORMING,CONFORMING,CONFORMING,CONFORMING,PENDING_BB,DIAGNOSTIC_OK,CONFORMING,NOT_APPLICABLE,NOT_APPLICABLE,NO_FAILURE_SO_FAR,PENDING_FINALIZATION,AUTO_FROZEN,0.998333,0.043125
BC_039_R01.png,BC,BC_039,1,16,VQL,Barras,Comparação,CONFORMING,CONFORMING,CONFORMING,CONFORMING,PENDING_BB,DIAGNOSTIC_OK,NOT_APPLICABLE,NOT_APPLICABLE,NOT_APPLICABLE,NO_FAILURE_SO_FAR,PENDING_FINALIZATION,AUTO_FROZEN,0.99887,0.070165
BC_039_R02.png,BC,BC_039,2,16,VQL,Barras,Comparação,CONFORMING,CONFORMING,CONFORMING,CONFORMING,PENDING_BB,DIAGNOSTIC_OK,NOT_APPLICABLE,NOT_APPLICABLE,NOT_APPLICABLE,NO_FAILURE_SO_FAR,PENDING_FINALIZATION,AUTO_FROZEN,0.929075,0.076538
BC_039_R03.png,BC,BC_039,3,16,VQL,Barras,Comparação,CONFORMING,CONFORMING,CONFORMING,CONFORMING,PENDING_BB,DIAGNOSTIC_OK,NOT_APPLICABLE,NOT_APPLICABLE,NOT_APPLICABLE,NO_FAILURE_SO_FAR,PENDING_FINALIZATION,AUTO_FROZEN,0.929075,0.076538
BC_039_R04.png,BC,BC_039,4,16,VQL,Barras,Comparação,CONFORMING,CONFORMING,CONFORMING,CONFORMING,PENDING_BB,DIAGNOSTIC_OK,NOT_APPLICABLE,NOT_APPLICABLE,NOT_APPLICABLE,NO_FAILURE_SO_FAR,PENDING_FINALIZATION,AUTO_FROZEN,0.929075,0.076538
BC_039_R05.png,BC,BC_039,5,16,VQL,Barras,Comparação,CONFORMING,CONFORMING,CONFORMING,CONFORMING,PENDING_BB,DIAGNOSTIC_OK,NOT_APPLICABLE,NOT_APPLICABLE,NOT_APPLICABLE,NO_FAILURE_SO_FAR,PENDING_FINALIZATION,AUTO_FROZEN,0.929075,0.076538
BC_039_R06.png,BC,BC_039,6,16,VQL,Barras,Comparação,CONFORMING,CONFORMING,CONFORMING,CONFORMING,PENDING_BB,DIAGNOSTIC_OK,NOT_APPLICABLE,NOT_APPLICABLE,NOT_APPLICABLE,NO_FAILURE_SO_FAR,PENDING_FINALIZATION,AUTO_FROZEN,0.929075,0.076538
BC_039_R07.png,BC,BC_039,7,16,VQL,Barras,Comparação,CONFORMING,CONFORMING,CONFORMING,CONFORMING,PENDING_BB,DIAGNOSTIC_OK,NOT_APPLICABLE,NOT_APPLICABLE,NOT_APPLICABLE,NO_FAILURE_SO_FAR,PENDING_FINALIZATION,AUTO_FROZEN,0.929075,0.076538
BC_039_R08.png,BC,BC_039,8,16,VQL,Barras,Comparação,CONFORMING,CONFORMING,CONFORMING,CONFORMING,PENDING_BB,DIAGNOSTIC_OK,NOT_APPLICABLE,NOT_APPLICABLE,NOT_APPLICABLE,NO_FAILURE_SO_FAR,PENDING_FINALIZATION,AUTO_FROZEN,0.929075,0.076538
BC_039_R09.png,BC,BC_039,9,16,VQL,Barras,Comparação,CONFORMING,CONFORMING,CONFORMING,CONFORMING,PENDING_BB,DIAGNOSTIC_OK,NOT_APPLICABLE,NOT_APPLICABLE,NOT_APPLICABLE,NO_FAILURE_SO_FAR,PENDING_FINALIZATION,AUTO_FROZEN,0.929075,0.076538
BC_039_R10.png,BC,BC_039,10,16,VQL,Barras,Comparação,CONFORMING,CONFORMING,CONFORMING,CONFORMING,PENDING_BB,DIAGNOSTIC_OK,NOT_APPLICABLE,NOT_APPLICABLE,NOT_APPLICABLE,NO_FAILURE_SO_FAR,PENDING_FINALIZATION,AUTO_FROZEN,0.929075,0.076538
BC_040_R01.png,BC,BC_040,1,1,ZERO-SHOT,Barras,Comparação,CONFORMING,CONFORMING,CONFORMING,CONFORMING,PENDING_BB,DIAGNOSTIC_OK,NOT_APPLICABLE,NOT_APPLICABLE,NOT_APPLICABLE,NO_FAILURE_SO_FAR,PENDING_FINALIZATION,AUTO_FROZEN,0.998555,0.065803
BC_040_R02.png,BC,BC_040,2,1,ZERO-SHOT,Barras,Comparação,CONFORMING,CONFORMING,CONFORMING,CONFORMING,PENDING_BB,DIAGNOSTIC_OK,NOT_APPLICABLE,NOT_APPLICABLE,NOT_APPLICABLE,NO_FAILURE_SO_FAR,PENDING_FINALIZATION,AUTO_FROZEN,0.998333,0.073854
BC_040_R03.png,BC,BC_040,3,1,ZERO-SHOT,Barras,Comparação,CONFORMING,CONFORMING,CONFORMING,CONFORMING,PENDING_BB,DIAGNOSTIC_OK,NOT_APPLICABLE,NOT_APPLICABLE,NOT_APPLICABLE,NO_FAILURE_SO_FAR,PENDING_FINALIZATION,AUTO_FROZEN,0.998333,0.038125
BC_040_R04.png,BC,BC_040,4,1,ZERO-SHOT,Barras,Comparação,CONFORMING,CONFORMING,CONFORMING,CONFORMING,PENDING_BB,DIAGNOSTIC_OK,NOT_APPLICABLE,NOT_APPLICABLE,NOT_APPLICABLE,NO_FAILURE_SO_FAR,PENDING_FINALIZATION,AUTO_FROZEN,0.998333,0.075521
BC_040_R05.png,BC,BC_040,5,1,ZERO-SHOT,Barras,Comparação,CONFORMING,CONFORMING,NONCONFORMING,CONFORMING,PENDING_BB,DIAGNOSTIC_OK,NOT_APPLICABLE,NOT_APPLICABLE,NOT_APPLICABLE,NONCONFORMING,NONCONFORMING,AUTO_FROZEN,0.998333,0.075521
BC_040_R06.png,BC,BC_040,6,1,ZERO-SHOT,Barras,Comparação,CONFORMING,CONFORMING,NONCONFORMING,CONFORMING,PENDING_BB,DIAGNOSTIC_OK,NOT_APPLICABLE,NOT_APPLICABLE,NOT_APPLICABLE,NONCONFORMING,NONCONFORMING,AUTO_FROZEN,0.998544,0.066621
BC_040_R07.png,BC,BC_040,7,1,ZERO-SHOT,Barras,Comparação,CONFORMING,CONFORMING,CONFORMING,CONFORMING,PENDING_BB,DIAGNOSTIC_OK,NOT_APPLICABLE,NOT_APPLICABLE,NOT_APPLICABLE,NO_FAILURE_SO_FAR,PENDING_FINALIZATION,AUTO_FROZEN,0.998758,0.001875
BC_040_R08.png,BC,BC_040,8,1,ZERO-SHOT,Barras,Comparação,CONFORMING,CONFORMING,CONFORMING,CONFORMING,PENDING_BB,DIAGNOSTIC_OK,NOT_APPLICABLE,NOT_APPLICABLE,NOT_APPLICABLE,NO_FAILURE_SO_FAR,PENDING_FINALIZATION,AUTO_FROZEN,0.998333,0.075625
BC_040_R09.png,BC,BC_040,9,1,ZERO-SHOT,Barras,Comparação,CONFORMING,CONFORMING,CONFORMING,CONFORMING,PENDING_BB,DIAGNOSTIC_OK,NOT_APPLICABLE,NOT_APPLICABLE,NOT_APPLICABLE,NO_FAILURE_SO_FAR,PENDING_FINALIZATION,AUTO_FROZEN,0.99891,0.06457
BC_040_R10.png,BC,BC_040,10,1,ZERO-SHOT,Barras,Comparação,CONFORMING,CONFORMING,NONCONFORMING,CONFORMING,PENDING_BB,DIAGNOSTIC_OK,NOT_APPLICABLE,NOT_APPLICABLE,NOT_APPLICABLE,NONCONFORMING,NONCONFORMING,AUTO_FROZEN,0.998333,0.076354
BC_041_R01.png,BC,BC_041,1,4,ZERO-SHOT,Barras,Comparação,CONFORMING,CONFORMING,CONFORMING,CONFORMING,PENDING_BB,DIAGNOSTIC_OK,NONCONFORMING,NOT_APPLICABLE,NOT_APPLICABLE,NONCONFORMING,NONCONFORMING,AUTO_FROZEN,0.814103,0.062707
BC_041_R02.png,BC,BC_041,2,4,ZERO-SHOT,Barras,Comparação,CONFORMING,CONFORMING,NONCONFORMING,CONFORMING,PENDING_BB,DIAGNOSTIC_OK,NONCONFORMING,NOT_APPLICABLE,NOT_APPLICABLE,NONCONFORMING,NONCONFORMING,AUTO_FROZEN,0.876471,0.155534
BC_041_R03.png,BC,BC_041,3,4,ZERO-SHOT,Barras,Comparação,CONFORMING,UNEVALUABLE,NONCONFORMING,PENDING_FINAL_ADJUDICATION,PENDING_BB,DIAGNOSTIC_INCOMPLETE,UNEVALUABLE,NOT_APPLICABLE,NOT_APPLICABLE,NONCONFORMING,NONCONFORMING,REVIEW_REQUIRED,1.0,
BC_041_R04.png,BC,BC_041,4,4,ZERO-SHOT,Barras,Comparação,CONFORMING,UNEVALUABLE,NONCONFORMING,PENDING_FINAL_ADJUDICATION,PENDING_BB,DIAGNOSTIC_INCOMPLETE,UNEVALUABLE,NOT_APPLICABLE,NOT_APPLICABLE,NONCONFORMING,NONCONFORMING,REVIEW_REQUIRED,1.0,
BC_041_R05.png,BC,BC_041,5,4,ZERO-SHOT,Barras,Comparação,CONFORMING,CONFORMING,NONCONFORMING,CONFORMING,PENDING_BB,DIAGNOSTIC_OK,NONCONFORMING,NOT_APPLICABLE,NOT_APPLICABLE,NONCONFORMING,NONCONFORMING,AUTO_FROZEN,0.560916,0.062646
BC_041_R06.png,BC,BC_041,6,4,ZERO-SHOT,Barras,Comparação,CONFORMING,NONCONFORMING,NONCONFORMING,CONFORMING,PENDING_BB,DIAGNOSTIC_LOW_CONFIDENCE,NONCONFORMING,NOT_APPLICABLE,NOT_APPLICABLE,NONCONFORMING,NONCONFORMING,AUTO_FROZEN,0.713423,0.196956
BC_041_R07.png,BC,BC_041,7,4,ZERO-SHOT,Barras,Comparação,CONFORMING,CONFORMING,NONCONFORMING,CONFORMING,PENDING_BB,DIAGNOSTIC_OK,NONCONFORMING,NOT_APPLICABLE,NOT_APPLICABLE,NONCONFORMING,NONCONFORMING,AUTO_FROZEN,0.998758,0.053646
BC_041_R08.png,BC,BC_041,8,4,ZERO-SHOT,Barras,Comparação,CONFORMING,CONFORMING,NONCONFORMING,CONFORMING,PENDING_BB,DIAGNOSTIC_OK,NONCONFORMING,NOT_APPLICABLE,NOT_APPLICABLE,NONCONFORMING,NONCONFORMING,AUTO_FROZEN,0.998333,0.054792
BC_041_R09.png,BC,BC_041,9,4,ZERO-SHOT,Barras,Comparação,CONFORMING,CONFORMING,NONCONFORMING,CONFORMING,PENDING_BB,DIAGNOSTIC_OK,NONCONFORMING,NOT_APPLICABLE,NOT_APPLICABLE,NONCONFORMING,NONCONFORMING,AUTO_FROZEN,0.998333,0.054792
BC_041_R10.png,BC,BC_041,10,4,ZERO-SHOT,Barras,Comparação,CONFORMING,CONFORMING,NONCONFORMING,CONFORMING,PENDING_BB,DIAGNOSTIC_OK,NONCONFORMING,NOT_APPLICABLE,NOT_APPLICABLE,NONCONFORMING,NONCONFORMING,AUTO_FROZEN,0.998333,0.054792
BC_042_R01.png,BC,BC_042,1,6,ZERO-SHOT,Barras,Comparação,CONFORMING,CONFORMING,CONFORMING,CONFORMING,PENDING_BB,DIAGNOSTIC_OK,CONFORMING,NOT_APPLICABLE,NOT_APPLICABLE,NO_FAILURE_SO_FAR,PENDING_FINALIZATION,AUTO_FROZEN,1.0,0.077857
BC_042_R02.png,BC,BC_042,2,6,ZERO-SHOT,Barras,Comparação,CONFORMING,NONCONFORMING,NONCONFORMING,CONFORMING,PENDING_BB,DIAGNOSTIC_OK,CONFORMING,NOT_APPLICABLE,NOT_APPLICABLE,NONCONFORMING,NONCONFORMING,AUTO_FROZEN,0.733113,0.12238
BC_042_R03.png,BC,BC_042,3,6,ZERO-SHOT,Barras,Comparação,CONFORMING,CONFORMING,NONCONFORMING,CONFORMING,PENDING_BB,DIAGNOSTIC_OK,CONFORMING,NOT_APPLICABLE,NOT_APPLICABLE,NONCONFORMING,NONCONFORMING,AUTO_FROZEN,0.805957,0.133447
BC_042_R04.png,BC,BC_042,4,6,ZERO-SHOT,Barras,Comparação,CONFORMING,CONFORMING,NONCONFORMING,CONFORMING,PENDING_BB,DIAGNOSTIC_OK,CONFORMING,NOT_APPLICABLE,NOT_APPLICABLE,NONCONFORMING,NONCONFORMING,AUTO_FROZEN,0.6173,0.066146
BC_042_R05.png,BC,BC_042,5,6,ZERO-SHOT,Barras,Comparação,CONFORMING,CONFORMING,NONCONFORMING,CONFORMING,PENDING_BB,DIAGNOSTIC_OK,UNEVALUABLE,NOT_APPLICABLE,NOT_APPLICABLE,NONCONFORMING,NONCONFORMING,AUTO_FROZEN,0.747945,0.081934
BC_042_R06.png,BC,BC_042,6,6,ZERO-SHOT,Barras,Comparação,CONFORMING,CONFORMING,NONCONFORMING,CONFORMING,PENDING_BB,DIAGNOSTIC_OK,NONCONFORMING,NOT_APPLICABLE,NOT_APPLICABLE,NONCONFORMING,NONCONFORMING,AUTO_FROZEN,0.558569,0.074609
BC_042_R07.png,BC,BC_042,7,6,ZERO-SHOT,Barras,Comparação,CONFORMING,CONFORMING,NONCONFORMING,CONFORMING,PENDING_BB,DIAGNOSTIC_OK,CONFORMING,NOT_APPLICABLE,NOT_APPLICABLE,NONCONFORMING,NONCONFORMING,AUTO_FROZEN,0.699987,0.160742
BC_042_R08.png,BC,BC_042,8,6,ZERO-SHOT,Barras,Comparação,CONFORMING,NONCONFORMING,NONCONFORMING,CONFORMING,PENDING_BB,DIAGNOSTIC_OK,CONFORMING,NOT_APPLICABLE,NOT_APPLICABLE,NONCONFORMING,NONCONFORMING,AUTO_FROZEN,0.714511,0.125423
BC_042_R09.png,BC,BC_042,9,6,ZERO-SHOT,Barras,Comparação,CONFORMING,CONFORMING,NONCONFORMING,CONFORMING,PENDING_BB,DIAGNOSTIC_OK,CONFORMING,NOT_APPLICABLE,NOT_APPLICABLE,NONCONFORMING,NONCONFORMING,AUTO_FROZEN,0.699987,0.160742
BC_042_R10.png,BC,BC_042,10,6,ZERO-SHOT,Barras,Comparação,CONFORMING,CONFORMING,NONCONFORMING,CONFORMING,PENDING_BB,DIAGNOSTIC_OK,CONFORMING,NOT_APPLICABLE,NOT_APPLICABLE,NONCONFORMING,NONCONFORMING,AUTO_FROZEN,0.613933,0.097917
BC_043_R01.png,BC,BC_043,1,7,ZERO-SHOT,Barras,Comparação,CONFORMING,CONFORMING,CONFORMING,CONFORMING,PENDING_BB,DIAGNOSTIC_OK,NOT_APPLICABLE,NOT_APPLICABLE,NOT_APPLICABLE,NO_FAILURE_SO_FAR,PENDING_FINALIZATION,AUTO_FROZEN,0.998908,0.079203
BC_043_R02.png,BC,BC_043,2,7,ZERO-SHOT,Barras,Comparação,CONFORMING,CONFORMING,CONFORMING,CONFORMING,PENDING_BB,DIAGNOSTIC_OK,NOT_APPLICABLE,NOT_APPLICABLE,NOT_APPLICABLE,NO_FAILURE_SO_FAR,PENDING_FINALIZATION,AUTO_FROZEN,0.998333,0.078646
BC_043_R03.png,BC,BC_043,3,7,ZERO-SHOT,Barras,Comparação,CONFORMING,CONFORMING,CONFORMING,CONFORMING,PENDING_BB,DIAGNOSTIC_OK,NOT_APPLICABLE,NOT_APPLICABLE,NOT_APPLICABLE,NO_FAILURE_SO_FAR,PENDING_FINALIZATION,AUTO_FROZEN,0.998333,0.074375
BC_043_R04.png,BC,BC_043,4,7,ZERO-SHOT,Barras,Comparação,CONFORMING,CONFORMING,NONCONFORMING,CONFORMING,PENDING_BB,DIAGNOSTIC_OK,NOT_APPLICABLE,NOT_APPLICABLE,NOT_APPLICABLE,NONCONFORMING,NONCONFORMING,AUTO_FROZEN,1.0,0.081875
BC_043_R05.png,BC,BC_043,5,7,ZERO-SHOT,Barras,Comparação,CONFORMING,CONFORMING,NONCONFORMING,CONFORMING,PENDING_BB,DIAGNOSTIC_OK,NOT_APPLICABLE,NOT_APPLICABLE,NOT_APPLICABLE,NONCONFORMING,NONCONFORMING,AUTO_FROZEN,0.998333,0.074687
BC_043_R06.png,BC,BC_043,6,7,ZERO-SHOT,Barras,Comparação,CONFORMING,CONFORMING,CONFORMING,CONFORMING,PENDING_BB,DIAGNOSTIC_OK,NOT_APPLICABLE,NOT_APPLICABLE,NOT_APPLICABLE,NO_FAILURE_SO_FAR,PENDING_FINALIZATION,AUTO_FROZEN,0.998333,0.079271
BC_043_R07.png,BC,BC_043,7,7,ZERO-SHOT,Barras,Comparação,CONFORMING,CONFORMING,CONFORMING,CONFORMING,PENDING_BB,DIAGNOSTIC_OK,NOT_APPLICABLE,NOT_APPLICABLE,NOT_APPLICABLE,NO_FAILURE_SO_FAR,PENDING_FINALIZATION,AUTO_FROZEN,0.998333,0.081146
BC_043_R08.png,BC,BC_043,8,7,ZERO-SHOT,Barras,Comparação,CONFORMING,CONFORMING,NONCONFORMING,CONFORMING,PENDING_BB,DIAGNOSTIC_OK,NOT_APPLICABLE,NOT_APPLICABLE,NOT_APPLICABLE,NONCONFORMING,NONCONFORMING,AUTO_FROZEN,0.998333,0.080625
BC_043_R09.png,BC,BC_043,9,7,ZERO-SHOT,Barras,Comparação,CONFORMING,CONFORMING,CONFORMING,CONFORMING,PENDING_BB,DIAGNOSTIC_OK,NOT_APPLICABLE,NOT_APPLICABLE,NOT_APPLICABLE,NO_FAILURE_SO_FAR,PENDING_FINALIZATION,AUTO_FROZEN,0.998758,0.001875
BC_043_R10.png,BC,BC_043,10,7,ZERO-SHOT,Barras,Comparação,CONFORMING,CONFORMING,NONCONFORMING,CONFORMING,PENDING_BB,DIAGNOSTIC_OK,NOT_APPLICABLE,NOT_APPLICABLE,NOT_APPLICABLE,NONCONFORMING,NONCONFORMING,AUTO_FROZEN,0.998333,0.079583
BC_044_R01.png,BC,BC_044,1,8,ZERO-SHOT,Barras,Comparação,CONFORMING,CONFORMING,CONFORMING,CONFORMING,PENDING_BB,DIAGNOSTIC_OK,NOT_APPLICABLE,NOT_APPLICABLE,NOT_APPLICABLE,NO_FAILURE_SO_FAR,PENDING_FINALIZATION,AUTO_FROZEN,0.998896,0.081571
BC_044_R02.png,BC,BC_044,2,8,ZERO-SHOT,Barras,Comparação,NONCONFORMING,NONCONFORMING,NONCONFORMING,PENDING_FINAL_ADJUDICATION,PENDING_BB,DIAGNOSTIC_OK,NOT_APPLICABLE,NOT_APPLICABLE,NOT_APPLICABLE,NONCONFORMING,NONCONFORMING,REVIEW_REQUIRED,0.89125,0.104167
BC_044_R03.png,BC,BC_044,3,8,ZERO-SHOT,Barras,Comparação,CONFORMING,CONFORMING,NONCONFORMING,CONFORMING,PENDING_BB,DIAGNOSTIC_OK,NOT_APPLICABLE,NOT_APPLICABLE,NOT_APPLICABLE,NONCONFORMING,NONCONFORMING,AUTO_FROZEN,0.998333,0.08625
BC_044_R04.png,BC,BC_044,4,8,ZERO-SHOT,Barras,Comparação,CONFORMING,CONFORMING,NONCONFORMING,CONFORMING,PENDING_BB,DIAGNOSTIC_OK,NOT_APPLICABLE,NOT_APPLICABLE,NOT_APPLICABLE,NONCONFORMING,NONCONFORMING,AUTO_FROZEN,0.998333,0.082083
BC_044_R05.png,BC,BC_044,5,8,ZERO-SHOT,Barras,Comparação,CONFORMING,CONFORMING,NONCONFORMING,CONFORMING,PENDING_BB,DIAGNOSTIC_OK,NOT_APPLICABLE,NOT_APPLICABLE,NOT_APPLICABLE,NONCONFORMING,NONCONFORMING,AUTO_FROZEN,0.998333,0.079375
BC_044_R06.png,BC,BC_044,6,8,ZERO-SHOT,Barras,Comparação,CONFORMING,CONFORMING,NONCONFORMING,CONFORMING,PENDING_BB,DIAGNOSTIC_OK,NOT_APPLICABLE,NOT_APPLICABLE,NOT_APPLICABLE,NONCONFORMING,NONCONFORMING,AUTO_FROZEN,0.998333,0.076146
BC_044_R07.png,BC,BC_044,7,8,ZERO-SHOT,Barras,Comparação,CONFORMING,CONFORMING,NONCONFORMING,CONFORMING,PENDING_BB,DIAGNOSTIC_OK,NOT_APPLICABLE,NOT_APPLICABLE,NOT_APPLICABLE,NONCONFORMING,NONCONFORMING,AUTO_FROZEN,0.998333,0.076146
BC_044_R08.png,BC,BC_044,8,8,ZERO-SHOT,Barras,Comparação,NONCONFORMING,NONCONFORMING,NONCONFORMING,PENDING_FINAL_ADJUDICATION,PENDING_BB,DIAGNOSTIC_OK,NOT_APPLICABLE,NOT_APPLICABLE,NOT_APPLICABLE,NONCONFORMING,NONCONFORMING,REVIEW_REQUIRED,0.936667,0.086979
BC_044_R09.png,BC,BC_044,9,8,ZERO-SHOT,Barras,Comparação,CONFORMING,CONFORMING,NONCONFORMING,CONFORMING,PENDING_BB,DIAGNOSTIC_OK,NOT_APPLICABLE,NOT_APPLICABLE,NOT_APPLICABLE,NONCONFORMING,NONCONFORMING,AUTO_FROZEN,0.998333,0.082083
BC_044_R10.png,BC,BC_044,10,8,ZERO-SHOT,Barras,Comparação,CONFORMING,CONFORMING,CONFORMING,CONFORMING,PENDING_BB,DIAGNOSTIC_OK,NOT_APPLICABLE,NOT_APPLICABLE,NOT_APPLICABLE,NO_FAILURE_SO_FAR,PENDING_FINALIZATION,AUTO_FROZEN,0.99889,0.078947
BC_045_R01.png,BC,BC_045,1,9,ZERO-SHOT,Barras,Comparação,CONFORMING,CONFORMING,CONFORMING,CONFORMING,PENDING_BB,DIAGNOSTIC_OK,CONFORMING,NOT_APPLICABLE,CONFORMING,NO_FAILURE_SO_FAR,PENDING_FINALIZATION,AUTO_FROZEN,0.833004,0.035228
BC_045_R02.png,BC,BC_045,2,9,ZERO-SHOT,Barras,Comparação,CONFORMING,CONFORMING,NONCONFORMING,CONFORMING,PENDING_BB,DIAGNOSTIC_OK,CONFORMING,NOT_APPLICABLE,CONFORMING,NONCONFORMING,NONCONFORMING,AUTO_FROZEN,0.684855,0.061346
BC_045_R03.png,BC,BC_045,3,9,ZERO-SHOT,Barras,Comparação,CONFORMING,CONFORMING,NONCONFORMING,CONFORMING,PENDING_BB,DIAGNOSTIC_OK,CONFORMING,NOT_APPLICABLE,CONFORMING,NONCONFORMING,NONCONFORMING,AUTO_FROZEN,0.569815,0.016661
BC_045_R04.png,BC,BC_045,4,9,ZERO-SHOT,Barras,Comparação,CONFORMING,CONFORMING,CONFORMING,CONFORMING,PENDING_BB,DIAGNOSTIC_OK,CONFORMING,NOT_APPLICABLE,CONFORMING,NO_FAILURE_SO_FAR,PENDING_FINALIZATION,AUTO_FROZEN,0.873033,0.028438
BC_045_R05.png,BC,BC_045,5,9,ZERO-SHOT,Barras,Comparação,CONFORMING,CONFORMING,CONFORMING,CONFORMING,PENDING_BB,DIAGNOSTIC_OK,CONFORMING,NOT_APPLICABLE,CONFORMING,NO_FAILURE_SO_FAR,PENDING_FINALIZATION,AUTO_FROZEN,0.873033,0.028438
BC_045_R06.png,BC,BC_045,6,9,ZERO-SHOT,Barras,Comparação,CONFORMING,CONFORMING,CONFORMING,CONFORMING,PENDING_BB,DIAGNOSTIC_OK,CONFORMING,NOT_APPLICABLE,CONFORMING,NO_FAILURE_SO_FAR,PENDING_FINALIZATION,AUTO_FROZEN,0.873033,0.028438
BC_045_R07.png,BC,BC_045,7,9,ZERO-SHOT,Barras,Comparação,CONFORMING,CONFORMING,CONFORMING,CONFORMING,PENDING_BB,DIAGNOSTIC_OK,CONFORMING,NOT_APPLICABLE,CONFORMING,NO_FAILURE_SO_FAR,PENDING_FINALIZATION,AUTO_FROZEN,0.873033,0.028438
BC_045_R08.png,BC,BC_045,8,9,ZERO-SHOT,Barras,Comparação,CONFORMING,CONFORMING,CONFORMING,CONFORMING,PENDING_BB,DIAGNOSTIC_OK,CONFORMING,NOT_APPLICABLE,CONFORMING,NO_FAILURE_SO_FAR,PENDING_FINALIZATION,AUTO_FROZEN,0.873033,0.028438
BC_045_R09.png,BC,BC_045,9,9,ZERO-SHOT,Barras,Comparação,CONFORMING,CONFORMING,CONFORMING,CONFORMING,PENDING_BB,DIAGNOSTIC_OK,CONFORMING,NOT_APPLICABLE,CONFORMING,NO_FAILURE_SO_FAR,PENDING_FINALIZATION,AUTO_FROZEN,0.873033,0.028438
BC_045_R10.png,BC,BC_045,10,9,ZERO-SHOT,Barras,Comparação,CONFORMING,CONFORMING,CONFORMING,CONFORMING,PENDING_BB,DIAGNOSTIC_OK,CONFORMING,NOT_APPLICABLE,CONFORMING,NO_FAILURE_SO_FAR,PENDING_FINALIZATION,AUTO_FROZEN,0.873033,0.028438
BC_046_R01.png,BC,BC_046,1,10,ZERO-SHOT,Barras,Comparação,CONFORMING,CONFORMING,CONFORMING,CONFORMING,PENDING_BB,DIAGNOSTIC_OK,NONCONFORMING,NOT_APPLICABLE,NONCONFORMING,NONCONFORMING,NONCONFORMING,AUTO_FROZEN,1.0,0.085882
BC_046_R02.png,BC,BC_046,2,10,ZERO-SHOT,Barras,Comparação,CONFORMING,CONFORMING,CONFORMING,CONFORMING,PENDING_BB,DIAGNOSTIC_OK,CONFORMING,NOT_APPLICABLE,CONFORMING,NO_FAILURE_SO_FAR,PENDING_FINALIZATION,AUTO_FROZEN,0.865458,0.052917
BC_046_R03.png,BC,BC_046,3,10,ZERO-SHOT,Barras,Comparação,CONFORMING,CONFORMING,CONFORMING,CONFORMING,PENDING_BB,DIAGNOSTIC_OK,CONFORMING,NOT_APPLICABLE,CONFORMING,NO_FAILURE_SO_FAR,PENDING_FINALIZATION,AUTO_FROZEN,0.865458,0.052917
BC_046_R04.png,BC,BC_046,4,10,ZERO-SHOT,Barras,Comparação,CONFORMING,CONFORMING,CONFORMING,CONFORMING,PENDING_BB,DIAGNOSTIC_OK,CONFORMING,NOT_APPLICABLE,CONFORMING,NO_FAILURE_SO_FAR,PENDING_FINALIZATION,AUTO_FROZEN,0.865458,0.052917
BC_046_R05.png,BC,BC_046,5,10,ZERO-SHOT,Barras,Comparação,CONFORMING,CONFORMING,CONFORMING,CONFORMING,PENDING_BB,DIAGNOSTIC_OK,CONFORMING,NOT_APPLICABLE,CONFORMING,NO_FAILURE_SO_FAR,PENDING_FINALIZATION,AUTO_FROZEN,0.865458,0.052917
BC_046_R06.png,BC,BC_046,6,10,ZERO-SHOT,Barras,Comparação,CONFORMING,CONFORMING,CONFORMING,CONFORMING,PENDING_BB,DIAGNOSTIC_OK,CONFORMING,NOT_APPLICABLE,CONFORMING,NO_FAILURE_SO_FAR,PENDING_FINALIZATION,AUTO_FROZEN,0.865458,0.052917
BC_046_R07.png,BC,BC_046,7,10,ZERO-SHOT,Barras,Comparação,CONFORMING,CONFORMING,CONFORMING,CONFORMING,PENDING_BB,DIAGNOSTIC_OK,CONFORMING,NOT_APPLICABLE,CONFORMING,NO_FAILURE_SO_FAR,PENDING_FINALIZATION,AUTO_FROZEN,0.865458,0.052917
BC_046_R08.png,BC,BC_046,8,10,ZERO-SHOT,Barras,Comparação,CONFORMING,CONFORMING,CONFORMING,CONFORMING,PENDING_BB,DIAGNOSTIC_OK,CONFORMING,NOT_APPLICABLE,CONFORMING,NO_FAILURE_SO_FAR,PENDING_FINALIZATION,AUTO_FROZEN,0.865458,0.052917
BC_046_R09.png,BC,BC_046,9,10,ZERO-SHOT,Barras,Comparação,CONFORMING,CONFORMING,CONFORMING,CONFORMING,PENDING_BB,DIAGNOSTIC_OK,CONFORMING,NOT_APPLICABLE,CONFORMING,NO_FAILURE_SO_FAR,PENDING_FINALIZATION,AUTO_FROZEN,0.865458,0.052917
BC_046_R10.png,BC,BC_046,10,10,ZERO-SHOT,Barras,Comparação,CONFORMING,CONFORMING,CONFORMING,CONFORMING,PENDING_BB,DIAGNOSTIC_OK,CONFORMING,NOT_APPLICABLE,CONFORMING,NO_FAILURE_SO_FAR,PENDING_FINALIZATION,AUTO_FROZEN,0.865458,0.052917
BC_047_R01.png,BC,BC_047,1,11,ZERO-SHOT,Barras,Comparação,CONFORMING,CONFORMING,CONFORMING,CONFORMING,PENDING_BB,DIAGNOSTIC_OK,NOT_APPLICABLE,NOT_APPLICABLE,NOT_APPLICABLE,NO_FAILURE_SO_FAR,PENDING_FINALIZATION,AUTO_FROZEN,0.998519,0.070089
BC_047_R02.png,BC,BC_047,2,11,ZERO-SHOT,Barras,Comparação,CONFORMING,CONFORMING,CONFORMING,CONFORMING,PENDING_BB,DIAGNOSTIC_OK,NOT_APPLICABLE,NOT_APPLICABLE,NOT_APPLICABLE,NO_FAILURE_SO_FAR,PENDING_FINALIZATION,AUTO_FROZEN,0.998888,0.068801
BC_047_R03.png,BC,BC_047,3,11,ZERO-SHOT,Barras,Comparação,CONFORMING,CONFORMING,CONFORMING,CONFORMING,PENDING_BB,DIAGNOSTIC_OK,NOT_APPLICABLE,NOT_APPLICABLE,NOT_APPLICABLE,NO_FAILURE_SO_FAR,PENDING_FINALIZATION,AUTO_FROZEN,0.998888,0.068801
BC_047_R04.png,BC,BC_047,4,11,ZERO-SHOT,Barras,Comparação,CONFORMING,CONFORMING,CONFORMING,CONFORMING,PENDING_BB,DIAGNOSTIC_OK,NOT_APPLICABLE,NOT_APPLICABLE,NOT_APPLICABLE,NO_FAILURE_SO_FAR,PENDING_FINALIZATION,AUTO_FROZEN,0.998888,0.068801
BC_047_R05.png,BC,BC_047,5,11,ZERO-SHOT,Barras,Comparação,CONFORMING,CONFORMING,CONFORMING,CONFORMING,PENDING_BB,DIAGNOSTIC_OK,NOT_APPLICABLE,NOT_APPLICABLE,NOT_APPLICABLE,NO_FAILURE_SO_FAR,PENDING_FINALIZATION,AUTO_FROZEN,0.998888,0.068801
BC_047_R06.png,BC,BC_047,6,11,ZERO-SHOT,Barras,Comparação,CONFORMING,CONFORMING,CONFORMING,CONFORMING,PENDING_BB,DIAGNOSTIC_OK,NOT_APPLICABLE,NOT_APPLICABLE,NOT_APPLICABLE,NO_FAILURE_SO_FAR,PENDING_FINALIZATION,AUTO_FROZEN,0.998888,0.068801
BC_047_R07.png,BC,BC_047,7,11,ZERO-SHOT,Barras,Comparação,CONFORMING,CONFORMING,CONFORMING,CONFORMING,PENDING_BB,DIAGNOSTIC_OK,NOT_APPLICABLE,NOT_APPLICABLE,NOT_APPLICABLE,NO_FAILURE_SO_FAR,PENDING_FINALIZATION,AUTO_FROZEN,0.998333,0.075312
BC_047_R08.png,BC,BC_047,8,11,ZERO-SHOT,Barras,Comparação,CONFORMING,CONFORMING,CONFORMING,CONFORMING,PENDING_BB,DIAGNOSTIC_OK,NOT_APPLICABLE,NOT_APPLICABLE,NOT_APPLICABLE,NO_FAILURE_SO_FAR,PENDING_FINALIZATION,AUTO_FROZEN,0.998333,0.075312
BC_047_R09.png,BC,BC_047,9,11,ZERO-SHOT,Barras,Comparação,CONFORMING,CONFORMING,CONFORMING,CONFORMING,PENDING_BB,DIAGNOSTIC_OK,NOT_APPLICABLE,NOT_APPLICABLE,NOT_APPLICABLE,NO_FAILURE_SO_FAR,PENDING_FINALIZATION,AUTO_FROZEN,0.998333,0.075312
BC_047_R10.png,BC,BC_047,10,11,ZERO-SHOT,Barras,Comparação,CONFORMING,CONFORMING,CONFORMING,CONFORMING,PENDING_BB,DIAGNOSTIC_OK,NOT_APPLICABLE,NOT_APPLICABLE,NOT_APPLICABLE,NO_FAILURE_SO_FAR,PENDING_FINALIZATION,AUTO_FROZEN,0.998333,0.075312
BC_048_R01.png,BC,BC_048,1,12,ZERO-SHOT,Barras,Comparação,CONFORMING,CONFORMING,CONFORMING,CONFORMING,PENDING_BB,DIAGNOSTIC_OK,NOT_APPLICABLE,NOT_APPLICABLE,NOT_APPLICABLE,NO_FAILURE_SO_FAR,PENDING_FINALIZATION,AUTO_FROZEN,0.998879,0.083174
BC_048_R02.png,BC,BC_048,2,12,ZERO-SHOT,Barras,Comparação,CONFORMING,CONFORMING,NONCONFORMING,CONFORMING,PENDING_BB,DIAGNOSTIC_OK,NOT_APPLICABLE,NOT_APPLICABLE,NOT_APPLICABLE,NONCONFORMING,NONCONFORMING,AUTO_FROZEN,0.998318,0.065814
BC_048_R03.png,BC,BC_048,3,12,ZERO-SHOT,Barras,Comparação,CONFORMING,CONFORMING,NONCONFORMING,CONFORMING,PENDING_BB,DIAGNOSTIC_OK,NOT_APPLICABLE,NOT_APPLICABLE,NOT_APPLICABLE,NONCONFORMING,NONCONFORMING,AUTO_FROZEN,0.998318,0.065814
BC_048_R04.png,BC,BC_048,4,12,ZERO-SHOT,Barras,Comparação,CONFORMING,CONFORMING,NONCONFORMING,CONFORMING,PENDING_BB,DIAGNOSTIC_OK,NOT_APPLICABLE,NOT_APPLICABLE,NOT_APPLICABLE,NONCONFORMING,NONCONFORMING,AUTO_FROZEN,0.998318,0.065814
BC_048_R05.png,BC,BC_048,5,12,ZERO-SHOT,Barras,Comparação,CONFORMING,CONFORMING,NONCONFORMING,CONFORMING,PENDING_BB,DIAGNOSTIC_OK,NOT_APPLICABLE,NOT_APPLICABLE,NOT_APPLICABLE,NONCONFORMING,NONCONFORMING,AUTO_FROZEN,0.998318,0.065814
BC_048_R06.png,BC,BC_048,6,12,ZERO-SHOT,Barras,Comparação,CONFORMING,CONFORMING,NONCONFORMING,CONFORMING,PENDING_BB,DIAGNOSTIC_OK,NOT_APPLICABLE,NOT_APPLICABLE,NOT_APPLICABLE,NONCONFORMING,NONCONFORMING,AUTO_FROZEN,0.998318,0.063282
BC_048_R07.png,BC,BC_048,7,12,ZERO-SHOT,Barras,Comparação,CONFORMING,CONFORMING,NONCONFORMING,CONFORMING,PENDING_BB,DIAGNOSTIC_OK,NOT_APPLICABLE,NOT_APPLICABLE,NOT_APPLICABLE,NONCONFORMING,NONCONFORMING,AUTO_FROZEN,0.998318,0.063282
BC_048_R08.png,BC,BC_048,8,12,ZERO-SHOT,Barras,Comparação,CONFORMING,CONFORMING,NONCONFORMING,CONFORMING,PENDING_BB,DIAGNOSTIC_OK,NOT_APPLICABLE,NOT_APPLICABLE,NOT_APPLICABLE,NONCONFORMING,NONCONFORMING,AUTO_FROZEN,0.998318,0.063282
BC_048_R09.png,BC,BC_048,9,12,ZERO-SHOT,Barras,Comparação,CONFORMING,CONFORMING,NONCONFORMING,CONFORMING,PENDING_BB,DIAGNOSTIC_OK,NOT_APPLICABLE,NOT_APPLICABLE,NOT_APPLICABLE,NONCONFORMING,NONCONFORMING,AUTO_FROZEN,0.998318,0.063282
BC_048_R10.png,BC,BC_048,10,12,ZERO-SHOT,Barras,Comparação,CONFORMING,CONFORMING,NONCONFORMING,CONFORMING,PENDING_BB,DIAGNOSTIC_OK,NOT_APPLICABLE,NOT_APPLICABLE,NOT_APPLICABLE,NONCONFORMING,NONCONFORMING,AUTO_FROZEN,0.998318,0.063282
BC_049_R01.png,BC,BC_049,1,13,ZERO-SHOT,Barras,Comparação,CONFORMING,CONFORMING,CONFORMING,CONFORMING,PENDING_BB,DIAGNOSTIC_OK,CONFORMING,NOT_APPLICABLE,CONFORMING,NO_FAILURE_SO_FAR,PENDING_FINALIZATION,AUTO_FROZEN,0.998922,0.067447
BC_049_R02.png,BC,BC_049,2,13,ZERO-SHOT,Barras,Comparação,CONFORMING,CONFORMING,CONFORMING,CONFORMING,PENDING_BB,DIAGNOSTIC_OK,CONFORMING,NOT_APPLICABLE,CONFORMING,NO_FAILURE_SO_FAR,PENDING_FINALIZATION,AUTO_FROZEN,0.998913,0.068328
BC_049_R03.png,BC,BC_049,3,13,ZERO-SHOT,Barras,Comparação,CONFORMING,CONFORMING,CONFORMING,CONFORMING,PENDING_BB,DIAGNOSTIC_OK,CONFORMING,NOT_APPLICABLE,CONFORMING,NO_FAILURE_SO_FAR,PENDING_FINALIZATION,AUTO_FROZEN,0.998913,0.068328
BC_049_R04.png,BC,BC_049,4,13,ZERO-SHOT,Barras,Comparação,CONFORMING,CONFORMING,CONFORMING,CONFORMING,PENDING_BB,DIAGNOSTIC_OK,CONFORMING,NOT_APPLICABLE,CONFORMING,NO_FAILURE_SO_FAR,PENDING_FINALIZATION,AUTO_FROZEN,0.998913,0.068328
BC_049_R05.png,BC,BC_049,5,13,ZERO-SHOT,Barras,Comparação,CONFORMING,CONFORMING,CONFORMING,CONFORMING,PENDING_BB,DIAGNOSTIC_OK,CONFORMING,NOT_APPLICABLE,CONFORMING,NO_FAILURE_SO_FAR,PENDING_FINALIZATION,AUTO_FROZEN,0.998913,0.068328
BC_049_R06.png,BC,BC_049,6,13,ZERO-SHOT,Barras,Comparação,CONFORMING,CONFORMING,CONFORMING,CONFORMING,PENDING_BB,DIAGNOSTIC_OK,CONFORMING,NOT_APPLICABLE,CONFORMING,NO_FAILURE_SO_FAR,PENDING_FINALIZATION,AUTO_FROZEN,0.998913,0.068328
BC_049_R07.png,BC,BC_049,7,13,ZERO-SHOT,Barras,Comparação,CONFORMING,CONFORMING,CONFORMING,CONFORMING,PENDING_BB,DIAGNOSTIC_OK,CONFORMING,NOT_APPLICABLE,CONFORMING,NO_FAILURE_SO_FAR,PENDING_FINALIZATION,AUTO_FROZEN,0.898497,0.036667
BC_049_R08.png,BC,BC_049,8,13,ZERO-SHOT,Barras,Comparação,CONFORMING,CONFORMING,NONCONFORMING,CONFORMING,PENDING_BB,DIAGNOSTIC_OK,CONFORMING,NOT_APPLICABLE,CONFORMING,NONCONFORMING,NONCONFORMING,AUTO_FROZEN,0.998333,0.074687
BC_049_R09.png,BC,BC_049,9,13,ZERO-SHOT,Barras,Comparação,CONFORMING,CONFORMING,NONCONFORMING,CONFORMING,PENDING_BB,DIAGNOSTIC_OK,CONFORMING,NOT_APPLICABLE,CONFORMING,NONCONFORMING,NONCONFORMING,AUTO_FROZEN,0.998333,0.074687
BC_049_R10.png,BC,BC_049,10,13,ZERO-SHOT,Barras,Comparação,CONFORMING,CONFORMING,NONCONFORMING,CONFORMING,PENDING_BB,DIAGNOSTIC_OK,CONFORMING,NOT_APPLICABLE,CONFORMING,NONCONFORMING,NONCONFORMING,AUTO_FROZEN,0.998333,0.074687
BC_050_R01.png,BC,BC_050,1,14,ZERO-SHOT,Barras,Comparação,CONFORMING,CONFORMING,CONFORMING,CONFORMING,PENDING_BB,DIAGNOSTIC_OK,NOT_APPLICABLE,NOT_APPLICABLE,NOT_APPLICABLE,NO_FAILURE_SO_FAR,PENDING_FINALIZATION,AUTO_FROZEN,0.998379,0.073728
BC_050_R02.png,BC,BC_050,2,14,ZERO-SHOT,Barras,Comparação,CONFORMING,CONFORMING,NONCONFORMING,CONFORMING,PENDING_BB,DIAGNOSTIC_OK,NOT_APPLICABLE,NOT_APPLICABLE,NOT_APPLICABLE,NONCONFORMING,NONCONFORMING,AUTO_FROZEN,0.998318,0.07943
BC_050_R03.png,BC,BC_050,3,14,ZERO-SHOT,Barras,Comparação,CONFORMING,CONFORMING,NONCONFORMING,CONFORMING,PENDING_BB,DIAGNOSTIC_OK,NOT_APPLICABLE,NOT_APPLICABLE,NOT_APPLICABLE,NONCONFORMING,NONCONFORMING,AUTO_FROZEN,0.998318,0.07943
BC_050_R04.png,BC,BC_050,4,14,ZERO-SHOT,Barras,Comparação,CONFORMING,CONFORMING,NONCONFORMING,CONFORMING,PENDING_BB,DIAGNOSTIC_OK,NOT_APPLICABLE,NOT_APPLICABLE,NOT_APPLICABLE,NONCONFORMING,NONCONFORMING,AUTO_FROZEN,0.998318,0.07943
BC_050_R05.png,BC,BC_050,5,14,ZERO-SHOT,Barras,Comparação,CONFORMING,CONFORMING,NONCONFORMING,CONFORMING,PENDING_BB,DIAGNOSTIC_OK,NOT_APPLICABLE,NOT_APPLICABLE,NOT_APPLICABLE,NONCONFORMING,NONCONFORMING,AUTO_FROZEN,0.998318,0.07943
BC_050_R06.png,BC,BC_050,6,14,ZERO-SHOT,Barras,Comparação,CONFORMING,CONFORMING,CONFORMING,CONFORMING,PENDING_BB,DIAGNOSTIC_OK,NOT_APPLICABLE,NOT_APPLICABLE,NOT_APPLICABLE,NO_FAILURE_SO_FAR,PENDING_FINALIZATION,AUTO_FROZEN,0.998333,0.075521
BC_050_R07.png,BC,BC_050,7,14,ZERO-SHOT,Barras,Comparação,CONFORMING,CONFORMING,CONFORMING,CONFORMING,PENDING_BB,DIAGNOSTIC_OK,NOT_APPLICABLE,NOT_APPLICABLE,NOT_APPLICABLE,NO_FAILURE_SO_FAR,PENDING_FINALIZATION,AUTO_FROZEN,0.998333,0.075521
BC_050_R08.png,BC,BC_050,8,14,ZERO-SHOT,Barras,Comparação,CONFORMING,CONFORMING,CONFORMING,CONFORMING,PENDING_BB,DIAGNOSTIC_OK,NOT_APPLICABLE,NOT_APPLICABLE,NOT_APPLICABLE,NO_FAILURE_SO_FAR,PENDING_FINALIZATION,AUTO_FROZEN,0.998333,0.075521
BC_050_R09.png,BC,BC_050,9,14,ZERO-SHOT,Barras,Comparação,CONFORMING,CONFORMING,CONFORMING,CONFORMING,PENDING_BB,DIAGNOSTIC_OK,NOT_APPLICABLE,NOT_APPLICABLE,NOT_APPLICABLE,NO_FAILURE_SO_FAR,PENDING_FINALIZATION,AUTO_FROZEN,0.998333,0.075521
BC_050_R10.png,BC,BC_050,10,14,ZERO-SHOT,Barras,Comparação,CONFORMING,CONFORMING,CONFORMING,CONFORMING,PENDING_BB,DIAGNOSTIC_OK,NOT_APPLICABLE,NOT_APPLICABLE,NOT_APPLICABLE,NO_FAILURE_SO_FAR,PENDING_FINALIZATION,AUTO_FROZEN,0.998333,0.075521
BC_051_R01.png,BC,BC_051,1,15,ZERO-SHOT,Barras,Comparação,CONFORMING,CONFORMING,CONFORMING,CONFORMING,PENDING_BB,DIAGNOSTIC_OK,NONCONFORMING,NOT_APPLICABLE,NOT_APPLICABLE,NONCONFORMING,NONCONFORMING,AUTO_FROZEN,0.998889,0.069135
BC_051_R02.png,BC,BC_051,2,15,ZERO-SHOT,Barras,Comparação,CONFORMING,CONFORMING,CONFORMING,CONFORMING,PENDING_BB,DIAGNOSTIC_OK,CONFORMING,NOT_APPLICABLE,NOT_APPLICABLE,NO_FAILURE_SO_FAR,PENDING_FINALIZATION,AUTO_FROZEN,1.0,0.080937
BC_051_R03.png,BC,BC_051,3,15,ZERO-SHOT,Barras,Comparação,CONFORMING,CONFORMING,CONFORMING,CONFORMING,PENDING_BB,DIAGNOSTIC_OK,CONFORMING,NOT_APPLICABLE,NOT_APPLICABLE,NO_FAILURE_SO_FAR,PENDING_FINALIZATION,AUTO_FROZEN,1.0,0.07125
BC_051_R04.png,BC,BC_051,4,15,ZERO-SHOT,Barras,Comparação,CONFORMING,CONFORMING,CONFORMING,CONFORMING,PENDING_BB,DIAGNOSTIC_OK,CONFORMING,NOT_APPLICABLE,NOT_APPLICABLE,NO_FAILURE_SO_FAR,PENDING_FINALIZATION,AUTO_FROZEN,1.0,0.07125
BC_051_R05.png,BC,BC_051,5,15,ZERO-SHOT,Barras,Comparação,CONFORMING,CONFORMING,CONFORMING,CONFORMING,PENDING_BB,DIAGNOSTIC_OK,CONFORMING,NOT_APPLICABLE,NOT_APPLICABLE,NO_FAILURE_SO_FAR,PENDING_FINALIZATION,AUTO_FROZEN,1.0,0.06625
BC_051_R06.png,BC,BC_051,6,15,ZERO-SHOT,Barras,Comparação,CONFORMING,CONFORMING,CONFORMING,CONFORMING,PENDING_BB,DIAGNOSTIC_OK,CONFORMING,NOT_APPLICABLE,NOT_APPLICABLE,NO_FAILURE_SO_FAR,PENDING_FINALIZATION,AUTO_FROZEN,1.0,0.06625
BC_051_R07.png,BC,BC_051,7,15,ZERO-SHOT,Barras,Comparação,CONFORMING,CONFORMING,NONCONFORMING,CONFORMING,PENDING_BB,DIAGNOSTIC_OK,CONFORMING,NOT_APPLICABLE,NOT_APPLICABLE,NONCONFORMING,NONCONFORMING,AUTO_FROZEN,0.998333,0.080417
BC_051_R08.png,BC,BC_051,8,15,ZERO-SHOT,Barras,Comparação,CONFORMING,CONFORMING,NONCONFORMING,CONFORMING,PENDING_BB,DIAGNOSTIC_OK,CONFORMING,NOT_APPLICABLE,NOT_APPLICABLE,NONCONFORMING,NONCONFORMING,AUTO_FROZEN,0.998758,0.077083
BC_051_R09.png,BC,BC_051,9,15,ZERO-SHOT,Barras,Comparação,CONFORMING,CONFORMING,NONCONFORMING,CONFORMING,PENDING_BB,DIAGNOSTIC_OK,CONFORMING,NOT_APPLICABLE,NOT_APPLICABLE,NONCONFORMING,NONCONFORMING,AUTO_FROZEN,0.998333,0.072917
BC_051_R10.png,BC,BC_051,10,15,ZERO-SHOT,Barras,Comparação,CONFORMING,CONFORMING,NONCONFORMING,CONFORMING,PENDING_BB,DIAGNOSTIC_OK,CONFORMING,NOT_APPLICABLE,NOT_APPLICABLE,NONCONFORMING,NONCONFORMING,AUTO_FROZEN,0.998758,0.069896
BC_052_R01.png,BC,BC_052,1,16,ZERO-SHOT,Barras,Comparação,CONFORMING,CONFORMING,CONFORMING,CONFORMING,PENDING_BB,DIAGNOSTIC_OK,NOT_APPLICABLE,NOT_APPLICABLE,NOT_APPLICABLE,NO_FAILURE_SO_FAR,PENDING_FINALIZATION,AUTO_FROZEN,0.998758,0.078229
BC_052_R02.png,BC,BC_052,2,16,ZERO-SHOT,Barras,Comparação,CONFORMING,CONFORMING,CONFORMING,CONFORMING,PENDING_BB,DIAGNOSTIC_OK,NOT_APPLICABLE,NOT_APPLICABLE,NOT_APPLICABLE,NO_FAILURE_SO_FAR,PENDING_FINALIZATION,AUTO_FROZEN,0.998896,0.074904
BC_052_R03.png,BC,BC_052,3,16,ZERO-SHOT,Barras,Comparação,CONFORMING,CONFORMING,NONCONFORMING,CONFORMING,PENDING_BB,DIAGNOSTIC_OK,NOT_APPLICABLE,NOT_APPLICABLE,NOT_APPLICABLE,NONCONFORMING,NONCONFORMING,AUTO_FROZEN,0.998758,0.072604
BC_052_R04.png,BC,BC_052,4,16,ZERO-SHOT,Barras,Comparação,CONFORMING,CONFORMING,NONCONFORMING,CONFORMING,PENDING_BB,DIAGNOSTIC_OK,NOT_APPLICABLE,NOT_APPLICABLE,NOT_APPLICABLE,NONCONFORMING,NONCONFORMING,AUTO_FROZEN,0.998758,0.072604
BC_052_R05.png,BC,BC_052,5,16,ZERO-SHOT,Barras,Comparação,CONFORMING,CONFORMING,CONFORMING,CONFORMING,PENDING_BB,DIAGNOSTIC_OK,NOT_APPLICABLE,NOT_APPLICABLE,NOT_APPLICABLE,NO_FAILURE_SO_FAR,PENDING_FINALIZATION,AUTO_FROZEN,0.998758,0.078229
BC_052_R06.png,BC,BC_052,6,16,ZERO-SHOT,Barras,Comparação,CONFORMING,CONFORMING,CONFORMING,CONFORMING,PENDING_BB,DIAGNOSTIC_OK,NOT_APPLICABLE,NOT_APPLICABLE,NOT_APPLICABLE,NO_FAILURE_SO_FAR,PENDING_FINALIZATION,AUTO_FROZEN,0.998758,0.001875
BC_052_R07.png,BC,BC_052,7,16,ZERO-SHOT,Barras,Comparação,CONFORMING,CONFORMING,NONCONFORMING,CONFORMING,PENDING_BB,DIAGNOSTIC_OK,NOT_APPLICABLE,NOT_APPLICABLE,NOT_APPLICABLE,NONCONFORMING,NONCONFORMING,AUTO_FROZEN,0.998758,0.072604
BC_052_R08.png,BC,BC_052,8,16,ZERO-SHOT,Barras,Comparação,CONFORMING,CONFORMING,CONFORMING,CONFORMING,PENDING_BB,DIAGNOSTIC_OK,NOT_APPLICABLE,NOT_APPLICABLE,NOT_APPLICABLE,NO_FAILURE_SO_FAR,PENDING_FINALIZATION,AUTO_FROZEN,0.998887,0.075118
BC_052_R09.png,BC,BC_052,9,16,ZERO-SHOT,Barras,Comparação,CONFORMING,CONFORMING,NONCONFORMING,CONFORMING,PENDING_BB,DIAGNOSTIC_OK,NOT_APPLICABLE,NOT_APPLICABLE,NOT_APPLICABLE,NONCONFORMING,NONCONFORMING,AUTO_FROZEN,0.998758,0.072604
BC_052_R10.png,BC,BC_052,10,16,ZERO-SHOT,Barras,Comparação,CONFORMING,CONFORMING,CONFORMING,CONFORMING,PENDING_BB,DIAGNOSTIC_OK,NOT_APPLICABLE,NOT_APPLICABLE,NOT_APPLICABLE,NO_FAILURE_SO_FAR,PENDING_FINALIZATION,AUTO_FROZEN,1.0,0.071965
BI_001_R01.png,BI,BI_001,1,1,FEW-SHOT,Barras,Identificação,CONFORMING,CONFORMING,CONFORMING,CONFORMING,PENDING_BB,DIAGNOSTIC_OK,CONFORMING,NOT_APPLICABLE,NOT_APPLICABLE,NO_FAILURE_SO_FAR,PENDING_FINALIZATION,AUTO_FROZEN,0.998333,0.059792
BI_001_R02.png,BI,BI_001,2,1,FEW-SHOT,Barras,Identificação,CONFORMING,CONFORMING,CONFORMING,CONFORMING,PENDING_BB,DIAGNOSTIC_OK,UNEVALUABLE,NOT_APPLICABLE,NOT_APPLICABLE,UNEVALUABLE,PENDING_FINALIZATION,AUTO_FROZEN,0.878812,0.095716
BI_001_R03.png,BI,BI_001,3,1,FEW-SHOT,Barras,Identificação,CONFORMING,CONFORMING,CONFORMING,CONFORMING,PENDING_BB,DIAGNOSTIC_OK,CONFORMING,NOT_APPLICABLE,NOT_APPLICABLE,NO_FAILURE_SO_FAR,PENDING_FINALIZATION,AUTO_FROZEN,0.774247,0.108006
BI_001_R04.png,BI,BI_001,4,1,FEW-SHOT,Barras,Identificação,CONFORMING,CONFORMING,CONFORMING,CONFORMING,PENDING_BB,DIAGNOSTIC_OK,CONFORMING,NOT_APPLICABLE,NOT_APPLICABLE,NO_FAILURE_SO_FAR,PENDING_FINALIZATION,AUTO_FROZEN,0.872338,0.106566
BI_001_R05.png,BI,BI_001,5,1,FEW-SHOT,Barras,Identificação,CONFORMING,CONFORMING,CONFORMING,CONFORMING,PENDING_BB,DIAGNOSTIC_OK,CONFORMING,NOT_APPLICABLE,NOT_APPLICABLE,NO_FAILURE_SO_FAR,PENDING_FINALIZATION,AUTO_FROZEN,0.872338,0.114686
BI_001_R06.png,BI,BI_001,6,1,FEW-SHOT,Barras,Identificação,CONFORMING,CONFORMING,CONFORMING,CONFORMING,PENDING_BB,DIAGNOSTIC_OK,UNEVALUABLE,NOT_APPLICABLE,NOT_APPLICABLE,UNEVALUABLE,PENDING_FINALIZATION,AUTO_FROZEN,0.875405,0.102933
BI_001_R07.png,BI,BI_001,7,1,FEW-SHOT,Barras,Identificação,CONFORMING,CONFORMING,CONFORMING,CONFORMING,PENDING_BB,DIAGNOSTIC_OK,CONFORMING,NOT_APPLICABLE,NOT_APPLICABLE,NO_FAILURE_SO_FAR,PENDING_FINALIZATION,AUTO_FROZEN,0.777139,0.099303
BI_001_R08.png,BI,BI_001,8,1,FEW-SHOT,Barras,Identificação,CONFORMING,CONFORMING,CONFORMING,CONFORMING,PENDING_BB,DIAGNOSTIC_OK,CONFORMING,NOT_APPLICABLE,NOT_APPLICABLE,NO_FAILURE_SO_FAR,PENDING_FINALIZATION,AUTO_FROZEN,0.860244,0.111259
BI_001_R09.png,BI,BI_001,9,1,FEW-SHOT,Barras,Identificação,CONFORMING,CONFORMING,CONFORMING,CONFORMING,PENDING_BB,DIAGNOSTIC_OK,UNEVALUABLE,NOT_APPLICABLE,NOT_APPLICABLE,UNEVALUABLE,PENDING_FINALIZATION,AUTO_FROZEN,0.784926,0.097787
BI_001_R10.png,BI,BI_001,10,1,FEW-SHOT,Barras,Identificação,CONFORMING,CONFORMING,CONFORMING,CONFORMING,PENDING_BB,DIAGNOSTIC_OK,CONFORMING,NOT_APPLICABLE,NOT_APPLICABLE,NO_FAILURE_SO_FAR,PENDING_FINALIZATION,AUTO_FROZEN,0.785727,0.048825
BI_002_R01.png,BI,BI_002,1,4,FEW-SHOT,Barras,Identificação,CONFORMING,CONFORMING,CONFORMING,CONFORMING,PENDING_BB,DIAGNOSTIC_OK,CONFORMING,NOT_APPLICABLE,NOT_APPLICABLE,NO_FAILURE_SO_FAR,PENDING_FINALIZATION,AUTO_FROZEN,0.909785,0.052708
BI_002_R02.png,BI,BI_002,2,4,FEW-SHOT,Barras,Identificação,CONFORMING,CONFORMING,CONFORMING,CONFORMING,PENDING_BB,DIAGNOSTIC_OK,CONFORMING,NOT_APPLICABLE,NOT_APPLICABLE,NO_FAILURE_SO_FAR,PENDING_FINALIZATION,AUTO_FROZEN,0.998213,0.052468
BI_002_R03.png,BI,BI_002,3,4,FEW-SHOT,Barras,Identificação,NONCONFORMING,CONFORMING,NONCONFORMING,CONFORMING,PENDING_BB,DIAGNOSTIC_OK,CONFORMING,NOT_APPLICABLE,NOT_APPLICABLE,NONCONFORMING,NONCONFORMING,AUTO_FROZEN,0.997015,0.058257
BI_002_R04.png,BI,BI_002,4,4,FEW-SHOT,Barras,Identificação,CONFORMING,CONFORMING,CONFORMING,CONFORMING,PENDING_BB,DIAGNOSTIC_OK,CONFORMING,NOT_APPLICABLE,NOT_APPLICABLE,NO_FAILURE_SO_FAR,PENDING_FINALIZATION,AUTO_FROZEN,0.788425,0.091703
BI_002_R05.png,BI,BI_002,5,4,FEW-SHOT,Barras,Identificação,CONFORMING,CONFORMING,CONFORMING,CONFORMING,PENDING_BB,DIAGNOSTIC_OK,CONFORMING,NOT_APPLICABLE,NOT_APPLICABLE,NO_FAILURE_SO_FAR,PENDING_FINALIZATION,AUTO_FROZEN,0.648368,0.091703
BI_002_R06.png,BI,BI_002,6,4,FEW-SHOT,Barras,Identificação,CONFORMING,CONFORMING,CONFORMING,CONFORMING,PENDING_BB,DIAGNOSTIC_OK,CONFORMING,NOT_APPLICABLE,NOT_APPLICABLE,NO_FAILURE_SO_FAR,PENDING_FINALIZATION,AUTO_FROZEN,0.648368,0.091703
BI_002_R07.png,BI,BI_002,7,4,FEW-SHOT,Barras,Identificação,CONFORMING,CONFORMING,CONFORMING,CONFORMING,PENDING_BB,DIAGNOSTIC_OK,CONFORMING,NOT_APPLICABLE,NOT_APPLICABLE,NO_FAILURE_SO_FAR,PENDING_FINALIZATION,AUTO_FROZEN,0.648368,0.091703
BI_002_R08.png,BI,BI_002,8,4,FEW-SHOT,Barras,Identificação,CONFORMING,CONFORMING,CONFORMING,CONFORMING,PENDING_BB,DIAGNOSTIC_OK,CONFORMING,NOT_APPLICABLE,NOT_APPLICABLE,NO_FAILURE_SO_FAR,PENDING_FINALIZATION,AUTO_FROZEN,0.788425,0.091703
BI_002_R09.png,BI,BI_002,9,4,FEW-SHOT,Barras,Identificação,CONFORMING,CONFORMING,CONFORMING,CONFORMING,PENDING_BB,DIAGNOSTIC_OK,CONFORMING,NOT_APPLICABLE,NOT_APPLICABLE,NO_FAILURE_SO_FAR,PENDING_FINALIZATION,AUTO_FROZEN,0.788425,0.091703
BI_002_R10.png,BI,BI_002,10,4,FEW-SHOT,Barras,Identificação,CONFORMING,CONFORMING,CONFORMING,CONFORMING,PENDING_BB,DIAGNOSTIC_OK,CONFORMING,NOT_APPLICABLE,NOT_APPLICABLE,NO_FAILURE_SO_FAR,PENDING_FINALIZATION,AUTO_FROZEN,0.998213,0.052468
BI_003_R01.png,BI,BI_003,1,6,FEW-SHOT,Barras,Identificação,CONFORMING,CONFORMING,CONFORMING,CONFORMING,PENDING_BB,DIAGNOSTIC_OK,NOT_APPLICABLE,NOT_APPLICABLE,NOT_APPLICABLE,NO_FAILURE_SO_FAR,PENDING_FINALIZATION,AUTO_FROZEN,0.916599,0.113885
BI_003_R02.png,BI,BI_003,2,6,FEW-SHOT,Barras,Identificação,CONFORMING,CONFORMING,CONFORMING,CONFORMING,PENDING_BB,DIAGNOSTIC_OK,NOT_APPLICABLE,NOT_APPLICABLE,NOT_APPLICABLE,NO_FAILURE_SO_FAR,PENDING_FINALIZATION,AUTO_FROZEN,0.938657,0.077292
BI_003_R03.png,BI,BI_003,3,6,FEW-SHOT,Barras,Identificação,CONFORMING,CONFORMING,CONFORMING,CONFORMING,PENDING_BB,DIAGNOSTIC_OK,NOT_APPLICABLE,NOT_APPLICABLE,NOT_APPLICABLE,NO_FAILURE_SO_FAR,PENDING_FINALIZATION,AUTO_FROZEN,0.938657,0.077292
BI_003_R04.png,BI,BI_003,4,6,FEW-SHOT,Barras,Identificação,CONFORMING,CONFORMING,CONFORMING,CONFORMING,PENDING_BB,DIAGNOSTIC_OK,NOT_APPLICABLE,NOT_APPLICABLE,NOT_APPLICABLE,NO_FAILURE_SO_FAR,PENDING_FINALIZATION,AUTO_FROZEN,0.938657,0.077292
BI_003_R05.png,BI,BI_003,5,6,FEW-SHOT,Barras,Identificação,CONFORMING,CONFORMING,CONFORMING,CONFORMING,PENDING_BB,DIAGNOSTIC_OK,NOT_APPLICABLE,NOT_APPLICABLE,NOT_APPLICABLE,NO_FAILURE_SO_FAR,PENDING_FINALIZATION,AUTO_FROZEN,0.938657,0.077292
BI_003_R06.png,BI,BI_003,6,6,FEW-SHOT,Barras,Identificação,CONFORMING,CONFORMING,CONFORMING,CONFORMING,PENDING_BB,DIAGNOSTIC_OK,NOT_APPLICABLE,NOT_APPLICABLE,NOT_APPLICABLE,NO_FAILURE_SO_FAR,PENDING_FINALIZATION,AUTO_FROZEN,0.933743,0.106042
BI_003_R07.png,BI,BI_003,7,6,FEW-SHOT,Barras,Identificação,CONFORMING,CONFORMING,CONFORMING,CONFORMING,PENDING_BB,DIAGNOSTIC_OK,NOT_APPLICABLE,NOT_APPLICABLE,NOT_APPLICABLE,NO_FAILURE_SO_FAR,PENDING_FINALIZATION,AUTO_FROZEN,0.933743,0.106042
BI_003_R08.png,BI,BI_003,8,6,FEW-SHOT,Barras,Identificação,CONFORMING,CONFORMING,CONFORMING,CONFORMING,PENDING_BB,DIAGNOSTIC_OK,NOT_APPLICABLE,NOT_APPLICABLE,NOT_APPLICABLE,NO_FAILURE_SO_FAR,PENDING_FINALIZATION,AUTO_FROZEN,0.933743,0.106042
BI_003_R09.png,BI,BI_003,9,6,FEW-SHOT,Barras,Identificação,CONFORMING,CONFORMING,CONFORMING,CONFORMING,PENDING_BB,DIAGNOSTIC_OK,NOT_APPLICABLE,NOT_APPLICABLE,NOT_APPLICABLE,NO_FAILURE_SO_FAR,PENDING_FINALIZATION,AUTO_FROZEN,0.933743,0.106042
BI_003_R10.png,BI,BI_003,10,6,FEW-SHOT,Barras,Identificação,CONFORMING,CONFORMING,CONFORMING,CONFORMING,PENDING_BB,DIAGNOSTIC_OK,NOT_APPLICABLE,NOT_APPLICABLE,NOT_APPLICABLE,NO_FAILURE_SO_FAR,PENDING_FINALIZATION,AUTO_FROZEN,0.933743,0.106042
BI_004_R01.png,BI,BI_004,1,7,FEW-SHOT,Barras,Identificação,CONFORMING,CONFORMING,NONCONFORMING,CONFORMING,PENDING_BB,DIAGNOSTIC_OK,NOT_APPLICABLE,NOT_APPLICABLE,NOT_APPLICABLE,NONCONFORMING,NONCONFORMING,AUTO_FROZEN,0.998333,0.075104
BI_004_R02.png,BI,BI_004,2,7,FEW-SHOT,Barras,Identificação,CONFORMING,CONFORMING,CONFORMING,CONFORMING,PENDING_BB,DIAGNOSTIC_OK,NOT_APPLICABLE,NOT_APPLICABLE,NOT_APPLICABLE,NO_FAILURE_SO_FAR,PENDING_FINALIZATION,AUTO_FROZEN,1.0,0.089305
BI_004_R03.png,BI,BI_004,3,7,FEW-SHOT,Barras,Identificação,CONFORMING,CONFORMING,CONFORMING,CONFORMING,PENDING_BB,DIAGNOSTIC_OK,NOT_APPLICABLE,NOT_APPLICABLE,NOT_APPLICABLE,NO_FAILURE_SO_FAR,PENDING_FINALIZATION,AUTO_FROZEN,1.0,0.089305
BI_004_R04.png,BI,BI_004,4,7,FEW-SHOT,Barras,Identificação,CONFORMING,CONFORMING,CONFORMING,CONFORMING,PENDING_BB,DIAGNOSTIC_OK,NOT_APPLICABLE,NOT_APPLICABLE,NOT_APPLICABLE,NO_FAILURE_SO_FAR,PENDING_FINALIZATION,AUTO_FROZEN,1.0,0.089305
BI_004_R05.png,BI,BI_004,5,7,FEW-SHOT,Barras,Identificação,CONFORMING,CONFORMING,CONFORMING,CONFORMING,PENDING_BB,DIAGNOSTIC_OK,NOT_APPLICABLE,NOT_APPLICABLE,NOT_APPLICABLE,NO_FAILURE_SO_FAR,PENDING_FINALIZATION,AUTO_FROZEN,1.0,0.089305
BI_004_R06.png,BI,BI_004,6,7,FEW-SHOT,Barras,Identificação,CONFORMING,CONFORMING,CONFORMING,CONFORMING,PENDING_BB,DIAGNOSTIC_OK,NOT_APPLICABLE,NOT_APPLICABLE,NOT_APPLICABLE,NO_FAILURE_SO_FAR,PENDING_FINALIZATION,AUTO_FROZEN,1.0,0.089305
BI_004_R07.png,BI,BI_004,7,7,FEW-SHOT,Barras,Identificação,CONFORMING,CONFORMING,CONFORMING,CONFORMING,PENDING_BB,DIAGNOSTIC_OK,NOT_APPLICABLE,NOT_APPLICABLE,NOT_APPLICABLE,NO_FAILURE_SO_FAR,PENDING_FINALIZATION,AUTO_FROZEN,1.0,0.089305
BI_004_R08.png,BI,BI_004,8,7,FEW-SHOT,Barras,Identificação,CONFORMING,CONFORMING,CONFORMING,CONFORMING,PENDING_BB,DIAGNOSTIC_OK,NOT_APPLICABLE,NOT_APPLICABLE,NOT_APPLICABLE,NO_FAILURE_SO_FAR,PENDING_FINALIZATION,AUTO_FROZEN,1.0,0.089305
BI_004_R09.png,BI,BI_004,9,7,FEW-SHOT,Barras,Identificação,CONFORMING,CONFORMING,CONFORMING,CONFORMING,PENDING_BB,DIAGNOSTIC_OK,NOT_APPLICABLE,NOT_APPLICABLE,NOT_APPLICABLE,NO_FAILURE_SO_FAR,PENDING_FINALIZATION,AUTO_FROZEN,1.0,0.089305
BI_004_R10.png,BI,BI_004,10,7,FEW-SHOT,Barras,Identificação,CONFORMING,CONFORMING,CONFORMING,CONFORMING,PENDING_BB,DIAGNOSTIC_OK,NOT_APPLICABLE,NOT_APPLICABLE,NOT_APPLICABLE,NO_FAILURE_SO_FAR,PENDING_FINALIZATION,AUTO_FROZEN,1.0,0.089305
BI_005_R01.png,BI,BI_005,1,8,FEW-SHOT,Barras,Identificação,CONFORMING,CONFORMING,CONFORMING,CONFORMING,PENDING_BB,DIAGNOSTIC_OK,NOT_APPLICABLE,NOT_APPLICABLE,NOT_APPLICABLE,NO_FAILURE_SO_FAR,PENDING_FINALIZATION,AUTO_FROZEN,0.920748,0.102813
BI_005_R02.png,BI,BI_005,2,8,FEW-SHOT,Barras,Identificação,CONFORMING,CONFORMING,CONFORMING,CONFORMING,PENDING_BB,DIAGNOSTIC_OK,NOT_APPLICABLE,NOT_APPLICABLE,NOT_APPLICABLE,NO_FAILURE_SO_FAR,PENDING_FINALIZATION,AUTO_FROZEN,1.0,0.103198
BI_005_R03.png,BI,BI_005,3,8,FEW-SHOT,Barras,Identificação,CONFORMING,CONFORMING,CONFORMING,CONFORMING,PENDING_BB,DIAGNOSTIC_OK,NOT_APPLICABLE,NOT_APPLICABLE,NOT_APPLICABLE,NO_FAILURE_SO_FAR,PENDING_FINALIZATION,AUTO_FROZEN,1.0,0.103198
BI_005_R04.png,BI,BI_005,4,8,FEW-SHOT,Barras,Identificação,CONFORMING,CONFORMING,CONFORMING,CONFORMING,PENDING_BB,DIAGNOSTIC_OK,NOT_APPLICABLE,NOT_APPLICABLE,NOT_APPLICABLE,NO_FAILURE_SO_FAR,PENDING_FINALIZATION,AUTO_FROZEN,1.0,0.103198
BI_005_R05.png,BI,BI_005,5,8,FEW-SHOT,Barras,Identificação,CONFORMING,CONFORMING,CONFORMING,CONFORMING,PENDING_BB,DIAGNOSTIC_OK,NOT_APPLICABLE,NOT_APPLICABLE,NOT_APPLICABLE,NO_FAILURE_SO_FAR,PENDING_FINALIZATION,AUTO_FROZEN,1.0,0.103198
BI_005_R06.png,BI,BI_005,6,8,FEW-SHOT,Barras,Identificação,CONFORMING,CONFORMING,CONFORMING,CONFORMING,PENDING_BB,DIAGNOSTIC_OK,NOT_APPLICABLE,NOT_APPLICABLE,NOT_APPLICABLE,NO_FAILURE_SO_FAR,PENDING_FINALIZATION,AUTO_FROZEN,1.0,0.103198
BI_005_R07.png,BI,BI_005,7,8,FEW-SHOT,Barras,Identificação,CONFORMING,CONFORMING,CONFORMING,CONFORMING,PENDING_BB,DIAGNOSTIC_OK,NOT_APPLICABLE,NOT_APPLICABLE,NOT_APPLICABLE,NO_FAILURE_SO_FAR,PENDING_FINALIZATION,AUTO_FROZEN,1.0,0.103198
BI_005_R08.png,BI,BI_005,8,8,FEW-SHOT,Barras,Identificação,CONFORMING,CONFORMING,CONFORMING,CONFORMING,PENDING_BB,DIAGNOSTIC_OK,NOT_APPLICABLE,NOT_APPLICABLE,NOT_APPLICABLE,NO_FAILURE_SO_FAR,PENDING_FINALIZATION,AUTO_FROZEN,1.0,0.103198
BI_005_R09.png,BI,BI_005,9,8,FEW-SHOT,Barras,Identificação,CONFORMING,CONFORMING,CONFORMING,CONFORMING,PENDING_BB,DIAGNOSTIC_OK,NOT_APPLICABLE,NOT_APPLICABLE,NOT_APPLICABLE,NO_FAILURE_SO_FAR,PENDING_FINALIZATION,AUTO_FROZEN,1.0,0.103198
BI_005_R10.png,BI,BI_005,10,8,FEW-SHOT,Barras,Identificação,CONFORMING,CONFORMING,CONFORMING,CONFORMING,PENDING_BB,DIAGNOSTIC_OK,NOT_APPLICABLE,NOT_APPLICABLE,NOT_APPLICABLE,NO_FAILURE_SO_FAR,PENDING_FINALIZATION,AUTO_FROZEN,1.0,0.103198
BI_006_R01.png,BI,BI_006,1,9,FEW-SHOT,Barras,Identificação,CONFORMING,CONFORMING,CONFORMING,CONFORMING,PENDING_BB,DIAGNOSTIC_OK,NOT_APPLICABLE,NOT_APPLICABLE,NOT_APPLICABLE,NO_FAILURE_SO_FAR,PENDING_FINALIZATION,AUTO_FROZEN,0.823043,0.101357
BI_006_R02.png,BI,BI_006,2,9,FEW-SHOT,Barras,Identificação,CONFORMING,CONFORMING,NONCONFORMING,CONFORMING,PENDING_BB,DIAGNOSTIC_OK,NOT_APPLICABLE,NOT_APPLICABLE,NOT_APPLICABLE,NONCONFORMING,NONCONFORMING,AUTO_FROZEN,0.998461,0.110992
BI_006_R03.png,BI,BI_006,3,9,FEW-SHOT,Barras,Identificação,CONFORMING,CONFORMING,NONCONFORMING,CONFORMING,PENDING_BB,DIAGNOSTIC_OK,NOT_APPLICABLE,NOT_APPLICABLE,NOT_APPLICABLE,NONCONFORMING,NONCONFORMING,AUTO_FROZEN,0.998461,0.110992
BI_006_R04.png,BI,BI_006,4,9,FEW-SHOT,Barras,Identificação,CONFORMING,CONFORMING,NONCONFORMING,CONFORMING,PENDING_BB,DIAGNOSTIC_OK,NOT_APPLICABLE,NOT_APPLICABLE,NOT_APPLICABLE,NONCONFORMING,NONCONFORMING,AUTO_FROZEN,0.998461,0.110992
BI_006_R05.png,BI,BI_006,5,9,FEW-SHOT,Barras,Identificação,CONFORMING,CONFORMING,NONCONFORMING,CONFORMING,PENDING_BB,DIAGNOSTIC_OK,NOT_APPLICABLE,NOT_APPLICABLE,NOT_APPLICABLE,NONCONFORMING,NONCONFORMING,AUTO_FROZEN,0.998461,0.110992
BI_006_R06.png,BI,BI_006,6,9,FEW-SHOT,Barras,Identificação,CONFORMING,CONFORMING,CONFORMING,CONFORMING,PENDING_BB,DIAGNOSTIC_OK,NOT_APPLICABLE,NOT_APPLICABLE,NOT_APPLICABLE,NO_FAILURE_SO_FAR,PENDING_FINALIZATION,AUTO_FROZEN,0.998461,0.102999
BI_006_R07.png,BI,BI_006,7,9,FEW-SHOT,Barras,Identificação,CONFORMING,CONFORMING,CONFORMING,CONFORMING,PENDING_BB,DIAGNOSTIC_OK,NOT_APPLICABLE,NOT_APPLICABLE,NOT_APPLICABLE,NO_FAILURE_SO_FAR,PENDING_FINALIZATION,AUTO_FROZEN,0.998461,0.102999
BI_006_R08.png,BI,BI_006,8,9,FEW-SHOT,Barras,Identificação,CONFORMING,CONFORMING,CONFORMING,CONFORMING,PENDING_BB,DIAGNOSTIC_OK,NOT_APPLICABLE,NOT_APPLICABLE,NOT_APPLICABLE,NO_FAILURE_SO_FAR,PENDING_FINALIZATION,AUTO_FROZEN,0.998461,0.102999
BI_006_R09.png,BI,BI_006,9,9,FEW-SHOT,Barras,Identificação,CONFORMING,CONFORMING,CONFORMING,CONFORMING,PENDING_BB,DIAGNOSTIC_OK,NOT_APPLICABLE,NOT_APPLICABLE,NOT_APPLICABLE,NO_FAILURE_SO_FAR,PENDING_FINALIZATION,AUTO_FROZEN,0.998461,0.102999
BI_006_R10.png,BI,BI_006,10,9,FEW-SHOT,Barras,Identificação,CONFORMING,CONFORMING,CONFORMING,CONFORMING,PENDING_BB,DIAGNOSTIC_OK,NOT_APPLICABLE,NOT_APPLICABLE,NOT_APPLICABLE,NO_FAILURE_SO_FAR,PENDING_FINALIZATION,AUTO_FROZEN,0.998461,0.102999
BI_007_R01.png,BI,BI_007,1,10,FEW-SHOT,Barras,Identificação,CONFORMING,CONFORMING,CONFORMING,CONFORMING,PENDING_BB,DIAGNOSTIC_OK,NOT_APPLICABLE,NOT_APPLICABLE,NOT_APPLICABLE,NO_FAILURE_SO_FAR,PENDING_FINALIZATION,AUTO_FROZEN,0.817987,0.096756
BI_007_R02.png,BI,BI_007,2,10,FEW-SHOT,Barras,Identificação,CONFORMING,CONFORMING,CONFORMING,CONFORMING,PENDING_BB,DIAGNOSTIC_OK,NOT_APPLICABLE,NOT_APPLICABLE,NOT_APPLICABLE,NO_FAILURE_SO_FAR,PENDING_FINALIZATION,AUTO_FROZEN,0.817987,0.096756
BI_007_R03.png,BI,BI_007,3,10,FEW-SHOT,Barras,Identificação,CONFORMING,CONFORMING,CONFORMING,CONFORMING,PENDING_BB,DIAGNOSTIC_OK,NOT_APPLICABLE,NOT_APPLICABLE,NOT_APPLICABLE,NO_FAILURE_SO_FAR,PENDING_FINALIZATION,AUTO_FROZEN,0.817987,0.096756
BI_007_R04.png,BI,BI_007,4,10,FEW-SHOT,Barras,Identificação,CONFORMING,CONFORMING,CONFORMING,CONFORMING,PENDING_BB,DIAGNOSTIC_OK,NOT_APPLICABLE,NOT_APPLICABLE,NOT_APPLICABLE,NO_FAILURE_SO_FAR,PENDING_FINALIZATION,AUTO_FROZEN,0.817987,0.096756
BI_007_R05.png,BI,BI_007,5,10,FEW-SHOT,Barras,Identificação,CONFORMING,CONFORMING,CONFORMING,CONFORMING,PENDING_BB,DIAGNOSTIC_OK,NOT_APPLICABLE,NOT_APPLICABLE,NOT_APPLICABLE,NO_FAILURE_SO_FAR,PENDING_FINALIZATION,AUTO_FROZEN,0.817987,0.096756
BI_007_R06.png,BI,BI_007,6,10,FEW-SHOT,Barras,Identificação,CONFORMING,CONFORMING,CONFORMING,CONFORMING,PENDING_BB,DIAGNOSTIC_OK,NOT_APPLICABLE,NOT_APPLICABLE,NOT_APPLICABLE,NO_FAILURE_SO_FAR,PENDING_FINALIZATION,AUTO_FROZEN,0.817987,0.096756
BI_007_R07.png,BI,BI_007,7,10,FEW-SHOT,Barras,Identificação,CONFORMING,CONFORMING,CONFORMING,CONFORMING,PENDING_BB,DIAGNOSTIC_OK,NOT_APPLICABLE,NOT_APPLICABLE,NOT_APPLICABLE,NO_FAILURE_SO_FAR,PENDING_FINALIZATION,AUTO_FROZEN,0.817987,0.096756
BI_007_R08.png,BI,BI_007,8,10,FEW-SHOT,Barras,Identificação,CONFORMING,CONFORMING,CONFORMING,CONFORMING,PENDING_BB,DIAGNOSTIC_OK,NOT_APPLICABLE,NOT_APPLICABLE,NOT_APPLICABLE,NO_FAILURE_SO_FAR,PENDING_FINALIZATION,AUTO_FROZEN,0.817987,0.096756
BI_007_R09.png,BI,BI_007,9,10,FEW-SHOT,Barras,Identificação,CONFORMING,CONFORMING,CONFORMING,CONFORMING,PENDING_BB,DIAGNOSTIC_OK,NOT_APPLICABLE,NOT_APPLICABLE,NOT_APPLICABLE,NO_FAILURE_SO_FAR,PENDING_FINALIZATION,AUTO_FROZEN,0.817987,0.096756
BI_007_R10.png,BI,BI_007,10,10,FEW-SHOT,Barras,Identificação,CONFORMING,CONFORMING,CONFORMING,CONFORMING,PENDING_BB,DIAGNOSTIC_OK,NOT_APPLICABLE,NOT_APPLICABLE,NOT_APPLICABLE,NO_FAILURE_SO_FAR,PENDING_FINALIZATION,AUTO_FROZEN,0.817987,0.096756
BI_008_R01.png,BI,BI_008,1,11,FEW-SHOT,Barras,Identificação,CONFORMING,CONFORMING,CONFORMING,CONFORMING,PENDING_BB,DIAGNOSTIC_OK,CONFORMING,NOT_APPLICABLE,NOT_APPLICABLE,NO_FAILURE_SO_FAR,PENDING_FINALIZATION,AUTO_FROZEN,0.998621,0.074342
BI_008_R02.png,BI,BI_008,2,11,FEW-SHOT,Barras,Identificação,CONFORMING,CONFORMING,CONFORMING,CONFORMING,PENDING_BB,DIAGNOSTIC_OK,CONFORMING,NOT_APPLICABLE,NOT_APPLICABLE,NO_FAILURE_SO_FAR,PENDING_FINALIZATION,AUTO_FROZEN,0.924265,0.11437
BI_008_R03.png,BI,BI_008,3,11,FEW-SHOT,Barras,Identificação,NONCONFORMING,CONFORMING,NONCONFORMING,CONFORMING,PENDING_BB,DIAGNOSTIC_OK,UNEVALUABLE,NOT_APPLICABLE,NOT_APPLICABLE,NONCONFORMING,NONCONFORMING,AUTO_FROZEN,1.0,0.077255
BI_008_R04.png,BI,BI_008,4,11,FEW-SHOT,Barras,Identificação,NONCONFORMING,CONFORMING,NONCONFORMING,CONFORMING,PENDING_BB,DIAGNOSTIC_OK,UNEVALUABLE,NOT_APPLICABLE,NOT_APPLICABLE,NONCONFORMING,NONCONFORMING,AUTO_FROZEN,1.0,0.077255
BI_008_R05.png,BI,BI_008,5,11,FEW-SHOT,Barras,Identificação,CONFORMING,CONFORMING,CONFORMING,CONFORMING,PENDING_BB,DIAGNOSTIC_OK,CONFORMING,NOT_APPLICABLE,NOT_APPLICABLE,NO_FAILURE_SO_FAR,PENDING_FINALIZATION,AUTO_FROZEN,0.924265,0.11437
BI_008_R06.png,BI,BI_008,6,11,FEW-SHOT,Barras,Identificação,CONFORMING,CONFORMING,CONFORMING,CONFORMING,PENDING_BB,DIAGNOSTIC_OK,CONFORMING,NOT_APPLICABLE,NOT_APPLICABLE,NO_FAILURE_SO_FAR,PENDING_FINALIZATION,AUTO_FROZEN,0.924265,0.11437
BI_008_R07.png,BI,BI_008,7,11,FEW-SHOT,Barras,Identificação,CONFORMING,CONFORMING,CONFORMING,CONFORMING,PENDING_BB,DIAGNOSTIC_OK,CONFORMING,NOT_APPLICABLE,NOT_APPLICABLE,NO_FAILURE_SO_FAR,PENDING_FINALIZATION,AUTO_FROZEN,0.924265,0.11437
BI_008_R08.png,BI,BI_008,8,11,FEW-SHOT,Barras,Identificação,CONFORMING,CONFORMING,CONFORMING,CONFORMING,PENDING_BB,DIAGNOSTIC_OK,CONFORMING,NOT_APPLICABLE,NOT_APPLICABLE,NO_FAILURE_SO_FAR,PENDING_FINALIZATION,AUTO_FROZEN,0.924265,0.11437
BI_008_R09.png,BI,BI_008,9,11,FEW-SHOT,Barras,Identificação,CONFORMING,CONFORMING,CONFORMING,CONFORMING,PENDING_BB,DIAGNOSTIC_OK,CONFORMING,NOT_APPLICABLE,NOT_APPLICABLE,NO_FAILURE_SO_FAR,PENDING_FINALIZATION,AUTO_FROZEN,0.924265,0.11437
BI_008_R10.png,BI,BI_008,10,11,FEW-SHOT,Barras,Identificação,CONFORMING,CONFORMING,CONFORMING,CONFORMING,PENDING_BB,DIAGNOSTIC_OK,CONFORMING,NOT_APPLICABLE,NOT_APPLICABLE,NO_FAILURE_SO_FAR,PENDING_FINALIZATION,AUTO_FROZEN,0.924265,0.11437
BI_009_R01.png,BI,BI_009,1,12,FEW-SHOT,Barras,Identificação,CONFORMING,CONFORMING,CONFORMING,CONFORMING,PENDING_BB,DIAGNOSTIC_OK,NOT_APPLICABLE,NOT_APPLICABLE,NOT_APPLICABLE,NO_FAILURE_SO_FAR,PENDING_FINALIZATION,AUTO_FROZEN,0.920806,0.10292
BI_009_R02.png,BI,BI_009,2,12,FEW-SHOT,Barras,Identificação,CONFORMING,CONFORMING,CONFORMING,CONFORMING,PENDING_BB,DIAGNOSTIC_OK,NOT_APPLICABLE,NOT_APPLICABLE,NOT_APPLICABLE,NO_FAILURE_SO_FAR,PENDING_FINALIZATION,AUTO_FROZEN,0.935359,0.097735
BI_009_R03.png,BI,BI_009,3,12,FEW-SHOT,Barras,Identificação,CONFORMING,CONFORMING,CONFORMING,CONFORMING,PENDING_BB,DIAGNOSTIC_OK,NOT_APPLICABLE,NOT_APPLICABLE,NOT_APPLICABLE,NO_FAILURE_SO_FAR,PENDING_FINALIZATION,AUTO_FROZEN,0.935359,0.097735
BI_009_R04.png,BI,BI_009,4,12,FEW-SHOT,Barras,Identificação,CONFORMING,CONFORMING,CONFORMING,CONFORMING,PENDING_BB,DIAGNOSTIC_OK,NOT_APPLICABLE,NOT_APPLICABLE,NOT_APPLICABLE,NO_FAILURE_SO_FAR,PENDING_FINALIZATION,AUTO_FROZEN,0.935359,0.097735
BI_009_R05.png,BI,BI_009,5,12,FEW-SHOT,Barras,Identificação,CONFORMING,CONFORMING,CONFORMING,CONFORMING,PENDING_BB,DIAGNOSTIC_OK,NOT_APPLICABLE,NOT_APPLICABLE,NOT_APPLICABLE,NO_FAILURE_SO_FAR,PENDING_FINALIZATION,AUTO_FROZEN,0.935359,0.097735
BI_009_R06.png,BI,BI_009,6,12,FEW-SHOT,Barras,Identificação,CONFORMING,CONFORMING,CONFORMING,CONFORMING,PENDING_BB,DIAGNOSTIC_OK,NOT_APPLICABLE,NOT_APPLICABLE,NOT_APPLICABLE,NO_FAILURE_SO_FAR,PENDING_FINALIZATION,AUTO_FROZEN,0.935359,0.097735
BI_009_R07.png,BI,BI_009,7,12,FEW-SHOT,Barras,Identificação,CONFORMING,CONFORMING,CONFORMING,CONFORMING,PENDING_BB,DIAGNOSTIC_OK,NOT_APPLICABLE,NOT_APPLICABLE,NOT_APPLICABLE,NO_FAILURE_SO_FAR,PENDING_FINALIZATION,AUTO_FROZEN,0.935359,0.097735
BI_009_R08.png,BI,BI_009,8,12,FEW-SHOT,Barras,Identificação,CONFORMING,CONFORMING,CONFORMING,CONFORMING,PENDING_BB,DIAGNOSTIC_OK,NOT_APPLICABLE,NOT_APPLICABLE,NOT_APPLICABLE,NO_FAILURE_SO_FAR,PENDING_FINALIZATION,AUTO_FROZEN,0.935359,0.097735
BI_009_R09.png,BI,BI_009,9,12,FEW-SHOT,Barras,Identificação,CONFORMING,CONFORMING,CONFORMING,CONFORMING,PENDING_BB,DIAGNOSTIC_OK,NOT_APPLICABLE,NOT_APPLICABLE,NOT_APPLICABLE,NO_FAILURE_SO_FAR,PENDING_FINALIZATION,AUTO_FROZEN,0.935359,0.097735
BI_009_R10.png,BI,BI_009,10,12,FEW-SHOT,Barras,Identificação,CONFORMING,CONFORMING,CONFORMING,CONFORMING,PENDING_BB,DIAGNOSTIC_OK,NOT_APPLICABLE,NOT_APPLICABLE,NOT_APPLICABLE,NO_FAILURE_SO_FAR,PENDING_FINALIZATION,AUTO_FROZEN,0.935359,0.097735
BI_010_R01.png,BI,BI_010,1,13,FEW-SHOT,Barras,Identificação,CONFORMING,CONFORMING,CONFORMING,CONFORMING,PENDING_BB,DIAGNOSTIC_OK,NOT_APPLICABLE,NOT_APPLICABLE,NOT_APPLICABLE,NO_FAILURE_SO_FAR,PENDING_FINALIZATION,AUTO_FROZEN,0.919603,0.112441
BI_010_R02.png,BI,BI_010,2,13,FEW-SHOT,Barras,Identificação,NONCONFORMING,CONFORMING,NONCONFORMING,CONFORMING,PENDING_BB,DIAGNOSTIC_OK,NOT_APPLICABLE,NOT_APPLICABLE,NOT_APPLICABLE,NONCONFORMING,NONCONFORMING,AUTO_FROZEN,0.998542,0.069422
BI_010_R03.png,BI,BI_010,3,13,FEW-SHOT,Barras,Identificação,NONCONFORMING,CONFORMING,NONCONFORMING,CONFORMING,PENDING_BB,DIAGNOSTIC_OK,NOT_APPLICABLE,NOT_APPLICABLE,NOT_APPLICABLE,NONCONFORMING,NONCONFORMING,AUTO_FROZEN,1.0,0.069786
BI_010_R04.png,BI,BI_010,4,13,FEW-SHOT,Barras,Identificação,NONCONFORMING,CONFORMING,NONCONFORMING,CONFORMING,PENDING_BB,DIAGNOSTIC_OK,NOT_APPLICABLE,NOT_APPLICABLE,NOT_APPLICABLE,NONCONFORMING,NONCONFORMING,AUTO_FROZEN,1.0,0.069786
BI_010_R05.png,BI,BI_010,5,13,FEW-SHOT,Barras,Identificação,NONCONFORMING,CONFORMING,NONCONFORMING,CONFORMING,PENDING_BB,DIAGNOSTIC_OK,NOT_APPLICABLE,NOT_APPLICABLE,NOT_APPLICABLE,NONCONFORMING,NONCONFORMING,AUTO_FROZEN,1.0,0.069786
BI_010_R06.png,BI,BI_010,6,13,FEW-SHOT,Barras,Identificação,CONFORMING,CONFORMING,CONFORMING,CONFORMING,PENDING_BB,DIAGNOSTIC_OK,NOT_APPLICABLE,NOT_APPLICABLE,NOT_APPLICABLE,NO_FAILURE_SO_FAR,PENDING_FINALIZATION,AUTO_FROZEN,0.998528,0.068296
BI_010_R07.png,BI,BI_010,7,13,FEW-SHOT,Barras,Identificação,CONFORMING,CONFORMING,CONFORMING,CONFORMING,PENDING_BB,DIAGNOSTIC_OK,NOT_APPLICABLE,NOT_APPLICABLE,NOT_APPLICABLE,NO_FAILURE_SO_FAR,PENDING_FINALIZATION,AUTO_FROZEN,0.998528,0.068296
BI_010_R08.png,BI,BI_010,8,13,FEW-SHOT,Barras,Identificação,CONFORMING,CONFORMING,CONFORMING,CONFORMING,PENDING_BB,DIAGNOSTIC_OK,NOT_APPLICABLE,NOT_APPLICABLE,NOT_APPLICABLE,NO_FAILURE_SO_FAR,PENDING_FINALIZATION,AUTO_FROZEN,0.998528,0.068296
BI_010_R09.png,BI,BI_010,9,13,FEW-SHOT,Barras,Identificação,CONFORMING,CONFORMING,CONFORMING,CONFORMING,PENDING_BB,DIAGNOSTIC_OK,NOT_APPLICABLE,NOT_APPLICABLE,NOT_APPLICABLE,NO_FAILURE_SO_FAR,PENDING_FINALIZATION,AUTO_FROZEN,0.998528,0.068296
BI_010_R10.png,BI,BI_010,10,13,FEW-SHOT,Barras,Identificação,CONFORMING,CONFORMING,CONFORMING,CONFORMING,PENDING_BB,DIAGNOSTIC_OK,NOT_APPLICABLE,NOT_APPLICABLE,NOT_APPLICABLE,NO_FAILURE_SO_FAR,PENDING_FINALIZATION,AUTO_FROZEN,0.998528,0.068296
BI_011_R01.png,BI,BI_011,1,14,FEW-SHOT,Barras,Identificação,CONFORMING,CONFORMING,CONFORMING,CONFORMING,PENDING_BB,DIAGNOSTIC_OK,NOT_APPLICABLE,NOT_APPLICABLE,NOT_APPLICABLE,NO_FAILURE_SO_FAR,PENDING_FINALIZATION,AUTO_FROZEN,0.917107,0.107282
BI_011_R02.png,BI,BI_011,2,14,FEW-SHOT,Barras,Identificação,CONFORMING,CONFORMING,CONFORMING,CONFORMING,PENDING_BB,DIAGNOSTIC_OK,NOT_APPLICABLE,NOT_APPLICABLE,NOT_APPLICABLE,NO_FAILURE_SO_FAR,PENDING_FINALIZATION,AUTO_FROZEN,0.8847,0.088907
BI_011_R03.png,BI,BI_011,3,14,FEW-SHOT,Barras,Identificação,CONFORMING,CONFORMING,CONFORMING,CONFORMING,PENDING_BB,DIAGNOSTIC_OK,NOT_APPLICABLE,NOT_APPLICABLE,NOT_APPLICABLE,NO_FAILURE_SO_FAR,PENDING_FINALIZATION,AUTO_FROZEN,0.8847,0.088907
BI_011_R04.png,BI,BI_011,4,14,FEW-SHOT,Barras,Identificação,CONFORMING,CONFORMING,CONFORMING,CONFORMING,PENDING_BB,DIAGNOSTIC_OK,NOT_APPLICABLE,NOT_APPLICABLE,NOT_APPLICABLE,NO_FAILURE_SO_FAR,PENDING_FINALIZATION,AUTO_FROZEN,0.8847,0.088907
BI_011_R05.png,BI,BI_011,5,14,FEW-SHOT,Barras,Identificação,CONFORMING,CONFORMING,CONFORMING,CONFORMING,PENDING_BB,DIAGNOSTIC_OK,NOT_APPLICABLE,NOT_APPLICABLE,NOT_APPLICABLE,NO_FAILURE_SO_FAR,PENDING_FINALIZATION,AUTO_FROZEN,0.8847,0.088907
BI_011_R06.png,BI,BI_011,6,14,FEW-SHOT,Barras,Identificação,CONFORMING,CONFORMING,CONFORMING,CONFORMING,PENDING_BB,DIAGNOSTIC_OK,NOT_APPLICABLE,NOT_APPLICABLE,NOT_APPLICABLE,NO_FAILURE_SO_FAR,PENDING_FINALIZATION,AUTO_FROZEN,0.8847,0.088907
BI_011_R07.png,BI,BI_011,7,14,FEW-SHOT,Barras,Identificação,CONFORMING,CONFORMING,CONFORMING,CONFORMING,PENDING_BB,DIAGNOSTIC_OK,NOT_APPLICABLE,NOT_APPLICABLE,NOT_APPLICABLE,NO_FAILURE_SO_FAR,PENDING_FINALIZATION,AUTO_FROZEN,0.8847,0.088907
BI_011_R08.png,BI,BI_011,8,14,FEW-SHOT,Barras,Identificação,CONFORMING,CONFORMING,CONFORMING,CONFORMING,PENDING_BB,DIAGNOSTIC_OK,NOT_APPLICABLE,NOT_APPLICABLE,NOT_APPLICABLE,NO_FAILURE_SO_FAR,PENDING_FINALIZATION,AUTO_FROZEN,0.8847,0.088907
BI_011_R09.png,BI,BI_011,9,14,FEW-SHOT,Barras,Identificação,CONFORMING,CONFORMING,CONFORMING,CONFORMING,PENDING_BB,DIAGNOSTIC_OK,NOT_APPLICABLE,NOT_APPLICABLE,NOT_APPLICABLE,NO_FAILURE_SO_FAR,PENDING_FINALIZATION,AUTO_FROZEN,0.8847,0.088907
BI_011_R10.png,BI,BI_011,10,14,FEW-SHOT,Barras,Identificação,CONFORMING,CONFORMING,CONFORMING,CONFORMING,PENDING_BB,DIAGNOSTIC_OK,NOT_APPLICABLE,NOT_APPLICABLE,NOT_APPLICABLE,NO_FAILURE_SO_FAR,PENDING_FINALIZATION,AUTO_FROZEN,0.8847,0.088907
BI_012_R01.png,BI,BI_012,1,15,FEW-SHOT,Barras,Identificação,CONFORMING,CONFORMING,CONFORMING,CONFORMING,PENDING_BB,DIAGNOSTIC_OK,CONFORMING,NOT_APPLICABLE,NOT_APPLICABLE,NO_FAILURE_SO_FAR,PENDING_FINALIZATION,AUTO_FROZEN,0.720411,0.103836
BI_012_R02.png,BI,BI_012,2,15,FEW-SHOT,Barras,Identificação,CONFORMING,CONFORMING,NONCONFORMING,CONFORMING,PENDING_BB,DIAGNOSTIC_OK,CONFORMING,NOT_APPLICABLE,NOT_APPLICABLE,NONCONFORMING,NONCONFORMING,AUTO_FROZEN,0.443442,0.156815
BI_012_R03.png,BI,BI_012,3,15,FEW-SHOT,Barras,Identificação,CONFORMING,CONFORMING,CONFORMING,CONFORMING,PENDING_BB,DIAGNOSTIC_OK,NONCONFORMING,NOT_APPLICABLE,NOT_APPLICABLE,NONCONFORMING,NONCONFORMING,AUTO_FROZEN,0.998333,0.085729
BI_012_R04.png,BI,BI_012,4,15,FEW-SHOT,Barras,Identificação,CONFORMING,CONFORMING,CONFORMING,CONFORMING,PENDING_BB,DIAGNOSTIC_OK,NONCONFORMING,NOT_APPLICABLE,NOT_APPLICABLE,NONCONFORMING,NONCONFORMING,AUTO_FROZEN,0.998333,0.085729
BI_012_R05.png,BI,BI_012,5,15,FEW-SHOT,Barras,Identificação,CONFORMING,CONFORMING,CONFORMING,CONFORMING,PENDING_BB,DIAGNOSTIC_OK,NONCONFORMING,NOT_APPLICABLE,NOT_APPLICABLE,NONCONFORMING,NONCONFORMING,AUTO_FROZEN,0.998333,0.085729
BI_012_R06.png,BI,BI_012,6,15,FEW-SHOT,Barras,Identificação,CONFORMING,CONFORMING,CONFORMING,CONFORMING,PENDING_BB,DIAGNOSTIC_OK,NONCONFORMING,NOT_APPLICABLE,NOT_APPLICABLE,NONCONFORMING,NONCONFORMING,AUTO_FROZEN,0.998333,0.085729
BI_012_R07.png,BI,BI_012,7,15,FEW-SHOT,Barras,Identificação,CONFORMING,CONFORMING,CONFORMING,CONFORMING,PENDING_BB,DIAGNOSTIC_OK,NONCONFORMING,NOT_APPLICABLE,NOT_APPLICABLE,NONCONFORMING,NONCONFORMING,AUTO_FROZEN,0.998333,0.085729
BI_012_R08.png,BI,BI_012,8,15,FEW-SHOT,Barras,Identificação,CONFORMING,CONFORMING,CONFORMING,CONFORMING,PENDING_BB,DIAGNOSTIC_OK,NONCONFORMING,NOT_APPLICABLE,NOT_APPLICABLE,NONCONFORMING,NONCONFORMING,AUTO_FROZEN,0.998333,0.085729
BI_012_R09.png,BI,BI_012,9,15,FEW-SHOT,Barras,Identificação,CONFORMING,CONFORMING,CONFORMING,CONFORMING,PENDING_BB,DIAGNOSTIC_OK,CONFORMING,NOT_APPLICABLE,NOT_APPLICABLE,NO_FAILURE_SO_FAR,PENDING_FINALIZATION,AUTO_FROZEN,0.935359,0.097735
BI_012_R10.png,BI,BI_012,10,15,FEW-SHOT,Barras,Identificação,CONFORMING,CONFORMING,CONFORMING,CONFORMING,PENDING_BB,DIAGNOSTIC_OK,NONCONFORMING,NOT_APPLICABLE,NOT_APPLICABLE,NONCONFORMING,NONCONFORMING,AUTO_FROZEN,0.998333,0.085729
BI_013_R01.png,BI,BI_013,1,16,FEW-SHOT,Barras,Identificação,CONFORMING,CONFORMING,CONFORMING,CONFORMING,PENDING_BB,DIAGNOSTIC_OK,NOT_APPLICABLE,NOT_APPLICABLE,NOT_APPLICABLE,NO_FAILURE_SO_FAR,PENDING_FINALIZATION,AUTO_FROZEN,0.921267,0.10824
BI_013_R02.png,BI,BI_013,2,16,FEW-SHOT,Barras,Identificação,CONFORMING,CONFORMING,CONFORMING,CONFORMING,PENDING_BB,DIAGNOSTIC_OK,NOT_APPLICABLE,NOT_APPLICABLE,NOT_APPLICABLE,NO_FAILURE_SO_FAR,PENDING_FINALIZATION,AUTO_FROZEN,0.851782,0.113848
BI_013_R03.png,BI,BI_013,3,16,FEW-SHOT,Barras,Identificação,CONFORMING,CONFORMING,CONFORMING,CONFORMING,PENDING_BB,DIAGNOSTIC_OK,NOT_APPLICABLE,NOT_APPLICABLE,NOT_APPLICABLE,NO_FAILURE_SO_FAR,PENDING_FINALIZATION,AUTO_FROZEN,0.851782,0.113848
BI_013_R04.png,BI,BI_013,4,16,FEW-SHOT,Barras,Identificação,CONFORMING,CONFORMING,CONFORMING,CONFORMING,PENDING_BB,DIAGNOSTIC_OK,NOT_APPLICABLE,NOT_APPLICABLE,NOT_APPLICABLE,NO_FAILURE_SO_FAR,PENDING_FINALIZATION,AUTO_FROZEN,0.851782,0.113848
BI_013_R05.png,BI,BI_013,5,16,FEW-SHOT,Barras,Identificação,CONFORMING,CONFORMING,CONFORMING,CONFORMING,PENDING_BB,DIAGNOSTIC_OK,NOT_APPLICABLE,NOT_APPLICABLE,NOT_APPLICABLE,NO_FAILURE_SO_FAR,PENDING_FINALIZATION,AUTO_FROZEN,0.851782,0.113848
BI_013_R06.png,BI,BI_013,6,16,FEW-SHOT,Barras,Identificação,CONFORMING,CONFORMING,CONFORMING,CONFORMING,PENDING_BB,DIAGNOSTIC_OK,NOT_APPLICABLE,NOT_APPLICABLE,NOT_APPLICABLE,NO_FAILURE_SO_FAR,PENDING_FINALIZATION,AUTO_FROZEN,0.851782,0.113848
BI_013_R07.png,BI,BI_013,7,16,FEW-SHOT,Barras,Identificação,CONFORMING,CONFORMING,CONFORMING,CONFORMING,PENDING_BB,DIAGNOSTIC_OK,NOT_APPLICABLE,NOT_APPLICABLE,NOT_APPLICABLE,NO_FAILURE_SO_FAR,PENDING_FINALIZATION,AUTO_FROZEN,0.851782,0.113848
BI_013_R08.png,BI,BI_013,8,16,FEW-SHOT,Barras,Identificação,CONFORMING,CONFORMING,CONFORMING,CONFORMING,PENDING_BB,DIAGNOSTIC_OK,NOT_APPLICABLE,NOT_APPLICABLE,NOT_APPLICABLE,NO_FAILURE_SO_FAR,PENDING_FINALIZATION,AUTO_FROZEN,0.851782,0.113848
BI_013_R09.png,BI,BI_013,9,16,FEW-SHOT,Barras,Identificação,CONFORMING,CONFORMING,CONFORMING,CONFORMING,PENDING_BB,DIAGNOSTIC_OK,NOT_APPLICABLE,NOT_APPLICABLE,NOT_APPLICABLE,NO_FAILURE_SO_FAR,PENDING_FINALIZATION,AUTO_FROZEN,0.851782,0.113848
BI_013_R10.png,BI,BI_013,10,16,FEW-SHOT,Barras,Identificação,CONFORMING,CONFORMING,CONFORMING,CONFORMING,PENDING_BB,DIAGNOSTIC_OK,NOT_APPLICABLE,NOT_APPLICABLE,NOT_APPLICABLE,NO_FAILURE_SO_FAR,PENDING_FINALIZATION,AUTO_FROZEN,0.851782,0.113848
BI_014_R01.png,BI,BI_014,1,1,HIBRIDO,Barras,Identificação,CONFORMING,CONFORMING,CONFORMING,CONFORMING,PENDING_BB,DIAGNOSTIC_OK,CONFORMING,NOT_APPLICABLE,NOT_APPLICABLE,NO_FAILURE_SO_FAR,PENDING_FINALIZATION,AUTO_FROZEN,0.904728,0.058154
BI_014_R02.png,BI,BI_014,2,1,HIBRIDO,Barras,Identificação,CONFORMING,CONFORMING,CONFORMING,CONFORMING,PENDING_BB,DIAGNOSTIC_OK,CONFORMING,NOT_APPLICABLE,NOT_APPLICABLE,NO_FAILURE_SO_FAR,PENDING_FINALIZATION,AUTO_FROZEN,1.0,0.043542
BI_014_R03.png,BI,BI_014,3,1,HIBRIDO,Barras,Identificação,CONFORMING,CONFORMING,CONFORMING,CONFORMING,PENDING_BB,DIAGNOSTIC_OK,CONFORMING,NOT_APPLICABLE,NOT_APPLICABLE,NO_FAILURE_SO_FAR,PENDING_FINALIZATION,AUTO_FROZEN,1.0,0.043542
BI_014_R04.png,BI,BI_014,4,1,HIBRIDO,Barras,Identificação,CONFORMING,CONFORMING,CONFORMING,CONFORMING,PENDING_BB,DIAGNOSTIC_OK,CONFORMING,NOT_APPLICABLE,NOT_APPLICABLE,NO_FAILURE_SO_FAR,PENDING_FINALIZATION,AUTO_FROZEN,1.0,0.043542
BI_014_R05.png,BI,BI_014,5,1,HIBRIDO,Barras,Identificação,CONFORMING,CONFORMING,CONFORMING,CONFORMING,PENDING_BB,DIAGNOSTIC_OK,CONFORMING,NOT_APPLICABLE,NOT_APPLICABLE,NO_FAILURE_SO_FAR,PENDING_FINALIZATION,AUTO_FROZEN,1.0,0.043542
BI_014_R06.png,BI,BI_014,6,1,HIBRIDO,Barras,Identificação,CONFORMING,CONFORMING,CONFORMING,CONFORMING,PENDING_BB,DIAGNOSTIC_OK,CONFORMING,NOT_APPLICABLE,NOT_APPLICABLE,NO_FAILURE_SO_FAR,PENDING_FINALIZATION,AUTO_FROZEN,1.0,0.043542
BI_014_R07.png,BI,BI_014,7,1,HIBRIDO,Barras,Identificação,CONFORMING,CONFORMING,CONFORMING,CONFORMING,PENDING_BB,DIAGNOSTIC_OK,CONFORMING,NOT_APPLICABLE,NOT_APPLICABLE,NO_FAILURE_SO_FAR,PENDING_FINALIZATION,AUTO_FROZEN,1.0,0.043542
BI_014_R08.png,BI,BI_014,8,1,HIBRIDO,Barras,Identificação,CONFORMING,CONFORMING,CONFORMING,CONFORMING,PENDING_BB,DIAGNOSTIC_OK,CONFORMING,NOT_APPLICABLE,NOT_APPLICABLE,NO_FAILURE_SO_FAR,PENDING_FINALIZATION,AUTO_FROZEN,1.0,0.043542
BI_014_R09.png,BI,BI_014,9,1,HIBRIDO,Barras,Identificação,CONFORMING,CONFORMING,CONFORMING,CONFORMING,PENDING_BB,DIAGNOSTIC_OK,CONFORMING,NOT_APPLICABLE,NOT_APPLICABLE,NO_FAILURE_SO_FAR,PENDING_FINALIZATION,AUTO_FROZEN,1.0,0.043542
BI_014_R10.png,BI,BI_014,10,1,HIBRIDO,Barras,Identificação,CONFORMING,CONFORMING,CONFORMING,CONFORMING,PENDING_BB,DIAGNOSTIC_OK,CONFORMING,NOT_APPLICABLE,NOT_APPLICABLE,NO_FAILURE_SO_FAR,PENDING_FINALIZATION,AUTO_FROZEN,1.0,0.043542
BI_015_R01.png,BI,BI_015,1,4,HIBRIDO,Barras,Identificação,CONFORMING,CONFORMING,CONFORMING,CONFORMING,PENDING_BB,DIAGNOSTIC_OK,CONFORMING,NOT_APPLICABLE,NOT_APPLICABLE,NO_FAILURE_SO_FAR,PENDING_FINALIZATION,AUTO_FROZEN,0.998952,0.001875
BI_015_R02.png,BI,BI_015,2,4,HIBRIDO,Barras,Identificação,CONFORMING,CONFORMING,CONFORMING,CONFORMING,PENDING_BB,DIAGNOSTIC_OK,CONFORMING,NOT_APPLICABLE,NOT_APPLICABLE,NO_FAILURE_SO_FAR,PENDING_FINALIZATION,AUTO_FROZEN,0.927588,0.044167
BI_015_R03.png,BI,BI_015,3,4,HIBRIDO,Barras,Identificação,CONFORMING,CONFORMING,CONFORMING,CONFORMING,PENDING_BB,DIAGNOSTIC_OK,CONFORMING,NOT_APPLICABLE,NOT_APPLICABLE,NO_FAILURE_SO_FAR,PENDING_FINALIZATION,AUTO_FROZEN,0.927588,0.044167
BI_015_R04.png,BI,BI_015,4,4,HIBRIDO,Barras,Identificação,CONFORMING,CONFORMING,CONFORMING,CONFORMING,PENDING_BB,DIAGNOSTIC_OK,CONFORMING,NOT_APPLICABLE,NOT_APPLICABLE,NO_FAILURE_SO_FAR,PENDING_FINALIZATION,AUTO_FROZEN,0.927588,0.044167
BI_015_R05.png,BI,BI_015,5,4,HIBRIDO,Barras,Identificação,CONFORMING,CONFORMING,CONFORMING,CONFORMING,PENDING_BB,DIAGNOSTIC_OK,CONFORMING,NOT_APPLICABLE,NOT_APPLICABLE,NO_FAILURE_SO_FAR,PENDING_FINALIZATION,AUTO_FROZEN,0.927588,0.044167
BI_015_R06.png,BI,BI_015,6,4,HIBRIDO,Barras,Identificação,CONFORMING,CONFORMING,CONFORMING,CONFORMING,PENDING_BB,DIAGNOSTIC_OK,CONFORMING,NOT_APPLICABLE,NOT_APPLICABLE,NO_FAILURE_SO_FAR,PENDING_FINALIZATION,AUTO_FROZEN,0.927588,0.044167
BI_015_R07.png,BI,BI_015,7,4,HIBRIDO,Barras,Identificação,CONFORMING,CONFORMING,CONFORMING,CONFORMING,PENDING_BB,DIAGNOSTIC_OK,CONFORMING,NOT_APPLICABLE,NOT_APPLICABLE,NO_FAILURE_SO_FAR,PENDING_FINALIZATION,AUTO_FROZEN,0.927588,0.044167
BI_015_R08.png,BI,BI_015,8,4,HIBRIDO,Barras,Identificação,CONFORMING,CONFORMING,CONFORMING,CONFORMING,PENDING_BB,DIAGNOSTIC_OK,CONFORMING,NOT_APPLICABLE,NOT_APPLICABLE,NO_FAILURE_SO_FAR,PENDING_FINALIZATION,AUTO_FROZEN,0.927588,0.044167
BI_015_R09.png,BI,BI_015,9,4,HIBRIDO,Barras,Identificação,CONFORMING,CONFORMING,CONFORMING,CONFORMING,PENDING_BB,DIAGNOSTIC_OK,CONFORMING,NOT_APPLICABLE,NOT_APPLICABLE,NO_FAILURE_SO_FAR,PENDING_FINALIZATION,AUTO_FROZEN,0.927588,0.044167
BI_015_R10.png,BI,BI_015,10,4,HIBRIDO,Barras,Identificação,CONFORMING,CONFORMING,CONFORMING,CONFORMING,PENDING_BB,DIAGNOSTIC_OK,CONFORMING,NOT_APPLICABLE,NOT_APPLICABLE,NO_FAILURE_SO_FAR,PENDING_FINALIZATION,AUTO_FROZEN,0.927588,0.044167
BI_016_R01.png,BI,BI_016,1,6,HIBRIDO,Barras,Identificação,CONFORMING,CONFORMING,CONFORMING,CONFORMING,PENDING_BB,DIAGNOSTIC_OK,NOT_APPLICABLE,NOT_APPLICABLE,NOT_APPLICABLE,NO_FAILURE_SO_FAR,PENDING_FINALIZATION,AUTO_FROZEN,0.814935,0.093381
BI_016_R02.png,BI,BI_016,2,6,HIBRIDO,Barras,Identificação,CONFORMING,CONFORMING,CONFORMING,CONFORMING,PENDING_BB,DIAGNOSTIC_OK,NOT_APPLICABLE,NOT_APPLICABLE,NOT_APPLICABLE,NO_FAILURE_SO_FAR,PENDING_FINALIZATION,AUTO_FROZEN,0.76251,0.093381
BI_016_R03.png,BI,BI_016,3,6,HIBRIDO,Barras,Identificação,CONFORMING,CONFORMING,CONFORMING,CONFORMING,PENDING_BB,DIAGNOSTIC_OK,NOT_APPLICABLE,NOT_APPLICABLE,NOT_APPLICABLE,NO_FAILURE_SO_FAR,PENDING_FINALIZATION,AUTO_FROZEN,0.76251,0.093381
BI_016_R04.png,BI,BI_016,4,6,HIBRIDO,Barras,Identificação,CONFORMING,CONFORMING,CONFORMING,CONFORMING,PENDING_BB,DIAGNOSTIC_OK,NOT_APPLICABLE,NOT_APPLICABLE,NOT_APPLICABLE,NO_FAILURE_SO_FAR,PENDING_FINALIZATION,AUTO_FROZEN,0.76251,0.093381
BI_016_R05.png,BI,BI_016,5,6,HIBRIDO,Barras,Identificação,CONFORMING,CONFORMING,CONFORMING,CONFORMING,PENDING_BB,DIAGNOSTIC_OK,NOT_APPLICABLE,NOT_APPLICABLE,NOT_APPLICABLE,NO_FAILURE_SO_FAR,PENDING_FINALIZATION,AUTO_FROZEN,0.76251,0.093381
BI_016_R06.png,BI,BI_016,6,6,HIBRIDO,Barras,Identificação,CONFORMING,CONFORMING,CONFORMING,CONFORMING,PENDING_BB,DIAGNOSTIC_OK,NOT_APPLICABLE,NOT_APPLICABLE,NOT_APPLICABLE,NO_FAILURE_SO_FAR,PENDING_FINALIZATION,AUTO_FROZEN,0.76251,0.093381
BI_016_R07.png,BI,BI_016,7,6,HIBRIDO,Barras,Identificação,CONFORMING,CONFORMING,CONFORMING,CONFORMING,PENDING_BB,DIAGNOSTIC_OK,NOT_APPLICABLE,NOT_APPLICABLE,NOT_APPLICABLE,NO_FAILURE_SO_FAR,PENDING_FINALIZATION,AUTO_FROZEN,0.76251,0.093381
BI_016_R08.png,BI,BI_016,8,6,HIBRIDO,Barras,Identificação,CONFORMING,CONFORMING,CONFORMING,CONFORMING,PENDING_BB,DIAGNOSTIC_OK,NOT_APPLICABLE,NOT_APPLICABLE,NOT_APPLICABLE,NO_FAILURE_SO_FAR,PENDING_FINALIZATION,AUTO_FROZEN,0.76251,0.093381
BI_016_R09.png,BI,BI_016,9,6,HIBRIDO,Barras,Identificação,CONFORMING,CONFORMING,CONFORMING,CONFORMING,PENDING_BB,DIAGNOSTIC_OK,NOT_APPLICABLE,NOT_APPLICABLE,NOT_APPLICABLE,NO_FAILURE_SO_FAR,PENDING_FINALIZATION,AUTO_FROZEN,0.76251,0.093381
BI_016_R10.png,BI,BI_016,10,6,HIBRIDO,Barras,Identificação,CONFORMING,CONFORMING,CONFORMING,CONFORMING,PENDING_BB,DIAGNOSTIC_OK,NOT_APPLICABLE,NOT_APPLICABLE,NOT_APPLICABLE,NO_FAILURE_SO_FAR,PENDING_FINALIZATION,AUTO_FROZEN,0.76251,0.093381
BI_017_R01.png,BI,BI_017,1,7,HIBRIDO,Barras,Identificação,CONFORMING,CONFORMING,CONFORMING,CONFORMING,PENDING_BB,DIAGNOSTIC_OK,NOT_APPLICABLE,NOT_APPLICABLE,NOT_APPLICABLE,NO_FAILURE_SO_FAR,PENDING_FINALIZATION,AUTO_FROZEN,0.819993,0.110417
BI_017_R02.png,BI,BI_017,2,7,HIBRIDO,Barras,Identificação,CONFORMING,CONFORMING,CONFORMING,CONFORMING,PENDING_BB,DIAGNOSTIC_OK,NOT_APPLICABLE,NOT_APPLICABLE,NOT_APPLICABLE,NO_FAILURE_SO_FAR,PENDING_FINALIZATION,AUTO_FROZEN,0.928006,0.124295
BI_017_R03.png,BI,BI_017,3,7,HIBRIDO,Barras,Identificação,CONFORMING,CONFORMING,CONFORMING,CONFORMING,PENDING_BB,DIAGNOSTIC_OK,NOT_APPLICABLE,NOT_APPLICABLE,NOT_APPLICABLE,NO_FAILURE_SO_FAR,PENDING_FINALIZATION,AUTO_FROZEN,0.928006,0.124295
BI_017_R04.png,BI,BI_017,4,7,HIBRIDO,Barras,Identificação,CONFORMING,CONFORMING,CONFORMING,CONFORMING,PENDING_BB,DIAGNOSTIC_OK,NOT_APPLICABLE,NOT_APPLICABLE,NOT_APPLICABLE,NO_FAILURE_SO_FAR,PENDING_FINALIZATION,AUTO_FROZEN,0.928006,0.124295
BI_017_R05.png,BI,BI_017,5,7,HIBRIDO,Barras,Identificação,CONFORMING,CONFORMING,CONFORMING,CONFORMING,PENDING_BB,DIAGNOSTIC_OK,NOT_APPLICABLE,NOT_APPLICABLE,NOT_APPLICABLE,NO_FAILURE_SO_FAR,PENDING_FINALIZATION,AUTO_FROZEN,0.928006,0.124295
BI_017_R06.png,BI,BI_017,6,7,HIBRIDO,Barras,Identificação,CONFORMING,CONFORMING,CONFORMING,CONFORMING,PENDING_BB,DIAGNOSTIC_OK,NOT_APPLICABLE,NOT_APPLICABLE,NOT_APPLICABLE,NO_FAILURE_SO_FAR,PENDING_FINALIZATION,AUTO_FROZEN,0.928006,0.124295
BI_017_R07.png,BI,BI_017,7,7,HIBRIDO,Barras,Identificação,CONFORMING,CONFORMING,CONFORMING,CONFORMING,PENDING_BB,DIAGNOSTIC_OK,NOT_APPLICABLE,NOT_APPLICABLE,NOT_APPLICABLE,NO_FAILURE_SO_FAR,PENDING_FINALIZATION,AUTO_FROZEN,0.928006,0.124295
BI_017_R08.png,BI,BI_017,8,7,HIBRIDO,Barras,Identificação,CONFORMING,CONFORMING,CONFORMING,CONFORMING,PENDING_BB,DIAGNOSTIC_OK,NOT_APPLICABLE,NOT_APPLICABLE,NOT_APPLICABLE,NO_FAILURE_SO_FAR,PENDING_FINALIZATION,AUTO_FROZEN,0.928006,0.124295
BI_017_R09.png,BI,BI_017,9,7,HIBRIDO,Barras,Identificação,CONFORMING,CONFORMING,CONFORMING,CONFORMING,PENDING_BB,DIAGNOSTIC_OK,NOT_APPLICABLE,NOT_APPLICABLE,NOT_APPLICABLE,NO_FAILURE_SO_FAR,PENDING_FINALIZATION,AUTO_FROZEN,0.928006,0.124295
BI_017_R10.png,BI,BI_017,10,7,HIBRIDO,Barras,Identificação,CONFORMING,CONFORMING,CONFORMING,CONFORMING,PENDING_BB,DIAGNOSTIC_OK,NOT_APPLICABLE,NOT_APPLICABLE,NOT_APPLICABLE,NO_FAILURE_SO_FAR,PENDING_FINALIZATION,AUTO_FROZEN,0.928006,0.124295
BI_018_R01.png,BI,BI_018,1,8,HIBRIDO,Barras,Identificação,CONFORMING,CONFORMING,CONFORMING,CONFORMING,PENDING_BB,DIAGNOSTIC_OK,NOT_APPLICABLE,NOT_APPLICABLE,NOT_APPLICABLE,NO_FAILURE_SO_FAR,PENDING_FINALIZATION,AUTO_FROZEN,0.948027,0.121042
BI_018_R02.png,BI,BI_018,2,8,HIBRIDO,Barras,Identificação,CONFORMING,CONFORMING,CONFORMING,CONFORMING,PENDING_BB,DIAGNOSTIC_OK,NOT_APPLICABLE,NOT_APPLICABLE,NOT_APPLICABLE,NO_FAILURE_SO_FAR,PENDING_FINALIZATION,AUTO_FROZEN,0.948027,0.121042
BI_018_R03.png,BI,BI_018,3,8,HIBRIDO,Barras,Identificação,CONFORMING,CONFORMING,CONFORMING,CONFORMING,PENDING_BB,DIAGNOSTIC_OK,NOT_APPLICABLE,NOT_APPLICABLE,NOT_APPLICABLE,NO_FAILURE_SO_FAR,PENDING_FINALIZATION,AUTO_FROZEN,0.948027,0.121042
BI_018_R04.png,BI,BI_018,4,8,HIBRIDO,Barras,Identificação,CONFORMING,CONFORMING,CONFORMING,CONFORMING,PENDING_BB,DIAGNOSTIC_OK,NOT_APPLICABLE,NOT_APPLICABLE,NOT_APPLICABLE,NO_FAILURE_SO_FAR,PENDING_FINALIZATION,AUTO_FROZEN,0.948027,0.121042
BI_018_R05.png,BI,BI_018,5,8,HIBRIDO,Barras,Identificação,CONFORMING,CONFORMING,CONFORMING,CONFORMING,PENDING_BB,DIAGNOSTIC_OK,NOT_APPLICABLE,NOT_APPLICABLE,NOT_APPLICABLE,NO_FAILURE_SO_FAR,PENDING_FINALIZATION,AUTO_FROZEN,0.948027,0.121042
BI_018_R06.png,BI,BI_018,6,8,HIBRIDO,Barras,Identificação,CONFORMING,CONFORMING,CONFORMING,CONFORMING,PENDING_BB,DIAGNOSTIC_OK,NOT_APPLICABLE,NOT_APPLICABLE,NOT_APPLICABLE,NO_FAILURE_SO_FAR,PENDING_FINALIZATION,AUTO_FROZEN,0.948027,0.121042
BI_018_R07.png,BI,BI_018,7,8,HIBRIDO,Barras,Identificação,CONFORMING,CONFORMING,CONFORMING,CONFORMING,PENDING_BB,DIAGNOSTIC_OK,NOT_APPLICABLE,NOT_APPLICABLE,NOT_APPLICABLE,NO_FAILURE_SO_FAR,PENDING_FINALIZATION,AUTO_FROZEN,0.948027,0.121042
BI_018_R08.png,BI,BI_018,8,8,HIBRIDO,Barras,Identificação,CONFORMING,CONFORMING,CONFORMING,CONFORMING,PENDING_BB,DIAGNOSTIC_OK,NOT_APPLICABLE,NOT_APPLICABLE,NOT_APPLICABLE,NO_FAILURE_SO_FAR,PENDING_FINALIZATION,AUTO_FROZEN,0.948027,0.121042
BI_018_R09.png,BI,BI_018,9,8,HIBRIDO,Barras,Identificação,CONFORMING,CONFORMING,CONFORMING,CONFORMING,PENDING_BB,DIAGNOSTIC_OK,NOT_APPLICABLE,NOT_APPLICABLE,NOT_APPLICABLE,NO_FAILURE_SO_FAR,PENDING_FINALIZATION,AUTO_FROZEN,0.948027,0.121042
BI_018_R10.png,BI,BI_018,10,8,HIBRIDO,Barras,Identificação,CONFORMING,CONFORMING,CONFORMING,CONFORMING,PENDING_BB,DIAGNOSTIC_OK,NOT_APPLICABLE,NOT_APPLICABLE,NOT_APPLICABLE,NO_FAILURE_SO_FAR,PENDING_FINALIZATION,AUTO_FROZEN,0.948027,0.121042
BI_019_R01.png,BI,BI_019,1,9,HIBRIDO,Barras,Identificação,CONFORMING,CONFORMING,NONCONFORMING,CONFORMING,PENDING_BB,DIAGNOSTIC_OK,NONCONFORMING,NOT_APPLICABLE,NONCONFORMING,NONCONFORMING,NONCONFORMING,AUTO_FROZEN,0.699843,0.052431
BI_019_R02.png,BI,BI_019,2,9,HIBRIDO,Barras,Identificação,CONFORMING,CONFORMING,CONFORMING,CONFORMING,PENDING_BB,DIAGNOSTIC_OK,CONFORMING,NOT_APPLICABLE,CONFORMING,NO_FAILURE_SO_FAR,PENDING_FINALIZATION,AUTO_FROZEN,0.824678,0.099916
BI_019_R03.png,BI,BI_019,3,9,HIBRIDO,Barras,Identificação,CONFORMING,CONFORMING,CONFORMING,CONFORMING,PENDING_BB,DIAGNOSTIC_OK,CONFORMING,NOT_APPLICABLE,CONFORMING,NO_FAILURE_SO_FAR,PENDING_FINALIZATION,AUTO_FROZEN,0.760786,0.078291
BI_019_R04.png,BI,BI_019,4,9,HIBRIDO,Barras,Identificação,CONFORMING,CONFORMING,CONFORMING,CONFORMING,PENDING_BB,DIAGNOSTIC_OK,CONFORMING,NOT_APPLICABLE,CONFORMING,NO_FAILURE_SO_FAR,PENDING_FINALIZATION,AUTO_FROZEN,0.7971,0.045673
BI_019_R05.png,BI,BI_019,5,9,HIBRIDO,Barras,Identificação,CONFORMING,CONFORMING,CONFORMING,CONFORMING,PENDING_BB,DIAGNOSTIC_OK,CONFORMING,NOT_APPLICABLE,CONFORMING,NO_FAILURE_SO_FAR,PENDING_FINALIZATION,AUTO_FROZEN,0.796346,0.045673
BI_019_R06.png,BI,BI_019,6,9,HIBRIDO,Barras,Identificação,CONFORMING,CONFORMING,CONFORMING,CONFORMING,PENDING_BB,DIAGNOSTIC_OK,CONFORMING,NOT_APPLICABLE,CONFORMING,NO_FAILURE_SO_FAR,PENDING_FINALIZATION,AUTO_FROZEN,0.824678,0.099916
BI_019_R07.png,BI,BI_019,7,9,HIBRIDO,Barras,Identificação,CONFORMING,CONFORMING,CONFORMING,CONFORMING,PENDING_BB,DIAGNOSTIC_OK,CONFORMING,NOT_APPLICABLE,CONFORMING,NO_FAILURE_SO_FAR,PENDING_FINALIZATION,AUTO_FROZEN,0.797098,0.045673
BI_019_R08.png,BI,BI_019,8,9,HIBRIDO,Barras,Identificação,CONFORMING,CONFORMING,CONFORMING,CONFORMING,PENDING_BB,DIAGNOSTIC_OK,CONFORMING,NOT_APPLICABLE,CONFORMING,NO_FAILURE_SO_FAR,PENDING_FINALIZATION,AUTO_FROZEN,0.791492,0.078291
BI_019_R09.png,BI,BI_019,9,9,HIBRIDO,Barras,Identificação,CONFORMING,CONFORMING,CONFORMING,CONFORMING,PENDING_BB,DIAGNOSTIC_OK,CONFORMING,NOT_APPLICABLE,CONFORMING,NO_FAILURE_SO_FAR,PENDING_FINALIZATION,AUTO_FROZEN,0.796346,0.045673
BI_019_R10.png,BI,BI_019,10,9,HIBRIDO,Barras,Identificação,CONFORMING,CONFORMING,CONFORMING,CONFORMING,PENDING_BB,DIAGNOSTIC_OK,CONFORMING,NOT_APPLICABLE,CONFORMING,NO_FAILURE_SO_FAR,PENDING_FINALIZATION,AUTO_FROZEN,0.775733,0.099916
BI_020_R01.png,BI,BI_020,1,10,HIBRIDO,Barras,Identificação,CONFORMING,CONFORMING,CONFORMING,CONFORMING,PENDING_BB,DIAGNOSTIC_OK,NOT_APPLICABLE,NOT_APPLICABLE,NOT_APPLICABLE,NO_FAILURE_SO_FAR,PENDING_FINALIZATION,AUTO_FROZEN,0.867436,0.10875
BI_020_R02.png,BI,BI_020,2,10,HIBRIDO,Barras,Identificação,CONFORMING,CONFORMING,CONFORMING,CONFORMING,PENDING_BB,DIAGNOSTIC_OK,NOT_APPLICABLE,NOT_APPLICABLE,NOT_APPLICABLE,NO_FAILURE_SO_FAR,PENDING_FINALIZATION,AUTO_FROZEN,0.867436,0.10875
BI_020_R03.png,BI,BI_020,3,10,HIBRIDO,Barras,Identificação,CONFORMING,CONFORMING,CONFORMING,CONFORMING,PENDING_BB,DIAGNOSTIC_OK,NOT_APPLICABLE,NOT_APPLICABLE,NOT_APPLICABLE,NO_FAILURE_SO_FAR,PENDING_FINALIZATION,AUTO_FROZEN,0.867436,0.10875
BI_020_R04.png,BI,BI_020,4,10,HIBRIDO,Barras,Identificação,CONFORMING,CONFORMING,CONFORMING,CONFORMING,PENDING_BB,DIAGNOSTIC_OK,NOT_APPLICABLE,NOT_APPLICABLE,NOT_APPLICABLE,NO_FAILURE_SO_FAR,PENDING_FINALIZATION,AUTO_FROZEN,0.867436,0.10875
BI_020_R05.png,BI,BI_020,5,10,HIBRIDO,Barras,Identificação,CONFORMING,CONFORMING,CONFORMING,CONFORMING,PENDING_BB,DIAGNOSTIC_OK,NOT_APPLICABLE,NOT_APPLICABLE,NOT_APPLICABLE,NO_FAILURE_SO_FAR,PENDING_FINALIZATION,AUTO_FROZEN,0.867436,0.10875
BI_020_R06.png,BI,BI_020,6,10,HIBRIDO,Barras,Identificação,CONFORMING,CONFORMING,CONFORMING,CONFORMING,PENDING_BB,DIAGNOSTIC_OK,NOT_APPLICABLE,NOT_APPLICABLE,NOT_APPLICABLE,NO_FAILURE_SO_FAR,PENDING_FINALIZATION,AUTO_FROZEN,0.867436,0.10875
BI_020_R07.png,BI,BI_020,7,10,HIBRIDO,Barras,Identificação,CONFORMING,CONFORMING,CONFORMING,CONFORMING,PENDING_BB,DIAGNOSTIC_OK,NOT_APPLICABLE,NOT_APPLICABLE,NOT_APPLICABLE,NO_FAILURE_SO_FAR,PENDING_FINALIZATION,AUTO_FROZEN,0.867436,0.10875
BI_020_R08.png,BI,BI_020,8,10,HIBRIDO,Barras,Identificação,CONFORMING,CONFORMING,CONFORMING,CONFORMING,PENDING_BB,DIAGNOSTIC_OK,NOT_APPLICABLE,NOT_APPLICABLE,NOT_APPLICABLE,NO_FAILURE_SO_FAR,PENDING_FINALIZATION,AUTO_FROZEN,0.867436,0.10875
BI_020_R09.png,BI,BI_020,9,10,HIBRIDO,Barras,Identificação,CONFORMING,CONFORMING,CONFORMING,CONFORMING,PENDING_BB,DIAGNOSTIC_OK,NOT_APPLICABLE,NOT_APPLICABLE,NOT_APPLICABLE,NO_FAILURE_SO_FAR,PENDING_FINALIZATION,AUTO_FROZEN,0.867436,0.10875
BI_020_R10.png,BI,BI_020,10,10,HIBRIDO,Barras,Identificação,CONFORMING,CONFORMING,CONFORMING,CONFORMING,PENDING_BB,DIAGNOSTIC_OK,NOT_APPLICABLE,NOT_APPLICABLE,NOT_APPLICABLE,NO_FAILURE_SO_FAR,PENDING_FINALIZATION,AUTO_FROZEN,0.867436,0.10875
BI_021_R01.png,BI,BI_021,1,11,HIBRIDO,Barras,Identificação,CONFORMING,CONFORMING,CONFORMING,CONFORMING,PENDING_BB,DIAGNOSTIC_OK,CONFORMING,NOT_APPLICABLE,NOT_APPLICABLE,NO_FAILURE_SO_FAR,PENDING_FINALIZATION,AUTO_FROZEN,0.919942,0.106963
BI_021_R02.png,BI,BI_021,2,11,HIBRIDO,Barras,Identificação,CONFORMING,CONFORMING,CONFORMING,CONFORMING,PENDING_BB,DIAGNOSTIC_OK,CONFORMING,NOT_APPLICABLE,NOT_APPLICABLE,NO_FAILURE_SO_FAR,PENDING_FINALIZATION,AUTO_FROZEN,0.998333,0.079479
BI_021_R03.png,BI,BI_021,3,11,HIBRIDO,Barras,Identificação,CONFORMING,CONFORMING,CONFORMING,CONFORMING,PENDING_BB,DIAGNOSTIC_OK,CONFORMING,NOT_APPLICABLE,NOT_APPLICABLE,NO_FAILURE_SO_FAR,PENDING_FINALIZATION,AUTO_FROZEN,0.998333,0.079479
BI_021_R04.png,BI,BI_021,4,11,HIBRIDO,Barras,Identificação,CONFORMING,CONFORMING,CONFORMING,CONFORMING,PENDING_BB,DIAGNOSTIC_OK,CONFORMING,NOT_APPLICABLE,NOT_APPLICABLE,NO_FAILURE_SO_FAR,PENDING_FINALIZATION,AUTO_FROZEN,0.998333,0.079479
BI_021_R05.png,BI,BI_021,5,11,HIBRIDO,Barras,Identificação,CONFORMING,CONFORMING,CONFORMING,CONFORMING,PENDING_BB,DIAGNOSTIC_OK,CONFORMING,NOT_APPLICABLE,NOT_APPLICABLE,NO_FAILURE_SO_FAR,PENDING_FINALIZATION,AUTO_FROZEN,0.998333,0.079479
BI_021_R06.png,BI,BI_021,6,11,HIBRIDO,Barras,Identificação,CONFORMING,CONFORMING,CONFORMING,CONFORMING,PENDING_BB,DIAGNOSTIC_OK,CONFORMING,NOT_APPLICABLE,NOT_APPLICABLE,NO_FAILURE_SO_FAR,PENDING_FINALIZATION,AUTO_FROZEN,0.998333,0.079479
BI_021_R07.png,BI,BI_021,7,11,HIBRIDO,Barras,Identificação,CONFORMING,CONFORMING,CONFORMING,CONFORMING,PENDING_BB,DIAGNOSTIC_OK,CONFORMING,NOT_APPLICABLE,NOT_APPLICABLE,NO_FAILURE_SO_FAR,PENDING_FINALIZATION,AUTO_FROZEN,0.998333,0.079479
BI_021_R08.png,BI,BI_021,8,11,HIBRIDO,Barras,Identificação,CONFORMING,CONFORMING,CONFORMING,CONFORMING,PENDING_BB,DIAGNOSTIC_OK,CONFORMING,NOT_APPLICABLE,NOT_APPLICABLE,NO_FAILURE_SO_FAR,PENDING_FINALIZATION,AUTO_FROZEN,0.998333,0.079479
BI_021_R09.png,BI,BI_021,9,11,HIBRIDO,Barras,Identificação,CONFORMING,CONFORMING,CONFORMING,CONFORMING,PENDING_BB,DIAGNOSTIC_OK,CONFORMING,NOT_APPLICABLE,NOT_APPLICABLE,NO_FAILURE_SO_FAR,PENDING_FINALIZATION,AUTO_FROZEN,0.998333,0.079479
BI_021_R10.png,BI,BI_021,10,11,HIBRIDO,Barras,Identificação,CONFORMING,CONFORMING,CONFORMING,CONFORMING,PENDING_BB,DIAGNOSTIC_OK,CONFORMING,NOT_APPLICABLE,NOT_APPLICABLE,NO_FAILURE_SO_FAR,PENDING_FINALIZATION,AUTO_FROZEN,0.998333,0.079479
BI_022_R01.png,BI,BI_022,1,12,HIBRIDO,Barras,Identificação,CONFORMING,CONFORMING,CONFORMING,CONFORMING,PENDING_BB,DIAGNOSTIC_OK,NOT_APPLICABLE,NOT_APPLICABLE,NOT_APPLICABLE,NO_FAILURE_SO_FAR,PENDING_FINALIZATION,AUTO_FROZEN,0.998534,0.07339
BI_022_R02.png,BI,BI_022,2,12,HIBRIDO,Barras,Identificação,CONFORMING,CONFORMING,CONFORMING,CONFORMING,PENDING_BB,DIAGNOSTIC_OK,NOT_APPLICABLE,NOT_APPLICABLE,NOT_APPLICABLE,NO_FAILURE_SO_FAR,PENDING_FINALIZATION,AUTO_FROZEN,0.867011,0.110044
BI_022_R03.png,BI,BI_022,3,12,HIBRIDO,Barras,Identificação,CONFORMING,CONFORMING,CONFORMING,CONFORMING,PENDING_BB,DIAGNOSTIC_OK,NOT_APPLICABLE,NOT_APPLICABLE,NOT_APPLICABLE,NO_FAILURE_SO_FAR,PENDING_FINALIZATION,AUTO_FROZEN,0.866772,0.107456
BI_022_R04.png,BI,BI_022,4,12,HIBRIDO,Barras,Identificação,CONFORMING,CONFORMING,CONFORMING,CONFORMING,PENDING_BB,DIAGNOSTIC_OK,NOT_APPLICABLE,NOT_APPLICABLE,NOT_APPLICABLE,NO_FAILURE_SO_FAR,PENDING_FINALIZATION,AUTO_FROZEN,0.867011,0.104929
BI_022_R05.png,BI,BI_022,5,12,HIBRIDO,Barras,Identificação,CONFORMING,CONFORMING,CONFORMING,CONFORMING,PENDING_BB,DIAGNOSTIC_OK,NOT_APPLICABLE,NOT_APPLICABLE,NOT_APPLICABLE,NO_FAILURE_SO_FAR,PENDING_FINALIZATION,AUTO_FROZEN,0.867011,0.100346
BI_022_R06.png,BI,BI_022,6,12,HIBRIDO,Barras,Identificação,CONFORMING,CONFORMING,CONFORMING,CONFORMING,PENDING_BB,DIAGNOSTIC_OK,NOT_APPLICABLE,NOT_APPLICABLE,NOT_APPLICABLE,NO_FAILURE_SO_FAR,PENDING_FINALIZATION,AUTO_FROZEN,0.867011,0.102766
BI_022_R07.png,BI,BI_022,7,12,HIBRIDO,Barras,Identificação,CONFORMING,CONFORMING,CONFORMING,CONFORMING,PENDING_BB,DIAGNOSTIC_OK,NOT_APPLICABLE,NOT_APPLICABLE,NOT_APPLICABLE,NO_FAILURE_SO_FAR,PENDING_FINALIZATION,AUTO_FROZEN,0.867011,0.096243
BI_022_R08.png,BI,BI_022,8,12,HIBRIDO,Barras,Identificação,CONFORMING,CONFORMING,CONFORMING,CONFORMING,PENDING_BB,DIAGNOSTIC_OK,NOT_APPLICABLE,NOT_APPLICABLE,NOT_APPLICABLE,NO_FAILURE_SO_FAR,PENDING_FINALIZATION,AUTO_FROZEN,0.867011,0.098274
BI_022_R09.png,BI,BI_022,9,12,HIBRIDO,Barras,Identificação,CONFORMING,CONFORMING,CONFORMING,CONFORMING,PENDING_BB,DIAGNOSTIC_OK,NOT_APPLICABLE,NOT_APPLICABLE,NOT_APPLICABLE,NO_FAILURE_SO_FAR,PENDING_FINALIZATION,AUTO_FROZEN,0.867011,0.094251
BI_022_R10.png,BI,BI_022,10,12,HIBRIDO,Barras,Identificação,CONFORMING,CONFORMING,CONFORMING,CONFORMING,PENDING_BB,DIAGNOSTIC_OK,NOT_APPLICABLE,NOT_APPLICABLE,NOT_APPLICABLE,NO_FAILURE_SO_FAR,PENDING_FINALIZATION,AUTO_FROZEN,0.867011,0.093533
BI_023_R01.png,BI,BI_023,1,13,HIBRIDO,Barras,Identificação,CONFORMING,CONFORMING,CONFORMING,CONFORMING,PENDING_BB,DIAGNOSTIC_OK,NOT_APPLICABLE,NOT_APPLICABLE,NOT_APPLICABLE,NO_FAILURE_SO_FAR,PENDING_FINALIZATION,AUTO_FROZEN,1.0,0.078737
BI_023_R02.png,BI,BI_023,2,13,HIBRIDO,Barras,Identificação,CONFORMING,CONFORMING,CONFORMING,CONFORMING,PENDING_BB,DIAGNOSTIC_OK,NOT_APPLICABLE,NOT_APPLICABLE,NOT_APPLICABLE,NO_FAILURE_SO_FAR,PENDING_FINALIZATION,AUTO_FROZEN,0.998258,0.083047
BI_023_R03.png,BI,BI_023,3,13,HIBRIDO,Barras,Identificação,CONFORMING,CONFORMING,CONFORMING,CONFORMING,PENDING_BB,DIAGNOSTIC_OK,NOT_APPLICABLE,NOT_APPLICABLE,NOT_APPLICABLE,NO_FAILURE_SO_FAR,PENDING_FINALIZATION,AUTO_FROZEN,0.998258,0.083047
BI_023_R04.png,BI,BI_023,4,13,HIBRIDO,Barras,Identificação,CONFORMING,CONFORMING,CONFORMING,CONFORMING,PENDING_BB,DIAGNOSTIC_OK,NOT_APPLICABLE,NOT_APPLICABLE,NOT_APPLICABLE,NO_FAILURE_SO_FAR,PENDING_FINALIZATION,AUTO_FROZEN,0.998258,0.083047
BI_023_R05.png,BI,BI_023,5,13,HIBRIDO,Barras,Identificação,CONFORMING,CONFORMING,CONFORMING,CONFORMING,PENDING_BB,DIAGNOSTIC_OK,NOT_APPLICABLE,NOT_APPLICABLE,NOT_APPLICABLE,NO_FAILURE_SO_FAR,PENDING_FINALIZATION,AUTO_FROZEN,0.998258,0.083047
BI_023_R06.png,BI,BI_023,6,13,HIBRIDO,Barras,Identificação,CONFORMING,CONFORMING,CONFORMING,CONFORMING,PENDING_BB,DIAGNOSTIC_OK,NOT_APPLICABLE,NOT_APPLICABLE,NOT_APPLICABLE,NO_FAILURE_SO_FAR,PENDING_FINALIZATION,AUTO_FROZEN,0.998258,0.083047
BI_023_R07.png,BI,BI_023,7,13,HIBRIDO,Barras,Identificação,CONFORMING,CONFORMING,CONFORMING,CONFORMING,PENDING_BB,DIAGNOSTIC_OK,NOT_APPLICABLE,NOT_APPLICABLE,NOT_APPLICABLE,NO_FAILURE_SO_FAR,PENDING_FINALIZATION,AUTO_FROZEN,0.998258,0.083047
BI_023_R08.png,BI,BI_023,8,13,HIBRIDO,Barras,Identificação,CONFORMING,CONFORMING,CONFORMING,CONFORMING,PENDING_BB,DIAGNOSTIC_OK,NOT_APPLICABLE,NOT_APPLICABLE,NOT_APPLICABLE,NO_FAILURE_SO_FAR,PENDING_FINALIZATION,AUTO_FROZEN,0.998258,0.083047
BI_023_R09.png,BI,BI_023,9,13,HIBRIDO,Barras,Identificação,CONFORMING,CONFORMING,CONFORMING,CONFORMING,PENDING_BB,DIAGNOSTIC_OK,NOT_APPLICABLE,NOT_APPLICABLE,NOT_APPLICABLE,NO_FAILURE_SO_FAR,PENDING_FINALIZATION,AUTO_FROZEN,0.998258,0.083047
BI_023_R10.png,BI,BI_023,10,13,HIBRIDO,Barras,Identificação,CONFORMING,CONFORMING,CONFORMING,CONFORMING,PENDING_BB,DIAGNOSTIC_OK,NOT_APPLICABLE,NOT_APPLICABLE,NOT_APPLICABLE,NO_FAILURE_SO_FAR,PENDING_FINALIZATION,AUTO_FROZEN,0.998258,0.083047
BI_024_R01.png,BI,BI_024,1,14,HIBRIDO,Barras,Identificação,CONFORMING,CONFORMING,CONFORMING,CONFORMING,PENDING_BB,DIAGNOSTIC_OK,NOT_APPLICABLE,NOT_APPLICABLE,NOT_APPLICABLE,NO_FAILURE_SO_FAR,PENDING_FINALIZATION,AUTO_FROZEN,0.915884,0.105027
BI_024_R02.png,BI,BI_024,2,14,HIBRIDO,Barras,Identificação,CONFORMING,CONFORMING,CONFORMING,CONFORMING,PENDING_BB,DIAGNOSTIC_OK,NOT_APPLICABLE,NOT_APPLICABLE,NOT_APPLICABLE,NO_FAILURE_SO_FAR,PENDING_FINALIZATION,AUTO_FROZEN,0.886986,0.09893
BI_024_R03.png,BI,BI_024,3,14,HIBRIDO,Barras,Identificação,CONFORMING,CONFORMING,CONFORMING,CONFORMING,PENDING_BB,DIAGNOSTIC_OK,NOT_APPLICABLE,NOT_APPLICABLE,NOT_APPLICABLE,NO_FAILURE_SO_FAR,PENDING_FINALIZATION,AUTO_FROZEN,0.886986,0.09893
BI_024_R04.png,BI,BI_024,4,14,HIBRIDO,Barras,Identificação,CONFORMING,CONFORMING,CONFORMING,CONFORMING,PENDING_BB,DIAGNOSTIC_OK,NOT_APPLICABLE,NOT_APPLICABLE,NOT_APPLICABLE,NO_FAILURE_SO_FAR,PENDING_FINALIZATION,AUTO_FROZEN,0.886986,0.09893
BI_024_R05.png,BI,BI_024,5,14,HIBRIDO,Barras,Identificação,CONFORMING,CONFORMING,CONFORMING,CONFORMING,PENDING_BB,DIAGNOSTIC_OK,NOT_APPLICABLE,NOT_APPLICABLE,NOT_APPLICABLE,NO_FAILURE_SO_FAR,PENDING_FINALIZATION,AUTO_FROZEN,0.886986,0.09893
BI_024_R06.png,BI,BI_024,6,14,HIBRIDO,Barras,Identificação,CONFORMING,CONFORMING,CONFORMING,CONFORMING,PENDING_BB,DIAGNOSTIC_OK,NOT_APPLICABLE,NOT_APPLICABLE,NOT_APPLICABLE,NO_FAILURE_SO_FAR,PENDING_FINALIZATION,AUTO_FROZEN,0.886986,0.09893
BI_024_R07.png,BI,BI_024,7,14,HIBRIDO,Barras,Identificação,CONFORMING,CONFORMING,CONFORMING,CONFORMING,PENDING_BB,DIAGNOSTIC_OK,NOT_APPLICABLE,NOT_APPLICABLE,NOT_APPLICABLE,NO_FAILURE_SO_FAR,PENDING_FINALIZATION,AUTO_FROZEN,0.886986,0.09893
BI_024_R08.png,BI,BI_024,8,14,HIBRIDO,Barras,Identificação,CONFORMING,CONFORMING,CONFORMING,CONFORMING,PENDING_BB,DIAGNOSTIC_OK,NOT_APPLICABLE,NOT_APPLICABLE,NOT_APPLICABLE,NO_FAILURE_SO_FAR,PENDING_FINALIZATION,AUTO_FROZEN,0.886986,0.09893
BI_024_R09.png,BI,BI_024,9,14,HIBRIDO,Barras,Identificação,CONFORMING,CONFORMING,CONFORMING,CONFORMING,PENDING_BB,DIAGNOSTIC_OK,NOT_APPLICABLE,NOT_APPLICABLE,NOT_APPLICABLE,NO_FAILURE_SO_FAR,PENDING_FINALIZATION,AUTO_FROZEN,0.886986,0.09893
BI_024_R10.png,BI,BI_024,10,14,HIBRIDO,Barras,Identificação,CONFORMING,CONFORMING,CONFORMING,CONFORMING,PENDING_BB,DIAGNOSTIC_OK,NOT_APPLICABLE,NOT_APPLICABLE,NOT_APPLICABLE,NO_FAILURE_SO_FAR,PENDING_FINALIZATION,AUTO_FROZEN,0.886986,0.09893
BI_025_R01.png,BI,BI_025,1,15,HIBRIDO,Barras,Identificação,CONFORMING,CONFORMING,CONFORMING,CONFORMING,PENDING_BB,DIAGNOSTIC_OK,CONFORMING,NOT_APPLICABLE,NOT_APPLICABLE,NO_FAILURE_SO_FAR,PENDING_FINALIZATION,AUTO_FROZEN,0.824346,0.108391
BI_025_R02.png,BI,BI_025,2,15,HIBRIDO,Barras,Identificação,CONFORMING,CONFORMING,NONCONFORMING,CONFORMING,PENDING_BB,DIAGNOSTIC_OK,UNEVALUABLE,NOT_APPLICABLE,NOT_APPLICABLE,NONCONFORMING,NONCONFORMING,AUTO_FROZEN,0.955338,0.068124
BI_025_R03.png,BI,BI_025,3,15,HIBRIDO,Barras,Identificação,CONFORMING,CONFORMING,NONCONFORMING,CONFORMING,PENDING_BB,DIAGNOSTIC_OK,UNEVALUABLE,NOT_APPLICABLE,NOT_APPLICABLE,NONCONFORMING,NONCONFORMING,AUTO_FROZEN,0.955338,0.068124
BI_025_R04.png,BI,BI_025,4,15,HIBRIDO,Barras,Identificação,CONFORMING,CONFORMING,NONCONFORMING,CONFORMING,PENDING_BB,DIAGNOSTIC_OK,UNEVALUABLE,NOT_APPLICABLE,NOT_APPLICABLE,NONCONFORMING,NONCONFORMING,AUTO_FROZEN,0.955338,0.068124
BI_025_R05.png,BI,BI_025,5,15,HIBRIDO,Barras,Identificação,CONFORMING,CONFORMING,CONFORMING,CONFORMING,PENDING_BB,DIAGNOSTIC_OK,CONFORMING,NOT_APPLICABLE,NOT_APPLICABLE,NO_FAILURE_SO_FAR,PENDING_FINALIZATION,AUTO_FROZEN,0.827158,0.106019
BI_025_R06.png,BI,BI_025,6,15,HIBRIDO,Barras,Identificação,CONFORMING,CONFORMING,CONFORMING,CONFORMING,PENDING_BB,DIAGNOSTIC_OK,CONFORMING,NOT_APPLICABLE,NOT_APPLICABLE,NO_FAILURE_SO_FAR,PENDING_FINALIZATION,AUTO_FROZEN,0.827158,0.097875
BI_025_R07.png,BI,BI_025,7,15,HIBRIDO,Barras,Identificação,CONFORMING,CONFORMING,CONFORMING,CONFORMING,PENDING_BB,DIAGNOSTIC_OK,CONFORMING,NOT_APPLICABLE,NOT_APPLICABLE,NO_FAILURE_SO_FAR,PENDING_FINALIZATION,AUTO_FROZEN,0.827158,0.090878
BI_025_R08.png,BI,BI_025,8,15,HIBRIDO,Barras,Identificação,CONFORMING,CONFORMING,CONFORMING,CONFORMING,PENDING_BB,DIAGNOSTIC_OK,CONFORMING,NOT_APPLICABLE,NOT_APPLICABLE,NO_FAILURE_SO_FAR,PENDING_FINALIZATION,AUTO_FROZEN,0.827158,0.106019
BI_025_R09.png,BI,BI_025,9,15,HIBRIDO,Barras,Identificação,CONFORMING,CONFORMING,CONFORMING,CONFORMING,PENDING_BB,DIAGNOSTIC_OK,CONFORMING,NOT_APPLICABLE,NOT_APPLICABLE,NO_FAILURE_SO_FAR,PENDING_FINALIZATION,AUTO_FROZEN,0.827158,0.097875
BI_025_R10.png,BI,BI_025,10,15,HIBRIDO,Barras,Identificação,CONFORMING,CONFORMING,CONFORMING,CONFORMING,PENDING_BB,DIAGNOSTIC_OK,CONFORMING,NOT_APPLICABLE,NOT_APPLICABLE,NO_FAILURE_SO_FAR,PENDING_FINALIZATION,AUTO_FROZEN,0.827158,0.090878
BI_026_R01.png,BI,BI_026,1,16,HIBRIDO,Barras,Identificação,CONFORMING,CONFORMING,CONFORMING,CONFORMING,PENDING_BB,DIAGNOSTIC_OK,NOT_APPLICABLE,NOT_APPLICABLE,NOT_APPLICABLE,NO_FAILURE_SO_FAR,PENDING_FINALIZATION,AUTO_FROZEN,0.998318,0.085528
BI_026_R02.png,BI,BI_026,2,16,HIBRIDO,Barras,Identificação,CONFORMING,CONFORMING,CONFORMING,CONFORMING,PENDING_BB,DIAGNOSTIC_OK,NOT_APPLICABLE,NOT_APPLICABLE,NOT_APPLICABLE,NO_FAILURE_SO_FAR,PENDING_FINALIZATION,AUTO_FROZEN,0.92494,0.080625
BI_026_R03.png,BI,BI_026,3,16,HIBRIDO,Barras,Identificação,CONFORMING,CONFORMING,CONFORMING,CONFORMING,PENDING_BB,DIAGNOSTIC_OK,NOT_APPLICABLE,NOT_APPLICABLE,NOT_APPLICABLE,NO_FAILURE_SO_FAR,PENDING_FINALIZATION,AUTO_FROZEN,0.906436,0.083125
BI_026_R04.png,BI,BI_026,4,16,HIBRIDO,Barras,Identificação,CONFORMING,CONFORMING,CONFORMING,CONFORMING,PENDING_BB,DIAGNOSTIC_OK,NOT_APPLICABLE,NOT_APPLICABLE,NOT_APPLICABLE,NO_FAILURE_SO_FAR,PENDING_FINALIZATION,AUTO_FROZEN,0.946641,0.069375
BI_026_R05.png,BI,BI_026,5,16,HIBRIDO,Barras,Identificação,CONFORMING,CONFORMING,CONFORMING,CONFORMING,PENDING_BB,DIAGNOSTIC_OK,NOT_APPLICABLE,NOT_APPLICABLE,NOT_APPLICABLE,NO_FAILURE_SO_FAR,PENDING_FINALIZATION,AUTO_FROZEN,0.92494,0.080625
BI_026_R06.png,BI,BI_026,6,16,HIBRIDO,Barras,Identificação,CONFORMING,CONFORMING,NONCONFORMING,CONFORMING,PENDING_BB,DIAGNOSTIC_OK,NOT_APPLICABLE,NOT_APPLICABLE,NOT_APPLICABLE,NONCONFORMING,NONCONFORMING,AUTO_FROZEN,0.92494,0.080625
BI_026_R07.png,BI,BI_026,7,16,HIBRIDO,Barras,Identificação,CONFORMING,CONFORMING,CONFORMING,CONFORMING,PENDING_BB,DIAGNOSTIC_OK,NOT_APPLICABLE,NOT_APPLICABLE,NOT_APPLICABLE,NO_FAILURE_SO_FAR,PENDING_FINALIZATION,AUTO_FROZEN,0.907464,0.082604
BI_026_R08.png,BI,BI_026,8,16,HIBRIDO,Barras,Identificação,CONFORMING,CONFORMING,CONFORMING,CONFORMING,PENDING_BB,DIAGNOSTIC_OK,NOT_APPLICABLE,NOT_APPLICABLE,NOT_APPLICABLE,NO_FAILURE_SO_FAR,PENDING_FINALIZATION,AUTO_FROZEN,0.922396,0.075833
BI_026_R09.png,BI,BI_026,9,16,HIBRIDO,Barras,Identificação,CONFORMING,CONFORMING,NONCONFORMING,CONFORMING,PENDING_BB,DIAGNOSTIC_OK,NOT_APPLICABLE,NOT_APPLICABLE,NOT_APPLICABLE,NONCONFORMING,NONCONFORMING,AUTO_FROZEN,0.931074,0.077083
BI_026_R10.png,BI,BI_026,10,16,HIBRIDO,Barras,Identificação,CONFORMING,CONFORMING,CONFORMING,CONFORMING,PENDING_BB,DIAGNOSTIC_OK,NOT_APPLICABLE,NOT_APPLICABLE,NOT_APPLICABLE,NO_FAILURE_SO_FAR,PENDING_FINALIZATION,AUTO_FROZEN,0.92494,0.080625
BI_027_R01.png,BI,BI_027,1,1,VQL,Barras,Identificação,CONFORMING,CONFORMING,CONFORMING,CONFORMING,PENDING_BB,DIAGNOSTIC_OK,CONFORMING,NOT_APPLICABLE,NOT_APPLICABLE,NO_FAILURE_SO_FAR,PENDING_FINALIZATION,AUTO_FROZEN,0.998316,0.09545
BI_027_R02.png,BI,BI_027,2,1,VQL,Barras,Identificação,CONFORMING,CONFORMING,CONFORMING,CONFORMING,PENDING_BB,DIAGNOSTIC_OK,CONFORMING,NOT_APPLICABLE,NOT_APPLICABLE,NO_FAILURE_SO_FAR,PENDING_FINALIZATION,AUTO_FROZEN,0.998952,0.001875
BI_027_R03.png,BI,BI_027,3,1,VQL,Barras,Identificação,CONFORMING,CONFORMING,CONFORMING,CONFORMING,PENDING_BB,DIAGNOSTIC_OK,CONFORMING,NOT_APPLICABLE,NOT_APPLICABLE,NO_FAILURE_SO_FAR,PENDING_FINALIZATION,AUTO_FROZEN,0.998952,0.001875
BI_027_R04.png,BI,BI_027,4,1,VQL,Barras,Identificação,CONFORMING,CONFORMING,CONFORMING,CONFORMING,PENDING_BB,DIAGNOSTIC_OK,CONFORMING,NOT_APPLICABLE,NOT_APPLICABLE,NO_FAILURE_SO_FAR,PENDING_FINALIZATION,AUTO_FROZEN,0.998952,0.001875
BI_027_R05.png,BI,BI_027,5,1,VQL,Barras,Identificação,CONFORMING,CONFORMING,CONFORMING,CONFORMING,PENDING_BB,DIAGNOSTIC_OK,CONFORMING,NOT_APPLICABLE,NOT_APPLICABLE,NO_FAILURE_SO_FAR,PENDING_FINALIZATION,AUTO_FROZEN,0.998952,0.001875
BI_027_R06.png,BI,BI_027,6,1,VQL,Barras,Identificação,CONFORMING,CONFORMING,CONFORMING,CONFORMING,PENDING_BB,DIAGNOSTIC_OK,CONFORMING,NOT_APPLICABLE,NOT_APPLICABLE,NO_FAILURE_SO_FAR,PENDING_FINALIZATION,AUTO_FROZEN,0.998952,0.001875
BI_027_R07.png,BI,BI_027,7,1,VQL,Barras,Identificação,CONFORMING,CONFORMING,CONFORMING,CONFORMING,PENDING_BB,DIAGNOSTIC_OK,CONFORMING,NOT_APPLICABLE,NOT_APPLICABLE,NO_FAILURE_SO_FAR,PENDING_FINALIZATION,AUTO_FROZEN,0.998952,0.001875
BI_027_R08.png,BI,BI_027,8,1,VQL,Barras,Identificação,CONFORMING,CONFORMING,CONFORMING,CONFORMING,PENDING_BB,DIAGNOSTIC_OK,CONFORMING,NOT_APPLICABLE,NOT_APPLICABLE,NO_FAILURE_SO_FAR,PENDING_FINALIZATION,AUTO_FROZEN,0.998952,0.001875
BI_027_R09.png,BI,BI_027,9,1,VQL,Barras,Identificação,CONFORMING,CONFORMING,CONFORMING,CONFORMING,PENDING_BB,DIAGNOSTIC_OK,CONFORMING,NOT_APPLICABLE,NOT_APPLICABLE,NO_FAILURE_SO_FAR,PENDING_FINALIZATION,AUTO_FROZEN,0.998952,0.001875
BI_027_R10.png,BI,BI_027,10,1,VQL,Barras,Identificação,CONFORMING,CONFORMING,CONFORMING,CONFORMING,PENDING_BB,DIAGNOSTIC_OK,CONFORMING,NOT_APPLICABLE,NOT_APPLICABLE,NO_FAILURE_SO_FAR,PENDING_FINALIZATION,AUTO_FROZEN,0.998952,0.001875
BI_028_R01.png,BI,BI_028,1,4,VQL,Barras,Identificação,CONFORMING,CONFORMING,CONFORMING,CONFORMING,PENDING_BB,DIAGNOSTIC_OK,CONFORMING,NOT_APPLICABLE,NOT_APPLICABLE,NO_FAILURE_SO_FAR,PENDING_FINALIZATION,AUTO_FROZEN,0.998214,0.058278
BI_028_R02.png,BI,BI_028,2,4,VQL,Barras,Identificação,NONCONFORMING,CONFORMING,NONCONFORMING,CONFORMING,PENDING_BB,DIAGNOSTIC_OK,CONFORMING,NOT_APPLICABLE,NOT_APPLICABLE,NONCONFORMING,NONCONFORMING,AUTO_FROZEN,0.984644,0.001875
BI_028_R03.png,BI,BI_028,3,4,VQL,Barras,Identificação,CONFORMING,CONFORMING,CONFORMING,CONFORMING,PENDING_BB,DIAGNOSTIC_OK,NONCONFORMING,NOT_APPLICABLE,NOT_APPLICABLE,NONCONFORMING,NONCONFORMING,AUTO_FROZEN,0.998758,0.038542
BI_028_R04.png,BI,BI_028,4,4,VQL,Barras,Identificação,NONCONFORMING,CONFORMING,NONCONFORMING,CONFORMING,PENDING_BB,DIAGNOSTIC_OK,CONFORMING,NOT_APPLICABLE,NOT_APPLICABLE,NONCONFORMING,NONCONFORMING,AUTO_FROZEN,0.984644,0.001875
BI_028_R05.png,BI,BI_028,5,4,VQL,Barras,Identificação,CONFORMING,CONFORMING,CONFORMING,CONFORMING,PENDING_BB,DIAGNOSTIC_OK,NONCONFORMING,NOT_APPLICABLE,NOT_APPLICABLE,NONCONFORMING,NONCONFORMING,AUTO_FROZEN,0.998758,0.038542
BI_028_R06.png,BI,BI_028,6,4,VQL,Barras,Identificação,NONCONFORMING,CONFORMING,NONCONFORMING,CONFORMING,PENDING_BB,DIAGNOSTIC_OK,CONFORMING,NOT_APPLICABLE,NOT_APPLICABLE,NONCONFORMING,NONCONFORMING,AUTO_FROZEN,0.984644,0.001875
BI_028_R07.png,BI,BI_028,7,4,VQL,Barras,Identificação,NONCONFORMING,CONFORMING,NONCONFORMING,CONFORMING,PENDING_BB,DIAGNOSTIC_OK,CONFORMING,NOT_APPLICABLE,NOT_APPLICABLE,NONCONFORMING,NONCONFORMING,AUTO_FROZEN,0.984644,0.001875
BI_028_R08.png,BI,BI_028,8,4,VQL,Barras,Identificação,CONFORMING,CONFORMING,NONCONFORMING,CONFORMING,PENDING_BB,DIAGNOSTIC_OK,CONFORMING,NOT_APPLICABLE,NOT_APPLICABLE,NONCONFORMING,NONCONFORMING,AUTO_FROZEN,0.909785,0.052708
BI_028_R09.png,BI,BI_028,9,4,VQL,Barras,Identificação,CONFORMING,CONFORMING,CONFORMING,CONFORMING,PENDING_BB,DIAGNOSTIC_OK,NONCONFORMING,NOT_APPLICABLE,NOT_APPLICABLE,NONCONFORMING,NONCONFORMING,AUTO_FROZEN,0.998758,0.038542
BI_028_R10.png,BI,BI_028,10,4,VQL,Barras,Identificação,CONFORMING,CONFORMING,NONCONFORMING,CONFORMING,PENDING_BB,DIAGNOSTIC_OK,CONFORMING,NOT_APPLICABLE,NOT_APPLICABLE,NONCONFORMING,NONCONFORMING,AUTO_FROZEN,0.909785,0.052708
BI_029_R01.png,BI,BI_029,1,6,VQL,Barras,Identificação,CONFORMING,CONFORMING,CONFORMING,CONFORMING,PENDING_BB,DIAGNOSTIC_OK,NOT_APPLICABLE,NOT_APPLICABLE,NOT_APPLICABLE,NO_FAILURE_SO_FAR,PENDING_FINALIZATION,AUTO_FROZEN,0.814935,0.093381
BI_029_R02.png,BI,BI_029,2,6,VQL,Barras,Identificação,CONFORMING,CONFORMING,CONFORMING,CONFORMING,PENDING_BB,DIAGNOSTIC_OK,NOT_APPLICABLE,NOT_APPLICABLE,NOT_APPLICABLE,NO_FAILURE_SO_FAR,PENDING_FINALIZATION,AUTO_FROZEN,0.86376,0.052708
BI_029_R03.png,BI,BI_029,3,6,VQL,Barras,Identificação,CONFORMING,CONFORMING,CONFORMING,CONFORMING,PENDING_BB,DIAGNOSTIC_OK,NOT_APPLICABLE,NOT_APPLICABLE,NOT_APPLICABLE,NO_FAILURE_SO_FAR,PENDING_FINALIZATION,AUTO_FROZEN,0.86376,0.052708
BI_029_R04.png,BI,BI_029,4,6,VQL,Barras,Identificação,CONFORMING,CONFORMING,CONFORMING,CONFORMING,PENDING_BB,DIAGNOSTIC_OK,NOT_APPLICABLE,NOT_APPLICABLE,NOT_APPLICABLE,NO_FAILURE_SO_FAR,PENDING_FINALIZATION,AUTO_FROZEN,0.86376,0.052708
BI_029_R05.png,BI,BI_029,5,6,VQL,Barras,Identificação,CONFORMING,CONFORMING,CONFORMING,CONFORMING,PENDING_BB,DIAGNOSTIC_OK,NOT_APPLICABLE,NOT_APPLICABLE,NOT_APPLICABLE,NO_FAILURE_SO_FAR,PENDING_FINALIZATION,AUTO_FROZEN,0.86376,0.052708
BI_029_R06.png,BI,BI_029,6,6,VQL,Barras,Identificação,CONFORMING,CONFORMING,CONFORMING,CONFORMING,PENDING_BB,DIAGNOSTIC_OK,NOT_APPLICABLE,NOT_APPLICABLE,NOT_APPLICABLE,NO_FAILURE_SO_FAR,PENDING_FINALIZATION,AUTO_FROZEN,0.86376,0.052708
BI_029_R07.png,BI,BI_029,7,6,VQL,Barras,Identificação,CONFORMING,CONFORMING,CONFORMING,CONFORMING,PENDING_BB,DIAGNOSTIC_OK,NOT_APPLICABLE,NOT_APPLICABLE,NOT_APPLICABLE,NO_FAILURE_SO_FAR,PENDING_FINALIZATION,AUTO_FROZEN,0.86376,0.052708
BI_029_R08.png,BI,BI_029,8,6,VQL,Barras,Identificação,CONFORMING,CONFORMING,CONFORMING,CONFORMING,PENDING_BB,DIAGNOSTIC_OK,NOT_APPLICABLE,NOT_APPLICABLE,NOT_APPLICABLE,NO_FAILURE_SO_FAR,PENDING_FINALIZATION,AUTO_FROZEN,0.86376,0.052708
BI_029_R09.png,BI,BI_029,9,6,VQL,Barras,Identificação,CONFORMING,CONFORMING,CONFORMING,CONFORMING,PENDING_BB,DIAGNOSTIC_OK,NOT_APPLICABLE,NOT_APPLICABLE,NOT_APPLICABLE,NO_FAILURE_SO_FAR,PENDING_FINALIZATION,AUTO_FROZEN,0.86376,0.052708
BI_029_R10.png,BI,BI_029,10,6,VQL,Barras,Identificação,CONFORMING,CONFORMING,CONFORMING,CONFORMING,PENDING_BB,DIAGNOSTIC_OK,NOT_APPLICABLE,NOT_APPLICABLE,NOT_APPLICABLE,NO_FAILURE_SO_FAR,PENDING_FINALIZATION,AUTO_FROZEN,0.86376,0.052708
BI_030_R01.png,BI,BI_030,1,7,VQL,Barras,Identificação,CONFORMING,NONCONFORMING,NONCONFORMING,CONFORMING,PENDING_BB,DIAGNOSTIC_OK,NOT_APPLICABLE,NOT_APPLICABLE,NOT_APPLICABLE,NONCONFORMING,NONCONFORMING,AUTO_FROZEN,0.713473,0.084017
BI_030_R02.png,BI,BI_030,2,7,VQL,Barras,Identificação,CONFORMING,CONFORMING,CONFORMING,CONFORMING,PENDING_BB,DIAGNOSTIC_OK,NOT_APPLICABLE,NOT_APPLICABLE,NOT_APPLICABLE,NO_FAILURE_SO_FAR,PENDING_FINALIZATION,AUTO_FROZEN,0.923366,0.113804
BI_030_R03.png,BI,BI_030,3,7,VQL,Barras,Identificação,CONFORMING,CONFORMING,CONFORMING,CONFORMING,PENDING_BB,DIAGNOSTIC_OK,NOT_APPLICABLE,NOT_APPLICABLE,NOT_APPLICABLE,NO_FAILURE_SO_FAR,PENDING_FINALIZATION,AUTO_FROZEN,0.819926,0.10858
BI_030_R04.png,BI,BI_030,4,7,VQL,Barras,Identificação,CONFORMING,CONFORMING,CONFORMING,CONFORMING,PENDING_BB,DIAGNOSTIC_OK,NOT_APPLICABLE,NOT_APPLICABLE,NOT_APPLICABLE,NO_FAILURE_SO_FAR,PENDING_FINALIZATION,AUTO_FROZEN,0.819926,0.10858
BI_030_R05.png,BI,BI_030,5,7,VQL,Barras,Identificação,CONFORMING,CONFORMING,CONFORMING,CONFORMING,PENDING_BB,DIAGNOSTIC_OK,NOT_APPLICABLE,NOT_APPLICABLE,NOT_APPLICABLE,NO_FAILURE_SO_FAR,PENDING_FINALIZATION,AUTO_FROZEN,0.923366,0.113804
BI_030_R06.png,BI,BI_030,6,7,VQL,Barras,Identificação,CONFORMING,CONFORMING,CONFORMING,CONFORMING,PENDING_BB,DIAGNOSTIC_OK,NOT_APPLICABLE,NOT_APPLICABLE,NOT_APPLICABLE,NO_FAILURE_SO_FAR,PENDING_FINALIZATION,AUTO_FROZEN,0.923366,0.113804
BI_030_R07.png,BI,BI_030,7,7,VQL,Barras,Identificação,CONFORMING,CONFORMING,NONCONFORMING,CONFORMING,PENDING_BB,DIAGNOSTIC_OK,NOT_APPLICABLE,NOT_APPLICABLE,NOT_APPLICABLE,NONCONFORMING,NONCONFORMING,AUTO_FROZEN,0.79818,0.081592
BI_030_R08.png,BI,BI_030,8,7,VQL,Barras,Identificação,CONFORMING,CONFORMING,NONCONFORMING,CONFORMING,PENDING_BB,DIAGNOSTIC_OK,NOT_APPLICABLE,NOT_APPLICABLE,NOT_APPLICABLE,NONCONFORMING,NONCONFORMING,AUTO_FROZEN,0.798621,0.081592
BI_030_R09.png,BI,BI_030,9,7,VQL,Barras,Identificação,CONFORMING,CONFORMING,NONCONFORMING,CONFORMING,PENDING_BB,DIAGNOSTIC_OK,NOT_APPLICABLE,NOT_APPLICABLE,NOT_APPLICABLE,NONCONFORMING,NONCONFORMING,AUTO_FROZEN,0.924763,0.072405
BI_030_R10.png,BI,BI_030,10,7,VQL,Barras,Identificação,CONFORMING,CONFORMING,NONCONFORMING,CONFORMING,PENDING_BB,DIAGNOSTIC_OK,NOT_APPLICABLE,NOT_APPLICABLE,NOT_APPLICABLE,NONCONFORMING,NONCONFORMING,AUTO_FROZEN,0.925163,0.072405
BI_031_R01.png,BI,BI_031,1,8,VQL,Barras,Identificação,CONFORMING,CONFORMING,CONFORMING,CONFORMING,PENDING_BB,DIAGNOSTIC_OK,NOT_APPLICABLE,NOT_APPLICABLE,NOT_APPLICABLE,NO_FAILURE_SO_FAR,PENDING_FINALIZATION,AUTO_FROZEN,0.978464,0.065623
BI_031_R02.png,BI,BI_031,2,8,VQL,Barras,Identificação,CONFORMING,CONFORMING,CONFORMING,CONFORMING,PENDING_BB,DIAGNOSTIC_OK,NOT_APPLICABLE,NOT_APPLICABLE,NOT_APPLICABLE,NO_FAILURE_SO_FAR,PENDING_FINALIZATION,AUTO_FROZEN,0.949948,0.129525
BI_031_R03.png,BI,BI_031,3,8,VQL,Barras,Identificação,CONFORMING,CONFORMING,CONFORMING,CONFORMING,PENDING_BB,DIAGNOSTIC_OK,NOT_APPLICABLE,NOT_APPLICABLE,NOT_APPLICABLE,NO_FAILURE_SO_FAR,PENDING_FINALIZATION,AUTO_FROZEN,0.949948,0.129525
BI_031_R04.png,BI,BI_031,4,8,VQL,Barras,Identificação,CONFORMING,CONFORMING,CONFORMING,CONFORMING,PENDING_BB,DIAGNOSTIC_OK,NOT_APPLICABLE,NOT_APPLICABLE,NOT_APPLICABLE,NO_FAILURE_SO_FAR,PENDING_FINALIZATION,AUTO_FROZEN,0.949948,0.129525
BI_031_R05.png,BI,BI_031,5,8,VQL,Barras,Identificação,CONFORMING,CONFORMING,CONFORMING,CONFORMING,PENDING_BB,DIAGNOSTIC_OK,NOT_APPLICABLE,NOT_APPLICABLE,NOT_APPLICABLE,NO_FAILURE_SO_FAR,PENDING_FINALIZATION,AUTO_FROZEN,0.949948,0.129525
BI_031_R06.png,BI,BI_031,6,8,VQL,Barras,Identificação,CONFORMING,CONFORMING,CONFORMING,CONFORMING,PENDING_BB,DIAGNOSTIC_OK,NOT_APPLICABLE,NOT_APPLICABLE,NOT_APPLICABLE,NO_FAILURE_SO_FAR,PENDING_FINALIZATION,AUTO_FROZEN,0.978464,0.065623
BI_031_R07.png,BI,BI_031,7,8,VQL,Barras,Identificação,CONFORMING,CONFORMING,CONFORMING,CONFORMING,PENDING_BB,DIAGNOSTIC_OK,NOT_APPLICABLE,NOT_APPLICABLE,NOT_APPLICABLE,NO_FAILURE_SO_FAR,PENDING_FINALIZATION,AUTO_FROZEN,0.978464,0.065623
BI_031_R08.png,BI,BI_031,8,8,VQL,Barras,Identificação,CONFORMING,CONFORMING,CONFORMING,CONFORMING,PENDING_BB,DIAGNOSTIC_OK,NOT_APPLICABLE,NOT_APPLICABLE,NOT_APPLICABLE,NO_FAILURE_SO_FAR,PENDING_FINALIZATION,AUTO_FROZEN,0.978464,0.065623
BI_031_R09.png,BI,BI_031,9,8,VQL,Barras,Identificação,CONFORMING,CONFORMING,CONFORMING,CONFORMING,PENDING_BB,DIAGNOSTIC_OK,NOT_APPLICABLE,NOT_APPLICABLE,NOT_APPLICABLE,NO_FAILURE_SO_FAR,PENDING_FINALIZATION,AUTO_FROZEN,0.949948,0.129525
BI_031_R10.png,BI,BI_031,10,8,VQL,Barras,Identificação,CONFORMING,CONFORMING,CONFORMING,CONFORMING,PENDING_BB,DIAGNOSTIC_OK,NOT_APPLICABLE,NOT_APPLICABLE,NOT_APPLICABLE,NO_FAILURE_SO_FAR,PENDING_FINALIZATION,AUTO_FROZEN,0.978464,0.065623
BI_032_R01.png,BI,BI_032,1,9,VQL,Barras,Identificação,CONFORMING,CONFORMING,CONFORMING,CONFORMING,PENDING_BB,DIAGNOSTIC_OK,CONFORMING,NOT_APPLICABLE,CONFORMING,NO_FAILURE_SO_FAR,PENDING_FINALIZATION,AUTO_FROZEN,0.898139,0.045842
BI_032_R02.png,BI,BI_032,2,9,VQL,Barras,Identificação,CONFORMING,CONFORMING,CONFORMING,CONFORMING,PENDING_BB,DIAGNOSTIC_OK,CONFORMING,NOT_APPLICABLE,CONFORMING,NO_FAILURE_SO_FAR,PENDING_FINALIZATION,AUTO_FROZEN,0.979049,0.066467
BI_032_R03.png,BI,BI_032,3,9,VQL,Barras,Identificação,CONFORMING,CONFORMING,CONFORMING,CONFORMING,PENDING_BB,DIAGNOSTIC_OK,CONFORMING,NOT_APPLICABLE,CONFORMING,NO_FAILURE_SO_FAR,PENDING_FINALIZATION,AUTO_FROZEN,0.979049,0.066467
BI_032_R04.png,BI,BI_032,4,9,VQL,Barras,Identificação,CONFORMING,CONFORMING,CONFORMING,CONFORMING,PENDING_BB,DIAGNOSTIC_OK,CONFORMING,NOT_APPLICABLE,CONFORMING,NO_FAILURE_SO_FAR,PENDING_FINALIZATION,AUTO_FROZEN,0.979049,0.066467
BI_032_R05.png,BI,BI_032,5,9,VQL,Barras,Identificação,CONFORMING,CONFORMING,CONFORMING,CONFORMING,PENDING_BB,DIAGNOSTIC_OK,CONFORMING,NOT_APPLICABLE,CONFORMING,NO_FAILURE_SO_FAR,PENDING_FINALIZATION,AUTO_FROZEN,0.979049,0.066467
BI_032_R06.png,BI,BI_032,6,9,VQL,Barras,Identificação,CONFORMING,CONFORMING,CONFORMING,CONFORMING,PENDING_BB,DIAGNOSTIC_OK,CONFORMING,NOT_APPLICABLE,CONFORMING,NO_FAILURE_SO_FAR,PENDING_FINALIZATION,AUTO_FROZEN,0.979049,0.066467
BI_032_R07.png,BI,BI_032,7,9,VQL,Barras,Identificação,CONFORMING,CONFORMING,CONFORMING,CONFORMING,PENDING_BB,DIAGNOSTIC_OK,CONFORMING,NOT_APPLICABLE,CONFORMING,NO_FAILURE_SO_FAR,PENDING_FINALIZATION,AUTO_FROZEN,0.979049,0.066467
BI_032_R08.png,BI,BI_032,8,9,VQL,Barras,Identificação,CONFORMING,CONFORMING,CONFORMING,CONFORMING,PENDING_BB,DIAGNOSTIC_OK,CONFORMING,NOT_APPLICABLE,CONFORMING,NO_FAILURE_SO_FAR,PENDING_FINALIZATION,AUTO_FROZEN,0.979049,0.066467
BI_032_R09.png,BI,BI_032,9,9,VQL,Barras,Identificação,CONFORMING,CONFORMING,CONFORMING,CONFORMING,PENDING_BB,DIAGNOSTIC_OK,CONFORMING,NOT_APPLICABLE,CONFORMING,NO_FAILURE_SO_FAR,PENDING_FINALIZATION,AUTO_FROZEN,0.979049,0.066467
BI_032_R10.png,BI,BI_032,10,9,VQL,Barras,Identificação,CONFORMING,CONFORMING,CONFORMING,CONFORMING,PENDING_BB,DIAGNOSTIC_OK,CONFORMING,NOT_APPLICABLE,CONFORMING,NO_FAILURE_SO_FAR,PENDING_FINALIZATION,AUTO_FROZEN,0.979049,0.066467
BI_033_R01.png,BI,BI_033,1,10,VQL,Barras,Identificação,CONFORMING,CONFORMING,CONFORMING,CONFORMING,PENDING_BB,DIAGNOSTIC_OK,NOT_APPLICABLE,NOT_APPLICABLE,NOT_APPLICABLE,NO_FAILURE_SO_FAR,PENDING_FINALIZATION,AUTO_FROZEN,0.979049,0.066467
BI_033_R02.png,BI,BI_033,2,10,VQL,Barras,Identificação,CONFORMING,NONCONFORMING,CONFORMING,PENDING_FINAL_ADJUDICATION,PENDING_BB,DIAGNOSTIC_OK,NOT_APPLICABLE,NOT_APPLICABLE,NOT_APPLICABLE,NONCONFORMING,NONCONFORMING,REVIEW_REQUIRED,0.876894,0.128534
BI_033_R03.png,BI,BI_033,3,10,VQL,Barras,Identificação,CONFORMING,NONCONFORMING,CONFORMING,PENDING_FINAL_ADJUDICATION,PENDING_BB,DIAGNOSTIC_OK,NOT_APPLICABLE,NOT_APPLICABLE,NOT_APPLICABLE,NONCONFORMING,NONCONFORMING,REVIEW_REQUIRED,0.876894,0.128534
BI_033_R04.png,BI,BI_033,4,10,VQL,Barras,Identificação,CONFORMING,NONCONFORMING,CONFORMING,PENDING_FINAL_ADJUDICATION,PENDING_BB,DIAGNOSTIC_OK,NOT_APPLICABLE,NOT_APPLICABLE,NOT_APPLICABLE,NONCONFORMING,NONCONFORMING,REVIEW_REQUIRED,0.876894,0.128534
BI_033_R05.png,BI,BI_033,5,10,VQL,Barras,Identificação,CONFORMING,NONCONFORMING,CONFORMING,PENDING_FINAL_ADJUDICATION,PENDING_BB,DIAGNOSTIC_OK,NOT_APPLICABLE,NOT_APPLICABLE,NOT_APPLICABLE,NONCONFORMING,NONCONFORMING,REVIEW_REQUIRED,0.876894,0.128534
BI_033_R06.png,BI,BI_033,6,10,VQL,Barras,Identificação,CONFORMING,NONCONFORMING,CONFORMING,PENDING_FINAL_ADJUDICATION,PENDING_BB,DIAGNOSTIC_OK,NOT_APPLICABLE,NOT_APPLICABLE,NOT_APPLICABLE,NONCONFORMING,NONCONFORMING,REVIEW_REQUIRED,0.876894,0.128534
BI_033_R07.png,BI,BI_033,7,10,VQL,Barras,Identificação,CONFORMING,NONCONFORMING,CONFORMING,PENDING_FINAL_ADJUDICATION,PENDING_BB,DIAGNOSTIC_OK,NOT_APPLICABLE,NOT_APPLICABLE,NOT_APPLICABLE,NONCONFORMING,NONCONFORMING,REVIEW_REQUIRED,0.876894,0.128534
BI_033_R08.png,BI,BI_033,8,10,VQL,Barras,Identificação,CONFORMING,NONCONFORMING,CONFORMING,PENDING_FINAL_ADJUDICATION,PENDING_BB,DIAGNOSTIC_OK,NOT_APPLICABLE,NOT_APPLICABLE,NOT_APPLICABLE,NONCONFORMING,NONCONFORMING,REVIEW_REQUIRED,0.876894,0.128534
BI_033_R09.png,BI,BI_033,9,10,VQL,Barras,Identificação,CONFORMING,NONCONFORMING,CONFORMING,PENDING_FINAL_ADJUDICATION,PENDING_BB,DIAGNOSTIC_OK,NOT_APPLICABLE,NOT_APPLICABLE,NOT_APPLICABLE,NONCONFORMING,NONCONFORMING,REVIEW_REQUIRED,0.876894,0.128534
BI_033_R10.png,BI,BI_033,10,10,VQL,Barras,Identificação,CONFORMING,NONCONFORMING,CONFORMING,PENDING_FINAL_ADJUDICATION,PENDING_BB,DIAGNOSTIC_OK,NOT_APPLICABLE,NOT_APPLICABLE,NOT_APPLICABLE,NONCONFORMING,NONCONFORMING,REVIEW_REQUIRED,0.876894,0.128534
BI_034_R01.png,BI,BI_034,1,11,VQL,Barras,Identificação,CONFORMING,CONFORMING,CONFORMING,CONFORMING,PENDING_BB,DIAGNOSTIC_OK,CONFORMING,NOT_APPLICABLE,NOT_APPLICABLE,NO_FAILURE_SO_FAR,PENDING_FINALIZATION,AUTO_FROZEN,0.998333,0.038125
BI_034_R02.png,BI,BI_034,2,11,VQL,Barras,Identificação,CONFORMING,CONFORMING,CONFORMING,CONFORMING,PENDING_BB,DIAGNOSTIC_OK,CONFORMING,NOT_APPLICABLE,NOT_APPLICABLE,NO_FAILURE_SO_FAR,PENDING_FINALIZATION,AUTO_FROZEN,0.998533,0.073921
BI_034_R03.png,BI,BI_034,3,11,VQL,Barras,Identificação,CONFORMING,CONFORMING,CONFORMING,CONFORMING,PENDING_BB,DIAGNOSTIC_OK,CONFORMING,NOT_APPLICABLE,NOT_APPLICABLE,NO_FAILURE_SO_FAR,PENDING_FINALIZATION,AUTO_FROZEN,0.998533,0.073921
BI_034_R04.png,BI,BI_034,4,11,VQL,Barras,Identificação,CONFORMING,CONFORMING,CONFORMING,CONFORMING,PENDING_BB,DIAGNOSTIC_OK,CONFORMING,NOT_APPLICABLE,NOT_APPLICABLE,NO_FAILURE_SO_FAR,PENDING_FINALIZATION,AUTO_FROZEN,0.998533,0.073921
BI_034_R05.png,BI,BI_034,5,11,VQL,Barras,Identificação,CONFORMING,CONFORMING,CONFORMING,CONFORMING,PENDING_BB,DIAGNOSTIC_OK,CONFORMING,NOT_APPLICABLE,NOT_APPLICABLE,NO_FAILURE_SO_FAR,PENDING_FINALIZATION,AUTO_FROZEN,0.998533,0.073921
BI_034_R06.png,BI,BI_034,6,11,VQL,Barras,Identificação,CONFORMING,CONFORMING,CONFORMING,CONFORMING,PENDING_BB,DIAGNOSTIC_OK,CONFORMING,NOT_APPLICABLE,NOT_APPLICABLE,NO_FAILURE_SO_FAR,PENDING_FINALIZATION,AUTO_FROZEN,0.998533,0.073921
BI_034_R07.png,BI,BI_034,7,11,VQL,Barras,Identificação,CONFORMING,CONFORMING,CONFORMING,CONFORMING,PENDING_BB,DIAGNOSTIC_OK,CONFORMING,NOT_APPLICABLE,NOT_APPLICABLE,NO_FAILURE_SO_FAR,PENDING_FINALIZATION,AUTO_FROZEN,0.998533,0.073921
BI_034_R08.png,BI,BI_034,8,11,VQL,Barras,Identificação,CONFORMING,CONFORMING,CONFORMING,CONFORMING,PENDING_BB,DIAGNOSTIC_OK,CONFORMING,NOT_APPLICABLE,NOT_APPLICABLE,NO_FAILURE_SO_FAR,PENDING_FINALIZATION,AUTO_FROZEN,0.998533,0.073921
BI_034_R09.png,BI,BI_034,9,11,VQL,Barras,Identificação,CONFORMING,CONFORMING,CONFORMING,CONFORMING,PENDING_BB,DIAGNOSTIC_OK,CONFORMING,NOT_APPLICABLE,NOT_APPLICABLE,NO_FAILURE_SO_FAR,PENDING_FINALIZATION,AUTO_FROZEN,0.998533,0.073921
BI_034_R10.png,BI,BI_034,10,11,VQL,Barras,Identificação,CONFORMING,CONFORMING,CONFORMING,CONFORMING,PENDING_BB,DIAGNOSTIC_OK,CONFORMING,NOT_APPLICABLE,NOT_APPLICABLE,NO_FAILURE_SO_FAR,PENDING_FINALIZATION,AUTO_FROZEN,0.998533,0.073921
BI_035_R01.png,BI,BI_035,1,12,VQL,Barras,Identificação,CONFORMING,CONFORMING,CONFORMING,CONFORMING,PENDING_BB,DIAGNOSTIC_OK,NOT_APPLICABLE,NOT_APPLICABLE,NOT_APPLICABLE,NO_FAILURE_SO_FAR,PENDING_FINALIZATION,AUTO_FROZEN,0.998316,0.081982
BI_035_R02.png,BI,BI_035,2,12,VQL,Barras,Identificação,CONFORMING,CONFORMING,CONFORMING,CONFORMING,PENDING_BB,DIAGNOSTIC_OK,NOT_APPLICABLE,NOT_APPLICABLE,NOT_APPLICABLE,NO_FAILURE_SO_FAR,PENDING_FINALIZATION,AUTO_FROZEN,0.998557,0.053725
BI_035_R03.png,BI,BI_035,3,12,VQL,Barras,Identificação,CONFORMING,CONFORMING,CONFORMING,CONFORMING,PENDING_BB,DIAGNOSTIC_OK,NOT_APPLICABLE,NOT_APPLICABLE,NOT_APPLICABLE,NO_FAILURE_SO_FAR,PENDING_FINALIZATION,AUTO_FROZEN,0.998557,0.053725
BI_035_R04.png,BI,BI_035,4,12,VQL,Barras,Identificação,CONFORMING,CONFORMING,CONFORMING,CONFORMING,PENDING_BB,DIAGNOSTIC_OK,NOT_APPLICABLE,NOT_APPLICABLE,NOT_APPLICABLE,NO_FAILURE_SO_FAR,PENDING_FINALIZATION,AUTO_FROZEN,0.998557,0.053725
BI_035_R05.png,BI,BI_035,5,12,VQL,Barras,Identificação,CONFORMING,CONFORMING,CONFORMING,CONFORMING,PENDING_BB,DIAGNOSTIC_OK,NOT_APPLICABLE,NOT_APPLICABLE,NOT_APPLICABLE,NO_FAILURE_SO_FAR,PENDING_FINALIZATION,AUTO_FROZEN,0.998557,0.053725
BI_035_R06.png,BI,BI_035,6,12,VQL,Barras,Identificação,CONFORMING,CONFORMING,CONFORMING,CONFORMING,PENDING_BB,DIAGNOSTIC_OK,NOT_APPLICABLE,NOT_APPLICABLE,NOT_APPLICABLE,NO_FAILURE_SO_FAR,PENDING_FINALIZATION,AUTO_FROZEN,0.998557,0.053725
BI_035_R07.png,BI,BI_035,7,12,VQL,Barras,Identificação,CONFORMING,CONFORMING,CONFORMING,CONFORMING,PENDING_BB,DIAGNOSTIC_OK,NOT_APPLICABLE,NOT_APPLICABLE,NOT_APPLICABLE,NO_FAILURE_SO_FAR,PENDING_FINALIZATION,AUTO_FROZEN,0.998557,0.053725
BI_035_R08.png,BI,BI_035,8,12,VQL,Barras,Identificação,CONFORMING,CONFORMING,CONFORMING,CONFORMING,PENDING_BB,DIAGNOSTIC_OK,NOT_APPLICABLE,NOT_APPLICABLE,NOT_APPLICABLE,NO_FAILURE_SO_FAR,PENDING_FINALIZATION,AUTO_FROZEN,0.998557,0.053725
BI_035_R09.png,BI,BI_035,9,12,VQL,Barras,Identificação,CONFORMING,CONFORMING,CONFORMING,CONFORMING,PENDING_BB,DIAGNOSTIC_OK,NOT_APPLICABLE,NOT_APPLICABLE,NOT_APPLICABLE,NO_FAILURE_SO_FAR,PENDING_FINALIZATION,AUTO_FROZEN,0.998557,0.053725
BI_035_R10.png,BI,BI_035,10,12,VQL,Barras,Identificação,CONFORMING,CONFORMING,CONFORMING,CONFORMING,PENDING_BB,DIAGNOSTIC_OK,NOT_APPLICABLE,NOT_APPLICABLE,NOT_APPLICABLE,NO_FAILURE_SO_FAR,PENDING_FINALIZATION,AUTO_FROZEN,0.998557,0.053725
BI_036_R01.png,BI,BI_036,1,13,VQL,Barras,Identificação,CONFORMING,CONFORMING,CONFORMING,CONFORMING,PENDING_BB,DIAGNOSTIC_OK,NOT_APPLICABLE,NOT_APPLICABLE,NOT_APPLICABLE,NO_FAILURE_SO_FAR,PENDING_FINALIZATION,AUTO_FROZEN,0.919031,0.109504
BI_036_R02.png,BI,BI_036,2,13,VQL,Barras,Identificação,CONFORMING,CONFORMING,CONFORMING,CONFORMING,PENDING_BB,DIAGNOSTIC_OK,NOT_APPLICABLE,NOT_APPLICABLE,NOT_APPLICABLE,NO_FAILURE_SO_FAR,PENDING_FINALIZATION,AUTO_FROZEN,0.923393,0.11825
BI_036_R03.png,BI,BI_036,3,13,VQL,Barras,Identificação,CONFORMING,CONFORMING,CONFORMING,CONFORMING,PENDING_BB,DIAGNOSTIC_OK,NOT_APPLICABLE,NOT_APPLICABLE,NOT_APPLICABLE,NO_FAILURE_SO_FAR,PENDING_FINALIZATION,AUTO_FROZEN,0.923393,0.11825
BI_036_R04.png,BI,BI_036,4,13,VQL,Barras,Identificação,CONFORMING,CONFORMING,CONFORMING,CONFORMING,PENDING_BB,DIAGNOSTIC_OK,NOT_APPLICABLE,NOT_APPLICABLE,NOT_APPLICABLE,NO_FAILURE_SO_FAR,PENDING_FINALIZATION,AUTO_FROZEN,0.923393,0.11825
BI_036_R05.png,BI,BI_036,5,13,VQL,Barras,Identificação,CONFORMING,CONFORMING,CONFORMING,CONFORMING,PENDING_BB,DIAGNOSTIC_OK,NOT_APPLICABLE,NOT_APPLICABLE,NOT_APPLICABLE,NO_FAILURE_SO_FAR,PENDING_FINALIZATION,AUTO_FROZEN,0.923393,0.11825
BI_036_R06.png,BI,BI_036,6,13,VQL,Barras,Identificação,CONFORMING,CONFORMING,CONFORMING,CONFORMING,PENDING_BB,DIAGNOSTIC_OK,NOT_APPLICABLE,NOT_APPLICABLE,NOT_APPLICABLE,NO_FAILURE_SO_FAR,PENDING_FINALIZATION,AUTO_FROZEN,0.923393,0.11825
BI_036_R07.png,BI,BI_036,7,13,VQL,Barras,Identificação,CONFORMING,CONFORMING,CONFORMING,CONFORMING,PENDING_BB,DIAGNOSTIC_OK,NOT_APPLICABLE,NOT_APPLICABLE,NOT_APPLICABLE,NO_FAILURE_SO_FAR,PENDING_FINALIZATION,AUTO_FROZEN,0.923393,0.11825
BI_036_R08.png,BI,BI_036,8,13,VQL,Barras,Identificação,CONFORMING,CONFORMING,CONFORMING,CONFORMING,PENDING_BB,DIAGNOSTIC_OK,NOT_APPLICABLE,NOT_APPLICABLE,NOT_APPLICABLE,NO_FAILURE_SO_FAR,PENDING_FINALIZATION,AUTO_FROZEN,0.923393,0.11825
BI_036_R09.png,BI,BI_036,9,13,VQL,Barras,Identificação,CONFORMING,CONFORMING,CONFORMING,CONFORMING,PENDING_BB,DIAGNOSTIC_OK,NOT_APPLICABLE,NOT_APPLICABLE,NOT_APPLICABLE,NO_FAILURE_SO_FAR,PENDING_FINALIZATION,AUTO_FROZEN,0.923393,0.11825
BI_036_R10.png,BI,BI_036,10,13,VQL,Barras,Identificação,CONFORMING,CONFORMING,CONFORMING,CONFORMING,PENDING_BB,DIAGNOSTIC_OK,NOT_APPLICABLE,NOT_APPLICABLE,NOT_APPLICABLE,NO_FAILURE_SO_FAR,PENDING_FINALIZATION,AUTO_FROZEN,0.923393,0.11825
BI_037_R01.png,BI,BI_037,1,14,VQL,Barras,Identificação,CONFORMING,CONFORMING,CONFORMING,CONFORMING,PENDING_BB,DIAGNOSTIC_OK,NOT_APPLICABLE,NOT_APPLICABLE,NOT_APPLICABLE,NO_FAILURE_SO_FAR,PENDING_FINALIZATION,AUTO_FROZEN,0.920652,0.115152
BI_037_R02.png,BI,BI_037,2,14,VQL,Barras,Identificação,CONFORMING,CONFORMING,CONFORMING,CONFORMING,PENDING_BB,DIAGNOSTIC_OK,NOT_APPLICABLE,NOT_APPLICABLE,NOT_APPLICABLE,NO_FAILURE_SO_FAR,PENDING_FINALIZATION,AUTO_FROZEN,0.881355,0.100625
BI_037_R03.png,BI,BI_037,3,14,VQL,Barras,Identificação,CONFORMING,CONFORMING,CONFORMING,CONFORMING,PENDING_BB,DIAGNOSTIC_OK,NOT_APPLICABLE,NOT_APPLICABLE,NOT_APPLICABLE,NO_FAILURE_SO_FAR,PENDING_FINALIZATION,AUTO_FROZEN,0.881355,0.100625
BI_037_R04.png,BI,BI_037,4,14,VQL,Barras,Identificação,CONFORMING,CONFORMING,CONFORMING,CONFORMING,PENDING_BB,DIAGNOSTIC_OK,NOT_APPLICABLE,NOT_APPLICABLE,NOT_APPLICABLE,NO_FAILURE_SO_FAR,PENDING_FINALIZATION,AUTO_FROZEN,0.881355,0.100625
BI_037_R05.png,BI,BI_037,5,14,VQL,Barras,Identificação,CONFORMING,CONFORMING,CONFORMING,CONFORMING,PENDING_BB,DIAGNOSTIC_OK,NOT_APPLICABLE,NOT_APPLICABLE,NOT_APPLICABLE,NO_FAILURE_SO_FAR,PENDING_FINALIZATION,AUTO_FROZEN,0.881355,0.100625
BI_037_R06.png,BI,BI_037,6,14,VQL,Barras,Identificação,CONFORMING,CONFORMING,CONFORMING,CONFORMING,PENDING_BB,DIAGNOSTIC_OK,NOT_APPLICABLE,NOT_APPLICABLE,NOT_APPLICABLE,NO_FAILURE_SO_FAR,PENDING_FINALIZATION,AUTO_FROZEN,0.881355,0.100625
BI_037_R07.png,BI,BI_037,7,14,VQL,Barras,Identificação,CONFORMING,CONFORMING,CONFORMING,CONFORMING,PENDING_BB,DIAGNOSTIC_OK,NOT_APPLICABLE,NOT_APPLICABLE,NOT_APPLICABLE,NO_FAILURE_SO_FAR,PENDING_FINALIZATION,AUTO_FROZEN,0.881355,0.100625
BI_037_R08.png,BI,BI_037,8,14,VQL,Barras,Identificação,CONFORMING,CONFORMING,CONFORMING,CONFORMING,PENDING_BB,DIAGNOSTIC_OK,NOT_APPLICABLE,NOT_APPLICABLE,NOT_APPLICABLE,NO_FAILURE_SO_FAR,PENDING_FINALIZATION,AUTO_FROZEN,0.881355,0.100625
BI_037_R09.png,BI,BI_037,9,14,VQL,Barras,Identificação,CONFORMING,CONFORMING,CONFORMING,CONFORMING,PENDING_BB,DIAGNOSTIC_OK,NOT_APPLICABLE,NOT_APPLICABLE,NOT_APPLICABLE,NO_FAILURE_SO_FAR,PENDING_FINALIZATION,AUTO_FROZEN,0.881355,0.100625
BI_037_R10.png,BI,BI_037,10,14,VQL,Barras,Identificação,CONFORMING,CONFORMING,CONFORMING,CONFORMING,PENDING_BB,DIAGNOSTIC_OK,NOT_APPLICABLE,NOT_APPLICABLE,NOT_APPLICABLE,NO_FAILURE_SO_FAR,PENDING_FINALIZATION,AUTO_FROZEN,0.881355,0.100625
BI_038_R01.png,BI,BI_038,1,15,VQL,Barras,Identificação,CONFORMING,CONFORMING,CONFORMING,CONFORMING,PENDING_BB,DIAGNOSTIC_OK,CONFORMING,NOT_APPLICABLE,NOT_APPLICABLE,NO_FAILURE_SO_FAR,PENDING_FINALIZATION,AUTO_FROZEN,0.823503,0.102573
BI_038_R02.png,BI,BI_038,2,15,VQL,Barras,Identificação,CONFORMING,CONFORMING,CONFORMING,CONFORMING,PENDING_BB,DIAGNOSTIC_OK,CONFORMING,NOT_APPLICABLE,NOT_APPLICABLE,NO_FAILURE_SO_FAR,PENDING_FINALIZATION,AUTO_FROZEN,0.827158,0.106019
BI_038_R03.png,BI,BI_038,3,15,VQL,Barras,Identificação,CONFORMING,CONFORMING,CONFORMING,CONFORMING,PENDING_BB,DIAGNOSTIC_OK,CONFORMING,NOT_APPLICABLE,NOT_APPLICABLE,NO_FAILURE_SO_FAR,PENDING_FINALIZATION,AUTO_FROZEN,0.827158,0.106019
BI_038_R04.png,BI,BI_038,4,15,VQL,Barras,Identificação,CONFORMING,CONFORMING,CONFORMING,CONFORMING,PENDING_BB,DIAGNOSTIC_OK,CONFORMING,NOT_APPLICABLE,NOT_APPLICABLE,NO_FAILURE_SO_FAR,PENDING_FINALIZATION,AUTO_FROZEN,0.827158,0.106019
BI_038_R05.png,BI,BI_038,5,15,VQL,Barras,Identificação,CONFORMING,CONFORMING,CONFORMING,CONFORMING,PENDING_BB,DIAGNOSTIC_OK,CONFORMING,NOT_APPLICABLE,NOT_APPLICABLE,NO_FAILURE_SO_FAR,PENDING_FINALIZATION,AUTO_FROZEN,0.827158,0.106019
BI_038_R06.png,BI,BI_038,6,15,VQL,Barras,Identificação,CONFORMING,CONFORMING,CONFORMING,CONFORMING,PENDING_BB,DIAGNOSTIC_OK,CONFORMING,NOT_APPLICABLE,NOT_APPLICABLE,NO_FAILURE_SO_FAR,PENDING_FINALIZATION,AUTO_FROZEN,0.827158,0.106019
BI_038_R07.png,BI,BI_038,7,15,VQL,Barras,Identificação,CONFORMING,CONFORMING,CONFORMING,CONFORMING,PENDING_BB,DIAGNOSTIC_OK,CONFORMING,NOT_APPLICABLE,NOT_APPLICABLE,NO_FAILURE_SO_FAR,PENDING_FINALIZATION,AUTO_FROZEN,0.827158,0.106019
BI_038_R08.png,BI,BI_038,8,15,VQL,Barras,Identificação,CONFORMING,CONFORMING,CONFORMING,CONFORMING,PENDING_BB,DIAGNOSTIC_OK,CONFORMING,NOT_APPLICABLE,NOT_APPLICABLE,NO_FAILURE_SO_FAR,PENDING_FINALIZATION,AUTO_FROZEN,0.827158,0.106019
BI_038_R09.png,BI,BI_038,9,15,VQL,Barras,Identificação,CONFORMING,CONFORMING,CONFORMING,CONFORMING,PENDING_BB,DIAGNOSTIC_OK,CONFORMING,NOT_APPLICABLE,NOT_APPLICABLE,NO_FAILURE_SO_FAR,PENDING_FINALIZATION,AUTO_FROZEN,0.827158,0.106019
BI_038_R10.png,BI,BI_038,10,15,VQL,Barras,Identificação,CONFORMING,CONFORMING,CONFORMING,CONFORMING,PENDING_BB,DIAGNOSTIC_OK,CONFORMING,NOT_APPLICABLE,NOT_APPLICABLE,NO_FAILURE_SO_FAR,PENDING_FINALIZATION,AUTO_FROZEN,0.827158,0.106019
BI_039_R01.png,BI,BI_039,1,16,VQL,Barras,Identificação,CONFORMING,CONFORMING,CONFORMING,CONFORMING,PENDING_BB,DIAGNOSTIC_OK,NOT_APPLICABLE,NOT_APPLICABLE,NOT_APPLICABLE,NO_FAILURE_SO_FAR,PENDING_FINALIZATION,AUTO_FROZEN,0.907429,0.106991
BI_039_R02.png,BI,BI_039,2,16,VQL,Barras,Identificação,CONFORMING,CONFORMING,CONFORMING,CONFORMING,PENDING_BB,DIAGNOSTIC_OK,NOT_APPLICABLE,NOT_APPLICABLE,NOT_APPLICABLE,NO_FAILURE_SO_FAR,PENDING_FINALIZATION,AUTO_FROZEN,0.921267,0.10824
BI_039_R03.png,BI,BI_039,3,16,VQL,Barras,Identificação,CONFORMING,CONFORMING,CONFORMING,CONFORMING,PENDING_BB,DIAGNOSTIC_OK,NOT_APPLICABLE,NOT_APPLICABLE,NOT_APPLICABLE,NO_FAILURE_SO_FAR,PENDING_FINALIZATION,AUTO_FROZEN,0.921267,0.10824
BI_039_R04.png,BI,BI_039,4,16,VQL,Barras,Identificação,CONFORMING,CONFORMING,CONFORMING,CONFORMING,PENDING_BB,DIAGNOSTIC_OK,NOT_APPLICABLE,NOT_APPLICABLE,NOT_APPLICABLE,NO_FAILURE_SO_FAR,PENDING_FINALIZATION,AUTO_FROZEN,0.921267,0.10824
BI_039_R05.png,BI,BI_039,5,16,VQL,Barras,Identificação,CONFORMING,CONFORMING,CONFORMING,CONFORMING,PENDING_BB,DIAGNOSTIC_OK,NOT_APPLICABLE,NOT_APPLICABLE,NOT_APPLICABLE,NO_FAILURE_SO_FAR,PENDING_FINALIZATION,AUTO_FROZEN,0.921267,0.10824
BI_039_R06.png,BI,BI_039,6,16,VQL,Barras,Identificação,CONFORMING,CONFORMING,CONFORMING,CONFORMING,PENDING_BB,DIAGNOSTIC_OK,NOT_APPLICABLE,NOT_APPLICABLE,NOT_APPLICABLE,NO_FAILURE_SO_FAR,PENDING_FINALIZATION,AUTO_FROZEN,0.921267,0.10824
BI_039_R07.png,BI,BI_039,7,16,VQL,Barras,Identificação,CONFORMING,CONFORMING,CONFORMING,CONFORMING,PENDING_BB,DIAGNOSTIC_OK,NOT_APPLICABLE,NOT_APPLICABLE,NOT_APPLICABLE,NO_FAILURE_SO_FAR,PENDING_FINALIZATION,AUTO_FROZEN,0.921267,0.10824
BI_039_R08.png,BI,BI_039,8,16,VQL,Barras,Identificação,CONFORMING,CONFORMING,CONFORMING,CONFORMING,PENDING_BB,DIAGNOSTIC_OK,NOT_APPLICABLE,NOT_APPLICABLE,NOT_APPLICABLE,NO_FAILURE_SO_FAR,PENDING_FINALIZATION,AUTO_FROZEN,0.921267,0.10824
BI_039_R09.png,BI,BI_039,9,16,VQL,Barras,Identificação,CONFORMING,CONFORMING,CONFORMING,CONFORMING,PENDING_BB,DIAGNOSTIC_OK,NOT_APPLICABLE,NOT_APPLICABLE,NOT_APPLICABLE,NO_FAILURE_SO_FAR,PENDING_FINALIZATION,AUTO_FROZEN,0.921267,0.10824
BI_039_R10.png,BI,BI_039,10,16,VQL,Barras,Identificação,CONFORMING,CONFORMING,CONFORMING,CONFORMING,PENDING_BB,DIAGNOSTIC_OK,NOT_APPLICABLE,NOT_APPLICABLE,NOT_APPLICABLE,NO_FAILURE_SO_FAR,PENDING_FINALIZATION,AUTO_FROZEN,0.921267,0.10824
BI_040_R01.png,BI,BI_040,1,1,ZERO-SHOT,Barras,Identificação,CONFORMING,CONFORMING,CONFORMING,CONFORMING,PENDING_BB,DIAGNOSTIC_OK,CONFORMING,NOT_APPLICABLE,NOT_APPLICABLE,NO_FAILURE_SO_FAR,PENDING_FINALIZATION,AUTO_FROZEN,0.938008,0.102468
BI_040_R02.png,BI,BI_040,2,1,ZERO-SHOT,Barras,Identificação,CONFORMING,CONFORMING,NONCONFORMING,CONFORMING,PENDING_BB,DIAGNOSTIC_OK,CONFORMING,NOT_APPLICABLE,NOT_APPLICABLE,NONCONFORMING,NONCONFORMING,AUTO_FROZEN,1.0,0.085122
BI_040_R03.png,BI,BI_040,3,1,ZERO-SHOT,Barras,Identificação,CONFORMING,CONFORMING,NONCONFORMING,CONFORMING,PENDING_BB,DIAGNOSTIC_OK,CONFORMING,NOT_APPLICABLE,NOT_APPLICABLE,NONCONFORMING,NONCONFORMING,AUTO_FROZEN,1.0,0.079419
BI_040_R04.png,BI,BI_040,4,1,ZERO-SHOT,Barras,Identificação,CONFORMING,CONFORMING,NONCONFORMING,CONFORMING,PENDING_BB,DIAGNOSTIC_OK,CONFORMING,NOT_APPLICABLE,NOT_APPLICABLE,NONCONFORMING,NONCONFORMING,AUTO_FROZEN,1.0,0.078151
BI_040_R05.png,BI,BI_040,5,1,ZERO-SHOT,Barras,Identificação,CONFORMING,CONFORMING,NONCONFORMING,CONFORMING,PENDING_BB,DIAGNOSTIC_OK,CONFORMING,NOT_APPLICABLE,NOT_APPLICABLE,NONCONFORMING,NONCONFORMING,AUTO_FROZEN,1.0,0.085122
BI_040_R06.png,BI,BI_040,6,1,ZERO-SHOT,Barras,Identificação,CONFORMING,CONFORMING,CONFORMING,CONFORMING,PENDING_BB,DIAGNOSTIC_OK,UNEVALUABLE,NOT_APPLICABLE,NOT_APPLICABLE,UNEVALUABLE,PENDING_FINALIZATION,AUTO_FROZEN,0.880655,0.095013
BI_040_R07.png,BI,BI_040,7,1,ZERO-SHOT,Barras,Identificação,CONFORMING,CONFORMING,CONFORMING,CONFORMING,PENDING_BB,DIAGNOSTIC_OK,CONFORMING,NOT_APPLICABLE,NOT_APPLICABLE,NO_FAILURE_SO_FAR,PENDING_FINALIZATION,AUTO_FROZEN,0.887608,0.100741
BI_040_R08.png,BI,BI_040,8,1,ZERO-SHOT,Barras,Identificação,CONFORMING,CONFORMING,CONFORMING,CONFORMING,PENDING_BB,DIAGNOSTIC_OK,CONFORMING,NOT_APPLICABLE,NOT_APPLICABLE,NO_FAILURE_SO_FAR,PENDING_FINALIZATION,AUTO_FROZEN,0.776201,0.096801
BI_040_R09.png,BI,BI_040,9,1,ZERO-SHOT,Barras,Identificação,CONFORMING,CONFORMING,CONFORMING,CONFORMING,PENDING_BB,DIAGNOSTIC_OK,CONFORMING,NOT_APPLICABLE,NOT_APPLICABLE,NO_FAILURE_SO_FAR,PENDING_FINALIZATION,AUTO_FROZEN,0.884131,0.095921
BI_040_R10.png,BI,BI_040,10,1,ZERO-SHOT,Barras,Identificação,CONFORMING,CONFORMING,CONFORMING,CONFORMING,PENDING_BB,DIAGNOSTIC_OK,CONFORMING,NOT_APPLICABLE,NOT_APPLICABLE,NO_FAILURE_SO_FAR,PENDING_FINALIZATION,AUTO_FROZEN,0.877468,0.106839
BI_041_R01.png,BI,BI_041,1,4,ZERO-SHOT,Barras,Identificação,CONFORMING,CONFORMING,CONFORMING,CONFORMING,PENDING_BB,DIAGNOSTIC_OK,CONFORMING,NOT_APPLICABLE,NOT_APPLICABLE,NO_FAILURE_SO_FAR,PENDING_FINALIZATION,AUTO_FROZEN,0.998318,0.057646
BI_041_R02.png,BI,BI_041,2,4,ZERO-SHOT,Barras,Identificação,CONFORMING,CONFORMING,CONFORMING,CONFORMING,PENDING_BB,DIAGNOSTIC_OK,CONFORMING,NOT_APPLICABLE,NOT_APPLICABLE,NO_FAILURE_SO_FAR,PENDING_FINALIZATION,AUTO_FROZEN,0.711884,0.098542
BI_041_R03.png,BI,BI_041,3,4,ZERO-SHOT,Barras,Identificação,NONCONFORMING,CONFORMING,NONCONFORMING,PENDING_FINAL_ADJUDICATION,PENDING_BB,DIAGNOSTIC_OK,CONFORMING,NOT_APPLICABLE,NOT_APPLICABLE,NONCONFORMING,NONCONFORMING,REVIEW_REQUIRED,0.72845,0.072917
BI_041_R04.png,BI,BI_041,4,4,ZERO-SHOT,Barras,Identificação,CONFORMING,CONFORMING,CONFORMING,CONFORMING,PENDING_BB,DIAGNOSTIC_OK,UNEVALUABLE,NOT_APPLICABLE,NOT_APPLICABLE,UNEVALUABLE,PENDING_FINALIZATION,AUTO_FROZEN,0.826209,0.074375
BI_041_R05.png,BI,BI_041,5,4,ZERO-SHOT,Barras,Identificação,NONCONFORMING,CONFORMING,NONCONFORMING,PENDING_FINAL_ADJUDICATION,PENDING_BB,DIAGNOSTIC_OK,CONFORMING,NOT_APPLICABLE,NOT_APPLICABLE,NONCONFORMING,NONCONFORMING,REVIEW_REQUIRED,0.72845,0.072917
BI_041_R06.png,BI,BI_041,6,4,ZERO-SHOT,Barras,Identificação,CONFORMING,CONFORMING,CONFORMING,CONFORMING,PENDING_BB,DIAGNOSTIC_OK,CONFORMING,NOT_APPLICABLE,NOT_APPLICABLE,NO_FAILURE_SO_FAR,PENDING_FINALIZATION,AUTO_FROZEN,0.711884,0.098542
BI_041_R07.png,BI,BI_041,7,4,ZERO-SHOT,Barras,Identificação,CONFORMING,CONFORMING,CONFORMING,CONFORMING,PENDING_BB,DIAGNOSTIC_OK,UNEVALUABLE,NOT_APPLICABLE,NOT_APPLICABLE,UNEVALUABLE,PENDING_FINALIZATION,AUTO_FROZEN,0.825052,0.076875
BI_041_R08.png,BI,BI_041,8,4,ZERO-SHOT,Barras,Identificação,CONFORMING,CONFORMING,CONFORMING,CONFORMING,PENDING_BB,DIAGNOSTIC_OK,CONFORMING,NOT_APPLICABLE,NOT_APPLICABLE,NO_FAILURE_SO_FAR,PENDING_FINALIZATION,AUTO_FROZEN,0.711884,0.098542
BI_041_R09.png,BI,BI_041,9,4,ZERO-SHOT,Barras,Identificação,CONFORMING,CONFORMING,CONFORMING,CONFORMING,PENDING_BB,DIAGNOSTIC_OK,UNEVALUABLE,NOT_APPLICABLE,NOT_APPLICABLE,UNEVALUABLE,PENDING_FINALIZATION,AUTO_FROZEN,0.826209,0.074375
BI_041_R10.png,BI,BI_041,10,4,ZERO-SHOT,Barras,Identificação,CONFORMING,CONFORMING,CONFORMING,CONFORMING,PENDING_BB,DIAGNOSTIC_OK,CONFORMING,NOT_APPLICABLE,NOT_APPLICABLE,NO_FAILURE_SO_FAR,PENDING_FINALIZATION,AUTO_FROZEN,0.711884,0.098542
BI_042_R01.png,BI,BI_042,1,6,ZERO-SHOT,Barras,Identificação,CONFORMING,CONFORMING,CONFORMING,CONFORMING,PENDING_BB,DIAGNOSTIC_OK,NOT_APPLICABLE,NOT_APPLICABLE,NOT_APPLICABLE,NO_FAILURE_SO_FAR,PENDING_FINALIZATION,AUTO_FROZEN,1.0,0.055909
BI_042_R02.png,BI,BI_042,2,6,ZERO-SHOT,Barras,Identificação,CONFORMING,CONFORMING,NONCONFORMING,CONFORMING,PENDING_BB,DIAGNOSTIC_OK,NOT_APPLICABLE,NOT_APPLICABLE,NOT_APPLICABLE,NONCONFORMING,NONCONFORMING,AUTO_FROZEN,0.943536,0.116963
BI_042_R03.png,BI,BI_042,3,6,ZERO-SHOT,Barras,Identificação,CONFORMING,CONFORMING,NONCONFORMING,CONFORMING,PENDING_BB,DIAGNOSTIC_OK,NOT_APPLICABLE,NOT_APPLICABLE,NOT_APPLICABLE,NONCONFORMING,NONCONFORMING,AUTO_FROZEN,1.0,0.101048
BI_042_R04.png,BI,BI_042,4,6,ZERO-SHOT,Barras,Identificação,CONFORMING,CONFORMING,NONCONFORMING,CONFORMING,PENDING_BB,DIAGNOSTIC_OK,NOT_APPLICABLE,NOT_APPLICABLE,NOT_APPLICABLE,NONCONFORMING,NONCONFORMING,AUTO_FROZEN,1.0,0.061875
BI_042_R05.png,BI,BI_042,5,6,ZERO-SHOT,Barras,Identificação,CONFORMING,CONFORMING,NONCONFORMING,CONFORMING,PENDING_BB,DIAGNOSTIC_OK,NOT_APPLICABLE,NOT_APPLICABLE,NOT_APPLICABLE,NONCONFORMING,NONCONFORMING,AUTO_FROZEN,1.0,0.061875
BI_042_R06.png,BI,BI_042,6,6,ZERO-SHOT,Barras,Identificação,CONFORMING,CONFORMING,NONCONFORMING,CONFORMING,PENDING_BB,DIAGNOSTIC_OK,NOT_APPLICABLE,NOT_APPLICABLE,NOT_APPLICABLE,NONCONFORMING,NONCONFORMING,AUTO_FROZEN,1.0,0.061875
BI_042_R07.png,BI,BI_042,7,6,ZERO-SHOT,Barras,Identificação,CONFORMING,CONFORMING,NONCONFORMING,CONFORMING,PENDING_BB,DIAGNOSTIC_OK,NOT_APPLICABLE,NOT_APPLICABLE,NOT_APPLICABLE,NONCONFORMING,NONCONFORMING,AUTO_FROZEN,1.0,0.061875
BI_042_R08.png,BI,BI_042,8,6,ZERO-SHOT,Barras,Identificação,CONFORMING,CONFORMING,NONCONFORMING,CONFORMING,PENDING_BB,DIAGNOSTIC_OK,NOT_APPLICABLE,NOT_APPLICABLE,NOT_APPLICABLE,NONCONFORMING,NONCONFORMING,AUTO_FROZEN,1.0,0.061875
BI_042_R09.png,BI,BI_042,9,6,ZERO-SHOT,Barras,Identificação,CONFORMING,CONFORMING,NONCONFORMING,CONFORMING,PENDING_BB,DIAGNOSTIC_OK,NOT_APPLICABLE,NOT_APPLICABLE,NOT_APPLICABLE,NONCONFORMING,NONCONFORMING,AUTO_FROZEN,1.0,0.061875
BI_042_R10.png,BI,BI_042,10,6,ZERO-SHOT,Barras,Identificação,CONFORMING,CONFORMING,NONCONFORMING,CONFORMING,PENDING_BB,DIAGNOSTIC_OK,NOT_APPLICABLE,NOT_APPLICABLE,NOT_APPLICABLE,NONCONFORMING,NONCONFORMING,AUTO_FROZEN,1.0,0.061875
BI_043_R01.png,BI,BI_043,1,7,ZERO-SHOT,Barras,Identificação,CONFORMING,CONFORMING,CONFORMING,CONFORMING,PENDING_BB,DIAGNOSTIC_OK,NOT_APPLICABLE,NOT_APPLICABLE,NOT_APPLICABLE,NO_FAILURE_SO_FAR,PENDING_FINALIZATION,AUTO_FROZEN,0.998333,0.049479
BI_043_R02.png,BI,BI_043,2,7,ZERO-SHOT,Barras,Identificação,CONFORMING,CONFORMING,NONCONFORMING,CONFORMING,PENDING_BB,DIAGNOSTIC_OK,NOT_APPLICABLE,NOT_APPLICABLE,NOT_APPLICABLE,NONCONFORMING,NONCONFORMING,AUTO_FROZEN,0.998333,0.051146
BI_043_R03.png,BI,BI_043,3,7,ZERO-SHOT,Barras,Identificação,CONFORMING,CONFORMING,NONCONFORMING,CONFORMING,PENDING_BB,DIAGNOSTIC_OK,NOT_APPLICABLE,NOT_APPLICABLE,NOT_APPLICABLE,NONCONFORMING,NONCONFORMING,AUTO_FROZEN,0.998333,0.051146
BI_043_R04.png,BI,BI_043,4,7,ZERO-SHOT,Barras,Identificação,CONFORMING,CONFORMING,NONCONFORMING,CONFORMING,PENDING_BB,DIAGNOSTIC_OK,NOT_APPLICABLE,NOT_APPLICABLE,NOT_APPLICABLE,NONCONFORMING,NONCONFORMING,AUTO_FROZEN,0.998333,0.051146
BI_043_R05.png,BI,BI_043,5,7,ZERO-SHOT,Barras,Identificação,CONFORMING,CONFORMING,NONCONFORMING,CONFORMING,PENDING_BB,DIAGNOSTIC_OK,NOT_APPLICABLE,NOT_APPLICABLE,NOT_APPLICABLE,NONCONFORMING,NONCONFORMING,AUTO_FROZEN,0.998333,0.051146
BI_043_R06.png,BI,BI_043,6,7,ZERO-SHOT,Barras,Identificação,CONFORMING,CONFORMING,NONCONFORMING,CONFORMING,PENDING_BB,DIAGNOSTIC_OK,NOT_APPLICABLE,NOT_APPLICABLE,NOT_APPLICABLE,NONCONFORMING,NONCONFORMING,AUTO_FROZEN,0.998333,0.051146
BI_043_R07.png,BI,BI_043,7,7,ZERO-SHOT,Barras,Identificação,CONFORMING,CONFORMING,NONCONFORMING,CONFORMING,PENDING_BB,DIAGNOSTIC_OK,NOT_APPLICABLE,NOT_APPLICABLE,NOT_APPLICABLE,NONCONFORMING,NONCONFORMING,AUTO_FROZEN,0.998333,0.051146
BI_043_R08.png,BI,BI_043,8,7,ZERO-SHOT,Barras,Identificação,CONFORMING,CONFORMING,NONCONFORMING,CONFORMING,PENDING_BB,DIAGNOSTIC_OK,NOT_APPLICABLE,NOT_APPLICABLE,NOT_APPLICABLE,NONCONFORMING,NONCONFORMING,AUTO_FROZEN,0.998333,0.051146
BI_043_R09.png,BI,BI_043,9,7,ZERO-SHOT,Barras,Identificação,CONFORMING,CONFORMING,NONCONFORMING,CONFORMING,PENDING_BB,DIAGNOSTIC_OK,NOT_APPLICABLE,NOT_APPLICABLE,NOT_APPLICABLE,NONCONFORMING,NONCONFORMING,AUTO_FROZEN,0.998333,0.051146
BI_043_R10.png,BI,BI_043,10,7,ZERO-SHOT,Barras,Identificação,CONFORMING,CONFORMING,NONCONFORMING,CONFORMING,PENDING_BB,DIAGNOSTIC_OK,NOT_APPLICABLE,NOT_APPLICABLE,NOT_APPLICABLE,NONCONFORMING,NONCONFORMING,AUTO_FROZEN,0.998333,0.051146
BI_044_R01.png,BI,BI_044,1,8,ZERO-SHOT,Barras,Identificação,CONFORMING,CONFORMING,CONFORMING,CONFORMING,PENDING_BB,DIAGNOSTIC_OK,NOT_APPLICABLE,NOT_APPLICABLE,NOT_APPLICABLE,NO_FAILURE_SO_FAR,PENDING_FINALIZATION,AUTO_FROZEN,0.932156,0.098958
BI_044_R02.png,BI,BI_044,2,8,ZERO-SHOT,Barras,Identificação,CONFORMING,CONFORMING,CONFORMING,CONFORMING,PENDING_BB,DIAGNOSTIC_OK,NOT_APPLICABLE,NOT_APPLICABLE,NOT_APPLICABLE,NO_FAILURE_SO_FAR,PENDING_FINALIZATION,AUTO_FROZEN,0.849075,0.113381
BI_044_R03.png,BI,BI_044,3,8,ZERO-SHOT,Barras,Identificação,CONFORMING,CONFORMING,CONFORMING,CONFORMING,PENDING_BB,DIAGNOSTIC_OK,NOT_APPLICABLE,NOT_APPLICABLE,NOT_APPLICABLE,NO_FAILURE_SO_FAR,PENDING_FINALIZATION,AUTO_FROZEN,0.85022,0.101616
BI_044_R04.png,BI,BI_044,4,8,ZERO-SHOT,Barras,Identificação,CONFORMING,CONFORMING,CONFORMING,CONFORMING,PENDING_BB,DIAGNOSTIC_OK,NOT_APPLICABLE,NOT_APPLICABLE,NOT_APPLICABLE,NO_FAILURE_SO_FAR,PENDING_FINALIZATION,AUTO_FROZEN,0.85022,0.101616
BI_044_R05.png,BI,BI_044,5,8,ZERO-SHOT,Barras,Identificação,CONFORMING,CONFORMING,CONFORMING,CONFORMING,PENDING_BB,DIAGNOSTIC_OK,NOT_APPLICABLE,NOT_APPLICABLE,NOT_APPLICABLE,NO_FAILURE_SO_FAR,PENDING_FINALIZATION,AUTO_FROZEN,0.850556,0.097812
BI_044_R06.png,BI,BI_044,6,8,ZERO-SHOT,Barras,Identificação,CONFORMING,CONFORMING,CONFORMING,CONFORMING,PENDING_BB,DIAGNOSTIC_OK,NOT_APPLICABLE,NOT_APPLICABLE,NOT_APPLICABLE,NO_FAILURE_SO_FAR,PENDING_FINALIZATION,AUTO_FROZEN,0.850556,0.097812
BI_044_R07.png,BI,BI_044,7,8,ZERO-SHOT,Barras,Identificação,CONFORMING,CONFORMING,CONFORMING,CONFORMING,PENDING_BB,DIAGNOSTIC_OK,NOT_APPLICABLE,NOT_APPLICABLE,NOT_APPLICABLE,NO_FAILURE_SO_FAR,PENDING_FINALIZATION,AUTO_FROZEN,0.84945,0.109525
BI_044_R08.png,BI,BI_044,8,8,ZERO-SHOT,Barras,Identificação,CONFORMING,CONFORMING,CONFORMING,CONFORMING,PENDING_BB,DIAGNOSTIC_OK,NOT_APPLICABLE,NOT_APPLICABLE,NOT_APPLICABLE,NO_FAILURE_SO_FAR,PENDING_FINALIZATION,AUTO_FROZEN,0.848048,0.100968
BI_044_R09.png,BI,BI_044,9,8,ZERO-SHOT,Barras,Identificação,CONFORMING,CONFORMING,CONFORMING,CONFORMING,PENDING_BB,DIAGNOSTIC_OK,NOT_APPLICABLE,NOT_APPLICABLE,NOT_APPLICABLE,NO_FAILURE_SO_FAR,PENDING_FINALIZATION,AUTO_FROZEN,0.848048,0.100968
BI_044_R10.png,BI,BI_044,10,8,ZERO-SHOT,Barras,Identificação,CONFORMING,CONFORMING,CONFORMING,CONFORMING,PENDING_BB,DIAGNOSTIC_OK,NOT_APPLICABLE,NOT_APPLICABLE,NOT_APPLICABLE,NO_FAILURE_SO_FAR,PENDING_FINALIZATION,AUTO_FROZEN,0.84945,0.109525
BI_045_R01.png,BI,BI_045,1,9,ZERO-SHOT,Barras,Identificação,CONFORMING,CONFORMING,NONCONFORMING,CONFORMING,PENDING_BB,DIAGNOSTIC_OK,NOT_APPLICABLE,NOT_APPLICABLE,NOT_APPLICABLE,NONCONFORMING,NONCONFORMING,AUTO_FROZEN,0.691365,0.111182
BI_045_R02.png,BI,BI_045,2,9,ZERO-SHOT,Barras,Identificação,CONFORMING,CONFORMING,CONFORMING,CONFORMING,PENDING_BB,DIAGNOSTIC_OK,NOT_APPLICABLE,NOT_APPLICABLE,NOT_APPLICABLE,NO_FAILURE_SO_FAR,PENDING_FINALIZATION,AUTO_FROZEN,0.92927,0.088125
BI_045_R03.png,BI,BI_045,3,9,ZERO-SHOT,Barras,Identificação,CONFORMING,CONFORMING,NONCONFORMING,CONFORMING,PENDING_BB,DIAGNOSTIC_OK,NOT_APPLICABLE,NOT_APPLICABLE,NOT_APPLICABLE,NONCONFORMING,NONCONFORMING,AUTO_FROZEN,0.979655,0.06568
BI_045_R04.png,BI,BI_045,4,9,ZERO-SHOT,Barras,Identificação,CONFORMING,CONFORMING,CONFORMING,CONFORMING,PENDING_BB,DIAGNOSTIC_OK,NOT_APPLICABLE,NOT_APPLICABLE,NOT_APPLICABLE,NO_FAILURE_SO_FAR,PENDING_FINALIZATION,AUTO_FROZEN,0.92927,0.088125
BI_045_R05.png,BI,BI_045,5,9,ZERO-SHOT,Barras,Identificação,CONFORMING,CONFORMING,CONFORMING,CONFORMING,PENDING_BB,DIAGNOSTIC_OK,NOT_APPLICABLE,NOT_APPLICABLE,NOT_APPLICABLE,NO_FAILURE_SO_FAR,PENDING_FINALIZATION,AUTO_FROZEN,0.92927,0.088125
BI_045_R06.png,BI,BI_045,6,9,ZERO-SHOT,Barras,Identificação,CONFORMING,CONFORMING,NONCONFORMING,CONFORMING,PENDING_BB,DIAGNOSTIC_OK,NOT_APPLICABLE,NOT_APPLICABLE,NOT_APPLICABLE,NONCONFORMING,NONCONFORMING,AUTO_FROZEN,0.979655,0.06568
BI_045_R07.png,BI,BI_045,7,9,ZERO-SHOT,Barras,Identificação,CONFORMING,CONFORMING,CONFORMING,CONFORMING,PENDING_BB,DIAGNOSTIC_OK,NOT_APPLICABLE,NOT_APPLICABLE,NOT_APPLICABLE,NO_FAILURE_SO_FAR,PENDING_FINALIZATION,AUTO_FROZEN,0.92927,0.088125
BI_045_R08.png,BI,BI_045,8,9,ZERO-SHOT,Barras,Identificação,CONFORMING,CONFORMING,CONFORMING,CONFORMING,PENDING_BB,DIAGNOSTIC_OK,NOT_APPLICABLE,NOT_APPLICABLE,NOT_APPLICABLE,NO_FAILURE_SO_FAR,PENDING_FINALIZATION,AUTO_FROZEN,0.92927,0.088125
BI_045_R09.png,BI,BI_045,9,9,ZERO-SHOT,Barras,Identificação,CONFORMING,CONFORMING,CONFORMING,CONFORMING,PENDING_BB,DIAGNOSTIC_OK,NOT_APPLICABLE,NOT_APPLICABLE,NOT_APPLICABLE,NO_FAILURE_SO_FAR,PENDING_FINALIZATION,AUTO_FROZEN,0.92927,0.088125
BI_045_R10.png,BI,BI_045,10,9,ZERO-SHOT,Barras,Identificação,CONFORMING,CONFORMING,CONFORMING,CONFORMING,PENDING_BB,DIAGNOSTIC_OK,NOT_APPLICABLE,NOT_APPLICABLE,NOT_APPLICABLE,NO_FAILURE_SO_FAR,PENDING_FINALIZATION,AUTO_FROZEN,0.92927,0.088125
BI_046_R01.png,BI,BI_046,1,10,ZERO-SHOT,Barras,Identificação,CONFORMING,CONFORMING,NONCONFORMING,CONFORMING,PENDING_BB,DIAGNOSTIC_OK,NOT_APPLICABLE,NOT_APPLICABLE,NOT_APPLICABLE,NONCONFORMING,NONCONFORMING,AUTO_FROZEN,0.998333,0.043854
BI_046_R02.png,BI,BI_046,2,10,ZERO-SHOT,Barras,Identificação,CONFORMING,CONFORMING,NONCONFORMING,CONFORMING,PENDING_BB,DIAGNOSTIC_OK,NOT_APPLICABLE,NOT_APPLICABLE,NOT_APPLICABLE,NONCONFORMING,NONCONFORMING,AUTO_FROZEN,0.998333,0.043854
BI_046_R03.png,BI,BI_046,3,10,ZERO-SHOT,Barras,Identificação,CONFORMING,CONFORMING,NONCONFORMING,CONFORMING,PENDING_BB,DIAGNOSTIC_OK,NOT_APPLICABLE,NOT_APPLICABLE,NOT_APPLICABLE,NONCONFORMING,NONCONFORMING,AUTO_FROZEN,0.998333,0.043854
BI_046_R04.png,BI,BI_046,4,10,ZERO-SHOT,Barras,Identificação,CONFORMING,CONFORMING,NONCONFORMING,CONFORMING,PENDING_BB,DIAGNOSTIC_OK,NOT_APPLICABLE,NOT_APPLICABLE,NOT_APPLICABLE,NONCONFORMING,NONCONFORMING,AUTO_FROZEN,0.998333,0.043854
BI_046_R05.png,BI,BI_046,5,10,ZERO-SHOT,Barras,Identificação,CONFORMING,CONFORMING,NONCONFORMING,CONFORMING,PENDING_BB,DIAGNOSTIC_OK,NOT_APPLICABLE,NOT_APPLICABLE,NOT_APPLICABLE,NONCONFORMING,NONCONFORMING,AUTO_FROZEN,0.998333,0.043854
BI_046_R06.png,BI,BI_046,6,10,ZERO-SHOT,Barras,Identificação,CONFORMING,CONFORMING,NONCONFORMING,CONFORMING,PENDING_BB,DIAGNOSTIC_OK,NOT_APPLICABLE,NOT_APPLICABLE,NOT_APPLICABLE,NONCONFORMING,NONCONFORMING,AUTO_FROZEN,0.998333,0.043854
BI_046_R07.png,BI,BI_046,7,10,ZERO-SHOT,Barras,Identificação,CONFORMING,CONFORMING,NONCONFORMING,CONFORMING,PENDING_BB,DIAGNOSTIC_OK,NOT_APPLICABLE,NOT_APPLICABLE,NOT_APPLICABLE,NONCONFORMING,NONCONFORMING,AUTO_FROZEN,0.998333,0.043854
BI_046_R08.png,BI,BI_046,8,10,ZERO-SHOT,Barras,Identificação,CONFORMING,CONFORMING,NONCONFORMING,CONFORMING,PENDING_BB,DIAGNOSTIC_OK,NOT_APPLICABLE,NOT_APPLICABLE,NOT_APPLICABLE,NONCONFORMING,NONCONFORMING,AUTO_FROZEN,0.998333,0.043854
BI_046_R09.png,BI,BI_046,9,10,ZERO-SHOT,Barras,Identificação,CONFORMING,CONFORMING,NONCONFORMING,CONFORMING,PENDING_BB,DIAGNOSTIC_OK,NOT_APPLICABLE,NOT_APPLICABLE,NOT_APPLICABLE,NONCONFORMING,NONCONFORMING,AUTO_FROZEN,0.998333,0.043854
BI_046_R10.png,BI,BI_046,10,10,ZERO-SHOT,Barras,Identificação,CONFORMING,CONFORMING,NONCONFORMING,CONFORMING,PENDING_BB,DIAGNOSTIC_OK,NOT_APPLICABLE,NOT_APPLICABLE,NOT_APPLICABLE,NONCONFORMING,NONCONFORMING,AUTO_FROZEN,0.998333,0.043854
BI_047_R01.png,BI,BI_047,1,11,ZERO-SHOT,Barras,Identificação,CONFORMING,CONFORMING,CONFORMING,CONFORMING,PENDING_BB,DIAGNOSTIC_OK,CONFORMING,NOT_APPLICABLE,NOT_APPLICABLE,NO_FAILURE_SO_FAR,PENDING_FINALIZATION,AUTO_FROZEN,0.998316,0.09252
BI_047_R02.png,BI,BI_047,2,11,ZERO-SHOT,Barras,Identificação,CONFORMING,CONFORMING,NONCONFORMING,CONFORMING,PENDING_BB,DIAGNOSTIC_OK,NONCONFORMING,NOT_APPLICABLE,NOT_APPLICABLE,NONCONFORMING,NONCONFORMING,AUTO_FROZEN,0.998316,0.082615
BI_047_R03.png,BI,BI_047,3,11,ZERO-SHOT,Barras,Identificação,CONFORMING,CONFORMING,NONCONFORMING,CONFORMING,PENDING_BB,DIAGNOSTIC_OK,NONCONFORMING,NOT_APPLICABLE,NOT_APPLICABLE,NONCONFORMING,NONCONFORMING,AUTO_FROZEN,0.998316,0.082615
BI_047_R04.png,BI,BI_047,4,11,ZERO-SHOT,Barras,Identificação,CONFORMING,CONFORMING,NONCONFORMING,CONFORMING,PENDING_BB,DIAGNOSTIC_OK,CONFORMING,NOT_APPLICABLE,NOT_APPLICABLE,NONCONFORMING,NONCONFORMING,AUTO_FROZEN,0.998316,0.082615
BI_047_R05.png,BI,BI_047,5,11,ZERO-SHOT,Barras,Identificação,CONFORMING,CONFORMING,NONCONFORMING,CONFORMING,PENDING_BB,DIAGNOSTIC_OK,NONCONFORMING,NOT_APPLICABLE,NOT_APPLICABLE,NONCONFORMING,NONCONFORMING,AUTO_FROZEN,0.998316,0.082615
BI_047_R06.png,BI,BI_047,6,11,ZERO-SHOT,Barras,Identificação,CONFORMING,CONFORMING,NONCONFORMING,CONFORMING,PENDING_BB,DIAGNOSTIC_OK,NONCONFORMING,NOT_APPLICABLE,NOT_APPLICABLE,NONCONFORMING,NONCONFORMING,AUTO_FROZEN,0.998316,0.082615
BI_047_R07.png,BI,BI_047,7,11,ZERO-SHOT,Barras,Identificação,CONFORMING,CONFORMING,NONCONFORMING,CONFORMING,PENDING_BB,DIAGNOSTIC_OK,NONCONFORMING,NOT_APPLICABLE,NOT_APPLICABLE,NONCONFORMING,NONCONFORMING,AUTO_FROZEN,0.998316,0.082615
BI_047_R08.png,BI,BI_047,8,11,ZERO-SHOT,Barras,Identificação,CONFORMING,CONFORMING,NONCONFORMING,CONFORMING,PENDING_BB,DIAGNOSTIC_OK,NONCONFORMING,NOT_APPLICABLE,NOT_APPLICABLE,NONCONFORMING,NONCONFORMING,AUTO_FROZEN,0.998316,0.082615
BI_047_R09.png,BI,BI_047,9,11,ZERO-SHOT,Barras,Identificação,CONFORMING,CONFORMING,NONCONFORMING,CONFORMING,PENDING_BB,DIAGNOSTIC_OK,NONCONFORMING,NOT_APPLICABLE,NOT_APPLICABLE,NONCONFORMING,NONCONFORMING,AUTO_FROZEN,0.998316,0.082615
BI_047_R10.png,BI,BI_047,10,11,ZERO-SHOT,Barras,Identificação,CONFORMING,CONFORMING,NONCONFORMING,CONFORMING,PENDING_BB,DIAGNOSTIC_OK,NONCONFORMING,NOT_APPLICABLE,NOT_APPLICABLE,NONCONFORMING,NONCONFORMING,AUTO_FROZEN,0.998316,0.082615
BI_048_R01.png,BI,BI_048,1,12,ZERO-SHOT,Barras,Identificação,CONFORMING,CONFORMING,CONFORMING,CONFORMING,PENDING_BB,DIAGNOSTIC_OK,NOT_APPLICABLE,NOT_APPLICABLE,NOT_APPLICABLE,NO_FAILURE_SO_FAR,PENDING_FINALIZATION,AUTO_FROZEN,0.918786,0.099198
BI_048_R02.png,BI,BI_048,2,12,ZERO-SHOT,Barras,Identificação,CONFORMING,CONFORMING,NONCONFORMING,CONFORMING,PENDING_BB,DIAGNOSTIC_OK,NOT_APPLICABLE,NOT_APPLICABLE,NOT_APPLICABLE,NONCONFORMING,NONCONFORMING,AUTO_FROZEN,0.998316,0.078387
BI_048_R03.png,BI,BI_048,3,12,ZERO-SHOT,Barras,Identificação,CONFORMING,CONFORMING,CONFORMING,CONFORMING,PENDING_BB,DIAGNOSTIC_OK,NOT_APPLICABLE,NOT_APPLICABLE,NOT_APPLICABLE,NO_FAILURE_SO_FAR,PENDING_FINALIZATION,AUTO_FROZEN,0.918725,0.103556
BI_048_R04.png,BI,BI_048,4,12,ZERO-SHOT,Barras,Identificação,CONFORMING,CONFORMING,NONCONFORMING,CONFORMING,PENDING_BB,DIAGNOSTIC_OK,NOT_APPLICABLE,NOT_APPLICABLE,NOT_APPLICABLE,NONCONFORMING,NONCONFORMING,AUTO_FROZEN,0.998316,0.078387
BI_048_R05.png,BI,BI_048,5,12,ZERO-SHOT,Barras,Identificação,CONFORMING,CONFORMING,NONCONFORMING,CONFORMING,PENDING_BB,DIAGNOSTIC_OK,NOT_APPLICABLE,NOT_APPLICABLE,NOT_APPLICABLE,NONCONFORMING,NONCONFORMING,AUTO_FROZEN,0.998316,0.078387
BI_048_R06.png,BI,BI_048,6,12,ZERO-SHOT,Barras,Identificação,CONFORMING,CONFORMING,NONCONFORMING,CONFORMING,PENDING_BB,DIAGNOSTIC_OK,NOT_APPLICABLE,NOT_APPLICABLE,NOT_APPLICABLE,NONCONFORMING,NONCONFORMING,AUTO_FROZEN,0.998316,0.078387
BI_048_R07.png,BI,BI_048,7,12,ZERO-SHOT,Barras,Identificação,CONFORMING,CONFORMING,NONCONFORMING,CONFORMING,PENDING_BB,DIAGNOSTIC_OK,NOT_APPLICABLE,NOT_APPLICABLE,NOT_APPLICABLE,NONCONFORMING,NONCONFORMING,AUTO_FROZEN,0.998316,0.078387
BI_048_R08.png,BI,BI_048,8,12,ZERO-SHOT,Barras,Identificação,CONFORMING,CONFORMING,CONFORMING,CONFORMING,PENDING_BB,DIAGNOSTIC_OK,NOT_APPLICABLE,NOT_APPLICABLE,NOT_APPLICABLE,NO_FAILURE_SO_FAR,PENDING_FINALIZATION,AUTO_FROZEN,0.918725,0.103556
BI_048_R09.png,BI,BI_048,9,12,ZERO-SHOT,Barras,Identificação,CONFORMING,CONFORMING,NONCONFORMING,CONFORMING,PENDING_BB,DIAGNOSTIC_OK,NOT_APPLICABLE,NOT_APPLICABLE,NOT_APPLICABLE,NONCONFORMING,NONCONFORMING,AUTO_FROZEN,0.998316,0.078387
BI_048_R10.png,BI,BI_048,10,12,ZERO-SHOT,Barras,Identificação,CONFORMING,CONFORMING,NONCONFORMING,CONFORMING,PENDING_BB,DIAGNOSTIC_OK,NOT_APPLICABLE,NOT_APPLICABLE,NOT_APPLICABLE,NONCONFORMING,NONCONFORMING,AUTO_FROZEN,0.998316,0.078387
BI_049_R01.png,BI,BI_049,1,13,ZERO-SHOT,Barras,Identificação,CONFORMING,CONFORMING,CONFORMING,CONFORMING,PENDING_BB,DIAGNOSTIC_OK,NOT_APPLICABLE,NOT_APPLICABLE,NOT_APPLICABLE,NO_FAILURE_SO_FAR,PENDING_FINALIZATION,AUTO_FROZEN,0.918725,0.103556
BI_049_R02.png,BI,BI_049,2,13,ZERO-SHOT,Barras,Identificação,CONFORMING,CONFORMING,CONFORMING,CONFORMING,PENDING_BB,DIAGNOSTIC_OK,NOT_APPLICABLE,NOT_APPLICABLE,NOT_APPLICABLE,NO_FAILURE_SO_FAR,PENDING_FINALIZATION,AUTO_FROZEN,0.918725,0.103556
BI_049_R03.png,BI,BI_049,3,13,ZERO-SHOT,Barras,Identificação,CONFORMING,CONFORMING,NONCONFORMING,CONFORMING,PENDING_BB,DIAGNOSTIC_OK,NOT_APPLICABLE,NOT_APPLICABLE,NOT_APPLICABLE,NONCONFORMING,NONCONFORMING,AUTO_FROZEN,0.998316,0.078387
BI_049_R04.png,BI,BI_049,4,13,ZERO-SHOT,Barras,Identificação,CONFORMING,CONFORMING,CONFORMING,CONFORMING,PENDING_BB,DIAGNOSTIC_OK,NOT_APPLICABLE,NOT_APPLICABLE,NOT_APPLICABLE,NO_FAILURE_SO_FAR,PENDING_FINALIZATION,AUTO_FROZEN,0.918725,0.103556
BI_049_R05.png,BI,BI_049,5,13,ZERO-SHOT,Barras,Identificação,CONFORMING,CONFORMING,CONFORMING,CONFORMING,PENDING_BB,DIAGNOSTIC_OK,NOT_APPLICABLE,NOT_APPLICABLE,NOT_APPLICABLE,NO_FAILURE_SO_FAR,PENDING_FINALIZATION,AUTO_FROZEN,0.918725,0.103556
BI_049_R06.png,BI,BI_049,6,13,ZERO-SHOT,Barras,Identificação,CONFORMING,CONFORMING,CONFORMING,CONFORMING,PENDING_BB,DIAGNOSTIC_OK,NOT_APPLICABLE,NOT_APPLICABLE,NOT_APPLICABLE,NO_FAILURE_SO_FAR,PENDING_FINALIZATION,AUTO_FROZEN,0.918725,0.103556
BI_049_R07.png,BI,BI_049,7,13,ZERO-SHOT,Barras,Identificação,CONFORMING,CONFORMING,CONFORMING,CONFORMING,PENDING_BB,DIAGNOSTIC_OK,NOT_APPLICABLE,NOT_APPLICABLE,NOT_APPLICABLE,NO_FAILURE_SO_FAR,PENDING_FINALIZATION,AUTO_FROZEN,0.918725,0.103556
BI_049_R08.png,BI,BI_049,8,13,ZERO-SHOT,Barras,Identificação,CONFORMING,CONFORMING,NONCONFORMING,CONFORMING,PENDING_BB,DIAGNOSTIC_OK,NOT_APPLICABLE,NOT_APPLICABLE,NOT_APPLICABLE,NONCONFORMING,NONCONFORMING,AUTO_FROZEN,0.998316,0.078387
BI_049_R09.png,BI,BI_049,9,13,ZERO-SHOT,Barras,Identificação,CONFORMING,CONFORMING,CONFORMING,CONFORMING,PENDING_BB,DIAGNOSTIC_OK,NOT_APPLICABLE,NOT_APPLICABLE,NOT_APPLICABLE,NO_FAILURE_SO_FAR,PENDING_FINALIZATION,AUTO_FROZEN,0.918725,0.103556
BI_049_R10.png,BI,BI_049,10,13,ZERO-SHOT,Barras,Identificação,CONFORMING,CONFORMING,CONFORMING,CONFORMING,PENDING_BB,DIAGNOSTIC_OK,NOT_APPLICABLE,NOT_APPLICABLE,NOT_APPLICABLE,NO_FAILURE_SO_FAR,PENDING_FINALIZATION,AUTO_FROZEN,0.915735,0.105662
BI_050_R01.png,BI,BI_050,1,14,ZERO-SHOT,Barras,Identificação,CONFORMING,CONFORMING,CONFORMING,CONFORMING,PENDING_BB,DIAGNOSTIC_OK,NOT_APPLICABLE,NOT_APPLICABLE,NOT_APPLICABLE,NO_FAILURE_SO_FAR,PENDING_FINALIZATION,AUTO_FROZEN,0.998476,0.079002
BI_050_R02.png,BI,BI_050,2,14,ZERO-SHOT,Barras,Identificação,CONFORMING,CONFORMING,CONFORMING,CONFORMING,PENDING_BB,DIAGNOSTIC_OK,NOT_APPLICABLE,NOT_APPLICABLE,NOT_APPLICABLE,NO_FAILURE_SO_FAR,PENDING_FINALIZATION,AUTO_FROZEN,0.915556,0.099024
BI_050_R03.png,BI,BI_050,3,14,ZERO-SHOT,Barras,Identificação,CONFORMING,CONFORMING,CONFORMING,CONFORMING,PENDING_BB,DIAGNOSTIC_OK,NOT_APPLICABLE,NOT_APPLICABLE,NOT_APPLICABLE,NO_FAILURE_SO_FAR,PENDING_FINALIZATION,AUTO_FROZEN,0.915556,0.099024
BI_050_R04.png,BI,BI_050,4,14,ZERO-SHOT,Barras,Identificação,CONFORMING,CONFORMING,CONFORMING,CONFORMING,PENDING_BB,DIAGNOSTIC_OK,NOT_APPLICABLE,NOT_APPLICABLE,NOT_APPLICABLE,NO_FAILURE_SO_FAR,PENDING_FINALIZATION,AUTO_FROZEN,0.915556,0.099024
BI_050_R05.png,BI,BI_050,5,14,ZERO-SHOT,Barras,Identificação,CONFORMING,CONFORMING,CONFORMING,CONFORMING,PENDING_BB,DIAGNOSTIC_OK,NOT_APPLICABLE,NOT_APPLICABLE,NOT_APPLICABLE,NO_FAILURE_SO_FAR,PENDING_FINALIZATION,AUTO_FROZEN,0.915556,0.099024
BI_050_R06.png,BI,BI_050,6,14,ZERO-SHOT,Barras,Identificação,CONFORMING,CONFORMING,CONFORMING,CONFORMING,PENDING_BB,DIAGNOSTIC_OK,NOT_APPLICABLE,NOT_APPLICABLE,NOT_APPLICABLE,NO_FAILURE_SO_FAR,PENDING_FINALIZATION,AUTO_FROZEN,0.915556,0.099024
BI_050_R07.png,BI,BI_050,7,14,ZERO-SHOT,Barras,Identificação,CONFORMING,CONFORMING,CONFORMING,CONFORMING,PENDING_BB,DIAGNOSTIC_OK,NOT_APPLICABLE,NOT_APPLICABLE,NOT_APPLICABLE,NO_FAILURE_SO_FAR,PENDING_FINALIZATION,AUTO_FROZEN,0.915556,0.099024
BI_050_R08.png,BI,BI_050,8,14,ZERO-SHOT,Barras,Identificação,CONFORMING,CONFORMING,CONFORMING,CONFORMING,PENDING_BB,DIAGNOSTIC_OK,NOT_APPLICABLE,NOT_APPLICABLE,NOT_APPLICABLE,NO_FAILURE_SO_FAR,PENDING_FINALIZATION,AUTO_FROZEN,0.915556,0.099024
BI_050_R09.png,BI,BI_050,9,14,ZERO-SHOT,Barras,Identificação,CONFORMING,CONFORMING,CONFORMING,CONFORMING,PENDING_BB,DIAGNOSTIC_OK,NOT_APPLICABLE,NOT_APPLICABLE,NOT_APPLICABLE,NO_FAILURE_SO_FAR,PENDING_FINALIZATION,AUTO_FROZEN,0.915556,0.099024
BI_050_R10.png,BI,BI_050,10,14,ZERO-SHOT,Barras,Identificação,CONFORMING,CONFORMING,CONFORMING,CONFORMING,PENDING_BB,DIAGNOSTIC_OK,NOT_APPLICABLE,NOT_APPLICABLE,NOT_APPLICABLE,NO_FAILURE_SO_FAR,PENDING_FINALIZATION,AUTO_FROZEN,0.915556,0.099024
BI_051_R01.png,BI,BI_051,1,15,ZERO-SHOT,Barras,Identificação,CONFORMING,CONFORMING,CONFORMING,CONFORMING,PENDING_BB,DIAGNOSTIC_OK,CONFORMING,NOT_APPLICABLE,NOT_APPLICABLE,NO_FAILURE_SO_FAR,PENDING_FINALIZATION,AUTO_FROZEN,0.928174,0.101005
BI_051_R02.png,BI,BI_051,2,15,ZERO-SHOT,Barras,Identificação,CONFORMING,CONFORMING,NONCONFORMING,CONFORMING,PENDING_BB,DIAGNOSTIC_OK,NONCONFORMING,NOT_APPLICABLE,NOT_APPLICABLE,NONCONFORMING,NONCONFORMING,AUTO_FROZEN,0.998333,0.038438
BI_051_R03.png,BI,BI_051,3,15,ZERO-SHOT,Barras,Identificação,CONFORMING,CONFORMING,NONCONFORMING,CONFORMING,PENDING_BB,DIAGNOSTIC_OK,NONCONFORMING,NOT_APPLICABLE,NOT_APPLICABLE,NONCONFORMING,NONCONFORMING,AUTO_FROZEN,0.998333,0.038438
BI_051_R04.png,BI,BI_051,4,15,ZERO-SHOT,Barras,Identificação,CONFORMING,CONFORMING,NONCONFORMING,CONFORMING,PENDING_BB,DIAGNOSTIC_OK,NONCONFORMING,NOT_APPLICABLE,NOT_APPLICABLE,NONCONFORMING,NONCONFORMING,AUTO_FROZEN,0.998333,0.038438
BI_051_R05.png,BI,BI_051,5,15,ZERO-SHOT,Barras,Identificação,CONFORMING,CONFORMING,NONCONFORMING,CONFORMING,PENDING_BB,DIAGNOSTIC_OK,NONCONFORMING,NOT_APPLICABLE,NOT_APPLICABLE,NONCONFORMING,NONCONFORMING,AUTO_FROZEN,0.998333,0.038438
BI_051_R06.png,BI,BI_051,6,15,ZERO-SHOT,Barras,Identificação,CONFORMING,CONFORMING,NONCONFORMING,CONFORMING,PENDING_BB,DIAGNOSTIC_OK,NONCONFORMING,NOT_APPLICABLE,NOT_APPLICABLE,NONCONFORMING,NONCONFORMING,AUTO_FROZEN,0.998333,0.038438
BI_051_R07.png,BI,BI_051,7,15,ZERO-SHOT,Barras,Identificação,CONFORMING,CONFORMING,NONCONFORMING,CONFORMING,PENDING_BB,DIAGNOSTIC_OK,NONCONFORMING,NOT_APPLICABLE,NOT_APPLICABLE,NONCONFORMING,NONCONFORMING,AUTO_FROZEN,0.998333,0.038438
BI_051_R08.png,BI,BI_051,8,15,ZERO-SHOT,Barras,Identificação,CONFORMING,CONFORMING,NONCONFORMING,CONFORMING,PENDING_BB,DIAGNOSTIC_OK,NONCONFORMING,NOT_APPLICABLE,NOT_APPLICABLE,NONCONFORMING,NONCONFORMING,AUTO_FROZEN,0.998333,0.038438
BI_051_R09.png,BI,BI_051,9,15,ZERO-SHOT,Barras,Identificação,CONFORMING,CONFORMING,NONCONFORMING,CONFORMING,PENDING_BB,DIAGNOSTIC_OK,NONCONFORMING,NOT_APPLICABLE,NOT_APPLICABLE,NONCONFORMING,NONCONFORMING,AUTO_FROZEN,0.998333,0.038438
BI_051_R10.png,BI,BI_051,10,15,ZERO-SHOT,Barras,Identificação,CONFORMING,CONFORMING,NONCONFORMING,CONFORMING,PENDING_BB,DIAGNOSTIC_OK,NONCONFORMING,NOT_APPLICABLE,NOT_APPLICABLE,NONCONFORMING,NONCONFORMING,AUTO_FROZEN,0.998333,0.038438
BI_052_R01.png,BI,BI_052,1,16,ZERO-SHOT,Barras,Identificação,CONFORMING,CONFORMING,CONFORMING,CONFORMING,PENDING_BB,DIAGNOSTIC_OK,NOT_APPLICABLE,NOT_APPLICABLE,NOT_APPLICABLE,NO_FAILURE_SO_FAR,PENDING_FINALIZATION,AUTO_FROZEN,0.915922,0.10599
BI_052_R02.png,BI,BI_052,2,16,ZERO-SHOT,Barras,Identificação,CONFORMING,CONFORMING,NONCONFORMING,CONFORMING,PENDING_BB,DIAGNOSTIC_OK,NOT_APPLICABLE,NOT_APPLICABLE,NOT_APPLICABLE,NONCONFORMING,NONCONFORMING,AUTO_FROZEN,0.998333,0.091771
BI_052_R03.png,BI,BI_052,3,16,ZERO-SHOT,Barras,Identificação,CONFORMING,CONFORMING,NONCONFORMING,CONFORMING,PENDING_BB,DIAGNOSTIC_OK,NOT_APPLICABLE,NOT_APPLICABLE,NOT_APPLICABLE,NONCONFORMING,NONCONFORMING,AUTO_FROZEN,0.998333,0.091771
BI_052_R04.png,BI,BI_052,4,16,ZERO-SHOT,Barras,Identificação,CONFORMING,CONFORMING,NONCONFORMING,CONFORMING,PENDING_BB,DIAGNOSTIC_OK,NOT_APPLICABLE,NOT_APPLICABLE,NOT_APPLICABLE,NONCONFORMING,NONCONFORMING,AUTO_FROZEN,0.998333,0.091771
BI_052_R05.png,BI,BI_052,5,16,ZERO-SHOT,Barras,Identificação,CONFORMING,CONFORMING,NONCONFORMING,CONFORMING,PENDING_BB,DIAGNOSTIC_OK,NOT_APPLICABLE,NOT_APPLICABLE,NOT_APPLICABLE,NONCONFORMING,NONCONFORMING,AUTO_FROZEN,0.998333,0.082396
BI_052_R06.png,BI,BI_052,6,16,ZERO-SHOT,Barras,Identificação,CONFORMING,CONFORMING,NONCONFORMING,CONFORMING,PENDING_BB,DIAGNOSTIC_OK,NOT_APPLICABLE,NOT_APPLICABLE,NOT_APPLICABLE,NONCONFORMING,NONCONFORMING,AUTO_FROZEN,0.998333,0.082396
BI_052_R07.png,BI,BI_052,7,16,ZERO-SHOT,Barras,Identificação,CONFORMING,CONFORMING,NONCONFORMING,CONFORMING,PENDING_BB,DIAGNOSTIC_OK,NOT_APPLICABLE,NOT_APPLICABLE,NOT_APPLICABLE,NONCONFORMING,NONCONFORMING,AUTO_FROZEN,0.998333,0.082396
BI_052_R08.png,BI,BI_052,8,16,ZERO-SHOT,Barras,Identificação,CONFORMING,CONFORMING,NONCONFORMING,CONFORMING,PENDING_BB,DIAGNOSTIC_OK,NOT_APPLICABLE,NOT_APPLICABLE,NOT_APPLICABLE,NONCONFORMING,NONCONFORMING,AUTO_FROZEN,0.998333,0.082396
BI_052_R09.png,BI,BI_052,9,16,ZERO-SHOT,Barras,Identificação,CONFORMING,CONFORMING,NONCONFORMING,CONFORMING,PENDING_BB,DIAGNOSTIC_OK,NOT_APPLICABLE,NOT_APPLICABLE,NOT_APPLICABLE,NONCONFORMING,NONCONFORMING,AUTO_FROZEN,0.998333,0.082396
BI_052_R10.png,BI,BI_052,10,16,ZERO-SHOT,Barras,Identificação,CONFORMING,CONFORMING,NONCONFORMING,CONFORMING,PENDING_BB,DIAGNOSTIC_OK,NOT_APPLICABLE,NOT_APPLICABLE,NOT_APPLICABLE,NONCONFORMING,NONCONFORMING,AUTO_FROZEN,0.998333,0.082396
LC_001_R01.png,LC,LC_001,1,1,FEW-SHOT,Linhas,Comparação,CONFORMING,CONFORMING,CONFORMING,CONFORMING,PENDING_BB,DIAGNOSTIC_OK,CONFORMING,CONFORMING,NOT_APPLICABLE,NO_FAILURE_SO_FAR,PENDING_FINALIZATION,AUTO_FROZEN,0.912005,0.079351
LC_001_R02.png,LC,LC_001,2,1,FEW-SHOT,Linhas,Comparação,CONFORMING,CONFORMING,CONFORMING,CONFORMING,PENDING_BB,DIAGNOSTIC_OK,CONFORMING,CONFORMING,NOT_APPLICABLE,NO_FAILURE_SO_FAR,PENDING_FINALIZATION,AUTO_FROZEN,0.955437,0.071437
LC_001_R03.png,LC,LC_001,3,1,FEW-SHOT,Linhas,Comparação,CONFORMING,CONFORMING,CONFORMING,CONFORMING,PENDING_BB,DIAGNOSTIC_OK,CONFORMING,CONFORMING,NOT_APPLICABLE,NO_FAILURE_SO_FAR,PENDING_FINALIZATION,AUTO_FROZEN,0.955437,0.071437
LC_001_R04.png,LC,LC_001,4,1,FEW-SHOT,Linhas,Comparação,CONFORMING,CONFORMING,CONFORMING,CONFORMING,PENDING_BB,DIAGNOSTIC_OK,CONFORMING,CONFORMING,NOT_APPLICABLE,NO_FAILURE_SO_FAR,PENDING_FINALIZATION,AUTO_FROZEN,0.955437,0.071437
LC_001_R05.png,LC,LC_001,5,1,FEW-SHOT,Linhas,Comparação,CONFORMING,CONFORMING,CONFORMING,CONFORMING,PENDING_BB,DIAGNOSTIC_OK,CONFORMING,CONFORMING,NOT_APPLICABLE,NO_FAILURE_SO_FAR,PENDING_FINALIZATION,AUTO_FROZEN,0.955437,0.071437
LC_001_R06.png,LC,LC_001,6,1,FEW-SHOT,Linhas,Comparação,CONFORMING,CONFORMING,CONFORMING,CONFORMING,PENDING_BB,DIAGNOSTIC_OK,CONFORMING,CONFORMING,NOT_APPLICABLE,NO_FAILURE_SO_FAR,PENDING_FINALIZATION,AUTO_FROZEN,0.955437,0.071437
LC_001_R07.png,LC,LC_001,7,1,FEW-SHOT,Linhas,Comparação,CONFORMING,CONFORMING,CONFORMING,CONFORMING,PENDING_BB,DIAGNOSTIC_OK,CONFORMING,CONFORMING,NOT_APPLICABLE,NO_FAILURE_SO_FAR,PENDING_FINALIZATION,AUTO_FROZEN,0.955437,0.071437
LC_001_R08.png,LC,LC_001,8,1,FEW-SHOT,Linhas,Comparação,CONFORMING,CONFORMING,CONFORMING,CONFORMING,PENDING_BB,DIAGNOSTIC_OK,CONFORMING,CONFORMING,NOT_APPLICABLE,NO_FAILURE_SO_FAR,PENDING_FINALIZATION,AUTO_FROZEN,0.955437,0.071437
LC_001_R09.png,LC,LC_001,9,1,FEW-SHOT,Linhas,Comparação,CONFORMING,CONFORMING,CONFORMING,CONFORMING,PENDING_BB,DIAGNOSTIC_OK,CONFORMING,CONFORMING,NOT_APPLICABLE,NO_FAILURE_SO_FAR,PENDING_FINALIZATION,AUTO_FROZEN,0.955437,0.071437
LC_001_R10.png,LC,LC_001,10,1,FEW-SHOT,Linhas,Comparação,CONFORMING,CONFORMING,CONFORMING,CONFORMING,PENDING_BB,DIAGNOSTIC_OK,CONFORMING,CONFORMING,NOT_APPLICABLE,NO_FAILURE_SO_FAR,PENDING_FINALIZATION,AUTO_FROZEN,0.955437,0.071437
LC_002_R01.png,LC,LC_002,1,4,FEW-SHOT,Linhas,Comparação,CONFORMING,CONFORMING,CONFORMING,CONFORMING,PENDING_BB,DIAGNOSTIC_OK,CONFORMING,CONFORMING,NOT_APPLICABLE,NO_FAILURE_SO_FAR,PENDING_FINALIZATION,AUTO_FROZEN,0.924904,0.050221
LC_002_R02.png,LC,LC_002,2,4,FEW-SHOT,Linhas,Comparação,CONFORMING,CONFORMING,CONFORMING,CONFORMING,PENDING_BB,DIAGNOSTIC_OK,CONFORMING,CONFORMING,NOT_APPLICABLE,NO_FAILURE_SO_FAR,PENDING_FINALIZATION,AUTO_FROZEN,0.937526,0.050221
LC_002_R03.png,LC,LC_002,3,4,FEW-SHOT,Linhas,Comparação,CONFORMING,CONFORMING,CONFORMING,CONFORMING,PENDING_BB,DIAGNOSTIC_OK,CONFORMING,CONFORMING,NOT_APPLICABLE,NO_FAILURE_SO_FAR,PENDING_FINALIZATION,AUTO_FROZEN,0.926003,0.050221
LC_002_R04.png,LC,LC_002,4,4,FEW-SHOT,Linhas,Comparação,CONFORMING,CONFORMING,CONFORMING,CONFORMING,PENDING_BB,DIAGNOSTIC_OK,CONFORMING,CONFORMING,NOT_APPLICABLE,NO_FAILURE_SO_FAR,PENDING_FINALIZATION,AUTO_FROZEN,0.943067,0.050221
LC_002_R05.png,LC,LC_002,5,4,FEW-SHOT,Linhas,Comparação,CONFORMING,CONFORMING,CONFORMING,CONFORMING,PENDING_BB,DIAGNOSTIC_OK,CONFORMING,CONFORMING,NOT_APPLICABLE,NO_FAILURE_SO_FAR,PENDING_FINALIZATION,AUTO_FROZEN,0.931381,0.050221
LC_002_R06.png,LC,LC_002,6,4,FEW-SHOT,Linhas,Comparação,CONFORMING,CONFORMING,CONFORMING,CONFORMING,PENDING_BB,DIAGNOSTIC_OK,CONFORMING,CONFORMING,NOT_APPLICABLE,NO_FAILURE_SO_FAR,PENDING_FINALIZATION,AUTO_FROZEN,0.926003,0.050221
LC_002_R07.png,LC,LC_002,7,4,FEW-SHOT,Linhas,Comparação,CONFORMING,CONFORMING,CONFORMING,CONFORMING,PENDING_BB,DIAGNOSTIC_OK,CONFORMING,CONFORMING,NOT_APPLICABLE,NO_FAILURE_SO_FAR,PENDING_FINALIZATION,AUTO_FROZEN,0.926003,0.050221
LC_002_R08.png,LC,LC_002,8,4,FEW-SHOT,Linhas,Comparação,CONFORMING,CONFORMING,CONFORMING,CONFORMING,PENDING_BB,DIAGNOSTIC_OK,CONFORMING,CONFORMING,NOT_APPLICABLE,NO_FAILURE_SO_FAR,PENDING_FINALIZATION,AUTO_FROZEN,0.925728,0.050221
LC_002_R09.png,LC,LC_002,9,4,FEW-SHOT,Linhas,Comparação,CONFORMING,CONFORMING,CONFORMING,CONFORMING,PENDING_BB,DIAGNOSTIC_OK,CONFORMING,CONFORMING,NOT_APPLICABLE,NO_FAILURE_SO_FAR,PENDING_FINALIZATION,AUTO_FROZEN,0.926454,0.050221
LC_002_R10.png,LC,LC_002,10,4,FEW-SHOT,Linhas,Comparação,CONFORMING,CONFORMING,CONFORMING,CONFORMING,PENDING_BB,DIAGNOSTIC_OK,CONFORMING,CONFORMING,NOT_APPLICABLE,NO_FAILURE_SO_FAR,PENDING_FINALIZATION,AUTO_FROZEN,0.924305,0.050221
LC_003_R01.png,LC,LC_003,1,6,FEW-SHOT,Linhas,Comparação,CONFORMING,CONFORMING,CONFORMING,CONFORMING,PENDING_BB,DIAGNOSTIC_OK,NOT_APPLICABLE,NOT_APPLICABLE,NOT_APPLICABLE,NO_FAILURE_SO_FAR,PENDING_FINALIZATION,AUTO_FROZEN,0.937905,0.054383
LC_003_R02.png,LC,LC_003,2,6,FEW-SHOT,Linhas,Comparação,CONFORMING,CONFORMING,CONFORMING,CONFORMING,PENDING_BB,DIAGNOSTIC_OK,NOT_APPLICABLE,NOT_APPLICABLE,NOT_APPLICABLE,NO_FAILURE_SO_FAR,PENDING_FINALIZATION,AUTO_FROZEN,0.946308,0.001875
LC_003_R03.png,LC,LC_003,3,6,FEW-SHOT,Linhas,Comparação,CONFORMING,CONFORMING,CONFORMING,CONFORMING,PENDING_BB,DIAGNOSTIC_OK,NOT_APPLICABLE,NOT_APPLICABLE,NOT_APPLICABLE,NO_FAILURE_SO_FAR,PENDING_FINALIZATION,AUTO_FROZEN,0.946308,0.001875
LC_003_R04.png,LC,LC_003,4,6,FEW-SHOT,Linhas,Comparação,CONFORMING,CONFORMING,CONFORMING,CONFORMING,PENDING_BB,DIAGNOSTIC_OK,NOT_APPLICABLE,NOT_APPLICABLE,NOT_APPLICABLE,NO_FAILURE_SO_FAR,PENDING_FINALIZATION,AUTO_FROZEN,0.946308,0.001875
LC_003_R05.png,LC,LC_003,5,6,FEW-SHOT,Linhas,Comparação,CONFORMING,CONFORMING,CONFORMING,CONFORMING,PENDING_BB,DIAGNOSTIC_OK,NOT_APPLICABLE,NOT_APPLICABLE,NOT_APPLICABLE,NO_FAILURE_SO_FAR,PENDING_FINALIZATION,AUTO_FROZEN,0.946308,0.001875
LC_003_R06.png,LC,LC_003,6,6,FEW-SHOT,Linhas,Comparação,CONFORMING,CONFORMING,CONFORMING,CONFORMING,PENDING_BB,DIAGNOSTIC_OK,NOT_APPLICABLE,NOT_APPLICABLE,NOT_APPLICABLE,NO_FAILURE_SO_FAR,PENDING_FINALIZATION,AUTO_FROZEN,0.946308,0.001875
LC_003_R07.png,LC,LC_003,7,6,FEW-SHOT,Linhas,Comparação,CONFORMING,CONFORMING,CONFORMING,CONFORMING,PENDING_BB,DIAGNOSTIC_OK,NOT_APPLICABLE,NOT_APPLICABLE,NOT_APPLICABLE,NO_FAILURE_SO_FAR,PENDING_FINALIZATION,AUTO_FROZEN,0.946308,0.001875
LC_003_R08.png,LC,LC_003,8,6,FEW-SHOT,Linhas,Comparação,CONFORMING,CONFORMING,CONFORMING,CONFORMING,PENDING_BB,DIAGNOSTIC_OK,NOT_APPLICABLE,NOT_APPLICABLE,NOT_APPLICABLE,NO_FAILURE_SO_FAR,PENDING_FINALIZATION,AUTO_FROZEN,0.946308,0.001875
LC_003_R09.png,LC,LC_003,9,6,FEW-SHOT,Linhas,Comparação,CONFORMING,CONFORMING,CONFORMING,CONFORMING,PENDING_BB,DIAGNOSTIC_OK,NOT_APPLICABLE,NOT_APPLICABLE,NOT_APPLICABLE,NO_FAILURE_SO_FAR,PENDING_FINALIZATION,AUTO_FROZEN,0.946308,0.001875
LC_003_R10.png,LC,LC_003,10,6,FEW-SHOT,Linhas,Comparação,CONFORMING,CONFORMING,CONFORMING,CONFORMING,PENDING_BB,DIAGNOSTIC_OK,NOT_APPLICABLE,NOT_APPLICABLE,NOT_APPLICABLE,NO_FAILURE_SO_FAR,PENDING_FINALIZATION,AUTO_FROZEN,0.946308,0.001875
LC_004_R01.png,LC,LC_004,1,7,FEW-SHOT,Linhas,Comparação,CONFORMING,CONFORMING,CONFORMING,CONFORMING,PENDING_BB,DIAGNOSTIC_OK,NOT_APPLICABLE,NOT_APPLICABLE,NOT_APPLICABLE,NO_FAILURE_SO_FAR,PENDING_FINALIZATION,AUTO_FROZEN,0.946308,0.001875
LC_004_R02.png,LC,LC_004,2,7,FEW-SHOT,Linhas,Comparação,CONFORMING,CONFORMING,CONFORMING,CONFORMING,PENDING_BB,DIAGNOSTIC_OK,NOT_APPLICABLE,NOT_APPLICABLE,NOT_APPLICABLE,NO_FAILURE_SO_FAR,PENDING_FINALIZATION,AUTO_FROZEN,0.941297,0.073876
LC_004_R03.png,LC,LC_004,3,7,FEW-SHOT,Linhas,Comparação,CONFORMING,CONFORMING,CONFORMING,CONFORMING,PENDING_BB,DIAGNOSTIC_OK,NOT_APPLICABLE,NOT_APPLICABLE,NOT_APPLICABLE,NO_FAILURE_SO_FAR,PENDING_FINALIZATION,AUTO_FROZEN,0.941297,0.073876
LC_004_R04.png,LC,LC_004,4,7,FEW-SHOT,Linhas,Comparação,CONFORMING,CONFORMING,CONFORMING,CONFORMING,PENDING_BB,DIAGNOSTIC_OK,NOT_APPLICABLE,NOT_APPLICABLE,NOT_APPLICABLE,NO_FAILURE_SO_FAR,PENDING_FINALIZATION,AUTO_FROZEN,0.941297,0.073876
LC_004_R05.png,LC,LC_004,5,7,FEW-SHOT,Linhas,Comparação,CONFORMING,CONFORMING,CONFORMING,CONFORMING,PENDING_BB,DIAGNOSTIC_OK,NOT_APPLICABLE,NOT_APPLICABLE,NOT_APPLICABLE,NO_FAILURE_SO_FAR,PENDING_FINALIZATION,AUTO_FROZEN,0.941297,0.073876
LC_004_R06.png,LC,LC_004,6,7,FEW-SHOT,Linhas,Comparação,CONFORMING,CONFORMING,CONFORMING,CONFORMING,PENDING_BB,DIAGNOSTIC_OK,NOT_APPLICABLE,NOT_APPLICABLE,NOT_APPLICABLE,NO_FAILURE_SO_FAR,PENDING_FINALIZATION,AUTO_FROZEN,0.941297,0.073876
LC_004_R07.png,LC,LC_004,7,7,FEW-SHOT,Linhas,Comparação,CONFORMING,CONFORMING,CONFORMING,CONFORMING,PENDING_BB,DIAGNOSTIC_OK,NOT_APPLICABLE,NOT_APPLICABLE,NOT_APPLICABLE,NO_FAILURE_SO_FAR,PENDING_FINALIZATION,AUTO_FROZEN,0.941297,0.073876
LC_004_R08.png,LC,LC_004,8,7,FEW-SHOT,Linhas,Comparação,CONFORMING,CONFORMING,CONFORMING,CONFORMING,PENDING_BB,DIAGNOSTIC_OK,NOT_APPLICABLE,NOT_APPLICABLE,NOT_APPLICABLE,NO_FAILURE_SO_FAR,PENDING_FINALIZATION,AUTO_FROZEN,0.941297,0.073876
LC_004_R09.png,LC,LC_004,9,7,FEW-SHOT,Linhas,Comparação,CONFORMING,CONFORMING,CONFORMING,CONFORMING,PENDING_BB,DIAGNOSTIC_OK,NOT_APPLICABLE,NOT_APPLICABLE,NOT_APPLICABLE,NO_FAILURE_SO_FAR,PENDING_FINALIZATION,AUTO_FROZEN,0.941297,0.073876
LC_004_R10.png,LC,LC_004,10,7,FEW-SHOT,Linhas,Comparação,CONFORMING,CONFORMING,CONFORMING,CONFORMING,PENDING_BB,DIAGNOSTIC_OK,NOT_APPLICABLE,NOT_APPLICABLE,NOT_APPLICABLE,NO_FAILURE_SO_FAR,PENDING_FINALIZATION,AUTO_FROZEN,0.941297,0.073876
LC_005_R01.png,LC,LC_005,1,8,FEW-SHOT,Linhas,Comparação,CONFORMING,CONFORMING,CONFORMING,CONFORMING,PENDING_BB,DIAGNOSTIC_OK,NOT_APPLICABLE,NOT_APPLICABLE,NOT_APPLICABLE,NO_FAILURE_SO_FAR,PENDING_FINALIZATION,AUTO_FROZEN,0.941652,0.074831
LC_005_R02.png,LC,LC_005,2,8,FEW-SHOT,Linhas,Comparação,CONFORMING,CONFORMING,CONFORMING,CONFORMING,PENDING_BB,DIAGNOSTIC_OK,NOT_APPLICABLE,NOT_APPLICABLE,NOT_APPLICABLE,NO_FAILURE_SO_FAR,PENDING_FINALIZATION,AUTO_FROZEN,0.937725,0.078763
LC_005_R03.png,LC,LC_005,3,8,FEW-SHOT,Linhas,Comparação,CONFORMING,CONFORMING,CONFORMING,CONFORMING,PENDING_BB,DIAGNOSTIC_OK,NOT_APPLICABLE,NOT_APPLICABLE,NOT_APPLICABLE,NO_FAILURE_SO_FAR,PENDING_FINALIZATION,AUTO_FROZEN,0.937725,0.078763
LC_005_R04.png,LC,LC_005,4,8,FEW-SHOT,Linhas,Comparação,CONFORMING,CONFORMING,CONFORMING,CONFORMING,PENDING_BB,DIAGNOSTIC_OK,NOT_APPLICABLE,NOT_APPLICABLE,NOT_APPLICABLE,NO_FAILURE_SO_FAR,PENDING_FINALIZATION,AUTO_FROZEN,0.937725,0.078763
LC_005_R05.png,LC,LC_005,5,8,FEW-SHOT,Linhas,Comparação,CONFORMING,CONFORMING,CONFORMING,CONFORMING,PENDING_BB,DIAGNOSTIC_OK,NOT_APPLICABLE,NOT_APPLICABLE,NOT_APPLICABLE,NO_FAILURE_SO_FAR,PENDING_FINALIZATION,AUTO_FROZEN,0.937725,0.078763
LC_005_R06.png,LC,LC_005,6,8,FEW-SHOT,Linhas,Comparação,CONFORMING,CONFORMING,CONFORMING,CONFORMING,PENDING_BB,DIAGNOSTIC_OK,NOT_APPLICABLE,NOT_APPLICABLE,NOT_APPLICABLE,NO_FAILURE_SO_FAR,PENDING_FINALIZATION,AUTO_FROZEN,0.937725,0.078763
LC_005_R07.png,LC,LC_005,7,8,FEW-SHOT,Linhas,Comparação,CONFORMING,CONFORMING,CONFORMING,CONFORMING,PENDING_BB,DIAGNOSTIC_OK,NOT_APPLICABLE,NOT_APPLICABLE,NOT_APPLICABLE,NO_FAILURE_SO_FAR,PENDING_FINALIZATION,AUTO_FROZEN,0.937725,0.078763
LC_005_R08.png,LC,LC_005,8,8,FEW-SHOT,Linhas,Comparação,CONFORMING,CONFORMING,CONFORMING,CONFORMING,PENDING_BB,DIAGNOSTIC_OK,NOT_APPLICABLE,NOT_APPLICABLE,NOT_APPLICABLE,NO_FAILURE_SO_FAR,PENDING_FINALIZATION,AUTO_FROZEN,0.937725,0.078763
LC_005_R09.png,LC,LC_005,9,8,FEW-SHOT,Linhas,Comparação,CONFORMING,CONFORMING,CONFORMING,CONFORMING,PENDING_BB,DIAGNOSTIC_OK,NOT_APPLICABLE,NOT_APPLICABLE,NOT_APPLICABLE,NO_FAILURE_SO_FAR,PENDING_FINALIZATION,AUTO_FROZEN,0.937725,0.078763
LC_005_R10.png,LC,LC_005,10,8,FEW-SHOT,Linhas,Comparação,CONFORMING,CONFORMING,CONFORMING,CONFORMING,PENDING_BB,DIAGNOSTIC_OK,NOT_APPLICABLE,NOT_APPLICABLE,NOT_APPLICABLE,NO_FAILURE_SO_FAR,PENDING_FINALIZATION,AUTO_FROZEN,0.937725,0.078763
LC_006_R01.png,LC,LC_006,1,9,FEW-SHOT,Linhas,Comparação,CONFORMING,CONFORMING,CONFORMING,CONFORMING,PENDING_BB,DIAGNOSTIC_OK,CONFORMING,CONFORMING,CONFORMING,NO_FAILURE_SO_FAR,PENDING_FINALIZATION,AUTO_FROZEN,0.961419,0.058309
LC_006_R02.png,LC,LC_006,2,9,FEW-SHOT,Linhas,Comparação,CONFORMING,CONFORMING,CONFORMING,CONFORMING,PENDING_BB,DIAGNOSTIC_OK,CONFORMING,CONFORMING,CONFORMING,NO_FAILURE_SO_FAR,PENDING_FINALIZATION,AUTO_FROZEN,0.968822,0.073793
LC_006_R03.png,LC,LC_006,3,9,FEW-SHOT,Linhas,Comparação,CONFORMING,CONFORMING,CONFORMING,CONFORMING,PENDING_BB,DIAGNOSTIC_OK,CONFORMING,CONFORMING,CONFORMING,NO_FAILURE_SO_FAR,PENDING_FINALIZATION,AUTO_FROZEN,0.968822,0.073793
LC_006_R04.png,LC,LC_006,4,9,FEW-SHOT,Linhas,Comparação,CONFORMING,CONFORMING,CONFORMING,CONFORMING,PENDING_BB,DIAGNOSTIC_OK,CONFORMING,CONFORMING,CONFORMING,NO_FAILURE_SO_FAR,PENDING_FINALIZATION,AUTO_FROZEN,0.968822,0.073793
LC_006_R05.png,LC,LC_006,5,9,FEW-SHOT,Linhas,Comparação,CONFORMING,CONFORMING,CONFORMING,CONFORMING,PENDING_BB,DIAGNOSTIC_OK,CONFORMING,CONFORMING,CONFORMING,NO_FAILURE_SO_FAR,PENDING_FINALIZATION,AUTO_FROZEN,0.968822,0.073793
LC_006_R06.png,LC,LC_006,6,9,FEW-SHOT,Linhas,Comparação,CONFORMING,CONFORMING,CONFORMING,CONFORMING,PENDING_BB,DIAGNOSTIC_OK,CONFORMING,CONFORMING,CONFORMING,NO_FAILURE_SO_FAR,PENDING_FINALIZATION,AUTO_FROZEN,0.968822,0.073793
LC_006_R07.png,LC,LC_006,7,9,FEW-SHOT,Linhas,Comparação,CONFORMING,CONFORMING,CONFORMING,CONFORMING,PENDING_BB,DIAGNOSTIC_OK,CONFORMING,CONFORMING,CONFORMING,NO_FAILURE_SO_FAR,PENDING_FINALIZATION,AUTO_FROZEN,0.968822,0.073793
LC_006_R08.png,LC,LC_006,8,9,FEW-SHOT,Linhas,Comparação,CONFORMING,CONFORMING,CONFORMING,CONFORMING,PENDING_BB,DIAGNOSTIC_OK,CONFORMING,CONFORMING,CONFORMING,NO_FAILURE_SO_FAR,PENDING_FINALIZATION,AUTO_FROZEN,0.968822,0.073793
LC_006_R09.png,LC,LC_006,9,9,FEW-SHOT,Linhas,Comparação,CONFORMING,CONFORMING,CONFORMING,CONFORMING,PENDING_BB,DIAGNOSTIC_OK,CONFORMING,CONFORMING,CONFORMING,NO_FAILURE_SO_FAR,PENDING_FINALIZATION,AUTO_FROZEN,0.968822,0.073793
LC_006_R10.png,LC,LC_006,10,9,FEW-SHOT,Linhas,Comparação,CONFORMING,CONFORMING,CONFORMING,CONFORMING,PENDING_BB,DIAGNOSTIC_OK,CONFORMING,CONFORMING,CONFORMING,NO_FAILURE_SO_FAR,PENDING_FINALIZATION,AUTO_FROZEN,0.968822,0.073793
LC_007_R01.png,LC,LC_007,1,10,FEW-SHOT,Linhas,Comparação,CONFORMING,CONFORMING,NONCONFORMING,CONFORMING,PENDING_BB,DIAGNOSTIC_OK,CONFORMING,CONFORMING,NOT_APPLICABLE,NONCONFORMING,NONCONFORMING,AUTO_FROZEN,0.917323,0.066303
LC_007_R02.png,LC,LC_007,2,10,FEW-SHOT,Linhas,Comparação,CONFORMING,CONFORMING,CONFORMING,CONFORMING,PENDING_BB,DIAGNOSTIC_OK,CONFORMING,CONFORMING,NOT_APPLICABLE,NO_FAILURE_SO_FAR,PENDING_FINALIZATION,AUTO_FROZEN,0.961492,0.072971
LC_007_R03.png,LC,LC_007,3,10,FEW-SHOT,Linhas,Comparação,CONFORMING,CONFORMING,CONFORMING,CONFORMING,PENDING_BB,DIAGNOSTIC_OK,CONFORMING,CONFORMING,NOT_APPLICABLE,NO_FAILURE_SO_FAR,PENDING_FINALIZATION,AUTO_FROZEN,0.965864,0.072971
LC_007_R04.png,LC,LC_007,4,10,FEW-SHOT,Linhas,Comparação,CONFORMING,CONFORMING,CONFORMING,CONFORMING,PENDING_BB,DIAGNOSTIC_OK,CONFORMING,CONFORMING,NOT_APPLICABLE,NO_FAILURE_SO_FAR,PENDING_FINALIZATION,AUTO_FROZEN,0.965695,0.072971
LC_007_R05.png,LC,LC_007,5,10,FEW-SHOT,Linhas,Comparação,CONFORMING,CONFORMING,CONFORMING,CONFORMING,PENDING_BB,DIAGNOSTIC_OK,CONFORMING,CONFORMING,NOT_APPLICABLE,NO_FAILURE_SO_FAR,PENDING_FINALIZATION,AUTO_FROZEN,0.960669,0.072971
LC_007_R06.png,LC,LC_007,6,10,FEW-SHOT,Linhas,Comparação,CONFORMING,CONFORMING,CONFORMING,CONFORMING,PENDING_BB,DIAGNOSTIC_OK,CONFORMING,CONFORMING,NOT_APPLICABLE,NO_FAILURE_SO_FAR,PENDING_FINALIZATION,AUTO_FROZEN,0.961544,0.073344
LC_007_R07.png,LC,LC_007,7,10,FEW-SHOT,Linhas,Comparação,CONFORMING,CONFORMING,CONFORMING,CONFORMING,PENDING_BB,DIAGNOSTIC_OK,CONFORMING,CONFORMING,NOT_APPLICABLE,NO_FAILURE_SO_FAR,PENDING_FINALIZATION,AUTO_FROZEN,0.965392,0.072971
LC_007_R08.png,LC,LC_007,8,10,FEW-SHOT,Linhas,Comparação,CONFORMING,CONFORMING,CONFORMING,CONFORMING,PENDING_BB,DIAGNOSTIC_OK,CONFORMING,CONFORMING,NOT_APPLICABLE,NO_FAILURE_SO_FAR,PENDING_FINALIZATION,AUTO_FROZEN,0.965615,0.073344
LC_007_R09.png,LC,LC_007,9,10,FEW-SHOT,Linhas,Comparação,CONFORMING,CONFORMING,CONFORMING,CONFORMING,PENDING_BB,DIAGNOSTIC_OK,CONFORMING,CONFORMING,NOT_APPLICABLE,NO_FAILURE_SO_FAR,PENDING_FINALIZATION,AUTO_FROZEN,0.961272,0.072971
LC_007_R10.png,LC,LC_007,10,10,FEW-SHOT,Linhas,Comparação,CONFORMING,CONFORMING,CONFORMING,CONFORMING,PENDING_BB,DIAGNOSTIC_OK,CONFORMING,CONFORMING,NOT_APPLICABLE,NO_FAILURE_SO_FAR,PENDING_FINALIZATION,AUTO_FROZEN,0.961541,0.072971
LC_008_R01.png,LC,LC_008,1,11,FEW-SHOT,Linhas,Comparação,CONFORMING,CONFORMING,CONFORMING,CONFORMING,PENDING_BB,DIAGNOSTIC_OK,NOT_APPLICABLE,NOT_APPLICABLE,NOT_APPLICABLE,NO_FAILURE_SO_FAR,PENDING_FINALIZATION,AUTO_FROZEN,0.942062,0.07964
LC_008_R02.png,LC,LC_008,2,11,FEW-SHOT,Linhas,Comparação,CONFORMING,CONFORMING,CONFORMING,CONFORMING,PENDING_BB,DIAGNOSTIC_OK,NOT_APPLICABLE,NOT_APPLICABLE,NOT_APPLICABLE,NO_FAILURE_SO_FAR,PENDING_FINALIZATION,AUTO_FROZEN,0.949598,0.038542
LC_008_R03.png,LC,LC_008,3,11,FEW-SHOT,Linhas,Comparação,CONFORMING,CONFORMING,CONFORMING,CONFORMING,PENDING_BB,DIAGNOSTIC_OK,NOT_APPLICABLE,NOT_APPLICABLE,NOT_APPLICABLE,NO_FAILURE_SO_FAR,PENDING_FINALIZATION,AUTO_FROZEN,0.949598,0.038542
LC_008_R04.png,LC,LC_008,4,11,FEW-SHOT,Linhas,Comparação,CONFORMING,CONFORMING,CONFORMING,CONFORMING,PENDING_BB,DIAGNOSTIC_OK,NOT_APPLICABLE,NOT_APPLICABLE,NOT_APPLICABLE,NO_FAILURE_SO_FAR,PENDING_FINALIZATION,AUTO_FROZEN,0.949598,0.038542
LC_008_R05.png,LC,LC_008,5,11,FEW-SHOT,Linhas,Comparação,CONFORMING,CONFORMING,CONFORMING,CONFORMING,PENDING_BB,DIAGNOSTIC_OK,NOT_APPLICABLE,NOT_APPLICABLE,NOT_APPLICABLE,NO_FAILURE_SO_FAR,PENDING_FINALIZATION,AUTO_FROZEN,0.949598,0.038542
LC_008_R06.png,LC,LC_008,6,11,FEW-SHOT,Linhas,Comparação,CONFORMING,CONFORMING,CONFORMING,CONFORMING,PENDING_BB,DIAGNOSTIC_OK,NOT_APPLICABLE,NOT_APPLICABLE,NOT_APPLICABLE,NO_FAILURE_SO_FAR,PENDING_FINALIZATION,AUTO_FROZEN,0.949598,0.038542
LC_008_R07.png,LC,LC_008,7,11,FEW-SHOT,Linhas,Comparação,CONFORMING,CONFORMING,CONFORMING,CONFORMING,PENDING_BB,DIAGNOSTIC_OK,NOT_APPLICABLE,NOT_APPLICABLE,NOT_APPLICABLE,NO_FAILURE_SO_FAR,PENDING_FINALIZATION,AUTO_FROZEN,0.949598,0.038542
LC_008_R08.png,LC,LC_008,8,11,FEW-SHOT,Linhas,Comparação,CONFORMING,CONFORMING,CONFORMING,CONFORMING,PENDING_BB,DIAGNOSTIC_OK,NOT_APPLICABLE,NOT_APPLICABLE,NOT_APPLICABLE,NO_FAILURE_SO_FAR,PENDING_FINALIZATION,AUTO_FROZEN,0.949598,0.038542
LC_008_R09.png,LC,LC_008,9,11,FEW-SHOT,Linhas,Comparação,CONFORMING,CONFORMING,CONFORMING,CONFORMING,PENDING_BB,DIAGNOSTIC_OK,NOT_APPLICABLE,NOT_APPLICABLE,NOT_APPLICABLE,NO_FAILURE_SO_FAR,PENDING_FINALIZATION,AUTO_FROZEN,0.949598,0.038542
LC_008_R10.png,LC,LC_008,10,11,FEW-SHOT,Linhas,Comparação,CONFORMING,CONFORMING,CONFORMING,CONFORMING,PENDING_BB,DIAGNOSTIC_OK,NOT_APPLICABLE,NOT_APPLICABLE,NOT_APPLICABLE,NO_FAILURE_SO_FAR,PENDING_FINALIZATION,AUTO_FROZEN,0.949598,0.038542
LC_009_R01.png,LC,LC_009,1,12,FEW-SHOT,Linhas,Comparação,CONFORMING,CONFORMING,CONFORMING,CONFORMING,PENDING_BB,DIAGNOSTIC_OK,NOT_APPLICABLE,NOT_APPLICABLE,NOT_APPLICABLE,NO_FAILURE_SO_FAR,PENDING_FINALIZATION,AUTO_FROZEN,0.976762,0.047588
LC_009_R02.png,LC,LC_009,2,12,FEW-SHOT,Linhas,Comparação,CONFORMING,CONFORMING,CONFORMING,CONFORMING,PENDING_BB,DIAGNOSTIC_OK,NOT_APPLICABLE,NOT_APPLICABLE,NOT_APPLICABLE,NO_FAILURE_SO_FAR,PENDING_FINALIZATION,AUTO_FROZEN,0.937526,0.050221
LC_009_R03.png,LC,LC_009,3,12,FEW-SHOT,Linhas,Comparação,CONFORMING,CONFORMING,CONFORMING,CONFORMING,PENDING_BB,DIAGNOSTIC_OK,NOT_APPLICABLE,NOT_APPLICABLE,NOT_APPLICABLE,NO_FAILURE_SO_FAR,PENDING_FINALIZATION,AUTO_FROZEN,0.937526,0.050221
LC_009_R04.png,LC,LC_009,4,12,FEW-SHOT,Linhas,Comparação,CONFORMING,CONFORMING,CONFORMING,CONFORMING,PENDING_BB,DIAGNOSTIC_OK,NOT_APPLICABLE,NOT_APPLICABLE,NOT_APPLICABLE,NO_FAILURE_SO_FAR,PENDING_FINALIZATION,AUTO_FROZEN,0.937526,0.050221
LC_009_R05.png,LC,LC_009,5,12,FEW-SHOT,Linhas,Comparação,CONFORMING,CONFORMING,CONFORMING,CONFORMING,PENDING_BB,DIAGNOSTIC_OK,NOT_APPLICABLE,NOT_APPLICABLE,NOT_APPLICABLE,NO_FAILURE_SO_FAR,PENDING_FINALIZATION,AUTO_FROZEN,0.937526,0.050221
LC_009_R06.png,LC,LC_009,6,12,FEW-SHOT,Linhas,Comparação,CONFORMING,CONFORMING,CONFORMING,CONFORMING,PENDING_BB,DIAGNOSTIC_OK,NOT_APPLICABLE,NOT_APPLICABLE,NOT_APPLICABLE,NO_FAILURE_SO_FAR,PENDING_FINALIZATION,AUTO_FROZEN,0.937526,0.050221
LC_009_R07.png,LC,LC_009,7,12,FEW-SHOT,Linhas,Comparação,CONFORMING,CONFORMING,CONFORMING,CONFORMING,PENDING_BB,DIAGNOSTIC_OK,NOT_APPLICABLE,NOT_APPLICABLE,NOT_APPLICABLE,NO_FAILURE_SO_FAR,PENDING_FINALIZATION,AUTO_FROZEN,0.937526,0.050221
LC_009_R08.png,LC,LC_009,8,12,FEW-SHOT,Linhas,Comparação,CONFORMING,CONFORMING,CONFORMING,CONFORMING,PENDING_BB,DIAGNOSTIC_OK,NOT_APPLICABLE,NOT_APPLICABLE,NOT_APPLICABLE,NO_FAILURE_SO_FAR,PENDING_FINALIZATION,AUTO_FROZEN,0.937526,0.050221
LC_009_R09.png,LC,LC_009,9,12,FEW-SHOT,Linhas,Comparação,CONFORMING,CONFORMING,CONFORMING,CONFORMING,PENDING_BB,DIAGNOSTIC_OK,NOT_APPLICABLE,NOT_APPLICABLE,NOT_APPLICABLE,NO_FAILURE_SO_FAR,PENDING_FINALIZATION,AUTO_FROZEN,0.937526,0.050221
LC_009_R10.png,LC,LC_009,10,12,FEW-SHOT,Linhas,Comparação,CONFORMING,CONFORMING,CONFORMING,CONFORMING,PENDING_BB,DIAGNOSTIC_OK,NOT_APPLICABLE,NOT_APPLICABLE,NOT_APPLICABLE,NO_FAILURE_SO_FAR,PENDING_FINALIZATION,AUTO_FROZEN,0.937526,0.050221
LC_010_R01.png,LC,LC_010,1,13,FEW-SHOT,Linhas,Comparação,CONFORMING,CONFORMING,CONFORMING,CONFORMING,PENDING_BB,DIAGNOSTIC_OK,CONFORMING,CONFORMING,CONFORMING,NO_FAILURE_SO_FAR,PENDING_FINALIZATION,AUTO_FROZEN,0.955648,0.001875
LC_010_R02.png,LC,LC_010,2,13,FEW-SHOT,Linhas,Comparação,CONFORMING,CONFORMING,CONFORMING,CONFORMING,PENDING_BB,DIAGNOSTIC_OK,CONFORMING,CONFORMING,CONFORMING,NO_FAILURE_SO_FAR,PENDING_FINALIZATION,AUTO_FROZEN,0.96058,0.068666
LC_010_R03.png,LC,LC_010,3,13,FEW-SHOT,Linhas,Comparação,CONFORMING,CONFORMING,CONFORMING,CONFORMING,PENDING_BB,DIAGNOSTIC_OK,CONFORMING,CONFORMING,CONFORMING,NO_FAILURE_SO_FAR,PENDING_FINALIZATION,AUTO_FROZEN,0.96058,0.068666
LC_010_R04.png,LC,LC_010,4,13,FEW-SHOT,Linhas,Comparação,CONFORMING,CONFORMING,CONFORMING,CONFORMING,PENDING_BB,DIAGNOSTIC_OK,CONFORMING,CONFORMING,CONFORMING,NO_FAILURE_SO_FAR,PENDING_FINALIZATION,AUTO_FROZEN,0.96058,0.068666
LC_010_R05.png,LC,LC_010,5,13,FEW-SHOT,Linhas,Comparação,CONFORMING,CONFORMING,CONFORMING,CONFORMING,PENDING_BB,DIAGNOSTIC_OK,CONFORMING,CONFORMING,CONFORMING,NO_FAILURE_SO_FAR,PENDING_FINALIZATION,AUTO_FROZEN,0.96058,0.068666
LC_010_R06.png,LC,LC_010,6,13,FEW-SHOT,Linhas,Comparação,CONFORMING,CONFORMING,CONFORMING,CONFORMING,PENDING_BB,DIAGNOSTIC_OK,CONFORMING,CONFORMING,CONFORMING,NO_FAILURE_SO_FAR,PENDING_FINALIZATION,AUTO_FROZEN,0.96058,0.068666
LC_010_R07.png,LC,LC_010,7,13,FEW-SHOT,Linhas,Comparação,CONFORMING,CONFORMING,CONFORMING,CONFORMING,PENDING_BB,DIAGNOSTIC_OK,CONFORMING,CONFORMING,CONFORMING,NO_FAILURE_SO_FAR,PENDING_FINALIZATION,AUTO_FROZEN,0.96058,0.068666
LC_010_R08.png,LC,LC_010,8,13,FEW-SHOT,Linhas,Comparação,CONFORMING,CONFORMING,CONFORMING,CONFORMING,PENDING_BB,DIAGNOSTIC_OK,CONFORMING,CONFORMING,CONFORMING,NO_FAILURE_SO_FAR,PENDING_FINALIZATION,AUTO_FROZEN,0.96058,0.068666
LC_010_R09.png,LC,LC_010,9,13,FEW-SHOT,Linhas,Comparação,CONFORMING,CONFORMING,CONFORMING,CONFORMING,PENDING_BB,DIAGNOSTIC_OK,CONFORMING,CONFORMING,CONFORMING,NO_FAILURE_SO_FAR,PENDING_FINALIZATION,AUTO_FROZEN,0.96058,0.068666
LC_010_R10.png,LC,LC_010,10,13,FEW-SHOT,Linhas,Comparação,CONFORMING,CONFORMING,CONFORMING,CONFORMING,PENDING_BB,DIAGNOSTIC_OK,CONFORMING,CONFORMING,CONFORMING,NO_FAILURE_SO_FAR,PENDING_FINALIZATION,AUTO_FROZEN,0.96058,0.068666
LC_011_R01.png,LC,LC_011,1,14,FEW-SHOT,Linhas,Comparação,CONFORMING,CONFORMING,CONFORMING,CONFORMING,PENDING_BB,DIAGNOSTIC_OK,CONFORMING,CONFORMING,NOT_APPLICABLE,NO_FAILURE_SO_FAR,PENDING_FINALIZATION,AUTO_FROZEN,0.94712,0.070404
LC_011_R02.png,LC,LC_011,2,14,FEW-SHOT,Linhas,Comparação,CONFORMING,CONFORMING,CONFORMING,CONFORMING,PENDING_BB,DIAGNOSTIC_OK,CONFORMING,CONFORMING,NOT_APPLICABLE,NO_FAILURE_SO_FAR,PENDING_FINALIZATION,AUTO_FROZEN,0.944952,0.079009
LC_011_R03.png,LC,LC_011,3,14,FEW-SHOT,Linhas,Comparação,CONFORMING,CONFORMING,CONFORMING,CONFORMING,PENDING_BB,DIAGNOSTIC_OK,CONFORMING,CONFORMING,NOT_APPLICABLE,NO_FAILURE_SO_FAR,PENDING_FINALIZATION,AUTO_FROZEN,0.937907,0.071437
LC_011_R04.png,LC,LC_011,4,14,FEW-SHOT,Linhas,Comparação,CONFORMING,CONFORMING,CONFORMING,CONFORMING,PENDING_BB,DIAGNOSTIC_OK,CONFORMING,CONFORMING,NOT_APPLICABLE,NO_FAILURE_SO_FAR,PENDING_FINALIZATION,AUTO_FROZEN,0.937907,0.071437
LC_011_R05.png,LC,LC_011,5,14,FEW-SHOT,Linhas,Comparação,CONFORMING,CONFORMING,CONFORMING,CONFORMING,PENDING_BB,DIAGNOSTIC_OK,CONFORMING,CONFORMING,NOT_APPLICABLE,NO_FAILURE_SO_FAR,PENDING_FINALIZATION,AUTO_FROZEN,0.937907,0.071437
LC_011_R06.png,LC,LC_011,6,14,FEW-SHOT,Linhas,Comparação,CONFORMING,CONFORMING,CONFORMING,CONFORMING,PENDING_BB,DIAGNOSTIC_OK,CONFORMING,CONFORMING,NOT_APPLICABLE,NO_FAILURE_SO_FAR,PENDING_FINALIZATION,AUTO_FROZEN,0.937907,0.071437
LC_011_R07.png,LC,LC_011,7,14,FEW-SHOT,Linhas,Comparação,CONFORMING,CONFORMING,CONFORMING,CONFORMING,PENDING_BB,DIAGNOSTIC_OK,CONFORMING,CONFORMING,NOT_APPLICABLE,NO_FAILURE_SO_FAR,PENDING_FINALIZATION,AUTO_FROZEN,0.937907,0.071437
LC_011_R08.png,LC,LC_011,8,14,FEW-SHOT,Linhas,Comparação,CONFORMING,CONFORMING,CONFORMING,CONFORMING,PENDING_BB,DIAGNOSTIC_OK,CONFORMING,CONFORMING,NOT_APPLICABLE,NO_FAILURE_SO_FAR,PENDING_FINALIZATION,AUTO_FROZEN,0.937907,0.071437
LC_011_R09.png,LC,LC_011,9,14,FEW-SHOT,Linhas,Comparação,CONFORMING,CONFORMING,CONFORMING,CONFORMING,PENDING_BB,DIAGNOSTIC_OK,CONFORMING,CONFORMING,NOT_APPLICABLE,NO_FAILURE_SO_FAR,PENDING_FINALIZATION,AUTO_FROZEN,0.937907,0.071437
LC_011_R10.png,LC,LC_011,10,14,FEW-SHOT,Linhas,Comparação,CONFORMING,CONFORMING,CONFORMING,CONFORMING,PENDING_BB,DIAGNOSTIC_OK,CONFORMING,CONFORMING,NOT_APPLICABLE,NO_FAILURE_SO_FAR,PENDING_FINALIZATION,AUTO_FROZEN,0.957791,0.079009
LC_012_R01.png,LC,LC_012,1,15,FEW-SHOT,Linhas,Comparação,CONFORMING,CONFORMING,CONFORMING,CONFORMING,PENDING_BB,DIAGNOSTIC_OK,NOT_APPLICABLE,NOT_APPLICABLE,NOT_APPLICABLE,NO_FAILURE_SO_FAR,PENDING_FINALIZATION,AUTO_FROZEN,0.93651,0.074831
LC_012_R02.png,LC,LC_012,2,15,FEW-SHOT,Linhas,Comparação,CONFORMING,CONFORMING,CONFORMING,CONFORMING,PENDING_BB,DIAGNOSTIC_OK,NOT_APPLICABLE,NOT_APPLICABLE,NOT_APPLICABLE,NO_FAILURE_SO_FAR,PENDING_FINALIZATION,AUTO_FROZEN,0.937907,0.071437
LC_012_R03.png,LC,LC_012,3,15,FEW-SHOT,Linhas,Comparação,CONFORMING,CONFORMING,CONFORMING,CONFORMING,PENDING_BB,DIAGNOSTIC_OK,NOT_APPLICABLE,NOT_APPLICABLE,NOT_APPLICABLE,NO_FAILURE_SO_FAR,PENDING_FINALIZATION,AUTO_FROZEN,0.937907,0.071437
LC_012_R04.png,LC,LC_012,4,15,FEW-SHOT,Linhas,Comparação,CONFORMING,CONFORMING,CONFORMING,CONFORMING,PENDING_BB,DIAGNOSTIC_OK,NOT_APPLICABLE,NOT_APPLICABLE,NOT_APPLICABLE,NO_FAILURE_SO_FAR,PENDING_FINALIZATION,AUTO_FROZEN,0.937907,0.071437
LC_012_R05.png,LC,LC_012,5,15,FEW-SHOT,Linhas,Comparação,CONFORMING,CONFORMING,CONFORMING,CONFORMING,PENDING_BB,DIAGNOSTIC_OK,NOT_APPLICABLE,NOT_APPLICABLE,NOT_APPLICABLE,NO_FAILURE_SO_FAR,PENDING_FINALIZATION,AUTO_FROZEN,0.937907,0.071437
LC_012_R06.png,LC,LC_012,6,15,FEW-SHOT,Linhas,Comparação,CONFORMING,CONFORMING,CONFORMING,CONFORMING,PENDING_BB,DIAGNOSTIC_OK,NOT_APPLICABLE,NOT_APPLICABLE,NOT_APPLICABLE,NO_FAILURE_SO_FAR,PENDING_FINALIZATION,AUTO_FROZEN,0.937907,0.071437
LC_012_R07.png,LC,LC_012,7,15,FEW-SHOT,Linhas,Comparação,CONFORMING,CONFORMING,CONFORMING,CONFORMING,PENDING_BB,DIAGNOSTIC_OK,NOT_APPLICABLE,NOT_APPLICABLE,NOT_APPLICABLE,NO_FAILURE_SO_FAR,PENDING_FINALIZATION,AUTO_FROZEN,0.937907,0.071437
LC_012_R08.png,LC,LC_012,8,15,FEW-SHOT,Linhas,Comparação,CONFORMING,CONFORMING,CONFORMING,CONFORMING,PENDING_BB,DIAGNOSTIC_OK,NOT_APPLICABLE,NOT_APPLICABLE,NOT_APPLICABLE,NO_FAILURE_SO_FAR,PENDING_FINALIZATION,AUTO_FROZEN,0.937907,0.071437
LC_012_R09.png,LC,LC_012,9,15,FEW-SHOT,Linhas,Comparação,CONFORMING,CONFORMING,CONFORMING,CONFORMING,PENDING_BB,DIAGNOSTIC_OK,NOT_APPLICABLE,NOT_APPLICABLE,NOT_APPLICABLE,NO_FAILURE_SO_FAR,PENDING_FINALIZATION,AUTO_FROZEN,0.937907,0.071437
LC_012_R10.png,LC,LC_012,10,15,FEW-SHOT,Linhas,Comparação,CONFORMING,CONFORMING,CONFORMING,CONFORMING,PENDING_BB,DIAGNOSTIC_OK,NOT_APPLICABLE,NOT_APPLICABLE,NOT_APPLICABLE,NO_FAILURE_SO_FAR,PENDING_FINALIZATION,AUTO_FROZEN,0.937907,0.071437
LC_013_R01.png,LC,LC_013,1,16,FEW-SHOT,Linhas,Comparação,CONFORMING,CONFORMING,CONFORMING,CONFORMING,PENDING_BB,DIAGNOSTIC_OK,CONFORMING,CONFORMING,NOT_APPLICABLE,NO_FAILURE_SO_FAR,PENDING_FINALIZATION,AUTO_FROZEN,0.943839,0.052706
LC_013_R02.png,LC,LC_013,2,16,FEW-SHOT,Linhas,Comparação,NONCONFORMING,CONFORMING,NONCONFORMING,CONFORMING,PENDING_BB,DIAGNOSTIC_OK,CONFORMING,CONFORMING,NOT_APPLICABLE,NONCONFORMING,NONCONFORMING,AUTO_FROZEN,0.975582,0.047986
LC_013_R03.png,LC,LC_013,3,16,FEW-SHOT,Linhas,Comparação,CONFORMING,CONFORMING,NONCONFORMING,CONFORMING,PENDING_BB,DIAGNOSTIC_OK,CONFORMING,CONFORMING,NOT_APPLICABLE,NONCONFORMING,NONCONFORMING,AUTO_FROZEN,0.940941,0.001563
LC_013_R04.png,LC,LC_013,4,16,FEW-SHOT,Linhas,Comparação,CONFORMING,CONFORMING,NONCONFORMING,CONFORMING,PENDING_BB,DIAGNOSTIC_OK,CONFORMING,CONFORMING,NOT_APPLICABLE,NONCONFORMING,NONCONFORMING,AUTO_FROZEN,0.940941,0.001563
LC_013_R05.png,LC,LC_013,5,16,FEW-SHOT,Linhas,Comparação,CONFORMING,CONFORMING,NONCONFORMING,CONFORMING,PENDING_BB,DIAGNOSTIC_OK,CONFORMING,CONFORMING,NOT_APPLICABLE,NONCONFORMING,NONCONFORMING,AUTO_FROZEN,0.940941,0.001563
LC_013_R06.png,LC,LC_013,6,16,FEW-SHOT,Linhas,Comparação,CONFORMING,CONFORMING,NONCONFORMING,CONFORMING,PENDING_BB,DIAGNOSTIC_OK,CONFORMING,CONFORMING,NOT_APPLICABLE,NONCONFORMING,NONCONFORMING,AUTO_FROZEN,0.940941,0.001563
LC_013_R07.png,LC,LC_013,7,16,FEW-SHOT,Linhas,Comparação,CONFORMING,CONFORMING,NONCONFORMING,CONFORMING,PENDING_BB,DIAGNOSTIC_OK,CONFORMING,CONFORMING,NOT_APPLICABLE,NONCONFORMING,NONCONFORMING,AUTO_FROZEN,0.940941,0.001563
LC_013_R08.png,LC,LC_013,8,16,FEW-SHOT,Linhas,Comparação,CONFORMING,CONFORMING,NONCONFORMING,CONFORMING,PENDING_BB,DIAGNOSTIC_OK,CONFORMING,CONFORMING,NOT_APPLICABLE,NONCONFORMING,NONCONFORMING,AUTO_FROZEN,0.940941,0.001563
LC_013_R09.png,LC,LC_013,9,16,FEW-SHOT,Linhas,Comparação,CONFORMING,CONFORMING,NONCONFORMING,CONFORMING,PENDING_BB,DIAGNOSTIC_OK,CONFORMING,CONFORMING,NOT_APPLICABLE,NONCONFORMING,NONCONFORMING,AUTO_FROZEN,0.940941,0.001563
LC_013_R10.png,LC,LC_013,10,16,FEW-SHOT,Linhas,Comparação,NONCONFORMING,CONFORMING,NONCONFORMING,CONFORMING,PENDING_BB,DIAGNOSTIC_OK,CONFORMING,CONFORMING,NOT_APPLICABLE,NONCONFORMING,NONCONFORMING,AUTO_FROZEN,0.975582,0.047986
LC_014_R01.png,LC,LC_014,1,1,HIBRIDO,Linhas,Comparação,CONFORMING,CONFORMING,CONFORMING,CONFORMING,PENDING_BB,DIAGNOSTIC_OK,CONFORMING,CONFORMING,NOT_APPLICABLE,NO_FAILURE_SO_FAR,PENDING_FINALIZATION,AUTO_FROZEN,0.960178,0.080061
LC_014_R02.png,LC,LC_014,2,1,HIBRIDO,Linhas,Comparação,CONFORMING,CONFORMING,CONFORMING,CONFORMING,PENDING_BB,DIAGNOSTIC_OK,CONFORMING,CONFORMING,NOT_APPLICABLE,NO_FAILURE_SO_FAR,PENDING_FINALIZATION,AUTO_FROZEN,0.968253,0.042917
LC_014_R03.png,LC,LC_014,3,1,HIBRIDO,Linhas,Comparação,CONFORMING,CONFORMING,CONFORMING,CONFORMING,PENDING_BB,DIAGNOSTIC_OK,CONFORMING,CONFORMING,NOT_APPLICABLE,NO_FAILURE_SO_FAR,PENDING_FINALIZATION,AUTO_FROZEN,0.968253,0.042917
LC_014_R04.png,LC,LC_014,4,1,HIBRIDO,Linhas,Comparação,CONFORMING,CONFORMING,CONFORMING,CONFORMING,PENDING_BB,DIAGNOSTIC_OK,CONFORMING,CONFORMING,NOT_APPLICABLE,NO_FAILURE_SO_FAR,PENDING_FINALIZATION,AUTO_FROZEN,0.968253,0.042917
LC_014_R05.png,LC,LC_014,5,1,HIBRIDO,Linhas,Comparação,CONFORMING,CONFORMING,CONFORMING,CONFORMING,PENDING_BB,DIAGNOSTIC_OK,CONFORMING,CONFORMING,NOT_APPLICABLE,NO_FAILURE_SO_FAR,PENDING_FINALIZATION,AUTO_FROZEN,0.968253,0.042917
LC_014_R06.png,LC,LC_014,6,1,HIBRIDO,Linhas,Comparação,CONFORMING,CONFORMING,CONFORMING,CONFORMING,PENDING_BB,DIAGNOSTIC_OK,CONFORMING,CONFORMING,NOT_APPLICABLE,NO_FAILURE_SO_FAR,PENDING_FINALIZATION,AUTO_FROZEN,0.968253,0.042917
LC_014_R07.png,LC,LC_014,7,1,HIBRIDO,Linhas,Comparação,CONFORMING,CONFORMING,CONFORMING,CONFORMING,PENDING_BB,DIAGNOSTIC_OK,CONFORMING,CONFORMING,NOT_APPLICABLE,NO_FAILURE_SO_FAR,PENDING_FINALIZATION,AUTO_FROZEN,0.968253,0.042917
LC_014_R08.png,LC,LC_014,8,1,HIBRIDO,Linhas,Comparação,CONFORMING,CONFORMING,CONFORMING,CONFORMING,PENDING_BB,DIAGNOSTIC_OK,CONFORMING,CONFORMING,NOT_APPLICABLE,NO_FAILURE_SO_FAR,PENDING_FINALIZATION,AUTO_FROZEN,0.968253,0.042917
LC_014_R09.png,LC,LC_014,9,1,HIBRIDO,Linhas,Comparação,CONFORMING,CONFORMING,CONFORMING,CONFORMING,PENDING_BB,DIAGNOSTIC_OK,CONFORMING,CONFORMING,NOT_APPLICABLE,NO_FAILURE_SO_FAR,PENDING_FINALIZATION,AUTO_FROZEN,0.968253,0.042917
LC_014_R10.png,LC,LC_014,10,1,HIBRIDO,Linhas,Comparação,CONFORMING,CONFORMING,CONFORMING,CONFORMING,PENDING_BB,DIAGNOSTIC_OK,CONFORMING,CONFORMING,NOT_APPLICABLE,NO_FAILURE_SO_FAR,PENDING_FINALIZATION,AUTO_FROZEN,0.968253,0.042917
LC_015_R01.png,LC,LC_015,1,4,HIBRIDO,Linhas,Comparação,CONFORMING,CONFORMING,CONFORMING,CONFORMING,PENDING_BB,DIAGNOSTIC_OK,CONFORMING,CONFORMING,NOT_APPLICABLE,NO_FAILURE_SO_FAR,PENDING_FINALIZATION,AUTO_FROZEN,0.922656,0.050221
LC_015_R02.png,LC,LC_015,2,4,HIBRIDO,Linhas,Comparação,CONFORMING,CONFORMING,CONFORMING,CONFORMING,PENDING_BB,DIAGNOSTIC_OK,CONFORMING,CONFORMING,NOT_APPLICABLE,NO_FAILURE_SO_FAR,PENDING_FINALIZATION,AUTO_FROZEN,0.935457,0.051458
LC_015_R03.png,LC,LC_015,3,4,HIBRIDO,Linhas,Comparação,CONFORMING,CONFORMING,CONFORMING,CONFORMING,PENDING_BB,DIAGNOSTIC_OK,CONFORMING,CONFORMING,NOT_APPLICABLE,NO_FAILURE_SO_FAR,PENDING_FINALIZATION,AUTO_FROZEN,0.940874,0.051458
LC_015_R04.png,LC,LC_015,4,4,HIBRIDO,Linhas,Comparação,CONFORMING,CONFORMING,CONFORMING,CONFORMING,PENDING_BB,DIAGNOSTIC_OK,CONFORMING,CONFORMING,NOT_APPLICABLE,NO_FAILURE_SO_FAR,PENDING_FINALIZATION,AUTO_FROZEN,0.939447,0.051458
LC_015_R05.png,LC,LC_015,5,4,HIBRIDO,Linhas,Comparação,CONFORMING,CONFORMING,CONFORMING,CONFORMING,PENDING_BB,DIAGNOSTIC_OK,CONFORMING,CONFORMING,NOT_APPLICABLE,NO_FAILURE_SO_FAR,PENDING_FINALIZATION,AUTO_FROZEN,0.941346,0.051458
LC_015_R06.png,LC,LC_015,6,4,HIBRIDO,Linhas,Comparação,CONFORMING,CONFORMING,CONFORMING,CONFORMING,PENDING_BB,DIAGNOSTIC_OK,CONFORMING,CONFORMING,NOT_APPLICABLE,NO_FAILURE_SO_FAR,PENDING_FINALIZATION,AUTO_FROZEN,0.935832,0.051458
LC_015_R07.png,LC,LC_015,7,4,HIBRIDO,Linhas,Comparação,CONFORMING,CONFORMING,CONFORMING,CONFORMING,PENDING_BB,DIAGNOSTIC_OK,CONFORMING,CONFORMING,NOT_APPLICABLE,NO_FAILURE_SO_FAR,PENDING_FINALIZATION,AUTO_FROZEN,0.941416,0.051458
LC_015_R08.png,LC,LC_015,8,4,HIBRIDO,Linhas,Comparação,CONFORMING,CONFORMING,CONFORMING,CONFORMING,PENDING_BB,DIAGNOSTIC_OK,CONFORMING,CONFORMING,NOT_APPLICABLE,NO_FAILURE_SO_FAR,PENDING_FINALIZATION,AUTO_FROZEN,0.942263,0.051458
LC_015_R09.png,LC,LC_015,9,4,HIBRIDO,Linhas,Comparação,CONFORMING,CONFORMING,CONFORMING,CONFORMING,PENDING_BB,DIAGNOSTIC_OK,CONFORMING,CONFORMING,NOT_APPLICABLE,NO_FAILURE_SO_FAR,PENDING_FINALIZATION,AUTO_FROZEN,0.942096,0.051458
LC_015_R10.png,LC,LC_015,10,4,HIBRIDO,Linhas,Comparação,CONFORMING,CONFORMING,CONFORMING,CONFORMING,PENDING_BB,DIAGNOSTIC_OK,CONFORMING,CONFORMING,NOT_APPLICABLE,NO_FAILURE_SO_FAR,PENDING_FINALIZATION,AUTO_FROZEN,0.936,0.051458
LC_016_R01.png,LC,LC_016,1,6,HIBRIDO,Linhas,Comparação,CONFORMING,CONFORMING,CONFORMING,CONFORMING,PENDING_BB,DIAGNOSTIC_OK,NOT_APPLICABLE,NOT_APPLICABLE,NOT_APPLICABLE,NO_FAILURE_SO_FAR,PENDING_FINALIZATION,AUTO_FROZEN,0.937562,0.056318
LC_016_R02.png,LC,LC_016,2,6,HIBRIDO,Linhas,Comparação,CONFORMING,CONFORMING,CONFORMING,CONFORMING,PENDING_BB,DIAGNOSTIC_OK,NOT_APPLICABLE,NOT_APPLICABLE,NOT_APPLICABLE,NO_FAILURE_SO_FAR,PENDING_FINALIZATION,AUTO_FROZEN,0.934679,0.001875
LC_016_R03.png,LC,LC_016,3,6,HIBRIDO,Linhas,Comparação,CONFORMING,CONFORMING,CONFORMING,CONFORMING,PENDING_BB,DIAGNOSTIC_OK,NOT_APPLICABLE,NOT_APPLICABLE,NOT_APPLICABLE,NO_FAILURE_SO_FAR,PENDING_FINALIZATION,AUTO_FROZEN,0.939409,0.001875
LC_016_R04.png,LC,LC_016,4,6,HIBRIDO,Linhas,Comparação,CONFORMING,CONFORMING,CONFORMING,CONFORMING,PENDING_BB,DIAGNOSTIC_OK,NOT_APPLICABLE,NOT_APPLICABLE,NOT_APPLICABLE,NO_FAILURE_SO_FAR,PENDING_FINALIZATION,AUTO_FROZEN,0.940278,0.001875
LC_016_R05.png,LC,LC_016,5,6,HIBRIDO,Linhas,Comparação,CONFORMING,CONFORMING,CONFORMING,CONFORMING,PENDING_BB,DIAGNOSTIC_OK,NOT_APPLICABLE,NOT_APPLICABLE,NOT_APPLICABLE,NO_FAILURE_SO_FAR,PENDING_FINALIZATION,AUTO_FROZEN,0.953525,0.001875
LC_016_R06.png,LC,LC_016,6,6,HIBRIDO,Linhas,Comparação,CONFORMING,CONFORMING,CONFORMING,CONFORMING,PENDING_BB,DIAGNOSTIC_OK,NOT_APPLICABLE,NOT_APPLICABLE,NOT_APPLICABLE,NO_FAILURE_SO_FAR,PENDING_FINALIZATION,AUTO_FROZEN,0.946308,0.001875
LC_016_R07.png,LC,LC_016,7,6,HIBRIDO,Linhas,Comparação,CONFORMING,CONFORMING,CONFORMING,CONFORMING,PENDING_BB,DIAGNOSTIC_OK,NOT_APPLICABLE,NOT_APPLICABLE,NOT_APPLICABLE,NO_FAILURE_SO_FAR,PENDING_FINALIZATION,AUTO_FROZEN,0.961797,0.001875
LC_016_R08.png,LC,LC_016,8,6,HIBRIDO,Linhas,Comparação,CONFORMING,CONFORMING,CONFORMING,CONFORMING,PENDING_BB,DIAGNOSTIC_OK,NOT_APPLICABLE,NOT_APPLICABLE,NOT_APPLICABLE,NO_FAILURE_SO_FAR,PENDING_FINALIZATION,AUTO_FROZEN,0.939668,0.001875
LC_016_R09.png,LC,LC_016,9,6,HIBRIDO,Linhas,Comparação,CONFORMING,CONFORMING,CONFORMING,CONFORMING,PENDING_BB,DIAGNOSTIC_OK,NOT_APPLICABLE,NOT_APPLICABLE,NOT_APPLICABLE,NO_FAILURE_SO_FAR,PENDING_FINALIZATION,AUTO_FROZEN,0.95486,0.001875
LC_016_R10.png,LC,LC_016,10,6,HIBRIDO,Linhas,Comparação,CONFORMING,CONFORMING,CONFORMING,CONFORMING,PENDING_BB,DIAGNOSTIC_OK,NOT_APPLICABLE,NOT_APPLICABLE,NOT_APPLICABLE,NO_FAILURE_SO_FAR,PENDING_FINALIZATION,AUTO_FROZEN,0.935289,0.001875
LC_017_R01.png,LC,LC_017,1,7,HIBRIDO,Linhas,Comparação,CONFORMING,CONFORMING,CONFORMING,CONFORMING,PENDING_BB,DIAGNOSTIC_OK,NOT_APPLICABLE,NOT_APPLICABLE,NOT_APPLICABLE,NO_FAILURE_SO_FAR,PENDING_FINALIZATION,AUTO_FROZEN,0.94167,0.085911
LC_017_R02.png,LC,LC_017,2,7,HIBRIDO,Linhas,Comparação,CONFORMING,CONFORMING,CONFORMING,CONFORMING,PENDING_BB,DIAGNOSTIC_OK,NOT_APPLICABLE,NOT_APPLICABLE,NOT_APPLICABLE,NO_FAILURE_SO_FAR,PENDING_FINALIZATION,AUTO_FROZEN,0.941581,0.075763
LC_017_R03.png,LC,LC_017,3,7,HIBRIDO,Linhas,Comparação,CONFORMING,CONFORMING,CONFORMING,CONFORMING,PENDING_BB,DIAGNOSTIC_OK,NOT_APPLICABLE,NOT_APPLICABLE,NOT_APPLICABLE,NO_FAILURE_SO_FAR,PENDING_FINALIZATION,AUTO_FROZEN,0.941581,0.075763
LC_017_R04.png,LC,LC_017,4,7,HIBRIDO,Linhas,Comparação,CONFORMING,CONFORMING,CONFORMING,CONFORMING,PENDING_BB,DIAGNOSTIC_OK,NOT_APPLICABLE,NOT_APPLICABLE,NOT_APPLICABLE,NO_FAILURE_SO_FAR,PENDING_FINALIZATION,AUTO_FROZEN,0.941581,0.075763
LC_017_R05.png,LC,LC_017,5,7,HIBRIDO,Linhas,Comparação,CONFORMING,CONFORMING,CONFORMING,CONFORMING,PENDING_BB,DIAGNOSTIC_OK,NOT_APPLICABLE,NOT_APPLICABLE,NOT_APPLICABLE,NO_FAILURE_SO_FAR,PENDING_FINALIZATION,AUTO_FROZEN,0.941581,0.075763
LC_017_R06.png,LC,LC_017,6,7,HIBRIDO,Linhas,Comparação,CONFORMING,CONFORMING,CONFORMING,CONFORMING,PENDING_BB,DIAGNOSTIC_OK,NOT_APPLICABLE,NOT_APPLICABLE,NOT_APPLICABLE,NO_FAILURE_SO_FAR,PENDING_FINALIZATION,AUTO_FROZEN,0.941581,0.075763
LC_017_R07.png,LC,LC_017,7,7,HIBRIDO,Linhas,Comparação,CONFORMING,CONFORMING,CONFORMING,CONFORMING,PENDING_BB,DIAGNOSTIC_OK,NOT_APPLICABLE,NOT_APPLICABLE,NOT_APPLICABLE,NO_FAILURE_SO_FAR,PENDING_FINALIZATION,AUTO_FROZEN,0.941581,0.075763
LC_017_R08.png,LC,LC_017,8,7,HIBRIDO,Linhas,Comparação,CONFORMING,CONFORMING,CONFORMING,CONFORMING,PENDING_BB,DIAGNOSTIC_OK,NOT_APPLICABLE,NOT_APPLICABLE,NOT_APPLICABLE,NO_FAILURE_SO_FAR,PENDING_FINALIZATION,AUTO_FROZEN,0.941581,0.075763
LC_017_R09.png,LC,LC_017,9,7,HIBRIDO,Linhas,Comparação,CONFORMING,CONFORMING,CONFORMING,CONFORMING,PENDING_BB,DIAGNOSTIC_OK,NOT_APPLICABLE,NOT_APPLICABLE,NOT_APPLICABLE,NO_FAILURE_SO_FAR,PENDING_FINALIZATION,AUTO_FROZEN,0.941581,0.075763
LC_017_R10.png,LC,LC_017,10,7,HIBRIDO,Linhas,Comparação,CONFORMING,CONFORMING,CONFORMING,CONFORMING,PENDING_BB,DIAGNOSTIC_OK,NOT_APPLICABLE,NOT_APPLICABLE,NOT_APPLICABLE,NO_FAILURE_SO_FAR,PENDING_FINALIZATION,AUTO_FROZEN,0.941581,0.075763
LC_018_R01.png,LC,LC_018,1,8,HIBRIDO,Linhas,Comparação,CONFORMING,CONFORMING,CONFORMING,CONFORMING,PENDING_BB,DIAGNOSTIC_OK,NOT_APPLICABLE,NOT_APPLICABLE,NOT_APPLICABLE,NO_FAILURE_SO_FAR,PENDING_FINALIZATION,AUTO_FROZEN,1.0,0.082185
LC_018_R02.png,LC,LC_018,2,8,HIBRIDO,Linhas,Comparação,CONFORMING,CONFORMING,CONFORMING,CONFORMING,PENDING_BB,DIAGNOSTIC_OK,NOT_APPLICABLE,NOT_APPLICABLE,NOT_APPLICABLE,NO_FAILURE_SO_FAR,PENDING_FINALIZATION,AUTO_FROZEN,0.937432,0.09153
LC_018_R03.png,LC,LC_018,3,8,HIBRIDO,Linhas,Comparação,CONFORMING,CONFORMING,CONFORMING,CONFORMING,PENDING_BB,DIAGNOSTIC_OK,NOT_APPLICABLE,NOT_APPLICABLE,NOT_APPLICABLE,NO_FAILURE_SO_FAR,PENDING_FINALIZATION,AUTO_FROZEN,0.941703,0.09153
LC_018_R04.png,LC,LC_018,4,8,HIBRIDO,Linhas,Comparação,CONFORMING,CONFORMING,CONFORMING,CONFORMING,PENDING_BB,DIAGNOSTIC_OK,NOT_APPLICABLE,NOT_APPLICABLE,NOT_APPLICABLE,NO_FAILURE_SO_FAR,PENDING_FINALIZATION,AUTO_FROZEN,0.942417,0.09153
LC_018_R05.png,LC,LC_018,5,8,HIBRIDO,Linhas,Comparação,CONFORMING,CONFORMING,CONFORMING,CONFORMING,PENDING_BB,DIAGNOSTIC_OK,NOT_APPLICABLE,NOT_APPLICABLE,NOT_APPLICABLE,NO_FAILURE_SO_FAR,PENDING_FINALIZATION,AUTO_FROZEN,0.95326,0.09153
LC_018_R06.png,LC,LC_018,6,8,HIBRIDO,Linhas,Comparação,CONFORMING,CONFORMING,CONFORMING,CONFORMING,PENDING_BB,DIAGNOSTIC_OK,NOT_APPLICABLE,NOT_APPLICABLE,NOT_APPLICABLE,NO_FAILURE_SO_FAR,PENDING_FINALIZATION,AUTO_FROZEN,0.938068,0.09153
LC_018_R07.png,LC,LC_018,7,8,HIBRIDO,Linhas,Comparação,CONFORMING,CONFORMING,CONFORMING,CONFORMING,PENDING_BB,DIAGNOSTIC_OK,NOT_APPLICABLE,NOT_APPLICABLE,NOT_APPLICABLE,NO_FAILURE_SO_FAR,PENDING_FINALIZATION,AUTO_FROZEN,0.943494,0.09153
LC_018_R08.png,LC,LC_018,8,8,HIBRIDO,Linhas,Comparação,CONFORMING,CONFORMING,CONFORMING,CONFORMING,PENDING_BB,DIAGNOSTIC_OK,NOT_APPLICABLE,NOT_APPLICABLE,NOT_APPLICABLE,NO_FAILURE_SO_FAR,PENDING_FINALIZATION,AUTO_FROZEN,0.942143,0.09153
LC_018_R09.png,LC,LC_018,9,8,HIBRIDO,Linhas,Comparação,CONFORMING,CONFORMING,CONFORMING,CONFORMING,PENDING_BB,DIAGNOSTIC_OK,NOT_APPLICABLE,NOT_APPLICABLE,NOT_APPLICABLE,NO_FAILURE_SO_FAR,PENDING_FINALIZATION,AUTO_FROZEN,0.956526,0.09153
LC_018_R10.png,LC,LC_018,10,8,HIBRIDO,Linhas,Comparação,CONFORMING,CONFORMING,CONFORMING,CONFORMING,PENDING_BB,DIAGNOSTIC_OK,NOT_APPLICABLE,NOT_APPLICABLE,NOT_APPLICABLE,NO_FAILURE_SO_FAR,PENDING_FINALIZATION,AUTO_FROZEN,0.938068,0.09153
LC_019_R01.png,LC,LC_019,1,9,HIBRIDO,Linhas,Comparação,CONFORMING,CONFORMING,NONCONFORMING,CONFORMING,PENDING_BB,DIAGNOSTIC_OK,CONFORMING,CONFORMING,CONFORMING,NONCONFORMING,NONCONFORMING,AUTO_FROZEN,0.961547,0.053106
LC_019_R02.png,LC,LC_019,2,9,HIBRIDO,Linhas,Comparação,CONFORMING,CONFORMING,CONFORMING,CONFORMING,PENDING_BB,DIAGNOSTIC_OK,CONFORMING,CONFORMING,CONFORMING,NO_FAILURE_SO_FAR,PENDING_FINALIZATION,AUTO_FROZEN,0.960537,0.075781
LC_019_R03.png,LC,LC_019,3,9,HIBRIDO,Linhas,Comparação,CONFORMING,CONFORMING,CONFORMING,CONFORMING,PENDING_BB,DIAGNOSTIC_OK,CONFORMING,CONFORMING,CONFORMING,NO_FAILURE_SO_FAR,PENDING_FINALIZATION,AUTO_FROZEN,0.960537,0.075781
LC_019_R04.png,LC,LC_019,4,9,HIBRIDO,Linhas,Comparação,CONFORMING,CONFORMING,CONFORMING,CONFORMING,PENDING_BB,DIAGNOSTIC_OK,CONFORMING,CONFORMING,CONFORMING,NO_FAILURE_SO_FAR,PENDING_FINALIZATION,AUTO_FROZEN,0.960537,0.075781
LC_019_R05.png,LC,LC_019,5,9,HIBRIDO,Linhas,Comparação,CONFORMING,CONFORMING,CONFORMING,CONFORMING,PENDING_BB,DIAGNOSTIC_OK,CONFORMING,CONFORMING,CONFORMING,NO_FAILURE_SO_FAR,PENDING_FINALIZATION,AUTO_FROZEN,0.960537,0.075781
LC_019_R06.png,LC,LC_019,6,9,HIBRIDO,Linhas,Comparação,CONFORMING,CONFORMING,CONFORMING,CONFORMING,PENDING_BB,DIAGNOSTIC_OK,CONFORMING,CONFORMING,CONFORMING,NO_FAILURE_SO_FAR,PENDING_FINALIZATION,AUTO_FROZEN,0.960537,0.075781
LC_019_R07.png,LC,LC_019,7,9,HIBRIDO,Linhas,Comparação,CONFORMING,CONFORMING,CONFORMING,CONFORMING,PENDING_BB,DIAGNOSTIC_OK,CONFORMING,CONFORMING,CONFORMING,NO_FAILURE_SO_FAR,PENDING_FINALIZATION,AUTO_FROZEN,0.960537,0.075781
LC_019_R08.png,LC,LC_019,8,9,HIBRIDO,Linhas,Comparação,CONFORMING,CONFORMING,CONFORMING,CONFORMING,PENDING_BB,DIAGNOSTIC_OK,CONFORMING,CONFORMING,CONFORMING,NO_FAILURE_SO_FAR,PENDING_FINALIZATION,AUTO_FROZEN,0.960537,0.075781
LC_019_R09.png,LC,LC_019,9,9,HIBRIDO,Linhas,Comparação,CONFORMING,CONFORMING,CONFORMING,CONFORMING,PENDING_BB,DIAGNOSTIC_OK,CONFORMING,CONFORMING,CONFORMING,NO_FAILURE_SO_FAR,PENDING_FINALIZATION,AUTO_FROZEN,0.960537,0.075781
LC_019_R10.png,LC,LC_019,10,9,HIBRIDO,Linhas,Comparação,CONFORMING,CONFORMING,CONFORMING,CONFORMING,PENDING_BB,DIAGNOSTIC_OK,CONFORMING,CONFORMING,CONFORMING,NO_FAILURE_SO_FAR,PENDING_FINALIZATION,AUTO_FROZEN,0.960537,0.075781
LC_020_R01.png,LC,LC_020,1,10,HIBRIDO,Linhas,Comparação,CONFORMING,CONFORMING,NONCONFORMING,CONFORMING,PENDING_BB,DIAGNOSTIC_OK,CONFORMING,CONFORMING,NOT_APPLICABLE,NONCONFORMING,NONCONFORMING,AUTO_FROZEN,0.960918,0.079629
LC_020_R02.png,LC,LC_020,2,10,HIBRIDO,Linhas,Comparação,CONFORMING,CONFORMING,CONFORMING,CONFORMING,PENDING_BB,DIAGNOSTIC_OK,CONFORMING,CONFORMING,NOT_APPLICABLE,NO_FAILURE_SO_FAR,PENDING_FINALIZATION,AUTO_FROZEN,0.962037,0.086274
LC_020_R03.png,LC,LC_020,3,10,HIBRIDO,Linhas,Comparação,CONFORMING,CONFORMING,CONFORMING,CONFORMING,PENDING_BB,DIAGNOSTIC_OK,CONFORMING,CONFORMING,NOT_APPLICABLE,NO_FAILURE_SO_FAR,PENDING_FINALIZATION,AUTO_FROZEN,0.962037,0.086274
LC_020_R04.png,LC,LC_020,4,10,HIBRIDO,Linhas,Comparação,CONFORMING,CONFORMING,CONFORMING,CONFORMING,PENDING_BB,DIAGNOSTIC_OK,CONFORMING,CONFORMING,NOT_APPLICABLE,NO_FAILURE_SO_FAR,PENDING_FINALIZATION,AUTO_FROZEN,0.962037,0.086274
LC_020_R05.png,LC,LC_020,5,10,HIBRIDO,Linhas,Comparação,CONFORMING,CONFORMING,CONFORMING,CONFORMING,PENDING_BB,DIAGNOSTIC_OK,CONFORMING,CONFORMING,NOT_APPLICABLE,NO_FAILURE_SO_FAR,PENDING_FINALIZATION,AUTO_FROZEN,0.962037,0.086274
LC_020_R06.png,LC,LC_020,6,10,HIBRIDO,Linhas,Comparação,CONFORMING,CONFORMING,CONFORMING,CONFORMING,PENDING_BB,DIAGNOSTIC_OK,CONFORMING,CONFORMING,NOT_APPLICABLE,NO_FAILURE_SO_FAR,PENDING_FINALIZATION,AUTO_FROZEN,0.962037,0.086274
LC_020_R07.png,LC,LC_020,7,10,HIBRIDO,Linhas,Comparação,CONFORMING,CONFORMING,CONFORMING,CONFORMING,PENDING_BB,DIAGNOSTIC_OK,CONFORMING,CONFORMING,NOT_APPLICABLE,NO_FAILURE_SO_FAR,PENDING_FINALIZATION,AUTO_FROZEN,0.962037,0.086274
LC_020_R08.png,LC,LC_020,8,10,HIBRIDO,Linhas,Comparação,CONFORMING,CONFORMING,CONFORMING,CONFORMING,PENDING_BB,DIAGNOSTIC_OK,CONFORMING,CONFORMING,NOT_APPLICABLE,NO_FAILURE_SO_FAR,PENDING_FINALIZATION,AUTO_FROZEN,0.962037,0.086274
LC_020_R09.png,LC,LC_020,9,10,HIBRIDO,Linhas,Comparação,CONFORMING,CONFORMING,CONFORMING,CONFORMING,PENDING_BB,DIAGNOSTIC_OK,CONFORMING,CONFORMING,NOT_APPLICABLE,NO_FAILURE_SO_FAR,PENDING_FINALIZATION,AUTO_FROZEN,0.962037,0.086274
LC_020_R10.png,LC,LC_020,10,10,HIBRIDO,Linhas,Comparação,CONFORMING,CONFORMING,CONFORMING,CONFORMING,PENDING_BB,DIAGNOSTIC_OK,CONFORMING,CONFORMING,NOT_APPLICABLE,NO_FAILURE_SO_FAR,PENDING_FINALIZATION,AUTO_FROZEN,0.962037,0.086274
LC_021_R01.png,LC,LC_021,1,11,HIBRIDO,Linhas,Comparação,CONFORMING,CONFORMING,CONFORMING,CONFORMING,PENDING_BB,DIAGNOSTIC_OK,NOT_APPLICABLE,NOT_APPLICABLE,NOT_APPLICABLE,NO_FAILURE_SO_FAR,PENDING_FINALIZATION,AUTO_FROZEN,0.899357,0.080061
LC_021_R02.png,LC,LC_021,2,11,HIBRIDO,Linhas,Comparação,CONFORMING,CONFORMING,CONFORMING,CONFORMING,PENDING_BB,DIAGNOSTIC_OK,NOT_APPLICABLE,NOT_APPLICABLE,NOT_APPLICABLE,NO_FAILURE_SO_FAR,PENDING_FINALIZATION,AUTO_FROZEN,0.941278,0.071969
LC_021_R03.png,LC,LC_021,3,11,HIBRIDO,Linhas,Comparação,CONFORMING,CONFORMING,CONFORMING,CONFORMING,PENDING_BB,DIAGNOSTIC_OK,NOT_APPLICABLE,NOT_APPLICABLE,NOT_APPLICABLE,NO_FAILURE_SO_FAR,PENDING_FINALIZATION,AUTO_FROZEN,0.941278,0.071969
LC_021_R04.png,LC,LC_021,4,11,HIBRIDO,Linhas,Comparação,CONFORMING,CONFORMING,CONFORMING,CONFORMING,PENDING_BB,DIAGNOSTIC_OK,NOT_APPLICABLE,NOT_APPLICABLE,NOT_APPLICABLE,NO_FAILURE_SO_FAR,PENDING_FINALIZATION,AUTO_FROZEN,0.941278,0.071969
LC_021_R05.png,LC,LC_021,5,11,HIBRIDO,Linhas,Comparação,CONFORMING,CONFORMING,CONFORMING,CONFORMING,PENDING_BB,DIAGNOSTIC_OK,NOT_APPLICABLE,NOT_APPLICABLE,NOT_APPLICABLE,NO_FAILURE_SO_FAR,PENDING_FINALIZATION,AUTO_FROZEN,0.941278,0.071969
LC_021_R06.png,LC,LC_021,6,11,HIBRIDO,Linhas,Comparação,CONFORMING,CONFORMING,CONFORMING,CONFORMING,PENDING_BB,DIAGNOSTIC_OK,NOT_APPLICABLE,NOT_APPLICABLE,NOT_APPLICABLE,NO_FAILURE_SO_FAR,PENDING_FINALIZATION,AUTO_FROZEN,0.941278,0.071969
LC_021_R07.png,LC,LC_021,7,11,HIBRIDO,Linhas,Comparação,CONFORMING,CONFORMING,CONFORMING,CONFORMING,PENDING_BB,DIAGNOSTIC_OK,NOT_APPLICABLE,NOT_APPLICABLE,NOT_APPLICABLE,NO_FAILURE_SO_FAR,PENDING_FINALIZATION,AUTO_FROZEN,0.941278,0.071969
LC_021_R08.png,LC,LC_021,8,11,HIBRIDO,Linhas,Comparação,CONFORMING,CONFORMING,CONFORMING,CONFORMING,PENDING_BB,DIAGNOSTIC_OK,NOT_APPLICABLE,NOT_APPLICABLE,NOT_APPLICABLE,NO_FAILURE_SO_FAR,PENDING_FINALIZATION,AUTO_FROZEN,0.941278,0.071969
LC_021_R09.png,LC,LC_021,9,11,HIBRIDO,Linhas,Comparação,CONFORMING,CONFORMING,CONFORMING,CONFORMING,PENDING_BB,DIAGNOSTIC_OK,NOT_APPLICABLE,NOT_APPLICABLE,NOT_APPLICABLE,NO_FAILURE_SO_FAR,PENDING_FINALIZATION,AUTO_FROZEN,0.941278,0.071969
LC_021_R10.png,LC,LC_021,10,11,HIBRIDO,Linhas,Comparação,CONFORMING,CONFORMING,CONFORMING,CONFORMING,PENDING_BB,DIAGNOSTIC_OK,NOT_APPLICABLE,NOT_APPLICABLE,NOT_APPLICABLE,NO_FAILURE_SO_FAR,PENDING_FINALIZATION,AUTO_FROZEN,0.941278,0.071969
LC_022_R01.png,LC,LC_022,1,12,HIBRIDO,Linhas,Comparação,CONFORMING,CONFORMING,CONFORMING,CONFORMING,PENDING_BB,DIAGNOSTIC_OK,NOT_APPLICABLE,NOT_APPLICABLE,NOT_APPLICABLE,NO_FAILURE_SO_FAR,PENDING_FINALIZATION,AUTO_FROZEN,0.937793,0.047588
LC_022_R02.png,LC,LC_022,2,12,HIBRIDO,Linhas,Comparação,CONFORMING,CONFORMING,CONFORMING,CONFORMING,PENDING_BB,DIAGNOSTIC_OK,NOT_APPLICABLE,NOT_APPLICABLE,NOT_APPLICABLE,NO_FAILURE_SO_FAR,PENDING_FINALIZATION,AUTO_FROZEN,0.934679,0.001875
LC_022_R03.png,LC,LC_022,3,12,HIBRIDO,Linhas,Comparação,CONFORMING,CONFORMING,CONFORMING,CONFORMING,PENDING_BB,DIAGNOSTIC_OK,NOT_APPLICABLE,NOT_APPLICABLE,NOT_APPLICABLE,NO_FAILURE_SO_FAR,PENDING_FINALIZATION,AUTO_FROZEN,0.93442,0.001875
LC_022_R04.png,LC,LC_022,4,12,HIBRIDO,Linhas,Comparação,CONFORMING,CONFORMING,CONFORMING,CONFORMING,PENDING_BB,DIAGNOSTIC_OK,NOT_APPLICABLE,NOT_APPLICABLE,NOT_APPLICABLE,NO_FAILURE_SO_FAR,PENDING_FINALIZATION,AUTO_FROZEN,0.935289,0.001875
LC_022_R05.png,LC,LC_022,5,12,HIBRIDO,Linhas,Comparação,CONFORMING,CONFORMING,CONFORMING,CONFORMING,PENDING_BB,DIAGNOSTIC_OK,NOT_APPLICABLE,NOT_APPLICABLE,NOT_APPLICABLE,NO_FAILURE_SO_FAR,PENDING_FINALIZATION,AUTO_FROZEN,0.933085,0.001875
LC_022_R06.png,LC,LC_022,6,12,HIBRIDO,Linhas,Comparação,CONFORMING,CONFORMING,CONFORMING,CONFORMING,PENDING_BB,DIAGNOSTIC_OK,NOT_APPLICABLE,NOT_APPLICABLE,NOT_APPLICABLE,NO_FAILURE_SO_FAR,PENDING_FINALIZATION,AUTO_FROZEN,0.93583,0.001875
LC_022_R07.png,LC,LC_022,7,12,HIBRIDO,Linhas,Comparação,CONFORMING,CONFORMING,CONFORMING,CONFORMING,PENDING_BB,DIAGNOSTIC_OK,NOT_APPLICABLE,NOT_APPLICABLE,NOT_APPLICABLE,NO_FAILURE_SO_FAR,PENDING_FINALIZATION,AUTO_FROZEN,0.935572,0.001875
LC_022_R08.png,LC,LC_022,8,12,HIBRIDO,Linhas,Comparação,CONFORMING,CONFORMING,CONFORMING,CONFORMING,PENDING_BB,DIAGNOSTIC_OK,NOT_APPLICABLE,NOT_APPLICABLE,NOT_APPLICABLE,NO_FAILURE_SO_FAR,PENDING_FINALIZATION,AUTO_FROZEN,0.935894,0.001875
LC_022_R09.png,LC,LC_022,9,12,HIBRIDO,Linhas,Comparação,CONFORMING,CONFORMING,CONFORMING,CONFORMING,PENDING_BB,DIAGNOSTIC_OK,NOT_APPLICABLE,NOT_APPLICABLE,NOT_APPLICABLE,NO_FAILURE_SO_FAR,PENDING_FINALIZATION,AUTO_FROZEN,0.936556,0.001875
LC_022_R10.png,LC,LC_022,10,12,HIBRIDO,Linhas,Comparação,CONFORMING,CONFORMING,CONFORMING,CONFORMING,PENDING_BB,DIAGNOSTIC_OK,NOT_APPLICABLE,NOT_APPLICABLE,NOT_APPLICABLE,NO_FAILURE_SO_FAR,PENDING_FINALIZATION,AUTO_FROZEN,0.935054,0.001875
LC_023_R01.png,LC,LC_023,1,13,HIBRIDO,Linhas,Comparação,CONFORMING,CONFORMING,CONFORMING,CONFORMING,PENDING_BB,DIAGNOSTIC_OK,CONFORMING,CONFORMING,CONFORMING,NO_FAILURE_SO_FAR,PENDING_FINALIZATION,AUTO_FROZEN,0.936632,0.084086
LC_023_R02.png,LC,LC_023,2,13,HIBRIDO,Linhas,Comparação,CONFORMING,CONFORMING,CONFORMING,CONFORMING,PENDING_BB,DIAGNOSTIC_OK,CONFORMING,CONFORMING,CONFORMING,NO_FAILURE_SO_FAR,PENDING_FINALIZATION,AUTO_FROZEN,0.964015,0.033542
LC_023_R03.png,LC,LC_023,3,13,HIBRIDO,Linhas,Comparação,CONFORMING,CONFORMING,CONFORMING,CONFORMING,PENDING_BB,DIAGNOSTIC_OK,CONFORMING,CONFORMING,CONFORMING,NO_FAILURE_SO_FAR,PENDING_FINALIZATION,AUTO_FROZEN,0.964015,0.033542
LC_023_R04.png,LC,LC_023,4,13,HIBRIDO,Linhas,Comparação,CONFORMING,CONFORMING,CONFORMING,CONFORMING,PENDING_BB,DIAGNOSTIC_OK,CONFORMING,CONFORMING,CONFORMING,NO_FAILURE_SO_FAR,PENDING_FINALIZATION,AUTO_FROZEN,0.964015,0.033542
LC_023_R05.png,LC,LC_023,5,13,HIBRIDO,Linhas,Comparação,CONFORMING,CONFORMING,CONFORMING,CONFORMING,PENDING_BB,DIAGNOSTIC_OK,CONFORMING,CONFORMING,CONFORMING,NO_FAILURE_SO_FAR,PENDING_FINALIZATION,AUTO_FROZEN,0.964015,0.033542
LC_023_R06.png,LC,LC_023,6,13,HIBRIDO,Linhas,Comparação,CONFORMING,CONFORMING,CONFORMING,CONFORMING,PENDING_BB,DIAGNOSTIC_OK,CONFORMING,CONFORMING,CONFORMING,NO_FAILURE_SO_FAR,PENDING_FINALIZATION,AUTO_FROZEN,0.964015,0.033542
LC_023_R07.png,LC,LC_023,7,13,HIBRIDO,Linhas,Comparação,CONFORMING,CONFORMING,CONFORMING,CONFORMING,PENDING_BB,DIAGNOSTIC_OK,CONFORMING,CONFORMING,CONFORMING,NO_FAILURE_SO_FAR,PENDING_FINALIZATION,AUTO_FROZEN,0.964015,0.033542
LC_023_R08.png,LC,LC_023,8,13,HIBRIDO,Linhas,Comparação,CONFORMING,CONFORMING,CONFORMING,CONFORMING,PENDING_BB,DIAGNOSTIC_OK,CONFORMING,CONFORMING,CONFORMING,NO_FAILURE_SO_FAR,PENDING_FINALIZATION,AUTO_FROZEN,0.964015,0.033542
LC_023_R09.png,LC,LC_023,9,13,HIBRIDO,Linhas,Comparação,CONFORMING,CONFORMING,CONFORMING,CONFORMING,PENDING_BB,DIAGNOSTIC_OK,CONFORMING,CONFORMING,CONFORMING,NO_FAILURE_SO_FAR,PENDING_FINALIZATION,AUTO_FROZEN,0.964015,0.033542
LC_023_R10.png,LC,LC_023,10,13,HIBRIDO,Linhas,Comparação,CONFORMING,CONFORMING,CONFORMING,CONFORMING,PENDING_BB,DIAGNOSTIC_OK,CONFORMING,CONFORMING,CONFORMING,NO_FAILURE_SO_FAR,PENDING_FINALIZATION,AUTO_FROZEN,0.964015,0.033542
LC_024_R01.png,LC,LC_024,1,14,HIBRIDO,Linhas,Comparação,CONFORMING,CONFORMING,CONFORMING,CONFORMING,PENDING_BB,DIAGNOSTIC_OK,CONFORMING,CONFORMING,NOT_APPLICABLE,NO_FAILURE_SO_FAR,PENDING_FINALIZATION,AUTO_FROZEN,0.943388,0.078729
LC_024_R02.png,LC,LC_024,2,14,HIBRIDO,Linhas,Comparação,CONFORMING,CONFORMING,CONFORMING,CONFORMING,PENDING_BB,DIAGNOSTIC_OK,CONFORMING,CONFORMING,NOT_APPLICABLE,NO_FAILURE_SO_FAR,PENDING_FINALIZATION,AUTO_FROZEN,0.969677,0.043229
LC_024_R03.png,LC,LC_024,3,14,HIBRIDO,Linhas,Comparação,CONFORMING,CONFORMING,CONFORMING,CONFORMING,PENDING_BB,DIAGNOSTIC_OK,CONFORMING,CONFORMING,NOT_APPLICABLE,NO_FAILURE_SO_FAR,PENDING_FINALIZATION,AUTO_FROZEN,0.969677,0.043229
LC_024_R04.png,LC,LC_024,4,14,HIBRIDO,Linhas,Comparação,CONFORMING,CONFORMING,CONFORMING,CONFORMING,PENDING_BB,DIAGNOSTIC_OK,CONFORMING,CONFORMING,NOT_APPLICABLE,NO_FAILURE_SO_FAR,PENDING_FINALIZATION,AUTO_FROZEN,0.969677,0.043229
LC_024_R05.png,LC,LC_024,5,14,HIBRIDO,Linhas,Comparação,CONFORMING,CONFORMING,CONFORMING,CONFORMING,PENDING_BB,DIAGNOSTIC_OK,CONFORMING,CONFORMING,NOT_APPLICABLE,NO_FAILURE_SO_FAR,PENDING_FINALIZATION,AUTO_FROZEN,0.969677,0.043229
LC_024_R06.png,LC,LC_024,6,14,HIBRIDO,Linhas,Comparação,CONFORMING,CONFORMING,CONFORMING,CONFORMING,PENDING_BB,DIAGNOSTIC_OK,CONFORMING,CONFORMING,NOT_APPLICABLE,NO_FAILURE_SO_FAR,PENDING_FINALIZATION,AUTO_FROZEN,0.969677,0.043229
LC_024_R07.png,LC,LC_024,7,14,HIBRIDO,Linhas,Comparação,CONFORMING,CONFORMING,CONFORMING,CONFORMING,PENDING_BB,DIAGNOSTIC_OK,CONFORMING,CONFORMING,NOT_APPLICABLE,NO_FAILURE_SO_FAR,PENDING_FINALIZATION,AUTO_FROZEN,0.969677,0.043229
LC_024_R08.png,LC,LC_024,8,14,HIBRIDO,Linhas,Comparação,CONFORMING,CONFORMING,CONFORMING,CONFORMING,PENDING_BB,DIAGNOSTIC_OK,CONFORMING,CONFORMING,NOT_APPLICABLE,NO_FAILURE_SO_FAR,PENDING_FINALIZATION,AUTO_FROZEN,0.969677,0.043229
LC_024_R09.png,LC,LC_024,9,14,HIBRIDO,Linhas,Comparação,CONFORMING,CONFORMING,CONFORMING,CONFORMING,PENDING_BB,DIAGNOSTIC_OK,CONFORMING,CONFORMING,NOT_APPLICABLE,NO_FAILURE_SO_FAR,PENDING_FINALIZATION,AUTO_FROZEN,0.969677,0.043229
LC_024_R10.png,LC,LC_024,10,14,HIBRIDO,Linhas,Comparação,CONFORMING,CONFORMING,CONFORMING,CONFORMING,PENDING_BB,DIAGNOSTIC_OK,CONFORMING,CONFORMING,NOT_APPLICABLE,NO_FAILURE_SO_FAR,PENDING_FINALIZATION,AUTO_FROZEN,0.969677,0.043229
LC_025_R01.png,LC,LC_025,1,15,HIBRIDO,Linhas,Comparação,CONFORMING,CONFORMING,CONFORMING,CONFORMING,PENDING_BB,DIAGNOSTIC_OK,NOT_APPLICABLE,NOT_APPLICABLE,NOT_APPLICABLE,NO_FAILURE_SO_FAR,PENDING_FINALIZATION,AUTO_FROZEN,0.93651,0.074831
LC_025_R02.png,LC,LC_025,2,15,HIBRIDO,Linhas,Comparação,CONFORMING,CONFORMING,CONFORMING,CONFORMING,PENDING_BB,DIAGNOSTIC_OK,NOT_APPLICABLE,NOT_APPLICABLE,NOT_APPLICABLE,NO_FAILURE_SO_FAR,PENDING_FINALIZATION,AUTO_FROZEN,0.946197,0.043542
LC_025_R03.png,LC,LC_025,3,15,HIBRIDO,Linhas,Comparação,CONFORMING,CONFORMING,CONFORMING,CONFORMING,PENDING_BB,DIAGNOSTIC_OK,NOT_APPLICABLE,NOT_APPLICABLE,NOT_APPLICABLE,NO_FAILURE_SO_FAR,PENDING_FINALIZATION,AUTO_FROZEN,0.946197,0.043542
LC_025_R04.png,LC,LC_025,4,15,HIBRIDO,Linhas,Comparação,CONFORMING,CONFORMING,CONFORMING,CONFORMING,PENDING_BB,DIAGNOSTIC_OK,NOT_APPLICABLE,NOT_APPLICABLE,NOT_APPLICABLE,NO_FAILURE_SO_FAR,PENDING_FINALIZATION,AUTO_FROZEN,0.946197,0.043542
LC_025_R05.png,LC,LC_025,5,15,HIBRIDO,Linhas,Comparação,CONFORMING,CONFORMING,CONFORMING,CONFORMING,PENDING_BB,DIAGNOSTIC_OK,NOT_APPLICABLE,NOT_APPLICABLE,NOT_APPLICABLE,NO_FAILURE_SO_FAR,PENDING_FINALIZATION,AUTO_FROZEN,0.946197,0.043542
LC_025_R06.png,LC,LC_025,6,15,HIBRIDO,Linhas,Comparação,CONFORMING,CONFORMING,CONFORMING,CONFORMING,PENDING_BB,DIAGNOSTIC_OK,NOT_APPLICABLE,NOT_APPLICABLE,NOT_APPLICABLE,NO_FAILURE_SO_FAR,PENDING_FINALIZATION,AUTO_FROZEN,0.946197,0.043542
LC_025_R07.png,LC,LC_025,7,15,HIBRIDO,Linhas,Comparação,CONFORMING,CONFORMING,CONFORMING,CONFORMING,PENDING_BB,DIAGNOSTIC_OK,NOT_APPLICABLE,NOT_APPLICABLE,NOT_APPLICABLE,NO_FAILURE_SO_FAR,PENDING_FINALIZATION,AUTO_FROZEN,0.946197,0.043542
LC_025_R08.png,LC,LC_025,8,15,HIBRIDO,Linhas,Comparação,CONFORMING,CONFORMING,CONFORMING,CONFORMING,PENDING_BB,DIAGNOSTIC_OK,NOT_APPLICABLE,NOT_APPLICABLE,NOT_APPLICABLE,NO_FAILURE_SO_FAR,PENDING_FINALIZATION,AUTO_FROZEN,0.946197,0.043542
LC_025_R09.png,LC,LC_025,9,15,HIBRIDO,Linhas,Comparação,CONFORMING,CONFORMING,CONFORMING,CONFORMING,PENDING_BB,DIAGNOSTIC_OK,NOT_APPLICABLE,NOT_APPLICABLE,NOT_APPLICABLE,NO_FAILURE_SO_FAR,PENDING_FINALIZATION,AUTO_FROZEN,0.946197,0.043542
LC_025_R10.png,LC,LC_025,10,15,HIBRIDO,Linhas,Comparação,CONFORMING,CONFORMING,CONFORMING,CONFORMING,PENDING_BB,DIAGNOSTIC_OK,NOT_APPLICABLE,NOT_APPLICABLE,NOT_APPLICABLE,NO_FAILURE_SO_FAR,PENDING_FINALIZATION,AUTO_FROZEN,0.946197,0.043542
LC_026_R01.png,LC,LC_026,1,16,HIBRIDO,Linhas,Comparação,CONFORMING,CONFORMING,CONFORMING,CONFORMING,PENDING_BB,DIAGNOSTIC_OK,CONFORMING,CONFORMING,NOT_APPLICABLE,NO_FAILURE_SO_FAR,PENDING_FINALIZATION,AUTO_FROZEN,0.943839,0.052706
LC_026_R02.png,LC,LC_026,2,16,HIBRIDO,Linhas,Comparação,CONFORMING,CONFORMING,NONCONFORMING,CONFORMING,PENDING_BB,DIAGNOSTIC_OK,CONFORMING,CONFORMING,NOT_APPLICABLE,NONCONFORMING,NONCONFORMING,AUTO_FROZEN,0.940941,0.001563
LC_026_R03.png,LC,LC_026,3,16,HIBRIDO,Linhas,Comparação,CONFORMING,CONFORMING,NONCONFORMING,CONFORMING,PENDING_BB,DIAGNOSTIC_OK,CONFORMING,CONFORMING,NOT_APPLICABLE,NONCONFORMING,NONCONFORMING,AUTO_FROZEN,0.940941,0.001563
LC_026_R04.png,LC,LC_026,4,16,HIBRIDO,Linhas,Comparação,CONFORMING,CONFORMING,NONCONFORMING,CONFORMING,PENDING_BB,DIAGNOSTIC_OK,CONFORMING,CONFORMING,NOT_APPLICABLE,NONCONFORMING,NONCONFORMING,AUTO_FROZEN,0.940941,0.001563
LC_026_R05.png,LC,LC_026,5,16,HIBRIDO,Linhas,Comparação,CONFORMING,CONFORMING,NONCONFORMING,CONFORMING,PENDING_BB,DIAGNOSTIC_OK,CONFORMING,CONFORMING,NOT_APPLICABLE,NONCONFORMING,NONCONFORMING,AUTO_FROZEN,0.940941,0.001563
LC_026_R06.png,LC,LC_026,6,16,HIBRIDO,Linhas,Comparação,CONFORMING,CONFORMING,NONCONFORMING,CONFORMING,PENDING_BB,DIAGNOSTIC_OK,CONFORMING,CONFORMING,NOT_APPLICABLE,NONCONFORMING,NONCONFORMING,AUTO_FROZEN,0.940941,0.001563
LC_026_R07.png,LC,LC_026,7,16,HIBRIDO,Linhas,Comparação,CONFORMING,CONFORMING,NONCONFORMING,CONFORMING,PENDING_BB,DIAGNOSTIC_OK,CONFORMING,CONFORMING,NOT_APPLICABLE,NONCONFORMING,NONCONFORMING,AUTO_FROZEN,0.940941,0.001563
LC_026_R08.png,LC,LC_026,8,16,HIBRIDO,Linhas,Comparação,CONFORMING,CONFORMING,NONCONFORMING,CONFORMING,PENDING_BB,DIAGNOSTIC_OK,CONFORMING,CONFORMING,NOT_APPLICABLE,NONCONFORMING,NONCONFORMING,AUTO_FROZEN,0.940941,0.001563
LC_026_R09.png,LC,LC_026,9,16,HIBRIDO,Linhas,Comparação,CONFORMING,CONFORMING,NONCONFORMING,CONFORMING,PENDING_BB,DIAGNOSTIC_OK,CONFORMING,CONFORMING,NOT_APPLICABLE,NONCONFORMING,NONCONFORMING,AUTO_FROZEN,0.940941,0.001563
LC_026_R10.png,LC,LC_026,10,16,HIBRIDO,Linhas,Comparação,CONFORMING,CONFORMING,NONCONFORMING,CONFORMING,PENDING_BB,DIAGNOSTIC_OK,CONFORMING,CONFORMING,NOT_APPLICABLE,NONCONFORMING,NONCONFORMING,AUTO_FROZEN,0.940941,0.001563
LC_027_R01.png,LC,LC_027,1,1,VQL,Linhas,Comparação,CONFORMING,CONFORMING,CONFORMING,CONFORMING,PENDING_BB,DIAGNOSTIC_OK,CONFORMING,CONFORMING,NOT_APPLICABLE,NO_FAILURE_SO_FAR,PENDING_FINALIZATION,AUTO_FROZEN,0.943319,0.073341
LC_027_R02.png,LC,LC_027,2,1,VQL,Linhas,Comparação,CONFORMING,CONFORMING,CONFORMING,CONFORMING,PENDING_BB,DIAGNOSTIC_OK,CONFORMING,CONFORMING,NOT_APPLICABLE,NO_FAILURE_SO_FAR,PENDING_FINALIZATION,AUTO_FROZEN,0.911252,0.080904
LC_027_R03.png,LC,LC_027,3,1,VQL,Linhas,Comparação,CONFORMING,CONFORMING,CONFORMING,CONFORMING,PENDING_BB,DIAGNOSTIC_OK,CONFORMING,CONFORMING,NOT_APPLICABLE,NO_FAILURE_SO_FAR,PENDING_FINALIZATION,AUTO_FROZEN,0.911252,0.080904
LC_027_R04.png,LC,LC_027,4,1,VQL,Linhas,Comparação,CONFORMING,CONFORMING,CONFORMING,CONFORMING,PENDING_BB,DIAGNOSTIC_OK,CONFORMING,CONFORMING,NOT_APPLICABLE,NO_FAILURE_SO_FAR,PENDING_FINALIZATION,AUTO_FROZEN,0.911252,0.080904
LC_027_R05.png,LC,LC_027,5,1,VQL,Linhas,Comparação,CONFORMING,CONFORMING,CONFORMING,CONFORMING,PENDING_BB,DIAGNOSTIC_OK,CONFORMING,CONFORMING,NOT_APPLICABLE,NO_FAILURE_SO_FAR,PENDING_FINALIZATION,AUTO_FROZEN,0.911252,0.080904
LC_027_R06.png,LC,LC_027,6,1,VQL,Linhas,Comparação,CONFORMING,CONFORMING,CONFORMING,CONFORMING,PENDING_BB,DIAGNOSTIC_OK,CONFORMING,CONFORMING,NOT_APPLICABLE,NO_FAILURE_SO_FAR,PENDING_FINALIZATION,AUTO_FROZEN,0.911252,0.080904
LC_027_R07.png,LC,LC_027,7,1,VQL,Linhas,Comparação,CONFORMING,CONFORMING,CONFORMING,CONFORMING,PENDING_BB,DIAGNOSTIC_OK,CONFORMING,CONFORMING,NOT_APPLICABLE,NO_FAILURE_SO_FAR,PENDING_FINALIZATION,AUTO_FROZEN,0.911252,0.080904
LC_027_R08.png,LC,LC_027,8,1,VQL,Linhas,Comparação,CONFORMING,CONFORMING,CONFORMING,CONFORMING,PENDING_BB,DIAGNOSTIC_OK,CONFORMING,CONFORMING,NOT_APPLICABLE,NO_FAILURE_SO_FAR,PENDING_FINALIZATION,AUTO_FROZEN,0.911252,0.080904
LC_027_R09.png,LC,LC_027,9,1,VQL,Linhas,Comparação,CONFORMING,CONFORMING,CONFORMING,CONFORMING,PENDING_BB,DIAGNOSTIC_OK,CONFORMING,CONFORMING,NOT_APPLICABLE,NO_FAILURE_SO_FAR,PENDING_FINALIZATION,AUTO_FROZEN,0.911252,0.080904
LC_027_R10.png,LC,LC_027,10,1,VQL,Linhas,Comparação,CONFORMING,CONFORMING,CONFORMING,CONFORMING,PENDING_BB,DIAGNOSTIC_OK,CONFORMING,CONFORMING,NOT_APPLICABLE,NO_FAILURE_SO_FAR,PENDING_FINALIZATION,AUTO_FROZEN,0.911252,0.080904
LC_028_R01.png,LC,LC_028,1,4,VQL,Linhas,Comparação,CONFORMING,CONFORMING,CONFORMING,CONFORMING,PENDING_BB,DIAGNOSTIC_OK,CONFORMING,CONFORMING,NOT_APPLICABLE,NO_FAILURE_SO_FAR,PENDING_FINALIZATION,AUTO_FROZEN,0.922656,0.050221
LC_028_R02.png,LC,LC_028,2,4,VQL,Linhas,Comparação,CONFORMING,CONFORMING,CONFORMING,CONFORMING,PENDING_BB,DIAGNOSTIC_OK,CONFORMING,CONFORMING,NOT_APPLICABLE,NO_FAILURE_SO_FAR,PENDING_FINALIZATION,AUTO_FROZEN,0.953506,0.051771
LC_028_R03.png,LC,LC_028,3,4,VQL,Linhas,Comparação,CONFORMING,CONFORMING,CONFORMING,CONFORMING,PENDING_BB,DIAGNOSTIC_OK,CONFORMING,CONFORMING,NOT_APPLICABLE,NO_FAILURE_SO_FAR,PENDING_FINALIZATION,AUTO_FROZEN,0.953506,0.051771
LC_028_R04.png,LC,LC_028,4,4,VQL,Linhas,Comparação,CONFORMING,CONFORMING,CONFORMING,CONFORMING,PENDING_BB,DIAGNOSTIC_OK,CONFORMING,CONFORMING,NOT_APPLICABLE,NO_FAILURE_SO_FAR,PENDING_FINALIZATION,AUTO_FROZEN,0.953506,0.051771
LC_028_R05.png,LC,LC_028,5,4,VQL,Linhas,Comparação,CONFORMING,CONFORMING,CONFORMING,CONFORMING,PENDING_BB,DIAGNOSTIC_OK,CONFORMING,CONFORMING,NOT_APPLICABLE,NO_FAILURE_SO_FAR,PENDING_FINALIZATION,AUTO_FROZEN,0.953506,0.051771
LC_028_R06.png,LC,LC_028,6,4,VQL,Linhas,Comparação,CONFORMING,CONFORMING,CONFORMING,CONFORMING,PENDING_BB,DIAGNOSTIC_OK,CONFORMING,CONFORMING,NOT_APPLICABLE,NO_FAILURE_SO_FAR,PENDING_FINALIZATION,AUTO_FROZEN,0.953506,0.051771
LC_028_R07.png,LC,LC_028,7,4,VQL,Linhas,Comparação,CONFORMING,CONFORMING,CONFORMING,CONFORMING,PENDING_BB,DIAGNOSTIC_OK,CONFORMING,CONFORMING,NOT_APPLICABLE,NO_FAILURE_SO_FAR,PENDING_FINALIZATION,AUTO_FROZEN,0.953506,0.051771
LC_028_R08.png,LC,LC_028,8,4,VQL,Linhas,Comparação,CONFORMING,CONFORMING,CONFORMING,CONFORMING,PENDING_BB,DIAGNOSTIC_OK,CONFORMING,CONFORMING,NOT_APPLICABLE,NO_FAILURE_SO_FAR,PENDING_FINALIZATION,AUTO_FROZEN,0.953506,0.051771
LC_028_R09.png,LC,LC_028,9,4,VQL,Linhas,Comparação,CONFORMING,CONFORMING,CONFORMING,CONFORMING,PENDING_BB,DIAGNOSTIC_OK,CONFORMING,CONFORMING,NOT_APPLICABLE,NO_FAILURE_SO_FAR,PENDING_FINALIZATION,AUTO_FROZEN,0.953506,0.051771
LC_028_R10.png,LC,LC_028,10,4,VQL,Linhas,Comparação,CONFORMING,CONFORMING,CONFORMING,CONFORMING,PENDING_BB,DIAGNOSTIC_OK,CONFORMING,CONFORMING,NOT_APPLICABLE,NO_FAILURE_SO_FAR,PENDING_FINALIZATION,AUTO_FROZEN,0.953506,0.051771
LC_029_R01.png,LC,LC_029,1,6,VQL,Linhas,Comparação,CONFORMING,CONFORMING,CONFORMING,CONFORMING,PENDING_BB,DIAGNOSTIC_OK,NOT_APPLICABLE,NOT_APPLICABLE,NOT_APPLICABLE,NO_FAILURE_SO_FAR,PENDING_FINALIZATION,AUTO_FROZEN,0.937562,0.056318
LC_029_R02.png,LC,LC_029,2,6,VQL,Linhas,Comparação,CONFORMING,CONFORMING,CONFORMING,CONFORMING,PENDING_BB,DIAGNOSTIC_OK,NOT_APPLICABLE,NOT_APPLICABLE,NOT_APPLICABLE,NO_FAILURE_SO_FAR,PENDING_FINALIZATION,AUTO_FROZEN,0.935457,0.051771
LC_029_R03.png,LC,LC_029,3,6,VQL,Linhas,Comparação,CONFORMING,CONFORMING,CONFORMING,CONFORMING,PENDING_BB,DIAGNOSTIC_OK,NOT_APPLICABLE,NOT_APPLICABLE,NOT_APPLICABLE,NO_FAILURE_SO_FAR,PENDING_FINALIZATION,AUTO_FROZEN,0.935457,0.051771
LC_029_R04.png,LC,LC_029,4,6,VQL,Linhas,Comparação,CONFORMING,CONFORMING,CONFORMING,CONFORMING,PENDING_BB,DIAGNOSTIC_OK,NOT_APPLICABLE,NOT_APPLICABLE,NOT_APPLICABLE,NO_FAILURE_SO_FAR,PENDING_FINALIZATION,AUTO_FROZEN,0.935457,0.051771
LC_029_R05.png,LC,LC_029,5,6,VQL,Linhas,Comparação,CONFORMING,CONFORMING,CONFORMING,CONFORMING,PENDING_BB,DIAGNOSTIC_OK,NOT_APPLICABLE,NOT_APPLICABLE,NOT_APPLICABLE,NO_FAILURE_SO_FAR,PENDING_FINALIZATION,AUTO_FROZEN,0.935457,0.051771
LC_029_R06.png,LC,LC_029,6,6,VQL,Linhas,Comparação,CONFORMING,CONFORMING,CONFORMING,CONFORMING,PENDING_BB,DIAGNOSTIC_OK,NOT_APPLICABLE,NOT_APPLICABLE,NOT_APPLICABLE,NO_FAILURE_SO_FAR,PENDING_FINALIZATION,AUTO_FROZEN,0.935457,0.051771
LC_029_R07.png,LC,LC_029,7,6,VQL,Linhas,Comparação,CONFORMING,CONFORMING,CONFORMING,CONFORMING,PENDING_BB,DIAGNOSTIC_OK,NOT_APPLICABLE,NOT_APPLICABLE,NOT_APPLICABLE,NO_FAILURE_SO_FAR,PENDING_FINALIZATION,AUTO_FROZEN,0.935457,0.051771
LC_029_R08.png,LC,LC_029,8,6,VQL,Linhas,Comparação,CONFORMING,CONFORMING,CONFORMING,CONFORMING,PENDING_BB,DIAGNOSTIC_OK,NOT_APPLICABLE,NOT_APPLICABLE,NOT_APPLICABLE,NO_FAILURE_SO_FAR,PENDING_FINALIZATION,AUTO_FROZEN,0.935457,0.051771
LC_029_R09.png,LC,LC_029,9,6,VQL,Linhas,Comparação,CONFORMING,CONFORMING,CONFORMING,CONFORMING,PENDING_BB,DIAGNOSTIC_OK,NOT_APPLICABLE,NOT_APPLICABLE,NOT_APPLICABLE,NO_FAILURE_SO_FAR,PENDING_FINALIZATION,AUTO_FROZEN,0.935457,0.051771
LC_029_R10.png,LC,LC_029,10,6,VQL,Linhas,Comparação,CONFORMING,CONFORMING,CONFORMING,CONFORMING,PENDING_BB,DIAGNOSTIC_OK,NOT_APPLICABLE,NOT_APPLICABLE,NOT_APPLICABLE,NO_FAILURE_SO_FAR,PENDING_FINALIZATION,AUTO_FROZEN,0.935457,0.051771
LC_030_R01.png,LC,LC_030,1,7,VQL,Linhas,Comparação,CONFORMING,CONFORMING,CONFORMING,CONFORMING,PENDING_BB,DIAGNOSTIC_OK,NOT_APPLICABLE,NOT_APPLICABLE,NOT_APPLICABLE,NO_FAILURE_SO_FAR,PENDING_FINALIZATION,AUTO_FROZEN,0.941213,0.059515
LC_030_R02.png,LC,LC_030,2,7,VQL,Linhas,Comparação,CONFORMING,CONFORMING,CONFORMING,CONFORMING,PENDING_BB,DIAGNOSTIC_OK,NOT_APPLICABLE,NOT_APPLICABLE,NOT_APPLICABLE,NO_FAILURE_SO_FAR,PENDING_FINALIZATION,AUTO_FROZEN,0.881319,0.073882
LC_030_R03.png,LC,LC_030,3,7,VQL,Linhas,Comparação,CONFORMING,CONFORMING,CONFORMING,CONFORMING,PENDING_BB,DIAGNOSTIC_OK,NOT_APPLICABLE,NOT_APPLICABLE,NOT_APPLICABLE,NO_FAILURE_SO_FAR,PENDING_FINALIZATION,AUTO_FROZEN,0.881319,0.073882
LC_030_R04.png,LC,LC_030,4,7,VQL,Linhas,Comparação,CONFORMING,CONFORMING,CONFORMING,CONFORMING,PENDING_BB,DIAGNOSTIC_OK,NOT_APPLICABLE,NOT_APPLICABLE,NOT_APPLICABLE,NO_FAILURE_SO_FAR,PENDING_FINALIZATION,AUTO_FROZEN,0.881319,0.073882
LC_030_R05.png,LC,LC_030,5,7,VQL,Linhas,Comparação,CONFORMING,CONFORMING,CONFORMING,CONFORMING,PENDING_BB,DIAGNOSTIC_OK,NOT_APPLICABLE,NOT_APPLICABLE,NOT_APPLICABLE,NO_FAILURE_SO_FAR,PENDING_FINALIZATION,AUTO_FROZEN,0.881319,0.073882
LC_030_R06.png,LC,LC_030,6,7,VQL,Linhas,Comparação,CONFORMING,CONFORMING,CONFORMING,CONFORMING,PENDING_BB,DIAGNOSTIC_OK,NOT_APPLICABLE,NOT_APPLICABLE,NOT_APPLICABLE,NO_FAILURE_SO_FAR,PENDING_FINALIZATION,AUTO_FROZEN,0.881319,0.073882
LC_030_R07.png,LC,LC_030,7,7,VQL,Linhas,Comparação,CONFORMING,CONFORMING,CONFORMING,CONFORMING,PENDING_BB,DIAGNOSTIC_OK,NOT_APPLICABLE,NOT_APPLICABLE,NOT_APPLICABLE,NO_FAILURE_SO_FAR,PENDING_FINALIZATION,AUTO_FROZEN,0.881319,0.073882
LC_030_R08.png,LC,LC_030,8,7,VQL,Linhas,Comparação,CONFORMING,CONFORMING,CONFORMING,CONFORMING,PENDING_BB,DIAGNOSTIC_OK,NOT_APPLICABLE,NOT_APPLICABLE,NOT_APPLICABLE,NO_FAILURE_SO_FAR,PENDING_FINALIZATION,AUTO_FROZEN,0.881319,0.073882
LC_030_R09.png,LC,LC_030,9,7,VQL,Linhas,Comparação,CONFORMING,CONFORMING,CONFORMING,CONFORMING,PENDING_BB,DIAGNOSTIC_OK,NOT_APPLICABLE,NOT_APPLICABLE,NOT_APPLICABLE,NO_FAILURE_SO_FAR,PENDING_FINALIZATION,AUTO_FROZEN,0.881319,0.073882
LC_030_R10.png,LC,LC_030,10,7,VQL,Linhas,Comparação,CONFORMING,CONFORMING,CONFORMING,CONFORMING,PENDING_BB,DIAGNOSTIC_OK,NOT_APPLICABLE,NOT_APPLICABLE,NOT_APPLICABLE,NO_FAILURE_SO_FAR,PENDING_FINALIZATION,AUTO_FROZEN,0.881319,0.073882
LC_031_R01.png,LC,LC_031,1,8,VQL,Linhas,Comparação,CONFORMING,CONFORMING,CONFORMING,CONFORMING,PENDING_BB,DIAGNOSTIC_OK,NOT_APPLICABLE,NOT_APPLICABLE,NOT_APPLICABLE,NO_FAILURE_SO_FAR,PENDING_FINALIZATION,AUTO_FROZEN,0.941136,0.08252
LC_031_R02.png,LC,LC_031,2,8,VQL,Linhas,Comparação,CONFORMING,CONFORMING,CONFORMING,CONFORMING,PENDING_BB,DIAGNOSTIC_OK,NOT_APPLICABLE,NOT_APPLICABLE,NOT_APPLICABLE,NO_FAILURE_SO_FAR,PENDING_FINALIZATION,AUTO_FROZEN,0.941581,0.075763
LC_031_R03.png,LC,LC_031,3,8,VQL,Linhas,Comparação,CONFORMING,CONFORMING,CONFORMING,CONFORMING,PENDING_BB,DIAGNOSTIC_OK,NOT_APPLICABLE,NOT_APPLICABLE,NOT_APPLICABLE,NO_FAILURE_SO_FAR,PENDING_FINALIZATION,AUTO_FROZEN,0.941581,0.075763
LC_031_R04.png,LC,LC_031,4,8,VQL,Linhas,Comparação,CONFORMING,CONFORMING,CONFORMING,CONFORMING,PENDING_BB,DIAGNOSTIC_OK,NOT_APPLICABLE,NOT_APPLICABLE,NOT_APPLICABLE,NO_FAILURE_SO_FAR,PENDING_FINALIZATION,AUTO_FROZEN,0.941581,0.075763
LC_031_R05.png,LC,LC_031,5,8,VQL,Linhas,Comparação,CONFORMING,CONFORMING,CONFORMING,CONFORMING,PENDING_BB,DIAGNOSTIC_OK,NOT_APPLICABLE,NOT_APPLICABLE,NOT_APPLICABLE,NO_FAILURE_SO_FAR,PENDING_FINALIZATION,AUTO_FROZEN,0.941581,0.075763
LC_031_R06.png,LC,LC_031,6,8,VQL,Linhas,Comparação,CONFORMING,CONFORMING,CONFORMING,CONFORMING,PENDING_BB,DIAGNOSTIC_OK,NOT_APPLICABLE,NOT_APPLICABLE,NOT_APPLICABLE,NO_FAILURE_SO_FAR,PENDING_FINALIZATION,AUTO_FROZEN,0.941581,0.075763
LC_031_R07.png,LC,LC_031,7,8,VQL,Linhas,Comparação,CONFORMING,CONFORMING,CONFORMING,CONFORMING,PENDING_BB,DIAGNOSTIC_OK,NOT_APPLICABLE,NOT_APPLICABLE,NOT_APPLICABLE,NO_FAILURE_SO_FAR,PENDING_FINALIZATION,AUTO_FROZEN,0.941581,0.075763
LC_031_R08.png,LC,LC_031,8,8,VQL,Linhas,Comparação,CONFORMING,CONFORMING,CONFORMING,CONFORMING,PENDING_BB,DIAGNOSTIC_OK,NOT_APPLICABLE,NOT_APPLICABLE,NOT_APPLICABLE,NO_FAILURE_SO_FAR,PENDING_FINALIZATION,AUTO_FROZEN,0.941581,0.075763
LC_031_R09.png,LC,LC_031,9,8,VQL,Linhas,Comparação,CONFORMING,CONFORMING,CONFORMING,CONFORMING,PENDING_BB,DIAGNOSTIC_OK,NOT_APPLICABLE,NOT_APPLICABLE,NOT_APPLICABLE,NO_FAILURE_SO_FAR,PENDING_FINALIZATION,AUTO_FROZEN,0.941581,0.075763
LC_031_R10.png,LC,LC_031,10,8,VQL,Linhas,Comparação,CONFORMING,CONFORMING,CONFORMING,CONFORMING,PENDING_BB,DIAGNOSTIC_OK,NOT_APPLICABLE,NOT_APPLICABLE,NOT_APPLICABLE,NO_FAILURE_SO_FAR,PENDING_FINALIZATION,AUTO_FROZEN,0.941581,0.075763
LC_032_R01.png,LC,LC_032,1,9,VQL,Linhas,Comparação,CONFORMING,CONFORMING,NONCONFORMING,CONFORMING,PENDING_BB,DIAGNOSTIC_OK,CONFORMING,CONFORMING,CONFORMING,NONCONFORMING,NONCONFORMING,AUTO_FROZEN,1.0,0.076182
LC_032_R02.png,LC,LC_032,2,9,VQL,Linhas,Comparação,CONFORMING,CONFORMING,CONFORMING,CONFORMING,PENDING_BB,DIAGNOSTIC_OK,CONFORMING,CONFORMING,CONFORMING,NO_FAILURE_SO_FAR,PENDING_FINALIZATION,AUTO_FROZEN,0.969134,0.073827
LC_032_R03.png,LC,LC_032,3,9,VQL,Linhas,Comparação,CONFORMING,CONFORMING,CONFORMING,CONFORMING,PENDING_BB,DIAGNOSTIC_OK,CONFORMING,CONFORMING,CONFORMING,NO_FAILURE_SO_FAR,PENDING_FINALIZATION,AUTO_FROZEN,0.969134,0.073827
LC_032_R04.png,LC,LC_032,4,9,VQL,Linhas,Comparação,CONFORMING,CONFORMING,CONFORMING,CONFORMING,PENDING_BB,DIAGNOSTIC_OK,CONFORMING,CONFORMING,CONFORMING,NO_FAILURE_SO_FAR,PENDING_FINALIZATION,AUTO_FROZEN,0.969134,0.073827
LC_032_R05.png,LC,LC_032,5,9,VQL,Linhas,Comparação,CONFORMING,CONFORMING,CONFORMING,CONFORMING,PENDING_BB,DIAGNOSTIC_OK,CONFORMING,CONFORMING,CONFORMING,NO_FAILURE_SO_FAR,PENDING_FINALIZATION,AUTO_FROZEN,0.969134,0.073827
LC_032_R06.png,LC,LC_032,6,9,VQL,Linhas,Comparação,CONFORMING,CONFORMING,CONFORMING,CONFORMING,PENDING_BB,DIAGNOSTIC_OK,CONFORMING,CONFORMING,CONFORMING,NO_FAILURE_SO_FAR,PENDING_FINALIZATION,AUTO_FROZEN,0.969134,0.073827
LC_032_R07.png,LC,LC_032,7,9,VQL,Linhas,Comparação,CONFORMING,CONFORMING,CONFORMING,CONFORMING,PENDING_BB,DIAGNOSTIC_OK,CONFORMING,CONFORMING,CONFORMING,NO_FAILURE_SO_FAR,PENDING_FINALIZATION,AUTO_FROZEN,0.969134,0.073827
LC_032_R08.png,LC,LC_032,8,9,VQL,Linhas,Comparação,CONFORMING,CONFORMING,CONFORMING,CONFORMING,PENDING_BB,DIAGNOSTIC_OK,CONFORMING,CONFORMING,CONFORMING,NO_FAILURE_SO_FAR,PENDING_FINALIZATION,AUTO_FROZEN,0.969134,0.073827
LC_032_R09.png,LC,LC_032,9,9,VQL,Linhas,Comparação,CONFORMING,CONFORMING,CONFORMING,CONFORMING,PENDING_BB,DIAGNOSTIC_OK,CONFORMING,CONFORMING,CONFORMING,NO_FAILURE_SO_FAR,PENDING_FINALIZATION,AUTO_FROZEN,0.969134,0.073827
LC_032_R10.png,LC,LC_032,10,9,VQL,Linhas,Comparação,CONFORMING,CONFORMING,CONFORMING,CONFORMING,PENDING_BB,DIAGNOSTIC_OK,CONFORMING,CONFORMING,CONFORMING,NO_FAILURE_SO_FAR,PENDING_FINALIZATION,AUTO_FROZEN,0.969134,0.073827
LC_033_R01.png,LC,LC_033,1,10,VQL,Linhas,Comparação,CONFORMING,CONFORMING,CONFORMING,CONFORMING,PENDING_BB,DIAGNOSTIC_OK,CONFORMING,CONFORMING,NOT_APPLICABLE,NO_FAILURE_SO_FAR,PENDING_FINALIZATION,AUTO_FROZEN,0.961615,0.077172
LC_033_R02.png,LC,LC_033,2,10,VQL,Linhas,Comparação,CONFORMING,CONFORMING,CONFORMING,CONFORMING,PENDING_BB,DIAGNOSTIC_OK,CONFORMING,CONFORMING,NOT_APPLICABLE,NO_FAILURE_SO_FAR,PENDING_FINALIZATION,AUTO_FROZEN,0.961494,0.073344
LC_033_R03.png,LC,LC_033,3,10,VQL,Linhas,Comparação,CONFORMING,CONFORMING,CONFORMING,CONFORMING,PENDING_BB,DIAGNOSTIC_OK,CONFORMING,CONFORMING,NOT_APPLICABLE,NO_FAILURE_SO_FAR,PENDING_FINALIZATION,AUTO_FROZEN,0.961494,0.073344
LC_033_R04.png,LC,LC_033,4,10,VQL,Linhas,Comparação,CONFORMING,CONFORMING,CONFORMING,CONFORMING,PENDING_BB,DIAGNOSTIC_OK,CONFORMING,CONFORMING,NOT_APPLICABLE,NO_FAILURE_SO_FAR,PENDING_FINALIZATION,AUTO_FROZEN,0.961494,0.073344
LC_033_R05.png,LC,LC_033,5,10,VQL,Linhas,Comparação,CONFORMING,CONFORMING,CONFORMING,CONFORMING,PENDING_BB,DIAGNOSTIC_OK,CONFORMING,CONFORMING,NOT_APPLICABLE,NO_FAILURE_SO_FAR,PENDING_FINALIZATION,AUTO_FROZEN,0.961494,0.073344
LC_033_R06.png,LC,LC_033,6,10,VQL,Linhas,Comparação,CONFORMING,CONFORMING,CONFORMING,CONFORMING,PENDING_BB,DIAGNOSTIC_OK,CONFORMING,CONFORMING,NOT_APPLICABLE,NO_FAILURE_SO_FAR,PENDING_FINALIZATION,AUTO_FROZEN,0.961494,0.073344
LC_033_R07.png,LC,LC_033,7,10,VQL,Linhas,Comparação,CONFORMING,CONFORMING,CONFORMING,CONFORMING,PENDING_BB,DIAGNOSTIC_OK,CONFORMING,CONFORMING,NOT_APPLICABLE,NO_FAILURE_SO_FAR,PENDING_FINALIZATION,AUTO_FROZEN,0.961494,0.073344
LC_033_R08.png,LC,LC_033,8,10,VQL,Linhas,Comparação,CONFORMING,CONFORMING,CONFORMING,CONFORMING,PENDING_BB,DIAGNOSTIC_OK,CONFORMING,CONFORMING,NOT_APPLICABLE,NO_FAILURE_SO_FAR,PENDING_FINALIZATION,AUTO_FROZEN,0.961494,0.073344
LC_033_R09.png,LC,LC_033,9,10,VQL,Linhas,Comparação,CONFORMING,CONFORMING,CONFORMING,CONFORMING,PENDING_BB,DIAGNOSTIC_OK,CONFORMING,CONFORMING,NOT_APPLICABLE,NO_FAILURE_SO_FAR,PENDING_FINALIZATION,AUTO_FROZEN,0.961494,0.073344
LC_033_R10.png,LC,LC_033,10,10,VQL,Linhas,Comparação,CONFORMING,CONFORMING,CONFORMING,CONFORMING,PENDING_BB,DIAGNOSTIC_OK,CONFORMING,CONFORMING,NOT_APPLICABLE,NO_FAILURE_SO_FAR,PENDING_FINALIZATION,AUTO_FROZEN,0.961494,0.073344
LC_034_R01.png,LC,LC_034,1,11,VQL,Linhas,Comparação,CONFORMING,CONFORMING,CONFORMING,CONFORMING,PENDING_BB,DIAGNOSTIC_OK,NOT_APPLICABLE,NOT_APPLICABLE,NOT_APPLICABLE,NO_FAILURE_SO_FAR,PENDING_FINALIZATION,AUTO_FROZEN,0.941495,0.073434
LC_034_R02.png,LC,LC_034,2,11,VQL,Linhas,Comparação,CONFORMING,CONFORMING,CONFORMING,CONFORMING,PENDING_BB,DIAGNOSTIC_OK,NOT_APPLICABLE,NOT_APPLICABLE,NOT_APPLICABLE,NO_FAILURE_SO_FAR,PENDING_FINALIZATION,AUTO_FROZEN,0.938383,0.075196
LC_034_R03.png,LC,LC_034,3,11,VQL,Linhas,Comparação,CONFORMING,CONFORMING,CONFORMING,CONFORMING,PENDING_BB,DIAGNOSTIC_OK,NOT_APPLICABLE,NOT_APPLICABLE,NOT_APPLICABLE,NO_FAILURE_SO_FAR,PENDING_FINALIZATION,AUTO_FROZEN,0.938383,0.075196
LC_034_R04.png,LC,LC_034,4,11,VQL,Linhas,Comparação,CONFORMING,CONFORMING,CONFORMING,CONFORMING,PENDING_BB,DIAGNOSTIC_OK,NOT_APPLICABLE,NOT_APPLICABLE,NOT_APPLICABLE,NO_FAILURE_SO_FAR,PENDING_FINALIZATION,AUTO_FROZEN,0.938383,0.075196
LC_034_R05.png,LC,LC_034,5,11,VQL,Linhas,Comparação,CONFORMING,CONFORMING,CONFORMING,CONFORMING,PENDING_BB,DIAGNOSTIC_OK,NOT_APPLICABLE,NOT_APPLICABLE,NOT_APPLICABLE,NO_FAILURE_SO_FAR,PENDING_FINALIZATION,AUTO_FROZEN,0.938383,0.075196
LC_034_R06.png,LC,LC_034,6,11,VQL,Linhas,Comparação,CONFORMING,CONFORMING,CONFORMING,CONFORMING,PENDING_BB,DIAGNOSTIC_OK,NOT_APPLICABLE,NOT_APPLICABLE,NOT_APPLICABLE,NO_FAILURE_SO_FAR,PENDING_FINALIZATION,AUTO_FROZEN,0.938383,0.075196
LC_034_R07.png,LC,LC_034,7,11,VQL,Linhas,Comparação,CONFORMING,CONFORMING,CONFORMING,CONFORMING,PENDING_BB,DIAGNOSTIC_OK,NOT_APPLICABLE,NOT_APPLICABLE,NOT_APPLICABLE,NO_FAILURE_SO_FAR,PENDING_FINALIZATION,AUTO_FROZEN,0.938383,0.075196
LC_034_R08.png,LC,LC_034,8,11,VQL,Linhas,Comparação,CONFORMING,CONFORMING,CONFORMING,CONFORMING,PENDING_BB,DIAGNOSTIC_OK,NOT_APPLICABLE,NOT_APPLICABLE,NOT_APPLICABLE,NO_FAILURE_SO_FAR,PENDING_FINALIZATION,AUTO_FROZEN,0.938383,0.075196
LC_034_R09.png,LC,LC_034,9,11,VQL,Linhas,Comparação,CONFORMING,CONFORMING,CONFORMING,CONFORMING,PENDING_BB,DIAGNOSTIC_OK,NOT_APPLICABLE,NOT_APPLICABLE,NOT_APPLICABLE,NO_FAILURE_SO_FAR,PENDING_FINALIZATION,AUTO_FROZEN,0.938383,0.075196
LC_034_R10.png,LC,LC_034,10,11,VQL,Linhas,Comparação,CONFORMING,CONFORMING,CONFORMING,CONFORMING,PENDING_BB,DIAGNOSTIC_OK,NOT_APPLICABLE,NOT_APPLICABLE,NOT_APPLICABLE,NO_FAILURE_SO_FAR,PENDING_FINALIZATION,AUTO_FROZEN,0.938383,0.075196
LC_035_R01.png,LC,LC_035,1,12,VQL,Linhas,Comparação,CONFORMING,CONFORMING,CONFORMING,CONFORMING,PENDING_BB,DIAGNOSTIC_OK,NOT_APPLICABLE,NOT_APPLICABLE,NOT_APPLICABLE,NO_FAILURE_SO_FAR,PENDING_FINALIZATION,AUTO_FROZEN,0.937526,0.050221
LC_035_R02.png,LC,LC_035,2,12,VQL,Linhas,Comparação,CONFORMING,CONFORMING,CONFORMING,CONFORMING,PENDING_BB,DIAGNOSTIC_OK,NOT_APPLICABLE,NOT_APPLICABLE,NOT_APPLICABLE,NO_FAILURE_SO_FAR,PENDING_FINALIZATION,AUTO_FROZEN,0.897218,0.077604
LC_035_R03.png,LC,LC_035,3,12,VQL,Linhas,Comparação,CONFORMING,CONFORMING,CONFORMING,CONFORMING,PENDING_BB,DIAGNOSTIC_OK,NOT_APPLICABLE,NOT_APPLICABLE,NOT_APPLICABLE,NO_FAILURE_SO_FAR,PENDING_FINALIZATION,AUTO_FROZEN,0.897218,0.077604
LC_035_R04.png,LC,LC_035,4,12,VQL,Linhas,Comparação,CONFORMING,CONFORMING,CONFORMING,CONFORMING,PENDING_BB,DIAGNOSTIC_OK,NOT_APPLICABLE,NOT_APPLICABLE,NOT_APPLICABLE,NO_FAILURE_SO_FAR,PENDING_FINALIZATION,AUTO_FROZEN,0.897218,0.077604
LC_035_R05.png,LC,LC_035,5,12,VQL,Linhas,Comparação,CONFORMING,CONFORMING,CONFORMING,CONFORMING,PENDING_BB,DIAGNOSTIC_OK,NOT_APPLICABLE,NOT_APPLICABLE,NOT_APPLICABLE,NO_FAILURE_SO_FAR,PENDING_FINALIZATION,AUTO_FROZEN,0.897218,0.077604
LC_035_R06.png,LC,LC_035,6,12,VQL,Linhas,Comparação,CONFORMING,CONFORMING,CONFORMING,CONFORMING,PENDING_BB,DIAGNOSTIC_OK,NOT_APPLICABLE,NOT_APPLICABLE,NOT_APPLICABLE,NO_FAILURE_SO_FAR,PENDING_FINALIZATION,AUTO_FROZEN,0.897218,0.077604
LC_035_R07.png,LC,LC_035,7,12,VQL,Linhas,Comparação,CONFORMING,CONFORMING,CONFORMING,CONFORMING,PENDING_BB,DIAGNOSTIC_OK,NOT_APPLICABLE,NOT_APPLICABLE,NOT_APPLICABLE,NO_FAILURE_SO_FAR,PENDING_FINALIZATION,AUTO_FROZEN,0.897218,0.077604
LC_035_R08.png,LC,LC_035,8,12,VQL,Linhas,Comparação,CONFORMING,CONFORMING,CONFORMING,CONFORMING,PENDING_BB,DIAGNOSTIC_OK,NOT_APPLICABLE,NOT_APPLICABLE,NOT_APPLICABLE,NO_FAILURE_SO_FAR,PENDING_FINALIZATION,AUTO_FROZEN,0.897218,0.077604
LC_035_R09.png,LC,LC_035,9,12,VQL,Linhas,Comparação,CONFORMING,CONFORMING,CONFORMING,CONFORMING,PENDING_BB,DIAGNOSTIC_OK,NOT_APPLICABLE,NOT_APPLICABLE,NOT_APPLICABLE,NO_FAILURE_SO_FAR,PENDING_FINALIZATION,AUTO_FROZEN,0.897218,0.077604
LC_035_R10.png,LC,LC_035,10,12,VQL,Linhas,Comparação,CONFORMING,CONFORMING,CONFORMING,CONFORMING,PENDING_BB,DIAGNOSTIC_OK,NOT_APPLICABLE,NOT_APPLICABLE,NOT_APPLICABLE,NO_FAILURE_SO_FAR,PENDING_FINALIZATION,AUTO_FROZEN,0.897218,0.077604
LC_036_R01.png,LC,LC_036,1,13,VQL,Linhas,Comparação,CONFORMING,CONFORMING,UNEVALUABLE,CONFORMING,PENDING_BB,DIAGNOSTIC_OK,CONFORMING,CONFORMING,CONFORMING,UNEVALUABLE,PENDING_FINALIZATION,AUTO_FROZEN,0.998318,0.080484
LC_036_R02.png,LC,LC_036,2,13,VQL,Linhas,Comparação,CONFORMING,CONFORMING,CONFORMING,CONFORMING,PENDING_BB,DIAGNOSTIC_OK,CONFORMING,CONFORMING,CONFORMING,NO_FAILURE_SO_FAR,PENDING_FINALIZATION,AUTO_FROZEN,0.897129,0.077604
LC_036_R03.png,LC,LC_036,3,13,VQL,Linhas,Comparação,CONFORMING,CONFORMING,CONFORMING,CONFORMING,PENDING_BB,DIAGNOSTIC_OK,CONFORMING,CONFORMING,CONFORMING,NO_FAILURE_SO_FAR,PENDING_FINALIZATION,AUTO_FROZEN,0.897129,0.077604
LC_036_R04.png,LC,LC_036,4,13,VQL,Linhas,Comparação,CONFORMING,CONFORMING,CONFORMING,CONFORMING,PENDING_BB,DIAGNOSTIC_OK,CONFORMING,CONFORMING,CONFORMING,NO_FAILURE_SO_FAR,PENDING_FINALIZATION,AUTO_FROZEN,0.897129,0.077604
LC_036_R05.png,LC,LC_036,5,13,VQL,Linhas,Comparação,CONFORMING,CONFORMING,CONFORMING,CONFORMING,PENDING_BB,DIAGNOSTIC_OK,CONFORMING,CONFORMING,CONFORMING,NO_FAILURE_SO_FAR,PENDING_FINALIZATION,AUTO_FROZEN,0.897129,0.077604
LC_036_R06.png,LC,LC_036,6,13,VQL,Linhas,Comparação,CONFORMING,CONFORMING,CONFORMING,CONFORMING,PENDING_BB,DIAGNOSTIC_OK,CONFORMING,CONFORMING,CONFORMING,NO_FAILURE_SO_FAR,PENDING_FINALIZATION,AUTO_FROZEN,0.897129,0.077604
LC_036_R07.png,LC,LC_036,7,13,VQL,Linhas,Comparação,CONFORMING,CONFORMING,CONFORMING,CONFORMING,PENDING_BB,DIAGNOSTIC_OK,CONFORMING,CONFORMING,CONFORMING,NO_FAILURE_SO_FAR,PENDING_FINALIZATION,AUTO_FROZEN,0.897129,0.077604
LC_036_R08.png,LC,LC_036,8,13,VQL,Linhas,Comparação,CONFORMING,CONFORMING,CONFORMING,CONFORMING,PENDING_BB,DIAGNOSTIC_OK,CONFORMING,CONFORMING,CONFORMING,NO_FAILURE_SO_FAR,PENDING_FINALIZATION,AUTO_FROZEN,0.897129,0.077604
LC_036_R09.png,LC,LC_036,9,13,VQL,Linhas,Comparação,CONFORMING,CONFORMING,CONFORMING,CONFORMING,PENDING_BB,DIAGNOSTIC_OK,CONFORMING,CONFORMING,CONFORMING,NO_FAILURE_SO_FAR,PENDING_FINALIZATION,AUTO_FROZEN,0.897129,0.077604
LC_036_R10.png,LC,LC_036,10,13,VQL,Linhas,Comparação,CONFORMING,CONFORMING,CONFORMING,CONFORMING,PENDING_BB,DIAGNOSTIC_OK,CONFORMING,CONFORMING,CONFORMING,NO_FAILURE_SO_FAR,PENDING_FINALIZATION,AUTO_FROZEN,0.897129,0.077604
LC_037_R01.png,LC,LC_037,1,14,VQL,Linhas,Comparação,CONFORMING,CONFORMING,CONFORMING,CONFORMING,PENDING_BB,DIAGNOSTIC_OK,CONFORMING,CONFORMING,NOT_APPLICABLE,NO_FAILURE_SO_FAR,PENDING_FINALIZATION,AUTO_FROZEN,1.0,0.088522
LC_037_R02.png,LC,LC_037,2,14,VQL,Linhas,Comparação,CONFORMING,CONFORMING,CONFORMING,CONFORMING,PENDING_BB,DIAGNOSTIC_OK,CONFORMING,CONFORMING,NOT_APPLICABLE,NO_FAILURE_SO_FAR,PENDING_FINALIZATION,AUTO_FROZEN,0.902632,0.077604
LC_037_R03.png,LC,LC_037,3,14,VQL,Linhas,Comparação,CONFORMING,CONFORMING,CONFORMING,CONFORMING,PENDING_BB,DIAGNOSTIC_OK,CONFORMING,CONFORMING,NOT_APPLICABLE,NO_FAILURE_SO_FAR,PENDING_FINALIZATION,AUTO_FROZEN,0.902632,0.077604
LC_037_R04.png,LC,LC_037,4,14,VQL,Linhas,Comparação,CONFORMING,CONFORMING,CONFORMING,CONFORMING,PENDING_BB,DIAGNOSTIC_OK,CONFORMING,CONFORMING,NOT_APPLICABLE,NO_FAILURE_SO_FAR,PENDING_FINALIZATION,AUTO_FROZEN,0.902632,0.077604
LC_037_R05.png,LC,LC_037,5,14,VQL,Linhas,Comparação,CONFORMING,CONFORMING,CONFORMING,CONFORMING,PENDING_BB,DIAGNOSTIC_OK,CONFORMING,CONFORMING,NOT_APPLICABLE,NO_FAILURE_SO_FAR,PENDING_FINALIZATION,AUTO_FROZEN,0.902632,0.077604
LC_037_R06.png,LC,LC_037,6,14,VQL,Linhas,Comparação,CONFORMING,CONFORMING,CONFORMING,CONFORMING,PENDING_BB,DIAGNOSTIC_OK,CONFORMING,CONFORMING,NOT_APPLICABLE,NO_FAILURE_SO_FAR,PENDING_FINALIZATION,AUTO_FROZEN,0.902632,0.077604
LC_037_R07.png,LC,LC_037,7,14,VQL,Linhas,Comparação,CONFORMING,CONFORMING,CONFORMING,CONFORMING,PENDING_BB,DIAGNOSTIC_OK,CONFORMING,CONFORMING,NOT_APPLICABLE,NO_FAILURE_SO_FAR,PENDING_FINALIZATION,AUTO_FROZEN,0.902632,0.077604
LC_037_R08.png,LC,LC_037,8,14,VQL,Linhas,Comparação,CONFORMING,CONFORMING,CONFORMING,CONFORMING,PENDING_BB,DIAGNOSTIC_OK,CONFORMING,CONFORMING,NOT_APPLICABLE,NO_FAILURE_SO_FAR,PENDING_FINALIZATION,AUTO_FROZEN,0.902632,0.077604
LC_037_R09.png,LC,LC_037,9,14,VQL,Linhas,Comparação,CONFORMING,CONFORMING,CONFORMING,CONFORMING,PENDING_BB,DIAGNOSTIC_OK,CONFORMING,CONFORMING,NOT_APPLICABLE,NO_FAILURE_SO_FAR,PENDING_FINALIZATION,AUTO_FROZEN,0.902632,0.077604
LC_037_R10.png,LC,LC_037,10,14,VQL,Linhas,Comparação,CONFORMING,CONFORMING,CONFORMING,CONFORMING,PENDING_BB,DIAGNOSTIC_OK,CONFORMING,CONFORMING,NOT_APPLICABLE,NO_FAILURE_SO_FAR,PENDING_FINALIZATION,AUTO_FROZEN,0.902632,0.077604
LC_038_R01.png,LC,LC_038,1,15,VQL,Linhas,Comparação,CONFORMING,CONFORMING,CONFORMING,CONFORMING,PENDING_BB,DIAGNOSTIC_OK,NOT_APPLICABLE,NOT_APPLICABLE,NOT_APPLICABLE,NO_FAILURE_SO_FAR,PENDING_FINALIZATION,AUTO_FROZEN,0.936816,0.07075
LC_038_R02.png,LC,LC_038,2,15,VQL,Linhas,Comparação,CONFORMING,CONFORMING,CONFORMING,CONFORMING,PENDING_BB,DIAGNOSTIC_OK,NOT_APPLICABLE,NOT_APPLICABLE,NOT_APPLICABLE,NO_FAILURE_SO_FAR,PENDING_FINALIZATION,AUTO_FROZEN,0.896687,0.077604
LC_038_R03.png,LC,LC_038,3,15,VQL,Linhas,Comparação,CONFORMING,CONFORMING,CONFORMING,CONFORMING,PENDING_BB,DIAGNOSTIC_OK,NOT_APPLICABLE,NOT_APPLICABLE,NOT_APPLICABLE,NO_FAILURE_SO_FAR,PENDING_FINALIZATION,AUTO_FROZEN,0.896687,0.077604
LC_038_R04.png,LC,LC_038,4,15,VQL,Linhas,Comparação,CONFORMING,CONFORMING,CONFORMING,CONFORMING,PENDING_BB,DIAGNOSTIC_OK,NOT_APPLICABLE,NOT_APPLICABLE,NOT_APPLICABLE,NO_FAILURE_SO_FAR,PENDING_FINALIZATION,AUTO_FROZEN,0.896687,0.077604
LC_038_R05.png,LC,LC_038,5,15,VQL,Linhas,Comparação,CONFORMING,CONFORMING,CONFORMING,CONFORMING,PENDING_BB,DIAGNOSTIC_OK,NOT_APPLICABLE,NOT_APPLICABLE,NOT_APPLICABLE,NO_FAILURE_SO_FAR,PENDING_FINALIZATION,AUTO_FROZEN,0.896687,0.077604
LC_038_R06.png,LC,LC_038,6,15,VQL,Linhas,Comparação,CONFORMING,CONFORMING,CONFORMING,CONFORMING,PENDING_BB,DIAGNOSTIC_OK,NOT_APPLICABLE,NOT_APPLICABLE,NOT_APPLICABLE,NO_FAILURE_SO_FAR,PENDING_FINALIZATION,AUTO_FROZEN,0.896687,0.077604
LC_038_R07.png,LC,LC_038,7,15,VQL,Linhas,Comparação,CONFORMING,CONFORMING,CONFORMING,CONFORMING,PENDING_BB,DIAGNOSTIC_OK,NOT_APPLICABLE,NOT_APPLICABLE,NOT_APPLICABLE,NO_FAILURE_SO_FAR,PENDING_FINALIZATION,AUTO_FROZEN,0.896687,0.077604
LC_038_R08.png,LC,LC_038,8,15,VQL,Linhas,Comparação,CONFORMING,CONFORMING,CONFORMING,CONFORMING,PENDING_BB,DIAGNOSTIC_OK,NOT_APPLICABLE,NOT_APPLICABLE,NOT_APPLICABLE,NO_FAILURE_SO_FAR,PENDING_FINALIZATION,AUTO_FROZEN,0.896687,0.077604
LC_038_R09.png,LC,LC_038,9,15,VQL,Linhas,Comparação,CONFORMING,CONFORMING,CONFORMING,CONFORMING,PENDING_BB,DIAGNOSTIC_OK,NOT_APPLICABLE,NOT_APPLICABLE,NOT_APPLICABLE,NO_FAILURE_SO_FAR,PENDING_FINALIZATION,AUTO_FROZEN,0.896687,0.077604
LC_038_R10.png,LC,LC_038,10,15,VQL,Linhas,Comparação,CONFORMING,CONFORMING,CONFORMING,CONFORMING,PENDING_BB,DIAGNOSTIC_OK,NOT_APPLICABLE,NOT_APPLICABLE,NOT_APPLICABLE,NO_FAILURE_SO_FAR,PENDING_FINALIZATION,AUTO_FROZEN,0.896687,0.077604
LC_039_R01.png,LC,LC_039,1,16,VQL,Linhas,Comparação,CONFORMING,CONFORMING,CONFORMING,CONFORMING,PENDING_BB,DIAGNOSTIC_OK,CONFORMING,CONFORMING,NOT_APPLICABLE,NO_FAILURE_SO_FAR,PENDING_FINALIZATION,AUTO_FROZEN,0.971345,0.048626
LC_039_R02.png,LC,LC_039,2,16,VQL,Linhas,Comparação,CONFORMING,CONFORMING,NONCONFORMING,CONFORMING,PENDING_BB,DIAGNOSTIC_OK,CONFORMING,CONFORMING,NOT_APPLICABLE,NONCONFORMING,NONCONFORMING,AUTO_FROZEN,0.940684,0.002396
LC_039_R03.png,LC,LC_039,3,16,VQL,Linhas,Comparação,CONFORMING,CONFORMING,NONCONFORMING,CONFORMING,PENDING_BB,DIAGNOSTIC_OK,CONFORMING,CONFORMING,NOT_APPLICABLE,NONCONFORMING,NONCONFORMING,AUTO_FROZEN,0.940684,0.002396
LC_039_R04.png,LC,LC_039,4,16,VQL,Linhas,Comparação,CONFORMING,CONFORMING,NONCONFORMING,CONFORMING,PENDING_BB,DIAGNOSTIC_OK,CONFORMING,CONFORMING,NOT_APPLICABLE,NONCONFORMING,NONCONFORMING,AUTO_FROZEN,0.940684,0.002396
LC_039_R05.png,LC,LC_039,5,16,VQL,Linhas,Comparação,CONFORMING,CONFORMING,CONFORMING,CONFORMING,PENDING_BB,DIAGNOSTIC_OK,CONFORMING,CONFORMING,NOT_APPLICABLE,NO_FAILURE_SO_FAR,PENDING_FINALIZATION,AUTO_FROZEN,0.969134,0.073827
LC_039_R06.png,LC,LC_039,6,16,VQL,Linhas,Comparação,CONFORMING,CONFORMING,CONFORMING,CONFORMING,PENDING_BB,DIAGNOSTIC_OK,CONFORMING,CONFORMING,NOT_APPLICABLE,NO_FAILURE_SO_FAR,PENDING_FINALIZATION,AUTO_FROZEN,0.881319,0.073882
LC_039_R07.png,LC,LC_039,7,16,VQL,Linhas,Comparação,CONFORMING,CONFORMING,CONFORMING,CONFORMING,PENDING_BB,DIAGNOSTIC_OK,CONFORMING,CONFORMING,NOT_APPLICABLE,NO_FAILURE_SO_FAR,PENDING_FINALIZATION,AUTO_FROZEN,0.881319,0.073882
LC_039_R08.png,LC,LC_039,8,16,VQL,Linhas,Comparação,CONFORMING,CONFORMING,CONFORMING,CONFORMING,PENDING_BB,DIAGNOSTIC_OK,CONFORMING,CONFORMING,NOT_APPLICABLE,NO_FAILURE_SO_FAR,PENDING_FINALIZATION,AUTO_FROZEN,0.881319,0.073882
LC_039_R09.png,LC,LC_039,9,16,VQL,Linhas,Comparação,CONFORMING,CONFORMING,CONFORMING,CONFORMING,PENDING_BB,DIAGNOSTIC_OK,CONFORMING,CONFORMING,NOT_APPLICABLE,NO_FAILURE_SO_FAR,PENDING_FINALIZATION,AUTO_FROZEN,0.881319,0.073882
LC_039_R10.png,LC,LC_039,10,16,VQL,Linhas,Comparação,CONFORMING,CONFORMING,CONFORMING,CONFORMING,PENDING_BB,DIAGNOSTIC_OK,CONFORMING,CONFORMING,NOT_APPLICABLE,NO_FAILURE_SO_FAR,PENDING_FINALIZATION,AUTO_FROZEN,0.881319,0.073882
LC_040_R01.png,LC,LC_040,1,1,ZERO-SHOT,Linhas,Comparação,CONFORMING,CONFORMING,CONFORMING,CONFORMING,PENDING_BB,DIAGNOSTIC_OK,CONFORMING,CONFORMING,NOT_APPLICABLE,NO_FAILURE_SO_FAR,PENDING_FINALIZATION,AUTO_FROZEN,0.94316,0.071943
LC_040_R02.png,LC,LC_040,2,1,ZERO-SHOT,Linhas,Comparação,CONFORMING,CONFORMING,NONCONFORMING,CONFORMING,PENDING_BB,DIAGNOSTIC_OK,CONFORMING,CONFORMING,NOT_APPLICABLE,NONCONFORMING,NONCONFORMING,AUTO_FROZEN,0.966989,0.067176
LC_040_R03.png,LC,LC_040,3,1,ZERO-SHOT,Linhas,Comparação,CONFORMING,CONFORMING,NONCONFORMING,CONFORMING,PENDING_BB,DIAGNOSTIC_OK,CONFORMING,CONFORMING,NOT_APPLICABLE,NONCONFORMING,NONCONFORMING,AUTO_FROZEN,0.966989,0.067176
LC_040_R04.png,LC,LC_040,4,1,ZERO-SHOT,Linhas,Comparação,CONFORMING,CONFORMING,NONCONFORMING,CONFORMING,PENDING_BB,DIAGNOSTIC_OK,CONFORMING,CONFORMING,NOT_APPLICABLE,NONCONFORMING,NONCONFORMING,AUTO_FROZEN,0.966989,0.067176
LC_040_R05.png,LC,LC_040,5,1,ZERO-SHOT,Linhas,Comparação,CONFORMING,CONFORMING,NONCONFORMING,CONFORMING,PENDING_BB,DIAGNOSTIC_OK,CONFORMING,CONFORMING,NOT_APPLICABLE,NONCONFORMING,NONCONFORMING,AUTO_FROZEN,0.966989,0.067176
LC_040_R06.png,LC,LC_040,6,1,ZERO-SHOT,Linhas,Comparação,CONFORMING,CONFORMING,CONFORMING,CONFORMING,PENDING_BB,DIAGNOSTIC_OK,CONFORMING,CONFORMING,NOT_APPLICABLE,NO_FAILURE_SO_FAR,PENDING_FINALIZATION,AUTO_FROZEN,0.955288,0.069784
LC_040_R07.png,LC,LC_040,7,1,ZERO-SHOT,Linhas,Comparação,CONFORMING,CONFORMING,CONFORMING,CONFORMING,PENDING_BB,DIAGNOSTIC_OK,CONFORMING,CONFORMING,NOT_APPLICABLE,NO_FAILURE_SO_FAR,PENDING_FINALIZATION,AUTO_FROZEN,0.955288,0.069784
LC_040_R08.png,LC,LC_040,8,1,ZERO-SHOT,Linhas,Comparação,CONFORMING,CONFORMING,CONFORMING,CONFORMING,PENDING_BB,DIAGNOSTIC_OK,CONFORMING,CONFORMING,NOT_APPLICABLE,NO_FAILURE_SO_FAR,PENDING_FINALIZATION,AUTO_FROZEN,0.955288,0.069784
LC_040_R09.png,LC,LC_040,9,1,ZERO-SHOT,Linhas,Comparação,CONFORMING,CONFORMING,CONFORMING,CONFORMING,PENDING_BB,DIAGNOSTIC_OK,CONFORMING,CONFORMING,NOT_APPLICABLE,NO_FAILURE_SO_FAR,PENDING_FINALIZATION,AUTO_FROZEN,0.955288,0.069784
LC_040_R10.png,LC,LC_040,10,1,ZERO-SHOT,Linhas,Comparação,CONFORMING,CONFORMING,CONFORMING,CONFORMING,PENDING_BB,DIAGNOSTIC_OK,CONFORMING,CONFORMING,NOT_APPLICABLE,NO_FAILURE_SO_FAR,PENDING_FINALIZATION,AUTO_FROZEN,0.955288,0.069784
LC_041_R01.png,LC,LC_041,1,4,ZERO-SHOT,Linhas,Comparação,CONFORMING,CONFORMING,CONFORMING,CONFORMING,PENDING_BB,DIAGNOSTIC_OK,CONFORMING,CONFORMING,NOT_APPLICABLE,NO_FAILURE_SO_FAR,PENDING_FINALIZATION,AUTO_FROZEN,0.92403,0.050221
LC_041_R02.png,LC,LC_041,2,4,ZERO-SHOT,Linhas,Comparação,CONFORMING,CONFORMING,CONFORMING,CONFORMING,PENDING_BB,DIAGNOSTIC_OK,CONFORMING,CONFORMING,NOT_APPLICABLE,NO_FAILURE_SO_FAR,PENDING_FINALIZATION,AUTO_FROZEN,0.934679,0.001875
LC_041_R03.png,LC,LC_041,3,4,ZERO-SHOT,Linhas,Comparação,CONFORMING,CONFORMING,CONFORMING,CONFORMING,PENDING_BB,DIAGNOSTIC_OK,CONFORMING,CONFORMING,NOT_APPLICABLE,NO_FAILURE_SO_FAR,PENDING_FINALIZATION,AUTO_FROZEN,0.934679,0.001875
LC_041_R04.png,LC,LC_041,4,4,ZERO-SHOT,Linhas,Comparação,CONFORMING,CONFORMING,CONFORMING,CONFORMING,PENDING_BB,DIAGNOSTIC_OK,CONFORMING,CONFORMING,NOT_APPLICABLE,NO_FAILURE_SO_FAR,PENDING_FINALIZATION,AUTO_FROZEN,0.934679,0.001875
LC_041_R05.png,LC,LC_041,5,4,ZERO-SHOT,Linhas,Comparação,CONFORMING,CONFORMING,CONFORMING,CONFORMING,PENDING_BB,DIAGNOSTIC_OK,CONFORMING,CONFORMING,NOT_APPLICABLE,NO_FAILURE_SO_FAR,PENDING_FINALIZATION,AUTO_FROZEN,0.934679,0.001875
LC_041_R06.png,LC,LC_041,6,4,ZERO-SHOT,Linhas,Comparação,CONFORMING,CONFORMING,CONFORMING,CONFORMING,PENDING_BB,DIAGNOSTIC_OK,CONFORMING,CONFORMING,NOT_APPLICABLE,NO_FAILURE_SO_FAR,PENDING_FINALIZATION,AUTO_FROZEN,0.934679,0.001875
LC_041_R07.png,LC,LC_041,7,4,ZERO-SHOT,Linhas,Comparação,CONFORMING,CONFORMING,CONFORMING,CONFORMING,PENDING_BB,DIAGNOSTIC_OK,CONFORMING,CONFORMING,NOT_APPLICABLE,NO_FAILURE_SO_FAR,PENDING_FINALIZATION,AUTO_FROZEN,0.934679,0.001875
LC_041_R08.png,LC,LC_041,8,4,ZERO-SHOT,Linhas,Comparação,CONFORMING,CONFORMING,CONFORMING,CONFORMING,PENDING_BB,DIAGNOSTIC_OK,CONFORMING,CONFORMING,NOT_APPLICABLE,NO_FAILURE_SO_FAR,PENDING_FINALIZATION,AUTO_FROZEN,0.934679,0.001875
LC_041_R09.png,LC,LC_041,9,4,ZERO-SHOT,Linhas,Comparação,CONFORMING,CONFORMING,CONFORMING,CONFORMING,PENDING_BB,DIAGNOSTIC_OK,CONFORMING,CONFORMING,NOT_APPLICABLE,NO_FAILURE_SO_FAR,PENDING_FINALIZATION,AUTO_FROZEN,0.934679,0.001875
LC_041_R10.png,LC,LC_041,10,4,ZERO-SHOT,Linhas,Comparação,CONFORMING,CONFORMING,CONFORMING,CONFORMING,PENDING_BB,DIAGNOSTIC_OK,CONFORMING,CONFORMING,NOT_APPLICABLE,NO_FAILURE_SO_FAR,PENDING_FINALIZATION,AUTO_FROZEN,0.934679,0.001875
LC_042_R01.png,LC,LC_042,1,6,ZERO-SHOT,Linhas,Comparação,CONFORMING,CONFORMING,CONFORMING,CONFORMING,PENDING_BB,DIAGNOSTIC_OK,NOT_APPLICABLE,NOT_APPLICABLE,NOT_APPLICABLE,NO_FAILURE_SO_FAR,PENDING_FINALIZATION,AUTO_FROZEN,0.937562,0.056318
LC_042_R02.png,LC,LC_042,2,6,ZERO-SHOT,Linhas,Comparação,CONFORMING,CONFORMING,CONFORMING,CONFORMING,PENDING_BB,DIAGNOSTIC_OK,NOT_APPLICABLE,NOT_APPLICABLE,NOT_APPLICABLE,NO_FAILURE_SO_FAR,PENDING_FINALIZATION,AUTO_FROZEN,0.946308,0.001875
LC_042_R03.png,LC,LC_042,3,6,ZERO-SHOT,Linhas,Comparação,CONFORMING,CONFORMING,CONFORMING,CONFORMING,PENDING_BB,DIAGNOSTIC_OK,NOT_APPLICABLE,NOT_APPLICABLE,NOT_APPLICABLE,NO_FAILURE_SO_FAR,PENDING_FINALIZATION,AUTO_FROZEN,0.946167,0.001875
LC_042_R04.png,LC,LC_042,4,6,ZERO-SHOT,Linhas,Comparação,CONFORMING,CONFORMING,CONFORMING,CONFORMING,PENDING_BB,DIAGNOSTIC_OK,NOT_APPLICABLE,NOT_APPLICABLE,NOT_APPLICABLE,NO_FAILURE_SO_FAR,PENDING_FINALIZATION,AUTO_FROZEN,0.94256,0.001875
LC_042_R05.png,LC,LC_042,5,6,ZERO-SHOT,Linhas,Comparação,CONFORMING,CONFORMING,CONFORMING,CONFORMING,PENDING_BB,DIAGNOSTIC_OK,NOT_APPLICABLE,NOT_APPLICABLE,NOT_APPLICABLE,NO_FAILURE_SO_FAR,PENDING_FINALIZATION,AUTO_FROZEN,0.94256,0.001875
LC_042_R06.png,LC,LC_042,6,6,ZERO-SHOT,Linhas,Comparação,CONFORMING,CONFORMING,CONFORMING,CONFORMING,PENDING_BB,DIAGNOSTIC_OK,NOT_APPLICABLE,NOT_APPLICABLE,NOT_APPLICABLE,NO_FAILURE_SO_FAR,PENDING_FINALIZATION,AUTO_FROZEN,0.934679,0.001875
LC_042_R07.png,LC,LC_042,7,6,ZERO-SHOT,Linhas,Comparação,CONFORMING,CONFORMING,CONFORMING,CONFORMING,PENDING_BB,DIAGNOSTIC_OK,NOT_APPLICABLE,NOT_APPLICABLE,NOT_APPLICABLE,NO_FAILURE_SO_FAR,PENDING_FINALIZATION,AUTO_FROZEN,0.934679,0.001875
LC_042_R08.png,LC,LC_042,8,6,ZERO-SHOT,Linhas,Comparação,CONFORMING,CONFORMING,CONFORMING,CONFORMING,PENDING_BB,DIAGNOSTIC_OK,NOT_APPLICABLE,NOT_APPLICABLE,NOT_APPLICABLE,NO_FAILURE_SO_FAR,PENDING_FINALIZATION,AUTO_FROZEN,0.934679,0.001875
LC_042_R09.png,LC,LC_042,9,6,ZERO-SHOT,Linhas,Comparação,CONFORMING,CONFORMING,CONFORMING,CONFORMING,PENDING_BB,DIAGNOSTIC_OK,NOT_APPLICABLE,NOT_APPLICABLE,NOT_APPLICABLE,NO_FAILURE_SO_FAR,PENDING_FINALIZATION,AUTO_FROZEN,0.934679,0.001875
LC_042_R10.png,LC,LC_042,10,6,ZERO-SHOT,Linhas,Comparação,CONFORMING,CONFORMING,CONFORMING,CONFORMING,PENDING_BB,DIAGNOSTIC_OK,NOT_APPLICABLE,NOT_APPLICABLE,NOT_APPLICABLE,NO_FAILURE_SO_FAR,PENDING_FINALIZATION,AUTO_FROZEN,0.934679,0.001875
LC_043_R01.png,LC,LC_043,1,7,ZERO-SHOT,Linhas,Comparação,CONFORMING,CONFORMING,CONFORMING,CONFORMING,PENDING_BB,DIAGNOSTIC_OK,NOT_APPLICABLE,NOT_APPLICABLE,NOT_APPLICABLE,NO_FAILURE_SO_FAR,PENDING_FINALIZATION,AUTO_FROZEN,0.941652,0.074831
LC_043_R02.png,LC,LC_043,2,7,ZERO-SHOT,Linhas,Comparação,CONFORMING,CONFORMING,CONFORMING,CONFORMING,PENDING_BB,DIAGNOSTIC_OK,NOT_APPLICABLE,NOT_APPLICABLE,NOT_APPLICABLE,NO_FAILURE_SO_FAR,PENDING_FINALIZATION,AUTO_FROZEN,0.941249,0.07164
LC_043_R03.png,LC,LC_043,3,7,ZERO-SHOT,Linhas,Comparação,CONFORMING,CONFORMING,CONFORMING,CONFORMING,PENDING_BB,DIAGNOSTIC_OK,NOT_APPLICABLE,NOT_APPLICABLE,NOT_APPLICABLE,NO_FAILURE_SO_FAR,PENDING_FINALIZATION,AUTO_FROZEN,0.941249,0.07164
LC_043_R04.png,LC,LC_043,4,7,ZERO-SHOT,Linhas,Comparação,CONFORMING,CONFORMING,CONFORMING,CONFORMING,PENDING_BB,DIAGNOSTIC_OK,NOT_APPLICABLE,NOT_APPLICABLE,NOT_APPLICABLE,NO_FAILURE_SO_FAR,PENDING_FINALIZATION,AUTO_FROZEN,0.941249,0.07164
LC_043_R05.png,LC,LC_043,5,7,ZERO-SHOT,Linhas,Comparação,CONFORMING,CONFORMING,CONFORMING,CONFORMING,PENDING_BB,DIAGNOSTIC_OK,NOT_APPLICABLE,NOT_APPLICABLE,NOT_APPLICABLE,NO_FAILURE_SO_FAR,PENDING_FINALIZATION,AUTO_FROZEN,0.941249,0.07164
LC_043_R06.png,LC,LC_043,6,7,ZERO-SHOT,Linhas,Comparação,CONFORMING,CONFORMING,CONFORMING,CONFORMING,PENDING_BB,DIAGNOSTIC_OK,NOT_APPLICABLE,NOT_APPLICABLE,NOT_APPLICABLE,NO_FAILURE_SO_FAR,PENDING_FINALIZATION,AUTO_FROZEN,0.941249,0.07164
LC_043_R07.png,LC,LC_043,7,7,ZERO-SHOT,Linhas,Comparação,CONFORMING,CONFORMING,CONFORMING,CONFORMING,PENDING_BB,DIAGNOSTIC_OK,NOT_APPLICABLE,NOT_APPLICABLE,NOT_APPLICABLE,NO_FAILURE_SO_FAR,PENDING_FINALIZATION,AUTO_FROZEN,0.941249,0.07164
LC_043_R08.png,LC,LC_043,8,7,ZERO-SHOT,Linhas,Comparação,CONFORMING,CONFORMING,CONFORMING,CONFORMING,PENDING_BB,DIAGNOSTIC_OK,NOT_APPLICABLE,NOT_APPLICABLE,NOT_APPLICABLE,NO_FAILURE_SO_FAR,PENDING_FINALIZATION,AUTO_FROZEN,0.941249,0.07164
LC_043_R09.png,LC,LC_043,9,7,ZERO-SHOT,Linhas,Comparação,CONFORMING,CONFORMING,CONFORMING,CONFORMING,PENDING_BB,DIAGNOSTIC_OK,NOT_APPLICABLE,NOT_APPLICABLE,NOT_APPLICABLE,NO_FAILURE_SO_FAR,PENDING_FINALIZATION,AUTO_FROZEN,0.941249,0.07164
LC_043_R10.png,LC,LC_043,10,7,ZERO-SHOT,Linhas,Comparação,CONFORMING,CONFORMING,CONFORMING,CONFORMING,PENDING_BB,DIAGNOSTIC_OK,NOT_APPLICABLE,NOT_APPLICABLE,NOT_APPLICABLE,NO_FAILURE_SO_FAR,PENDING_FINALIZATION,AUTO_FROZEN,0.941249,0.07164
LC_044_R01.png,LC,LC_044,1,8,ZERO-SHOT,Linhas,Comparação,CONFORMING,CONFORMING,CONFORMING,CONFORMING,PENDING_BB,DIAGNOSTIC_OK,NOT_APPLICABLE,NOT_APPLICABLE,NOT_APPLICABLE,NO_FAILURE_SO_FAR,PENDING_FINALIZATION,AUTO_FROZEN,0.941863,0.064303
LC_044_R02.png,LC,LC_044,2,8,ZERO-SHOT,Linhas,Comparação,CONFORMING,CONFORMING,CONFORMING,CONFORMING,PENDING_BB,DIAGNOSTIC_OK,NOT_APPLICABLE,NOT_APPLICABLE,NOT_APPLICABLE,NO_FAILURE_SO_FAR,PENDING_FINALIZATION,AUTO_FROZEN,0.941131,0.070316
LC_044_R03.png,LC,LC_044,3,8,ZERO-SHOT,Linhas,Comparação,CONFORMING,CONFORMING,CONFORMING,CONFORMING,PENDING_BB,DIAGNOSTIC_OK,NOT_APPLICABLE,NOT_APPLICABLE,NOT_APPLICABLE,NO_FAILURE_SO_FAR,PENDING_FINALIZATION,AUTO_FROZEN,0.937682,0.070316
LC_044_R04.png,LC,LC_044,4,8,ZERO-SHOT,Linhas,Comparação,CONFORMING,CONFORMING,CONFORMING,CONFORMING,PENDING_BB,DIAGNOSTIC_OK,NOT_APPLICABLE,NOT_APPLICABLE,NOT_APPLICABLE,NO_FAILURE_SO_FAR,PENDING_FINALIZATION,AUTO_FROZEN,0.937682,0.070316
LC_044_R05.png,LC,LC_044,5,8,ZERO-SHOT,Linhas,Comparação,CONFORMING,CONFORMING,CONFORMING,CONFORMING,PENDING_BB,DIAGNOSTIC_OK,NOT_APPLICABLE,NOT_APPLICABLE,NOT_APPLICABLE,NO_FAILURE_SO_FAR,PENDING_FINALIZATION,AUTO_FROZEN,0.945834,0.070316
LC_044_R06.png,LC,LC_044,6,8,ZERO-SHOT,Linhas,Comparação,CONFORMING,CONFORMING,CONFORMING,CONFORMING,PENDING_BB,DIAGNOSTIC_OK,NOT_APPLICABLE,NOT_APPLICABLE,NOT_APPLICABLE,NO_FAILURE_SO_FAR,PENDING_FINALIZATION,AUTO_FROZEN,0.978624,0.071808
LC_044_R07.png,LC,LC_044,7,8,ZERO-SHOT,Linhas,Comparação,CONFORMING,CONFORMING,CONFORMING,CONFORMING,PENDING_BB,DIAGNOSTIC_OK,NOT_APPLICABLE,NOT_APPLICABLE,NOT_APPLICABLE,NO_FAILURE_SO_FAR,PENDING_FINALIZATION,AUTO_FROZEN,0.938409,0.070316
LC_044_R08.png,LC,LC_044,8,8,ZERO-SHOT,Linhas,Comparação,CONFORMING,CONFORMING,CONFORMING,CONFORMING,PENDING_BB,DIAGNOSTIC_OK,NOT_APPLICABLE,NOT_APPLICABLE,NOT_APPLICABLE,NO_FAILURE_SO_FAR,PENDING_FINALIZATION,AUTO_FROZEN,0.935982,0.070316
LC_044_R09.png,LC,LC_044,9,8,ZERO-SHOT,Linhas,Comparação,CONFORMING,CONFORMING,CONFORMING,CONFORMING,PENDING_BB,DIAGNOSTIC_OK,NOT_APPLICABLE,NOT_APPLICABLE,NOT_APPLICABLE,NO_FAILURE_SO_FAR,PENDING_FINALIZATION,AUTO_FROZEN,0.942222,0.070316
LC_044_R10.png,LC,LC_044,10,8,ZERO-SHOT,Linhas,Comparação,CONFORMING,CONFORMING,CONFORMING,CONFORMING,PENDING_BB,DIAGNOSTIC_OK,NOT_APPLICABLE,NOT_APPLICABLE,NOT_APPLICABLE,NO_FAILURE_SO_FAR,PENDING_FINALIZATION,AUTO_FROZEN,0.956284,0.070316
LC_045_R01.png,LC,LC_045,1,9,ZERO-SHOT,Linhas,Comparação,CONFORMING,CONFORMING,NONCONFORMING,CONFORMING,PENDING_BB,DIAGNOSTIC_OK,CONFORMING,CONFORMING,CONFORMING,NONCONFORMING,NONCONFORMING,AUTO_FROZEN,1.0,0.076574
LC_045_R02.png,LC,LC_045,2,9,ZERO-SHOT,Linhas,Comparação,CONFORMING,CONFORMING,CONFORMING,CONFORMING,PENDING_BB,DIAGNOSTIC_OK,CONFORMING,CONFORMING,CONFORMING,NO_FAILURE_SO_FAR,PENDING_FINALIZATION,AUTO_FROZEN,0.96562,0.055625
LC_045_R03.png,LC,LC_045,3,9,ZERO-SHOT,Linhas,Comparação,CONFORMING,CONFORMING,CONFORMING,CONFORMING,PENDING_BB,DIAGNOSTIC_OK,CONFORMING,CONFORMING,CONFORMING,NO_FAILURE_SO_FAR,PENDING_FINALIZATION,AUTO_FROZEN,0.96562,0.055625
LC_045_R04.png,LC,LC_045,4,9,ZERO-SHOT,Linhas,Comparação,CONFORMING,CONFORMING,CONFORMING,CONFORMING,PENDING_BB,DIAGNOSTIC_OK,CONFORMING,CONFORMING,CONFORMING,NO_FAILURE_SO_FAR,PENDING_FINALIZATION,AUTO_FROZEN,0.96562,0.055625
LC_045_R05.png,LC,LC_045,5,9,ZERO-SHOT,Linhas,Comparação,CONFORMING,CONFORMING,CONFORMING,CONFORMING,PENDING_BB,DIAGNOSTIC_OK,CONFORMING,CONFORMING,CONFORMING,NO_FAILURE_SO_FAR,PENDING_FINALIZATION,AUTO_FROZEN,0.96562,0.055625
LC_045_R06.png,LC,LC_045,6,9,ZERO-SHOT,Linhas,Comparação,CONFORMING,CONFORMING,CONFORMING,CONFORMING,PENDING_BB,DIAGNOSTIC_OK,CONFORMING,CONFORMING,CONFORMING,NO_FAILURE_SO_FAR,PENDING_FINALIZATION,AUTO_FROZEN,0.96562,0.055625
LC_045_R07.png,LC,LC_045,7,9,ZERO-SHOT,Linhas,Comparação,CONFORMING,CONFORMING,CONFORMING,CONFORMING,PENDING_BB,DIAGNOSTIC_OK,CONFORMING,CONFORMING,CONFORMING,NO_FAILURE_SO_FAR,PENDING_FINALIZATION,AUTO_FROZEN,0.96562,0.055625
LC_045_R08.png,LC,LC_045,8,9,ZERO-SHOT,Linhas,Comparação,CONFORMING,CONFORMING,CONFORMING,CONFORMING,PENDING_BB,DIAGNOSTIC_OK,CONFORMING,CONFORMING,CONFORMING,NO_FAILURE_SO_FAR,PENDING_FINALIZATION,AUTO_FROZEN,0.96562,0.055625
LC_045_R09.png,LC,LC_045,9,9,ZERO-SHOT,Linhas,Comparação,CONFORMING,CONFORMING,CONFORMING,CONFORMING,PENDING_BB,DIAGNOSTIC_OK,CONFORMING,CONFORMING,CONFORMING,NO_FAILURE_SO_FAR,PENDING_FINALIZATION,AUTO_FROZEN,0.96562,0.055625
LC_045_R10.png,LC,LC_045,10,9,ZERO-SHOT,Linhas,Comparação,CONFORMING,CONFORMING,CONFORMING,CONFORMING,PENDING_BB,DIAGNOSTIC_OK,CONFORMING,CONFORMING,CONFORMING,NO_FAILURE_SO_FAR,PENDING_FINALIZATION,AUTO_FROZEN,0.96562,0.055625
LC_046_R01.png,LC,LC_046,1,10,ZERO-SHOT,Linhas,Comparação,CONFORMING,CONFORMING,NONCONFORMING,CONFORMING,PENDING_BB,DIAGNOSTIC_OK,CONFORMING,CONFORMING,NOT_APPLICABLE,NONCONFORMING,NONCONFORMING,AUTO_FROZEN,0.962688,0.065717
LC_046_R02.png,LC,LC_046,2,10,ZERO-SHOT,Linhas,Comparação,CONFORMING,CONFORMING,NONCONFORMING,CONFORMING,PENDING_BB,DIAGNOSTIC_OK,CONFORMING,CONFORMING,NOT_APPLICABLE,NONCONFORMING,NONCONFORMING,AUTO_FROZEN,0.968473,0.069357
LC_046_R03.png,LC,LC_046,3,10,ZERO-SHOT,Linhas,Comparação,CONFORMING,CONFORMING,CONFORMING,CONFORMING,PENDING_BB,DIAGNOSTIC_OK,CONFORMING,CONFORMING,NOT_APPLICABLE,NO_FAILURE_SO_FAR,PENDING_FINALIZATION,AUTO_FROZEN,0.976153,0.068457
LC_046_R04.png,LC,LC_046,4,10,ZERO-SHOT,Linhas,Comparação,CONFORMING,CONFORMING,NONCONFORMING,CONFORMING,PENDING_BB,DIAGNOSTIC_OK,CONFORMING,CONFORMING,NOT_APPLICABLE,NONCONFORMING,NONCONFORMING,AUTO_FROZEN,0.963053,0.001563
LC_046_R05.png,LC,LC_046,5,10,ZERO-SHOT,Linhas,Comparação,CONFORMING,CONFORMING,NONCONFORMING,CONFORMING,PENDING_BB,DIAGNOSTIC_OK,CONFORMING,CONFORMING,NOT_APPLICABLE,NONCONFORMING,NONCONFORMING,AUTO_FROZEN,0.963053,0.001563
LC_046_R06.png,LC,LC_046,6,10,ZERO-SHOT,Linhas,Comparação,CONFORMING,CONFORMING,NONCONFORMING,CONFORMING,PENDING_BB,DIAGNOSTIC_OK,CONFORMING,CONFORMING,NOT_APPLICABLE,NONCONFORMING,NONCONFORMING,AUTO_FROZEN,0.963053,0.001563
LC_046_R07.png,LC,LC_046,7,10,ZERO-SHOT,Linhas,Comparação,CONFORMING,CONFORMING,NONCONFORMING,CONFORMING,PENDING_BB,DIAGNOSTIC_OK,CONFORMING,CONFORMING,NOT_APPLICABLE,NONCONFORMING,NONCONFORMING,AUTO_FROZEN,0.963053,0.001563
LC_046_R08.png,LC,LC_046,8,10,ZERO-SHOT,Linhas,Comparação,CONFORMING,CONFORMING,NONCONFORMING,CONFORMING,PENDING_BB,DIAGNOSTIC_OK,CONFORMING,CONFORMING,NOT_APPLICABLE,NONCONFORMING,NONCONFORMING,AUTO_FROZEN,0.963053,0.001563
LC_046_R09.png,LC,LC_046,9,10,ZERO-SHOT,Linhas,Comparação,CONFORMING,CONFORMING,NONCONFORMING,CONFORMING,PENDING_BB,DIAGNOSTIC_OK,CONFORMING,CONFORMING,NOT_APPLICABLE,NONCONFORMING,NONCONFORMING,AUTO_FROZEN,0.963053,0.001563
LC_046_R10.png,LC,LC_046,10,10,ZERO-SHOT,Linhas,Comparação,CONFORMING,CONFORMING,NONCONFORMING,CONFORMING,PENDING_BB,DIAGNOSTIC_OK,CONFORMING,CONFORMING,NOT_APPLICABLE,NONCONFORMING,NONCONFORMING,AUTO_FROZEN,0.968473,0.069357
LC_047_R01.png,LC,LC_047,1,11,ZERO-SHOT,Linhas,Comparação,CONFORMING,CONFORMING,CONFORMING,CONFORMING,PENDING_BB,DIAGNOSTIC_OK,NOT_APPLICABLE,NOT_APPLICABLE,NOT_APPLICABLE,NO_FAILURE_SO_FAR,PENDING_FINALIZATION,AUTO_FROZEN,0.941961,0.077037
LC_047_R02.png,LC,LC_047,2,11,ZERO-SHOT,Linhas,Comparação,CONFORMING,CONFORMING,CONFORMING,CONFORMING,PENDING_BB,DIAGNOSTIC_OK,NOT_APPLICABLE,NOT_APPLICABLE,NOT_APPLICABLE,NO_FAILURE_SO_FAR,PENDING_FINALIZATION,AUTO_FROZEN,0.941249,0.07164
LC_047_R03.png,LC,LC_047,3,11,ZERO-SHOT,Linhas,Comparação,CONFORMING,CONFORMING,CONFORMING,CONFORMING,PENDING_BB,DIAGNOSTIC_OK,NOT_APPLICABLE,NOT_APPLICABLE,NOT_APPLICABLE,NO_FAILURE_SO_FAR,PENDING_FINALIZATION,AUTO_FROZEN,0.941249,0.07164
LC_047_R04.png,LC,LC_047,4,11,ZERO-SHOT,Linhas,Comparação,CONFORMING,CONFORMING,CONFORMING,CONFORMING,PENDING_BB,DIAGNOSTIC_OK,NOT_APPLICABLE,NOT_APPLICABLE,NOT_APPLICABLE,NO_FAILURE_SO_FAR,PENDING_FINALIZATION,AUTO_FROZEN,0.941249,0.07164
LC_047_R05.png,LC,LC_047,5,11,ZERO-SHOT,Linhas,Comparação,CONFORMING,CONFORMING,CONFORMING,CONFORMING,PENDING_BB,DIAGNOSTIC_OK,NOT_APPLICABLE,NOT_APPLICABLE,NOT_APPLICABLE,NO_FAILURE_SO_FAR,PENDING_FINALIZATION,AUTO_FROZEN,0.941249,0.07164
LC_047_R06.png,LC,LC_047,6,11,ZERO-SHOT,Linhas,Comparação,CONFORMING,CONFORMING,CONFORMING,CONFORMING,PENDING_BB,DIAGNOSTIC_OK,NOT_APPLICABLE,NOT_APPLICABLE,NOT_APPLICABLE,NO_FAILURE_SO_FAR,PENDING_FINALIZATION,AUTO_FROZEN,0.941249,0.07164
LC_047_R07.png,LC,LC_047,7,11,ZERO-SHOT,Linhas,Comparação,CONFORMING,CONFORMING,CONFORMING,CONFORMING,PENDING_BB,DIAGNOSTIC_OK,NOT_APPLICABLE,NOT_APPLICABLE,NOT_APPLICABLE,NO_FAILURE_SO_FAR,PENDING_FINALIZATION,AUTO_FROZEN,0.941249,0.07164
LC_047_R08.png,LC,LC_047,8,11,ZERO-SHOT,Linhas,Comparação,CONFORMING,CONFORMING,CONFORMING,CONFORMING,PENDING_BB,DIAGNOSTIC_OK,NOT_APPLICABLE,NOT_APPLICABLE,NOT_APPLICABLE,NO_FAILURE_SO_FAR,PENDING_FINALIZATION,AUTO_FROZEN,0.941249,0.07164
LC_047_R09.png,LC,LC_047,9,11,ZERO-SHOT,Linhas,Comparação,CONFORMING,CONFORMING,CONFORMING,CONFORMING,PENDING_BB,DIAGNOSTIC_OK,NOT_APPLICABLE,NOT_APPLICABLE,NOT_APPLICABLE,NO_FAILURE_SO_FAR,PENDING_FINALIZATION,AUTO_FROZEN,0.941249,0.07164
LC_047_R10.png,LC,LC_047,10,11,ZERO-SHOT,Linhas,Comparação,CONFORMING,CONFORMING,CONFORMING,CONFORMING,PENDING_BB,DIAGNOSTIC_OK,NOT_APPLICABLE,NOT_APPLICABLE,NOT_APPLICABLE,NO_FAILURE_SO_FAR,PENDING_FINALIZATION,AUTO_FROZEN,0.941249,0.07164
LC_048_R01.png,LC,LC_048,1,12,ZERO-SHOT,Linhas,Comparação,CONFORMING,CONFORMING,CONFORMING,CONFORMING,PENDING_BB,DIAGNOSTIC_OK,NOT_APPLICABLE,NOT_APPLICABLE,NOT_APPLICABLE,NO_FAILURE_SO_FAR,PENDING_FINALIZATION,AUTO_FROZEN,0.937793,0.047588
LC_048_R02.png,LC,LC_048,2,12,ZERO-SHOT,Linhas,Comparação,CONFORMING,CONFORMING,CONFORMING,CONFORMING,PENDING_BB,DIAGNOSTIC_OK,NOT_APPLICABLE,NOT_APPLICABLE,NOT_APPLICABLE,NO_FAILURE_SO_FAR,PENDING_FINALIZATION,AUTO_FROZEN,0.965059,0.043229
LC_048_R03.png,LC,LC_048,3,12,ZERO-SHOT,Linhas,Comparação,CONFORMING,CONFORMING,CONFORMING,CONFORMING,PENDING_BB,DIAGNOSTIC_OK,NOT_APPLICABLE,NOT_APPLICABLE,NOT_APPLICABLE,NO_FAILURE_SO_FAR,PENDING_FINALIZATION,AUTO_FROZEN,0.965059,0.043229
LC_048_R04.png,LC,LC_048,4,12,ZERO-SHOT,Linhas,Comparação,CONFORMING,CONFORMING,CONFORMING,CONFORMING,PENDING_BB,DIAGNOSTIC_OK,NOT_APPLICABLE,NOT_APPLICABLE,NOT_APPLICABLE,NO_FAILURE_SO_FAR,PENDING_FINALIZATION,AUTO_FROZEN,0.946052,0.043542
LC_048_R05.png,LC,LC_048,5,12,ZERO-SHOT,Linhas,Comparação,CONFORMING,CONFORMING,CONFORMING,CONFORMING,PENDING_BB,DIAGNOSTIC_OK,NOT_APPLICABLE,NOT_APPLICABLE,NOT_APPLICABLE,NO_FAILURE_SO_FAR,PENDING_FINALIZATION,AUTO_FROZEN,0.946052,0.043542
LC_048_R06.png,LC,LC_048,6,12,ZERO-SHOT,Linhas,Comparação,CONFORMING,CONFORMING,CONFORMING,CONFORMING,PENDING_BB,DIAGNOSTIC_OK,NOT_APPLICABLE,NOT_APPLICABLE,NOT_APPLICABLE,NO_FAILURE_SO_FAR,PENDING_FINALIZATION,AUTO_FROZEN,0.946052,0.043542
LC_048_R07.png,LC,LC_048,7,12,ZERO-SHOT,Linhas,Comparação,CONFORMING,CONFORMING,CONFORMING,CONFORMING,PENDING_BB,DIAGNOSTIC_OK,NOT_APPLICABLE,NOT_APPLICABLE,NOT_APPLICABLE,NO_FAILURE_SO_FAR,PENDING_FINALIZATION,AUTO_FROZEN,0.946052,0.043542
LC_048_R08.png,LC,LC_048,8,12,ZERO-SHOT,Linhas,Comparação,CONFORMING,CONFORMING,CONFORMING,CONFORMING,PENDING_BB,DIAGNOSTIC_OK,NOT_APPLICABLE,NOT_APPLICABLE,NOT_APPLICABLE,NO_FAILURE_SO_FAR,PENDING_FINALIZATION,AUTO_FROZEN,0.946052,0.043542
LC_048_R09.png,LC,LC_048,9,12,ZERO-SHOT,Linhas,Comparação,CONFORMING,CONFORMING,CONFORMING,CONFORMING,PENDING_BB,DIAGNOSTIC_OK,NOT_APPLICABLE,NOT_APPLICABLE,NOT_APPLICABLE,NO_FAILURE_SO_FAR,PENDING_FINALIZATION,AUTO_FROZEN,0.946052,0.043542
LC_048_R10.png,LC,LC_048,10,12,ZERO-SHOT,Linhas,Comparação,CONFORMING,CONFORMING,CONFORMING,CONFORMING,PENDING_BB,DIAGNOSTIC_OK,NOT_APPLICABLE,NOT_APPLICABLE,NOT_APPLICABLE,NO_FAILURE_SO_FAR,PENDING_FINALIZATION,AUTO_FROZEN,0.946052,0.043542
LC_049_R01.png,LC,LC_049,1,13,ZERO-SHOT,Linhas,Comparação,CONFORMING,CONFORMING,UNEVALUABLE,CONFORMING,PENDING_BB,DIAGNOSTIC_OK,CONFORMING,CONFORMING,CONFORMING,UNEVALUABLE,PENDING_FINALIZATION,AUTO_FROZEN,1.0,0.076068
LC_049_R02.png,LC,LC_049,2,13,ZERO-SHOT,Linhas,Comparação,CONFORMING,CONFORMING,CONFORMING,CONFORMING,PENDING_BB,DIAGNOSTIC_OK,CONFORMING,CONFORMING,CONFORMING,NO_FAILURE_SO_FAR,PENDING_FINALIZATION,AUTO_FROZEN,0.965059,0.043229
LC_049_R03.png,LC,LC_049,3,13,ZERO-SHOT,Linhas,Comparação,CONFORMING,CONFORMING,CONFORMING,CONFORMING,PENDING_BB,DIAGNOSTIC_OK,CONFORMING,CONFORMING,CONFORMING,NO_FAILURE_SO_FAR,PENDING_FINALIZATION,AUTO_FROZEN,0.965059,0.043229
LC_049_R04.png,LC,LC_049,4,13,ZERO-SHOT,Linhas,Comparação,CONFORMING,CONFORMING,CONFORMING,CONFORMING,PENDING_BB,DIAGNOSTIC_OK,CONFORMING,CONFORMING,CONFORMING,NO_FAILURE_SO_FAR,PENDING_FINALIZATION,AUTO_FROZEN,0.965059,0.043229
LC_049_R05.png,LC,LC_049,5,13,ZERO-SHOT,Linhas,Comparação,CONFORMING,CONFORMING,CONFORMING,CONFORMING,PENDING_BB,DIAGNOSTIC_OK,CONFORMING,CONFORMING,CONFORMING,NO_FAILURE_SO_FAR,PENDING_FINALIZATION,AUTO_FROZEN,0.965059,0.043229
LC_049_R06.png,LC,LC_049,6,13,ZERO-SHOT,Linhas,Comparação,CONFORMING,CONFORMING,CONFORMING,CONFORMING,PENDING_BB,DIAGNOSTIC_OK,CONFORMING,CONFORMING,CONFORMING,NO_FAILURE_SO_FAR,PENDING_FINALIZATION,AUTO_FROZEN,0.965059,0.043229
LC_049_R07.png,LC,LC_049,7,13,ZERO-SHOT,Linhas,Comparação,CONFORMING,CONFORMING,CONFORMING,CONFORMING,PENDING_BB,DIAGNOSTIC_OK,CONFORMING,CONFORMING,CONFORMING,NO_FAILURE_SO_FAR,PENDING_FINALIZATION,AUTO_FROZEN,0.965059,0.043229
LC_049_R08.png,LC,LC_049,8,13,ZERO-SHOT,Linhas,Comparação,CONFORMING,CONFORMING,CONFORMING,CONFORMING,PENDING_BB,DIAGNOSTIC_OK,CONFORMING,CONFORMING,CONFORMING,NO_FAILURE_SO_FAR,PENDING_FINALIZATION,AUTO_FROZEN,0.965059,0.043229
LC_049_R09.png,LC,LC_049,9,13,ZERO-SHOT,Linhas,Comparação,CONFORMING,CONFORMING,CONFORMING,CONFORMING,PENDING_BB,DIAGNOSTIC_OK,CONFORMING,CONFORMING,CONFORMING,NO_FAILURE_SO_FAR,PENDING_FINALIZATION,AUTO_FROZEN,0.965059,0.043229
LC_049_R10.png,LC,LC_049,10,13,ZERO-SHOT,Linhas,Comparação,CONFORMING,CONFORMING,CONFORMING,CONFORMING,PENDING_BB,DIAGNOSTIC_OK,CONFORMING,CONFORMING,CONFORMING,NO_FAILURE_SO_FAR,PENDING_FINALIZATION,AUTO_FROZEN,0.965059,0.043229
LC_050_R01.png,LC,LC_050,1,14,ZERO-SHOT,Linhas,Comparação,CONFORMING,CONFORMING,NONCONFORMING,CONFORMING,PENDING_BB,DIAGNOSTIC_OK,CONFORMING,CONFORMING,NOT_APPLICABLE,NONCONFORMING,NONCONFORMING,AUTO_FROZEN,0.943235,0.072928
LC_050_R02.png,LC,LC_050,2,14,ZERO-SHOT,Linhas,Comparação,CONFORMING,CONFORMING,CONFORMING,CONFORMING,PENDING_BB,DIAGNOSTIC_OK,CONFORMING,CONFORMING,NOT_APPLICABLE,NO_FAILURE_SO_FAR,PENDING_FINALIZATION,AUTO_FROZEN,0.946052,0.043542
LC_050_R03.png,LC,LC_050,3,14,ZERO-SHOT,Linhas,Comparação,CONFORMING,CONFORMING,CONFORMING,CONFORMING,PENDING_BB,DIAGNOSTIC_OK,CONFORMING,CONFORMING,NOT_APPLICABLE,NO_FAILURE_SO_FAR,PENDING_FINALIZATION,AUTO_FROZEN,0.946052,0.043542
LC_050_R04.png,LC,LC_050,4,14,ZERO-SHOT,Linhas,Comparação,CONFORMING,CONFORMING,CONFORMING,CONFORMING,PENDING_BB,DIAGNOSTIC_OK,CONFORMING,CONFORMING,NOT_APPLICABLE,NO_FAILURE_SO_FAR,PENDING_FINALIZATION,AUTO_FROZEN,0.946052,0.043542
LC_050_R05.png,LC,LC_050,5,14,ZERO-SHOT,Linhas,Comparação,CONFORMING,CONFORMING,CONFORMING,CONFORMING,PENDING_BB,DIAGNOSTIC_OK,CONFORMING,CONFORMING,NOT_APPLICABLE,NO_FAILURE_SO_FAR,PENDING_FINALIZATION,AUTO_FROZEN,0.946052,0.043542
LC_050_R06.png,LC,LC_050,6,14,ZERO-SHOT,Linhas,Comparação,CONFORMING,CONFORMING,CONFORMING,CONFORMING,PENDING_BB,DIAGNOSTIC_OK,CONFORMING,CONFORMING,NOT_APPLICABLE,NO_FAILURE_SO_FAR,PENDING_FINALIZATION,AUTO_FROZEN,0.946052,0.043542
LC_050_R07.png,LC,LC_050,7,14,ZERO-SHOT,Linhas,Comparação,CONFORMING,CONFORMING,CONFORMING,CONFORMING,PENDING_BB,DIAGNOSTIC_OK,CONFORMING,CONFORMING,NOT_APPLICABLE,NO_FAILURE_SO_FAR,PENDING_FINALIZATION,AUTO_FROZEN,0.946052,0.043542
LC_050_R08.png,LC,LC_050,8,14,ZERO-SHOT,Linhas,Comparação,CONFORMING,CONFORMING,CONFORMING,CONFORMING,PENDING_BB,DIAGNOSTIC_OK,CONFORMING,CONFORMING,NOT_APPLICABLE,NO_FAILURE_SO_FAR,PENDING_FINALIZATION,AUTO_FROZEN,0.946052,0.043542
LC_050_R09.png,LC,LC_050,9,14,ZERO-SHOT,Linhas,Comparação,CONFORMING,CONFORMING,CONFORMING,CONFORMING,PENDING_BB,DIAGNOSTIC_OK,CONFORMING,CONFORMING,NOT_APPLICABLE,NO_FAILURE_SO_FAR,PENDING_FINALIZATION,AUTO_FROZEN,0.946052,0.043542
LC_050_R10.png,LC,LC_050,10,14,ZERO-SHOT,Linhas,Comparação,CONFORMING,CONFORMING,CONFORMING,CONFORMING,PENDING_BB,DIAGNOSTIC_OK,CONFORMING,CONFORMING,NOT_APPLICABLE,NO_FAILURE_SO_FAR,PENDING_FINALIZATION,AUTO_FROZEN,0.946052,0.043542
LC_051_R01.png,LC,LC_051,1,15,ZERO-SHOT,Linhas,Comparação,CONFORMING,CONFORMING,CONFORMING,CONFORMING,PENDING_BB,DIAGNOSTIC_OK,NOT_APPLICABLE,NOT_APPLICABLE,NOT_APPLICABLE,NO_FAILURE_SO_FAR,PENDING_FINALIZATION,AUTO_FROZEN,0.93651,0.074831
LC_051_R02.png,LC,LC_051,2,15,ZERO-SHOT,Linhas,Comparação,CONFORMING,CONFORMING,CONFORMING,CONFORMING,PENDING_BB,DIAGNOSTIC_OK,NOT_APPLICABLE,NOT_APPLICABLE,NOT_APPLICABLE,NO_FAILURE_SO_FAR,PENDING_FINALIZATION,AUTO_FROZEN,0.971783,0.077011
LC_051_R03.png,LC,LC_051,3,15,ZERO-SHOT,Linhas,Comparação,CONFORMING,CONFORMING,CONFORMING,CONFORMING,PENDING_BB,DIAGNOSTIC_OK,NOT_APPLICABLE,NOT_APPLICABLE,NOT_APPLICABLE,NO_FAILURE_SO_FAR,PENDING_FINALIZATION,AUTO_FROZEN,0.971783,0.077011
LC_051_R04.png,LC,LC_051,4,15,ZERO-SHOT,Linhas,Comparação,CONFORMING,CONFORMING,CONFORMING,CONFORMING,PENDING_BB,DIAGNOSTIC_OK,NOT_APPLICABLE,NOT_APPLICABLE,NOT_APPLICABLE,NO_FAILURE_SO_FAR,PENDING_FINALIZATION,AUTO_FROZEN,0.971783,0.077011
LC_051_R05.png,LC,LC_051,5,15,ZERO-SHOT,Linhas,Comparação,CONFORMING,CONFORMING,CONFORMING,CONFORMING,PENDING_BB,DIAGNOSTIC_OK,NOT_APPLICABLE,NOT_APPLICABLE,NOT_APPLICABLE,NO_FAILURE_SO_FAR,PENDING_FINALIZATION,AUTO_FROZEN,0.971783,0.077011
LC_051_R06.png,LC,LC_051,6,15,ZERO-SHOT,Linhas,Comparação,CONFORMING,CONFORMING,CONFORMING,CONFORMING,PENDING_BB,DIAGNOSTIC_OK,NOT_APPLICABLE,NOT_APPLICABLE,NOT_APPLICABLE,NO_FAILURE_SO_FAR,PENDING_FINALIZATION,AUTO_FROZEN,0.971783,0.077011
LC_051_R07.png,LC,LC_051,7,15,ZERO-SHOT,Linhas,Comparação,CONFORMING,CONFORMING,CONFORMING,CONFORMING,PENDING_BB,DIAGNOSTIC_OK,NOT_APPLICABLE,NOT_APPLICABLE,NOT_APPLICABLE,NO_FAILURE_SO_FAR,PENDING_FINALIZATION,AUTO_FROZEN,0.971783,0.077011
LC_051_R08.png,LC,LC_051,8,15,ZERO-SHOT,Linhas,Comparação,CONFORMING,CONFORMING,CONFORMING,CONFORMING,PENDING_BB,DIAGNOSTIC_OK,NOT_APPLICABLE,NOT_APPLICABLE,NOT_APPLICABLE,NO_FAILURE_SO_FAR,PENDING_FINALIZATION,AUTO_FROZEN,0.971783,0.077011
LC_051_R09.png,LC,LC_051,9,15,ZERO-SHOT,Linhas,Comparação,CONFORMING,CONFORMING,CONFORMING,CONFORMING,PENDING_BB,DIAGNOSTIC_OK,NOT_APPLICABLE,NOT_APPLICABLE,NOT_APPLICABLE,NO_FAILURE_SO_FAR,PENDING_FINALIZATION,AUTO_FROZEN,0.971783,0.077011
LC_051_R10.png,LC,LC_051,10,15,ZERO-SHOT,Linhas,Comparação,CONFORMING,CONFORMING,CONFORMING,CONFORMING,PENDING_BB,DIAGNOSTIC_OK,NOT_APPLICABLE,NOT_APPLICABLE,NOT_APPLICABLE,NO_FAILURE_SO_FAR,PENDING_FINALIZATION,AUTO_FROZEN,0.971783,0.077011
LC_052_R01.png,LC,LC_052,1,16,ZERO-SHOT,Linhas,Comparação,CONFORMING,CONFORMING,CONFORMING,CONFORMING,PENDING_BB,DIAGNOSTIC_OK,CONFORMING,CONFORMING,NOT_APPLICABLE,NO_FAILURE_SO_FAR,PENDING_FINALIZATION,AUTO_FROZEN,0.944094,0.050221
LC_052_R02.png,LC,LC_052,2,16,ZERO-SHOT,Linhas,Comparação,CONFORMING,CONFORMING,NONCONFORMING,CONFORMING,PENDING_BB,DIAGNOSTIC_OK,CONFORMING,CONFORMING,NOT_APPLICABLE,NONCONFORMING,NONCONFORMING,AUTO_FROZEN,0.97389,0.054271
LC_052_R03.png,LC,LC_052,3,16,ZERO-SHOT,Linhas,Comparação,CONFORMING,CONFORMING,NONCONFORMING,CONFORMING,PENDING_BB,DIAGNOSTIC_OK,CONFORMING,CONFORMING,NOT_APPLICABLE,NONCONFORMING,NONCONFORMING,AUTO_FROZEN,0.940941,0.001563
LC_052_R04.png,LC,LC_052,4,16,ZERO-SHOT,Linhas,Comparação,CONFORMING,CONFORMING,NONCONFORMING,CONFORMING,PENDING_BB,DIAGNOSTIC_OK,CONFORMING,CONFORMING,NOT_APPLICABLE,NONCONFORMING,NONCONFORMING,AUTO_FROZEN,0.940941,0.001563
LC_052_R05.png,LC,LC_052,5,16,ZERO-SHOT,Linhas,Comparação,CONFORMING,CONFORMING,NONCONFORMING,CONFORMING,PENDING_BB,DIAGNOSTIC_OK,CONFORMING,CONFORMING,NOT_APPLICABLE,NONCONFORMING,NONCONFORMING,AUTO_FROZEN,0.940941,0.001563
LC_052_R06.png,LC,LC_052,6,16,ZERO-SHOT,Linhas,Comparação,CONFORMING,CONFORMING,NONCONFORMING,CONFORMING,PENDING_BB,DIAGNOSTIC_OK,CONFORMING,CONFORMING,NOT_APPLICABLE,NONCONFORMING,NONCONFORMING,AUTO_FROZEN,0.940941,0.001563
LC_052_R07.png,LC,LC_052,7,16,ZERO-SHOT,Linhas,Comparação,CONFORMING,CONFORMING,NONCONFORMING,CONFORMING,PENDING_BB,DIAGNOSTIC_OK,CONFORMING,CONFORMING,NOT_APPLICABLE,NONCONFORMING,NONCONFORMING,AUTO_FROZEN,0.940941,0.001563
LC_052_R08.png,LC,LC_052,8,16,ZERO-SHOT,Linhas,Comparação,CONFORMING,CONFORMING,NONCONFORMING,CONFORMING,PENDING_BB,DIAGNOSTIC_OK,CONFORMING,CONFORMING,NOT_APPLICABLE,NONCONFORMING,NONCONFORMING,AUTO_FROZEN,0.940941,0.001563
LC_052_R09.png,LC,LC_052,9,16,ZERO-SHOT,Linhas,Comparação,CONFORMING,CONFORMING,NONCONFORMING,CONFORMING,PENDING_BB,DIAGNOSTIC_OK,CONFORMING,CONFORMING,NOT_APPLICABLE,NONCONFORMING,NONCONFORMING,AUTO_FROZEN,0.940941,0.001563
LC_052_R10.png,LC,LC_052,10,16,ZERO-SHOT,Linhas,Comparação,CONFORMING,CONFORMING,NONCONFORMING,CONFORMING,PENDING_BB,DIAGNOSTIC_OK,CONFORMING,CONFORMING,NOT_APPLICABLE,NONCONFORMING,NONCONFORMING,AUTO_FROZEN,0.940941,0.001563
LI_001_R01.png,LI,LI_001,1,1,FEW-SHOT,Linhas,Identificação,CONFORMING,CONFORMING,NONCONFORMING,CONFORMING,PENDING_BB,DIAGNOSTIC_OK,CONFORMING,CONFORMING,NOT_APPLICABLE,NONCONFORMING,NONCONFORMING,AUTO_FROZEN,1.0,0.054166
LI_001_R02.png,LI,LI_001,2,1,FEW-SHOT,Linhas,Identificação,CONFORMING,CONFORMING,CONFORMING,CONFORMING,PENDING_BB,DIAGNOSTIC_OK,CONFORMING,CONFORMING,NOT_APPLICABLE,NO_FAILURE_SO_FAR,PENDING_FINALIZATION,AUTO_FROZEN,0.970121,0.050221
LI_001_R03.png,LI,LI_001,3,1,FEW-SHOT,Linhas,Identificação,CONFORMING,CONFORMING,CONFORMING,CONFORMING,PENDING_BB,DIAGNOSTIC_OK,CONFORMING,CONFORMING,NOT_APPLICABLE,NO_FAILURE_SO_FAR,PENDING_FINALIZATION,AUTO_FROZEN,0.970121,0.050221
LI_001_R04.png,LI,LI_001,4,1,FEW-SHOT,Linhas,Identificação,CONFORMING,CONFORMING,CONFORMING,CONFORMING,PENDING_BB,DIAGNOSTIC_OK,CONFORMING,CONFORMING,NOT_APPLICABLE,NO_FAILURE_SO_FAR,PENDING_FINALIZATION,AUTO_FROZEN,0.970121,0.050221
LI_001_R05.png,LI,LI_001,5,1,FEW-SHOT,Linhas,Identificação,CONFORMING,CONFORMING,CONFORMING,CONFORMING,PENDING_BB,DIAGNOSTIC_OK,CONFORMING,CONFORMING,NOT_APPLICABLE,NO_FAILURE_SO_FAR,PENDING_FINALIZATION,AUTO_FROZEN,0.970121,0.050221
LI_001_R06.png,LI,LI_001,6,1,FEW-SHOT,Linhas,Identificação,CONFORMING,CONFORMING,CONFORMING,CONFORMING,PENDING_BB,DIAGNOSTIC_OK,CONFORMING,CONFORMING,NOT_APPLICABLE,NO_FAILURE_SO_FAR,PENDING_FINALIZATION,AUTO_FROZEN,0.970121,0.050221
LI_001_R07.png,LI,LI_001,7,1,FEW-SHOT,Linhas,Identificação,CONFORMING,CONFORMING,CONFORMING,CONFORMING,PENDING_BB,DIAGNOSTIC_OK,CONFORMING,CONFORMING,NOT_APPLICABLE,NO_FAILURE_SO_FAR,PENDING_FINALIZATION,AUTO_FROZEN,0.970121,0.050221
LI_001_R08.png,LI,LI_001,8,1,FEW-SHOT,Linhas,Identificação,CONFORMING,CONFORMING,CONFORMING,CONFORMING,PENDING_BB,DIAGNOSTIC_OK,CONFORMING,CONFORMING,NOT_APPLICABLE,NO_FAILURE_SO_FAR,PENDING_FINALIZATION,AUTO_FROZEN,0.970121,0.050221
LI_001_R09.png,LI,LI_001,9,1,FEW-SHOT,Linhas,Identificação,CONFORMING,CONFORMING,CONFORMING,CONFORMING,PENDING_BB,DIAGNOSTIC_OK,CONFORMING,CONFORMING,NOT_APPLICABLE,NO_FAILURE_SO_FAR,PENDING_FINALIZATION,AUTO_FROZEN,0.970121,0.050221
LI_001_R10.png,LI,LI_001,10,1,FEW-SHOT,Linhas,Identificação,CONFORMING,CONFORMING,CONFORMING,CONFORMING,PENDING_BB,DIAGNOSTIC_OK,CONFORMING,CONFORMING,NOT_APPLICABLE,NO_FAILURE_SO_FAR,PENDING_FINALIZATION,AUTO_FROZEN,0.970121,0.050221
LI_002_R01.png,LI,LI_002,1,4,FEW-SHOT,Linhas,Identificação,CONFORMING,CONFORMING,CONFORMING,CONFORMING,PENDING_BB,DIAGNOSTIC_OK,CONFORMING,CONFORMING,NOT_APPLICABLE,NO_FAILURE_SO_FAR,PENDING_FINALIZATION,AUTO_FROZEN,0.936423,0.053546
LI_002_R02.png,LI,LI_002,2,4,FEW-SHOT,Linhas,Identificação,CONFORMING,CONFORMING,CONFORMING,CONFORMING,PENDING_BB,DIAGNOSTIC_OK,CONFORMING,CONFORMING,NOT_APPLICABLE,NO_FAILURE_SO_FAR,PENDING_FINALIZATION,AUTO_FROZEN,0.944693,0.001875
LI_002_R03.png,LI,LI_002,3,4,FEW-SHOT,Linhas,Identificação,CONFORMING,CONFORMING,CONFORMING,CONFORMING,PENDING_BB,DIAGNOSTIC_OK,CONFORMING,CONFORMING,NOT_APPLICABLE,NO_FAILURE_SO_FAR,PENDING_FINALIZATION,AUTO_FROZEN,0.944693,0.001875
LI_002_R04.png,LI,LI_002,4,4,FEW-SHOT,Linhas,Identificação,CONFORMING,CONFORMING,CONFORMING,CONFORMING,PENDING_BB,DIAGNOSTIC_OK,CONFORMING,CONFORMING,NOT_APPLICABLE,NO_FAILURE_SO_FAR,PENDING_FINALIZATION,AUTO_FROZEN,0.944693,0.001875
LI_002_R05.png,LI,LI_002,5,4,FEW-SHOT,Linhas,Identificação,CONFORMING,CONFORMING,CONFORMING,CONFORMING,PENDING_BB,DIAGNOSTIC_OK,CONFORMING,CONFORMING,NOT_APPLICABLE,NO_FAILURE_SO_FAR,PENDING_FINALIZATION,AUTO_FROZEN,0.944693,0.001875
LI_002_R06.png,LI,LI_002,6,4,FEW-SHOT,Linhas,Identificação,CONFORMING,CONFORMING,CONFORMING,CONFORMING,PENDING_BB,DIAGNOSTIC_OK,CONFORMING,CONFORMING,NOT_APPLICABLE,NO_FAILURE_SO_FAR,PENDING_FINALIZATION,AUTO_FROZEN,0.944693,0.001875
LI_002_R07.png,LI,LI_002,7,4,FEW-SHOT,Linhas,Identificação,CONFORMING,CONFORMING,CONFORMING,CONFORMING,PENDING_BB,DIAGNOSTIC_OK,CONFORMING,CONFORMING,NOT_APPLICABLE,NO_FAILURE_SO_FAR,PENDING_FINALIZATION,AUTO_FROZEN,0.944693,0.001875
LI_002_R08.png,LI,LI_002,8,4,FEW-SHOT,Linhas,Identificação,CONFORMING,CONFORMING,CONFORMING,CONFORMING,PENDING_BB,DIAGNOSTIC_OK,CONFORMING,CONFORMING,NOT_APPLICABLE,NO_FAILURE_SO_FAR,PENDING_FINALIZATION,AUTO_FROZEN,0.944693,0.001875
LI_002_R09.png,LI,LI_002,9,4,FEW-SHOT,Linhas,Identificação,CONFORMING,CONFORMING,CONFORMING,CONFORMING,PENDING_BB,DIAGNOSTIC_OK,CONFORMING,CONFORMING,NOT_APPLICABLE,NO_FAILURE_SO_FAR,PENDING_FINALIZATION,AUTO_FROZEN,0.944693,0.001875
LI_002_R10.png,LI,LI_002,10,4,FEW-SHOT,Linhas,Identificação,CONFORMING,CONFORMING,CONFORMING,CONFORMING,PENDING_BB,DIAGNOSTIC_OK,CONFORMING,CONFORMING,NOT_APPLICABLE,NO_FAILURE_SO_FAR,PENDING_FINALIZATION,AUTO_FROZEN,0.944693,0.001875
LI_003_R01.png,LI,LI_003,1,6,FEW-SHOT,Linhas,Identificação,CONFORMING,CONFORMING,CONFORMING,CONFORMING,PENDING_BB,DIAGNOSTIC_OK,NOT_APPLICABLE,NOT_APPLICABLE,NOT_APPLICABLE,NO_FAILURE_SO_FAR,PENDING_FINALIZATION,AUTO_FROZEN,0.981895,0.053546
LI_003_R02.png,LI,LI_003,2,6,FEW-SHOT,Linhas,Identificação,CONFORMING,CONFORMING,CONFORMING,CONFORMING,PENDING_BB,DIAGNOSTIC_OK,NOT_APPLICABLE,NOT_APPLICABLE,NOT_APPLICABLE,NO_FAILURE_SO_FAR,PENDING_FINALIZATION,AUTO_FROZEN,0.945676,0.001875
LI_003_R03.png,LI,LI_003,3,6,FEW-SHOT,Linhas,Identificação,CONFORMING,CONFORMING,CONFORMING,CONFORMING,PENDING_BB,DIAGNOSTIC_OK,NOT_APPLICABLE,NOT_APPLICABLE,NOT_APPLICABLE,NO_FAILURE_SO_FAR,PENDING_FINALIZATION,AUTO_FROZEN,0.945676,0.001875
LI_003_R04.png,LI,LI_003,4,6,FEW-SHOT,Linhas,Identificação,CONFORMING,CONFORMING,CONFORMING,CONFORMING,PENDING_BB,DIAGNOSTIC_OK,NOT_APPLICABLE,NOT_APPLICABLE,NOT_APPLICABLE,NO_FAILURE_SO_FAR,PENDING_FINALIZATION,AUTO_FROZEN,0.945676,0.001875
LI_003_R05.png,LI,LI_003,5,6,FEW-SHOT,Linhas,Identificação,CONFORMING,CONFORMING,CONFORMING,CONFORMING,PENDING_BB,DIAGNOSTIC_OK,NOT_APPLICABLE,NOT_APPLICABLE,NOT_APPLICABLE,NO_FAILURE_SO_FAR,PENDING_FINALIZATION,AUTO_FROZEN,0.945676,0.001875
LI_003_R06.png,LI,LI_003,6,6,FEW-SHOT,Linhas,Identificação,CONFORMING,CONFORMING,CONFORMING,CONFORMING,PENDING_BB,DIAGNOSTIC_OK,NOT_APPLICABLE,NOT_APPLICABLE,NOT_APPLICABLE,NO_FAILURE_SO_FAR,PENDING_FINALIZATION,AUTO_FROZEN,0.945676,0.001875
LI_003_R07.png,LI,LI_003,7,6,FEW-SHOT,Linhas,Identificação,CONFORMING,CONFORMING,CONFORMING,CONFORMING,PENDING_BB,DIAGNOSTIC_OK,NOT_APPLICABLE,NOT_APPLICABLE,NOT_APPLICABLE,NO_FAILURE_SO_FAR,PENDING_FINALIZATION,AUTO_FROZEN,0.945676,0.001875
LI_003_R08.png,LI,LI_003,8,6,FEW-SHOT,Linhas,Identificação,CONFORMING,CONFORMING,CONFORMING,CONFORMING,PENDING_BB,DIAGNOSTIC_OK,NOT_APPLICABLE,NOT_APPLICABLE,NOT_APPLICABLE,NO_FAILURE_SO_FAR,PENDING_FINALIZATION,AUTO_FROZEN,0.945676,0.001875
LI_003_R09.png,LI,LI_003,9,6,FEW-SHOT,Linhas,Identificação,CONFORMING,CONFORMING,CONFORMING,CONFORMING,PENDING_BB,DIAGNOSTIC_OK,NOT_APPLICABLE,NOT_APPLICABLE,NOT_APPLICABLE,NO_FAILURE_SO_FAR,PENDING_FINALIZATION,AUTO_FROZEN,0.945676,0.001875
LI_003_R10.png,LI,LI_003,10,6,FEW-SHOT,Linhas,Identificação,CONFORMING,CONFORMING,CONFORMING,CONFORMING,PENDING_BB,DIAGNOSTIC_OK,NOT_APPLICABLE,NOT_APPLICABLE,NOT_APPLICABLE,NO_FAILURE_SO_FAR,PENDING_FINALIZATION,AUTO_FROZEN,0.945676,0.001875
LI_004_R01.png,LI,LI_004,1,7,FEW-SHOT,Linhas,Identificação,CONFORMING,CONFORMING,CONFORMING,CONFORMING,PENDING_BB,DIAGNOSTIC_OK,NOT_APPLICABLE,NOT_APPLICABLE,NOT_APPLICABLE,NO_FAILURE_SO_FAR,PENDING_FINALIZATION,AUTO_FROZEN,1.0,0.049338
LI_004_R02.png,LI,LI_004,2,7,FEW-SHOT,Linhas,Identificação,CONFORMING,CONFORMING,CONFORMING,CONFORMING,PENDING_BB,DIAGNOSTIC_OK,NOT_APPLICABLE,NOT_APPLICABLE,NOT_APPLICABLE,NO_FAILURE_SO_FAR,PENDING_FINALIZATION,AUTO_FROZEN,0.945765,0.001875
LI_004_R03.png,LI,LI_004,3,7,FEW-SHOT,Linhas,Identificação,CONFORMING,CONFORMING,CONFORMING,CONFORMING,PENDING_BB,DIAGNOSTIC_OK,NOT_APPLICABLE,NOT_APPLICABLE,NOT_APPLICABLE,NO_FAILURE_SO_FAR,PENDING_FINALIZATION,AUTO_FROZEN,0.945765,0.001875
LI_004_R04.png,LI,LI_004,4,7,FEW-SHOT,Linhas,Identificação,CONFORMING,CONFORMING,CONFORMING,CONFORMING,PENDING_BB,DIAGNOSTIC_OK,NOT_APPLICABLE,NOT_APPLICABLE,NOT_APPLICABLE,NO_FAILURE_SO_FAR,PENDING_FINALIZATION,AUTO_FROZEN,0.945765,0.001875
LI_004_R05.png,LI,LI_004,5,7,FEW-SHOT,Linhas,Identificação,CONFORMING,CONFORMING,CONFORMING,CONFORMING,PENDING_BB,DIAGNOSTIC_OK,NOT_APPLICABLE,NOT_APPLICABLE,NOT_APPLICABLE,NO_FAILURE_SO_FAR,PENDING_FINALIZATION,AUTO_FROZEN,0.945765,0.001875
LI_004_R06.png,LI,LI_004,6,7,FEW-SHOT,Linhas,Identificação,CONFORMING,CONFORMING,CONFORMING,CONFORMING,PENDING_BB,DIAGNOSTIC_OK,NOT_APPLICABLE,NOT_APPLICABLE,NOT_APPLICABLE,NO_FAILURE_SO_FAR,PENDING_FINALIZATION,AUTO_FROZEN,0.945765,0.001875
LI_004_R07.png,LI,LI_004,7,7,FEW-SHOT,Linhas,Identificação,CONFORMING,CONFORMING,CONFORMING,CONFORMING,PENDING_BB,DIAGNOSTIC_OK,NOT_APPLICABLE,NOT_APPLICABLE,NOT_APPLICABLE,NO_FAILURE_SO_FAR,PENDING_FINALIZATION,AUTO_FROZEN,0.945765,0.001875
LI_004_R08.png,LI,LI_004,8,7,FEW-SHOT,Linhas,Identificação,CONFORMING,CONFORMING,CONFORMING,CONFORMING,PENDING_BB,DIAGNOSTIC_OK,NOT_APPLICABLE,NOT_APPLICABLE,NOT_APPLICABLE,NO_FAILURE_SO_FAR,PENDING_FINALIZATION,AUTO_FROZEN,0.945765,0.001875
LI_004_R09.png,LI,LI_004,9,7,FEW-SHOT,Linhas,Identificação,CONFORMING,CONFORMING,CONFORMING,CONFORMING,PENDING_BB,DIAGNOSTIC_OK,NOT_APPLICABLE,NOT_APPLICABLE,NOT_APPLICABLE,NO_FAILURE_SO_FAR,PENDING_FINALIZATION,AUTO_FROZEN,0.945765,0.001875
LI_004_R10.png,LI,LI_004,10,7,FEW-SHOT,Linhas,Identificação,CONFORMING,CONFORMING,CONFORMING,CONFORMING,PENDING_BB,DIAGNOSTIC_OK,NOT_APPLICABLE,NOT_APPLICABLE,NOT_APPLICABLE,NO_FAILURE_SO_FAR,PENDING_FINALIZATION,AUTO_FROZEN,0.945765,0.001875
LI_005_R01.png,LI,LI_005,1,8,FEW-SHOT,Linhas,Identificação,CONFORMING,CONFORMING,CONFORMING,CONFORMING,PENDING_BB,DIAGNOSTIC_OK,NOT_APPLICABLE,NOT_APPLICABLE,NOT_APPLICABLE,NO_FAILURE_SO_FAR,PENDING_FINALIZATION,AUTO_FROZEN,0.945523,0.057126
LI_005_R02.png,LI,LI_005,2,8,FEW-SHOT,Linhas,Identificação,CONFORMING,CONFORMING,CONFORMING,CONFORMING,PENDING_BB,DIAGNOSTIC_OK,NOT_APPLICABLE,NOT_APPLICABLE,NOT_APPLICABLE,NO_FAILURE_SO_FAR,PENDING_FINALIZATION,AUTO_FROZEN,0.947795,0.001875
LI_005_R03.png,LI,LI_005,3,8,FEW-SHOT,Linhas,Identificação,CONFORMING,CONFORMING,CONFORMING,CONFORMING,PENDING_BB,DIAGNOSTIC_OK,NOT_APPLICABLE,NOT_APPLICABLE,NOT_APPLICABLE,NO_FAILURE_SO_FAR,PENDING_FINALIZATION,AUTO_FROZEN,0.947795,0.001875
LI_005_R04.png,LI,LI_005,4,8,FEW-SHOT,Linhas,Identificação,CONFORMING,CONFORMING,CONFORMING,CONFORMING,PENDING_BB,DIAGNOSTIC_OK,NOT_APPLICABLE,NOT_APPLICABLE,NOT_APPLICABLE,NO_FAILURE_SO_FAR,PENDING_FINALIZATION,AUTO_FROZEN,0.947795,0.001875
LI_005_R05.png,LI,LI_005,5,8,FEW-SHOT,Linhas,Identificação,CONFORMING,CONFORMING,CONFORMING,CONFORMING,PENDING_BB,DIAGNOSTIC_OK,NOT_APPLICABLE,NOT_APPLICABLE,NOT_APPLICABLE,NO_FAILURE_SO_FAR,PENDING_FINALIZATION,AUTO_FROZEN,0.947795,0.001875
LI_005_R06.png,LI,LI_005,6,8,FEW-SHOT,Linhas,Identificação,CONFORMING,CONFORMING,CONFORMING,CONFORMING,PENDING_BB,DIAGNOSTIC_OK,NOT_APPLICABLE,NOT_APPLICABLE,NOT_APPLICABLE,NO_FAILURE_SO_FAR,PENDING_FINALIZATION,AUTO_FROZEN,0.947795,0.001875
LI_005_R07.png,LI,LI_005,7,8,FEW-SHOT,Linhas,Identificação,CONFORMING,CONFORMING,CONFORMING,CONFORMING,PENDING_BB,DIAGNOSTIC_OK,NOT_APPLICABLE,NOT_APPLICABLE,NOT_APPLICABLE,NO_FAILURE_SO_FAR,PENDING_FINALIZATION,AUTO_FROZEN,0.947795,0.001875
LI_005_R08.png,LI,LI_005,8,8,FEW-SHOT,Linhas,Identificação,CONFORMING,CONFORMING,CONFORMING,CONFORMING,PENDING_BB,DIAGNOSTIC_OK,NOT_APPLICABLE,NOT_APPLICABLE,NOT_APPLICABLE,NO_FAILURE_SO_FAR,PENDING_FINALIZATION,AUTO_FROZEN,0.947795,0.001875
LI_005_R09.png,LI,LI_005,9,8,FEW-SHOT,Linhas,Identificação,CONFORMING,CONFORMING,CONFORMING,CONFORMING,PENDING_BB,DIAGNOSTIC_OK,NOT_APPLICABLE,NOT_APPLICABLE,NOT_APPLICABLE,NO_FAILURE_SO_FAR,PENDING_FINALIZATION,AUTO_FROZEN,0.947795,0.001875
LI_005_R10.png,LI,LI_005,10,8,FEW-SHOT,Linhas,Identificação,CONFORMING,CONFORMING,CONFORMING,CONFORMING,PENDING_BB,DIAGNOSTIC_OK,NOT_APPLICABLE,NOT_APPLICABLE,NOT_APPLICABLE,NO_FAILURE_SO_FAR,PENDING_FINALIZATION,AUTO_FROZEN,0.947795,0.001875
LI_006_R01.png,LI,LI_006,1,9,FEW-SHOT,Linhas,Identificação,CONFORMING,CONFORMING,CONFORMING,CONFORMING,PENDING_BB,DIAGNOSTIC_OK,CONFORMING,CONFORMING,CONFORMING,NO_FAILURE_SO_FAR,PENDING_FINALIZATION,AUTO_FROZEN,0.998318,0.055439
LI_006_R02.png,LI,LI_006,2,9,FEW-SHOT,Linhas,Identificação,CONFORMING,CONFORMING,CONFORMING,CONFORMING,PENDING_BB,DIAGNOSTIC_OK,CONFORMING,CONFORMING,CONFORMING,NO_FAILURE_SO_FAR,PENDING_FINALIZATION,AUTO_FROZEN,0.984645,0.051458
LI_006_R03.png,LI,LI_006,3,9,FEW-SHOT,Linhas,Identificação,CONFORMING,CONFORMING,CONFORMING,CONFORMING,PENDING_BB,DIAGNOSTIC_OK,CONFORMING,CONFORMING,CONFORMING,NO_FAILURE_SO_FAR,PENDING_FINALIZATION,AUTO_FROZEN,0.984645,0.051458
LI_006_R04.png,LI,LI_006,4,9,FEW-SHOT,Linhas,Identificação,CONFORMING,CONFORMING,CONFORMING,CONFORMING,PENDING_BB,DIAGNOSTIC_OK,CONFORMING,CONFORMING,CONFORMING,NO_FAILURE_SO_FAR,PENDING_FINALIZATION,AUTO_FROZEN,0.984645,0.051458
LI_006_R05.png,LI,LI_006,5,9,FEW-SHOT,Linhas,Identificação,CONFORMING,CONFORMING,CONFORMING,CONFORMING,PENDING_BB,DIAGNOSTIC_OK,CONFORMING,CONFORMING,CONFORMING,NO_FAILURE_SO_FAR,PENDING_FINALIZATION,AUTO_FROZEN,0.984645,0.051458
LI_006_R06.png,LI,LI_006,6,9,FEW-SHOT,Linhas,Identificação,CONFORMING,CONFORMING,CONFORMING,CONFORMING,PENDING_BB,DIAGNOSTIC_OK,CONFORMING,CONFORMING,CONFORMING,NO_FAILURE_SO_FAR,PENDING_FINALIZATION,AUTO_FROZEN,0.984645,0.051458
LI_006_R07.png,LI,LI_006,7,9,FEW-SHOT,Linhas,Identificação,CONFORMING,CONFORMING,CONFORMING,CONFORMING,PENDING_BB,DIAGNOSTIC_OK,CONFORMING,CONFORMING,CONFORMING,NO_FAILURE_SO_FAR,PENDING_FINALIZATION,AUTO_FROZEN,0.984645,0.051458
LI_006_R08.png,LI,LI_006,8,9,FEW-SHOT,Linhas,Identificação,CONFORMING,CONFORMING,CONFORMING,CONFORMING,PENDING_BB,DIAGNOSTIC_OK,CONFORMING,CONFORMING,CONFORMING,NO_FAILURE_SO_FAR,PENDING_FINALIZATION,AUTO_FROZEN,0.984645,0.051458
LI_006_R09.png,LI,LI_006,9,9,FEW-SHOT,Linhas,Identificação,CONFORMING,CONFORMING,CONFORMING,CONFORMING,PENDING_BB,DIAGNOSTIC_OK,CONFORMING,CONFORMING,CONFORMING,NO_FAILURE_SO_FAR,PENDING_FINALIZATION,AUTO_FROZEN,0.984645,0.051458
LI_006_R10.png,LI,LI_006,10,9,FEW-SHOT,Linhas,Identificação,CONFORMING,CONFORMING,CONFORMING,CONFORMING,PENDING_BB,DIAGNOSTIC_OK,CONFORMING,CONFORMING,CONFORMING,NO_FAILURE_SO_FAR,PENDING_FINALIZATION,AUTO_FROZEN,0.984645,0.051458
LI_007_R01.png,LI,LI_007,1,10,FEW-SHOT,Linhas,Identificação,CONFORMING,CONFORMING,CONFORMING,CONFORMING,PENDING_BB,DIAGNOSTIC_OK,CONFORMING,CONFORMING,NOT_APPLICABLE,NO_FAILURE_SO_FAR,PENDING_FINALIZATION,AUTO_FROZEN,0.972434,0.053546
LI_007_R02.png,LI,LI_007,2,10,FEW-SHOT,Linhas,Identificação,CONFORMING,CONFORMING,CONFORMING,CONFORMING,PENDING_BB,DIAGNOSTIC_OK,CONFORMING,CONFORMING,NOT_APPLICABLE,NO_FAILURE_SO_FAR,PENDING_FINALIZATION,AUTO_FROZEN,0.992326,0.051771
LI_007_R03.png,LI,LI_007,3,10,FEW-SHOT,Linhas,Identificação,CONFORMING,CONFORMING,CONFORMING,CONFORMING,PENDING_BB,DIAGNOSTIC_OK,CONFORMING,CONFORMING,NOT_APPLICABLE,NO_FAILURE_SO_FAR,PENDING_FINALIZATION,AUTO_FROZEN,0.992326,0.051771
LI_007_R04.png,LI,LI_007,4,10,FEW-SHOT,Linhas,Identificação,CONFORMING,CONFORMING,CONFORMING,CONFORMING,PENDING_BB,DIAGNOSTIC_OK,CONFORMING,CONFORMING,NOT_APPLICABLE,NO_FAILURE_SO_FAR,PENDING_FINALIZATION,AUTO_FROZEN,0.992326,0.051771
LI_007_R05.png,LI,LI_007,5,10,FEW-SHOT,Linhas,Identificação,CONFORMING,CONFORMING,CONFORMING,CONFORMING,PENDING_BB,DIAGNOSTIC_OK,CONFORMING,CONFORMING,NOT_APPLICABLE,NO_FAILURE_SO_FAR,PENDING_FINALIZATION,AUTO_FROZEN,0.992326,0.051771
LI_007_R06.png,LI,LI_007,6,10,FEW-SHOT,Linhas,Identificação,CONFORMING,CONFORMING,CONFORMING,CONFORMING,PENDING_BB,DIAGNOSTIC_OK,CONFORMING,CONFORMING,NOT_APPLICABLE,NO_FAILURE_SO_FAR,PENDING_FINALIZATION,AUTO_FROZEN,0.992326,0.051771
LI_007_R07.png,LI,LI_007,7,10,FEW-SHOT,Linhas,Identificação,CONFORMING,CONFORMING,CONFORMING,CONFORMING,PENDING_BB,DIAGNOSTIC_OK,CONFORMING,CONFORMING,NOT_APPLICABLE,NO_FAILURE_SO_FAR,PENDING_FINALIZATION,AUTO_FROZEN,0.992326,0.051771
LI_007_R08.png,LI,LI_007,8,10,FEW-SHOT,Linhas,Identificação,CONFORMING,CONFORMING,CONFORMING,CONFORMING,PENDING_BB,DIAGNOSTIC_OK,CONFORMING,CONFORMING,NOT_APPLICABLE,NO_FAILURE_SO_FAR,PENDING_FINALIZATION,AUTO_FROZEN,0.992326,0.051771
LI_007_R09.png,LI,LI_007,9,10,FEW-SHOT,Linhas,Identificação,CONFORMING,CONFORMING,CONFORMING,CONFORMING,PENDING_BB,DIAGNOSTIC_OK,CONFORMING,CONFORMING,NOT_APPLICABLE,NO_FAILURE_SO_FAR,PENDING_FINALIZATION,AUTO_FROZEN,0.992326,0.051771
LI_007_R10.png,LI,LI_007,10,10,FEW-SHOT,Linhas,Identificação,CONFORMING,CONFORMING,CONFORMING,CONFORMING,PENDING_BB,DIAGNOSTIC_OK,CONFORMING,CONFORMING,NOT_APPLICABLE,NO_FAILURE_SO_FAR,PENDING_FINALIZATION,AUTO_FROZEN,0.992326,0.051771
LI_008_R01.png,LI,LI_008,1,11,FEW-SHOT,Linhas,Identificação,CONFORMING,CONFORMING,CONFORMING,CONFORMING,PENDING_BB,DIAGNOSTIC_OK,NOT_APPLICABLE,NOT_APPLICABLE,NOT_APPLICABLE,NO_FAILURE_SO_FAR,PENDING_FINALIZATION,AUTO_FROZEN,0.945765,0.001875
LI_008_R02.png,LI,LI_008,2,11,FEW-SHOT,Linhas,Identificação,CONFORMING,CONFORMING,CONFORMING,PENDING_FINAL_ADJUDICATION,PENDING_BB,DIAGNOSTIC_OK,NOT_APPLICABLE,NOT_APPLICABLE,NOT_APPLICABLE,PENDING_FINAL_ADJUDICATION,PENDING_FINALIZATION,REVIEW_REQUIRED,0.856044,0.02851
LI_008_R03.png,LI,LI_008,3,11,FEW-SHOT,Linhas,Identificação,NONCONFORMING,CONFORMING,UNEVALUABLE,CONFORMING,PENDING_BB,DIAGNOSTIC_OK,NOT_APPLICABLE,NOT_APPLICABLE,NOT_APPLICABLE,NONCONFORMING,NONCONFORMING,AUTO_FROZEN,0.996235,0.055417
LI_008_R04.png,LI,LI_008,4,11,FEW-SHOT,Linhas,Identificação,CONFORMING,CONFORMING,CONFORMING,CONFORMING,PENDING_BB,DIAGNOSTIC_OK,NOT_APPLICABLE,NOT_APPLICABLE,NOT_APPLICABLE,NO_FAILURE_SO_FAR,PENDING_FINALIZATION,AUTO_FROZEN,0.945765,0.001875
LI_008_R05.png,LI,LI_008,5,11,FEW-SHOT,Linhas,Identificação,CONFORMING,CONFORMING,CONFORMING,CONFORMING,PENDING_BB,DIAGNOSTIC_OK,NOT_APPLICABLE,NOT_APPLICABLE,NOT_APPLICABLE,NO_FAILURE_SO_FAR,PENDING_FINALIZATION,AUTO_FROZEN,0.945765,0.001875
LI_008_R06.png,LI,LI_008,6,11,FEW-SHOT,Linhas,Identificação,CONFORMING,CONFORMING,CONFORMING,CONFORMING,PENDING_BB,DIAGNOSTIC_OK,NOT_APPLICABLE,NOT_APPLICABLE,NOT_APPLICABLE,NO_FAILURE_SO_FAR,PENDING_FINALIZATION,AUTO_FROZEN,0.945765,0.001875
LI_008_R07.png,LI,LI_008,7,11,FEW-SHOT,Linhas,Identificação,CONFORMING,CONFORMING,CONFORMING,CONFORMING,PENDING_BB,DIAGNOSTIC_OK,NOT_APPLICABLE,NOT_APPLICABLE,NOT_APPLICABLE,NO_FAILURE_SO_FAR,PENDING_FINALIZATION,AUTO_FROZEN,0.945765,0.001875
LI_008_R08.png,LI,LI_008,8,11,FEW-SHOT,Linhas,Identificação,CONFORMING,CONFORMING,CONFORMING,CONFORMING,PENDING_BB,DIAGNOSTIC_OK,NOT_APPLICABLE,NOT_APPLICABLE,NOT_APPLICABLE,NO_FAILURE_SO_FAR,PENDING_FINALIZATION,AUTO_FROZEN,0.945765,0.001875
LI_008_R09.png,LI,LI_008,9,11,FEW-SHOT,Linhas,Identificação,CONFORMING,CONFORMING,CONFORMING,CONFORMING,PENDING_BB,DIAGNOSTIC_OK,NOT_APPLICABLE,NOT_APPLICABLE,NOT_APPLICABLE,NO_FAILURE_SO_FAR,PENDING_FINALIZATION,AUTO_FROZEN,0.945765,0.001875
LI_008_R10.png,LI,LI_008,10,11,FEW-SHOT,Linhas,Identificação,CONFORMING,CONFORMING,CONFORMING,PENDING_FINAL_ADJUDICATION,PENDING_BB,DIAGNOSTIC_OK,NOT_APPLICABLE,NOT_APPLICABLE,NOT_APPLICABLE,PENDING_FINAL_ADJUDICATION,PENDING_FINALIZATION,REVIEW_REQUIRED,0.856044,0.02851
LI_009_R01.png,LI,LI_009,1,12,FEW-SHOT,Linhas,Identificação,CONFORMING,CONFORMING,CONFORMING,CONFORMING,PENDING_BB,DIAGNOSTIC_OK,NOT_APPLICABLE,NOT_APPLICABLE,NOT_APPLICABLE,NO_FAILURE_SO_FAR,PENDING_FINALIZATION,AUTO_FROZEN,0.947795,0.001875
LI_009_R02.png,LI,LI_009,2,12,FEW-SHOT,Linhas,Identificação,CONFORMING,CONFORMING,CONFORMING,CONFORMING,PENDING_BB,DIAGNOSTIC_OK,NOT_APPLICABLE,NOT_APPLICABLE,NOT_APPLICABLE,NO_FAILURE_SO_FAR,PENDING_FINALIZATION,AUTO_FROZEN,0.945765,0.001875
LI_009_R03.png,LI,LI_009,3,12,FEW-SHOT,Linhas,Identificação,CONFORMING,CONFORMING,CONFORMING,CONFORMING,PENDING_BB,DIAGNOSTIC_OK,NOT_APPLICABLE,NOT_APPLICABLE,NOT_APPLICABLE,NO_FAILURE_SO_FAR,PENDING_FINALIZATION,AUTO_FROZEN,0.945765,0.001875
LI_009_R04.png,LI,LI_009,4,12,FEW-SHOT,Linhas,Identificação,CONFORMING,CONFORMING,CONFORMING,CONFORMING,PENDING_BB,DIAGNOSTIC_OK,NOT_APPLICABLE,NOT_APPLICABLE,NOT_APPLICABLE,NO_FAILURE_SO_FAR,PENDING_FINALIZATION,AUTO_FROZEN,0.945765,0.001875
LI_009_R05.png,LI,LI_009,5,12,FEW-SHOT,Linhas,Identificação,CONFORMING,CONFORMING,CONFORMING,CONFORMING,PENDING_BB,DIAGNOSTIC_OK,NOT_APPLICABLE,NOT_APPLICABLE,NOT_APPLICABLE,NO_FAILURE_SO_FAR,PENDING_FINALIZATION,AUTO_FROZEN,0.945765,0.001875
LI_009_R06.png,LI,LI_009,6,12,FEW-SHOT,Linhas,Identificação,CONFORMING,CONFORMING,CONFORMING,CONFORMING,PENDING_BB,DIAGNOSTIC_OK,NOT_APPLICABLE,NOT_APPLICABLE,NOT_APPLICABLE,NO_FAILURE_SO_FAR,PENDING_FINALIZATION,AUTO_FROZEN,0.945765,0.001875
LI_009_R07.png,LI,LI_009,7,12,FEW-SHOT,Linhas,Identificação,CONFORMING,CONFORMING,CONFORMING,CONFORMING,PENDING_BB,DIAGNOSTIC_OK,NOT_APPLICABLE,NOT_APPLICABLE,NOT_APPLICABLE,NO_FAILURE_SO_FAR,PENDING_FINALIZATION,AUTO_FROZEN,0.945765,0.001875
LI_009_R08.png,LI,LI_009,8,12,FEW-SHOT,Linhas,Identificação,CONFORMING,CONFORMING,CONFORMING,CONFORMING,PENDING_BB,DIAGNOSTIC_OK,NOT_APPLICABLE,NOT_APPLICABLE,NOT_APPLICABLE,NO_FAILURE_SO_FAR,PENDING_FINALIZATION,AUTO_FROZEN,0.945765,0.001875
LI_009_R09.png,LI,LI_009,9,12,FEW-SHOT,Linhas,Identificação,CONFORMING,CONFORMING,CONFORMING,CONFORMING,PENDING_BB,DIAGNOSTIC_OK,NOT_APPLICABLE,NOT_APPLICABLE,NOT_APPLICABLE,NO_FAILURE_SO_FAR,PENDING_FINALIZATION,AUTO_FROZEN,0.945765,0.001875
LI_009_R10.png,LI,LI_009,10,12,FEW-SHOT,Linhas,Identificação,CONFORMING,CONFORMING,CONFORMING,CONFORMING,PENDING_BB,DIAGNOSTIC_OK,NOT_APPLICABLE,NOT_APPLICABLE,NOT_APPLICABLE,NO_FAILURE_SO_FAR,PENDING_FINALIZATION,AUTO_FROZEN,0.945765,0.001875
LI_010_R01.png,LI,LI_010,1,13,FEW-SHOT,Linhas,Identificação,CONFORMING,CONFORMING,CONFORMING,CONFORMING,PENDING_BB,DIAGNOSTIC_OK,CONFORMING,CONFORMING,CONFORMING,NO_FAILURE_SO_FAR,PENDING_FINALIZATION,AUTO_FROZEN,0.959327,0.001875
LI_010_R02.png,LI,LI_010,2,13,FEW-SHOT,Linhas,Identificação,CONFORMING,CONFORMING,CONFORMING,CONFORMING,PENDING_BB,DIAGNOSTIC_OK,CONFORMING,CONFORMING,CONFORMING,NO_FAILURE_SO_FAR,PENDING_FINALIZATION,AUTO_FROZEN,0.953778,0.001875
LI_010_R03.png,LI,LI_010,3,13,FEW-SHOT,Linhas,Identificação,CONFORMING,CONFORMING,CONFORMING,CONFORMING,PENDING_BB,DIAGNOSTIC_OK,CONFORMING,CONFORMING,CONFORMING,NO_FAILURE_SO_FAR,PENDING_FINALIZATION,AUTO_FROZEN,0.953778,0.001875
LI_010_R04.png,LI,LI_010,4,13,FEW-SHOT,Linhas,Identificação,CONFORMING,CONFORMING,CONFORMING,CONFORMING,PENDING_BB,DIAGNOSTIC_OK,CONFORMING,CONFORMING,CONFORMING,NO_FAILURE_SO_FAR,PENDING_FINALIZATION,AUTO_FROZEN,0.953778,0.001875
LI_010_R05.png,LI,LI_010,5,13,FEW-SHOT,Linhas,Identificação,CONFORMING,CONFORMING,CONFORMING,CONFORMING,PENDING_BB,DIAGNOSTIC_OK,CONFORMING,CONFORMING,CONFORMING,NO_FAILURE_SO_FAR,PENDING_FINALIZATION,AUTO_FROZEN,0.953778,0.001875
LI_010_R06.png,LI,LI_010,6,13,FEW-SHOT,Linhas,Identificação,CONFORMING,CONFORMING,CONFORMING,CONFORMING,PENDING_BB,DIAGNOSTIC_OK,CONFORMING,CONFORMING,CONFORMING,NO_FAILURE_SO_FAR,PENDING_FINALIZATION,AUTO_FROZEN,0.953778,0.001875
LI_010_R07.png,LI,LI_010,7,13,FEW-SHOT,Linhas,Identificação,CONFORMING,CONFORMING,CONFORMING,CONFORMING,PENDING_BB,DIAGNOSTIC_OK,CONFORMING,CONFORMING,CONFORMING,NO_FAILURE_SO_FAR,PENDING_FINALIZATION,AUTO_FROZEN,0.953778,0.001875
LI_010_R08.png,LI,LI_010,8,13,FEW-SHOT,Linhas,Identificação,CONFORMING,CONFORMING,CONFORMING,CONFORMING,PENDING_BB,DIAGNOSTIC_OK,CONFORMING,CONFORMING,CONFORMING,NO_FAILURE_SO_FAR,PENDING_FINALIZATION,AUTO_FROZEN,0.953778,0.001875
LI_010_R09.png,LI,LI_010,9,13,FEW-SHOT,Linhas,Identificação,CONFORMING,CONFORMING,CONFORMING,CONFORMING,PENDING_BB,DIAGNOSTIC_OK,CONFORMING,CONFORMING,CONFORMING,NO_FAILURE_SO_FAR,PENDING_FINALIZATION,AUTO_FROZEN,0.953778,0.001875
LI_010_R10.png,LI,LI_010,10,13,FEW-SHOT,Linhas,Identificação,CONFORMING,CONFORMING,CONFORMING,CONFORMING,PENDING_BB,DIAGNOSTIC_OK,CONFORMING,CONFORMING,CONFORMING,NO_FAILURE_SO_FAR,PENDING_FINALIZATION,AUTO_FROZEN,0.953778,0.001875
LI_011_R01.png,LI,LI_011,1,14,FEW-SHOT,Linhas,Identificação,CONFORMING,CONFORMING,CONFORMING,CONFORMING,PENDING_BB,DIAGNOSTIC_OK,CONFORMING,CONFORMING,NOT_APPLICABLE,NO_FAILURE_SO_FAR,PENDING_FINALIZATION,AUTO_FROZEN,0.943917,0.053799
LI_011_R02.png,LI,LI_011,2,14,FEW-SHOT,Linhas,Identificação,CONFORMING,CONFORMING,CONFORMING,CONFORMING,PENDING_BB,DIAGNOSTIC_OK,CONFORMING,CONFORMING,NOT_APPLICABLE,NO_FAILURE_SO_FAR,PENDING_FINALIZATION,AUTO_FROZEN,0.981793,0.032626
LI_011_R03.png,LI,LI_011,3,14,FEW-SHOT,Linhas,Identificação,CONFORMING,CONFORMING,CONFORMING,CONFORMING,PENDING_BB,DIAGNOSTIC_OK,CONFORMING,CONFORMING,NOT_APPLICABLE,NO_FAILURE_SO_FAR,PENDING_FINALIZATION,AUTO_FROZEN,0.981793,0.032626
LI_011_R04.png,LI,LI_011,4,14,FEW-SHOT,Linhas,Identificação,CONFORMING,CONFORMING,CONFORMING,CONFORMING,PENDING_BB,DIAGNOSTIC_OK,CONFORMING,CONFORMING,NOT_APPLICABLE,NO_FAILURE_SO_FAR,PENDING_FINALIZATION,AUTO_FROZEN,0.981793,0.032626
LI_011_R05.png,LI,LI_011,5,14,FEW-SHOT,Linhas,Identificação,CONFORMING,CONFORMING,CONFORMING,CONFORMING,PENDING_BB,DIAGNOSTIC_OK,CONFORMING,CONFORMING,NOT_APPLICABLE,NO_FAILURE_SO_FAR,PENDING_FINALIZATION,AUTO_FROZEN,0.981793,0.032626
LI_011_R06.png,LI,LI_011,6,14,FEW-SHOT,Linhas,Identificação,CONFORMING,CONFORMING,CONFORMING,CONFORMING,PENDING_BB,DIAGNOSTIC_OK,CONFORMING,CONFORMING,NOT_APPLICABLE,NO_FAILURE_SO_FAR,PENDING_FINALIZATION,AUTO_FROZEN,0.981793,0.032626
LI_011_R07.png,LI,LI_011,7,14,FEW-SHOT,Linhas,Identificação,CONFORMING,CONFORMING,CONFORMING,CONFORMING,PENDING_BB,DIAGNOSTIC_OK,CONFORMING,CONFORMING,NOT_APPLICABLE,NO_FAILURE_SO_FAR,PENDING_FINALIZATION,AUTO_FROZEN,0.981793,0.032626
LI_011_R08.png,LI,LI_011,8,14,FEW-SHOT,Linhas,Identificação,CONFORMING,CONFORMING,CONFORMING,CONFORMING,PENDING_BB,DIAGNOSTIC_OK,CONFORMING,CONFORMING,NOT_APPLICABLE,NO_FAILURE_SO_FAR,PENDING_FINALIZATION,AUTO_FROZEN,0.981793,0.032626
LI_011_R09.png,LI,LI_011,9,14,FEW-SHOT,Linhas,Identificação,CONFORMING,CONFORMING,CONFORMING,CONFORMING,PENDING_BB,DIAGNOSTIC_OK,CONFORMING,CONFORMING,NOT_APPLICABLE,NO_FAILURE_SO_FAR,PENDING_FINALIZATION,AUTO_FROZEN,0.981793,0.032626
LI_011_R10.png,LI,LI_011,10,14,FEW-SHOT,Linhas,Identificação,CONFORMING,CONFORMING,CONFORMING,CONFORMING,PENDING_BB,DIAGNOSTIC_OK,CONFORMING,CONFORMING,NOT_APPLICABLE,NO_FAILURE_SO_FAR,PENDING_FINALIZATION,AUTO_FROZEN,0.981793,0.032626
LI_012_R01.png,LI,LI_012,1,15,FEW-SHOT,Linhas,Identificação,CONFORMING,CONFORMING,CONFORMING,CONFORMING,PENDING_BB,DIAGNOSTIC_OK,NOT_APPLICABLE,NOT_APPLICABLE,NOT_APPLICABLE,NO_FAILURE_SO_FAR,PENDING_FINALIZATION,AUTO_FROZEN,0.935955,0.050221
LI_012_R02.png,LI,LI_012,2,15,FEW-SHOT,Linhas,Identificação,CONFORMING,CONFORMING,CONFORMING,CONFORMING,PENDING_BB,DIAGNOSTIC_OK,NOT_APPLICABLE,NOT_APPLICABLE,NOT_APPLICABLE,NO_FAILURE_SO_FAR,PENDING_FINALIZATION,AUTO_FROZEN,0.982115,0.051771
LI_012_R03.png,LI,LI_012,3,15,FEW-SHOT,Linhas,Identificação,CONFORMING,CONFORMING,CONFORMING,CONFORMING,PENDING_BB,DIAGNOSTIC_OK,NOT_APPLICABLE,NOT_APPLICABLE,NOT_APPLICABLE,NO_FAILURE_SO_FAR,PENDING_FINALIZATION,AUTO_FROZEN,0.982115,0.051771
LI_012_R04.png,LI,LI_012,4,15,FEW-SHOT,Linhas,Identificação,CONFORMING,CONFORMING,CONFORMING,CONFORMING,PENDING_BB,DIAGNOSTIC_OK,NOT_APPLICABLE,NOT_APPLICABLE,NOT_APPLICABLE,NO_FAILURE_SO_FAR,PENDING_FINALIZATION,AUTO_FROZEN,0.982115,0.051771
LI_012_R05.png,LI,LI_012,5,15,FEW-SHOT,Linhas,Identificação,CONFORMING,CONFORMING,CONFORMING,CONFORMING,PENDING_BB,DIAGNOSTIC_OK,NOT_APPLICABLE,NOT_APPLICABLE,NOT_APPLICABLE,NO_FAILURE_SO_FAR,PENDING_FINALIZATION,AUTO_FROZEN,0.982115,0.051771
LI_012_R06.png,LI,LI_012,6,15,FEW-SHOT,Linhas,Identificação,CONFORMING,CONFORMING,CONFORMING,CONFORMING,PENDING_BB,DIAGNOSTIC_OK,NOT_APPLICABLE,NOT_APPLICABLE,NOT_APPLICABLE,NO_FAILURE_SO_FAR,PENDING_FINALIZATION,AUTO_FROZEN,0.982115,0.051771
LI_012_R07.png,LI,LI_012,7,15,FEW-SHOT,Linhas,Identificação,CONFORMING,CONFORMING,CONFORMING,CONFORMING,PENDING_BB,DIAGNOSTIC_OK,NOT_APPLICABLE,NOT_APPLICABLE,NOT_APPLICABLE,NO_FAILURE_SO_FAR,PENDING_FINALIZATION,AUTO_FROZEN,0.982115,0.051771
LI_012_R08.png,LI,LI_012,8,15,FEW-SHOT,Linhas,Identificação,CONFORMING,CONFORMING,CONFORMING,CONFORMING,PENDING_BB,DIAGNOSTIC_OK,NOT_APPLICABLE,NOT_APPLICABLE,NOT_APPLICABLE,NO_FAILURE_SO_FAR,PENDING_FINALIZATION,AUTO_FROZEN,0.982115,0.051771
LI_012_R09.png,LI,LI_012,9,15,FEW-SHOT,Linhas,Identificação,CONFORMING,CONFORMING,CONFORMING,CONFORMING,PENDING_BB,DIAGNOSTIC_OK,NOT_APPLICABLE,NOT_APPLICABLE,NOT_APPLICABLE,NO_FAILURE_SO_FAR,PENDING_FINALIZATION,AUTO_FROZEN,0.982115,0.051771
LI_012_R10.png,LI,LI_012,10,15,FEW-SHOT,Linhas,Identificação,CONFORMING,CONFORMING,CONFORMING,CONFORMING,PENDING_BB,DIAGNOSTIC_OK,NOT_APPLICABLE,NOT_APPLICABLE,NOT_APPLICABLE,NO_FAILURE_SO_FAR,PENDING_FINALIZATION,AUTO_FROZEN,0.982115,0.051771
LI_013_R01.png,LI,LI_013,1,16,FEW-SHOT,Linhas,Identificação,CONFORMING,CONFORMING,CONFORMING,CONFORMING,PENDING_BB,DIAGNOSTIC_OK,NOT_APPLICABLE,NOT_APPLICABLE,NOT_APPLICABLE,NO_FAILURE_SO_FAR,PENDING_FINALIZATION,AUTO_FROZEN,0.969575,0.052706
LI_013_R02.png,LI,LI_013,2,16,FEW-SHOT,Linhas,Identificação,CONFORMING,CONFORMING,CONFORMING,CONFORMING,PENDING_BB,DIAGNOSTIC_OK,NOT_APPLICABLE,NOT_APPLICABLE,NOT_APPLICABLE,NO_FAILURE_SO_FAR,PENDING_FINALIZATION,AUTO_FROZEN,0.982106,0.033646
LI_013_R03.png,LI,LI_013,3,16,FEW-SHOT,Linhas,Identificação,CONFORMING,CONFORMING,CONFORMING,CONFORMING,PENDING_BB,DIAGNOSTIC_OK,NOT_APPLICABLE,NOT_APPLICABLE,NOT_APPLICABLE,NO_FAILURE_SO_FAR,PENDING_FINALIZATION,AUTO_FROZEN,0.982106,0.033646
LI_013_R04.png,LI,LI_013,4,16,FEW-SHOT,Linhas,Identificação,CONFORMING,CONFORMING,CONFORMING,CONFORMING,PENDING_BB,DIAGNOSTIC_OK,NOT_APPLICABLE,NOT_APPLICABLE,NOT_APPLICABLE,NO_FAILURE_SO_FAR,PENDING_FINALIZATION,AUTO_FROZEN,0.982106,0.033646
LI_013_R05.png,LI,LI_013,5,16,FEW-SHOT,Linhas,Identificação,CONFORMING,CONFORMING,CONFORMING,CONFORMING,PENDING_BB,DIAGNOSTIC_OK,NOT_APPLICABLE,NOT_APPLICABLE,NOT_APPLICABLE,NO_FAILURE_SO_FAR,PENDING_FINALIZATION,AUTO_FROZEN,0.982106,0.033646
LI_013_R06.png,LI,LI_013,6,16,FEW-SHOT,Linhas,Identificação,CONFORMING,CONFORMING,CONFORMING,CONFORMING,PENDING_BB,DIAGNOSTIC_OK,NOT_APPLICABLE,NOT_APPLICABLE,NOT_APPLICABLE,NO_FAILURE_SO_FAR,PENDING_FINALIZATION,AUTO_FROZEN,0.982106,0.033646
LI_013_R07.png,LI,LI_013,7,16,FEW-SHOT,Linhas,Identificação,CONFORMING,CONFORMING,CONFORMING,CONFORMING,PENDING_BB,DIAGNOSTIC_OK,NOT_APPLICABLE,NOT_APPLICABLE,NOT_APPLICABLE,NO_FAILURE_SO_FAR,PENDING_FINALIZATION,AUTO_FROZEN,0.982106,0.033646
LI_013_R08.png,LI,LI_013,8,16,FEW-SHOT,Linhas,Identificação,CONFORMING,CONFORMING,CONFORMING,CONFORMING,PENDING_BB,DIAGNOSTIC_OK,NOT_APPLICABLE,NOT_APPLICABLE,NOT_APPLICABLE,NO_FAILURE_SO_FAR,PENDING_FINALIZATION,AUTO_FROZEN,0.982106,0.033646
LI_013_R09.png,LI,LI_013,9,16,FEW-SHOT,Linhas,Identificação,CONFORMING,CONFORMING,CONFORMING,CONFORMING,PENDING_BB,DIAGNOSTIC_OK,NOT_APPLICABLE,NOT_APPLICABLE,NOT_APPLICABLE,NO_FAILURE_SO_FAR,PENDING_FINALIZATION,AUTO_FROZEN,0.982106,0.033646
LI_013_R10.png,LI,LI_013,10,16,FEW-SHOT,Linhas,Identificação,CONFORMING,CONFORMING,CONFORMING,CONFORMING,PENDING_BB,DIAGNOSTIC_OK,NOT_APPLICABLE,NOT_APPLICABLE,NOT_APPLICABLE,NO_FAILURE_SO_FAR,PENDING_FINALIZATION,AUTO_FROZEN,0.982106,0.033646
LI_014_R01.png,LI,LI_014,1,1,HIBRIDO,Linhas,Identificação,CONFORMING,CONFORMING,CONFORMING,CONFORMING,PENDING_BB,DIAGNOSTIC_OK,CONFORMING,CONFORMING,NOT_APPLICABLE,NO_FAILURE_SO_FAR,PENDING_FINALIZATION,AUTO_FROZEN,0.970268,0.001875
LI_014_R02.png,LI,LI_014,2,1,HIBRIDO,Linhas,Identificação,CONFORMING,CONFORMING,CONFORMING,CONFORMING,PENDING_BB,DIAGNOSTIC_OK,CONFORMING,CONFORMING,NOT_APPLICABLE,NO_FAILURE_SO_FAR,PENDING_FINALIZATION,AUTO_FROZEN,0.953131,0.050221
LI_014_R03.png,LI,LI_014,3,1,HIBRIDO,Linhas,Identificação,CONFORMING,CONFORMING,CONFORMING,CONFORMING,PENDING_BB,DIAGNOSTIC_OK,CONFORMING,CONFORMING,NOT_APPLICABLE,NO_FAILURE_SO_FAR,PENDING_FINALIZATION,AUTO_FROZEN,0.953131,0.050221
LI_014_R04.png,LI,LI_014,4,1,HIBRIDO,Linhas,Identificação,CONFORMING,CONFORMING,CONFORMING,CONFORMING,PENDING_BB,DIAGNOSTIC_OK,CONFORMING,CONFORMING,NOT_APPLICABLE,NO_FAILURE_SO_FAR,PENDING_FINALIZATION,AUTO_FROZEN,0.953131,0.050221
LI_014_R05.png,LI,LI_014,5,1,HIBRIDO,Linhas,Identificação,CONFORMING,CONFORMING,CONFORMING,CONFORMING,PENDING_BB,DIAGNOSTIC_OK,CONFORMING,CONFORMING,NOT_APPLICABLE,NO_FAILURE_SO_FAR,PENDING_FINALIZATION,AUTO_FROZEN,0.953131,0.050221
LI_014_R06.png,LI,LI_014,6,1,HIBRIDO,Linhas,Identificação,CONFORMING,CONFORMING,CONFORMING,CONFORMING,PENDING_BB,DIAGNOSTIC_OK,CONFORMING,CONFORMING,NOT_APPLICABLE,NO_FAILURE_SO_FAR,PENDING_FINALIZATION,AUTO_FROZEN,0.953131,0.050221
LI_014_R07.png,LI,LI_014,7,1,HIBRIDO,Linhas,Identificação,CONFORMING,CONFORMING,CONFORMING,CONFORMING,PENDING_BB,DIAGNOSTIC_OK,CONFORMING,CONFORMING,NOT_APPLICABLE,NO_FAILURE_SO_FAR,PENDING_FINALIZATION,AUTO_FROZEN,0.953131,0.050221
LI_014_R08.png,LI,LI_014,8,1,HIBRIDO,Linhas,Identificação,CONFORMING,CONFORMING,CONFORMING,CONFORMING,PENDING_BB,DIAGNOSTIC_OK,CONFORMING,CONFORMING,NOT_APPLICABLE,NO_FAILURE_SO_FAR,PENDING_FINALIZATION,AUTO_FROZEN,0.953131,0.050221
LI_014_R09.png,LI,LI_014,9,1,HIBRIDO,Linhas,Identificação,CONFORMING,CONFORMING,CONFORMING,CONFORMING,PENDING_BB,DIAGNOSTIC_OK,CONFORMING,CONFORMING,NOT_APPLICABLE,NO_FAILURE_SO_FAR,PENDING_FINALIZATION,AUTO_FROZEN,0.953131,0.050221
LI_014_R10.png,LI,LI_014,10,1,HIBRIDO,Linhas,Identificação,CONFORMING,CONFORMING,CONFORMING,CONFORMING,PENDING_BB,DIAGNOSTIC_OK,CONFORMING,CONFORMING,NOT_APPLICABLE,NO_FAILURE_SO_FAR,PENDING_FINALIZATION,AUTO_FROZEN,0.953131,0.050221
LI_015_R01.png,LI,LI_015,1,4,HIBRIDO,Linhas,Identificação,CONFORMING,CONFORMING,CONFORMING,CONFORMING,PENDING_BB,DIAGNOSTIC_OK,CONFORMING,CONFORMING,NOT_APPLICABLE,NO_FAILURE_SO_FAR,PENDING_FINALIZATION,AUTO_FROZEN,0.936221,0.053546
LI_015_R02.png,LI,LI_015,2,4,HIBRIDO,Linhas,Identificação,CONFORMING,CONFORMING,CONFORMING,CONFORMING,PENDING_BB,DIAGNOSTIC_OK,CONFORMING,CONFORMING,NOT_APPLICABLE,NO_FAILURE_SO_FAR,PENDING_FINALIZATION,AUTO_FROZEN,0.937911,0.054479
LI_015_R03.png,LI,LI_015,3,4,HIBRIDO,Linhas,Identificação,CONFORMING,CONFORMING,CONFORMING,CONFORMING,PENDING_BB,DIAGNOSTIC_OK,CONFORMING,CONFORMING,NOT_APPLICABLE,NO_FAILURE_SO_FAR,PENDING_FINALIZATION,AUTO_FROZEN,0.937911,0.054479
LI_015_R04.png,LI,LI_015,4,4,HIBRIDO,Linhas,Identificação,CONFORMING,CONFORMING,CONFORMING,CONFORMING,PENDING_BB,DIAGNOSTIC_OK,CONFORMING,CONFORMING,NOT_APPLICABLE,NO_FAILURE_SO_FAR,PENDING_FINALIZATION,AUTO_FROZEN,0.937911,0.054479
LI_015_R05.png,LI,LI_015,5,4,HIBRIDO,Linhas,Identificação,CONFORMING,CONFORMING,CONFORMING,CONFORMING,PENDING_BB,DIAGNOSTIC_OK,CONFORMING,CONFORMING,NOT_APPLICABLE,NO_FAILURE_SO_FAR,PENDING_FINALIZATION,AUTO_FROZEN,0.937911,0.054479
LI_015_R06.png,LI,LI_015,6,4,HIBRIDO,Linhas,Identificação,CONFORMING,CONFORMING,CONFORMING,CONFORMING,PENDING_BB,DIAGNOSTIC_OK,CONFORMING,CONFORMING,NOT_APPLICABLE,NO_FAILURE_SO_FAR,PENDING_FINALIZATION,AUTO_FROZEN,0.937911,0.054479
LI_015_R07.png,LI,LI_015,7,4,HIBRIDO,Linhas,Identificação,CONFORMING,CONFORMING,CONFORMING,CONFORMING,PENDING_BB,DIAGNOSTIC_OK,CONFORMING,CONFORMING,NOT_APPLICABLE,NO_FAILURE_SO_FAR,PENDING_FINALIZATION,AUTO_FROZEN,0.937911,0.054479
LI_015_R08.png,LI,LI_015,8,4,HIBRIDO,Linhas,Identificação,CONFORMING,CONFORMING,CONFORMING,CONFORMING,PENDING_BB,DIAGNOSTIC_OK,CONFORMING,CONFORMING,NOT_APPLICABLE,NO_FAILURE_SO_FAR,PENDING_FINALIZATION,AUTO_FROZEN,0.937911,0.054479
LI_015_R09.png,LI,LI_015,9,4,HIBRIDO,Linhas,Identificação,CONFORMING,CONFORMING,CONFORMING,CONFORMING,PENDING_BB,DIAGNOSTIC_OK,CONFORMING,CONFORMING,NOT_APPLICABLE,NO_FAILURE_SO_FAR,PENDING_FINALIZATION,AUTO_FROZEN,0.937911,0.054479
LI_015_R10.png,LI,LI_015,10,4,HIBRIDO,Linhas,Identificação,CONFORMING,CONFORMING,CONFORMING,CONFORMING,PENDING_BB,DIAGNOSTIC_OK,CONFORMING,CONFORMING,NOT_APPLICABLE,NO_FAILURE_SO_FAR,PENDING_FINALIZATION,AUTO_FROZEN,0.937911,0.054479
LI_016_R01.png,LI,LI_016,1,6,HIBRIDO,Linhas,Identificação,CONFORMING,CONFORMING,CONFORMING,CONFORMING,PENDING_BB,DIAGNOSTIC_OK,NOT_APPLICABLE,NOT_APPLICABLE,NOT_APPLICABLE,NO_FAILURE_SO_FAR,PENDING_FINALIZATION,AUTO_FROZEN,0.945516,0.055036
LI_016_R02.png,LI,LI_016,2,6,HIBRIDO,Linhas,Identificação,CONFORMING,CONFORMING,CONFORMING,CONFORMING,PENDING_BB,DIAGNOSTIC_OK,NOT_APPLICABLE,NOT_APPLICABLE,NOT_APPLICABLE,NO_FAILURE_SO_FAR,PENDING_FINALIZATION,AUTO_FROZEN,0.945765,0.001875
LI_016_R03.png,LI,LI_016,3,6,HIBRIDO,Linhas,Identificação,CONFORMING,CONFORMING,CONFORMING,CONFORMING,PENDING_BB,DIAGNOSTIC_OK,NOT_APPLICABLE,NOT_APPLICABLE,NOT_APPLICABLE,NO_FAILURE_SO_FAR,PENDING_FINALIZATION,AUTO_FROZEN,0.945765,0.001875
LI_016_R04.png,LI,LI_016,4,6,HIBRIDO,Linhas,Identificação,CONFORMING,CONFORMING,CONFORMING,CONFORMING,PENDING_BB,DIAGNOSTIC_OK,NOT_APPLICABLE,NOT_APPLICABLE,NOT_APPLICABLE,NO_FAILURE_SO_FAR,PENDING_FINALIZATION,AUTO_FROZEN,0.945765,0.001875
LI_016_R05.png,LI,LI_016,5,6,HIBRIDO,Linhas,Identificação,CONFORMING,CONFORMING,CONFORMING,CONFORMING,PENDING_BB,DIAGNOSTIC_OK,NOT_APPLICABLE,NOT_APPLICABLE,NOT_APPLICABLE,NO_FAILURE_SO_FAR,PENDING_FINALIZATION,AUTO_FROZEN,0.945765,0.001875
LI_016_R06.png,LI,LI_016,6,6,HIBRIDO,Linhas,Identificação,CONFORMING,CONFORMING,CONFORMING,CONFORMING,PENDING_BB,DIAGNOSTIC_OK,NOT_APPLICABLE,NOT_APPLICABLE,NOT_APPLICABLE,NO_FAILURE_SO_FAR,PENDING_FINALIZATION,AUTO_FROZEN,0.945765,0.001875
LI_016_R07.png,LI,LI_016,7,6,HIBRIDO,Linhas,Identificação,CONFORMING,CONFORMING,CONFORMING,CONFORMING,PENDING_BB,DIAGNOSTIC_OK,NOT_APPLICABLE,NOT_APPLICABLE,NOT_APPLICABLE,NO_FAILURE_SO_FAR,PENDING_FINALIZATION,AUTO_FROZEN,0.945765,0.001875
LI_016_R08.png,LI,LI_016,8,6,HIBRIDO,Linhas,Identificação,CONFORMING,CONFORMING,CONFORMING,CONFORMING,PENDING_BB,DIAGNOSTIC_OK,NOT_APPLICABLE,NOT_APPLICABLE,NOT_APPLICABLE,NO_FAILURE_SO_FAR,PENDING_FINALIZATION,AUTO_FROZEN,0.945765,0.001875
LI_016_R09.png,LI,LI_016,9,6,HIBRIDO,Linhas,Identificação,CONFORMING,CONFORMING,CONFORMING,CONFORMING,PENDING_BB,DIAGNOSTIC_OK,NOT_APPLICABLE,NOT_APPLICABLE,NOT_APPLICABLE,NO_FAILURE_SO_FAR,PENDING_FINALIZATION,AUTO_FROZEN,0.945765,0.001875
LI_016_R10.png,LI,LI_016,10,6,HIBRIDO,Linhas,Identificação,CONFORMING,CONFORMING,CONFORMING,CONFORMING,PENDING_BB,DIAGNOSTIC_OK,NOT_APPLICABLE,NOT_APPLICABLE,NOT_APPLICABLE,NO_FAILURE_SO_FAR,PENDING_FINALIZATION,AUTO_FROZEN,0.945765,0.001875
LI_017_R01.png,LI,LI_017,1,7,HIBRIDO,Linhas,Identificação,CONFORMING,CONFORMING,CONFORMING,CONFORMING,PENDING_BB,DIAGNOSTIC_OK,NOT_APPLICABLE,NOT_APPLICABLE,NOT_APPLICABLE,NO_FAILURE_SO_FAR,PENDING_FINALIZATION,AUTO_FROZEN,0.944136,0.051057
LI_017_R02.png,LI,LI_017,2,7,HIBRIDO,Linhas,Identificação,CONFORMING,CONFORMING,CONFORMING,CONFORMING,PENDING_BB,DIAGNOSTIC_OK,NOT_APPLICABLE,NOT_APPLICABLE,NOT_APPLICABLE,NO_FAILURE_SO_FAR,PENDING_FINALIZATION,AUTO_FROZEN,0.945765,0.001875
LI_017_R03.png,LI,LI_017,3,7,HIBRIDO,Linhas,Identificação,CONFORMING,CONFORMING,CONFORMING,CONFORMING,PENDING_BB,DIAGNOSTIC_OK,NOT_APPLICABLE,NOT_APPLICABLE,NOT_APPLICABLE,NO_FAILURE_SO_FAR,PENDING_FINALIZATION,AUTO_FROZEN,0.945765,0.001875
LI_017_R04.png,LI,LI_017,4,7,HIBRIDO,Linhas,Identificação,CONFORMING,CONFORMING,CONFORMING,CONFORMING,PENDING_BB,DIAGNOSTIC_OK,NOT_APPLICABLE,NOT_APPLICABLE,NOT_APPLICABLE,NO_FAILURE_SO_FAR,PENDING_FINALIZATION,AUTO_FROZEN,0.945765,0.001875
LI_017_R05.png,LI,LI_017,5,7,HIBRIDO,Linhas,Identificação,CONFORMING,CONFORMING,CONFORMING,CONFORMING,PENDING_BB,DIAGNOSTIC_OK,NOT_APPLICABLE,NOT_APPLICABLE,NOT_APPLICABLE,NO_FAILURE_SO_FAR,PENDING_FINALIZATION,AUTO_FROZEN,0.945765,0.001875
LI_017_R06.png,LI,LI_017,6,7,HIBRIDO,Linhas,Identificação,CONFORMING,CONFORMING,CONFORMING,CONFORMING,PENDING_BB,DIAGNOSTIC_OK,NOT_APPLICABLE,NOT_APPLICABLE,NOT_APPLICABLE,NO_FAILURE_SO_FAR,PENDING_FINALIZATION,AUTO_FROZEN,0.945765,0.001875
LI_017_R07.png,LI,LI_017,7,7,HIBRIDO,Linhas,Identificação,CONFORMING,CONFORMING,CONFORMING,CONFORMING,PENDING_BB,DIAGNOSTIC_OK,NOT_APPLICABLE,NOT_APPLICABLE,NOT_APPLICABLE,NO_FAILURE_SO_FAR,PENDING_FINALIZATION,AUTO_FROZEN,0.945765,0.001875
LI_017_R08.png,LI,LI_017,8,7,HIBRIDO,Linhas,Identificação,CONFORMING,CONFORMING,CONFORMING,CONFORMING,PENDING_BB,DIAGNOSTIC_OK,NOT_APPLICABLE,NOT_APPLICABLE,NOT_APPLICABLE,NO_FAILURE_SO_FAR,PENDING_FINALIZATION,AUTO_FROZEN,0.945765,0.001875
LI_017_R09.png,LI,LI_017,9,7,HIBRIDO,Linhas,Identificação,CONFORMING,CONFORMING,CONFORMING,CONFORMING,PENDING_BB,DIAGNOSTIC_OK,NOT_APPLICABLE,NOT_APPLICABLE,NOT_APPLICABLE,NO_FAILURE_SO_FAR,PENDING_FINALIZATION,AUTO_FROZEN,0.945765,0.001875
LI_017_R10.png,LI,LI_017,10,7,HIBRIDO,Linhas,Identificação,CONFORMING,CONFORMING,CONFORMING,CONFORMING,PENDING_BB,DIAGNOSTIC_OK,NOT_APPLICABLE,NOT_APPLICABLE,NOT_APPLICABLE,NO_FAILURE_SO_FAR,PENDING_FINALIZATION,AUTO_FROZEN,0.945765,0.001875
LI_018_R01.png,LI,LI_018,1,8,HIBRIDO,Linhas,Identificação,CONFORMING,CONFORMING,CONFORMING,CONFORMING,PENDING_BB,DIAGNOSTIC_OK,NOT_APPLICABLE,NOT_APPLICABLE,NOT_APPLICABLE,NO_FAILURE_SO_FAR,PENDING_FINALIZATION,AUTO_FROZEN,0.944914,0.051712
LI_018_R02.png,LI,LI_018,2,8,HIBRIDO,Linhas,Identificação,CONFORMING,CONFORMING,CONFORMING,CONFORMING,PENDING_BB,DIAGNOSTIC_OK,NOT_APPLICABLE,NOT_APPLICABLE,NOT_APPLICABLE,NO_FAILURE_SO_FAR,PENDING_FINALIZATION,AUTO_FROZEN,0.939881,0.050488
LI_018_R03.png,LI,LI_018,3,8,HIBRIDO,Linhas,Identificação,CONFORMING,CONFORMING,CONFORMING,CONFORMING,PENDING_BB,DIAGNOSTIC_OK,NOT_APPLICABLE,NOT_APPLICABLE,NOT_APPLICABLE,NO_FAILURE_SO_FAR,PENDING_FINALIZATION,AUTO_FROZEN,0.939881,0.050488
LI_018_R04.png,LI,LI_018,4,8,HIBRIDO,Linhas,Identificação,CONFORMING,CONFORMING,CONFORMING,CONFORMING,PENDING_BB,DIAGNOSTIC_OK,NOT_APPLICABLE,NOT_APPLICABLE,NOT_APPLICABLE,NO_FAILURE_SO_FAR,PENDING_FINALIZATION,AUTO_FROZEN,0.939881,0.050488
LI_018_R05.png,LI,LI_018,5,8,HIBRIDO,Linhas,Identificação,CONFORMING,CONFORMING,CONFORMING,CONFORMING,PENDING_BB,DIAGNOSTIC_OK,NOT_APPLICABLE,NOT_APPLICABLE,NOT_APPLICABLE,NO_FAILURE_SO_FAR,PENDING_FINALIZATION,AUTO_FROZEN,0.939881,0.050488
LI_018_R06.png,LI,LI_018,6,8,HIBRIDO,Linhas,Identificação,CONFORMING,CONFORMING,CONFORMING,CONFORMING,PENDING_BB,DIAGNOSTIC_OK,NOT_APPLICABLE,NOT_APPLICABLE,NOT_APPLICABLE,NO_FAILURE_SO_FAR,PENDING_FINALIZATION,AUTO_FROZEN,0.939881,0.050488
LI_018_R07.png,LI,LI_018,7,8,HIBRIDO,Linhas,Identificação,CONFORMING,CONFORMING,CONFORMING,CONFORMING,PENDING_BB,DIAGNOSTIC_OK,NOT_APPLICABLE,NOT_APPLICABLE,NOT_APPLICABLE,NO_FAILURE_SO_FAR,PENDING_FINALIZATION,AUTO_FROZEN,0.939881,0.050488
LI_018_R08.png,LI,LI_018,8,8,HIBRIDO,Linhas,Identificação,CONFORMING,CONFORMING,CONFORMING,CONFORMING,PENDING_BB,DIAGNOSTIC_OK,NOT_APPLICABLE,NOT_APPLICABLE,NOT_APPLICABLE,NO_FAILURE_SO_FAR,PENDING_FINALIZATION,AUTO_FROZEN,0.939881,0.050488
LI_018_R09.png,LI,LI_018,9,8,HIBRIDO,Linhas,Identificação,CONFORMING,CONFORMING,CONFORMING,CONFORMING,PENDING_BB,DIAGNOSTIC_OK,NOT_APPLICABLE,NOT_APPLICABLE,NOT_APPLICABLE,NO_FAILURE_SO_FAR,PENDING_FINALIZATION,AUTO_FROZEN,0.939881,0.050488
LI_018_R10.png,LI,LI_018,10,8,HIBRIDO,Linhas,Identificação,CONFORMING,CONFORMING,CONFORMING,CONFORMING,PENDING_BB,DIAGNOSTIC_OK,NOT_APPLICABLE,NOT_APPLICABLE,NOT_APPLICABLE,NO_FAILURE_SO_FAR,PENDING_FINALIZATION,AUTO_FROZEN,0.939881,0.050488
LI_019_R01.png,LI,LI_019,1,9,HIBRIDO,Linhas,Identificação,CONFORMING,CONFORMING,CONFORMING,CONFORMING,PENDING_BB,DIAGNOSTIC_OK,CONFORMING,CONFORMING,CONFORMING,NO_FAILURE_SO_FAR,PENDING_FINALIZATION,AUTO_FROZEN,0.991481,0.05586
LI_019_R02.png,LI,LI_019,2,9,HIBRIDO,Linhas,Identificação,CONFORMING,CONFORMING,CONFORMING,CONFORMING,PENDING_BB,DIAGNOSTIC_OK,CONFORMING,CONFORMING,CONFORMING,NO_FAILURE_SO_FAR,PENDING_FINALIZATION,AUTO_FROZEN,0.990354,0.050221
LI_019_R03.png,LI,LI_019,3,9,HIBRIDO,Linhas,Identificação,CONFORMING,CONFORMING,CONFORMING,CONFORMING,PENDING_BB,DIAGNOSTIC_OK,CONFORMING,CONFORMING,CONFORMING,NO_FAILURE_SO_FAR,PENDING_FINALIZATION,AUTO_FROZEN,0.990354,0.050221
LI_019_R04.png,LI,LI_019,4,9,HIBRIDO,Linhas,Identificação,CONFORMING,CONFORMING,CONFORMING,CONFORMING,PENDING_BB,DIAGNOSTIC_OK,CONFORMING,CONFORMING,CONFORMING,NO_FAILURE_SO_FAR,PENDING_FINALIZATION,AUTO_FROZEN,0.990354,0.050221
LI_019_R05.png,LI,LI_019,5,9,HIBRIDO,Linhas,Identificação,CONFORMING,CONFORMING,CONFORMING,CONFORMING,PENDING_BB,DIAGNOSTIC_OK,CONFORMING,CONFORMING,CONFORMING,NO_FAILURE_SO_FAR,PENDING_FINALIZATION,AUTO_FROZEN,0.990354,0.050221
LI_019_R06.png,LI,LI_019,6,9,HIBRIDO,Linhas,Identificação,CONFORMING,CONFORMING,CONFORMING,CONFORMING,PENDING_BB,DIAGNOSTIC_OK,CONFORMING,CONFORMING,CONFORMING,NO_FAILURE_SO_FAR,PENDING_FINALIZATION,AUTO_FROZEN,0.990354,0.050221
LI_019_R07.png,LI,LI_019,7,9,HIBRIDO,Linhas,Identificação,CONFORMING,CONFORMING,CONFORMING,CONFORMING,PENDING_BB,DIAGNOSTIC_OK,CONFORMING,CONFORMING,CONFORMING,NO_FAILURE_SO_FAR,PENDING_FINALIZATION,AUTO_FROZEN,0.990354,0.050221
LI_019_R08.png,LI,LI_019,8,9,HIBRIDO,Linhas,Identificação,CONFORMING,CONFORMING,CONFORMING,CONFORMING,PENDING_BB,DIAGNOSTIC_OK,CONFORMING,CONFORMING,CONFORMING,NO_FAILURE_SO_FAR,PENDING_FINALIZATION,AUTO_FROZEN,0.990354,0.050221
LI_019_R09.png,LI,LI_019,9,9,HIBRIDO,Linhas,Identificação,CONFORMING,CONFORMING,CONFORMING,CONFORMING,PENDING_BB,DIAGNOSTIC_OK,CONFORMING,CONFORMING,CONFORMING,NO_FAILURE_SO_FAR,PENDING_FINALIZATION,AUTO_FROZEN,0.990354,0.050221
LI_019_R10.png,LI,LI_019,10,9,HIBRIDO,Linhas,Identificação,CONFORMING,CONFORMING,CONFORMING,CONFORMING,PENDING_BB,DIAGNOSTIC_OK,CONFORMING,CONFORMING,CONFORMING,NO_FAILURE_SO_FAR,PENDING_FINALIZATION,AUTO_FROZEN,0.990354,0.050221
LI_020_R01.png,LI,LI_020,1,10,HIBRIDO,Linhas,Identificação,CONFORMING,CONFORMING,CONFORMING,CONFORMING,PENDING_BB,DIAGNOSTIC_OK,CONFORMING,CONFORMING,NOT_APPLICABLE,NO_FAILURE_SO_FAR,PENDING_FINALIZATION,AUTO_FROZEN,0.972434,0.053546
LI_020_R02.png,LI,LI_020,2,10,HIBRIDO,Linhas,Identificação,CONFORMING,CONFORMING,CONFORMING,CONFORMING,PENDING_BB,DIAGNOSTIC_OK,CONFORMING,CONFORMING,NOT_APPLICABLE,NO_FAILURE_SO_FAR,PENDING_FINALIZATION,AUTO_FROZEN,0.989857,0.050488
LI_020_R03.png,LI,LI_020,3,10,HIBRIDO,Linhas,Identificação,CONFORMING,CONFORMING,CONFORMING,CONFORMING,PENDING_BB,DIAGNOSTIC_OK,CONFORMING,CONFORMING,NOT_APPLICABLE,NO_FAILURE_SO_FAR,PENDING_FINALIZATION,AUTO_FROZEN,0.989857,0.050488
LI_020_R04.png,LI,LI_020,4,10,HIBRIDO,Linhas,Identificação,CONFORMING,CONFORMING,CONFORMING,CONFORMING,PENDING_BB,DIAGNOSTIC_OK,CONFORMING,CONFORMING,NOT_APPLICABLE,NO_FAILURE_SO_FAR,PENDING_FINALIZATION,AUTO_FROZEN,0.989857,0.050488
LI_020_R05.png,LI,LI_020,5,10,HIBRIDO,Linhas,Identificação,CONFORMING,CONFORMING,CONFORMING,CONFORMING,PENDING_BB,DIAGNOSTIC_OK,CONFORMING,CONFORMING,NOT_APPLICABLE,NO_FAILURE_SO_FAR,PENDING_FINALIZATION,AUTO_FROZEN,0.989857,0.050488
LI_020_R06.png,LI,LI_020,6,10,HIBRIDO,Linhas,Identificação,CONFORMING,CONFORMING,CONFORMING,CONFORMING,PENDING_BB,DIAGNOSTIC_OK,CONFORMING,CONFORMING,NOT_APPLICABLE,NO_FAILURE_SO_FAR,PENDING_FINALIZATION,AUTO_FROZEN,0.989857,0.050488
LI_020_R07.png,LI,LI_020,7,10,HIBRIDO,Linhas,Identificação,CONFORMING,CONFORMING,CONFORMING,CONFORMING,PENDING_BB,DIAGNOSTIC_OK,CONFORMING,CONFORMING,NOT_APPLICABLE,NO_FAILURE_SO_FAR,PENDING_FINALIZATION,AUTO_FROZEN,0.989857,0.050488
LI_020_R08.png,LI,LI_020,8,10,HIBRIDO,Linhas,Identificação,CONFORMING,CONFORMING,CONFORMING,CONFORMING,PENDING_BB,DIAGNOSTIC_OK,CONFORMING,CONFORMING,NOT_APPLICABLE,NO_FAILURE_SO_FAR,PENDING_FINALIZATION,AUTO_FROZEN,0.989857,0.050488
LI_020_R09.png,LI,LI_020,9,10,HIBRIDO,Linhas,Identificação,CONFORMING,CONFORMING,CONFORMING,CONFORMING,PENDING_BB,DIAGNOSTIC_OK,CONFORMING,CONFORMING,NOT_APPLICABLE,NO_FAILURE_SO_FAR,PENDING_FINALIZATION,AUTO_FROZEN,0.989857,0.050488
LI_020_R10.png,LI,LI_020,10,10,HIBRIDO,Linhas,Identificação,CONFORMING,CONFORMING,CONFORMING,CONFORMING,PENDING_BB,DIAGNOSTIC_OK,CONFORMING,CONFORMING,NOT_APPLICABLE,NO_FAILURE_SO_FAR,PENDING_FINALIZATION,AUTO_FROZEN,0.989857,0.050488
LI_021_R01.png,LI,LI_021,1,11,HIBRIDO,Linhas,Identificação,CONFORMING,CONFORMING,CONFORMING,CONFORMING,PENDING_BB,DIAGNOSTIC_OK,NOT_APPLICABLE,NOT_APPLICABLE,NOT_APPLICABLE,NO_FAILURE_SO_FAR,PENDING_FINALIZATION,AUTO_FROZEN,0.982354,0.047588
LI_021_R02.png,LI,LI_021,2,11,HIBRIDO,Linhas,Identificação,CONFORMING,CONFORMING,CONFORMING,CONFORMING,PENDING_BB,DIAGNOSTIC_OK,NOT_APPLICABLE,NOT_APPLICABLE,NOT_APPLICABLE,NO_FAILURE_SO_FAR,PENDING_FINALIZATION,AUTO_FROZEN,0.945765,0.001875
LI_021_R03.png,LI,LI_021,3,11,HIBRIDO,Linhas,Identificação,CONFORMING,CONFORMING,CONFORMING,CONFORMING,PENDING_BB,DIAGNOSTIC_OK,NOT_APPLICABLE,NOT_APPLICABLE,NOT_APPLICABLE,NO_FAILURE_SO_FAR,PENDING_FINALIZATION,AUTO_FROZEN,0.945765,0.001875
LI_021_R04.png,LI,LI_021,4,11,HIBRIDO,Linhas,Identificação,CONFORMING,CONFORMING,CONFORMING,CONFORMING,PENDING_BB,DIAGNOSTIC_OK,NOT_APPLICABLE,NOT_APPLICABLE,NOT_APPLICABLE,NO_FAILURE_SO_FAR,PENDING_FINALIZATION,AUTO_FROZEN,0.945765,0.001875
LI_021_R05.png,LI,LI_021,5,11,HIBRIDO,Linhas,Identificação,CONFORMING,CONFORMING,CONFORMING,CONFORMING,PENDING_BB,DIAGNOSTIC_OK,NOT_APPLICABLE,NOT_APPLICABLE,NOT_APPLICABLE,NO_FAILURE_SO_FAR,PENDING_FINALIZATION,AUTO_FROZEN,0.945765,0.001875
LI_021_R06.png,LI,LI_021,6,11,HIBRIDO,Linhas,Identificação,CONFORMING,CONFORMING,CONFORMING,CONFORMING,PENDING_BB,DIAGNOSTIC_OK,NOT_APPLICABLE,NOT_APPLICABLE,NOT_APPLICABLE,NO_FAILURE_SO_FAR,PENDING_FINALIZATION,AUTO_FROZEN,0.945765,0.001875
LI_021_R07.png,LI,LI_021,7,11,HIBRIDO,Linhas,Identificação,CONFORMING,CONFORMING,CONFORMING,CONFORMING,PENDING_BB,DIAGNOSTIC_OK,NOT_APPLICABLE,NOT_APPLICABLE,NOT_APPLICABLE,NO_FAILURE_SO_FAR,PENDING_FINALIZATION,AUTO_FROZEN,0.945765,0.001875
LI_021_R08.png,LI,LI_021,8,11,HIBRIDO,Linhas,Identificação,CONFORMING,CONFORMING,CONFORMING,CONFORMING,PENDING_BB,DIAGNOSTIC_OK,NOT_APPLICABLE,NOT_APPLICABLE,NOT_APPLICABLE,NO_FAILURE_SO_FAR,PENDING_FINALIZATION,AUTO_FROZEN,0.945765,0.001875
LI_021_R09.png,LI,LI_021,9,11,HIBRIDO,Linhas,Identificação,CONFORMING,CONFORMING,CONFORMING,CONFORMING,PENDING_BB,DIAGNOSTIC_OK,NOT_APPLICABLE,NOT_APPLICABLE,NOT_APPLICABLE,NO_FAILURE_SO_FAR,PENDING_FINALIZATION,AUTO_FROZEN,0.945765,0.001875
LI_021_R10.png,LI,LI_021,10,11,HIBRIDO,Linhas,Identificação,CONFORMING,CONFORMING,CONFORMING,CONFORMING,PENDING_BB,DIAGNOSTIC_OK,NOT_APPLICABLE,NOT_APPLICABLE,NOT_APPLICABLE,NO_FAILURE_SO_FAR,PENDING_FINALIZATION,AUTO_FROZEN,0.945765,0.001875
LI_022_R01.png,LI,LI_022,1,12,HIBRIDO,Linhas,Identificação,CONFORMING,CONFORMING,CONFORMING,CONFORMING,PENDING_BB,DIAGNOSTIC_OK,NOT_APPLICABLE,NOT_APPLICABLE,NOT_APPLICABLE,NO_FAILURE_SO_FAR,PENDING_FINALIZATION,AUTO_FROZEN,0.945703,0.049079
LI_022_R02.png,LI,LI_022,2,12,HIBRIDO,Linhas,Identificação,CONFORMING,CONFORMING,CONFORMING,CONFORMING,PENDING_BB,DIAGNOSTIC_OK,NOT_APPLICABLE,NOT_APPLICABLE,NOT_APPLICABLE,NO_FAILURE_SO_FAR,PENDING_FINALIZATION,AUTO_FROZEN,0.946939,0.001875
LI_022_R03.png,LI,LI_022,3,12,HIBRIDO,Linhas,Identificação,CONFORMING,CONFORMING,CONFORMING,CONFORMING,PENDING_BB,DIAGNOSTIC_OK,NOT_APPLICABLE,NOT_APPLICABLE,NOT_APPLICABLE,NO_FAILURE_SO_FAR,PENDING_FINALIZATION,AUTO_FROZEN,0.946939,0.001875
LI_022_R04.png,LI,LI_022,4,12,HIBRIDO,Linhas,Identificação,CONFORMING,CONFORMING,CONFORMING,CONFORMING,PENDING_BB,DIAGNOSTIC_OK,NOT_APPLICABLE,NOT_APPLICABLE,NOT_APPLICABLE,NO_FAILURE_SO_FAR,PENDING_FINALIZATION,AUTO_FROZEN,0.946939,0.001875
LI_022_R05.png,LI,LI_022,5,12,HIBRIDO,Linhas,Identificação,CONFORMING,CONFORMING,CONFORMING,CONFORMING,PENDING_BB,DIAGNOSTIC_OK,NOT_APPLICABLE,NOT_APPLICABLE,NOT_APPLICABLE,NO_FAILURE_SO_FAR,PENDING_FINALIZATION,AUTO_FROZEN,0.946939,0.001875
LI_022_R06.png,LI,LI_022,6,12,HIBRIDO,Linhas,Identificação,CONFORMING,CONFORMING,CONFORMING,CONFORMING,PENDING_BB,DIAGNOSTIC_OK,NOT_APPLICABLE,NOT_APPLICABLE,NOT_APPLICABLE,NO_FAILURE_SO_FAR,PENDING_FINALIZATION,AUTO_FROZEN,0.946939,0.001875
LI_022_R07.png,LI,LI_022,7,12,HIBRIDO,Linhas,Identificação,CONFORMING,CONFORMING,CONFORMING,CONFORMING,PENDING_BB,DIAGNOSTIC_OK,NOT_APPLICABLE,NOT_APPLICABLE,NOT_APPLICABLE,NO_FAILURE_SO_FAR,PENDING_FINALIZATION,AUTO_FROZEN,0.946939,0.001875
LI_022_R08.png,LI,LI_022,8,12,HIBRIDO,Linhas,Identificação,CONFORMING,CONFORMING,CONFORMING,CONFORMING,PENDING_BB,DIAGNOSTIC_OK,NOT_APPLICABLE,NOT_APPLICABLE,NOT_APPLICABLE,NO_FAILURE_SO_FAR,PENDING_FINALIZATION,AUTO_FROZEN,0.946939,0.001875
LI_022_R09.png,LI,LI_022,9,12,HIBRIDO,Linhas,Identificação,CONFORMING,CONFORMING,CONFORMING,CONFORMING,PENDING_BB,DIAGNOSTIC_OK,NOT_APPLICABLE,NOT_APPLICABLE,NOT_APPLICABLE,NO_FAILURE_SO_FAR,PENDING_FINALIZATION,AUTO_FROZEN,0.946939,0.001875
LI_022_R10.png,LI,LI_022,10,12,HIBRIDO,Linhas,Identificação,CONFORMING,CONFORMING,CONFORMING,CONFORMING,PENDING_BB,DIAGNOSTIC_OK,NOT_APPLICABLE,NOT_APPLICABLE,NOT_APPLICABLE,NO_FAILURE_SO_FAR,PENDING_FINALIZATION,AUTO_FROZEN,0.946939,0.001875
LI_023_R01.png,LI,LI_023,1,13,HIBRIDO,Linhas,Identificação,CONFORMING,CONFORMING,UNEVALUABLE,CONFORMING,PENDING_BB,DIAGNOSTIC_OK,CONFORMING,CONFORMING,CONFORMING,UNEVALUABLE,PENDING_FINALIZATION,AUTO_FROZEN,1.0,0.051875
LI_023_R02.png,LI,LI_023,2,13,HIBRIDO,Linhas,Identificação,CONFORMING,CONFORMING,CONFORMING,CONFORMING,PENDING_BB,DIAGNOSTIC_OK,CONFORMING,CONFORMING,CONFORMING,NO_FAILURE_SO_FAR,PENDING_FINALIZATION,AUTO_FROZEN,0.970643,0.050221
LI_023_R03.png,LI,LI_023,3,13,HIBRIDO,Linhas,Identificação,CONFORMING,CONFORMING,CONFORMING,CONFORMING,PENDING_BB,DIAGNOSTIC_OK,CONFORMING,CONFORMING,CONFORMING,NO_FAILURE_SO_FAR,PENDING_FINALIZATION,AUTO_FROZEN,0.970643,0.050221
LI_023_R04.png,LI,LI_023,4,13,HIBRIDO,Linhas,Identificação,CONFORMING,CONFORMING,CONFORMING,CONFORMING,PENDING_BB,DIAGNOSTIC_OK,CONFORMING,CONFORMING,CONFORMING,NO_FAILURE_SO_FAR,PENDING_FINALIZATION,AUTO_FROZEN,0.970643,0.050221
LI_023_R05.png,LI,LI_023,5,13,HIBRIDO,Linhas,Identificação,CONFORMING,CONFORMING,CONFORMING,CONFORMING,PENDING_BB,DIAGNOSTIC_OK,CONFORMING,CONFORMING,CONFORMING,NO_FAILURE_SO_FAR,PENDING_FINALIZATION,AUTO_FROZEN,0.970643,0.050221
LI_023_R06.png,LI,LI_023,6,13,HIBRIDO,Linhas,Identificação,CONFORMING,CONFORMING,CONFORMING,CONFORMING,PENDING_BB,DIAGNOSTIC_OK,CONFORMING,CONFORMING,CONFORMING,NO_FAILURE_SO_FAR,PENDING_FINALIZATION,AUTO_FROZEN,0.970643,0.050221
LI_023_R07.png,LI,LI_023,7,13,HIBRIDO,Linhas,Identificação,CONFORMING,CONFORMING,CONFORMING,CONFORMING,PENDING_BB,DIAGNOSTIC_OK,CONFORMING,CONFORMING,CONFORMING,NO_FAILURE_SO_FAR,PENDING_FINALIZATION,AUTO_FROZEN,0.970643,0.050221
LI_023_R08.png,LI,LI_023,8,13,HIBRIDO,Linhas,Identificação,CONFORMING,CONFORMING,CONFORMING,CONFORMING,PENDING_BB,DIAGNOSTIC_OK,CONFORMING,CONFORMING,CONFORMING,NO_FAILURE_SO_FAR,PENDING_FINALIZATION,AUTO_FROZEN,0.970643,0.050221
LI_023_R09.png,LI,LI_023,9,13,HIBRIDO,Linhas,Identificação,CONFORMING,CONFORMING,CONFORMING,CONFORMING,PENDING_BB,DIAGNOSTIC_OK,CONFORMING,CONFORMING,CONFORMING,NO_FAILURE_SO_FAR,PENDING_FINALIZATION,AUTO_FROZEN,0.970643,0.050221
LI_023_R10.png,LI,LI_023,10,13,HIBRIDO,Linhas,Identificação,CONFORMING,CONFORMING,CONFORMING,CONFORMING,PENDING_BB,DIAGNOSTIC_OK,CONFORMING,CONFORMING,CONFORMING,NO_FAILURE_SO_FAR,PENDING_FINALIZATION,AUTO_FROZEN,0.970643,0.050221
LI_024_R01.png,LI,LI_024,1,14,HIBRIDO,Linhas,Identificação,CONFORMING,CONFORMING,CONFORMING,CONFORMING,PENDING_BB,DIAGNOSTIC_OK,CONFORMING,CONFORMING,NOT_APPLICABLE,NO_FAILURE_SO_FAR,PENDING_FINALIZATION,AUTO_FROZEN,0.960053,0.052706
LI_024_R02.png,LI,LI_024,2,14,HIBRIDO,Linhas,Identificação,CONFORMING,CONFORMING,CONFORMING,CONFORMING,PENDING_BB,DIAGNOSTIC_OK,CONFORMING,CONFORMING,NOT_APPLICABLE,NO_FAILURE_SO_FAR,PENDING_FINALIZATION,AUTO_FROZEN,0.945676,0.001875
LI_024_R03.png,LI,LI_024,3,14,HIBRIDO,Linhas,Identificação,CONFORMING,CONFORMING,CONFORMING,CONFORMING,PENDING_BB,DIAGNOSTIC_OK,CONFORMING,CONFORMING,NOT_APPLICABLE,NO_FAILURE_SO_FAR,PENDING_FINALIZATION,AUTO_FROZEN,0.945676,0.001875
LI_024_R04.png,LI,LI_024,4,14,HIBRIDO,Linhas,Identificação,CONFORMING,CONFORMING,CONFORMING,CONFORMING,PENDING_BB,DIAGNOSTIC_OK,CONFORMING,CONFORMING,NOT_APPLICABLE,NO_FAILURE_SO_FAR,PENDING_FINALIZATION,AUTO_FROZEN,0.945676,0.001875
LI_024_R05.png,LI,LI_024,5,14,HIBRIDO,Linhas,Identificação,CONFORMING,CONFORMING,CONFORMING,CONFORMING,PENDING_BB,DIAGNOSTIC_OK,CONFORMING,CONFORMING,NOT_APPLICABLE,NO_FAILURE_SO_FAR,PENDING_FINALIZATION,AUTO_FROZEN,0.945676,0.001875
LI_024_R06.png,LI,LI_024,6,14,HIBRIDO,Linhas,Identificação,CONFORMING,CONFORMING,CONFORMING,CONFORMING,PENDING_BB,DIAGNOSTIC_OK,CONFORMING,CONFORMING,NOT_APPLICABLE,NO_FAILURE_SO_FAR,PENDING_FINALIZATION,AUTO_FROZEN,0.945676,0.001875
LI_024_R07.png,LI,LI_024,7,14,HIBRIDO,Linhas,Identificação,CONFORMING,CONFORMING,CONFORMING,CONFORMING,PENDING_BB,DIAGNOSTIC_OK,CONFORMING,CONFORMING,NOT_APPLICABLE,NO_FAILURE_SO_FAR,PENDING_FINALIZATION,AUTO_FROZEN,0.945676,0.001875
LI_024_R08.png,LI,LI_024,8,14,HIBRIDO,Linhas,Identificação,CONFORMING,CONFORMING,CONFORMING,CONFORMING,PENDING_BB,DIAGNOSTIC_OK,CONFORMING,CONFORMING,NOT_APPLICABLE,NO_FAILURE_SO_FAR,PENDING_FINALIZATION,AUTO_FROZEN,0.945676,0.001875
LI_024_R09.png,LI,LI_024,9,14,HIBRIDO,Linhas,Identificação,CONFORMING,CONFORMING,CONFORMING,CONFORMING,PENDING_BB,DIAGNOSTIC_OK,CONFORMING,CONFORMING,NOT_APPLICABLE,NO_FAILURE_SO_FAR,PENDING_FINALIZATION,AUTO_FROZEN,0.945676,0.001875
LI_024_R10.png,LI,LI_024,10,14,HIBRIDO,Linhas,Identificação,CONFORMING,CONFORMING,CONFORMING,CONFORMING,PENDING_BB,DIAGNOSTIC_OK,CONFORMING,CONFORMING,NOT_APPLICABLE,NO_FAILURE_SO_FAR,PENDING_FINALIZATION,AUTO_FROZEN,0.945676,0.001875
LI_025_R01.png,LI,LI_025,1,15,HIBRIDO,Linhas,Identificação,CONFORMING,CONFORMING,CONFORMING,CONFORMING,PENDING_BB,DIAGNOSTIC_OK,NOT_APPLICABLE,NOT_APPLICABLE,NOT_APPLICABLE,NO_FAILURE_SO_FAR,PENDING_FINALIZATION,AUTO_FROZEN,0.935955,0.050221
LI_025_R02.png,LI,LI_025,2,15,HIBRIDO,Linhas,Identificação,CONFORMING,CONFORMING,CONFORMING,CONFORMING,PENDING_BB,DIAGNOSTIC_OK,NOT_APPLICABLE,NOT_APPLICABLE,NOT_APPLICABLE,NO_FAILURE_SO_FAR,PENDING_FINALIZATION,AUTO_FROZEN,0.960707,0.050174
LI_025_R03.png,LI,LI_025,3,15,HIBRIDO,Linhas,Identificação,CONFORMING,CONFORMING,CONFORMING,CONFORMING,PENDING_BB,DIAGNOSTIC_OK,NOT_APPLICABLE,NOT_APPLICABLE,NOT_APPLICABLE,NO_FAILURE_SO_FAR,PENDING_FINALIZATION,AUTO_FROZEN,0.960707,0.050174
LI_025_R04.png,LI,LI_025,4,15,HIBRIDO,Linhas,Identificação,CONFORMING,CONFORMING,CONFORMING,CONFORMING,PENDING_BB,DIAGNOSTIC_OK,NOT_APPLICABLE,NOT_APPLICABLE,NOT_APPLICABLE,NO_FAILURE_SO_FAR,PENDING_FINALIZATION,AUTO_FROZEN,0.960707,0.050174
LI_025_R05.png,LI,LI_025,5,15,HIBRIDO,Linhas,Identificação,CONFORMING,CONFORMING,CONFORMING,CONFORMING,PENDING_BB,DIAGNOSTIC_OK,NOT_APPLICABLE,NOT_APPLICABLE,NOT_APPLICABLE,NO_FAILURE_SO_FAR,PENDING_FINALIZATION,AUTO_FROZEN,0.960707,0.050174
LI_025_R06.png,LI,LI_025,6,15,HIBRIDO,Linhas,Identificação,CONFORMING,CONFORMING,CONFORMING,CONFORMING,PENDING_BB,DIAGNOSTIC_OK,NOT_APPLICABLE,NOT_APPLICABLE,NOT_APPLICABLE,NO_FAILURE_SO_FAR,PENDING_FINALIZATION,AUTO_FROZEN,0.960707,0.050174
LI_025_R07.png,LI,LI_025,7,15,HIBRIDO,Linhas,Identificação,CONFORMING,CONFORMING,CONFORMING,CONFORMING,PENDING_BB,DIAGNOSTIC_OK,NOT_APPLICABLE,NOT_APPLICABLE,NOT_APPLICABLE,NO_FAILURE_SO_FAR,PENDING_FINALIZATION,AUTO_FROZEN,0.960707,0.050174
LI_025_R08.png,LI,LI_025,8,15,HIBRIDO,Linhas,Identificação,CONFORMING,CONFORMING,CONFORMING,CONFORMING,PENDING_BB,DIAGNOSTIC_OK,NOT_APPLICABLE,NOT_APPLICABLE,NOT_APPLICABLE,NO_FAILURE_SO_FAR,PENDING_FINALIZATION,AUTO_FROZEN,0.960707,0.050174
LI_025_R09.png,LI,LI_025,9,15,HIBRIDO,Linhas,Identificação,CONFORMING,CONFORMING,CONFORMING,CONFORMING,PENDING_BB,DIAGNOSTIC_OK,NOT_APPLICABLE,NOT_APPLICABLE,NOT_APPLICABLE,NO_FAILURE_SO_FAR,PENDING_FINALIZATION,AUTO_FROZEN,0.960707,0.050174
LI_025_R10.png,LI,LI_025,10,15,HIBRIDO,Linhas,Identificação,CONFORMING,CONFORMING,CONFORMING,CONFORMING,PENDING_BB,DIAGNOSTIC_OK,NOT_APPLICABLE,NOT_APPLICABLE,NOT_APPLICABLE,NO_FAILURE_SO_FAR,PENDING_FINALIZATION,AUTO_FROZEN,0.960707,0.050174
LI_026_R01.png,LI,LI_026,1,16,HIBRIDO,Linhas,Identificação,CONFORMING,CONFORMING,NONCONFORMING,CONFORMING,PENDING_BB,DIAGNOSTIC_OK,CONFORMING,CONFORMING,NOT_APPLICABLE,NONCONFORMING,NONCONFORMING,AUTO_FROZEN,0.973297,0.059226
LI_026_R02.png,LI,LI_026,2,16,HIBRIDO,Linhas,Identificação,CONFORMING,CONFORMING,CONFORMING,CONFORMING,PENDING_BB,DIAGNOSTIC_OK,CONFORMING,CONFORMING,NOT_APPLICABLE,NO_FAILURE_SO_FAR,PENDING_FINALIZATION,AUTO_FROZEN,0.960755,0.049635
LI_026_R03.png,LI,LI_026,3,16,HIBRIDO,Linhas,Identificação,CONFORMING,CONFORMING,CONFORMING,CONFORMING,PENDING_BB,DIAGNOSTIC_OK,CONFORMING,CONFORMING,NOT_APPLICABLE,NO_FAILURE_SO_FAR,PENDING_FINALIZATION,AUTO_FROZEN,0.960755,0.049635
LI_026_R04.png,LI,LI_026,4,16,HIBRIDO,Linhas,Identificação,CONFORMING,CONFORMING,CONFORMING,CONFORMING,PENDING_BB,DIAGNOSTIC_OK,CONFORMING,CONFORMING,NOT_APPLICABLE,NO_FAILURE_SO_FAR,PENDING_FINALIZATION,AUTO_FROZEN,0.960755,0.049635
LI_026_R05.png,LI,LI_026,5,16,HIBRIDO,Linhas,Identificação,CONFORMING,CONFORMING,CONFORMING,CONFORMING,PENDING_BB,DIAGNOSTIC_OK,CONFORMING,CONFORMING,NOT_APPLICABLE,NO_FAILURE_SO_FAR,PENDING_FINALIZATION,AUTO_FROZEN,0.960755,0.049635
LI_026_R06.png,LI,LI_026,6,16,HIBRIDO,Linhas,Identificação,CONFORMING,CONFORMING,CONFORMING,CONFORMING,PENDING_BB,DIAGNOSTIC_OK,CONFORMING,CONFORMING,NOT_APPLICABLE,NO_FAILURE_SO_FAR,PENDING_FINALIZATION,AUTO_FROZEN,0.960755,0.049635
LI_026_R07.png,LI,LI_026,7,16,HIBRIDO,Linhas,Identificação,CONFORMING,CONFORMING,CONFORMING,CONFORMING,PENDING_BB,DIAGNOSTIC_OK,CONFORMING,CONFORMING,NOT_APPLICABLE,NO_FAILURE_SO_FAR,PENDING_FINALIZATION,AUTO_FROZEN,0.960755,0.049635
LI_026_R08.png,LI,LI_026,8,16,HIBRIDO,Linhas,Identificação,CONFORMING,CONFORMING,CONFORMING,CONFORMING,PENDING_BB,DIAGNOSTIC_OK,CONFORMING,CONFORMING,NOT_APPLICABLE,NO_FAILURE_SO_FAR,PENDING_FINALIZATION,AUTO_FROZEN,0.960755,0.049635
LI_026_R09.png,LI,LI_026,9,16,HIBRIDO,Linhas,Identificação,CONFORMING,CONFORMING,CONFORMING,CONFORMING,PENDING_BB,DIAGNOSTIC_OK,CONFORMING,CONFORMING,NOT_APPLICABLE,NO_FAILURE_SO_FAR,PENDING_FINALIZATION,AUTO_FROZEN,0.960755,0.049635
LI_026_R10.png,LI,LI_026,10,16,HIBRIDO,Linhas,Identificação,CONFORMING,CONFORMING,CONFORMING,CONFORMING,PENDING_BB,DIAGNOSTIC_OK,CONFORMING,CONFORMING,NOT_APPLICABLE,NO_FAILURE_SO_FAR,PENDING_FINALIZATION,AUTO_FROZEN,0.960755,0.049635
LI_027_R01.png,LI,LI_027,1,1,VQL,Linhas,Identificação,CONFORMING,CONFORMING,CONFORMING,CONFORMING,PENDING_BB,DIAGNOSTIC_OK,CONFORMING,CONFORMING,NOT_APPLICABLE,NO_FAILURE_SO_FAR,PENDING_FINALIZATION,AUTO_FROZEN,0.970268,0.001875
LI_027_R02.png,LI,LI_027,2,1,VQL,Linhas,Identificação,CONFORMING,CONFORMING,CONFORMING,CONFORMING,PENDING_BB,DIAGNOSTIC_OK,CONFORMING,CONFORMING,NOT_APPLICABLE,NO_FAILURE_SO_FAR,PENDING_FINALIZATION,AUTO_FROZEN,0.958733,0.001875
LI_027_R03.png,LI,LI_027,3,1,VQL,Linhas,Identificação,CONFORMING,CONFORMING,CONFORMING,CONFORMING,PENDING_BB,DIAGNOSTIC_OK,CONFORMING,CONFORMING,NOT_APPLICABLE,NO_FAILURE_SO_FAR,PENDING_FINALIZATION,AUTO_FROZEN,0.958733,0.001875
LI_027_R04.png,LI,LI_027,4,1,VQL,Linhas,Identificação,CONFORMING,CONFORMING,CONFORMING,CONFORMING,PENDING_BB,DIAGNOSTIC_OK,CONFORMING,CONFORMING,NOT_APPLICABLE,NO_FAILURE_SO_FAR,PENDING_FINALIZATION,AUTO_FROZEN,0.958733,0.001875
LI_027_R05.png,LI,LI_027,5,1,VQL,Linhas,Identificação,CONFORMING,CONFORMING,CONFORMING,CONFORMING,PENDING_BB,DIAGNOSTIC_OK,CONFORMING,CONFORMING,NOT_APPLICABLE,NO_FAILURE_SO_FAR,PENDING_FINALIZATION,AUTO_FROZEN,0.958733,0.001875
LI_027_R06.png,LI,LI_027,6,1,VQL,Linhas,Identificação,CONFORMING,CONFORMING,CONFORMING,CONFORMING,PENDING_BB,DIAGNOSTIC_OK,CONFORMING,CONFORMING,NOT_APPLICABLE,NO_FAILURE_SO_FAR,PENDING_FINALIZATION,AUTO_FROZEN,0.958733,0.001875
LI_027_R07.png,LI,LI_027,7,1,VQL,Linhas,Identificação,CONFORMING,CONFORMING,CONFORMING,CONFORMING,PENDING_BB,DIAGNOSTIC_OK,CONFORMING,CONFORMING,NOT_APPLICABLE,NO_FAILURE_SO_FAR,PENDING_FINALIZATION,AUTO_FROZEN,0.958733,0.001875
LI_027_R08.png,LI,LI_027,8,1,VQL,Linhas,Identificação,CONFORMING,CONFORMING,CONFORMING,CONFORMING,PENDING_BB,DIAGNOSTIC_OK,CONFORMING,CONFORMING,NOT_APPLICABLE,NO_FAILURE_SO_FAR,PENDING_FINALIZATION,AUTO_FROZEN,0.958733,0.001875
LI_027_R09.png,LI,LI_027,9,1,VQL,Linhas,Identificação,CONFORMING,CONFORMING,CONFORMING,CONFORMING,PENDING_BB,DIAGNOSTIC_OK,CONFORMING,CONFORMING,NOT_APPLICABLE,NO_FAILURE_SO_FAR,PENDING_FINALIZATION,AUTO_FROZEN,0.958733,0.001875
LI_027_R10.png,LI,LI_027,10,1,VQL,Linhas,Identificação,CONFORMING,CONFORMING,CONFORMING,CONFORMING,PENDING_BB,DIAGNOSTIC_OK,CONFORMING,CONFORMING,NOT_APPLICABLE,NO_FAILURE_SO_FAR,PENDING_FINALIZATION,AUTO_FROZEN,0.958733,0.001875
LI_028_R01.png,LI,LI_028,1,4,VQL,Linhas,Identificação,CONFORMING,CONFORMING,CONFORMING,CONFORMING,PENDING_BB,DIAGNOSTIC_OK,CONFORMING,CONFORMING,NOT_APPLICABLE,NO_FAILURE_SO_FAR,PENDING_FINALIZATION,AUTO_FROZEN,0.913928,0.053546
LI_028_R02.png,LI,LI_028,2,4,VQL,Linhas,Identificação,CONFORMING,CONFORMING,CONFORMING,CONFORMING,PENDING_BB,DIAGNOSTIC_OK,CONFORMING,CONFORMING,NOT_APPLICABLE,NO_FAILURE_SO_FAR,PENDING_FINALIZATION,AUTO_FROZEN,0.945676,0.001875
LI_028_R03.png,LI,LI_028,3,4,VQL,Linhas,Identificação,CONFORMING,CONFORMING,CONFORMING,CONFORMING,PENDING_BB,DIAGNOSTIC_OK,CONFORMING,CONFORMING,NOT_APPLICABLE,NO_FAILURE_SO_FAR,PENDING_FINALIZATION,AUTO_FROZEN,0.945676,0.001875
LI_028_R04.png,LI,LI_028,4,4,VQL,Linhas,Identificação,CONFORMING,CONFORMING,CONFORMING,CONFORMING,PENDING_BB,DIAGNOSTIC_OK,CONFORMING,CONFORMING,NOT_APPLICABLE,NO_FAILURE_SO_FAR,PENDING_FINALIZATION,AUTO_FROZEN,0.945676,0.001875
LI_028_R05.png,LI,LI_028,5,4,VQL,Linhas,Identificação,CONFORMING,CONFORMING,CONFORMING,CONFORMING,PENDING_BB,DIAGNOSTIC_OK,CONFORMING,CONFORMING,NOT_APPLICABLE,NO_FAILURE_SO_FAR,PENDING_FINALIZATION,AUTO_FROZEN,0.945676,0.001875
LI_028_R06.png,LI,LI_028,6,4,VQL,Linhas,Identificação,CONFORMING,CONFORMING,CONFORMING,CONFORMING,PENDING_BB,DIAGNOSTIC_OK,CONFORMING,CONFORMING,NOT_APPLICABLE,NO_FAILURE_SO_FAR,PENDING_FINALIZATION,AUTO_FROZEN,0.945676,0.001875
LI_028_R07.png,LI,LI_028,7,4,VQL,Linhas,Identificação,CONFORMING,CONFORMING,CONFORMING,CONFORMING,PENDING_BB,DIAGNOSTIC_OK,CONFORMING,CONFORMING,NOT_APPLICABLE,NO_FAILURE_SO_FAR,PENDING_FINALIZATION,AUTO_FROZEN,0.945676,0.001875
LI_028_R08.png,LI,LI_028,8,4,VQL,Linhas,Identificação,CONFORMING,CONFORMING,CONFORMING,CONFORMING,PENDING_BB,DIAGNOSTIC_OK,CONFORMING,CONFORMING,NOT_APPLICABLE,NO_FAILURE_SO_FAR,PENDING_FINALIZATION,AUTO_FROZEN,0.945676,0.001875
LI_028_R09.png,LI,LI_028,9,4,VQL,Linhas,Identificação,CONFORMING,CONFORMING,CONFORMING,CONFORMING,PENDING_BB,DIAGNOSTIC_OK,CONFORMING,CONFORMING,NOT_APPLICABLE,NO_FAILURE_SO_FAR,PENDING_FINALIZATION,AUTO_FROZEN,0.945676,0.001875
LI_028_R10.png,LI,LI_028,10,4,VQL,Linhas,Identificação,CONFORMING,CONFORMING,CONFORMING,CONFORMING,PENDING_BB,DIAGNOSTIC_OK,CONFORMING,CONFORMING,NOT_APPLICABLE,NO_FAILURE_SO_FAR,PENDING_FINALIZATION,AUTO_FROZEN,0.945676,0.001875
LI_029_R01.png,LI,LI_029,1,6,VQL,Linhas,Identificação,CONFORMING,CONFORMING,CONFORMING,PENDING_FINAL_ADJUDICATION,PENDING_BB,DIAGNOSTIC_OK,NOT_APPLICABLE,NOT_APPLICABLE,NOT_APPLICABLE,PENDING_FINAL_ADJUDICATION,PENDING_FINALIZATION,REVIEW_REQUIRED,0.845488,0.034501
LI_029_R02.png,LI,LI_029,2,6,VQL,Linhas,Identificação,CONFORMING,CONFORMING,CONFORMING,CONFORMING,PENDING_BB,DIAGNOSTIC_OK,NOT_APPLICABLE,NOT_APPLICABLE,NOT_APPLICABLE,NO_FAILURE_SO_FAR,PENDING_FINALIZATION,AUTO_FROZEN,0.94401,0.051914
LI_029_R03.png,LI,LI_029,3,6,VQL,Linhas,Identificação,CONFORMING,CONFORMING,CONFORMING,CONFORMING,PENDING_BB,DIAGNOSTIC_OK,NOT_APPLICABLE,NOT_APPLICABLE,NOT_APPLICABLE,NO_FAILURE_SO_FAR,PENDING_FINALIZATION,AUTO_FROZEN,0.94401,0.051914
LI_029_R04.png,LI,LI_029,4,6,VQL,Linhas,Identificação,CONFORMING,CONFORMING,CONFORMING,CONFORMING,PENDING_BB,DIAGNOSTIC_OK,NOT_APPLICABLE,NOT_APPLICABLE,NOT_APPLICABLE,NO_FAILURE_SO_FAR,PENDING_FINALIZATION,AUTO_FROZEN,0.94401,0.051914
LI_029_R05.png,LI,LI_029,5,6,VQL,Linhas,Identificação,CONFORMING,CONFORMING,CONFORMING,CONFORMING,PENDING_BB,DIAGNOSTIC_OK,NOT_APPLICABLE,NOT_APPLICABLE,NOT_APPLICABLE,NO_FAILURE_SO_FAR,PENDING_FINALIZATION,AUTO_FROZEN,0.94401,0.051914
LI_029_R06.png,LI,LI_029,6,6,VQL,Linhas,Identificação,CONFORMING,CONFORMING,CONFORMING,CONFORMING,PENDING_BB,DIAGNOSTIC_OK,NOT_APPLICABLE,NOT_APPLICABLE,NOT_APPLICABLE,NO_FAILURE_SO_FAR,PENDING_FINALIZATION,AUTO_FROZEN,0.94401,0.051914
LI_029_R07.png,LI,LI_029,7,6,VQL,Linhas,Identificação,CONFORMING,CONFORMING,CONFORMING,CONFORMING,PENDING_BB,DIAGNOSTIC_OK,NOT_APPLICABLE,NOT_APPLICABLE,NOT_APPLICABLE,NO_FAILURE_SO_FAR,PENDING_FINALIZATION,AUTO_FROZEN,0.94401,0.051914
LI_029_R08.png,LI,LI_029,8,6,VQL,Linhas,Identificação,CONFORMING,CONFORMING,CONFORMING,CONFORMING,PENDING_BB,DIAGNOSTIC_OK,NOT_APPLICABLE,NOT_APPLICABLE,NOT_APPLICABLE,NO_FAILURE_SO_FAR,PENDING_FINALIZATION,AUTO_FROZEN,0.94401,0.051914
LI_029_R09.png,LI,LI_029,9,6,VQL,Linhas,Identificação,CONFORMING,CONFORMING,CONFORMING,CONFORMING,PENDING_BB,DIAGNOSTIC_OK,NOT_APPLICABLE,NOT_APPLICABLE,NOT_APPLICABLE,NO_FAILURE_SO_FAR,PENDING_FINALIZATION,AUTO_FROZEN,0.94401,0.051914
LI_029_R10.png,LI,LI_029,10,6,VQL,Linhas,Identificação,CONFORMING,CONFORMING,CONFORMING,CONFORMING,PENDING_BB,DIAGNOSTIC_OK,NOT_APPLICABLE,NOT_APPLICABLE,NOT_APPLICABLE,NO_FAILURE_SO_FAR,PENDING_FINALIZATION,AUTO_FROZEN,0.94401,0.051914
LI_030_R01.png,LI,LI_030,1,7,VQL,Linhas,Identificação,CONFORMING,CONFORMING,CONFORMING,CONFORMING,PENDING_BB,DIAGNOSTIC_OK,NOT_APPLICABLE,NOT_APPLICABLE,NOT_APPLICABLE,NO_FAILURE_SO_FAR,PENDING_FINALIZATION,AUTO_FROZEN,0.947727,0.070941
LI_030_R02.png,LI,LI_030,2,7,VQL,Linhas,Identificação,NONCONFORMING,CONFORMING,UNEVALUABLE,CONFORMING,PENDING_BB,DIAGNOSTIC_OK,NOT_APPLICABLE,NOT_APPLICABLE,NOT_APPLICABLE,NONCONFORMING,NONCONFORMING,AUTO_FROZEN,0.996235,0.003125
LI_030_R03.png,LI,LI_030,3,7,VQL,Linhas,Identificação,NONCONFORMING,CONFORMING,UNEVALUABLE,CONFORMING,PENDING_BB,DIAGNOSTIC_OK,NOT_APPLICABLE,NOT_APPLICABLE,NOT_APPLICABLE,NONCONFORMING,NONCONFORMING,AUTO_FROZEN,0.996235,0.003125
LI_030_R04.png,LI,LI_030,4,7,VQL,Linhas,Identificação,NONCONFORMING,CONFORMING,UNEVALUABLE,CONFORMING,PENDING_BB,DIAGNOSTIC_OK,NOT_APPLICABLE,NOT_APPLICABLE,NOT_APPLICABLE,NONCONFORMING,NONCONFORMING,AUTO_FROZEN,0.996235,0.003125
LI_030_R05.png,LI,LI_030,5,7,VQL,Linhas,Identificação,NONCONFORMING,CONFORMING,UNEVALUABLE,CONFORMING,PENDING_BB,DIAGNOSTIC_OK,NOT_APPLICABLE,NOT_APPLICABLE,NOT_APPLICABLE,NONCONFORMING,NONCONFORMING,AUTO_FROZEN,0.996235,0.003125
LI_030_R06.png,LI,LI_030,6,7,VQL,Linhas,Identificação,NONCONFORMING,CONFORMING,UNEVALUABLE,CONFORMING,PENDING_BB,DIAGNOSTIC_OK,NOT_APPLICABLE,NOT_APPLICABLE,NOT_APPLICABLE,NONCONFORMING,NONCONFORMING,AUTO_FROZEN,0.996235,0.003125
LI_030_R07.png,LI,LI_030,7,7,VQL,Linhas,Identificação,NONCONFORMING,CONFORMING,UNEVALUABLE,CONFORMING,PENDING_BB,DIAGNOSTIC_OK,NOT_APPLICABLE,NOT_APPLICABLE,NOT_APPLICABLE,NONCONFORMING,NONCONFORMING,AUTO_FROZEN,0.996235,0.003125
LI_030_R08.png,LI,LI_030,8,7,VQL,Linhas,Identificação,NONCONFORMING,CONFORMING,UNEVALUABLE,CONFORMING,PENDING_BB,DIAGNOSTIC_OK,NOT_APPLICABLE,NOT_APPLICABLE,NOT_APPLICABLE,NONCONFORMING,NONCONFORMING,AUTO_FROZEN,0.996235,0.003125
LI_030_R09.png,LI,LI_030,9,7,VQL,Linhas,Identificação,NONCONFORMING,CONFORMING,UNEVALUABLE,CONFORMING,PENDING_BB,DIAGNOSTIC_OK,NOT_APPLICABLE,NOT_APPLICABLE,NOT_APPLICABLE,NONCONFORMING,NONCONFORMING,AUTO_FROZEN,0.996235,0.003125
LI_030_R10.png,LI,LI_030,10,7,VQL,Linhas,Identificação,NONCONFORMING,CONFORMING,UNEVALUABLE,CONFORMING,PENDING_BB,DIAGNOSTIC_OK,NOT_APPLICABLE,NOT_APPLICABLE,NOT_APPLICABLE,NONCONFORMING,NONCONFORMING,AUTO_FROZEN,0.996235,0.003125
LI_031_R01.png,LI,LI_031,1,8,VQL,Linhas,Identificação,CONFORMING,CONFORMING,CONFORMING,CONFORMING,PENDING_BB,DIAGNOSTIC_OK,NOT_APPLICABLE,NOT_APPLICABLE,NOT_APPLICABLE,NO_FAILURE_SO_FAR,PENDING_FINALIZATION,AUTO_FROZEN,0.944914,0.051712
LI_031_R02.png,LI,LI_031,2,8,VQL,Linhas,Identificação,CONFORMING,CONFORMING,CONFORMING,CONFORMING,PENDING_BB,DIAGNOSTIC_OK,NOT_APPLICABLE,NOT_APPLICABLE,NOT_APPLICABLE,NO_FAILURE_SO_FAR,PENDING_FINALIZATION,AUTO_FROZEN,0.937099,0.050488
LI_031_R03.png,LI,LI_031,3,8,VQL,Linhas,Identificação,CONFORMING,CONFORMING,CONFORMING,CONFORMING,PENDING_BB,DIAGNOSTIC_OK,NOT_APPLICABLE,NOT_APPLICABLE,NOT_APPLICABLE,NO_FAILURE_SO_FAR,PENDING_FINALIZATION,AUTO_FROZEN,0.937099,0.050488
LI_031_R04.png,LI,LI_031,4,8,VQL,Linhas,Identificação,CONFORMING,CONFORMING,CONFORMING,CONFORMING,PENDING_BB,DIAGNOSTIC_OK,NOT_APPLICABLE,NOT_APPLICABLE,NOT_APPLICABLE,NO_FAILURE_SO_FAR,PENDING_FINALIZATION,AUTO_FROZEN,0.937099,0.050488
LI_031_R05.png,LI,LI_031,5,8,VQL,Linhas,Identificação,CONFORMING,CONFORMING,CONFORMING,CONFORMING,PENDING_BB,DIAGNOSTIC_OK,NOT_APPLICABLE,NOT_APPLICABLE,NOT_APPLICABLE,NO_FAILURE_SO_FAR,PENDING_FINALIZATION,AUTO_FROZEN,0.937099,0.050488
LI_031_R06.png,LI,LI_031,6,8,VQL,Linhas,Identificação,CONFORMING,CONFORMING,CONFORMING,CONFORMING,PENDING_BB,DIAGNOSTIC_OK,NOT_APPLICABLE,NOT_APPLICABLE,NOT_APPLICABLE,NO_FAILURE_SO_FAR,PENDING_FINALIZATION,AUTO_FROZEN,0.937099,0.050488
LI_031_R07.png,LI,LI_031,7,8,VQL,Linhas,Identificação,CONFORMING,CONFORMING,CONFORMING,CONFORMING,PENDING_BB,DIAGNOSTIC_OK,NOT_APPLICABLE,NOT_APPLICABLE,NOT_APPLICABLE,NO_FAILURE_SO_FAR,PENDING_FINALIZATION,AUTO_FROZEN,0.937099,0.050488
LI_031_R08.png,LI,LI_031,8,8,VQL,Linhas,Identificação,CONFORMING,CONFORMING,CONFORMING,CONFORMING,PENDING_BB,DIAGNOSTIC_OK,NOT_APPLICABLE,NOT_APPLICABLE,NOT_APPLICABLE,NO_FAILURE_SO_FAR,PENDING_FINALIZATION,AUTO_FROZEN,0.937099,0.050488
LI_031_R09.png,LI,LI_031,9,8,VQL,Linhas,Identificação,CONFORMING,CONFORMING,CONFORMING,CONFORMING,PENDING_BB,DIAGNOSTIC_OK,NOT_APPLICABLE,NOT_APPLICABLE,NOT_APPLICABLE,NO_FAILURE_SO_FAR,PENDING_FINALIZATION,AUTO_FROZEN,0.937099,0.050488
LI_031_R10.png,LI,LI_031,10,8,VQL,Linhas,Identificação,CONFORMING,CONFORMING,CONFORMING,CONFORMING,PENDING_BB,DIAGNOSTIC_OK,NOT_APPLICABLE,NOT_APPLICABLE,NOT_APPLICABLE,NO_FAILURE_SO_FAR,PENDING_FINALIZATION,AUTO_FROZEN,0.937099,0.050488
LI_032_R01.png,LI,LI_032,1,9,VQL,Linhas,Identificação,CONFORMING,CONFORMING,CONFORMING,CONFORMING,PENDING_BB,DIAGNOSTIC_OK,CONFORMING,CONFORMING,CONFORMING,NO_FAILURE_SO_FAR,PENDING_FINALIZATION,AUTO_FROZEN,0.983706,0.050221
LI_032_R02.png,LI,LI_032,2,9,VQL,Linhas,Identificação,CONFORMING,CONFORMING,CONFORMING,CONFORMING,PENDING_BB,DIAGNOSTIC_OK,NONCONFORMING,CONFORMING,NONCONFORMING,NONCONFORMING,NONCONFORMING,AUTO_FROZEN,0.987659,0.001875
LI_032_R03.png,LI,LI_032,3,9,VQL,Linhas,Identificação,CONFORMING,CONFORMING,CONFORMING,CONFORMING,PENDING_BB,DIAGNOSTIC_OK,NONCONFORMING,CONFORMING,NONCONFORMING,NONCONFORMING,NONCONFORMING,AUTO_FROZEN,0.987659,0.001875
LI_032_R04.png,LI,LI_032,4,9,VQL,Linhas,Identificação,CONFORMING,CONFORMING,CONFORMING,CONFORMING,PENDING_BB,DIAGNOSTIC_OK,NONCONFORMING,CONFORMING,NONCONFORMING,NONCONFORMING,NONCONFORMING,AUTO_FROZEN,0.987659,0.001875
LI_032_R05.png,LI,LI_032,5,9,VQL,Linhas,Identificação,CONFORMING,CONFORMING,CONFORMING,CONFORMING,PENDING_BB,DIAGNOSTIC_OK,NONCONFORMING,CONFORMING,NONCONFORMING,NONCONFORMING,NONCONFORMING,AUTO_FROZEN,0.987659,0.001875
LI_032_R06.png,LI,LI_032,6,9,VQL,Linhas,Identificação,CONFORMING,CONFORMING,CONFORMING,CONFORMING,PENDING_BB,DIAGNOSTIC_OK,NONCONFORMING,CONFORMING,NONCONFORMING,NONCONFORMING,NONCONFORMING,AUTO_FROZEN,0.987659,0.001875
LI_032_R07.png,LI,LI_032,7,9,VQL,Linhas,Identificação,CONFORMING,CONFORMING,CONFORMING,CONFORMING,PENDING_BB,DIAGNOSTIC_OK,NONCONFORMING,CONFORMING,NONCONFORMING,NONCONFORMING,NONCONFORMING,AUTO_FROZEN,0.983724,0.046592
LI_032_R08.png,LI,LI_032,8,9,VQL,Linhas,Identificação,CONFORMING,CONFORMING,CONFORMING,CONFORMING,PENDING_BB,DIAGNOSTIC_OK,NONCONFORMING,CONFORMING,NONCONFORMING,NONCONFORMING,NONCONFORMING,AUTO_FROZEN,0.983724,0.046592
LI_032_R09.png,LI,LI_032,9,9,VQL,Linhas,Identificação,CONFORMING,CONFORMING,CONFORMING,CONFORMING,PENDING_BB,DIAGNOSTIC_OK,NONCONFORMING,CONFORMING,NONCONFORMING,NONCONFORMING,NONCONFORMING,AUTO_FROZEN,0.983724,0.046592
LI_032_R10.png,LI,LI_032,10,9,VQL,Linhas,Identificação,CONFORMING,CONFORMING,CONFORMING,CONFORMING,PENDING_BB,DIAGNOSTIC_OK,NONCONFORMING,CONFORMING,NONCONFORMING,NONCONFORMING,NONCONFORMING,AUTO_FROZEN,0.983724,0.046592
LI_033_R01.png,LI,LI_033,1,10,VQL,Linhas,Identificação,CONFORMING,CONFORMING,CONFORMING,CONFORMING,PENDING_BB,DIAGNOSTIC_OK,CONFORMING,CONFORMING,NOT_APPLICABLE,NO_FAILURE_SO_FAR,PENDING_FINALIZATION,AUTO_FROZEN,0.972434,0.053546
LI_033_R02.png,LI,LI_033,2,10,VQL,Linhas,Identificação,CONFORMING,CONFORMING,CONFORMING,CONFORMING,PENDING_BB,DIAGNOSTIC_OK,CONFORMING,CONFORMING,NOT_APPLICABLE,NO_FAILURE_SO_FAR,PENDING_FINALIZATION,AUTO_FROZEN,0.978265,0.033125
LI_033_R03.png,LI,LI_033,3,10,VQL,Linhas,Identificação,CONFORMING,CONFORMING,CONFORMING,CONFORMING,PENDING_BB,DIAGNOSTIC_OK,CONFORMING,CONFORMING,NOT_APPLICABLE,NO_FAILURE_SO_FAR,PENDING_FINALIZATION,AUTO_FROZEN,0.978265,0.033125
LI_033_R04.png,LI,LI_033,4,10,VQL,Linhas,Identificação,CONFORMING,CONFORMING,CONFORMING,CONFORMING,PENDING_BB,DIAGNOSTIC_OK,CONFORMING,CONFORMING,NOT_APPLICABLE,NO_FAILURE_SO_FAR,PENDING_FINALIZATION,AUTO_FROZEN,0.978265,0.033125
LI_033_R05.png,LI,LI_033,5,10,VQL,Linhas,Identificação,CONFORMING,CONFORMING,CONFORMING,CONFORMING,PENDING_BB,DIAGNOSTIC_OK,CONFORMING,CONFORMING,NOT_APPLICABLE,NO_FAILURE_SO_FAR,PENDING_FINALIZATION,AUTO_FROZEN,0.978265,0.033125
LI_033_R06.png,LI,LI_033,6,10,VQL,Linhas,Identificação,CONFORMING,CONFORMING,CONFORMING,CONFORMING,PENDING_BB,DIAGNOSTIC_OK,CONFORMING,CONFORMING,NOT_APPLICABLE,NO_FAILURE_SO_FAR,PENDING_FINALIZATION,AUTO_FROZEN,0.978265,0.033125
LI_033_R07.png,LI,LI_033,7,10,VQL,Linhas,Identificação,CONFORMING,CONFORMING,CONFORMING,CONFORMING,PENDING_BB,DIAGNOSTIC_OK,CONFORMING,CONFORMING,NOT_APPLICABLE,NO_FAILURE_SO_FAR,PENDING_FINALIZATION,AUTO_FROZEN,0.978265,0.033125
LI_033_R08.png,LI,LI_033,8,10,VQL,Linhas,Identificação,CONFORMING,CONFORMING,CONFORMING,CONFORMING,PENDING_BB,DIAGNOSTIC_OK,CONFORMING,CONFORMING,NOT_APPLICABLE,NO_FAILURE_SO_FAR,PENDING_FINALIZATION,AUTO_FROZEN,0.978265,0.033125
LI_033_R09.png,LI,LI_033,9,10,VQL,Linhas,Identificação,CONFORMING,CONFORMING,CONFORMING,CONFORMING,PENDING_BB,DIAGNOSTIC_OK,CONFORMING,CONFORMING,NOT_APPLICABLE,NO_FAILURE_SO_FAR,PENDING_FINALIZATION,AUTO_FROZEN,0.978265,0.033125
LI_033_R10.png,LI,LI_033,10,10,VQL,Linhas,Identificação,CONFORMING,CONFORMING,CONFORMING,CONFORMING,PENDING_BB,DIAGNOSTIC_OK,CONFORMING,CONFORMING,NOT_APPLICABLE,NO_FAILURE_SO_FAR,PENDING_FINALIZATION,AUTO_FROZEN,0.978265,0.033125
LI_034_R01.png,LI,LI_034,1,11,VQL,Linhas,Identificação,CONFORMING,CONFORMING,CONFORMING,CONFORMING,PENDING_BB,DIAGNOSTIC_OK,NOT_APPLICABLE,NOT_APPLICABLE,NOT_APPLICABLE,NO_FAILURE_SO_FAR,PENDING_FINALIZATION,AUTO_FROZEN,0.982354,0.047588
LI_034_R02.png,LI,LI_034,2,11,VQL,Linhas,Identificação,CONFORMING,CONFORMING,CONFORMING,CONFORMING,PENDING_BB,DIAGNOSTIC_OK,NOT_APPLICABLE,NOT_APPLICABLE,NOT_APPLICABLE,NO_FAILURE_SO_FAR,PENDING_FINALIZATION,AUTO_FROZEN,0.936679,0.050221
LI_034_R03.png,LI,LI_034,3,11,VQL,Linhas,Identificação,CONFORMING,CONFORMING,CONFORMING,CONFORMING,PENDING_BB,DIAGNOSTIC_OK,NOT_APPLICABLE,NOT_APPLICABLE,NOT_APPLICABLE,NO_FAILURE_SO_FAR,PENDING_FINALIZATION,AUTO_FROZEN,0.936679,0.050221
LI_034_R04.png,LI,LI_034,4,11,VQL,Linhas,Identificação,CONFORMING,CONFORMING,CONFORMING,CONFORMING,PENDING_BB,DIAGNOSTIC_OK,NOT_APPLICABLE,NOT_APPLICABLE,NOT_APPLICABLE,NO_FAILURE_SO_FAR,PENDING_FINALIZATION,AUTO_FROZEN,0.936679,0.050221
LI_034_R05.png,LI,LI_034,5,11,VQL,Linhas,Identificação,CONFORMING,CONFORMING,CONFORMING,CONFORMING,PENDING_BB,DIAGNOSTIC_OK,NOT_APPLICABLE,NOT_APPLICABLE,NOT_APPLICABLE,NO_FAILURE_SO_FAR,PENDING_FINALIZATION,AUTO_FROZEN,0.936679,0.050221
LI_034_R06.png,LI,LI_034,6,11,VQL,Linhas,Identificação,CONFORMING,CONFORMING,CONFORMING,CONFORMING,PENDING_BB,DIAGNOSTIC_OK,NOT_APPLICABLE,NOT_APPLICABLE,NOT_APPLICABLE,NO_FAILURE_SO_FAR,PENDING_FINALIZATION,AUTO_FROZEN,0.936679,0.050221
LI_034_R07.png,LI,LI_034,7,11,VQL,Linhas,Identificação,CONFORMING,CONFORMING,CONFORMING,CONFORMING,PENDING_BB,DIAGNOSTIC_OK,NOT_APPLICABLE,NOT_APPLICABLE,NOT_APPLICABLE,NO_FAILURE_SO_FAR,PENDING_FINALIZATION,AUTO_FROZEN,0.936679,0.050221
LI_034_R08.png,LI,LI_034,8,11,VQL,Linhas,Identificação,CONFORMING,CONFORMING,CONFORMING,CONFORMING,PENDING_BB,DIAGNOSTIC_OK,NOT_APPLICABLE,NOT_APPLICABLE,NOT_APPLICABLE,NO_FAILURE_SO_FAR,PENDING_FINALIZATION,AUTO_FROZEN,0.936679,0.050221
LI_034_R09.png,LI,LI_034,9,11,VQL,Linhas,Identificação,CONFORMING,CONFORMING,CONFORMING,CONFORMING,PENDING_BB,DIAGNOSTIC_OK,NOT_APPLICABLE,NOT_APPLICABLE,NOT_APPLICABLE,NO_FAILURE_SO_FAR,PENDING_FINALIZATION,AUTO_FROZEN,0.936679,0.050221
LI_034_R10.png,LI,LI_034,10,11,VQL,Linhas,Identificação,CONFORMING,CONFORMING,CONFORMING,CONFORMING,PENDING_BB,DIAGNOSTIC_OK,NOT_APPLICABLE,NOT_APPLICABLE,NOT_APPLICABLE,NO_FAILURE_SO_FAR,PENDING_FINALIZATION,AUTO_FROZEN,0.936679,0.050221
LI_035_R01.png,LI,LI_035,1,12,VQL,Linhas,Identificação,CONFORMING,CONFORMING,CONFORMING,CONFORMING,PENDING_BB,DIAGNOSTIC_OK,NOT_APPLICABLE,NOT_APPLICABLE,NOT_APPLICABLE,NO_FAILURE_SO_FAR,PENDING_FINALIZATION,AUTO_FROZEN,0.944914,0.051712
LI_035_R02.png,LI,LI_035,2,12,VQL,Linhas,Identificação,CONFORMING,CONFORMING,CONFORMING,CONFORMING,PENDING_BB,DIAGNOSTIC_OK,NOT_APPLICABLE,NOT_APPLICABLE,NOT_APPLICABLE,NO_FAILURE_SO_FAR,PENDING_FINALIZATION,AUTO_FROZEN,0.970318,0.050752
LI_035_R03.png,LI,LI_035,3,12,VQL,Linhas,Identificação,CONFORMING,CONFORMING,CONFORMING,CONFORMING,PENDING_BB,DIAGNOSTIC_OK,NOT_APPLICABLE,NOT_APPLICABLE,NOT_APPLICABLE,NO_FAILURE_SO_FAR,PENDING_FINALIZATION,AUTO_FROZEN,0.970318,0.050752
LI_035_R04.png,LI,LI_035,4,12,VQL,Linhas,Identificação,CONFORMING,CONFORMING,CONFORMING,CONFORMING,PENDING_BB,DIAGNOSTIC_OK,NOT_APPLICABLE,NOT_APPLICABLE,NOT_APPLICABLE,NO_FAILURE_SO_FAR,PENDING_FINALIZATION,AUTO_FROZEN,0.970318,0.050752
LI_035_R05.png,LI,LI_035,5,12,VQL,Linhas,Identificação,CONFORMING,CONFORMING,CONFORMING,CONFORMING,PENDING_BB,DIAGNOSTIC_OK,NOT_APPLICABLE,NOT_APPLICABLE,NOT_APPLICABLE,NO_FAILURE_SO_FAR,PENDING_FINALIZATION,AUTO_FROZEN,0.970318,0.050752
LI_035_R06.png,LI,LI_035,6,12,VQL,Linhas,Identificação,CONFORMING,CONFORMING,CONFORMING,CONFORMING,PENDING_BB,DIAGNOSTIC_OK,NOT_APPLICABLE,NOT_APPLICABLE,NOT_APPLICABLE,NO_FAILURE_SO_FAR,PENDING_FINALIZATION,AUTO_FROZEN,0.970318,0.050752
LI_035_R07.png,LI,LI_035,7,12,VQL,Linhas,Identificação,CONFORMING,CONFORMING,CONFORMING,CONFORMING,PENDING_BB,DIAGNOSTIC_OK,NOT_APPLICABLE,NOT_APPLICABLE,NOT_APPLICABLE,NO_FAILURE_SO_FAR,PENDING_FINALIZATION,AUTO_FROZEN,0.970318,0.050752
LI_035_R08.png,LI,LI_035,8,12,VQL,Linhas,Identificação,CONFORMING,CONFORMING,CONFORMING,CONFORMING,PENDING_BB,DIAGNOSTIC_OK,NOT_APPLICABLE,NOT_APPLICABLE,NOT_APPLICABLE,NO_FAILURE_SO_FAR,PENDING_FINALIZATION,AUTO_FROZEN,0.970318,0.050752
LI_035_R09.png,LI,LI_035,9,12,VQL,Linhas,Identificação,CONFORMING,CONFORMING,CONFORMING,CONFORMING,PENDING_BB,DIAGNOSTIC_OK,NOT_APPLICABLE,NOT_APPLICABLE,NOT_APPLICABLE,NO_FAILURE_SO_FAR,PENDING_FINALIZATION,AUTO_FROZEN,0.970318,0.050752
LI_035_R10.png,LI,LI_035,10,12,VQL,Linhas,Identificação,CONFORMING,CONFORMING,CONFORMING,CONFORMING,PENDING_BB,DIAGNOSTIC_OK,NOT_APPLICABLE,NOT_APPLICABLE,NOT_APPLICABLE,NO_FAILURE_SO_FAR,PENDING_FINALIZATION,AUTO_FROZEN,0.970318,0.050752
LI_036_R01.png,LI,LI_036,1,13,VQL,Linhas,Identificação,CONFORMING,CONFORMING,NONCONFORMING,CONFORMING,PENDING_BB,DIAGNOSTIC_OK,CONFORMING,CONFORMING,CONFORMING,NONCONFORMING,NONCONFORMING,AUTO_FROZEN,1.0,0.049505
LI_036_R02.png,LI,LI_036,2,13,VQL,Linhas,Identificação,CONFORMING,CONFORMING,CONFORMING,CONFORMING,PENDING_BB,DIAGNOSTIC_OK,CONFORMING,CONFORMING,CONFORMING,NO_FAILURE_SO_FAR,PENDING_FINALIZATION,AUTO_FROZEN,0.970318,0.050752
LI_036_R03.png,LI,LI_036,3,13,VQL,Linhas,Identificação,CONFORMING,CONFORMING,CONFORMING,CONFORMING,PENDING_BB,DIAGNOSTIC_OK,CONFORMING,CONFORMING,CONFORMING,NO_FAILURE_SO_FAR,PENDING_FINALIZATION,AUTO_FROZEN,0.970318,0.050752
LI_036_R04.png,LI,LI_036,4,13,VQL,Linhas,Identificação,CONFORMING,CONFORMING,CONFORMING,CONFORMING,PENDING_BB,DIAGNOSTIC_OK,CONFORMING,CONFORMING,CONFORMING,NO_FAILURE_SO_FAR,PENDING_FINALIZATION,AUTO_FROZEN,0.970318,0.050752
LI_036_R05.png,LI,LI_036,5,13,VQL,Linhas,Identificação,CONFORMING,CONFORMING,CONFORMING,CONFORMING,PENDING_BB,DIAGNOSTIC_OK,CONFORMING,CONFORMING,CONFORMING,NO_FAILURE_SO_FAR,PENDING_FINALIZATION,AUTO_FROZEN,0.970318,0.050752
LI_036_R06.png,LI,LI_036,6,13,VQL,Linhas,Identificação,CONFORMING,CONFORMING,CONFORMING,CONFORMING,PENDING_BB,DIAGNOSTIC_OK,CONFORMING,CONFORMING,CONFORMING,NO_FAILURE_SO_FAR,PENDING_FINALIZATION,AUTO_FROZEN,0.970318,0.050752
LI_036_R07.png,LI,LI_036,7,13,VQL,Linhas,Identificação,CONFORMING,CONFORMING,CONFORMING,CONFORMING,PENDING_BB,DIAGNOSTIC_OK,CONFORMING,CONFORMING,CONFORMING,NO_FAILURE_SO_FAR,PENDING_FINALIZATION,AUTO_FROZEN,0.970318,0.050752
LI_036_R08.png,LI,LI_036,8,13,VQL,Linhas,Identificação,CONFORMING,CONFORMING,CONFORMING,CONFORMING,PENDING_BB,DIAGNOSTIC_OK,CONFORMING,CONFORMING,CONFORMING,NO_FAILURE_SO_FAR,PENDING_FINALIZATION,AUTO_FROZEN,0.970318,0.050752
LI_036_R09.png,LI,LI_036,9,13,VQL,Linhas,Identificação,CONFORMING,CONFORMING,CONFORMING,CONFORMING,PENDING_BB,DIAGNOSTIC_OK,CONFORMING,CONFORMING,CONFORMING,NO_FAILURE_SO_FAR,PENDING_FINALIZATION,AUTO_FROZEN,0.970318,0.050752
LI_036_R10.png,LI,LI_036,10,13,VQL,Linhas,Identificação,CONFORMING,CONFORMING,CONFORMING,CONFORMING,PENDING_BB,DIAGNOSTIC_OK,CONFORMING,CONFORMING,CONFORMING,NO_FAILURE_SO_FAR,PENDING_FINALIZATION,AUTO_FROZEN,0.970318,0.050752
LI_037_R01.png,LI,LI_037,1,14,VQL,Linhas,Identificação,CONFORMING,CONFORMING,CONFORMING,CONFORMING,PENDING_BB,DIAGNOSTIC_OK,CONFORMING,CONFORMING,NOT_APPLICABLE,NO_FAILURE_SO_FAR,PENDING_FINALIZATION,AUTO_FROZEN,0.886328,0.033125
LI_037_R02.png,LI,LI_037,2,14,VQL,Linhas,Identificação,CONFORMING,CONFORMING,NONCONFORMING,CONFORMING,PENDING_BB,DIAGNOSTIC_OK,CONFORMING,CONFORMING,NOT_APPLICABLE,NONCONFORMING,NONCONFORMING,AUTO_FROZEN,0.966456,0.033125
LI_037_R03.png,LI,LI_037,3,14,VQL,Linhas,Identificação,CONFORMING,CONFORMING,NONCONFORMING,CONFORMING,PENDING_BB,DIAGNOSTIC_OK,CONFORMING,CONFORMING,NOT_APPLICABLE,NONCONFORMING,NONCONFORMING,AUTO_FROZEN,0.966456,0.033125
LI_037_R04.png,LI,LI_037,4,14,VQL,Linhas,Identificação,CONFORMING,CONFORMING,NONCONFORMING,CONFORMING,PENDING_BB,DIAGNOSTIC_OK,CONFORMING,CONFORMING,NOT_APPLICABLE,NONCONFORMING,NONCONFORMING,AUTO_FROZEN,0.966456,0.033125
LI_037_R05.png,LI,LI_037,5,14,VQL,Linhas,Identificação,CONFORMING,CONFORMING,NONCONFORMING,CONFORMING,PENDING_BB,DIAGNOSTIC_OK,CONFORMING,CONFORMING,NOT_APPLICABLE,NONCONFORMING,NONCONFORMING,AUTO_FROZEN,0.966456,0.033125
LI_037_R06.png,LI,LI_037,6,14,VQL,Linhas,Identificação,CONFORMING,CONFORMING,NONCONFORMING,CONFORMING,PENDING_BB,DIAGNOSTIC_OK,CONFORMING,CONFORMING,NOT_APPLICABLE,NONCONFORMING,NONCONFORMING,AUTO_FROZEN,0.966456,0.033125
LI_037_R07.png,LI,LI_037,7,14,VQL,Linhas,Identificação,CONFORMING,CONFORMING,NONCONFORMING,CONFORMING,PENDING_BB,DIAGNOSTIC_OK,CONFORMING,CONFORMING,NOT_APPLICABLE,NONCONFORMING,NONCONFORMING,AUTO_FROZEN,0.966456,0.033125
LI_037_R08.png,LI,LI_037,8,14,VQL,Linhas,Identificação,CONFORMING,CONFORMING,NONCONFORMING,CONFORMING,PENDING_BB,DIAGNOSTIC_OK,CONFORMING,CONFORMING,NOT_APPLICABLE,NONCONFORMING,NONCONFORMING,AUTO_FROZEN,0.966456,0.033125
LI_037_R09.png,LI,LI_037,9,14,VQL,Linhas,Identificação,CONFORMING,CONFORMING,NONCONFORMING,CONFORMING,PENDING_BB,DIAGNOSTIC_OK,CONFORMING,CONFORMING,NOT_APPLICABLE,NONCONFORMING,NONCONFORMING,AUTO_FROZEN,0.966456,0.033125
LI_037_R10.png,LI,LI_037,10,14,VQL,Linhas,Identificação,CONFORMING,CONFORMING,NONCONFORMING,CONFORMING,PENDING_BB,DIAGNOSTIC_OK,CONFORMING,CONFORMING,NOT_APPLICABLE,NONCONFORMING,NONCONFORMING,AUTO_FROZEN,0.966456,0.033125
LI_038_R01.png,LI,LI_038,1,15,VQL,Linhas,Identificação,CONFORMING,CONFORMING,CONFORMING,CONFORMING,PENDING_BB,DIAGNOSTIC_OK,NOT_APPLICABLE,NOT_APPLICABLE,NOT_APPLICABLE,NO_FAILURE_SO_FAR,PENDING_FINALIZATION,AUTO_FROZEN,0.935955,0.050221
LI_038_R02.png,LI,LI_038,2,15,VQL,Linhas,Identificação,CONFORMING,CONFORMING,CONFORMING,CONFORMING,PENDING_BB,DIAGNOSTIC_OK,NOT_APPLICABLE,NOT_APPLICABLE,NOT_APPLICABLE,NO_FAILURE_SO_FAR,PENDING_FINALIZATION,AUTO_FROZEN,0.959851,0.001875
LI_038_R03.png,LI,LI_038,3,15,VQL,Linhas,Identificação,CONFORMING,CONFORMING,CONFORMING,CONFORMING,PENDING_BB,DIAGNOSTIC_OK,NOT_APPLICABLE,NOT_APPLICABLE,NOT_APPLICABLE,NO_FAILURE_SO_FAR,PENDING_FINALIZATION,AUTO_FROZEN,0.959851,0.001875
LI_038_R04.png,LI,LI_038,4,15,VQL,Linhas,Identificação,CONFORMING,CONFORMING,CONFORMING,CONFORMING,PENDING_BB,DIAGNOSTIC_OK,NOT_APPLICABLE,NOT_APPLICABLE,NOT_APPLICABLE,NO_FAILURE_SO_FAR,PENDING_FINALIZATION,AUTO_FROZEN,0.959851,0.001875
LI_038_R05.png,LI,LI_038,5,15,VQL,Linhas,Identificação,CONFORMING,CONFORMING,CONFORMING,CONFORMING,PENDING_BB,DIAGNOSTIC_OK,NOT_APPLICABLE,NOT_APPLICABLE,NOT_APPLICABLE,NO_FAILURE_SO_FAR,PENDING_FINALIZATION,AUTO_FROZEN,0.959851,0.001875
LI_038_R06.png,LI,LI_038,6,15,VQL,Linhas,Identificação,CONFORMING,CONFORMING,CONFORMING,CONFORMING,PENDING_BB,DIAGNOSTIC_OK,NOT_APPLICABLE,NOT_APPLICABLE,NOT_APPLICABLE,NO_FAILURE_SO_FAR,PENDING_FINALIZATION,AUTO_FROZEN,0.959851,0.001875
LI_038_R07.png,LI,LI_038,7,15,VQL,Linhas,Identificação,CONFORMING,CONFORMING,CONFORMING,CONFORMING,PENDING_BB,DIAGNOSTIC_OK,NOT_APPLICABLE,NOT_APPLICABLE,NOT_APPLICABLE,NO_FAILURE_SO_FAR,PENDING_FINALIZATION,AUTO_FROZEN,0.959851,0.001875
LI_038_R08.png,LI,LI_038,8,15,VQL,Linhas,Identificação,CONFORMING,CONFORMING,CONFORMING,CONFORMING,PENDING_BB,DIAGNOSTIC_OK,NOT_APPLICABLE,NOT_APPLICABLE,NOT_APPLICABLE,NO_FAILURE_SO_FAR,PENDING_FINALIZATION,AUTO_FROZEN,0.959851,0.001875
LI_038_R09.png,LI,LI_038,9,15,VQL,Linhas,Identificação,CONFORMING,CONFORMING,CONFORMING,CONFORMING,PENDING_BB,DIAGNOSTIC_OK,NOT_APPLICABLE,NOT_APPLICABLE,NOT_APPLICABLE,NO_FAILURE_SO_FAR,PENDING_FINALIZATION,AUTO_FROZEN,0.965769,0.001875
LI_038_R10.png,LI,LI_038,10,15,VQL,Linhas,Identificação,CONFORMING,CONFORMING,CONFORMING,CONFORMING,PENDING_BB,DIAGNOSTIC_OK,NOT_APPLICABLE,NOT_APPLICABLE,NOT_APPLICABLE,NO_FAILURE_SO_FAR,PENDING_FINALIZATION,AUTO_FROZEN,0.965769,0.001875
LI_039_R01.png,LI,LI_039,1,16,VQL,Linhas,Identificação,CONFORMING,CONFORMING,CONFORMING,CONFORMING,PENDING_BB,DIAGNOSTIC_OK,CONFORMING,CONFORMING,NOT_APPLICABLE,NO_FAILURE_SO_FAR,PENDING_FINALIZATION,AUTO_FROZEN,0.97121,0.052706
LI_039_R02.png,LI,LI_039,2,16,VQL,Linhas,Identificação,CONFORMING,CONFORMING,CONFORMING,CONFORMING,PENDING_BB,DIAGNOSTIC_OK,CONFORMING,CONFORMING,NOT_APPLICABLE,NO_FAILURE_SO_FAR,PENDING_FINALIZATION,AUTO_FROZEN,0.965769,0.001875
LI_039_R03.png,LI,LI_039,3,16,VQL,Linhas,Identificação,CONFORMING,CONFORMING,CONFORMING,CONFORMING,PENDING_BB,DIAGNOSTIC_OK,CONFORMING,CONFORMING,NOT_APPLICABLE,NO_FAILURE_SO_FAR,PENDING_FINALIZATION,AUTO_FROZEN,0.965769,0.001875
LI_039_R04.png,LI,LI_039,4,16,VQL,Linhas,Identificação,CONFORMING,CONFORMING,CONFORMING,CONFORMING,PENDING_BB,DIAGNOSTIC_OK,CONFORMING,CONFORMING,NOT_APPLICABLE,NO_FAILURE_SO_FAR,PENDING_FINALIZATION,AUTO_FROZEN,0.965769,0.001875
LI_039_R05.png,LI,LI_039,5,16,VQL,Linhas,Identificação,CONFORMING,CONFORMING,CONFORMING,CONFORMING,PENDING_BB,DIAGNOSTIC_OK,CONFORMING,CONFORMING,NOT_APPLICABLE,NO_FAILURE_SO_FAR,PENDING_FINALIZATION,AUTO_FROZEN,0.965769,0.001875
LI_039_R06.png,LI,LI_039,6,16,VQL,Linhas,Identificação,CONFORMING,CONFORMING,CONFORMING,CONFORMING,PENDING_BB,DIAGNOSTIC_OK,CONFORMING,CONFORMING,NOT_APPLICABLE,NO_FAILURE_SO_FAR,PENDING_FINALIZATION,AUTO_FROZEN,0.965769,0.001875
LI_039_R07.png,LI,LI_039,7,16,VQL,Linhas,Identificação,CONFORMING,CONFORMING,CONFORMING,CONFORMING,PENDING_BB,DIAGNOSTIC_OK,CONFORMING,CONFORMING,NOT_APPLICABLE,NO_FAILURE_SO_FAR,PENDING_FINALIZATION,AUTO_FROZEN,0.965769,0.001875
LI_039_R08.png,LI,LI_039,8,16,VQL,Linhas,Identificação,CONFORMING,CONFORMING,CONFORMING,CONFORMING,PENDING_BB,DIAGNOSTIC_OK,CONFORMING,CONFORMING,NOT_APPLICABLE,NO_FAILURE_SO_FAR,PENDING_FINALIZATION,AUTO_FROZEN,0.965769,0.001875
LI_039_R09.png,LI,LI_039,9,16,VQL,Linhas,Identificação,CONFORMING,CONFORMING,CONFORMING,CONFORMING,PENDING_BB,DIAGNOSTIC_OK,CONFORMING,CONFORMING,NOT_APPLICABLE,NO_FAILURE_SO_FAR,PENDING_FINALIZATION,AUTO_FROZEN,0.965769,0.001875
LI_039_R10.png,LI,LI_039,10,16,VQL,Linhas,Identificação,CONFORMING,CONFORMING,CONFORMING,CONFORMING,PENDING_BB,DIAGNOSTIC_OK,CONFORMING,CONFORMING,NOT_APPLICABLE,NO_FAILURE_SO_FAR,PENDING_FINALIZATION,AUTO_FROZEN,0.965769,0.001875
LI_040_R01.png,LI,LI_040,1,1,ZERO-SHOT,Linhas,Identificação,CONFORMING,CONFORMING,NONCONFORMING,CONFORMING,PENDING_BB,DIAGNOSTIC_OK,CONFORMING,CONFORMING,NOT_APPLICABLE,NONCONFORMING,NONCONFORMING,AUTO_FROZEN,0.998318,0.056283
LI_040_R02.png,LI,LI_040,2,1,ZERO-SHOT,Linhas,Identificação,CONFORMING,CONFORMING,CONFORMING,CONFORMING,PENDING_BB,DIAGNOSTIC_OK,CONFORMING,CONFORMING,NOT_APPLICABLE,NO_FAILURE_SO_FAR,PENDING_FINALIZATION,AUTO_FROZEN,0.959307,0.001875
LI_040_R03.png,LI,LI_040,3,1,ZERO-SHOT,Linhas,Identificação,CONFORMING,CONFORMING,CONFORMING,CONFORMING,PENDING_BB,DIAGNOSTIC_OK,CONFORMING,CONFORMING,NOT_APPLICABLE,NO_FAILURE_SO_FAR,PENDING_FINALIZATION,AUTO_FROZEN,0.959307,0.001875
LI_040_R04.png,LI,LI_040,4,1,ZERO-SHOT,Linhas,Identificação,CONFORMING,CONFORMING,CONFORMING,CONFORMING,PENDING_BB,DIAGNOSTIC_OK,CONFORMING,CONFORMING,NOT_APPLICABLE,NO_FAILURE_SO_FAR,PENDING_FINALIZATION,AUTO_FROZEN,0.959307,0.001875
LI_040_R05.png,LI,LI_040,5,1,ZERO-SHOT,Linhas,Identificação,CONFORMING,CONFORMING,CONFORMING,CONFORMING,PENDING_BB,DIAGNOSTIC_OK,CONFORMING,CONFORMING,NOT_APPLICABLE,NO_FAILURE_SO_FAR,PENDING_FINALIZATION,AUTO_FROZEN,0.959307,0.001875
LI_040_R06.png,LI,LI_040,6,1,ZERO-SHOT,Linhas,Identificação,CONFORMING,CONFORMING,CONFORMING,CONFORMING,PENDING_BB,DIAGNOSTIC_OK,CONFORMING,CONFORMING,NOT_APPLICABLE,NO_FAILURE_SO_FAR,PENDING_FINALIZATION,AUTO_FROZEN,0.959307,0.001875
LI_040_R07.png,LI,LI_040,7,1,ZERO-SHOT,Linhas,Identificação,CONFORMING,CONFORMING,CONFORMING,CONFORMING,PENDING_BB,DIAGNOSTIC_OK,CONFORMING,CONFORMING,NOT_APPLICABLE,NO_FAILURE_SO_FAR,PENDING_FINALIZATION,AUTO_FROZEN,0.959307,0.001875
LI_040_R08.png,LI,LI_040,8,1,ZERO-SHOT,Linhas,Identificação,CONFORMING,CONFORMING,CONFORMING,CONFORMING,PENDING_BB,DIAGNOSTIC_OK,CONFORMING,CONFORMING,NOT_APPLICABLE,NO_FAILURE_SO_FAR,PENDING_FINALIZATION,AUTO_FROZEN,0.959307,0.001875
LI_040_R09.png,LI,LI_040,9,1,ZERO-SHOT,Linhas,Identificação,CONFORMING,CONFORMING,CONFORMING,CONFORMING,PENDING_BB,DIAGNOSTIC_OK,CONFORMING,CONFORMING,NOT_APPLICABLE,NO_FAILURE_SO_FAR,PENDING_FINALIZATION,AUTO_FROZEN,0.959307,0.001875
LI_040_R10.png,LI,LI_040,10,1,ZERO-SHOT,Linhas,Identificação,CONFORMING,CONFORMING,CONFORMING,CONFORMING,PENDING_BB,DIAGNOSTIC_OK,CONFORMING,CONFORMING,NOT_APPLICABLE,NO_FAILURE_SO_FAR,PENDING_FINALIZATION,AUTO_FROZEN,0.959307,0.001875
LI_041_R01.png,LI,LI_041,1,4,ZERO-SHOT,Linhas,Identificação,CONFORMING,CONFORMING,CONFORMING,CONFORMING,PENDING_BB,DIAGNOSTIC_OK,CONFORMING,CONFORMING,NOT_APPLICABLE,NO_FAILURE_SO_FAR,PENDING_FINALIZATION,AUTO_FROZEN,0.936221,0.053546
LI_041_R02.png,LI,LI_041,2,4,ZERO-SHOT,Linhas,Identificação,CONFORMING,CONFORMING,CONFORMING,CONFORMING,PENDING_BB,DIAGNOSTIC_OK,CONFORMING,CONFORMING,NOT_APPLICABLE,NO_FAILURE_SO_FAR,PENDING_FINALIZATION,AUTO_FROZEN,0.945676,0.001875
LI_041_R03.png,LI,LI_041,3,4,ZERO-SHOT,Linhas,Identificação,CONFORMING,CONFORMING,CONFORMING,CONFORMING,PENDING_BB,DIAGNOSTIC_OK,CONFORMING,CONFORMING,NOT_APPLICABLE,NO_FAILURE_SO_FAR,PENDING_FINALIZATION,AUTO_FROZEN,0.945676,0.001875
LI_041_R04.png,LI,LI_041,4,4,ZERO-SHOT,Linhas,Identificação,CONFORMING,CONFORMING,CONFORMING,CONFORMING,PENDING_BB,DIAGNOSTIC_OK,CONFORMING,CONFORMING,NOT_APPLICABLE,NO_FAILURE_SO_FAR,PENDING_FINALIZATION,AUTO_FROZEN,0.945676,0.001875
LI_041_R05.png,LI,LI_041,5,4,ZERO-SHOT,Linhas,Identificação,CONFORMING,CONFORMING,CONFORMING,CONFORMING,PENDING_BB,DIAGNOSTIC_OK,CONFORMING,CONFORMING,NOT_APPLICABLE,NO_FAILURE_SO_FAR,PENDING_FINALIZATION,AUTO_FROZEN,0.945676,0.001875
LI_041_R06.png,LI,LI_041,6,4,ZERO-SHOT,Linhas,Identificação,CONFORMING,CONFORMING,CONFORMING,CONFORMING,PENDING_BB,DIAGNOSTIC_OK,CONFORMING,CONFORMING,NOT_APPLICABLE,NO_FAILURE_SO_FAR,PENDING_FINALIZATION,AUTO_FROZEN,0.945676,0.001875
LI_041_R07.png,LI,LI_041,7,4,ZERO-SHOT,Linhas,Identificação,CONFORMING,CONFORMING,CONFORMING,CONFORMING,PENDING_BB,DIAGNOSTIC_OK,CONFORMING,CONFORMING,NOT_APPLICABLE,NO_FAILURE_SO_FAR,PENDING_FINALIZATION,AUTO_FROZEN,0.945676,0.001875
LI_041_R08.png,LI,LI_041,8,4,ZERO-SHOT,Linhas,Identificação,CONFORMING,CONFORMING,CONFORMING,CONFORMING,PENDING_BB,DIAGNOSTIC_OK,CONFORMING,CONFORMING,NOT_APPLICABLE,NO_FAILURE_SO_FAR,PENDING_FINALIZATION,AUTO_FROZEN,0.945676,0.001875
LI_041_R09.png,LI,LI_041,9,4,ZERO-SHOT,Linhas,Identificação,CONFORMING,CONFORMING,CONFORMING,CONFORMING,PENDING_BB,DIAGNOSTIC_OK,CONFORMING,CONFORMING,NOT_APPLICABLE,NO_FAILURE_SO_FAR,PENDING_FINALIZATION,AUTO_FROZEN,0.945676,0.001875
LI_041_R10.png,LI,LI_041,10,4,ZERO-SHOT,Linhas,Identificação,CONFORMING,CONFORMING,CONFORMING,CONFORMING,PENDING_BB,DIAGNOSTIC_OK,CONFORMING,CONFORMING,NOT_APPLICABLE,NO_FAILURE_SO_FAR,PENDING_FINALIZATION,AUTO_FROZEN,0.945676,0.001875
LI_042_R01.png,LI,LI_042,1,6,ZERO-SHOT,Linhas,Identificação,CONFORMING,CONFORMING,CONFORMING,CONFORMING,PENDING_BB,DIAGNOSTIC_OK,NOT_APPLICABLE,NOT_APPLICABLE,NOT_APPLICABLE,NO_FAILURE_SO_FAR,PENDING_FINALIZATION,AUTO_FROZEN,0.945516,0.055036
LI_042_R02.png,LI,LI_042,2,6,ZERO-SHOT,Linhas,Identificação,CONFORMING,CONFORMING,CONFORMING,CONFORMING,PENDING_BB,DIAGNOSTIC_OK,NOT_APPLICABLE,NOT_APPLICABLE,NOT_APPLICABLE,NO_FAILURE_SO_FAR,PENDING_FINALIZATION,AUTO_FROZEN,0.936679,0.050221
LI_042_R03.png,LI,LI_042,3,6,ZERO-SHOT,Linhas,Identificação,CONFORMING,CONFORMING,CONFORMING,CONFORMING,PENDING_BB,DIAGNOSTIC_OK,NOT_APPLICABLE,NOT_APPLICABLE,NOT_APPLICABLE,NO_FAILURE_SO_FAR,PENDING_FINALIZATION,AUTO_FROZEN,0.936679,0.050221
LI_042_R04.png,LI,LI_042,4,6,ZERO-SHOT,Linhas,Identificação,CONFORMING,CONFORMING,CONFORMING,CONFORMING,PENDING_BB,DIAGNOSTIC_OK,NOT_APPLICABLE,NOT_APPLICABLE,NOT_APPLICABLE,NO_FAILURE_SO_FAR,PENDING_FINALIZATION,AUTO_FROZEN,0.936679,0.050221
LI_042_R05.png,LI,LI_042,5,6,ZERO-SHOT,Linhas,Identificação,CONFORMING,CONFORMING,CONFORMING,CONFORMING,PENDING_BB,DIAGNOSTIC_OK,NOT_APPLICABLE,NOT_APPLICABLE,NOT_APPLICABLE,NO_FAILURE_SO_FAR,PENDING_FINALIZATION,AUTO_FROZEN,0.936679,0.050221
LI_042_R06.png,LI,LI_042,6,6,ZERO-SHOT,Linhas,Identificação,CONFORMING,CONFORMING,CONFORMING,CONFORMING,PENDING_BB,DIAGNOSTIC_OK,NOT_APPLICABLE,NOT_APPLICABLE,NOT_APPLICABLE,NO_FAILURE_SO_FAR,PENDING_FINALIZATION,AUTO_FROZEN,0.936679,0.050221
LI_042_R07.png,LI,LI_042,7,6,ZERO-SHOT,Linhas,Identificação,CONFORMING,CONFORMING,CONFORMING,CONFORMING,PENDING_BB,DIAGNOSTIC_OK,NOT_APPLICABLE,NOT_APPLICABLE,NOT_APPLICABLE,NO_FAILURE_SO_FAR,PENDING_FINALIZATION,AUTO_FROZEN,0.936679,0.050221
LI_042_R08.png,LI,LI_042,8,6,ZERO-SHOT,Linhas,Identificação,CONFORMING,CONFORMING,CONFORMING,CONFORMING,PENDING_BB,DIAGNOSTIC_OK,NOT_APPLICABLE,NOT_APPLICABLE,NOT_APPLICABLE,NO_FAILURE_SO_FAR,PENDING_FINALIZATION,AUTO_FROZEN,0.936679,0.050221
LI_042_R09.png,LI,LI_042,9,6,ZERO-SHOT,Linhas,Identificação,CONFORMING,CONFORMING,CONFORMING,CONFORMING,PENDING_BB,DIAGNOSTIC_OK,NOT_APPLICABLE,NOT_APPLICABLE,NOT_APPLICABLE,NO_FAILURE_SO_FAR,PENDING_FINALIZATION,AUTO_FROZEN,0.936679,0.050221
LI_042_R10.png,LI,LI_042,10,6,ZERO-SHOT,Linhas,Identificação,CONFORMING,CONFORMING,CONFORMING,CONFORMING,PENDING_BB,DIAGNOSTIC_OK,NOT_APPLICABLE,NOT_APPLICABLE,NOT_APPLICABLE,NO_FAILURE_SO_FAR,PENDING_FINALIZATION,AUTO_FROZEN,0.936679,0.050221
LI_043_R01.png,LI,LI_043,1,7,ZERO-SHOT,Linhas,Identificação,CONFORMING,CONFORMING,CONFORMING,CONFORMING,PENDING_BB,DIAGNOSTIC_OK,NOT_APPLICABLE,NOT_APPLICABLE,NOT_APPLICABLE,NO_FAILURE_SO_FAR,PENDING_FINALIZATION,AUTO_FROZEN,0.944914,0.051712
LI_043_R02.png,LI,LI_043,2,7,ZERO-SHOT,Linhas,Identificação,CONFORMING,CONFORMING,CONFORMING,CONFORMING,PENDING_BB,DIAGNOSTIC_OK,NOT_APPLICABLE,NOT_APPLICABLE,NOT_APPLICABLE,NO_FAILURE_SO_FAR,PENDING_FINALIZATION,AUTO_FROZEN,0.959307,0.001875
LI_043_R03.png,LI,LI_043,3,7,ZERO-SHOT,Linhas,Identificação,CONFORMING,CONFORMING,CONFORMING,CONFORMING,PENDING_BB,DIAGNOSTIC_OK,NOT_APPLICABLE,NOT_APPLICABLE,NOT_APPLICABLE,NO_FAILURE_SO_FAR,PENDING_FINALIZATION,AUTO_FROZEN,0.959307,0.001875
LI_043_R04.png,LI,LI_043,4,7,ZERO-SHOT,Linhas,Identificação,CONFORMING,CONFORMING,CONFORMING,CONFORMING,PENDING_BB,DIAGNOSTIC_OK,NOT_APPLICABLE,NOT_APPLICABLE,NOT_APPLICABLE,NO_FAILURE_SO_FAR,PENDING_FINALIZATION,AUTO_FROZEN,0.959307,0.001875
LI_043_R05.png,LI,LI_043,5,7,ZERO-SHOT,Linhas,Identificação,CONFORMING,CONFORMING,CONFORMING,CONFORMING,PENDING_BB,DIAGNOSTIC_OK,NOT_APPLICABLE,NOT_APPLICABLE,NOT_APPLICABLE,NO_FAILURE_SO_FAR,PENDING_FINALIZATION,AUTO_FROZEN,0.959307,0.001875
LI_043_R06.png,LI,LI_043,6,7,ZERO-SHOT,Linhas,Identificação,CONFORMING,CONFORMING,CONFORMING,CONFORMING,PENDING_BB,DIAGNOSTIC_OK,NOT_APPLICABLE,NOT_APPLICABLE,NOT_APPLICABLE,NO_FAILURE_SO_FAR,PENDING_FINALIZATION,AUTO_FROZEN,0.959307,0.001875
LI_043_R07.png,LI,LI_043,7,7,ZERO-SHOT,Linhas,Identificação,CONFORMING,CONFORMING,CONFORMING,CONFORMING,PENDING_BB,DIAGNOSTIC_OK,NOT_APPLICABLE,NOT_APPLICABLE,NOT_APPLICABLE,NO_FAILURE_SO_FAR,PENDING_FINALIZATION,AUTO_FROZEN,0.959307,0.001875
LI_043_R08.png,LI,LI_043,8,7,ZERO-SHOT,Linhas,Identificação,CONFORMING,CONFORMING,CONFORMING,CONFORMING,PENDING_BB,DIAGNOSTIC_OK,NOT_APPLICABLE,NOT_APPLICABLE,NOT_APPLICABLE,NO_FAILURE_SO_FAR,PENDING_FINALIZATION,AUTO_FROZEN,0.959307,0.001875
LI_043_R09.png,LI,LI_043,9,7,ZERO-SHOT,Linhas,Identificação,CONFORMING,CONFORMING,CONFORMING,CONFORMING,PENDING_BB,DIAGNOSTIC_OK,NOT_APPLICABLE,NOT_APPLICABLE,NOT_APPLICABLE,NO_FAILURE_SO_FAR,PENDING_FINALIZATION,AUTO_FROZEN,0.959307,0.001875
LI_043_R10.png,LI,LI_043,10,7,ZERO-SHOT,Linhas,Identificação,CONFORMING,CONFORMING,CONFORMING,CONFORMING,PENDING_BB,DIAGNOSTIC_OK,NOT_APPLICABLE,NOT_APPLICABLE,NOT_APPLICABLE,NO_FAILURE_SO_FAR,PENDING_FINALIZATION,AUTO_FROZEN,0.959307,0.001875
LI_044_R01.png,LI,LI_044,1,8,ZERO-SHOT,Linhas,Identificação,CONFORMING,CONFORMING,CONFORMING,CONFORMING,PENDING_BB,DIAGNOSTIC_OK,NOT_APPLICABLE,NOT_APPLICABLE,NOT_APPLICABLE,NO_FAILURE_SO_FAR,PENDING_FINALIZATION,AUTO_FROZEN,0.944914,0.051712
LI_044_R02.png,LI,LI_044,2,8,ZERO-SHOT,Linhas,Identificação,CONFORMING,CONFORMING,CONFORMING,CONFORMING,PENDING_BB,DIAGNOSTIC_OK,NOT_APPLICABLE,NOT_APPLICABLE,NOT_APPLICABLE,NO_FAILURE_SO_FAR,PENDING_FINALIZATION,AUTO_FROZEN,0.936679,0.050221
LI_044_R03.png,LI,LI_044,3,8,ZERO-SHOT,Linhas,Identificação,CONFORMING,CONFORMING,CONFORMING,CONFORMING,PENDING_BB,DIAGNOSTIC_OK,NOT_APPLICABLE,NOT_APPLICABLE,NOT_APPLICABLE,NO_FAILURE_SO_FAR,PENDING_FINALIZATION,AUTO_FROZEN,0.936679,0.050221
LI_044_R04.png,LI,LI_044,4,8,ZERO-SHOT,Linhas,Identificação,CONFORMING,CONFORMING,CONFORMING,CONFORMING,PENDING_BB,DIAGNOSTIC_OK,NOT_APPLICABLE,NOT_APPLICABLE,NOT_APPLICABLE,NO_FAILURE_SO_FAR,PENDING_FINALIZATION,AUTO_FROZEN,0.936679,0.050221
LI_044_R05.png,LI,LI_044,5,8,ZERO-SHOT,Linhas,Identificação,CONFORMING,CONFORMING,CONFORMING,CONFORMING,PENDING_BB,DIAGNOSTIC_OK,NOT_APPLICABLE,NOT_APPLICABLE,NOT_APPLICABLE,NO_FAILURE_SO_FAR,PENDING_FINALIZATION,AUTO_FROZEN,0.936679,0.050221
LI_044_R06.png,LI,LI_044,6,8,ZERO-SHOT,Linhas,Identificação,CONFORMING,CONFORMING,CONFORMING,CONFORMING,PENDING_BB,DIAGNOSTIC_OK,NOT_APPLICABLE,NOT_APPLICABLE,NOT_APPLICABLE,NO_FAILURE_SO_FAR,PENDING_FINALIZATION,AUTO_FROZEN,0.936679,0.050221
LI_044_R07.png,LI,LI_044,7,8,ZERO-SHOT,Linhas,Identificação,CONFORMING,CONFORMING,CONFORMING,CONFORMING,PENDING_BB,DIAGNOSTIC_OK,NOT_APPLICABLE,NOT_APPLICABLE,NOT_APPLICABLE,NO_FAILURE_SO_FAR,PENDING_FINALIZATION,AUTO_FROZEN,0.936679,0.050221
LI_044_R08.png,LI,LI_044,8,8,ZERO-SHOT,Linhas,Identificação,CONFORMING,CONFORMING,CONFORMING,CONFORMING,PENDING_BB,DIAGNOSTIC_OK,NOT_APPLICABLE,NOT_APPLICABLE,NOT_APPLICABLE,NO_FAILURE_SO_FAR,PENDING_FINALIZATION,AUTO_FROZEN,0.936679,0.050221
LI_044_R09.png,LI,LI_044,9,8,ZERO-SHOT,Linhas,Identificação,CONFORMING,CONFORMING,CONFORMING,CONFORMING,PENDING_BB,DIAGNOSTIC_OK,NOT_APPLICABLE,NOT_APPLICABLE,NOT_APPLICABLE,NO_FAILURE_SO_FAR,PENDING_FINALIZATION,AUTO_FROZEN,0.936679,0.050221
LI_044_R10.png,LI,LI_044,10,8,ZERO-SHOT,Linhas,Identificação,CONFORMING,CONFORMING,CONFORMING,CONFORMING,PENDING_BB,DIAGNOSTIC_OK,NOT_APPLICABLE,NOT_APPLICABLE,NOT_APPLICABLE,NO_FAILURE_SO_FAR,PENDING_FINALIZATION,AUTO_FROZEN,0.936679,0.050221
LI_045_R01.png,LI,LI_045,1,9,ZERO-SHOT,Linhas,Identificação,CONFORMING,CONFORMING,CONFORMING,CONFORMING,PENDING_BB,DIAGNOSTIC_OK,CONFORMING,CONFORMING,CONFORMING,NO_FAILURE_SO_FAR,PENDING_FINALIZATION,AUTO_FROZEN,0.981499,0.0611
LI_045_R02.png,LI,LI_045,2,9,ZERO-SHOT,Linhas,Identificação,CONFORMING,CONFORMING,CONFORMING,CONFORMING,PENDING_BB,DIAGNOSTIC_OK,NONCONFORMING,CONFORMING,NONCONFORMING,NONCONFORMING,NONCONFORMING,AUTO_FROZEN,0.983724,0.046592
LI_045_R03.png,LI,LI_045,3,9,ZERO-SHOT,Linhas,Identificação,CONFORMING,CONFORMING,CONFORMING,CONFORMING,PENDING_BB,DIAGNOSTIC_OK,NONCONFORMING,CONFORMING,NONCONFORMING,NONCONFORMING,NONCONFORMING,AUTO_FROZEN,0.983724,0.046592
LI_045_R04.png,LI,LI_045,4,9,ZERO-SHOT,Linhas,Identificação,CONFORMING,CONFORMING,CONFORMING,CONFORMING,PENDING_BB,DIAGNOSTIC_OK,NONCONFORMING,CONFORMING,NONCONFORMING,NONCONFORMING,NONCONFORMING,AUTO_FROZEN,0.983724,0.046592
LI_045_R05.png,LI,LI_045,5,9,ZERO-SHOT,Linhas,Identificação,CONFORMING,CONFORMING,CONFORMING,CONFORMING,PENDING_BB,DIAGNOSTIC_OK,NONCONFORMING,CONFORMING,NONCONFORMING,NONCONFORMING,NONCONFORMING,AUTO_FROZEN,0.983724,0.046592
LI_045_R06.png,LI,LI_045,6,9,ZERO-SHOT,Linhas,Identificação,CONFORMING,CONFORMING,CONFORMING,CONFORMING,PENDING_BB,DIAGNOSTIC_OK,NONCONFORMING,CONFORMING,NONCONFORMING,NONCONFORMING,NONCONFORMING,AUTO_FROZEN,0.983724,0.046592
LI_045_R07.png,LI,LI_045,7,9,ZERO-SHOT,Linhas,Identificação,CONFORMING,CONFORMING,CONFORMING,CONFORMING,PENDING_BB,DIAGNOSTIC_OK,NONCONFORMING,CONFORMING,NONCONFORMING,NONCONFORMING,NONCONFORMING,AUTO_FROZEN,0.983724,0.046592
LI_045_R08.png,LI,LI_045,8,9,ZERO-SHOT,Linhas,Identificação,CONFORMING,CONFORMING,CONFORMING,CONFORMING,PENDING_BB,DIAGNOSTIC_OK,NONCONFORMING,CONFORMING,NONCONFORMING,NONCONFORMING,NONCONFORMING,AUTO_FROZEN,0.983724,0.046592
LI_045_R09.png,LI,LI_045,9,9,ZERO-SHOT,Linhas,Identificação,CONFORMING,CONFORMING,CONFORMING,CONFORMING,PENDING_BB,DIAGNOSTIC_OK,NONCONFORMING,CONFORMING,NONCONFORMING,NONCONFORMING,NONCONFORMING,AUTO_FROZEN,0.983724,0.046592
LI_045_R10.png,LI,LI_045,10,9,ZERO-SHOT,Linhas,Identificação,CONFORMING,CONFORMING,CONFORMING,CONFORMING,PENDING_BB,DIAGNOSTIC_OK,NONCONFORMING,CONFORMING,NONCONFORMING,NONCONFORMING,NONCONFORMING,AUTO_FROZEN,0.983724,0.046592
LI_046_R01.png,LI,LI_046,1,10,ZERO-SHOT,Linhas,Identificação,CONFORMING,CONFORMING,CONFORMING,CONFORMING,PENDING_BB,DIAGNOSTIC_OK,CONFORMING,CONFORMING,NOT_APPLICABLE,NO_FAILURE_SO_FAR,PENDING_FINALIZATION,AUTO_FROZEN,0.975504,0.049271
LI_046_R02.png,LI,LI_046,2,10,ZERO-SHOT,Linhas,Identificação,CONFORMING,CONFORMING,CONFORMING,CONFORMING,PENDING_BB,DIAGNOSTIC_OK,CONFORMING,CONFORMING,NOT_APPLICABLE,NO_FAILURE_SO_FAR,PENDING_FINALIZATION,AUTO_FROZEN,0.991321,0.050752
LI_046_R03.png,LI,LI_046,3,10,ZERO-SHOT,Linhas,Identificação,CONFORMING,CONFORMING,CONFORMING,CONFORMING,PENDING_BB,DIAGNOSTIC_OK,CONFORMING,CONFORMING,NOT_APPLICABLE,NO_FAILURE_SO_FAR,PENDING_FINALIZATION,AUTO_FROZEN,0.991321,0.050752
LI_046_R04.png,LI,LI_046,4,10,ZERO-SHOT,Linhas,Identificação,CONFORMING,CONFORMING,CONFORMING,CONFORMING,PENDING_BB,DIAGNOSTIC_OK,CONFORMING,CONFORMING,NOT_APPLICABLE,NO_FAILURE_SO_FAR,PENDING_FINALIZATION,AUTO_FROZEN,0.991321,0.050752
LI_046_R05.png,LI,LI_046,5,10,ZERO-SHOT,Linhas,Identificação,CONFORMING,CONFORMING,CONFORMING,CONFORMING,PENDING_BB,DIAGNOSTIC_OK,CONFORMING,CONFORMING,NOT_APPLICABLE,NO_FAILURE_SO_FAR,PENDING_FINALIZATION,AUTO_FROZEN,0.991321,0.050752
LI_046_R06.png,LI,LI_046,6,10,ZERO-SHOT,Linhas,Identificação,CONFORMING,CONFORMING,CONFORMING,CONFORMING,PENDING_BB,DIAGNOSTIC_OK,CONFORMING,CONFORMING,NOT_APPLICABLE,NO_FAILURE_SO_FAR,PENDING_FINALIZATION,AUTO_FROZEN,0.991321,0.050752
LI_046_R07.png,LI,LI_046,7,10,ZERO-SHOT,Linhas,Identificação,CONFORMING,CONFORMING,CONFORMING,CONFORMING,PENDING_BB,DIAGNOSTIC_OK,CONFORMING,CONFORMING,NOT_APPLICABLE,NO_FAILURE_SO_FAR,PENDING_FINALIZATION,AUTO_FROZEN,0.991321,0.050752
LI_046_R08.png,LI,LI_046,8,10,ZERO-SHOT,Linhas,Identificação,CONFORMING,CONFORMING,CONFORMING,CONFORMING,PENDING_BB,DIAGNOSTIC_OK,CONFORMING,CONFORMING,NOT_APPLICABLE,NO_FAILURE_SO_FAR,PENDING_FINALIZATION,AUTO_FROZEN,0.991321,0.050752
LI_046_R09.png,LI,LI_046,9,10,ZERO-SHOT,Linhas,Identificação,CONFORMING,CONFORMING,CONFORMING,CONFORMING,PENDING_BB,DIAGNOSTIC_OK,CONFORMING,CONFORMING,NOT_APPLICABLE,NO_FAILURE_SO_FAR,PENDING_FINALIZATION,AUTO_FROZEN,0.991321,0.050752
LI_046_R10.png,LI,LI_046,10,10,ZERO-SHOT,Linhas,Identificação,CONFORMING,CONFORMING,CONFORMING,CONFORMING,PENDING_BB,DIAGNOSTIC_OK,CONFORMING,CONFORMING,NOT_APPLICABLE,NO_FAILURE_SO_FAR,PENDING_FINALIZATION,AUTO_FROZEN,0.991321,0.050752
LI_047_R01.png,LI,LI_047,1,11,ZERO-SHOT,Linhas,Identificação,CONFORMING,CONFORMING,CONFORMING,CONFORMING,PENDING_BB,DIAGNOSTIC_OK,NOT_APPLICABLE,NOT_APPLICABLE,NOT_APPLICABLE,NO_FAILURE_SO_FAR,PENDING_FINALIZATION,AUTO_FROZEN,1.0,0.051888
LI_047_R02.png,LI,LI_047,2,11,ZERO-SHOT,Linhas,Identificação,CONFORMING,CONFORMING,CONFORMING,CONFORMING,PENDING_BB,DIAGNOSTIC_OK,NOT_APPLICABLE,NOT_APPLICABLE,NOT_APPLICABLE,NO_FAILURE_SO_FAR,PENDING_FINALIZATION,AUTO_FROZEN,0.938937,0.050221
LI_047_R03.png,LI,LI_047,3,11,ZERO-SHOT,Linhas,Identificação,CONFORMING,CONFORMING,CONFORMING,CONFORMING,PENDING_BB,DIAGNOSTIC_OK,NOT_APPLICABLE,NOT_APPLICABLE,NOT_APPLICABLE,NO_FAILURE_SO_FAR,PENDING_FINALIZATION,AUTO_FROZEN,0.938937,0.050221
LI_047_R04.png,LI,LI_047,4,11,ZERO-SHOT,Linhas,Identificação,CONFORMING,CONFORMING,CONFORMING,CONFORMING,PENDING_BB,DIAGNOSTIC_OK,NOT_APPLICABLE,NOT_APPLICABLE,NOT_APPLICABLE,NO_FAILURE_SO_FAR,PENDING_FINALIZATION,AUTO_FROZEN,0.938937,0.050221
LI_047_R05.png,LI,LI_047,5,11,ZERO-SHOT,Linhas,Identificação,CONFORMING,CONFORMING,CONFORMING,CONFORMING,PENDING_BB,DIAGNOSTIC_OK,NOT_APPLICABLE,NOT_APPLICABLE,NOT_APPLICABLE,NO_FAILURE_SO_FAR,PENDING_FINALIZATION,AUTO_FROZEN,0.938937,0.050221
LI_047_R06.png,LI,LI_047,6,11,ZERO-SHOT,Linhas,Identificação,CONFORMING,CONFORMING,CONFORMING,CONFORMING,PENDING_BB,DIAGNOSTIC_OK,NOT_APPLICABLE,NOT_APPLICABLE,NOT_APPLICABLE,NO_FAILURE_SO_FAR,PENDING_FINALIZATION,AUTO_FROZEN,0.938937,0.050221
LI_047_R07.png,LI,LI_047,7,11,ZERO-SHOT,Linhas,Identificação,CONFORMING,CONFORMING,CONFORMING,CONFORMING,PENDING_BB,DIAGNOSTIC_OK,NOT_APPLICABLE,NOT_APPLICABLE,NOT_APPLICABLE,NO_FAILURE_SO_FAR,PENDING_FINALIZATION,AUTO_FROZEN,0.938937,0.050221
LI_047_R08.png,LI,LI_047,8,11,ZERO-SHOT,Linhas,Identificação,CONFORMING,CONFORMING,CONFORMING,CONFORMING,PENDING_BB,DIAGNOSTIC_OK,NOT_APPLICABLE,NOT_APPLICABLE,NOT_APPLICABLE,NO_FAILURE_SO_FAR,PENDING_FINALIZATION,AUTO_FROZEN,0.938937,0.050221
LI_047_R09.png,LI,LI_047,9,11,ZERO-SHOT,Linhas,Identificação,CONFORMING,CONFORMING,CONFORMING,CONFORMING,PENDING_BB,DIAGNOSTIC_OK,NOT_APPLICABLE,NOT_APPLICABLE,NOT_APPLICABLE,NO_FAILURE_SO_FAR,PENDING_FINALIZATION,AUTO_FROZEN,0.938937,0.050221
LI_047_R10.png,LI,LI_047,10,11,ZERO-SHOT,Linhas,Identificação,CONFORMING,CONFORMING,CONFORMING,CONFORMING,PENDING_BB,DIAGNOSTIC_OK,NOT_APPLICABLE,NOT_APPLICABLE,NOT_APPLICABLE,NO_FAILURE_SO_FAR,PENDING_FINALIZATION,AUTO_FROZEN,0.938937,0.050221
LI_048_R01.png,LI,LI_048,1,12,ZERO-SHOT,Linhas,Identificação,CONFORMING,CONFORMING,CONFORMING,CONFORMING,PENDING_BB,DIAGNOSTIC_OK,NOT_APPLICABLE,NOT_APPLICABLE,NOT_APPLICABLE,NO_FAILURE_SO_FAR,PENDING_FINALIZATION,AUTO_FROZEN,0.943308,0.047588
LI_048_R02.png,LI,LI_048,2,12,ZERO-SHOT,Linhas,Identificação,CONFORMING,CONFORMING,CONFORMING,CONFORMING,PENDING_BB,DIAGNOSTIC_OK,NOT_APPLICABLE,NOT_APPLICABLE,NOT_APPLICABLE,NO_FAILURE_SO_FAR,PENDING_FINALIZATION,AUTO_FROZEN,0.938857,0.050752
LI_048_R03.png,LI,LI_048,3,12,ZERO-SHOT,Linhas,Identificação,CONFORMING,CONFORMING,CONFORMING,CONFORMING,PENDING_BB,DIAGNOSTIC_OK,NOT_APPLICABLE,NOT_APPLICABLE,NOT_APPLICABLE,NO_FAILURE_SO_FAR,PENDING_FINALIZATION,AUTO_FROZEN,0.938857,0.050752
LI_048_R04.png,LI,LI_048,4,12,ZERO-SHOT,Linhas,Identificação,CONFORMING,CONFORMING,CONFORMING,CONFORMING,PENDING_BB,DIAGNOSTIC_OK,NOT_APPLICABLE,NOT_APPLICABLE,NOT_APPLICABLE,NO_FAILURE_SO_FAR,PENDING_FINALIZATION,AUTO_FROZEN,0.938857,0.050752
LI_048_R05.png,LI,LI_048,5,12,ZERO-SHOT,Linhas,Identificação,CONFORMING,CONFORMING,CONFORMING,CONFORMING,PENDING_BB,DIAGNOSTIC_OK,NOT_APPLICABLE,NOT_APPLICABLE,NOT_APPLICABLE,NO_FAILURE_SO_FAR,PENDING_FINALIZATION,AUTO_FROZEN,0.938857,0.050752
LI_048_R06.png,LI,LI_048,6,12,ZERO-SHOT,Linhas,Identificação,CONFORMING,CONFORMING,CONFORMING,CONFORMING,PENDING_BB,DIAGNOSTIC_OK,NOT_APPLICABLE,NOT_APPLICABLE,NOT_APPLICABLE,NO_FAILURE_SO_FAR,PENDING_FINALIZATION,AUTO_FROZEN,0.938857,0.050752
LI_048_R07.png,LI,LI_048,7,12,ZERO-SHOT,Linhas,Identificação,CONFORMING,CONFORMING,CONFORMING,CONFORMING,PENDING_BB,DIAGNOSTIC_OK,NOT_APPLICABLE,NOT_APPLICABLE,NOT_APPLICABLE,NO_FAILURE_SO_FAR,PENDING_FINALIZATION,AUTO_FROZEN,0.938857,0.050752
LI_048_R08.png,LI,LI_048,8,12,ZERO-SHOT,Linhas,Identificação,CONFORMING,CONFORMING,CONFORMING,CONFORMING,PENDING_BB,DIAGNOSTIC_OK,NOT_APPLICABLE,NOT_APPLICABLE,NOT_APPLICABLE,NO_FAILURE_SO_FAR,PENDING_FINALIZATION,AUTO_FROZEN,0.938857,0.050752
LI_048_R09.png,LI,LI_048,9,12,ZERO-SHOT,Linhas,Identificação,CONFORMING,CONFORMING,CONFORMING,CONFORMING,PENDING_BB,DIAGNOSTIC_OK,NOT_APPLICABLE,NOT_APPLICABLE,NOT_APPLICABLE,NO_FAILURE_SO_FAR,PENDING_FINALIZATION,AUTO_FROZEN,0.938857,0.050752
LI_048_R10.png,LI,LI_048,10,12,ZERO-SHOT,Linhas,Identificação,CONFORMING,CONFORMING,CONFORMING,CONFORMING,PENDING_BB,DIAGNOSTIC_OK,NOT_APPLICABLE,NOT_APPLICABLE,NOT_APPLICABLE,NO_FAILURE_SO_FAR,PENDING_FINALIZATION,AUTO_FROZEN,0.938857,0.050752
LI_049_R01.png,LI,LI_049,1,13,ZERO-SHOT,Linhas,Identificação,CONFORMING,CONFORMING,CONFORMING,CONFORMING,PENDING_BB,DIAGNOSTIC_OK,CONFORMING,CONFORMING,CONFORMING,NO_FAILURE_SO_FAR,PENDING_FINALIZATION,AUTO_FROZEN,1.0,0.048653
LI_049_R02.png,LI,LI_049,2,13,ZERO-SHOT,Linhas,Identificação,CONFORMING,CONFORMING,CONFORMING,CONFORMING,PENDING_BB,DIAGNOSTIC_OK,NONCONFORMING,CONFORMING,NONCONFORMING,NONCONFORMING,NONCONFORMING,AUTO_FROZEN,0.938857,0.050752
LI_049_R03.png,LI,LI_049,3,13,ZERO-SHOT,Linhas,Identificação,CONFORMING,CONFORMING,CONFORMING,CONFORMING,PENDING_BB,DIAGNOSTIC_OK,NONCONFORMING,CONFORMING,NONCONFORMING,NONCONFORMING,NONCONFORMING,AUTO_FROZEN,0.938857,0.050752
LI_049_R04.png,LI,LI_049,4,13,ZERO-SHOT,Linhas,Identificação,CONFORMING,CONFORMING,CONFORMING,CONFORMING,PENDING_BB,DIAGNOSTIC_OK,CONFORMING,CONFORMING,CONFORMING,NO_FAILURE_SO_FAR,PENDING_FINALIZATION,AUTO_FROZEN,0.972609,0.050752
LI_049_R05.png,LI,LI_049,5,13,ZERO-SHOT,Linhas,Identificação,CONFORMING,CONFORMING,CONFORMING,CONFORMING,PENDING_BB,DIAGNOSTIC_OK,NONCONFORMING,CONFORMING,NONCONFORMING,NONCONFORMING,NONCONFORMING,AUTO_FROZEN,0.938857,0.050752
LI_049_R06.png,LI,LI_049,6,13,ZERO-SHOT,Linhas,Identificação,CONFORMING,CONFORMING,CONFORMING,CONFORMING,PENDING_BB,DIAGNOSTIC_OK,NONCONFORMING,CONFORMING,NONCONFORMING,NONCONFORMING,NONCONFORMING,AUTO_FROZEN,0.938857,0.050752
LI_049_R07.png,LI,LI_049,7,13,ZERO-SHOT,Linhas,Identificação,CONFORMING,CONFORMING,CONFORMING,CONFORMING,PENDING_BB,DIAGNOSTIC_OK,CONFORMING,CONFORMING,CONFORMING,NO_FAILURE_SO_FAR,PENDING_FINALIZATION,AUTO_FROZEN,0.972609,0.050752
LI_049_R08.png,LI,LI_049,8,13,ZERO-SHOT,Linhas,Identificação,CONFORMING,CONFORMING,CONFORMING,CONFORMING,PENDING_BB,DIAGNOSTIC_OK,NONCONFORMING,CONFORMING,NONCONFORMING,NONCONFORMING,NONCONFORMING,AUTO_FROZEN,0.938857,0.050752
LI_049_R09.png,LI,LI_049,9,13,ZERO-SHOT,Linhas,Identificação,CONFORMING,CONFORMING,CONFORMING,CONFORMING,PENDING_BB,DIAGNOSTIC_OK,NONCONFORMING,CONFORMING,NONCONFORMING,NONCONFORMING,NONCONFORMING,AUTO_FROZEN,0.938857,0.050752
LI_049_R10.png,LI,LI_049,10,13,ZERO-SHOT,Linhas,Identificação,CONFORMING,CONFORMING,CONFORMING,CONFORMING,PENDING_BB,DIAGNOSTIC_OK,NONCONFORMING,CONFORMING,NONCONFORMING,NONCONFORMING,NONCONFORMING,AUTO_FROZEN,0.938857,0.050752
LI_050_R01.png,LI,LI_050,1,14,ZERO-SHOT,Linhas,Identificação,CONFORMING,CONFORMING,CONFORMING,CONFORMING,PENDING_BB,DIAGNOSTIC_OK,CONFORMING,CONFORMING,NOT_APPLICABLE,NO_FAILURE_SO_FAR,PENDING_FINALIZATION,AUTO_FROZEN,0.960053,0.052706
LI_050_R02.png,LI,LI_050,2,14,ZERO-SHOT,Linhas,Identificação,CONFORMING,CONFORMING,CONFORMING,CONFORMING,PENDING_BB,DIAGNOSTIC_OK,CONFORMING,CONFORMING,NOT_APPLICABLE,NO_FAILURE_SO_FAR,PENDING_FINALIZATION,AUTO_FROZEN,0.960253,0.050221
LI_050_R03.png,LI,LI_050,3,14,ZERO-SHOT,Linhas,Identificação,CONFORMING,CONFORMING,CONFORMING,CONFORMING,PENDING_BB,DIAGNOSTIC_OK,CONFORMING,CONFORMING,NOT_APPLICABLE,NO_FAILURE_SO_FAR,PENDING_FINALIZATION,AUTO_FROZEN,0.960253,0.050221
LI_050_R04.png,LI,LI_050,4,14,ZERO-SHOT,Linhas,Identificação,CONFORMING,CONFORMING,CONFORMING,CONFORMING,PENDING_BB,DIAGNOSTIC_OK,CONFORMING,CONFORMING,NOT_APPLICABLE,NO_FAILURE_SO_FAR,PENDING_FINALIZATION,AUTO_FROZEN,0.960253,0.050221
LI_050_R05.png,LI,LI_050,5,14,ZERO-SHOT,Linhas,Identificação,CONFORMING,CONFORMING,CONFORMING,CONFORMING,PENDING_BB,DIAGNOSTIC_OK,CONFORMING,CONFORMING,NOT_APPLICABLE,NO_FAILURE_SO_FAR,PENDING_FINALIZATION,AUTO_FROZEN,0.960253,0.050221
LI_050_R06.png,LI,LI_050,6,14,ZERO-SHOT,Linhas,Identificação,CONFORMING,CONFORMING,CONFORMING,CONFORMING,PENDING_BB,DIAGNOSTIC_OK,CONFORMING,CONFORMING,NOT_APPLICABLE,NO_FAILURE_SO_FAR,PENDING_FINALIZATION,AUTO_FROZEN,0.960253,0.050221
LI_050_R07.png,LI,LI_050,7,14,ZERO-SHOT,Linhas,Identificação,CONFORMING,CONFORMING,CONFORMING,CONFORMING,PENDING_BB,DIAGNOSTIC_OK,CONFORMING,CONFORMING,NOT_APPLICABLE,NO_FAILURE_SO_FAR,PENDING_FINALIZATION,AUTO_FROZEN,0.960253,0.050221
LI_050_R08.png,LI,LI_050,8,14,ZERO-SHOT,Linhas,Identificação,CONFORMING,CONFORMING,CONFORMING,CONFORMING,PENDING_BB,DIAGNOSTIC_OK,CONFORMING,CONFORMING,NOT_APPLICABLE,NO_FAILURE_SO_FAR,PENDING_FINALIZATION,AUTO_FROZEN,0.960253,0.050221
LI_050_R09.png,LI,LI_050,9,14,ZERO-SHOT,Linhas,Identificação,CONFORMING,CONFORMING,CONFORMING,CONFORMING,PENDING_BB,DIAGNOSTIC_OK,CONFORMING,CONFORMING,NOT_APPLICABLE,NO_FAILURE_SO_FAR,PENDING_FINALIZATION,AUTO_FROZEN,0.960253,0.050221
LI_050_R10.png,LI,LI_050,10,14,ZERO-SHOT,Linhas,Identificação,CONFORMING,CONFORMING,CONFORMING,CONFORMING,PENDING_BB,DIAGNOSTIC_OK,CONFORMING,CONFORMING,NOT_APPLICABLE,NO_FAILURE_SO_FAR,PENDING_FINALIZATION,AUTO_FROZEN,0.960253,0.050221
LI_051_R01.png,LI,LI_051,1,15,ZERO-SHOT,Linhas,Identificação,CONFORMING,CONFORMING,CONFORMING,CONFORMING,PENDING_BB,DIAGNOSTIC_OK,NOT_APPLICABLE,NOT_APPLICABLE,NOT_APPLICABLE,NO_FAILURE_SO_FAR,PENDING_FINALIZATION,AUTO_FROZEN,0.935955,0.050221
LI_051_R02.png,LI,LI_051,2,15,ZERO-SHOT,Linhas,Identificação,CONFORMING,CONFORMING,CONFORMING,CONFORMING,PENDING_BB,DIAGNOSTIC_OK,NOT_APPLICABLE,NOT_APPLICABLE,NOT_APPLICABLE,NO_FAILURE_SO_FAR,PENDING_FINALIZATION,AUTO_FROZEN,0.935752,0.050221
LI_051_R03.png,LI,LI_051,3,15,ZERO-SHOT,Linhas,Identificação,CONFORMING,CONFORMING,CONFORMING,CONFORMING,PENDING_BB,DIAGNOSTIC_OK,NOT_APPLICABLE,NOT_APPLICABLE,NOT_APPLICABLE,NO_FAILURE_SO_FAR,PENDING_FINALIZATION,AUTO_FROZEN,0.935752,0.050221
LI_051_R04.png,LI,LI_051,4,15,ZERO-SHOT,Linhas,Identificação,CONFORMING,CONFORMING,CONFORMING,CONFORMING,PENDING_BB,DIAGNOSTIC_OK,NOT_APPLICABLE,NOT_APPLICABLE,NOT_APPLICABLE,NO_FAILURE_SO_FAR,PENDING_FINALIZATION,AUTO_FROZEN,0.935752,0.050221
LI_051_R05.png,LI,LI_051,5,15,ZERO-SHOT,Linhas,Identificação,CONFORMING,CONFORMING,CONFORMING,CONFORMING,PENDING_BB,DIAGNOSTIC_OK,NOT_APPLICABLE,NOT_APPLICABLE,NOT_APPLICABLE,NO_FAILURE_SO_FAR,PENDING_FINALIZATION,AUTO_FROZEN,0.935752,0.050221
LI_051_R06.png,LI,LI_051,6,15,ZERO-SHOT,Linhas,Identificação,CONFORMING,CONFORMING,CONFORMING,CONFORMING,PENDING_BB,DIAGNOSTIC_OK,NOT_APPLICABLE,NOT_APPLICABLE,NOT_APPLICABLE,NO_FAILURE_SO_FAR,PENDING_FINALIZATION,AUTO_FROZEN,0.935752,0.050221
LI_051_R07.png,LI,LI_051,7,15,ZERO-SHOT,Linhas,Identificação,CONFORMING,CONFORMING,CONFORMING,CONFORMING,PENDING_BB,DIAGNOSTIC_OK,NOT_APPLICABLE,NOT_APPLICABLE,NOT_APPLICABLE,NO_FAILURE_SO_FAR,PENDING_FINALIZATION,AUTO_FROZEN,0.935752,0.050221
LI_051_R08.png,LI,LI_051,8,15,ZERO-SHOT,Linhas,Identificação,CONFORMING,CONFORMING,CONFORMING,CONFORMING,PENDING_BB,DIAGNOSTIC_OK,NOT_APPLICABLE,NOT_APPLICABLE,NOT_APPLICABLE,NO_FAILURE_SO_FAR,PENDING_FINALIZATION,AUTO_FROZEN,0.935752,0.050221
LI_051_R09.png,LI,LI_051,9,15,ZERO-SHOT,Linhas,Identificação,CONFORMING,CONFORMING,CONFORMING,CONFORMING,PENDING_BB,DIAGNOSTIC_OK,NOT_APPLICABLE,NOT_APPLICABLE,NOT_APPLICABLE,NO_FAILURE_SO_FAR,PENDING_FINALIZATION,AUTO_FROZEN,0.935752,0.050221
LI_051_R10.png,LI,LI_051,10,15,ZERO-SHOT,Linhas,Identificação,CONFORMING,CONFORMING,CONFORMING,CONFORMING,PENDING_BB,DIAGNOSTIC_OK,NOT_APPLICABLE,NOT_APPLICABLE,NOT_APPLICABLE,NO_FAILURE_SO_FAR,PENDING_FINALIZATION,AUTO_FROZEN,0.935752,0.050221
LI_052_R01.png,LI,LI_052,1,16,ZERO-SHOT,Linhas,Identificação,CONFORMING,CONFORMING,CONFORMING,CONFORMING,PENDING_BB,DIAGNOSTIC_OK,NOT_APPLICABLE,NOT_APPLICABLE,NOT_APPLICABLE,NO_FAILURE_SO_FAR,PENDING_FINALIZATION,AUTO_FROZEN,0.971331,0.052706
LI_052_R02.png,LI,LI_052,2,16,ZERO-SHOT,Linhas,Identificação,CONFORMING,CONFORMING,CONFORMING,CONFORMING,PENDING_BB,DIAGNOSTIC_OK,NOT_APPLICABLE,NOT_APPLICABLE,NOT_APPLICABLE,NO_FAILURE_SO_FAR,PENDING_FINALIZATION,AUTO_FROZEN,0.960841,0.050221
LI_052_R03.png,LI,LI_052,3,16,ZERO-SHOT,Linhas,Identificação,CONFORMING,CONFORMING,CONFORMING,CONFORMING,PENDING_BB,DIAGNOSTIC_OK,NOT_APPLICABLE,NOT_APPLICABLE,NOT_APPLICABLE,NO_FAILURE_SO_FAR,PENDING_FINALIZATION,AUTO_FROZEN,0.935752,0.050221
LI_052_R04.png,LI,LI_052,4,16,ZERO-SHOT,Linhas,Identificação,CONFORMING,CONFORMING,CONFORMING,CONFORMING,PENDING_BB,DIAGNOSTIC_OK,NOT_APPLICABLE,NOT_APPLICABLE,NOT_APPLICABLE,NO_FAILURE_SO_FAR,PENDING_FINALIZATION,AUTO_FROZEN,0.935752,0.050221
LI_052_R05.png,LI,LI_052,5,16,ZERO-SHOT,Linhas,Identificação,CONFORMING,CONFORMING,CONFORMING,CONFORMING,PENDING_BB,DIAGNOSTIC_OK,NOT_APPLICABLE,NOT_APPLICABLE,NOT_APPLICABLE,NO_FAILURE_SO_FAR,PENDING_FINALIZATION,AUTO_FROZEN,0.935752,0.050221
LI_052_R06.png,LI,LI_052,6,16,ZERO-SHOT,Linhas,Identificação,CONFORMING,CONFORMING,CONFORMING,CONFORMING,PENDING_BB,DIAGNOSTIC_OK,NOT_APPLICABLE,NOT_APPLICABLE,NOT_APPLICABLE,NO_FAILURE_SO_FAR,PENDING_FINALIZATION,AUTO_FROZEN,0.935752,0.050221
LI_052_R07.png,LI,LI_052,7,16,ZERO-SHOT,Linhas,Identificação,CONFORMING,CONFORMING,CONFORMING,CONFORMING,PENDING_BB,DIAGNOSTIC_OK,NOT_APPLICABLE,NOT_APPLICABLE,NOT_APPLICABLE,NO_FAILURE_SO_FAR,PENDING_FINALIZATION,AUTO_FROZEN,0.960841,0.050221
LI_052_R08.png,LI,LI_052,8,16,ZERO-SHOT,Linhas,Identificação,CONFORMING,CONFORMING,CONFORMING,CONFORMING,PENDING_BB,DIAGNOSTIC_OK,NOT_APPLICABLE,NOT_APPLICABLE,NOT_APPLICABLE,NO_FAILURE_SO_FAR,PENDING_FINALIZATION,AUTO_FROZEN,0.935752,0.050221
LI_052_R09.png,LI,LI_052,9,16,ZERO-SHOT,Linhas,Identificação,CONFORMING,CONFORMING,CONFORMING,CONFORMING,PENDING_BB,DIAGNOSTIC_OK,NOT_APPLICABLE,NOT_APPLICABLE,NOT_APPLICABLE,NO_FAILURE_SO_FAR,PENDING_FINALIZATION,AUTO_FROZEN,0.960841,0.050221
LI_052_R10.png,LI,LI_052,10,16,ZERO-SHOT,Linhas,Identificação,CONFORMING,CONFORMING,CONFORMING,CONFORMING,PENDING_BB,DIAGNOSTIC_OK,NOT_APPLICABLE,NOT_APPLICABLE,NOT_APPLICABLE,NO_FAILURE_SO_FAR,PENDING_FINALIZATION,AUTO_FROZEN,0.935752,0.050221
SC_001_R01.png,SC,SC_001,1,1,FEW-SHOT,Scatterplot,Comparação,CONFORMING,CONFORMING,CONFORMING,CONFORMING,PENDING_BB,DIAGNOSTIC_OK,NOT_APPLICABLE,NOT_APPLICABLE,NOT_APPLICABLE,NO_FAILURE_SO_FAR,PENDING_FINALIZATION,AUTO_FROZEN,0.989978,0.056095
SC_001_R02.png,SC,SC_001,2,1,FEW-SHOT,Scatterplot,Comparação,CONFORMING,CONFORMING,CONFORMING,CONFORMING,PENDING_BB,DIAGNOSTIC_OK,NOT_APPLICABLE,NOT_APPLICABLE,NOT_APPLICABLE,NO_FAILURE_SO_FAR,PENDING_FINALIZATION,AUTO_FROZEN,0.996584,0.003125
SC_001_R03.png,SC,SC_001,3,1,FEW-SHOT,Scatterplot,Comparação,CONFORMING,CONFORMING,CONFORMING,CONFORMING,PENDING_BB,DIAGNOSTIC_OK,NOT_APPLICABLE,NOT_APPLICABLE,NOT_APPLICABLE,NO_FAILURE_SO_FAR,PENDING_FINALIZATION,AUTO_FROZEN,0.996584,0.003125
SC_001_R04.png,SC,SC_001,4,1,FEW-SHOT,Scatterplot,Comparação,CONFORMING,CONFORMING,CONFORMING,CONFORMING,PENDING_BB,DIAGNOSTIC_OK,NOT_APPLICABLE,NOT_APPLICABLE,NOT_APPLICABLE,NO_FAILURE_SO_FAR,PENDING_FINALIZATION,AUTO_FROZEN,0.996584,0.003125
SC_001_R05.png,SC,SC_001,5,1,FEW-SHOT,Scatterplot,Comparação,CONFORMING,CONFORMING,CONFORMING,CONFORMING,PENDING_BB,DIAGNOSTIC_OK,NOT_APPLICABLE,NOT_APPLICABLE,NOT_APPLICABLE,NO_FAILURE_SO_FAR,PENDING_FINALIZATION,AUTO_FROZEN,0.996584,0.003125
SC_001_R06.png,SC,SC_001,6,1,FEW-SHOT,Scatterplot,Comparação,CONFORMING,CONFORMING,CONFORMING,CONFORMING,PENDING_BB,DIAGNOSTIC_OK,NOT_APPLICABLE,NOT_APPLICABLE,NOT_APPLICABLE,NO_FAILURE_SO_FAR,PENDING_FINALIZATION,AUTO_FROZEN,0.996584,0.003125
SC_001_R07.png,SC,SC_001,7,1,FEW-SHOT,Scatterplot,Comparação,CONFORMING,CONFORMING,CONFORMING,CONFORMING,PENDING_BB,DIAGNOSTIC_OK,NOT_APPLICABLE,NOT_APPLICABLE,NOT_APPLICABLE,NO_FAILURE_SO_FAR,PENDING_FINALIZATION,AUTO_FROZEN,0.996584,0.003125
SC_001_R08.png,SC,SC_001,8,1,FEW-SHOT,Scatterplot,Comparação,CONFORMING,CONFORMING,CONFORMING,CONFORMING,PENDING_BB,DIAGNOSTIC_OK,NOT_APPLICABLE,NOT_APPLICABLE,NOT_APPLICABLE,NO_FAILURE_SO_FAR,PENDING_FINALIZATION,AUTO_FROZEN,0.996584,0.003125
SC_001_R09.png,SC,SC_001,9,1,FEW-SHOT,Scatterplot,Comparação,CONFORMING,CONFORMING,CONFORMING,CONFORMING,PENDING_BB,DIAGNOSTIC_OK,NOT_APPLICABLE,NOT_APPLICABLE,NOT_APPLICABLE,NO_FAILURE_SO_FAR,PENDING_FINALIZATION,AUTO_FROZEN,0.996584,0.003125
SC_001_R10.png,SC,SC_001,10,1,FEW-SHOT,Scatterplot,Comparação,CONFORMING,CONFORMING,CONFORMING,CONFORMING,PENDING_BB,DIAGNOSTIC_OK,NOT_APPLICABLE,NOT_APPLICABLE,NOT_APPLICABLE,NO_FAILURE_SO_FAR,PENDING_FINALIZATION,AUTO_FROZEN,0.996584,0.003125
SC_002_R01.png,SC,SC_002,1,4,FEW-SHOT,Scatterplot,Comparação,CONFORMING,CONFORMING,CONFORMING,CONFORMING,PENDING_BB,DIAGNOSTIC_OK,NOT_APPLICABLE,NOT_APPLICABLE,NOT_APPLICABLE,NO_FAILURE_SO_FAR,PENDING_FINALIZATION,AUTO_FROZEN,0.914193,0.056095
SC_002_R02.png,SC,SC_002,2,4,FEW-SHOT,Scatterplot,Comparação,CONFORMING,CONFORMING,CONFORMING,CONFORMING,PENDING_BB,DIAGNOSTIC_OK,NOT_APPLICABLE,NOT_APPLICABLE,NOT_APPLICABLE,NO_FAILURE_SO_FAR,PENDING_FINALIZATION,AUTO_FROZEN,0.996584,0.003125
SC_002_R03.png,SC,SC_002,3,4,FEW-SHOT,Scatterplot,Comparação,CONFORMING,CONFORMING,CONFORMING,CONFORMING,PENDING_BB,DIAGNOSTIC_OK,NOT_APPLICABLE,NOT_APPLICABLE,NOT_APPLICABLE,NO_FAILURE_SO_FAR,PENDING_FINALIZATION,AUTO_FROZEN,0.996584,0.003125
SC_002_R04.png,SC,SC_002,4,4,FEW-SHOT,Scatterplot,Comparação,CONFORMING,CONFORMING,CONFORMING,CONFORMING,PENDING_BB,DIAGNOSTIC_OK,NOT_APPLICABLE,NOT_APPLICABLE,NOT_APPLICABLE,NO_FAILURE_SO_FAR,PENDING_FINALIZATION,AUTO_FROZEN,0.996584,0.003125
SC_002_R05.png,SC,SC_002,5,4,FEW-SHOT,Scatterplot,Comparação,CONFORMING,CONFORMING,CONFORMING,CONFORMING,PENDING_BB,DIAGNOSTIC_OK,NOT_APPLICABLE,NOT_APPLICABLE,NOT_APPLICABLE,NO_FAILURE_SO_FAR,PENDING_FINALIZATION,AUTO_FROZEN,0.996584,0.003125
SC_002_R06.png,SC,SC_002,6,4,FEW-SHOT,Scatterplot,Comparação,CONFORMING,CONFORMING,CONFORMING,CONFORMING,PENDING_BB,DIAGNOSTIC_OK,NOT_APPLICABLE,NOT_APPLICABLE,NOT_APPLICABLE,NO_FAILURE_SO_FAR,PENDING_FINALIZATION,AUTO_FROZEN,0.996584,0.003125
SC_002_R07.png,SC,SC_002,7,4,FEW-SHOT,Scatterplot,Comparação,CONFORMING,CONFORMING,CONFORMING,CONFORMING,PENDING_BB,DIAGNOSTIC_OK,NOT_APPLICABLE,NOT_APPLICABLE,NOT_APPLICABLE,NO_FAILURE_SO_FAR,PENDING_FINALIZATION,AUTO_FROZEN,0.996584,0.003125
SC_002_R08.png,SC,SC_002,8,4,FEW-SHOT,Scatterplot,Comparação,CONFORMING,CONFORMING,CONFORMING,CONFORMING,PENDING_BB,DIAGNOSTIC_OK,NOT_APPLICABLE,NOT_APPLICABLE,NOT_APPLICABLE,NO_FAILURE_SO_FAR,PENDING_FINALIZATION,AUTO_FROZEN,0.996584,0.003125
SC_002_R09.png,SC,SC_002,9,4,FEW-SHOT,Scatterplot,Comparação,CONFORMING,CONFORMING,CONFORMING,CONFORMING,PENDING_BB,DIAGNOSTIC_OK,NOT_APPLICABLE,NOT_APPLICABLE,NOT_APPLICABLE,NO_FAILURE_SO_FAR,PENDING_FINALIZATION,AUTO_FROZEN,0.996584,0.003125
SC_002_R10.png,SC,SC_002,10,4,FEW-SHOT,Scatterplot,Comparação,CONFORMING,CONFORMING,CONFORMING,CONFORMING,PENDING_BB,DIAGNOSTIC_OK,NOT_APPLICABLE,NOT_APPLICABLE,NOT_APPLICABLE,NO_FAILURE_SO_FAR,PENDING_FINALIZATION,AUTO_FROZEN,0.996584,0.003125
SC_003_R01.png,SC,SC_003,1,6,FEW-SHOT,Scatterplot,Comparação,CONFORMING,CONFORMING,CONFORMING,CONFORMING,PENDING_BB,DIAGNOSTIC_OK,NOT_APPLICABLE,NOT_APPLICABLE,NOT_APPLICABLE,NO_FAILURE_SO_FAR,PENDING_FINALIZATION,AUTO_FROZEN,1.0,0.080063
SC_003_R02.png,SC,SC_003,2,6,FEW-SHOT,Scatterplot,Comparação,CONFORMING,CONFORMING,CONFORMING,CONFORMING,PENDING_BB,DIAGNOSTIC_OK,NOT_APPLICABLE,NOT_APPLICABLE,NOT_APPLICABLE,NO_FAILURE_SO_FAR,PENDING_FINALIZATION,AUTO_FROZEN,0.896122,0.082254
SC_003_R03.png,SC,SC_003,3,6,FEW-SHOT,Scatterplot,Comparação,CONFORMING,CONFORMING,CONFORMING,CONFORMING,PENDING_BB,DIAGNOSTIC_OK,NOT_APPLICABLE,NOT_APPLICABLE,NOT_APPLICABLE,NO_FAILURE_SO_FAR,PENDING_FINALIZATION,AUTO_FROZEN,0.896122,0.082254
SC_003_R04.png,SC,SC_003,4,6,FEW-SHOT,Scatterplot,Comparação,CONFORMING,CONFORMING,CONFORMING,CONFORMING,PENDING_BB,DIAGNOSTIC_OK,NOT_APPLICABLE,NOT_APPLICABLE,NOT_APPLICABLE,NO_FAILURE_SO_FAR,PENDING_FINALIZATION,AUTO_FROZEN,0.896122,0.082254
SC_003_R05.png,SC,SC_003,5,6,FEW-SHOT,Scatterplot,Comparação,CONFORMING,CONFORMING,CONFORMING,CONFORMING,PENDING_BB,DIAGNOSTIC_OK,NOT_APPLICABLE,NOT_APPLICABLE,NOT_APPLICABLE,NO_FAILURE_SO_FAR,PENDING_FINALIZATION,AUTO_FROZEN,0.896122,0.082254
SC_003_R06.png,SC,SC_003,6,6,FEW-SHOT,Scatterplot,Comparação,CONFORMING,CONFORMING,CONFORMING,CONFORMING,PENDING_BB,DIAGNOSTIC_OK,NOT_APPLICABLE,NOT_APPLICABLE,NOT_APPLICABLE,NO_FAILURE_SO_FAR,PENDING_FINALIZATION,AUTO_FROZEN,0.896122,0.082254
SC_003_R07.png,SC,SC_003,7,6,FEW-SHOT,Scatterplot,Comparação,CONFORMING,CONFORMING,CONFORMING,CONFORMING,PENDING_BB,DIAGNOSTIC_OK,NOT_APPLICABLE,NOT_APPLICABLE,NOT_APPLICABLE,NO_FAILURE_SO_FAR,PENDING_FINALIZATION,AUTO_FROZEN,0.896122,0.082254
SC_003_R08.png,SC,SC_003,8,6,FEW-SHOT,Scatterplot,Comparação,CONFORMING,CONFORMING,CONFORMING,CONFORMING,PENDING_BB,DIAGNOSTIC_OK,NOT_APPLICABLE,NOT_APPLICABLE,NOT_APPLICABLE,NO_FAILURE_SO_FAR,PENDING_FINALIZATION,AUTO_FROZEN,0.896122,0.082254
SC_003_R09.png,SC,SC_003,9,6,FEW-SHOT,Scatterplot,Comparação,CONFORMING,CONFORMING,CONFORMING,CONFORMING,PENDING_BB,DIAGNOSTIC_OK,NOT_APPLICABLE,NOT_APPLICABLE,NOT_APPLICABLE,NO_FAILURE_SO_FAR,PENDING_FINALIZATION,AUTO_FROZEN,0.896122,0.082254
SC_003_R10.png,SC,SC_003,10,6,FEW-SHOT,Scatterplot,Comparação,CONFORMING,CONFORMING,CONFORMING,CONFORMING,PENDING_BB,DIAGNOSTIC_OK,NOT_APPLICABLE,NOT_APPLICABLE,NOT_APPLICABLE,NO_FAILURE_SO_FAR,PENDING_FINALIZATION,AUTO_FROZEN,0.896122,0.082254
SC_004_R01.png,SC,SC_004,1,7,FEW-SHOT,Scatterplot,Comparação,CONFORMING,CONFORMING,CONFORMING,CONFORMING,PENDING_BB,DIAGNOSTIC_OK,NOT_APPLICABLE,NOT_APPLICABLE,NOT_APPLICABLE,NO_FAILURE_SO_FAR,PENDING_FINALIZATION,AUTO_FROZEN,1.0,0.083635
SC_004_R02.png,SC,SC_004,2,7,FEW-SHOT,Scatterplot,Comparação,CONFORMING,CONFORMING,CONFORMING,CONFORMING,PENDING_BB,DIAGNOSTIC_OK,NOT_APPLICABLE,NOT_APPLICABLE,NOT_APPLICABLE,NO_FAILURE_SO_FAR,PENDING_FINALIZATION,AUTO_FROZEN,0.792163,0.08092
SC_004_R03.png,SC,SC_004,3,7,FEW-SHOT,Scatterplot,Comparação,CONFORMING,CONFORMING,CONFORMING,CONFORMING,PENDING_BB,DIAGNOSTIC_OK,NOT_APPLICABLE,NOT_APPLICABLE,NOT_APPLICABLE,NO_FAILURE_SO_FAR,PENDING_FINALIZATION,AUTO_FROZEN,0.792163,0.08092
SC_004_R04.png,SC,SC_004,4,7,FEW-SHOT,Scatterplot,Comparação,CONFORMING,CONFORMING,CONFORMING,CONFORMING,PENDING_BB,DIAGNOSTIC_OK,NOT_APPLICABLE,NOT_APPLICABLE,NOT_APPLICABLE,NO_FAILURE_SO_FAR,PENDING_FINALIZATION,AUTO_FROZEN,0.792163,0.08092
SC_004_R05.png,SC,SC_004,5,7,FEW-SHOT,Scatterplot,Comparação,CONFORMING,CONFORMING,CONFORMING,CONFORMING,PENDING_BB,DIAGNOSTIC_OK,NOT_APPLICABLE,NOT_APPLICABLE,NOT_APPLICABLE,NO_FAILURE_SO_FAR,PENDING_FINALIZATION,AUTO_FROZEN,0.792163,0.08092
SC_004_R06.png,SC,SC_004,6,7,FEW-SHOT,Scatterplot,Comparação,CONFORMING,CONFORMING,CONFORMING,CONFORMING,PENDING_BB,DIAGNOSTIC_OK,NOT_APPLICABLE,NOT_APPLICABLE,NOT_APPLICABLE,NO_FAILURE_SO_FAR,PENDING_FINALIZATION,AUTO_FROZEN,0.792163,0.08092
SC_004_R07.png,SC,SC_004,7,7,FEW-SHOT,Scatterplot,Comparação,CONFORMING,CONFORMING,CONFORMING,CONFORMING,PENDING_BB,DIAGNOSTIC_OK,NOT_APPLICABLE,NOT_APPLICABLE,NOT_APPLICABLE,NO_FAILURE_SO_FAR,PENDING_FINALIZATION,AUTO_FROZEN,0.792163,0.08092
SC_004_R08.png,SC,SC_004,8,7,FEW-SHOT,Scatterplot,Comparação,CONFORMING,CONFORMING,CONFORMING,CONFORMING,PENDING_BB,DIAGNOSTIC_OK,NOT_APPLICABLE,NOT_APPLICABLE,NOT_APPLICABLE,NO_FAILURE_SO_FAR,PENDING_FINALIZATION,AUTO_FROZEN,0.792163,0.08092
SC_004_R09.png,SC,SC_004,9,7,FEW-SHOT,Scatterplot,Comparação,CONFORMING,CONFORMING,CONFORMING,CONFORMING,PENDING_BB,DIAGNOSTIC_OK,NOT_APPLICABLE,NOT_APPLICABLE,NOT_APPLICABLE,NO_FAILURE_SO_FAR,PENDING_FINALIZATION,AUTO_FROZEN,0.792163,0.08092
SC_004_R10.png,SC,SC_004,10,7,FEW-SHOT,Scatterplot,Comparação,CONFORMING,CONFORMING,CONFORMING,CONFORMING,PENDING_BB,DIAGNOSTIC_OK,NOT_APPLICABLE,NOT_APPLICABLE,NOT_APPLICABLE,NO_FAILURE_SO_FAR,PENDING_FINALIZATION,AUTO_FROZEN,0.792163,0.08092
SC_005_R01.png,SC,SC_005,1,8,FEW-SHOT,Scatterplot,Comparação,CONFORMING,CONFORMING,CONFORMING,CONFORMING,PENDING_BB,DIAGNOSTIC_OK,NOT_APPLICABLE,NOT_APPLICABLE,NOT_APPLICABLE,NO_FAILURE_SO_FAR,PENDING_FINALIZATION,AUTO_FROZEN,0.914193,0.056095
SC_005_R02.png,SC,SC_005,2,8,FEW-SHOT,Scatterplot,Comparação,CONFORMING,CONFORMING,CONFORMING,CONFORMING,PENDING_BB,DIAGNOSTIC_OK,NOT_APPLICABLE,NOT_APPLICABLE,NOT_APPLICABLE,NO_FAILURE_SO_FAR,PENDING_FINALIZATION,AUTO_FROZEN,0.895886,0.083168
SC_005_R03.png,SC,SC_005,3,8,FEW-SHOT,Scatterplot,Comparação,CONFORMING,CONFORMING,CONFORMING,CONFORMING,PENDING_BB,DIAGNOSTIC_OK,NOT_APPLICABLE,NOT_APPLICABLE,NOT_APPLICABLE,NO_FAILURE_SO_FAR,PENDING_FINALIZATION,AUTO_FROZEN,0.895886,0.083168
SC_005_R04.png,SC,SC_005,4,8,FEW-SHOT,Scatterplot,Comparação,CONFORMING,CONFORMING,CONFORMING,CONFORMING,PENDING_BB,DIAGNOSTIC_OK,NOT_APPLICABLE,NOT_APPLICABLE,NOT_APPLICABLE,NO_FAILURE_SO_FAR,PENDING_FINALIZATION,AUTO_FROZEN,0.895886,0.083168
SC_005_R05.png,SC,SC_005,5,8,FEW-SHOT,Scatterplot,Comparação,CONFORMING,CONFORMING,CONFORMING,CONFORMING,PENDING_BB,DIAGNOSTIC_OK,NOT_APPLICABLE,NOT_APPLICABLE,NOT_APPLICABLE,NO_FAILURE_SO_FAR,PENDING_FINALIZATION,AUTO_FROZEN,0.895886,0.083168
SC_005_R06.png,SC,SC_005,6,8,FEW-SHOT,Scatterplot,Comparação,CONFORMING,CONFORMING,CONFORMING,CONFORMING,PENDING_BB,DIAGNOSTIC_OK,NOT_APPLICABLE,NOT_APPLICABLE,NOT_APPLICABLE,NO_FAILURE_SO_FAR,PENDING_FINALIZATION,AUTO_FROZEN,0.895886,0.083168
SC_005_R07.png,SC,SC_005,7,8,FEW-SHOT,Scatterplot,Comparação,CONFORMING,CONFORMING,CONFORMING,CONFORMING,PENDING_BB,DIAGNOSTIC_OK,NOT_APPLICABLE,NOT_APPLICABLE,NOT_APPLICABLE,NO_FAILURE_SO_FAR,PENDING_FINALIZATION,AUTO_FROZEN,0.895886,0.083168
SC_005_R08.png,SC,SC_005,8,8,FEW-SHOT,Scatterplot,Comparação,CONFORMING,CONFORMING,CONFORMING,CONFORMING,PENDING_BB,DIAGNOSTIC_OK,NOT_APPLICABLE,NOT_APPLICABLE,NOT_APPLICABLE,NO_FAILURE_SO_FAR,PENDING_FINALIZATION,AUTO_FROZEN,0.895886,0.083168
SC_005_R09.png,SC,SC_005,9,8,FEW-SHOT,Scatterplot,Comparação,CONFORMING,CONFORMING,CONFORMING,CONFORMING,PENDING_BB,DIAGNOSTIC_OK,NOT_APPLICABLE,NOT_APPLICABLE,NOT_APPLICABLE,NO_FAILURE_SO_FAR,PENDING_FINALIZATION,AUTO_FROZEN,0.895886,0.083168
SC_005_R10.png,SC,SC_005,10,8,FEW-SHOT,Scatterplot,Comparação,CONFORMING,CONFORMING,CONFORMING,CONFORMING,PENDING_BB,DIAGNOSTIC_OK,NOT_APPLICABLE,NOT_APPLICABLE,NOT_APPLICABLE,NO_FAILURE_SO_FAR,PENDING_FINALIZATION,AUTO_FROZEN,0.895886,0.083168
SC_006_R01.png,SC,SC_006,1,9,FEW-SHOT,Scatterplot,Comparação,CONFORMING,CONFORMING,CONFORMING,CONFORMING,PENDING_BB,DIAGNOSTIC_OK,CONFORMING,CONFORMING,CONFORMING,NO_FAILURE_SO_FAR,PENDING_FINALIZATION,AUTO_FROZEN,0.913678,0.061541
SC_006_R02.png,SC,SC_006,2,9,FEW-SHOT,Scatterplot,Comparação,CONFORMING,CONFORMING,CONFORMING,CONFORMING,PENDING_BB,DIAGNOSTIC_OK,CONFORMING,CONFORMING,CONFORMING,NO_FAILURE_SO_FAR,PENDING_FINALIZATION,AUTO_FROZEN,0.996346,0.083357
SC_006_R03.png,SC,SC_006,3,9,FEW-SHOT,Scatterplot,Comparação,CONFORMING,CONFORMING,CONFORMING,CONFORMING,PENDING_BB,DIAGNOSTIC_OK,CONFORMING,CONFORMING,CONFORMING,NO_FAILURE_SO_FAR,PENDING_FINALIZATION,AUTO_FROZEN,0.996346,0.083357
SC_006_R04.png,SC,SC_006,4,9,FEW-SHOT,Scatterplot,Comparação,CONFORMING,CONFORMING,CONFORMING,CONFORMING,PENDING_BB,DIAGNOSTIC_OK,CONFORMING,CONFORMING,CONFORMING,NO_FAILURE_SO_FAR,PENDING_FINALIZATION,AUTO_FROZEN,0.996346,0.083357
SC_006_R05.png,SC,SC_006,5,9,FEW-SHOT,Scatterplot,Comparação,CONFORMING,CONFORMING,CONFORMING,CONFORMING,PENDING_BB,DIAGNOSTIC_OK,CONFORMING,CONFORMING,CONFORMING,NO_FAILURE_SO_FAR,PENDING_FINALIZATION,AUTO_FROZEN,0.996346,0.083357
SC_006_R06.png,SC,SC_006,6,9,FEW-SHOT,Scatterplot,Comparação,CONFORMING,CONFORMING,CONFORMING,CONFORMING,PENDING_BB,DIAGNOSTIC_OK,CONFORMING,CONFORMING,CONFORMING,NO_FAILURE_SO_FAR,PENDING_FINALIZATION,AUTO_FROZEN,0.996346,0.083357
SC_006_R07.png,SC,SC_006,7,9,FEW-SHOT,Scatterplot,Comparação,CONFORMING,CONFORMING,CONFORMING,CONFORMING,PENDING_BB,DIAGNOSTIC_OK,CONFORMING,CONFORMING,CONFORMING,NO_FAILURE_SO_FAR,PENDING_FINALIZATION,AUTO_FROZEN,0.996346,0.083357
SC_006_R08.png,SC,SC_006,8,9,FEW-SHOT,Scatterplot,Comparação,CONFORMING,CONFORMING,CONFORMING,CONFORMING,PENDING_BB,DIAGNOSTIC_OK,CONFORMING,CONFORMING,CONFORMING,NO_FAILURE_SO_FAR,PENDING_FINALIZATION,AUTO_FROZEN,0.996346,0.083357
SC_006_R09.png,SC,SC_006,9,9,FEW-SHOT,Scatterplot,Comparação,CONFORMING,CONFORMING,CONFORMING,CONFORMING,PENDING_BB,DIAGNOSTIC_OK,CONFORMING,CONFORMING,CONFORMING,NO_FAILURE_SO_FAR,PENDING_FINALIZATION,AUTO_FROZEN,0.996346,0.083357
SC_006_R10.png,SC,SC_006,10,9,FEW-SHOT,Scatterplot,Comparação,CONFORMING,CONFORMING,CONFORMING,CONFORMING,PENDING_BB,DIAGNOSTIC_OK,CONFORMING,CONFORMING,CONFORMING,NO_FAILURE_SO_FAR,PENDING_FINALIZATION,AUTO_FROZEN,0.996346,0.083357
SC_007_R01.png,SC,SC_007,1,10,FEW-SHOT,Scatterplot,Comparação,CONFORMING,CONFORMING,CONFORMING,CONFORMING,PENDING_BB,DIAGNOSTIC_OK,NOT_APPLICABLE,NOT_APPLICABLE,NOT_APPLICABLE,NO_FAILURE_SO_FAR,PENDING_FINALIZATION,AUTO_FROZEN,0.900776,0.077691
SC_007_R02.png,SC,SC_007,2,10,FEW-SHOT,Scatterplot,Comparação,CONFORMING,CONFORMING,CONFORMING,CONFORMING,PENDING_BB,DIAGNOSTIC_OK,NOT_APPLICABLE,NOT_APPLICABLE,NOT_APPLICABLE,NO_FAILURE_SO_FAR,PENDING_FINALIZATION,AUTO_FROZEN,0.972932,0.077691
SC_007_R03.png,SC,SC_007,3,10,FEW-SHOT,Scatterplot,Comparação,CONFORMING,CONFORMING,CONFORMING,CONFORMING,PENDING_BB,DIAGNOSTIC_OK,NOT_APPLICABLE,NOT_APPLICABLE,NOT_APPLICABLE,NO_FAILURE_SO_FAR,PENDING_FINALIZATION,AUTO_FROZEN,0.972932,0.077691
SC_007_R04.png,SC,SC_007,4,10,FEW-SHOT,Scatterplot,Comparação,CONFORMING,CONFORMING,CONFORMING,CONFORMING,PENDING_BB,DIAGNOSTIC_OK,NOT_APPLICABLE,NOT_APPLICABLE,NOT_APPLICABLE,NO_FAILURE_SO_FAR,PENDING_FINALIZATION,AUTO_FROZEN,0.972932,0.077691
SC_007_R05.png,SC,SC_007,5,10,FEW-SHOT,Scatterplot,Comparação,CONFORMING,CONFORMING,CONFORMING,CONFORMING,PENDING_BB,DIAGNOSTIC_OK,NOT_APPLICABLE,NOT_APPLICABLE,NOT_APPLICABLE,NO_FAILURE_SO_FAR,PENDING_FINALIZATION,AUTO_FROZEN,0.972932,0.077691
SC_007_R06.png,SC,SC_007,6,10,FEW-SHOT,Scatterplot,Comparação,CONFORMING,CONFORMING,CONFORMING,CONFORMING,PENDING_BB,DIAGNOSTIC_OK,NOT_APPLICABLE,NOT_APPLICABLE,NOT_APPLICABLE,NO_FAILURE_SO_FAR,PENDING_FINALIZATION,AUTO_FROZEN,0.972932,0.077691
SC_007_R07.png,SC,SC_007,7,10,FEW-SHOT,Scatterplot,Comparação,CONFORMING,CONFORMING,CONFORMING,CONFORMING,PENDING_BB,DIAGNOSTIC_OK,NOT_APPLICABLE,NOT_APPLICABLE,NOT_APPLICABLE,NO_FAILURE_SO_FAR,PENDING_FINALIZATION,AUTO_FROZEN,0.972932,0.077691
SC_007_R08.png,SC,SC_007,8,10,FEW-SHOT,Scatterplot,Comparação,CONFORMING,CONFORMING,CONFORMING,CONFORMING,PENDING_BB,DIAGNOSTIC_OK,NOT_APPLICABLE,NOT_APPLICABLE,NOT_APPLICABLE,NO_FAILURE_SO_FAR,PENDING_FINALIZATION,AUTO_FROZEN,0.972932,0.077691
SC_007_R09.png,SC,SC_007,9,10,FEW-SHOT,Scatterplot,Comparação,CONFORMING,CONFORMING,CONFORMING,CONFORMING,PENDING_BB,DIAGNOSTIC_OK,NOT_APPLICABLE,NOT_APPLICABLE,NOT_APPLICABLE,NO_FAILURE_SO_FAR,PENDING_FINALIZATION,AUTO_FROZEN,0.972932,0.077691
SC_007_R10.png,SC,SC_007,10,10,FEW-SHOT,Scatterplot,Comparação,CONFORMING,CONFORMING,CONFORMING,CONFORMING,PENDING_BB,DIAGNOSTIC_OK,NOT_APPLICABLE,NOT_APPLICABLE,NOT_APPLICABLE,NO_FAILURE_SO_FAR,PENDING_FINALIZATION,AUTO_FROZEN,0.972932,0.077691
SC_008_R01.png,SC,SC_008,1,11,FEW-SHOT,Scatterplot,Comparação,CONFORMING,CONFORMING,CONFORMING,CONFORMING,PENDING_BB,DIAGNOSTIC_OK,NOT_APPLICABLE,NOT_APPLICABLE,NOT_APPLICABLE,NO_FAILURE_SO_FAR,PENDING_FINALIZATION,AUTO_FROZEN,0.916725,0.089947
SC_008_R02.png,SC,SC_008,2,11,FEW-SHOT,Scatterplot,Comparação,CONFORMING,CONFORMING,CONFORMING,CONFORMING,PENDING_BB,DIAGNOSTIC_OK,NOT_APPLICABLE,NOT_APPLICABLE,NOT_APPLICABLE,NO_FAILURE_SO_FAR,PENDING_FINALIZATION,AUTO_FROZEN,0.917051,0.077691
SC_008_R03.png,SC,SC_008,3,11,FEW-SHOT,Scatterplot,Comparação,CONFORMING,CONFORMING,CONFORMING,CONFORMING,PENDING_BB,DIAGNOSTIC_OK,NOT_APPLICABLE,NOT_APPLICABLE,NOT_APPLICABLE,NO_FAILURE_SO_FAR,PENDING_FINALIZATION,AUTO_FROZEN,0.917051,0.077691
SC_008_R04.png,SC,SC_008,4,11,FEW-SHOT,Scatterplot,Comparação,CONFORMING,CONFORMING,CONFORMING,CONFORMING,PENDING_BB,DIAGNOSTIC_OK,NOT_APPLICABLE,NOT_APPLICABLE,NOT_APPLICABLE,NO_FAILURE_SO_FAR,PENDING_FINALIZATION,AUTO_FROZEN,0.917051,0.077691
SC_008_R05.png,SC,SC_008,5,11,FEW-SHOT,Scatterplot,Comparação,CONFORMING,CONFORMING,CONFORMING,CONFORMING,PENDING_BB,DIAGNOSTIC_OK,NOT_APPLICABLE,NOT_APPLICABLE,NOT_APPLICABLE,NO_FAILURE_SO_FAR,PENDING_FINALIZATION,AUTO_FROZEN,0.917051,0.077691
SC_008_R06.png,SC,SC_008,6,11,FEW-SHOT,Scatterplot,Comparação,CONFORMING,CONFORMING,CONFORMING,CONFORMING,PENDING_BB,DIAGNOSTIC_OK,NOT_APPLICABLE,NOT_APPLICABLE,NOT_APPLICABLE,NO_FAILURE_SO_FAR,PENDING_FINALIZATION,AUTO_FROZEN,0.917051,0.077691
SC_008_R07.png,SC,SC_008,7,11,FEW-SHOT,Scatterplot,Comparação,CONFORMING,CONFORMING,CONFORMING,CONFORMING,PENDING_BB,DIAGNOSTIC_OK,NOT_APPLICABLE,NOT_APPLICABLE,NOT_APPLICABLE,NO_FAILURE_SO_FAR,PENDING_FINALIZATION,AUTO_FROZEN,0.917051,0.077691
SC_008_R08.png,SC,SC_008,8,11,FEW-SHOT,Scatterplot,Comparação,CONFORMING,CONFORMING,CONFORMING,CONFORMING,PENDING_BB,DIAGNOSTIC_OK,NOT_APPLICABLE,NOT_APPLICABLE,NOT_APPLICABLE,NO_FAILURE_SO_FAR,PENDING_FINALIZATION,AUTO_FROZEN,0.917051,0.077691
SC_008_R09.png,SC,SC_008,9,11,FEW-SHOT,Scatterplot,Comparação,CONFORMING,CONFORMING,CONFORMING,CONFORMING,PENDING_BB,DIAGNOSTIC_OK,NOT_APPLICABLE,NOT_APPLICABLE,NOT_APPLICABLE,NO_FAILURE_SO_FAR,PENDING_FINALIZATION,AUTO_FROZEN,0.917051,0.077691
SC_008_R10.png,SC,SC_008,10,11,FEW-SHOT,Scatterplot,Comparação,CONFORMING,CONFORMING,CONFORMING,CONFORMING,PENDING_BB,DIAGNOSTIC_OK,NOT_APPLICABLE,NOT_APPLICABLE,NOT_APPLICABLE,NO_FAILURE_SO_FAR,PENDING_FINALIZATION,AUTO_FROZEN,0.917051,0.077691
SC_009_R01.png,SC,SC_009,1,12,FEW-SHOT,Scatterplot,Comparação,CONFORMING,CONFORMING,CONFORMING,CONFORMING,PENDING_BB,DIAGNOSTIC_OK,NOT_APPLICABLE,NOT_APPLICABLE,NOT_APPLICABLE,NO_FAILURE_SO_FAR,PENDING_FINALIZATION,AUTO_FROZEN,0.980546,0.056095
SC_009_R02.png,SC,SC_009,2,12,FEW-SHOT,Scatterplot,Comparação,CONFORMING,CONFORMING,CONFORMING,CONFORMING,PENDING_BB,DIAGNOSTIC_OK,NOT_APPLICABLE,NOT_APPLICABLE,NOT_APPLICABLE,NO_FAILURE_SO_FAR,PENDING_FINALIZATION,AUTO_FROZEN,0.851611,0.077152
SC_009_R03.png,SC,SC_009,3,12,FEW-SHOT,Scatterplot,Comparação,CONFORMING,CONFORMING,CONFORMING,CONFORMING,PENDING_BB,DIAGNOSTIC_OK,NOT_APPLICABLE,NOT_APPLICABLE,NOT_APPLICABLE,NO_FAILURE_SO_FAR,PENDING_FINALIZATION,AUTO_FROZEN,0.851611,0.077152
SC_009_R04.png,SC,SC_009,4,12,FEW-SHOT,Scatterplot,Comparação,CONFORMING,CONFORMING,CONFORMING,CONFORMING,PENDING_BB,DIAGNOSTIC_OK,NOT_APPLICABLE,NOT_APPLICABLE,NOT_APPLICABLE,NO_FAILURE_SO_FAR,PENDING_FINALIZATION,AUTO_FROZEN,0.851611,0.077152
SC_009_R05.png,SC,SC_009,5,12,FEW-SHOT,Scatterplot,Comparação,CONFORMING,CONFORMING,CONFORMING,CONFORMING,PENDING_BB,DIAGNOSTIC_OK,NOT_APPLICABLE,NOT_APPLICABLE,NOT_APPLICABLE,NO_FAILURE_SO_FAR,PENDING_FINALIZATION,AUTO_FROZEN,0.851611,0.077152
SC_009_R06.png,SC,SC_009,6,12,FEW-SHOT,Scatterplot,Comparação,CONFORMING,CONFORMING,CONFORMING,CONFORMING,PENDING_BB,DIAGNOSTIC_OK,NOT_APPLICABLE,NOT_APPLICABLE,NOT_APPLICABLE,NO_FAILURE_SO_FAR,PENDING_FINALIZATION,AUTO_FROZEN,0.851611,0.077152
SC_009_R07.png,SC,SC_009,7,12,FEW-SHOT,Scatterplot,Comparação,CONFORMING,CONFORMING,CONFORMING,CONFORMING,PENDING_BB,DIAGNOSTIC_OK,NOT_APPLICABLE,NOT_APPLICABLE,NOT_APPLICABLE,NO_FAILURE_SO_FAR,PENDING_FINALIZATION,AUTO_FROZEN,0.851611,0.077152
SC_009_R08.png,SC,SC_009,8,12,FEW-SHOT,Scatterplot,Comparação,CONFORMING,CONFORMING,CONFORMING,CONFORMING,PENDING_BB,DIAGNOSTIC_OK,NOT_APPLICABLE,NOT_APPLICABLE,NOT_APPLICABLE,NO_FAILURE_SO_FAR,PENDING_FINALIZATION,AUTO_FROZEN,0.851611,0.077152
SC_009_R09.png,SC,SC_009,9,12,FEW-SHOT,Scatterplot,Comparação,CONFORMING,CONFORMING,CONFORMING,CONFORMING,PENDING_BB,DIAGNOSTIC_OK,NOT_APPLICABLE,NOT_APPLICABLE,NOT_APPLICABLE,NO_FAILURE_SO_FAR,PENDING_FINALIZATION,AUTO_FROZEN,0.851611,0.077152
SC_009_R10.png,SC,SC_009,10,12,FEW-SHOT,Scatterplot,Comparação,CONFORMING,CONFORMING,CONFORMING,CONFORMING,PENDING_BB,DIAGNOSTIC_OK,NOT_APPLICABLE,NOT_APPLICABLE,NOT_APPLICABLE,NO_FAILURE_SO_FAR,PENDING_FINALIZATION,AUTO_FROZEN,0.851611,0.077152
SC_010_R01.png,SC,SC_010,1,13,FEW-SHOT,Scatterplot,Comparação,CONFORMING,CONFORMING,NONCONFORMING,CONFORMING,PENDING_BB,DIAGNOSTIC_OK,CONFORMING,CONFORMING,NOT_APPLICABLE,NONCONFORMING,NONCONFORMING,AUTO_FROZEN,0.996046,0.051917
SC_010_R02.png,SC,SC_010,2,13,FEW-SHOT,Scatterplot,Comparação,CONFORMING,CONFORMING,CONFORMING,CONFORMING,PENDING_BB,DIAGNOSTIC_OK,CONFORMING,CONFORMING,NOT_APPLICABLE,NO_FAILURE_SO_FAR,PENDING_FINALIZATION,AUTO_FROZEN,0.994642,0.082815
SC_010_R03.png,SC,SC_010,3,13,FEW-SHOT,Scatterplot,Comparação,CONFORMING,CONFORMING,CONFORMING,CONFORMING,PENDING_BB,DIAGNOSTIC_OK,CONFORMING,CONFORMING,NOT_APPLICABLE,NO_FAILURE_SO_FAR,PENDING_FINALIZATION,AUTO_FROZEN,0.994642,0.082815
SC_010_R04.png,SC,SC_010,4,13,FEW-SHOT,Scatterplot,Comparação,CONFORMING,CONFORMING,CONFORMING,CONFORMING,PENDING_BB,DIAGNOSTIC_OK,CONFORMING,CONFORMING,NOT_APPLICABLE,NO_FAILURE_SO_FAR,PENDING_FINALIZATION,AUTO_FROZEN,0.994642,0.082815
SC_010_R05.png,SC,SC_010,5,13,FEW-SHOT,Scatterplot,Comparação,CONFORMING,CONFORMING,CONFORMING,CONFORMING,PENDING_BB,DIAGNOSTIC_OK,CONFORMING,CONFORMING,NOT_APPLICABLE,NO_FAILURE_SO_FAR,PENDING_FINALIZATION,AUTO_FROZEN,0.994642,0.082815
SC_010_R06.png,SC,SC_010,6,13,FEW-SHOT,Scatterplot,Comparação,CONFORMING,CONFORMING,CONFORMING,CONFORMING,PENDING_BB,DIAGNOSTIC_OK,CONFORMING,CONFORMING,NOT_APPLICABLE,NO_FAILURE_SO_FAR,PENDING_FINALIZATION,AUTO_FROZEN,0.994642,0.082815
SC_010_R07.png,SC,SC_010,7,13,FEW-SHOT,Scatterplot,Comparação,CONFORMING,CONFORMING,CONFORMING,CONFORMING,PENDING_BB,DIAGNOSTIC_OK,CONFORMING,CONFORMING,NOT_APPLICABLE,NO_FAILURE_SO_FAR,PENDING_FINALIZATION,AUTO_FROZEN,0.994642,0.082815
SC_010_R08.png,SC,SC_010,8,13,FEW-SHOT,Scatterplot,Comparação,CONFORMING,CONFORMING,CONFORMING,CONFORMING,PENDING_BB,DIAGNOSTIC_OK,CONFORMING,CONFORMING,NOT_APPLICABLE,NO_FAILURE_SO_FAR,PENDING_FINALIZATION,AUTO_FROZEN,0.994642,0.082815
SC_010_R09.png,SC,SC_010,9,13,FEW-SHOT,Scatterplot,Comparação,CONFORMING,CONFORMING,CONFORMING,CONFORMING,PENDING_BB,DIAGNOSTIC_OK,CONFORMING,CONFORMING,NOT_APPLICABLE,NO_FAILURE_SO_FAR,PENDING_FINALIZATION,AUTO_FROZEN,0.994642,0.082815
SC_010_R10.png,SC,SC_010,10,13,FEW-SHOT,Scatterplot,Comparação,CONFORMING,CONFORMING,CONFORMING,CONFORMING,PENDING_BB,DIAGNOSTIC_OK,CONFORMING,CONFORMING,NOT_APPLICABLE,NO_FAILURE_SO_FAR,PENDING_FINALIZATION,AUTO_FROZEN,0.994642,0.082815
SC_011_R01.png,SC,SC_011,1,14,FEW-SHOT,Scatterplot,Comparação,CONFORMING,CONFORMING,CONFORMING,CONFORMING,PENDING_BB,DIAGNOSTIC_OK,NOT_APPLICABLE,NOT_APPLICABLE,NOT_APPLICABLE,NO_FAILURE_SO_FAR,PENDING_FINALIZATION,AUTO_FROZEN,0.91704,0.077528
SC_011_R02.png,SC,SC_011,2,14,FEW-SHOT,Scatterplot,Comparação,CONFORMING,CONFORMING,CONFORMING,CONFORMING,PENDING_BB,DIAGNOSTIC_OK,NOT_APPLICABLE,NOT_APPLICABLE,NOT_APPLICABLE,NO_FAILURE_SO_FAR,PENDING_FINALIZATION,AUTO_FROZEN,0.895762,0.082815
SC_011_R03.png,SC,SC_011,3,14,FEW-SHOT,Scatterplot,Comparação,CONFORMING,CONFORMING,CONFORMING,CONFORMING,PENDING_BB,DIAGNOSTIC_OK,NOT_APPLICABLE,NOT_APPLICABLE,NOT_APPLICABLE,NO_FAILURE_SO_FAR,PENDING_FINALIZATION,AUTO_FROZEN,0.895762,0.082815
SC_011_R04.png,SC,SC_011,4,14,FEW-SHOT,Scatterplot,Comparação,CONFORMING,CONFORMING,CONFORMING,CONFORMING,PENDING_BB,DIAGNOSTIC_OK,NOT_APPLICABLE,NOT_APPLICABLE,NOT_APPLICABLE,NO_FAILURE_SO_FAR,PENDING_FINALIZATION,AUTO_FROZEN,0.895762,0.082815
SC_011_R05.png,SC,SC_011,5,14,FEW-SHOT,Scatterplot,Comparação,CONFORMING,CONFORMING,CONFORMING,CONFORMING,PENDING_BB,DIAGNOSTIC_OK,NOT_APPLICABLE,NOT_APPLICABLE,NOT_APPLICABLE,NO_FAILURE_SO_FAR,PENDING_FINALIZATION,AUTO_FROZEN,0.895762,0.082815
SC_011_R06.png,SC,SC_011,6,14,FEW-SHOT,Scatterplot,Comparação,CONFORMING,CONFORMING,CONFORMING,CONFORMING,PENDING_BB,DIAGNOSTIC_OK,NOT_APPLICABLE,NOT_APPLICABLE,NOT_APPLICABLE,NO_FAILURE_SO_FAR,PENDING_FINALIZATION,AUTO_FROZEN,0.895762,0.082815
SC_011_R07.png,SC,SC_011,7,14,FEW-SHOT,Scatterplot,Comparação,CONFORMING,CONFORMING,CONFORMING,CONFORMING,PENDING_BB,DIAGNOSTIC_OK,NOT_APPLICABLE,NOT_APPLICABLE,NOT_APPLICABLE,NO_FAILURE_SO_FAR,PENDING_FINALIZATION,AUTO_FROZEN,0.895762,0.082815
SC_011_R08.png,SC,SC_011,8,14,FEW-SHOT,Scatterplot,Comparação,CONFORMING,CONFORMING,CONFORMING,CONFORMING,PENDING_BB,DIAGNOSTIC_OK,NOT_APPLICABLE,NOT_APPLICABLE,NOT_APPLICABLE,NO_FAILURE_SO_FAR,PENDING_FINALIZATION,AUTO_FROZEN,0.895762,0.082815
SC_011_R09.png,SC,SC_011,9,14,FEW-SHOT,Scatterplot,Comparação,CONFORMING,CONFORMING,CONFORMING,CONFORMING,PENDING_BB,DIAGNOSTIC_OK,NOT_APPLICABLE,NOT_APPLICABLE,NOT_APPLICABLE,NO_FAILURE_SO_FAR,PENDING_FINALIZATION,AUTO_FROZEN,0.895762,0.082815
SC_011_R10.png,SC,SC_011,10,14,FEW-SHOT,Scatterplot,Comparação,CONFORMING,CONFORMING,CONFORMING,CONFORMING,PENDING_BB,DIAGNOSTIC_OK,NOT_APPLICABLE,NOT_APPLICABLE,NOT_APPLICABLE,NO_FAILURE_SO_FAR,PENDING_FINALIZATION,AUTO_FROZEN,0.895762,0.082815
SC_012_R01.png,SC,SC_012,1,15,FEW-SHOT,Scatterplot,Comparação,CONFORMING,CONFORMING,CONFORMING,CONFORMING,PENDING_BB,DIAGNOSTIC_OK,NOT_APPLICABLE,NOT_APPLICABLE,NOT_APPLICABLE,NO_FAILURE_SO_FAR,PENDING_FINALIZATION,AUTO_FROZEN,0.917275,0.080694
SC_012_R02.png,SC,SC_012,2,15,FEW-SHOT,Scatterplot,Comparação,CONFORMING,CONFORMING,CONFORMING,CONFORMING,PENDING_BB,DIAGNOSTIC_OK,NOT_APPLICABLE,NOT_APPLICABLE,NOT_APPLICABLE,NO_FAILURE_SO_FAR,PENDING_FINALIZATION,AUTO_FROZEN,0.895824,0.083185
SC_012_R03.png,SC,SC_012,3,15,FEW-SHOT,Scatterplot,Comparação,CONFORMING,CONFORMING,CONFORMING,CONFORMING,PENDING_BB,DIAGNOSTIC_OK,NOT_APPLICABLE,NOT_APPLICABLE,NOT_APPLICABLE,NO_FAILURE_SO_FAR,PENDING_FINALIZATION,AUTO_FROZEN,0.895824,0.083185
SC_012_R04.png,SC,SC_012,4,15,FEW-SHOT,Scatterplot,Comparação,CONFORMING,CONFORMING,CONFORMING,CONFORMING,PENDING_BB,DIAGNOSTIC_OK,NOT_APPLICABLE,NOT_APPLICABLE,NOT_APPLICABLE,NO_FAILURE_SO_FAR,PENDING_FINALIZATION,AUTO_FROZEN,0.895824,0.083185
SC_012_R05.png,SC,SC_012,5,15,FEW-SHOT,Scatterplot,Comparação,CONFORMING,CONFORMING,CONFORMING,CONFORMING,PENDING_BB,DIAGNOSTIC_OK,NOT_APPLICABLE,NOT_APPLICABLE,NOT_APPLICABLE,NO_FAILURE_SO_FAR,PENDING_FINALIZATION,AUTO_FROZEN,0.895824,0.083185
SC_012_R06.png,SC,SC_012,6,15,FEW-SHOT,Scatterplot,Comparação,CONFORMING,CONFORMING,CONFORMING,CONFORMING,PENDING_BB,DIAGNOSTIC_OK,NOT_APPLICABLE,NOT_APPLICABLE,NOT_APPLICABLE,NO_FAILURE_SO_FAR,PENDING_FINALIZATION,AUTO_FROZEN,0.895824,0.083185
SC_012_R07.png,SC,SC_012,7,15,FEW-SHOT,Scatterplot,Comparação,CONFORMING,CONFORMING,CONFORMING,CONFORMING,PENDING_BB,DIAGNOSTIC_OK,NOT_APPLICABLE,NOT_APPLICABLE,NOT_APPLICABLE,NO_FAILURE_SO_FAR,PENDING_FINALIZATION,AUTO_FROZEN,0.895824,0.083185
SC_012_R08.png,SC,SC_012,8,15,FEW-SHOT,Scatterplot,Comparação,CONFORMING,CONFORMING,CONFORMING,CONFORMING,PENDING_BB,DIAGNOSTIC_OK,NOT_APPLICABLE,NOT_APPLICABLE,NOT_APPLICABLE,NO_FAILURE_SO_FAR,PENDING_FINALIZATION,AUTO_FROZEN,0.895824,0.083185
SC_012_R09.png,SC,SC_012,9,15,FEW-SHOT,Scatterplot,Comparação,CONFORMING,CONFORMING,CONFORMING,CONFORMING,PENDING_BB,DIAGNOSTIC_OK,NOT_APPLICABLE,NOT_APPLICABLE,NOT_APPLICABLE,NO_FAILURE_SO_FAR,PENDING_FINALIZATION,AUTO_FROZEN,0.895824,0.083185
SC_012_R10.png,SC,SC_012,10,15,FEW-SHOT,Scatterplot,Comparação,CONFORMING,CONFORMING,CONFORMING,CONFORMING,PENDING_BB,DIAGNOSTIC_OK,NOT_APPLICABLE,NOT_APPLICABLE,NOT_APPLICABLE,NO_FAILURE_SO_FAR,PENDING_FINALIZATION,AUTO_FROZEN,0.895824,0.083185
SC_013_R01.png,SC,SC_013,1,16,FEW-SHOT,Scatterplot,Comparação,CONFORMING,CONFORMING,CONFORMING,CONFORMING,PENDING_BB,DIAGNOSTIC_OK,NOT_APPLICABLE,NOT_APPLICABLE,NOT_APPLICABLE,NO_FAILURE_SO_FAR,PENDING_FINALIZATION,AUTO_FROZEN,0.914193,0.056095
SC_013_R02.png,SC,SC_013,2,16,FEW-SHOT,Scatterplot,Comparação,CONFORMING,CONFORMING,CONFORMING,CONFORMING,PENDING_BB,DIAGNOSTIC_OK,NOT_APPLICABLE,NOT_APPLICABLE,NOT_APPLICABLE,NO_FAILURE_SO_FAR,PENDING_FINALIZATION,AUTO_FROZEN,0.895824,0.083185
SC_013_R03.png,SC,SC_013,3,16,FEW-SHOT,Scatterplot,Comparação,CONFORMING,CONFORMING,CONFORMING,CONFORMING,PENDING_BB,DIAGNOSTIC_OK,NOT_APPLICABLE,NOT_APPLICABLE,NOT_APPLICABLE,NO_FAILURE_SO_FAR,PENDING_FINALIZATION,AUTO_FROZEN,0.895824,0.083185
SC_013_R04.png,SC,SC_013,4,16,FEW-SHOT,Scatterplot,Comparação,CONFORMING,CONFORMING,CONFORMING,CONFORMING,PENDING_BB,DIAGNOSTIC_OK,NOT_APPLICABLE,NOT_APPLICABLE,NOT_APPLICABLE,NO_FAILURE_SO_FAR,PENDING_FINALIZATION,AUTO_FROZEN,0.895824,0.083185
SC_013_R05.png,SC,SC_013,5,16,FEW-SHOT,Scatterplot,Comparação,CONFORMING,CONFORMING,CONFORMING,CONFORMING,PENDING_BB,DIAGNOSTIC_OK,NOT_APPLICABLE,NOT_APPLICABLE,NOT_APPLICABLE,NO_FAILURE_SO_FAR,PENDING_FINALIZATION,AUTO_FROZEN,0.895824,0.083185
SC_013_R06.png,SC,SC_013,6,16,FEW-SHOT,Scatterplot,Comparação,CONFORMING,CONFORMING,CONFORMING,CONFORMING,PENDING_BB,DIAGNOSTIC_OK,NOT_APPLICABLE,NOT_APPLICABLE,NOT_APPLICABLE,NO_FAILURE_SO_FAR,PENDING_FINALIZATION,AUTO_FROZEN,0.895824,0.083185
SC_013_R07.png,SC,SC_013,7,16,FEW-SHOT,Scatterplot,Comparação,CONFORMING,CONFORMING,CONFORMING,CONFORMING,PENDING_BB,DIAGNOSTIC_OK,NOT_APPLICABLE,NOT_APPLICABLE,NOT_APPLICABLE,NO_FAILURE_SO_FAR,PENDING_FINALIZATION,AUTO_FROZEN,0.895824,0.083185
SC_013_R08.png,SC,SC_013,8,16,FEW-SHOT,Scatterplot,Comparação,CONFORMING,CONFORMING,CONFORMING,CONFORMING,PENDING_BB,DIAGNOSTIC_OK,NOT_APPLICABLE,NOT_APPLICABLE,NOT_APPLICABLE,NO_FAILURE_SO_FAR,PENDING_FINALIZATION,AUTO_FROZEN,0.895824,0.083185
SC_013_R09.png,SC,SC_013,9,16,FEW-SHOT,Scatterplot,Comparação,CONFORMING,CONFORMING,CONFORMING,CONFORMING,PENDING_BB,DIAGNOSTIC_OK,NOT_APPLICABLE,NOT_APPLICABLE,NOT_APPLICABLE,NO_FAILURE_SO_FAR,PENDING_FINALIZATION,AUTO_FROZEN,0.895824,0.083185
SC_013_R10.png,SC,SC_013,10,16,FEW-SHOT,Scatterplot,Comparação,CONFORMING,CONFORMING,CONFORMING,CONFORMING,PENDING_BB,DIAGNOSTIC_OK,NOT_APPLICABLE,NOT_APPLICABLE,NOT_APPLICABLE,NO_FAILURE_SO_FAR,PENDING_FINALIZATION,AUTO_FROZEN,0.895824,0.083185
SC_014_R01.png,SC,SC_014,1,1,HIBRIDO,Scatterplot,Comparação,CONFORMING,CONFORMING,CONFORMING,CONFORMING,PENDING_BB,DIAGNOSTIC_OK,NOT_APPLICABLE,NOT_APPLICABLE,NOT_APPLICABLE,NO_FAILURE_SO_FAR,PENDING_FINALIZATION,AUTO_FROZEN,0.990575,0.056095
SC_014_R02.png,SC,SC_014,2,1,HIBRIDO,Scatterplot,Comparação,CONFORMING,CONFORMING,CONFORMING,CONFORMING,PENDING_BB,DIAGNOSTIC_OK,NOT_APPLICABLE,NOT_APPLICABLE,NOT_APPLICABLE,NO_FAILURE_SO_FAR,PENDING_FINALIZATION,AUTO_FROZEN,0.99651,0.051825
SC_014_R03.png,SC,SC_014,3,1,HIBRIDO,Scatterplot,Comparação,CONFORMING,CONFORMING,CONFORMING,CONFORMING,PENDING_BB,DIAGNOSTIC_OK,NOT_APPLICABLE,NOT_APPLICABLE,NOT_APPLICABLE,NO_FAILURE_SO_FAR,PENDING_FINALIZATION,AUTO_FROZEN,0.99651,0.051825
SC_014_R04.png,SC,SC_014,4,1,HIBRIDO,Scatterplot,Comparação,CONFORMING,CONFORMING,CONFORMING,CONFORMING,PENDING_BB,DIAGNOSTIC_OK,NOT_APPLICABLE,NOT_APPLICABLE,NOT_APPLICABLE,NO_FAILURE_SO_FAR,PENDING_FINALIZATION,AUTO_FROZEN,0.99651,0.051825
SC_014_R05.png,SC,SC_014,5,1,HIBRIDO,Scatterplot,Comparação,CONFORMING,CONFORMING,CONFORMING,CONFORMING,PENDING_BB,DIAGNOSTIC_OK,NOT_APPLICABLE,NOT_APPLICABLE,NOT_APPLICABLE,NO_FAILURE_SO_FAR,PENDING_FINALIZATION,AUTO_FROZEN,0.99651,0.051825
SC_014_R06.png,SC,SC_014,6,1,HIBRIDO,Scatterplot,Comparação,CONFORMING,CONFORMING,CONFORMING,CONFORMING,PENDING_BB,DIAGNOSTIC_OK,NOT_APPLICABLE,NOT_APPLICABLE,NOT_APPLICABLE,NO_FAILURE_SO_FAR,PENDING_FINALIZATION,AUTO_FROZEN,0.99651,0.051825
SC_014_R07.png,SC,SC_014,7,1,HIBRIDO,Scatterplot,Comparação,CONFORMING,CONFORMING,CONFORMING,CONFORMING,PENDING_BB,DIAGNOSTIC_OK,NOT_APPLICABLE,NOT_APPLICABLE,NOT_APPLICABLE,NO_FAILURE_SO_FAR,PENDING_FINALIZATION,AUTO_FROZEN,0.99651,0.051825
SC_014_R08.png,SC,SC_014,8,1,HIBRIDO,Scatterplot,Comparação,CONFORMING,CONFORMING,CONFORMING,CONFORMING,PENDING_BB,DIAGNOSTIC_OK,NOT_APPLICABLE,NOT_APPLICABLE,NOT_APPLICABLE,NO_FAILURE_SO_FAR,PENDING_FINALIZATION,AUTO_FROZEN,0.99651,0.051825
SC_014_R09.png,SC,SC_014,9,1,HIBRIDO,Scatterplot,Comparação,CONFORMING,CONFORMING,CONFORMING,CONFORMING,PENDING_BB,DIAGNOSTIC_OK,NOT_APPLICABLE,NOT_APPLICABLE,NOT_APPLICABLE,NO_FAILURE_SO_FAR,PENDING_FINALIZATION,AUTO_FROZEN,0.99651,0.051825
SC_014_R10.png,SC,SC_014,10,1,HIBRIDO,Scatterplot,Comparação,CONFORMING,CONFORMING,CONFORMING,CONFORMING,PENDING_BB,DIAGNOSTIC_OK,NOT_APPLICABLE,NOT_APPLICABLE,NOT_APPLICABLE,NO_FAILURE_SO_FAR,PENDING_FINALIZATION,AUTO_FROZEN,0.99651,0.051825
SC_015_R01.png,SC,SC_015,1,4,HIBRIDO,Scatterplot,Comparação,CONFORMING,CONFORMING,CONFORMING,CONFORMING,PENDING_BB,DIAGNOSTIC_OK,NOT_APPLICABLE,NOT_APPLICABLE,NOT_APPLICABLE,NO_FAILURE_SO_FAR,PENDING_FINALIZATION,AUTO_FROZEN,0.914193,0.056095
SC_015_R02.png,SC,SC_015,2,4,HIBRIDO,Scatterplot,Comparação,CONFORMING,CONFORMING,CONFORMING,CONFORMING,PENDING_BB,DIAGNOSTIC_OK,NOT_APPLICABLE,NOT_APPLICABLE,NOT_APPLICABLE,NO_FAILURE_SO_FAR,PENDING_FINALIZATION,AUTO_FROZEN,0.88774,0.056095
SC_015_R03.png,SC,SC_015,3,4,HIBRIDO,Scatterplot,Comparação,CONFORMING,CONFORMING,CONFORMING,CONFORMING,PENDING_BB,DIAGNOSTIC_OK,NOT_APPLICABLE,NOT_APPLICABLE,NOT_APPLICABLE,NO_FAILURE_SO_FAR,PENDING_FINALIZATION,AUTO_FROZEN,0.88774,0.056095
SC_015_R04.png,SC,SC_015,4,4,HIBRIDO,Scatterplot,Comparação,CONFORMING,CONFORMING,CONFORMING,CONFORMING,PENDING_BB,DIAGNOSTIC_OK,NOT_APPLICABLE,NOT_APPLICABLE,NOT_APPLICABLE,NO_FAILURE_SO_FAR,PENDING_FINALIZATION,AUTO_FROZEN,0.88774,0.056095
SC_015_R05.png,SC,SC_015,5,4,HIBRIDO,Scatterplot,Comparação,CONFORMING,CONFORMING,CONFORMING,CONFORMING,PENDING_BB,DIAGNOSTIC_OK,NOT_APPLICABLE,NOT_APPLICABLE,NOT_APPLICABLE,NO_FAILURE_SO_FAR,PENDING_FINALIZATION,AUTO_FROZEN,0.88774,0.056095
SC_015_R06.png,SC,SC_015,6,4,HIBRIDO,Scatterplot,Comparação,CONFORMING,CONFORMING,CONFORMING,CONFORMING,PENDING_BB,DIAGNOSTIC_OK,NOT_APPLICABLE,NOT_APPLICABLE,NOT_APPLICABLE,NO_FAILURE_SO_FAR,PENDING_FINALIZATION,AUTO_FROZEN,0.88774,0.056095
SC_015_R07.png,SC,SC_015,7,4,HIBRIDO,Scatterplot,Comparação,CONFORMING,CONFORMING,CONFORMING,CONFORMING,PENDING_BB,DIAGNOSTIC_OK,NOT_APPLICABLE,NOT_APPLICABLE,NOT_APPLICABLE,NO_FAILURE_SO_FAR,PENDING_FINALIZATION,AUTO_FROZEN,0.88774,0.056095
SC_015_R08.png,SC,SC_015,8,4,HIBRIDO,Scatterplot,Comparação,CONFORMING,CONFORMING,CONFORMING,CONFORMING,PENDING_BB,DIAGNOSTIC_OK,NOT_APPLICABLE,NOT_APPLICABLE,NOT_APPLICABLE,NO_FAILURE_SO_FAR,PENDING_FINALIZATION,AUTO_FROZEN,0.88774,0.056095
SC_015_R09.png,SC,SC_015,9,4,HIBRIDO,Scatterplot,Comparação,CONFORMING,CONFORMING,CONFORMING,CONFORMING,PENDING_BB,DIAGNOSTIC_OK,NOT_APPLICABLE,NOT_APPLICABLE,NOT_APPLICABLE,NO_FAILURE_SO_FAR,PENDING_FINALIZATION,AUTO_FROZEN,0.88774,0.056095
SC_015_R10.png,SC,SC_015,10,4,HIBRIDO,Scatterplot,Comparação,CONFORMING,CONFORMING,CONFORMING,CONFORMING,PENDING_BB,DIAGNOSTIC_OK,NOT_APPLICABLE,NOT_APPLICABLE,NOT_APPLICABLE,NO_FAILURE_SO_FAR,PENDING_FINALIZATION,AUTO_FROZEN,0.88774,0.056095
SC_016_R01.png,SC,SC_016,1,6,HIBRIDO,Scatterplot,Comparação,CONFORMING,CONFORMING,CONFORMING,CONFORMING,PENDING_BB,DIAGNOSTIC_OK,NOT_APPLICABLE,NOT_APPLICABLE,NOT_APPLICABLE,NO_FAILURE_SO_FAR,PENDING_FINALIZATION,AUTO_FROZEN,0.91374,0.055899
SC_016_R02.png,SC,SC_016,2,6,HIBRIDO,Scatterplot,Comparação,CONFORMING,CONFORMING,CONFORMING,CONFORMING,PENDING_BB,DIAGNOSTIC_OK,NOT_APPLICABLE,NOT_APPLICABLE,NOT_APPLICABLE,NO_FAILURE_SO_FAR,PENDING_FINALIZATION,AUTO_FROZEN,0.916327,0.086165
SC_016_R03.png,SC,SC_016,3,6,HIBRIDO,Scatterplot,Comparação,CONFORMING,CONFORMING,CONFORMING,CONFORMING,PENDING_BB,DIAGNOSTIC_OK,NOT_APPLICABLE,NOT_APPLICABLE,NOT_APPLICABLE,NO_FAILURE_SO_FAR,PENDING_FINALIZATION,AUTO_FROZEN,0.916327,0.086165
SC_016_R04.png,SC,SC_016,4,6,HIBRIDO,Scatterplot,Comparação,CONFORMING,CONFORMING,CONFORMING,CONFORMING,PENDING_BB,DIAGNOSTIC_OK,NOT_APPLICABLE,NOT_APPLICABLE,NOT_APPLICABLE,NO_FAILURE_SO_FAR,PENDING_FINALIZATION,AUTO_FROZEN,0.916327,0.086165
SC_016_R05.png,SC,SC_016,5,6,HIBRIDO,Scatterplot,Comparação,CONFORMING,CONFORMING,CONFORMING,CONFORMING,PENDING_BB,DIAGNOSTIC_OK,NOT_APPLICABLE,NOT_APPLICABLE,NOT_APPLICABLE,NO_FAILURE_SO_FAR,PENDING_FINALIZATION,AUTO_FROZEN,0.916327,0.086165
SC_016_R06.png,SC,SC_016,6,6,HIBRIDO,Scatterplot,Comparação,CONFORMING,CONFORMING,CONFORMING,CONFORMING,PENDING_BB,DIAGNOSTIC_OK,NOT_APPLICABLE,NOT_APPLICABLE,NOT_APPLICABLE,NO_FAILURE_SO_FAR,PENDING_FINALIZATION,AUTO_FROZEN,0.916327,0.086165
SC_016_R07.png,SC,SC_016,7,6,HIBRIDO,Scatterplot,Comparação,CONFORMING,CONFORMING,CONFORMING,CONFORMING,PENDING_BB,DIAGNOSTIC_OK,NOT_APPLICABLE,NOT_APPLICABLE,NOT_APPLICABLE,NO_FAILURE_SO_FAR,PENDING_FINALIZATION,AUTO_FROZEN,0.916327,0.086165
SC_016_R08.png,SC,SC_016,8,6,HIBRIDO,Scatterplot,Comparação,CONFORMING,CONFORMING,CONFORMING,CONFORMING,PENDING_BB,DIAGNOSTIC_OK,NOT_APPLICABLE,NOT_APPLICABLE,NOT_APPLICABLE,NO_FAILURE_SO_FAR,PENDING_FINALIZATION,AUTO_FROZEN,0.916327,0.086165
SC_016_R09.png,SC,SC_016,9,6,HIBRIDO,Scatterplot,Comparação,CONFORMING,CONFORMING,CONFORMING,CONFORMING,PENDING_BB,DIAGNOSTIC_OK,NOT_APPLICABLE,NOT_APPLICABLE,NOT_APPLICABLE,NO_FAILURE_SO_FAR,PENDING_FINALIZATION,AUTO_FROZEN,0.916327,0.086165
SC_016_R10.png,SC,SC_016,10,6,HIBRIDO,Scatterplot,Comparação,CONFORMING,CONFORMING,CONFORMING,CONFORMING,PENDING_BB,DIAGNOSTIC_OK,NOT_APPLICABLE,NOT_APPLICABLE,NOT_APPLICABLE,NO_FAILURE_SO_FAR,PENDING_FINALIZATION,AUTO_FROZEN,0.916327,0.086165
SC_017_R01.png,SC,SC_017,1,7,HIBRIDO,Scatterplot,Comparação,CONFORMING,CONFORMING,CONFORMING,CONFORMING,PENDING_BB,DIAGNOSTIC_OK,NOT_APPLICABLE,NOT_APPLICABLE,NOT_APPLICABLE,NO_FAILURE_SO_FAR,PENDING_FINALIZATION,AUTO_FROZEN,1.0,0.083635
SC_017_R02.png,SC,SC_017,2,7,HIBRIDO,Scatterplot,Comparação,CONFORMING,CONFORMING,CONFORMING,CONFORMING,PENDING_BB,DIAGNOSTIC_OK,NOT_APPLICABLE,NOT_APPLICABLE,NOT_APPLICABLE,NO_FAILURE_SO_FAR,PENDING_FINALIZATION,AUTO_FROZEN,0.911711,0.038958
SC_017_R03.png,SC,SC_017,3,7,HIBRIDO,Scatterplot,Comparação,CONFORMING,CONFORMING,CONFORMING,CONFORMING,PENDING_BB,DIAGNOSTIC_OK,NOT_APPLICABLE,NOT_APPLICABLE,NOT_APPLICABLE,NO_FAILURE_SO_FAR,PENDING_FINALIZATION,AUTO_FROZEN,0.927286,0.038958
SC_017_R04.png,SC,SC_017,4,7,HIBRIDO,Scatterplot,Comparação,CONFORMING,CONFORMING,NONCONFORMING,CONFORMING,PENDING_BB,DIAGNOSTIC_OK,NOT_APPLICABLE,NOT_APPLICABLE,NOT_APPLICABLE,NONCONFORMING,NONCONFORMING,AUTO_FROZEN,0.997072,0.039792
SC_017_R05.png,SC,SC_017,5,7,HIBRIDO,Scatterplot,Comparação,CONFORMING,CONFORMING,NONCONFORMING,CONFORMING,PENDING_BB,DIAGNOSTIC_OK,NOT_APPLICABLE,NOT_APPLICABLE,NOT_APPLICABLE,NONCONFORMING,NONCONFORMING,AUTO_FROZEN,0.948879,0.039792
SC_017_R06.png,SC,SC_017,6,7,HIBRIDO,Scatterplot,Comparação,CONFORMING,CONFORMING,CONFORMING,CONFORMING,PENDING_BB,DIAGNOSTIC_OK,NOT_APPLICABLE,NOT_APPLICABLE,NOT_APPLICABLE,NO_FAILURE_SO_FAR,PENDING_FINALIZATION,AUTO_FROZEN,0.981731,0.039792
SC_017_R07.png,SC,SC_017,7,7,HIBRIDO,Scatterplot,Comparação,CONFORMING,CONFORMING,NONCONFORMING,CONFORMING,PENDING_BB,DIAGNOSTIC_OK,NOT_APPLICABLE,NOT_APPLICABLE,NOT_APPLICABLE,NONCONFORMING,NONCONFORMING,AUTO_FROZEN,0.996921,0.039792
SC_017_R08.png,SC,SC_017,8,7,HIBRIDO,Scatterplot,Comparação,NONCONFORMING,CONFORMING,NONCONFORMING,CONFORMING,PENDING_BB,DIAGNOSTIC_OK,NOT_APPLICABLE,NOT_APPLICABLE,NOT_APPLICABLE,NONCONFORMING,NONCONFORMING,AUTO_FROZEN,0.996921,0.039792
SC_017_R09.png,SC,SC_017,9,7,HIBRIDO,Scatterplot,Comparação,CONFORMING,CONFORMING,CONFORMING,CONFORMING,PENDING_BB,DIAGNOSTIC_OK,NOT_APPLICABLE,NOT_APPLICABLE,NOT_APPLICABLE,NO_FAILURE_SO_FAR,PENDING_FINALIZATION,AUTO_FROZEN,0.996686,0.039792
SC_017_R10.png,SC,SC_017,10,7,HIBRIDO,Scatterplot,Comparação,CONFORMING,CONFORMING,CONFORMING,CONFORMING,PENDING_BB,DIAGNOSTIC_OK,NOT_APPLICABLE,NOT_APPLICABLE,NOT_APPLICABLE,NO_FAILURE_SO_FAR,PENDING_FINALIZATION,AUTO_FROZEN,0.996298,0.039792
SC_018_R01.png,SC,SC_018,1,8,HIBRIDO,Scatterplot,Comparação,CONFORMING,CONFORMING,CONFORMING,CONFORMING,PENDING_BB,DIAGNOSTIC_OK,NOT_APPLICABLE,NOT_APPLICABLE,NOT_APPLICABLE,NO_FAILURE_SO_FAR,PENDING_FINALIZATION,AUTO_FROZEN,0.996375,0.061541
SC_018_R02.png,SC,SC_018,2,8,HIBRIDO,Scatterplot,Comparação,CONFORMING,CONFORMING,CONFORMING,CONFORMING,PENDING_BB,DIAGNOSTIC_OK,NOT_APPLICABLE,NOT_APPLICABLE,NOT_APPLICABLE,NO_FAILURE_SO_FAR,PENDING_FINALIZATION,AUTO_FROZEN,0.916835,0.078561
SC_018_R03.png,SC,SC_018,3,8,HIBRIDO,Scatterplot,Comparação,CONFORMING,CONFORMING,CONFORMING,CONFORMING,PENDING_BB,DIAGNOSTIC_OK,NOT_APPLICABLE,NOT_APPLICABLE,NOT_APPLICABLE,NO_FAILURE_SO_FAR,PENDING_FINALIZATION,AUTO_FROZEN,0.916835,0.078561
SC_018_R04.png,SC,SC_018,4,8,HIBRIDO,Scatterplot,Comparação,CONFORMING,CONFORMING,CONFORMING,CONFORMING,PENDING_BB,DIAGNOSTIC_OK,NOT_APPLICABLE,NOT_APPLICABLE,NOT_APPLICABLE,NO_FAILURE_SO_FAR,PENDING_FINALIZATION,AUTO_FROZEN,0.916835,0.078561
SC_018_R05.png,SC,SC_018,5,8,HIBRIDO,Scatterplot,Comparação,CONFORMING,CONFORMING,CONFORMING,CONFORMING,PENDING_BB,DIAGNOSTIC_OK,NOT_APPLICABLE,NOT_APPLICABLE,NOT_APPLICABLE,NO_FAILURE_SO_FAR,PENDING_FINALIZATION,AUTO_FROZEN,0.916835,0.078561
SC_018_R06.png,SC,SC_018,6,8,HIBRIDO,Scatterplot,Comparação,CONFORMING,CONFORMING,CONFORMING,CONFORMING,PENDING_BB,DIAGNOSTIC_OK,NOT_APPLICABLE,NOT_APPLICABLE,NOT_APPLICABLE,NO_FAILURE_SO_FAR,PENDING_FINALIZATION,AUTO_FROZEN,0.916835,0.078561
SC_018_R07.png,SC,SC_018,7,8,HIBRIDO,Scatterplot,Comparação,CONFORMING,CONFORMING,CONFORMING,CONFORMING,PENDING_BB,DIAGNOSTIC_OK,NOT_APPLICABLE,NOT_APPLICABLE,NOT_APPLICABLE,NO_FAILURE_SO_FAR,PENDING_FINALIZATION,AUTO_FROZEN,0.916835,0.078561
SC_018_R08.png,SC,SC_018,8,8,HIBRIDO,Scatterplot,Comparação,CONFORMING,CONFORMING,CONFORMING,CONFORMING,PENDING_BB,DIAGNOSTIC_OK,NOT_APPLICABLE,NOT_APPLICABLE,NOT_APPLICABLE,NO_FAILURE_SO_FAR,PENDING_FINALIZATION,AUTO_FROZEN,0.916835,0.078561
SC_018_R09.png,SC,SC_018,9,8,HIBRIDO,Scatterplot,Comparação,CONFORMING,CONFORMING,CONFORMING,CONFORMING,PENDING_BB,DIAGNOSTIC_OK,NOT_APPLICABLE,NOT_APPLICABLE,NOT_APPLICABLE,NO_FAILURE_SO_FAR,PENDING_FINALIZATION,AUTO_FROZEN,0.916835,0.078561
SC_018_R10.png,SC,SC_018,10,8,HIBRIDO,Scatterplot,Comparação,CONFORMING,CONFORMING,CONFORMING,CONFORMING,PENDING_BB,DIAGNOSTIC_OK,NOT_APPLICABLE,NOT_APPLICABLE,NOT_APPLICABLE,NO_FAILURE_SO_FAR,PENDING_FINALIZATION,AUTO_FROZEN,0.916835,0.078561
SC_019_R01.png,SC,SC_019,1,9,HIBRIDO,Scatterplot,Comparação,CONFORMING,CONFORMING,NONCONFORMING,CONFORMING,PENDING_BB,DIAGNOSTIC_OK,NONCONFORMING,NONCONFORMING,CONFORMING,NONCONFORMING,NONCONFORMING,AUTO_FROZEN,1.0,0.054479
SC_019_R02.png,SC,SC_019,2,9,HIBRIDO,Scatterplot,Comparação,CONFORMING,CONFORMING,NONCONFORMING,CONFORMING,PENDING_BB,DIAGNOSTIC_OK,CONFORMING,CONFORMING,CONFORMING,NONCONFORMING,NONCONFORMING,AUTO_FROZEN,0.917719,0.080312
SC_019_R03.png,SC,SC_019,3,9,HIBRIDO,Scatterplot,Comparação,CONFORMING,CONFORMING,NONCONFORMING,CONFORMING,PENDING_BB,DIAGNOSTIC_OK,CONFORMING,CONFORMING,CONFORMING,NONCONFORMING,NONCONFORMING,AUTO_FROZEN,0.917719,0.080312
SC_019_R04.png,SC,SC_019,4,9,HIBRIDO,Scatterplot,Comparação,CONFORMING,CONFORMING,NONCONFORMING,CONFORMING,PENDING_BB,DIAGNOSTIC_OK,CONFORMING,CONFORMING,CONFORMING,NONCONFORMING,NONCONFORMING,AUTO_FROZEN,0.917719,0.080312
SC_019_R05.png,SC,SC_019,5,9,HIBRIDO,Scatterplot,Comparação,CONFORMING,CONFORMING,NONCONFORMING,CONFORMING,PENDING_BB,DIAGNOSTIC_OK,CONFORMING,CONFORMING,CONFORMING,NONCONFORMING,NONCONFORMING,AUTO_FROZEN,0.917719,0.080312
SC_019_R06.png,SC,SC_019,6,9,HIBRIDO,Scatterplot,Comparação,CONFORMING,CONFORMING,NONCONFORMING,CONFORMING,PENDING_BB,DIAGNOSTIC_OK,CONFORMING,CONFORMING,CONFORMING,NONCONFORMING,NONCONFORMING,AUTO_FROZEN,0.917719,0.080312
SC_019_R07.png,SC,SC_019,7,9,HIBRIDO,Scatterplot,Comparação,CONFORMING,CONFORMING,NONCONFORMING,CONFORMING,PENDING_BB,DIAGNOSTIC_OK,CONFORMING,CONFORMING,CONFORMING,NONCONFORMING,NONCONFORMING,AUTO_FROZEN,0.917719,0.080312
SC_019_R08.png,SC,SC_019,8,9,HIBRIDO,Scatterplot,Comparação,CONFORMING,CONFORMING,NONCONFORMING,CONFORMING,PENDING_BB,DIAGNOSTIC_OK,CONFORMING,CONFORMING,CONFORMING,NONCONFORMING,NONCONFORMING,AUTO_FROZEN,0.917719,0.080312
SC_019_R09.png,SC,SC_019,9,9,HIBRIDO,Scatterplot,Comparação,CONFORMING,CONFORMING,NONCONFORMING,CONFORMING,PENDING_BB,DIAGNOSTIC_OK,CONFORMING,CONFORMING,CONFORMING,NONCONFORMING,NONCONFORMING,AUTO_FROZEN,0.917719,0.080312
SC_019_R10.png,SC,SC_019,10,9,HIBRIDO,Scatterplot,Comparação,CONFORMING,CONFORMING,NONCONFORMING,CONFORMING,PENDING_BB,DIAGNOSTIC_OK,CONFORMING,CONFORMING,CONFORMING,NONCONFORMING,NONCONFORMING,AUTO_FROZEN,0.917719,0.080312
SC_020_R01.png,SC,SC_020,1,10,HIBRIDO,Scatterplot,Comparação,CONFORMING,CONFORMING,CONFORMING,CONFORMING,PENDING_BB,DIAGNOSTIC_OK,NOT_APPLICABLE,NOT_APPLICABLE,NOT_APPLICABLE,NO_FAILURE_SO_FAR,PENDING_FINALIZATION,AUTO_FROZEN,0.917051,0.077691
SC_020_R02.png,SC,SC_020,2,10,HIBRIDO,Scatterplot,Comparação,CONFORMING,CONFORMING,CONFORMING,CONFORMING,PENDING_BB,DIAGNOSTIC_OK,NOT_APPLICABLE,NOT_APPLICABLE,NOT_APPLICABLE,NO_FAILURE_SO_FAR,PENDING_FINALIZATION,AUTO_FROZEN,0.997182,0.083229
SC_020_R03.png,SC,SC_020,3,10,HIBRIDO,Scatterplot,Comparação,CONFORMING,CONFORMING,CONFORMING,CONFORMING,PENDING_BB,DIAGNOSTIC_OK,NOT_APPLICABLE,NOT_APPLICABLE,NOT_APPLICABLE,NO_FAILURE_SO_FAR,PENDING_FINALIZATION,AUTO_FROZEN,0.997182,0.083229
SC_020_R04.png,SC,SC_020,4,10,HIBRIDO,Scatterplot,Comparação,CONFORMING,CONFORMING,CONFORMING,CONFORMING,PENDING_BB,DIAGNOSTIC_OK,NOT_APPLICABLE,NOT_APPLICABLE,NOT_APPLICABLE,NO_FAILURE_SO_FAR,PENDING_FINALIZATION,AUTO_FROZEN,0.997182,0.083229
SC_020_R05.png,SC,SC_020,5,10,HIBRIDO,Scatterplot,Comparação,CONFORMING,CONFORMING,CONFORMING,CONFORMING,PENDING_BB,DIAGNOSTIC_OK,NOT_APPLICABLE,NOT_APPLICABLE,NOT_APPLICABLE,NO_FAILURE_SO_FAR,PENDING_FINALIZATION,AUTO_FROZEN,0.997182,0.083229
SC_020_R06.png,SC,SC_020,6,10,HIBRIDO,Scatterplot,Comparação,CONFORMING,CONFORMING,CONFORMING,CONFORMING,PENDING_BB,DIAGNOSTIC_OK,NOT_APPLICABLE,NOT_APPLICABLE,NOT_APPLICABLE,NO_FAILURE_SO_FAR,PENDING_FINALIZATION,AUTO_FROZEN,0.997182,0.083229
SC_020_R07.png,SC,SC_020,7,10,HIBRIDO,Scatterplot,Comparação,CONFORMING,CONFORMING,CONFORMING,CONFORMING,PENDING_BB,DIAGNOSTIC_OK,NOT_APPLICABLE,NOT_APPLICABLE,NOT_APPLICABLE,NO_FAILURE_SO_FAR,PENDING_FINALIZATION,AUTO_FROZEN,0.997182,0.083229
SC_020_R08.png,SC,SC_020,8,10,HIBRIDO,Scatterplot,Comparação,CONFORMING,CONFORMING,CONFORMING,CONFORMING,PENDING_BB,DIAGNOSTIC_OK,NOT_APPLICABLE,NOT_APPLICABLE,NOT_APPLICABLE,NO_FAILURE_SO_FAR,PENDING_FINALIZATION,AUTO_FROZEN,0.997182,0.083229
SC_020_R09.png,SC,SC_020,9,10,HIBRIDO,Scatterplot,Comparação,CONFORMING,CONFORMING,CONFORMING,CONFORMING,PENDING_BB,DIAGNOSTIC_OK,NOT_APPLICABLE,NOT_APPLICABLE,NOT_APPLICABLE,NO_FAILURE_SO_FAR,PENDING_FINALIZATION,AUTO_FROZEN,0.997182,0.083229
SC_020_R10.png,SC,SC_020,10,10,HIBRIDO,Scatterplot,Comparação,CONFORMING,CONFORMING,CONFORMING,CONFORMING,PENDING_BB,DIAGNOSTIC_OK,NOT_APPLICABLE,NOT_APPLICABLE,NOT_APPLICABLE,NO_FAILURE_SO_FAR,PENDING_FINALIZATION,AUTO_FROZEN,0.997182,0.083229
SC_021_R01.png,SC,SC_021,1,11,HIBRIDO,Scatterplot,Comparação,CONFORMING,CONFORMING,CONFORMING,CONFORMING,PENDING_BB,DIAGNOSTIC_OK,NOT_APPLICABLE,NOT_APPLICABLE,NOT_APPLICABLE,NO_FAILURE_SO_FAR,PENDING_FINALIZATION,AUTO_FROZEN,0.917051,0.077691
SC_021_R02.png,SC,SC_021,2,11,HIBRIDO,Scatterplot,Comparação,CONFORMING,CONFORMING,CONFORMING,CONFORMING,PENDING_BB,DIAGNOSTIC_OK,NOT_APPLICABLE,NOT_APPLICABLE,NOT_APPLICABLE,NO_FAILURE_SO_FAR,PENDING_FINALIZATION,AUTO_FROZEN,0.896059,0.082278
SC_021_R03.png,SC,SC_021,3,11,HIBRIDO,Scatterplot,Comparação,CONFORMING,CONFORMING,CONFORMING,CONFORMING,PENDING_BB,DIAGNOSTIC_OK,NOT_APPLICABLE,NOT_APPLICABLE,NOT_APPLICABLE,NO_FAILURE_SO_FAR,PENDING_FINALIZATION,AUTO_FROZEN,0.896059,0.082278
SC_021_R04.png,SC,SC_021,4,11,HIBRIDO,Scatterplot,Comparação,CONFORMING,CONFORMING,CONFORMING,CONFORMING,PENDING_BB,DIAGNOSTIC_OK,NOT_APPLICABLE,NOT_APPLICABLE,NOT_APPLICABLE,NO_FAILURE_SO_FAR,PENDING_FINALIZATION,AUTO_FROZEN,0.896059,0.082278
SC_021_R05.png,SC,SC_021,5,11,HIBRIDO,Scatterplot,Comparação,CONFORMING,CONFORMING,CONFORMING,CONFORMING,PENDING_BB,DIAGNOSTIC_OK,NOT_APPLICABLE,NOT_APPLICABLE,NOT_APPLICABLE,NO_FAILURE_SO_FAR,PENDING_FINALIZATION,AUTO_FROZEN,0.896059,0.082278
SC_021_R06.png,SC,SC_021,6,11,HIBRIDO,Scatterplot,Comparação,CONFORMING,CONFORMING,CONFORMING,CONFORMING,PENDING_BB,DIAGNOSTIC_OK,NOT_APPLICABLE,NOT_APPLICABLE,NOT_APPLICABLE,NO_FAILURE_SO_FAR,PENDING_FINALIZATION,AUTO_FROZEN,0.896059,0.082278
SC_021_R07.png,SC,SC_021,7,11,HIBRIDO,Scatterplot,Comparação,CONFORMING,CONFORMING,CONFORMING,CONFORMING,PENDING_BB,DIAGNOSTIC_OK,NOT_APPLICABLE,NOT_APPLICABLE,NOT_APPLICABLE,NO_FAILURE_SO_FAR,PENDING_FINALIZATION,AUTO_FROZEN,0.896059,0.082278
SC_021_R08.png,SC,SC_021,8,11,HIBRIDO,Scatterplot,Comparação,CONFORMING,CONFORMING,CONFORMING,CONFORMING,PENDING_BB,DIAGNOSTIC_OK,NOT_APPLICABLE,NOT_APPLICABLE,NOT_APPLICABLE,NO_FAILURE_SO_FAR,PENDING_FINALIZATION,AUTO_FROZEN,0.896059,0.082278
SC_021_R09.png,SC,SC_021,9,11,HIBRIDO,Scatterplot,Comparação,CONFORMING,CONFORMING,CONFORMING,CONFORMING,PENDING_BB,DIAGNOSTIC_OK,NOT_APPLICABLE,NOT_APPLICABLE,NOT_APPLICABLE,NO_FAILURE_SO_FAR,PENDING_FINALIZATION,AUTO_FROZEN,0.896059,0.082278
SC_021_R10.png,SC,SC_021,10,11,HIBRIDO,Scatterplot,Comparação,CONFORMING,CONFORMING,CONFORMING,CONFORMING,PENDING_BB,DIAGNOSTIC_OK,NOT_APPLICABLE,NOT_APPLICABLE,NOT_APPLICABLE,NO_FAILURE_SO_FAR,PENDING_FINALIZATION,AUTO_FROZEN,0.896059,0.082278
SC_022_R01.png,SC,SC_022,1,12,HIBRIDO,Scatterplot,Comparação,CONFORMING,CONFORMING,CONFORMING,CONFORMING,PENDING_BB,DIAGNOSTIC_OK,NOT_APPLICABLE,NOT_APPLICABLE,NOT_APPLICABLE,NO_FAILURE_SO_FAR,PENDING_FINALIZATION,AUTO_FROZEN,0.88873,0.056095
SC_022_R02.png,SC,SC_022,2,12,HIBRIDO,Scatterplot,Comparação,CONFORMING,CONFORMING,CONFORMING,CONFORMING,PENDING_BB,DIAGNOSTIC_OK,NOT_APPLICABLE,NOT_APPLICABLE,NOT_APPLICABLE,NO_FAILURE_SO_FAR,PENDING_FINALIZATION,AUTO_FROZEN,0.841653,0.055397
SC_022_R03.png,SC,SC_022,3,12,HIBRIDO,Scatterplot,Comparação,CONFORMING,CONFORMING,CONFORMING,CONFORMING,PENDING_BB,DIAGNOSTIC_OK,NOT_APPLICABLE,NOT_APPLICABLE,NOT_APPLICABLE,NO_FAILURE_SO_FAR,PENDING_FINALIZATION,AUTO_FROZEN,0.841653,0.055397
SC_022_R04.png,SC,SC_022,4,12,HIBRIDO,Scatterplot,Comparação,CONFORMING,CONFORMING,CONFORMING,CONFORMING,PENDING_BB,DIAGNOSTIC_OK,NOT_APPLICABLE,NOT_APPLICABLE,NOT_APPLICABLE,NO_FAILURE_SO_FAR,PENDING_FINALIZATION,AUTO_FROZEN,0.841653,0.055397
SC_022_R05.png,SC,SC_022,5,12,HIBRIDO,Scatterplot,Comparação,CONFORMING,CONFORMING,CONFORMING,CONFORMING,PENDING_BB,DIAGNOSTIC_OK,NOT_APPLICABLE,NOT_APPLICABLE,NOT_APPLICABLE,NO_FAILURE_SO_FAR,PENDING_FINALIZATION,AUTO_FROZEN,0.841653,0.055397
SC_022_R06.png,SC,SC_022,6,12,HIBRIDO,Scatterplot,Comparação,CONFORMING,CONFORMING,CONFORMING,CONFORMING,PENDING_BB,DIAGNOSTIC_OK,NOT_APPLICABLE,NOT_APPLICABLE,NOT_APPLICABLE,NO_FAILURE_SO_FAR,PENDING_FINALIZATION,AUTO_FROZEN,0.841653,0.055397
SC_022_R07.png,SC,SC_022,7,12,HIBRIDO,Scatterplot,Comparação,CONFORMING,CONFORMING,CONFORMING,CONFORMING,PENDING_BB,DIAGNOSTIC_OK,NOT_APPLICABLE,NOT_APPLICABLE,NOT_APPLICABLE,NO_FAILURE_SO_FAR,PENDING_FINALIZATION,AUTO_FROZEN,0.841653,0.055397
SC_022_R08.png,SC,SC_022,8,12,HIBRIDO,Scatterplot,Comparação,CONFORMING,CONFORMING,CONFORMING,CONFORMING,PENDING_BB,DIAGNOSTIC_OK,NOT_APPLICABLE,NOT_APPLICABLE,NOT_APPLICABLE,NO_FAILURE_SO_FAR,PENDING_FINALIZATION,AUTO_FROZEN,0.841653,0.055397
SC_022_R09.png,SC,SC_022,9,12,HIBRIDO,Scatterplot,Comparação,CONFORMING,CONFORMING,CONFORMING,CONFORMING,PENDING_BB,DIAGNOSTIC_OK,NOT_APPLICABLE,NOT_APPLICABLE,NOT_APPLICABLE,NO_FAILURE_SO_FAR,PENDING_FINALIZATION,AUTO_FROZEN,0.841653,0.055397
SC_022_R10.png,SC,SC_022,10,12,HIBRIDO,Scatterplot,Comparação,CONFORMING,CONFORMING,CONFORMING,CONFORMING,PENDING_BB,DIAGNOSTIC_OK,NOT_APPLICABLE,NOT_APPLICABLE,NOT_APPLICABLE,NO_FAILURE_SO_FAR,PENDING_FINALIZATION,AUTO_FROZEN,0.841653,0.055397
SC_023_R01.png,SC,SC_023,1,13,HIBRIDO,Scatterplot,Comparação,CONFORMING,CONFORMING,NONCONFORMING,CONFORMING,PENDING_BB,DIAGNOSTIC_OK,CONFORMING,CONFORMING,NOT_APPLICABLE,NONCONFORMING,NONCONFORMING,AUTO_FROZEN,0.983012,0.003125
SC_023_R02.png,SC,SC_023,2,13,HIBRIDO,Scatterplot,Comparação,CONFORMING,CONFORMING,CONFORMING,CONFORMING,PENDING_BB,DIAGNOSTIC_OK,CONFORMING,CONFORMING,NOT_APPLICABLE,NO_FAILURE_SO_FAR,PENDING_FINALIZATION,AUTO_FROZEN,0.996843,0.077528
SC_023_R03.png,SC,SC_023,3,13,HIBRIDO,Scatterplot,Comparação,CONFORMING,CONFORMING,CONFORMING,CONFORMING,PENDING_BB,DIAGNOSTIC_OK,CONFORMING,CONFORMING,NOT_APPLICABLE,NO_FAILURE_SO_FAR,PENDING_FINALIZATION,AUTO_FROZEN,0.996843,0.077528
SC_023_R04.png,SC,SC_023,4,13,HIBRIDO,Scatterplot,Comparação,CONFORMING,CONFORMING,CONFORMING,CONFORMING,PENDING_BB,DIAGNOSTIC_OK,CONFORMING,CONFORMING,NOT_APPLICABLE,NO_FAILURE_SO_FAR,PENDING_FINALIZATION,AUTO_FROZEN,0.996843,0.077528
SC_023_R05.png,SC,SC_023,5,13,HIBRIDO,Scatterplot,Comparação,CONFORMING,CONFORMING,CONFORMING,CONFORMING,PENDING_BB,DIAGNOSTIC_OK,CONFORMING,CONFORMING,NOT_APPLICABLE,NO_FAILURE_SO_FAR,PENDING_FINALIZATION,AUTO_FROZEN,0.996843,0.077528
SC_023_R06.png,SC,SC_023,6,13,HIBRIDO,Scatterplot,Comparação,CONFORMING,CONFORMING,CONFORMING,CONFORMING,PENDING_BB,DIAGNOSTIC_OK,CONFORMING,CONFORMING,NOT_APPLICABLE,NO_FAILURE_SO_FAR,PENDING_FINALIZATION,AUTO_FROZEN,0.996843,0.077528
SC_023_R07.png,SC,SC_023,7,13,HIBRIDO,Scatterplot,Comparação,CONFORMING,CONFORMING,CONFORMING,CONFORMING,PENDING_BB,DIAGNOSTIC_OK,CONFORMING,CONFORMING,NOT_APPLICABLE,NO_FAILURE_SO_FAR,PENDING_FINALIZATION,AUTO_FROZEN,0.996843,0.077528
SC_023_R08.png,SC,SC_023,8,13,HIBRIDO,Scatterplot,Comparação,CONFORMING,CONFORMING,CONFORMING,CONFORMING,PENDING_BB,DIAGNOSTIC_OK,CONFORMING,CONFORMING,NOT_APPLICABLE,NO_FAILURE_SO_FAR,PENDING_FINALIZATION,AUTO_FROZEN,0.996843,0.077528
SC_023_R09.png,SC,SC_023,9,13,HIBRIDO,Scatterplot,Comparação,CONFORMING,CONFORMING,CONFORMING,CONFORMING,PENDING_BB,DIAGNOSTIC_OK,CONFORMING,CONFORMING,NOT_APPLICABLE,NO_FAILURE_SO_FAR,PENDING_FINALIZATION,AUTO_FROZEN,0.996843,0.077528
SC_023_R10.png,SC,SC_023,10,13,HIBRIDO,Scatterplot,Comparação,CONFORMING,CONFORMING,CONFORMING,CONFORMING,PENDING_BB,DIAGNOSTIC_OK,CONFORMING,CONFORMING,NOT_APPLICABLE,NO_FAILURE_SO_FAR,PENDING_FINALIZATION,AUTO_FROZEN,0.996843,0.077528
SC_024_R01.png,SC,SC_024,1,14,HIBRIDO,Scatterplot,Comparação,CONFORMING,CONFORMING,CONFORMING,CONFORMING,PENDING_BB,DIAGNOSTIC_OK,NOT_APPLICABLE,NOT_APPLICABLE,NOT_APPLICABLE,NO_FAILURE_SO_FAR,PENDING_FINALIZATION,AUTO_FROZEN,1.0,0.071744
SC_024_R02.png,SC,SC_024,2,14,HIBRIDO,Scatterplot,Comparação,CONFORMING,CONFORMING,CONFORMING,CONFORMING,PENDING_BB,DIAGNOSTIC_OK,NOT_APPLICABLE,NOT_APPLICABLE,NOT_APPLICABLE,NO_FAILURE_SO_FAR,PENDING_FINALIZATION,AUTO_FROZEN,0.895824,0.083185
SC_024_R03.png,SC,SC_024,3,14,HIBRIDO,Scatterplot,Comparação,CONFORMING,CONFORMING,CONFORMING,CONFORMING,PENDING_BB,DIAGNOSTIC_OK,NOT_APPLICABLE,NOT_APPLICABLE,NOT_APPLICABLE,NO_FAILURE_SO_FAR,PENDING_FINALIZATION,AUTO_FROZEN,0.895824,0.083185
SC_024_R04.png,SC,SC_024,4,14,HIBRIDO,Scatterplot,Comparação,CONFORMING,CONFORMING,CONFORMING,CONFORMING,PENDING_BB,DIAGNOSTIC_OK,NOT_APPLICABLE,NOT_APPLICABLE,NOT_APPLICABLE,NO_FAILURE_SO_FAR,PENDING_FINALIZATION,AUTO_FROZEN,0.895824,0.083185
SC_024_R05.png,SC,SC_024,5,14,HIBRIDO,Scatterplot,Comparação,CONFORMING,CONFORMING,CONFORMING,CONFORMING,PENDING_BB,DIAGNOSTIC_OK,NOT_APPLICABLE,NOT_APPLICABLE,NOT_APPLICABLE,NO_FAILURE_SO_FAR,PENDING_FINALIZATION,AUTO_FROZEN,0.895824,0.083185
SC_024_R06.png,SC,SC_024,6,14,HIBRIDO,Scatterplot,Comparação,CONFORMING,CONFORMING,CONFORMING,CONFORMING,PENDING_BB,DIAGNOSTIC_OK,NOT_APPLICABLE,NOT_APPLICABLE,NOT_APPLICABLE,NO_FAILURE_SO_FAR,PENDING_FINALIZATION,AUTO_FROZEN,0.895824,0.083185
SC_024_R07.png,SC,SC_024,7,14,HIBRIDO,Scatterplot,Comparação,CONFORMING,CONFORMING,CONFORMING,CONFORMING,PENDING_BB,DIAGNOSTIC_OK,NOT_APPLICABLE,NOT_APPLICABLE,NOT_APPLICABLE,NO_FAILURE_SO_FAR,PENDING_FINALIZATION,AUTO_FROZEN,0.895824,0.083185
SC_024_R08.png,SC,SC_024,8,14,HIBRIDO,Scatterplot,Comparação,CONFORMING,CONFORMING,CONFORMING,CONFORMING,PENDING_BB,DIAGNOSTIC_OK,NOT_APPLICABLE,NOT_APPLICABLE,NOT_APPLICABLE,NO_FAILURE_SO_FAR,PENDING_FINALIZATION,AUTO_FROZEN,0.895824,0.083185
SC_024_R09.png,SC,SC_024,9,14,HIBRIDO,Scatterplot,Comparação,CONFORMING,CONFORMING,CONFORMING,CONFORMING,PENDING_BB,DIAGNOSTIC_OK,NOT_APPLICABLE,NOT_APPLICABLE,NOT_APPLICABLE,NO_FAILURE_SO_FAR,PENDING_FINALIZATION,AUTO_FROZEN,0.895824,0.083185
SC_024_R10.png,SC,SC_024,10,14,HIBRIDO,Scatterplot,Comparação,CONFORMING,CONFORMING,CONFORMING,CONFORMING,PENDING_BB,DIAGNOSTIC_OK,NOT_APPLICABLE,NOT_APPLICABLE,NOT_APPLICABLE,NO_FAILURE_SO_FAR,PENDING_FINALIZATION,AUTO_FROZEN,0.895824,0.083185
SC_025_R01.png,SC,SC_025,1,15,HIBRIDO,Scatterplot,Comparação,CONFORMING,CONFORMING,CONFORMING,CONFORMING,PENDING_BB,DIAGNOSTIC_OK,NOT_APPLICABLE,NOT_APPLICABLE,NOT_APPLICABLE,NO_FAILURE_SO_FAR,PENDING_FINALIZATION,AUTO_FROZEN,0.917051,0.077691
SC_025_R02.png,SC,SC_025,2,15,HIBRIDO,Scatterplot,Comparação,CONFORMING,CONFORMING,CONFORMING,CONFORMING,PENDING_BB,DIAGNOSTIC_OK,NOT_APPLICABLE,NOT_APPLICABLE,NOT_APPLICABLE,NO_FAILURE_SO_FAR,PENDING_FINALIZATION,AUTO_FROZEN,0.895762,0.082815
SC_025_R03.png,SC,SC_025,3,15,HIBRIDO,Scatterplot,Comparação,CONFORMING,CONFORMING,CONFORMING,CONFORMING,PENDING_BB,DIAGNOSTIC_OK,NOT_APPLICABLE,NOT_APPLICABLE,NOT_APPLICABLE,NO_FAILURE_SO_FAR,PENDING_FINALIZATION,AUTO_FROZEN,0.895762,0.082815
SC_025_R04.png,SC,SC_025,4,15,HIBRIDO,Scatterplot,Comparação,CONFORMING,CONFORMING,CONFORMING,CONFORMING,PENDING_BB,DIAGNOSTIC_OK,NOT_APPLICABLE,NOT_APPLICABLE,NOT_APPLICABLE,NO_FAILURE_SO_FAR,PENDING_FINALIZATION,AUTO_FROZEN,0.895762,0.082815
SC_025_R05.png,SC,SC_025,5,15,HIBRIDO,Scatterplot,Comparação,CONFORMING,CONFORMING,CONFORMING,CONFORMING,PENDING_BB,DIAGNOSTIC_OK,NOT_APPLICABLE,NOT_APPLICABLE,NOT_APPLICABLE,NO_FAILURE_SO_FAR,PENDING_FINALIZATION,AUTO_FROZEN,0.895762,0.082815
SC_025_R06.png,SC,SC_025,6,15,HIBRIDO,Scatterplot,Comparação,CONFORMING,CONFORMING,CONFORMING,CONFORMING,PENDING_BB,DIAGNOSTIC_OK,NOT_APPLICABLE,NOT_APPLICABLE,NOT_APPLICABLE,NO_FAILURE_SO_FAR,PENDING_FINALIZATION,AUTO_FROZEN,0.895762,0.082815
SC_025_R07.png,SC,SC_025,7,15,HIBRIDO,Scatterplot,Comparação,CONFORMING,CONFORMING,CONFORMING,CONFORMING,PENDING_BB,DIAGNOSTIC_OK,NOT_APPLICABLE,NOT_APPLICABLE,NOT_APPLICABLE,NO_FAILURE_SO_FAR,PENDING_FINALIZATION,AUTO_FROZEN,0.895762,0.082815
SC_025_R08.png,SC,SC_025,8,15,HIBRIDO,Scatterplot,Comparação,CONFORMING,CONFORMING,CONFORMING,CONFORMING,PENDING_BB,DIAGNOSTIC_OK,NOT_APPLICABLE,NOT_APPLICABLE,NOT_APPLICABLE,NO_FAILURE_SO_FAR,PENDING_FINALIZATION,AUTO_FROZEN,0.895762,0.082815
SC_025_R09.png,SC,SC_025,9,15,HIBRIDO,Scatterplot,Comparação,CONFORMING,CONFORMING,CONFORMING,CONFORMING,PENDING_BB,DIAGNOSTIC_OK,NOT_APPLICABLE,NOT_APPLICABLE,NOT_APPLICABLE,NO_FAILURE_SO_FAR,PENDING_FINALIZATION,AUTO_FROZEN,0.895762,0.082815
SC_025_R10.png,SC,SC_025,10,15,HIBRIDO,Scatterplot,Comparação,CONFORMING,CONFORMING,CONFORMING,CONFORMING,PENDING_BB,DIAGNOSTIC_OK,NOT_APPLICABLE,NOT_APPLICABLE,NOT_APPLICABLE,NO_FAILURE_SO_FAR,PENDING_FINALIZATION,AUTO_FROZEN,0.895762,0.082815
SC_026_R01.png,SC,SC_026,1,16,HIBRIDO,Scatterplot,Comparação,CONFORMING,CONFORMING,CONFORMING,CONFORMING,PENDING_BB,DIAGNOSTIC_OK,NOT_APPLICABLE,NOT_APPLICABLE,NOT_APPLICABLE,NO_FAILURE_SO_FAR,PENDING_FINALIZATION,AUTO_FROZEN,1.0,0.059434
SC_026_R02.png,SC,SC_026,2,16,HIBRIDO,Scatterplot,Comparação,CONFORMING,CONFORMING,CONFORMING,CONFORMING,PENDING_BB,DIAGNOSTIC_OK,NOT_APPLICABLE,NOT_APPLICABLE,NOT_APPLICABLE,NO_FAILURE_SO_FAR,PENDING_FINALIZATION,AUTO_FROZEN,0.914193,0.056095
SC_026_R03.png,SC,SC_026,3,16,HIBRIDO,Scatterplot,Comparação,CONFORMING,CONFORMING,CONFORMING,CONFORMING,PENDING_BB,DIAGNOSTIC_OK,NOT_APPLICABLE,NOT_APPLICABLE,NOT_APPLICABLE,NO_FAILURE_SO_FAR,PENDING_FINALIZATION,AUTO_FROZEN,0.914193,0.056095
SC_026_R04.png,SC,SC_026,4,16,HIBRIDO,Scatterplot,Comparação,CONFORMING,CONFORMING,CONFORMING,CONFORMING,PENDING_BB,DIAGNOSTIC_OK,NOT_APPLICABLE,NOT_APPLICABLE,NOT_APPLICABLE,NO_FAILURE_SO_FAR,PENDING_FINALIZATION,AUTO_FROZEN,0.914193,0.056095
SC_026_R05.png,SC,SC_026,5,16,HIBRIDO,Scatterplot,Comparação,CONFORMING,CONFORMING,CONFORMING,CONFORMING,PENDING_BB,DIAGNOSTIC_OK,NOT_APPLICABLE,NOT_APPLICABLE,NOT_APPLICABLE,NO_FAILURE_SO_FAR,PENDING_FINALIZATION,AUTO_FROZEN,0.914193,0.056095
SC_026_R06.png,SC,SC_026,6,16,HIBRIDO,Scatterplot,Comparação,CONFORMING,CONFORMING,CONFORMING,CONFORMING,PENDING_BB,DIAGNOSTIC_OK,NOT_APPLICABLE,NOT_APPLICABLE,NOT_APPLICABLE,NO_FAILURE_SO_FAR,PENDING_FINALIZATION,AUTO_FROZEN,0.914193,0.056095
SC_026_R07.png,SC,SC_026,7,16,HIBRIDO,Scatterplot,Comparação,CONFORMING,CONFORMING,CONFORMING,CONFORMING,PENDING_BB,DIAGNOSTIC_OK,NOT_APPLICABLE,NOT_APPLICABLE,NOT_APPLICABLE,NO_FAILURE_SO_FAR,PENDING_FINALIZATION,AUTO_FROZEN,0.914193,0.056095
SC_026_R08.png,SC,SC_026,8,16,HIBRIDO,Scatterplot,Comparação,CONFORMING,CONFORMING,CONFORMING,CONFORMING,PENDING_BB,DIAGNOSTIC_OK,NOT_APPLICABLE,NOT_APPLICABLE,NOT_APPLICABLE,NO_FAILURE_SO_FAR,PENDING_FINALIZATION,AUTO_FROZEN,0.914193,0.056095
SC_026_R09.png,SC,SC_026,9,16,HIBRIDO,Scatterplot,Comparação,CONFORMING,CONFORMING,CONFORMING,CONFORMING,PENDING_BB,DIAGNOSTIC_OK,NOT_APPLICABLE,NOT_APPLICABLE,NOT_APPLICABLE,NO_FAILURE_SO_FAR,PENDING_FINALIZATION,AUTO_FROZEN,0.914193,0.056095
SC_026_R10.png,SC,SC_026,10,16,HIBRIDO,Scatterplot,Comparação,CONFORMING,CONFORMING,CONFORMING,CONFORMING,PENDING_BB,DIAGNOSTIC_OK,NOT_APPLICABLE,NOT_APPLICABLE,NOT_APPLICABLE,NO_FAILURE_SO_FAR,PENDING_FINALIZATION,AUTO_FROZEN,0.914193,0.056095
SC_027_R01.png,SC,SC_027,1,1,VQL,Scatterplot,Comparação,CONFORMING,CONFORMING,CONFORMING,CONFORMING,PENDING_BB,DIAGNOSTIC_OK,NOT_APPLICABLE,NOT_APPLICABLE,NOT_APPLICABLE,NO_FAILURE_SO_FAR,PENDING_FINALIZATION,AUTO_FROZEN,0.990534,0.055882
SC_027_R02.png,SC,SC_027,2,1,VQL,Scatterplot,Comparação,CONFORMING,CONFORMING,CONFORMING,CONFORMING,PENDING_BB,DIAGNOSTIC_OK,NOT_APPLICABLE,NOT_APPLICABLE,NOT_APPLICABLE,NO_FAILURE_SO_FAR,PENDING_FINALIZATION,AUTO_FROZEN,0.996287,0.051917
SC_027_R03.png,SC,SC_027,3,1,VQL,Scatterplot,Comparação,CONFORMING,CONFORMING,CONFORMING,CONFORMING,PENDING_BB,DIAGNOSTIC_OK,NOT_APPLICABLE,NOT_APPLICABLE,NOT_APPLICABLE,NO_FAILURE_SO_FAR,PENDING_FINALIZATION,AUTO_FROZEN,0.996287,0.051917
SC_027_R04.png,SC,SC_027,4,1,VQL,Scatterplot,Comparação,CONFORMING,CONFORMING,CONFORMING,CONFORMING,PENDING_BB,DIAGNOSTIC_OK,NOT_APPLICABLE,NOT_APPLICABLE,NOT_APPLICABLE,NO_FAILURE_SO_FAR,PENDING_FINALIZATION,AUTO_FROZEN,0.996287,0.051917
SC_027_R05.png,SC,SC_027,5,1,VQL,Scatterplot,Comparação,CONFORMING,CONFORMING,CONFORMING,CONFORMING,PENDING_BB,DIAGNOSTIC_OK,NOT_APPLICABLE,NOT_APPLICABLE,NOT_APPLICABLE,NO_FAILURE_SO_FAR,PENDING_FINALIZATION,AUTO_FROZEN,0.996287,0.051917
SC_027_R06.png,SC,SC_027,6,1,VQL,Scatterplot,Comparação,CONFORMING,CONFORMING,CONFORMING,CONFORMING,PENDING_BB,DIAGNOSTIC_OK,NOT_APPLICABLE,NOT_APPLICABLE,NOT_APPLICABLE,NO_FAILURE_SO_FAR,PENDING_FINALIZATION,AUTO_FROZEN,0.996287,0.051917
SC_027_R07.png,SC,SC_027,7,1,VQL,Scatterplot,Comparação,CONFORMING,CONFORMING,CONFORMING,CONFORMING,PENDING_BB,DIAGNOSTIC_OK,NOT_APPLICABLE,NOT_APPLICABLE,NOT_APPLICABLE,NO_FAILURE_SO_FAR,PENDING_FINALIZATION,AUTO_FROZEN,0.996287,0.051917
SC_027_R08.png,SC,SC_027,8,1,VQL,Scatterplot,Comparação,CONFORMING,CONFORMING,CONFORMING,CONFORMING,PENDING_BB,DIAGNOSTIC_OK,NOT_APPLICABLE,NOT_APPLICABLE,NOT_APPLICABLE,NO_FAILURE_SO_FAR,PENDING_FINALIZATION,AUTO_FROZEN,0.996287,0.051917
SC_027_R09.png,SC,SC_027,9,1,VQL,Scatterplot,Comparação,CONFORMING,CONFORMING,CONFORMING,CONFORMING,PENDING_BB,DIAGNOSTIC_OK,NOT_APPLICABLE,NOT_APPLICABLE,NOT_APPLICABLE,NO_FAILURE_SO_FAR,PENDING_FINALIZATION,AUTO_FROZEN,0.996287,0.051917
SC_027_R10.png,SC,SC_027,10,1,VQL,Scatterplot,Comparação,CONFORMING,CONFORMING,CONFORMING,CONFORMING,PENDING_BB,DIAGNOSTIC_OK,NOT_APPLICABLE,NOT_APPLICABLE,NOT_APPLICABLE,NO_FAILURE_SO_FAR,PENDING_FINALIZATION,AUTO_FROZEN,0.996287,0.051917
SC_028_R01.png,SC,SC_028,1,4,VQL,Scatterplot,Comparação,CONFORMING,CONFORMING,CONFORMING,CONFORMING,PENDING_BB,DIAGNOSTIC_OK,NOT_APPLICABLE,NOT_APPLICABLE,NOT_APPLICABLE,NO_FAILURE_SO_FAR,PENDING_FINALIZATION,AUTO_FROZEN,0.980546,0.056095
SC_028_R02.png,SC,SC_028,2,4,VQL,Scatterplot,Comparação,CONFORMING,CONFORMING,CONFORMING,CONFORMING,PENDING_BB,DIAGNOSTIC_OK,NOT_APPLICABLE,NOT_APPLICABLE,NOT_APPLICABLE,NO_FAILURE_SO_FAR,PENDING_FINALIZATION,AUTO_FROZEN,0.887599,0.056636
SC_028_R03.png,SC,SC_028,3,4,VQL,Scatterplot,Comparação,CONFORMING,CONFORMING,CONFORMING,CONFORMING,PENDING_BB,DIAGNOSTIC_OK,NOT_APPLICABLE,NOT_APPLICABLE,NOT_APPLICABLE,NO_FAILURE_SO_FAR,PENDING_FINALIZATION,AUTO_FROZEN,0.887599,0.056636
SC_028_R04.png,SC,SC_028,4,4,VQL,Scatterplot,Comparação,CONFORMING,CONFORMING,CONFORMING,CONFORMING,PENDING_BB,DIAGNOSTIC_OK,NOT_APPLICABLE,NOT_APPLICABLE,NOT_APPLICABLE,NO_FAILURE_SO_FAR,PENDING_FINALIZATION,AUTO_FROZEN,0.887599,0.056636
SC_028_R05.png,SC,SC_028,5,4,VQL,Scatterplot,Comparação,CONFORMING,CONFORMING,CONFORMING,CONFORMING,PENDING_BB,DIAGNOSTIC_OK,NOT_APPLICABLE,NOT_APPLICABLE,NOT_APPLICABLE,NO_FAILURE_SO_FAR,PENDING_FINALIZATION,AUTO_FROZEN,0.899363,0.002708
SC_028_R06.png,SC,SC_028,6,4,VQL,Scatterplot,Comparação,CONFORMING,CONFORMING,CONFORMING,CONFORMING,PENDING_BB,DIAGNOSTIC_OK,NOT_APPLICABLE,NOT_APPLICABLE,NOT_APPLICABLE,NO_FAILURE_SO_FAR,PENDING_FINALIZATION,AUTO_FROZEN,0.899363,0.002708
SC_028_R07.png,SC,SC_028,7,4,VQL,Scatterplot,Comparação,CONFORMING,CONFORMING,CONFORMING,CONFORMING,PENDING_BB,DIAGNOSTIC_OK,NOT_APPLICABLE,NOT_APPLICABLE,NOT_APPLICABLE,NO_FAILURE_SO_FAR,PENDING_FINALIZATION,AUTO_FROZEN,0.899363,0.002708
SC_028_R08.png,SC,SC_028,8,4,VQL,Scatterplot,Comparação,CONFORMING,CONFORMING,CONFORMING,CONFORMING,PENDING_BB,DIAGNOSTIC_OK,NOT_APPLICABLE,NOT_APPLICABLE,NOT_APPLICABLE,NO_FAILURE_SO_FAR,PENDING_FINALIZATION,AUTO_FROZEN,0.899363,0.002708
SC_028_R09.png,SC,SC_028,9,4,VQL,Scatterplot,Comparação,CONFORMING,CONFORMING,CONFORMING,CONFORMING,PENDING_BB,DIAGNOSTIC_OK,NOT_APPLICABLE,NOT_APPLICABLE,NOT_APPLICABLE,NO_FAILURE_SO_FAR,PENDING_FINALIZATION,AUTO_FROZEN,0.899363,0.002708
SC_028_R10.png,SC,SC_028,10,4,VQL,Scatterplot,Comparação,CONFORMING,CONFORMING,CONFORMING,CONFORMING,PENDING_BB,DIAGNOSTIC_OK,NOT_APPLICABLE,NOT_APPLICABLE,NOT_APPLICABLE,NO_FAILURE_SO_FAR,PENDING_FINALIZATION,AUTO_FROZEN,0.899363,0.002708
SC_029_R01.png,SC,SC_029,1,6,VQL,Scatterplot,Comparação,CONFORMING,CONFORMING,CONFORMING,CONFORMING,PENDING_BB,DIAGNOSTIC_OK,NOT_APPLICABLE,NOT_APPLICABLE,NOT_APPLICABLE,NO_FAILURE_SO_FAR,PENDING_FINALIZATION,AUTO_FROZEN,0.913303,0.056095
SC_029_R02.png,SC,SC_029,2,6,VQL,Scatterplot,Comparação,CONFORMING,CONFORMING,CONFORMING,CONFORMING,PENDING_BB,DIAGNOSTIC_OK,NOT_APPLICABLE,NOT_APPLICABLE,NOT_APPLICABLE,NO_FAILURE_SO_FAR,PENDING_FINALIZATION,AUTO_FROZEN,0.914701,0.057083
SC_029_R03.png,SC,SC_029,3,6,VQL,Scatterplot,Comparação,CONFORMING,CONFORMING,CONFORMING,CONFORMING,PENDING_BB,DIAGNOSTIC_OK,NOT_APPLICABLE,NOT_APPLICABLE,NOT_APPLICABLE,NO_FAILURE_SO_FAR,PENDING_FINALIZATION,AUTO_FROZEN,0.914701,0.057083
SC_029_R04.png,SC,SC_029,4,6,VQL,Scatterplot,Comparação,CONFORMING,CONFORMING,CONFORMING,CONFORMING,PENDING_BB,DIAGNOSTIC_OK,NOT_APPLICABLE,NOT_APPLICABLE,NOT_APPLICABLE,NO_FAILURE_SO_FAR,PENDING_FINALIZATION,AUTO_FROZEN,0.914701,0.057083
SC_029_R05.png,SC,SC_029,5,6,VQL,Scatterplot,Comparação,CONFORMING,CONFORMING,CONFORMING,CONFORMING,PENDING_BB,DIAGNOSTIC_OK,NOT_APPLICABLE,NOT_APPLICABLE,NOT_APPLICABLE,NO_FAILURE_SO_FAR,PENDING_FINALIZATION,AUTO_FROZEN,0.914701,0.057083
SC_029_R06.png,SC,SC_029,6,6,VQL,Scatterplot,Comparação,CONFORMING,CONFORMING,CONFORMING,CONFORMING,PENDING_BB,DIAGNOSTIC_OK,NOT_APPLICABLE,NOT_APPLICABLE,NOT_APPLICABLE,NO_FAILURE_SO_FAR,PENDING_FINALIZATION,AUTO_FROZEN,0.914701,0.057083
SC_029_R07.png,SC,SC_029,7,6,VQL,Scatterplot,Comparação,CONFORMING,CONFORMING,CONFORMING,CONFORMING,PENDING_BB,DIAGNOSTIC_OK,NOT_APPLICABLE,NOT_APPLICABLE,NOT_APPLICABLE,NO_FAILURE_SO_FAR,PENDING_FINALIZATION,AUTO_FROZEN,0.914701,0.057083
SC_029_R08.png,SC,SC_029,8,6,VQL,Scatterplot,Comparação,CONFORMING,CONFORMING,CONFORMING,CONFORMING,PENDING_BB,DIAGNOSTIC_OK,NOT_APPLICABLE,NOT_APPLICABLE,NOT_APPLICABLE,NO_FAILURE_SO_FAR,PENDING_FINALIZATION,AUTO_FROZEN,0.914701,0.057083
SC_029_R09.png,SC,SC_029,9,6,VQL,Scatterplot,Comparação,CONFORMING,CONFORMING,CONFORMING,CONFORMING,PENDING_BB,DIAGNOSTIC_OK,NOT_APPLICABLE,NOT_APPLICABLE,NOT_APPLICABLE,NO_FAILURE_SO_FAR,PENDING_FINALIZATION,AUTO_FROZEN,0.914701,0.057083
SC_029_R10.png,SC,SC_029,10,6,VQL,Scatterplot,Comparação,CONFORMING,CONFORMING,CONFORMING,CONFORMING,PENDING_BB,DIAGNOSTIC_OK,NOT_APPLICABLE,NOT_APPLICABLE,NOT_APPLICABLE,NO_FAILURE_SO_FAR,PENDING_FINALIZATION,AUTO_FROZEN,0.914701,0.057083
SC_030_R01.png,SC,SC_030,1,7,VQL,Scatterplot,Comparação,CONFORMING,CONFORMING,CONFORMING,CONFORMING,PENDING_BB,DIAGNOSTIC_OK,NOT_APPLICABLE,NOT_APPLICABLE,NOT_APPLICABLE,NO_FAILURE_SO_FAR,PENDING_FINALIZATION,AUTO_FROZEN,0.916725,0.085742
SC_030_R02.png,SC,SC_030,2,7,VQL,Scatterplot,Comparação,CONFORMING,CONFORMING,CONFORMING,CONFORMING,PENDING_BB,DIAGNOSTIC_OK,NOT_APPLICABLE,NOT_APPLICABLE,NOT_APPLICABLE,NO_FAILURE_SO_FAR,PENDING_FINALIZATION,AUTO_FROZEN,0.916327,0.086165
SC_030_R03.png,SC,SC_030,3,7,VQL,Scatterplot,Comparação,CONFORMING,CONFORMING,CONFORMING,CONFORMING,PENDING_BB,DIAGNOSTIC_OK,NOT_APPLICABLE,NOT_APPLICABLE,NOT_APPLICABLE,NO_FAILURE_SO_FAR,PENDING_FINALIZATION,AUTO_FROZEN,0.916327,0.086165
SC_030_R04.png,SC,SC_030,4,7,VQL,Scatterplot,Comparação,CONFORMING,CONFORMING,CONFORMING,CONFORMING,PENDING_BB,DIAGNOSTIC_OK,NOT_APPLICABLE,NOT_APPLICABLE,NOT_APPLICABLE,NO_FAILURE_SO_FAR,PENDING_FINALIZATION,AUTO_FROZEN,0.916327,0.086165
SC_030_R05.png,SC,SC_030,5,7,VQL,Scatterplot,Comparação,CONFORMING,CONFORMING,CONFORMING,CONFORMING,PENDING_BB,DIAGNOSTIC_OK,NOT_APPLICABLE,NOT_APPLICABLE,NOT_APPLICABLE,NO_FAILURE_SO_FAR,PENDING_FINALIZATION,AUTO_FROZEN,0.916327,0.086165
SC_030_R06.png,SC,SC_030,6,7,VQL,Scatterplot,Comparação,CONFORMING,CONFORMING,CONFORMING,CONFORMING,PENDING_BB,DIAGNOSTIC_OK,NOT_APPLICABLE,NOT_APPLICABLE,NOT_APPLICABLE,NO_FAILURE_SO_FAR,PENDING_FINALIZATION,AUTO_FROZEN,0.916327,0.086165
SC_030_R07.png,SC,SC_030,7,7,VQL,Scatterplot,Comparação,CONFORMING,CONFORMING,CONFORMING,CONFORMING,PENDING_BB,DIAGNOSTIC_OK,NOT_APPLICABLE,NOT_APPLICABLE,NOT_APPLICABLE,NO_FAILURE_SO_FAR,PENDING_FINALIZATION,AUTO_FROZEN,0.916327,0.086165
SC_030_R08.png,SC,SC_030,8,7,VQL,Scatterplot,Comparação,CONFORMING,CONFORMING,CONFORMING,CONFORMING,PENDING_BB,DIAGNOSTIC_OK,NOT_APPLICABLE,NOT_APPLICABLE,NOT_APPLICABLE,NO_FAILURE_SO_FAR,PENDING_FINALIZATION,AUTO_FROZEN,0.916327,0.086165
SC_030_R09.png,SC,SC_030,9,7,VQL,Scatterplot,Comparação,CONFORMING,CONFORMING,CONFORMING,CONFORMING,PENDING_BB,DIAGNOSTIC_OK,NOT_APPLICABLE,NOT_APPLICABLE,NOT_APPLICABLE,NO_FAILURE_SO_FAR,PENDING_FINALIZATION,AUTO_FROZEN,0.916327,0.086165
SC_030_R10.png,SC,SC_030,10,7,VQL,Scatterplot,Comparação,CONFORMING,CONFORMING,CONFORMING,CONFORMING,PENDING_BB,DIAGNOSTIC_OK,NOT_APPLICABLE,NOT_APPLICABLE,NOT_APPLICABLE,NO_FAILURE_SO_FAR,PENDING_FINALIZATION,AUTO_FROZEN,0.916327,0.086165
SC_031_R01.png,SC,SC_031,1,8,VQL,Scatterplot,Comparação,CONFORMING,CONFORMING,CONFORMING,CONFORMING,PENDING_BB,DIAGNOSTIC_OK,NOT_APPLICABLE,NOT_APPLICABLE,NOT_APPLICABLE,NO_FAILURE_SO_FAR,PENDING_FINALIZATION,AUTO_FROZEN,0.91374,0.055899
SC_031_R02.png,SC,SC_031,2,8,VQL,Scatterplot,Comparação,CONFORMING,CONFORMING,CONFORMING,CONFORMING,PENDING_BB,DIAGNOSTIC_OK,NOT_APPLICABLE,NOT_APPLICABLE,NOT_APPLICABLE,NO_FAILURE_SO_FAR,PENDING_FINALIZATION,AUTO_FROZEN,0.916327,0.086165
SC_031_R03.png,SC,SC_031,3,8,VQL,Scatterplot,Comparação,CONFORMING,CONFORMING,CONFORMING,CONFORMING,PENDING_BB,DIAGNOSTIC_OK,NOT_APPLICABLE,NOT_APPLICABLE,NOT_APPLICABLE,NO_FAILURE_SO_FAR,PENDING_FINALIZATION,AUTO_FROZEN,0.916327,0.086165
SC_031_R04.png,SC,SC_031,4,8,VQL,Scatterplot,Comparação,CONFORMING,CONFORMING,CONFORMING,CONFORMING,PENDING_BB,DIAGNOSTIC_OK,NOT_APPLICABLE,NOT_APPLICABLE,NOT_APPLICABLE,NO_FAILURE_SO_FAR,PENDING_FINALIZATION,AUTO_FROZEN,0.916327,0.086165
SC_031_R05.png,SC,SC_031,5,8,VQL,Scatterplot,Comparação,CONFORMING,CONFORMING,CONFORMING,CONFORMING,PENDING_BB,DIAGNOSTIC_OK,NOT_APPLICABLE,NOT_APPLICABLE,NOT_APPLICABLE,NO_FAILURE_SO_FAR,PENDING_FINALIZATION,AUTO_FROZEN,0.916327,0.086165
SC_031_R06.png,SC,SC_031,6,8,VQL,Scatterplot,Comparação,CONFORMING,CONFORMING,CONFORMING,CONFORMING,PENDING_BB,DIAGNOSTIC_OK,NOT_APPLICABLE,NOT_APPLICABLE,NOT_APPLICABLE,NO_FAILURE_SO_FAR,PENDING_FINALIZATION,AUTO_FROZEN,0.916327,0.086165
SC_031_R07.png,SC,SC_031,7,8,VQL,Scatterplot,Comparação,CONFORMING,CONFORMING,CONFORMING,CONFORMING,PENDING_BB,DIAGNOSTIC_OK,NOT_APPLICABLE,NOT_APPLICABLE,NOT_APPLICABLE,NO_FAILURE_SO_FAR,PENDING_FINALIZATION,AUTO_FROZEN,0.916327,0.086165
SC_031_R08.png,SC,SC_031,8,8,VQL,Scatterplot,Comparação,CONFORMING,CONFORMING,CONFORMING,CONFORMING,PENDING_BB,DIAGNOSTIC_OK,NOT_APPLICABLE,NOT_APPLICABLE,NOT_APPLICABLE,NO_FAILURE_SO_FAR,PENDING_FINALIZATION,AUTO_FROZEN,0.916327,0.086165
SC_031_R09.png,SC,SC_031,9,8,VQL,Scatterplot,Comparação,CONFORMING,CONFORMING,CONFORMING,CONFORMING,PENDING_BB,DIAGNOSTIC_OK,NOT_APPLICABLE,NOT_APPLICABLE,NOT_APPLICABLE,NO_FAILURE_SO_FAR,PENDING_FINALIZATION,AUTO_FROZEN,0.916327,0.086165
SC_031_R10.png,SC,SC_031,10,8,VQL,Scatterplot,Comparação,CONFORMING,CONFORMING,CONFORMING,CONFORMING,PENDING_BB,DIAGNOSTIC_OK,NOT_APPLICABLE,NOT_APPLICABLE,NOT_APPLICABLE,NO_FAILURE_SO_FAR,PENDING_FINALIZATION,AUTO_FROZEN,0.916327,0.086165
SC_032_R01.png,SC,SC_032,1,9,VQL,Scatterplot,Comparação,CONFORMING,CONFORMING,CONFORMING,CONFORMING,PENDING_BB,DIAGNOSTIC_OK,NONCONFORMING,NONCONFORMING,CONFORMING,NONCONFORMING,NONCONFORMING,AUTO_FROZEN,0.933677,0.056095
SC_032_R02.png,SC,SC_032,2,9,VQL,Scatterplot,Comparação,CONFORMING,CONFORMING,NONCONFORMING,CONFORMING,PENDING_BB,DIAGNOSTIC_OK,CONFORMING,CONFORMING,CONFORMING,NONCONFORMING,NONCONFORMING,AUTO_FROZEN,0.996637,0.078561
SC_032_R03.png,SC,SC_032,3,9,VQL,Scatterplot,Comparação,CONFORMING,CONFORMING,NONCONFORMING,CONFORMING,PENDING_BB,DIAGNOSTIC_OK,CONFORMING,CONFORMING,CONFORMING,NONCONFORMING,NONCONFORMING,AUTO_FROZEN,0.996637,0.078561
SC_032_R04.png,SC,SC_032,4,9,VQL,Scatterplot,Comparação,CONFORMING,CONFORMING,NONCONFORMING,CONFORMING,PENDING_BB,DIAGNOSTIC_OK,CONFORMING,CONFORMING,CONFORMING,NONCONFORMING,NONCONFORMING,AUTO_FROZEN,0.996637,0.078561
SC_032_R05.png,SC,SC_032,5,9,VQL,Scatterplot,Comparação,CONFORMING,CONFORMING,NONCONFORMING,CONFORMING,PENDING_BB,DIAGNOSTIC_OK,CONFORMING,CONFORMING,CONFORMING,NONCONFORMING,NONCONFORMING,AUTO_FROZEN,0.996637,0.078561
SC_032_R06.png,SC,SC_032,6,9,VQL,Scatterplot,Comparação,CONFORMING,CONFORMING,NONCONFORMING,CONFORMING,PENDING_BB,DIAGNOSTIC_OK,CONFORMING,CONFORMING,CONFORMING,NONCONFORMING,NONCONFORMING,AUTO_FROZEN,0.996637,0.078561
SC_032_R07.png,SC,SC_032,7,9,VQL,Scatterplot,Comparação,CONFORMING,CONFORMING,NONCONFORMING,CONFORMING,PENDING_BB,DIAGNOSTIC_OK,CONFORMING,CONFORMING,CONFORMING,NONCONFORMING,NONCONFORMING,AUTO_FROZEN,0.996637,0.078561
SC_032_R08.png,SC,SC_032,8,9,VQL,Scatterplot,Comparação,CONFORMING,CONFORMING,NONCONFORMING,CONFORMING,PENDING_BB,DIAGNOSTIC_OK,CONFORMING,CONFORMING,CONFORMING,NONCONFORMING,NONCONFORMING,AUTO_FROZEN,0.996637,0.078561
SC_032_R09.png,SC,SC_032,9,9,VQL,Scatterplot,Comparação,CONFORMING,CONFORMING,NONCONFORMING,CONFORMING,PENDING_BB,DIAGNOSTIC_OK,CONFORMING,CONFORMING,CONFORMING,NONCONFORMING,NONCONFORMING,AUTO_FROZEN,0.996637,0.078561
SC_032_R10.png,SC,SC_032,10,9,VQL,Scatterplot,Comparação,CONFORMING,CONFORMING,NONCONFORMING,CONFORMING,PENDING_BB,DIAGNOSTIC_OK,CONFORMING,CONFORMING,CONFORMING,NONCONFORMING,NONCONFORMING,AUTO_FROZEN,0.996637,0.078561
SC_033_R01.png,SC,SC_033,1,10,VQL,Scatterplot,Comparação,CONFORMING,CONFORMING,CONFORMING,CONFORMING,PENDING_BB,DIAGNOSTIC_OK,NOT_APPLICABLE,NOT_APPLICABLE,NOT_APPLICABLE,NO_FAILURE_SO_FAR,PENDING_FINALIZATION,AUTO_FROZEN,0.916005,0.076048
SC_033_R02.png,SC,SC_033,2,10,VQL,Scatterplot,Comparação,CONFORMING,CONFORMING,CONFORMING,CONFORMING,PENDING_BB,DIAGNOSTIC_OK,NOT_APPLICABLE,NOT_APPLICABLE,NOT_APPLICABLE,NO_FAILURE_SO_FAR,PENDING_FINALIZATION,AUTO_FROZEN,0.99664,0.077691
SC_033_R03.png,SC,SC_033,3,10,VQL,Scatterplot,Comparação,CONFORMING,CONFORMING,CONFORMING,CONFORMING,PENDING_BB,DIAGNOSTIC_OK,NOT_APPLICABLE,NOT_APPLICABLE,NOT_APPLICABLE,NO_FAILURE_SO_FAR,PENDING_FINALIZATION,AUTO_FROZEN,0.99664,0.077691
SC_033_R04.png,SC,SC_033,4,10,VQL,Scatterplot,Comparação,CONFORMING,CONFORMING,CONFORMING,CONFORMING,PENDING_BB,DIAGNOSTIC_OK,NOT_APPLICABLE,NOT_APPLICABLE,NOT_APPLICABLE,NO_FAILURE_SO_FAR,PENDING_FINALIZATION,AUTO_FROZEN,0.99664,0.077691
SC_033_R05.png,SC,SC_033,5,10,VQL,Scatterplot,Comparação,CONFORMING,CONFORMING,CONFORMING,CONFORMING,PENDING_BB,DIAGNOSTIC_OK,NOT_APPLICABLE,NOT_APPLICABLE,NOT_APPLICABLE,NO_FAILURE_SO_FAR,PENDING_FINALIZATION,AUTO_FROZEN,0.99664,0.077691
SC_033_R06.png,SC,SC_033,6,10,VQL,Scatterplot,Comparação,CONFORMING,CONFORMING,CONFORMING,CONFORMING,PENDING_BB,DIAGNOSTIC_OK,NOT_APPLICABLE,NOT_APPLICABLE,NOT_APPLICABLE,NO_FAILURE_SO_FAR,PENDING_FINALIZATION,AUTO_FROZEN,0.99664,0.077691
SC_033_R07.png,SC,SC_033,7,10,VQL,Scatterplot,Comparação,CONFORMING,CONFORMING,CONFORMING,CONFORMING,PENDING_BB,DIAGNOSTIC_OK,NOT_APPLICABLE,NOT_APPLICABLE,NOT_APPLICABLE,NO_FAILURE_SO_FAR,PENDING_FINALIZATION,AUTO_FROZEN,0.99664,0.077691
SC_033_R08.png,SC,SC_033,8,10,VQL,Scatterplot,Comparação,CONFORMING,CONFORMING,CONFORMING,CONFORMING,PENDING_BB,DIAGNOSTIC_OK,NOT_APPLICABLE,NOT_APPLICABLE,NOT_APPLICABLE,NO_FAILURE_SO_FAR,PENDING_FINALIZATION,AUTO_FROZEN,0.99664,0.077691
SC_033_R09.png,SC,SC_033,9,10,VQL,Scatterplot,Comparação,CONFORMING,CONFORMING,CONFORMING,CONFORMING,PENDING_BB,DIAGNOSTIC_OK,NOT_APPLICABLE,NOT_APPLICABLE,NOT_APPLICABLE,NO_FAILURE_SO_FAR,PENDING_FINALIZATION,AUTO_FROZEN,0.99664,0.077691
SC_033_R10.png,SC,SC_033,10,10,VQL,Scatterplot,Comparação,CONFORMING,CONFORMING,CONFORMING,CONFORMING,PENDING_BB,DIAGNOSTIC_OK,NOT_APPLICABLE,NOT_APPLICABLE,NOT_APPLICABLE,NO_FAILURE_SO_FAR,PENDING_FINALIZATION,AUTO_FROZEN,0.99664,0.077691
SC_034_R01.png,SC,SC_034,1,11,VQL,Scatterplot,Comparação,CONFORMING,CONFORMING,CONFORMING,CONFORMING,PENDING_BB,DIAGNOSTIC_OK,NOT_APPLICABLE,NOT_APPLICABLE,NOT_APPLICABLE,NO_FAILURE_SO_FAR,PENDING_FINALIZATION,AUTO_FROZEN,0.917159,0.078937
SC_034_R02.png,SC,SC_034,2,11,VQL,Scatterplot,Comparação,CONFORMING,CONFORMING,CONFORMING,CONFORMING,PENDING_BB,DIAGNOSTIC_OK,NOT_APPLICABLE,NOT_APPLICABLE,NOT_APPLICABLE,NO_FAILURE_SO_FAR,PENDING_FINALIZATION,AUTO_FROZEN,0.91704,0.077528
SC_034_R03.png,SC,SC_034,3,11,VQL,Scatterplot,Comparação,CONFORMING,CONFORMING,CONFORMING,CONFORMING,PENDING_BB,DIAGNOSTIC_OK,NOT_APPLICABLE,NOT_APPLICABLE,NOT_APPLICABLE,NO_FAILURE_SO_FAR,PENDING_FINALIZATION,AUTO_FROZEN,0.91704,0.077528
SC_034_R04.png,SC,SC_034,4,11,VQL,Scatterplot,Comparação,CONFORMING,CONFORMING,CONFORMING,CONFORMING,PENDING_BB,DIAGNOSTIC_OK,NOT_APPLICABLE,NOT_APPLICABLE,NOT_APPLICABLE,NO_FAILURE_SO_FAR,PENDING_FINALIZATION,AUTO_FROZEN,0.91704,0.077528
SC_034_R05.png,SC,SC_034,5,11,VQL,Scatterplot,Comparação,CONFORMING,CONFORMING,CONFORMING,CONFORMING,PENDING_BB,DIAGNOSTIC_OK,NOT_APPLICABLE,NOT_APPLICABLE,NOT_APPLICABLE,NO_FAILURE_SO_FAR,PENDING_FINALIZATION,AUTO_FROZEN,0.91704,0.077528
SC_034_R06.png,SC,SC_034,6,11,VQL,Scatterplot,Comparação,CONFORMING,CONFORMING,CONFORMING,CONFORMING,PENDING_BB,DIAGNOSTIC_OK,NOT_APPLICABLE,NOT_APPLICABLE,NOT_APPLICABLE,NO_FAILURE_SO_FAR,PENDING_FINALIZATION,AUTO_FROZEN,0.91704,0.077528
SC_034_R07.png,SC,SC_034,7,11,VQL,Scatterplot,Comparação,CONFORMING,CONFORMING,CONFORMING,CONFORMING,PENDING_BB,DIAGNOSTIC_OK,NOT_APPLICABLE,NOT_APPLICABLE,NOT_APPLICABLE,NO_FAILURE_SO_FAR,PENDING_FINALIZATION,AUTO_FROZEN,0.91704,0.077528
SC_034_R08.png,SC,SC_034,8,11,VQL,Scatterplot,Comparação,CONFORMING,CONFORMING,CONFORMING,CONFORMING,PENDING_BB,DIAGNOSTIC_OK,NOT_APPLICABLE,NOT_APPLICABLE,NOT_APPLICABLE,NO_FAILURE_SO_FAR,PENDING_FINALIZATION,AUTO_FROZEN,0.91704,0.077528
SC_034_R09.png,SC,SC_034,9,11,VQL,Scatterplot,Comparação,CONFORMING,CONFORMING,CONFORMING,CONFORMING,PENDING_BB,DIAGNOSTIC_OK,NOT_APPLICABLE,NOT_APPLICABLE,NOT_APPLICABLE,NO_FAILURE_SO_FAR,PENDING_FINALIZATION,AUTO_FROZEN,0.91704,0.077528
SC_034_R10.png,SC,SC_034,10,11,VQL,Scatterplot,Comparação,CONFORMING,CONFORMING,CONFORMING,CONFORMING,PENDING_BB,DIAGNOSTIC_OK,NOT_APPLICABLE,NOT_APPLICABLE,NOT_APPLICABLE,NO_FAILURE_SO_FAR,PENDING_FINALIZATION,AUTO_FROZEN,0.91704,0.077528
SC_035_R01.png,SC,SC_035,1,12,VQL,Scatterplot,Comparação,CONFORMING,CONFORMING,CONFORMING,CONFORMING,PENDING_BB,DIAGNOSTIC_OK,NOT_APPLICABLE,NOT_APPLICABLE,NOT_APPLICABLE,NO_FAILURE_SO_FAR,PENDING_FINALIZATION,AUTO_FROZEN,0.713102,0.055195
SC_035_R02.png,SC,SC_035,2,12,VQL,Scatterplot,Comparação,CONFORMING,CONFORMING,CONFORMING,CONFORMING,PENDING_BB,DIAGNOSTIC_OK,NOT_APPLICABLE,NOT_APPLICABLE,NOT_APPLICABLE,NO_FAILURE_SO_FAR,PENDING_FINALIZATION,AUTO_FROZEN,0.916327,0.086165
SC_035_R03.png,SC,SC_035,3,12,VQL,Scatterplot,Comparação,CONFORMING,CONFORMING,CONFORMING,CONFORMING,PENDING_BB,DIAGNOSTIC_OK,NOT_APPLICABLE,NOT_APPLICABLE,NOT_APPLICABLE,NO_FAILURE_SO_FAR,PENDING_FINALIZATION,AUTO_FROZEN,0.916327,0.086165
SC_035_R04.png,SC,SC_035,4,12,VQL,Scatterplot,Comparação,CONFORMING,CONFORMING,CONFORMING,CONFORMING,PENDING_BB,DIAGNOSTIC_OK,NOT_APPLICABLE,NOT_APPLICABLE,NOT_APPLICABLE,NO_FAILURE_SO_FAR,PENDING_FINALIZATION,AUTO_FROZEN,0.916327,0.086165
SC_035_R05.png,SC,SC_035,5,12,VQL,Scatterplot,Comparação,CONFORMING,CONFORMING,CONFORMING,CONFORMING,PENDING_BB,DIAGNOSTIC_OK,NOT_APPLICABLE,NOT_APPLICABLE,NOT_APPLICABLE,NO_FAILURE_SO_FAR,PENDING_FINALIZATION,AUTO_FROZEN,0.916327,0.086165
SC_035_R06.png,SC,SC_035,6,12,VQL,Scatterplot,Comparação,CONFORMING,CONFORMING,CONFORMING,CONFORMING,PENDING_BB,DIAGNOSTIC_OK,NOT_APPLICABLE,NOT_APPLICABLE,NOT_APPLICABLE,NO_FAILURE_SO_FAR,PENDING_FINALIZATION,AUTO_FROZEN,0.916327,0.086165
SC_035_R07.png,SC,SC_035,7,12,VQL,Scatterplot,Comparação,CONFORMING,CONFORMING,CONFORMING,CONFORMING,PENDING_BB,DIAGNOSTIC_OK,NOT_APPLICABLE,NOT_APPLICABLE,NOT_APPLICABLE,NO_FAILURE_SO_FAR,PENDING_FINALIZATION,AUTO_FROZEN,0.916327,0.086165
SC_035_R08.png,SC,SC_035,8,12,VQL,Scatterplot,Comparação,CONFORMING,CONFORMING,CONFORMING,CONFORMING,PENDING_BB,DIAGNOSTIC_OK,NOT_APPLICABLE,NOT_APPLICABLE,NOT_APPLICABLE,NO_FAILURE_SO_FAR,PENDING_FINALIZATION,AUTO_FROZEN,0.916327,0.086165
SC_035_R09.png,SC,SC_035,9,12,VQL,Scatterplot,Comparação,CONFORMING,CONFORMING,CONFORMING,CONFORMING,PENDING_BB,DIAGNOSTIC_OK,NOT_APPLICABLE,NOT_APPLICABLE,NOT_APPLICABLE,NO_FAILURE_SO_FAR,PENDING_FINALIZATION,AUTO_FROZEN,0.916327,0.086165
SC_035_R10.png,SC,SC_035,10,12,VQL,Scatterplot,Comparação,CONFORMING,CONFORMING,CONFORMING,CONFORMING,PENDING_BB,DIAGNOSTIC_OK,NOT_APPLICABLE,NOT_APPLICABLE,NOT_APPLICABLE,NO_FAILURE_SO_FAR,PENDING_FINALIZATION,AUTO_FROZEN,0.916327,0.086165
SC_036_R01.png,SC,SC_036,1,13,VQL,Scatterplot,Comparação,CONFORMING,CONFORMING,NONCONFORMING,CONFORMING,PENDING_BB,DIAGNOSTIC_OK,CONFORMING,CONFORMING,NOT_APPLICABLE,NONCONFORMING,NONCONFORMING,AUTO_FROZEN,0.980825,0.056095
SC_036_R02.png,SC,SC_036,2,13,VQL,Scatterplot,Comparação,CONFORMING,CONFORMING,CONFORMING,CONFORMING,PENDING_BB,DIAGNOSTIC_OK,CONFORMING,CONFORMING,NOT_APPLICABLE,NO_FAILURE_SO_FAR,PENDING_FINALIZATION,AUTO_FROZEN,0.995343,0.086165
SC_036_R03.png,SC,SC_036,3,13,VQL,Scatterplot,Comparação,CONFORMING,CONFORMING,CONFORMING,CONFORMING,PENDING_BB,DIAGNOSTIC_OK,CONFORMING,CONFORMING,NOT_APPLICABLE,NO_FAILURE_SO_FAR,PENDING_FINALIZATION,AUTO_FROZEN,0.995343,0.086165
SC_036_R04.png,SC,SC_036,4,13,VQL,Scatterplot,Comparação,CONFORMING,CONFORMING,CONFORMING,CONFORMING,PENDING_BB,DIAGNOSTIC_OK,CONFORMING,CONFORMING,NOT_APPLICABLE,NO_FAILURE_SO_FAR,PENDING_FINALIZATION,AUTO_FROZEN,0.995343,0.086165
SC_036_R05.png,SC,SC_036,5,13,VQL,Scatterplot,Comparação,CONFORMING,CONFORMING,CONFORMING,CONFORMING,PENDING_BB,DIAGNOSTIC_OK,CONFORMING,CONFORMING,NOT_APPLICABLE,NO_FAILURE_SO_FAR,PENDING_FINALIZATION,AUTO_FROZEN,0.995343,0.086165
SC_036_R06.png,SC,SC_036,6,13,VQL,Scatterplot,Comparação,CONFORMING,CONFORMING,CONFORMING,CONFORMING,PENDING_BB,DIAGNOSTIC_OK,CONFORMING,CONFORMING,NOT_APPLICABLE,NO_FAILURE_SO_FAR,PENDING_FINALIZATION,AUTO_FROZEN,0.995343,0.086165
SC_036_R07.png,SC,SC_036,7,13,VQL,Scatterplot,Comparação,CONFORMING,CONFORMING,CONFORMING,CONFORMING,PENDING_BB,DIAGNOSTIC_OK,CONFORMING,CONFORMING,NOT_APPLICABLE,NO_FAILURE_SO_FAR,PENDING_FINALIZATION,AUTO_FROZEN,0.995343,0.086165
SC_036_R08.png,SC,SC_036,8,13,VQL,Scatterplot,Comparação,CONFORMING,CONFORMING,CONFORMING,CONFORMING,PENDING_BB,DIAGNOSTIC_OK,CONFORMING,CONFORMING,NOT_APPLICABLE,NO_FAILURE_SO_FAR,PENDING_FINALIZATION,AUTO_FROZEN,0.995343,0.086165
SC_036_R09.png,SC,SC_036,9,13,VQL,Scatterplot,Comparação,CONFORMING,CONFORMING,CONFORMING,CONFORMING,PENDING_BB,DIAGNOSTIC_OK,CONFORMING,CONFORMING,NOT_APPLICABLE,NO_FAILURE_SO_FAR,PENDING_FINALIZATION,AUTO_FROZEN,0.995343,0.086165
SC_036_R10.png,SC,SC_036,10,13,VQL,Scatterplot,Comparação,CONFORMING,CONFORMING,CONFORMING,CONFORMING,PENDING_BB,DIAGNOSTIC_OK,CONFORMING,CONFORMING,NOT_APPLICABLE,NO_FAILURE_SO_FAR,PENDING_FINALIZATION,AUTO_FROZEN,0.995343,0.086165
SC_037_R01.png,SC,SC_037,1,14,VQL,Scatterplot,Comparação,CONFORMING,CONFORMING,CONFORMING,CONFORMING,PENDING_BB,DIAGNOSTIC_OK,NOT_APPLICABLE,NOT_APPLICABLE,NOT_APPLICABLE,NO_FAILURE_SO_FAR,PENDING_FINALIZATION,AUTO_FROZEN,0.996019,0.073589
SC_037_R02.png,SC,SC_037,2,14,VQL,Scatterplot,Comparação,CONFORMING,CONFORMING,CONFORMING,CONFORMING,PENDING_BB,DIAGNOSTIC_OK,NOT_APPLICABLE,NOT_APPLICABLE,NOT_APPLICABLE,NO_FAILURE_SO_FAR,PENDING_FINALIZATION,AUTO_FROZEN,0.995343,0.086165
SC_037_R03.png,SC,SC_037,3,14,VQL,Scatterplot,Comparação,CONFORMING,CONFORMING,CONFORMING,CONFORMING,PENDING_BB,DIAGNOSTIC_OK,NOT_APPLICABLE,NOT_APPLICABLE,NOT_APPLICABLE,NO_FAILURE_SO_FAR,PENDING_FINALIZATION,AUTO_FROZEN,0.995343,0.086165
SC_037_R04.png,SC,SC_037,4,14,VQL,Scatterplot,Comparação,CONFORMING,CONFORMING,CONFORMING,CONFORMING,PENDING_BB,DIAGNOSTIC_OK,NOT_APPLICABLE,NOT_APPLICABLE,NOT_APPLICABLE,NO_FAILURE_SO_FAR,PENDING_FINALIZATION,AUTO_FROZEN,0.995343,0.086165
SC_037_R05.png,SC,SC_037,5,14,VQL,Scatterplot,Comparação,CONFORMING,CONFORMING,CONFORMING,CONFORMING,PENDING_BB,DIAGNOSTIC_OK,NOT_APPLICABLE,NOT_APPLICABLE,NOT_APPLICABLE,NO_FAILURE_SO_FAR,PENDING_FINALIZATION,AUTO_FROZEN,0.995343,0.086165
SC_037_R06.png,SC,SC_037,6,14,VQL,Scatterplot,Comparação,CONFORMING,CONFORMING,CONFORMING,CONFORMING,PENDING_BB,DIAGNOSTIC_OK,NOT_APPLICABLE,NOT_APPLICABLE,NOT_APPLICABLE,NO_FAILURE_SO_FAR,PENDING_FINALIZATION,AUTO_FROZEN,0.995343,0.086165
SC_037_R07.png,SC,SC_037,7,14,VQL,Scatterplot,Comparação,CONFORMING,CONFORMING,CONFORMING,CONFORMING,PENDING_BB,DIAGNOSTIC_OK,NOT_APPLICABLE,NOT_APPLICABLE,NOT_APPLICABLE,NO_FAILURE_SO_FAR,PENDING_FINALIZATION,AUTO_FROZEN,0.995343,0.086165
SC_037_R08.png,SC,SC_037,8,14,VQL,Scatterplot,Comparação,CONFORMING,CONFORMING,CONFORMING,CONFORMING,PENDING_BB,DIAGNOSTIC_OK,NOT_APPLICABLE,NOT_APPLICABLE,NOT_APPLICABLE,NO_FAILURE_SO_FAR,PENDING_FINALIZATION,AUTO_FROZEN,0.995343,0.086165
SC_037_R09.png,SC,SC_037,9,14,VQL,Scatterplot,Comparação,CONFORMING,CONFORMING,CONFORMING,CONFORMING,PENDING_BB,DIAGNOSTIC_OK,NOT_APPLICABLE,NOT_APPLICABLE,NOT_APPLICABLE,NO_FAILURE_SO_FAR,PENDING_FINALIZATION,AUTO_FROZEN,0.995343,0.086165
SC_037_R10.png,SC,SC_037,10,14,VQL,Scatterplot,Comparação,CONFORMING,CONFORMING,CONFORMING,CONFORMING,PENDING_BB,DIAGNOSTIC_OK,NOT_APPLICABLE,NOT_APPLICABLE,NOT_APPLICABLE,NO_FAILURE_SO_FAR,PENDING_FINALIZATION,AUTO_FROZEN,0.995343,0.086165
SC_038_R01.png,SC,SC_038,1,15,VQL,Scatterplot,Comparação,CONFORMING,CONFORMING,CONFORMING,CONFORMING,PENDING_BB,DIAGNOSTIC_OK,NOT_APPLICABLE,NOT_APPLICABLE,NOT_APPLICABLE,NO_FAILURE_SO_FAR,PENDING_FINALIZATION,AUTO_FROZEN,0.917159,0.078937
SC_038_R02.png,SC,SC_038,2,15,VQL,Scatterplot,Comparação,CONFORMING,CONFORMING,CONFORMING,CONFORMING,PENDING_BB,DIAGNOSTIC_OK,NOT_APPLICABLE,NOT_APPLICABLE,NOT_APPLICABLE,NO_FAILURE_SO_FAR,PENDING_FINALIZATION,AUTO_FROZEN,0.995833,0.082187
SC_038_R03.png,SC,SC_038,3,15,VQL,Scatterplot,Comparação,CONFORMING,CONFORMING,CONFORMING,CONFORMING,PENDING_BB,DIAGNOSTIC_OK,NOT_APPLICABLE,NOT_APPLICABLE,NOT_APPLICABLE,NO_FAILURE_SO_FAR,PENDING_FINALIZATION,AUTO_FROZEN,0.995833,0.082187
SC_038_R04.png,SC,SC_038,4,15,VQL,Scatterplot,Comparação,CONFORMING,CONFORMING,CONFORMING,CONFORMING,PENDING_BB,DIAGNOSTIC_OK,NOT_APPLICABLE,NOT_APPLICABLE,NOT_APPLICABLE,NO_FAILURE_SO_FAR,PENDING_FINALIZATION,AUTO_FROZEN,0.995833,0.082187
SC_038_R05.png,SC,SC_038,5,15,VQL,Scatterplot,Comparação,CONFORMING,CONFORMING,CONFORMING,CONFORMING,PENDING_BB,DIAGNOSTIC_OK,NOT_APPLICABLE,NOT_APPLICABLE,NOT_APPLICABLE,NO_FAILURE_SO_FAR,PENDING_FINALIZATION,AUTO_FROZEN,0.916327,0.086165
SC_038_R06.png,SC,SC_038,6,15,VQL,Scatterplot,Comparação,CONFORMING,CONFORMING,CONFORMING,CONFORMING,PENDING_BB,DIAGNOSTIC_OK,NOT_APPLICABLE,NOT_APPLICABLE,NOT_APPLICABLE,NO_FAILURE_SO_FAR,PENDING_FINALIZATION,AUTO_FROZEN,0.916327,0.086165
SC_038_R07.png,SC,SC_038,7,15,VQL,Scatterplot,Comparação,CONFORMING,CONFORMING,CONFORMING,CONFORMING,PENDING_BB,DIAGNOSTIC_OK,NOT_APPLICABLE,NOT_APPLICABLE,NOT_APPLICABLE,NO_FAILURE_SO_FAR,PENDING_FINALIZATION,AUTO_FROZEN,0.916327,0.086165
SC_038_R08.png,SC,SC_038,8,15,VQL,Scatterplot,Comparação,CONFORMING,CONFORMING,CONFORMING,CONFORMING,PENDING_BB,DIAGNOSTIC_OK,NOT_APPLICABLE,NOT_APPLICABLE,NOT_APPLICABLE,NO_FAILURE_SO_FAR,PENDING_FINALIZATION,AUTO_FROZEN,0.916327,0.086165
SC_038_R09.png,SC,SC_038,9,15,VQL,Scatterplot,Comparação,CONFORMING,CONFORMING,CONFORMING,CONFORMING,PENDING_BB,DIAGNOSTIC_OK,NOT_APPLICABLE,NOT_APPLICABLE,NOT_APPLICABLE,NO_FAILURE_SO_FAR,PENDING_FINALIZATION,AUTO_FROZEN,0.995833,0.082187
SC_038_R10.png,SC,SC_038,10,15,VQL,Scatterplot,Comparação,CONFORMING,CONFORMING,CONFORMING,CONFORMING,PENDING_BB,DIAGNOSTIC_OK,NOT_APPLICABLE,NOT_APPLICABLE,NOT_APPLICABLE,NO_FAILURE_SO_FAR,PENDING_FINALIZATION,AUTO_FROZEN,0.995833,0.082187
SC_039_R01.png,SC,SC_039,1,16,VQL,Scatterplot,Comparação,CONFORMING,CONFORMING,CONFORMING,CONFORMING,PENDING_BB,DIAGNOSTIC_OK,NOT_APPLICABLE,NOT_APPLICABLE,NOT_APPLICABLE,NO_FAILURE_SO_FAR,PENDING_FINALIZATION,AUTO_FROZEN,0.914193,0.056095
SC_039_R02.png,SC,SC_039,2,16,VQL,Scatterplot,Comparação,CONFORMING,CONFORMING,CONFORMING,CONFORMING,PENDING_BB,DIAGNOSTIC_OK,NOT_APPLICABLE,NOT_APPLICABLE,NOT_APPLICABLE,NO_FAILURE_SO_FAR,PENDING_FINALIZATION,AUTO_FROZEN,0.980546,0.056095
SC_039_R03.png,SC,SC_039,3,16,VQL,Scatterplot,Comparação,CONFORMING,CONFORMING,CONFORMING,CONFORMING,PENDING_BB,DIAGNOSTIC_OK,NOT_APPLICABLE,NOT_APPLICABLE,NOT_APPLICABLE,NO_FAILURE_SO_FAR,PENDING_FINALIZATION,AUTO_FROZEN,0.980546,0.056095
SC_039_R04.png,SC,SC_039,4,16,VQL,Scatterplot,Comparação,CONFORMING,CONFORMING,CONFORMING,CONFORMING,PENDING_BB,DIAGNOSTIC_OK,NOT_APPLICABLE,NOT_APPLICABLE,NOT_APPLICABLE,NO_FAILURE_SO_FAR,PENDING_FINALIZATION,AUTO_FROZEN,0.980546,0.056095
SC_039_R05.png,SC,SC_039,5,16,VQL,Scatterplot,Comparação,CONFORMING,CONFORMING,CONFORMING,CONFORMING,PENDING_BB,DIAGNOSTIC_OK,NOT_APPLICABLE,NOT_APPLICABLE,NOT_APPLICABLE,NO_FAILURE_SO_FAR,PENDING_FINALIZATION,AUTO_FROZEN,0.914701,0.057083
SC_039_R06.png,SC,SC_039,6,16,VQL,Scatterplot,Comparação,CONFORMING,CONFORMING,CONFORMING,CONFORMING,PENDING_BB,DIAGNOSTIC_OK,NOT_APPLICABLE,NOT_APPLICABLE,NOT_APPLICABLE,NO_FAILURE_SO_FAR,PENDING_FINALIZATION,AUTO_FROZEN,0.914701,0.057083
SC_039_R07.png,SC,SC_039,7,16,VQL,Scatterplot,Comparação,CONFORMING,CONFORMING,CONFORMING,CONFORMING,PENDING_BB,DIAGNOSTIC_OK,NOT_APPLICABLE,NOT_APPLICABLE,NOT_APPLICABLE,NO_FAILURE_SO_FAR,PENDING_FINALIZATION,AUTO_FROZEN,0.914701,0.057083
SC_039_R08.png,SC,SC_039,8,16,VQL,Scatterplot,Comparação,CONFORMING,CONFORMING,CONFORMING,CONFORMING,PENDING_BB,DIAGNOSTIC_OK,NOT_APPLICABLE,NOT_APPLICABLE,NOT_APPLICABLE,NO_FAILURE_SO_FAR,PENDING_FINALIZATION,AUTO_FROZEN,0.916327,0.086165
SC_039_R09.png,SC,SC_039,9,16,VQL,Scatterplot,Comparação,CONFORMING,CONFORMING,CONFORMING,CONFORMING,PENDING_BB,DIAGNOSTIC_OK,NOT_APPLICABLE,NOT_APPLICABLE,NOT_APPLICABLE,NO_FAILURE_SO_FAR,PENDING_FINALIZATION,AUTO_FROZEN,0.980546,0.056095
SC_039_R10.png,SC,SC_039,10,16,VQL,Scatterplot,Comparação,CONFORMING,CONFORMING,CONFORMING,CONFORMING,PENDING_BB,DIAGNOSTIC_OK,NOT_APPLICABLE,NOT_APPLICABLE,NOT_APPLICABLE,NO_FAILURE_SO_FAR,PENDING_FINALIZATION,AUTO_FROZEN,0.980546,0.056095
SC_040_R01.png,SC,SC_040,1,1,ZERO-SHOT,Scatterplot,Comparação,CONFORMING,CONFORMING,CONFORMING,CONFORMING,PENDING_BB,DIAGNOSTIC_OK,NOT_APPLICABLE,NOT_APPLICABLE,NOT_APPLICABLE,NO_FAILURE_SO_FAR,PENDING_FINALIZATION,AUTO_FROZEN,0.994754,0.055899
SC_040_R02.png,SC,SC_040,2,1,ZERO-SHOT,Scatterplot,Comparação,CONFORMING,CONFORMING,CONFORMING,CONFORMING,PENDING_BB,DIAGNOSTIC_OK,NOT_APPLICABLE,NOT_APPLICABLE,NOT_APPLICABLE,NO_FAILURE_SO_FAR,PENDING_FINALIZATION,AUTO_FROZEN,0.993168,0.003125
SC_040_R03.png,SC,SC_040,3,1,ZERO-SHOT,Scatterplot,Comparação,CONFORMING,CONFORMING,CONFORMING,CONFORMING,PENDING_BB,DIAGNOSTIC_OK,NOT_APPLICABLE,NOT_APPLICABLE,NOT_APPLICABLE,NO_FAILURE_SO_FAR,PENDING_FINALIZATION,AUTO_FROZEN,0.993168,0.003125
SC_040_R04.png,SC,SC_040,4,1,ZERO-SHOT,Scatterplot,Comparação,CONFORMING,CONFORMING,CONFORMING,CONFORMING,PENDING_BB,DIAGNOSTIC_OK,NOT_APPLICABLE,NOT_APPLICABLE,NOT_APPLICABLE,NO_FAILURE_SO_FAR,PENDING_FINALIZATION,AUTO_FROZEN,0.993168,0.003125
SC_040_R05.png,SC,SC_040,5,1,ZERO-SHOT,Scatterplot,Comparação,CONFORMING,CONFORMING,CONFORMING,CONFORMING,PENDING_BB,DIAGNOSTIC_OK,NOT_APPLICABLE,NOT_APPLICABLE,NOT_APPLICABLE,NO_FAILURE_SO_FAR,PENDING_FINALIZATION,AUTO_FROZEN,0.993168,0.003125
SC_040_R06.png,SC,SC_040,6,1,ZERO-SHOT,Scatterplot,Comparação,CONFORMING,CONFORMING,CONFORMING,CONFORMING,PENDING_BB,DIAGNOSTIC_OK,NOT_APPLICABLE,NOT_APPLICABLE,NOT_APPLICABLE,NO_FAILURE_SO_FAR,PENDING_FINALIZATION,AUTO_FROZEN,0.976774,0.053438
SC_040_R07.png,SC,SC_040,7,1,ZERO-SHOT,Scatterplot,Comparação,CONFORMING,CONFORMING,CONFORMING,CONFORMING,PENDING_BB,DIAGNOSTIC_OK,NOT_APPLICABLE,NOT_APPLICABLE,NOT_APPLICABLE,NO_FAILURE_SO_FAR,PENDING_FINALIZATION,AUTO_FROZEN,0.976774,0.053438
SC_040_R08.png,SC,SC_040,8,1,ZERO-SHOT,Scatterplot,Comparação,CONFORMING,CONFORMING,CONFORMING,CONFORMING,PENDING_BB,DIAGNOSTIC_OK,NOT_APPLICABLE,NOT_APPLICABLE,NOT_APPLICABLE,NO_FAILURE_SO_FAR,PENDING_FINALIZATION,AUTO_FROZEN,0.976774,0.053438
SC_040_R09.png,SC,SC_040,9,1,ZERO-SHOT,Scatterplot,Comparação,CONFORMING,CONFORMING,CONFORMING,CONFORMING,PENDING_BB,DIAGNOSTIC_OK,NOT_APPLICABLE,NOT_APPLICABLE,NOT_APPLICABLE,NO_FAILURE_SO_FAR,PENDING_FINALIZATION,AUTO_FROZEN,0.976774,0.053438
SC_040_R10.png,SC,SC_040,10,1,ZERO-SHOT,Scatterplot,Comparação,CONFORMING,CONFORMING,CONFORMING,CONFORMING,PENDING_BB,DIAGNOSTIC_OK,NOT_APPLICABLE,NOT_APPLICABLE,NOT_APPLICABLE,NO_FAILURE_SO_FAR,PENDING_FINALIZATION,AUTO_FROZEN,0.976774,0.053438
SC_041_R01.png,SC,SC_041,1,4,ZERO-SHOT,Scatterplot,Comparação,CONFORMING,CONFORMING,CONFORMING,CONFORMING,PENDING_BB,DIAGNOSTIC_OK,NOT_APPLICABLE,NOT_APPLICABLE,NOT_APPLICABLE,NO_FAILURE_SO_FAR,PENDING_FINALIZATION,AUTO_FROZEN,0.914193,0.056095
SC_041_R02.png,SC,SC_041,2,4,ZERO-SHOT,Scatterplot,Comparação,CONFORMING,CONFORMING,CONFORMING,CONFORMING,PENDING_BB,DIAGNOSTIC_OK,NOT_APPLICABLE,NOT_APPLICABLE,NOT_APPLICABLE,NO_FAILURE_SO_FAR,PENDING_FINALIZATION,AUTO_FROZEN,0.914582,0.057396
SC_041_R03.png,SC,SC_041,3,4,ZERO-SHOT,Scatterplot,Comparação,CONFORMING,CONFORMING,CONFORMING,CONFORMING,PENDING_BB,DIAGNOSTIC_OK,NOT_APPLICABLE,NOT_APPLICABLE,NOT_APPLICABLE,NO_FAILURE_SO_FAR,PENDING_FINALIZATION,AUTO_FROZEN,0.914582,0.057396
SC_041_R04.png,SC,SC_041,4,4,ZERO-SHOT,Scatterplot,Comparação,CONFORMING,CONFORMING,CONFORMING,CONFORMING,PENDING_BB,DIAGNOSTIC_OK,NOT_APPLICABLE,NOT_APPLICABLE,NOT_APPLICABLE,NO_FAILURE_SO_FAR,PENDING_FINALIZATION,AUTO_FROZEN,0.914582,0.057396
SC_041_R05.png,SC,SC_041,5,4,ZERO-SHOT,Scatterplot,Comparação,CONFORMING,CONFORMING,CONFORMING,CONFORMING,PENDING_BB,DIAGNOSTIC_OK,NOT_APPLICABLE,NOT_APPLICABLE,NOT_APPLICABLE,NO_FAILURE_SO_FAR,PENDING_FINALIZATION,AUTO_FROZEN,0.914582,0.057396
SC_041_R06.png,SC,SC_041,6,4,ZERO-SHOT,Scatterplot,Comparação,CONFORMING,CONFORMING,CONFORMING,CONFORMING,PENDING_BB,DIAGNOSTIC_OK,NOT_APPLICABLE,NOT_APPLICABLE,NOT_APPLICABLE,NO_FAILURE_SO_FAR,PENDING_FINALIZATION,AUTO_FROZEN,0.914582,0.057396
SC_041_R07.png,SC,SC_041,7,4,ZERO-SHOT,Scatterplot,Comparação,CONFORMING,CONFORMING,CONFORMING,CONFORMING,PENDING_BB,DIAGNOSTIC_OK,NOT_APPLICABLE,NOT_APPLICABLE,NOT_APPLICABLE,NO_FAILURE_SO_FAR,PENDING_FINALIZATION,AUTO_FROZEN,0.914582,0.057396
SC_041_R08.png,SC,SC_041,8,4,ZERO-SHOT,Scatterplot,Comparação,CONFORMING,CONFORMING,CONFORMING,CONFORMING,PENDING_BB,DIAGNOSTIC_OK,NOT_APPLICABLE,NOT_APPLICABLE,NOT_APPLICABLE,NO_FAILURE_SO_FAR,PENDING_FINALIZATION,AUTO_FROZEN,0.914582,0.057396
SC_041_R09.png,SC,SC_041,9,4,ZERO-SHOT,Scatterplot,Comparação,CONFORMING,CONFORMING,CONFORMING,CONFORMING,PENDING_BB,DIAGNOSTIC_OK,NOT_APPLICABLE,NOT_APPLICABLE,NOT_APPLICABLE,NO_FAILURE_SO_FAR,PENDING_FINALIZATION,AUTO_FROZEN,0.914582,0.057396
SC_041_R10.png,SC,SC_041,10,4,ZERO-SHOT,Scatterplot,Comparação,CONFORMING,CONFORMING,CONFORMING,CONFORMING,PENDING_BB,DIAGNOSTIC_OK,NOT_APPLICABLE,NOT_APPLICABLE,NOT_APPLICABLE,NO_FAILURE_SO_FAR,PENDING_FINALIZATION,AUTO_FROZEN,0.914582,0.057396
SC_042_R01.png,SC,SC_042,1,6,ZERO-SHOT,Scatterplot,Comparação,CONFORMING,CONFORMING,CONFORMING,CONFORMING,PENDING_BB,DIAGNOSTIC_OK,NOT_APPLICABLE,NOT_APPLICABLE,NOT_APPLICABLE,NO_FAILURE_SO_FAR,PENDING_FINALIZATION,AUTO_FROZEN,0.917254,0.080377
SC_042_R02.png,SC,SC_042,2,6,ZERO-SHOT,Scatterplot,Comparação,CONFORMING,CONFORMING,CONFORMING,CONFORMING,PENDING_BB,DIAGNOSTIC_OK,NOT_APPLICABLE,NOT_APPLICABLE,NOT_APPLICABLE,NO_FAILURE_SO_FAR,PENDING_FINALIZATION,AUTO_FROZEN,0.916327,0.086585
SC_042_R03.png,SC,SC_042,3,6,ZERO-SHOT,Scatterplot,Comparação,CONFORMING,CONFORMING,CONFORMING,CONFORMING,PENDING_BB,DIAGNOSTIC_OK,NOT_APPLICABLE,NOT_APPLICABLE,NOT_APPLICABLE,NO_FAILURE_SO_FAR,PENDING_FINALIZATION,AUTO_FROZEN,0.916327,0.086585
SC_042_R04.png,SC,SC_042,4,6,ZERO-SHOT,Scatterplot,Comparação,CONFORMING,CONFORMING,CONFORMING,CONFORMING,PENDING_BB,DIAGNOSTIC_OK,NOT_APPLICABLE,NOT_APPLICABLE,NOT_APPLICABLE,NO_FAILURE_SO_FAR,PENDING_FINALIZATION,AUTO_FROZEN,0.916327,0.086585
SC_042_R05.png,SC,SC_042,5,6,ZERO-SHOT,Scatterplot,Comparação,CONFORMING,CONFORMING,CONFORMING,CONFORMING,PENDING_BB,DIAGNOSTIC_OK,NOT_APPLICABLE,NOT_APPLICABLE,NOT_APPLICABLE,NO_FAILURE_SO_FAR,PENDING_FINALIZATION,AUTO_FROZEN,0.916327,0.086585
SC_042_R06.png,SC,SC_042,6,6,ZERO-SHOT,Scatterplot,Comparação,CONFORMING,CONFORMING,CONFORMING,CONFORMING,PENDING_BB,DIAGNOSTIC_OK,NOT_APPLICABLE,NOT_APPLICABLE,NOT_APPLICABLE,NO_FAILURE_SO_FAR,PENDING_FINALIZATION,AUTO_FROZEN,0.916327,0.086585
SC_042_R07.png,SC,SC_042,7,6,ZERO-SHOT,Scatterplot,Comparação,CONFORMING,CONFORMING,CONFORMING,CONFORMING,PENDING_BB,DIAGNOSTIC_OK,NOT_APPLICABLE,NOT_APPLICABLE,NOT_APPLICABLE,NO_FAILURE_SO_FAR,PENDING_FINALIZATION,AUTO_FROZEN,0.916327,0.086585
SC_042_R08.png,SC,SC_042,8,6,ZERO-SHOT,Scatterplot,Comparação,CONFORMING,CONFORMING,CONFORMING,CONFORMING,PENDING_BB,DIAGNOSTIC_OK,NOT_APPLICABLE,NOT_APPLICABLE,NOT_APPLICABLE,NO_FAILURE_SO_FAR,PENDING_FINALIZATION,AUTO_FROZEN,0.914582,0.057396
SC_042_R09.png,SC,SC_042,9,6,ZERO-SHOT,Scatterplot,Comparação,CONFORMING,CONFORMING,CONFORMING,CONFORMING,PENDING_BB,DIAGNOSTIC_OK,NOT_APPLICABLE,NOT_APPLICABLE,NOT_APPLICABLE,NO_FAILURE_SO_FAR,PENDING_FINALIZATION,AUTO_FROZEN,0.914582,0.057396
SC_042_R10.png,SC,SC_042,10,6,ZERO-SHOT,Scatterplot,Comparação,CONFORMING,CONFORMING,CONFORMING,CONFORMING,PENDING_BB,DIAGNOSTIC_OK,NOT_APPLICABLE,NOT_APPLICABLE,NOT_APPLICABLE,NO_FAILURE_SO_FAR,PENDING_FINALIZATION,AUTO_FROZEN,0.914582,0.057396
SC_043_R01.png,SC,SC_043,1,7,ZERO-SHOT,Scatterplot,Comparação,CONFORMING,CONFORMING,CONFORMING,CONFORMING,PENDING_BB,DIAGNOSTIC_OK,NOT_APPLICABLE,NOT_APPLICABLE,NOT_APPLICABLE,NO_FAILURE_SO_FAR,PENDING_FINALIZATION,AUTO_FROZEN,0.917051,0.077691
SC_043_R02.png,SC,SC_043,2,7,ZERO-SHOT,Scatterplot,Comparação,CONFORMING,CONFORMING,CONFORMING,CONFORMING,PENDING_BB,DIAGNOSTIC_OK,NOT_APPLICABLE,NOT_APPLICABLE,NOT_APPLICABLE,NO_FAILURE_SO_FAR,PENDING_FINALIZATION,AUTO_FROZEN,0.916327,0.086585
SC_043_R03.png,SC,SC_043,3,7,ZERO-SHOT,Scatterplot,Comparação,CONFORMING,CONFORMING,CONFORMING,CONFORMING,PENDING_BB,DIAGNOSTIC_OK,NOT_APPLICABLE,NOT_APPLICABLE,NOT_APPLICABLE,NO_FAILURE_SO_FAR,PENDING_FINALIZATION,AUTO_FROZEN,0.916327,0.086585
SC_043_R04.png,SC,SC_043,4,7,ZERO-SHOT,Scatterplot,Comparação,CONFORMING,CONFORMING,CONFORMING,CONFORMING,PENDING_BB,DIAGNOSTIC_OK,NOT_APPLICABLE,NOT_APPLICABLE,NOT_APPLICABLE,NO_FAILURE_SO_FAR,PENDING_FINALIZATION,AUTO_FROZEN,0.916327,0.086585
SC_043_R05.png,SC,SC_043,5,7,ZERO-SHOT,Scatterplot,Comparação,CONFORMING,CONFORMING,CONFORMING,CONFORMING,PENDING_BB,DIAGNOSTIC_OK,NOT_APPLICABLE,NOT_APPLICABLE,NOT_APPLICABLE,NO_FAILURE_SO_FAR,PENDING_FINALIZATION,AUTO_FROZEN,0.916327,0.086585
SC_043_R06.png,SC,SC_043,6,7,ZERO-SHOT,Scatterplot,Comparação,CONFORMING,CONFORMING,CONFORMING,CONFORMING,PENDING_BB,DIAGNOSTIC_OK,NOT_APPLICABLE,NOT_APPLICABLE,NOT_APPLICABLE,NO_FAILURE_SO_FAR,PENDING_FINALIZATION,AUTO_FROZEN,0.846337,0.077152
SC_043_R07.png,SC,SC_043,7,7,ZERO-SHOT,Scatterplot,Comparação,CONFORMING,CONFORMING,CONFORMING,CONFORMING,PENDING_BB,DIAGNOSTIC_OK,NOT_APPLICABLE,NOT_APPLICABLE,NOT_APPLICABLE,NO_FAILURE_SO_FAR,PENDING_FINALIZATION,AUTO_FROZEN,0.916327,0.086585
SC_043_R08.png,SC,SC_043,8,7,ZERO-SHOT,Scatterplot,Comparação,CONFORMING,CONFORMING,CONFORMING,CONFORMING,PENDING_BB,DIAGNOSTIC_OK,NOT_APPLICABLE,NOT_APPLICABLE,NOT_APPLICABLE,NO_FAILURE_SO_FAR,PENDING_FINALIZATION,AUTO_FROZEN,0.846337,0.077152
SC_043_R09.png,SC,SC_043,9,7,ZERO-SHOT,Scatterplot,Comparação,CONFORMING,CONFORMING,CONFORMING,CONFORMING,PENDING_BB,DIAGNOSTIC_OK,NOT_APPLICABLE,NOT_APPLICABLE,NOT_APPLICABLE,NO_FAILURE_SO_FAR,PENDING_FINALIZATION,AUTO_FROZEN,0.846337,0.077152
SC_043_R10.png,SC,SC_043,10,7,ZERO-SHOT,Scatterplot,Comparação,CONFORMING,CONFORMING,CONFORMING,CONFORMING,PENDING_BB,DIAGNOSTIC_OK,NOT_APPLICABLE,NOT_APPLICABLE,NOT_APPLICABLE,NO_FAILURE_SO_FAR,PENDING_FINALIZATION,AUTO_FROZEN,0.846337,0.077152
SC_044_R01.png,SC,SC_044,1,8,ZERO-SHOT,Scatterplot,Comparação,CONFORMING,CONFORMING,CONFORMING,CONFORMING,PENDING_BB,DIAGNOSTIC_OK,NOT_APPLICABLE,NOT_APPLICABLE,NOT_APPLICABLE,NO_FAILURE_SO_FAR,PENDING_FINALIZATION,AUTO_FROZEN,0.914193,0.056095
SC_044_R02.png,SC,SC_044,2,8,ZERO-SHOT,Scatterplot,Comparação,CONFORMING,CONFORMING,CONFORMING,CONFORMING,PENDING_BB,DIAGNOSTIC_OK,NOT_APPLICABLE,NOT_APPLICABLE,NOT_APPLICABLE,NO_FAILURE_SO_FAR,PENDING_FINALIZATION,AUTO_FROZEN,0.916718,0.080147
SC_044_R03.png,SC,SC_044,3,8,ZERO-SHOT,Scatterplot,Comparação,CONFORMING,CONFORMING,CONFORMING,CONFORMING,PENDING_BB,DIAGNOSTIC_OK,NOT_APPLICABLE,NOT_APPLICABLE,NOT_APPLICABLE,NO_FAILURE_SO_FAR,PENDING_FINALIZATION,AUTO_FROZEN,0.916718,0.080147
SC_044_R04.png,SC,SC_044,4,8,ZERO-SHOT,Scatterplot,Comparação,CONFORMING,CONFORMING,CONFORMING,CONFORMING,PENDING_BB,DIAGNOSTIC_OK,NOT_APPLICABLE,NOT_APPLICABLE,NOT_APPLICABLE,NO_FAILURE_SO_FAR,PENDING_FINALIZATION,AUTO_FROZEN,0.916718,0.080147
SC_044_R05.png,SC,SC_044,5,8,ZERO-SHOT,Scatterplot,Comparação,CONFORMING,CONFORMING,CONFORMING,CONFORMING,PENDING_BB,DIAGNOSTIC_OK,NOT_APPLICABLE,NOT_APPLICABLE,NOT_APPLICABLE,NO_FAILURE_SO_FAR,PENDING_FINALIZATION,AUTO_FROZEN,0.916718,0.080147
SC_044_R06.png,SC,SC_044,6,8,ZERO-SHOT,Scatterplot,Comparação,CONFORMING,CONFORMING,CONFORMING,CONFORMING,PENDING_BB,DIAGNOSTIC_OK,NOT_APPLICABLE,NOT_APPLICABLE,NOT_APPLICABLE,NO_FAILURE_SO_FAR,PENDING_FINALIZATION,AUTO_FROZEN,0.916718,0.080147
SC_044_R07.png,SC,SC_044,7,8,ZERO-SHOT,Scatterplot,Comparação,CONFORMING,CONFORMING,CONFORMING,CONFORMING,PENDING_BB,DIAGNOSTIC_OK,NOT_APPLICABLE,NOT_APPLICABLE,NOT_APPLICABLE,NO_FAILURE_SO_FAR,PENDING_FINALIZATION,AUTO_FROZEN,0.916718,0.080147
SC_044_R08.png,SC,SC_044,8,8,ZERO-SHOT,Scatterplot,Comparação,CONFORMING,CONFORMING,CONFORMING,CONFORMING,PENDING_BB,DIAGNOSTIC_OK,NOT_APPLICABLE,NOT_APPLICABLE,NOT_APPLICABLE,NO_FAILURE_SO_FAR,PENDING_FINALIZATION,AUTO_FROZEN,0.916718,0.080147
SC_044_R09.png,SC,SC_044,9,8,ZERO-SHOT,Scatterplot,Comparação,CONFORMING,CONFORMING,CONFORMING,CONFORMING,PENDING_BB,DIAGNOSTIC_OK,NOT_APPLICABLE,NOT_APPLICABLE,NOT_APPLICABLE,NO_FAILURE_SO_FAR,PENDING_FINALIZATION,AUTO_FROZEN,0.916718,0.080147
SC_044_R10.png,SC,SC_044,10,8,ZERO-SHOT,Scatterplot,Comparação,CONFORMING,CONFORMING,CONFORMING,CONFORMING,PENDING_BB,DIAGNOSTIC_OK,NOT_APPLICABLE,NOT_APPLICABLE,NOT_APPLICABLE,NO_FAILURE_SO_FAR,PENDING_FINALIZATION,AUTO_FROZEN,0.916718,0.080147
SC_045_R01.png,SC,SC_045,1,9,ZERO-SHOT,Scatterplot,Comparação,CONFORMING,CONFORMING,CONFORMING,CONFORMING,PENDING_BB,DIAGNOSTIC_OK,NONCONFORMING,NONCONFORMING,CONFORMING,NONCONFORMING,NONCONFORMING,AUTO_FROZEN,0.988323,0.053154
SC_045_R02.png,SC,SC_045,2,9,ZERO-SHOT,Scatterplot,Comparação,CONFORMING,CONFORMING,CONFORMING,CONFORMING,PENDING_BB,DIAGNOSTIC_OK,CONFORMING,CONFORMING,CONFORMING,NO_FAILURE_SO_FAR,PENDING_FINALIZATION,AUTO_FROZEN,0.916718,0.080147
SC_045_R03.png,SC,SC_045,3,9,ZERO-SHOT,Scatterplot,Comparação,CONFORMING,CONFORMING,CONFORMING,CONFORMING,PENDING_BB,DIAGNOSTIC_OK,CONFORMING,CONFORMING,CONFORMING,NO_FAILURE_SO_FAR,PENDING_FINALIZATION,AUTO_FROZEN,0.916718,0.080147
SC_045_R04.png,SC,SC_045,4,9,ZERO-SHOT,Scatterplot,Comparação,CONFORMING,CONFORMING,CONFORMING,CONFORMING,PENDING_BB,DIAGNOSTIC_OK,CONFORMING,CONFORMING,CONFORMING,NO_FAILURE_SO_FAR,PENDING_FINALIZATION,AUTO_FROZEN,0.916718,0.080147
SC_045_R05.png,SC,SC_045,5,9,ZERO-SHOT,Scatterplot,Comparação,CONFORMING,CONFORMING,CONFORMING,CONFORMING,PENDING_BB,DIAGNOSTIC_OK,CONFORMING,CONFORMING,CONFORMING,NO_FAILURE_SO_FAR,PENDING_FINALIZATION,AUTO_FROZEN,0.996151,0.080332
SC_045_R06.png,SC,SC_045,6,9,ZERO-SHOT,Scatterplot,Comparação,CONFORMING,CONFORMING,CONFORMING,CONFORMING,PENDING_BB,DIAGNOSTIC_OK,CONFORMING,CONFORMING,CONFORMING,NO_FAILURE_SO_FAR,PENDING_FINALIZATION,AUTO_FROZEN,0.996151,0.080332
SC_045_R07.png,SC,SC_045,7,9,ZERO-SHOT,Scatterplot,Comparação,CONFORMING,CONFORMING,CONFORMING,CONFORMING,PENDING_BB,DIAGNOSTIC_OK,CONFORMING,CONFORMING,CONFORMING,NO_FAILURE_SO_FAR,PENDING_FINALIZATION,AUTO_FROZEN,0.916718,0.080147
SC_045_R08.png,SC,SC_045,8,9,ZERO-SHOT,Scatterplot,Comparação,CONFORMING,CONFORMING,CONFORMING,CONFORMING,PENDING_BB,DIAGNOSTIC_OK,CONFORMING,CONFORMING,CONFORMING,NO_FAILURE_SO_FAR,PENDING_FINALIZATION,AUTO_FROZEN,0.996151,0.080332
SC_045_R09.png,SC,SC_045,9,9,ZERO-SHOT,Scatterplot,Comparação,CONFORMING,CONFORMING,CONFORMING,CONFORMING,PENDING_BB,DIAGNOSTIC_OK,CONFORMING,CONFORMING,CONFORMING,NO_FAILURE_SO_FAR,PENDING_FINALIZATION,AUTO_FROZEN,0.996151,0.080332
SC_045_R10.png,SC,SC_045,10,9,ZERO-SHOT,Scatterplot,Comparação,CONFORMING,CONFORMING,CONFORMING,CONFORMING,PENDING_BB,DIAGNOSTIC_OK,CONFORMING,CONFORMING,CONFORMING,NO_FAILURE_SO_FAR,PENDING_FINALIZATION,AUTO_FROZEN,0.996151,0.080332
SC_046_R01.png,SC,SC_046,1,10,ZERO-SHOT,Scatterplot,Comparação,CONFORMING,CONFORMING,CONFORMING,CONFORMING,PENDING_BB,DIAGNOSTIC_OK,NOT_APPLICABLE,NOT_APPLICABLE,NOT_APPLICABLE,NO_FAILURE_SO_FAR,PENDING_FINALIZATION,AUTO_FROZEN,0.901479,0.080694
SC_046_R02.png,SC,SC_046,2,10,ZERO-SHOT,Scatterplot,Comparação,CONFORMING,CONFORMING,CONFORMING,CONFORMING,PENDING_BB,DIAGNOSTIC_OK,NOT_APPLICABLE,NOT_APPLICABLE,NOT_APPLICABLE,NO_FAILURE_SO_FAR,PENDING_FINALIZATION,AUTO_FROZEN,0.916718,0.080147
SC_046_R03.png,SC,SC_046,3,10,ZERO-SHOT,Scatterplot,Comparação,CONFORMING,CONFORMING,CONFORMING,CONFORMING,PENDING_BB,DIAGNOSTIC_OK,NOT_APPLICABLE,NOT_APPLICABLE,NOT_APPLICABLE,NO_FAILURE_SO_FAR,PENDING_FINALIZATION,AUTO_FROZEN,0.916718,0.080147
SC_046_R04.png,SC,SC_046,4,10,ZERO-SHOT,Scatterplot,Comparação,CONFORMING,CONFORMING,CONFORMING,CONFORMING,PENDING_BB,DIAGNOSTIC_OK,NOT_APPLICABLE,NOT_APPLICABLE,NOT_APPLICABLE,NO_FAILURE_SO_FAR,PENDING_FINALIZATION,AUTO_FROZEN,0.973242,0.081506
SC_046_R05.png,SC,SC_046,5,10,ZERO-SHOT,Scatterplot,Comparação,CONFORMING,CONFORMING,CONFORMING,CONFORMING,PENDING_BB,DIAGNOSTIC_OK,NOT_APPLICABLE,NOT_APPLICABLE,NOT_APPLICABLE,NO_FAILURE_SO_FAR,PENDING_FINALIZATION,AUTO_FROZEN,0.973242,0.081506
SC_046_R06.png,SC,SC_046,6,10,ZERO-SHOT,Scatterplot,Comparação,CONFORMING,CONFORMING,CONFORMING,CONFORMING,PENDING_BB,DIAGNOSTIC_OK,NOT_APPLICABLE,NOT_APPLICABLE,NOT_APPLICABLE,NO_FAILURE_SO_FAR,PENDING_FINALIZATION,AUTO_FROZEN,0.973242,0.081506
SC_046_R07.png,SC,SC_046,7,10,ZERO-SHOT,Scatterplot,Comparação,CONFORMING,CONFORMING,CONFORMING,CONFORMING,PENDING_BB,DIAGNOSTIC_OK,NOT_APPLICABLE,NOT_APPLICABLE,NOT_APPLICABLE,NO_FAILURE_SO_FAR,PENDING_FINALIZATION,AUTO_FROZEN,0.973242,0.081506
SC_046_R08.png,SC,SC_046,8,10,ZERO-SHOT,Scatterplot,Comparação,CONFORMING,CONFORMING,CONFORMING,CONFORMING,PENDING_BB,DIAGNOSTIC_OK,NOT_APPLICABLE,NOT_APPLICABLE,NOT_APPLICABLE,NO_FAILURE_SO_FAR,PENDING_FINALIZATION,AUTO_FROZEN,0.973242,0.081506
SC_046_R09.png,SC,SC_046,9,10,ZERO-SHOT,Scatterplot,Comparação,CONFORMING,CONFORMING,CONFORMING,CONFORMING,PENDING_BB,DIAGNOSTIC_OK,NOT_APPLICABLE,NOT_APPLICABLE,NOT_APPLICABLE,NO_FAILURE_SO_FAR,PENDING_FINALIZATION,AUTO_FROZEN,0.973242,0.081506
SC_046_R10.png,SC,SC_046,10,10,ZERO-SHOT,Scatterplot,Comparação,CONFORMING,CONFORMING,CONFORMING,CONFORMING,PENDING_BB,DIAGNOSTIC_OK,NOT_APPLICABLE,NOT_APPLICABLE,NOT_APPLICABLE,NO_FAILURE_SO_FAR,PENDING_FINALIZATION,AUTO_FROZEN,0.973242,0.081506
SC_047_R01.png,SC,SC_047,1,11,ZERO-SHOT,Scatterplot,Comparação,CONFORMING,CONFORMING,CONFORMING,CONFORMING,PENDING_BB,DIAGNOSTIC_OK,NOT_APPLICABLE,NOT_APPLICABLE,NOT_APPLICABLE,NO_FAILURE_SO_FAR,PENDING_FINALIZATION,AUTO_FROZEN,0.917275,0.080694
SC_047_R02.png,SC,SC_047,2,11,ZERO-SHOT,Scatterplot,Comparação,CONFORMING,CONFORMING,CONFORMING,CONFORMING,PENDING_BB,DIAGNOSTIC_OK,NOT_APPLICABLE,NOT_APPLICABLE,NOT_APPLICABLE,NO_FAILURE_SO_FAR,PENDING_FINALIZATION,AUTO_FROZEN,0.898573,0.044375
SC_047_R03.png,SC,SC_047,3,11,ZERO-SHOT,Scatterplot,Comparação,CONFORMING,CONFORMING,CONFORMING,CONFORMING,PENDING_BB,DIAGNOSTIC_OK,NOT_APPLICABLE,NOT_APPLICABLE,NOT_APPLICABLE,NO_FAILURE_SO_FAR,PENDING_FINALIZATION,AUTO_FROZEN,0.898573,0.044375
SC_047_R04.png,SC,SC_047,4,11,ZERO-SHOT,Scatterplot,Comparação,CONFORMING,CONFORMING,CONFORMING,CONFORMING,PENDING_BB,DIAGNOSTIC_OK,NOT_APPLICABLE,NOT_APPLICABLE,NOT_APPLICABLE,NO_FAILURE_SO_FAR,PENDING_FINALIZATION,AUTO_FROZEN,0.898573,0.044375
SC_047_R05.png,SC,SC_047,5,11,ZERO-SHOT,Scatterplot,Comparação,CONFORMING,CONFORMING,CONFORMING,CONFORMING,PENDING_BB,DIAGNOSTIC_OK,NOT_APPLICABLE,NOT_APPLICABLE,NOT_APPLICABLE,NO_FAILURE_SO_FAR,PENDING_FINALIZATION,AUTO_FROZEN,0.898573,0.044375
SC_047_R06.png,SC,SC_047,6,11,ZERO-SHOT,Scatterplot,Comparação,CONFORMING,CONFORMING,CONFORMING,CONFORMING,PENDING_BB,DIAGNOSTIC_OK,NOT_APPLICABLE,NOT_APPLICABLE,NOT_APPLICABLE,NO_FAILURE_SO_FAR,PENDING_FINALIZATION,AUTO_FROZEN,0.898573,0.044375
SC_047_R07.png,SC,SC_047,7,11,ZERO-SHOT,Scatterplot,Comparação,CONFORMING,CONFORMING,CONFORMING,CONFORMING,PENDING_BB,DIAGNOSTIC_OK,NOT_APPLICABLE,NOT_APPLICABLE,NOT_APPLICABLE,NO_FAILURE_SO_FAR,PENDING_FINALIZATION,AUTO_FROZEN,0.898573,0.044375
SC_047_R08.png,SC,SC_047,8,11,ZERO-SHOT,Scatterplot,Comparação,CONFORMING,CONFORMING,CONFORMING,CONFORMING,PENDING_BB,DIAGNOSTIC_OK,NOT_APPLICABLE,NOT_APPLICABLE,NOT_APPLICABLE,NO_FAILURE_SO_FAR,PENDING_FINALIZATION,AUTO_FROZEN,0.898573,0.044375
SC_047_R09.png,SC,SC_047,9,11,ZERO-SHOT,Scatterplot,Comparação,CONFORMING,CONFORMING,CONFORMING,CONFORMING,PENDING_BB,DIAGNOSTIC_OK,NOT_APPLICABLE,NOT_APPLICABLE,NOT_APPLICABLE,NO_FAILURE_SO_FAR,PENDING_FINALIZATION,AUTO_FROZEN,0.898573,0.044375
SC_047_R10.png,SC,SC_047,10,11,ZERO-SHOT,Scatterplot,Comparação,CONFORMING,CONFORMING,CONFORMING,CONFORMING,PENDING_BB,DIAGNOSTIC_OK,NOT_APPLICABLE,NOT_APPLICABLE,NOT_APPLICABLE,NO_FAILURE_SO_FAR,PENDING_FINALIZATION,AUTO_FROZEN,0.898573,0.044375
SC_048_R01.png,SC,SC_048,1,12,ZERO-SHOT,Scatterplot,Comparação,CONFORMING,CONFORMING,CONFORMING,CONFORMING,PENDING_BB,DIAGNOSTIC_OK,NOT_APPLICABLE,NOT_APPLICABLE,NOT_APPLICABLE,NO_FAILURE_SO_FAR,PENDING_FINALIZATION,AUTO_FROZEN,0.88873,0.056095
SC_048_R02.png,SC,SC_048,2,12,ZERO-SHOT,Scatterplot,Comparação,CONFORMING,CONFORMING,CONFORMING,CONFORMING,PENDING_BB,DIAGNOSTIC_OK,NOT_APPLICABLE,NOT_APPLICABLE,NOT_APPLICABLE,NO_FAILURE_SO_FAR,PENDING_FINALIZATION,AUTO_FROZEN,0.827319,0.044375
SC_048_R03.png,SC,SC_048,3,12,ZERO-SHOT,Scatterplot,Comparação,CONFORMING,CONFORMING,CONFORMING,CONFORMING,PENDING_BB,DIAGNOSTIC_OK,NOT_APPLICABLE,NOT_APPLICABLE,NOT_APPLICABLE,NO_FAILURE_SO_FAR,PENDING_FINALIZATION,AUTO_FROZEN,0.827319,0.044375
SC_048_R04.png,SC,SC_048,4,12,ZERO-SHOT,Scatterplot,Comparação,CONFORMING,CONFORMING,CONFORMING,CONFORMING,PENDING_BB,DIAGNOSTIC_OK,NOT_APPLICABLE,NOT_APPLICABLE,NOT_APPLICABLE,NO_FAILURE_SO_FAR,PENDING_FINALIZATION,AUTO_FROZEN,0.827319,0.044375
SC_048_R05.png,SC,SC_048,5,12,ZERO-SHOT,Scatterplot,Comparação,CONFORMING,CONFORMING,CONFORMING,CONFORMING,PENDING_BB,DIAGNOSTIC_OK,NOT_APPLICABLE,NOT_APPLICABLE,NOT_APPLICABLE,NO_FAILURE_SO_FAR,PENDING_FINALIZATION,AUTO_FROZEN,0.827319,0.044375
SC_048_R06.png,SC,SC_048,6,12,ZERO-SHOT,Scatterplot,Comparação,CONFORMING,CONFORMING,CONFORMING,CONFORMING,PENDING_BB,DIAGNOSTIC_OK,NOT_APPLICABLE,NOT_APPLICABLE,NOT_APPLICABLE,NO_FAILURE_SO_FAR,PENDING_FINALIZATION,AUTO_FROZEN,0.827319,0.044375
SC_048_R07.png,SC,SC_048,7,12,ZERO-SHOT,Scatterplot,Comparação,CONFORMING,CONFORMING,CONFORMING,CONFORMING,PENDING_BB,DIAGNOSTIC_OK,NOT_APPLICABLE,NOT_APPLICABLE,NOT_APPLICABLE,NO_FAILURE_SO_FAR,PENDING_FINALIZATION,AUTO_FROZEN,0.827319,0.044375
SC_048_R08.png,SC,SC_048,8,12,ZERO-SHOT,Scatterplot,Comparação,CONFORMING,CONFORMING,CONFORMING,CONFORMING,PENDING_BB,DIAGNOSTIC_OK,NOT_APPLICABLE,NOT_APPLICABLE,NOT_APPLICABLE,NO_FAILURE_SO_FAR,PENDING_FINALIZATION,AUTO_FROZEN,0.827319,0.044375
SC_048_R09.png,SC,SC_048,9,12,ZERO-SHOT,Scatterplot,Comparação,CONFORMING,CONFORMING,CONFORMING,CONFORMING,PENDING_BB,DIAGNOSTIC_OK,NOT_APPLICABLE,NOT_APPLICABLE,NOT_APPLICABLE,NO_FAILURE_SO_FAR,PENDING_FINALIZATION,AUTO_FROZEN,0.827319,0.044375
SC_048_R10.png,SC,SC_048,10,12,ZERO-SHOT,Scatterplot,Comparação,CONFORMING,CONFORMING,CONFORMING,CONFORMING,PENDING_BB,DIAGNOSTIC_OK,NOT_APPLICABLE,NOT_APPLICABLE,NOT_APPLICABLE,NO_FAILURE_SO_FAR,PENDING_FINALIZATION,AUTO_FROZEN,0.827319,0.044375
SC_049_R01.png,SC,SC_049,1,13,ZERO-SHOT,Scatterplot,Comparação,CONFORMING,CONFORMING,NONCONFORMING,CONFORMING,PENDING_BB,DIAGNOSTIC_OK,CONFORMING,CONFORMING,NOT_APPLICABLE,NONCONFORMING,NONCONFORMING,AUTO_FROZEN,1.0,0.059434
SC_049_R02.png,SC,SC_049,2,13,ZERO-SHOT,Scatterplot,Comparação,CONFORMING,CONFORMING,CONFORMING,CONFORMING,PENDING_BB,DIAGNOSTIC_OK,CONFORMING,CONFORMING,NOT_APPLICABLE,NO_FAILURE_SO_FAR,PENDING_FINALIZATION,AUTO_FROZEN,0.97431,0.044792
SC_049_R03.png,SC,SC_049,3,13,ZERO-SHOT,Scatterplot,Comparação,CONFORMING,CONFORMING,CONFORMING,CONFORMING,PENDING_BB,DIAGNOSTIC_OK,CONFORMING,CONFORMING,NOT_APPLICABLE,NO_FAILURE_SO_FAR,PENDING_FINALIZATION,AUTO_FROZEN,0.97431,0.044792
SC_049_R04.png,SC,SC_049,4,13,ZERO-SHOT,Scatterplot,Comparação,CONFORMING,CONFORMING,CONFORMING,CONFORMING,PENDING_BB,DIAGNOSTIC_OK,CONFORMING,CONFORMING,NOT_APPLICABLE,NO_FAILURE_SO_FAR,PENDING_FINALIZATION,AUTO_FROZEN,0.97431,0.044792
SC_049_R05.png,SC,SC_049,5,13,ZERO-SHOT,Scatterplot,Comparação,CONFORMING,CONFORMING,CONFORMING,CONFORMING,PENDING_BB,DIAGNOSTIC_OK,CONFORMING,CONFORMING,NOT_APPLICABLE,NO_FAILURE_SO_FAR,PENDING_FINALIZATION,AUTO_FROZEN,0.97431,0.044792
SC_049_R06.png,SC,SC_049,6,13,ZERO-SHOT,Scatterplot,Comparação,CONFORMING,CONFORMING,CONFORMING,CONFORMING,PENDING_BB,DIAGNOSTIC_OK,CONFORMING,CONFORMING,NOT_APPLICABLE,NO_FAILURE_SO_FAR,PENDING_FINALIZATION,AUTO_FROZEN,0.97431,0.044792
SC_049_R07.png,SC,SC_049,7,13,ZERO-SHOT,Scatterplot,Comparação,CONFORMING,CONFORMING,CONFORMING,CONFORMING,PENDING_BB,DIAGNOSTIC_OK,CONFORMING,CONFORMING,NOT_APPLICABLE,NO_FAILURE_SO_FAR,PENDING_FINALIZATION,AUTO_FROZEN,0.97431,0.044792
SC_049_R08.png,SC,SC_049,8,13,ZERO-SHOT,Scatterplot,Comparação,CONFORMING,CONFORMING,CONFORMING,CONFORMING,PENDING_BB,DIAGNOSTIC_OK,CONFORMING,CONFORMING,NOT_APPLICABLE,NO_FAILURE_SO_FAR,PENDING_FINALIZATION,AUTO_FROZEN,0.97431,0.044792
SC_049_R09.png,SC,SC_049,9,13,ZERO-SHOT,Scatterplot,Comparação,CONFORMING,CONFORMING,CONFORMING,CONFORMING,PENDING_BB,DIAGNOSTIC_OK,CONFORMING,CONFORMING,NOT_APPLICABLE,NO_FAILURE_SO_FAR,PENDING_FINALIZATION,AUTO_FROZEN,0.97431,0.044792
SC_049_R10.png,SC,SC_049,10,13,ZERO-SHOT,Scatterplot,Comparação,CONFORMING,CONFORMING,CONFORMING,CONFORMING,PENDING_BB,DIAGNOSTIC_OK,CONFORMING,CONFORMING,NOT_APPLICABLE,NO_FAILURE_SO_FAR,PENDING_FINALIZATION,AUTO_FROZEN,0.97431,0.044792
SC_050_R01.png,SC,SC_050,1,14,ZERO-SHOT,Scatterplot,Comparação,CONFORMING,CONFORMING,CONFORMING,CONFORMING,PENDING_BB,DIAGNOSTIC_OK,NOT_APPLICABLE,NOT_APPLICABLE,NOT_APPLICABLE,NO_FAILURE_SO_FAR,PENDING_FINALIZATION,AUTO_FROZEN,1.0,0.075816
SC_050_R02.png,SC,SC_050,2,14,ZERO-SHOT,Scatterplot,Comparação,CONFORMING,CONFORMING,CONFORMING,CONFORMING,PENDING_BB,DIAGNOSTIC_OK,NOT_APPLICABLE,NOT_APPLICABLE,NOT_APPLICABLE,NO_FAILURE_SO_FAR,PENDING_FINALIZATION,AUTO_FROZEN,0.898573,0.044375
SC_050_R03.png,SC,SC_050,3,14,ZERO-SHOT,Scatterplot,Comparação,CONFORMING,CONFORMING,CONFORMING,CONFORMING,PENDING_BB,DIAGNOSTIC_OK,NOT_APPLICABLE,NOT_APPLICABLE,NOT_APPLICABLE,NO_FAILURE_SO_FAR,PENDING_FINALIZATION,AUTO_FROZEN,0.898573,0.044375
SC_050_R04.png,SC,SC_050,4,14,ZERO-SHOT,Scatterplot,Comparação,CONFORMING,CONFORMING,CONFORMING,CONFORMING,PENDING_BB,DIAGNOSTIC_OK,NOT_APPLICABLE,NOT_APPLICABLE,NOT_APPLICABLE,NO_FAILURE_SO_FAR,PENDING_FINALIZATION,AUTO_FROZEN,0.898573,0.044375
SC_050_R05.png,SC,SC_050,5,14,ZERO-SHOT,Scatterplot,Comparação,CONFORMING,CONFORMING,CONFORMING,CONFORMING,PENDING_BB,DIAGNOSTIC_OK,NOT_APPLICABLE,NOT_APPLICABLE,NOT_APPLICABLE,NO_FAILURE_SO_FAR,PENDING_FINALIZATION,AUTO_FROZEN,0.898573,0.044375
SC_050_R06.png,SC,SC_050,6,14,ZERO-SHOT,Scatterplot,Comparação,CONFORMING,CONFORMING,CONFORMING,CONFORMING,PENDING_BB,DIAGNOSTIC_OK,NOT_APPLICABLE,NOT_APPLICABLE,NOT_APPLICABLE,NO_FAILURE_SO_FAR,PENDING_FINALIZATION,AUTO_FROZEN,0.898573,0.044375
SC_050_R07.png,SC,SC_050,7,14,ZERO-SHOT,Scatterplot,Comparação,CONFORMING,CONFORMING,CONFORMING,CONFORMING,PENDING_BB,DIAGNOSTIC_OK,NOT_APPLICABLE,NOT_APPLICABLE,NOT_APPLICABLE,NO_FAILURE_SO_FAR,PENDING_FINALIZATION,AUTO_FROZEN,0.898573,0.044375
SC_050_R08.png,SC,SC_050,8,14,ZERO-SHOT,Scatterplot,Comparação,CONFORMING,CONFORMING,CONFORMING,CONFORMING,PENDING_BB,DIAGNOSTIC_OK,NOT_APPLICABLE,NOT_APPLICABLE,NOT_APPLICABLE,NO_FAILURE_SO_FAR,PENDING_FINALIZATION,AUTO_FROZEN,0.898573,0.044375
SC_050_R09.png,SC,SC_050,9,14,ZERO-SHOT,Scatterplot,Comparação,CONFORMING,CONFORMING,CONFORMING,CONFORMING,PENDING_BB,DIAGNOSTIC_OK,NOT_APPLICABLE,NOT_APPLICABLE,NOT_APPLICABLE,NO_FAILURE_SO_FAR,PENDING_FINALIZATION,AUTO_FROZEN,0.898573,0.044375
SC_050_R10.png,SC,SC_050,10,14,ZERO-SHOT,Scatterplot,Comparação,CONFORMING,CONFORMING,CONFORMING,CONFORMING,PENDING_BB,DIAGNOSTIC_OK,NOT_APPLICABLE,NOT_APPLICABLE,NOT_APPLICABLE,NO_FAILURE_SO_FAR,PENDING_FINALIZATION,AUTO_FROZEN,0.898573,0.044375
SC_051_R01.png,SC,SC_051,1,15,ZERO-SHOT,Scatterplot,Comparação,CONFORMING,CONFORMING,CONFORMING,CONFORMING,PENDING_BB,DIAGNOSTIC_OK,NOT_APPLICABLE,NOT_APPLICABLE,NOT_APPLICABLE,NO_FAILURE_SO_FAR,PENDING_FINALIZATION,AUTO_FROZEN,0.926405,0.003125
SC_051_R02.png,SC,SC_051,2,15,ZERO-SHOT,Scatterplot,Comparação,CONFORMING,CONFORMING,CONFORMING,CONFORMING,PENDING_BB,DIAGNOSTIC_OK,NOT_APPLICABLE,NOT_APPLICABLE,NOT_APPLICABLE,NO_FAILURE_SO_FAR,PENDING_FINALIZATION,AUTO_FROZEN,0.917051,0.077691
SC_051_R03.png,SC,SC_051,3,15,ZERO-SHOT,Scatterplot,Comparação,CONFORMING,CONFORMING,CONFORMING,CONFORMING,PENDING_BB,DIAGNOSTIC_OK,NOT_APPLICABLE,NOT_APPLICABLE,NOT_APPLICABLE,NO_FAILURE_SO_FAR,PENDING_FINALIZATION,AUTO_FROZEN,0.917051,0.077691
SC_051_R04.png,SC,SC_051,4,15,ZERO-SHOT,Scatterplot,Comparação,CONFORMING,CONFORMING,CONFORMING,CONFORMING,PENDING_BB,DIAGNOSTIC_OK,NOT_APPLICABLE,NOT_APPLICABLE,NOT_APPLICABLE,NO_FAILURE_SO_FAR,PENDING_FINALIZATION,AUTO_FROZEN,0.917051,0.077691
SC_051_R05.png,SC,SC_051,5,15,ZERO-SHOT,Scatterplot,Comparação,CONFORMING,CONFORMING,CONFORMING,CONFORMING,PENDING_BB,DIAGNOSTIC_OK,NOT_APPLICABLE,NOT_APPLICABLE,NOT_APPLICABLE,NO_FAILURE_SO_FAR,PENDING_FINALIZATION,AUTO_FROZEN,0.917051,0.077691
SC_051_R06.png,SC,SC_051,6,15,ZERO-SHOT,Scatterplot,Comparação,CONFORMING,CONFORMING,CONFORMING,CONFORMING,PENDING_BB,DIAGNOSTIC_OK,NOT_APPLICABLE,NOT_APPLICABLE,NOT_APPLICABLE,NO_FAILURE_SO_FAR,PENDING_FINALIZATION,AUTO_FROZEN,0.917051,0.077691
SC_051_R07.png,SC,SC_051,7,15,ZERO-SHOT,Scatterplot,Comparação,CONFORMING,CONFORMING,CONFORMING,CONFORMING,PENDING_BB,DIAGNOSTIC_OK,NOT_APPLICABLE,NOT_APPLICABLE,NOT_APPLICABLE,NO_FAILURE_SO_FAR,PENDING_FINALIZATION,AUTO_FROZEN,0.917051,0.077691
SC_051_R08.png,SC,SC_051,8,15,ZERO-SHOT,Scatterplot,Comparação,CONFORMING,CONFORMING,CONFORMING,CONFORMING,PENDING_BB,DIAGNOSTIC_OK,NOT_APPLICABLE,NOT_APPLICABLE,NOT_APPLICABLE,NO_FAILURE_SO_FAR,PENDING_FINALIZATION,AUTO_FROZEN,0.917051,0.077691
SC_051_R09.png,SC,SC_051,9,15,ZERO-SHOT,Scatterplot,Comparação,CONFORMING,CONFORMING,CONFORMING,CONFORMING,PENDING_BB,DIAGNOSTIC_OK,NOT_APPLICABLE,NOT_APPLICABLE,NOT_APPLICABLE,NO_FAILURE_SO_FAR,PENDING_FINALIZATION,AUTO_FROZEN,0.917051,0.077691
SC_051_R10.png,SC,SC_051,10,15,ZERO-SHOT,Scatterplot,Comparação,CONFORMING,CONFORMING,CONFORMING,CONFORMING,PENDING_BB,DIAGNOSTIC_OK,NOT_APPLICABLE,NOT_APPLICABLE,NOT_APPLICABLE,NO_FAILURE_SO_FAR,PENDING_FINALIZATION,AUTO_FROZEN,0.917051,0.077691
SC_052_R01.png,SC,SC_052,1,16,ZERO-SHOT,Scatterplot,Comparação,CONFORMING,CONFORMING,CONFORMING,CONFORMING,PENDING_BB,DIAGNOSTIC_OK,NOT_APPLICABLE,NOT_APPLICABLE,NOT_APPLICABLE,NO_FAILURE_SO_FAR,PENDING_FINALIZATION,AUTO_FROZEN,0.914193,0.056095
SC_052_R02.png,SC,SC_052,2,16,ZERO-SHOT,Scatterplot,Comparação,CONFORMING,CONFORMING,CONFORMING,CONFORMING,PENDING_BB,DIAGNOSTIC_OK,NOT_APPLICABLE,NOT_APPLICABLE,NOT_APPLICABLE,NO_FAILURE_SO_FAR,PENDING_FINALIZATION,AUTO_FROZEN,0.916835,0.078561
SC_052_R03.png,SC,SC_052,3,16,ZERO-SHOT,Scatterplot,Comparação,CONFORMING,CONFORMING,CONFORMING,CONFORMING,PENDING_BB,DIAGNOSTIC_OK,NOT_APPLICABLE,NOT_APPLICABLE,NOT_APPLICABLE,NO_FAILURE_SO_FAR,PENDING_FINALIZATION,AUTO_FROZEN,0.916835,0.078561
SC_052_R04.png,SC,SC_052,4,16,ZERO-SHOT,Scatterplot,Comparação,CONFORMING,CONFORMING,CONFORMING,CONFORMING,PENDING_BB,DIAGNOSTIC_OK,NOT_APPLICABLE,NOT_APPLICABLE,NOT_APPLICABLE,NO_FAILURE_SO_FAR,PENDING_FINALIZATION,AUTO_FROZEN,0.916835,0.078561
SC_052_R05.png,SC,SC_052,5,16,ZERO-SHOT,Scatterplot,Comparação,CONFORMING,CONFORMING,CONFORMING,CONFORMING,PENDING_BB,DIAGNOSTIC_OK,NOT_APPLICABLE,NOT_APPLICABLE,NOT_APPLICABLE,NO_FAILURE_SO_FAR,PENDING_FINALIZATION,AUTO_FROZEN,0.916835,0.078561
SC_052_R06.png,SC,SC_052,6,16,ZERO-SHOT,Scatterplot,Comparação,CONFORMING,CONFORMING,CONFORMING,CONFORMING,PENDING_BB,DIAGNOSTIC_OK,NOT_APPLICABLE,NOT_APPLICABLE,NOT_APPLICABLE,NO_FAILURE_SO_FAR,PENDING_FINALIZATION,AUTO_FROZEN,0.916835,0.078561
SC_052_R07.png,SC,SC_052,7,16,ZERO-SHOT,Scatterplot,Comparação,CONFORMING,CONFORMING,CONFORMING,CONFORMING,PENDING_BB,DIAGNOSTIC_OK,NOT_APPLICABLE,NOT_APPLICABLE,NOT_APPLICABLE,NO_FAILURE_SO_FAR,PENDING_FINALIZATION,AUTO_FROZEN,0.916835,0.078561
SC_052_R08.png,SC,SC_052,8,16,ZERO-SHOT,Scatterplot,Comparação,CONFORMING,CONFORMING,CONFORMING,CONFORMING,PENDING_BB,DIAGNOSTIC_OK,NOT_APPLICABLE,NOT_APPLICABLE,NOT_APPLICABLE,NO_FAILURE_SO_FAR,PENDING_FINALIZATION,AUTO_FROZEN,0.916835,0.078561
SC_052_R09.png,SC,SC_052,9,16,ZERO-SHOT,Scatterplot,Comparação,CONFORMING,CONFORMING,CONFORMING,CONFORMING,PENDING_BB,DIAGNOSTIC_OK,NOT_APPLICABLE,NOT_APPLICABLE,NOT_APPLICABLE,NO_FAILURE_SO_FAR,PENDING_FINALIZATION,AUTO_FROZEN,0.916835,0.078561
SC_052_R10.png,SC,SC_052,10,16,ZERO-SHOT,Scatterplot,Comparação,CONFORMING,CONFORMING,CONFORMING,CONFORMING,PENDING_BB,DIAGNOSTIC_OK,NOT_APPLICABLE,NOT_APPLICABLE,NOT_APPLICABLE,NO_FAILURE_SO_FAR,PENDING_FINALIZATION,AUTO_FROZEN,0.916835,0.078561
SI_001_R01.png,SI,SI_001,1,1,FEW-SHOT,Scatterplot,Identificação,CONFORMING,CONFORMING,CONFORMING,CONFORMING,PENDING_BB,DIAGNOSTIC_OK,NOT_APPLICABLE,NOT_APPLICABLE,NOT_APPLICABLE,NO_FAILURE_SO_FAR,PENDING_FINALIZATION,AUTO_FROZEN,0.968699,0.056095
SI_001_R02.png,SI,SI_001,2,1,FEW-SHOT,Scatterplot,Identificação,CONFORMING,CONFORMING,CONFORMING,CONFORMING,PENDING_BB,DIAGNOSTIC_OK,NOT_APPLICABLE,NOT_APPLICABLE,NOT_APPLICABLE,NO_FAILURE_SO_FAR,PENDING_FINALIZATION,AUTO_FROZEN,0.971192,0.003125
SI_001_R03.png,SI,SI_001,3,1,FEW-SHOT,Scatterplot,Identificação,CONFORMING,CONFORMING,CONFORMING,CONFORMING,PENDING_BB,DIAGNOSTIC_OK,NOT_APPLICABLE,NOT_APPLICABLE,NOT_APPLICABLE,NO_FAILURE_SO_FAR,PENDING_FINALIZATION,AUTO_FROZEN,0.971192,0.003125
SI_001_R04.png,SI,SI_001,4,1,FEW-SHOT,Scatterplot,Identificação,CONFORMING,CONFORMING,CONFORMING,CONFORMING,PENDING_BB,DIAGNOSTIC_OK,NOT_APPLICABLE,NOT_APPLICABLE,NOT_APPLICABLE,NO_FAILURE_SO_FAR,PENDING_FINALIZATION,AUTO_FROZEN,0.971192,0.003125
SI_001_R05.png,SI,SI_001,5,1,FEW-SHOT,Scatterplot,Identificação,CONFORMING,CONFORMING,CONFORMING,CONFORMING,PENDING_BB,DIAGNOSTIC_OK,NOT_APPLICABLE,NOT_APPLICABLE,NOT_APPLICABLE,NO_FAILURE_SO_FAR,PENDING_FINALIZATION,AUTO_FROZEN,0.971192,0.003125
SI_001_R06.png,SI,SI_001,6,1,FEW-SHOT,Scatterplot,Identificação,CONFORMING,CONFORMING,CONFORMING,CONFORMING,PENDING_BB,DIAGNOSTIC_OK,NOT_APPLICABLE,NOT_APPLICABLE,NOT_APPLICABLE,NO_FAILURE_SO_FAR,PENDING_FINALIZATION,AUTO_FROZEN,0.971192,0.003125
SI_001_R07.png,SI,SI_001,7,1,FEW-SHOT,Scatterplot,Identificação,CONFORMING,CONFORMING,CONFORMING,CONFORMING,PENDING_BB,DIAGNOSTIC_OK,NOT_APPLICABLE,NOT_APPLICABLE,NOT_APPLICABLE,NO_FAILURE_SO_FAR,PENDING_FINALIZATION,AUTO_FROZEN,0.971192,0.003125
SI_001_R08.png,SI,SI_001,8,1,FEW-SHOT,Scatterplot,Identificação,CONFORMING,CONFORMING,CONFORMING,CONFORMING,PENDING_BB,DIAGNOSTIC_OK,NOT_APPLICABLE,NOT_APPLICABLE,NOT_APPLICABLE,NO_FAILURE_SO_FAR,PENDING_FINALIZATION,AUTO_FROZEN,0.971192,0.003125
SI_001_R09.png,SI,SI_001,9,1,FEW-SHOT,Scatterplot,Identificação,CONFORMING,CONFORMING,CONFORMING,CONFORMING,PENDING_BB,DIAGNOSTIC_OK,NOT_APPLICABLE,NOT_APPLICABLE,NOT_APPLICABLE,NO_FAILURE_SO_FAR,PENDING_FINALIZATION,AUTO_FROZEN,0.971192,0.003125
SI_001_R10.png,SI,SI_001,10,1,FEW-SHOT,Scatterplot,Identificação,CONFORMING,CONFORMING,CONFORMING,CONFORMING,PENDING_BB,DIAGNOSTIC_OK,NOT_APPLICABLE,NOT_APPLICABLE,NOT_APPLICABLE,NO_FAILURE_SO_FAR,PENDING_FINALIZATION,AUTO_FROZEN,0.971192,0.003125
SI_002_R01.png,SI,SI_002,1,4,FEW-SHOT,Scatterplot,Identificação,CONFORMING,CONFORMING,CONFORMING,CONFORMING,PENDING_BB,DIAGNOSTIC_OK,NOT_APPLICABLE,NOT_APPLICABLE,NOT_APPLICABLE,NO_FAILURE_SO_FAR,PENDING_FINALIZATION,AUTO_FROZEN,0.982188,0.056563
SI_002_R02.png,SI,SI_002,2,4,FEW-SHOT,Scatterplot,Identificação,CONFORMING,CONFORMING,CONFORMING,CONFORMING,PENDING_BB,DIAGNOSTIC_OK,NOT_APPLICABLE,NOT_APPLICABLE,NOT_APPLICABLE,NO_FAILURE_SO_FAR,PENDING_FINALIZATION,AUTO_FROZEN,0.996478,0.057396
SI_002_R03.png,SI,SI_002,3,4,FEW-SHOT,Scatterplot,Identificação,CONFORMING,CONFORMING,CONFORMING,CONFORMING,PENDING_BB,DIAGNOSTIC_OK,NOT_APPLICABLE,NOT_APPLICABLE,NOT_APPLICABLE,NO_FAILURE_SO_FAR,PENDING_FINALIZATION,AUTO_FROZEN,0.996478,0.057396
SI_002_R04.png,SI,SI_002,4,4,FEW-SHOT,Scatterplot,Identificação,CONFORMING,CONFORMING,CONFORMING,CONFORMING,PENDING_BB,DIAGNOSTIC_OK,NOT_APPLICABLE,NOT_APPLICABLE,NOT_APPLICABLE,NO_FAILURE_SO_FAR,PENDING_FINALIZATION,AUTO_FROZEN,0.996478,0.057396
SI_002_R05.png,SI,SI_002,5,4,FEW-SHOT,Scatterplot,Identificação,CONFORMING,CONFORMING,CONFORMING,CONFORMING,PENDING_BB,DIAGNOSTIC_OK,NOT_APPLICABLE,NOT_APPLICABLE,NOT_APPLICABLE,NO_FAILURE_SO_FAR,PENDING_FINALIZATION,AUTO_FROZEN,0.996478,0.057396
SI_002_R06.png,SI,SI_002,6,4,FEW-SHOT,Scatterplot,Identificação,CONFORMING,CONFORMING,CONFORMING,CONFORMING,PENDING_BB,DIAGNOSTIC_OK,NOT_APPLICABLE,NOT_APPLICABLE,NOT_APPLICABLE,NO_FAILURE_SO_FAR,PENDING_FINALIZATION,AUTO_FROZEN,0.996478,0.057396
SI_002_R07.png,SI,SI_002,7,4,FEW-SHOT,Scatterplot,Identificação,CONFORMING,CONFORMING,CONFORMING,CONFORMING,PENDING_BB,DIAGNOSTIC_OK,NOT_APPLICABLE,NOT_APPLICABLE,NOT_APPLICABLE,NO_FAILURE_SO_FAR,PENDING_FINALIZATION,AUTO_FROZEN,0.996478,0.057396
SI_002_R08.png,SI,SI_002,8,4,FEW-SHOT,Scatterplot,Identificação,CONFORMING,CONFORMING,CONFORMING,CONFORMING,PENDING_BB,DIAGNOSTIC_OK,NOT_APPLICABLE,NOT_APPLICABLE,NOT_APPLICABLE,NO_FAILURE_SO_FAR,PENDING_FINALIZATION,AUTO_FROZEN,0.996478,0.057396
SI_002_R09.png,SI,SI_002,9,4,FEW-SHOT,Scatterplot,Identificação,CONFORMING,CONFORMING,CONFORMING,CONFORMING,PENDING_BB,DIAGNOSTIC_OK,NOT_APPLICABLE,NOT_APPLICABLE,NOT_APPLICABLE,NO_FAILURE_SO_FAR,PENDING_FINALIZATION,AUTO_FROZEN,0.996478,0.057396
SI_002_R10.png,SI,SI_002,10,4,FEW-SHOT,Scatterplot,Identificação,CONFORMING,CONFORMING,CONFORMING,CONFORMING,PENDING_BB,DIAGNOSTIC_OK,NOT_APPLICABLE,NOT_APPLICABLE,NOT_APPLICABLE,NO_FAILURE_SO_FAR,PENDING_FINALIZATION,AUTO_FROZEN,0.996478,0.057396
SI_003_R01.png,SI,SI_003,1,6,FEW-SHOT,Scatterplot,Identificação,CONFORMING,CONFORMING,CONFORMING,CONFORMING,PENDING_BB,DIAGNOSTIC_OK,NONCONFORMING,NONCONFORMING,NONCONFORMING,NONCONFORMING,NONCONFORMING,AUTO_FROZEN,0.954793,0.056095
SI_003_R02.png,SI,SI_003,2,6,FEW-SHOT,Scatterplot,Identificação,CONFORMING,CONFORMING,CONFORMING,CONFORMING,PENDING_BB,DIAGNOSTIC_OK,NONCONFORMING,NONCONFORMING,NONCONFORMING,NONCONFORMING,NONCONFORMING,AUTO_FROZEN,0.970297,0.002708
SI_003_R03.png,SI,SI_003,3,6,FEW-SHOT,Scatterplot,Identificação,CONFORMING,CONFORMING,CONFORMING,CONFORMING,PENDING_BB,DIAGNOSTIC_OK,NONCONFORMING,NONCONFORMING,NONCONFORMING,NONCONFORMING,NONCONFORMING,AUTO_FROZEN,0.970297,0.002708
SI_003_R04.png,SI,SI_003,4,6,FEW-SHOT,Scatterplot,Identificação,CONFORMING,CONFORMING,CONFORMING,CONFORMING,PENDING_BB,DIAGNOSTIC_OK,NONCONFORMING,NONCONFORMING,NONCONFORMING,NONCONFORMING,NONCONFORMING,AUTO_FROZEN,0.970297,0.002708
SI_003_R05.png,SI,SI_003,5,6,FEW-SHOT,Scatterplot,Identificação,CONFORMING,CONFORMING,CONFORMING,CONFORMING,PENDING_BB,DIAGNOSTIC_OK,NONCONFORMING,NONCONFORMING,NONCONFORMING,NONCONFORMING,NONCONFORMING,AUTO_FROZEN,0.970297,0.002708
SI_003_R06.png,SI,SI_003,6,6,FEW-SHOT,Scatterplot,Identificação,CONFORMING,CONFORMING,CONFORMING,CONFORMING,PENDING_BB,DIAGNOSTIC_OK,NONCONFORMING,NONCONFORMING,NONCONFORMING,NONCONFORMING,NONCONFORMING,AUTO_FROZEN,0.970297,0.002708
SI_003_R07.png,SI,SI_003,7,6,FEW-SHOT,Scatterplot,Identificação,CONFORMING,CONFORMING,CONFORMING,CONFORMING,PENDING_BB,DIAGNOSTIC_OK,NONCONFORMING,NONCONFORMING,NONCONFORMING,NONCONFORMING,NONCONFORMING,AUTO_FROZEN,0.970297,0.002708
SI_003_R08.png,SI,SI_003,8,6,FEW-SHOT,Scatterplot,Identificação,CONFORMING,CONFORMING,CONFORMING,CONFORMING,PENDING_BB,DIAGNOSTIC_OK,NONCONFORMING,NONCONFORMING,NONCONFORMING,NONCONFORMING,NONCONFORMING,AUTO_FROZEN,0.970297,0.002708
SI_003_R09.png,SI,SI_003,9,6,FEW-SHOT,Scatterplot,Identificação,CONFORMING,CONFORMING,CONFORMING,CONFORMING,PENDING_BB,DIAGNOSTIC_OK,NONCONFORMING,NONCONFORMING,NONCONFORMING,NONCONFORMING,NONCONFORMING,AUTO_FROZEN,0.970297,0.002708
SI_003_R10.png,SI,SI_003,10,6,FEW-SHOT,Scatterplot,Identificação,CONFORMING,CONFORMING,CONFORMING,CONFORMING,PENDING_BB,DIAGNOSTIC_OK,NONCONFORMING,NONCONFORMING,NONCONFORMING,NONCONFORMING,NONCONFORMING,AUTO_FROZEN,0.970297,0.002708
SI_004_R01.png,SI,SI_004,1,7,FEW-SHOT,Scatterplot,Identificação,CONFORMING,CONFORMING,CONFORMING,CONFORMING,PENDING_BB,DIAGNOSTIC_OK,NOT_APPLICABLE,NOT_APPLICABLE,NOT_APPLICABLE,NO_FAILURE_SO_FAR,PENDING_FINALIZATION,AUTO_FROZEN,0.9189,0.071216
SI_004_R02.png,SI,SI_004,2,7,FEW-SHOT,Scatterplot,Identificação,CONFORMING,CONFORMING,CONFORMING,CONFORMING,PENDING_BB,DIAGNOSTIC_OK,NOT_APPLICABLE,NOT_APPLICABLE,NOT_APPLICABLE,NO_FAILURE_SO_FAR,PENDING_FINALIZATION,AUTO_FROZEN,0.983426,0.074836
SI_004_R03.png,SI,SI_004,3,7,FEW-SHOT,Scatterplot,Identificação,CONFORMING,CONFORMING,CONFORMING,CONFORMING,PENDING_BB,DIAGNOSTIC_OK,NOT_APPLICABLE,NOT_APPLICABLE,NOT_APPLICABLE,NO_FAILURE_SO_FAR,PENDING_FINALIZATION,AUTO_FROZEN,0.979269,0.053154
SI_004_R04.png,SI,SI_004,4,7,FEW-SHOT,Scatterplot,Identificação,CONFORMING,CONFORMING,CONFORMING,CONFORMING,PENDING_BB,DIAGNOSTIC_OK,NOT_APPLICABLE,NOT_APPLICABLE,NOT_APPLICABLE,NO_FAILURE_SO_FAR,PENDING_FINALIZATION,AUTO_FROZEN,0.983426,0.074836
SI_004_R05.png,SI,SI_004,5,7,FEW-SHOT,Scatterplot,Identificação,CONFORMING,CONFORMING,CONFORMING,CONFORMING,PENDING_BB,DIAGNOSTIC_OK,NOT_APPLICABLE,NOT_APPLICABLE,NOT_APPLICABLE,NO_FAILURE_SO_FAR,PENDING_FINALIZATION,AUTO_FROZEN,0.932159,0.074836
SI_004_R06.png,SI,SI_004,6,7,FEW-SHOT,Scatterplot,Identificação,CONFORMING,CONFORMING,CONFORMING,CONFORMING,PENDING_BB,DIAGNOSTIC_OK,NOT_APPLICABLE,NOT_APPLICABLE,NOT_APPLICABLE,NO_FAILURE_SO_FAR,PENDING_FINALIZATION,AUTO_FROZEN,0.976917,0.053154
SI_004_R07.png,SI,SI_004,7,7,FEW-SHOT,Scatterplot,Identificação,CONFORMING,CONFORMING,CONFORMING,CONFORMING,PENDING_BB,DIAGNOSTIC_OK,NOT_APPLICABLE,NOT_APPLICABLE,NOT_APPLICABLE,NO_FAILURE_SO_FAR,PENDING_FINALIZATION,AUTO_FROZEN,0.981019,0.040697
SI_004_R08.png,SI,SI_004,8,7,FEW-SHOT,Scatterplot,Identificação,CONFORMING,CONFORMING,CONFORMING,CONFORMING,PENDING_BB,DIAGNOSTIC_OK,NOT_APPLICABLE,NOT_APPLICABLE,NOT_APPLICABLE,NO_FAILURE_SO_FAR,PENDING_FINALIZATION,AUTO_FROZEN,0.981047,0.039428
SI_004_R09.png,SI,SI_004,9,7,FEW-SHOT,Scatterplot,Identificação,CONFORMING,CONFORMING,CONFORMING,CONFORMING,PENDING_BB,DIAGNOSTIC_OK,NOT_APPLICABLE,NOT_APPLICABLE,NOT_APPLICABLE,NO_FAILURE_SO_FAR,PENDING_FINALIZATION,AUTO_FROZEN,0.981033,0.053154
SI_004_R10.png,SI,SI_004,10,7,FEW-SHOT,Scatterplot,Identificação,CONFORMING,CONFORMING,CONFORMING,CONFORMING,PENDING_BB,DIAGNOSTIC_OK,NOT_APPLICABLE,NOT_APPLICABLE,NOT_APPLICABLE,NO_FAILURE_SO_FAR,PENDING_FINALIZATION,AUTO_FROZEN,0.980825,0.056095
SI_005_R01.png,SI,SI_005,1,8,FEW-SHOT,Scatterplot,Identificação,CONFORMING,CONFORMING,CONFORMING,CONFORMING,PENDING_BB,DIAGNOSTIC_OK,NOT_APPLICABLE,NOT_APPLICABLE,NOT_APPLICABLE,NO_FAILURE_SO_FAR,PENDING_FINALIZATION,AUTO_FROZEN,0.752846,0.002708
SI_005_R02.png,SI,SI_005,2,8,FEW-SHOT,Scatterplot,Identificação,CONFORMING,CONFORMING,CONFORMING,CONFORMING,PENDING_BB,DIAGNOSTIC_OK,NOT_APPLICABLE,NOT_APPLICABLE,NOT_APPLICABLE,NO_FAILURE_SO_FAR,PENDING_FINALIZATION,AUTO_FROZEN,0.980825,0.056095
SI_005_R03.png,SI,SI_005,3,8,FEW-SHOT,Scatterplot,Identificação,CONFORMING,CONFORMING,CONFORMING,CONFORMING,PENDING_BB,DIAGNOSTIC_OK,NOT_APPLICABLE,NOT_APPLICABLE,NOT_APPLICABLE,NO_FAILURE_SO_FAR,PENDING_FINALIZATION,AUTO_FROZEN,0.980825,0.056095
SI_005_R04.png,SI,SI_005,4,8,FEW-SHOT,Scatterplot,Identificação,CONFORMING,CONFORMING,CONFORMING,CONFORMING,PENDING_BB,DIAGNOSTIC_OK,NOT_APPLICABLE,NOT_APPLICABLE,NOT_APPLICABLE,NO_FAILURE_SO_FAR,PENDING_FINALIZATION,AUTO_FROZEN,0.980825,0.056095
SI_005_R05.png,SI,SI_005,5,8,FEW-SHOT,Scatterplot,Identificação,CONFORMING,CONFORMING,CONFORMING,CONFORMING,PENDING_BB,DIAGNOSTIC_OK,NOT_APPLICABLE,NOT_APPLICABLE,NOT_APPLICABLE,NO_FAILURE_SO_FAR,PENDING_FINALIZATION,AUTO_FROZEN,0.980825,0.056095
SI_005_R06.png,SI,SI_005,6,8,FEW-SHOT,Scatterplot,Identificação,CONFORMING,CONFORMING,CONFORMING,CONFORMING,PENDING_BB,DIAGNOSTIC_OK,NOT_APPLICABLE,NOT_APPLICABLE,NOT_APPLICABLE,NO_FAILURE_SO_FAR,PENDING_FINALIZATION,AUTO_FROZEN,0.980825,0.056095
SI_005_R07.png,SI,SI_005,7,8,FEW-SHOT,Scatterplot,Identificação,CONFORMING,CONFORMING,CONFORMING,CONFORMING,PENDING_BB,DIAGNOSTIC_OK,NOT_APPLICABLE,NOT_APPLICABLE,NOT_APPLICABLE,NO_FAILURE_SO_FAR,PENDING_FINALIZATION,AUTO_FROZEN,0.980825,0.056095
SI_005_R08.png,SI,SI_005,8,8,FEW-SHOT,Scatterplot,Identificação,CONFORMING,CONFORMING,CONFORMING,CONFORMING,PENDING_BB,DIAGNOSTIC_OK,NOT_APPLICABLE,NOT_APPLICABLE,NOT_APPLICABLE,NO_FAILURE_SO_FAR,PENDING_FINALIZATION,AUTO_FROZEN,0.980825,0.056095
SI_005_R09.png,SI,SI_005,9,8,FEW-SHOT,Scatterplot,Identificação,CONFORMING,CONFORMING,CONFORMING,CONFORMING,PENDING_BB,DIAGNOSTIC_OK,NOT_APPLICABLE,NOT_APPLICABLE,NOT_APPLICABLE,NO_FAILURE_SO_FAR,PENDING_FINALIZATION,AUTO_FROZEN,0.980825,0.056095
SI_005_R10.png,SI,SI_005,10,8,FEW-SHOT,Scatterplot,Identificação,CONFORMING,CONFORMING,CONFORMING,CONFORMING,PENDING_BB,DIAGNOSTIC_OK,NOT_APPLICABLE,NOT_APPLICABLE,NOT_APPLICABLE,NO_FAILURE_SO_FAR,PENDING_FINALIZATION,AUTO_FROZEN,0.980825,0.056095
SI_006_R01.png,SI,SI_006,1,9,FEW-SHOT,Scatterplot,Identificação,CONFORMING,CONFORMING,NONCONFORMING,CONFORMING,PENDING_BB,DIAGNOSTIC_OK,NONCONFORMING,NONCONFORMING,CONFORMING,NONCONFORMING,NONCONFORMING,AUTO_FROZEN,0.962925,0.056095
SI_006_R02.png,SI,SI_006,2,9,FEW-SHOT,Scatterplot,Identificação,CONFORMING,CONFORMING,CONFORMING,CONFORMING,PENDING_BB,DIAGNOSTIC_OK,CONFORMING,CONFORMING,CONFORMING,NO_FAILURE_SO_FAR,PENDING_FINALIZATION,AUTO_FROZEN,0.981914,0.003125
SI_006_R03.png,SI,SI_006,3,9,FEW-SHOT,Scatterplot,Identificação,CONFORMING,CONFORMING,CONFORMING,CONFORMING,PENDING_BB,DIAGNOSTIC_OK,CONFORMING,CONFORMING,CONFORMING,NO_FAILURE_SO_FAR,PENDING_FINALIZATION,AUTO_FROZEN,0.981914,0.003125
SI_006_R04.png,SI,SI_006,4,9,FEW-SHOT,Scatterplot,Identificação,CONFORMING,CONFORMING,CONFORMING,CONFORMING,PENDING_BB,DIAGNOSTIC_OK,CONFORMING,CONFORMING,CONFORMING,NO_FAILURE_SO_FAR,PENDING_FINALIZATION,AUTO_FROZEN,0.981914,0.003125
SI_006_R05.png,SI,SI_006,5,9,FEW-SHOT,Scatterplot,Identificação,CONFORMING,CONFORMING,CONFORMING,CONFORMING,PENDING_BB,DIAGNOSTIC_OK,CONFORMING,CONFORMING,CONFORMING,NO_FAILURE_SO_FAR,PENDING_FINALIZATION,AUTO_FROZEN,0.981914,0.003125
SI_006_R06.png,SI,SI_006,6,9,FEW-SHOT,Scatterplot,Identificação,CONFORMING,CONFORMING,CONFORMING,CONFORMING,PENDING_BB,DIAGNOSTIC_OK,CONFORMING,CONFORMING,CONFORMING,NO_FAILURE_SO_FAR,PENDING_FINALIZATION,AUTO_FROZEN,0.981914,0.003125
SI_006_R07.png,SI,SI_006,7,9,FEW-SHOT,Scatterplot,Identificação,CONFORMING,CONFORMING,CONFORMING,CONFORMING,PENDING_BB,DIAGNOSTIC_OK,CONFORMING,CONFORMING,CONFORMING,NO_FAILURE_SO_FAR,PENDING_FINALIZATION,AUTO_FROZEN,0.981914,0.003125
SI_006_R08.png,SI,SI_006,8,9,FEW-SHOT,Scatterplot,Identificação,CONFORMING,CONFORMING,CONFORMING,CONFORMING,PENDING_BB,DIAGNOSTIC_OK,CONFORMING,CONFORMING,CONFORMING,NO_FAILURE_SO_FAR,PENDING_FINALIZATION,AUTO_FROZEN,0.981914,0.003125
SI_006_R09.png,SI,SI_006,9,9,FEW-SHOT,Scatterplot,Identificação,CONFORMING,CONFORMING,CONFORMING,CONFORMING,PENDING_BB,DIAGNOSTIC_OK,CONFORMING,CONFORMING,CONFORMING,NO_FAILURE_SO_FAR,PENDING_FINALIZATION,AUTO_FROZEN,0.981914,0.003125
SI_006_R10.png,SI,SI_006,10,9,FEW-SHOT,Scatterplot,Identificação,CONFORMING,CONFORMING,CONFORMING,CONFORMING,PENDING_BB,DIAGNOSTIC_OK,CONFORMING,CONFORMING,CONFORMING,NO_FAILURE_SO_FAR,PENDING_FINALIZATION,AUTO_FROZEN,0.981914,0.003125
SI_007_R01.png,SI,SI_007,1,10,FEW-SHOT,Scatterplot,Identificação,CONFORMING,CONFORMING,CONFORMING,CONFORMING,PENDING_BB,DIAGNOSTIC_OK,NOT_APPLICABLE,NOT_APPLICABLE,NOT_APPLICABLE,NO_FAILURE_SO_FAR,PENDING_FINALIZATION,AUTO_FROZEN,0.96789,0.053778
SI_007_R02.png,SI,SI_007,2,10,FEW-SHOT,Scatterplot,Identificação,CONFORMING,CONFORMING,CONFORMING,CONFORMING,PENDING_BB,DIAGNOSTIC_OK,NOT_APPLICABLE,NOT_APPLICABLE,NOT_APPLICABLE,NO_FAILURE_SO_FAR,PENDING_FINALIZATION,AUTO_FROZEN,0.968097,0.051825
SI_007_R03.png,SI,SI_007,3,10,FEW-SHOT,Scatterplot,Identificação,CONFORMING,CONFORMING,CONFORMING,CONFORMING,PENDING_BB,DIAGNOSTIC_OK,NOT_APPLICABLE,NOT_APPLICABLE,NOT_APPLICABLE,NO_FAILURE_SO_FAR,PENDING_FINALIZATION,AUTO_FROZEN,0.968097,0.051825
SI_007_R04.png,SI,SI_007,4,10,FEW-SHOT,Scatterplot,Identificação,CONFORMING,CONFORMING,CONFORMING,CONFORMING,PENDING_BB,DIAGNOSTIC_OK,NOT_APPLICABLE,NOT_APPLICABLE,NOT_APPLICABLE,NO_FAILURE_SO_FAR,PENDING_FINALIZATION,AUTO_FROZEN,0.968097,0.051825
SI_007_R05.png,SI,SI_007,5,10,FEW-SHOT,Scatterplot,Identificação,CONFORMING,CONFORMING,CONFORMING,CONFORMING,PENDING_BB,DIAGNOSTIC_OK,NOT_APPLICABLE,NOT_APPLICABLE,NOT_APPLICABLE,NO_FAILURE_SO_FAR,PENDING_FINALIZATION,AUTO_FROZEN,0.968097,0.051825
SI_007_R06.png,SI,SI_007,6,10,FEW-SHOT,Scatterplot,Identificação,CONFORMING,CONFORMING,CONFORMING,CONFORMING,PENDING_BB,DIAGNOSTIC_OK,NOT_APPLICABLE,NOT_APPLICABLE,NOT_APPLICABLE,NO_FAILURE_SO_FAR,PENDING_FINALIZATION,AUTO_FROZEN,0.968097,0.051825
SI_007_R07.png,SI,SI_007,7,10,FEW-SHOT,Scatterplot,Identificação,CONFORMING,CONFORMING,CONFORMING,CONFORMING,PENDING_BB,DIAGNOSTIC_OK,NOT_APPLICABLE,NOT_APPLICABLE,NOT_APPLICABLE,NO_FAILURE_SO_FAR,PENDING_FINALIZATION,AUTO_FROZEN,0.968097,0.051825
SI_007_R08.png,SI,SI_007,8,10,FEW-SHOT,Scatterplot,Identificação,CONFORMING,CONFORMING,CONFORMING,CONFORMING,PENDING_BB,DIAGNOSTIC_OK,NOT_APPLICABLE,NOT_APPLICABLE,NOT_APPLICABLE,NO_FAILURE_SO_FAR,PENDING_FINALIZATION,AUTO_FROZEN,0.968097,0.051825
SI_007_R09.png,SI,SI_007,9,10,FEW-SHOT,Scatterplot,Identificação,CONFORMING,CONFORMING,CONFORMING,CONFORMING,PENDING_BB,DIAGNOSTIC_OK,NOT_APPLICABLE,NOT_APPLICABLE,NOT_APPLICABLE,NO_FAILURE_SO_FAR,PENDING_FINALIZATION,AUTO_FROZEN,0.968097,0.051825
SI_007_R10.png,SI,SI_007,10,10,FEW-SHOT,Scatterplot,Identificação,CONFORMING,CONFORMING,CONFORMING,CONFORMING,PENDING_BB,DIAGNOSTIC_OK,NOT_APPLICABLE,NOT_APPLICABLE,NOT_APPLICABLE,NO_FAILURE_SO_FAR,PENDING_FINALIZATION,AUTO_FROZEN,0.968097,0.051825
SI_008_R01.png,SI,SI_008,1,11,FEW-SHOT,Scatterplot,Identificação,CONFORMING,CONFORMING,CONFORMING,CONFORMING,PENDING_BB,DIAGNOSTIC_OK,NOT_APPLICABLE,NOT_APPLICABLE,NOT_APPLICABLE,NO_FAILURE_SO_FAR,PENDING_FINALIZATION,AUTO_FROZEN,0.983012,0.003125
SI_008_R02.png,SI,SI_008,2,11,FEW-SHOT,Scatterplot,Identificação,CONFORMING,CONFORMING,CONFORMING,CONFORMING,PENDING_BB,DIAGNOSTIC_OK,NOT_APPLICABLE,NOT_APPLICABLE,NOT_APPLICABLE,NO_FAILURE_SO_FAR,PENDING_FINALIZATION,AUTO_FROZEN,0.955078,0.044375
SI_008_R03.png,SI,SI_008,3,11,FEW-SHOT,Scatterplot,Identificação,CONFORMING,CONFORMING,CONFORMING,CONFORMING,PENDING_BB,DIAGNOSTIC_OK,NOT_APPLICABLE,NOT_APPLICABLE,NOT_APPLICABLE,NO_FAILURE_SO_FAR,PENDING_FINALIZATION,AUTO_FROZEN,0.955078,0.044375
SI_008_R04.png,SI,SI_008,4,11,FEW-SHOT,Scatterplot,Identificação,CONFORMING,CONFORMING,CONFORMING,CONFORMING,PENDING_BB,DIAGNOSTIC_OK,NOT_APPLICABLE,NOT_APPLICABLE,NOT_APPLICABLE,NO_FAILURE_SO_FAR,PENDING_FINALIZATION,AUTO_FROZEN,0.955078,0.044375
SI_008_R05.png,SI,SI_008,5,11,FEW-SHOT,Scatterplot,Identificação,CONFORMING,CONFORMING,CONFORMING,CONFORMING,PENDING_BB,DIAGNOSTIC_OK,NOT_APPLICABLE,NOT_APPLICABLE,NOT_APPLICABLE,NO_FAILURE_SO_FAR,PENDING_FINALIZATION,AUTO_FROZEN,0.955078,0.044375
SI_008_R06.png,SI,SI_008,6,11,FEW-SHOT,Scatterplot,Identificação,CONFORMING,CONFORMING,CONFORMING,CONFORMING,PENDING_BB,DIAGNOSTIC_OK,NOT_APPLICABLE,NOT_APPLICABLE,NOT_APPLICABLE,NO_FAILURE_SO_FAR,PENDING_FINALIZATION,AUTO_FROZEN,0.955078,0.044375
SI_008_R07.png,SI,SI_008,7,11,FEW-SHOT,Scatterplot,Identificação,CONFORMING,CONFORMING,CONFORMING,CONFORMING,PENDING_BB,DIAGNOSTIC_OK,NOT_APPLICABLE,NOT_APPLICABLE,NOT_APPLICABLE,NO_FAILURE_SO_FAR,PENDING_FINALIZATION,AUTO_FROZEN,0.955078,0.044375
SI_008_R08.png,SI,SI_008,8,11,FEW-SHOT,Scatterplot,Identificação,CONFORMING,CONFORMING,CONFORMING,CONFORMING,PENDING_BB,DIAGNOSTIC_OK,NOT_APPLICABLE,NOT_APPLICABLE,NOT_APPLICABLE,NO_FAILURE_SO_FAR,PENDING_FINALIZATION,AUTO_FROZEN,0.955078,0.044375
SI_008_R09.png,SI,SI_008,9,11,FEW-SHOT,Scatterplot,Identificação,CONFORMING,CONFORMING,CONFORMING,CONFORMING,PENDING_BB,DIAGNOSTIC_OK,NOT_APPLICABLE,NOT_APPLICABLE,NOT_APPLICABLE,NO_FAILURE_SO_FAR,PENDING_FINALIZATION,AUTO_FROZEN,0.955078,0.044375
SI_008_R10.png,SI,SI_008,10,11,FEW-SHOT,Scatterplot,Identificação,CONFORMING,CONFORMING,CONFORMING,CONFORMING,PENDING_BB,DIAGNOSTIC_OK,NOT_APPLICABLE,NOT_APPLICABLE,NOT_APPLICABLE,NO_FAILURE_SO_FAR,PENDING_FINALIZATION,AUTO_FROZEN,0.955078,0.044375
SI_009_R01.png,SI,SI_009,1,12,FEW-SHOT,Scatterplot,Identificação,CONFORMING,CONFORMING,CONFORMING,CONFORMING,PENDING_BB,DIAGNOSTIC_OK,NOT_APPLICABLE,NOT_APPLICABLE,NOT_APPLICABLE,NO_FAILURE_SO_FAR,PENDING_FINALIZATION,AUTO_FROZEN,1.0,0.059434
SI_009_R02.png,SI,SI_009,2,12,FEW-SHOT,Scatterplot,Identificação,CONFORMING,CONFORMING,CONFORMING,CONFORMING,PENDING_BB,DIAGNOSTIC_OK,NOT_APPLICABLE,NOT_APPLICABLE,NOT_APPLICABLE,NO_FAILURE_SO_FAR,PENDING_FINALIZATION,AUTO_FROZEN,0.979363,0.055645
SI_009_R03.png,SI,SI_009,3,12,FEW-SHOT,Scatterplot,Identificação,CONFORMING,CONFORMING,CONFORMING,CONFORMING,PENDING_BB,DIAGNOSTIC_OK,NOT_APPLICABLE,NOT_APPLICABLE,NOT_APPLICABLE,NO_FAILURE_SO_FAR,PENDING_FINALIZATION,AUTO_FROZEN,0.979363,0.055645
SI_009_R04.png,SI,SI_009,4,12,FEW-SHOT,Scatterplot,Identificação,CONFORMING,CONFORMING,CONFORMING,CONFORMING,PENDING_BB,DIAGNOSTIC_OK,NOT_APPLICABLE,NOT_APPLICABLE,NOT_APPLICABLE,NO_FAILURE_SO_FAR,PENDING_FINALIZATION,AUTO_FROZEN,0.979363,0.055645
SI_009_R05.png,SI,SI_009,5,12,FEW-SHOT,Scatterplot,Identificação,CONFORMING,CONFORMING,CONFORMING,CONFORMING,PENDING_BB,DIAGNOSTIC_OK,NOT_APPLICABLE,NOT_APPLICABLE,NOT_APPLICABLE,NO_FAILURE_SO_FAR,PENDING_FINALIZATION,AUTO_FROZEN,0.979363,0.055645
SI_009_R06.png,SI,SI_009,6,12,FEW-SHOT,Scatterplot,Identificação,CONFORMING,CONFORMING,CONFORMING,CONFORMING,PENDING_BB,DIAGNOSTIC_OK,NOT_APPLICABLE,NOT_APPLICABLE,NOT_APPLICABLE,NO_FAILURE_SO_FAR,PENDING_FINALIZATION,AUTO_FROZEN,0.979363,0.055645
SI_009_R07.png,SI,SI_009,7,12,FEW-SHOT,Scatterplot,Identificação,CONFORMING,CONFORMING,CONFORMING,CONFORMING,PENDING_BB,DIAGNOSTIC_OK,NOT_APPLICABLE,NOT_APPLICABLE,NOT_APPLICABLE,NO_FAILURE_SO_FAR,PENDING_FINALIZATION,AUTO_FROZEN,0.979363,0.055645
SI_009_R08.png,SI,SI_009,8,12,FEW-SHOT,Scatterplot,Identificação,CONFORMING,CONFORMING,CONFORMING,CONFORMING,PENDING_BB,DIAGNOSTIC_OK,NOT_APPLICABLE,NOT_APPLICABLE,NOT_APPLICABLE,NO_FAILURE_SO_FAR,PENDING_FINALIZATION,AUTO_FROZEN,0.979363,0.055645
SI_009_R09.png,SI,SI_009,9,12,FEW-SHOT,Scatterplot,Identificação,CONFORMING,CONFORMING,CONFORMING,CONFORMING,PENDING_BB,DIAGNOSTIC_OK,NOT_APPLICABLE,NOT_APPLICABLE,NOT_APPLICABLE,NO_FAILURE_SO_FAR,PENDING_FINALIZATION,AUTO_FROZEN,0.979363,0.055645
SI_009_R10.png,SI,SI_009,10,12,FEW-SHOT,Scatterplot,Identificação,CONFORMING,CONFORMING,CONFORMING,CONFORMING,PENDING_BB,DIAGNOSTIC_OK,NOT_APPLICABLE,NOT_APPLICABLE,NOT_APPLICABLE,NO_FAILURE_SO_FAR,PENDING_FINALIZATION,AUTO_FROZEN,0.979363,0.055645
SI_010_R01.png,SI,SI_010,1,13,FEW-SHOT,Scatterplot,Identificação,CONFORMING,CONFORMING,NONCONFORMING,CONFORMING,PENDING_BB,DIAGNOSTIC_OK,CONFORMING,CONFORMING,NOT_APPLICABLE,NONCONFORMING,NONCONFORMING,AUTO_FROZEN,0.916725,0.085742
SI_010_R02.png,SI,SI_010,2,13,FEW-SHOT,Scatterplot,Identificação,CONFORMING,CONFORMING,CONFORMING,CONFORMING,PENDING_BB,DIAGNOSTIC_OK,CONFORMING,CONFORMING,NOT_APPLICABLE,NO_FAILURE_SO_FAR,PENDING_FINALIZATION,AUTO_FROZEN,0.994249,0.056095
SI_010_R03.png,SI,SI_010,3,13,FEW-SHOT,Scatterplot,Identificação,CONFORMING,CONFORMING,CONFORMING,CONFORMING,PENDING_BB,DIAGNOSTIC_OK,CONFORMING,CONFORMING,NOT_APPLICABLE,NO_FAILURE_SO_FAR,PENDING_FINALIZATION,AUTO_FROZEN,0.994249,0.056095
SI_010_R04.png,SI,SI_010,4,13,FEW-SHOT,Scatterplot,Identificação,CONFORMING,CONFORMING,CONFORMING,CONFORMING,PENDING_BB,DIAGNOSTIC_OK,CONFORMING,CONFORMING,NOT_APPLICABLE,NO_FAILURE_SO_FAR,PENDING_FINALIZATION,AUTO_FROZEN,0.994249,0.056095
SI_010_R05.png,SI,SI_010,5,13,FEW-SHOT,Scatterplot,Identificação,CONFORMING,CONFORMING,CONFORMING,CONFORMING,PENDING_BB,DIAGNOSTIC_OK,CONFORMING,CONFORMING,NOT_APPLICABLE,NO_FAILURE_SO_FAR,PENDING_FINALIZATION,AUTO_FROZEN,0.994249,0.056095
SI_010_R06.png,SI,SI_010,6,13,FEW-SHOT,Scatterplot,Identificação,CONFORMING,CONFORMING,CONFORMING,CONFORMING,PENDING_BB,DIAGNOSTIC_OK,CONFORMING,CONFORMING,NOT_APPLICABLE,NO_FAILURE_SO_FAR,PENDING_FINALIZATION,AUTO_FROZEN,0.994249,0.056095
SI_010_R07.png,SI,SI_010,7,13,FEW-SHOT,Scatterplot,Identificação,CONFORMING,CONFORMING,CONFORMING,CONFORMING,PENDING_BB,DIAGNOSTIC_OK,CONFORMING,CONFORMING,NOT_APPLICABLE,NO_FAILURE_SO_FAR,PENDING_FINALIZATION,AUTO_FROZEN,0.994249,0.056095
SI_010_R08.png,SI,SI_010,8,13,FEW-SHOT,Scatterplot,Identificação,CONFORMING,CONFORMING,CONFORMING,CONFORMING,PENDING_BB,DIAGNOSTIC_OK,CONFORMING,CONFORMING,NOT_APPLICABLE,NO_FAILURE_SO_FAR,PENDING_FINALIZATION,AUTO_FROZEN,0.994249,0.056095
SI_010_R09.png,SI,SI_010,9,13,FEW-SHOT,Scatterplot,Identificação,CONFORMING,CONFORMING,CONFORMING,CONFORMING,PENDING_BB,DIAGNOSTIC_OK,CONFORMING,CONFORMING,NOT_APPLICABLE,NO_FAILURE_SO_FAR,PENDING_FINALIZATION,AUTO_FROZEN,0.994249,0.056095
SI_010_R10.png,SI,SI_010,10,13,FEW-SHOT,Scatterplot,Identificação,CONFORMING,CONFORMING,CONFORMING,CONFORMING,PENDING_BB,DIAGNOSTIC_OK,CONFORMING,CONFORMING,NOT_APPLICABLE,NO_FAILURE_SO_FAR,PENDING_FINALIZATION,AUTO_FROZEN,0.994249,0.056095
SI_011_R01.png,SI,SI_011,1,14,FEW-SHOT,Scatterplot,Identificação,CONFORMING,CONFORMING,NONCONFORMING,CONFORMING,PENDING_BB,DIAGNOSTIC_OK,NOT_APPLICABLE,NOT_APPLICABLE,NOT_APPLICABLE,NONCONFORMING,NONCONFORMING,AUTO_FROZEN,1.0,0.071744
SI_011_R02.png,SI,SI_011,2,14,FEW-SHOT,Scatterplot,Identificação,CONFORMING,CONFORMING,CONFORMING,CONFORMING,PENDING_BB,DIAGNOSTIC_OK,NOT_APPLICABLE,NOT_APPLICABLE,NOT_APPLICABLE,NO_FAILURE_SO_FAR,PENDING_FINALIZATION,AUTO_FROZEN,0.983012,0.003125
SI_011_R03.png,SI,SI_011,3,14,FEW-SHOT,Scatterplot,Identificação,CONFORMING,CONFORMING,CONFORMING,CONFORMING,PENDING_BB,DIAGNOSTIC_OK,NOT_APPLICABLE,NOT_APPLICABLE,NOT_APPLICABLE,NO_FAILURE_SO_FAR,PENDING_FINALIZATION,AUTO_FROZEN,0.983012,0.003125
SI_011_R04.png,SI,SI_011,4,14,FEW-SHOT,Scatterplot,Identificação,CONFORMING,CONFORMING,CONFORMING,CONFORMING,PENDING_BB,DIAGNOSTIC_OK,NOT_APPLICABLE,NOT_APPLICABLE,NOT_APPLICABLE,NO_FAILURE_SO_FAR,PENDING_FINALIZATION,AUTO_FROZEN,0.983012,0.003125
SI_011_R05.png,SI,SI_011,5,14,FEW-SHOT,Scatterplot,Identificação,CONFORMING,CONFORMING,CONFORMING,CONFORMING,PENDING_BB,DIAGNOSTIC_OK,NOT_APPLICABLE,NOT_APPLICABLE,NOT_APPLICABLE,NO_FAILURE_SO_FAR,PENDING_FINALIZATION,AUTO_FROZEN,0.983012,0.003125
SI_011_R06.png,SI,SI_011,6,14,FEW-SHOT,Scatterplot,Identificação,CONFORMING,CONFORMING,CONFORMING,CONFORMING,PENDING_BB,DIAGNOSTIC_OK,NOT_APPLICABLE,NOT_APPLICABLE,NOT_APPLICABLE,NO_FAILURE_SO_FAR,PENDING_FINALIZATION,AUTO_FROZEN,0.983012,0.003125
SI_011_R07.png,SI,SI_011,7,14,FEW-SHOT,Scatterplot,Identificação,CONFORMING,CONFORMING,CONFORMING,CONFORMING,PENDING_BB,DIAGNOSTIC_OK,NOT_APPLICABLE,NOT_APPLICABLE,NOT_APPLICABLE,NO_FAILURE_SO_FAR,PENDING_FINALIZATION,AUTO_FROZEN,0.983012,0.003125
SI_011_R08.png,SI,SI_011,8,14,FEW-SHOT,Scatterplot,Identificação,CONFORMING,CONFORMING,CONFORMING,CONFORMING,PENDING_BB,DIAGNOSTIC_OK,NOT_APPLICABLE,NOT_APPLICABLE,NOT_APPLICABLE,NO_FAILURE_SO_FAR,PENDING_FINALIZATION,AUTO_FROZEN,0.983012,0.003125
SI_011_R09.png,SI,SI_011,9,14,FEW-SHOT,Scatterplot,Identificação,CONFORMING,CONFORMING,CONFORMING,CONFORMING,PENDING_BB,DIAGNOSTIC_OK,NOT_APPLICABLE,NOT_APPLICABLE,NOT_APPLICABLE,NO_FAILURE_SO_FAR,PENDING_FINALIZATION,AUTO_FROZEN,0.983012,0.003125
SI_011_R10.png,SI,SI_011,10,14,FEW-SHOT,Scatterplot,Identificação,CONFORMING,CONFORMING,CONFORMING,CONFORMING,PENDING_BB,DIAGNOSTIC_OK,NOT_APPLICABLE,NOT_APPLICABLE,NOT_APPLICABLE,NO_FAILURE_SO_FAR,PENDING_FINALIZATION,AUTO_FROZEN,0.983012,0.003125
SI_012_R01.png,SI,SI_012,1,15,FEW-SHOT,Scatterplot,Identificação,CONFORMING,CONFORMING,CONFORMING,CONFORMING,PENDING_BB,DIAGNOSTIC_OK,NOT_APPLICABLE,NOT_APPLICABLE,NOT_APPLICABLE,NO_FAILURE_SO_FAR,PENDING_FINALIZATION,AUTO_FROZEN,0.980825,0.056095
SI_012_R02.png,SI,SI_012,2,15,FEW-SHOT,Scatterplot,Identificação,CONFORMING,CONFORMING,CONFORMING,CONFORMING,PENDING_BB,DIAGNOSTIC_OK,NOT_APPLICABLE,NOT_APPLICABLE,NOT_APPLICABLE,NO_FAILURE_SO_FAR,PENDING_FINALIZATION,AUTO_FROZEN,0.983012,0.003125
SI_012_R03.png,SI,SI_012,3,15,FEW-SHOT,Scatterplot,Identificação,CONFORMING,CONFORMING,CONFORMING,CONFORMING,PENDING_BB,DIAGNOSTIC_OK,NOT_APPLICABLE,NOT_APPLICABLE,NOT_APPLICABLE,NO_FAILURE_SO_FAR,PENDING_FINALIZATION,AUTO_FROZEN,0.983012,0.003125
SI_012_R04.png,SI,SI_012,4,15,FEW-SHOT,Scatterplot,Identificação,CONFORMING,CONFORMING,CONFORMING,CONFORMING,PENDING_BB,DIAGNOSTIC_OK,NOT_APPLICABLE,NOT_APPLICABLE,NOT_APPLICABLE,NO_FAILURE_SO_FAR,PENDING_FINALIZATION,AUTO_FROZEN,0.983012,0.003125
SI_012_R05.png,SI,SI_012,5,15,FEW-SHOT,Scatterplot,Identificação,CONFORMING,CONFORMING,CONFORMING,CONFORMING,PENDING_BB,DIAGNOSTIC_OK,NOT_APPLICABLE,NOT_APPLICABLE,NOT_APPLICABLE,NO_FAILURE_SO_FAR,PENDING_FINALIZATION,AUTO_FROZEN,0.983012,0.003125
SI_012_R06.png,SI,SI_012,6,15,FEW-SHOT,Scatterplot,Identificação,CONFORMING,CONFORMING,CONFORMING,CONFORMING,PENDING_BB,DIAGNOSTIC_OK,NOT_APPLICABLE,NOT_APPLICABLE,NOT_APPLICABLE,NO_FAILURE_SO_FAR,PENDING_FINALIZATION,AUTO_FROZEN,0.983012,0.003125
SI_012_R07.png,SI,SI_012,7,15,FEW-SHOT,Scatterplot,Identificação,CONFORMING,CONFORMING,CONFORMING,CONFORMING,PENDING_BB,DIAGNOSTIC_OK,NOT_APPLICABLE,NOT_APPLICABLE,NOT_APPLICABLE,NO_FAILURE_SO_FAR,PENDING_FINALIZATION,AUTO_FROZEN,0.983012,0.003125
SI_012_R08.png,SI,SI_012,8,15,FEW-SHOT,Scatterplot,Identificação,CONFORMING,CONFORMING,CONFORMING,CONFORMING,PENDING_BB,DIAGNOSTIC_OK,NOT_APPLICABLE,NOT_APPLICABLE,NOT_APPLICABLE,NO_FAILURE_SO_FAR,PENDING_FINALIZATION,AUTO_FROZEN,0.983012,0.003125
SI_012_R09.png,SI,SI_012,9,15,FEW-SHOT,Scatterplot,Identificação,CONFORMING,CONFORMING,CONFORMING,CONFORMING,PENDING_BB,DIAGNOSTIC_OK,NOT_APPLICABLE,NOT_APPLICABLE,NOT_APPLICABLE,NO_FAILURE_SO_FAR,PENDING_FINALIZATION,AUTO_FROZEN,0.983012,0.003125
SI_012_R10.png,SI,SI_012,10,15,FEW-SHOT,Scatterplot,Identificação,CONFORMING,CONFORMING,CONFORMING,CONFORMING,PENDING_BB,DIAGNOSTIC_OK,NOT_APPLICABLE,NOT_APPLICABLE,NOT_APPLICABLE,NO_FAILURE_SO_FAR,PENDING_FINALIZATION,AUTO_FROZEN,0.983012,0.003125
SI_013_R01.png,SI,SI_013,1,16,FEW-SHOT,Scatterplot,Identificação,CONFORMING,CONFORMING,CONFORMING,CONFORMING,PENDING_BB,DIAGNOSTIC_OK,NOT_APPLICABLE,NOT_APPLICABLE,NOT_APPLICABLE,NO_FAILURE_SO_FAR,PENDING_FINALIZATION,AUTO_FROZEN,0.982188,0.056563
SI_013_R02.png,SI,SI_013,2,16,FEW-SHOT,Scatterplot,Identificação,CONFORMING,CONFORMING,CONFORMING,CONFORMING,PENDING_BB,DIAGNOSTIC_OK,NOT_APPLICABLE,NOT_APPLICABLE,NOT_APPLICABLE,NO_FAILURE_SO_FAR,PENDING_FINALIZATION,AUTO_FROZEN,0.980825,0.056095
SI_013_R03.png,SI,SI_013,3,16,FEW-SHOT,Scatterplot,Identificação,CONFORMING,CONFORMING,CONFORMING,CONFORMING,PENDING_BB,DIAGNOSTIC_OK,NOT_APPLICABLE,NOT_APPLICABLE,NOT_APPLICABLE,NO_FAILURE_SO_FAR,PENDING_FINALIZATION,AUTO_FROZEN,0.980825,0.056095
SI_013_R04.png,SI,SI_013,4,16,FEW-SHOT,Scatterplot,Identificação,CONFORMING,CONFORMING,CONFORMING,CONFORMING,PENDING_BB,DIAGNOSTIC_OK,NOT_APPLICABLE,NOT_APPLICABLE,NOT_APPLICABLE,NO_FAILURE_SO_FAR,PENDING_FINALIZATION,AUTO_FROZEN,0.980825,0.056095
SI_013_R05.png,SI,SI_013,5,16,FEW-SHOT,Scatterplot,Identificação,CONFORMING,CONFORMING,CONFORMING,CONFORMING,PENDING_BB,DIAGNOSTIC_OK,NOT_APPLICABLE,NOT_APPLICABLE,NOT_APPLICABLE,NO_FAILURE_SO_FAR,PENDING_FINALIZATION,AUTO_FROZEN,0.980825,0.056095
SI_013_R06.png,SI,SI_013,6,16,FEW-SHOT,Scatterplot,Identificação,CONFORMING,CONFORMING,CONFORMING,CONFORMING,PENDING_BB,DIAGNOSTIC_OK,NOT_APPLICABLE,NOT_APPLICABLE,NOT_APPLICABLE,NO_FAILURE_SO_FAR,PENDING_FINALIZATION,AUTO_FROZEN,0.980825,0.056095
SI_013_R07.png,SI,SI_013,7,16,FEW-SHOT,Scatterplot,Identificação,CONFORMING,CONFORMING,CONFORMING,CONFORMING,PENDING_BB,DIAGNOSTIC_OK,NOT_APPLICABLE,NOT_APPLICABLE,NOT_APPLICABLE,NO_FAILURE_SO_FAR,PENDING_FINALIZATION,AUTO_FROZEN,0.980825,0.056095
SI_013_R08.png,SI,SI_013,8,16,FEW-SHOT,Scatterplot,Identificação,CONFORMING,CONFORMING,CONFORMING,CONFORMING,PENDING_BB,DIAGNOSTIC_OK,NOT_APPLICABLE,NOT_APPLICABLE,NOT_APPLICABLE,NO_FAILURE_SO_FAR,PENDING_FINALIZATION,AUTO_FROZEN,0.980825,0.056095
SI_013_R09.png,SI,SI_013,9,16,FEW-SHOT,Scatterplot,Identificação,CONFORMING,CONFORMING,CONFORMING,CONFORMING,PENDING_BB,DIAGNOSTIC_OK,NOT_APPLICABLE,NOT_APPLICABLE,NOT_APPLICABLE,NO_FAILURE_SO_FAR,PENDING_FINALIZATION,AUTO_FROZEN,0.980825,0.056095
SI_013_R10.png,SI,SI_013,10,16,FEW-SHOT,Scatterplot,Identificação,CONFORMING,CONFORMING,CONFORMING,CONFORMING,PENDING_BB,DIAGNOSTIC_OK,NOT_APPLICABLE,NOT_APPLICABLE,NOT_APPLICABLE,NO_FAILURE_SO_FAR,PENDING_FINALIZATION,AUTO_FROZEN,0.980825,0.056095
SI_014_R01.png,SI,SI_014,1,1,HIBRIDO,Scatterplot,Identificação,CONFORMING,CONFORMING,CONFORMING,CONFORMING,PENDING_BB,DIAGNOSTIC_OK,NOT_APPLICABLE,NOT_APPLICABLE,NOT_APPLICABLE,NO_FAILURE_SO_FAR,PENDING_FINALIZATION,AUTO_FROZEN,0.968137,0.056095
SI_014_R02.png,SI,SI_014,2,1,HIBRIDO,Scatterplot,Identificação,CONFORMING,CONFORMING,CONFORMING,CONFORMING,PENDING_BB,DIAGNOSTIC_OK,NOT_APPLICABLE,NOT_APPLICABLE,NOT_APPLICABLE,NO_FAILURE_SO_FAR,PENDING_FINALIZATION,AUTO_FROZEN,0.970148,0.057396
SI_014_R03.png,SI,SI_014,3,1,HIBRIDO,Scatterplot,Identificação,CONFORMING,CONFORMING,CONFORMING,CONFORMING,PENDING_BB,DIAGNOSTIC_OK,NOT_APPLICABLE,NOT_APPLICABLE,NOT_APPLICABLE,NO_FAILURE_SO_FAR,PENDING_FINALIZATION,AUTO_FROZEN,0.970148,0.057396
SI_014_R04.png,SI,SI_014,4,1,HIBRIDO,Scatterplot,Identificação,CONFORMING,CONFORMING,CONFORMING,CONFORMING,PENDING_BB,DIAGNOSTIC_OK,NOT_APPLICABLE,NOT_APPLICABLE,NOT_APPLICABLE,NO_FAILURE_SO_FAR,PENDING_FINALIZATION,AUTO_FROZEN,0.970148,0.057396
SI_014_R05.png,SI,SI_014,5,1,HIBRIDO,Scatterplot,Identificação,CONFORMING,CONFORMING,CONFORMING,CONFORMING,PENDING_BB,DIAGNOSTIC_OK,NOT_APPLICABLE,NOT_APPLICABLE,NOT_APPLICABLE,NO_FAILURE_SO_FAR,PENDING_FINALIZATION,AUTO_FROZEN,0.970148,0.057396
SI_014_R06.png,SI,SI_014,6,1,HIBRIDO,Scatterplot,Identificação,CONFORMING,CONFORMING,CONFORMING,CONFORMING,PENDING_BB,DIAGNOSTIC_OK,NOT_APPLICABLE,NOT_APPLICABLE,NOT_APPLICABLE,NO_FAILURE_SO_FAR,PENDING_FINALIZATION,AUTO_FROZEN,0.970148,0.057396
SI_014_R07.png,SI,SI_014,7,1,HIBRIDO,Scatterplot,Identificação,CONFORMING,CONFORMING,CONFORMING,CONFORMING,PENDING_BB,DIAGNOSTIC_OK,NOT_APPLICABLE,NOT_APPLICABLE,NOT_APPLICABLE,NO_FAILURE_SO_FAR,PENDING_FINALIZATION,AUTO_FROZEN,0.970148,0.057396
SI_014_R08.png,SI,SI_014,8,1,HIBRIDO,Scatterplot,Identificação,CONFORMING,CONFORMING,CONFORMING,CONFORMING,PENDING_BB,DIAGNOSTIC_OK,NOT_APPLICABLE,NOT_APPLICABLE,NOT_APPLICABLE,NO_FAILURE_SO_FAR,PENDING_FINALIZATION,AUTO_FROZEN,0.970148,0.057396
SI_014_R09.png,SI,SI_014,9,1,HIBRIDO,Scatterplot,Identificação,CONFORMING,CONFORMING,CONFORMING,CONFORMING,PENDING_BB,DIAGNOSTIC_OK,NOT_APPLICABLE,NOT_APPLICABLE,NOT_APPLICABLE,NO_FAILURE_SO_FAR,PENDING_FINALIZATION,AUTO_FROZEN,0.970148,0.057396
SI_014_R10.png,SI,SI_014,10,1,HIBRIDO,Scatterplot,Identificação,CONFORMING,CONFORMING,CONFORMING,CONFORMING,PENDING_BB,DIAGNOSTIC_OK,NOT_APPLICABLE,NOT_APPLICABLE,NOT_APPLICABLE,NO_FAILURE_SO_FAR,PENDING_FINALIZATION,AUTO_FROZEN,0.970148,0.057396
SI_015_R01.png,SI,SI_015,1,4,HIBRIDO,Scatterplot,Identificação,CONFORMING,CONFORMING,CONFORMING,CONFORMING,PENDING_BB,DIAGNOSTIC_OK,NOT_APPLICABLE,NOT_APPLICABLE,NOT_APPLICABLE,NO_FAILURE_SO_FAR,PENDING_FINALIZATION,AUTO_FROZEN,0.980825,0.056095
SI_015_R02.png,SI,SI_015,2,4,HIBRIDO,Scatterplot,Identificação,CONFORMING,CONFORMING,CONFORMING,CONFORMING,PENDING_BB,DIAGNOSTIC_OK,NOT_APPLICABLE,NOT_APPLICABLE,NOT_APPLICABLE,NO_FAILURE_SO_FAR,PENDING_FINALIZATION,AUTO_FROZEN,0.982304,0.057396
SI_015_R03.png,SI,SI_015,3,4,HIBRIDO,Scatterplot,Identificação,CONFORMING,CONFORMING,CONFORMING,CONFORMING,PENDING_BB,DIAGNOSTIC_OK,NOT_APPLICABLE,NOT_APPLICABLE,NOT_APPLICABLE,NO_FAILURE_SO_FAR,PENDING_FINALIZATION,AUTO_FROZEN,0.982304,0.057396
SI_015_R04.png,SI,SI_015,4,4,HIBRIDO,Scatterplot,Identificação,CONFORMING,CONFORMING,CONFORMING,CONFORMING,PENDING_BB,DIAGNOSTIC_OK,NOT_APPLICABLE,NOT_APPLICABLE,NOT_APPLICABLE,NO_FAILURE_SO_FAR,PENDING_FINALIZATION,AUTO_FROZEN,0.982304,0.057396
SI_015_R05.png,SI,SI_015,5,4,HIBRIDO,Scatterplot,Identificação,CONFORMING,CONFORMING,CONFORMING,CONFORMING,PENDING_BB,DIAGNOSTIC_OK,NOT_APPLICABLE,NOT_APPLICABLE,NOT_APPLICABLE,NO_FAILURE_SO_FAR,PENDING_FINALIZATION,AUTO_FROZEN,0.982304,0.057396
SI_015_R06.png,SI,SI_015,6,4,HIBRIDO,Scatterplot,Identificação,CONFORMING,CONFORMING,CONFORMING,CONFORMING,PENDING_BB,DIAGNOSTIC_OK,NOT_APPLICABLE,NOT_APPLICABLE,NOT_APPLICABLE,NO_FAILURE_SO_FAR,PENDING_FINALIZATION,AUTO_FROZEN,0.970148,0.057396
SI_015_R07.png,SI,SI_015,7,4,HIBRIDO,Scatterplot,Identificação,CONFORMING,CONFORMING,CONFORMING,CONFORMING,PENDING_BB,DIAGNOSTIC_OK,NOT_APPLICABLE,NOT_APPLICABLE,NOT_APPLICABLE,NO_FAILURE_SO_FAR,PENDING_FINALIZATION,AUTO_FROZEN,0.970148,0.057396
SI_015_R08.png,SI,SI_015,8,4,HIBRIDO,Scatterplot,Identificação,CONFORMING,CONFORMING,CONFORMING,CONFORMING,PENDING_BB,DIAGNOSTIC_OK,NOT_APPLICABLE,NOT_APPLICABLE,NOT_APPLICABLE,NO_FAILURE_SO_FAR,PENDING_FINALIZATION,AUTO_FROZEN,0.970148,0.057396
SI_015_R09.png,SI,SI_015,9,4,HIBRIDO,Scatterplot,Identificação,CONFORMING,CONFORMING,CONFORMING,CONFORMING,PENDING_BB,DIAGNOSTIC_OK,NOT_APPLICABLE,NOT_APPLICABLE,NOT_APPLICABLE,NO_FAILURE_SO_FAR,PENDING_FINALIZATION,AUTO_FROZEN,0.970148,0.057396
SI_015_R10.png,SI,SI_015,10,4,HIBRIDO,Scatterplot,Identificação,CONFORMING,CONFORMING,CONFORMING,CONFORMING,PENDING_BB,DIAGNOSTIC_OK,NOT_APPLICABLE,NOT_APPLICABLE,NOT_APPLICABLE,NO_FAILURE_SO_FAR,PENDING_FINALIZATION,AUTO_FROZEN,0.970148,0.057396
SI_016_R01.png,SI,SI_016,1,6,HIBRIDO,Scatterplot,Identificação,CONFORMING,CONFORMING,CONFORMING,CONFORMING,PENDING_BB,DIAGNOSTIC_OK,NOT_APPLICABLE,NOT_APPLICABLE,NOT_APPLICABLE,NO_FAILURE_SO_FAR,PENDING_FINALIZATION,AUTO_FROZEN,0.980836,0.055116
SI_016_R02.png,SI,SI_016,2,6,HIBRIDO,Scatterplot,Identificação,CONFORMING,CONFORMING,CONFORMING,CONFORMING,PENDING_BB,DIAGNOSTIC_OK,NOT_APPLICABLE,NOT_APPLICABLE,NOT_APPLICABLE,NO_FAILURE_SO_FAR,PENDING_FINALIZATION,AUTO_FROZEN,0.983504,0.078687
SI_016_R03.png,SI,SI_016,3,6,HIBRIDO,Scatterplot,Identificação,CONFORMING,CONFORMING,CONFORMING,CONFORMING,PENDING_BB,DIAGNOSTIC_OK,NOT_APPLICABLE,NOT_APPLICABLE,NOT_APPLICABLE,NO_FAILURE_SO_FAR,PENDING_FINALIZATION,AUTO_FROZEN,0.983504,0.078687
SI_016_R04.png,SI,SI_016,4,6,HIBRIDO,Scatterplot,Identificação,CONFORMING,CONFORMING,CONFORMING,CONFORMING,PENDING_BB,DIAGNOSTIC_OK,NOT_APPLICABLE,NOT_APPLICABLE,NOT_APPLICABLE,NO_FAILURE_SO_FAR,PENDING_FINALIZATION,AUTO_FROZEN,0.983504,0.078687
SI_016_R05.png,SI,SI_016,5,6,HIBRIDO,Scatterplot,Identificação,CONFORMING,CONFORMING,CONFORMING,CONFORMING,PENDING_BB,DIAGNOSTIC_OK,NOT_APPLICABLE,NOT_APPLICABLE,NOT_APPLICABLE,NO_FAILURE_SO_FAR,PENDING_FINALIZATION,AUTO_FROZEN,0.983504,0.078687
SI_016_R06.png,SI,SI_016,6,6,HIBRIDO,Scatterplot,Identificação,CONFORMING,CONFORMING,CONFORMING,CONFORMING,PENDING_BB,DIAGNOSTIC_OK,NOT_APPLICABLE,NOT_APPLICABLE,NOT_APPLICABLE,NO_FAILURE_SO_FAR,PENDING_FINALIZATION,AUTO_FROZEN,0.983504,0.078687
SI_016_R07.png,SI,SI_016,7,6,HIBRIDO,Scatterplot,Identificação,CONFORMING,CONFORMING,CONFORMING,CONFORMING,PENDING_BB,DIAGNOSTIC_OK,NOT_APPLICABLE,NOT_APPLICABLE,NOT_APPLICABLE,NO_FAILURE_SO_FAR,PENDING_FINALIZATION,AUTO_FROZEN,0.970148,0.057396
SI_016_R08.png,SI,SI_016,8,6,HIBRIDO,Scatterplot,Identificação,CONFORMING,CONFORMING,CONFORMING,CONFORMING,PENDING_BB,DIAGNOSTIC_OK,NOT_APPLICABLE,NOT_APPLICABLE,NOT_APPLICABLE,NO_FAILURE_SO_FAR,PENDING_FINALIZATION,AUTO_FROZEN,0.970148,0.057396
SI_016_R09.png,SI,SI_016,9,6,HIBRIDO,Scatterplot,Identificação,CONFORMING,CONFORMING,CONFORMING,CONFORMING,PENDING_BB,DIAGNOSTIC_OK,NOT_APPLICABLE,NOT_APPLICABLE,NOT_APPLICABLE,NO_FAILURE_SO_FAR,PENDING_FINALIZATION,AUTO_FROZEN,0.970148,0.057396
SI_016_R10.png,SI,SI_016,10,6,HIBRIDO,Scatterplot,Identificação,CONFORMING,CONFORMING,CONFORMING,CONFORMING,PENDING_BB,DIAGNOSTIC_OK,NOT_APPLICABLE,NOT_APPLICABLE,NOT_APPLICABLE,NO_FAILURE_SO_FAR,PENDING_FINALIZATION,AUTO_FROZEN,0.970148,0.057396
SI_017_R01.png,SI,SI_017,1,7,HIBRIDO,Scatterplot,Identificação,CONFORMING,CONFORMING,CONFORMING,CONFORMING,PENDING_BB,DIAGNOSTIC_OK,NOT_APPLICABLE,NOT_APPLICABLE,NOT_APPLICABLE,NO_FAILURE_SO_FAR,PENDING_FINALIZATION,AUTO_FROZEN,0.980825,0.056095
SI_017_R02.png,SI,SI_017,2,7,HIBRIDO,Scatterplot,Identificação,CONFORMING,CONFORMING,CONFORMING,CONFORMING,PENDING_BB,DIAGNOSTIC_OK,NOT_APPLICABLE,NOT_APPLICABLE,NOT_APPLICABLE,NO_FAILURE_SO_FAR,PENDING_FINALIZATION,AUTO_FROZEN,0.983504,0.078687
SI_017_R03.png,SI,SI_017,3,7,HIBRIDO,Scatterplot,Identificação,CONFORMING,CONFORMING,CONFORMING,CONFORMING,PENDING_BB,DIAGNOSTIC_OK,NOT_APPLICABLE,NOT_APPLICABLE,NOT_APPLICABLE,NO_FAILURE_SO_FAR,PENDING_FINALIZATION,AUTO_FROZEN,0.983504,0.078687
SI_017_R04.png,SI,SI_017,4,7,HIBRIDO,Scatterplot,Identificação,CONFORMING,CONFORMING,CONFORMING,CONFORMING,PENDING_BB,DIAGNOSTIC_OK,NOT_APPLICABLE,NOT_APPLICABLE,NOT_APPLICABLE,NO_FAILURE_SO_FAR,PENDING_FINALIZATION,AUTO_FROZEN,0.983504,0.078687
SI_017_R05.png,SI,SI_017,5,7,HIBRIDO,Scatterplot,Identificação,CONFORMING,CONFORMING,CONFORMING,CONFORMING,PENDING_BB,DIAGNOSTIC_OK,NOT_APPLICABLE,NOT_APPLICABLE,NOT_APPLICABLE,NO_FAILURE_SO_FAR,PENDING_FINALIZATION,AUTO_FROZEN,0.983504,0.078687
SI_017_R06.png,SI,SI_017,6,7,HIBRIDO,Scatterplot,Identificação,CONFORMING,CONFORMING,CONFORMING,CONFORMING,PENDING_BB,DIAGNOSTIC_OK,NOT_APPLICABLE,NOT_APPLICABLE,NOT_APPLICABLE,NO_FAILURE_SO_FAR,PENDING_FINALIZATION,AUTO_FROZEN,0.983504,0.078687
SI_017_R07.png,SI,SI_017,7,7,HIBRIDO,Scatterplot,Identificação,CONFORMING,CONFORMING,CONFORMING,CONFORMING,PENDING_BB,DIAGNOSTIC_OK,NOT_APPLICABLE,NOT_APPLICABLE,NOT_APPLICABLE,NO_FAILURE_SO_FAR,PENDING_FINALIZATION,AUTO_FROZEN,0.970148,0.057396
SI_017_R08.png,SI,SI_017,8,7,HIBRIDO,Scatterplot,Identificação,CONFORMING,CONFORMING,CONFORMING,CONFORMING,PENDING_BB,DIAGNOSTIC_OK,NOT_APPLICABLE,NOT_APPLICABLE,NOT_APPLICABLE,NO_FAILURE_SO_FAR,PENDING_FINALIZATION,AUTO_FROZEN,0.970148,0.057396
SI_017_R09.png,SI,SI_017,9,7,HIBRIDO,Scatterplot,Identificação,CONFORMING,CONFORMING,CONFORMING,CONFORMING,PENDING_BB,DIAGNOSTIC_OK,NOT_APPLICABLE,NOT_APPLICABLE,NOT_APPLICABLE,NO_FAILURE_SO_FAR,PENDING_FINALIZATION,AUTO_FROZEN,0.970148,0.057396
SI_017_R10.png,SI,SI_017,10,7,HIBRIDO,Scatterplot,Identificação,CONFORMING,CONFORMING,CONFORMING,CONFORMING,PENDING_BB,DIAGNOSTIC_OK,NOT_APPLICABLE,NOT_APPLICABLE,NOT_APPLICABLE,NO_FAILURE_SO_FAR,PENDING_FINALIZATION,AUTO_FROZEN,0.970148,0.057396
SI_018_R01.png,SI,SI_018,1,8,HIBRIDO,Scatterplot,Identificação,CONFORMING,CONFORMING,CONFORMING,CONFORMING,PENDING_BB,DIAGNOSTIC_OK,NOT_APPLICABLE,NOT_APPLICABLE,NOT_APPLICABLE,NO_FAILURE_SO_FAR,PENDING_FINALIZATION,AUTO_FROZEN,0.980825,0.056095
SI_018_R02.png,SI,SI_018,2,8,HIBRIDO,Scatterplot,Identificação,CONFORMING,CONFORMING,CONFORMING,CONFORMING,PENDING_BB,DIAGNOSTIC_OK,NOT_APPLICABLE,NOT_APPLICABLE,NOT_APPLICABLE,NO_FAILURE_SO_FAR,PENDING_FINALIZATION,AUTO_FROZEN,0.981316,0.056766
SI_018_R03.png,SI,SI_018,3,8,HIBRIDO,Scatterplot,Identificação,CONFORMING,CONFORMING,CONFORMING,CONFORMING,PENDING_BB,DIAGNOSTIC_OK,NOT_APPLICABLE,NOT_APPLICABLE,NOT_APPLICABLE,NO_FAILURE_SO_FAR,PENDING_FINALIZATION,AUTO_FROZEN,0.981316,0.056766
SI_018_R04.png,SI,SI_018,4,8,HIBRIDO,Scatterplot,Identificação,CONFORMING,CONFORMING,CONFORMING,CONFORMING,PENDING_BB,DIAGNOSTIC_OK,NOT_APPLICABLE,NOT_APPLICABLE,NOT_APPLICABLE,NO_FAILURE_SO_FAR,PENDING_FINALIZATION,AUTO_FROZEN,0.981316,0.056766
SI_018_R05.png,SI,SI_018,5,8,HIBRIDO,Scatterplot,Identificação,CONFORMING,CONFORMING,CONFORMING,CONFORMING,PENDING_BB,DIAGNOSTIC_OK,NOT_APPLICABLE,NOT_APPLICABLE,NOT_APPLICABLE,NO_FAILURE_SO_FAR,PENDING_FINALIZATION,AUTO_FROZEN,0.981316,0.056766
SI_018_R06.png,SI,SI_018,6,8,HIBRIDO,Scatterplot,Identificação,CONFORMING,CONFORMING,CONFORMING,CONFORMING,PENDING_BB,DIAGNOSTIC_OK,NOT_APPLICABLE,NOT_APPLICABLE,NOT_APPLICABLE,NO_FAILURE_SO_FAR,PENDING_FINALIZATION,AUTO_FROZEN,0.983504,0.078687
SI_018_R07.png,SI,SI_018,7,8,HIBRIDO,Scatterplot,Identificação,CONFORMING,CONFORMING,CONFORMING,CONFORMING,PENDING_BB,DIAGNOSTIC_OK,NOT_APPLICABLE,NOT_APPLICABLE,NOT_APPLICABLE,NO_FAILURE_SO_FAR,PENDING_FINALIZATION,AUTO_FROZEN,0.970148,0.057396
SI_018_R08.png,SI,SI_018,8,8,HIBRIDO,Scatterplot,Identificação,CONFORMING,CONFORMING,CONFORMING,CONFORMING,PENDING_BB,DIAGNOSTIC_OK,NOT_APPLICABLE,NOT_APPLICABLE,NOT_APPLICABLE,NO_FAILURE_SO_FAR,PENDING_FINALIZATION,AUTO_FROZEN,0.970148,0.057396
SI_018_R09.png,SI,SI_018,9,8,HIBRIDO,Scatterplot,Identificação,CONFORMING,CONFORMING,CONFORMING,CONFORMING,PENDING_BB,DIAGNOSTIC_OK,NOT_APPLICABLE,NOT_APPLICABLE,NOT_APPLICABLE,NO_FAILURE_SO_FAR,PENDING_FINALIZATION,AUTO_FROZEN,0.970148,0.057396
SI_018_R10.png,SI,SI_018,10,8,HIBRIDO,Scatterplot,Identificação,CONFORMING,CONFORMING,CONFORMING,CONFORMING,PENDING_BB,DIAGNOSTIC_OK,NOT_APPLICABLE,NOT_APPLICABLE,NOT_APPLICABLE,NO_FAILURE_SO_FAR,PENDING_FINALIZATION,AUTO_FROZEN,0.970148,0.057396
SI_019_R01.png,SI,SI_019,1,9,HIBRIDO,Scatterplot,Identificação,CONFORMING,CONFORMING,CONFORMING,CONFORMING,PENDING_BB,DIAGNOSTIC_OK,NONCONFORMING,NONCONFORMING,CONFORMING,NONCONFORMING,NONCONFORMING,AUTO_FROZEN,0.980825,0.056095
SI_019_R02.png,SI,SI_019,2,9,HIBRIDO,Scatterplot,Identificação,CONFORMING,CONFORMING,CONFORMING,CONFORMING,PENDING_BB,DIAGNOSTIC_OK,NONCONFORMING,CONFORMING,NONCONFORMING,NONCONFORMING,NONCONFORMING,AUTO_FROZEN,0.968097,0.052141
SI_019_R03.png,SI,SI_019,3,9,HIBRIDO,Scatterplot,Identificação,CONFORMING,CONFORMING,CONFORMING,CONFORMING,PENDING_BB,DIAGNOSTIC_OK,NONCONFORMING,CONFORMING,NONCONFORMING,NONCONFORMING,NONCONFORMING,AUTO_FROZEN,0.968097,0.052141
SI_019_R04.png,SI,SI_019,4,9,HIBRIDO,Scatterplot,Identificação,CONFORMING,CONFORMING,CONFORMING,CONFORMING,PENDING_BB,DIAGNOSTIC_OK,NONCONFORMING,CONFORMING,NONCONFORMING,NONCONFORMING,NONCONFORMING,AUTO_FROZEN,0.968097,0.052141
SI_019_R05.png,SI,SI_019,5,9,HIBRIDO,Scatterplot,Identificação,CONFORMING,CONFORMING,CONFORMING,CONFORMING,PENDING_BB,DIAGNOSTIC_OK,NONCONFORMING,CONFORMING,NONCONFORMING,NONCONFORMING,NONCONFORMING,AUTO_FROZEN,0.968097,0.052141
SI_019_R06.png,SI,SI_019,6,9,HIBRIDO,Scatterplot,Identificação,CONFORMING,CONFORMING,CONFORMING,CONFORMING,PENDING_BB,DIAGNOSTIC_OK,NONCONFORMING,CONFORMING,NONCONFORMING,NONCONFORMING,NONCONFORMING,AUTO_FROZEN,0.968097,0.052141
SI_019_R07.png,SI,SI_019,7,9,HIBRIDO,Scatterplot,Identificação,CONFORMING,CONFORMING,CONFORMING,CONFORMING,PENDING_BB,DIAGNOSTIC_OK,NONCONFORMING,CONFORMING,NONCONFORMING,NONCONFORMING,NONCONFORMING,AUTO_FROZEN,0.968097,0.052141
SI_019_R08.png,SI,SI_019,8,9,HIBRIDO,Scatterplot,Identificação,CONFORMING,CONFORMING,CONFORMING,CONFORMING,PENDING_BB,DIAGNOSTIC_OK,NONCONFORMING,CONFORMING,NONCONFORMING,NONCONFORMING,NONCONFORMING,AUTO_FROZEN,0.968097,0.052141
SI_019_R09.png,SI,SI_019,9,9,HIBRIDO,Scatterplot,Identificação,CONFORMING,CONFORMING,CONFORMING,CONFORMING,PENDING_BB,DIAGNOSTIC_OK,NONCONFORMING,CONFORMING,NONCONFORMING,NONCONFORMING,NONCONFORMING,AUTO_FROZEN,0.968097,0.052141
SI_019_R10.png,SI,SI_019,10,9,HIBRIDO,Scatterplot,Identificação,CONFORMING,CONFORMING,CONFORMING,CONFORMING,PENDING_BB,DIAGNOSTIC_OK,NONCONFORMING,CONFORMING,NONCONFORMING,NONCONFORMING,NONCONFORMING,AUTO_FROZEN,0.968097,0.052141
SI_020_R01.png,SI,SI_020,1,10,HIBRIDO,Scatterplot,Identificação,CONFORMING,CONFORMING,CONFORMING,CONFORMING,PENDING_BB,DIAGNOSTIC_OK,NOT_APPLICABLE,NOT_APPLICABLE,NOT_APPLICABLE,NO_FAILURE_SO_FAR,PENDING_FINALIZATION,AUTO_FROZEN,0.967976,0.053154
SI_020_R02.png,SI,SI_020,2,10,HIBRIDO,Scatterplot,Identificação,CONFORMING,CONFORMING,CONFORMING,CONFORMING,PENDING_BB,DIAGNOSTIC_OK,NOT_APPLICABLE,NOT_APPLICABLE,NOT_APPLICABLE,NO_FAILURE_SO_FAR,PENDING_FINALIZATION,AUTO_FROZEN,0.914761,0.056766
SI_020_R03.png,SI,SI_020,3,10,HIBRIDO,Scatterplot,Identificação,CONFORMING,CONFORMING,CONFORMING,CONFORMING,PENDING_BB,DIAGNOSTIC_OK,NOT_APPLICABLE,NOT_APPLICABLE,NOT_APPLICABLE,NO_FAILURE_SO_FAR,PENDING_FINALIZATION,AUTO_FROZEN,0.914761,0.056766
SI_020_R04.png,SI,SI_020,4,10,HIBRIDO,Scatterplot,Identificação,CONFORMING,CONFORMING,CONFORMING,CONFORMING,PENDING_BB,DIAGNOSTIC_OK,NOT_APPLICABLE,NOT_APPLICABLE,NOT_APPLICABLE,NO_FAILURE_SO_FAR,PENDING_FINALIZATION,AUTO_FROZEN,0.914761,0.056766
SI_020_R05.png,SI,SI_020,5,10,HIBRIDO,Scatterplot,Identificação,CONFORMING,CONFORMING,CONFORMING,CONFORMING,PENDING_BB,DIAGNOSTIC_OK,NOT_APPLICABLE,NOT_APPLICABLE,NOT_APPLICABLE,NO_FAILURE_SO_FAR,PENDING_FINALIZATION,AUTO_FROZEN,0.914761,0.056766
SI_020_R06.png,SI,SI_020,6,10,HIBRIDO,Scatterplot,Identificação,CONFORMING,CONFORMING,CONFORMING,CONFORMING,PENDING_BB,DIAGNOSTIC_OK,NOT_APPLICABLE,NOT_APPLICABLE,NOT_APPLICABLE,NO_FAILURE_SO_FAR,PENDING_FINALIZATION,AUTO_FROZEN,0.914761,0.056766
SI_020_R07.png,SI,SI_020,7,10,HIBRIDO,Scatterplot,Identificação,CONFORMING,CONFORMING,CONFORMING,CONFORMING,PENDING_BB,DIAGNOSTIC_OK,NOT_APPLICABLE,NOT_APPLICABLE,NOT_APPLICABLE,NO_FAILURE_SO_FAR,PENDING_FINALIZATION,AUTO_FROZEN,0.970148,0.057396
SI_020_R08.png,SI,SI_020,8,10,HIBRIDO,Scatterplot,Identificação,CONFORMING,CONFORMING,CONFORMING,CONFORMING,PENDING_BB,DIAGNOSTIC_OK,NOT_APPLICABLE,NOT_APPLICABLE,NOT_APPLICABLE,NO_FAILURE_SO_FAR,PENDING_FINALIZATION,AUTO_FROZEN,0.970148,0.057396
SI_020_R09.png,SI,SI_020,9,10,HIBRIDO,Scatterplot,Identificação,CONFORMING,CONFORMING,CONFORMING,CONFORMING,PENDING_BB,DIAGNOSTIC_OK,NOT_APPLICABLE,NOT_APPLICABLE,NOT_APPLICABLE,NO_FAILURE_SO_FAR,PENDING_FINALIZATION,AUTO_FROZEN,0.970148,0.057396
SI_020_R10.png,SI,SI_020,10,10,HIBRIDO,Scatterplot,Identificação,CONFORMING,CONFORMING,CONFORMING,CONFORMING,PENDING_BB,DIAGNOSTIC_OK,NOT_APPLICABLE,NOT_APPLICABLE,NOT_APPLICABLE,NO_FAILURE_SO_FAR,PENDING_FINALIZATION,AUTO_FROZEN,0.970148,0.057396
SI_021_R01.png,SI,SI_021,1,11,HIBRIDO,Scatterplot,Identificação,CONFORMING,CONFORMING,CONFORMING,CONFORMING,PENDING_BB,DIAGNOSTIC_OK,NOT_APPLICABLE,NOT_APPLICABLE,NOT_APPLICABLE,NO_FAILURE_SO_FAR,PENDING_FINALIZATION,AUTO_FROZEN,1.0,0.059434
SI_021_R02.png,SI,SI_021,2,11,HIBRIDO,Scatterplot,Identificação,CONFORMING,CONFORMING,CONFORMING,CONFORMING,PENDING_BB,DIAGNOSTIC_OK,NOT_APPLICABLE,NOT_APPLICABLE,NOT_APPLICABLE,NO_FAILURE_SO_FAR,PENDING_FINALIZATION,AUTO_FROZEN,0.981316,0.056766
SI_021_R03.png,SI,SI_021,3,11,HIBRIDO,Scatterplot,Identificação,CONFORMING,CONFORMING,CONFORMING,CONFORMING,PENDING_BB,DIAGNOSTIC_OK,NOT_APPLICABLE,NOT_APPLICABLE,NOT_APPLICABLE,NO_FAILURE_SO_FAR,PENDING_FINALIZATION,AUTO_FROZEN,0.981316,0.056766
SI_021_R04.png,SI,SI_021,4,11,HIBRIDO,Scatterplot,Identificação,CONFORMING,CONFORMING,CONFORMING,CONFORMING,PENDING_BB,DIAGNOSTIC_OK,NOT_APPLICABLE,NOT_APPLICABLE,NOT_APPLICABLE,NO_FAILURE_SO_FAR,PENDING_FINALIZATION,AUTO_FROZEN,0.981316,0.056766
SI_021_R05.png,SI,SI_021,5,11,HIBRIDO,Scatterplot,Identificação,CONFORMING,CONFORMING,CONFORMING,CONFORMING,PENDING_BB,DIAGNOSTIC_OK,NOT_APPLICABLE,NOT_APPLICABLE,NOT_APPLICABLE,NO_FAILURE_SO_FAR,PENDING_FINALIZATION,AUTO_FROZEN,0.981316,0.056766
SI_021_R06.png,SI,SI_021,6,11,HIBRIDO,Scatterplot,Identificação,CONFORMING,CONFORMING,CONFORMING,CONFORMING,PENDING_BB,DIAGNOSTIC_OK,NOT_APPLICABLE,NOT_APPLICABLE,NOT_APPLICABLE,NO_FAILURE_SO_FAR,PENDING_FINALIZATION,AUTO_FROZEN,0.981316,0.056766
SI_021_R07.png,SI,SI_021,7,11,HIBRIDO,Scatterplot,Identificação,CONFORMING,CONFORMING,CONFORMING,CONFORMING,PENDING_BB,DIAGNOSTIC_OK,NOT_APPLICABLE,NOT_APPLICABLE,NOT_APPLICABLE,NO_FAILURE_SO_FAR,PENDING_FINALIZATION,AUTO_FROZEN,0.981316,0.056766
SI_021_R08.png,SI,SI_021,8,11,HIBRIDO,Scatterplot,Identificação,CONFORMING,CONFORMING,CONFORMING,CONFORMING,PENDING_BB,DIAGNOSTIC_OK,NOT_APPLICABLE,NOT_APPLICABLE,NOT_APPLICABLE,NO_FAILURE_SO_FAR,PENDING_FINALIZATION,AUTO_FROZEN,0.981316,0.056766
SI_021_R09.png,SI,SI_021,9,11,HIBRIDO,Scatterplot,Identificação,CONFORMING,CONFORMING,CONFORMING,CONFORMING,PENDING_BB,DIAGNOSTIC_OK,NOT_APPLICABLE,NOT_APPLICABLE,NOT_APPLICABLE,NO_FAILURE_SO_FAR,PENDING_FINALIZATION,AUTO_FROZEN,0.981316,0.056766
SI_021_R10.png,SI,SI_021,10,11,HIBRIDO,Scatterplot,Identificação,CONFORMING,CONFORMING,CONFORMING,CONFORMING,PENDING_BB,DIAGNOSTIC_OK,NOT_APPLICABLE,NOT_APPLICABLE,NOT_APPLICABLE,NO_FAILURE_SO_FAR,PENDING_FINALIZATION,AUTO_FROZEN,0.981316,0.056766
SI_022_R01.png,SI,SI_022,1,12,HIBRIDO,Scatterplot,Identificação,CONFORMING,CONFORMING,CONFORMING,CONFORMING,PENDING_BB,DIAGNOSTIC_OK,NOT_APPLICABLE,NOT_APPLICABLE,NOT_APPLICABLE,NO_FAILURE_SO_FAR,PENDING_FINALIZATION,AUTO_FROZEN,0.980825,0.056095
SI_022_R02.png,SI,SI_022,2,12,HIBRIDO,Scatterplot,Identificação,CONFORMING,CONFORMING,CONFORMING,CONFORMING,PENDING_BB,DIAGNOSTIC_OK,NOT_APPLICABLE,NOT_APPLICABLE,NOT_APPLICABLE,NO_FAILURE_SO_FAR,PENDING_FINALIZATION,AUTO_FROZEN,0.983012,0.003125
SI_022_R03.png,SI,SI_022,3,12,HIBRIDO,Scatterplot,Identificação,CONFORMING,CONFORMING,CONFORMING,CONFORMING,PENDING_BB,DIAGNOSTIC_OK,NOT_APPLICABLE,NOT_APPLICABLE,NOT_APPLICABLE,NO_FAILURE_SO_FAR,PENDING_FINALIZATION,AUTO_FROZEN,0.983012,0.003125
SI_022_R04.png,SI,SI_022,4,12,HIBRIDO,Scatterplot,Identificação,CONFORMING,CONFORMING,CONFORMING,CONFORMING,PENDING_BB,DIAGNOSTIC_OK,NOT_APPLICABLE,NOT_APPLICABLE,NOT_APPLICABLE,NO_FAILURE_SO_FAR,PENDING_FINALIZATION,AUTO_FROZEN,0.983012,0.003125
SI_022_R05.png,SI,SI_022,5,12,HIBRIDO,Scatterplot,Identificação,CONFORMING,CONFORMING,CONFORMING,CONFORMING,PENDING_BB,DIAGNOSTIC_OK,NOT_APPLICABLE,NOT_APPLICABLE,NOT_APPLICABLE,NO_FAILURE_SO_FAR,PENDING_FINALIZATION,AUTO_FROZEN,0.983012,0.003125
SI_022_R06.png,SI,SI_022,6,12,HIBRIDO,Scatterplot,Identificação,CONFORMING,CONFORMING,CONFORMING,CONFORMING,PENDING_BB,DIAGNOSTIC_OK,NOT_APPLICABLE,NOT_APPLICABLE,NOT_APPLICABLE,NO_FAILURE_SO_FAR,PENDING_FINALIZATION,AUTO_FROZEN,0.983012,0.003125
SI_022_R07.png,SI,SI_022,7,12,HIBRIDO,Scatterplot,Identificação,CONFORMING,CONFORMING,CONFORMING,CONFORMING,PENDING_BB,DIAGNOSTIC_OK,NOT_APPLICABLE,NOT_APPLICABLE,NOT_APPLICABLE,NO_FAILURE_SO_FAR,PENDING_FINALIZATION,AUTO_FROZEN,0.983012,0.003125
SI_022_R08.png,SI,SI_022,8,12,HIBRIDO,Scatterplot,Identificação,CONFORMING,CONFORMING,CONFORMING,CONFORMING,PENDING_BB,DIAGNOSTIC_OK,NOT_APPLICABLE,NOT_APPLICABLE,NOT_APPLICABLE,NO_FAILURE_SO_FAR,PENDING_FINALIZATION,AUTO_FROZEN,0.983012,0.003125
SI_022_R09.png,SI,SI_022,9,12,HIBRIDO,Scatterplot,Identificação,CONFORMING,CONFORMING,CONFORMING,CONFORMING,PENDING_BB,DIAGNOSTIC_OK,NOT_APPLICABLE,NOT_APPLICABLE,NOT_APPLICABLE,NO_FAILURE_SO_FAR,PENDING_FINALIZATION,AUTO_FROZEN,0.983012,0.003125
SI_022_R10.png,SI,SI_022,10,12,HIBRIDO,Scatterplot,Identificação,CONFORMING,CONFORMING,CONFORMING,CONFORMING,PENDING_BB,DIAGNOSTIC_OK,NOT_APPLICABLE,NOT_APPLICABLE,NOT_APPLICABLE,NO_FAILURE_SO_FAR,PENDING_FINALIZATION,AUTO_FROZEN,0.983012,0.003125
SI_023_R01.png,SI,SI_023,1,13,HIBRIDO,Scatterplot,Identificação,CONFORMING,CONFORMING,NONCONFORMING,CONFORMING,PENDING_BB,DIAGNOSTIC_OK,CONFORMING,CONFORMING,NOT_APPLICABLE,NONCONFORMING,NONCONFORMING,AUTO_FROZEN,0.912615,0.077691
SI_023_R02.png,SI,SI_023,2,13,HIBRIDO,Scatterplot,Identificação,CONFORMING,CONFORMING,CONFORMING,CONFORMING,PENDING_BB,DIAGNOSTIC_OK,CONFORMING,CONFORMING,NOT_APPLICABLE,NO_FAILURE_SO_FAR,PENDING_FINALIZATION,AUTO_FROZEN,0.994847,0.003125
SI_023_R03.png,SI,SI_023,3,13,HIBRIDO,Scatterplot,Identificação,CONFORMING,CONFORMING,CONFORMING,CONFORMING,PENDING_BB,DIAGNOSTIC_OK,CONFORMING,CONFORMING,NOT_APPLICABLE,NO_FAILURE_SO_FAR,PENDING_FINALIZATION,AUTO_FROZEN,0.994847,0.003125
SI_023_R04.png,SI,SI_023,4,13,HIBRIDO,Scatterplot,Identificação,CONFORMING,CONFORMING,CONFORMING,CONFORMING,PENDING_BB,DIAGNOSTIC_OK,CONFORMING,CONFORMING,NOT_APPLICABLE,NO_FAILURE_SO_FAR,PENDING_FINALIZATION,AUTO_FROZEN,0.994847,0.003125
SI_023_R05.png,SI,SI_023,5,13,HIBRIDO,Scatterplot,Identificação,CONFORMING,CONFORMING,CONFORMING,CONFORMING,PENDING_BB,DIAGNOSTIC_OK,CONFORMING,CONFORMING,NOT_APPLICABLE,NO_FAILURE_SO_FAR,PENDING_FINALIZATION,AUTO_FROZEN,0.994847,0.003125
SI_023_R06.png,SI,SI_023,6,13,HIBRIDO,Scatterplot,Identificação,CONFORMING,CONFORMING,CONFORMING,CONFORMING,PENDING_BB,DIAGNOSTIC_OK,CONFORMING,CONFORMING,NOT_APPLICABLE,NO_FAILURE_SO_FAR,PENDING_FINALIZATION,AUTO_FROZEN,0.994847,0.003125
SI_023_R07.png,SI,SI_023,7,13,HIBRIDO,Scatterplot,Identificação,CONFORMING,CONFORMING,CONFORMING,CONFORMING,PENDING_BB,DIAGNOSTIC_OK,CONFORMING,CONFORMING,NOT_APPLICABLE,NO_FAILURE_SO_FAR,PENDING_FINALIZATION,AUTO_FROZEN,0.994847,0.003125
SI_023_R08.png,SI,SI_023,8,13,HIBRIDO,Scatterplot,Identificação,CONFORMING,CONFORMING,CONFORMING,CONFORMING,PENDING_BB,DIAGNOSTIC_OK,CONFORMING,CONFORMING,NOT_APPLICABLE,NO_FAILURE_SO_FAR,PENDING_FINALIZATION,AUTO_FROZEN,0.994847,0.003125
SI_023_R09.png,SI,SI_023,9,13,HIBRIDO,Scatterplot,Identificação,CONFORMING,CONFORMING,CONFORMING,CONFORMING,PENDING_BB,DIAGNOSTIC_OK,CONFORMING,CONFORMING,NOT_APPLICABLE,NO_FAILURE_SO_FAR,PENDING_FINALIZATION,AUTO_FROZEN,0.994847,0.003125
SI_023_R10.png,SI,SI_023,10,13,HIBRIDO,Scatterplot,Identificação,CONFORMING,CONFORMING,CONFORMING,CONFORMING,PENDING_BB,DIAGNOSTIC_OK,CONFORMING,CONFORMING,NOT_APPLICABLE,NO_FAILURE_SO_FAR,PENDING_FINALIZATION,AUTO_FROZEN,0.994847,0.003125
SI_024_R01.png,SI,SI_024,1,14,HIBRIDO,Scatterplot,Identificação,CONFORMING,CONFORMING,CONFORMING,CONFORMING,PENDING_BB,DIAGNOSTIC_OK,NOT_APPLICABLE,NOT_APPLICABLE,NOT_APPLICABLE,NO_FAILURE_SO_FAR,PENDING_FINALIZATION,AUTO_FROZEN,1.0,0.051917
SI_024_R02.png,SI,SI_024,2,14,HIBRIDO,Scatterplot,Identificação,CONFORMING,CONFORMING,CONFORMING,CONFORMING,PENDING_BB,DIAGNOSTIC_OK,NOT_APPLICABLE,NOT_APPLICABLE,NOT_APPLICABLE,NO_FAILURE_SO_FAR,PENDING_FINALIZATION,AUTO_FROZEN,0.983012,0.003125
SI_024_R03.png,SI,SI_024,3,14,HIBRIDO,Scatterplot,Identificação,CONFORMING,CONFORMING,CONFORMING,CONFORMING,PENDING_BB,DIAGNOSTIC_OK,NOT_APPLICABLE,NOT_APPLICABLE,NOT_APPLICABLE,NO_FAILURE_SO_FAR,PENDING_FINALIZATION,AUTO_FROZEN,0.983012,0.003125
SI_024_R04.png,SI,SI_024,4,14,HIBRIDO,Scatterplot,Identificação,CONFORMING,CONFORMING,CONFORMING,CONFORMING,PENDING_BB,DIAGNOSTIC_OK,NOT_APPLICABLE,NOT_APPLICABLE,NOT_APPLICABLE,NO_FAILURE_SO_FAR,PENDING_FINALIZATION,AUTO_FROZEN,0.983012,0.003125
SI_024_R05.png,SI,SI_024,5,14,HIBRIDO,Scatterplot,Identificação,CONFORMING,CONFORMING,CONFORMING,CONFORMING,PENDING_BB,DIAGNOSTIC_OK,NOT_APPLICABLE,NOT_APPLICABLE,NOT_APPLICABLE,NO_FAILURE_SO_FAR,PENDING_FINALIZATION,AUTO_FROZEN,0.983012,0.003125
SI_024_R06.png,SI,SI_024,6,14,HIBRIDO,Scatterplot,Identificação,CONFORMING,CONFORMING,CONFORMING,CONFORMING,PENDING_BB,DIAGNOSTIC_OK,NOT_APPLICABLE,NOT_APPLICABLE,NOT_APPLICABLE,NO_FAILURE_SO_FAR,PENDING_FINALIZATION,AUTO_FROZEN,0.983012,0.003125
SI_024_R07.png,SI,SI_024,7,14,HIBRIDO,Scatterplot,Identificação,CONFORMING,CONFORMING,CONFORMING,CONFORMING,PENDING_BB,DIAGNOSTIC_OK,NOT_APPLICABLE,NOT_APPLICABLE,NOT_APPLICABLE,NO_FAILURE_SO_FAR,PENDING_FINALIZATION,AUTO_FROZEN,0.983012,0.003125
SI_024_R08.png,SI,SI_024,8,14,HIBRIDO,Scatterplot,Identificação,CONFORMING,CONFORMING,CONFORMING,CONFORMING,PENDING_BB,DIAGNOSTIC_OK,NOT_APPLICABLE,NOT_APPLICABLE,NOT_APPLICABLE,NO_FAILURE_SO_FAR,PENDING_FINALIZATION,AUTO_FROZEN,0.983012,0.003125
SI_024_R09.png,SI,SI_024,9,14,HIBRIDO,Scatterplot,Identificação,CONFORMING,CONFORMING,CONFORMING,CONFORMING,PENDING_BB,DIAGNOSTIC_OK,NOT_APPLICABLE,NOT_APPLICABLE,NOT_APPLICABLE,NO_FAILURE_SO_FAR,PENDING_FINALIZATION,AUTO_FROZEN,0.983012,0.003125
SI_024_R10.png,SI,SI_024,10,14,HIBRIDO,Scatterplot,Identificação,CONFORMING,CONFORMING,CONFORMING,CONFORMING,PENDING_BB,DIAGNOSTIC_OK,NOT_APPLICABLE,NOT_APPLICABLE,NOT_APPLICABLE,NO_FAILURE_SO_FAR,PENDING_FINALIZATION,AUTO_FROZEN,0.983012,0.003125
SI_025_R01.png,SI,SI_025,1,15,HIBRIDO,Scatterplot,Identificação,CONFORMING,CONFORMING,CONFORMING,CONFORMING,PENDING_BB,DIAGNOSTIC_OK,NOT_APPLICABLE,NOT_APPLICABLE,NOT_APPLICABLE,NO_FAILURE_SO_FAR,PENDING_FINALIZATION,AUTO_FROZEN,0.980825,0.056095
SI_025_R02.png,SI,SI_025,2,15,HIBRIDO,Scatterplot,Identificação,CONFORMING,CONFORMING,CONFORMING,CONFORMING,PENDING_BB,DIAGNOSTIC_OK,NOT_APPLICABLE,NOT_APPLICABLE,NOT_APPLICABLE,NO_FAILURE_SO_FAR,PENDING_FINALIZATION,AUTO_FROZEN,0.994847,0.003125
SI_025_R03.png,SI,SI_025,3,15,HIBRIDO,Scatterplot,Identificação,CONFORMING,CONFORMING,CONFORMING,CONFORMING,PENDING_BB,DIAGNOSTIC_OK,NOT_APPLICABLE,NOT_APPLICABLE,NOT_APPLICABLE,NO_FAILURE_SO_FAR,PENDING_FINALIZATION,AUTO_FROZEN,0.994847,0.003125
SI_025_R04.png,SI,SI_025,4,15,HIBRIDO,Scatterplot,Identificação,CONFORMING,CONFORMING,CONFORMING,CONFORMING,PENDING_BB,DIAGNOSTIC_OK,NOT_APPLICABLE,NOT_APPLICABLE,NOT_APPLICABLE,NO_FAILURE_SO_FAR,PENDING_FINALIZATION,AUTO_FROZEN,0.994847,0.003125
SI_025_R05.png,SI,SI_025,5,15,HIBRIDO,Scatterplot,Identificação,CONFORMING,CONFORMING,CONFORMING,CONFORMING,PENDING_BB,DIAGNOSTIC_OK,NOT_APPLICABLE,NOT_APPLICABLE,NOT_APPLICABLE,NO_FAILURE_SO_FAR,PENDING_FINALIZATION,AUTO_FROZEN,0.983012,0.003125
SI_025_R06.png,SI,SI_025,6,15,HIBRIDO,Scatterplot,Identificação,CONFORMING,CONFORMING,CONFORMING,CONFORMING,PENDING_BB,DIAGNOSTIC_OK,NOT_APPLICABLE,NOT_APPLICABLE,NOT_APPLICABLE,NO_FAILURE_SO_FAR,PENDING_FINALIZATION,AUTO_FROZEN,0.983012,0.003125
SI_025_R07.png,SI,SI_025,7,15,HIBRIDO,Scatterplot,Identificação,CONFORMING,CONFORMING,CONFORMING,CONFORMING,PENDING_BB,DIAGNOSTIC_OK,NOT_APPLICABLE,NOT_APPLICABLE,NOT_APPLICABLE,NO_FAILURE_SO_FAR,PENDING_FINALIZATION,AUTO_FROZEN,0.983012,0.003125
SI_025_R08.png,SI,SI_025,8,15,HIBRIDO,Scatterplot,Identificação,CONFORMING,CONFORMING,CONFORMING,CONFORMING,PENDING_BB,DIAGNOSTIC_OK,NOT_APPLICABLE,NOT_APPLICABLE,NOT_APPLICABLE,NO_FAILURE_SO_FAR,PENDING_FINALIZATION,AUTO_FROZEN,0.983012,0.003125
SI_025_R09.png,SI,SI_025,9,15,HIBRIDO,Scatterplot,Identificação,CONFORMING,CONFORMING,CONFORMING,CONFORMING,PENDING_BB,DIAGNOSTIC_OK,NOT_APPLICABLE,NOT_APPLICABLE,NOT_APPLICABLE,NO_FAILURE_SO_FAR,PENDING_FINALIZATION,AUTO_FROZEN,0.983012,0.003125
SI_025_R10.png,SI,SI_025,10,15,HIBRIDO,Scatterplot,Identificação,CONFORMING,CONFORMING,CONFORMING,CONFORMING,PENDING_BB,DIAGNOSTIC_OK,NOT_APPLICABLE,NOT_APPLICABLE,NOT_APPLICABLE,NO_FAILURE_SO_FAR,PENDING_FINALIZATION,AUTO_FROZEN,0.983012,0.003125
SI_026_R01.png,SI,SI_026,1,16,HIBRIDO,Scatterplot,Identificação,CONFORMING,CONFORMING,CONFORMING,CONFORMING,PENDING_BB,DIAGNOSTIC_OK,NOT_APPLICABLE,NOT_APPLICABLE,NOT_APPLICABLE,NO_FAILURE_SO_FAR,PENDING_FINALIZATION,AUTO_FROZEN,0.980825,0.056095
SI_026_R02.png,SI,SI_026,2,16,HIBRIDO,Scatterplot,Identificação,CONFORMING,CONFORMING,CONFORMING,CONFORMING,PENDING_BB,DIAGNOSTIC_OK,NOT_APPLICABLE,NOT_APPLICABLE,NOT_APPLICABLE,NO_FAILURE_SO_FAR,PENDING_FINALIZATION,AUTO_FROZEN,0.983012,0.003125
SI_026_R03.png,SI,SI_026,3,16,HIBRIDO,Scatterplot,Identificação,CONFORMING,CONFORMING,CONFORMING,CONFORMING,PENDING_BB,DIAGNOSTIC_OK,NOT_APPLICABLE,NOT_APPLICABLE,NOT_APPLICABLE,NO_FAILURE_SO_FAR,PENDING_FINALIZATION,AUTO_FROZEN,0.983012,0.003125
SI_026_R04.png,SI,SI_026,4,16,HIBRIDO,Scatterplot,Identificação,CONFORMING,CONFORMING,CONFORMING,CONFORMING,PENDING_BB,DIAGNOSTIC_OK,NOT_APPLICABLE,NOT_APPLICABLE,NOT_APPLICABLE,NO_FAILURE_SO_FAR,PENDING_FINALIZATION,AUTO_FROZEN,0.983012,0.003125
SI_026_R05.png,SI,SI_026,5,16,HIBRIDO,Scatterplot,Identificação,CONFORMING,CONFORMING,CONFORMING,CONFORMING,PENDING_BB,DIAGNOSTIC_OK,NOT_APPLICABLE,NOT_APPLICABLE,NOT_APPLICABLE,NO_FAILURE_SO_FAR,PENDING_FINALIZATION,AUTO_FROZEN,0.983012,0.003125
SI_026_R06.png,SI,SI_026,6,16,HIBRIDO,Scatterplot,Identificação,CONFORMING,CONFORMING,CONFORMING,CONFORMING,PENDING_BB,DIAGNOSTIC_OK,NOT_APPLICABLE,NOT_APPLICABLE,NOT_APPLICABLE,NO_FAILURE_SO_FAR,PENDING_FINALIZATION,AUTO_FROZEN,0.968097,0.052141
SI_026_R07.png,SI,SI_026,7,16,HIBRIDO,Scatterplot,Identificação,CONFORMING,CONFORMING,CONFORMING,CONFORMING,PENDING_BB,DIAGNOSTIC_OK,NOT_APPLICABLE,NOT_APPLICABLE,NOT_APPLICABLE,NO_FAILURE_SO_FAR,PENDING_FINALIZATION,AUTO_FROZEN,0.968097,0.052141
SI_026_R08.png,SI,SI_026,8,16,HIBRIDO,Scatterplot,Identificação,CONFORMING,CONFORMING,CONFORMING,CONFORMING,PENDING_BB,DIAGNOSTIC_OK,NOT_APPLICABLE,NOT_APPLICABLE,NOT_APPLICABLE,NO_FAILURE_SO_FAR,PENDING_FINALIZATION,AUTO_FROZEN,0.994847,0.003125
SI_026_R09.png,SI,SI_026,9,16,HIBRIDO,Scatterplot,Identificação,CONFORMING,CONFORMING,CONFORMING,CONFORMING,PENDING_BB,DIAGNOSTIC_OK,NOT_APPLICABLE,NOT_APPLICABLE,NOT_APPLICABLE,NO_FAILURE_SO_FAR,PENDING_FINALIZATION,AUTO_FROZEN,0.994847,0.003125
SI_026_R10.png,SI,SI_026,10,16,HIBRIDO,Scatterplot,Identificação,CONFORMING,CONFORMING,CONFORMING,CONFORMING,PENDING_BB,DIAGNOSTIC_OK,NOT_APPLICABLE,NOT_APPLICABLE,NOT_APPLICABLE,NO_FAILURE_SO_FAR,PENDING_FINALIZATION,AUTO_FROZEN,0.994847,0.003125
SI_027_R01.png,SI,SI_027,1,1,VQL,Scatterplot,Identificação,CONFORMING,CONFORMING,CONFORMING,CONFORMING,PENDING_BB,DIAGNOSTIC_OK,NOT_APPLICABLE,NOT_APPLICABLE,NOT_APPLICABLE,NO_FAILURE_SO_FAR,PENDING_FINALIZATION,AUTO_FROZEN,0.980554,0.056095
SI_027_R02.png,SI,SI_027,2,1,VQL,Scatterplot,Identificação,CONFORMING,CONFORMING,CONFORMING,CONFORMING,PENDING_BB,DIAGNOSTIC_OK,NOT_APPLICABLE,NOT_APPLICABLE,NOT_APPLICABLE,NO_FAILURE_SO_FAR,PENDING_FINALIZATION,AUTO_FROZEN,0.969628,0.057396
SI_027_R03.png,SI,SI_027,3,1,VQL,Scatterplot,Identificação,CONFORMING,CONFORMING,CONFORMING,CONFORMING,PENDING_BB,DIAGNOSTIC_OK,NOT_APPLICABLE,NOT_APPLICABLE,NOT_APPLICABLE,NO_FAILURE_SO_FAR,PENDING_FINALIZATION,AUTO_FROZEN,0.969632,0.057396
SI_027_R04.png,SI,SI_027,4,1,VQL,Scatterplot,Identificação,CONFORMING,CONFORMING,CONFORMING,CONFORMING,PENDING_BB,DIAGNOSTIC_OK,NOT_APPLICABLE,NOT_APPLICABLE,NOT_APPLICABLE,NO_FAILURE_SO_FAR,PENDING_FINALIZATION,AUTO_FROZEN,0.969375,0.057396
SI_027_R05.png,SI,SI_027,5,1,VQL,Scatterplot,Identificação,CONFORMING,CONFORMING,CONFORMING,CONFORMING,PENDING_BB,DIAGNOSTIC_OK,NOT_APPLICABLE,NOT_APPLICABLE,NOT_APPLICABLE,NO_FAILURE_SO_FAR,PENDING_FINALIZATION,AUTO_FROZEN,0.969375,0.057396
SI_027_R06.png,SI,SI_027,6,1,VQL,Scatterplot,Identificação,CONFORMING,CONFORMING,CONFORMING,CONFORMING,PENDING_BB,DIAGNOSTIC_OK,NOT_APPLICABLE,NOT_APPLICABLE,NOT_APPLICABLE,NO_FAILURE_SO_FAR,PENDING_FINALIZATION,AUTO_FROZEN,0.969375,0.057396
SI_027_R07.png,SI,SI_027,7,1,VQL,Scatterplot,Identificação,CONFORMING,CONFORMING,CONFORMING,CONFORMING,PENDING_BB,DIAGNOSTIC_OK,NOT_APPLICABLE,NOT_APPLICABLE,NOT_APPLICABLE,NO_FAILURE_SO_FAR,PENDING_FINALIZATION,AUTO_FROZEN,0.969115,0.057396
SI_027_R08.png,SI,SI_027,8,1,VQL,Scatterplot,Identificação,CONFORMING,CONFORMING,CONFORMING,CONFORMING,PENDING_BB,DIAGNOSTIC_OK,NOT_APPLICABLE,NOT_APPLICABLE,NOT_APPLICABLE,NO_FAILURE_SO_FAR,PENDING_FINALIZATION,AUTO_FROZEN,0.969115,0.057396
SI_027_R09.png,SI,SI_027,9,1,VQL,Scatterplot,Identificação,CONFORMING,CONFORMING,CONFORMING,CONFORMING,PENDING_BB,DIAGNOSTIC_OK,NOT_APPLICABLE,NOT_APPLICABLE,NOT_APPLICABLE,NO_FAILURE_SO_FAR,PENDING_FINALIZATION,AUTO_FROZEN,0.969113,0.057396
SI_027_R10.png,SI,SI_027,10,1,VQL,Scatterplot,Identificação,CONFORMING,CONFORMING,CONFORMING,CONFORMING,PENDING_BB,DIAGNOSTIC_OK,NOT_APPLICABLE,NOT_APPLICABLE,NOT_APPLICABLE,NO_FAILURE_SO_FAR,PENDING_FINALIZATION,AUTO_FROZEN,0.96885,0.057396
SI_028_R01.png,SI,SI_028,1,4,VQL,Scatterplot,Identificação,CONFORMING,CONFORMING,CONFORMING,CONFORMING,PENDING_BB,DIAGNOSTIC_OK,NOT_APPLICABLE,NOT_APPLICABLE,NOT_APPLICABLE,NO_FAILURE_SO_FAR,PENDING_FINALIZATION,AUTO_FROZEN,0.7282,0.055645
SI_028_R02.png,SI,SI_028,2,4,VQL,Scatterplot,Identificação,CONFORMING,CONFORMING,CONFORMING,CONFORMING,PENDING_BB,DIAGNOSTIC_OK,NOT_APPLICABLE,NOT_APPLICABLE,NOT_APPLICABLE,NO_FAILURE_SO_FAR,PENDING_FINALIZATION,AUTO_FROZEN,0.980825,0.056095
SI_028_R03.png,SI,SI_028,3,4,VQL,Scatterplot,Identificação,CONFORMING,CONFORMING,CONFORMING,CONFORMING,PENDING_BB,DIAGNOSTIC_OK,NOT_APPLICABLE,NOT_APPLICABLE,NOT_APPLICABLE,NO_FAILURE_SO_FAR,PENDING_FINALIZATION,AUTO_FROZEN,0.980825,0.056095
SI_028_R04.png,SI,SI_028,4,4,VQL,Scatterplot,Identificação,CONFORMING,CONFORMING,CONFORMING,CONFORMING,PENDING_BB,DIAGNOSTIC_OK,NOT_APPLICABLE,NOT_APPLICABLE,NOT_APPLICABLE,NO_FAILURE_SO_FAR,PENDING_FINALIZATION,AUTO_FROZEN,0.980825,0.056095
SI_028_R05.png,SI,SI_028,5,4,VQL,Scatterplot,Identificação,CONFORMING,CONFORMING,CONFORMING,CONFORMING,PENDING_BB,DIAGNOSTIC_OK,NOT_APPLICABLE,NOT_APPLICABLE,NOT_APPLICABLE,NO_FAILURE_SO_FAR,PENDING_FINALIZATION,AUTO_FROZEN,0.980825,0.056095
SI_028_R06.png,SI,SI_028,6,4,VQL,Scatterplot,Identificação,CONFORMING,CONFORMING,CONFORMING,CONFORMING,PENDING_BB,DIAGNOSTIC_OK,NOT_APPLICABLE,NOT_APPLICABLE,NOT_APPLICABLE,NO_FAILURE_SO_FAR,PENDING_FINALIZATION,AUTO_FROZEN,0.980825,0.056095
SI_028_R07.png,SI,SI_028,7,4,VQL,Scatterplot,Identificação,CONFORMING,CONFORMING,CONFORMING,CONFORMING,PENDING_BB,DIAGNOSTIC_OK,NOT_APPLICABLE,NOT_APPLICABLE,NOT_APPLICABLE,NO_FAILURE_SO_FAR,PENDING_FINALIZATION,AUTO_FROZEN,0.980825,0.056095
SI_028_R08.png,SI,SI_028,8,4,VQL,Scatterplot,Identificação,CONFORMING,CONFORMING,CONFORMING,CONFORMING,PENDING_BB,DIAGNOSTIC_OK,NOT_APPLICABLE,NOT_APPLICABLE,NOT_APPLICABLE,NO_FAILURE_SO_FAR,PENDING_FINALIZATION,AUTO_FROZEN,0.980825,0.056095
SI_028_R09.png,SI,SI_028,9,4,VQL,Scatterplot,Identificação,CONFORMING,CONFORMING,CONFORMING,CONFORMING,PENDING_BB,DIAGNOSTIC_OK,NOT_APPLICABLE,NOT_APPLICABLE,NOT_APPLICABLE,NO_FAILURE_SO_FAR,PENDING_FINALIZATION,AUTO_FROZEN,0.980825,0.056095
SI_028_R10.png,SI,SI_028,10,4,VQL,Scatterplot,Identificação,CONFORMING,CONFORMING,CONFORMING,CONFORMING,PENDING_BB,DIAGNOSTIC_OK,NOT_APPLICABLE,NOT_APPLICABLE,NOT_APPLICABLE,NO_FAILURE_SO_FAR,PENDING_FINALIZATION,AUTO_FROZEN,0.980825,0.056095
SI_029_R01.png,SI,SI_029,1,6,VQL,Scatterplot,Identificação,CONFORMING,CONFORMING,CONFORMING,CONFORMING,PENDING_BB,DIAGNOSTIC_OK,NOT_APPLICABLE,NOT_APPLICABLE,NOT_APPLICABLE,NO_FAILURE_SO_FAR,PENDING_FINALIZATION,AUTO_FROZEN,0.912373,0.056095
SI_029_R02.png,SI,SI_029,2,6,VQL,Scatterplot,Identificação,CONFORMING,CONFORMING,CONFORMING,CONFORMING,PENDING_BB,DIAGNOSTIC_OK,NOT_APPLICABLE,NOT_APPLICABLE,NOT_APPLICABLE,NO_FAILURE_SO_FAR,PENDING_FINALIZATION,AUTO_FROZEN,0.922612,0.078687
SI_029_R03.png,SI,SI_029,3,6,VQL,Scatterplot,Identificação,CONFORMING,CONFORMING,CONFORMING,CONFORMING,PENDING_BB,DIAGNOSTIC_OK,NOT_APPLICABLE,NOT_APPLICABLE,NOT_APPLICABLE,NO_FAILURE_SO_FAR,PENDING_FINALIZATION,AUTO_FROZEN,0.922612,0.078687
SI_029_R04.png,SI,SI_029,4,6,VQL,Scatterplot,Identificação,CONFORMING,CONFORMING,CONFORMING,CONFORMING,PENDING_BB,DIAGNOSTIC_OK,NOT_APPLICABLE,NOT_APPLICABLE,NOT_APPLICABLE,NO_FAILURE_SO_FAR,PENDING_FINALIZATION,AUTO_FROZEN,0.922612,0.078687
SI_029_R05.png,SI,SI_029,5,6,VQL,Scatterplot,Identificação,CONFORMING,CONFORMING,CONFORMING,CONFORMING,PENDING_BB,DIAGNOSTIC_OK,NOT_APPLICABLE,NOT_APPLICABLE,NOT_APPLICABLE,NO_FAILURE_SO_FAR,PENDING_FINALIZATION,AUTO_FROZEN,0.922612,0.078687
SI_029_R06.png,SI,SI_029,6,6,VQL,Scatterplot,Identificação,CONFORMING,CONFORMING,CONFORMING,CONFORMING,PENDING_BB,DIAGNOSTIC_OK,NOT_APPLICABLE,NOT_APPLICABLE,NOT_APPLICABLE,NO_FAILURE_SO_FAR,PENDING_FINALIZATION,AUTO_FROZEN,0.922612,0.078687
SI_029_R07.png,SI,SI_029,7,6,VQL,Scatterplot,Identificação,CONFORMING,CONFORMING,CONFORMING,CONFORMING,PENDING_BB,DIAGNOSTIC_OK,NOT_APPLICABLE,NOT_APPLICABLE,NOT_APPLICABLE,NO_FAILURE_SO_FAR,PENDING_FINALIZATION,AUTO_FROZEN,0.922612,0.078687
SI_029_R08.png,SI,SI_029,8,6,VQL,Scatterplot,Identificação,CONFORMING,CONFORMING,CONFORMING,CONFORMING,PENDING_BB,DIAGNOSTIC_OK,NOT_APPLICABLE,NOT_APPLICABLE,NOT_APPLICABLE,NO_FAILURE_SO_FAR,PENDING_FINALIZATION,AUTO_FROZEN,0.922612,0.078687
SI_029_R09.png,SI,SI_029,9,6,VQL,Scatterplot,Identificação,CONFORMING,CONFORMING,CONFORMING,CONFORMING,PENDING_BB,DIAGNOSTIC_OK,NOT_APPLICABLE,NOT_APPLICABLE,NOT_APPLICABLE,NO_FAILURE_SO_FAR,PENDING_FINALIZATION,AUTO_FROZEN,0.922612,0.078687
SI_029_R10.png,SI,SI_029,10,6,VQL,Scatterplot,Identificação,CONFORMING,CONFORMING,CONFORMING,CONFORMING,PENDING_BB,DIAGNOSTIC_OK,NOT_APPLICABLE,NOT_APPLICABLE,NOT_APPLICABLE,NO_FAILURE_SO_FAR,PENDING_FINALIZATION,AUTO_FROZEN,0.922612,0.078687
SI_030_R01.png,SI,SI_030,1,7,VQL,Scatterplot,Identificação,CONFORMING,CONFORMING,UNEVALUABLE,CONFORMING,PENDING_BB,DIAGNOSTIC_OK,NOT_APPLICABLE,NOT_APPLICABLE,NOT_APPLICABLE,UNEVALUABLE,PENDING_FINALIZATION,AUTO_FROZEN,1.0,0.077664
SI_030_R02.png,SI,SI_030,2,7,VQL,Scatterplot,Identificação,CONFORMING,CONFORMING,CONFORMING,CONFORMING,PENDING_BB,DIAGNOSTIC_OK,NOT_APPLICABLE,NOT_APPLICABLE,NOT_APPLICABLE,NO_FAILURE_SO_FAR,PENDING_FINALIZATION,AUTO_FROZEN,0.983426,0.074836
SI_030_R03.png,SI,SI_030,3,7,VQL,Scatterplot,Identificação,CONFORMING,CONFORMING,CONFORMING,CONFORMING,PENDING_BB,DIAGNOSTIC_OK,NOT_APPLICABLE,NOT_APPLICABLE,NOT_APPLICABLE,NO_FAILURE_SO_FAR,PENDING_FINALIZATION,AUTO_FROZEN,0.983426,0.074836
SI_030_R04.png,SI,SI_030,4,7,VQL,Scatterplot,Identificação,CONFORMING,CONFORMING,CONFORMING,CONFORMING,PENDING_BB,DIAGNOSTIC_OK,NOT_APPLICABLE,NOT_APPLICABLE,NOT_APPLICABLE,NO_FAILURE_SO_FAR,PENDING_FINALIZATION,AUTO_FROZEN,0.983426,0.074836
SI_030_R05.png,SI,SI_030,5,7,VQL,Scatterplot,Identificação,CONFORMING,CONFORMING,CONFORMING,CONFORMING,PENDING_BB,DIAGNOSTIC_OK,NOT_APPLICABLE,NOT_APPLICABLE,NOT_APPLICABLE,NO_FAILURE_SO_FAR,PENDING_FINALIZATION,AUTO_FROZEN,0.983426,0.074836
SI_030_R06.png,SI,SI_030,6,7,VQL,Scatterplot,Identificação,CONFORMING,CONFORMING,CONFORMING,CONFORMING,PENDING_BB,DIAGNOSTIC_OK,NOT_APPLICABLE,NOT_APPLICABLE,NOT_APPLICABLE,NO_FAILURE_SO_FAR,PENDING_FINALIZATION,AUTO_FROZEN,0.983426,0.074836
SI_030_R07.png,SI,SI_030,7,7,VQL,Scatterplot,Identificação,CONFORMING,CONFORMING,CONFORMING,CONFORMING,PENDING_BB,DIAGNOSTIC_OK,NOT_APPLICABLE,NOT_APPLICABLE,NOT_APPLICABLE,NO_FAILURE_SO_FAR,PENDING_FINALIZATION,AUTO_FROZEN,0.983426,0.074836
SI_030_R08.png,SI,SI_030,8,7,VQL,Scatterplot,Identificação,CONFORMING,CONFORMING,CONFORMING,CONFORMING,PENDING_BB,DIAGNOSTIC_OK,NOT_APPLICABLE,NOT_APPLICABLE,NOT_APPLICABLE,NO_FAILURE_SO_FAR,PENDING_FINALIZATION,AUTO_FROZEN,0.983426,0.074836
SI_030_R09.png,SI,SI_030,9,7,VQL,Scatterplot,Identificação,CONFORMING,CONFORMING,CONFORMING,CONFORMING,PENDING_BB,DIAGNOSTIC_OK,NOT_APPLICABLE,NOT_APPLICABLE,NOT_APPLICABLE,NO_FAILURE_SO_FAR,PENDING_FINALIZATION,AUTO_FROZEN,0.983426,0.074836
SI_030_R10.png,SI,SI_030,10,7,VQL,Scatterplot,Identificação,CONFORMING,CONFORMING,CONFORMING,CONFORMING,PENDING_BB,DIAGNOSTIC_OK,NOT_APPLICABLE,NOT_APPLICABLE,NOT_APPLICABLE,NO_FAILURE_SO_FAR,PENDING_FINALIZATION,AUTO_FROZEN,0.983426,0.074836
SI_031_R01.png,SI,SI_031,1,8,VQL,Scatterplot,Identificação,CONFORMING,CONFORMING,CONFORMING,CONFORMING,PENDING_BB,DIAGNOSTIC_OK,NOT_APPLICABLE,NOT_APPLICABLE,NOT_APPLICABLE,NO_FAILURE_SO_FAR,PENDING_FINALIZATION,AUTO_FROZEN,0.733226,0.055645
SI_031_R02.png,SI,SI_031,2,8,VQL,Scatterplot,Identificação,CONFORMING,CONFORMING,CONFORMING,CONFORMING,PENDING_BB,DIAGNOSTIC_OK,NOT_APPLICABLE,NOT_APPLICABLE,NOT_APPLICABLE,NO_FAILURE_SO_FAR,PENDING_FINALIZATION,AUTO_FROZEN,0.962278,0.057396
SI_031_R03.png,SI,SI_031,3,8,VQL,Scatterplot,Identificação,CONFORMING,CONFORMING,CONFORMING,CONFORMING,PENDING_BB,DIAGNOSTIC_OK,NOT_APPLICABLE,NOT_APPLICABLE,NOT_APPLICABLE,NO_FAILURE_SO_FAR,PENDING_FINALIZATION,AUTO_FROZEN,0.962278,0.057396
SI_031_R04.png,SI,SI_031,4,8,VQL,Scatterplot,Identificação,CONFORMING,CONFORMING,CONFORMING,CONFORMING,PENDING_BB,DIAGNOSTIC_OK,NOT_APPLICABLE,NOT_APPLICABLE,NOT_APPLICABLE,NO_FAILURE_SO_FAR,PENDING_FINALIZATION,AUTO_FROZEN,0.962278,0.057396
SI_031_R05.png,SI,SI_031,5,8,VQL,Scatterplot,Identificação,CONFORMING,CONFORMING,CONFORMING,CONFORMING,PENDING_BB,DIAGNOSTIC_OK,NOT_APPLICABLE,NOT_APPLICABLE,NOT_APPLICABLE,NO_FAILURE_SO_FAR,PENDING_FINALIZATION,AUTO_FROZEN,0.962278,0.057396
SI_031_R06.png,SI,SI_031,6,8,VQL,Scatterplot,Identificação,CONFORMING,CONFORMING,CONFORMING,CONFORMING,PENDING_BB,DIAGNOSTIC_OK,NOT_APPLICABLE,NOT_APPLICABLE,NOT_APPLICABLE,NO_FAILURE_SO_FAR,PENDING_FINALIZATION,AUTO_FROZEN,0.962278,0.057396
SI_031_R07.png,SI,SI_031,7,8,VQL,Scatterplot,Identificação,CONFORMING,CONFORMING,CONFORMING,CONFORMING,PENDING_BB,DIAGNOSTIC_OK,NOT_APPLICABLE,NOT_APPLICABLE,NOT_APPLICABLE,NO_FAILURE_SO_FAR,PENDING_FINALIZATION,AUTO_FROZEN,0.962278,0.057396
SI_031_R08.png,SI,SI_031,8,8,VQL,Scatterplot,Identificação,CONFORMING,CONFORMING,CONFORMING,CONFORMING,PENDING_BB,DIAGNOSTIC_OK,NOT_APPLICABLE,NOT_APPLICABLE,NOT_APPLICABLE,NO_FAILURE_SO_FAR,PENDING_FINALIZATION,AUTO_FROZEN,0.962278,0.057396
SI_031_R09.png,SI,SI_031,9,8,VQL,Scatterplot,Identificação,CONFORMING,CONFORMING,CONFORMING,CONFORMING,PENDING_BB,DIAGNOSTIC_OK,NOT_APPLICABLE,NOT_APPLICABLE,NOT_APPLICABLE,NO_FAILURE_SO_FAR,PENDING_FINALIZATION,AUTO_FROZEN,0.962278,0.057396
SI_031_R10.png,SI,SI_031,10,8,VQL,Scatterplot,Identificação,CONFORMING,CONFORMING,CONFORMING,CONFORMING,PENDING_BB,DIAGNOSTIC_OK,NOT_APPLICABLE,NOT_APPLICABLE,NOT_APPLICABLE,NO_FAILURE_SO_FAR,PENDING_FINALIZATION,AUTO_FROZEN,0.962278,0.057396
SI_032_R01.png,SI,SI_032,1,9,VQL,Scatterplot,Identificação,CONFORMING,CONFORMING,CONFORMING,CONFORMING,PENDING_BB,DIAGNOSTIC_OK,NONCONFORMING,NONCONFORMING,CONFORMING,NONCONFORMING,NONCONFORMING,AUTO_FROZEN,1.0,0.055785
SI_032_R02.png,SI,SI_032,2,9,VQL,Scatterplot,Identificação,CONFORMING,CONFORMING,CONFORMING,CONFORMING,PENDING_BB,DIAGNOSTIC_OK,CONFORMING,CONFORMING,CONFORMING,NO_FAILURE_SO_FAR,PENDING_FINALIZATION,AUTO_FROZEN,0.996894,0.003125
SI_032_R03.png,SI,SI_032,3,9,VQL,Scatterplot,Identificação,CONFORMING,CONFORMING,CONFORMING,CONFORMING,PENDING_BB,DIAGNOSTIC_OK,CONFORMING,CONFORMING,CONFORMING,NO_FAILURE_SO_FAR,PENDING_FINALIZATION,AUTO_FROZEN,0.996894,0.003125
SI_032_R04.png,SI,SI_032,4,9,VQL,Scatterplot,Identificação,CONFORMING,CONFORMING,CONFORMING,CONFORMING,PENDING_BB,DIAGNOSTIC_OK,CONFORMING,CONFORMING,CONFORMING,NO_FAILURE_SO_FAR,PENDING_FINALIZATION,AUTO_FROZEN,0.996894,0.003125
SI_032_R05.png,SI,SI_032,5,9,VQL,Scatterplot,Identificação,CONFORMING,CONFORMING,CONFORMING,CONFORMING,PENDING_BB,DIAGNOSTIC_OK,CONFORMING,CONFORMING,CONFORMING,NO_FAILURE_SO_FAR,PENDING_FINALIZATION,AUTO_FROZEN,0.996894,0.003125
SI_032_R06.png,SI,SI_032,6,9,VQL,Scatterplot,Identificação,CONFORMING,CONFORMING,CONFORMING,CONFORMING,PENDING_BB,DIAGNOSTIC_OK,CONFORMING,CONFORMING,CONFORMING,NO_FAILURE_SO_FAR,PENDING_FINALIZATION,AUTO_FROZEN,0.996894,0.003125
SI_032_R07.png,SI,SI_032,7,9,VQL,Scatterplot,Identificação,CONFORMING,CONFORMING,CONFORMING,CONFORMING,PENDING_BB,DIAGNOSTIC_OK,CONFORMING,CONFORMING,CONFORMING,NO_FAILURE_SO_FAR,PENDING_FINALIZATION,AUTO_FROZEN,0.996894,0.003125
SI_032_R08.png,SI,SI_032,8,9,VQL,Scatterplot,Identificação,CONFORMING,CONFORMING,CONFORMING,CONFORMING,PENDING_BB,DIAGNOSTIC_OK,CONFORMING,CONFORMING,CONFORMING,NO_FAILURE_SO_FAR,PENDING_FINALIZATION,AUTO_FROZEN,0.996894,0.003125
SI_032_R09.png,SI,SI_032,9,9,VQL,Scatterplot,Identificação,CONFORMING,CONFORMING,CONFORMING,CONFORMING,PENDING_BB,DIAGNOSTIC_OK,CONFORMING,CONFORMING,CONFORMING,NO_FAILURE_SO_FAR,PENDING_FINALIZATION,AUTO_FROZEN,0.996894,0.003125
SI_032_R10.png,SI,SI_032,10,9,VQL,Scatterplot,Identificação,CONFORMING,CONFORMING,CONFORMING,CONFORMING,PENDING_BB,DIAGNOSTIC_OK,CONFORMING,CONFORMING,CONFORMING,NO_FAILURE_SO_FAR,PENDING_FINALIZATION,AUTO_FROZEN,0.996894,0.003125
SI_033_R01.png,SI,SI_033,1,10,VQL,Scatterplot,Identificação,CONFORMING,CONFORMING,CONFORMING,CONFORMING,PENDING_BB,DIAGNOSTIC_OK,NOT_APPLICABLE,NOT_APPLICABLE,NOT_APPLICABLE,NO_FAILURE_SO_FAR,PENDING_FINALIZATION,AUTO_FROZEN,0.96789,0.053778
SI_033_R02.png,SI,SI_033,2,10,VQL,Scatterplot,Identificação,CONFORMING,CONFORMING,CONFORMING,CONFORMING,PENDING_BB,DIAGNOSTIC_OK,NOT_APPLICABLE,NOT_APPLICABLE,NOT_APPLICABLE,NO_FAILURE_SO_FAR,PENDING_FINALIZATION,AUTO_FROZEN,0.968146,0.051917
SI_033_R03.png,SI,SI_033,3,10,VQL,Scatterplot,Identificação,CONFORMING,CONFORMING,CONFORMING,CONFORMING,PENDING_BB,DIAGNOSTIC_OK,NOT_APPLICABLE,NOT_APPLICABLE,NOT_APPLICABLE,NO_FAILURE_SO_FAR,PENDING_FINALIZATION,AUTO_FROZEN,0.968146,0.051917
SI_033_R04.png,SI,SI_033,4,10,VQL,Scatterplot,Identificação,CONFORMING,CONFORMING,CONFORMING,CONFORMING,PENDING_BB,DIAGNOSTIC_OK,NOT_APPLICABLE,NOT_APPLICABLE,NOT_APPLICABLE,NO_FAILURE_SO_FAR,PENDING_FINALIZATION,AUTO_FROZEN,0.968146,0.051917
SI_033_R05.png,SI,SI_033,5,10,VQL,Scatterplot,Identificação,CONFORMING,CONFORMING,CONFORMING,CONFORMING,PENDING_BB,DIAGNOSTIC_OK,NOT_APPLICABLE,NOT_APPLICABLE,NOT_APPLICABLE,NO_FAILURE_SO_FAR,PENDING_FINALIZATION,AUTO_FROZEN,0.968146,0.051917
SI_033_R06.png,SI,SI_033,6,10,VQL,Scatterplot,Identificação,CONFORMING,CONFORMING,CONFORMING,CONFORMING,PENDING_BB,DIAGNOSTIC_OK,NOT_APPLICABLE,NOT_APPLICABLE,NOT_APPLICABLE,NO_FAILURE_SO_FAR,PENDING_FINALIZATION,AUTO_FROZEN,0.968146,0.051917
SI_033_R07.png,SI,SI_033,7,10,VQL,Scatterplot,Identificação,CONFORMING,CONFORMING,CONFORMING,CONFORMING,PENDING_BB,DIAGNOSTIC_OK,NOT_APPLICABLE,NOT_APPLICABLE,NOT_APPLICABLE,NO_FAILURE_SO_FAR,PENDING_FINALIZATION,AUTO_FROZEN,0.968146,0.051917
SI_033_R08.png,SI,SI_033,8,10,VQL,Scatterplot,Identificação,CONFORMING,CONFORMING,CONFORMING,CONFORMING,PENDING_BB,DIAGNOSTIC_OK,NOT_APPLICABLE,NOT_APPLICABLE,NOT_APPLICABLE,NO_FAILURE_SO_FAR,PENDING_FINALIZATION,AUTO_FROZEN,0.968146,0.051917
SI_033_R09.png,SI,SI_033,9,10,VQL,Scatterplot,Identificação,CONFORMING,CONFORMING,CONFORMING,CONFORMING,PENDING_BB,DIAGNOSTIC_OK,NOT_APPLICABLE,NOT_APPLICABLE,NOT_APPLICABLE,NO_FAILURE_SO_FAR,PENDING_FINALIZATION,AUTO_FROZEN,0.968146,0.051917
SI_033_R10.png,SI,SI_033,10,10,VQL,Scatterplot,Identificação,CONFORMING,CONFORMING,CONFORMING,CONFORMING,PENDING_BB,DIAGNOSTIC_OK,NOT_APPLICABLE,NOT_APPLICABLE,NOT_APPLICABLE,NO_FAILURE_SO_FAR,PENDING_FINALIZATION,AUTO_FROZEN,0.968146,0.051917
SI_034_R01.png,SI,SI_034,1,11,VQL,Scatterplot,Identificação,CONFORMING,CONFORMING,CONFORMING,CONFORMING,PENDING_BB,DIAGNOSTIC_OK,NOT_APPLICABLE,NOT_APPLICABLE,NOT_APPLICABLE,NO_FAILURE_SO_FAR,PENDING_FINALIZATION,AUTO_FROZEN,1.0,0.053704
SI_034_R02.png,SI,SI_034,2,11,VQL,Scatterplot,Identificação,CONFORMING,CONFORMING,CONFORMING,CONFORMING,PENDING_BB,DIAGNOSTIC_OK,NOT_APPLICABLE,NOT_APPLICABLE,NOT_APPLICABLE,NO_FAILURE_SO_FAR,PENDING_FINALIZATION,AUTO_FROZEN,0.920827,0.002708
SI_034_R03.png,SI,SI_034,3,11,VQL,Scatterplot,Identificação,CONFORMING,CONFORMING,CONFORMING,CONFORMING,PENDING_BB,DIAGNOSTIC_OK,NOT_APPLICABLE,NOT_APPLICABLE,NOT_APPLICABLE,NO_FAILURE_SO_FAR,PENDING_FINALIZATION,AUTO_FROZEN,0.920827,0.002708
SI_034_R04.png,SI,SI_034,4,11,VQL,Scatterplot,Identificação,CONFORMING,CONFORMING,CONFORMING,CONFORMING,PENDING_BB,DIAGNOSTIC_OK,NOT_APPLICABLE,NOT_APPLICABLE,NOT_APPLICABLE,NO_FAILURE_SO_FAR,PENDING_FINALIZATION,AUTO_FROZEN,0.920827,0.002708
SI_034_R05.png,SI,SI_034,5,11,VQL,Scatterplot,Identificação,CONFORMING,CONFORMING,CONFORMING,CONFORMING,PENDING_BB,DIAGNOSTIC_OK,NOT_APPLICABLE,NOT_APPLICABLE,NOT_APPLICABLE,NO_FAILURE_SO_FAR,PENDING_FINALIZATION,AUTO_FROZEN,0.920827,0.002708
SI_034_R06.png,SI,SI_034,6,11,VQL,Scatterplot,Identificação,CONFORMING,CONFORMING,CONFORMING,CONFORMING,PENDING_BB,DIAGNOSTIC_OK,NOT_APPLICABLE,NOT_APPLICABLE,NOT_APPLICABLE,NO_FAILURE_SO_FAR,PENDING_FINALIZATION,AUTO_FROZEN,0.920827,0.002708
SI_034_R07.png,SI,SI_034,7,11,VQL,Scatterplot,Identificação,CONFORMING,CONFORMING,CONFORMING,CONFORMING,PENDING_BB,DIAGNOSTIC_OK,NOT_APPLICABLE,NOT_APPLICABLE,NOT_APPLICABLE,NO_FAILURE_SO_FAR,PENDING_FINALIZATION,AUTO_FROZEN,0.920827,0.002708
SI_034_R08.png,SI,SI_034,8,11,VQL,Scatterplot,Identificação,CONFORMING,CONFORMING,CONFORMING,CONFORMING,PENDING_BB,DIAGNOSTIC_OK,NOT_APPLICABLE,NOT_APPLICABLE,NOT_APPLICABLE,NO_FAILURE_SO_FAR,PENDING_FINALIZATION,AUTO_FROZEN,0.920827,0.002708
SI_034_R09.png,SI,SI_034,9,11,VQL,Scatterplot,Identificação,CONFORMING,CONFORMING,CONFORMING,CONFORMING,PENDING_BB,DIAGNOSTIC_OK,NOT_APPLICABLE,NOT_APPLICABLE,NOT_APPLICABLE,NO_FAILURE_SO_FAR,PENDING_FINALIZATION,AUTO_FROZEN,0.920827,0.002708
SI_034_R10.png,SI,SI_034,10,11,VQL,Scatterplot,Identificação,CONFORMING,CONFORMING,CONFORMING,CONFORMING,PENDING_BB,DIAGNOSTIC_OK,NOT_APPLICABLE,NOT_APPLICABLE,NOT_APPLICABLE,NO_FAILURE_SO_FAR,PENDING_FINALIZATION,AUTO_FROZEN,0.920827,0.002708
SI_035_R01.png,SI,SI_035,1,12,VQL,Scatterplot,Identificação,CONFORMING,CONFORMING,CONFORMING,CONFORMING,PENDING_BB,DIAGNOSTIC_OK,NOT_APPLICABLE,NOT_APPLICABLE,NOT_APPLICABLE,NO_FAILURE_SO_FAR,PENDING_FINALIZATION,AUTO_FROZEN,0.912373,0.056095
SI_035_R02.png,SI,SI_035,2,12,VQL,Scatterplot,Identificação,CONFORMING,CONFORMING,CONFORMING,CONFORMING,PENDING_BB,DIAGNOSTIC_OK,NOT_APPLICABLE,NOT_APPLICABLE,NOT_APPLICABLE,NO_FAILURE_SO_FAR,PENDING_FINALIZATION,AUTO_FROZEN,0.983012,0.003125
SI_035_R03.png,SI,SI_035,3,12,VQL,Scatterplot,Identificação,CONFORMING,CONFORMING,CONFORMING,CONFORMING,PENDING_BB,DIAGNOSTIC_OK,NOT_APPLICABLE,NOT_APPLICABLE,NOT_APPLICABLE,NO_FAILURE_SO_FAR,PENDING_FINALIZATION,AUTO_FROZEN,0.983012,0.003125
SI_035_R04.png,SI,SI_035,4,12,VQL,Scatterplot,Identificação,CONFORMING,CONFORMING,CONFORMING,CONFORMING,PENDING_BB,DIAGNOSTIC_OK,NOT_APPLICABLE,NOT_APPLICABLE,NOT_APPLICABLE,NO_FAILURE_SO_FAR,PENDING_FINALIZATION,AUTO_FROZEN,0.983012,0.003125
SI_035_R05.png,SI,SI_035,5,12,VQL,Scatterplot,Identificação,CONFORMING,CONFORMING,CONFORMING,CONFORMING,PENDING_BB,DIAGNOSTIC_OK,NOT_APPLICABLE,NOT_APPLICABLE,NOT_APPLICABLE,NO_FAILURE_SO_FAR,PENDING_FINALIZATION,AUTO_FROZEN,0.983012,0.003125
SI_035_R06.png,SI,SI_035,6,12,VQL,Scatterplot,Identificação,CONFORMING,CONFORMING,CONFORMING,CONFORMING,PENDING_BB,DIAGNOSTIC_OK,NOT_APPLICABLE,NOT_APPLICABLE,NOT_APPLICABLE,NO_FAILURE_SO_FAR,PENDING_FINALIZATION,AUTO_FROZEN,0.983012,0.003125
SI_035_R07.png,SI,SI_035,7,12,VQL,Scatterplot,Identificação,CONFORMING,CONFORMING,CONFORMING,CONFORMING,PENDING_BB,DIAGNOSTIC_OK,NOT_APPLICABLE,NOT_APPLICABLE,NOT_APPLICABLE,NO_FAILURE_SO_FAR,PENDING_FINALIZATION,AUTO_FROZEN,0.983012,0.003125
SI_035_R08.png,SI,SI_035,8,12,VQL,Scatterplot,Identificação,CONFORMING,CONFORMING,CONFORMING,CONFORMING,PENDING_BB,DIAGNOSTIC_OK,NOT_APPLICABLE,NOT_APPLICABLE,NOT_APPLICABLE,NO_FAILURE_SO_FAR,PENDING_FINALIZATION,AUTO_FROZEN,0.983012,0.003125
SI_035_R09.png,SI,SI_035,9,12,VQL,Scatterplot,Identificação,CONFORMING,CONFORMING,CONFORMING,CONFORMING,PENDING_BB,DIAGNOSTIC_OK,NOT_APPLICABLE,NOT_APPLICABLE,NOT_APPLICABLE,NO_FAILURE_SO_FAR,PENDING_FINALIZATION,AUTO_FROZEN,0.983012,0.003125
SI_035_R10.png,SI,SI_035,10,12,VQL,Scatterplot,Identificação,CONFORMING,CONFORMING,CONFORMING,CONFORMING,PENDING_BB,DIAGNOSTIC_OK,NOT_APPLICABLE,NOT_APPLICABLE,NOT_APPLICABLE,NO_FAILURE_SO_FAR,PENDING_FINALIZATION,AUTO_FROZEN,0.983012,0.003125
SI_036_R01.png,SI,SI_036,1,13,VQL,Scatterplot,Identificação,CONFORMING,CONFORMING,NONCONFORMING,CONFORMING,PENDING_BB,DIAGNOSTIC_OK,CONFORMING,CONFORMING,NOT_APPLICABLE,NONCONFORMING,NONCONFORMING,AUTO_FROZEN,1.0,0.079191
SI_036_R02.png,SI,SI_036,2,13,VQL,Scatterplot,Identificação,CONFORMING,CONFORMING,CONFORMING,CONFORMING,PENDING_BB,DIAGNOSTIC_OK,CONFORMING,CONFORMING,NOT_APPLICABLE,NO_FAILURE_SO_FAR,PENDING_FINALIZATION,AUTO_FROZEN,0.99622,0.056095
SI_036_R03.png,SI,SI_036,3,13,VQL,Scatterplot,Identificação,CONFORMING,CONFORMING,CONFORMING,CONFORMING,PENDING_BB,DIAGNOSTIC_OK,CONFORMING,CONFORMING,NOT_APPLICABLE,NO_FAILURE_SO_FAR,PENDING_FINALIZATION,AUTO_FROZEN,0.99622,0.056095
SI_036_R04.png,SI,SI_036,4,13,VQL,Scatterplot,Identificação,CONFORMING,CONFORMING,CONFORMING,CONFORMING,PENDING_BB,DIAGNOSTIC_OK,CONFORMING,CONFORMING,NOT_APPLICABLE,NO_FAILURE_SO_FAR,PENDING_FINALIZATION,AUTO_FROZEN,0.99622,0.056095
SI_036_R05.png,SI,SI_036,5,13,VQL,Scatterplot,Identificação,CONFORMING,CONFORMING,CONFORMING,CONFORMING,PENDING_BB,DIAGNOSTIC_OK,CONFORMING,CONFORMING,NOT_APPLICABLE,NO_FAILURE_SO_FAR,PENDING_FINALIZATION,AUTO_FROZEN,0.99622,0.056095
SI_036_R06.png,SI,SI_036,6,13,VQL,Scatterplot,Identificação,CONFORMING,CONFORMING,CONFORMING,CONFORMING,PENDING_BB,DIAGNOSTIC_OK,CONFORMING,CONFORMING,NOT_APPLICABLE,NO_FAILURE_SO_FAR,PENDING_FINALIZATION,AUTO_FROZEN,0.99622,0.056095
SI_036_R07.png,SI,SI_036,7,13,VQL,Scatterplot,Identificação,CONFORMING,CONFORMING,CONFORMING,CONFORMING,PENDING_BB,DIAGNOSTIC_OK,CONFORMING,CONFORMING,NOT_APPLICABLE,NO_FAILURE_SO_FAR,PENDING_FINALIZATION,AUTO_FROZEN,0.99622,0.056095
SI_036_R08.png,SI,SI_036,8,13,VQL,Scatterplot,Identificação,CONFORMING,CONFORMING,CONFORMING,CONFORMING,PENDING_BB,DIAGNOSTIC_OK,CONFORMING,CONFORMING,NOT_APPLICABLE,NO_FAILURE_SO_FAR,PENDING_FINALIZATION,AUTO_FROZEN,0.99622,0.056095
SI_036_R09.png,SI,SI_036,9,13,VQL,Scatterplot,Identificação,CONFORMING,CONFORMING,CONFORMING,CONFORMING,PENDING_BB,DIAGNOSTIC_OK,CONFORMING,CONFORMING,NOT_APPLICABLE,NO_FAILURE_SO_FAR,PENDING_FINALIZATION,AUTO_FROZEN,0.99622,0.056095
SI_036_R10.png,SI,SI_036,10,13,VQL,Scatterplot,Identificação,CONFORMING,CONFORMING,CONFORMING,CONFORMING,PENDING_BB,DIAGNOSTIC_OK,CONFORMING,CONFORMING,NOT_APPLICABLE,NO_FAILURE_SO_FAR,PENDING_FINALIZATION,AUTO_FROZEN,0.99622,0.056095
SI_037_R01.png,SI,SI_037,1,14,VQL,Scatterplot,Identificação,CONFORMING,CONFORMING,CONFORMING,CONFORMING,PENDING_BB,DIAGNOSTIC_OK,NOT_APPLICABLE,NOT_APPLICABLE,NOT_APPLICABLE,NO_FAILURE_SO_FAR,PENDING_FINALIZATION,AUTO_FROZEN,0.968146,0.051917
SI_037_R02.png,SI,SI_037,2,14,VQL,Scatterplot,Identificação,CONFORMING,CONFORMING,CONFORMING,CONFORMING,PENDING_BB,DIAGNOSTIC_OK,NOT_APPLICABLE,NOT_APPLICABLE,NOT_APPLICABLE,NO_FAILURE_SO_FAR,PENDING_FINALIZATION,AUTO_FROZEN,0.969986,0.003125
SI_037_R03.png,SI,SI_037,3,14,VQL,Scatterplot,Identificação,CONFORMING,CONFORMING,CONFORMING,CONFORMING,PENDING_BB,DIAGNOSTIC_OK,NOT_APPLICABLE,NOT_APPLICABLE,NOT_APPLICABLE,NO_FAILURE_SO_FAR,PENDING_FINALIZATION,AUTO_FROZEN,0.969986,0.003125
SI_037_R04.png,SI,SI_037,4,14,VQL,Scatterplot,Identificação,CONFORMING,CONFORMING,CONFORMING,CONFORMING,PENDING_BB,DIAGNOSTIC_OK,NOT_APPLICABLE,NOT_APPLICABLE,NOT_APPLICABLE,NO_FAILURE_SO_FAR,PENDING_FINALIZATION,AUTO_FROZEN,0.969986,0.003125
SI_037_R05.png,SI,SI_037,5,14,VQL,Scatterplot,Identificação,CONFORMING,CONFORMING,CONFORMING,CONFORMING,PENDING_BB,DIAGNOSTIC_OK,NOT_APPLICABLE,NOT_APPLICABLE,NOT_APPLICABLE,NO_FAILURE_SO_FAR,PENDING_FINALIZATION,AUTO_FROZEN,0.969986,0.003125
SI_037_R06.png,SI,SI_037,6,14,VQL,Scatterplot,Identificação,CONFORMING,CONFORMING,CONFORMING,CONFORMING,PENDING_BB,DIAGNOSTIC_OK,NOT_APPLICABLE,NOT_APPLICABLE,NOT_APPLICABLE,NO_FAILURE_SO_FAR,PENDING_FINALIZATION,AUTO_FROZEN,0.969986,0.003125
SI_037_R07.png,SI,SI_037,7,14,VQL,Scatterplot,Identificação,CONFORMING,CONFORMING,CONFORMING,CONFORMING,PENDING_BB,DIAGNOSTIC_OK,NOT_APPLICABLE,NOT_APPLICABLE,NOT_APPLICABLE,NO_FAILURE_SO_FAR,PENDING_FINALIZATION,AUTO_FROZEN,0.969986,0.003125
SI_037_R08.png,SI,SI_037,8,14,VQL,Scatterplot,Identificação,CONFORMING,CONFORMING,CONFORMING,CONFORMING,PENDING_BB,DIAGNOSTIC_OK,NOT_APPLICABLE,NOT_APPLICABLE,NOT_APPLICABLE,NO_FAILURE_SO_FAR,PENDING_FINALIZATION,AUTO_FROZEN,0.969986,0.003125
SI_037_R09.png,SI,SI_037,9,14,VQL,Scatterplot,Identificação,CONFORMING,CONFORMING,CONFORMING,CONFORMING,PENDING_BB,DIAGNOSTIC_OK,NOT_APPLICABLE,NOT_APPLICABLE,NOT_APPLICABLE,NO_FAILURE_SO_FAR,PENDING_FINALIZATION,AUTO_FROZEN,0.969986,0.003125
SI_037_R10.png,SI,SI_037,10,14,VQL,Scatterplot,Identificação,CONFORMING,CONFORMING,CONFORMING,CONFORMING,PENDING_BB,DIAGNOSTIC_OK,NOT_APPLICABLE,NOT_APPLICABLE,NOT_APPLICABLE,NO_FAILURE_SO_FAR,PENDING_FINALIZATION,AUTO_FROZEN,0.969986,0.003125
SI_038_R01.png,SI,SI_038,1,15,VQL,Scatterplot,Identificação,CONFORMING,CONFORMING,CONFORMING,CONFORMING,PENDING_BB,DIAGNOSTIC_OK,NOT_APPLICABLE,NOT_APPLICABLE,NOT_APPLICABLE,NO_FAILURE_SO_FAR,PENDING_FINALIZATION,AUTO_FROZEN,0.980825,0.056095
SI_038_R02.png,SI,SI_038,2,15,VQL,Scatterplot,Identificação,CONFORMING,CONFORMING,CONFORMING,CONFORMING,PENDING_BB,DIAGNOSTIC_OK,NOT_APPLICABLE,NOT_APPLICABLE,NOT_APPLICABLE,NO_FAILURE_SO_FAR,PENDING_FINALIZATION,AUTO_FROZEN,0.981339,0.055899
SI_038_R03.png,SI,SI_038,3,15,VQL,Scatterplot,Identificação,CONFORMING,CONFORMING,CONFORMING,CONFORMING,PENDING_BB,DIAGNOSTIC_OK,NOT_APPLICABLE,NOT_APPLICABLE,NOT_APPLICABLE,NO_FAILURE_SO_FAR,PENDING_FINALIZATION,AUTO_FROZEN,0.981339,0.055899
SI_038_R04.png,SI,SI_038,4,15,VQL,Scatterplot,Identificação,CONFORMING,CONFORMING,CONFORMING,CONFORMING,PENDING_BB,DIAGNOSTIC_OK,NOT_APPLICABLE,NOT_APPLICABLE,NOT_APPLICABLE,NO_FAILURE_SO_FAR,PENDING_FINALIZATION,AUTO_FROZEN,0.981339,0.055899
SI_038_R05.png,SI,SI_038,5,15,VQL,Scatterplot,Identificação,CONFORMING,CONFORMING,CONFORMING,CONFORMING,PENDING_BB,DIAGNOSTIC_OK,NOT_APPLICABLE,NOT_APPLICABLE,NOT_APPLICABLE,NO_FAILURE_SO_FAR,PENDING_FINALIZATION,AUTO_FROZEN,0.981339,0.055899
SI_038_R06.png,SI,SI_038,6,15,VQL,Scatterplot,Identificação,CONFORMING,CONFORMING,CONFORMING,CONFORMING,PENDING_BB,DIAGNOSTIC_OK,NOT_APPLICABLE,NOT_APPLICABLE,NOT_APPLICABLE,NO_FAILURE_SO_FAR,PENDING_FINALIZATION,AUTO_FROZEN,0.920827,0.002708
SI_038_R07.png,SI,SI_038,7,15,VQL,Scatterplot,Identificação,CONFORMING,CONFORMING,CONFORMING,CONFORMING,PENDING_BB,DIAGNOSTIC_OK,NOT_APPLICABLE,NOT_APPLICABLE,NOT_APPLICABLE,NO_FAILURE_SO_FAR,PENDING_FINALIZATION,AUTO_FROZEN,0.983012,0.003125
SI_038_R08.png,SI,SI_038,8,15,VQL,Scatterplot,Identificação,CONFORMING,CONFORMING,CONFORMING,CONFORMING,PENDING_BB,DIAGNOSTIC_OK,NOT_APPLICABLE,NOT_APPLICABLE,NOT_APPLICABLE,NO_FAILURE_SO_FAR,PENDING_FINALIZATION,AUTO_FROZEN,0.983012,0.003125
SI_038_R09.png,SI,SI_038,9,15,VQL,Scatterplot,Identificação,CONFORMING,CONFORMING,CONFORMING,CONFORMING,PENDING_BB,DIAGNOSTIC_OK,NOT_APPLICABLE,NOT_APPLICABLE,NOT_APPLICABLE,NO_FAILURE_SO_FAR,PENDING_FINALIZATION,AUTO_FROZEN,0.983012,0.003125
SI_038_R10.png,SI,SI_038,10,15,VQL,Scatterplot,Identificação,CONFORMING,CONFORMING,CONFORMING,CONFORMING,PENDING_BB,DIAGNOSTIC_OK,NOT_APPLICABLE,NOT_APPLICABLE,NOT_APPLICABLE,NO_FAILURE_SO_FAR,PENDING_FINALIZATION,AUTO_FROZEN,0.983012,0.003125
SI_039_R01.png,SI,SI_039,1,16,VQL,Scatterplot,Identificação,CONFORMING,CONFORMING,CONFORMING,CONFORMING,PENDING_BB,DIAGNOSTIC_OK,NOT_APPLICABLE,NOT_APPLICABLE,NOT_APPLICABLE,NO_FAILURE_SO_FAR,PENDING_FINALIZATION,AUTO_FROZEN,0.980825,0.056095
SI_039_R02.png,SI,SI_039,2,16,VQL,Scatterplot,Identificação,CONFORMING,CONFORMING,CONFORMING,CONFORMING,PENDING_BB,DIAGNOSTIC_OK,NOT_APPLICABLE,NOT_APPLICABLE,NOT_APPLICABLE,NO_FAILURE_SO_FAR,PENDING_FINALIZATION,AUTO_FROZEN,0.920827,0.002708
SI_039_R03.png,SI,SI_039,3,16,VQL,Scatterplot,Identificação,CONFORMING,CONFORMING,CONFORMING,CONFORMING,PENDING_BB,DIAGNOSTIC_OK,NOT_APPLICABLE,NOT_APPLICABLE,NOT_APPLICABLE,NO_FAILURE_SO_FAR,PENDING_FINALIZATION,AUTO_FROZEN,0.920827,0.002708
SI_039_R04.png,SI,SI_039,4,16,VQL,Scatterplot,Identificação,CONFORMING,CONFORMING,CONFORMING,CONFORMING,PENDING_BB,DIAGNOSTIC_OK,NOT_APPLICABLE,NOT_APPLICABLE,NOT_APPLICABLE,NO_FAILURE_SO_FAR,PENDING_FINALIZATION,AUTO_FROZEN,0.920827,0.002708
SI_039_R05.png,SI,SI_039,5,16,VQL,Scatterplot,Identificação,CONFORMING,CONFORMING,CONFORMING,CONFORMING,PENDING_BB,DIAGNOSTIC_OK,NOT_APPLICABLE,NOT_APPLICABLE,NOT_APPLICABLE,NO_FAILURE_SO_FAR,PENDING_FINALIZATION,AUTO_FROZEN,0.920827,0.002708
SI_039_R06.png,SI,SI_039,6,16,VQL,Scatterplot,Identificação,CONFORMING,CONFORMING,CONFORMING,CONFORMING,PENDING_BB,DIAGNOSTIC_OK,NOT_APPLICABLE,NOT_APPLICABLE,NOT_APPLICABLE,NO_FAILURE_SO_FAR,PENDING_FINALIZATION,AUTO_FROZEN,0.920827,0.002708
SI_039_R07.png,SI,SI_039,7,16,VQL,Scatterplot,Identificação,CONFORMING,CONFORMING,CONFORMING,CONFORMING,PENDING_BB,DIAGNOSTIC_OK,NOT_APPLICABLE,NOT_APPLICABLE,NOT_APPLICABLE,NO_FAILURE_SO_FAR,PENDING_FINALIZATION,AUTO_FROZEN,0.983012,0.003125
SI_039_R08.png,SI,SI_039,8,16,VQL,Scatterplot,Identificação,CONFORMING,CONFORMING,CONFORMING,CONFORMING,PENDING_BB,DIAGNOSTIC_OK,NOT_APPLICABLE,NOT_APPLICABLE,NOT_APPLICABLE,NO_FAILURE_SO_FAR,PENDING_FINALIZATION,AUTO_FROZEN,0.983012,0.003125
SI_039_R09.png,SI,SI_039,9,16,VQL,Scatterplot,Identificação,CONFORMING,CONFORMING,CONFORMING,CONFORMING,PENDING_BB,DIAGNOSTIC_OK,NOT_APPLICABLE,NOT_APPLICABLE,NOT_APPLICABLE,NO_FAILURE_SO_FAR,PENDING_FINALIZATION,AUTO_FROZEN,0.983012,0.003125
SI_039_R10.png,SI,SI_039,10,16,VQL,Scatterplot,Identificação,CONFORMING,CONFORMING,CONFORMING,CONFORMING,PENDING_BB,DIAGNOSTIC_OK,NOT_APPLICABLE,NOT_APPLICABLE,NOT_APPLICABLE,NO_FAILURE_SO_FAR,PENDING_FINALIZATION,AUTO_FROZEN,0.983012,0.003125
SI_040_R01.png,SI,SI_040,1,1,ZERO-SHOT,Scatterplot,Identificação,CONFORMING,CONFORMING,CONFORMING,CONFORMING,PENDING_BB,DIAGNOSTIC_OK,NOT_APPLICABLE,NOT_APPLICABLE,NOT_APPLICABLE,NO_FAILURE_SO_FAR,PENDING_FINALIZATION,AUTO_FROZEN,0.982016,0.061541
SI_040_R02.png,SI,SI_040,2,1,ZERO-SHOT,Scatterplot,Identificação,CONFORMING,CONFORMING,CONFORMING,CONFORMING,PENDING_BB,DIAGNOSTIC_OK,NOT_APPLICABLE,NOT_APPLICABLE,NOT_APPLICABLE,NO_FAILURE_SO_FAR,PENDING_FINALIZATION,AUTO_FROZEN,0.994847,0.003125
SI_040_R03.png,SI,SI_040,3,1,ZERO-SHOT,Scatterplot,Identificação,CONFORMING,CONFORMING,CONFORMING,CONFORMING,PENDING_BB,DIAGNOSTIC_OK,NOT_APPLICABLE,NOT_APPLICABLE,NOT_APPLICABLE,NO_FAILURE_SO_FAR,PENDING_FINALIZATION,AUTO_FROZEN,0.994847,0.003125
SI_040_R04.png,SI,SI_040,4,1,ZERO-SHOT,Scatterplot,Identificação,CONFORMING,CONFORMING,CONFORMING,CONFORMING,PENDING_BB,DIAGNOSTIC_OK,NOT_APPLICABLE,NOT_APPLICABLE,NOT_APPLICABLE,NO_FAILURE_SO_FAR,PENDING_FINALIZATION,AUTO_FROZEN,0.994847,0.003125
SI_040_R05.png,SI,SI_040,5,1,ZERO-SHOT,Scatterplot,Identificação,CONFORMING,CONFORMING,CONFORMING,CONFORMING,PENDING_BB,DIAGNOSTIC_OK,NOT_APPLICABLE,NOT_APPLICABLE,NOT_APPLICABLE,NO_FAILURE_SO_FAR,PENDING_FINALIZATION,AUTO_FROZEN,0.994847,0.003125
SI_040_R06.png,SI,SI_040,6,1,ZERO-SHOT,Scatterplot,Identificação,CONFORMING,CONFORMING,CONFORMING,CONFORMING,PENDING_BB,DIAGNOSTIC_OK,NOT_APPLICABLE,NOT_APPLICABLE,NOT_APPLICABLE,NO_FAILURE_SO_FAR,PENDING_FINALIZATION,AUTO_FROZEN,0.994847,0.003125
SI_040_R07.png,SI,SI_040,7,1,ZERO-SHOT,Scatterplot,Identificação,CONFORMING,CONFORMING,CONFORMING,CONFORMING,PENDING_BB,DIAGNOSTIC_OK,NOT_APPLICABLE,NOT_APPLICABLE,NOT_APPLICABLE,NO_FAILURE_SO_FAR,PENDING_FINALIZATION,AUTO_FROZEN,0.994847,0.003125
SI_040_R08.png,SI,SI_040,8,1,ZERO-SHOT,Scatterplot,Identificação,CONFORMING,CONFORMING,CONFORMING,CONFORMING,PENDING_BB,DIAGNOSTIC_OK,NOT_APPLICABLE,NOT_APPLICABLE,NOT_APPLICABLE,NO_FAILURE_SO_FAR,PENDING_FINALIZATION,AUTO_FROZEN,0.983012,0.003125
SI_040_R09.png,SI,SI_040,9,1,ZERO-SHOT,Scatterplot,Identificação,CONFORMING,CONFORMING,CONFORMING,CONFORMING,PENDING_BB,DIAGNOSTIC_OK,NOT_APPLICABLE,NOT_APPLICABLE,NOT_APPLICABLE,NO_FAILURE_SO_FAR,PENDING_FINALIZATION,AUTO_FROZEN,0.983012,0.003125
SI_040_R10.png,SI,SI_040,10,1,ZERO-SHOT,Scatterplot,Identificação,CONFORMING,CONFORMING,CONFORMING,CONFORMING,PENDING_BB,DIAGNOSTIC_OK,NOT_APPLICABLE,NOT_APPLICABLE,NOT_APPLICABLE,NO_FAILURE_SO_FAR,PENDING_FINALIZATION,AUTO_FROZEN,0.983012,0.003125
SI_041_R01.png,SI,SI_041,1,4,ZERO-SHOT,Scatterplot,Identificação,CONFORMING,CONFORMING,CONFORMING,CONFORMING,PENDING_BB,DIAGNOSTIC_OK,NOT_APPLICABLE,NOT_APPLICABLE,NOT_APPLICABLE,NO_FAILURE_SO_FAR,PENDING_FINALIZATION,AUTO_FROZEN,0.980825,0.056095
SI_041_R02.png,SI,SI_041,2,4,ZERO-SHOT,Scatterplot,Identificação,CONFORMING,CONFORMING,CONFORMING,CONFORMING,PENDING_BB,DIAGNOSTIC_OK,NOT_APPLICABLE,NOT_APPLICABLE,NOT_APPLICABLE,NO_FAILURE_SO_FAR,PENDING_FINALIZATION,AUTO_FROZEN,0.983012,0.003125
SI_041_R03.png,SI,SI_041,3,4,ZERO-SHOT,Scatterplot,Identificação,CONFORMING,CONFORMING,CONFORMING,CONFORMING,PENDING_BB,DIAGNOSTIC_OK,NOT_APPLICABLE,NOT_APPLICABLE,NOT_APPLICABLE,NO_FAILURE_SO_FAR,PENDING_FINALIZATION,AUTO_FROZEN,0.983012,0.003125
SI_041_R04.png,SI,SI_041,4,4,ZERO-SHOT,Scatterplot,Identificação,CONFORMING,CONFORMING,CONFORMING,CONFORMING,PENDING_BB,DIAGNOSTIC_OK,NOT_APPLICABLE,NOT_APPLICABLE,NOT_APPLICABLE,NO_FAILURE_SO_FAR,PENDING_FINALIZATION,AUTO_FROZEN,0.983012,0.003125
SI_041_R05.png,SI,SI_041,5,4,ZERO-SHOT,Scatterplot,Identificação,CONFORMING,CONFORMING,CONFORMING,CONFORMING,PENDING_BB,DIAGNOSTIC_OK,NOT_APPLICABLE,NOT_APPLICABLE,NOT_APPLICABLE,NO_FAILURE_SO_FAR,PENDING_FINALIZATION,AUTO_FROZEN,0.983012,0.003125
SI_041_R06.png,SI,SI_041,6,4,ZERO-SHOT,Scatterplot,Identificação,CONFORMING,CONFORMING,CONFORMING,CONFORMING,PENDING_BB,DIAGNOSTIC_OK,NOT_APPLICABLE,NOT_APPLICABLE,NOT_APPLICABLE,NO_FAILURE_SO_FAR,PENDING_FINALIZATION,AUTO_FROZEN,0.983012,0.003125
SI_041_R07.png,SI,SI_041,7,4,ZERO-SHOT,Scatterplot,Identificação,CONFORMING,CONFORMING,CONFORMING,CONFORMING,PENDING_BB,DIAGNOSTIC_OK,NOT_APPLICABLE,NOT_APPLICABLE,NOT_APPLICABLE,NO_FAILURE_SO_FAR,PENDING_FINALIZATION,AUTO_FROZEN,0.983012,0.003125
SI_041_R08.png,SI,SI_041,8,4,ZERO-SHOT,Scatterplot,Identificação,CONFORMING,CONFORMING,CONFORMING,CONFORMING,PENDING_BB,DIAGNOSTIC_OK,NOT_APPLICABLE,NOT_APPLICABLE,NOT_APPLICABLE,NO_FAILURE_SO_FAR,PENDING_FINALIZATION,AUTO_FROZEN,0.983012,0.003125
SI_041_R09.png,SI,SI_041,9,4,ZERO-SHOT,Scatterplot,Identificação,CONFORMING,CONFORMING,CONFORMING,CONFORMING,PENDING_BB,DIAGNOSTIC_OK,NOT_APPLICABLE,NOT_APPLICABLE,NOT_APPLICABLE,NO_FAILURE_SO_FAR,PENDING_FINALIZATION,AUTO_FROZEN,0.983012,0.003125
SI_041_R10.png,SI,SI_041,10,4,ZERO-SHOT,Scatterplot,Identificação,CONFORMING,CONFORMING,CONFORMING,CONFORMING,PENDING_BB,DIAGNOSTIC_OK,NOT_APPLICABLE,NOT_APPLICABLE,NOT_APPLICABLE,NO_FAILURE_SO_FAR,PENDING_FINALIZATION,AUTO_FROZEN,0.968097,0.052141
SI_042_R01.png,SI,SI_042,1,6,ZERO-SHOT,Scatterplot,Identificação,CONFORMING,CONFORMING,CONFORMING,CONFORMING,PENDING_BB,DIAGNOSTIC_OK,NOT_APPLICABLE,NOT_APPLICABLE,NOT_APPLICABLE,NO_FAILURE_SO_FAR,PENDING_FINALIZATION,AUTO_FROZEN,0.948754,0.054196
SI_042_R02.png,SI,SI_042,2,6,ZERO-SHOT,Scatterplot,Identificação,CONFORMING,CONFORMING,CONFORMING,CONFORMING,PENDING_BB,DIAGNOSTIC_OK,NOT_APPLICABLE,NOT_APPLICABLE,NOT_APPLICABLE,NO_FAILURE_SO_FAR,PENDING_FINALIZATION,AUTO_FROZEN,0.980825,0.056095
SI_042_R03.png,SI,SI_042,3,6,ZERO-SHOT,Scatterplot,Identificação,CONFORMING,CONFORMING,CONFORMING,CONFORMING,PENDING_BB,DIAGNOSTIC_OK,NOT_APPLICABLE,NOT_APPLICABLE,NOT_APPLICABLE,NO_FAILURE_SO_FAR,PENDING_FINALIZATION,AUTO_FROZEN,0.980825,0.056095
SI_042_R04.png,SI,SI_042,4,6,ZERO-SHOT,Scatterplot,Identificação,CONFORMING,CONFORMING,CONFORMING,CONFORMING,PENDING_BB,DIAGNOSTIC_OK,NOT_APPLICABLE,NOT_APPLICABLE,NOT_APPLICABLE,NO_FAILURE_SO_FAR,PENDING_FINALIZATION,AUTO_FROZEN,0.980825,0.056095
SI_042_R05.png,SI,SI_042,5,6,ZERO-SHOT,Scatterplot,Identificação,CONFORMING,CONFORMING,CONFORMING,CONFORMING,PENDING_BB,DIAGNOSTIC_OK,NOT_APPLICABLE,NOT_APPLICABLE,NOT_APPLICABLE,NO_FAILURE_SO_FAR,PENDING_FINALIZATION,AUTO_FROZEN,0.980825,0.056095
SI_042_R06.png,SI,SI_042,6,6,ZERO-SHOT,Scatterplot,Identificação,CONFORMING,CONFORMING,CONFORMING,CONFORMING,PENDING_BB,DIAGNOSTIC_OK,NOT_APPLICABLE,NOT_APPLICABLE,NOT_APPLICABLE,NO_FAILURE_SO_FAR,PENDING_FINALIZATION,AUTO_FROZEN,0.980825,0.056095
SI_042_R07.png,SI,SI_042,7,6,ZERO-SHOT,Scatterplot,Identificação,CONFORMING,CONFORMING,CONFORMING,CONFORMING,PENDING_BB,DIAGNOSTIC_OK,NOT_APPLICABLE,NOT_APPLICABLE,NOT_APPLICABLE,NO_FAILURE_SO_FAR,PENDING_FINALIZATION,AUTO_FROZEN,0.980825,0.056095
SI_042_R08.png,SI,SI_042,8,6,ZERO-SHOT,Scatterplot,Identificação,CONFORMING,CONFORMING,CONFORMING,CONFORMING,PENDING_BB,DIAGNOSTIC_OK,NOT_APPLICABLE,NOT_APPLICABLE,NOT_APPLICABLE,NO_FAILURE_SO_FAR,PENDING_FINALIZATION,AUTO_FROZEN,0.980825,0.056095
SI_042_R09.png,SI,SI_042,9,6,ZERO-SHOT,Scatterplot,Identificação,CONFORMING,CONFORMING,CONFORMING,CONFORMING,PENDING_BB,DIAGNOSTIC_OK,NOT_APPLICABLE,NOT_APPLICABLE,NOT_APPLICABLE,NO_FAILURE_SO_FAR,PENDING_FINALIZATION,AUTO_FROZEN,0.980825,0.056095
SI_042_R10.png,SI,SI_042,10,6,ZERO-SHOT,Scatterplot,Identificação,CONFORMING,CONFORMING,CONFORMING,CONFORMING,PENDING_BB,DIAGNOSTIC_OK,NOT_APPLICABLE,NOT_APPLICABLE,NOT_APPLICABLE,NO_FAILURE_SO_FAR,PENDING_FINALIZATION,AUTO_FROZEN,0.980825,0.056095
SI_043_R01.png,SI,SI_043,1,7,ZERO-SHOT,Scatterplot,Identificação,CONFORMING,CONFORMING,CONFORMING,CONFORMING,PENDING_BB,DIAGNOSTIC_OK,NOT_APPLICABLE,NOT_APPLICABLE,NOT_APPLICABLE,NO_FAILURE_SO_FAR,PENDING_FINALIZATION,AUTO_FROZEN,0.918267,0.065391
SI_043_R02.png,SI,SI_043,2,7,ZERO-SHOT,Scatterplot,Identificação,CONFORMING,CONFORMING,CONFORMING,CONFORMING,PENDING_BB,DIAGNOSTIC_OK,NOT_APPLICABLE,NOT_APPLICABLE,NOT_APPLICABLE,NO_FAILURE_SO_FAR,PENDING_FINALIZATION,AUTO_FROZEN,0.968097,0.052141
SI_043_R03.png,SI,SI_043,3,7,ZERO-SHOT,Scatterplot,Identificação,CONFORMING,CONFORMING,CONFORMING,CONFORMING,PENDING_BB,DIAGNOSTIC_OK,NOT_APPLICABLE,NOT_APPLICABLE,NOT_APPLICABLE,NO_FAILURE_SO_FAR,PENDING_FINALIZATION,AUTO_FROZEN,0.968097,0.052141
SI_043_R04.png,SI,SI_043,4,7,ZERO-SHOT,Scatterplot,Identificação,CONFORMING,CONFORMING,CONFORMING,CONFORMING,PENDING_BB,DIAGNOSTIC_OK,NOT_APPLICABLE,NOT_APPLICABLE,NOT_APPLICABLE,NO_FAILURE_SO_FAR,PENDING_FINALIZATION,AUTO_FROZEN,0.968097,0.052141
SI_043_R05.png,SI,SI_043,5,7,ZERO-SHOT,Scatterplot,Identificação,CONFORMING,CONFORMING,CONFORMING,CONFORMING,PENDING_BB,DIAGNOSTIC_OK,NOT_APPLICABLE,NOT_APPLICABLE,NOT_APPLICABLE,NO_FAILURE_SO_FAR,PENDING_FINALIZATION,AUTO_FROZEN,0.968097,0.052141
SI_043_R06.png,SI,SI_043,6,7,ZERO-SHOT,Scatterplot,Identificação,CONFORMING,CONFORMING,CONFORMING,CONFORMING,PENDING_BB,DIAGNOSTIC_OK,NOT_APPLICABLE,NOT_APPLICABLE,NOT_APPLICABLE,NO_FAILURE_SO_FAR,PENDING_FINALIZATION,AUTO_FROZEN,0.968097,0.052141
SI_043_R07.png,SI,SI_043,7,7,ZERO-SHOT,Scatterplot,Identificação,CONFORMING,CONFORMING,CONFORMING,CONFORMING,PENDING_BB,DIAGNOSTIC_OK,NOT_APPLICABLE,NOT_APPLICABLE,NOT_APPLICABLE,NO_FAILURE_SO_FAR,PENDING_FINALIZATION,AUTO_FROZEN,0.980825,0.056095
SI_043_R08.png,SI,SI_043,8,7,ZERO-SHOT,Scatterplot,Identificação,CONFORMING,CONFORMING,CONFORMING,CONFORMING,PENDING_BB,DIAGNOSTIC_OK,NOT_APPLICABLE,NOT_APPLICABLE,NOT_APPLICABLE,NO_FAILURE_SO_FAR,PENDING_FINALIZATION,AUTO_FROZEN,0.980825,0.056095
SI_043_R09.png,SI,SI_043,9,7,ZERO-SHOT,Scatterplot,Identificação,CONFORMING,CONFORMING,CONFORMING,CONFORMING,PENDING_BB,DIAGNOSTIC_OK,NOT_APPLICABLE,NOT_APPLICABLE,NOT_APPLICABLE,NO_FAILURE_SO_FAR,PENDING_FINALIZATION,AUTO_FROZEN,0.980825,0.056095
SI_043_R10.png,SI,SI_043,10,7,ZERO-SHOT,Scatterplot,Identificação,CONFORMING,CONFORMING,CONFORMING,CONFORMING,PENDING_BB,DIAGNOSTIC_OK,NOT_APPLICABLE,NOT_APPLICABLE,NOT_APPLICABLE,NO_FAILURE_SO_FAR,PENDING_FINALIZATION,AUTO_FROZEN,0.980825,0.056095
SI_044_R01.png,SI,SI_044,1,8,ZERO-SHOT,Scatterplot,Identificação,CONFORMING,CONFORMING,CONFORMING,CONFORMING,PENDING_BB,DIAGNOSTIC_OK,NOT_APPLICABLE,NOT_APPLICABLE,NOT_APPLICABLE,NO_FAILURE_SO_FAR,PENDING_FINALIZATION,AUTO_FROZEN,0.733226,0.055645
SI_044_R02.png,SI,SI_044,2,8,ZERO-SHOT,Scatterplot,Identificação,CONFORMING,CONFORMING,CONFORMING,CONFORMING,PENDING_BB,DIAGNOSTIC_OK,NOT_APPLICABLE,NOT_APPLICABLE,NOT_APPLICABLE,NO_FAILURE_SO_FAR,PENDING_FINALIZATION,AUTO_FROZEN,0.984076,0.085729
SI_044_R03.png,SI,SI_044,3,8,ZERO-SHOT,Scatterplot,Identificação,CONFORMING,CONFORMING,CONFORMING,CONFORMING,PENDING_BB,DIAGNOSTIC_OK,NOT_APPLICABLE,NOT_APPLICABLE,NOT_APPLICABLE,NO_FAILURE_SO_FAR,PENDING_FINALIZATION,AUTO_FROZEN,0.984076,0.085729
SI_044_R04.png,SI,SI_044,4,8,ZERO-SHOT,Scatterplot,Identificação,CONFORMING,CONFORMING,CONFORMING,CONFORMING,PENDING_BB,DIAGNOSTIC_OK,NOT_APPLICABLE,NOT_APPLICABLE,NOT_APPLICABLE,NO_FAILURE_SO_FAR,PENDING_FINALIZATION,AUTO_FROZEN,0.984076,0.085729
SI_044_R05.png,SI,SI_044,5,8,ZERO-SHOT,Scatterplot,Identificação,CONFORMING,CONFORMING,CONFORMING,CONFORMING,PENDING_BB,DIAGNOSTIC_OK,NOT_APPLICABLE,NOT_APPLICABLE,NOT_APPLICABLE,NO_FAILURE_SO_FAR,PENDING_FINALIZATION,AUTO_FROZEN,0.984076,0.085729
SI_044_R06.png,SI,SI_044,6,8,ZERO-SHOT,Scatterplot,Identificação,CONFORMING,CONFORMING,CONFORMING,CONFORMING,PENDING_BB,DIAGNOSTIC_OK,NOT_APPLICABLE,NOT_APPLICABLE,NOT_APPLICABLE,NO_FAILURE_SO_FAR,PENDING_FINALIZATION,AUTO_FROZEN,0.984076,0.085729
SI_044_R07.png,SI,SI_044,7,8,ZERO-SHOT,Scatterplot,Identificação,CONFORMING,CONFORMING,CONFORMING,CONFORMING,PENDING_BB,DIAGNOSTIC_OK,NOT_APPLICABLE,NOT_APPLICABLE,NOT_APPLICABLE,NO_FAILURE_SO_FAR,PENDING_FINALIZATION,AUTO_FROZEN,0.984076,0.085729
SI_044_R08.png,SI,SI_044,8,8,ZERO-SHOT,Scatterplot,Identificação,CONFORMING,CONFORMING,CONFORMING,CONFORMING,PENDING_BB,DIAGNOSTIC_OK,NOT_APPLICABLE,NOT_APPLICABLE,NOT_APPLICABLE,NO_FAILURE_SO_FAR,PENDING_FINALIZATION,AUTO_FROZEN,0.984076,0.085729
SI_044_R09.png,SI,SI_044,9,8,ZERO-SHOT,Scatterplot,Identificação,CONFORMING,CONFORMING,CONFORMING,CONFORMING,PENDING_BB,DIAGNOSTIC_OK,NOT_APPLICABLE,NOT_APPLICABLE,NOT_APPLICABLE,NO_FAILURE_SO_FAR,PENDING_FINALIZATION,AUTO_FROZEN,0.984076,0.085729
SI_044_R10.png,SI,SI_044,10,8,ZERO-SHOT,Scatterplot,Identificação,CONFORMING,CONFORMING,CONFORMING,CONFORMING,PENDING_BB,DIAGNOSTIC_OK,NOT_APPLICABLE,NOT_APPLICABLE,NOT_APPLICABLE,NO_FAILURE_SO_FAR,PENDING_FINALIZATION,AUTO_FROZEN,0.984076,0.085729
SI_045_R01.png,SI,SI_045,1,9,ZERO-SHOT,Scatterplot,Identificação,CONFORMING,CONFORMING,CONFORMING,CONFORMING,PENDING_BB,DIAGNOSTIC_OK,NONCONFORMING,NONCONFORMING,CONFORMING,NONCONFORMING,NONCONFORMING,AUTO_FROZEN,0.92393,0.04375
SI_045_R02.png,SI,SI_045,2,9,ZERO-SHOT,Scatterplot,Identificação,CONFORMING,CONFORMING,CONFORMING,CONFORMING,PENDING_BB,DIAGNOSTIC_OK,CONFORMING,CONFORMING,CONFORMING,NO_FAILURE_SO_FAR,PENDING_FINALIZATION,AUTO_FROZEN,0.994847,0.003125
SI_045_R03.png,SI,SI_045,3,9,ZERO-SHOT,Scatterplot,Identificação,CONFORMING,CONFORMING,CONFORMING,CONFORMING,PENDING_BB,DIAGNOSTIC_OK,CONFORMING,CONFORMING,CONFORMING,NO_FAILURE_SO_FAR,PENDING_FINALIZATION,AUTO_FROZEN,0.994847,0.003125
SI_045_R04.png,SI,SI_045,4,9,ZERO-SHOT,Scatterplot,Identificação,CONFORMING,CONFORMING,CONFORMING,CONFORMING,PENDING_BB,DIAGNOSTIC_OK,CONFORMING,CONFORMING,CONFORMING,NO_FAILURE_SO_FAR,PENDING_FINALIZATION,AUTO_FROZEN,0.994847,0.003125
SI_045_R05.png,SI,SI_045,5,9,ZERO-SHOT,Scatterplot,Identificação,CONFORMING,CONFORMING,CONFORMING,CONFORMING,PENDING_BB,DIAGNOSTIC_OK,CONFORMING,CONFORMING,CONFORMING,NO_FAILURE_SO_FAR,PENDING_FINALIZATION,AUTO_FROZEN,0.994847,0.003125
SI_045_R06.png,SI,SI_045,6,9,ZERO-SHOT,Scatterplot,Identificação,CONFORMING,CONFORMING,CONFORMING,CONFORMING,PENDING_BB,DIAGNOSTIC_OK,CONFORMING,CONFORMING,CONFORMING,NO_FAILURE_SO_FAR,PENDING_FINALIZATION,AUTO_FROZEN,0.994847,0.003125
SI_045_R07.png,SI,SI_045,7,9,ZERO-SHOT,Scatterplot,Identificação,CONFORMING,CONFORMING,CONFORMING,CONFORMING,PENDING_BB,DIAGNOSTIC_OK,CONFORMING,CONFORMING,CONFORMING,NO_FAILURE_SO_FAR,PENDING_FINALIZATION,AUTO_FROZEN,0.994847,0.003125
SI_045_R08.png,SI,SI_045,8,9,ZERO-SHOT,Scatterplot,Identificação,CONFORMING,CONFORMING,CONFORMING,CONFORMING,PENDING_BB,DIAGNOSTIC_OK,CONFORMING,CONFORMING,CONFORMING,NO_FAILURE_SO_FAR,PENDING_FINALIZATION,AUTO_FROZEN,0.980825,0.056095
SI_045_R09.png,SI,SI_045,9,9,ZERO-SHOT,Scatterplot,Identificação,CONFORMING,CONFORMING,CONFORMING,CONFORMING,PENDING_BB,DIAGNOSTIC_OK,CONFORMING,CONFORMING,CONFORMING,NO_FAILURE_SO_FAR,PENDING_FINALIZATION,AUTO_FROZEN,0.980825,0.056095
SI_045_R10.png,SI,SI_045,10,9,ZERO-SHOT,Scatterplot,Identificação,CONFORMING,CONFORMING,CONFORMING,CONFORMING,PENDING_BB,DIAGNOSTIC_OK,CONFORMING,CONFORMING,CONFORMING,NO_FAILURE_SO_FAR,PENDING_FINALIZATION,AUTO_FROZEN,0.980825,0.056095
SI_046_R01.png,SI,SI_046,1,10,ZERO-SHOT,Scatterplot,Identificação,CONFORMING,CONFORMING,CONFORMING,CONFORMING,PENDING_BB,DIAGNOSTIC_OK,NOT_APPLICABLE,NOT_APPLICABLE,NOT_APPLICABLE,NO_FAILURE_SO_FAR,PENDING_FINALIZATION,AUTO_FROZEN,0.96789,0.053778
SI_046_R02.png,SI,SI_046,2,10,ZERO-SHOT,Scatterplot,Identificação,CONFORMING,CONFORMING,CONFORMING,CONFORMING,PENDING_BB,DIAGNOSTIC_OK,NOT_APPLICABLE,NOT_APPLICABLE,NOT_APPLICABLE,NO_FAILURE_SO_FAR,PENDING_FINALIZATION,AUTO_FROZEN,0.983012,0.003125
SI_046_R03.png,SI,SI_046,3,10,ZERO-SHOT,Scatterplot,Identificação,CONFORMING,CONFORMING,CONFORMING,CONFORMING,PENDING_BB,DIAGNOSTIC_OK,NOT_APPLICABLE,NOT_APPLICABLE,NOT_APPLICABLE,NO_FAILURE_SO_FAR,PENDING_FINALIZATION,AUTO_FROZEN,0.984076,0.085729
SI_046_R04.png,SI,SI_046,4,10,ZERO-SHOT,Scatterplot,Identificação,CONFORMING,CONFORMING,CONFORMING,CONFORMING,PENDING_BB,DIAGNOSTIC_OK,NOT_APPLICABLE,NOT_APPLICABLE,NOT_APPLICABLE,NO_FAILURE_SO_FAR,PENDING_FINALIZATION,AUTO_FROZEN,0.984076,0.085729
SI_046_R05.png,SI,SI_046,5,10,ZERO-SHOT,Scatterplot,Identificação,CONFORMING,CONFORMING,CONFORMING,CONFORMING,PENDING_BB,DIAGNOSTIC_OK,NOT_APPLICABLE,NOT_APPLICABLE,NOT_APPLICABLE,NO_FAILURE_SO_FAR,PENDING_FINALIZATION,AUTO_FROZEN,0.984076,0.085729
SI_046_R06.png,SI,SI_046,6,10,ZERO-SHOT,Scatterplot,Identificação,CONFORMING,CONFORMING,CONFORMING,CONFORMING,PENDING_BB,DIAGNOSTIC_OK,NOT_APPLICABLE,NOT_APPLICABLE,NOT_APPLICABLE,NO_FAILURE_SO_FAR,PENDING_FINALIZATION,AUTO_FROZEN,0.984076,0.085729
SI_046_R07.png,SI,SI_046,7,10,ZERO-SHOT,Scatterplot,Identificação,CONFORMING,CONFORMING,CONFORMING,CONFORMING,PENDING_BB,DIAGNOSTIC_OK,NOT_APPLICABLE,NOT_APPLICABLE,NOT_APPLICABLE,NO_FAILURE_SO_FAR,PENDING_FINALIZATION,AUTO_FROZEN,0.984076,0.085729
SI_046_R08.png,SI,SI_046,8,10,ZERO-SHOT,Scatterplot,Identificação,CONFORMING,CONFORMING,CONFORMING,CONFORMING,PENDING_BB,DIAGNOSTIC_OK,NOT_APPLICABLE,NOT_APPLICABLE,NOT_APPLICABLE,NO_FAILURE_SO_FAR,PENDING_FINALIZATION,AUTO_FROZEN,0.980825,0.056095
SI_046_R09.png,SI,SI_046,9,10,ZERO-SHOT,Scatterplot,Identificação,CONFORMING,CONFORMING,CONFORMING,CONFORMING,PENDING_BB,DIAGNOSTIC_OK,NOT_APPLICABLE,NOT_APPLICABLE,NOT_APPLICABLE,NO_FAILURE_SO_FAR,PENDING_FINALIZATION,AUTO_FROZEN,0.980825,0.056095
SI_046_R10.png,SI,SI_046,10,10,ZERO-SHOT,Scatterplot,Identificação,CONFORMING,CONFORMING,CONFORMING,CONFORMING,PENDING_BB,DIAGNOSTIC_OK,NOT_APPLICABLE,NOT_APPLICABLE,NOT_APPLICABLE,NO_FAILURE_SO_FAR,PENDING_FINALIZATION,AUTO_FROZEN,0.980825,0.056095
SI_047_R01.png,SI,SI_047,1,11,ZERO-SHOT,Scatterplot,Identificação,CONFORMING,CONFORMING,CONFORMING,CONFORMING,PENDING_BB,DIAGNOSTIC_OK,NOT_APPLICABLE,NOT_APPLICABLE,NOT_APPLICABLE,NO_FAILURE_SO_FAR,PENDING_FINALIZATION,AUTO_FROZEN,0.980825,0.056095
SI_047_R02.png,SI,SI_047,2,11,ZERO-SHOT,Scatterplot,Identificação,CONFORMING,CONFORMING,CONFORMING,CONFORMING,PENDING_BB,DIAGNOSTIC_OK,NOT_APPLICABLE,NOT_APPLICABLE,NOT_APPLICABLE,NO_FAILURE_SO_FAR,PENDING_FINALIZATION,AUTO_FROZEN,0.983012,0.003125
SI_047_R03.png,SI,SI_047,3,11,ZERO-SHOT,Scatterplot,Identificação,CONFORMING,CONFORMING,CONFORMING,CONFORMING,PENDING_BB,DIAGNOSTIC_OK,NOT_APPLICABLE,NOT_APPLICABLE,NOT_APPLICABLE,NO_FAILURE_SO_FAR,PENDING_FINALIZATION,AUTO_FROZEN,0.983012,0.003125
SI_047_R04.png,SI,SI_047,4,11,ZERO-SHOT,Scatterplot,Identificação,CONFORMING,CONFORMING,CONFORMING,CONFORMING,PENDING_BB,DIAGNOSTIC_OK,NOT_APPLICABLE,NOT_APPLICABLE,NOT_APPLICABLE,NO_FAILURE_SO_FAR,PENDING_FINALIZATION,AUTO_FROZEN,0.983012,0.003125
SI_047_R05.png,SI,SI_047,5,11,ZERO-SHOT,Scatterplot,Identificação,CONFORMING,CONFORMING,CONFORMING,CONFORMING,PENDING_BB,DIAGNOSTIC_OK,NOT_APPLICABLE,NOT_APPLICABLE,NOT_APPLICABLE,NO_FAILURE_SO_FAR,PENDING_FINALIZATION,AUTO_FROZEN,0.983012,0.003125
SI_047_R06.png,SI,SI_047,6,11,ZERO-SHOT,Scatterplot,Identificação,CONFORMING,CONFORMING,CONFORMING,CONFORMING,PENDING_BB,DIAGNOSTIC_OK,NOT_APPLICABLE,NOT_APPLICABLE,NOT_APPLICABLE,NO_FAILURE_SO_FAR,PENDING_FINALIZATION,AUTO_FROZEN,0.983012,0.003125
SI_047_R07.png,SI,SI_047,7,11,ZERO-SHOT,Scatterplot,Identificação,CONFORMING,CONFORMING,CONFORMING,CONFORMING,PENDING_BB,DIAGNOSTIC_OK,NOT_APPLICABLE,NOT_APPLICABLE,NOT_APPLICABLE,NO_FAILURE_SO_FAR,PENDING_FINALIZATION,AUTO_FROZEN,0.983012,0.003125
SI_047_R08.png,SI,SI_047,8,11,ZERO-SHOT,Scatterplot,Identificação,CONFORMING,CONFORMING,CONFORMING,CONFORMING,PENDING_BB,DIAGNOSTIC_OK,NOT_APPLICABLE,NOT_APPLICABLE,NOT_APPLICABLE,NO_FAILURE_SO_FAR,PENDING_FINALIZATION,AUTO_FROZEN,0.980825,0.056095
SI_047_R09.png,SI,SI_047,9,11,ZERO-SHOT,Scatterplot,Identificação,CONFORMING,CONFORMING,CONFORMING,CONFORMING,PENDING_BB,DIAGNOSTIC_OK,NOT_APPLICABLE,NOT_APPLICABLE,NOT_APPLICABLE,NO_FAILURE_SO_FAR,PENDING_FINALIZATION,AUTO_FROZEN,0.980825,0.056095
SI_047_R10.png,SI,SI_047,10,11,ZERO-SHOT,Scatterplot,Identificação,CONFORMING,CONFORMING,CONFORMING,CONFORMING,PENDING_BB,DIAGNOSTIC_OK,NOT_APPLICABLE,NOT_APPLICABLE,NOT_APPLICABLE,NO_FAILURE_SO_FAR,PENDING_FINALIZATION,AUTO_FROZEN,0.980825,0.056095
SI_048_R01.png,SI,SI_048,1,12,ZERO-SHOT,Scatterplot,Identificação,CONFORMING,CONFORMING,CONFORMING,CONFORMING,PENDING_BB,DIAGNOSTIC_OK,NOT_APPLICABLE,NOT_APPLICABLE,NOT_APPLICABLE,NO_FAILURE_SO_FAR,PENDING_FINALIZATION,AUTO_FROZEN,0.912469,0.054406
SI_048_R02.png,SI,SI_048,2,12,ZERO-SHOT,Scatterplot,Identificação,CONFORMING,CONFORMING,CONFORMING,CONFORMING,PENDING_BB,DIAGNOSTIC_OK,NOT_APPLICABLE,NOT_APPLICABLE,NOT_APPLICABLE,NO_FAILURE_SO_FAR,PENDING_FINALIZATION,AUTO_FROZEN,0.983426,0.074836
SI_048_R03.png,SI,SI_048,3,12,ZERO-SHOT,Scatterplot,Identificação,CONFORMING,CONFORMING,CONFORMING,CONFORMING,PENDING_BB,DIAGNOSTIC_OK,NOT_APPLICABLE,NOT_APPLICABLE,NOT_APPLICABLE,NO_FAILURE_SO_FAR,PENDING_FINALIZATION,AUTO_FROZEN,0.983426,0.074836
SI_048_R04.png,SI,SI_048,4,12,ZERO-SHOT,Scatterplot,Identificação,CONFORMING,CONFORMING,CONFORMING,CONFORMING,PENDING_BB,DIAGNOSTIC_OK,NOT_APPLICABLE,NOT_APPLICABLE,NOT_APPLICABLE,NO_FAILURE_SO_FAR,PENDING_FINALIZATION,AUTO_FROZEN,0.983426,0.074836
SI_048_R05.png,SI,SI_048,5,12,ZERO-SHOT,Scatterplot,Identificação,CONFORMING,CONFORMING,CONFORMING,CONFORMING,PENDING_BB,DIAGNOSTIC_OK,NOT_APPLICABLE,NOT_APPLICABLE,NOT_APPLICABLE,NO_FAILURE_SO_FAR,PENDING_FINALIZATION,AUTO_FROZEN,0.980825,0.056095
SI_048_R06.png,SI,SI_048,6,12,ZERO-SHOT,Scatterplot,Identificação,CONFORMING,CONFORMING,CONFORMING,CONFORMING,PENDING_BB,DIAGNOSTIC_OK,NOT_APPLICABLE,NOT_APPLICABLE,NOT_APPLICABLE,NO_FAILURE_SO_FAR,PENDING_FINALIZATION,AUTO_FROZEN,0.980825,0.056095
SI_048_R07.png,SI,SI_048,7,12,ZERO-SHOT,Scatterplot,Identificação,CONFORMING,CONFORMING,CONFORMING,CONFORMING,PENDING_BB,DIAGNOSTIC_OK,NOT_APPLICABLE,NOT_APPLICABLE,NOT_APPLICABLE,NO_FAILURE_SO_FAR,PENDING_FINALIZATION,AUTO_FROZEN,0.980825,0.056095
SI_048_R08.png,SI,SI_048,8,12,ZERO-SHOT,Scatterplot,Identificação,CONFORMING,CONFORMING,CONFORMING,CONFORMING,PENDING_BB,DIAGNOSTIC_OK,NOT_APPLICABLE,NOT_APPLICABLE,NOT_APPLICABLE,NO_FAILURE_SO_FAR,PENDING_FINALIZATION,AUTO_FROZEN,0.980825,0.056095
SI_048_R09.png,SI,SI_048,9,12,ZERO-SHOT,Scatterplot,Identificação,CONFORMING,CONFORMING,CONFORMING,CONFORMING,PENDING_BB,DIAGNOSTIC_OK,NOT_APPLICABLE,NOT_APPLICABLE,NOT_APPLICABLE,NO_FAILURE_SO_FAR,PENDING_FINALIZATION,AUTO_FROZEN,0.984076,0.085729
SI_048_R10.png,SI,SI_048,10,12,ZERO-SHOT,Scatterplot,Identificação,CONFORMING,CONFORMING,CONFORMING,CONFORMING,PENDING_BB,DIAGNOSTIC_OK,NOT_APPLICABLE,NOT_APPLICABLE,NOT_APPLICABLE,NO_FAILURE_SO_FAR,PENDING_FINALIZATION,AUTO_FROZEN,0.984076,0.085729
SI_049_R01.png,SI,SI_049,1,13,ZERO-SHOT,Scatterplot,Identificação,CONFORMING,CONFORMING,NONCONFORMING,CONFORMING,PENDING_BB,DIAGNOSTIC_OK,CONFORMING,CONFORMING,NOT_APPLICABLE,NONCONFORMING,NONCONFORMING,AUTO_FROZEN,0.917898,0.090083
SI_049_R02.png,SI,SI_049,2,13,ZERO-SHOT,Scatterplot,Identificação,CONFORMING,CONFORMING,CONFORMING,CONFORMING,PENDING_BB,DIAGNOSTIC_OK,CONFORMING,CONFORMING,NOT_APPLICABLE,NO_FAILURE_SO_FAR,PENDING_FINALIZATION,AUTO_FROZEN,0.980825,0.056095
SI_049_R03.png,SI,SI_049,3,13,ZERO-SHOT,Scatterplot,Identificação,CONFORMING,CONFORMING,CONFORMING,CONFORMING,PENDING_BB,DIAGNOSTIC_OK,CONFORMING,CONFORMING,NOT_APPLICABLE,NO_FAILURE_SO_FAR,PENDING_FINALIZATION,AUTO_FROZEN,0.980825,0.056095
SI_049_R04.png,SI,SI_049,4,13,ZERO-SHOT,Scatterplot,Identificação,CONFORMING,CONFORMING,CONFORMING,CONFORMING,PENDING_BB,DIAGNOSTIC_OK,CONFORMING,CONFORMING,NOT_APPLICABLE,NO_FAILURE_SO_FAR,PENDING_FINALIZATION,AUTO_FROZEN,0.994847,0.003125
SI_049_R05.png,SI,SI_049,5,13,ZERO-SHOT,Scatterplot,Identificação,CONFORMING,CONFORMING,CONFORMING,CONFORMING,PENDING_BB,DIAGNOSTIC_OK,CONFORMING,CONFORMING,NOT_APPLICABLE,NO_FAILURE_SO_FAR,PENDING_FINALIZATION,AUTO_FROZEN,0.994847,0.003125
SI_049_R06.png,SI,SI_049,6,13,ZERO-SHOT,Scatterplot,Identificação,CONFORMING,CONFORMING,CONFORMING,CONFORMING,PENDING_BB,DIAGNOSTIC_OK,CONFORMING,CONFORMING,NOT_APPLICABLE,NO_FAILURE_SO_FAR,PENDING_FINALIZATION,AUTO_FROZEN,0.994847,0.003125
SI_049_R07.png,SI,SI_049,7,13,ZERO-SHOT,Scatterplot,Identificação,CONFORMING,CONFORMING,CONFORMING,CONFORMING,PENDING_BB,DIAGNOSTIC_OK,CONFORMING,CONFORMING,NOT_APPLICABLE,NO_FAILURE_SO_FAR,PENDING_FINALIZATION,AUTO_FROZEN,0.994847,0.003125
SI_049_R08.png,SI,SI_049,8,13,ZERO-SHOT,Scatterplot,Identificação,CONFORMING,CONFORMING,CONFORMING,CONFORMING,PENDING_BB,DIAGNOSTIC_OK,CONFORMING,CONFORMING,NOT_APPLICABLE,NO_FAILURE_SO_FAR,PENDING_FINALIZATION,AUTO_FROZEN,0.994847,0.003125
SI_049_R09.png,SI,SI_049,9,13,ZERO-SHOT,Scatterplot,Identificação,CONFORMING,CONFORMING,CONFORMING,CONFORMING,PENDING_BB,DIAGNOSTIC_OK,CONFORMING,CONFORMING,NOT_APPLICABLE,NO_FAILURE_SO_FAR,PENDING_FINALIZATION,AUTO_FROZEN,0.984076,0.085729
SI_049_R10.png,SI,SI_049,10,13,ZERO-SHOT,Scatterplot,Identificação,CONFORMING,CONFORMING,CONFORMING,CONFORMING,PENDING_BB,DIAGNOSTIC_OK,CONFORMING,CONFORMING,NOT_APPLICABLE,NO_FAILURE_SO_FAR,PENDING_FINALIZATION,AUTO_FROZEN,0.984076,0.085729
SI_050_R01.png,SI,SI_050,1,14,ZERO-SHOT,Scatterplot,Identificação,CONFORMING,CONFORMING,CONFORMING,CONFORMING,PENDING_BB,DIAGNOSTIC_OK,NOT_APPLICABLE,NOT_APPLICABLE,NOT_APPLICABLE,NO_FAILURE_SO_FAR,PENDING_FINALIZATION,AUTO_FROZEN,0.968146,0.051917
SI_050_R02.png,SI,SI_050,2,14,ZERO-SHOT,Scatterplot,Identificação,CONFORMING,CONFORMING,CONFORMING,CONFORMING,PENDING_BB,DIAGNOSTIC_OK,NOT_APPLICABLE,NOT_APPLICABLE,NOT_APPLICABLE,NO_FAILURE_SO_FAR,PENDING_FINALIZATION,AUTO_FROZEN,0.981566,0.002708
SI_050_R03.png,SI,SI_050,3,14,ZERO-SHOT,Scatterplot,Identificação,CONFORMING,CONFORMING,CONFORMING,CONFORMING,PENDING_BB,DIAGNOSTIC_OK,NOT_APPLICABLE,NOT_APPLICABLE,NOT_APPLICABLE,NO_FAILURE_SO_FAR,PENDING_FINALIZATION,AUTO_FROZEN,0.981566,0.002708
SI_050_R04.png,SI,SI_050,4,14,ZERO-SHOT,Scatterplot,Identificação,CONFORMING,CONFORMING,CONFORMING,CONFORMING,PENDING_BB,DIAGNOSTIC_OK,NOT_APPLICABLE,NOT_APPLICABLE,NOT_APPLICABLE,NO_FAILURE_SO_FAR,PENDING_FINALIZATION,AUTO_FROZEN,0.981566,0.002708
SI_050_R05.png,SI,SI_050,5,14,ZERO-SHOT,Scatterplot,Identificação,CONFORMING,CONFORMING,CONFORMING,CONFORMING,PENDING_BB,DIAGNOSTIC_OK,NOT_APPLICABLE,NOT_APPLICABLE,NOT_APPLICABLE,NO_FAILURE_SO_FAR,PENDING_FINALIZATION,AUTO_FROZEN,0.981566,0.002708
SI_050_R06.png,SI,SI_050,6,14,ZERO-SHOT,Scatterplot,Identificação,CONFORMING,CONFORMING,CONFORMING,CONFORMING,PENDING_BB,DIAGNOSTIC_OK,NOT_APPLICABLE,NOT_APPLICABLE,NOT_APPLICABLE,NO_FAILURE_SO_FAR,PENDING_FINALIZATION,AUTO_FROZEN,0.980825,0.056095
SI_050_R07.png,SI,SI_050,7,14,ZERO-SHOT,Scatterplot,Identificação,CONFORMING,CONFORMING,CONFORMING,CONFORMING,PENDING_BB,DIAGNOSTIC_OK,NOT_APPLICABLE,NOT_APPLICABLE,NOT_APPLICABLE,NO_FAILURE_SO_FAR,PENDING_FINALIZATION,AUTO_FROZEN,0.980825,0.056095
SI_050_R08.png,SI,SI_050,8,14,ZERO-SHOT,Scatterplot,Identificação,CONFORMING,CONFORMING,CONFORMING,CONFORMING,PENDING_BB,DIAGNOSTIC_OK,NOT_APPLICABLE,NOT_APPLICABLE,NOT_APPLICABLE,NO_FAILURE_SO_FAR,PENDING_FINALIZATION,AUTO_FROZEN,0.980825,0.056095
SI_050_R09.png,SI,SI_050,9,14,ZERO-SHOT,Scatterplot,Identificação,CONFORMING,CONFORMING,CONFORMING,CONFORMING,PENDING_BB,DIAGNOSTIC_OK,NOT_APPLICABLE,NOT_APPLICABLE,NOT_APPLICABLE,NO_FAILURE_SO_FAR,PENDING_FINALIZATION,AUTO_FROZEN,0.980825,0.056095
SI_050_R10.png,SI,SI_050,10,14,ZERO-SHOT,Scatterplot,Identificação,CONFORMING,CONFORMING,CONFORMING,CONFORMING,PENDING_BB,DIAGNOSTIC_OK,NOT_APPLICABLE,NOT_APPLICABLE,NOT_APPLICABLE,NO_FAILURE_SO_FAR,PENDING_FINALIZATION,AUTO_FROZEN,0.981566,0.002708
SI_051_R01.png,SI,SI_051,1,15,ZERO-SHOT,Scatterplot,Identificação,CONFORMING,CONFORMING,CONFORMING,CONFORMING,PENDING_BB,DIAGNOSTIC_OK,NOT_APPLICABLE,NOT_APPLICABLE,NOT_APPLICABLE,NO_FAILURE_SO_FAR,PENDING_FINALIZATION,AUTO_FROZEN,0.980825,0.056095
SI_051_R02.png,SI,SI_051,2,15,ZERO-SHOT,Scatterplot,Identificação,CONFORMING,CONFORMING,CONFORMING,CONFORMING,PENDING_BB,DIAGNOSTIC_OK,NOT_APPLICABLE,NOT_APPLICABLE,NOT_APPLICABLE,NO_FAILURE_SO_FAR,PENDING_FINALIZATION,AUTO_FROZEN,0.981316,0.056766
SI_051_R03.png,SI,SI_051,3,15,ZERO-SHOT,Scatterplot,Identificação,CONFORMING,CONFORMING,CONFORMING,CONFORMING,PENDING_BB,DIAGNOSTIC_OK,NOT_APPLICABLE,NOT_APPLICABLE,NOT_APPLICABLE,NO_FAILURE_SO_FAR,PENDING_FINALIZATION,AUTO_FROZEN,0.981316,0.056766
SI_051_R04.png,SI,SI_051,4,15,ZERO-SHOT,Scatterplot,Identificação,CONFORMING,CONFORMING,CONFORMING,CONFORMING,PENDING_BB,DIAGNOSTIC_OK,NOT_APPLICABLE,NOT_APPLICABLE,NOT_APPLICABLE,NO_FAILURE_SO_FAR,PENDING_FINALIZATION,AUTO_FROZEN,0.981316,0.056766
SI_051_R05.png,SI,SI_051,5,15,ZERO-SHOT,Scatterplot,Identificação,CONFORMING,CONFORMING,CONFORMING,CONFORMING,PENDING_BB,DIAGNOSTIC_OK,NOT_APPLICABLE,NOT_APPLICABLE,NOT_APPLICABLE,NO_FAILURE_SO_FAR,PENDING_FINALIZATION,AUTO_FROZEN,0.981316,0.056766
SI_051_R06.png,SI,SI_051,6,15,ZERO-SHOT,Scatterplot,Identificação,CONFORMING,CONFORMING,CONFORMING,CONFORMING,PENDING_BB,DIAGNOSTIC_OK,NOT_APPLICABLE,NOT_APPLICABLE,NOT_APPLICABLE,NO_FAILURE_SO_FAR,PENDING_FINALIZATION,AUTO_FROZEN,0.981316,0.056766
SI_051_R07.png,SI,SI_051,7,15,ZERO-SHOT,Scatterplot,Identificação,CONFORMING,CONFORMING,CONFORMING,CONFORMING,PENDING_BB,DIAGNOSTIC_OK,NOT_APPLICABLE,NOT_APPLICABLE,NOT_APPLICABLE,NO_FAILURE_SO_FAR,PENDING_FINALIZATION,AUTO_FROZEN,0.981316,0.056766
SI_051_R08.png,SI,SI_051,8,15,ZERO-SHOT,Scatterplot,Identificação,CONFORMING,CONFORMING,CONFORMING,CONFORMING,PENDING_BB,DIAGNOSTIC_OK,NOT_APPLICABLE,NOT_APPLICABLE,NOT_APPLICABLE,NO_FAILURE_SO_FAR,PENDING_FINALIZATION,AUTO_FROZEN,0.981316,0.056766
SI_051_R09.png,SI,SI_051,9,15,ZERO-SHOT,Scatterplot,Identificação,CONFORMING,CONFORMING,CONFORMING,CONFORMING,PENDING_BB,DIAGNOSTIC_OK,NOT_APPLICABLE,NOT_APPLICABLE,NOT_APPLICABLE,NO_FAILURE_SO_FAR,PENDING_FINALIZATION,AUTO_FROZEN,0.981316,0.056766
SI_051_R10.png,SI,SI_051,10,15,ZERO-SHOT,Scatterplot,Identificação,CONFORMING,CONFORMING,CONFORMING,CONFORMING,PENDING_BB,DIAGNOSTIC_OK,NOT_APPLICABLE,NOT_APPLICABLE,NOT_APPLICABLE,NO_FAILURE_SO_FAR,PENDING_FINALIZATION,AUTO_FROZEN,0.981316,0.056766
SI_052_R01.png,SI,SI_052,1,16,ZERO-SHOT,Scatterplot,Identificação,CONFORMING,CONFORMING,CONFORMING,CONFORMING,PENDING_BB,DIAGNOSTIC_OK,NOT_APPLICABLE,NOT_APPLICABLE,NOT_APPLICABLE,NO_FAILURE_SO_FAR,PENDING_FINALIZATION,AUTO_FROZEN,0.98084,0.055882
SI_052_R02.png,SI,SI_052,2,16,ZERO-SHOT,Scatterplot,Identificação,CONFORMING,CONFORMING,CONFORMING,CONFORMING,PENDING_BB,DIAGNOSTIC_OK,NOT_APPLICABLE,NOT_APPLICABLE,NOT_APPLICABLE,NO_FAILURE_SO_FAR,PENDING_FINALIZATION,AUTO_FROZEN,0.983426,0.074836
SI_052_R03.png,SI,SI_052,3,16,ZERO-SHOT,Scatterplot,Identificação,CONFORMING,CONFORMING,CONFORMING,CONFORMING,PENDING_BB,DIAGNOSTIC_OK,NOT_APPLICABLE,NOT_APPLICABLE,NOT_APPLICABLE,NO_FAILURE_SO_FAR,PENDING_FINALIZATION,AUTO_FROZEN,0.983426,0.074836
SI_052_R04.png,SI,SI_052,4,16,ZERO-SHOT,Scatterplot,Identificação,CONFORMING,CONFORMING,CONFORMING,CONFORMING,PENDING_BB,DIAGNOSTIC_OK,NOT_APPLICABLE,NOT_APPLICABLE,NOT_APPLICABLE,NO_FAILURE_SO_FAR,PENDING_FINALIZATION,AUTO_FROZEN,0.983426,0.074836
SI_052_R05.png,SI,SI_052,5,16,ZERO-SHOT,Scatterplot,Identificação,CONFORMING,CONFORMING,CONFORMING,CONFORMING,PENDING_BB,DIAGNOSTIC_OK,NOT_APPLICABLE,NOT_APPLICABLE,NOT_APPLICABLE,NO_FAILURE_SO_FAR,PENDING_FINALIZATION,AUTO_FROZEN,0.980825,0.056095
SI_052_R06.png,SI,SI_052,6,16,ZERO-SHOT,Scatterplot,Identificação,CONFORMING,CONFORMING,CONFORMING,CONFORMING,PENDING_BB,DIAGNOSTIC_OK,NOT_APPLICABLE,NOT_APPLICABLE,NOT_APPLICABLE,NO_FAILURE_SO_FAR,PENDING_FINALIZATION,AUTO_FROZEN,0.980825,0.056095
SI_052_R07.png,SI,SI_052,7,16,ZERO-SHOT,Scatterplot,Identificação,CONFORMING,CONFORMING,CONFORMING,CONFORMING,PENDING_BB,DIAGNOSTIC_OK,NOT_APPLICABLE,NOT_APPLICABLE,NOT_APPLICABLE,NO_FAILURE_SO_FAR,PENDING_FINALIZATION,AUTO_FROZEN,0.980825,0.056095
SI_052_R08.png,SI,SI_052,8,16,ZERO-SHOT,Scatterplot,Identificação,CONFORMING,CONFORMING,CONFORMING,CONFORMING,PENDING_BB,DIAGNOSTIC_OK,NOT_APPLICABLE,NOT_APPLICABLE,NOT_APPLICABLE,NO_FAILURE_SO_FAR,PENDING_FINALIZATION,AUTO_FROZEN,0.980825,0.056095
SI_052_R09.png,SI,SI_052,9,16,ZERO-SHOT,Scatterplot,Identificação,CONFORMING,CONFORMING,CONFORMING,CONFORMING,PENDING_BB,DIAGNOSTIC_OK,NOT_APPLICABLE,NOT_APPLICABLE,NOT_APPLICABLE,NO_FAILURE_SO_FAR,PENDING_FINALIZATION,AUTO_FROZEN,0.980825,0.056095
SI_052_R10.png,SI,SI_052,10,16,ZERO-SHOT,Scatterplot,Identificação,CONFORMING,CONFORMING,CONFORMING,CONFORMING,PENDING_BB,DIAGNOSTIC_OK,NOT_APPLICABLE,NOT_APPLICABLE,NOT_APPLICABLE,NO_FAILURE_SO_FAR,PENDING_FINALIZATION,AUTO_FROZEN,0.980825,0.056095
