filename,profile,unit_id,repeat,participant_id,condition,axis,kind,f_tick_list_scope,f_target_status,f_expected_display,f_expected_canonical,f_order_required,ba_source,ba_final_status,observed_display,observed_canonical,bb_detailed_status,bb_collapsed_status,missing_items,extra_items,bb_reason,denominator_eligible,normalization_version,manual_orientation_result,manual_extraction_result,manual_notes,source_family
BC_002_R01.png,BC,BC_002,R01,4,FEW-SHOT,CATEGORICAL,categorical,EXHAUSTIVE,READY_CATEGORICAL,agropecuaria e pesca | comercio e servicos | industria e transformacao,agropecuaria e pesca | comercio e servicos | industria e transformacao,NOT_SPECIFIED,MANUAL_PRODUCTION_REVIEW_280,MANUAL_ADJUDICATED,Agropecuária e pesca | Comércio e Serviços (setor CNAE) | Indústria e Transformação,agropecuaria e pesca | comercio e servicos (setor cnae) | industria e transformacao,NONCONFORMING_VALUE,NONCONFORMING,comercio e servicos,comercio e servicos (setor cnae),Conteúdo categórico difere de F em item(s) não coberto(s) pela normalização congelada.,YES,B_B_NORMALIZATION_V1,CORRECT,EXACT,,CATEGORICAL
BC_002_R02.png,BC,BC_002,R02,4,FEW-SHOT,CATEGORICAL,categorical,EXHAUSTIVE,READY_CATEGORICAL,agropecuaria e pesca | comercio e servicos | industria e transformacao,agropecuaria e pesca | comercio e servicos | industria e transformacao,NOT_SPECIFIED,MANUAL_PRODUCTION_REVIEW_280,MANUAL_ADJUDICATED,Agropecuária e pesca | Comércio e Serviços (setor CNAE) | Indústria e Transformação,agropecuaria e pesca | comercio e servicos (setor cnae) | industria e transformacao,NONCONFORMING_VALUE,NONCONFORMING,comercio e servicos,comercio e servicos (setor cnae),Conteúdo categórico difere de F em item(s) não coberto(s) pela normalização congelada.,YES,B_B_NORMALIZATION_V1,WRONG,WRONG,o eixo categorico é o vertical e o rótulo esta em duas linhas,CATEGORICAL
BC_002_R03.png,BC,BC_002,R03,4,FEW-SHOT,CATEGORICAL,categorical,EXHAUSTIVE,READY_CATEGORICAL,agropecuaria e pesca | comercio e servicos | industria e transformacao,agropecuaria e pesca | comercio e servicos | industria e transformacao,NOT_SPECIFIED,MANUAL_PRODUCTION_REVIEW_280,MANUAL_ADJUDICATED,Agropecuária e pesca | Comércio e Serviços (setor CNAE) | Indústria e Transformação,agropecuaria e pesca | comercio e servicos (setor cnae) | industria e transformacao,NONCONFORMING_VALUE,NONCONFORMING,comercio e servicos,comercio e servicos (setor cnae),Conteúdo categórico difere de F em item(s) não coberto(s) pela normalização congelada.,YES,B_B_NORMALIZATION_V1,CORRECT,EXACT,rótulo em duas linhas,CATEGORICAL
BC_002_R04.png,BC,BC_002,R04,4,FEW-SHOT,CATEGORICAL,categorical,EXHAUSTIVE,READY_CATEGORICAL,agropecuaria e pesca | comercio e servicos | industria e transformacao,agropecuaria e pesca | comercio e servicos | industria e transformacao,NOT_SPECIFIED,MANUAL_PRODUCTION_REVIEW_280,MANUAL_ADJUDICATED,Agropecuária e pesca | Comércio e Serviços (setor CNAE) | Indústria e Transformação,agropecuaria e pesca | comercio e servicos (setor cnae) | industria e transformacao,NONCONFORMING_VALUE,NONCONFORMING,comercio e servicos,comercio e servicos (setor cnae),Conteúdo categórico difere de F em item(s) não coberto(s) pela normalização congelada.,YES,B_B_NORMALIZATION_V1,CORRECT,EXACT,rótulo em duas linhas,CATEGORICAL
BC_002_R05.png,BC,BC_002,R05,4,FEW-SHOT,CATEGORICAL,categorical,EXHAUSTIVE,READY_CATEGORICAL,agropecuaria e pesca | comercio e servicos | industria e transformacao,agropecuaria e pesca | comercio e servicos | industria e transformacao,NOT_SPECIFIED,MANUAL_PRODUCTION_REVIEW_280,MANUAL_ADJUDICATED,Agropecuária e pesca | Comércio e Serviços (setor CNAE) | Indústria e Transformação,agropecuaria e pesca | comercio e servicos (setor cnae) | industria e transformacao,NONCONFORMING_VALUE,NONCONFORMING,comercio e servicos,comercio e servicos (setor cnae),Conteúdo categórico difere de F em item(s) não coberto(s) pela normalização congelada.,YES,B_B_NORMALIZATION_V1,CORRECT,EXACT,gráfico de linha,CATEGORICAL
BC_002_R06.png,BC,BC_002,R06,4,FEW-SHOT,CATEGORICAL,categorical,EXHAUSTIVE,READY_CATEGORICAL,agropecuaria e pesca | comercio e servicos | industria e transformacao,agropecuaria e pesca | comercio e servicos | industria e transformacao,NOT_SPECIFIED,MANUAL_PRODUCTION_REVIEW_280,MANUAL_ADJUDICATED,Agropecuária e pesca | Comércio e Serviços (setor CNAE) | Indústria e Transformação,agropecuaria e pesca | comercio e servicos (setor cnae) | industria e transformacao,NONCONFORMING_VALUE,NONCONFORMING,comercio e servicos,comercio e servicos (setor cnae),Conteúdo categórico difere de F em item(s) não coberto(s) pela normalização congelada.,YES,B_B_NORMALIZATION_V1,CORRECT,EXACT,"rótulos em duas linhas
gráfico com uma largura de barra muito fina, simulnado um grafico de barra empilhado",CATEGORICAL
BC_002_R07.png,BC,BC_002,R07,4,FEW-SHOT,CATEGORICAL,categorical,EXHAUSTIVE,READY_CATEGORICAL,agropecuaria e pesca | comercio e servicos | industria e transformacao,agropecuaria e pesca | comercio e servicos | industria e transformacao,NOT_SPECIFIED,MANUAL_PRODUCTION_REVIEW_280,MANUAL_ADJUDICATED,Agropecuária e pesca | Comércio e Serviços (setor CNAE) | Indústria e Transformação,agropecuaria e pesca | comercio e servicos (setor cnae) | industria e transformacao,NONCONFORMING_VALUE,NONCONFORMING,comercio e servicos,comercio e servicos (setor cnae),Conteúdo categórico difere de F em item(s) não coberto(s) pela normalização congelada.,YES,B_B_NORMALIZATION_V1,CORRECT,PARTIAL,,CATEGORICAL
BC_002_R08.png,BC,BC_002,R08,4,FEW-SHOT,CATEGORICAL,categorical,EXHAUSTIVE,READY_CATEGORICAL,agropecuaria e pesca | comercio e servicos | industria e transformacao,agropecuaria e pesca | comercio e servicos | industria e transformacao,NOT_SPECIFIED,MANUAL_PRODUCTION_REVIEW_280,UNEVALUABLE,Agropecuária e pesca | Comércio e Serviços (setor CNAE) | Indústria e Transformação,agropecuaria e pesca | comercio e servicos (setor cnae) | industria e transformacao,UNEVALUABLE,UNEVALUABLE,,,B-A manual foi marcado como UNEVALUABLE; não entra no denominador B-B.,NO,B_B_NORMALIZATION_V1,UNEVALUABLE,UNEVALUABLE,gráfico de linha em degrau,CATEGORICAL
BC_002_R09.png,BC,BC_002,R09,4,FEW-SHOT,CATEGORICAL,categorical,EXHAUSTIVE,READY_CATEGORICAL,agropecuaria e pesca | comercio e servicos | industria e transformacao,agropecuaria e pesca | comercio e servicos | industria e transformacao,NOT_SPECIFIED,MANUAL_PRODUCTION_REVIEW_280,MANUAL_ADJUDICATED,Agropecuária e pesca | Comércio e Serviços (setor CNAE) | Indústria e Transformação,agropecuaria e pesca | comercio e servicos (setor cnae) | industria e transformacao,NONCONFORMING_VALUE,NONCONFORMING,comercio e servicos,comercio e servicos (setor cnae),Conteúdo categórico difere de F em item(s) não coberto(s) pela normalização congelada.,YES,B_B_NORMALIZATION_V1,UNEVALUABLE,WRONG,"gráfico de barras horizontal
rótulo em duas linhas
eixo y",CATEGORICAL
BC_002_R10.png,BC,BC_002,R10,4,FEW-SHOT,CATEGORICAL,categorical,EXHAUSTIVE,READY_CATEGORICAL,agropecuaria e pesca | comercio e servicos | industria e transformacao,agropecuaria e pesca | comercio e servicos | industria e transformacao,NOT_SPECIFIED,MANUAL_PRODUCTION_REVIEW_280,MANUAL_ADJUDICATED,Agropecuária e pesca | Comércio e Serviços (Setor CNAE) | Indústria e Transformação,agropecuaria e pesca | comercio e servicos (setor cnae) | industria e transformacao,NONCONFORMING_VALUE,NONCONFORMING,comercio e servicos,comercio e servicos (setor cnae),Conteúdo categórico difere de F em item(s) não coberto(s) pela normalização congelada.,YES,B_B_NORMALIZATION_V1,CORRECT,PARTIAL,,CATEGORICAL
BC_003_R01.png,BC,BC_003,R01,6,FEW-SHOT,CATEGORICAL,categorical,EXHAUSTIVE,READY_CATEGORICAL,agropecuaria e pesca | comercio e servicos | industria de transformacao,agropecuaria e pesca | comercio e servicos | industria de transformacao,NOT_SPECIFIED,MANUAL_PRODUCTION_REVIEW_280,MANUAL_ADJUDICATED,Agropecuária e pesca | Comércio e Serviços | Indústria de Transformação,agropecuaria e pesca | comercio e servicos | industria de transformacao,NORMALIZED_EQUIVALENT,CONFORMING,,,Conteúdo categórico coincide com F após normalização congelada.,YES,B_B_NORMALIZATION_V1,CORRECT,PARTIAL,,CATEGORICAL
BC_003_R02.png,BC,BC_003,R02,6,FEW-SHOT,CATEGORICAL,categorical,EXHAUSTIVE,READY_CATEGORICAL,agropecuaria e pesca | comercio e servicos | industria de transformacao,agropecuaria e pesca | comercio e servicos | industria de transformacao,NOT_SPECIFIED,MANUAL_PRODUCTION_REVIEW_280,MANUAL_ADJUDICATED,Agropecuária e pesca | Comércio e Serviços | Indústria de Transformação,agropecuaria e pesca | comercio e servicos | industria de transformacao,NORMALIZED_EQUIVALENT,CONFORMING,,,Conteúdo categórico coincide com F após normalização congelada.,YES,B_B_NORMALIZATION_V1,CORRECT,PARTIAL,rótulo em duas linhas,CATEGORICAL
BC_003_R03.png,BC,BC_003,R03,6,FEW-SHOT,CATEGORICAL,categorical,EXHAUSTIVE,READY_CATEGORICAL,agropecuaria e pesca | comercio e servicos | industria de transformacao,agropecuaria e pesca | comercio e servicos | industria de transformacao,NOT_SPECIFIED,MANUAL_PRODUCTION_REVIEW_280,MANUAL_ADJUDICATED,Agropecuária e pesca | Comércio e Serviços | Indústria de Transformação,agropecuaria e pesca | comercio e servicos | industria de transformacao,NORMALIZED_EQUIVALENT,CONFORMING,,,Conteúdo categórico coincide com F após normalização congelada.,YES,B_B_NORMALIZATION_V1,CORRECT,PARTIAL,rótulo em duas linhas,CATEGORICAL
BC_003_R04.png,BC,BC_003,R04,6,FEW-SHOT,CATEGORICAL,categorical,EXHAUSTIVE,READY_CATEGORICAL,agropecuaria e pesca | comercio e servicos | industria de transformacao,agropecuaria e pesca | comercio e servicos | industria de transformacao,NOT_SPECIFIED,MANUAL_PRODUCTION_REVIEW_280,MANUAL_ADJUDICATED,Agropecuária e pesca | Comércio e Serviços | Indústria de Transformação,agropecuaria e pesca | comercio e servicos | industria de transformacao,NORMALIZED_EQUIVALENT,CONFORMING,,,Conteúdo categórico coincide com F após normalização congelada.,YES,B_B_NORMALIZATION_V1,CORRECT,PARTIAL,,CATEGORICAL
BC_003_R05.png,BC,BC_003,R05,6,FEW-SHOT,CATEGORICAL,categorical,EXHAUSTIVE,READY_CATEGORICAL,agropecuaria e pesca | comercio e servicos | industria de transformacao,agropecuaria e pesca | comercio e servicos | industria de transformacao,NOT_SPECIFIED,MANUAL_PRODUCTION_REVIEW_280,MANUAL_ADJUDICATED,Agropecuária e pesca | Comércio e Serviços | Indústria de Transformação,agropecuaria e pesca | comercio e servicos | industria de transformacao,NORMALIZED_EQUIVALENT,CONFORMING,,,Conteúdo categórico coincide com F após normalização congelada.,YES,B_B_NORMALIZATION_V1,CORRECT,PARTIAL,,CATEGORICAL
BC_003_R06.png,BC,BC_003,R06,6,FEW-SHOT,CATEGORICAL,categorical,EXHAUSTIVE,READY_CATEGORICAL,agropecuaria e pesca | comercio e servicos | industria de transformacao,agropecuaria e pesca | comercio e servicos | industria de transformacao,NOT_SPECIFIED,MANUAL_PRODUCTION_REVIEW_280,MANUAL_ADJUDICATED,Agropecuária e pesca | Comércio e Serviços | Indústria de Transformação,agropecuaria e pesca | comercio e servicos | industria de transformacao,NORMALIZED_EQUIVALENT,CONFORMING,,,Conteúdo categórico coincide com F após normalização congelada.,YES,B_B_NORMALIZATION_V1,CORRECT,PARTIAL,,CATEGORICAL
BC_003_R07.png,BC,BC_003,R07,6,FEW-SHOT,CATEGORICAL,categorical,EXHAUSTIVE,READY_CATEGORICAL,agropecuaria e pesca | comercio e servicos | industria de transformacao,agropecuaria e pesca | comercio e servicos | industria de transformacao,NOT_SPECIFIED,MANUAL_PRODUCTION_REVIEW_280,MANUAL_ADJUDICATED,Agropecuária e Pesca | Comércio e Serviços | Indústria de Transformação,agropecuaria e pesca | comercio e servicos | industria de transformacao,NORMALIZED_EQUIVALENT,CONFORMING,,,Conteúdo categórico coincide com F após normalização congelada.,YES,B_B_NORMALIZATION_V1,CORRECT,PARTIAL,,CATEGORICAL
BC_003_R08.png,BC,BC_003,R08,6,FEW-SHOT,CATEGORICAL,categorical,EXHAUSTIVE,READY_CATEGORICAL,agropecuaria e pesca | comercio e servicos | industria de transformacao,agropecuaria e pesca | comercio e servicos | industria de transformacao,NOT_SPECIFIED,MANUAL_PRODUCTION_REVIEW_280,MANUAL_ADJUDICATED,Agropecuária e pesca | Comércio e Serviços | Indústria de Transformação,agropecuaria e pesca | comercio e servicos | industria de transformacao,NORMALIZED_EQUIVALENT,CONFORMING,,,Conteúdo categórico coincide com F após normalização congelada.,YES,B_B_NORMALIZATION_V1,CORRECT,PARTIAL,,CATEGORICAL
BC_003_R09.png,BC,BC_003,R09,6,FEW-SHOT,CATEGORICAL,categorical,EXHAUSTIVE,READY_CATEGORICAL,agropecuaria e pesca | comercio e servicos | industria de transformacao,agropecuaria e pesca | comercio e servicos | industria de transformacao,NOT_SPECIFIED,MANUAL_PRODUCTION_REVIEW_280,MANUAL_ADJUDICATED,Agropecuária e Pesca | Comércio e Serviços | Indústria de Transformação,agropecuaria e pesca | comercio e servicos | industria de transformacao,NORMALIZED_EQUIVALENT,CONFORMING,,,Conteúdo categórico coincide com F após normalização congelada.,YES,B_B_NORMALIZATION_V1,CORRECT,PARTIAL,,CATEGORICAL
BC_003_R10.png,BC,BC_003,R10,6,FEW-SHOT,CATEGORICAL,categorical,EXHAUSTIVE,READY_CATEGORICAL,agropecuaria e pesca | comercio e servicos | industria de transformacao,agropecuaria e pesca | comercio e servicos | industria de transformacao,NOT_SPECIFIED,MANUAL_PRODUCTION_REVIEW_280,MANUAL_ADJUDICATED,Agropecuária e pesca | Comércio e Serviços | Indústria de Transformação,agropecuaria e pesca | comercio e servicos | industria de transformacao,NORMALIZED_EQUIVALENT,CONFORMING,,,Conteúdo categórico coincide com F após normalização congelada.,YES,B_B_NORMALIZATION_V1,CORRECT,PARTIAL,,CATEGORICAL
BC_012_R01.png,BC,BC_012,R01,15,FEW-SHOT,CATEGORICAL,categorical,EXHAUSTIVE,READY_CATEGORICAL,agropecuaria e pesca | comercio e servicos | industria de transformacao,agropecuaria e pesca | comercio e servicos | industria de transformacao,NOT_SPECIFIED,MANUAL_PRODUCTION_REVIEW_280,MANUAL_ADJUDICATED,AGROPECUÁRIA E PESCA | COMÉRCIO E SERVIÇOS | INDÚSTRIA DE TRANSFORMAÇÃO,agropecuaria e pesca | comercio e servicos | industria de transformacao,NORMALIZED_EQUIVALENT,CONFORMING,,,Conteúdo categórico coincide com F após normalização congelada.,YES,B_B_NORMALIZATION_V1,CORRECT,EXACT,,CATEGORICAL
BC_012_R02.png,BC,BC_012,R02,15,FEW-SHOT,CATEGORICAL,categorical,EXHAUSTIVE,READY_CATEGORICAL,agropecuaria e pesca | comercio e servicos | industria de transformacao,agropecuaria e pesca | comercio e servicos | industria de transformacao,NOT_SPECIFIED,MANUAL_PRODUCTION_REVIEW_280,MANUAL_ADJUDICATED,AGROPECUÁRIA E PESCA | COMÉRCIO E SERVIÇOS | INDÚSTRIA DE TRANSFORMAÇÃO,agropecuaria e pesca | comercio e servicos | industria de transformacao,NORMALIZED_EQUIVALENT,CONFORMING,,,Conteúdo categórico coincide com F após normalização congelada.,YES,B_B_NORMALIZATION_V1,CORRECT,EQUIVALENT,,CATEGORICAL
BC_012_R03.png,BC,BC_012,R03,15,FEW-SHOT,CATEGORICAL,categorical,EXHAUSTIVE,READY_CATEGORICAL,agropecuaria e pesca | comercio e servicos | industria de transformacao,agropecuaria e pesca | comercio e servicos | industria de transformacao,NOT_SPECIFIED,MANUAL_PRODUCTION_REVIEW_280,MANUAL_ADJUDICATED,AGROPECUÁRIA E PESCA | COMÉRCIO E SERVIÇOS | INDÚSTRIA DE TRANSFORMAÇÃO,agropecuaria e pesca | comercio e servicos | industria de transformacao,NORMALIZED_EQUIVALENT,CONFORMING,,,Conteúdo categórico coincide com F após normalização congelada.,YES,B_B_NORMALIZATION_V1,CORRECT,EQUIVALENT,,CATEGORICAL
BC_012_R04.png,BC,BC_012,R04,15,FEW-SHOT,CATEGORICAL,categorical,EXHAUSTIVE,READY_CATEGORICAL,agropecuaria e pesca | comercio e servicos | industria de transformacao,agropecuaria e pesca | comercio e servicos | industria de transformacao,NOT_SPECIFIED,MANUAL_PRODUCTION_REVIEW_280,MANUAL_ADJUDICATED,AGROPECUÁRIA E PESCA | COMÉRCIO E SERVIÇOS | INDÚSTRIA DE TRANSFORMAÇÃO,agropecuaria e pesca | comercio e servicos | industria de transformacao,NORMALIZED_EQUIVALENT,CONFORMING,,,Conteúdo categórico coincide com F após normalização congelada.,YES,B_B_NORMALIZATION_V1,CORRECT,EQUIVALENT,,CATEGORICAL
BC_012_R05.png,BC,BC_012,R05,15,FEW-SHOT,CATEGORICAL,categorical,EXHAUSTIVE,READY_CATEGORICAL,agropecuaria e pesca | comercio e servicos | industria de transformacao,agropecuaria e pesca | comercio e servicos | industria de transformacao,NOT_SPECIFIED,MANUAL_PRODUCTION_REVIEW_280,MANUAL_ADJUDICATED,AGROPECUÁRIA E PESCA | COMÉRCIO E SERVIÇOS | INDÚSTRIA DE TRANSFORMAÇÃO,agropecuaria e pesca | comercio e servicos | industria de transformacao,NORMALIZED_EQUIVALENT,CONFORMING,,,Conteúdo categórico coincide com F após normalização congelada.,YES,B_B_NORMALIZATION_V1,CORRECT,EQUIVALENT,,CATEGORICAL
BC_012_R06.png,BC,BC_012,R06,15,FEW-SHOT,CATEGORICAL,categorical,EXHAUSTIVE,READY_CATEGORICAL,agropecuaria e pesca | comercio e servicos | industria de transformacao,agropecuaria e pesca | comercio e servicos | industria de transformacao,NOT_SPECIFIED,MANUAL_PRODUCTION_REVIEW_280,MANUAL_ADJUDICATED,AGROPECUÁRIA E PESCA | COMÉRCIO E SERVIÇOS | INDÚSTRIA DE TRANSFORMAÇÃO,agropecuaria e pesca | comercio e servicos | industria de transformacao,NORMALIZED_EQUIVALENT,CONFORMING,,,Conteúdo categórico coincide com F após normalização congelada.,YES,B_B_NORMALIZATION_V1,CORRECT,EQUIVALENT,,CATEGORICAL
BC_012_R07.png,BC,BC_012,R07,15,FEW-SHOT,CATEGORICAL,categorical,EXHAUSTIVE,READY_CATEGORICAL,agropecuaria e pesca | comercio e servicos | industria de transformacao,agropecuaria e pesca | comercio e servicos | industria de transformacao,NOT_SPECIFIED,MANUAL_PRODUCTION_REVIEW_280,MANUAL_ADJUDICATED,AGROPECUÁRIA E PESCA | COMÉRCIO E SERVIÇOS | INDÚSTRIA DE TRANSFORMAÇÃO,agropecuaria e pesca | comercio e servicos | industria de transformacao,NORMALIZED_EQUIVALENT,CONFORMING,,,Conteúdo categórico coincide com F após normalização congelada.,YES,B_B_NORMALIZATION_V1,CORRECT,WRONG,rótulo inclinado (rotação),CATEGORICAL
BC_012_R08.png,BC,BC_012,R08,15,FEW-SHOT,CATEGORICAL,categorical,EXHAUSTIVE,READY_CATEGORICAL,agropecuaria e pesca | comercio e servicos | industria de transformacao,agropecuaria e pesca | comercio e servicos | industria de transformacao,NOT_SPECIFIED,MANUAL_PRODUCTION_REVIEW_280,MANUAL_ADJUDICATED,AGROPECUÁRIA E PESCA | COMÉRCIO E SERVIÇOS | INDÚSTRIA DE TRANSFORMAÇÃO,agropecuaria e pesca | comercio e servicos | industria de transformacao,NORMALIZED_EQUIVALENT,CONFORMING,,,Conteúdo categórico coincide com F após normalização congelada.,YES,B_B_NORMALIZATION_V1,CORRECT,WRONG,,CATEGORICAL
BC_012_R09.png,BC,BC_012,R09,15,FEW-SHOT,CATEGORICAL,categorical,EXHAUSTIVE,READY_CATEGORICAL,agropecuaria e pesca | comercio e servicos | industria de transformacao,agropecuaria e pesca | comercio e servicos | industria de transformacao,NOT_SPECIFIED,MANUAL_PRODUCTION_REVIEW_280,MANUAL_ADJUDICATED,AGROPECUÁRIA E PESCA | COMÉRCIO E SERVIÇOS | INDÚSTRIA DE TRANSFORMAÇÃO,agropecuaria e pesca | comercio e servicos | industria de transformacao,NORMALIZED_EQUIVALENT,CONFORMING,,,Conteúdo categórico coincide com F após normalização congelada.,YES,B_B_NORMALIZATION_V1,CORRECT,PARTIAL,rótulo inclinado,CATEGORICAL
BC_012_R10.png,BC,BC_012,R10,15,FEW-SHOT,CATEGORICAL,categorical,EXHAUSTIVE,READY_CATEGORICAL,agropecuaria e pesca | comercio e servicos | industria de transformacao,agropecuaria e pesca | comercio e servicos | industria de transformacao,NOT_SPECIFIED,MANUAL_PRODUCTION_REVIEW_280,MANUAL_ADJUDICATED,AGROPECUÁRIA E PESCA | COMÉRCIO E SERVIÇOS | INDÚSTRIA DE TRANSFORMAÇÃO,agropecuaria e pesca | comercio e servicos | industria de transformacao,NORMALIZED_EQUIVALENT,CONFORMING,,,Conteúdo categórico coincide com F após normalização congelada.,YES,B_B_NORMALIZATION_V1,CORRECT,EQUIVALENT,,CATEGORICAL
BC_015_R01.png,BC,BC_015,R01,4,HIBRIDO,CATEGORICAL,categorical,EXHAUSTIVE,READY_CATEGORICAL,agropecuaria e pesca | comercio e servicos | industria e transformacao,agropecuaria e pesca | comercio e servicos | industria e transformacao,NOT_SPECIFIED,MANUAL_PRODUCTION_REVIEW_280,MANUAL_ADJUDICATED,AGROPECUÁRIA E PESCA | COMÉRCIO E SERVIÇOS (Setor CNAE)| INDÚSTRIA e TRANSFORMAÇÃO,agropecuaria e pesca | comercio e servicos (setor cnae) | industria e transformacao,NONCONFORMING_VALUE,NONCONFORMING,comercio e servicos,comercio e servicos (setor cnae),Conteúdo categórico difere de F em item(s) não coberto(s) pela normalização congelada.,YES,B_B_NORMALIZATION_V1,CORRECT,EQUIVALENT,,CATEGORICAL
BC_015_R02.png,BC,BC_015,R02,4,HIBRIDO,CATEGORICAL,categorical,EXHAUSTIVE,READY_CATEGORICAL,agropecuaria e pesca | comercio e servicos | industria e transformacao,agropecuaria e pesca | comercio e servicos | industria e transformacao,NOT_SPECIFIED,MANUAL_PRODUCTION_REVIEW_280,MANUAL_ADJUDICATED,Agropecuária e pesca | Comércio e Serviços (Setor CNAE) | Indústria e Transformação,agropecuaria e pesca | comercio e servicos (setor cnae) | industria e transformacao,NONCONFORMING_VALUE,NONCONFORMING,comercio e servicos,comercio e servicos (setor cnae),Conteúdo categórico difere de F em item(s) não coberto(s) pela normalização congelada.,YES,B_B_NORMALIZATION_V1,CORRECT,PARTIAL,,CATEGORICAL
BC_015_R03.png,BC,BC_015,R03,4,HIBRIDO,CATEGORICAL,categorical,EXHAUSTIVE,READY_CATEGORICAL,agropecuaria e pesca | comercio e servicos | industria e transformacao,agropecuaria e pesca | comercio e servicos | industria e transformacao,NOT_SPECIFIED,MANUAL_PRODUCTION_REVIEW_280,MANUAL_ADJUDICATED,Agropecuária e Pesca | Comércio e Serviços (Setor CNAE)| Indústria de Transformação,agropecuaria e pesca | comercio e servicos (setor cnae) | industria de transformacao,NONCONFORMING_VALUE,NONCONFORMING,comercio e servicos | industria e transformacao,comercio e servicos (setor cnae) | industria de transformacao,Conteúdo categórico difere de F em item(s) não coberto(s) pela normalização congelada.,YES,B_B_NORMALIZATION_V1,CORRECT,PARTIAL,rótulo em duas linhas inclinado,CATEGORICAL
BC_015_R04.png,BC,BC_015,R04,4,HIBRIDO,CATEGORICAL,categorical,EXHAUSTIVE,READY_CATEGORICAL,agropecuaria e pesca | comercio e servicos | industria e transformacao,agropecuaria e pesca | comercio e servicos | industria e transformacao,NOT_SPECIFIED,MANUAL_PRODUCTION_REVIEW_280,MANUAL_ADJUDICATED,Agropecuária e Pesca | Comércio e Serviços (Setor CNAE)| Indústria de Transformação,agropecuaria e pesca | comercio e servicos (setor cnae) | industria de transformacao,NONCONFORMING_VALUE,NONCONFORMING,comercio e servicos | industria e transformacao,comercio e servicos (setor cnae) | industria de transformacao,Conteúdo categórico difere de F em item(s) não coberto(s) pela normalização congelada.,YES,B_B_NORMALIZATION_V1,CORRECT,WRONG,rótulo rotacionado duas linhas,CATEGORICAL
BC_015_R05.png,BC,BC_015,R05,4,HIBRIDO,CATEGORICAL,categorical,EXHAUSTIVE,READY_CATEGORICAL,agropecuaria e pesca | comercio e servicos | industria e transformacao,agropecuaria e pesca | comercio e servicos | industria e transformacao,NOT_SPECIFIED,MANUAL_PRODUCTION_REVIEW_280,MANUAL_ADJUDICATED,Agropecuária e pesca | Comércio e Serviços (Setor CNAE) | Indústria e Transformação,agropecuaria e pesca | comercio e servicos (setor cnae) | industria e transformacao,NONCONFORMING_VALUE,NONCONFORMING,comercio e servicos,comercio e servicos (setor cnae),Conteúdo categórico difere de F em item(s) não coberto(s) pela normalização congelada.,YES,B_B_NORMALIZATION_V1,CORRECT,PARTIAL,rótulo rotacionado da esquerda para direita,CATEGORICAL
BC_015_R06.png,BC,BC_015,R06,4,HIBRIDO,CATEGORICAL,categorical,EXHAUSTIVE,READY_CATEGORICAL,agropecuaria e pesca | comercio e servicos | industria e transformacao,agropecuaria e pesca | comercio e servicos | industria e transformacao,NOT_SPECIFIED,MANUAL_PRODUCTION_REVIEW_280,MANUAL_ADJUDICATED,Agropecuária e pesca | Comércio e Serviços (Setor CNAE) | Indústria e Transformação,agropecuaria e pesca | comercio e servicos (setor cnae) | industria e transformacao,NONCONFORMING_VALUE,NONCONFORMING,comercio e servicos,comercio e servicos (setor cnae),Conteúdo categórico difere de F em item(s) não coberto(s) pela normalização congelada.,YES,B_B_NORMALIZATION_V1,CORRECT,WRONG,,CATEGORICAL
BC_015_R07.png,BC,BC_015,R07,4,HIBRIDO,CATEGORICAL,categorical,EXHAUSTIVE,READY_CATEGORICAL,agropecuaria e pesca | comercio e servicos | industria e transformacao,agropecuaria e pesca | comercio e servicos | industria e transformacao,NOT_SPECIFIED,MANUAL_PRODUCTION_REVIEW_280,MANUAL_ADJUDICATED,Agropecuária e pesca | Comércio e Serviços (Setor CNAE) | Indústria e Transformação,agropecuaria e pesca | comercio e servicos (setor cnae) | industria e transformacao,NONCONFORMING_VALUE,NONCONFORMING,comercio e servicos,comercio e servicos (setor cnae),Conteúdo categórico difere de F em item(s) não coberto(s) pela normalização congelada.,YES,B_B_NORMALIZATION_V1,CORRECT,PARTIAL,,CATEGORICAL
BC_015_R08.png,BC,BC_015,R08,4,HIBRIDO,CATEGORICAL,categorical,EXHAUSTIVE,READY_CATEGORICAL,agropecuaria e pesca | comercio e servicos | industria e transformacao,agropecuaria e pesca | comercio e servicos | industria e transformacao,NOT_SPECIFIED,MANUAL_PRODUCTION_REVIEW_280,MANUAL_ADJUDICATED,Agropecuária e pesca | Comércio e Serviços (Setor CNAE) | Indústria e Transformação,agropecuaria e pesca | comercio e servicos (setor cnae) | industria e transformacao,NONCONFORMING_VALUE,NONCONFORMING,comercio e servicos,comercio e servicos (setor cnae),Conteúdo categórico difere de F em item(s) não coberto(s) pela normalização congelada.,YES,B_B_NORMALIZATION_V1,CORRECT,PARTIAL,,CATEGORICAL
BC_015_R09.png,BC,BC_015,R09,4,HIBRIDO,CATEGORICAL,categorical,EXHAUSTIVE,READY_CATEGORICAL,agropecuaria e pesca | comercio e servicos | industria e transformacao,agropecuaria e pesca | comercio e servicos | industria e transformacao,NOT_SPECIFIED,MANUAL_PRODUCTION_REVIEW_280,MANUAL_ADJUDICATED,Agropecuária e pesca | Comércio e Serviços (Setor CNAE) | Indústria e Transformação,agropecuaria e pesca | comercio e servicos (setor cnae) | industria e transformacao,NONCONFORMING_VALUE,NONCONFORMING,comercio e servicos,comercio e servicos (setor cnae),Conteúdo categórico difere de F em item(s) não coberto(s) pela normalização congelada.,YES,B_B_NORMALIZATION_V1,CORRECT,PARTIAL,,CATEGORICAL
BC_015_R10.png,BC,BC_015,R10,4,HIBRIDO,CATEGORICAL,categorical,EXHAUSTIVE,READY_CATEGORICAL,agropecuaria e pesca | comercio e servicos | industria e transformacao,agropecuaria e pesca | comercio e servicos | industria e transformacao,NOT_SPECIFIED,MANUAL_PRODUCTION_REVIEW_280,MANUAL_ADJUDICATED,Agropecuária e pesca | Comércio e Serviços (Setor CNAE) | Indústria e Transformação,agropecuaria e pesca | comercio e servicos (setor cnae) | industria e transformacao,NONCONFORMING_VALUE,NONCONFORMING,comercio e servicos,comercio e servicos (setor cnae),Conteúdo categórico difere de F em item(s) não coberto(s) pela normalização congelada.,YES,B_B_NORMALIZATION_V1,CORRECT,PARTIAL,,CATEGORICAL
BC_016_R01.png,BC,BC_016,R01,6,HIBRIDO,CATEGORICAL,categorical,EXHAUSTIVE,READY_CATEGORICAL,agropecuaria e pesca | comercio e servicos | industria de transformacao,agropecuaria e pesca | comercio e servicos | industria de transformacao,NOT_SPECIFIED,MANUAL_PRODUCTION_REVIEW_280,MANUAL_ADJUDICATED,Agropecuária e pesca | Comércio e Serviços  | Indústria de Transformação,agropecuaria e pesca | comercio e servicos | industria de transformacao,NORMALIZED_EQUIVALENT,CONFORMING,,,Conteúdo categórico coincide com F após normalização congelada.,YES,B_B_NORMALIZATION_V1,CORRECT,PARTIAL,,CATEGORICAL
BC_016_R02.png,BC,BC_016,R02,6,HIBRIDO,CATEGORICAL,categorical,EXHAUSTIVE,READY_CATEGORICAL,agropecuaria e pesca | comercio e servicos | industria de transformacao,agropecuaria e pesca | comercio e servicos | industria de transformacao,NOT_SPECIFIED,MANUAL_PRODUCTION_REVIEW_280,MANUAL_ADJUDICATED,Agropecuária e Pesca | Comércio e Serviços | Indústria de Transformação,agropecuaria e pesca | comercio e servicos | industria de transformacao,NORMALIZED_EQUIVALENT,CONFORMING,,,Conteúdo categórico coincide com F após normalização congelada.,YES,B_B_NORMALIZATION_V1,CORRECT,WRONG,rótulo inclinado,CATEGORICAL
BC_016_R03.png,BC,BC_016,R03,6,HIBRIDO,CATEGORICAL,categorical,EXHAUSTIVE,READY_CATEGORICAL,agropecuaria e pesca | comercio e servicos | industria de transformacao,agropecuaria e pesca | comercio e servicos | industria de transformacao,NOT_SPECIFIED,MANUAL_PRODUCTION_REVIEW_280,MANUAL_ADJUDICATED,Agropecuária e pesca | Comércio e Serviços | Indústria de Transformação,agropecuaria e pesca | comercio e servicos | industria de transformacao,NORMALIZED_EQUIVALENT,CONFORMING,,,Conteúdo categórico coincide com F após normalização congelada.,YES,B_B_NORMALIZATION_V1,CORRECT,WRONG,rótulo inclinado,CATEGORICAL
BC_016_R04.png,BC,BC_016,R04,6,HIBRIDO,CATEGORICAL,categorical,EXHAUSTIVE,READY_CATEGORICAL,agropecuaria e pesca | comercio e servicos | industria de transformacao,agropecuaria e pesca | comercio e servicos | industria de transformacao,NOT_SPECIFIED,MANUAL_PRODUCTION_REVIEW_280,MANUAL_ADJUDICATED,Agropecuária e pesca | Comércio e Serviços | Indústria de Transformação,agropecuaria e pesca | comercio e servicos | industria de transformacao,NORMALIZED_EQUIVALENT,CONFORMING,,,Conteúdo categórico coincide com F após normalização congelada.,YES,B_B_NORMALIZATION_V1,CORRECT,WRONG,rótulo inclinado,CATEGORICAL
BC_016_R05.png,BC,BC_016,R05,6,HIBRIDO,CATEGORICAL,categorical,EXHAUSTIVE,READY_CATEGORICAL,agropecuaria e pesca | comercio e servicos | industria de transformacao,agropecuaria e pesca | comercio e servicos | industria de transformacao,NOT_SPECIFIED,MANUAL_PRODUCTION_REVIEW_280,MANUAL_ADJUDICATED,Agropecuária e pesca | Comércio e Serviços | Indústria de Transformação,agropecuaria e pesca | comercio e servicos | industria de transformacao,NORMALIZED_EQUIVALENT,CONFORMING,,,Conteúdo categórico coincide com F após normalização congelada.,YES,B_B_NORMALIZATION_V1,CORRECT,WRONG,rótulo inclinado,CATEGORICAL
BC_016_R06.png,BC,BC_016,R06,6,HIBRIDO,CATEGORICAL,categorical,EXHAUSTIVE,READY_CATEGORICAL,agropecuaria e pesca | comercio e servicos | industria de transformacao,agropecuaria e pesca | comercio e servicos | industria de transformacao,NOT_SPECIFIED,MANUAL_PRODUCTION_REVIEW_280,MANUAL_ADJUDICATED,Agropecuária e pesca | Comércio e Serviços | Indústria de Transformação,agropecuaria e pesca | comercio e servicos | industria de transformacao,NORMALIZED_EQUIVALENT,CONFORMING,,,Conteúdo categórico coincide com F após normalização congelada.,YES,B_B_NORMALIZATION_V1,CORRECT,WRONG,rótulo inclinado,CATEGORICAL
BC_016_R07.png,BC,BC_016,R07,6,HIBRIDO,CATEGORICAL,categorical,EXHAUSTIVE,READY_CATEGORICAL,agropecuaria e pesca | comercio e servicos | industria de transformacao,agropecuaria e pesca | comercio e servicos | industria de transformacao,NOT_SPECIFIED,MANUAL_PRODUCTION_REVIEW_280,MANUAL_ADJUDICATED,Agropecuária e pesca | Comércio e Serviços | Indústria e Transformação,agropecuaria e pesca | comercio e servicos | industria e transformacao,NONCONFORMING_VALUE,NONCONFORMING,industria de transformacao,industria e transformacao,Conteúdo categórico difere de F em item(s) não coberto(s) pela normalização congelada.,YES,B_B_NORMALIZATION_V1,CORRECT,EQUIVALENT,,CATEGORICAL
BC_016_R08.png,BC,BC_016,R08,6,HIBRIDO,CATEGORICAL,categorical,EXHAUSTIVE,READY_CATEGORICAL,agropecuaria e pesca | comercio e servicos | industria de transformacao,agropecuaria e pesca | comercio e servicos | industria de transformacao,NOT_SPECIFIED,MANUAL_PRODUCTION_REVIEW_280,MANUAL_ADJUDICATED,Agropecuária e pesca | Comércio e Serviços | Indústria e Transformação,agropecuaria e pesca | comercio e servicos | industria e transformacao,NONCONFORMING_VALUE,NONCONFORMING,industria de transformacao,industria e transformacao,Conteúdo categórico difere de F em item(s) não coberto(s) pela normalização congelada.,YES,B_B_NORMALIZATION_V1,CORRECT,EQUIVALENT,,CATEGORICAL
BC_016_R09.png,BC,BC_016,R09,6,HIBRIDO,CATEGORICAL,categorical,EXHAUSTIVE,READY_CATEGORICAL,agropecuaria e pesca | comercio e servicos | industria de transformacao,agropecuaria e pesca | comercio e servicos | industria de transformacao,NOT_SPECIFIED,MANUAL_PRODUCTION_REVIEW_280,MANUAL_ADJUDICATED,Agropecuária e pesca | Comércio e Serviços | Indústria de Transformação,agropecuaria e pesca | comercio e servicos | industria de transformacao,NORMALIZED_EQUIVALENT,CONFORMING,,,Conteúdo categórico coincide com F após normalização congelada.,YES,B_B_NORMALIZATION_V1,CORRECT,EQUIVALENT,,CATEGORICAL
BC_016_R10.png,BC,BC_016,R10,6,HIBRIDO,CATEGORICAL,categorical,EXHAUSTIVE,READY_CATEGORICAL,agropecuaria e pesca | comercio e servicos | industria de transformacao,agropecuaria e pesca | comercio e servicos | industria de transformacao,NOT_SPECIFIED,MANUAL_PRODUCTION_REVIEW_280,MANUAL_ADJUDICATED,Agropecuária e pesca | Comércio e Serviços | Indústria de Transformação,agropecuaria e pesca | comercio e servicos | industria de transformacao,NORMALIZED_EQUIVALENT,CONFORMING,,,Conteúdo categórico coincide com F após normalização congelada.,YES,B_B_NORMALIZATION_V1,CORRECT,EQUIVALENT,,CATEGORICAL
BC_025_R01.png,BC,BC_025,R01,15,HIBRIDO,CATEGORICAL,categorical,EXHAUSTIVE,READY_CATEGORICAL,agropecuaria e pesca | comercio e servicos | industria de transformacao,agropecuaria e pesca | comercio e servicos | industria de transformacao,NOT_SPECIFIED,MANUAL_PRODUCTION_REVIEW_280,MANUAL_ADJUDICATED,Agropecuária e pesca | Comércio e Serviços | Indústria de Transformação,agropecuaria e pesca | comercio e servicos | industria de transformacao,NORMALIZED_EQUIVALENT,CONFORMING,,,Conteúdo categórico coincide com F após normalização congelada.,YES,B_B_NORMALIZATION_V1,CORRECT,EQUIVALENT,,CATEGORICAL
BC_025_R02.png,BC,BC_025,R02,15,HIBRIDO,CATEGORICAL,categorical,EXHAUSTIVE,READY_CATEGORICAL,agropecuaria e pesca | comercio e servicos | industria de transformacao,agropecuaria e pesca | comercio e servicos | industria de transformacao,NOT_SPECIFIED,MANUAL_PRODUCTION_REVIEW_280,MANUAL_ADJUDICATED,Agropecuária e pesca | Comércio e Serviços | Indústria de Transformação,agropecuaria e pesca | comercio e servicos | industria de transformacao,NORMALIZED_EQUIVALENT,CONFORMING,,,Conteúdo categórico coincide com F após normalização congelada.,YES,B_B_NORMALIZATION_V1,CORRECT,EQUIVALENT,,CATEGORICAL
BC_025_R03.png,BC,BC_025,R03,15,HIBRIDO,CATEGORICAL,categorical,EXHAUSTIVE,READY_CATEGORICAL,agropecuaria e pesca | comercio e servicos | industria de transformacao,agropecuaria e pesca | comercio e servicos | industria de transformacao,NOT_SPECIFIED,MANUAL_PRODUCTION_REVIEW_280,MANUAL_ADJUDICATED,Agropecuária e pesca | Comércio e Serviços | Indústria de Transformação,agropecuaria e pesca | comercio e servicos | industria de transformacao,NORMALIZED_EQUIVALENT,CONFORMING,,,Conteúdo categórico coincide com F após normalização congelada.,YES,B_B_NORMALIZATION_V1,CORRECT,EQUIVALENT,,CATEGORICAL
BC_025_R04.png,BC,BC_025,R04,15,HIBRIDO,CATEGORICAL,categorical,EXHAUSTIVE,READY_CATEGORICAL,agropecuaria e pesca | comercio e servicos | industria de transformacao,agropecuaria e pesca | comercio e servicos | industria de transformacao,NOT_SPECIFIED,MANUAL_PRODUCTION_REVIEW_280,MANUAL_ADJUDICATED,Agropecuária e pesca | Comércio e Serviços | Indústria de Transformação,agropecuaria e pesca | comercio e servicos | industria de transformacao,NORMALIZED_EQUIVALENT,CONFORMING,,,Conteúdo categórico coincide com F após normalização congelada.,YES,B_B_NORMALIZATION_V1,CORRECT,EQUIVALENT,,CATEGORICAL
BC_025_R05.png,BC,BC_025,R05,15,HIBRIDO,CATEGORICAL,categorical,EXHAUSTIVE,READY_CATEGORICAL,agropecuaria e pesca | comercio e servicos | industria de transformacao,agropecuaria e pesca | comercio e servicos | industria de transformacao,NOT_SPECIFIED,MANUAL_PRODUCTION_REVIEW_280,MANUAL_ADJUDICATED,Agropecuária e pesca | Comércio e Serviços | Indústria de Transformação,agropecuaria e pesca | comercio e servicos | industria de transformacao,NORMALIZED_EQUIVALENT,CONFORMING,,,Conteúdo categórico coincide com F após normalização congelada.,YES,B_B_NORMALIZATION_V1,CORRECT,EQUIVALENT,,CATEGORICAL
BC_025_R06.png,BC,BC_025,R06,15,HIBRIDO,CATEGORICAL,categorical,EXHAUSTIVE,READY_CATEGORICAL,agropecuaria e pesca | comercio e servicos | industria de transformacao,agropecuaria e pesca | comercio e servicos | industria de transformacao,NOT_SPECIFIED,MANUAL_PRODUCTION_REVIEW_280,MANUAL_ADJUDICATED,Agropecuária e pesca | Comércio e Serviços | Indústria de Transformação,agropecuaria e pesca | comercio e servicos | industria de transformacao,NORMALIZED_EQUIVALENT,CONFORMING,,,Conteúdo categórico coincide com F após normalização congelada.,YES,B_B_NORMALIZATION_V1,CORRECT,EQUIVALENT,,CATEGORICAL
BC_025_R07.png,BC,BC_025,R07,15,HIBRIDO,CATEGORICAL,categorical,EXHAUSTIVE,READY_CATEGORICAL,agropecuaria e pesca | comercio e servicos | industria de transformacao,agropecuaria e pesca | comercio e servicos | industria de transformacao,NOT_SPECIFIED,MANUAL_PRODUCTION_REVIEW_280,MANUAL_ADJUDICATED,Agropecuária e pesca | Comércio e Serviços | Indústria de Transformação,agropecuaria e pesca | comercio e servicos | industria de transformacao,NORMALIZED_EQUIVALENT,CONFORMING,,,Conteúdo categórico coincide com F após normalização congelada.,YES,B_B_NORMALIZATION_V1,CORRECT,EQUIVALENT,,CATEGORICAL
BC_025_R08.png,BC,BC_025,R08,15,HIBRIDO,CATEGORICAL,categorical,EXHAUSTIVE,READY_CATEGORICAL,agropecuaria e pesca | comercio e servicos | industria de transformacao,agropecuaria e pesca | comercio e servicos | industria de transformacao,NOT_SPECIFIED,MANUAL_PRODUCTION_REVIEW_280,MANUAL_ADJUDICATED,Agropecuária e pesca | Comércio e Serviços | Indústria de Transformação,agropecuaria e pesca | comercio e servicos | industria de transformacao,NORMALIZED_EQUIVALENT,CONFORMING,,,Conteúdo categórico coincide com F após normalização congelada.,YES,B_B_NORMALIZATION_V1,CORRECT,EQUIVALENT,,CATEGORICAL
BC_025_R09.png,BC,BC_025,R09,15,HIBRIDO,CATEGORICAL,categorical,EXHAUSTIVE,READY_CATEGORICAL,agropecuaria e pesca | comercio e servicos | industria de transformacao,agropecuaria e pesca | comercio e servicos | industria de transformacao,NOT_SPECIFIED,MANUAL_PRODUCTION_REVIEW_280,MANUAL_ADJUDICATED,Agropecuária e pesca | Comércio e Serviços | Indústria de Transformação,agropecuaria e pesca | comercio e servicos | industria de transformacao,NORMALIZED_EQUIVALENT,CONFORMING,,,Conteúdo categórico coincide com F após normalização congelada.,YES,B_B_NORMALIZATION_V1,CORRECT,EQUIVALENT,,CATEGORICAL
BC_025_R10.png,BC,BC_025,R10,15,HIBRIDO,CATEGORICAL,categorical,EXHAUSTIVE,READY_CATEGORICAL,agropecuaria e pesca | comercio e servicos | industria de transformacao,agropecuaria e pesca | comercio e servicos | industria de transformacao,NOT_SPECIFIED,MANUAL_PRODUCTION_REVIEW_280,MANUAL_ADJUDICATED,Agropecuária e pesca | Comércio e Serviços | Indústria de Transformação,agropecuaria e pesca | comercio e servicos | industria de transformacao,NORMALIZED_EQUIVALENT,CONFORMING,,,Conteúdo categórico coincide com F após normalização congelada.,YES,B_B_NORMALIZATION_V1,CORRECT,EQUIVALENT,,CATEGORICAL
BC_028_R01.png,BC,BC_028,R01,4,VQL,CATEGORICAL,categorical,EXHAUSTIVE,READY_CATEGORICAL,agropecuaria e pesca | comercio e servicos | industria e transformacao,agropecuaria e pesca | comercio e servicos | industria e transformacao,NOT_SPECIFIED,MANUAL_PRODUCTION_REVIEW_280,MANUAL_ADJUDICATED,Agropecuária e pesca | Comércio e Serviços (Setor CNAE) | Indústria e Transformação,agropecuaria e pesca | comercio e servicos (setor cnae) | industria e transformacao,NONCONFORMING_VALUE,NONCONFORMING,comercio e servicos,comercio e servicos (setor cnae),Conteúdo categórico difere de F em item(s) não coberto(s) pela normalização congelada.,YES,B_B_NORMALIZATION_V1,CORRECT,EQUIVALENT,,CATEGORICAL
BC_028_R02.png,BC,BC_028,R02,4,VQL,CATEGORICAL,categorical,EXHAUSTIVE,READY_CATEGORICAL,agropecuaria e pesca | comercio e servicos | industria e transformacao,agropecuaria e pesca | comercio e servicos | industria e transformacao,NOT_SPECIFIED,MANUAL_PRODUCTION_REVIEW_280,MANUAL_ADJUDICATED,Agropecuária e pesca | Comércio e Serviços (Setor CNAE) | Indústria e Transformação,agropecuaria e pesca | comercio e servicos (setor cnae) | industria e transformacao,NONCONFORMING_VALUE,NONCONFORMING,comercio e servicos,comercio e servicos (setor cnae),Conteúdo categórico difere de F em item(s) não coberto(s) pela normalização congelada.,YES,B_B_NORMALIZATION_V1,CORRECT,PARTIAL,,CATEGORICAL
BC_028_R03.png,BC,BC_028,R03,4,VQL,CATEGORICAL,categorical,EXHAUSTIVE,READY_CATEGORICAL,agropecuaria e pesca | comercio e servicos | industria e transformacao,agropecuaria e pesca | comercio e servicos | industria e transformacao,NOT_SPECIFIED,MANUAL_PRODUCTION_REVIEW_280,MANUAL_ADJUDICATED,Agropecuária e pesca | Comércio e Serviços (Setor CNAE) | Indústria e Transformação,agropecuaria e pesca | comercio e servicos (setor cnae) | industria e transformacao,NONCONFORMING_VALUE,NONCONFORMING,comercio e servicos,comercio e servicos (setor cnae),Conteúdo categórico difere de F em item(s) não coberto(s) pela normalização congelada.,YES,B_B_NORMALIZATION_V1,CORRECT,PARTIAL,,CATEGORICAL
BC_028_R04.png,BC,BC_028,R04,4,VQL,CATEGORICAL,categorical,EXHAUSTIVE,READY_CATEGORICAL,agropecuaria e pesca | comercio e servicos | industria e transformacao,agropecuaria e pesca | comercio e servicos | industria e transformacao,NOT_SPECIFIED,MANUAL_PRODUCTION_REVIEW_280,MANUAL_ADJUDICATED,Agropecuária e pesca | Comércio e Serviços (Setor CNAE) | Indústria e Transformação,agropecuaria e pesca | comercio e servicos (setor cnae) | industria e transformacao,NONCONFORMING_VALUE,NONCONFORMING,comercio e servicos,comercio e servicos (setor cnae),Conteúdo categórico difere de F em item(s) não coberto(s) pela normalização congelada.,YES,B_B_NORMALIZATION_V1,CORRECT,PARTIAL,,CATEGORICAL
BC_028_R05.png,BC,BC_028,R05,4,VQL,CATEGORICAL,categorical,EXHAUSTIVE,READY_CATEGORICAL,agropecuaria e pesca | comercio e servicos | industria e transformacao,agropecuaria e pesca | comercio e servicos | industria e transformacao,NOT_SPECIFIED,MANUAL_PRODUCTION_REVIEW_280,MANUAL_ADJUDICATED,Agropecuária e pesca | Comércio e Serviços (Setor CNAE) | Indústria e Transformação,agropecuaria e pesca | comercio e servicos (setor cnae) | industria e transformacao,NONCONFORMING_VALUE,NONCONFORMING,comercio e servicos,comercio e servicos (setor cnae),Conteúdo categórico difere de F em item(s) não coberto(s) pela normalização congelada.,YES,B_B_NORMALIZATION_V1,CORRECT,PARTIAL,,CATEGORICAL
BC_028_R06.png,BC,BC_028,R06,4,VQL,CATEGORICAL,categorical,EXHAUSTIVE,READY_CATEGORICAL,agropecuaria e pesca | comercio e servicos | industria e transformacao,agropecuaria e pesca | comercio e servicos | industria e transformacao,NOT_SPECIFIED,MANUAL_PRODUCTION_REVIEW_280,MANUAL_ADJUDICATED,Agropecuária e pesca | Comércio e Serviços (Setor CNAE) | Indústria e Transformação,agropecuaria e pesca | comercio e servicos (setor cnae) | industria e transformacao,NONCONFORMING_VALUE,NONCONFORMING,comercio e servicos,comercio e servicos (setor cnae),Conteúdo categórico difere de F em item(s) não coberto(s) pela normalização congelada.,YES,B_B_NORMALIZATION_V1,CORRECT,PARTIAL,,CATEGORICAL
BC_028_R07.png,BC,BC_028,R07,4,VQL,CATEGORICAL,categorical,EXHAUSTIVE,READY_CATEGORICAL,agropecuaria e pesca | comercio e servicos | industria e transformacao,agropecuaria e pesca | comercio e servicos | industria e transformacao,NOT_SPECIFIED,MANUAL_PRODUCTION_REVIEW_280,MANUAL_ADJUDICATED,Agropecuária e pesca | Comércio e Serviços (Setor CNAE) | Indústria e Transformação,agropecuaria e pesca | comercio e servicos (setor cnae) | industria e transformacao,NONCONFORMING_VALUE,NONCONFORMING,comercio e servicos,comercio e servicos (setor cnae),Conteúdo categórico difere de F em item(s) não coberto(s) pela normalização congelada.,YES,B_B_NORMALIZATION_V1,CORRECT,PARTIAL,,CATEGORICAL
BC_028_R08.png,BC,BC_028,R08,4,VQL,CATEGORICAL,categorical,EXHAUSTIVE,READY_CATEGORICAL,agropecuaria e pesca | comercio e servicos | industria e transformacao,agropecuaria e pesca | comercio e servicos | industria e transformacao,NOT_SPECIFIED,MANUAL_PRODUCTION_REVIEW_280,MANUAL_ADJUDICATED,Agropecuária e pesca | Comércio e Serviços (Setor CNAE) | Indústria e Transformação,agropecuaria e pesca | comercio e servicos (setor cnae) | industria e transformacao,NONCONFORMING_VALUE,NONCONFORMING,comercio e servicos,comercio e servicos (setor cnae),Conteúdo categórico difere de F em item(s) não coberto(s) pela normalização congelada.,YES,B_B_NORMALIZATION_V1,CORRECT,PARTIAL,,CATEGORICAL
BC_028_R09.png,BC,BC_028,R09,4,VQL,CATEGORICAL,categorical,EXHAUSTIVE,READY_CATEGORICAL,agropecuaria e pesca | comercio e servicos | industria e transformacao,agropecuaria e pesca | comercio e servicos | industria e transformacao,NOT_SPECIFIED,MANUAL_PRODUCTION_REVIEW_280,MANUAL_ADJUDICATED,Agropecuária e pesca | Comércio e Serviços (Setor CNAE) | Indústria e Transformação,agropecuaria e pesca | comercio e servicos (setor cnae) | industria e transformacao,NONCONFORMING_VALUE,NONCONFORMING,comercio e servicos,comercio e servicos (setor cnae),Conteúdo categórico difere de F em item(s) não coberto(s) pela normalização congelada.,YES,B_B_NORMALIZATION_V1,CORRECT,PARTIAL,,CATEGORICAL
BC_028_R10.png,BC,BC_028,R10,4,VQL,CATEGORICAL,categorical,EXHAUSTIVE,READY_CATEGORICAL,agropecuaria e pesca | comercio e servicos | industria e transformacao,agropecuaria e pesca | comercio e servicos | industria e transformacao,NOT_SPECIFIED,MANUAL_PRODUCTION_REVIEW_280,MANUAL_ADJUDICATED,Agropecuária e pesca | Comércio e Serviços (Setor CNAE) | Indústria e Transformação,agropecuaria e pesca | comercio e servicos (setor cnae) | industria e transformacao,NONCONFORMING_VALUE,NONCONFORMING,comercio e servicos,comercio e servicos (setor cnae),Conteúdo categórico difere de F em item(s) não coberto(s) pela normalização congelada.,YES,B_B_NORMALIZATION_V1,CORRECT,PARTIAL,,CATEGORICAL
BC_029_R01.png,BC,BC_029,R01,6,VQL,CATEGORICAL,categorical,EXHAUSTIVE,READY_CATEGORICAL,agropecuaria e pesca | comercio e servicos | industria de transformacao,agropecuaria e pesca | comercio e servicos | industria de transformacao,NOT_SPECIFIED,MANUAL_PRODUCTION_REVIEW_280,MANUAL_ADJUDICATED,Agropecuária e pesca | Comércio e Serviços | Indústria de Transformação,agropecuaria e pesca | comercio e servicos | industria de transformacao,NORMALIZED_EQUIVALENT,CONFORMING,,,Conteúdo categórico coincide com F após normalização congelada.,YES,B_B_NORMALIZATION_V1,CORRECT,PARTIAL,,CATEGORICAL
BC_029_R02.png,BC,BC_029,R02,6,VQL,CATEGORICAL,categorical,EXHAUSTIVE,READY_CATEGORICAL,agropecuaria e pesca | comercio e servicos | industria de transformacao,agropecuaria e pesca | comercio e servicos | industria de transformacao,NOT_SPECIFIED,MANUAL_PRODUCTION_REVIEW_280,MANUAL_ADJUDICATED,Agropecuária e pesca | Comércio e Serviços | Indústria de Transformação,agropecuaria e pesca | comercio e servicos | industria de transformacao,NORMALIZED_EQUIVALENT,CONFORMING,,,Conteúdo categórico coincide com F após normalização congelada.,YES,B_B_NORMALIZATION_V1,CORRECT,PARTIAL,,CATEGORICAL
BC_029_R03.png,BC,BC_029,R03,6,VQL,CATEGORICAL,categorical,EXHAUSTIVE,READY_CATEGORICAL,agropecuaria e pesca | comercio e servicos | industria de transformacao,agropecuaria e pesca | comercio e servicos | industria de transformacao,NOT_SPECIFIED,MANUAL_PRODUCTION_REVIEW_280,MANUAL_ADJUDICATED,Agropecuária e pesca | Comércio e Serviços | Indústria de Transformação,agropecuaria e pesca | comercio e servicos | industria de transformacao,NORMALIZED_EQUIVALENT,CONFORMING,,,Conteúdo categórico coincide com F após normalização congelada.,YES,B_B_NORMALIZATION_V1,CORRECT,PARTIAL,,CATEGORICAL
BC_029_R04.png,BC,BC_029,R04,6,VQL,CATEGORICAL,categorical,EXHAUSTIVE,READY_CATEGORICAL,agropecuaria e pesca | comercio e servicos | industria de transformacao,agropecuaria e pesca | comercio e servicos | industria de transformacao,NOT_SPECIFIED,MANUAL_PRODUCTION_REVIEW_280,MANUAL_ADJUDICATED,Agropecuária e pesca | Comércio e Serviços | Indústria de Transformação,agropecuaria e pesca | comercio e servicos | industria de transformacao,NORMALIZED_EQUIVALENT,CONFORMING,,,Conteúdo categórico coincide com F após normalização congelada.,YES,B_B_NORMALIZATION_V1,CORRECT,PARTIAL,,CATEGORICAL
BC_029_R05.png,BC,BC_029,R05,6,VQL,CATEGORICAL,categorical,EXHAUSTIVE,READY_CATEGORICAL,agropecuaria e pesca | comercio e servicos | industria de transformacao,agropecuaria e pesca | comercio e servicos | industria de transformacao,NOT_SPECIFIED,MANUAL_PRODUCTION_REVIEW_280,MANUAL_ADJUDICATED,Agropecuária e pesca | Comércio e Serviços | Indústria de Transformação,agropecuaria e pesca | comercio e servicos | industria de transformacao,NORMALIZED_EQUIVALENT,CONFORMING,,,Conteúdo categórico coincide com F após normalização congelada.,YES,B_B_NORMALIZATION_V1,CORRECT,PARTIAL,,CATEGORICAL
BC_029_R06.png,BC,BC_029,R06,6,VQL,CATEGORICAL,categorical,EXHAUSTIVE,READY_CATEGORICAL,agropecuaria e pesca | comercio e servicos | industria de transformacao,agropecuaria e pesca | comercio e servicos | industria de transformacao,NOT_SPECIFIED,MANUAL_PRODUCTION_REVIEW_280,UNEVALUABLE,Agropecuária e pesca | Comércio e Serviços | Indústria de Transformação,agropecuaria e pesca | comercio e servicos | industria de transformacao,UNEVALUABLE,UNEVALUABLE,,,B-A manual foi marcado como UNEVALUABLE; não entra no denominador B-B.,NO,B_B_NORMALIZATION_V1,UNEVALUABLE,UNEVALUABLE,,CATEGORICAL
BC_029_R07.png,BC,BC_029,R07,6,VQL,CATEGORICAL,categorical,EXHAUSTIVE,READY_CATEGORICAL,agropecuaria e pesca | comercio e servicos | industria de transformacao,agropecuaria e pesca | comercio e servicos | industria de transformacao,NOT_SPECIFIED,MANUAL_PRODUCTION_REVIEW_280,MANUAL_ADJUDICATED,Agropecuária e pesca | Comércio e Serviços | Indústria de Transformação,agropecuaria e pesca | comercio e servicos | industria de transformacao,NORMALIZED_EQUIVALENT,CONFORMING,,,Conteúdo categórico coincide com F após normalização congelada.,YES,B_B_NORMALIZATION_V1,CORRECT,WRONG,,CATEGORICAL
BC_029_R08.png,BC,BC_029,R08,6,VQL,CATEGORICAL,categorical,EXHAUSTIVE,READY_CATEGORICAL,agropecuaria e pesca | comercio e servicos | industria de transformacao,agropecuaria e pesca | comercio e servicos | industria de transformacao,NOT_SPECIFIED,MANUAL_PRODUCTION_REVIEW_280,MANUAL_ADJUDICATED,Agropecuária e pesca | Comércio e Serviços | Indústria de Transformação,agropecuaria e pesca | comercio e servicos | industria de transformacao,NORMALIZED_EQUIVALENT,CONFORMING,,,Conteúdo categórico coincide com F após normalização congelada.,YES,B_B_NORMALIZATION_V1,CORRECT,PARTIAL,,CATEGORICAL
BC_029_R09.png,BC,BC_029,R09,6,VQL,CATEGORICAL,categorical,EXHAUSTIVE,READY_CATEGORICAL,agropecuaria e pesca | comercio e servicos | industria de transformacao,agropecuaria e pesca | comercio e servicos | industria de transformacao,NOT_SPECIFIED,MANUAL_PRODUCTION_REVIEW_280,MANUAL_ADJUDICATED,Agropecuária e pesca | Comércio e Serviços | Indústria de Transformação,agropecuaria e pesca | comercio e servicos | industria de transformacao,NORMALIZED_EQUIVALENT,CONFORMING,,,Conteúdo categórico coincide com F após normalização congelada.,YES,B_B_NORMALIZATION_V1,CORRECT,PARTIAL,,CATEGORICAL
BC_029_R10.png,BC,BC_029,R10,6,VQL,CATEGORICAL,categorical,EXHAUSTIVE,READY_CATEGORICAL,agropecuaria e pesca | comercio e servicos | industria de transformacao,agropecuaria e pesca | comercio e servicos | industria de transformacao,NOT_SPECIFIED,MANUAL_PRODUCTION_REVIEW_280,MANUAL_ADJUDICATED,Agropecuária e pesca | Comércio e Serviços | Indústria de Transformação,agropecuaria e pesca | comercio e servicos | industria de transformacao,NORMALIZED_EQUIVALENT,CONFORMING,,,Conteúdo categórico coincide com F após normalização congelada.,YES,B_B_NORMALIZATION_V1,CORRECT,PARTIAL,,CATEGORICAL
BC_038_R01.png,BC,BC_038,R01,15,VQL,CATEGORICAL,categorical,EXHAUSTIVE,READY_CATEGORICAL,agropecuaria e pesca | comercio e servicos | industria de transformacao,agropecuaria e pesca | comercio e servicos | industria de transformacao,NOT_SPECIFIED,MANUAL_PRODUCTION_REVIEW_280,UNEVALUABLE,Agropecuária e pesca,agropecuaria e pesca,UNEVALUABLE,UNEVALUABLE,,,B-A manual foi marcado como UNEVALUABLE; não entra no denominador B-B.,NO,B_B_NORMALIZATION_V1,UNEVALUABLE,UNEVALUABLE,,CATEGORICAL
BC_038_R02.png,BC,BC_038,R02,15,VQL,CATEGORICAL,categorical,EXHAUSTIVE,READY_CATEGORICAL,agropecuaria e pesca | comercio e servicos | industria de transformacao,agropecuaria e pesca | comercio e servicos | industria de transformacao,NOT_SPECIFIED,MANUAL_PRODUCTION_REVIEW_280,MANUAL_ADJUDICATED,Agropecuária e pesca | Comércio e Serviços | Indústria de Transformação,agropecuaria e pesca | comercio e servicos | industria de transformacao,NORMALIZED_EQUIVALENT,CONFORMING,,,Conteúdo categórico coincide com F após normalização congelada.,YES,B_B_NORMALIZATION_V1,CORRECT,EQUIVALENT,,CATEGORICAL
BC_038_R03.png,BC,BC_038,R03,15,VQL,CATEGORICAL,categorical,EXHAUSTIVE,READY_CATEGORICAL,agropecuaria e pesca | comercio e servicos | industria de transformacao,agropecuaria e pesca | comercio e servicos | industria de transformacao,NOT_SPECIFIED,MANUAL_PRODUCTION_REVIEW_280,MANUAL_ADJUDICATED,Agropecuária e pesca | Comércio e Serviços | Indústria de Transformação,agropecuaria e pesca | comercio e servicos | industria de transformacao,NORMALIZED_EQUIVALENT,CONFORMING,,,Conteúdo categórico coincide com F após normalização congelada.,YES,B_B_NORMALIZATION_V1,CORRECT,EQUIVALENT,,CATEGORICAL
BC_038_R04.png,BC,BC_038,R04,15,VQL,CATEGORICAL,categorical,EXHAUSTIVE,READY_CATEGORICAL,agropecuaria e pesca | comercio e servicos | industria de transformacao,agropecuaria e pesca | comercio e servicos | industria de transformacao,NOT_SPECIFIED,MANUAL_PRODUCTION_REVIEW_280,MANUAL_ADJUDICATED,Agropecuária e pesca | Comércio e Serviços | Indústria de Transformação,agropecuaria e pesca | comercio e servicos | industria de transformacao,NORMALIZED_EQUIVALENT,CONFORMING,,,Conteúdo categórico coincide com F após normalização congelada.,YES,B_B_NORMALIZATION_V1,CORRECT,EQUIVALENT,,CATEGORICAL
BC_038_R05.png,BC,BC_038,R05,15,VQL,CATEGORICAL,categorical,EXHAUSTIVE,READY_CATEGORICAL,agropecuaria e pesca | comercio e servicos | industria de transformacao,agropecuaria e pesca | comercio e servicos | industria de transformacao,NOT_SPECIFIED,MANUAL_PRODUCTION_REVIEW_280,MANUAL_ADJUDICATED,Agropecuária e pesca | Comércio e Serviços | Indústria de Transformação,agropecuaria e pesca | comercio e servicos | industria de transformacao,NORMALIZED_EQUIVALENT,CONFORMING,,,Conteúdo categórico coincide com F após normalização congelada.,YES,B_B_NORMALIZATION_V1,CORRECT,EQUIVALENT,,CATEGORICAL
BC_038_R06.png,BC,BC_038,R06,15,VQL,CATEGORICAL,categorical,EXHAUSTIVE,READY_CATEGORICAL,agropecuaria e pesca | comercio e servicos | industria de transformacao,agropecuaria e pesca | comercio e servicos | industria de transformacao,NOT_SPECIFIED,MANUAL_PRODUCTION_REVIEW_280,MANUAL_ADJUDICATED,Agropecuária e pesca | Comércio e Serviços | Indústria de Transformação,agropecuaria e pesca | comercio e servicos | industria de transformacao,NORMALIZED_EQUIVALENT,CONFORMING,,,Conteúdo categórico coincide com F após normalização congelada.,YES,B_B_NORMALIZATION_V1,CORRECT,EQUIVALENT,,CATEGORICAL
BC_038_R07.png,BC,BC_038,R07,15,VQL,CATEGORICAL,categorical,EXHAUSTIVE,READY_CATEGORICAL,agropecuaria e pesca | comercio e servicos | industria de transformacao,agropecuaria e pesca | comercio e servicos | industria de transformacao,NOT_SPECIFIED,MANUAL_PRODUCTION_REVIEW_280,MANUAL_ADJUDICATED,Agropecuária e pesca | Comércio e Serviços | Indústria de Transformação,agropecuaria e pesca | comercio e servicos | industria de transformacao,NORMALIZED_EQUIVALENT,CONFORMING,,,Conteúdo categórico coincide com F após normalização congelada.,YES,B_B_NORMALIZATION_V1,CORRECT,EQUIVALENT,,CATEGORICAL
BC_038_R08.png,BC,BC_038,R08,15,VQL,CATEGORICAL,categorical,EXHAUSTIVE,READY_CATEGORICAL,agropecuaria e pesca | comercio e servicos | industria de transformacao,agropecuaria e pesca | comercio e servicos | industria de transformacao,NOT_SPECIFIED,MANUAL_PRODUCTION_REVIEW_280,MANUAL_ADJUDICATED,Agropecuária e pesca | Comércio e Serviços | Indústria de Transformação,agropecuaria e pesca | comercio e servicos | industria de transformacao,NORMALIZED_EQUIVALENT,CONFORMING,,,Conteúdo categórico coincide com F após normalização congelada.,YES,B_B_NORMALIZATION_V1,CORRECT,EQUIVALENT,,CATEGORICAL
BC_038_R09.png,BC,BC_038,R09,15,VQL,CATEGORICAL,categorical,EXHAUSTIVE,READY_CATEGORICAL,agropecuaria e pesca | comercio e servicos | industria de transformacao,agropecuaria e pesca | comercio e servicos | industria de transformacao,NOT_SPECIFIED,MANUAL_PRODUCTION_REVIEW_280,MANUAL_ADJUDICATED,Agropecuária e pesca | Comércio e Serviços | Indústria de Transformação,agropecuaria e pesca | comercio e servicos | industria de transformacao,NORMALIZED_EQUIVALENT,CONFORMING,,,Conteúdo categórico coincide com F após normalização congelada.,YES,B_B_NORMALIZATION_V1,CORRECT,EQUIVALENT,,CATEGORICAL
BC_038_R10.png,BC,BC_038,R10,15,VQL,CATEGORICAL,categorical,EXHAUSTIVE,READY_CATEGORICAL,agropecuaria e pesca | comercio e servicos | industria de transformacao,agropecuaria e pesca | comercio e servicos | industria de transformacao,NOT_SPECIFIED,MANUAL_PRODUCTION_REVIEW_280,MANUAL_ADJUDICATED,Agropecuária e pesca | Comércio e Serviços | Indústria de Transformação,agropecuaria e pesca | comercio e servicos | industria de transformacao,NORMALIZED_EQUIVALENT,CONFORMING,,,Conteúdo categórico coincide com F após normalização congelada.,YES,B_B_NORMALIZATION_V1,CORRECT,EQUIVALENT,,CATEGORICAL
BC_041_R01.png,BC,BC_041,R01,4,ZERO-SHOT,CATEGORICAL,categorical,EXHAUSTIVE,READY_CATEGORICAL,agropecuaria e pesca | comercio e servicos | industria e transformacao,agropecuaria e pesca | comercio e servicos | industria e transformacao,NOT_SPECIFIED,MANUAL_PRODUCTION_REVIEW_280,MANUAL_ADJUDICATED,Agropecuária e pesca | Comércio e Serviços (Setor CNAE) | Indústria e Transformação,agropecuaria e pesca | comercio e servicos (setor cnae) | industria e transformacao,NONCONFORMING_VALUE,NONCONFORMING,comercio e servicos,comercio e servicos (setor cnae),Conteúdo categórico difere de F em item(s) não coberto(s) pela normalização congelada.,YES,B_B_NORMALIZATION_V1,CORRECT,EQUIVALENT,,CATEGORICAL
BC_041_R02.png,BC,BC_041,R02,4,ZERO-SHOT,CATEGORICAL,categorical,EXHAUSTIVE,READY_CATEGORICAL,agropecuaria e pesca | comercio e servicos | industria e transformacao,agropecuaria e pesca | comercio e servicos | industria e transformacao,NOT_SPECIFIED,MANUAL_PRODUCTION_REVIEW_280,MANUAL_ADJUDICATED,Agropecuária e pesca | Comércio e Serviços (Setor CNAE) | Indústria e Transformação,agropecuaria e pesca | comercio e servicos (setor cnae) | industria e transformacao,NONCONFORMING_VALUE,NONCONFORMING,comercio e servicos,comercio e servicos (setor cnae),Conteúdo categórico difere de F em item(s) não coberto(s) pela normalização congelada.,YES,B_B_NORMALIZATION_V1,CORRECT,PARTIAL,,CATEGORICAL
BC_041_R03.png,BC,BC_041,R03,4,ZERO-SHOT,CATEGORICAL,categorical,EXHAUSTIVE,READY_CATEGORICAL,agropecuaria e pesca | comercio e servicos | industria e transformacao,agropecuaria e pesca | comercio e servicos | industria e transformacao,NOT_SPECIFIED,MANUAL_PRODUCTION_REVIEW_280,UNEVALUABLE,Agropecuária e pesca | Comércio e Serviços (Setor CNAE) | Indústria e Transformação,agropecuaria e pesca | comercio e servicos (setor cnae) | industria e transformacao,UNEVALUABLE,UNEVALUABLE,,,B-A manual foi marcado como UNEVALUABLE; não entra no denominador B-B.,NO,B_B_NORMALIZATION_V1,UNEVALUABLE,UNEVALUABLE,,CATEGORICAL
BC_041_R04.png,BC,BC_041,R04,4,ZERO-SHOT,CATEGORICAL,categorical,EXHAUSTIVE,READY_CATEGORICAL,agropecuaria e pesca | comercio e servicos | industria e transformacao,agropecuaria e pesca | comercio e servicos | industria e transformacao,NOT_SPECIFIED,MANUAL_PRODUCTION_REVIEW_280,UNEVALUABLE,Agropecuária e pesca | Comércio e Serviços (Setor CNAE) | Indústria e Transformação,agropecuaria e pesca | comercio e servicos (setor cnae) | industria e transformacao,UNEVALUABLE,UNEVALUABLE,,,B-A manual foi marcado como UNEVALUABLE; não entra no denominador B-B.,NO,B_B_NORMALIZATION_V1,UNEVALUABLE,UNEVALUABLE,,CATEGORICAL
BC_041_R05.png,BC,BC_041,R05,4,ZERO-SHOT,CATEGORICAL,categorical,EXHAUSTIVE,READY_CATEGORICAL,agropecuaria e pesca | comercio e servicos | industria e transformacao,agropecuaria e pesca | comercio e servicos | industria e transformacao,NOT_SPECIFIED,MANUAL_PRODUCTION_REVIEW_280,MANUAL_ADJUDICATED,Agropecuária e pesca | Comércio e Serviços (Setor CNAE) | Indústria e Transformação,agropecuaria e pesca | comercio e servicos (setor cnae) | industria e transformacao,NONCONFORMING_VALUE,NONCONFORMING,comercio e servicos,comercio e servicos (setor cnae),Conteúdo categórico difere de F em item(s) não coberto(s) pela normalização congelada.,YES,B_B_NORMALIZATION_V1,CORRECT,PARTIAL,,CATEGORICAL
BC_041_R06.png,BC,BC_041,R06,4,ZERO-SHOT,CATEGORICAL,categorical,EXHAUSTIVE,READY_CATEGORICAL,agropecuaria e pesca | comercio e servicos | industria e transformacao,agropecuaria e pesca | comercio e servicos | industria e transformacao,NOT_SPECIFIED,MANUAL_PRODUCTION_REVIEW_280,MANUAL_ADJUDICATED,Agropecuária e pesca | Comércio e Serviços (Setor CNAE) | Indústria e Transformação,agropecuaria e pesca | comercio e servicos (setor cnae) | industria e transformacao,NONCONFORMING_VALUE,NONCONFORMING,comercio e servicos,comercio e servicos (setor cnae),Conteúdo categórico difere de F em item(s) não coberto(s) pela normalização congelada.,YES,B_B_NORMALIZATION_V1,CORRECT,PARTIAL,,CATEGORICAL
BC_041_R07.png,BC,BC_041,R07,4,ZERO-SHOT,CATEGORICAL,categorical,EXHAUSTIVE,READY_CATEGORICAL,agropecuaria e pesca | comercio e servicos | industria e transformacao,agropecuaria e pesca | comercio e servicos | industria e transformacao,NOT_SPECIFIED,MANUAL_PRODUCTION_REVIEW_280,MANUAL_ADJUDICATED,Agropecuária e pesca | Comércio e Serviços (Setor CNAE) | Indústria e Transformação,agropecuaria e pesca | comercio e servicos (setor cnae) | industria e transformacao,NONCONFORMING_VALUE,NONCONFORMING,comercio e servicos,comercio e servicos (setor cnae),Conteúdo categórico difere de F em item(s) não coberto(s) pela normalização congelada.,YES,B_B_NORMALIZATION_V1,CORRECT,PARTIAL,,CATEGORICAL
BC_041_R08.png,BC,BC_041,R08,4,ZERO-SHOT,CATEGORICAL,categorical,EXHAUSTIVE,READY_CATEGORICAL,agropecuaria e pesca | comercio e servicos | industria e transformacao,agropecuaria e pesca | comercio e servicos | industria e transformacao,NOT_SPECIFIED,MANUAL_PRODUCTION_REVIEW_280,MANUAL_ADJUDICATED,Agropecuária e pesca | Comércio e Serviços (Setor CNAE) | Indústria e Transformação,agropecuaria e pesca | comercio e servicos (setor cnae) | industria e transformacao,NONCONFORMING_VALUE,NONCONFORMING,comercio e servicos,comercio e servicos (setor cnae),Conteúdo categórico difere de F em item(s) não coberto(s) pela normalização congelada.,YES,B_B_NORMALIZATION_V1,CORRECT,PARTIAL,,CATEGORICAL
BC_041_R09.png,BC,BC_041,R09,4,ZERO-SHOT,CATEGORICAL,categorical,EXHAUSTIVE,READY_CATEGORICAL,agropecuaria e pesca | comercio e servicos | industria e transformacao,agropecuaria e pesca | comercio e servicos | industria e transformacao,NOT_SPECIFIED,MANUAL_PRODUCTION_REVIEW_280,MANUAL_ADJUDICATED,Agropecuária e pesca | Comércio e Serviços (Setor CNAE) | Indústria e Transformação,agropecuaria e pesca | comercio e servicos (setor cnae) | industria e transformacao,NONCONFORMING_VALUE,NONCONFORMING,comercio e servicos,comercio e servicos (setor cnae),Conteúdo categórico difere de F em item(s) não coberto(s) pela normalização congelada.,YES,B_B_NORMALIZATION_V1,CORRECT,PARTIAL,,CATEGORICAL
BC_041_R10.png,BC,BC_041,R10,4,ZERO-SHOT,CATEGORICAL,categorical,EXHAUSTIVE,READY_CATEGORICAL,agropecuaria e pesca | comercio e servicos | industria e transformacao,agropecuaria e pesca | comercio e servicos | industria e transformacao,NOT_SPECIFIED,MANUAL_PRODUCTION_REVIEW_280,MANUAL_ADJUDICATED,Agropecuária e pesca | Comércio e Serviços (Setor CNAE) | Indústria e Transformação,agropecuaria e pesca | comercio e servicos (setor cnae) | industria e transformacao,NONCONFORMING_VALUE,NONCONFORMING,comercio e servicos,comercio e servicos (setor cnae),Conteúdo categórico difere de F em item(s) não coberto(s) pela normalização congelada.,YES,B_B_NORMALIZATION_V1,CORRECT,PARTIAL,,CATEGORICAL
BC_042_R01.png,BC,BC_042,R01,6,ZERO-SHOT,CATEGORICAL,categorical,EXHAUSTIVE,READY_CATEGORICAL,agropecuaria e pesca | comercio e servicos | industria de transformacao,agropecuaria e pesca | comercio e servicos | industria de transformacao,NOT_SPECIFIED,MANUAL_PRODUCTION_REVIEW_280,MANUAL_ADJUDICATED,Agropecuária e pesca | Comércio e Serviços | Indústria de Transformação,agropecuaria e pesca | comercio e servicos | industria de transformacao,NORMALIZED_EQUIVALENT,CONFORMING,,,Conteúdo categórico coincide com F após normalização congelada.,YES,B_B_NORMALIZATION_V1,CORRECT,PARTIAL,,CATEGORICAL
BC_042_R02.png,BC,BC_042,R02,6,ZERO-SHOT,CATEGORICAL,categorical,EXHAUSTIVE,READY_CATEGORICAL,agropecuaria e pesca | comercio e servicos | industria de transformacao,agropecuaria e pesca | comercio e servicos | industria de transformacao,NOT_SPECIFIED,MANUAL_PRODUCTION_REVIEW_280,MANUAL_ADJUDICATED,Agropecuária e pesca | Comércio e Serviços | Indústria de Transformação,agropecuaria e pesca | comercio e servicos | industria de transformacao,NORMALIZED_EQUIVALENT,CONFORMING,,,Conteúdo categórico coincide com F após normalização congelada.,YES,B_B_NORMALIZATION_V1,CORRECT,EQUIVALENT,,CATEGORICAL
BC_042_R03.png,BC,BC_042,R03,6,ZERO-SHOT,CATEGORICAL,categorical,EXHAUSTIVE,READY_CATEGORICAL,agropecuaria e pesca | comercio e servicos | industria de transformacao,agropecuaria e pesca | comercio e servicos | industria de transformacao,NOT_SPECIFIED,MANUAL_PRODUCTION_REVIEW_280,MANUAL_ADJUDICATED,Agropecuária e pesca | Comércio e Serviços | Indústria de Transformação,agropecuaria e pesca | comercio e servicos | industria de transformacao,NORMALIZED_EQUIVALENT,CONFORMING,,,Conteúdo categórico coincide com F após normalização congelada.,YES,B_B_NORMALIZATION_V1,CORRECT,EQUIVALENT,,CATEGORICAL
BC_042_R04.png,BC,BC_042,R04,6,ZERO-SHOT,CATEGORICAL,categorical,EXHAUSTIVE,READY_CATEGORICAL,agropecuaria e pesca | comercio e servicos | industria de transformacao,agropecuaria e pesca | comercio e servicos | industria de transformacao,NOT_SPECIFIED,MANUAL_PRODUCTION_REVIEW_280,MANUAL_ADJUDICATED,Agropecuária e pesca | Comércio e Serviços | Indústria de Transformação,agropecuaria e pesca | comercio e servicos | industria de transformacao,NORMALIZED_EQUIVALENT,CONFORMING,,,Conteúdo categórico coincide com F após normalização congelada.,YES,B_B_NORMALIZATION_V1,CORRECT,EQUIVALENT,,CATEGORICAL
BC_042_R05.png,BC,BC_042,R05,6,ZERO-SHOT,CATEGORICAL,categorical,EXHAUSTIVE,READY_CATEGORICAL,agropecuaria e pesca | comercio e servicos | industria de transformacao,agropecuaria e pesca | comercio e servicos | industria de transformacao,NOT_SPECIFIED,MANUAL_PRODUCTION_REVIEW_280,UNEVALUABLE,Agropecuária e pesca | Comércio e Serviços | Indústria de Transformação,agropecuaria e pesca | comercio e servicos | industria de transformacao,UNEVALUABLE,UNEVALUABLE,,,B-A manual foi marcado como UNEVALUABLE; não entra no denominador B-B.,NO,B_B_NORMALIZATION_V1,UNEVALUABLE,UNEVALUABLE,,CATEGORICAL
BC_042_R06.png,BC,BC_042,R06,6,ZERO-SHOT,CATEGORICAL,categorical,EXHAUSTIVE,READY_CATEGORICAL,agropecuaria e pesca | comercio e servicos | industria de transformacao,agropecuaria e pesca | comercio e servicos | industria de transformacao,NOT_SPECIFIED,MANUAL_PRODUCTION_REVIEW_280,MANUAL_ADJUDICATED,Agropecuária e pesca | Comércio e Serviços (Setor CNAE) | Indústria de Transformação,agropecuaria e pesca | comercio e servicos (setor cnae) | industria de transformacao,NONCONFORMING_VALUE,NONCONFORMING,comercio e servicos,comercio e servicos (setor cnae),Conteúdo categórico difere de F em item(s) não coberto(s) pela normalização congelada.,YES,B_B_NORMALIZATION_V1,CORRECT,EQUIVALENT,,CATEGORICAL
BC_042_R07.png,BC,BC_042,R07,6,ZERO-SHOT,CATEGORICAL,categorical,EXHAUSTIVE,READY_CATEGORICAL,agropecuaria e pesca | comercio e servicos | industria de transformacao,agropecuaria e pesca | comercio e servicos | industria de transformacao,NOT_SPECIFIED,MANUAL_PRODUCTION_REVIEW_280,MANUAL_ADJUDICATED,Agropecuária e pesca | Comércio e Serviços | Indústria de Transformação,agropecuaria e pesca | comercio e servicos | industria de transformacao,NORMALIZED_EQUIVALENT,CONFORMING,,,Conteúdo categórico coincide com F após normalização congelada.,YES,B_B_NORMALIZATION_V1,CORRECT,EQUIVALENT,,CATEGORICAL
BC_042_R08.png,BC,BC_042,R08,6,ZERO-SHOT,CATEGORICAL,categorical,EXHAUSTIVE,READY_CATEGORICAL,agropecuaria e pesca | comercio e servicos | industria de transformacao,agropecuaria e pesca | comercio e servicos | industria de transformacao,NOT_SPECIFIED,MANUAL_PRODUCTION_REVIEW_280,MANUAL_ADJUDICATED,Agropecuária e pesca | Comércio e Serviços | Indústria de Transformação,agropecuaria e pesca | comercio e servicos | industria de transformacao,NORMALIZED_EQUIVALENT,CONFORMING,,,Conteúdo categórico coincide com F após normalização congelada.,YES,B_B_NORMALIZATION_V1,CORRECT,EQUIVALENT,,CATEGORICAL
BC_042_R09.png,BC,BC_042,R09,6,ZERO-SHOT,CATEGORICAL,categorical,EXHAUSTIVE,READY_CATEGORICAL,agropecuaria e pesca | comercio e servicos | industria de transformacao,agropecuaria e pesca | comercio e servicos | industria de transformacao,NOT_SPECIFIED,MANUAL_PRODUCTION_REVIEW_280,MANUAL_ADJUDICATED,Agropecuária e pesca | Comércio e Serviços | Indústria de Transformação,agropecuaria e pesca | comercio e servicos | industria de transformacao,NORMALIZED_EQUIVALENT,CONFORMING,,,Conteúdo categórico coincide com F após normalização congelada.,YES,B_B_NORMALIZATION_V1,CORRECT,EQUIVALENT,,CATEGORICAL
BC_042_R10.png,BC,BC_042,R10,6,ZERO-SHOT,CATEGORICAL,categorical,EXHAUSTIVE,READY_CATEGORICAL,agropecuaria e pesca | comercio e servicos | industria de transformacao,agropecuaria e pesca | comercio e servicos | industria de transformacao,NOT_SPECIFIED,MANUAL_PRODUCTION_REVIEW_280,MANUAL_ADJUDICATED,Agropecuária e pesca | Comércio e Serviços | Indústria de Transformação,agropecuaria e pesca | comercio e servicos | industria de transformacao,NORMALIZED_EQUIVALENT,CONFORMING,,,Conteúdo categórico coincide com F após normalização congelada.,YES,B_B_NORMALIZATION_V1,CORRECT,PARTIAL,,CATEGORICAL
BC_051_R01.png,BC,BC_051,R01,15,ZERO-SHOT,CATEGORICAL,categorical,EXHAUSTIVE,READY_CATEGORICAL,agropecuaria e pesca | comercio e servicos | industria de transformacao,agropecuaria e pesca | comercio e servicos | industria de transformacao,NOT_SPECIFIED,MANUAL_PRODUCTION_REVIEW_280,MANUAL_ADJUDICATED,Agropecuária e pesca | Comércio e Serviços (Setor CNAE) | Indústria de Transformação,agropecuaria e pesca | comercio e servicos (setor cnae) | industria de transformacao,NONCONFORMING_VALUE,NONCONFORMING,comercio e servicos,comercio e servicos (setor cnae),Conteúdo categórico difere de F em item(s) não coberto(s) pela normalização congelada.,YES,B_B_NORMALIZATION_V1,CORRECT,PARTIAL,,CATEGORICAL
BC_051_R02.png,BC,BC_051,R02,15,ZERO-SHOT,CATEGORICAL,categorical,EXHAUSTIVE,READY_CATEGORICAL,agropecuaria e pesca | comercio e servicos | industria de transformacao,agropecuaria e pesca | comercio e servicos | industria de transformacao,NOT_SPECIFIED,MANUAL_PRODUCTION_REVIEW_280,MANUAL_ADJUDICATED,Agropecuária e pesca | Comércio e Serviços | Indústria de Transformação,agropecuaria e pesca | comercio e servicos | industria de transformacao,NORMALIZED_EQUIVALENT,CONFORMING,,,Conteúdo categórico coincide com F após normalização congelada.,YES,B_B_NORMALIZATION_V1,CORRECT,EQUIVALENT,,CATEGORICAL
BC_051_R03.png,BC,BC_051,R03,15,ZERO-SHOT,CATEGORICAL,categorical,EXHAUSTIVE,READY_CATEGORICAL,agropecuaria e pesca | comercio e servicos | industria de transformacao,agropecuaria e pesca | comercio e servicos | industria de transformacao,NOT_SPECIFIED,MANUAL_PRODUCTION_REVIEW_280,MANUAL_ADJUDICATED,Agropecuária e pesca | Comércio e Serviços | Indústria de Transformação,agropecuaria e pesca | comercio e servicos | industria de transformacao,NORMALIZED_EQUIVALENT,CONFORMING,,,Conteúdo categórico coincide com F após normalização congelada.,YES,B_B_NORMALIZATION_V1,CORRECT,WRONG,rótulo inclinado,CATEGORICAL
BC_051_R04.png,BC,BC_051,R04,15,ZERO-SHOT,CATEGORICAL,categorical,EXHAUSTIVE,READY_CATEGORICAL,agropecuaria e pesca | comercio e servicos | industria de transformacao,agropecuaria e pesca | comercio e servicos | industria de transformacao,NOT_SPECIFIED,MANUAL_PRODUCTION_REVIEW_280,MANUAL_ADJUDICATED,Agropecuária e pesca | Comércio e Serviços | Indústria de Transformação,agropecuaria e pesca | comercio e servicos | industria de transformacao,NORMALIZED_EQUIVALENT,CONFORMING,,,Conteúdo categórico coincide com F após normalização congelada.,YES,B_B_NORMALIZATION_V1,CORRECT,PARTIAL,rótulo inclinado,CATEGORICAL
BC_051_R05.png,BC,BC_051,R05,15,ZERO-SHOT,CATEGORICAL,categorical,EXHAUSTIVE,READY_CATEGORICAL,agropecuaria e pesca | comercio e servicos | industria de transformacao,agropecuaria e pesca | comercio e servicos | industria de transformacao,NOT_SPECIFIED,MANUAL_PRODUCTION_REVIEW_280,MANUAL_ADJUDICATED,Agropecuária e pesca | Comércio e Serviços | Indústria de Transformação,agropecuaria e pesca | comercio e servicos | industria de transformacao,NORMALIZED_EQUIVALENT,CONFORMING,,,Conteúdo categórico coincide com F após normalização congelada.,YES,B_B_NORMALIZATION_V1,CORRECT,PARTIAL,inclinado,CATEGORICAL
BC_051_R06.png,BC,BC_051,R06,15,ZERO-SHOT,CATEGORICAL,categorical,EXHAUSTIVE,READY_CATEGORICAL,agropecuaria e pesca | comercio e servicos | industria de transformacao,agropecuaria e pesca | comercio e servicos | industria de transformacao,NOT_SPECIFIED,MANUAL_PRODUCTION_REVIEW_280,MANUAL_ADJUDICATED,Agropecuária e pesca | Comércio e Serviços | Indústria de Transformação,agropecuaria e pesca | comercio e servicos | industria de transformacao,NORMALIZED_EQUIVALENT,CONFORMING,,,Conteúdo categórico coincide com F após normalização congelada.,YES,B_B_NORMALIZATION_V1,CORRECT,PARTIAL,inclinado,CATEGORICAL
BC_051_R07.png,BC,BC_051,R07,15,ZERO-SHOT,CATEGORICAL,categorical,EXHAUSTIVE,READY_CATEGORICAL,agropecuaria e pesca | comercio e servicos | industria de transformacao,agropecuaria e pesca | comercio e servicos | industria de transformacao,NOT_SPECIFIED,MANUAL_PRODUCTION_REVIEW_280,MANUAL_ADJUDICATED,Agropecuária e pesca | Comércio e Serviços | Indústria de Transformação,agropecuaria e pesca | comercio e servicos | industria de transformacao,NORMALIZED_EQUIVALENT,CONFORMING,,,Conteúdo categórico coincide com F após normalização congelada.,YES,B_B_NORMALIZATION_V1,CORRECT,EQUIVALENT,,CATEGORICAL
BC_051_R08.png,BC,BC_051,R08,15,ZERO-SHOT,CATEGORICAL,categorical,EXHAUSTIVE,READY_CATEGORICAL,agropecuaria e pesca | comercio e servicos | industria de transformacao,agropecuaria e pesca | comercio e servicos | industria de transformacao,NOT_SPECIFIED,MANUAL_PRODUCTION_REVIEW_280,MANUAL_ADJUDICATED,Agropecuária e pesca | Comércio e Serviços | Indústria de Transformação,agropecuaria e pesca | comercio e servicos | industria de transformacao,NORMALIZED_EQUIVALENT,CONFORMING,,,Conteúdo categórico coincide com F após normalização congelada.,YES,B_B_NORMALIZATION_V1,CORRECT,PARTIAL,inclinado,CATEGORICAL
BC_051_R09.png,BC,BC_051,R09,15,ZERO-SHOT,CATEGORICAL,categorical,EXHAUSTIVE,READY_CATEGORICAL,agropecuaria e pesca | comercio e servicos | industria de transformacao,agropecuaria e pesca | comercio e servicos | industria de transformacao,NOT_SPECIFIED,MANUAL_PRODUCTION_REVIEW_280,MANUAL_ADJUDICATED,Agropecuária e pesca | Comércio e Serviços | Indústria de Transformação,agropecuaria e pesca | comercio e servicos | industria de transformacao,NORMALIZED_EQUIVALENT,CONFORMING,,,Conteúdo categórico coincide com F após normalização congelada.,YES,B_B_NORMALIZATION_V1,CORRECT,WRONG,inclinado,CATEGORICAL
BC_051_R10.png,BC,BC_051,R10,15,ZERO-SHOT,CATEGORICAL,categorical,EXHAUSTIVE,READY_CATEGORICAL,agropecuaria e pesca | comercio e servicos | industria de transformacao,agropecuaria e pesca | comercio e servicos | industria de transformacao,NOT_SPECIFIED,MANUAL_PRODUCTION_REVIEW_280,MANUAL_ADJUDICATED,Agropecuária e pesca | Comércio e Serviços | Indústria de Transformação,agropecuaria e pesca | comercio e servicos | industria de transformacao,NORMALIZED_EQUIVALENT,CONFORMING,,,Conteúdo categórico coincide com F após normalização congelada.,YES,B_B_NORMALIZATION_V1,CORRECT,PARTIAL,,CATEGORICAL
BI_001_R01.png,BI,BI_001,R01,1,FEW-SHOT,CATEGORICAL,categorical,EXHAUSTIVE,READY_CATEGORICAL,infra-estrutura | comercio/servicos | industria | agropecuaria,infraestrutura | comercio e servicos | industria | agropecuaria,NOT_SPECIFIED,MANUAL_PRODUCTION_REVIEW_280,MANUAL_ADJUDICATED,Infra-estrutura | Comércio/Serviços | Indústria | Agropecuária,infraestrutura | comercio e servicos | industria | agropecuaria,NORMALIZED_EQUIVALENT,CONFORMING,,,Conteúdo categórico coincide com F após normalização congelada.,YES,B_B_NORMALIZATION_V1,CORRECT,PARTIAL,,CATEGORICAL
BI_001_R02.png,BI,BI_001,R02,1,FEW-SHOT,CATEGORICAL,categorical,EXHAUSTIVE,READY_CATEGORICAL,infra-estrutura | comercio/servicos | industria | agropecuaria,infraestrutura | comercio e servicos | industria | agropecuaria,NOT_SPECIFIED,MANUAL_PRODUCTION_REVIEW_280,UNEVALUABLE,Infra-estrutura | Comércio/Serviços | Indústria | Agropecuária,infraestrutura | comercio e servicos | industria | agropecuaria,UNEVALUABLE,UNEVALUABLE,,,B-A manual foi marcado como UNEVALUABLE; não entra no denominador B-B.,NO,B_B_NORMALIZATION_V1,CORRECT,UNEVALUABLE,inclinado,CATEGORICAL
BI_001_R03.png,BI,BI_001,R03,1,FEW-SHOT,CATEGORICAL,categorical,EXHAUSTIVE,READY_CATEGORICAL,infra-estrutura | comercio/servicos | industria | agropecuaria,infraestrutura | comercio e servicos | industria | agropecuaria,NOT_SPECIFIED,MANUAL_PRODUCTION_REVIEW_280,MANUAL_ADJUDICATED,Infra-estrutura | Comércio/Serviços | Indústria | Agropecuária,infraestrutura | comercio e servicos | industria | agropecuaria,NORMALIZED_EQUIVALENT,CONFORMING,,,Conteúdo categórico coincide com F após normalização congelada.,YES,B_B_NORMALIZATION_V1,CORRECT,PARTIAL,,CATEGORICAL
BI_001_R04.png,BI,BI_001,R04,1,FEW-SHOT,CATEGORICAL,categorical,EXHAUSTIVE,READY_CATEGORICAL,infra-estrutura | comercio/servicos | industria | agropecuaria,infraestrutura | comercio e servicos | industria | agropecuaria,NOT_SPECIFIED,MANUAL_PRODUCTION_REVIEW_280,MANUAL_ADJUDICATED,Infra-estrutura | Comércio/Serviços | Indústria | Agropecuária,infraestrutura | comercio e servicos | industria | agropecuaria,NORMALIZED_EQUIVALENT,CONFORMING,,,Conteúdo categórico coincide com F após normalização congelada.,YES,B_B_NORMALIZATION_V1,CORRECT,PARTIAL,inclinado,CATEGORICAL
BI_001_R05.png,BI,BI_001,R05,1,FEW-SHOT,CATEGORICAL,categorical,EXHAUSTIVE,READY_CATEGORICAL,infra-estrutura | comercio/servicos | industria | agropecuaria,infraestrutura | comercio e servicos | industria | agropecuaria,NOT_SPECIFIED,MANUAL_PRODUCTION_REVIEW_280,MANUAL_ADJUDICATED,Infra-estrutura | Comércio/Serviços | Indústria | Agropecuária,infraestrutura | comercio e servicos | industria | agropecuaria,NORMALIZED_EQUIVALENT,CONFORMING,,,Conteúdo categórico coincide com F após normalização congelada.,YES,B_B_NORMALIZATION_V1,CORRECT,PARTIAL,,CATEGORICAL
BI_001_R06.png,BI,BI_001,R06,1,FEW-SHOT,CATEGORICAL,categorical,EXHAUSTIVE,READY_CATEGORICAL,infra-estrutura | comercio/servicos | industria | agropecuaria,infraestrutura | comercio e servicos | industria | agropecuaria,NOT_SPECIFIED,MANUAL_PRODUCTION_REVIEW_280,UNEVALUABLE,Infra-estrutura | Comércio/Serviços | Indústria | Agropecuária,infraestrutura | comercio e servicos | industria | agropecuaria,UNEVALUABLE,UNEVALUABLE,,,B-A manual foi marcado como UNEVALUABLE; não entra no denominador B-B.,NO,B_B_NORMALIZATION_V1,UNEVALUABLE,UNEVALUABLE,,CATEGORICAL
BI_001_R07.png,BI,BI_001,R07,1,FEW-SHOT,CATEGORICAL,categorical,EXHAUSTIVE,READY_CATEGORICAL,infra-estrutura | comercio/servicos | industria | agropecuaria,infraestrutura | comercio e servicos | industria | agropecuaria,NOT_SPECIFIED,MANUAL_PRODUCTION_REVIEW_280,MANUAL_ADJUDICATED,Infra-estrutura | Comércio/Serviços | Indústria | Agropecuária,infraestrutura | comercio e servicos | industria | agropecuaria,NORMALIZED_EQUIVALENT,CONFORMING,,,Conteúdo categórico coincide com F após normalização congelada.,YES,B_B_NORMALIZATION_V1,CORRECT,WRONG,inclinado,CATEGORICAL
BI_001_R08.png,BI,BI_001,R08,1,FEW-SHOT,CATEGORICAL,categorical,EXHAUSTIVE,READY_CATEGORICAL,infra-estrutura | comercio/servicos | industria | agropecuaria,infraestrutura | comercio e servicos | industria | agropecuaria,NOT_SPECIFIED,MANUAL_PRODUCTION_REVIEW_280,MANUAL_ADJUDICATED,Infra-estrutura | Comércio/Serviços | Indústria | Agropecuária,infraestrutura | comercio e servicos | industria | agropecuaria,NORMALIZED_EQUIVALENT,CONFORMING,,,Conteúdo categórico coincide com F após normalização congelada.,YES,B_B_NORMALIZATION_V1,CORRECT,PARTIAL,,CATEGORICAL
BI_001_R09.png,BI,BI_001,R09,1,FEW-SHOT,CATEGORICAL,categorical,EXHAUSTIVE,READY_CATEGORICAL,infra-estrutura | comercio/servicos | industria | agropecuaria,infraestrutura | comercio e servicos | industria | agropecuaria,NOT_SPECIFIED,MANUAL_PRODUCTION_REVIEW_280,UNEVALUABLE,Infra-estrutura | Comércio/Serviços | Indústria | Agropecuária,infraestrutura | comercio e servicos | industria | agropecuaria,UNEVALUABLE,UNEVALUABLE,,,B-A manual foi marcado como UNEVALUABLE; não entra no denominador B-B.,NO,B_B_NORMALIZATION_V1,UNEVALUABLE,UNEVALUABLE,inclinado,CATEGORICAL
BI_001_R10.png,BI,BI_001,R10,1,FEW-SHOT,CATEGORICAL,categorical,EXHAUSTIVE,READY_CATEGORICAL,infra-estrutura | comercio/servicos | industria | agropecuaria,infraestrutura | comercio e servicos | industria | agropecuaria,NOT_SPECIFIED,MANUAL_PRODUCTION_REVIEW_280,MANUAL_ADJUDICATED,Infra-estrutura | Comércio/Serviços | Indústria | Agropecuária,infraestrutura | comercio e servicos | industria | agropecuaria,NORMALIZED_EQUIVALENT,CONFORMING,,,Conteúdo categórico coincide com F após normalização congelada.,YES,B_B_NORMALIZATION_V1,CORRECT,PARTIAL,,CATEGORICAL
BI_002_R01.png,BI,BI_002,R01,4,FEW-SHOT,CATEGORICAL,categorical,EXHAUSTIVE,READY_CATEGORICAL,infraestrutura | comercio/servicos | industria | agropecuaria,infraestrutura | comercio e servicos | industria | agropecuaria,NOT_SPECIFIED,MANUAL_PRODUCTION_REVIEW_280,MANUAL_ADJUDICATED,Infraestrutura | Comércio/Serviços | Indústria | Agropecuária,infraestrutura | comercio e servicos | industria | agropecuaria,NORMALIZED_EQUIVALENT,CONFORMING,,,Conteúdo categórico coincide com F após normalização congelada.,YES,B_B_NORMALIZATION_V1,CORRECT,EQUIVALENT,,CATEGORICAL
BI_002_R02.png,BI,BI_002,R02,4,FEW-SHOT,CATEGORICAL,categorical,EXHAUSTIVE,READY_CATEGORICAL,infraestrutura | comercio/servicos | industria | agropecuaria,infraestrutura | comercio e servicos | industria | agropecuaria,NOT_SPECIFIED,MANUAL_PRODUCTION_REVIEW_280,MANUAL_ADJUDICATED,Infraestrutura | Comércio/Serviços | Indústria | Agropecuária,infraestrutura | comercio e servicos | industria | agropecuaria,NORMALIZED_EQUIVALENT,CONFORMING,,,Conteúdo categórico coincide com F após normalização congelada.,YES,B_B_NORMALIZATION_V1,CORRECT,EQUIVALENT,,CATEGORICAL
BI_002_R03.png,BI,BI_002,R03,4,FEW-SHOT,CATEGORICAL,categorical,EXHAUSTIVE,READY_CATEGORICAL,infraestrutura | comercio/servicos | industria | agropecuaria,infraestrutura | comercio e servicos | industria | agropecuaria,NOT_SPECIFIED,MANUAL_PRODUCTION_REVIEW_280,MANUAL_ADJUDICATED,Infraestrutura | Comércio/Serviços | Indústria | Agropecuária,infraestrutura | comercio e servicos | industria | agropecuaria,NORMALIZED_EQUIVALENT,CONFORMING,,,Conteúdo categórico coincide com F após normalização congelada.,YES,B_B_NORMALIZATION_V1,CORRECT,WRONG,barras horizontais,CATEGORICAL
BI_002_R04.png,BI,BI_002,R04,4,FEW-SHOT,CATEGORICAL,categorical,EXHAUSTIVE,READY_CATEGORICAL,infraestrutura | comercio/servicos | industria | agropecuaria,infraestrutura | comercio e servicos | industria | agropecuaria,NOT_SPECIFIED,MANUAL_PRODUCTION_REVIEW_280,MANUAL_ADJUDICATED,Infraestrutura | Comércio/Serviços | Indústria | Agropecuária,infraestrutura | comercio e servicos | industria | agropecuaria,NORMALIZED_EQUIVALENT,CONFORMING,,,Conteúdo categórico coincide com F após normalização congelada.,YES,B_B_NORMALIZATION_V1,CORRECT,PARTIAL,,CATEGORICAL
BI_002_R05.png,BI,BI_002,R05,4,FEW-SHOT,CATEGORICAL,categorical,EXHAUSTIVE,READY_CATEGORICAL,infraestrutura | comercio/servicos | industria | agropecuaria,infraestrutura | comercio e servicos | industria | agropecuaria,NOT_SPECIFIED,MANUAL_PRODUCTION_REVIEW_280,MANUAL_ADJUDICATED,Infra-estrutura | Comércio/Serviços | Indústria | Agropecuária,infraestrutura | comercio e servicos | industria | agropecuaria,NORMALIZED_EQUIVALENT,CONFORMING,,,Conteúdo categórico coincide com F após normalização congelada.,YES,B_B_NORMALIZATION_V1,CORRECT,PARTIAL,,CATEGORICAL
BI_002_R06.png,BI,BI_002,R06,4,FEW-SHOT,CATEGORICAL,categorical,EXHAUSTIVE,READY_CATEGORICAL,infraestrutura | comercio/servicos | industria | agropecuaria,infraestrutura | comercio e servicos | industria | agropecuaria,NOT_SPECIFIED,MANUAL_PRODUCTION_REVIEW_280,MANUAL_ADJUDICATED,Infra-estrutura | Comércio/Serviços | Indústria | Agropecuária,infraestrutura | comercio e servicos | industria | agropecuaria,NORMALIZED_EQUIVALENT,CONFORMING,,,Conteúdo categórico coincide com F após normalização congelada.,YES,B_B_NORMALIZATION_V1,CORRECT,PARTIAL,,CATEGORICAL
BI_002_R07.png,BI,BI_002,R07,4,FEW-SHOT,CATEGORICAL,categorical,EXHAUSTIVE,READY_CATEGORICAL,infraestrutura | comercio/servicos | industria | agropecuaria,infraestrutura | comercio e servicos | industria | agropecuaria,NOT_SPECIFIED,MANUAL_PRODUCTION_REVIEW_280,MANUAL_ADJUDICATED,Infraestrutura | Comércio/Serviços | Indústria | Agropecuária,infraestrutura | comercio e servicos | industria | agropecuaria,NORMALIZED_EQUIVALENT,CONFORMING,,,Conteúdo categórico coincide com F após normalização congelada.,YES,B_B_NORMALIZATION_V1,CORRECT,PARTIAL,,CATEGORICAL
BI_002_R08.png,BI,BI_002,R08,4,FEW-SHOT,CATEGORICAL,categorical,EXHAUSTIVE,READY_CATEGORICAL,infraestrutura | comercio/servicos | industria | agropecuaria,infraestrutura | comercio e servicos | industria | agropecuaria,NOT_SPECIFIED,MANUAL_PRODUCTION_REVIEW_280,MANUAL_ADJUDICATED,Infra-estrutura | Comércio/Serviços | Indústria | Agropecuária,infraestrutura | comercio e servicos | industria | agropecuaria,NORMALIZED_EQUIVALENT,CONFORMING,,,Conteúdo categórico coincide com F após normalização congelada.,YES,B_B_NORMALIZATION_V1,CORRECT,PARTIAL,,CATEGORICAL
BI_002_R09.png,BI,BI_002,R09,4,FEW-SHOT,CATEGORICAL,categorical,EXHAUSTIVE,READY_CATEGORICAL,infraestrutura | comercio/servicos | industria | agropecuaria,infraestrutura | comercio e servicos | industria | agropecuaria,NOT_SPECIFIED,MANUAL_PRODUCTION_REVIEW_280,MANUAL_ADJUDICATED,Infra-estrutura | Comércio/Serviços | Indústria | Agropecuária,infraestrutura | comercio e servicos | industria | agropecuaria,NORMALIZED_EQUIVALENT,CONFORMING,,,Conteúdo categórico coincide com F após normalização congelada.,YES,B_B_NORMALIZATION_V1,CORRECT,PARTIAL,,CATEGORICAL
BI_002_R10.png,BI,BI_002,R10,4,FEW-SHOT,CATEGORICAL,categorical,EXHAUSTIVE,READY_CATEGORICAL,infraestrutura | comercio/servicos | industria | agropecuaria,infraestrutura | comercio e servicos | industria | agropecuaria,NOT_SPECIFIED,MANUAL_PRODUCTION_REVIEW_280,MANUAL_ADJUDICATED,Infra-estrutura | Comércio/Serviços | Indústria | Agropecuária,infraestrutura | comercio e servicos | industria | agropecuaria,NORMALIZED_EQUIVALENT,CONFORMING,,,Conteúdo categórico coincide com F após normalização congelada.,YES,B_B_NORMALIZATION_V1,CORRECT,EQUIVALENT,,CATEGORICAL
BI_008_R01.png,BI,BI_008,R01,11,FEW-SHOT,CATEGORICAL,categorical,EXHAUSTIVE,READY_CATEGORICAL,infra-estrutura | comercio/servicos | industria | agropecuaria,infraestrutura | comercio e servicos | industria | agropecuaria,NOT_SPECIFIED,MANUAL_PRODUCTION_REVIEW_280,MANUAL_ADJUDICATED,Infra-estrutura | Comércio/Serviços | Indústria | Agropecuária,infraestrutura | comercio e servicos | industria | agropecuaria,NORMALIZED_EQUIVALENT,CONFORMING,,,Conteúdo categórico coincide com F após normalização congelada.,YES,B_B_NORMALIZATION_V1,CORRECT,EQUIVALENT,,CATEGORICAL
BI_008_R02.png,BI,BI_008,R02,11,FEW-SHOT,CATEGORICAL,categorical,EXHAUSTIVE,READY_CATEGORICAL,infra-estrutura | comercio/servicos | industria | agropecuaria,infraestrutura | comercio e servicos | industria | agropecuaria,NOT_SPECIFIED,MANUAL_PRODUCTION_REVIEW_280,MANUAL_ADJUDICATED,Infra-estrutura | Comércio/Serviços | Indústria | Agropecuária,infraestrutura | comercio e servicos | industria | agropecuaria,NORMALIZED_EQUIVALENT,CONFORMING,,,Conteúdo categórico coincide com F após normalização congelada.,YES,B_B_NORMALIZATION_V1,CORRECT,EQUIVALENT,,CATEGORICAL
BI_008_R03.png,BI,BI_008,R03,11,FEW-SHOT,CATEGORICAL,categorical,EXHAUSTIVE,READY_CATEGORICAL,infra-estrutura | comercio/servicos | industria | agropecuaria,infraestrutura | comercio e servicos | industria | agropecuaria,NOT_SPECIFIED,MANUAL_PRODUCTION_REVIEW_280,UNEVALUABLE,Infra-estrutura | Comércio/Serviços | Indústria | Agropecuária,infraestrutura | comercio e servicos | industria | agropecuaria,UNEVALUABLE,UNEVALUABLE,,,B-A manual foi marcado como UNEVALUABLE; não entra no denominador B-B.,NO,B_B_NORMALIZATION_V1,WRONG,UNEVALUABLE,o gráfico não mostra nenhuma informação tudo 0M,CATEGORICAL
BI_008_R04.png,BI,BI_008,R04,11,FEW-SHOT,CATEGORICAL,categorical,EXHAUSTIVE,READY_CATEGORICAL,infra-estrutura | comercio/servicos | industria | agropecuaria,infraestrutura | comercio e servicos | industria | agropecuaria,NOT_SPECIFIED,MANUAL_PRODUCTION_REVIEW_280,UNEVALUABLE,Infra-estrutura | Comércio/Serviços | Indústria | Agropecuária,infraestrutura | comercio e servicos | industria | agropecuaria,UNEVALUABLE,UNEVALUABLE,,,B-A manual foi marcado como UNEVALUABLE; não entra no denominador B-B.,NO,B_B_NORMALIZATION_V1,WRONG,UNEVALUABLE,o gráfico não mostra nenhuma informação tudo 0M,CATEGORICAL
BI_008_R05.png,BI,BI_008,R05,11,FEW-SHOT,CATEGORICAL,categorical,EXHAUSTIVE,READY_CATEGORICAL,infra-estrutura | comercio/servicos | industria | agropecuaria,infraestrutura | comercio e servicos | industria | agropecuaria,NOT_SPECIFIED,MANUAL_PRODUCTION_REVIEW_280,MANUAL_ADJUDICATED,Infra-estrutura | Comércio/Serviços | Indústria | Agropecuária,infraestrutura | comercio e servicos | industria | agropecuaria,NORMALIZED_EQUIVALENT,CONFORMING,,,Conteúdo categórico coincide com F após normalização congelada.,YES,B_B_NORMALIZATION_V1,CORRECT,EQUIVALENT,,CATEGORICAL
BI_008_R06.png,BI,BI_008,R06,11,FEW-SHOT,CATEGORICAL,categorical,EXHAUSTIVE,READY_CATEGORICAL,infra-estrutura | comercio/servicos | industria | agropecuaria,infraestrutura | comercio e servicos | industria | agropecuaria,NOT_SPECIFIED,MANUAL_PRODUCTION_REVIEW_280,MANUAL_ADJUDICATED,Infra-estrutura | Comércio/Serviços | Indústria | Agropecuária,infraestrutura | comercio e servicos | industria | agropecuaria,NORMALIZED_EQUIVALENT,CONFORMING,,,Conteúdo categórico coincide com F após normalização congelada.,YES,B_B_NORMALIZATION_V1,CORRECT,EQUIVALENT,,CATEGORICAL
BI_008_R07.png,BI,BI_008,R07,11,FEW-SHOT,CATEGORICAL,categorical,EXHAUSTIVE,READY_CATEGORICAL,infra-estrutura | comercio/servicos | industria | agropecuaria,infraestrutura | comercio e servicos | industria | agropecuaria,NOT_SPECIFIED,MANUAL_PRODUCTION_REVIEW_280,MANUAL_ADJUDICATED,Infra-estrutura | Comércio/Serviços | Indústria | Agropecuária,infraestrutura | comercio e servicos | industria | agropecuaria,NORMALIZED_EQUIVALENT,CONFORMING,,,Conteúdo categórico coincide com F após normalização congelada.,YES,B_B_NORMALIZATION_V1,CORRECT,EQUIVALENT,,CATEGORICAL
BI_008_R08.png,BI,BI_008,R08,11,FEW-SHOT,CATEGORICAL,categorical,EXHAUSTIVE,READY_CATEGORICAL,infra-estrutura | comercio/servicos | industria | agropecuaria,infraestrutura | comercio e servicos | industria | agropecuaria,NOT_SPECIFIED,MANUAL_PRODUCTION_REVIEW_280,MANUAL_ADJUDICATED,Infra-estrutura | Comércio/Serviços | Indústria | Agropecuária,infraestrutura | comercio e servicos | industria | agropecuaria,NORMALIZED_EQUIVALENT,CONFORMING,,,Conteúdo categórico coincide com F após normalização congelada.,YES,B_B_NORMALIZATION_V1,CORRECT,EQUIVALENT,,CATEGORICAL
BI_008_R09.png,BI,BI_008,R09,11,FEW-SHOT,CATEGORICAL,categorical,EXHAUSTIVE,READY_CATEGORICAL,infra-estrutura | comercio/servicos | industria | agropecuaria,infraestrutura | comercio e servicos | industria | agropecuaria,NOT_SPECIFIED,MANUAL_PRODUCTION_REVIEW_280,MANUAL_ADJUDICATED,Infra-estrutura | Comércio/Serviços | Indústria | Agropecuária,infraestrutura | comercio e servicos | industria | agropecuaria,NORMALIZED_EQUIVALENT,CONFORMING,,,Conteúdo categórico coincide com F após normalização congelada.,YES,B_B_NORMALIZATION_V1,CORRECT,EQUIVALENT,,CATEGORICAL
BI_008_R10.png,BI,BI_008,R10,11,FEW-SHOT,CATEGORICAL,categorical,EXHAUSTIVE,READY_CATEGORICAL,infra-estrutura | comercio/servicos | industria | agropecuaria,infraestrutura | comercio e servicos | industria | agropecuaria,NOT_SPECIFIED,MANUAL_PRODUCTION_REVIEW_280,MANUAL_ADJUDICATED,Infra-estrutura | Comércio/Serviços | Indústria | Agropecuária,infraestrutura | comercio e servicos | industria | agropecuaria,NORMALIZED_EQUIVALENT,CONFORMING,,,Conteúdo categórico coincide com F após normalização congelada.,YES,B_B_NORMALIZATION_V1,CORRECT,EQUIVALENT,,CATEGORICAL
BI_012_R01.png,BI,BI_012,R01,15,FEW-SHOT,CATEGORICAL,categorical,EXHAUSTIVE,READY_CATEGORICAL,infra-estrutura | comercio/servicos | industria | agropecuaria,infraestrutura | comercio e servicos | industria | agropecuaria,NOT_SPECIFIED,MANUAL_PRODUCTION_REVIEW_280,MANUAL_ADJUDICATED,Infra-estrutura | Comércio/Serviços | Indústria | Agropecuária,infraestrutura | comercio e servicos | industria | agropecuaria,NORMALIZED_EQUIVALENT,CONFORMING,,,Conteúdo categórico coincide com F após normalização congelada.,YES,B_B_NORMALIZATION_V1,CORRECT,PARTIAL,,CATEGORICAL
BI_012_R02.png,BI,BI_012,R02,15,FEW-SHOT,CATEGORICAL,categorical,EXHAUSTIVE,READY_CATEGORICAL,infra-estrutura | comercio/servicos | industria | agropecuaria,infraestrutura | comercio e servicos | industria | agropecuaria,NOT_SPECIFIED,MANUAL_PRODUCTION_REVIEW_280,MANUAL_ADJUDICATED,Infra-estrutura | Comércio/Serviços | Indústria | Agropecuária,infraestrutura | comercio e servicos | industria | agropecuaria,NORMALIZED_EQUIVALENT,CONFORMING,,,Conteúdo categórico coincide com F após normalização congelada.,YES,B_B_NORMALIZATION_V1,CORRECT,PARTIAL,tem muitos rórulos dentro do gráfico,CATEGORICAL
BI_012_R03.png,BI,BI_012,R03,15,FEW-SHOT,CATEGORICAL,categorical,EXHAUSTIVE,READY_CATEGORICAL,infra-estrutura | comercio/servicos | industria | agropecuaria,infraestrutura | comercio e servicos | industria | agropecuaria,NOT_SPECIFIED,MANUAL_PRODUCTION_REVIEW_280,MANUAL_ADJUDICATED,Comércio e Serviços | Indústria de Transformação| Agropecuária e Pesca,comercio e servicos | industria de transformacao | agropecuaria e pesca,NONCONFORMING_VALUE,NONCONFORMING,infraestrutura | industria | agropecuaria,industria de transformacao | agropecuaria e pesca,Conteúdo categórico difere de F em item(s) não coberto(s) pela normalização congelada.,YES,B_B_NORMALIZATION_V1,CORRECT,EQUIVALENT,,CATEGORICAL
BI_012_R04.png,BI,BI_012,R04,15,FEW-SHOT,CATEGORICAL,categorical,EXHAUSTIVE,READY_CATEGORICAL,infra-estrutura | comercio/servicos | industria | agropecuaria,infraestrutura | comercio e servicos | industria | agropecuaria,NOT_SPECIFIED,MANUAL_PRODUCTION_REVIEW_280,MANUAL_ADJUDICATED,Comércio e Serviços | Indústria de Transformação| Agropecuária e Pesca,comercio e servicos | industria de transformacao | agropecuaria e pesca,NONCONFORMING_VALUE,NONCONFORMING,infraestrutura | industria | agropecuaria,industria de transformacao | agropecuaria e pesca,Conteúdo categórico difere de F em item(s) não coberto(s) pela normalização congelada.,YES,B_B_NORMALIZATION_V1,CORRECT,EQUIVALENT,,CATEGORICAL
BI_012_R05.png,BI,BI_012,R05,15,FEW-SHOT,CATEGORICAL,categorical,EXHAUSTIVE,READY_CATEGORICAL,infra-estrutura | comercio/servicos | industria | agropecuaria,infraestrutura | comercio e servicos | industria | agropecuaria,NOT_SPECIFIED,MANUAL_PRODUCTION_REVIEW_280,MANUAL_ADJUDICATED,Comércio e Serviços | Indústria de Transformação| Agropecuária e Pesca,comercio e servicos | industria de transformacao | agropecuaria e pesca,NONCONFORMING_VALUE,NONCONFORMING,infraestrutura | industria | agropecuaria,industria de transformacao | agropecuaria e pesca,Conteúdo categórico difere de F em item(s) não coberto(s) pela normalização congelada.,YES,B_B_NORMALIZATION_V1,CORRECT,EQUIVALENT,,CATEGORICAL
BI_012_R06.png,BI,BI_012,R06,15,FEW-SHOT,CATEGORICAL,categorical,EXHAUSTIVE,READY_CATEGORICAL,infra-estrutura | comercio/servicos | industria | agropecuaria,infraestrutura | comercio e servicos | industria | agropecuaria,NOT_SPECIFIED,MANUAL_PRODUCTION_REVIEW_280,MANUAL_ADJUDICATED,Comércio e Serviços | Indústria de Transformação| Agropecuária e Pesca,comercio e servicos | industria de transformacao | agropecuaria e pesca,NONCONFORMING_VALUE,NONCONFORMING,infraestrutura | industria | agropecuaria,industria de transformacao | agropecuaria e pesca,Conteúdo categórico difere de F em item(s) não coberto(s) pela normalização congelada.,YES,B_B_NORMALIZATION_V1,CORRECT,EQUIVALENT,,CATEGORICAL
BI_012_R07.png,BI,BI_012,R07,15,FEW-SHOT,CATEGORICAL,categorical,EXHAUSTIVE,READY_CATEGORICAL,infra-estrutura | comercio/servicos | industria | agropecuaria,infraestrutura | comercio e servicos | industria | agropecuaria,NOT_SPECIFIED,MANUAL_PRODUCTION_REVIEW_280,MANUAL_ADJUDICATED,Comércio e Serviços | Indústria de Transformação| Agropecuária e Pesca,comercio e servicos | industria de transformacao | agropecuaria e pesca,NONCONFORMING_VALUE,NONCONFORMING,infraestrutura | industria | agropecuaria,industria de transformacao | agropecuaria e pesca,Conteúdo categórico difere de F em item(s) não coberto(s) pela normalização congelada.,YES,B_B_NORMALIZATION_V1,CORRECT,EQUIVALENT,,CATEGORICAL
BI_012_R08.png,BI,BI_012,R08,15,FEW-SHOT,CATEGORICAL,categorical,EXHAUSTIVE,READY_CATEGORICAL,infra-estrutura | comercio/servicos | industria | agropecuaria,infraestrutura | comercio e servicos | industria | agropecuaria,NOT_SPECIFIED,MANUAL_PRODUCTION_REVIEW_280,MANUAL_ADJUDICATED,Comércio e Serviços | Indústria de Transformação| Agropecuária e Pesca,comercio e servicos | industria de transformacao | agropecuaria e pesca,NONCONFORMING_VALUE,NONCONFORMING,infraestrutura | industria | agropecuaria,industria de transformacao | agropecuaria e pesca,Conteúdo categórico difere de F em item(s) não coberto(s) pela normalização congelada.,YES,B_B_NORMALIZATION_V1,CORRECT,EQUIVALENT,,CATEGORICAL
BI_012_R09.png,BI,BI_012,R09,15,FEW-SHOT,CATEGORICAL,categorical,EXHAUSTIVE,READY_CATEGORICAL,infra-estrutura | comercio/servicos | industria | agropecuaria,infraestrutura | comercio e servicos | industria | agropecuaria,NOT_SPECIFIED,MANUAL_PRODUCTION_REVIEW_280,MANUAL_ADJUDICATED,Infra-estrutura | Comércio/Serviços | Indústria | Agropecuária,infraestrutura | comercio e servicos | industria | agropecuaria,NORMALIZED_EQUIVALENT,CONFORMING,,,Conteúdo categórico coincide com F após normalização congelada.,YES,B_B_NORMALIZATION_V1,CORRECT,EQUIVALENT,,CATEGORICAL
BI_012_R10.png,BI,BI_012,R10,15,FEW-SHOT,CATEGORICAL,categorical,EXHAUSTIVE,READY_CATEGORICAL,infra-estrutura | comercio/servicos | industria | agropecuaria,infraestrutura | comercio e servicos | industria | agropecuaria,NOT_SPECIFIED,MANUAL_PRODUCTION_REVIEW_280,MANUAL_ADJUDICATED,Comércio e Serviços | Indústria de Transformação| Agropecuária e Pesca,comercio e servicos | industria de transformacao | agropecuaria e pesca,NONCONFORMING_VALUE,NONCONFORMING,infraestrutura | industria | agropecuaria,industria de transformacao | agropecuaria e pesca,Conteúdo categórico difere de F em item(s) não coberto(s) pela normalização congelada.,YES,B_B_NORMALIZATION_V1,CORRECT,EQUIVALENT,,CATEGORICAL
BI_014_R01.png,BI,BI_014,R01,1,HIBRIDO,CATEGORICAL,categorical,EXHAUSTIVE,READY_CATEGORICAL,infra-estrutura | comercio/servicos | industria | agropecuaria,infraestrutura | comercio e servicos | industria | agropecuaria,NOT_SPECIFIED,MANUAL_PRODUCTION_REVIEW_280,MANUAL_ADJUDICATED,Infra-estrutura | Comércio/Serviços | Indústria | Agropecuária,infraestrutura | comercio e servicos | industria | agropecuaria,NORMALIZED_EQUIVALENT,CONFORMING,,,Conteúdo categórico coincide com F após normalização congelada.,YES,B_B_NORMALIZATION_V1,CORRECT,PARTIAL,,CATEGORICAL
BI_014_R02.png,BI,BI_014,R02,1,HIBRIDO,CATEGORICAL,categorical,EXHAUSTIVE,READY_CATEGORICAL,infra-estrutura | comercio/servicos | industria | agropecuaria,infraestrutura | comercio e servicos | industria | agropecuaria,NOT_SPECIFIED,MANUAL_PRODUCTION_REVIEW_280,MANUAL_ADJUDICATED,Infra-estrutura | Comércio/Serviços | Indústria | Agropecuária,infraestrutura | comercio e servicos | industria | agropecuaria,NORMALIZED_EQUIVALENT,CONFORMING,,,Conteúdo categórico coincide com F após normalização congelada.,YES,B_B_NORMALIZATION_V1,CORRECT,PARTIAL,,CATEGORICAL
BI_014_R03.png,BI,BI_014,R03,1,HIBRIDO,CATEGORICAL,categorical,EXHAUSTIVE,READY_CATEGORICAL,infra-estrutura | comercio/servicos | industria | agropecuaria,infraestrutura | comercio e servicos | industria | agropecuaria,NOT_SPECIFIED,MANUAL_PRODUCTION_REVIEW_280,MANUAL_ADJUDICATED,Infra-estrutura | Comércio/Serviços | Indústria | Agropecuária,infraestrutura | comercio e servicos | industria | agropecuaria,NORMALIZED_EQUIVALENT,CONFORMING,,,Conteúdo categórico coincide com F após normalização congelada.,YES,B_B_NORMALIZATION_V1,CORRECT,PARTIAL,,CATEGORICAL
BI_014_R04.png,BI,BI_014,R04,1,HIBRIDO,CATEGORICAL,categorical,EXHAUSTIVE,READY_CATEGORICAL,infra-estrutura | comercio/servicos | industria | agropecuaria,infraestrutura | comercio e servicos | industria | agropecuaria,NOT_SPECIFIED,MANUAL_PRODUCTION_REVIEW_280,MANUAL_ADJUDICATED,Infra-estrutura | Comércio/Serviços | Indústria | Agropecuária,infraestrutura | comercio e servicos | industria | agropecuaria,NORMALIZED_EQUIVALENT,CONFORMING,,,Conteúdo categórico coincide com F após normalização congelada.,YES,B_B_NORMALIZATION_V1,CORRECT,PARTIAL,,CATEGORICAL
BI_014_R05.png,BI,BI_014,R05,1,HIBRIDO,CATEGORICAL,categorical,EXHAUSTIVE,READY_CATEGORICAL,infra-estrutura | comercio/servicos | industria | agropecuaria,infraestrutura | comercio e servicos | industria | agropecuaria,NOT_SPECIFIED,MANUAL_PRODUCTION_REVIEW_280,MANUAL_ADJUDICATED,Infra-estrutura | Comércio/Serviços | Indústria | Agropecuária,infraestrutura | comercio e servicos | industria | agropecuaria,NORMALIZED_EQUIVALENT,CONFORMING,,,Conteúdo categórico coincide com F após normalização congelada.,YES,B_B_NORMALIZATION_V1,CORRECT,PARTIAL,,CATEGORICAL
BI_014_R06.png,BI,BI_014,R06,1,HIBRIDO,CATEGORICAL,categorical,EXHAUSTIVE,READY_CATEGORICAL,infra-estrutura | comercio/servicos | industria | agropecuaria,infraestrutura | comercio e servicos | industria | agropecuaria,NOT_SPECIFIED,MANUAL_PRODUCTION_REVIEW_280,MANUAL_ADJUDICATED,Infra-estrutura | Comércio/Serviços | Indústria | Agropecuária,infraestrutura | comercio e servicos | industria | agropecuaria,NORMALIZED_EQUIVALENT,CONFORMING,,,Conteúdo categórico coincide com F após normalização congelada.,YES,B_B_NORMALIZATION_V1,CORRECT,PARTIAL,,CATEGORICAL
BI_014_R07.png,BI,BI_014,R07,1,HIBRIDO,CATEGORICAL,categorical,EXHAUSTIVE,READY_CATEGORICAL,infra-estrutura | comercio/servicos | industria | agropecuaria,infraestrutura | comercio e servicos | industria | agropecuaria,NOT_SPECIFIED,MANUAL_PRODUCTION_REVIEW_280,MANUAL_ADJUDICATED,Infra-estrutura | Comércio/Serviços | Indústria | Agropecuária,infraestrutura | comercio e servicos | industria | agropecuaria,NORMALIZED_EQUIVALENT,CONFORMING,,,Conteúdo categórico coincide com F após normalização congelada.,YES,B_B_NORMALIZATION_V1,CORRECT,PARTIAL,,CATEGORICAL
BI_014_R08.png,BI,BI_014,R08,1,HIBRIDO,CATEGORICAL,categorical,EXHAUSTIVE,READY_CATEGORICAL,infra-estrutura | comercio/servicos | industria | agropecuaria,infraestrutura | comercio e servicos | industria | agropecuaria,NOT_SPECIFIED,MANUAL_PRODUCTION_REVIEW_280,MANUAL_ADJUDICATED,Infra-estrutura | Comércio/Serviços | Indústria | Agropecuária,infraestrutura | comercio e servicos | industria | agropecuaria,NORMALIZED_EQUIVALENT,CONFORMING,,,Conteúdo categórico coincide com F após normalização congelada.,YES,B_B_NORMALIZATION_V1,CORRECT,PARTIAL,,CATEGORICAL
BI_014_R09.png,BI,BI_014,R09,1,HIBRIDO,CATEGORICAL,categorical,EXHAUSTIVE,READY_CATEGORICAL,infra-estrutura | comercio/servicos | industria | agropecuaria,infraestrutura | comercio e servicos | industria | agropecuaria,NOT_SPECIFIED,MANUAL_PRODUCTION_REVIEW_280,MANUAL_ADJUDICATED,Infra-estrutura | Comércio/Serviços | Indústria | Agropecuária,infraestrutura | comercio e servicos | industria | agropecuaria,NORMALIZED_EQUIVALENT,CONFORMING,,,Conteúdo categórico coincide com F após normalização congelada.,YES,B_B_NORMALIZATION_V1,CORRECT,PARTIAL,,CATEGORICAL
BI_014_R10.png,BI,BI_014,R10,1,HIBRIDO,CATEGORICAL,categorical,EXHAUSTIVE,READY_CATEGORICAL,infra-estrutura | comercio/servicos | industria | agropecuaria,infraestrutura | comercio e servicos | industria | agropecuaria,NOT_SPECIFIED,MANUAL_PRODUCTION_REVIEW_280,MANUAL_ADJUDICATED,Infra-estrutura | Comércio/Serviços | Indústria | Agropecuária,infraestrutura | comercio e servicos | industria | agropecuaria,NORMALIZED_EQUIVALENT,CONFORMING,,,Conteúdo categórico coincide com F após normalização congelada.,YES,B_B_NORMALIZATION_V1,CORRECT,PARTIAL,,CATEGORICAL
BI_015_R01.png,BI,BI_015,R01,4,HIBRIDO,CATEGORICAL,categorical,EXHAUSTIVE,READY_CATEGORICAL,infraestrutura | comercio/servicos | industria | agropecuaria,infraestrutura | comercio e servicos | industria | agropecuaria,NOT_SPECIFIED,MANUAL_PRODUCTION_REVIEW_280,MANUAL_ADJUDICATED,Infraestrutura | Comércio/Serviços | Indústria | Agropecuária,infraestrutura | comercio e servicos | industria | agropecuaria,NORMALIZED_EQUIVALENT,CONFORMING,,,Conteúdo categórico coincide com F após normalização congelada.,YES,B_B_NORMALIZATION_V1,CORRECT,EQUIVALENT,,CATEGORICAL
BI_015_R02.png,BI,BI_015,R02,4,HIBRIDO,CATEGORICAL,categorical,EXHAUSTIVE,READY_CATEGORICAL,infraestrutura | comercio/servicos | industria | agropecuaria,infraestrutura | comercio e servicos | industria | agropecuaria,NOT_SPECIFIED,MANUAL_PRODUCTION_REVIEW_280,MANUAL_ADJUDICATED,Infraestrutura | Comércio/Serviços | Indústria | Agropecuária,infraestrutura | comercio e servicos | industria | agropecuaria,NORMALIZED_EQUIVALENT,CONFORMING,,,Conteúdo categórico coincide com F após normalização congelada.,YES,B_B_NORMALIZATION_V1,CORRECT,EQUIVALENT,,CATEGORICAL
BI_015_R03.png,BI,BI_015,R03,4,HIBRIDO,CATEGORICAL,categorical,EXHAUSTIVE,READY_CATEGORICAL,infraestrutura | comercio/servicos | industria | agropecuaria,infraestrutura | comercio e servicos | industria | agropecuaria,NOT_SPECIFIED,MANUAL_PRODUCTION_REVIEW_280,MANUAL_ADJUDICATED,Infraestrutura | Comércio/Serviços | Indústria | Agropecuária,infraestrutura | comercio e servicos | industria | agropecuaria,NORMALIZED_EQUIVALENT,CONFORMING,,,Conteúdo categórico coincide com F após normalização congelada.,YES,B_B_NORMALIZATION_V1,CORRECT,EQUIVALENT,inclinado,CATEGORICAL
BI_015_R04.png,BI,BI_015,R04,4,HIBRIDO,CATEGORICAL,categorical,EXHAUSTIVE,READY_CATEGORICAL,infraestrutura | comercio/servicos | industria | agropecuaria,infraestrutura | comercio e servicos | industria | agropecuaria,NOT_SPECIFIED,MANUAL_PRODUCTION_REVIEW_280,MANUAL_ADJUDICATED,Infra-estrutura | Comércio/Serviços | Indústria | Agropecuária,infraestrutura | comercio e servicos | industria | agropecuaria,NORMALIZED_EQUIVALENT,CONFORMING,,,Conteúdo categórico coincide com F após normalização congelada.,YES,B_B_NORMALIZATION_V1,CORRECT,PARTIAL,,CATEGORICAL
BI_015_R05.png,BI,BI_015,R05,4,HIBRIDO,CATEGORICAL,categorical,EXHAUSTIVE,READY_CATEGORICAL,infraestrutura | comercio/servicos | industria | agropecuaria,infraestrutura | comercio e servicos | industria | agropecuaria,NOT_SPECIFIED,MANUAL_PRODUCTION_REVIEW_280,MANUAL_ADJUDICATED,Infraestrutura | Comércio/Serviços | Indústria | Agropecuária,infraestrutura | comercio e servicos | industria | agropecuaria,NORMALIZED_EQUIVALENT,CONFORMING,,,Conteúdo categórico coincide com F após normalização congelada.,YES,B_B_NORMALIZATION_V1,CORRECT,EQUIVALENT,,CATEGORICAL
BI_015_R06.png,BI,BI_015,R06,4,HIBRIDO,CATEGORICAL,categorical,EXHAUSTIVE,READY_CATEGORICAL,infraestrutura | comercio/servicos | industria | agropecuaria,infraestrutura | comercio e servicos | industria | agropecuaria,NOT_SPECIFIED,MANUAL_PRODUCTION_REVIEW_280,MANUAL_ADJUDICATED,Infraestrutura | Comércio/Serviços | Indústria | Agropecuária,infraestrutura | comercio e servicos | industria | agropecuaria,NORMALIZED_EQUIVALENT,CONFORMING,,,Conteúdo categórico coincide com F após normalização congelada.,YES,B_B_NORMALIZATION_V1,CORRECT,EQUIVALENT,inclinado,CATEGORICAL
BI_015_R07.png,BI,BI_015,R07,4,HIBRIDO,CATEGORICAL,categorical,EXHAUSTIVE,READY_CATEGORICAL,infraestrutura | comercio/servicos | industria | agropecuaria,infraestrutura | comercio e servicos | industria | agropecuaria,NOT_SPECIFIED,MANUAL_PRODUCTION_REVIEW_280,MANUAL_ADJUDICATED,Infraestrutura | Comércio/Serviços | Indústria | Agropecuária,infraestrutura | comercio e servicos | industria | agropecuaria,NORMALIZED_EQUIVALENT,CONFORMING,,,Conteúdo categórico coincide com F após normalização congelada.,YES,B_B_NORMALIZATION_V1,CORRECT,PARTIAL,inclinado,CATEGORICAL
BI_015_R08.png,BI,BI_015,R08,4,HIBRIDO,CATEGORICAL,categorical,EXHAUSTIVE,READY_CATEGORICAL,infraestrutura | comercio/servicos | industria | agropecuaria,infraestrutura | comercio e servicos | industria | agropecuaria,NOT_SPECIFIED,MANUAL_PRODUCTION_REVIEW_280,MANUAL_ADJUDICATED,Infraestrutura | Comércio/Serviços | Indústria | Agropecuária,infraestrutura | comercio e servicos | industria | agropecuaria,NORMALIZED_EQUIVALENT,CONFORMING,,,Conteúdo categórico coincide com F após normalização congelada.,YES,B_B_NORMALIZATION_V1,CORRECT,EQUIVALENT,,CATEGORICAL
BI_015_R09.png,BI,BI_015,R09,4,HIBRIDO,CATEGORICAL,categorical,EXHAUSTIVE,READY_CATEGORICAL,infraestrutura | comercio/servicos | industria | agropecuaria,infraestrutura | comercio e servicos | industria | agropecuaria,NOT_SPECIFIED,MANUAL_PRODUCTION_REVIEW_280,MANUAL_ADJUDICATED,Infraestrutura | Comércio/Serviços | Indústria | Agropecuária,infraestrutura | comercio e servicos | industria | agropecuaria,NORMALIZED_EQUIVALENT,CONFORMING,,,Conteúdo categórico coincide com F após normalização congelada.,YES,B_B_NORMALIZATION_V1,CORRECT,EQUIVALENT,inclinado,CATEGORICAL
BI_015_R10.png,BI,BI_015,R10,4,HIBRIDO,CATEGORICAL,categorical,EXHAUSTIVE,READY_CATEGORICAL,infraestrutura | comercio/servicos | industria | agropecuaria,infraestrutura | comercio e servicos | industria | agropecuaria,NOT_SPECIFIED,MANUAL_PRODUCTION_REVIEW_280,MANUAL_ADJUDICATED,Infraestrutura | Comércio/Serviços | Indústria | Agropecuária,infraestrutura | comercio e servicos | industria | agropecuaria,NORMALIZED_EQUIVALENT,CONFORMING,,,Conteúdo categórico coincide com F após normalização congelada.,YES,B_B_NORMALIZATION_V1,CORRECT,PARTIAL,inclinado,CATEGORICAL
BI_021_R01.png,BI,BI_021,R01,11,HIBRIDO,CATEGORICAL,categorical,EXHAUSTIVE,READY_CATEGORICAL,infra-estrutura | comercio/servicos | industria | agropecuaria,infraestrutura | comercio e servicos | industria | agropecuaria,NOT_SPECIFIED,MANUAL_PRODUCTION_REVIEW_280,MANUAL_ADJUDICATED,Infra-estrutura | Comércio/Serviços | Indústria | Agropecuária,infraestrutura | comercio e servicos | industria | agropecuaria,NORMALIZED_EQUIVALENT,CONFORMING,,,Conteúdo categórico coincide com F após normalização congelada.,YES,B_B_NORMALIZATION_V1,CORRECT,EQUIVALENT,,CATEGORICAL
BI_021_R02.png,BI,BI_021,R02,11,HIBRIDO,CATEGORICAL,categorical,EXHAUSTIVE,READY_CATEGORICAL,infra-estrutura | comercio/servicos | industria | agropecuaria,infraestrutura | comercio e servicos | industria | agropecuaria,NOT_SPECIFIED,MANUAL_PRODUCTION_REVIEW_280,MANUAL_ADJUDICATED,Infra-estrutura | Comércio/Serviços | Indústria | Agropecuária,infraestrutura | comercio e servicos | industria | agropecuaria,NORMALIZED_EQUIVALENT,CONFORMING,,,Conteúdo categórico coincide com F após normalização congelada.,YES,B_B_NORMALIZATION_V1,CORRECT,EQUIVALENT,,CATEGORICAL
BI_021_R03.png,BI,BI_021,R03,11,HIBRIDO,CATEGORICAL,categorical,EXHAUSTIVE,READY_CATEGORICAL,infra-estrutura | comercio/servicos | industria | agropecuaria,infraestrutura | comercio e servicos | industria | agropecuaria,NOT_SPECIFIED,MANUAL_PRODUCTION_REVIEW_280,MANUAL_ADJUDICATED,Infra-estrutura | Comércio/Serviços | Indústria | Agropecuária,infraestrutura | comercio e servicos | industria | agropecuaria,NORMALIZED_EQUIVALENT,CONFORMING,,,Conteúdo categórico coincide com F após normalização congelada.,YES,B_B_NORMALIZATION_V1,CORRECT,EQUIVALENT,,CATEGORICAL
BI_021_R04.png,BI,BI_021,R04,11,HIBRIDO,CATEGORICAL,categorical,EXHAUSTIVE,READY_CATEGORICAL,infra-estrutura | comercio/servicos | industria | agropecuaria,infraestrutura | comercio e servicos | industria | agropecuaria,NOT_SPECIFIED,MANUAL_PRODUCTION_REVIEW_280,MANUAL_ADJUDICATED,Infra-estrutura | Comércio/Serviços | Indústria | Agropecuária,infraestrutura | comercio e servicos | industria | agropecuaria,NORMALIZED_EQUIVALENT,CONFORMING,,,Conteúdo categórico coincide com F após normalização congelada.,YES,B_B_NORMALIZATION_V1,CORRECT,EQUIVALENT,,CATEGORICAL
BI_021_R05.png,BI,BI_021,R05,11,HIBRIDO,CATEGORICAL,categorical,EXHAUSTIVE,READY_CATEGORICAL,infra-estrutura | comercio/servicos | industria | agropecuaria,infraestrutura | comercio e servicos | industria | agropecuaria,NOT_SPECIFIED,MANUAL_PRODUCTION_REVIEW_280,MANUAL_ADJUDICATED,Infra-estrutura | Comércio/Serviços | Indústria | Agropecuária,infraestrutura | comercio e servicos | industria | agropecuaria,NORMALIZED_EQUIVALENT,CONFORMING,,,Conteúdo categórico coincide com F após normalização congelada.,YES,B_B_NORMALIZATION_V1,CORRECT,EQUIVALENT,,CATEGORICAL
BI_021_R06.png,BI,BI_021,R06,11,HIBRIDO,CATEGORICAL,categorical,EXHAUSTIVE,READY_CATEGORICAL,infra-estrutura | comercio/servicos | industria | agropecuaria,infraestrutura | comercio e servicos | industria | agropecuaria,NOT_SPECIFIED,MANUAL_PRODUCTION_REVIEW_280,MANUAL_ADJUDICATED,Infra-estrutura | Comércio/Serviços | Indústria | Agropecuária,infraestrutura | comercio e servicos | industria | agropecuaria,NORMALIZED_EQUIVALENT,CONFORMING,,,Conteúdo categórico coincide com F após normalização congelada.,YES,B_B_NORMALIZATION_V1,CORRECT,EQUIVALENT,,CATEGORICAL
BI_021_R07.png,BI,BI_021,R07,11,HIBRIDO,CATEGORICAL,categorical,EXHAUSTIVE,READY_CATEGORICAL,infra-estrutura | comercio/servicos | industria | agropecuaria,infraestrutura | comercio e servicos | industria | agropecuaria,NOT_SPECIFIED,MANUAL_PRODUCTION_REVIEW_280,MANUAL_ADJUDICATED,Infra-estrutura | Comércio/Serviços | Indústria | Agropecuária,infraestrutura | comercio e servicos | industria | agropecuaria,NORMALIZED_EQUIVALENT,CONFORMING,,,Conteúdo categórico coincide com F após normalização congelada.,YES,B_B_NORMALIZATION_V1,CORRECT,EQUIVALENT,,CATEGORICAL
BI_021_R08.png,BI,BI_021,R08,11,HIBRIDO,CATEGORICAL,categorical,EXHAUSTIVE,READY_CATEGORICAL,infra-estrutura | comercio/servicos | industria | agropecuaria,infraestrutura | comercio e servicos | industria | agropecuaria,NOT_SPECIFIED,MANUAL_PRODUCTION_REVIEW_280,MANUAL_ADJUDICATED,Infra-estrutura | Comércio/Serviços | Indústria | Agropecuária,infraestrutura | comercio e servicos | industria | agropecuaria,NORMALIZED_EQUIVALENT,CONFORMING,,,Conteúdo categórico coincide com F após normalização congelada.,YES,B_B_NORMALIZATION_V1,CORRECT,EQUIVALENT,,CATEGORICAL
BI_021_R09.png,BI,BI_021,R09,11,HIBRIDO,CATEGORICAL,categorical,EXHAUSTIVE,READY_CATEGORICAL,infra-estrutura | comercio/servicos | industria | agropecuaria,infraestrutura | comercio e servicos | industria | agropecuaria,NOT_SPECIFIED,MANUAL_PRODUCTION_REVIEW_280,MANUAL_ADJUDICATED,Infra-estrutura | Comércio/Serviços | Indústria | Agropecuária,infraestrutura | comercio e servicos | industria | agropecuaria,NORMALIZED_EQUIVALENT,CONFORMING,,,Conteúdo categórico coincide com F após normalização congelada.,YES,B_B_NORMALIZATION_V1,CORRECT,EQUIVALENT,,CATEGORICAL
BI_021_R10.png,BI,BI_021,R10,11,HIBRIDO,CATEGORICAL,categorical,EXHAUSTIVE,READY_CATEGORICAL,infra-estrutura | comercio/servicos | industria | agropecuaria,infraestrutura | comercio e servicos | industria | agropecuaria,NOT_SPECIFIED,MANUAL_PRODUCTION_REVIEW_280,MANUAL_ADJUDICATED,Infra-estrutura | Comércio/Serviços | Indústria | Agropecuária,infraestrutura | comercio e servicos | industria | agropecuaria,NORMALIZED_EQUIVALENT,CONFORMING,,,Conteúdo categórico coincide com F após normalização congelada.,YES,B_B_NORMALIZATION_V1,CORRECT,EQUIVALENT,,CATEGORICAL
BI_025_R01.png,BI,BI_025,R01,15,HIBRIDO,CATEGORICAL,categorical,EXHAUSTIVE,READY_CATEGORICAL,infra-estrutura | comercio/servicos | industria | agropecuaria,infraestrutura | comercio e servicos | industria | agropecuaria,NOT_SPECIFIED,MANUAL_PRODUCTION_REVIEW_280,MANUAL_ADJUDICATED,Infra-estrutura | Comércio/Serviços | Indústria | Agropecuária,infraestrutura | comercio e servicos | industria | agropecuaria,NORMALIZED_EQUIVALENT,CONFORMING,,,Conteúdo categórico coincide com F após normalização congelada.,YES,B_B_NORMALIZATION_V1,CORRECT,EQUIVALENT,,CATEGORICAL
BI_025_R02.png,BI,BI_025,R02,15,HIBRIDO,CATEGORICAL,categorical,EXHAUSTIVE,READY_CATEGORICAL,infra-estrutura | comercio/servicos | industria | agropecuaria,infraestrutura | comercio e servicos | industria | agropecuaria,NOT_SPECIFIED,MANUAL_PRODUCTION_REVIEW_280,UNEVALUABLE,OUTROS | <AMBIGUOUS> | ...,outros | <ambiguous> | ...,UNEVALUABLE,UNEVALUABLE,,,B-A manual foi marcado como UNEVALUABLE; não entra no denominador B-B.,NO,B_B_NORMALIZATION_V1,CORRECT,UNEVALUABLE,o gráfico tem muitos rótulos e há muita sobreposição,CATEGORICAL
BI_025_R03.png,BI,BI_025,R03,15,HIBRIDO,CATEGORICAL,categorical,EXHAUSTIVE,READY_CATEGORICAL,infra-estrutura | comercio/servicos | industria | agropecuaria,infraestrutura | comercio e servicos | industria | agropecuaria,NOT_SPECIFIED,MANUAL_PRODUCTION_REVIEW_280,UNEVALUABLE,OUTROS | <AMBIGUOUS>,outros | <ambiguous>,UNEVALUABLE,UNEVALUABLE,,,B-A manual foi marcado como UNEVALUABLE; não entra no denominador B-B.,NO,B_B_NORMALIZATION_V1,CORRECT,UNEVALUABLE,,CATEGORICAL
BI_025_R04.png,BI,BI_025,R04,15,HIBRIDO,CATEGORICAL,categorical,EXHAUSTIVE,READY_CATEGORICAL,infra-estrutura | comercio/servicos | industria | agropecuaria,infraestrutura | comercio e servicos | industria | agropecuaria,NOT_SPECIFIED,MANUAL_PRODUCTION_REVIEW_280,UNEVALUABLE,OUTROS | <AMBIGUOUS>,outros | <ambiguous>,UNEVALUABLE,UNEVALUABLE,,,B-A manual foi marcado como UNEVALUABLE; não entra no denominador B-B.,NO,B_B_NORMALIZATION_V1,CORRECT,UNEVALUABLE,muitos rótulos com sobreposição,CATEGORICAL
BI_025_R05.png,BI,BI_025,R05,15,HIBRIDO,CATEGORICAL,categorical,EXHAUSTIVE,READY_CATEGORICAL,infra-estrutura | comercio/servicos | industria | agropecuaria,infraestrutura | comercio e servicos | industria | agropecuaria,NOT_SPECIFIED,MANUAL_PRODUCTION_REVIEW_280,MANUAL_ADJUDICATED,Infra-estrutura | Comércio/Serviços | Indústria | Agropecuária,infraestrutura | comercio e servicos | industria | agropecuaria,NORMALIZED_EQUIVALENT,CONFORMING,,,Conteúdo categórico coincide com F após normalização congelada.,YES,B_B_NORMALIZATION_V1,CORRECT,EQUIVALENT,,CATEGORICAL
BI_025_R06.png,BI,BI_025,R06,15,HIBRIDO,CATEGORICAL,categorical,EXHAUSTIVE,READY_CATEGORICAL,infra-estrutura | comercio/servicos | industria | agropecuaria,infraestrutura | comercio e servicos | industria | agropecuaria,NOT_SPECIFIED,MANUAL_PRODUCTION_REVIEW_280,MANUAL_ADJUDICATED,Infra-estrutura | Comércio/Serviços | Indústria | Agropecuária,infraestrutura | comercio e servicos | industria | agropecuaria,NORMALIZED_EQUIVALENT,CONFORMING,,,Conteúdo categórico coincide com F após normalização congelada.,YES,B_B_NORMALIZATION_V1,CORRECT,PARTIAL,,CATEGORICAL
BI_025_R07.png,BI,BI_025,R07,15,HIBRIDO,CATEGORICAL,categorical,EXHAUSTIVE,READY_CATEGORICAL,infra-estrutura | comercio/servicos | industria | agropecuaria,infraestrutura | comercio e servicos | industria | agropecuaria,NOT_SPECIFIED,MANUAL_PRODUCTION_REVIEW_280,MANUAL_ADJUDICATED,Infra-estrutura | Comércio/Serviços | Indústria | Agropecuária,infraestrutura | comercio e servicos | industria | agropecuaria,NORMALIZED_EQUIVALENT,CONFORMING,,,Conteúdo categórico coincide com F após normalização congelada.,YES,B_B_NORMALIZATION_V1,CORRECT,PARTIAL,,CATEGORICAL
BI_025_R08.png,BI,BI_025,R08,15,HIBRIDO,CATEGORICAL,categorical,EXHAUSTIVE,READY_CATEGORICAL,infra-estrutura | comercio/servicos | industria | agropecuaria,infraestrutura | comercio e servicos | industria | agropecuaria,NOT_SPECIFIED,MANUAL_PRODUCTION_REVIEW_280,MANUAL_ADJUDICATED,Infra-estrutura | Comércio/Serviços | Indústria | Agropecuária,infraestrutura | comercio e servicos | industria | agropecuaria,NORMALIZED_EQUIVALENT,CONFORMING,,,Conteúdo categórico coincide com F após normalização congelada.,YES,B_B_NORMALIZATION_V1,CORRECT,EQUIVALENT,,CATEGORICAL
BI_025_R09.png,BI,BI_025,R09,15,HIBRIDO,CATEGORICAL,categorical,EXHAUSTIVE,READY_CATEGORICAL,infra-estrutura | comercio/servicos | industria | agropecuaria,infraestrutura | comercio e servicos | industria | agropecuaria,NOT_SPECIFIED,MANUAL_PRODUCTION_REVIEW_280,MANUAL_ADJUDICATED,Infra-estrutura | Comércio/Serviços | Indústria | Agropecuária,infraestrutura | comercio e servicos | industria | agropecuaria,NORMALIZED_EQUIVALENT,CONFORMING,,,Conteúdo categórico coincide com F após normalização congelada.,YES,B_B_NORMALIZATION_V1,CORRECT,PARTIAL,inclinado,CATEGORICAL
BI_025_R10.png,BI,BI_025,R10,15,HIBRIDO,CATEGORICAL,categorical,EXHAUSTIVE,READY_CATEGORICAL,infra-estrutura | comercio/servicos | industria | agropecuaria,infraestrutura | comercio e servicos | industria | agropecuaria,NOT_SPECIFIED,MANUAL_PRODUCTION_REVIEW_280,MANUAL_ADJUDICATED,Infra-estrutura | Comércio/Serviços | Indústria | Agropecuária,infraestrutura | comercio e servicos | industria | agropecuaria,NORMALIZED_EQUIVALENT,CONFORMING,,,Conteúdo categórico coincide com F após normalização congelada.,YES,B_B_NORMALIZATION_V1,CORRECT,PARTIAL,inclinado,CATEGORICAL
BI_027_R01.png,BI,BI_027,R01,1,VQL,CATEGORICAL,categorical,EXHAUSTIVE,READY_CATEGORICAL,infra-estrutura | comercio/servicos | industria | agropecuaria,infraestrutura | comercio e servicos | industria | agropecuaria,NOT_SPECIFIED,MANUAL_PRODUCTION_REVIEW_280,MANUAL_ADJUDICATED,Infra-estrutura | Comércio/Serviços | Indústria | Agropecuária,infraestrutura | comercio e servicos | industria | agropecuaria,NORMALIZED_EQUIVALENT,CONFORMING,,,Conteúdo categórico coincide com F após normalização congelada.,YES,B_B_NORMALIZATION_V1,CORRECT,EQUIVALENT,,CATEGORICAL
BI_027_R02.png,BI,BI_027,R02,1,VQL,CATEGORICAL,categorical,EXHAUSTIVE,READY_CATEGORICAL,infra-estrutura | comercio/servicos | industria | agropecuaria,infraestrutura | comercio e servicos | industria | agropecuaria,NOT_SPECIFIED,MANUAL_PRODUCTION_REVIEW_280,MANUAL_ADJUDICATED,Infra-estrutura | Comércio/Serviços | Indústria | Agropecuária,infraestrutura | comercio e servicos | industria | agropecuaria,NORMALIZED_EQUIVALENT,CONFORMING,,,Conteúdo categórico coincide com F após normalização congelada.,YES,B_B_NORMALIZATION_V1,CORRECT,PARTIAL,,CATEGORICAL
BI_027_R03.png,BI,BI_027,R03,1,VQL,CATEGORICAL,categorical,EXHAUSTIVE,READY_CATEGORICAL,infra-estrutura | comercio/servicos | industria | agropecuaria,infraestrutura | comercio e servicos | industria | agropecuaria,NOT_SPECIFIED,MANUAL_PRODUCTION_REVIEW_280,MANUAL_ADJUDICATED,Infra-estrutura | Comércio/Serviços | Indústria | Agropecuária,infraestrutura | comercio e servicos | industria | agropecuaria,NORMALIZED_EQUIVALENT,CONFORMING,,,Conteúdo categórico coincide com F após normalização congelada.,YES,B_B_NORMALIZATION_V1,CORRECT,PARTIAL,,CATEGORICAL
BI_027_R04.png,BI,BI_027,R04,1,VQL,CATEGORICAL,categorical,EXHAUSTIVE,READY_CATEGORICAL,infra-estrutura | comercio/servicos | industria | agropecuaria,infraestrutura | comercio e servicos | industria | agropecuaria,NOT_SPECIFIED,MANUAL_PRODUCTION_REVIEW_280,MANUAL_ADJUDICATED,Infra-estrutura | Comércio/Serviços | Indústria | Agropecuária,infraestrutura | comercio e servicos | industria | agropecuaria,NORMALIZED_EQUIVALENT,CONFORMING,,,Conteúdo categórico coincide com F após normalização congelada.,YES,B_B_NORMALIZATION_V1,CORRECT,PARTIAL,,CATEGORICAL
BI_027_R05.png,BI,BI_027,R05,1,VQL,CATEGORICAL,categorical,EXHAUSTIVE,READY_CATEGORICAL,infra-estrutura | comercio/servicos | industria | agropecuaria,infraestrutura | comercio e servicos | industria | agropecuaria,NOT_SPECIFIED,MANUAL_PRODUCTION_REVIEW_280,MANUAL_ADJUDICATED,Infra-estrutura | Comércio/Serviços | Indústria | Agropecuária,infraestrutura | comercio e servicos | industria | agropecuaria,NORMALIZED_EQUIVALENT,CONFORMING,,,Conteúdo categórico coincide com F após normalização congelada.,YES,B_B_NORMALIZATION_V1,CORRECT,PARTIAL,,CATEGORICAL
BI_027_R06.png,BI,BI_027,R06,1,VQL,CATEGORICAL,categorical,EXHAUSTIVE,READY_CATEGORICAL,infra-estrutura | comercio/servicos | industria | agropecuaria,infraestrutura | comercio e servicos | industria | agropecuaria,NOT_SPECIFIED,MANUAL_PRODUCTION_REVIEW_280,MANUAL_ADJUDICATED,Infra-estrutura | Comércio/Serviços | Indústria | Agropecuária,infraestrutura | comercio e servicos | industria | agropecuaria,NORMALIZED_EQUIVALENT,CONFORMING,,,Conteúdo categórico coincide com F após normalização congelada.,YES,B_B_NORMALIZATION_V1,CORRECT,PARTIAL,,CATEGORICAL
BI_027_R07.png,BI,BI_027,R07,1,VQL,CATEGORICAL,categorical,EXHAUSTIVE,READY_CATEGORICAL,infra-estrutura | comercio/servicos | industria | agropecuaria,infraestrutura | comercio e servicos | industria | agropecuaria,NOT_SPECIFIED,MANUAL_PRODUCTION_REVIEW_280,MANUAL_ADJUDICATED,Infra-estrutura | Comércio/Serviços | Indústria | Agropecuária,infraestrutura | comercio e servicos | industria | agropecuaria,NORMALIZED_EQUIVALENT,CONFORMING,,,Conteúdo categórico coincide com F após normalização congelada.,YES,B_B_NORMALIZATION_V1,CORRECT,PARTIAL,,CATEGORICAL
BI_027_R08.png,BI,BI_027,R08,1,VQL,CATEGORICAL,categorical,EXHAUSTIVE,READY_CATEGORICAL,infra-estrutura | comercio/servicos | industria | agropecuaria,infraestrutura | comercio e servicos | industria | agropecuaria,NOT_SPECIFIED,MANUAL_PRODUCTION_REVIEW_280,MANUAL_ADJUDICATED,Infra-estrutura | Comércio/Serviços | Indústria | Agropecuária,infraestrutura | comercio e servicos | industria | agropecuaria,NORMALIZED_EQUIVALENT,CONFORMING,,,Conteúdo categórico coincide com F após normalização congelada.,YES,B_B_NORMALIZATION_V1,CORRECT,PARTIAL,,CATEGORICAL
BI_027_R09.png,BI,BI_027,R09,1,VQL,CATEGORICAL,categorical,EXHAUSTIVE,READY_CATEGORICAL,infra-estrutura | comercio/servicos | industria | agropecuaria,infraestrutura | comercio e servicos | industria | agropecuaria,NOT_SPECIFIED,MANUAL_PRODUCTION_REVIEW_280,MANUAL_ADJUDICATED,Infra-estrutura | Comércio/Serviços | Indústria | Agropecuária,infraestrutura | comercio e servicos | industria | agropecuaria,NORMALIZED_EQUIVALENT,CONFORMING,,,Conteúdo categórico coincide com F após normalização congelada.,YES,B_B_NORMALIZATION_V1,CORRECT,PARTIAL,,CATEGORICAL
BI_027_R10.png,BI,BI_027,R10,1,VQL,CATEGORICAL,categorical,EXHAUSTIVE,READY_CATEGORICAL,infra-estrutura | comercio/servicos | industria | agropecuaria,infraestrutura | comercio e servicos | industria | agropecuaria,NOT_SPECIFIED,MANUAL_PRODUCTION_REVIEW_280,MANUAL_ADJUDICATED,Infra-estrutura | Comércio/Serviços | Indústria | Agropecuária,infraestrutura | comercio e servicos | industria | agropecuaria,NORMALIZED_EQUIVALENT,CONFORMING,,,Conteúdo categórico coincide com F após normalização congelada.,YES,B_B_NORMALIZATION_V1,CORRECT,PARTIAL,,CATEGORICAL
BI_028_R01.png,BI,BI_028,R01,4,VQL,CATEGORICAL,categorical,EXHAUSTIVE,READY_CATEGORICAL,infraestrutura | comercio/servicos | industria | agropecuaria,infraestrutura | comercio e servicos | industria | agropecuaria,NOT_SPECIFIED,MANUAL_PRODUCTION_REVIEW_280,MANUAL_ADJUDICATED,Infraestrutura | Comércio/Serviços | Indústria | Agropecuária,infraestrutura | comercio e servicos | industria | agropecuaria,NORMALIZED_EQUIVALENT,CONFORMING,,,Conteúdo categórico coincide com F após normalização congelada.,YES,B_B_NORMALIZATION_V1,CORRECT,EQUIVALENT,,CATEGORICAL
BI_028_R02.png,BI,BI_028,R02,4,VQL,CATEGORICAL,categorical,EXHAUSTIVE,READY_CATEGORICAL,infraestrutura | comercio/servicos | industria | agropecuaria,infraestrutura | comercio e servicos | industria | agropecuaria,NOT_SPECIFIED,MANUAL_PRODUCTION_REVIEW_280,MANUAL_ADJUDICATED,Infraestrutura | Comércio/Serviços | Indústria | Agropecuária,infraestrutura | comercio e servicos | industria | agropecuaria,NORMALIZED_EQUIVALENT,CONFORMING,,,Conteúdo categórico coincide com F após normalização congelada.,YES,B_B_NORMALIZATION_V1,CORRECT,PARTIAL,o gráfico é de linha,CATEGORICAL
BI_028_R03.png,BI,BI_028,R03,4,VQL,CATEGORICAL,categorical,EXHAUSTIVE,READY_CATEGORICAL,infraestrutura | comercio/servicos | industria | agropecuaria,infraestrutura | comercio e servicos | industria | agropecuaria,NOT_SPECIFIED,MANUAL_PRODUCTION_REVIEW_280,MANUAL_ADJUDICATED,Indústria de Transformação| Comércio e Serviços | Agropecuária e Pesca,industria de transformacao | comercio e servicos | agropecuaria e pesca,NONCONFORMING_VALUE,NONCONFORMING,infraestrutura | industria | agropecuaria,industria de transformacao | agropecuaria e pesca,Conteúdo categórico difere de F em item(s) não coberto(s) pela normalização congelada.,YES,B_B_NORMALIZATION_V1,CORRECT,WRONG,inclinado,CATEGORICAL
BI_028_R04.png,BI,BI_028,R04,4,VQL,CATEGORICAL,categorical,EXHAUSTIVE,READY_CATEGORICAL,infraestrutura | comercio/servicos | industria | agropecuaria,infraestrutura | comercio e servicos | industria | agropecuaria,NOT_SPECIFIED,MANUAL_PRODUCTION_REVIEW_280,MANUAL_ADJUDICATED,Infraestrutura | Comércio/Serviços | Indústria | Agropecuária,infraestrutura | comercio e servicos | industria | agropecuaria,NORMALIZED_EQUIVALENT,CONFORMING,,,Conteúdo categórico coincide com F após normalização congelada.,YES,B_B_NORMALIZATION_V1,CORRECT,PARTIAL,gráfico de linha,CATEGORICAL
BI_028_R05.png,BI,BI_028,R05,4,VQL,CATEGORICAL,categorical,EXHAUSTIVE,READY_CATEGORICAL,infraestrutura | comercio/servicos | industria | agropecuaria,infraestrutura | comercio e servicos | industria | agropecuaria,NOT_SPECIFIED,MANUAL_PRODUCTION_REVIEW_280,MANUAL_ADJUDICATED,Indústria de Transformação| Comércio e Serviços | Agropecuária e Pesca,industria de transformacao | comercio e servicos | agropecuaria e pesca,NONCONFORMING_VALUE,NONCONFORMING,infraestrutura | industria | agropecuaria,industria de transformacao | agropecuaria e pesca,Conteúdo categórico difere de F em item(s) não coberto(s) pela normalização congelada.,YES,B_B_NORMALIZATION_V1,CORRECT,WRONG,,CATEGORICAL
BI_028_R06.png,BI,BI_028,R06,4,VQL,CATEGORICAL,categorical,EXHAUSTIVE,READY_CATEGORICAL,infraestrutura | comercio/servicos | industria | agropecuaria,infraestrutura | comercio e servicos | industria | agropecuaria,NOT_SPECIFIED,MANUAL_PRODUCTION_REVIEW_280,MANUAL_ADJUDICATED,Infraestrutura | Comércio/Serviços | Indústria | Agropecuária,infraestrutura | comercio e servicos | industria | agropecuaria,NORMALIZED_EQUIVALENT,CONFORMING,,,Conteúdo categórico coincide com F após normalização congelada.,YES,B_B_NORMALIZATION_V1,CORRECT,PARTIAL,gráfico de linha,CATEGORICAL
BI_028_R07.png,BI,BI_028,R07,4,VQL,CATEGORICAL,categorical,EXHAUSTIVE,READY_CATEGORICAL,infraestrutura | comercio/servicos | industria | agropecuaria,infraestrutura | comercio e servicos | industria | agropecuaria,NOT_SPECIFIED,MANUAL_PRODUCTION_REVIEW_280,MANUAL_ADJUDICATED,Infraestrutura | Comércio/Serviços | Indústria | Agropecuária,infraestrutura | comercio e servicos | industria | agropecuaria,NORMALIZED_EQUIVALENT,CONFORMING,,,Conteúdo categórico coincide com F após normalização congelada.,YES,B_B_NORMALIZATION_V1,CORRECT,PARTIAL,gráfico de linha,CATEGORICAL
BI_028_R08.png,BI,BI_028,R08,4,VQL,CATEGORICAL,categorical,EXHAUSTIVE,READY_CATEGORICAL,infraestrutura | comercio/servicos | industria | agropecuaria,infraestrutura | comercio e servicos | industria | agropecuaria,NOT_SPECIFIED,MANUAL_PRODUCTION_REVIEW_280,MANUAL_ADJUDICATED,Infraestrutura | Comércio/Serviços | Indústria | Agropecuária,infraestrutura | comercio e servicos | industria | agropecuaria,NORMALIZED_EQUIVALENT,CONFORMING,,,Conteúdo categórico coincide com F após normalização congelada.,YES,B_B_NORMALIZATION_V1,CORRECT,PARTIAL,,CATEGORICAL
BI_028_R09.png,BI,BI_028,R09,4,VQL,CATEGORICAL,categorical,EXHAUSTIVE,READY_CATEGORICAL,infraestrutura | comercio/servicos | industria | agropecuaria,infraestrutura | comercio e servicos | industria | agropecuaria,NOT_SPECIFIED,MANUAL_PRODUCTION_REVIEW_280,MANUAL_ADJUDICATED,Indústria de Transformação| Comércio e Serviços | Agropecuária e Pesca,industria de transformacao | comercio e servicos | agropecuaria e pesca,NONCONFORMING_VALUE,NONCONFORMING,infraestrutura | industria | agropecuaria,industria de transformacao | agropecuaria e pesca,Conteúdo categórico difere de F em item(s) não coberto(s) pela normalização congelada.,YES,B_B_NORMALIZATION_V1,CORRECT,WRONG,inclinado,CATEGORICAL
BI_028_R10.png,BI,BI_028,R10,4,VQL,CATEGORICAL,categorical,EXHAUSTIVE,READY_CATEGORICAL,infraestrutura | comercio/servicos | industria | agropecuaria,infraestrutura | comercio e servicos | industria | agropecuaria,NOT_SPECIFIED,MANUAL_PRODUCTION_REVIEW_280,MANUAL_ADJUDICATED,Infraestrutura | Comércio/Serviços | Indústria | Agropecuária,infraestrutura | comercio e servicos | industria | agropecuaria,NORMALIZED_EQUIVALENT,CONFORMING,,,Conteúdo categórico coincide com F após normalização congelada.,YES,B_B_NORMALIZATION_V1,CORRECT,PARTIAL,,CATEGORICAL
BI_034_R01.png,BI,BI_034,R01,11,VQL,CATEGORICAL,categorical,EXHAUSTIVE,READY_CATEGORICAL,infra-estrutura | comercio/servicos | industria | agropecuaria,infraestrutura | comercio e servicos | industria | agropecuaria,NOT_SPECIFIED,MANUAL_PRODUCTION_REVIEW_280,MANUAL_ADJUDICATED,Infra-estrutura | Comércio/Serviços | Indústria | Agropecuária,infraestrutura | comercio e servicos | industria | agropecuaria,NORMALIZED_EQUIVALENT,CONFORMING,,,Conteúdo categórico coincide com F após normalização congelada.,YES,B_B_NORMALIZATION_V1,CORRECT,PARTIAL,,CATEGORICAL
BI_034_R02.png,BI,BI_034,R02,11,VQL,CATEGORICAL,categorical,EXHAUSTIVE,READY_CATEGORICAL,infra-estrutura | comercio/servicos | industria | agropecuaria,infraestrutura | comercio e servicos | industria | agropecuaria,NOT_SPECIFIED,MANUAL_PRODUCTION_REVIEW_280,MANUAL_ADJUDICATED,Infra-estrutura | Comércio/Serviços | Indústria | Agropecuária,infraestrutura | comercio e servicos | industria | agropecuaria,NORMALIZED_EQUIVALENT,CONFORMING,,,Conteúdo categórico coincide com F após normalização congelada.,YES,B_B_NORMALIZATION_V1,CORRECT,EQUIVALENT,,CATEGORICAL
BI_034_R03.png,BI,BI_034,R03,11,VQL,CATEGORICAL,categorical,EXHAUSTIVE,READY_CATEGORICAL,infra-estrutura | comercio/servicos | industria | agropecuaria,infraestrutura | comercio e servicos | industria | agropecuaria,NOT_SPECIFIED,MANUAL_PRODUCTION_REVIEW_280,MANUAL_ADJUDICATED,Infra-estrutura | Comércio/Serviços | Indústria | Agropecuária,infraestrutura | comercio e servicos | industria | agropecuaria,NORMALIZED_EQUIVALENT,CONFORMING,,,Conteúdo categórico coincide com F após normalização congelada.,YES,B_B_NORMALIZATION_V1,CORRECT,EQUIVALENT,,CATEGORICAL
BI_034_R04.png,BI,BI_034,R04,11,VQL,CATEGORICAL,categorical,EXHAUSTIVE,READY_CATEGORICAL,infra-estrutura | comercio/servicos | industria | agropecuaria,infraestrutura | comercio e servicos | industria | agropecuaria,NOT_SPECIFIED,MANUAL_PRODUCTION_REVIEW_280,MANUAL_ADJUDICATED,Infra-estrutura | Comércio/Serviços | Indústria | Agropecuária,infraestrutura | comercio e servicos | industria | agropecuaria,NORMALIZED_EQUIVALENT,CONFORMING,,,Conteúdo categórico coincide com F após normalização congelada.,YES,B_B_NORMALIZATION_V1,CORRECT,EQUIVALENT,,CATEGORICAL
BI_034_R05.png,BI,BI_034,R05,11,VQL,CATEGORICAL,categorical,EXHAUSTIVE,READY_CATEGORICAL,infra-estrutura | comercio/servicos | industria | agropecuaria,infraestrutura | comercio e servicos | industria | agropecuaria,NOT_SPECIFIED,MANUAL_PRODUCTION_REVIEW_280,MANUAL_ADJUDICATED,Infra-estrutura | Comércio/Serviços | Indústria | Agropecuária,infraestrutura | comercio e servicos | industria | agropecuaria,NORMALIZED_EQUIVALENT,CONFORMING,,,Conteúdo categórico coincide com F após normalização congelada.,YES,B_B_NORMALIZATION_V1,CORRECT,EQUIVALENT,,CATEGORICAL
BI_034_R06.png,BI,BI_034,R06,11,VQL,CATEGORICAL,categorical,EXHAUSTIVE,READY_CATEGORICAL,infra-estrutura | comercio/servicos | industria | agropecuaria,infraestrutura | comercio e servicos | industria | agropecuaria,NOT_SPECIFIED,MANUAL_PRODUCTION_REVIEW_280,MANUAL_ADJUDICATED,Infra-estrutura | Comércio/Serviços | Indústria | Agropecuária,infraestrutura | comercio e servicos | industria | agropecuaria,NORMALIZED_EQUIVALENT,CONFORMING,,,Conteúdo categórico coincide com F após normalização congelada.,YES,B_B_NORMALIZATION_V1,CORRECT,EQUIVALENT,,CATEGORICAL
BI_034_R07.png,BI,BI_034,R07,11,VQL,CATEGORICAL,categorical,EXHAUSTIVE,READY_CATEGORICAL,infra-estrutura | comercio/servicos | industria | agropecuaria,infraestrutura | comercio e servicos | industria | agropecuaria,NOT_SPECIFIED,MANUAL_PRODUCTION_REVIEW_280,MANUAL_ADJUDICATED,Infra-estrutura | Comércio/Serviços | Indústria | Agropecuária,infraestrutura | comercio e servicos | industria | agropecuaria,NORMALIZED_EQUIVALENT,CONFORMING,,,Conteúdo categórico coincide com F após normalização congelada.,YES,B_B_NORMALIZATION_V1,CORRECT,EQUIVALENT,,CATEGORICAL
BI_034_R08.png,BI,BI_034,R08,11,VQL,CATEGORICAL,categorical,EXHAUSTIVE,READY_CATEGORICAL,infra-estrutura | comercio/servicos | industria | agropecuaria,infraestrutura | comercio e servicos | industria | agropecuaria,NOT_SPECIFIED,MANUAL_PRODUCTION_REVIEW_280,MANUAL_ADJUDICATED,Infra-estrutura | Comércio/Serviços | Indústria | Agropecuária,infraestrutura | comercio e servicos | industria | agropecuaria,NORMALIZED_EQUIVALENT,CONFORMING,,,Conteúdo categórico coincide com F após normalização congelada.,YES,B_B_NORMALIZATION_V1,CORRECT,EQUIVALENT,,CATEGORICAL
BI_034_R09.png,BI,BI_034,R09,11,VQL,CATEGORICAL,categorical,EXHAUSTIVE,READY_CATEGORICAL,infra-estrutura | comercio/servicos | industria | agropecuaria,infraestrutura | comercio e servicos | industria | agropecuaria,NOT_SPECIFIED,MANUAL_PRODUCTION_REVIEW_280,MANUAL_ADJUDICATED,Infra-estrutura | Comércio/Serviços | Indústria | Agropecuária,infraestrutura | comercio e servicos | industria | agropecuaria,NORMALIZED_EQUIVALENT,CONFORMING,,,Conteúdo categórico coincide com F após normalização congelada.,YES,B_B_NORMALIZATION_V1,CORRECT,EQUIVALENT,,CATEGORICAL
BI_034_R10.png,BI,BI_034,R10,11,VQL,CATEGORICAL,categorical,EXHAUSTIVE,READY_CATEGORICAL,infra-estrutura | comercio/servicos | industria | agropecuaria,infraestrutura | comercio e servicos | industria | agropecuaria,NOT_SPECIFIED,MANUAL_PRODUCTION_REVIEW_280,MANUAL_ADJUDICATED,Infra-estrutura | Comércio/Serviços | Indústria | Agropecuária,infraestrutura | comercio e servicos | industria | agropecuaria,NORMALIZED_EQUIVALENT,CONFORMING,,,Conteúdo categórico coincide com F após normalização congelada.,YES,B_B_NORMALIZATION_V1,CORRECT,EQUIVALENT,,CATEGORICAL
BI_038_R01.png,BI,BI_038,R01,15,VQL,CATEGORICAL,categorical,EXHAUSTIVE,READY_CATEGORICAL,infra-estrutura | comercio/servicos | industria | agropecuaria,infraestrutura | comercio e servicos | industria | agropecuaria,NOT_SPECIFIED,MANUAL_PRODUCTION_REVIEW_280,MANUAL_ADJUDICATED,Infra-estrutura | Comércio/Serviços | Indústria | Agropecuária,infraestrutura | comercio e servicos | industria | agropecuaria,NORMALIZED_EQUIVALENT,CONFORMING,,,Conteúdo categórico coincide com F após normalização congelada.,YES,B_B_NORMALIZATION_V1,CORRECT,EQUIVALENT,,CATEGORICAL
BI_038_R02.png,BI,BI_038,R02,15,VQL,CATEGORICAL,categorical,EXHAUSTIVE,READY_CATEGORICAL,infra-estrutura | comercio/servicos | industria | agropecuaria,infraestrutura | comercio e servicos | industria | agropecuaria,NOT_SPECIFIED,MANUAL_PRODUCTION_REVIEW_280,MANUAL_ADJUDICATED,Infra-estrutura | Comércio/Serviços | Indústria | Agropecuária,infraestrutura | comercio e servicos | industria | agropecuaria,NORMALIZED_EQUIVALENT,CONFORMING,,,Conteúdo categórico coincide com F após normalização congelada.,YES,B_B_NORMALIZATION_V1,CORRECT,EQUIVALENT,,CATEGORICAL
BI_038_R03.png,BI,BI_038,R03,15,VQL,CATEGORICAL,categorical,EXHAUSTIVE,READY_CATEGORICAL,infra-estrutura | comercio/servicos | industria | agropecuaria,infraestrutura | comercio e servicos | industria | agropecuaria,NOT_SPECIFIED,MANUAL_PRODUCTION_REVIEW_280,MANUAL_ADJUDICATED,Infra-estrutura | Comércio/Serviços | Indústria | Agropecuária,infraestrutura | comercio e servicos | industria | agropecuaria,NORMALIZED_EQUIVALENT,CONFORMING,,,Conteúdo categórico coincide com F após normalização congelada.,YES,B_B_NORMALIZATION_V1,CORRECT,EQUIVALENT,,CATEGORICAL
BI_038_R04.png,BI,BI_038,R04,15,VQL,CATEGORICAL,categorical,EXHAUSTIVE,READY_CATEGORICAL,infra-estrutura | comercio/servicos | industria | agropecuaria,infraestrutura | comercio e servicos | industria | agropecuaria,NOT_SPECIFIED,MANUAL_PRODUCTION_REVIEW_280,MANUAL_ADJUDICATED,Infra-estrutura | Comércio/Serviços | Indústria | Agropecuária,infraestrutura | comercio e servicos | industria | agropecuaria,NORMALIZED_EQUIVALENT,CONFORMING,,,Conteúdo categórico coincide com F após normalização congelada.,YES,B_B_NORMALIZATION_V1,CORRECT,EQUIVALENT,,CATEGORICAL
BI_038_R05.png,BI,BI_038,R05,15,VQL,CATEGORICAL,categorical,EXHAUSTIVE,READY_CATEGORICAL,infra-estrutura | comercio/servicos | industria | agropecuaria,infraestrutura | comercio e servicos | industria | agropecuaria,NOT_SPECIFIED,MANUAL_PRODUCTION_REVIEW_280,MANUAL_ADJUDICATED,Infra-estrutura | Comércio/Serviços | Indústria | Agropecuária,infraestrutura | comercio e servicos | industria | agropecuaria,NORMALIZED_EQUIVALENT,CONFORMING,,,Conteúdo categórico coincide com F após normalização congelada.,YES,B_B_NORMALIZATION_V1,CORRECT,EQUIVALENT,,CATEGORICAL
BI_038_R06.png,BI,BI_038,R06,15,VQL,CATEGORICAL,categorical,EXHAUSTIVE,READY_CATEGORICAL,infra-estrutura | comercio/servicos | industria | agropecuaria,infraestrutura | comercio e servicos | industria | agropecuaria,NOT_SPECIFIED,MANUAL_PRODUCTION_REVIEW_280,MANUAL_ADJUDICATED,Infra-estrutura | Comércio/Serviços | Indústria | Agropecuária,infraestrutura | comercio e servicos | industria | agropecuaria,NORMALIZED_EQUIVALENT,CONFORMING,,,Conteúdo categórico coincide com F após normalização congelada.,YES,B_B_NORMALIZATION_V1,CORRECT,EQUIVALENT,,CATEGORICAL
BI_038_R07.png,BI,BI_038,R07,15,VQL,CATEGORICAL,categorical,EXHAUSTIVE,READY_CATEGORICAL,infra-estrutura | comercio/servicos | industria | agropecuaria,infraestrutura | comercio e servicos | industria | agropecuaria,NOT_SPECIFIED,MANUAL_PRODUCTION_REVIEW_280,MANUAL_ADJUDICATED,Infra-estrutura | Comércio/Serviços | Indústria | Agropecuária,infraestrutura | comercio e servicos | industria | agropecuaria,NORMALIZED_EQUIVALENT,CONFORMING,,,Conteúdo categórico coincide com F após normalização congelada.,YES,B_B_NORMALIZATION_V1,CORRECT,EQUIVALENT,,CATEGORICAL
BI_038_R08.png,BI,BI_038,R08,15,VQL,CATEGORICAL,categorical,EXHAUSTIVE,READY_CATEGORICAL,infra-estrutura | comercio/servicos | industria | agropecuaria,infraestrutura | comercio e servicos | industria | agropecuaria,NOT_SPECIFIED,MANUAL_PRODUCTION_REVIEW_280,MANUAL_ADJUDICATED,Infra-estrutura | Comércio/Serviços | Indústria | Agropecuária,infraestrutura | comercio e servicos | industria | agropecuaria,NORMALIZED_EQUIVALENT,CONFORMING,,,Conteúdo categórico coincide com F após normalização congelada.,YES,B_B_NORMALIZATION_V1,CORRECT,EQUIVALENT,,CATEGORICAL
BI_038_R09.png,BI,BI_038,R09,15,VQL,CATEGORICAL,categorical,EXHAUSTIVE,READY_CATEGORICAL,infra-estrutura | comercio/servicos | industria | agropecuaria,infraestrutura | comercio e servicos | industria | agropecuaria,NOT_SPECIFIED,MANUAL_PRODUCTION_REVIEW_280,MANUAL_ADJUDICATED,Infra-estrutura | Comércio/Serviços | Indústria | Agropecuária,infraestrutura | comercio e servicos | industria | agropecuaria,NORMALIZED_EQUIVALENT,CONFORMING,,,Conteúdo categórico coincide com F após normalização congelada.,YES,B_B_NORMALIZATION_V1,CORRECT,EQUIVALENT,,CATEGORICAL
BI_038_R10.png,BI,BI_038,R10,15,VQL,CATEGORICAL,categorical,EXHAUSTIVE,READY_CATEGORICAL,infra-estrutura | comercio/servicos | industria | agropecuaria,infraestrutura | comercio e servicos | industria | agropecuaria,NOT_SPECIFIED,MANUAL_PRODUCTION_REVIEW_280,MANUAL_ADJUDICATED,Infra-estrutura | Comércio/Serviços | Indústria | Agropecuária,infraestrutura | comercio e servicos | industria | agropecuaria,NORMALIZED_EQUIVALENT,CONFORMING,,,Conteúdo categórico coincide com F após normalização congelada.,YES,B_B_NORMALIZATION_V1,CORRECT,EQUIVALENT,,CATEGORICAL
BI_040_R01.png,BI,BI_040,R01,1,ZERO-SHOT,CATEGORICAL,categorical,EXHAUSTIVE,READY_CATEGORICAL,infra-estrutura | comercio/servicos | industria | agropecuaria,infraestrutura | comercio e servicos | industria | agropecuaria,NOT_SPECIFIED,MANUAL_PRODUCTION_REVIEW_280,MANUAL_ADJUDICATED,Infra-estrutura | Comércio/Serviços | Indústria | Agropecuária,infraestrutura | comercio e servicos | industria | agropecuaria,NORMALIZED_EQUIVALENT,CONFORMING,,,Conteúdo categórico coincide com F após normalização congelada.,YES,B_B_NORMALIZATION_V1,CORRECT,WRONG,,CATEGORICAL
BI_040_R02.png,BI,BI_040,R02,1,ZERO-SHOT,CATEGORICAL,categorical,EXHAUSTIVE,READY_CATEGORICAL,infra-estrutura | comercio/servicos | industria | agropecuaria,infraestrutura | comercio e servicos | industria | agropecuaria,NOT_SPECIFIED,MANUAL_PRODUCTION_REVIEW_280,MANUAL_ADJUDICATED,Infra-estrutura | Comércio/Serviços | Indústria | Agropecuária,infraestrutura | comercio e servicos | industria | agropecuaria,NORMALIZED_EQUIVALENT,CONFORMING,,,Conteúdo categórico coincide com F após normalização congelada.,YES,B_B_NORMALIZATION_V1,CORRECT,EQUIVALENT,,CATEGORICAL
BI_040_R03.png,BI,BI_040,R03,1,ZERO-SHOT,CATEGORICAL,categorical,EXHAUSTIVE,READY_CATEGORICAL,infra-estrutura | comercio/servicos | industria | agropecuaria,infraestrutura | comercio e servicos | industria | agropecuaria,NOT_SPECIFIED,MANUAL_PRODUCTION_REVIEW_280,MANUAL_ADJUDICATED,Infra-estrutura | Comércio/Serviços | Indústria | Agropecuária,infraestrutura | comercio e servicos | industria | agropecuaria,NORMALIZED_EQUIVALENT,CONFORMING,,,Conteúdo categórico coincide com F após normalização congelada.,YES,B_B_NORMALIZATION_V1,CORRECT,PARTIAL,,CATEGORICAL
BI_040_R04.png,BI,BI_040,R04,1,ZERO-SHOT,CATEGORICAL,categorical,EXHAUSTIVE,READY_CATEGORICAL,infra-estrutura | comercio/servicos | industria | agropecuaria,infraestrutura | comercio e servicos | industria | agropecuaria,NOT_SPECIFIED,MANUAL_PRODUCTION_REVIEW_280,MANUAL_ADJUDICATED,Infra-estrutura | Comércio/Serviços | Indústria | Agropecuária,infraestrutura | comercio e servicos | industria | agropecuaria,NORMALIZED_EQUIVALENT,CONFORMING,,,Conteúdo categórico coincide com F após normalização congelada.,YES,B_B_NORMALIZATION_V1,CORRECT,EQUIVALENT,,CATEGORICAL
BI_040_R05.png,BI,BI_040,R05,1,ZERO-SHOT,CATEGORICAL,categorical,EXHAUSTIVE,READY_CATEGORICAL,infra-estrutura | comercio/servicos | industria | agropecuaria,infraestrutura | comercio e servicos | industria | agropecuaria,NOT_SPECIFIED,MANUAL_PRODUCTION_REVIEW_280,MANUAL_ADJUDICATED,Infra-estrutura | Comércio/Serviços | Indústria | Agropecuária,infraestrutura | comercio e servicos | industria | agropecuaria,NORMALIZED_EQUIVALENT,CONFORMING,,,Conteúdo categórico coincide com F após normalização congelada.,YES,B_B_NORMALIZATION_V1,CORRECT,EQUIVALENT,,CATEGORICAL
BI_040_R06.png,BI,BI_040,R06,1,ZERO-SHOT,CATEGORICAL,categorical,EXHAUSTIVE,READY_CATEGORICAL,infra-estrutura | comercio/servicos | industria | agropecuaria,infraestrutura | comercio e servicos | industria | agropecuaria,NOT_SPECIFIED,MANUAL_PRODUCTION_REVIEW_280,UNEVALUABLE,Infra-estrutura | Comércio/Serviços | Indústria | Agropecuária,infraestrutura | comercio e servicos | industria | agropecuaria,UNEVALUABLE,UNEVALUABLE,,,B-A manual foi marcado como UNEVALUABLE; não entra no denominador B-B.,NO,B_B_NORMALIZATION_V1,UNEVALUABLE,UNEVALUABLE,,CATEGORICAL
BI_040_R07.png,BI,BI_040,R07,1,ZERO-SHOT,CATEGORICAL,categorical,EXHAUSTIVE,READY_CATEGORICAL,infra-estrutura | comercio/servicos | industria | agropecuaria,infraestrutura | comercio e servicos | industria | agropecuaria,NOT_SPECIFIED,MANUAL_PRODUCTION_REVIEW_280,MANUAL_ADJUDICATED,Infra-estrutura | Comércio/Serviços | Indústria | Agropecuária,infraestrutura | comercio e servicos | industria | agropecuaria,NORMALIZED_EQUIVALENT,CONFORMING,,,Conteúdo categórico coincide com F após normalização congelada.,YES,B_B_NORMALIZATION_V1,CORRECT,PARTIAL,,CATEGORICAL
BI_040_R08.png,BI,BI_040,R08,1,ZERO-SHOT,CATEGORICAL,categorical,EXHAUSTIVE,READY_CATEGORICAL,infra-estrutura | comercio/servicos | industria | agropecuaria,infraestrutura | comercio e servicos | industria | agropecuaria,NOT_SPECIFIED,MANUAL_PRODUCTION_REVIEW_280,MANUAL_ADJUDICATED,Infra-estrutura | Comércio/Serviços | Indústria | Agropecuária,infraestrutura | comercio e servicos | industria | agropecuaria,NORMALIZED_EQUIVALENT,CONFORMING,,,Conteúdo categórico coincide com F após normalização congelada.,YES,B_B_NORMALIZATION_V1,CORRECT,PARTIAL,,CATEGORICAL
BI_040_R09.png,BI,BI_040,R09,1,ZERO-SHOT,CATEGORICAL,categorical,EXHAUSTIVE,READY_CATEGORICAL,infra-estrutura | comercio/servicos | industria | agropecuaria,infraestrutura | comercio e servicos | industria | agropecuaria,NOT_SPECIFIED,MANUAL_PRODUCTION_REVIEW_280,MANUAL_ADJUDICATED,Infra-estrutura | Comércio/Serviços | Indústria | Agropecuária,infraestrutura | comercio e servicos | industria | agropecuaria,NORMALIZED_EQUIVALENT,CONFORMING,,,Conteúdo categórico coincide com F após normalização congelada.,YES,B_B_NORMALIZATION_V1,CORRECT,PARTIAL,,CATEGORICAL
BI_040_R10.png,BI,BI_040,R10,1,ZERO-SHOT,CATEGORICAL,categorical,EXHAUSTIVE,READY_CATEGORICAL,infra-estrutura | comercio/servicos | industria | agropecuaria,infraestrutura | comercio e servicos | industria | agropecuaria,NOT_SPECIFIED,MANUAL_PRODUCTION_REVIEW_280,MANUAL_ADJUDICATED,Infra-estrutura | Comércio/Serviços | Indústria | Agropecuária,infraestrutura | comercio e servicos | industria | agropecuaria,NORMALIZED_EQUIVALENT,CONFORMING,,,Conteúdo categórico coincide com F após normalização congelada.,YES,B_B_NORMALIZATION_V1,CORRECT,PARTIAL,,CATEGORICAL
BI_041_R01.png,BI,BI_041,R01,4,ZERO-SHOT,CATEGORICAL,categorical,EXHAUSTIVE,READY_CATEGORICAL,infraestrutura | comercio/servicos | industria | agropecuaria,infraestrutura | comercio e servicos | industria | agropecuaria,NOT_SPECIFIED,MANUAL_PRODUCTION_REVIEW_280,MANUAL_ADJUDICATED,Infra-estrutura | Comércio/Serviços | Indústria | Agropecuária,infraestrutura | comercio e servicos | industria | agropecuaria,NORMALIZED_EQUIVALENT,CONFORMING,,,Conteúdo categórico coincide com F após normalização congelada.,YES,B_B_NORMALIZATION_V1,CORRECT,PARTIAL,,CATEGORICAL
BI_041_R02.png,BI,BI_041,R02,4,ZERO-SHOT,CATEGORICAL,categorical,EXHAUSTIVE,READY_CATEGORICAL,infraestrutura | comercio/servicos | industria | agropecuaria,infraestrutura | comercio e servicos | industria | agropecuaria,NOT_SPECIFIED,MANUAL_PRODUCTION_REVIEW_280,MANUAL_ADJUDICATED,Infraestrutura | Comércio/Serviços | Indústria | Agropecuária,infraestrutura | comercio e servicos | industria | agropecuaria,NORMALIZED_EQUIVALENT,CONFORMING,,,Conteúdo categórico coincide com F após normalização congelada.,YES,B_B_NORMALIZATION_V1,CORRECT,PARTIAL,,CATEGORICAL
BI_041_R03.png,BI,BI_041,R03,4,ZERO-SHOT,CATEGORICAL,categorical,EXHAUSTIVE,READY_CATEGORICAL,infraestrutura | comercio/servicos | industria | agropecuaria,infraestrutura | comercio e servicos | industria | agropecuaria,NOT_SPECIFIED,MANUAL_PRODUCTION_REVIEW_280,MANUAL_ADJUDICATED,Infraestrutura | Comércio/Serviços | Indústria | Agropecuária,infraestrutura | comercio e servicos | industria | agropecuaria,NORMALIZED_EQUIVALENT,CONFORMING,,,Conteúdo categórico coincide com F após normalização congelada.,YES,B_B_NORMALIZATION_V1,CORRECT,WRONG,gráfico de barras horizontal,CATEGORICAL
BI_041_R04.png,BI,BI_041,R04,4,ZERO-SHOT,CATEGORICAL,categorical,EXHAUSTIVE,READY_CATEGORICAL,infraestrutura | comercio/servicos | industria | agropecuaria,infraestrutura | comercio e servicos | industria | agropecuaria,NOT_SPECIFIED,MANUAL_PRODUCTION_REVIEW_280,UNEVALUABLE,Infraestrutura | Comércio/Serviços | Indústria | Agropecuária,infraestrutura | comercio e servicos | industria | agropecuaria,UNEVALUABLE,UNEVALUABLE,,,B-A manual foi marcado como UNEVALUABLE; não entra no denominador B-B.,NO,B_B_NORMALIZATION_V1,UNEVALUABLE,UNEVALUABLE,inclinado,CATEGORICAL
BI_041_R05.png,BI,BI_041,R05,4,ZERO-SHOT,CATEGORICAL,categorical,EXHAUSTIVE,READY_CATEGORICAL,infraestrutura | comercio/servicos | industria | agropecuaria,infraestrutura | comercio e servicos | industria | agropecuaria,NOT_SPECIFIED,MANUAL_PRODUCTION_REVIEW_280,MANUAL_ADJUDICATED,Infraestrutura | Comércio/Serviços | Indústria | Agropecuária,infraestrutura | comercio e servicos | industria | agropecuaria,NORMALIZED_EQUIVALENT,CONFORMING,,,Conteúdo categórico coincide com F após normalização congelada.,YES,B_B_NORMALIZATION_V1,CORRECT,WRONG,barras  horizontal,CATEGORICAL
BI_041_R06.png,BI,BI_041,R06,4,ZERO-SHOT,CATEGORICAL,categorical,EXHAUSTIVE,READY_CATEGORICAL,infraestrutura | comercio/servicos | industria | agropecuaria,infraestrutura | comercio e servicos | industria | agropecuaria,NOT_SPECIFIED,MANUAL_PRODUCTION_REVIEW_280,MANUAL_ADJUDICATED,Infraestrutura | Comércio/Serviços | Indústria | Agropecuária,infraestrutura | comercio e servicos | industria | agropecuaria,NORMALIZED_EQUIVALENT,CONFORMING,,,Conteúdo categórico coincide com F após normalização congelada.,YES,B_B_NORMALIZATION_V1,CORRECT,PARTIAL,,CATEGORICAL
BI_041_R07.png,BI,BI_041,R07,4,ZERO-SHOT,CATEGORICAL,categorical,EXHAUSTIVE,READY_CATEGORICAL,infraestrutura | comercio/servicos | industria | agropecuaria,infraestrutura | comercio e servicos | industria | agropecuaria,NOT_SPECIFIED,MANUAL_PRODUCTION_REVIEW_280,UNEVALUABLE,Infraestrutura | Comércio/Serviços | Indústria | Agropecuária,infraestrutura | comercio e servicos | industria | agropecuaria,UNEVALUABLE,UNEVALUABLE,,,B-A manual foi marcado como UNEVALUABLE; não entra no denominador B-B.,NO,B_B_NORMALIZATION_V1,UNEVALUABLE,UNEVALUABLE,inclinado,CATEGORICAL
BI_041_R08.png,BI,BI_041,R08,4,ZERO-SHOT,CATEGORICAL,categorical,EXHAUSTIVE,READY_CATEGORICAL,infraestrutura | comercio/servicos | industria | agropecuaria,infraestrutura | comercio e servicos | industria | agropecuaria,NOT_SPECIFIED,MANUAL_PRODUCTION_REVIEW_280,MANUAL_ADJUDICATED,Infraestrutura | Comércio/Serviços | Indústria | Agropecuária,infraestrutura | comercio e servicos | industria | agropecuaria,NORMALIZED_EQUIVALENT,CONFORMING,,,Conteúdo categórico coincide com F após normalização congelada.,YES,B_B_NORMALIZATION_V1,CORRECT,PARTIAL,,CATEGORICAL
BI_041_R09.png,BI,BI_041,R09,4,ZERO-SHOT,CATEGORICAL,categorical,EXHAUSTIVE,READY_CATEGORICAL,infraestrutura | comercio/servicos | industria | agropecuaria,infraestrutura | comercio e servicos | industria | agropecuaria,NOT_SPECIFIED,MANUAL_PRODUCTION_REVIEW_280,UNEVALUABLE,Infraestrutura | Comércio/Serviços | Indústria | Agropecuária,infraestrutura | comercio e servicos | industria | agropecuaria,UNEVALUABLE,UNEVALUABLE,,,B-A manual foi marcado como UNEVALUABLE; não entra no denominador B-B.,NO,B_B_NORMALIZATION_V1,UNEVALUABLE,UNEVALUABLE,inclinado,CATEGORICAL
BI_041_R10.png,BI,BI_041,R10,4,ZERO-SHOT,CATEGORICAL,categorical,EXHAUSTIVE,READY_CATEGORICAL,infraestrutura | comercio/servicos | industria | agropecuaria,infraestrutura | comercio e servicos | industria | agropecuaria,NOT_SPECIFIED,MANUAL_PRODUCTION_REVIEW_280,MANUAL_ADJUDICATED,Infraestrutura | Comércio/Serviços | Indústria | Agropecuária,infraestrutura | comercio e servicos | industria | agropecuaria,NORMALIZED_EQUIVALENT,CONFORMING,,,Conteúdo categórico coincide com F após normalização congelada.,YES,B_B_NORMALIZATION_V1,CORRECT,PARTIAL,,CATEGORICAL
BI_047_R01.png,BI,BI_047,R01,11,ZERO-SHOT,CATEGORICAL,categorical,EXHAUSTIVE,READY_CATEGORICAL,infra-estrutura | comercio/servicos | industria | agropecuaria,infraestrutura | comercio e servicos | industria | agropecuaria,NOT_SPECIFIED,MANUAL_PRODUCTION_REVIEW_280,MANUAL_ADJUDICATED,Infra-estrutura | Comércio/Serviços | Indústria | Agropecuária,infraestrutura | comercio e servicos | industria | agropecuaria,NORMALIZED_EQUIVALENT,CONFORMING,,,Conteúdo categórico coincide com F após normalização congelada.,YES,B_B_NORMALIZATION_V1,CORRECT,EQUIVALENT,,CATEGORICAL
BI_047_R02.png,BI,BI_047,R02,11,ZERO-SHOT,CATEGORICAL,categorical,EXHAUSTIVE,READY_CATEGORICAL,infra-estrutura | comercio/servicos | industria | agropecuaria,infraestrutura | comercio e servicos | industria | agropecuaria,NOT_SPECIFIED,MANUAL_PRODUCTION_REVIEW_280,MANUAL_ADJUDICATED,Infra-estrutura | Comércio/Serviços | Indústria | Agropecária,infraestrutura | comercio e servicos | industria | agropecaria,NONCONFORMING_VALUE,NONCONFORMING,agropecuaria,agropecaria,Conteúdo categórico difere de F em item(s) não coberto(s) pela normalização congelada.,YES,B_B_NORMALIZATION_V1,CORRECT,PARTIAL,,CATEGORICAL
BI_047_R03.png,BI,BI_047,R03,11,ZERO-SHOT,CATEGORICAL,categorical,EXHAUSTIVE,READY_CATEGORICAL,infra-estrutura | comercio/servicos | industria | agropecuaria,infraestrutura | comercio e servicos | industria | agropecuaria,NOT_SPECIFIED,MANUAL_PRODUCTION_REVIEW_280,MANUAL_ADJUDICATED,Infra-estrutura | Comércio/Serviços | Indústria | Agropecária,infraestrutura | comercio e servicos | industria | agropecaria,NONCONFORMING_VALUE,NONCONFORMING,agropecuaria,agropecaria,Conteúdo categórico difere de F em item(s) não coberto(s) pela normalização congelada.,YES,B_B_NORMALIZATION_V1,CORRECT,PARTIAL,,CATEGORICAL
BI_047_R04.png,BI,BI_047,R04,11,ZERO-SHOT,CATEGORICAL,categorical,EXHAUSTIVE,READY_CATEGORICAL,infra-estrutura | comercio/servicos | industria | agropecuaria,infraestrutura | comercio e servicos | industria | agropecuaria,NOT_SPECIFIED,MANUAL_PRODUCTION_REVIEW_280,MANUAL_ADJUDICATED,Infra-estrutura | Comércio/Serviços | Indústria | Agropecuária,infraestrutura | comercio e servicos | industria | agropecuaria,NORMALIZED_EQUIVALENT,CONFORMING,,,Conteúdo categórico coincide com F após normalização congelada.,YES,B_B_NORMALIZATION_V1,CORRECT,PARTIAL,,CATEGORICAL
BI_047_R05.png,BI,BI_047,R05,11,ZERO-SHOT,CATEGORICAL,categorical,EXHAUSTIVE,READY_CATEGORICAL,infra-estrutura | comercio/servicos | industria | agropecuaria,infraestrutura | comercio e servicos | industria | agropecuaria,NOT_SPECIFIED,MANUAL_PRODUCTION_REVIEW_280,MANUAL_ADJUDICATED,Infra-estrutura | Comércio/Serviços | Indústria | Agropecária,infraestrutura | comercio e servicos | industria | agropecaria,NONCONFORMING_VALUE,NONCONFORMING,agropecuaria,agropecaria,Conteúdo categórico difere de F em item(s) não coberto(s) pela normalização congelada.,YES,B_B_NORMALIZATION_V1,CORRECT,PARTIAL,,CATEGORICAL
BI_047_R06.png,BI,BI_047,R06,11,ZERO-SHOT,CATEGORICAL,categorical,EXHAUSTIVE,READY_CATEGORICAL,infra-estrutura | comercio/servicos | industria | agropecuaria,infraestrutura | comercio e servicos | industria | agropecuaria,NOT_SPECIFIED,MANUAL_PRODUCTION_REVIEW_280,MANUAL_ADJUDICATED,Infra-estrutura | Comércio/Serviços | Indústria | Agropecária,infraestrutura | comercio e servicos | industria | agropecaria,NONCONFORMING_VALUE,NONCONFORMING,agropecuaria,agropecaria,Conteúdo categórico difere de F em item(s) não coberto(s) pela normalização congelada.,YES,B_B_NORMALIZATION_V1,CORRECT,PARTIAL,,CATEGORICAL
BI_047_R07.png,BI,BI_047,R07,11,ZERO-SHOT,CATEGORICAL,categorical,EXHAUSTIVE,READY_CATEGORICAL,infra-estrutura | comercio/servicos | industria | agropecuaria,infraestrutura | comercio e servicos | industria | agropecuaria,NOT_SPECIFIED,MANUAL_PRODUCTION_REVIEW_280,MANUAL_ADJUDICATED,Infra-estrutura | Comércio/Serviços | Indústria | Agropecária,infraestrutura | comercio e servicos | industria | agropecaria,NONCONFORMING_VALUE,NONCONFORMING,agropecuaria,agropecaria,Conteúdo categórico difere de F em item(s) não coberto(s) pela normalização congelada.,YES,B_B_NORMALIZATION_V1,CORRECT,PARTIAL,,CATEGORICAL
BI_047_R08.png,BI,BI_047,R08,11,ZERO-SHOT,CATEGORICAL,categorical,EXHAUSTIVE,READY_CATEGORICAL,infra-estrutura | comercio/servicos | industria | agropecuaria,infraestrutura | comercio e servicos | industria | agropecuaria,NOT_SPECIFIED,MANUAL_PRODUCTION_REVIEW_280,MANUAL_ADJUDICATED,Infra-estrutura | Comércio/Serviços | Indústria | Agropecária,infraestrutura | comercio e servicos | industria | agropecaria,NONCONFORMING_VALUE,NONCONFORMING,agropecuaria,agropecaria,Conteúdo categórico difere de F em item(s) não coberto(s) pela normalização congelada.,YES,B_B_NORMALIZATION_V1,CORRECT,PARTIAL,,CATEGORICAL
BI_047_R09.png,BI,BI_047,R09,11,ZERO-SHOT,CATEGORICAL,categorical,EXHAUSTIVE,READY_CATEGORICAL,infra-estrutura | comercio/servicos | industria | agropecuaria,infraestrutura | comercio e servicos | industria | agropecuaria,NOT_SPECIFIED,MANUAL_PRODUCTION_REVIEW_280,MANUAL_ADJUDICATED,Infra-estrutura | Comércio/Serviços | Indústria | Agropecária,infraestrutura | comercio e servicos | industria | agropecaria,NONCONFORMING_VALUE,NONCONFORMING,agropecuaria,agropecaria,Conteúdo categórico difere de F em item(s) não coberto(s) pela normalização congelada.,YES,B_B_NORMALIZATION_V1,CORRECT,PARTIAL,,CATEGORICAL
BI_047_R10.png,BI,BI_047,R10,11,ZERO-SHOT,CATEGORICAL,categorical,EXHAUSTIVE,READY_CATEGORICAL,infra-estrutura | comercio/servicos | industria | agropecuaria,infraestrutura | comercio e servicos | industria | agropecuaria,NOT_SPECIFIED,MANUAL_PRODUCTION_REVIEW_280,MANUAL_ADJUDICATED,Infra-estrutura | Comércio/Serviços | Indústria | Agropecária,infraestrutura | comercio e servicos | industria | agropecaria,NONCONFORMING_VALUE,NONCONFORMING,agropecuaria,agropecaria,Conteúdo categórico difere de F em item(s) não coberto(s) pela normalização congelada.,YES,B_B_NORMALIZATION_V1,CORRECT,PARTIAL,,CATEGORICAL
BI_051_R01.png,BI,BI_051,R01,15,ZERO-SHOT,CATEGORICAL,categorical,EXHAUSTIVE,READY_CATEGORICAL,infra-estrutura | comercio/servicos | industria | agropecuaria,infraestrutura | comercio e servicos | industria | agropecuaria,NOT_SPECIFIED,MANUAL_PRODUCTION_REVIEW_280,MANUAL_ADJUDICATED,Infra-estrutura | Comércio/Serviços | Indústria | Agropecuária,infraestrutura | comercio e servicos | industria | agropecuaria,NORMALIZED_EQUIVALENT,CONFORMING,,,Conteúdo categórico coincide com F após normalização congelada.,YES,B_B_NORMALIZATION_V1,CORRECT,EQUIVALENT,,CATEGORICAL
BI_051_R02.png,BI,BI_051,R02,15,ZERO-SHOT,CATEGORICAL,categorical,EXHAUSTIVE,READY_CATEGORICAL,infra-estrutura | comercio/servicos | industria | agropecuaria,infraestrutura | comercio e servicos | industria | agropecuaria,NOT_SPECIFIED,MANUAL_PRODUCTION_REVIEW_280,MANUAL_ADJUDICATED,Comércio e Serviços | Indústria de Transformação| Agropecuária e Pesca,comercio e servicos | industria de transformacao | agropecuaria e pesca,NONCONFORMING_VALUE,NONCONFORMING,infraestrutura | industria | agropecuaria,industria de transformacao | agropecuaria e pesca,Conteúdo categórico difere de F em item(s) não coberto(s) pela normalização congelada.,YES,B_B_NORMALIZATION_V1,CORRECT,PARTIAL,inclinado,CATEGORICAL
BI_051_R03.png,BI,BI_051,R03,15,ZERO-SHOT,CATEGORICAL,categorical,EXHAUSTIVE,READY_CATEGORICAL,infra-estrutura | comercio/servicos | industria | agropecuaria,infraestrutura | comercio e servicos | industria | agropecuaria,NOT_SPECIFIED,MANUAL_PRODUCTION_REVIEW_280,MANUAL_ADJUDICATED,Comércio e Serviços | Indústria de Transformação| Agropecuária e Pesca,comercio e servicos | industria de transformacao | agropecuaria e pesca,NONCONFORMING_VALUE,NONCONFORMING,infraestrutura | industria | agropecuaria,industria de transformacao | agropecuaria e pesca,Conteúdo categórico difere de F em item(s) não coberto(s) pela normalização congelada.,YES,B_B_NORMALIZATION_V1,CORRECT,PARTIAL,inclinado,CATEGORICAL
BI_051_R04.png,BI,BI_051,R04,15,ZERO-SHOT,CATEGORICAL,categorical,EXHAUSTIVE,READY_CATEGORICAL,infra-estrutura | comercio/servicos | industria | agropecuaria,infraestrutura | comercio e servicos | industria | agropecuaria,NOT_SPECIFIED,MANUAL_PRODUCTION_REVIEW_280,MANUAL_ADJUDICATED,Comércio e Serviços | Indústria de Transformação| Agropecuária e Pesca,comercio e servicos | industria de transformacao | agropecuaria e pesca,NONCONFORMING_VALUE,NONCONFORMING,infraestrutura | industria | agropecuaria,industria de transformacao | agropecuaria e pesca,Conteúdo categórico difere de F em item(s) não coberto(s) pela normalização congelada.,YES,B_B_NORMALIZATION_V1,CORRECT,PARTIAL,inclinado,CATEGORICAL
BI_051_R05.png,BI,BI_051,R05,15,ZERO-SHOT,CATEGORICAL,categorical,EXHAUSTIVE,READY_CATEGORICAL,infra-estrutura | comercio/servicos | industria | agropecuaria,infraestrutura | comercio e servicos | industria | agropecuaria,NOT_SPECIFIED,MANUAL_PRODUCTION_REVIEW_280,MANUAL_ADJUDICATED,Comércio e Serviços | Indústria de Transformação| Agropecuária e Pesca,comercio e servicos | industria de transformacao | agropecuaria e pesca,NONCONFORMING_VALUE,NONCONFORMING,infraestrutura | industria | agropecuaria,industria de transformacao | agropecuaria e pesca,Conteúdo categórico difere de F em item(s) não coberto(s) pela normalização congelada.,YES,B_B_NORMALIZATION_V1,CORRECT,PARTIAL,inclinado,CATEGORICAL
BI_051_R06.png,BI,BI_051,R06,15,ZERO-SHOT,CATEGORICAL,categorical,EXHAUSTIVE,READY_CATEGORICAL,infra-estrutura | comercio/servicos | industria | agropecuaria,infraestrutura | comercio e servicos | industria | agropecuaria,NOT_SPECIFIED,MANUAL_PRODUCTION_REVIEW_280,MANUAL_ADJUDICATED,Comércio e Serviços | Indústria de Transformação| Agropecuária e Pesca,comercio e servicos | industria de transformacao | agropecuaria e pesca,NONCONFORMING_VALUE,NONCONFORMING,infraestrutura | industria | agropecuaria,industria de transformacao | agropecuaria e pesca,Conteúdo categórico difere de F em item(s) não coberto(s) pela normalização congelada.,YES,B_B_NORMALIZATION_V1,CORRECT,PARTIAL,inclinado,CATEGORICAL
BI_051_R07.png,BI,BI_051,R07,15,ZERO-SHOT,CATEGORICAL,categorical,EXHAUSTIVE,READY_CATEGORICAL,infra-estrutura | comercio/servicos | industria | agropecuaria,infraestrutura | comercio e servicos | industria | agropecuaria,NOT_SPECIFIED,MANUAL_PRODUCTION_REVIEW_280,MANUAL_ADJUDICATED,Comércio e Serviços | Indústria de Transformação| Agropecuária e Pesca,comercio e servicos | industria de transformacao | agropecuaria e pesca,NONCONFORMING_VALUE,NONCONFORMING,infraestrutura | industria | agropecuaria,industria de transformacao | agropecuaria e pesca,Conteúdo categórico difere de F em item(s) não coberto(s) pela normalização congelada.,YES,B_B_NORMALIZATION_V1,CORRECT,PARTIAL,inclinado,CATEGORICAL
BI_051_R08.png,BI,BI_051,R08,15,ZERO-SHOT,CATEGORICAL,categorical,EXHAUSTIVE,READY_CATEGORICAL,infra-estrutura | comercio/servicos | industria | agropecuaria,infraestrutura | comercio e servicos | industria | agropecuaria,NOT_SPECIFIED,MANUAL_PRODUCTION_REVIEW_280,MANUAL_ADJUDICATED,Comércio e Serviços | Indústria de Transformação| Agropecuária e Pesca,comercio e servicos | industria de transformacao | agropecuaria e pesca,NONCONFORMING_VALUE,NONCONFORMING,infraestrutura | industria | agropecuaria,industria de transformacao | agropecuaria e pesca,Conteúdo categórico difere de F em item(s) não coberto(s) pela normalização congelada.,YES,B_B_NORMALIZATION_V1,CORRECT,PARTIAL,inclinado,CATEGORICAL
BI_051_R09.png,BI,BI_051,R09,15,ZERO-SHOT,CATEGORICAL,categorical,EXHAUSTIVE,READY_CATEGORICAL,infra-estrutura | comercio/servicos | industria | agropecuaria,infraestrutura | comercio e servicos | industria | agropecuaria,NOT_SPECIFIED,MANUAL_PRODUCTION_REVIEW_280,MANUAL_ADJUDICATED,Comércio e Serviços | Indústria de Transformação| Agropecuária e Pesca,comercio e servicos | industria de transformacao | agropecuaria e pesca,NONCONFORMING_VALUE,NONCONFORMING,infraestrutura | industria | agropecuaria,industria de transformacao | agropecuaria e pesca,Conteúdo categórico difere de F em item(s) não coberto(s) pela normalização congelada.,YES,B_B_NORMALIZATION_V1,CORRECT,PARTIAL,inclinado,CATEGORICAL
BI_051_R10.png,BI,BI_051,R10,15,ZERO-SHOT,CATEGORICAL,categorical,EXHAUSTIVE,READY_CATEGORICAL,infra-estrutura | comercio/servicos | industria | agropecuaria,infraestrutura | comercio e servicos | industria | agropecuaria,NOT_SPECIFIED,MANUAL_PRODUCTION_REVIEW_280,MANUAL_ADJUDICATED,Comércio e Serviços | Indústria de Transformação| Agropecuária e Pesca,comercio e servicos | industria de transformacao | agropecuaria e pesca,NONCONFORMING_VALUE,NONCONFORMING,infraestrutura | industria | agropecuaria,industria de transformacao | agropecuaria e pesca,Conteúdo categórico difere de F em item(s) não coberto(s) pela normalização congelada.,YES,B_B_NORMALIZATION_V1,CORRECT,PARTIAL,inclinado,CATEGORICAL
BC_006_R01.png,BC,BC_006,1,9,FEW-SHOT,Y,numeric,EXHAUSTIVE,READY_ADJUDICATED_MALFORMED_TOKEN,R$ 0 | R$ 200M | R$ 400M | R$ 600M | R$ 800M,0 | 200000000 | 400000000 | 600000000 | 800000000,NOT_SPECIFIED,MANUAL_ADJUDICATED,MANUAL_ADJUDICATED,R$0 | R$ 200M | R$ 400M | R$ 600M | R$ 800M,0 | 200000000 | 400000000 | 600000000 | 800000000,NORMALIZED_EQUIVALENT,CONFORMING,,,Conteúdo observado coincide com F após normalização congelada.,YES,B_B_NORMALIZATION_V1,,,,V7_TEMPORAL_NUMERIC
BC_006_R02.png,BC,BC_006,2,9,FEW-SHOT,Y,numeric,EXHAUSTIVE,READY_ADJUDICATED_MALFORMED_TOKEN,R$ 0 | R$ 200M | R$ 400M | R$ 600M | R$ 800M,0 | 200000000 | 400000000 | 600000000 | 800000000,NOT_SPECIFIED,MANUAL_ADJUDICATED,MANUAL_ADJUDICATED,R$0 | R$ 200M | R$ 400M | R$ 600M | R$ 800M,0 | 200000000 | 400000000 | 600000000 | 800000000,NORMALIZED_EQUIVALENT,CONFORMING,,,Conteúdo observado coincide com F após normalização congelada.,YES,B_B_NORMALIZATION_V1,,,,V7_TEMPORAL_NUMERIC
BC_006_R03.png,BC,BC_006,3,9,FEW-SHOT,Y,numeric,EXHAUSTIVE,READY_ADJUDICATED_MALFORMED_TOKEN,R$ 0 | R$ 200M | R$ 400M | R$ 600M | R$ 800M,0 | 200000000 | 400000000 | 600000000 | 800000000,NOT_SPECIFIED,AUTO_VALIDATED_FROZEN_GATE,AUTO_VALIDATED,0|2e+08|4e+08|6e+08|8e+08,0 | 200000000 | 400000000 | 600000000 | 800000000,NORMALIZED_EQUIVALENT,CONFORMING,,,Conteúdo observado coincide com F após normalização congelada.,YES,B_B_NORMALIZATION_V1,,,,V7_TEMPORAL_NUMERIC
BC_006_R04.png,BC,BC_006,4,9,FEW-SHOT,Y,numeric,EXHAUSTIVE,READY_ADJUDICATED_MALFORMED_TOKEN,R$ 0 | R$ 200M | R$ 400M | R$ 600M | R$ 800M,0 | 200000000 | 400000000 | 600000000 | 800000000,NOT_SPECIFIED,MANUAL_ADJUDICATED,MANUAL_ADJUDICATED,R$0 | R$ 200M | R$ 400M | R$ 600M | R$ 800M,0 | 200000000 | 400000000 | 600000000 | 800000000,NORMALIZED_EQUIVALENT,CONFORMING,,,Conteúdo observado coincide com F após normalização congelada.,YES,B_B_NORMALIZATION_V1,,,,V7_TEMPORAL_NUMERIC
BC_006_R05.png,BC,BC_006,5,9,FEW-SHOT,Y,numeric,EXHAUSTIVE,READY_ADJUDICATED_MALFORMED_TOKEN,R$ 0 | R$ 200M | R$ 400M | R$ 600M | R$ 800M,0 | 200000000 | 400000000 | 600000000 | 800000000,NOT_SPECIFIED,AUTO_VALIDATED_FROZEN_GATE,AUTO_VALIDATED,0|2e+08|4e+08|6e+08|8e+08,0 | 200000000 | 400000000 | 600000000 | 800000000,NORMALIZED_EQUIVALENT,CONFORMING,,,Conteúdo observado coincide com F após normalização congelada.,YES,B_B_NORMALIZATION_V1,,,,V7_TEMPORAL_NUMERIC
BC_006_R06.png,BC,BC_006,6,9,FEW-SHOT,Y,numeric,EXHAUSTIVE,READY_ADJUDICATED_MALFORMED_TOKEN,R$ 0 | R$ 200M | R$ 400M | R$ 600M | R$ 800M,0 | 200000000 | 400000000 | 600000000 | 800000000,NOT_SPECIFIED,MANUAL_ADJUDICATED,MANUAL_ADJUDICATED,R$0 | R$ 200M | R$ 400M | R$ 600M | R$ 800M,0 | 200000000 | 400000000 | 600000000 | 800000000,NORMALIZED_EQUIVALENT,CONFORMING,,,Conteúdo observado coincide com F após normalização congelada.,YES,B_B_NORMALIZATION_V1,,,,V7_TEMPORAL_NUMERIC
BC_006_R07.png,BC,BC_006,7,9,FEW-SHOT,Y,numeric,EXHAUSTIVE,READY_ADJUDICATED_MALFORMED_TOKEN,R$ 0 | R$ 200M | R$ 400M | R$ 600M | R$ 800M,0 | 200000000 | 400000000 | 600000000 | 800000000,NOT_SPECIFIED,AUTO_VALIDATED_FROZEN_GATE,AUTO_VALIDATED,0|2e+08|4e+08|6e+08|8e+08,0 | 200000000 | 400000000 | 600000000 | 800000000,NORMALIZED_EQUIVALENT,CONFORMING,,,Conteúdo observado coincide com F após normalização congelada.,YES,B_B_NORMALIZATION_V1,,,,V7_TEMPORAL_NUMERIC
BC_006_R08.png,BC,BC_006,8,9,FEW-SHOT,Y,numeric,EXHAUSTIVE,READY_ADJUDICATED_MALFORMED_TOKEN,R$ 0 | R$ 200M | R$ 400M | R$ 600M | R$ 800M,0 | 200000000 | 400000000 | 600000000 | 800000000,NOT_SPECIFIED,MANUAL_ADJUDICATED,MANUAL_ADJUDICATED,R$ 0 | R$ 200M | R$ 400M | R$ 600M | R$ 800M,0 | 200000000 | 400000000 | 600000000 | 800000000,NORMALIZED_EQUIVALENT,CONFORMING,,,Conteúdo observado coincide com F após normalização congelada.,YES,B_B_NORMALIZATION_V1,,,,V7_TEMPORAL_NUMERIC
BC_006_R09.png,BC,BC_006,9,9,FEW-SHOT,Y,numeric,EXHAUSTIVE,READY_ADJUDICATED_MALFORMED_TOKEN,R$ 0 | R$ 200M | R$ 400M | R$ 600M | R$ 800M,0 | 200000000 | 400000000 | 600000000 | 800000000,NOT_SPECIFIED,AUTO_VALIDATED_FROZEN_GATE,AUTO_VALIDATED,0|2e+08|4e+08|6e+08|8e+08,0 | 200000000 | 400000000 | 600000000 | 800000000,NORMALIZED_EQUIVALENT,CONFORMING,,,Conteúdo observado coincide com F após normalização congelada.,YES,B_B_NORMALIZATION_V1,,,,V7_TEMPORAL_NUMERIC
BC_006_R10.png,BC,BC_006,10,9,FEW-SHOT,Y,numeric,EXHAUSTIVE,READY_ADJUDICATED_MALFORMED_TOKEN,R$ 0 | R$ 200M | R$ 400M | R$ 600M | R$ 800M,0 | 200000000 | 400000000 | 600000000 | 800000000,NOT_SPECIFIED,AUTO_VALIDATED_FROZEN_GATE,AUTO_VALIDATED,0|2e+08|4e+08|6e+08|8e+08,0 | 200000000 | 400000000 | 600000000 | 800000000,NORMALIZED_EQUIVALENT,CONFORMING,,,Conteúdo observado coincide com F após normalização congelada.,YES,B_B_NORMALIZATION_V1,,,,V7_TEMPORAL_NUMERIC
BC_007_R01.png,BC,BC_007,1,10,FEW-SHOT,Y,numeric,EXHAUSTIVE,READY_RANGE_STEP,0M | 100M | 200M | 300M | 400M | 500M | 600M | 700M | 800M | 900M,0 | 100000000 | 200000000 | 300000000 | 400000000 | 500000000 | 600000000 | 700000000 | 800000000 | 900000000,NOT_SPECIFIED,MANUAL_ADJUDICATED,MANUAL_ADJUDICATED,0 | 1 | 2 | 3 |4 |5 |6 |7 |8| 9,0 | 1 | 2 | 3 | 4 | 5 | 6 | 7 | 8 | 9,NONCONFORMING_VALUE,NONCONFORMING,100000000 | 200000000 | 300000000 | 400000000 | 500000000 | 600000000 | 700000000 | 800000000 | 900000000,1 | 2 | 3 | 4 | 5 | 6 | 7 | 8 | 9,Conteúdo observado difere da lista exaustiva de F.,YES,B_B_NORMALIZATION_V1,,,,V7_TEMPORAL_NUMERIC
BC_007_R02.png,BC,BC_007,2,10,FEW-SHOT,Y,numeric,EXHAUSTIVE,READY_RANGE_STEP,0M | 100M | 200M | 300M | 400M | 500M | 600M | 700M | 800M | 900M,0 | 100000000 | 200000000 | 300000000 | 400000000 | 500000000 | 600000000 | 700000000 | 800000000 | 900000000,NOT_SPECIFIED,AUTO_VALIDATED_FROZEN_GATE,AUTO_VALIDATED,0|1e+08|2e+08|3e+08|4e+08|5e+08|6e+08|7e+08|8e+08|9e+08,0 | 100000000 | 200000000 | 300000000 | 400000000 | 500000000 | 600000000 | 700000000 | 800000000 | 900000000,NORMALIZED_EQUIVALENT,CONFORMING,,,Conteúdo observado coincide com F após normalização congelada.,YES,B_B_NORMALIZATION_V1,,,,V7_TEMPORAL_NUMERIC
BC_007_R03.png,BC,BC_007,3,10,FEW-SHOT,Y,numeric,EXHAUSTIVE,READY_RANGE_STEP,0M | 100M | 200M | 300M | 400M | 500M | 600M | 700M | 800M | 900M,0 | 100000000 | 200000000 | 300000000 | 400000000 | 500000000 | 600000000 | 700000000 | 800000000 | 900000000,NOT_SPECIFIED,AUTO_VALIDATED_FROZEN_GATE,AUTO_VALIDATED,0|1e+08|2e+08|3e+08|4e+08|5e+08|6e+08|7e+08|8e+08|9e+08,0 | 100000000 | 200000000 | 300000000 | 400000000 | 500000000 | 600000000 | 700000000 | 800000000 | 900000000,NORMALIZED_EQUIVALENT,CONFORMING,,,Conteúdo observado coincide com F após normalização congelada.,YES,B_B_NORMALIZATION_V1,,,,V7_TEMPORAL_NUMERIC
BC_007_R04.png,BC,BC_007,4,10,FEW-SHOT,Y,numeric,EXHAUSTIVE,READY_RANGE_STEP,0M | 100M | 200M | 300M | 400M | 500M | 600M | 700M | 800M | 900M,0 | 100000000 | 200000000 | 300000000 | 400000000 | 500000000 | 600000000 | 700000000 | 800000000 | 900000000,NOT_SPECIFIED,AUTO_VALIDATED_FROZEN_GATE,AUTO_VALIDATED,0|1e+08|2e+08|3e+08|4e+08|5e+08|6e+08|7e+08|8e+08|9e+08,0 | 100000000 | 200000000 | 300000000 | 400000000 | 500000000 | 600000000 | 700000000 | 800000000 | 900000000,NORMALIZED_EQUIVALENT,CONFORMING,,,Conteúdo observado coincide com F após normalização congelada.,YES,B_B_NORMALIZATION_V1,,,,V7_TEMPORAL_NUMERIC
BC_007_R05.png,BC,BC_007,5,10,FEW-SHOT,Y,numeric,EXHAUSTIVE,READY_RANGE_STEP,0M | 100M | 200M | 300M | 400M | 500M | 600M | 700M | 800M | 900M,0 | 100000000 | 200000000 | 300000000 | 400000000 | 500000000 | 600000000 | 700000000 | 800000000 | 900000000,NOT_SPECIFIED,AUTO_VALIDATED_FROZEN_GATE,AUTO_VALIDATED,0|1e+08|2e+08|3e+08|4e+08|5e+08|6e+08|7e+08|8e+08|9e+08,0 | 100000000 | 200000000 | 300000000 | 400000000 | 500000000 | 600000000 | 700000000 | 800000000 | 900000000,NORMALIZED_EQUIVALENT,CONFORMING,,,Conteúdo observado coincide com F após normalização congelada.,YES,B_B_NORMALIZATION_V1,,,,V7_TEMPORAL_NUMERIC
BC_007_R06.png,BC,BC_007,6,10,FEW-SHOT,Y,numeric,EXHAUSTIVE,READY_RANGE_STEP,0M | 100M | 200M | 300M | 400M | 500M | 600M | 700M | 800M | 900M,0 | 100000000 | 200000000 | 300000000 | 400000000 | 500000000 | 600000000 | 700000000 | 800000000 | 900000000,NOT_SPECIFIED,AUTO_VALIDATED_FROZEN_GATE,AUTO_VALIDATED,0|1e+08|2e+08|3e+08|4e+08|5e+08|6e+08|7e+08|8e+08|9e+08,0 | 100000000 | 200000000 | 300000000 | 400000000 | 500000000 | 600000000 | 700000000 | 800000000 | 900000000,NORMALIZED_EQUIVALENT,CONFORMING,,,Conteúdo observado coincide com F após normalização congelada.,YES,B_B_NORMALIZATION_V1,,,,V7_TEMPORAL_NUMERIC
BC_007_R07.png,BC,BC_007,7,10,FEW-SHOT,Y,numeric,EXHAUSTIVE,READY_RANGE_STEP,0M | 100M | 200M | 300M | 400M | 500M | 600M | 700M | 800M | 900M,0 | 100000000 | 200000000 | 300000000 | 400000000 | 500000000 | 600000000 | 700000000 | 800000000 | 900000000,NOT_SPECIFIED,AUTO_VALIDATED_FROZEN_GATE,AUTO_VALIDATED,0|1e+08|2e+08|3e+08|4e+08|5e+08|6e+08|7e+08|8e+08|9e+08,0 | 100000000 | 200000000 | 300000000 | 400000000 | 500000000 | 600000000 | 700000000 | 800000000 | 900000000,NORMALIZED_EQUIVALENT,CONFORMING,,,Conteúdo observado coincide com F após normalização congelada.,YES,B_B_NORMALIZATION_V1,,,,V7_TEMPORAL_NUMERIC
BC_007_R08.png,BC,BC_007,8,10,FEW-SHOT,Y,numeric,EXHAUSTIVE,READY_RANGE_STEP,0M | 100M | 200M | 300M | 400M | 500M | 600M | 700M | 800M | 900M,0 | 100000000 | 200000000 | 300000000 | 400000000 | 500000000 | 600000000 | 700000000 | 800000000 | 900000000,NOT_SPECIFIED,AUTO_VALIDATED_FROZEN_GATE,AUTO_VALIDATED,0|1e+08|2e+08|3e+08|4e+08|5e+08|6e+08|7e+08|8e+08|9e+08,0 | 100000000 | 200000000 | 300000000 | 400000000 | 500000000 | 600000000 | 700000000 | 800000000 | 900000000,NORMALIZED_EQUIVALENT,CONFORMING,,,Conteúdo observado coincide com F após normalização congelada.,YES,B_B_NORMALIZATION_V1,,,,V7_TEMPORAL_NUMERIC
BC_007_R09.png,BC,BC_007,9,10,FEW-SHOT,Y,numeric,EXHAUSTIVE,READY_RANGE_STEP,0M | 100M | 200M | 300M | 400M | 500M | 600M | 700M | 800M | 900M,0 | 100000000 | 200000000 | 300000000 | 400000000 | 500000000 | 600000000 | 700000000 | 800000000 | 900000000,NOT_SPECIFIED,AUTO_VALIDATED_FROZEN_GATE,AUTO_VALIDATED,0|1e+08|2e+08|3e+08|4e+08|5e+08|6e+08|7e+08|8e+08|9e+08,0 | 100000000 | 200000000 | 300000000 | 400000000 | 500000000 | 600000000 | 700000000 | 800000000 | 900000000,NORMALIZED_EQUIVALENT,CONFORMING,,,Conteúdo observado coincide com F após normalização congelada.,YES,B_B_NORMALIZATION_V1,,,,V7_TEMPORAL_NUMERIC
BC_007_R10.png,BC,BC_007,10,10,FEW-SHOT,Y,numeric,EXHAUSTIVE,READY_RANGE_STEP,0M | 100M | 200M | 300M | 400M | 500M | 600M | 700M | 800M | 900M,0 | 100000000 | 200000000 | 300000000 | 400000000 | 500000000 | 600000000 | 700000000 | 800000000 | 900000000,NOT_SPECIFIED,AUTO_VALIDATED_FROZEN_GATE,AUTO_VALIDATED,0|1e+08|2e+08|3e+08|4e+08|5e+08|6e+08|7e+08|8e+08|9e+08,0 | 100000000 | 200000000 | 300000000 | 400000000 | 500000000 | 600000000 | 700000000 | 800000000 | 900000000,NORMALIZED_EQUIVALENT,CONFORMING,,,Conteúdo observado coincide com F após normalização congelada.,YES,B_B_NORMALIZATION_V1,,,,V7_TEMPORAL_NUMERIC
BC_010_R01.png,BC,BC_010,1,13,FEW-SHOT,Y,numeric,EXHAUSTIVE,READY_EXPLICIT_LIST,0 | 200M | 400M | 600M | 800M,0 | 200000000 | 400000000 | 600000000 | 800000000,NOT_SPECIFIED,AUTO_VALIDATED_FROZEN_GATE,AUTO_VALIDATED,0|2e+08|4e+08|6e+08|8e+08,0 | 200000000 | 400000000 | 600000000 | 800000000,NORMALIZED_EQUIVALENT,CONFORMING,,,Conteúdo observado coincide com F após normalização congelada.,YES,B_B_NORMALIZATION_V1,,,,V7_TEMPORAL_NUMERIC
BC_010_R02.png,BC,BC_010,2,13,FEW-SHOT,Y,numeric,EXHAUSTIVE,READY_EXPLICIT_LIST,0 | 200M | 400M | 600M | 800M,0 | 200000000 | 400000000 | 600000000 | 800000000,NOT_SPECIFIED,AUTO_VALIDATED_FROZEN_GATE,AUTO_VALIDATED,0|2e+08|4e+08|6e+08|8e+08,0 | 200000000 | 400000000 | 600000000 | 800000000,NORMALIZED_EQUIVALENT,CONFORMING,,,Conteúdo observado coincide com F após normalização congelada.,YES,B_B_NORMALIZATION_V1,,,,V7_TEMPORAL_NUMERIC
BC_010_R03.png,BC,BC_010,3,13,FEW-SHOT,Y,numeric,EXHAUSTIVE,READY_EXPLICIT_LIST,0 | 200M | 400M | 600M | 800M,0 | 200000000 | 400000000 | 600000000 | 800000000,NOT_SPECIFIED,AUTO_VALIDATED_FROZEN_GATE,AUTO_VALIDATED,0|2e+08|4e+08|6e+08|8e+08,0 | 200000000 | 400000000 | 600000000 | 800000000,NORMALIZED_EQUIVALENT,CONFORMING,,,Conteúdo observado coincide com F após normalização congelada.,YES,B_B_NORMALIZATION_V1,,,,V7_TEMPORAL_NUMERIC
BC_010_R04.png,BC,BC_010,4,13,FEW-SHOT,Y,numeric,EXHAUSTIVE,READY_EXPLICIT_LIST,0 | 200M | 400M | 600M | 800M,0 | 200000000 | 400000000 | 600000000 | 800000000,NOT_SPECIFIED,MANUAL_ADJUDICATED,MANUAL_ADJUDICATED,R$ 0 | R$ 200M | R$ 400M | R$ 600M | R$ 800M,0 | 200000000 | 400000000 | 600000000 | 800000000,NORMALIZED_EQUIVALENT,CONFORMING,,,Conteúdo observado coincide com F após normalização congelada.,YES,B_B_NORMALIZATION_V1,,,,V7_TEMPORAL_NUMERIC
BC_010_R05.png,BC,BC_010,5,13,FEW-SHOT,Y,numeric,EXHAUSTIVE,READY_EXPLICIT_LIST,0 | 200M | 400M | 600M | 800M,0 | 200000000 | 400000000 | 600000000 | 800000000,NOT_SPECIFIED,AUTO_VALIDATED_FROZEN_GATE,AUTO_VALIDATED,0|2e+08|4e+08|6e+08|8e+08,0 | 200000000 | 400000000 | 600000000 | 800000000,NORMALIZED_EQUIVALENT,CONFORMING,,,Conteúdo observado coincide com F após normalização congelada.,YES,B_B_NORMALIZATION_V1,,,,V7_TEMPORAL_NUMERIC
BC_010_R06.png,BC,BC_010,6,13,FEW-SHOT,Y,numeric,EXHAUSTIVE,READY_EXPLICIT_LIST,0 | 200M | 400M | 600M | 800M,0 | 200000000 | 400000000 | 600000000 | 800000000,NOT_SPECIFIED,AUTO_VALIDATED_FROZEN_GATE,AUTO_VALIDATED,0|2e+08|4e+08|6e+08|8e+08,0 | 200000000 | 400000000 | 600000000 | 800000000,NORMALIZED_EQUIVALENT,CONFORMING,,,Conteúdo observado coincide com F após normalização congelada.,YES,B_B_NORMALIZATION_V1,,,,V7_TEMPORAL_NUMERIC
BC_010_R07.png,BC,BC_010,7,13,FEW-SHOT,Y,numeric,EXHAUSTIVE,READY_EXPLICIT_LIST,0 | 200M | 400M | 600M | 800M,0 | 200000000 | 400000000 | 600000000 | 800000000,NOT_SPECIFIED,AUTO_VALIDATED_FROZEN_GATE,AUTO_VALIDATED,0|2e+08|4e+08|6e+08|8e+08,0 | 200000000 | 400000000 | 600000000 | 800000000,NORMALIZED_EQUIVALENT,CONFORMING,,,Conteúdo observado coincide com F após normalização congelada.,YES,B_B_NORMALIZATION_V1,,,,V7_TEMPORAL_NUMERIC
BC_010_R08.png,BC,BC_010,8,13,FEW-SHOT,Y,numeric,EXHAUSTIVE,READY_EXPLICIT_LIST,0 | 200M | 400M | 600M | 800M,0 | 200000000 | 400000000 | 600000000 | 800000000,NOT_SPECIFIED,AUTO_VALIDATED_FROZEN_GATE,AUTO_VALIDATED,0|2e+08|4e+08|6e+08|8e+08,0 | 200000000 | 400000000 | 600000000 | 800000000,NORMALIZED_EQUIVALENT,CONFORMING,,,Conteúdo observado coincide com F após normalização congelada.,YES,B_B_NORMALIZATION_V1,,,,V7_TEMPORAL_NUMERIC
BC_010_R09.png,BC,BC_010,9,13,FEW-SHOT,Y,numeric,EXHAUSTIVE,READY_EXPLICIT_LIST,0 | 200M | 400M | 600M | 800M,0 | 200000000 | 400000000 | 600000000 | 800000000,NOT_SPECIFIED,AUTO_VALIDATED_FROZEN_GATE,AUTO_VALIDATED,0|2e+08|4e+08|6e+08|8e+08,0 | 200000000 | 400000000 | 600000000 | 800000000,NORMALIZED_EQUIVALENT,CONFORMING,,,Conteúdo observado coincide com F após normalização congelada.,YES,B_B_NORMALIZATION_V1,,,,V7_TEMPORAL_NUMERIC
BC_010_R10.png,BC,BC_010,10,13,FEW-SHOT,Y,numeric,EXHAUSTIVE,READY_EXPLICIT_LIST,0 | 200M | 400M | 600M | 800M,0 | 200000000 | 400000000 | 600000000 | 800000000,NOT_SPECIFIED,AUTO_VALIDATED_FROZEN_GATE,AUTO_VALIDATED,0|2e+08|4e+08|6e+08|8e+08,0 | 200000000 | 400000000 | 600000000 | 800000000,NORMALIZED_EQUIVALENT,CONFORMING,,,Conteúdo observado coincide com F após normalização congelada.,YES,B_B_NORMALIZATION_V1,,,,V7_TEMPORAL_NUMERIC
BC_019_R01.png,BC,BC_019,1,9,HIBRIDO,Y,numeric,EXHAUSTIVE,READY_ADJUDICATED_MALFORMED_TOKEN,R$ 0 | R$ 200M | R$ 400M | R$ 600M | R$ 800M,0 | 200000000 | 400000000 | 600000000 | 800000000,NOT_SPECIFIED,AUTO_VALIDATED_FROZEN_GATE,AUTO_VALIDATED,0|2e+08|4e+08|6e+08|8e+08,0 | 200000000 | 400000000 | 600000000 | 800000000,NORMALIZED_EQUIVALENT,CONFORMING,,,Conteúdo observado coincide com F após normalização congelada.,YES,B_B_NORMALIZATION_V1,,,,V7_TEMPORAL_NUMERIC
BC_019_R02.png,BC,BC_019,2,9,HIBRIDO,Y,numeric,EXHAUSTIVE,READY_ADJUDICATED_MALFORMED_TOKEN,R$ 0 | R$ 200M | R$ 400M | R$ 600M | R$ 800M,0 | 200000000 | 400000000 | 600000000 | 800000000,NOT_SPECIFIED,AUTO_VALIDATED_FROZEN_GATE,AUTO_VALIDATED,0|2e+08|4e+08|6e+08|8e+08,0 | 200000000 | 400000000 | 600000000 | 800000000,NORMALIZED_EQUIVALENT,CONFORMING,,,Conteúdo observado coincide com F após normalização congelada.,YES,B_B_NORMALIZATION_V1,,,,V7_TEMPORAL_NUMERIC
BC_019_R03.png,BC,BC_019,3,9,HIBRIDO,Y,numeric,EXHAUSTIVE,READY_ADJUDICATED_MALFORMED_TOKEN,R$ 0 | R$ 200M | R$ 400M | R$ 600M | R$ 800M,0 | 200000000 | 400000000 | 600000000 | 800000000,NOT_SPECIFIED,AUTO_VALIDATED_FROZEN_GATE,AUTO_VALIDATED,0|2e+08|4e+08|6e+08|8e+08,0 | 200000000 | 400000000 | 600000000 | 800000000,NORMALIZED_EQUIVALENT,CONFORMING,,,Conteúdo observado coincide com F após normalização congelada.,YES,B_B_NORMALIZATION_V1,,,,V7_TEMPORAL_NUMERIC
BC_019_R04.png,BC,BC_019,4,9,HIBRIDO,Y,numeric,EXHAUSTIVE,READY_ADJUDICATED_MALFORMED_TOKEN,R$ 0 | R$ 200M | R$ 400M | R$ 600M | R$ 800M,0 | 200000000 | 400000000 | 600000000 | 800000000,NOT_SPECIFIED,AUTO_VALIDATED_FROZEN_GATE,AUTO_VALIDATED,0|2e+08|4e+08|6e+08|8e+08,0 | 200000000 | 400000000 | 600000000 | 800000000,NORMALIZED_EQUIVALENT,CONFORMING,,,Conteúdo observado coincide com F após normalização congelada.,YES,B_B_NORMALIZATION_V1,,,,V7_TEMPORAL_NUMERIC
BC_019_R05.png,BC,BC_019,5,9,HIBRIDO,Y,numeric,EXHAUSTIVE,READY_ADJUDICATED_MALFORMED_TOKEN,R$ 0 | R$ 200M | R$ 400M | R$ 600M | R$ 800M,0 | 200000000 | 400000000 | 600000000 | 800000000,NOT_SPECIFIED,AUTO_VALIDATED_FROZEN_GATE,AUTO_VALIDATED,0|2e+08|4e+08|6e+08|8e+08,0 | 200000000 | 400000000 | 600000000 | 800000000,NORMALIZED_EQUIVALENT,CONFORMING,,,Conteúdo observado coincide com F após normalização congelada.,YES,B_B_NORMALIZATION_V1,,,,V7_TEMPORAL_NUMERIC
BC_019_R06.png,BC,BC_019,6,9,HIBRIDO,Y,numeric,EXHAUSTIVE,READY_ADJUDICATED_MALFORMED_TOKEN,R$ 0 | R$ 200M | R$ 400M | R$ 600M | R$ 800M,0 | 200000000 | 400000000 | 600000000 | 800000000,NOT_SPECIFIED,AUTO_VALIDATED_FROZEN_GATE,AUTO_VALIDATED,0|2e+08|4e+08|6e+08|8e+08,0 | 200000000 | 400000000 | 600000000 | 800000000,NORMALIZED_EQUIVALENT,CONFORMING,,,Conteúdo observado coincide com F após normalização congelada.,YES,B_B_NORMALIZATION_V1,,,,V7_TEMPORAL_NUMERIC
BC_019_R07.png,BC,BC_019,7,9,HIBRIDO,Y,numeric,EXHAUSTIVE,READY_ADJUDICATED_MALFORMED_TOKEN,R$ 0 | R$ 200M | R$ 400M | R$ 600M | R$ 800M,0 | 200000000 | 400000000 | 600000000 | 800000000,NOT_SPECIFIED,AUTO_VALIDATED_FROZEN_GATE,AUTO_VALIDATED,0|2e+08|4e+08|6e+08|8e+08,0 | 200000000 | 400000000 | 600000000 | 800000000,NORMALIZED_EQUIVALENT,CONFORMING,,,Conteúdo observado coincide com F após normalização congelada.,YES,B_B_NORMALIZATION_V1,,,,V7_TEMPORAL_NUMERIC
BC_019_R08.png,BC,BC_019,8,9,HIBRIDO,Y,numeric,EXHAUSTIVE,READY_ADJUDICATED_MALFORMED_TOKEN,R$ 0 | R$ 200M | R$ 400M | R$ 600M | R$ 800M,0 | 200000000 | 400000000 | 600000000 | 800000000,NOT_SPECIFIED,AUTO_VALIDATED_FROZEN_GATE,AUTO_VALIDATED,0|2e+08|4e+08|6e+08|8e+08,0 | 200000000 | 400000000 | 600000000 | 800000000,NORMALIZED_EQUIVALENT,CONFORMING,,,Conteúdo observado coincide com F após normalização congelada.,YES,B_B_NORMALIZATION_V1,,,,V7_TEMPORAL_NUMERIC
BC_019_R09.png,BC,BC_019,9,9,HIBRIDO,Y,numeric,EXHAUSTIVE,READY_ADJUDICATED_MALFORMED_TOKEN,R$ 0 | R$ 200M | R$ 400M | R$ 600M | R$ 800M,0 | 200000000 | 400000000 | 600000000 | 800000000,NOT_SPECIFIED,AUTO_VALIDATED_FROZEN_GATE,AUTO_VALIDATED,0|2e+08|4e+08|6e+08|8e+08,0 | 200000000 | 400000000 | 600000000 | 800000000,NORMALIZED_EQUIVALENT,CONFORMING,,,Conteúdo observado coincide com F após normalização congelada.,YES,B_B_NORMALIZATION_V1,,,,V7_TEMPORAL_NUMERIC
BC_019_R10.png,BC,BC_019,10,9,HIBRIDO,Y,numeric,EXHAUSTIVE,READY_ADJUDICATED_MALFORMED_TOKEN,R$ 0 | R$ 200M | R$ 400M | R$ 600M | R$ 800M,0 | 200000000 | 400000000 | 600000000 | 800000000,NOT_SPECIFIED,AUTO_VALIDATED_FROZEN_GATE,AUTO_VALIDATED,0|2e+08|4e+08|6e+08|8e+08,0 | 200000000 | 400000000 | 600000000 | 800000000,NORMALIZED_EQUIVALENT,CONFORMING,,,Conteúdo observado coincide com F após normalização congelada.,YES,B_B_NORMALIZATION_V1,,,,V7_TEMPORAL_NUMERIC
BC_020_R01.png,BC,BC_020,1,10,HIBRIDO,Y,numeric,EXHAUSTIVE,READY_RANGE_STEP,0M | 100M | 200M | 300M | 400M | 500M | 600M | 700M | 800M | 900M,0 | 100000000 | 200000000 | 300000000 | 400000000 | 500000000 | 600000000 | 700000000 | 800000000 | 900000000,NOT_SPECIFIED,MANUAL_AUDIT_AUTO_NONCONFORMING,MANUAL_ADJUDICATED,0 | 100 | 200 | 300 | 400 | 500 | 600 | 700 | 800 | 900,0 | 100 | 200 | 300 | 400 | 500 | 600 | 700 | 800 | 900,NONCONFORMING_VALUE,NONCONFORMING,100000000 | 200000000 | 300000000 | 400000000 | 500000000 | 600000000 | 700000000 | 800000000 | 900000000,100 | 200 | 300 | 400 | 500 | 600 | 700 | 800 | 900,Resultado atualizado após auditoria manual cega de B-A.,YES,B_B_NORMALIZATION_V1,,,,V7_TEMPORAL_NUMERIC
BC_020_R02.png,BC,BC_020,2,10,HIBRIDO,Y,numeric,EXHAUSTIVE,READY_RANGE_STEP,0M | 100M | 200M | 300M | 400M | 500M | 600M | 700M | 800M | 900M,0 | 100000000 | 200000000 | 300000000 | 400000000 | 500000000 | 600000000 | 700000000 | 800000000 | 900000000,NOT_SPECIFIED,AUTO_VALIDATED_FROZEN_GATE,AUTO_VALIDATED,0|1e+08|2e+08|3e+08|4e+08|5e+08|6e+08|7e+08|8e+08|9e+08,0 | 100000000 | 200000000 | 300000000 | 400000000 | 500000000 | 600000000 | 700000000 | 800000000 | 900000000,NORMALIZED_EQUIVALENT,CONFORMING,,,Conteúdo observado coincide com F após normalização congelada.,YES,B_B_NORMALIZATION_V1,,,,V7_TEMPORAL_NUMERIC
BC_020_R03.png,BC,BC_020,3,10,HIBRIDO,Y,numeric,EXHAUSTIVE,READY_RANGE_STEP,0M | 100M | 200M | 300M | 400M | 500M | 600M | 700M | 800M | 900M,0 | 100000000 | 200000000 | 300000000 | 400000000 | 500000000 | 600000000 | 700000000 | 800000000 | 900000000,NOT_SPECIFIED,AUTO_VALIDATED_FROZEN_GATE,AUTO_VALIDATED,0|1e+08|2e+08|3e+08|4e+08|5e+08|6e+08|7e+08|8e+08|9e+08,0 | 100000000 | 200000000 | 300000000 | 400000000 | 500000000 | 600000000 | 700000000 | 800000000 | 900000000,NORMALIZED_EQUIVALENT,CONFORMING,,,Conteúdo observado coincide com F após normalização congelada.,YES,B_B_NORMALIZATION_V1,,,,V7_TEMPORAL_NUMERIC
BC_020_R04.png,BC,BC_020,4,10,HIBRIDO,Y,numeric,EXHAUSTIVE,READY_RANGE_STEP,0M | 100M | 200M | 300M | 400M | 500M | 600M | 700M | 800M | 900M,0 | 100000000 | 200000000 | 300000000 | 400000000 | 500000000 | 600000000 | 700000000 | 800000000 | 900000000,NOT_SPECIFIED,AUTO_VALIDATED_FROZEN_GATE,AUTO_VALIDATED,0|1e+08|2e+08|3e+08|4e+08|5e+08|6e+08|7e+08|8e+08|9e+08,0 | 100000000 | 200000000 | 300000000 | 400000000 | 500000000 | 600000000 | 700000000 | 800000000 | 900000000,NORMALIZED_EQUIVALENT,CONFORMING,,,Conteúdo observado coincide com F após normalização congelada.,YES,B_B_NORMALIZATION_V1,,,,V7_TEMPORAL_NUMERIC
BC_020_R05.png,BC,BC_020,5,10,HIBRIDO,Y,numeric,EXHAUSTIVE,READY_RANGE_STEP,0M | 100M | 200M | 300M | 400M | 500M | 600M | 700M | 800M | 900M,0 | 100000000 | 200000000 | 300000000 | 400000000 | 500000000 | 600000000 | 700000000 | 800000000 | 900000000,NOT_SPECIFIED,AUTO_VALIDATED_FROZEN_GATE,AUTO_VALIDATED,0|1e+08|2e+08|3e+08|4e+08|5e+08|6e+08|7e+08|8e+08|9e+08,0 | 100000000 | 200000000 | 300000000 | 400000000 | 500000000 | 600000000 | 700000000 | 800000000 | 900000000,NORMALIZED_EQUIVALENT,CONFORMING,,,Conteúdo observado coincide com F após normalização congelada.,YES,B_B_NORMALIZATION_V1,,,,V7_TEMPORAL_NUMERIC
BC_020_R06.png,BC,BC_020,6,10,HIBRIDO,Y,numeric,EXHAUSTIVE,READY_RANGE_STEP,0M | 100M | 200M | 300M | 400M | 500M | 600M | 700M | 800M | 900M,0 | 100000000 | 200000000 | 300000000 | 400000000 | 500000000 | 600000000 | 700000000 | 800000000 | 900000000,NOT_SPECIFIED,AUTO_VALIDATED_FROZEN_GATE,AUTO_VALIDATED,0|1e+08|2e+08|3e+08|4e+08|5e+08|6e+08|7e+08|8e+08|9e+08,0 | 100000000 | 200000000 | 300000000 | 400000000 | 500000000 | 600000000 | 700000000 | 800000000 | 900000000,NORMALIZED_EQUIVALENT,CONFORMING,,,Conteúdo observado coincide com F após normalização congelada.,YES,B_B_NORMALIZATION_V1,,,,V7_TEMPORAL_NUMERIC
BC_020_R07.png,BC,BC_020,7,10,HIBRIDO,Y,numeric,EXHAUSTIVE,READY_RANGE_STEP,0M | 100M | 200M | 300M | 400M | 500M | 600M | 700M | 800M | 900M,0 | 100000000 | 200000000 | 300000000 | 400000000 | 500000000 | 600000000 | 700000000 | 800000000 | 900000000,NOT_SPECIFIED,AUTO_VALIDATED_FROZEN_GATE,AUTO_VALIDATED,0|1e+08|2e+08|3e+08|4e+08|5e+08|6e+08|7e+08|8e+08|9e+08,0 | 100000000 | 200000000 | 300000000 | 400000000 | 500000000 | 600000000 | 700000000 | 800000000 | 900000000,NORMALIZED_EQUIVALENT,CONFORMING,,,Conteúdo observado coincide com F após normalização congelada.,YES,B_B_NORMALIZATION_V1,,,,V7_TEMPORAL_NUMERIC
BC_020_R08.png,BC,BC_020,8,10,HIBRIDO,Y,numeric,EXHAUSTIVE,READY_RANGE_STEP,0M | 100M | 200M | 300M | 400M | 500M | 600M | 700M | 800M | 900M,0 | 100000000 | 200000000 | 300000000 | 400000000 | 500000000 | 600000000 | 700000000 | 800000000 | 900000000,NOT_SPECIFIED,AUTO_VALIDATED_FROZEN_GATE,AUTO_VALIDATED,0|1e+08|2e+08|3e+08|4e+08|5e+08|6e+08|7e+08|8e+08|9e+08,0 | 100000000 | 200000000 | 300000000 | 400000000 | 500000000 | 600000000 | 700000000 | 800000000 | 900000000,NORMALIZED_EQUIVALENT,CONFORMING,,,Conteúdo observado coincide com F após normalização congelada.,YES,B_B_NORMALIZATION_V1,,,,V7_TEMPORAL_NUMERIC
BC_020_R09.png,BC,BC_020,9,10,HIBRIDO,Y,numeric,EXHAUSTIVE,READY_RANGE_STEP,0M | 100M | 200M | 300M | 400M | 500M | 600M | 700M | 800M | 900M,0 | 100000000 | 200000000 | 300000000 | 400000000 | 500000000 | 600000000 | 700000000 | 800000000 | 900000000,NOT_SPECIFIED,AUTO_VALIDATED_FROZEN_GATE,AUTO_VALIDATED,0|1e+08|2e+08|3e+08|4e+08|5e+08|6e+08|7e+08|8e+08|9e+08,0 | 100000000 | 200000000 | 300000000 | 400000000 | 500000000 | 600000000 | 700000000 | 800000000 | 900000000,NORMALIZED_EQUIVALENT,CONFORMING,,,Conteúdo observado coincide com F após normalização congelada.,YES,B_B_NORMALIZATION_V1,,,,V7_TEMPORAL_NUMERIC
BC_020_R10.png,BC,BC_020,10,10,HIBRIDO,Y,numeric,EXHAUSTIVE,READY_RANGE_STEP,0M | 100M | 200M | 300M | 400M | 500M | 600M | 700M | 800M | 900M,0 | 100000000 | 200000000 | 300000000 | 400000000 | 500000000 | 600000000 | 700000000 | 800000000 | 900000000,NOT_SPECIFIED,AUTO_VALIDATED_FROZEN_GATE,AUTO_VALIDATED,0|1e+08|2e+08|3e+08|4e+08|5e+08|6e+08|7e+08|8e+08|9e+08,0 | 100000000 | 200000000 | 300000000 | 400000000 | 500000000 | 600000000 | 700000000 | 800000000 | 900000000,NORMALIZED_EQUIVALENT,CONFORMING,,,Conteúdo observado coincide com F após normalização congelada.,YES,B_B_NORMALIZATION_V1,,,,V7_TEMPORAL_NUMERIC
BC_023_R01.png,BC,BC_023,1,13,HIBRIDO,Y,numeric,EXHAUSTIVE,READY_EXPLICIT_LIST,0 | 200M | 400M | 600M | 800M,0 | 200000000 | 400000000 | 600000000 | 800000000,NOT_SPECIFIED,AUTO_VALIDATED_FROZEN_GATE,AUTO_VALIDATED,0|2e+08|4e+08|6e+08|8e+08,0 | 200000000 | 400000000 | 600000000 | 800000000,NORMALIZED_EQUIVALENT,CONFORMING,,,Conteúdo observado coincide com F após normalização congelada.,YES,B_B_NORMALIZATION_V1,,,,V7_TEMPORAL_NUMERIC
BC_023_R02.png,BC,BC_023,2,13,HIBRIDO,Y,numeric,EXHAUSTIVE,READY_EXPLICIT_LIST,0 | 200M | 400M | 600M | 800M,0 | 200000000 | 400000000 | 600000000 | 800000000,NOT_SPECIFIED,AUTO_VALIDATED_FROZEN_GATE,AUTO_VALIDATED,0|2e+08|4e+08|6e+08|8e+08,0 | 200000000 | 400000000 | 600000000 | 800000000,NORMALIZED_EQUIVALENT,CONFORMING,,,Conteúdo observado coincide com F após normalização congelada.,YES,B_B_NORMALIZATION_V1,,,,V7_TEMPORAL_NUMERIC
BC_023_R03.png,BC,BC_023,3,13,HIBRIDO,Y,numeric,EXHAUSTIVE,READY_EXPLICIT_LIST,0 | 200M | 400M | 600M | 800M,0 | 200000000 | 400000000 | 600000000 | 800000000,NOT_SPECIFIED,AUTO_VALIDATED_FROZEN_GATE,AUTO_VALIDATED,0|2e+08|4e+08|6e+08|8e+08,0 | 200000000 | 400000000 | 600000000 | 800000000,NORMALIZED_EQUIVALENT,CONFORMING,,,Conteúdo observado coincide com F após normalização congelada.,YES,B_B_NORMALIZATION_V1,,,,V7_TEMPORAL_NUMERIC
BC_023_R04.png,BC,BC_023,4,13,HIBRIDO,Y,numeric,EXHAUSTIVE,READY_EXPLICIT_LIST,0 | 200M | 400M | 600M | 800M,0 | 200000000 | 400000000 | 600000000 | 800000000,NOT_SPECIFIED,AUTO_VALIDATED_FROZEN_GATE,AUTO_VALIDATED,0|2e+08|4e+08|6e+08|8e+08,0 | 200000000 | 400000000 | 600000000 | 800000000,NORMALIZED_EQUIVALENT,CONFORMING,,,Conteúdo observado coincide com F após normalização congelada.,YES,B_B_NORMALIZATION_V1,,,,V7_TEMPORAL_NUMERIC
BC_023_R05.png,BC,BC_023,5,13,HIBRIDO,Y,numeric,EXHAUSTIVE,READY_EXPLICIT_LIST,0 | 200M | 400M | 600M | 800M,0 | 200000000 | 400000000 | 600000000 | 800000000,NOT_SPECIFIED,AUTO_VALIDATED_FROZEN_GATE,AUTO_VALIDATED,0|2e+08|4e+08|6e+08|8e+08,0 | 200000000 | 400000000 | 600000000 | 800000000,NORMALIZED_EQUIVALENT,CONFORMING,,,Conteúdo observado coincide com F após normalização congelada.,YES,B_B_NORMALIZATION_V1,,,,V7_TEMPORAL_NUMERIC
BC_023_R06.png,BC,BC_023,6,13,HIBRIDO,Y,numeric,EXHAUSTIVE,READY_EXPLICIT_LIST,0 | 200M | 400M | 600M | 800M,0 | 200000000 | 400000000 | 600000000 | 800000000,NOT_SPECIFIED,AUTO_VALIDATED_FROZEN_GATE,AUTO_VALIDATED,0|2e+08|4e+08|6e+08|8e+08,0 | 200000000 | 400000000 | 600000000 | 800000000,NORMALIZED_EQUIVALENT,CONFORMING,,,Conteúdo observado coincide com F após normalização congelada.,YES,B_B_NORMALIZATION_V1,,,,V7_TEMPORAL_NUMERIC
BC_023_R07.png,BC,BC_023,7,13,HIBRIDO,Y,numeric,EXHAUSTIVE,READY_EXPLICIT_LIST,0 | 200M | 400M | 600M | 800M,0 | 200000000 | 400000000 | 600000000 | 800000000,NOT_SPECIFIED,AUTO_VALIDATED_FROZEN_GATE,AUTO_VALIDATED,0|2e+08|4e+08|6e+08|8e+08,0 | 200000000 | 400000000 | 600000000 | 800000000,NORMALIZED_EQUIVALENT,CONFORMING,,,Conteúdo observado coincide com F após normalização congelada.,YES,B_B_NORMALIZATION_V1,,,,V7_TEMPORAL_NUMERIC
BC_023_R08.png,BC,BC_023,8,13,HIBRIDO,Y,numeric,EXHAUSTIVE,READY_EXPLICIT_LIST,0 | 200M | 400M | 600M | 800M,0 | 200000000 | 400000000 | 600000000 | 800000000,NOT_SPECIFIED,AUTO_VALIDATED_FROZEN_GATE,AUTO_VALIDATED,0|2e+08|4e+08|6e+08|8e+08,0 | 200000000 | 400000000 | 600000000 | 800000000,NORMALIZED_EQUIVALENT,CONFORMING,,,Conteúdo observado coincide com F após normalização congelada.,YES,B_B_NORMALIZATION_V1,,,,V7_TEMPORAL_NUMERIC
BC_023_R09.png,BC,BC_023,9,13,HIBRIDO,Y,numeric,EXHAUSTIVE,READY_EXPLICIT_LIST,0 | 200M | 400M | 600M | 800M,0 | 200000000 | 400000000 | 600000000 | 800000000,NOT_SPECIFIED,AUTO_VALIDATED_FROZEN_GATE,AUTO_VALIDATED,0|2e+08|4e+08|6e+08|8e+08,0 | 200000000 | 400000000 | 600000000 | 800000000,NORMALIZED_EQUIVALENT,CONFORMING,,,Conteúdo observado coincide com F após normalização congelada.,YES,B_B_NORMALIZATION_V1,,,,V7_TEMPORAL_NUMERIC
BC_023_R10.png,BC,BC_023,10,13,HIBRIDO,Y,numeric,EXHAUSTIVE,READY_EXPLICIT_LIST,0 | 200M | 400M | 600M | 800M,0 | 200000000 | 400000000 | 600000000 | 800000000,NOT_SPECIFIED,AUTO_VALIDATED_FROZEN_GATE,AUTO_VALIDATED,0|2e+08|4e+08|6e+08|8e+08,0 | 200000000 | 400000000 | 600000000 | 800000000,NORMALIZED_EQUIVALENT,CONFORMING,,,Conteúdo observado coincide com F após normalização congelada.,YES,B_B_NORMALIZATION_V1,,,,V7_TEMPORAL_NUMERIC
BC_032_R01.png,BC,BC_032,1,9,VQL,Y,numeric,EXHAUSTIVE,READY_ADJUDICATED_MALFORMED_TOKEN,R$ 0 | R$ 200M | R$ 400M | R$ 600M | R$ 800M,0 | 200000000 | 400000000 | 600000000 | 800000000,NOT_SPECIFIED,AUTO_VALIDATED_FROZEN_GATE,AUTO_VALIDATED,0|2e+08|4e+08|6e+08|8e+08,0 | 200000000 | 400000000 | 600000000 | 800000000,NORMALIZED_EQUIVALENT,CONFORMING,,,Conteúdo observado coincide com F após normalização congelada.,YES,B_B_NORMALIZATION_V1,,,,V7_TEMPORAL_NUMERIC
BC_032_R02.png,BC,BC_032,2,9,VQL,Y,numeric,EXHAUSTIVE,READY_ADJUDICATED_MALFORMED_TOKEN,R$ 0 | R$ 200M | R$ 400M | R$ 600M | R$ 800M,0 | 200000000 | 400000000 | 600000000 | 800000000,NOT_SPECIFIED,MANUAL_ADJUDICATED,MANUAL_ADJUDICATED,R$0 | R$ 200M | R$ 400M | R$ 600M | R$ 800M,0 | 200000000 | 400000000 | 600000000 | 800000000,NORMALIZED_EQUIVALENT,CONFORMING,,,Conteúdo observado coincide com F após normalização congelada.,YES,B_B_NORMALIZATION_V1,,,,V7_TEMPORAL_NUMERIC
BC_032_R03.png,BC,BC_032,3,9,VQL,Y,numeric,EXHAUSTIVE,READY_ADJUDICATED_MALFORMED_TOKEN,R$ 0 | R$ 200M | R$ 400M | R$ 600M | R$ 800M,0 | 200000000 | 400000000 | 600000000 | 800000000,NOT_SPECIFIED,MANUAL_ADJUDICATED,MANUAL_ADJUDICATED,R$0 | R$ 200M | R$ 400M | R$ 600M | R$ 800M,0 | 200000000 | 400000000 | 600000000 | 800000000,NORMALIZED_EQUIVALENT,CONFORMING,,,Conteúdo observado coincide com F após normalização congelada.,YES,B_B_NORMALIZATION_V1,,,,V7_TEMPORAL_NUMERIC
BC_032_R04.png,BC,BC_032,4,9,VQL,Y,numeric,EXHAUSTIVE,READY_ADJUDICATED_MALFORMED_TOKEN,R$ 0 | R$ 200M | R$ 400M | R$ 600M | R$ 800M,0 | 200000000 | 400000000 | 600000000 | 800000000,NOT_SPECIFIED,MANUAL_ADJUDICATED,MANUAL_ADJUDICATED,R$0 | R$ 200M | R$ 400M | R$ 600M | R$ 800M,0 | 200000000 | 400000000 | 600000000 | 800000000,NORMALIZED_EQUIVALENT,CONFORMING,,,Conteúdo observado coincide com F após normalização congelada.,YES,B_B_NORMALIZATION_V1,,,,V7_TEMPORAL_NUMERIC
BC_032_R05.png,BC,BC_032,5,9,VQL,Y,numeric,EXHAUSTIVE,READY_ADJUDICATED_MALFORMED_TOKEN,R$ 0 | R$ 200M | R$ 400M | R$ 600M | R$ 800M,0 | 200000000 | 400000000 | 600000000 | 800000000,NOT_SPECIFIED,MANUAL_ADJUDICATED,MANUAL_ADJUDICATED,R$0 | R$ 200M | R$ 400M | R$ 600M | R$ 800M,0 | 200000000 | 400000000 | 600000000 | 800000000,NORMALIZED_EQUIVALENT,CONFORMING,,,Conteúdo observado coincide com F após normalização congelada.,YES,B_B_NORMALIZATION_V1,,,,V7_TEMPORAL_NUMERIC
BC_032_R06.png,BC,BC_032,6,9,VQL,Y,numeric,EXHAUSTIVE,READY_ADJUDICATED_MALFORMED_TOKEN,R$ 0 | R$ 200M | R$ 400M | R$ 600M | R$ 800M,0 | 200000000 | 400000000 | 600000000 | 800000000,NOT_SPECIFIED,MANUAL_ADJUDICATED,MANUAL_ADJUDICATED,R$0 | R$ 200M | R$ 400M | R$ 600M | R$ 800M,0 | 200000000 | 400000000 | 600000000 | 800000000,NORMALIZED_EQUIVALENT,CONFORMING,,,Conteúdo observado coincide com F após normalização congelada.,YES,B_B_NORMALIZATION_V1,,,,V7_TEMPORAL_NUMERIC
BC_032_R07.png,BC,BC_032,7,9,VQL,Y,numeric,EXHAUSTIVE,READY_ADJUDICATED_MALFORMED_TOKEN,R$ 0 | R$ 200M | R$ 400M | R$ 600M | R$ 800M,0 | 200000000 | 400000000 | 600000000 | 800000000,NOT_SPECIFIED,MANUAL_ADJUDICATED,MANUAL_ADJUDICATED,R$0 | R$ 200M | R$ 400M | R$ 600M | R$ 800M,0 | 200000000 | 400000000 | 600000000 | 800000000,NORMALIZED_EQUIVALENT,CONFORMING,,,Conteúdo observado coincide com F após normalização congelada.,YES,B_B_NORMALIZATION_V1,,,,V7_TEMPORAL_NUMERIC
BC_032_R08.png,BC,BC_032,8,9,VQL,Y,numeric,EXHAUSTIVE,READY_ADJUDICATED_MALFORMED_TOKEN,R$ 0 | R$ 200M | R$ 400M | R$ 600M | R$ 800M,0 | 200000000 | 400000000 | 600000000 | 800000000,NOT_SPECIFIED,MANUAL_ADJUDICATED,MANUAL_ADJUDICATED,R$0 | R$ 200M | R$ 400M | R$ 600M | R$ 800M,0 | 200000000 | 400000000 | 600000000 | 800000000,NORMALIZED_EQUIVALENT,CONFORMING,,,Conteúdo observado coincide com F após normalização congelada.,YES,B_B_NORMALIZATION_V1,,,,V7_TEMPORAL_NUMERIC
BC_032_R09.png,BC,BC_032,9,9,VQL,Y,numeric,EXHAUSTIVE,READY_ADJUDICATED_MALFORMED_TOKEN,R$ 0 | R$ 200M | R$ 400M | R$ 600M | R$ 800M,0 | 200000000 | 400000000 | 600000000 | 800000000,NOT_SPECIFIED,MANUAL_ADJUDICATED,MANUAL_ADJUDICATED,R$0 | R$ 200M | R$ 400M | R$ 600M | R$ 800M,0 | 200000000 | 400000000 | 600000000 | 800000000,NORMALIZED_EQUIVALENT,CONFORMING,,,Conteúdo observado coincide com F após normalização congelada.,YES,B_B_NORMALIZATION_V1,,,,V7_TEMPORAL_NUMERIC
BC_032_R10.png,BC,BC_032,10,9,VQL,Y,numeric,EXHAUSTIVE,READY_ADJUDICATED_MALFORMED_TOKEN,R$ 0 | R$ 200M | R$ 400M | R$ 600M | R$ 800M,0 | 200000000 | 400000000 | 600000000 | 800000000,NOT_SPECIFIED,MANUAL_ADJUDICATED,MANUAL_ADJUDICATED,R$0 | R$ 200M | R$ 400M | R$ 600M | R$ 800M,0 | 200000000 | 400000000 | 600000000 | 800000000,NORMALIZED_EQUIVALENT,CONFORMING,,,Conteúdo observado coincide com F após normalização congelada.,YES,B_B_NORMALIZATION_V1,,,,V7_TEMPORAL_NUMERIC
BC_033_R01.png,BC,BC_033,1,10,VQL,Y,numeric,EXHAUSTIVE,READY_RANGE_STEP,0M | 100M | 200M | 300M | 400M | 500M | 600M | 700M | 800M | 900M,0 | 100000000 | 200000000 | 300000000 | 400000000 | 500000000 | 600000000 | 700000000 | 800000000 | 900000000,NOT_SPECIFIED,MANUAL_AUDIT_AUTO_NONCONFORMING,MANUAL_ADJUDICATED,0 | 100 | 200 | 300 | 400 | 500 | 600 | 700 | 800 | 900,0 | 100 | 200 | 300 | 400 | 500 | 600 | 700 | 800 | 900,NONCONFORMING_VALUE,NONCONFORMING,100000000 | 200000000 | 300000000 | 400000000 | 500000000 | 600000000 | 700000000 | 800000000 | 900000000,100 | 200 | 300 | 400 | 500 | 600 | 700 | 800 | 900,Resultado atualizado após auditoria manual cega de B-A.,YES,B_B_NORMALIZATION_V1,,,,V7_TEMPORAL_NUMERIC
BC_033_R02.png,BC,BC_033,2,10,VQL,Y,numeric,EXHAUSTIVE,READY_RANGE_STEP,0M | 100M | 200M | 300M | 400M | 500M | 600M | 700M | 800M | 900M,0 | 100000000 | 200000000 | 300000000 | 400000000 | 500000000 | 600000000 | 700000000 | 800000000 | 900000000,NOT_SPECIFIED,AUTO_VALIDATED_FROZEN_GATE,AUTO_VALIDATED,0|1e+08|2e+08|3e+08|4e+08|5e+08|6e+08|7e+08|8e+08|9e+08,0 | 100000000 | 200000000 | 300000000 | 400000000 | 500000000 | 600000000 | 700000000 | 800000000 | 900000000,NORMALIZED_EQUIVALENT,CONFORMING,,,Conteúdo observado coincide com F após normalização congelada.,YES,B_B_NORMALIZATION_V1,,,,V7_TEMPORAL_NUMERIC
BC_033_R03.png,BC,BC_033,3,10,VQL,Y,numeric,EXHAUSTIVE,READY_RANGE_STEP,0M | 100M | 200M | 300M | 400M | 500M | 600M | 700M | 800M | 900M,0 | 100000000 | 200000000 | 300000000 | 400000000 | 500000000 | 600000000 | 700000000 | 800000000 | 900000000,NOT_SPECIFIED,AUTO_VALIDATED_FROZEN_GATE,AUTO_VALIDATED,0|1e+08|2e+08|3e+08|4e+08|5e+08|6e+08|7e+08|8e+08|9e+08,0 | 100000000 | 200000000 | 300000000 | 400000000 | 500000000 | 600000000 | 700000000 | 800000000 | 900000000,NORMALIZED_EQUIVALENT,CONFORMING,,,Conteúdo observado coincide com F após normalização congelada.,YES,B_B_NORMALIZATION_V1,,,,V7_TEMPORAL_NUMERIC
BC_033_R04.png,BC,BC_033,4,10,VQL,Y,numeric,EXHAUSTIVE,READY_RANGE_STEP,0M | 100M | 200M | 300M | 400M | 500M | 600M | 700M | 800M | 900M,0 | 100000000 | 200000000 | 300000000 | 400000000 | 500000000 | 600000000 | 700000000 | 800000000 | 900000000,NOT_SPECIFIED,AUTO_VALIDATED_FROZEN_GATE,AUTO_VALIDATED,0|1e+08|2e+08|3e+08|4e+08|5e+08|6e+08|7e+08|8e+08|9e+08,0 | 100000000 | 200000000 | 300000000 | 400000000 | 500000000 | 600000000 | 700000000 | 800000000 | 900000000,NORMALIZED_EQUIVALENT,CONFORMING,,,Conteúdo observado coincide com F após normalização congelada.,YES,B_B_NORMALIZATION_V1,,,,V7_TEMPORAL_NUMERIC
BC_033_R05.png,BC,BC_033,5,10,VQL,Y,numeric,EXHAUSTIVE,READY_RANGE_STEP,0M | 100M | 200M | 300M | 400M | 500M | 600M | 700M | 800M | 900M,0 | 100000000 | 200000000 | 300000000 | 400000000 | 500000000 | 600000000 | 700000000 | 800000000 | 900000000,NOT_SPECIFIED,AUTO_VALIDATED_FROZEN_GATE,AUTO_VALIDATED,0|1e+08|2e+08|3e+08|4e+08|5e+08|6e+08|7e+08|8e+08|9e+08,0 | 100000000 | 200000000 | 300000000 | 400000000 | 500000000 | 600000000 | 700000000 | 800000000 | 900000000,NORMALIZED_EQUIVALENT,CONFORMING,,,Conteúdo observado coincide com F após normalização congelada.,YES,B_B_NORMALIZATION_V1,,,,V7_TEMPORAL_NUMERIC
BC_033_R06.png,BC,BC_033,6,10,VQL,Y,numeric,EXHAUSTIVE,READY_RANGE_STEP,0M | 100M | 200M | 300M | 400M | 500M | 600M | 700M | 800M | 900M,0 | 100000000 | 200000000 | 300000000 | 400000000 | 500000000 | 600000000 | 700000000 | 800000000 | 900000000,NOT_SPECIFIED,AUTO_VALIDATED_FROZEN_GATE,AUTO_VALIDATED,0|1e+08|2e+08|3e+08|4e+08|5e+08|6e+08|7e+08|8e+08|9e+08,0 | 100000000 | 200000000 | 300000000 | 400000000 | 500000000 | 600000000 | 700000000 | 800000000 | 900000000,NORMALIZED_EQUIVALENT,CONFORMING,,,Conteúdo observado coincide com F após normalização congelada.,YES,B_B_NORMALIZATION_V1,,,,V7_TEMPORAL_NUMERIC
BC_033_R07.png,BC,BC_033,7,10,VQL,Y,numeric,EXHAUSTIVE,READY_RANGE_STEP,0M | 100M | 200M | 300M | 400M | 500M | 600M | 700M | 800M | 900M,0 | 100000000 | 200000000 | 300000000 | 400000000 | 500000000 | 600000000 | 700000000 | 800000000 | 900000000,NOT_SPECIFIED,AUTO_VALIDATED_FROZEN_GATE,AUTO_VALIDATED,0|1e+08|2e+08|3e+08|4e+08|5e+08|6e+08|7e+08|8e+08|9e+08,0 | 100000000 | 200000000 | 300000000 | 400000000 | 500000000 | 600000000 | 700000000 | 800000000 | 900000000,NORMALIZED_EQUIVALENT,CONFORMING,,,Conteúdo observado coincide com F após normalização congelada.,YES,B_B_NORMALIZATION_V1,,,,V7_TEMPORAL_NUMERIC
BC_033_R08.png,BC,BC_033,8,10,VQL,Y,numeric,EXHAUSTIVE,READY_RANGE_STEP,0M | 100M | 200M | 300M | 400M | 500M | 600M | 700M | 800M | 900M,0 | 100000000 | 200000000 | 300000000 | 400000000 | 500000000 | 600000000 | 700000000 | 800000000 | 900000000,NOT_SPECIFIED,AUTO_VALIDATED_FROZEN_GATE,AUTO_VALIDATED,0|1e+08|2e+08|3e+08|4e+08|5e+08|6e+08|7e+08|8e+08|9e+08,0 | 100000000 | 200000000 | 300000000 | 400000000 | 500000000 | 600000000 | 700000000 | 800000000 | 900000000,NORMALIZED_EQUIVALENT,CONFORMING,,,Conteúdo observado coincide com F após normalização congelada.,YES,B_B_NORMALIZATION_V1,,,,V7_TEMPORAL_NUMERIC
BC_033_R09.png,BC,BC_033,9,10,VQL,Y,numeric,EXHAUSTIVE,READY_RANGE_STEP,0M | 100M | 200M | 300M | 400M | 500M | 600M | 700M | 800M | 900M,0 | 100000000 | 200000000 | 300000000 | 400000000 | 500000000 | 600000000 | 700000000 | 800000000 | 900000000,NOT_SPECIFIED,AUTO_VALIDATED_FROZEN_GATE,AUTO_VALIDATED,0|1e+08|2e+08|3e+08|4e+08|5e+08|6e+08|7e+08|8e+08|9e+08,0 | 100000000 | 200000000 | 300000000 | 400000000 | 500000000 | 600000000 | 700000000 | 800000000 | 900000000,NORMALIZED_EQUIVALENT,CONFORMING,,,Conteúdo observado coincide com F após normalização congelada.,YES,B_B_NORMALIZATION_V1,,,,V7_TEMPORAL_NUMERIC
BC_033_R10.png,BC,BC_033,10,10,VQL,Y,numeric,EXHAUSTIVE,READY_RANGE_STEP,0M | 100M | 200M | 300M | 400M | 500M | 600M | 700M | 800M | 900M,0 | 100000000 | 200000000 | 300000000 | 400000000 | 500000000 | 600000000 | 700000000 | 800000000 | 900000000,NOT_SPECIFIED,AUTO_VALIDATED_FROZEN_GATE,AUTO_VALIDATED,0|1e+08|2e+08|3e+08|4e+08|5e+08|6e+08|7e+08|8e+08|9e+08,0 | 100000000 | 200000000 | 300000000 | 400000000 | 500000000 | 600000000 | 700000000 | 800000000 | 900000000,NORMALIZED_EQUIVALENT,CONFORMING,,,Conteúdo observado coincide com F após normalização congelada.,YES,B_B_NORMALIZATION_V1,,,,V7_TEMPORAL_NUMERIC
BC_036_R01.png,BC,BC_036,1,13,VQL,Y,numeric,EXHAUSTIVE,READY_EXPLICIT_LIST,0 | 200M | 400M | 600M | 800M,0 | 200000000 | 400000000 | 600000000 | 800000000,NOT_SPECIFIED,AUTO_VALIDATED_FROZEN_GATE,AUTO_VALIDATED,0|2e+08|4e+08|6e+08|8e+08,0 | 200000000 | 400000000 | 600000000 | 800000000,NORMALIZED_EQUIVALENT,CONFORMING,,,Conteúdo observado coincide com F após normalização congelada.,YES,B_B_NORMALIZATION_V1,,,,V7_TEMPORAL_NUMERIC
BC_036_R02.png,BC,BC_036,2,13,VQL,Y,numeric,EXHAUSTIVE,READY_EXPLICIT_LIST,0 | 200M | 400M | 600M | 800M,0 | 200000000 | 400000000 | 600000000 | 800000000,NOT_SPECIFIED,MANUAL_ADJUDICATED,MANUAL_ADJUDICATED,R$0 | R$ 200M | R$ 400M | R$ 600M | R$ 800M,0 | 200000000 | 400000000 | 600000000 | 800000000,NORMALIZED_EQUIVALENT,CONFORMING,,,Conteúdo observado coincide com F após normalização congelada.,YES,B_B_NORMALIZATION_V1,,,,V7_TEMPORAL_NUMERIC
BC_036_R03.png,BC,BC_036,3,13,VQL,Y,numeric,EXHAUSTIVE,READY_EXPLICIT_LIST,0 | 200M | 400M | 600M | 800M,0 | 200000000 | 400000000 | 600000000 | 800000000,NOT_SPECIFIED,AUTO_VALIDATED_FROZEN_GATE,AUTO_VALIDATED,0|2e+08|4e+08|6e+08|8e+08,0 | 200000000 | 400000000 | 600000000 | 800000000,NORMALIZED_EQUIVALENT,CONFORMING,,,Conteúdo observado coincide com F após normalização congelada.,YES,B_B_NORMALIZATION_V1,,,,V7_TEMPORAL_NUMERIC
BC_036_R04.png,BC,BC_036,4,13,VQL,Y,numeric,EXHAUSTIVE,READY_EXPLICIT_LIST,0 | 200M | 400M | 600M | 800M,0 | 200000000 | 400000000 | 600000000 | 800000000,NOT_SPECIFIED,AUTO_VALIDATED_FROZEN_GATE,AUTO_VALIDATED,0|2e+08|4e+08|6e+08|8e+08,0 | 200000000 | 400000000 | 600000000 | 800000000,NORMALIZED_EQUIVALENT,CONFORMING,,,Conteúdo observado coincide com F após normalização congelada.,YES,B_B_NORMALIZATION_V1,,,,V7_TEMPORAL_NUMERIC
BC_036_R05.png,BC,BC_036,5,13,VQL,Y,numeric,EXHAUSTIVE,READY_EXPLICIT_LIST,0 | 200M | 400M | 600M | 800M,0 | 200000000 | 400000000 | 600000000 | 800000000,NOT_SPECIFIED,AUTO_VALIDATED_FROZEN_GATE,AUTO_VALIDATED,0|2e+08|4e+08|6e+08|8e+08,0 | 200000000 | 400000000 | 600000000 | 800000000,NORMALIZED_EQUIVALENT,CONFORMING,,,Conteúdo observado coincide com F após normalização congelada.,YES,B_B_NORMALIZATION_V1,,,,V7_TEMPORAL_NUMERIC
BC_036_R06.png,BC,BC_036,6,13,VQL,Y,numeric,EXHAUSTIVE,READY_EXPLICIT_LIST,0 | 200M | 400M | 600M | 800M,0 | 200000000 | 400000000 | 600000000 | 800000000,NOT_SPECIFIED,AUTO_VALIDATED_FROZEN_GATE,AUTO_VALIDATED,0|2e+08|4e+08|6e+08|8e+08,0 | 200000000 | 400000000 | 600000000 | 800000000,NORMALIZED_EQUIVALENT,CONFORMING,,,Conteúdo observado coincide com F após normalização congelada.,YES,B_B_NORMALIZATION_V1,,,,V7_TEMPORAL_NUMERIC
BC_036_R07.png,BC,BC_036,7,13,VQL,Y,numeric,EXHAUSTIVE,READY_EXPLICIT_LIST,0 | 200M | 400M | 600M | 800M,0 | 200000000 | 400000000 | 600000000 | 800000000,NOT_SPECIFIED,AUTO_VALIDATED_FROZEN_GATE,AUTO_VALIDATED,0|2e+08|4e+08|6e+08|8e+08,0 | 200000000 | 400000000 | 600000000 | 800000000,NORMALIZED_EQUIVALENT,CONFORMING,,,Conteúdo observado coincide com F após normalização congelada.,YES,B_B_NORMALIZATION_V1,,,,V7_TEMPORAL_NUMERIC
BC_036_R08.png,BC,BC_036,8,13,VQL,Y,numeric,EXHAUSTIVE,READY_EXPLICIT_LIST,0 | 200M | 400M | 600M | 800M,0 | 200000000 | 400000000 | 600000000 | 800000000,NOT_SPECIFIED,MANUAL_ADJUDICATED,MANUAL_ADJUDICATED,R$0 | R$ 200M | R$ 400M | R$ 600M | R$ 800M,0 | 200000000 | 400000000 | 600000000 | 800000000,NORMALIZED_EQUIVALENT,CONFORMING,,,Conteúdo observado coincide com F após normalização congelada.,YES,B_B_NORMALIZATION_V1,,,,V7_TEMPORAL_NUMERIC
BC_036_R09.png,BC,BC_036,9,13,VQL,Y,numeric,EXHAUSTIVE,READY_EXPLICIT_LIST,0 | 200M | 400M | 600M | 800M,0 | 200000000 | 400000000 | 600000000 | 800000000,NOT_SPECIFIED,MANUAL_ADJUDICATED,MANUAL_ADJUDICATED,R$0 | R$ 200M | R$ 400M | R$ 600M | R$ 800M,0 | 200000000 | 400000000 | 600000000 | 800000000,NORMALIZED_EQUIVALENT,CONFORMING,,,Conteúdo observado coincide com F após normalização congelada.,YES,B_B_NORMALIZATION_V1,,,,V7_TEMPORAL_NUMERIC
BC_036_R10.png,BC,BC_036,10,13,VQL,Y,numeric,EXHAUSTIVE,READY_EXPLICIT_LIST,0 | 200M | 400M | 600M | 800M,0 | 200000000 | 400000000 | 600000000 | 800000000,NOT_SPECIFIED,AUTO_VALIDATED_FROZEN_GATE,AUTO_VALIDATED,0|2e+08|4e+08|6e+08|8e+08,0 | 200000000 | 400000000 | 600000000 | 800000000,NORMALIZED_EQUIVALENT,CONFORMING,,,Conteúdo observado coincide com F após normalização congelada.,YES,B_B_NORMALIZATION_V1,,,,V7_TEMPORAL_NUMERIC
BC_045_R01.png,BC,BC_045,1,9,ZERO-SHOT,Y,numeric,EXHAUSTIVE,READY_ADJUDICATED_MALFORMED_TOKEN,R$ 0 | R$ 200M | R$ 400M | R$ 600M | R$ 800M,0 | 200000000 | 400000000 | 600000000 | 800000000,NOT_SPECIFIED,AUTO_VALIDATED_FROZEN_GATE,AUTO_VALIDATED,0|2e+08|4e+08|6e+08|8e+08,0 | 200000000 | 400000000 | 600000000 | 800000000,NORMALIZED_EQUIVALENT,CONFORMING,,,Conteúdo observado coincide com F após normalização congelada.,YES,B_B_NORMALIZATION_V1,,,,V7_TEMPORAL_NUMERIC
BC_045_R02.png,BC,BC_045,2,9,ZERO-SHOT,Y,numeric,EXHAUSTIVE,READY_ADJUDICATED_MALFORMED_TOKEN,R$ 0 | R$ 200M | R$ 400M | R$ 600M | R$ 800M,0 | 200000000 | 400000000 | 600000000 | 800000000,NOT_SPECIFIED,MANUAL_ADJUDICATED,MANUAL_ADJUDICATED,R$0 | R$ 200M | R$ 400M | R$ 600M | R$ 800M,0 | 200000000 | 400000000 | 600000000 | 800000000,NORMALIZED_EQUIVALENT,CONFORMING,,,Conteúdo observado coincide com F após normalização congelada.,YES,B_B_NORMALIZATION_V1,,,,V7_TEMPORAL_NUMERIC
BC_045_R03.png,BC,BC_045,3,9,ZERO-SHOT,Y,numeric,EXHAUSTIVE,READY_ADJUDICATED_MALFORMED_TOKEN,R$ 0 | R$ 200M | R$ 400M | R$ 600M | R$ 800M,0 | 200000000 | 400000000 | 600000000 | 800000000,NOT_SPECIFIED,MANUAL_ADJUDICATED,MANUAL_ADJUDICATED,R$0 | R$ 200M | R$ 400M | R$ 600M | R$ 800M,0 | 200000000 | 400000000 | 600000000 | 800000000,NORMALIZED_EQUIVALENT,CONFORMING,,,Conteúdo observado coincide com F após normalização congelada.,YES,B_B_NORMALIZATION_V1,,,,V7_TEMPORAL_NUMERIC
BC_045_R04.png,BC,BC_045,4,9,ZERO-SHOT,Y,numeric,EXHAUSTIVE,READY_ADJUDICATED_MALFORMED_TOKEN,R$ 0 | R$ 200M | R$ 400M | R$ 600M | R$ 800M,0 | 200000000 | 400000000 | 600000000 | 800000000,NOT_SPECIFIED,AUTO_VALIDATED_FROZEN_GATE,AUTO_VALIDATED,0|2e+08|4e+08|6e+08|8e+08,0 | 200000000 | 400000000 | 600000000 | 800000000,NORMALIZED_EQUIVALENT,CONFORMING,,,Conteúdo observado coincide com F após normalização congelada.,YES,B_B_NORMALIZATION_V1,,,,V7_TEMPORAL_NUMERIC
BC_045_R05.png,BC,BC_045,5,9,ZERO-SHOT,Y,numeric,EXHAUSTIVE,READY_ADJUDICATED_MALFORMED_TOKEN,R$ 0 | R$ 200M | R$ 400M | R$ 600M | R$ 800M,0 | 200000000 | 400000000 | 600000000 | 800000000,NOT_SPECIFIED,AUTO_VALIDATED_FROZEN_GATE,AUTO_VALIDATED,0|2e+08|4e+08|6e+08|8e+08,0 | 200000000 | 400000000 | 600000000 | 800000000,NORMALIZED_EQUIVALENT,CONFORMING,,,Conteúdo observado coincide com F após normalização congelada.,YES,B_B_NORMALIZATION_V1,,,,V7_TEMPORAL_NUMERIC
BC_045_R06.png,BC,BC_045,6,9,ZERO-SHOT,Y,numeric,EXHAUSTIVE,READY_ADJUDICATED_MALFORMED_TOKEN,R$ 0 | R$ 200M | R$ 400M | R$ 600M | R$ 800M,0 | 200000000 | 400000000 | 600000000 | 800000000,NOT_SPECIFIED,AUTO_VALIDATED_FROZEN_GATE,AUTO_VALIDATED,0|2e+08|4e+08|6e+08|8e+08,0 | 200000000 | 400000000 | 600000000 | 800000000,NORMALIZED_EQUIVALENT,CONFORMING,,,Conteúdo observado coincide com F após normalização congelada.,YES,B_B_NORMALIZATION_V1,,,,V7_TEMPORAL_NUMERIC
BC_045_R07.png,BC,BC_045,7,9,ZERO-SHOT,Y,numeric,EXHAUSTIVE,READY_ADJUDICATED_MALFORMED_TOKEN,R$ 0 | R$ 200M | R$ 400M | R$ 600M | R$ 800M,0 | 200000000 | 400000000 | 600000000 | 800000000,NOT_SPECIFIED,AUTO_VALIDATED_FROZEN_GATE,AUTO_VALIDATED,0|2e+08|4e+08|6e+08|8e+08,0 | 200000000 | 400000000 | 600000000 | 800000000,NORMALIZED_EQUIVALENT,CONFORMING,,,Conteúdo observado coincide com F após normalização congelada.,YES,B_B_NORMALIZATION_V1,,,,V7_TEMPORAL_NUMERIC
BC_045_R08.png,BC,BC_045,8,9,ZERO-SHOT,Y,numeric,EXHAUSTIVE,READY_ADJUDICATED_MALFORMED_TOKEN,R$ 0 | R$ 200M | R$ 400M | R$ 600M | R$ 800M,0 | 200000000 | 400000000 | 600000000 | 800000000,NOT_SPECIFIED,AUTO_VALIDATED_FROZEN_GATE,AUTO_VALIDATED,0|2e+08|4e+08|6e+08|8e+08,0 | 200000000 | 400000000 | 600000000 | 800000000,NORMALIZED_EQUIVALENT,CONFORMING,,,Conteúdo observado coincide com F após normalização congelada.,YES,B_B_NORMALIZATION_V1,,,,V7_TEMPORAL_NUMERIC
BC_045_R09.png,BC,BC_045,9,9,ZERO-SHOT,Y,numeric,EXHAUSTIVE,READY_ADJUDICATED_MALFORMED_TOKEN,R$ 0 | R$ 200M | R$ 400M | R$ 600M | R$ 800M,0 | 200000000 | 400000000 | 600000000 | 800000000,NOT_SPECIFIED,AUTO_VALIDATED_FROZEN_GATE,AUTO_VALIDATED,0|2e+08|4e+08|6e+08|8e+08,0 | 200000000 | 400000000 | 600000000 | 800000000,NORMALIZED_EQUIVALENT,CONFORMING,,,Conteúdo observado coincide com F após normalização congelada.,YES,B_B_NORMALIZATION_V1,,,,V7_TEMPORAL_NUMERIC
BC_045_R10.png,BC,BC_045,10,9,ZERO-SHOT,Y,numeric,EXHAUSTIVE,READY_ADJUDICATED_MALFORMED_TOKEN,R$ 0 | R$ 200M | R$ 400M | R$ 600M | R$ 800M,0 | 200000000 | 400000000 | 600000000 | 800000000,NOT_SPECIFIED,AUTO_VALIDATED_FROZEN_GATE,AUTO_VALIDATED,0|2e+08|4e+08|6e+08|8e+08,0 | 200000000 | 400000000 | 600000000 | 800000000,NORMALIZED_EQUIVALENT,CONFORMING,,,Conteúdo observado coincide com F após normalização congelada.,YES,B_B_NORMALIZATION_V1,,,,V7_TEMPORAL_NUMERIC
BC_046_R01.png,BC,BC_046,1,10,ZERO-SHOT,Y,numeric,EXHAUSTIVE,READY_RANGE_STEP,0M | 100M | 200M | 300M | 400M | 500M | 600M | 700M | 800M | 900M,0 | 100000000 | 200000000 | 300000000 | 400000000 | 500000000 | 600000000 | 700000000 | 800000000 | 900000000,NOT_SPECIFIED,MANUAL_AUDIT_AUTO_NONCONFORMING,MANUAL_ADJUDICATED,0 | 100 | 200 | 300 | 400 | 500 | 600 | 700 | 800 | 900,0 | 100 | 200 | 300 | 400 | 500 | 600 | 700 | 800 | 900,NONCONFORMING_VALUE,NONCONFORMING,100000000 | 200000000 | 300000000 | 400000000 | 500000000 | 600000000 | 700000000 | 800000000 | 900000000,100 | 200 | 300 | 400 | 500 | 600 | 700 | 800 | 900,Resultado atualizado após auditoria manual cega de B-A.,YES,B_B_NORMALIZATION_V1,,,,V7_TEMPORAL_NUMERIC
BC_046_R02.png,BC,BC_046,2,10,ZERO-SHOT,Y,numeric,EXHAUSTIVE,READY_RANGE_STEP,0M | 100M | 200M | 300M | 400M | 500M | 600M | 700M | 800M | 900M,0 | 100000000 | 200000000 | 300000000 | 400000000 | 500000000 | 600000000 | 700000000 | 800000000 | 900000000,NOT_SPECIFIED,AUTO_VALIDATED_FROZEN_GATE,AUTO_VALIDATED,0|1e+08|2e+08|3e+08|4e+08|5e+08|6e+08|7e+08|8e+08|9e+08,0 | 100000000 | 200000000 | 300000000 | 400000000 | 500000000 | 600000000 | 700000000 | 800000000 | 900000000,NORMALIZED_EQUIVALENT,CONFORMING,,,Conteúdo observado coincide com F após normalização congelada.,YES,B_B_NORMALIZATION_V1,,,,V7_TEMPORAL_NUMERIC
BC_046_R03.png,BC,BC_046,3,10,ZERO-SHOT,Y,numeric,EXHAUSTIVE,READY_RANGE_STEP,0M | 100M | 200M | 300M | 400M | 500M | 600M | 700M | 800M | 900M,0 | 100000000 | 200000000 | 300000000 | 400000000 | 500000000 | 600000000 | 700000000 | 800000000 | 900000000,NOT_SPECIFIED,AUTO_VALIDATED_FROZEN_GATE,AUTO_VALIDATED,0|1e+08|2e+08|3e+08|4e+08|5e+08|6e+08|7e+08|8e+08|9e+08,0 | 100000000 | 200000000 | 300000000 | 400000000 | 500000000 | 600000000 | 700000000 | 800000000 | 900000000,NORMALIZED_EQUIVALENT,CONFORMING,,,Conteúdo observado coincide com F após normalização congelada.,YES,B_B_NORMALIZATION_V1,,,,V7_TEMPORAL_NUMERIC
BC_046_R04.png,BC,BC_046,4,10,ZERO-SHOT,Y,numeric,EXHAUSTIVE,READY_RANGE_STEP,0M | 100M | 200M | 300M | 400M | 500M | 600M | 700M | 800M | 900M,0 | 100000000 | 200000000 | 300000000 | 400000000 | 500000000 | 600000000 | 700000000 | 800000000 | 900000000,NOT_SPECIFIED,AUTO_VALIDATED_FROZEN_GATE,AUTO_VALIDATED,0|1e+08|2e+08|3e+08|4e+08|5e+08|6e+08|7e+08|8e+08|9e+08,0 | 100000000 | 200000000 | 300000000 | 400000000 | 500000000 | 600000000 | 700000000 | 800000000 | 900000000,NORMALIZED_EQUIVALENT,CONFORMING,,,Conteúdo observado coincide com F após normalização congelada.,YES,B_B_NORMALIZATION_V1,,,,V7_TEMPORAL_NUMERIC
BC_046_R05.png,BC,BC_046,5,10,ZERO-SHOT,Y,numeric,EXHAUSTIVE,READY_RANGE_STEP,0M | 100M | 200M | 300M | 400M | 500M | 600M | 700M | 800M | 900M,0 | 100000000 | 200000000 | 300000000 | 400000000 | 500000000 | 600000000 | 700000000 | 800000000 | 900000000,NOT_SPECIFIED,AUTO_VALIDATED_FROZEN_GATE,AUTO_VALIDATED,0|1e+08|2e+08|3e+08|4e+08|5e+08|6e+08|7e+08|8e+08|9e+08,0 | 100000000 | 200000000 | 300000000 | 400000000 | 500000000 | 600000000 | 700000000 | 800000000 | 900000000,NORMALIZED_EQUIVALENT,CONFORMING,,,Conteúdo observado coincide com F após normalização congelada.,YES,B_B_NORMALIZATION_V1,,,,V7_TEMPORAL_NUMERIC
BC_046_R06.png,BC,BC_046,6,10,ZERO-SHOT,Y,numeric,EXHAUSTIVE,READY_RANGE_STEP,0M | 100M | 200M | 300M | 400M | 500M | 600M | 700M | 800M | 900M,0 | 100000000 | 200000000 | 300000000 | 400000000 | 500000000 | 600000000 | 700000000 | 800000000 | 900000000,NOT_SPECIFIED,AUTO_VALIDATED_FROZEN_GATE,AUTO_VALIDATED,0|1e+08|2e+08|3e+08|4e+08|5e+08|6e+08|7e+08|8e+08|9e+08,0 | 100000000 | 200000000 | 300000000 | 400000000 | 500000000 | 600000000 | 700000000 | 800000000 | 900000000,NORMALIZED_EQUIVALENT,CONFORMING,,,Conteúdo observado coincide com F após normalização congelada.,YES,B_B_NORMALIZATION_V1,,,,V7_TEMPORAL_NUMERIC
BC_046_R07.png,BC,BC_046,7,10,ZERO-SHOT,Y,numeric,EXHAUSTIVE,READY_RANGE_STEP,0M | 100M | 200M | 300M | 400M | 500M | 600M | 700M | 800M | 900M,0 | 100000000 | 200000000 | 300000000 | 400000000 | 500000000 | 600000000 | 700000000 | 800000000 | 900000000,NOT_SPECIFIED,AUTO_VALIDATED_FROZEN_GATE,AUTO_VALIDATED,0|1e+08|2e+08|3e+08|4e+08|5e+08|6e+08|7e+08|8e+08|9e+08,0 | 100000000 | 200000000 | 300000000 | 400000000 | 500000000 | 600000000 | 700000000 | 800000000 | 900000000,NORMALIZED_EQUIVALENT,CONFORMING,,,Conteúdo observado coincide com F após normalização congelada.,YES,B_B_NORMALIZATION_V1,,,,V7_TEMPORAL_NUMERIC
BC_046_R08.png,BC,BC_046,8,10,ZERO-SHOT,Y,numeric,EXHAUSTIVE,READY_RANGE_STEP,0M | 100M | 200M | 300M | 400M | 500M | 600M | 700M | 800M | 900M,0 | 100000000 | 200000000 | 300000000 | 400000000 | 500000000 | 600000000 | 700000000 | 800000000 | 900000000,NOT_SPECIFIED,AUTO_VALIDATED_FROZEN_GATE,AUTO_VALIDATED,0|1e+08|2e+08|3e+08|4e+08|5e+08|6e+08|7e+08|8e+08|9e+08,0 | 100000000 | 200000000 | 300000000 | 400000000 | 500000000 | 600000000 | 700000000 | 800000000 | 900000000,NORMALIZED_EQUIVALENT,CONFORMING,,,Conteúdo observado coincide com F após normalização congelada.,YES,B_B_NORMALIZATION_V1,,,,V7_TEMPORAL_NUMERIC
BC_046_R09.png,BC,BC_046,9,10,ZERO-SHOT,Y,numeric,EXHAUSTIVE,READY_RANGE_STEP,0M | 100M | 200M | 300M | 400M | 500M | 600M | 700M | 800M | 900M,0 | 100000000 | 200000000 | 300000000 | 400000000 | 500000000 | 600000000 | 700000000 | 800000000 | 900000000,NOT_SPECIFIED,AUTO_VALIDATED_FROZEN_GATE,AUTO_VALIDATED,0|1e+08|2e+08|3e+08|4e+08|5e+08|6e+08|7e+08|8e+08|9e+08,0 | 100000000 | 200000000 | 300000000 | 400000000 | 500000000 | 600000000 | 700000000 | 800000000 | 900000000,NORMALIZED_EQUIVALENT,CONFORMING,,,Conteúdo observado coincide com F após normalização congelada.,YES,B_B_NORMALIZATION_V1,,,,V7_TEMPORAL_NUMERIC
BC_046_R10.png,BC,BC_046,10,10,ZERO-SHOT,Y,numeric,EXHAUSTIVE,READY_RANGE_STEP,0M | 100M | 200M | 300M | 400M | 500M | 600M | 700M | 800M | 900M,0 | 100000000 | 200000000 | 300000000 | 400000000 | 500000000 | 600000000 | 700000000 | 800000000 | 900000000,NOT_SPECIFIED,AUTO_VALIDATED_FROZEN_GATE,AUTO_VALIDATED,0|1e+08|2e+08|3e+08|4e+08|5e+08|6e+08|7e+08|8e+08|9e+08,0 | 100000000 | 200000000 | 300000000 | 400000000 | 500000000 | 600000000 | 700000000 | 800000000 | 900000000,NORMALIZED_EQUIVALENT,CONFORMING,,,Conteúdo observado coincide com F após normalização congelada.,YES,B_B_NORMALIZATION_V1,,,,V7_TEMPORAL_NUMERIC
BC_049_R01.png,BC,BC_049,1,13,ZERO-SHOT,Y,numeric,EXHAUSTIVE,READY_EXPLICIT_LIST,0 | 200M | 400M | 600M | 800M,0 | 200000000 | 400000000 | 600000000 | 800000000,NOT_SPECIFIED,AUTO_VALIDATED_FROZEN_GATE,AUTO_VALIDATED,0|2e+08|4e+08|6e+08|8e+08,0 | 200000000 | 400000000 | 600000000 | 800000000,NORMALIZED_EQUIVALENT,CONFORMING,,,Conteúdo observado coincide com F após normalização congelada.,YES,B_B_NORMALIZATION_V1,,,,V7_TEMPORAL_NUMERIC
BC_049_R02.png,BC,BC_049,2,13,ZERO-SHOT,Y,numeric,EXHAUSTIVE,READY_EXPLICIT_LIST,0 | 200M | 400M | 600M | 800M,0 | 200000000 | 400000000 | 600000000 | 800000000,NOT_SPECIFIED,AUTO_VALIDATED_FROZEN_GATE,AUTO_VALIDATED,0|2e+08|4e+08|6e+08|8e+08,0 | 200000000 | 400000000 | 600000000 | 800000000,NORMALIZED_EQUIVALENT,CONFORMING,,,Conteúdo observado coincide com F após normalização congelada.,YES,B_B_NORMALIZATION_V1,,,,V7_TEMPORAL_NUMERIC
BC_049_R03.png,BC,BC_049,3,13,ZERO-SHOT,Y,numeric,EXHAUSTIVE,READY_EXPLICIT_LIST,0 | 200M | 400M | 600M | 800M,0 | 200000000 | 400000000 | 600000000 | 800000000,NOT_SPECIFIED,AUTO_VALIDATED_FROZEN_GATE,AUTO_VALIDATED,0|2e+08|4e+08|6e+08|8e+08,0 | 200000000 | 400000000 | 600000000 | 800000000,NORMALIZED_EQUIVALENT,CONFORMING,,,Conteúdo observado coincide com F após normalização congelada.,YES,B_B_NORMALIZATION_V1,,,,V7_TEMPORAL_NUMERIC
BC_049_R04.png,BC,BC_049,4,13,ZERO-SHOT,Y,numeric,EXHAUSTIVE,READY_EXPLICIT_LIST,0 | 200M | 400M | 600M | 800M,0 | 200000000 | 400000000 | 600000000 | 800000000,NOT_SPECIFIED,AUTO_VALIDATED_FROZEN_GATE,AUTO_VALIDATED,0|2e+08|4e+08|6e+08|8e+08,0 | 200000000 | 400000000 | 600000000 | 800000000,NORMALIZED_EQUIVALENT,CONFORMING,,,Conteúdo observado coincide com F após normalização congelada.,YES,B_B_NORMALIZATION_V1,,,,V7_TEMPORAL_NUMERIC
BC_049_R05.png,BC,BC_049,5,13,ZERO-SHOT,Y,numeric,EXHAUSTIVE,READY_EXPLICIT_LIST,0 | 200M | 400M | 600M | 800M,0 | 200000000 | 400000000 | 600000000 | 800000000,NOT_SPECIFIED,AUTO_VALIDATED_FROZEN_GATE,AUTO_VALIDATED,0|2e+08|4e+08|6e+08|8e+08,0 | 200000000 | 400000000 | 600000000 | 800000000,NORMALIZED_EQUIVALENT,CONFORMING,,,Conteúdo observado coincide com F após normalização congelada.,YES,B_B_NORMALIZATION_V1,,,,V7_TEMPORAL_NUMERIC
BC_049_R06.png,BC,BC_049,6,13,ZERO-SHOT,Y,numeric,EXHAUSTIVE,READY_EXPLICIT_LIST,0 | 200M | 400M | 600M | 800M,0 | 200000000 | 400000000 | 600000000 | 800000000,NOT_SPECIFIED,AUTO_VALIDATED_FROZEN_GATE,AUTO_VALIDATED,0|2e+08|4e+08|6e+08|8e+08,0 | 200000000 | 400000000 | 600000000 | 800000000,NORMALIZED_EQUIVALENT,CONFORMING,,,Conteúdo observado coincide com F após normalização congelada.,YES,B_B_NORMALIZATION_V1,,,,V7_TEMPORAL_NUMERIC
BC_049_R07.png,BC,BC_049,7,13,ZERO-SHOT,Y,numeric,EXHAUSTIVE,READY_EXPLICIT_LIST,0 | 200M | 400M | 600M | 800M,0 | 200000000 | 400000000 | 600000000 | 800000000,NOT_SPECIFIED,MANUAL_ADJUDICATED,MANUAL_ADJUDICATED,R$0 | R$ 200M | R$ 400M | R$ 600M | R$ 800M,0 | 200000000 | 400000000 | 600000000 | 800000000,NORMALIZED_EQUIVALENT,CONFORMING,,,Conteúdo observado coincide com F após normalização congelada.,YES,B_B_NORMALIZATION_V1,,,,V7_TEMPORAL_NUMERIC
BC_049_R08.png,BC,BC_049,8,13,ZERO-SHOT,Y,numeric,EXHAUSTIVE,READY_EXPLICIT_LIST,0 | 200M | 400M | 600M | 800M,0 | 200000000 | 400000000 | 600000000 | 800000000,NOT_SPECIFIED,MANUAL_ADJUDICATED,MANUAL_ADJUDICATED,R$0 | R$ 200M | R$ 400M | R$ 600M | R$ 800M,0 | 200000000 | 400000000 | 600000000 | 800000000,NORMALIZED_EQUIVALENT,CONFORMING,,,Conteúdo observado coincide com F após normalização congelada.,YES,B_B_NORMALIZATION_V1,,,,V7_TEMPORAL_NUMERIC
BC_049_R09.png,BC,BC_049,9,13,ZERO-SHOT,Y,numeric,EXHAUSTIVE,READY_EXPLICIT_LIST,0 | 200M | 400M | 600M | 800M,0 | 200000000 | 400000000 | 600000000 | 800000000,NOT_SPECIFIED,MANUAL_ADJUDICATED,MANUAL_ADJUDICATED,R$0 | R$ 200M | R$ 400M | R$ 600M | R$ 800M,0 | 200000000 | 400000000 | 600000000 | 800000000,NORMALIZED_EQUIVALENT,CONFORMING,,,Conteúdo observado coincide com F após normalização congelada.,YES,B_B_NORMALIZATION_V1,,,,V7_TEMPORAL_NUMERIC
BC_049_R10.png,BC,BC_049,10,13,ZERO-SHOT,Y,numeric,EXHAUSTIVE,READY_EXPLICIT_LIST,0 | 200M | 400M | 600M | 800M,0 | 200000000 | 400000000 | 600000000 | 800000000,NOT_SPECIFIED,MANUAL_ADJUDICATED,MANUAL_ADJUDICATED,R$0 | R$ 200M | R$ 400M | R$ 600M | R$ 800M,0 | 200000000 | 400000000 | 600000000 | 800000000,NORMALIZED_EQUIVALENT,CONFORMING,,,Conteúdo observado coincide com F após normalização congelada.,YES,B_B_NORMALIZATION_V1,,,,V7_TEMPORAL_NUMERIC
BI_019_R01.png,BI,BI_019,1,9,HIBRIDO,Y,numeric,EXHAUSTIVE,READY_EXPLICIT_LIST,0 | 100M | 200M | 300M | 400M | 500M | 600M | 700M,0 | 100000000 | 200000000 | 300000000 | 400000000 | 500000000 | 600000000 | 700000000,NOT_SPECIFIED,MANUAL_AUDIT_AUTO_NONCONFORMING,MANUAL_ADJUDICATED,R$0 | R$ 200M | R$ 400M | R$ 600M | R$ 800M,0 | 200000000 | 400000000 | 600000000 | 800000000,NONCONFORMING_VALUE,NONCONFORMING,100000000 | 300000000 | 500000000 | 700000000,800000000,Resultado atualizado após auditoria manual cega de B-A.,YES,B_B_NORMALIZATION_V1,,,,V7_TEMPORAL_NUMERIC
BI_019_R02.png,BI,BI_019,2,9,HIBRIDO,Y,numeric,EXHAUSTIVE,READY_EXPLICIT_LIST,0 | 100M | 200M | 300M | 400M | 500M | 600M | 700M,0 | 100000000 | 200000000 | 300000000 | 400000000 | 500000000 | 600000000 | 700000000,NOT_SPECIFIED,AUTO_VALIDATED_FROZEN_GATE,AUTO_VALIDATED,0|1e+08|2e+08|3e+08|4e+08|5e+08|6e+08|7e+08,0 | 100000000 | 200000000 | 300000000 | 400000000 | 500000000 | 600000000 | 700000000,NORMALIZED_EQUIVALENT,CONFORMING,,,Conteúdo observado coincide com F após normalização congelada.,YES,B_B_NORMALIZATION_V1,,,,V7_TEMPORAL_NUMERIC
BI_019_R03.png,BI,BI_019,3,9,HIBRIDO,Y,numeric,EXHAUSTIVE,READY_EXPLICIT_LIST,0 | 100M | 200M | 300M | 400M | 500M | 600M | 700M,0 | 100000000 | 200000000 | 300000000 | 400000000 | 500000000 | 600000000 | 700000000,NOT_SPECIFIED,AUTO_VALIDATED_FROZEN_GATE,AUTO_VALIDATED,0|1e+08|2e+08|3e+08|4e+08|5e+08|6e+08|7e+08,0 | 100000000 | 200000000 | 300000000 | 400000000 | 500000000 | 600000000 | 700000000,NORMALIZED_EQUIVALENT,CONFORMING,,,Conteúdo observado coincide com F após normalização congelada.,YES,B_B_NORMALIZATION_V1,,,,V7_TEMPORAL_NUMERIC
BI_019_R04.png,BI,BI_019,4,9,HIBRIDO,Y,numeric,EXHAUSTIVE,READY_EXPLICIT_LIST,0 | 100M | 200M | 300M | 400M | 500M | 600M | 700M,0 | 100000000 | 200000000 | 300000000 | 400000000 | 500000000 | 600000000 | 700000000,NOT_SPECIFIED,AUTO_VALIDATED_FROZEN_GATE,AUTO_VALIDATED,0|1e+08|2e+08|3e+08|4e+08|5e+08|6e+08|7e+08,0 | 100000000 | 200000000 | 300000000 | 400000000 | 500000000 | 600000000 | 700000000,NORMALIZED_EQUIVALENT,CONFORMING,,,Conteúdo observado coincide com F após normalização congelada.,YES,B_B_NORMALIZATION_V1,,,,V7_TEMPORAL_NUMERIC
BI_019_R05.png,BI,BI_019,5,9,HIBRIDO,Y,numeric,EXHAUSTIVE,READY_EXPLICIT_LIST,0 | 100M | 200M | 300M | 400M | 500M | 600M | 700M,0 | 100000000 | 200000000 | 300000000 | 400000000 | 500000000 | 600000000 | 700000000,NOT_SPECIFIED,AUTO_VALIDATED_FROZEN_GATE,AUTO_VALIDATED,0|1e+08|2e+08|3e+08|4e+08|5e+08|6e+08|7e+08,0 | 100000000 | 200000000 | 300000000 | 400000000 | 500000000 | 600000000 | 700000000,NORMALIZED_EQUIVALENT,CONFORMING,,,Conteúdo observado coincide com F após normalização congelada.,YES,B_B_NORMALIZATION_V1,,,,V7_TEMPORAL_NUMERIC
BI_019_R06.png,BI,BI_019,6,9,HIBRIDO,Y,numeric,EXHAUSTIVE,READY_EXPLICIT_LIST,0 | 100M | 200M | 300M | 400M | 500M | 600M | 700M,0 | 100000000 | 200000000 | 300000000 | 400000000 | 500000000 | 600000000 | 700000000,NOT_SPECIFIED,AUTO_VALIDATED_FROZEN_GATE,AUTO_VALIDATED,0|1e+08|2e+08|3e+08|4e+08|5e+08|6e+08|7e+08,0 | 100000000 | 200000000 | 300000000 | 400000000 | 500000000 | 600000000 | 700000000,NORMALIZED_EQUIVALENT,CONFORMING,,,Conteúdo observado coincide com F após normalização congelada.,YES,B_B_NORMALIZATION_V1,,,,V7_TEMPORAL_NUMERIC
BI_019_R07.png,BI,BI_019,7,9,HIBRIDO,Y,numeric,EXHAUSTIVE,READY_EXPLICIT_LIST,0 | 100M | 200M | 300M | 400M | 500M | 600M | 700M,0 | 100000000 | 200000000 | 300000000 | 400000000 | 500000000 | 600000000 | 700000000,NOT_SPECIFIED,AUTO_VALIDATED_FROZEN_GATE,AUTO_VALIDATED,0|1e+08|2e+08|3e+08|4e+08|5e+08|6e+08|7e+08,0 | 100000000 | 200000000 | 300000000 | 400000000 | 500000000 | 600000000 | 700000000,NORMALIZED_EQUIVALENT,CONFORMING,,,Conteúdo observado coincide com F após normalização congelada.,YES,B_B_NORMALIZATION_V1,,,,V7_TEMPORAL_NUMERIC
BI_019_R08.png,BI,BI_019,8,9,HIBRIDO,Y,numeric,EXHAUSTIVE,READY_EXPLICIT_LIST,0 | 100M | 200M | 300M | 400M | 500M | 600M | 700M,0 | 100000000 | 200000000 | 300000000 | 400000000 | 500000000 | 600000000 | 700000000,NOT_SPECIFIED,AUTO_VALIDATED_FROZEN_GATE,AUTO_VALIDATED,0|1e+08|2e+08|3e+08|4e+08|5e+08|6e+08|7e+08,0 | 100000000 | 200000000 | 300000000 | 400000000 | 500000000 | 600000000 | 700000000,NORMALIZED_EQUIVALENT,CONFORMING,,,Conteúdo observado coincide com F após normalização congelada.,YES,B_B_NORMALIZATION_V1,,,,V7_TEMPORAL_NUMERIC
BI_019_R09.png,BI,BI_019,9,9,HIBRIDO,Y,numeric,EXHAUSTIVE,READY_EXPLICIT_LIST,0 | 100M | 200M | 300M | 400M | 500M | 600M | 700M,0 | 100000000 | 200000000 | 300000000 | 400000000 | 500000000 | 600000000 | 700000000,NOT_SPECIFIED,AUTO_VALIDATED_FROZEN_GATE,AUTO_VALIDATED,0|1e+08|2e+08|3e+08|4e+08|5e+08|6e+08|7e+08,0 | 100000000 | 200000000 | 300000000 | 400000000 | 500000000 | 600000000 | 700000000,NORMALIZED_EQUIVALENT,CONFORMING,,,Conteúdo observado coincide com F após normalização congelada.,YES,B_B_NORMALIZATION_V1,,,,V7_TEMPORAL_NUMERIC
BI_019_R10.png,BI,BI_019,10,9,HIBRIDO,Y,numeric,EXHAUSTIVE,READY_EXPLICIT_LIST,0 | 100M | 200M | 300M | 400M | 500M | 600M | 700M,0 | 100000000 | 200000000 | 300000000 | 400000000 | 500000000 | 600000000 | 700000000,NOT_SPECIFIED,AUTO_VALIDATED_FROZEN_GATE,AUTO_VALIDATED,0|1e+08|2e+08|3e+08|4e+08|5e+08|6e+08|7e+08,0 | 100000000 | 200000000 | 300000000 | 400000000 | 500000000 | 600000000 | 700000000,NORMALIZED_EQUIVALENT,CONFORMING,,,Conteúdo observado coincide com F após normalização congelada.,YES,B_B_NORMALIZATION_V1,,,,V7_TEMPORAL_NUMERIC
BI_032_R01.png,BI,BI_032,1,9,VQL,Y,numeric,EXHAUSTIVE,READY_EXPLICIT_LIST,0 | 100M | 200M | 300M | 400M | 500M | 600M | 700M,0 | 100000000 | 200000000 | 300000000 | 400000000 | 500000000 | 600000000 | 700000000,NOT_SPECIFIED,MANUAL_ADJUDICATED,MANUAL_ADJUDICATED,R$0m | R$100m | R$200m | R$ 300m | R$400m | R$500m | R$600m | R$700m,0 | 100000000 | 200000000 | 300000000 | 400000000 | 500000000 | 600000000 | 700000000,NORMALIZED_EQUIVALENT,CONFORMING,,,Conteúdo observado coincide com F após normalização congelada.,YES,B_B_NORMALIZATION_V1,,,,V7_TEMPORAL_NUMERIC
BI_032_R02.png,BI,BI_032,2,9,VQL,Y,numeric,EXHAUSTIVE,READY_EXPLICIT_LIST,0 | 100M | 200M | 300M | 400M | 500M | 600M | 700M,0 | 100000000 | 200000000 | 300000000 | 400000000 | 500000000 | 600000000 | 700000000,NOT_SPECIFIED,AUTO_VALIDATED_FROZEN_GATE,AUTO_VALIDATED,0|1e+08|2e+08|3e+08|4e+08|5e+08|6e+08|7e+08,0 | 100000000 | 200000000 | 300000000 | 400000000 | 500000000 | 600000000 | 700000000,NORMALIZED_EQUIVALENT,CONFORMING,,,Conteúdo observado coincide com F após normalização congelada.,YES,B_B_NORMALIZATION_V1,,,,V7_TEMPORAL_NUMERIC
BI_032_R03.png,BI,BI_032,3,9,VQL,Y,numeric,EXHAUSTIVE,READY_EXPLICIT_LIST,0 | 100M | 200M | 300M | 400M | 500M | 600M | 700M,0 | 100000000 | 200000000 | 300000000 | 400000000 | 500000000 | 600000000 | 700000000,NOT_SPECIFIED,AUTO_VALIDATED_FROZEN_GATE,AUTO_VALIDATED,0|1e+08|2e+08|3e+08|4e+08|5e+08|6e+08|7e+08,0 | 100000000 | 200000000 | 300000000 | 400000000 | 500000000 | 600000000 | 700000000,NORMALIZED_EQUIVALENT,CONFORMING,,,Conteúdo observado coincide com F após normalização congelada.,YES,B_B_NORMALIZATION_V1,,,,V7_TEMPORAL_NUMERIC
BI_032_R04.png,BI,BI_032,4,9,VQL,Y,numeric,EXHAUSTIVE,READY_EXPLICIT_LIST,0 | 100M | 200M | 300M | 400M | 500M | 600M | 700M,0 | 100000000 | 200000000 | 300000000 | 400000000 | 500000000 | 600000000 | 700000000,NOT_SPECIFIED,AUTO_VALIDATED_FROZEN_GATE,AUTO_VALIDATED,0|1e+08|2e+08|3e+08|4e+08|5e+08|6e+08|7e+08,0 | 100000000 | 200000000 | 300000000 | 400000000 | 500000000 | 600000000 | 700000000,NORMALIZED_EQUIVALENT,CONFORMING,,,Conteúdo observado coincide com F após normalização congelada.,YES,B_B_NORMALIZATION_V1,,,,V7_TEMPORAL_NUMERIC
BI_032_R05.png,BI,BI_032,5,9,VQL,Y,numeric,EXHAUSTIVE,READY_EXPLICIT_LIST,0 | 100M | 200M | 300M | 400M | 500M | 600M | 700M,0 | 100000000 | 200000000 | 300000000 | 400000000 | 500000000 | 600000000 | 700000000,NOT_SPECIFIED,AUTO_VALIDATED_FROZEN_GATE,AUTO_VALIDATED,0|1e+08|2e+08|3e+08|4e+08|5e+08|6e+08|7e+08,0 | 100000000 | 200000000 | 300000000 | 400000000 | 500000000 | 600000000 | 700000000,NORMALIZED_EQUIVALENT,CONFORMING,,,Conteúdo observado coincide com F após normalização congelada.,YES,B_B_NORMALIZATION_V1,,,,V7_TEMPORAL_NUMERIC
BI_032_R06.png,BI,BI_032,6,9,VQL,Y,numeric,EXHAUSTIVE,READY_EXPLICIT_LIST,0 | 100M | 200M | 300M | 400M | 500M | 600M | 700M,0 | 100000000 | 200000000 | 300000000 | 400000000 | 500000000 | 600000000 | 700000000,NOT_SPECIFIED,AUTO_VALIDATED_FROZEN_GATE,AUTO_VALIDATED,0|1e+08|2e+08|3e+08|4e+08|5e+08|6e+08|7e+08,0 | 100000000 | 200000000 | 300000000 | 400000000 | 500000000 | 600000000 | 700000000,NORMALIZED_EQUIVALENT,CONFORMING,,,Conteúdo observado coincide com F após normalização congelada.,YES,B_B_NORMALIZATION_V1,,,,V7_TEMPORAL_NUMERIC
BI_032_R07.png,BI,BI_032,7,9,VQL,Y,numeric,EXHAUSTIVE,READY_EXPLICIT_LIST,0 | 100M | 200M | 300M | 400M | 500M | 600M | 700M,0 | 100000000 | 200000000 | 300000000 | 400000000 | 500000000 | 600000000 | 700000000,NOT_SPECIFIED,AUTO_VALIDATED_FROZEN_GATE,AUTO_VALIDATED,0|1e+08|2e+08|3e+08|4e+08|5e+08|6e+08|7e+08,0 | 100000000 | 200000000 | 300000000 | 400000000 | 500000000 | 600000000 | 700000000,NORMALIZED_EQUIVALENT,CONFORMING,,,Conteúdo observado coincide com F após normalização congelada.,YES,B_B_NORMALIZATION_V1,,,,V7_TEMPORAL_NUMERIC
BI_032_R08.png,BI,BI_032,8,9,VQL,Y,numeric,EXHAUSTIVE,READY_EXPLICIT_LIST,0 | 100M | 200M | 300M | 400M | 500M | 600M | 700M,0 | 100000000 | 200000000 | 300000000 | 400000000 | 500000000 | 600000000 | 700000000,NOT_SPECIFIED,AUTO_VALIDATED_FROZEN_GATE,AUTO_VALIDATED,0|1e+08|2e+08|3e+08|4e+08|5e+08|6e+08|7e+08,0 | 100000000 | 200000000 | 300000000 | 400000000 | 500000000 | 600000000 | 700000000,NORMALIZED_EQUIVALENT,CONFORMING,,,Conteúdo observado coincide com F após normalização congelada.,YES,B_B_NORMALIZATION_V1,,,,V7_TEMPORAL_NUMERIC
BI_032_R09.png,BI,BI_032,9,9,VQL,Y,numeric,EXHAUSTIVE,READY_EXPLICIT_LIST,0 | 100M | 200M | 300M | 400M | 500M | 600M | 700M,0 | 100000000 | 200000000 | 300000000 | 400000000 | 500000000 | 600000000 | 700000000,NOT_SPECIFIED,AUTO_VALIDATED_FROZEN_GATE,AUTO_VALIDATED,0|1e+08|2e+08|3e+08|4e+08|5e+08|6e+08|7e+08,0 | 100000000 | 200000000 | 300000000 | 400000000 | 500000000 | 600000000 | 700000000,NORMALIZED_EQUIVALENT,CONFORMING,,,Conteúdo observado coincide com F após normalização congelada.,YES,B_B_NORMALIZATION_V1,,,,V7_TEMPORAL_NUMERIC
BI_032_R10.png,BI,BI_032,10,9,VQL,Y,numeric,EXHAUSTIVE,READY_EXPLICIT_LIST,0 | 100M | 200M | 300M | 400M | 500M | 600M | 700M,0 | 100000000 | 200000000 | 300000000 | 400000000 | 500000000 | 600000000 | 700000000,NOT_SPECIFIED,AUTO_VALIDATED_FROZEN_GATE,AUTO_VALIDATED,0|1e+08|2e+08|3e+08|4e+08|5e+08|6e+08|7e+08,0 | 100000000 | 200000000 | 300000000 | 400000000 | 500000000 | 600000000 | 700000000,NORMALIZED_EQUIVALENT,CONFORMING,,,Conteúdo observado coincide com F após normalização congelada.,YES,B_B_NORMALIZATION_V1,,,,V7_TEMPORAL_NUMERIC
LC_001_R01.png,LC,LC_001,1,1,FEW-SHOT,X,temporal,EXHAUSTIVE,READY_TEMPORAL,2018 | 2019 | 2020 | 2021 | 2022 | 2023 | 2024 | 2025,2018 | 2019 | 2020 | 2021 | 2022 | 2023 | 2024 | 2025,NOT_SPECIFIED,AUTO_VALIDATED_FROZEN_GATE,AUTO_VALIDATED,2018|2019|2020|2021|2022|2023|2024|2025,2018 | 2019 | 2020 | 2021 | 2022 | 2023 | 2024 | 2025,NORMALIZED_EQUIVALENT,CONFORMING,,,Conteúdo observado coincide com F após normalização congelada.,YES,B_B_NORMALIZATION_V1,,,,V7_TEMPORAL_NUMERIC
LC_001_R02.png,LC,LC_001,2,1,FEW-SHOT,X,temporal,EXHAUSTIVE,READY_TEMPORAL,2018 | 2019 | 2020 | 2021 | 2022 | 2023 | 2024 | 2025,2018 | 2019 | 2020 | 2021 | 2022 | 2023 | 2024 | 2025,NOT_SPECIFIED,AUTO_VALIDATED_FROZEN_GATE,AUTO_VALIDATED,2018|2019|2020|2021|2022|2023|2024|2025,2018 | 2019 | 2020 | 2021 | 2022 | 2023 | 2024 | 2025,NORMALIZED_EQUIVALENT,CONFORMING,,,Conteúdo observado coincide com F após normalização congelada.,YES,B_B_NORMALIZATION_V1,,,,V7_TEMPORAL_NUMERIC
LC_001_R03.png,LC,LC_001,3,1,FEW-SHOT,X,temporal,EXHAUSTIVE,READY_TEMPORAL,2018 | 2019 | 2020 | 2021 | 2022 | 2023 | 2024 | 2025,2018 | 2019 | 2020 | 2021 | 2022 | 2023 | 2024 | 2025,NOT_SPECIFIED,AUTO_VALIDATED_FROZEN_GATE,AUTO_VALIDATED,2018|2019|2020|2021|2022|2023|2024|2025,2018 | 2019 | 2020 | 2021 | 2022 | 2023 | 2024 | 2025,NORMALIZED_EQUIVALENT,CONFORMING,,,Conteúdo observado coincide com F após normalização congelada.,YES,B_B_NORMALIZATION_V1,,,,V7_TEMPORAL_NUMERIC
LC_001_R04.png,LC,LC_001,4,1,FEW-SHOT,X,temporal,EXHAUSTIVE,READY_TEMPORAL,2018 | 2019 | 2020 | 2021 | 2022 | 2023 | 2024 | 2025,2018 | 2019 | 2020 | 2021 | 2022 | 2023 | 2024 | 2025,NOT_SPECIFIED,AUTO_VALIDATED_FROZEN_GATE,AUTO_VALIDATED,2018|2019|2020|2021|2022|2023|2024|2025,2018 | 2019 | 2020 | 2021 | 2022 | 2023 | 2024 | 2025,NORMALIZED_EQUIVALENT,CONFORMING,,,Conteúdo observado coincide com F após normalização congelada.,YES,B_B_NORMALIZATION_V1,,,,V7_TEMPORAL_NUMERIC
LC_001_R05.png,LC,LC_001,5,1,FEW-SHOT,X,temporal,EXHAUSTIVE,READY_TEMPORAL,2018 | 2019 | 2020 | 2021 | 2022 | 2023 | 2024 | 2025,2018 | 2019 | 2020 | 2021 | 2022 | 2023 | 2024 | 2025,NOT_SPECIFIED,AUTO_VALIDATED_FROZEN_GATE,AUTO_VALIDATED,2018|2019|2020|2021|2022|2023|2024|2025,2018 | 2019 | 2020 | 2021 | 2022 | 2023 | 2024 | 2025,NORMALIZED_EQUIVALENT,CONFORMING,,,Conteúdo observado coincide com F após normalização congelada.,YES,B_B_NORMALIZATION_V1,,,,V7_TEMPORAL_NUMERIC
LC_001_R06.png,LC,LC_001,6,1,FEW-SHOT,X,temporal,EXHAUSTIVE,READY_TEMPORAL,2018 | 2019 | 2020 | 2021 | 2022 | 2023 | 2024 | 2025,2018 | 2019 | 2020 | 2021 | 2022 | 2023 | 2024 | 2025,NOT_SPECIFIED,AUTO_VALIDATED_FROZEN_GATE,AUTO_VALIDATED,2018|2019|2020|2021|2022|2023|2024|2025,2018 | 2019 | 2020 | 2021 | 2022 | 2023 | 2024 | 2025,NORMALIZED_EQUIVALENT,CONFORMING,,,Conteúdo observado coincide com F após normalização congelada.,YES,B_B_NORMALIZATION_V1,,,,V7_TEMPORAL_NUMERIC
LC_001_R07.png,LC,LC_001,7,1,FEW-SHOT,X,temporal,EXHAUSTIVE,READY_TEMPORAL,2018 | 2019 | 2020 | 2021 | 2022 | 2023 | 2024 | 2025,2018 | 2019 | 2020 | 2021 | 2022 | 2023 | 2024 | 2025,NOT_SPECIFIED,AUTO_VALIDATED_FROZEN_GATE,AUTO_VALIDATED,2018|2019|2020|2021|2022|2023|2024|2025,2018 | 2019 | 2020 | 2021 | 2022 | 2023 | 2024 | 2025,NORMALIZED_EQUIVALENT,CONFORMING,,,Conteúdo observado coincide com F após normalização congelada.,YES,B_B_NORMALIZATION_V1,,,,V7_TEMPORAL_NUMERIC
LC_001_R08.png,LC,LC_001,8,1,FEW-SHOT,X,temporal,EXHAUSTIVE,READY_TEMPORAL,2018 | 2019 | 2020 | 2021 | 2022 | 2023 | 2024 | 2025,2018 | 2019 | 2020 | 2021 | 2022 | 2023 | 2024 | 2025,NOT_SPECIFIED,AUTO_VALIDATED_FROZEN_GATE,AUTO_VALIDATED,2018|2019|2020|2021|2022|2023|2024|2025,2018 | 2019 | 2020 | 2021 | 2022 | 2023 | 2024 | 2025,NORMALIZED_EQUIVALENT,CONFORMING,,,Conteúdo observado coincide com F após normalização congelada.,YES,B_B_NORMALIZATION_V1,,,,V7_TEMPORAL_NUMERIC
LC_001_R09.png,LC,LC_001,9,1,FEW-SHOT,X,temporal,EXHAUSTIVE,READY_TEMPORAL,2018 | 2019 | 2020 | 2021 | 2022 | 2023 | 2024 | 2025,2018 | 2019 | 2020 | 2021 | 2022 | 2023 | 2024 | 2025,NOT_SPECIFIED,AUTO_VALIDATED_FROZEN_GATE,AUTO_VALIDATED,2018|2019|2020|2021|2022|2023|2024|2025,2018 | 2019 | 2020 | 2021 | 2022 | 2023 | 2024 | 2025,NORMALIZED_EQUIVALENT,CONFORMING,,,Conteúdo observado coincide com F após normalização congelada.,YES,B_B_NORMALIZATION_V1,,,,V7_TEMPORAL_NUMERIC
LC_001_R10.png,LC,LC_001,10,1,FEW-SHOT,X,temporal,EXHAUSTIVE,READY_TEMPORAL,2018 | 2019 | 2020 | 2021 | 2022 | 2023 | 2024 | 2025,2018 | 2019 | 2020 | 2021 | 2022 | 2023 | 2024 | 2025,NOT_SPECIFIED,AUTO_VALIDATED_FROZEN_GATE,AUTO_VALIDATED,2018|2019|2020|2021|2022|2023|2024|2025,2018 | 2019 | 2020 | 2021 | 2022 | 2023 | 2024 | 2025,NORMALIZED_EQUIVALENT,CONFORMING,,,Conteúdo observado coincide com F após normalização congelada.,YES,B_B_NORMALIZATION_V1,,,,V7_TEMPORAL_NUMERIC
LC_002_R01.png,LC,LC_002,1,4,FEW-SHOT,X,temporal,EXHAUSTIVE,READY_TEMPORAL,2018 | 2019 | 2020 | 2021 | 2022 | 2023 | 2024 | 2025,2018 | 2019 | 2020 | 2021 | 2022 | 2023 | 2024 | 2025,NOT_SPECIFIED,AUTO_VALIDATED_FROZEN_GATE,AUTO_VALIDATED,2018|2019|2020|2021|2022|2023|2024|2025,2018 | 2019 | 2020 | 2021 | 2022 | 2023 | 2024 | 2025,NORMALIZED_EQUIVALENT,CONFORMING,,,Conteúdo observado coincide com F após normalização congelada.,YES,B_B_NORMALIZATION_V1,,,,V7_TEMPORAL_NUMERIC
LC_002_R02.png,LC,LC_002,2,4,FEW-SHOT,X,temporal,EXHAUSTIVE,READY_TEMPORAL,2018 | 2019 | 2020 | 2021 | 2022 | 2023 | 2024 | 2025,2018 | 2019 | 2020 | 2021 | 2022 | 2023 | 2024 | 2025,NOT_SPECIFIED,AUTO_VALIDATED_FROZEN_GATE,AUTO_VALIDATED,2018|2019|2020|2021|2022|2023|2024|2025,2018 | 2019 | 2020 | 2021 | 2022 | 2023 | 2024 | 2025,NORMALIZED_EQUIVALENT,CONFORMING,,,Conteúdo observado coincide com F após normalização congelada.,YES,B_B_NORMALIZATION_V1,,,,V7_TEMPORAL_NUMERIC
LC_002_R03.png,LC,LC_002,3,4,FEW-SHOT,X,temporal,EXHAUSTIVE,READY_TEMPORAL,2018 | 2019 | 2020 | 2021 | 2022 | 2023 | 2024 | 2025,2018 | 2019 | 2020 | 2021 | 2022 | 2023 | 2024 | 2025,NOT_SPECIFIED,AUTO_VALIDATED_FROZEN_GATE,AUTO_VALIDATED,2018|2019|2020|2021|2022|2023|2024|2025,2018 | 2019 | 2020 | 2021 | 2022 | 2023 | 2024 | 2025,NORMALIZED_EQUIVALENT,CONFORMING,,,Conteúdo observado coincide com F após normalização congelada.,YES,B_B_NORMALIZATION_V1,,,,V7_TEMPORAL_NUMERIC
LC_002_R04.png,LC,LC_002,4,4,FEW-SHOT,X,temporal,EXHAUSTIVE,READY_TEMPORAL,2018 | 2019 | 2020 | 2021 | 2022 | 2023 | 2024 | 2025,2018 | 2019 | 2020 | 2021 | 2022 | 2023 | 2024 | 2025,NOT_SPECIFIED,AUTO_VALIDATED_FROZEN_GATE,AUTO_VALIDATED,2018|2019|2020|2021|2022|2023|2024|2025,2018 | 2019 | 2020 | 2021 | 2022 | 2023 | 2024 | 2025,NORMALIZED_EQUIVALENT,CONFORMING,,,Conteúdo observado coincide com F após normalização congelada.,YES,B_B_NORMALIZATION_V1,,,,V7_TEMPORAL_NUMERIC
LC_002_R05.png,LC,LC_002,5,4,FEW-SHOT,X,temporal,EXHAUSTIVE,READY_TEMPORAL,2018 | 2019 | 2020 | 2021 | 2022 | 2023 | 2024 | 2025,2018 | 2019 | 2020 | 2021 | 2022 | 2023 | 2024 | 2025,NOT_SPECIFIED,AUTO_VALIDATED_FROZEN_GATE,AUTO_VALIDATED,2018|2019|2020|2021|2022|2023|2024|2025,2018 | 2019 | 2020 | 2021 | 2022 | 2023 | 2024 | 2025,NORMALIZED_EQUIVALENT,CONFORMING,,,Conteúdo observado coincide com F após normalização congelada.,YES,B_B_NORMALIZATION_V1,,,,V7_TEMPORAL_NUMERIC
LC_002_R06.png,LC,LC_002,6,4,FEW-SHOT,X,temporal,EXHAUSTIVE,READY_TEMPORAL,2018 | 2019 | 2020 | 2021 | 2022 | 2023 | 2024 | 2025,2018 | 2019 | 2020 | 2021 | 2022 | 2023 | 2024 | 2025,NOT_SPECIFIED,AUTO_VALIDATED_FROZEN_GATE,AUTO_VALIDATED,2018|2019|2020|2021|2022|2023|2024|2025,2018 | 2019 | 2020 | 2021 | 2022 | 2023 | 2024 | 2025,NORMALIZED_EQUIVALENT,CONFORMING,,,Conteúdo observado coincide com F após normalização congelada.,YES,B_B_NORMALIZATION_V1,,,,V7_TEMPORAL_NUMERIC
LC_002_R07.png,LC,LC_002,7,4,FEW-SHOT,X,temporal,EXHAUSTIVE,READY_TEMPORAL,2018 | 2019 | 2020 | 2021 | 2022 | 2023 | 2024 | 2025,2018 | 2019 | 2020 | 2021 | 2022 | 2023 | 2024 | 2025,NOT_SPECIFIED,AUTO_VALIDATED_FROZEN_GATE,AUTO_VALIDATED,2018|2019|2020|2021|2022|2023|2024|2025,2018 | 2019 | 2020 | 2021 | 2022 | 2023 | 2024 | 2025,NORMALIZED_EQUIVALENT,CONFORMING,,,Conteúdo observado coincide com F após normalização congelada.,YES,B_B_NORMALIZATION_V1,,,,V7_TEMPORAL_NUMERIC
LC_002_R08.png,LC,LC_002,8,4,FEW-SHOT,X,temporal,EXHAUSTIVE,READY_TEMPORAL,2018 | 2019 | 2020 | 2021 | 2022 | 2023 | 2024 | 2025,2018 | 2019 | 2020 | 2021 | 2022 | 2023 | 2024 | 2025,NOT_SPECIFIED,AUTO_VALIDATED_FROZEN_GATE,AUTO_VALIDATED,2018|2019|2020|2021|2022|2023|2024|2025,2018 | 2019 | 2020 | 2021 | 2022 | 2023 | 2024 | 2025,NORMALIZED_EQUIVALENT,CONFORMING,,,Conteúdo observado coincide com F após normalização congelada.,YES,B_B_NORMALIZATION_V1,,,,V7_TEMPORAL_NUMERIC
LC_002_R09.png,LC,LC_002,9,4,FEW-SHOT,X,temporal,EXHAUSTIVE,READY_TEMPORAL,2018 | 2019 | 2020 | 2021 | 2022 | 2023 | 2024 | 2025,2018 | 2019 | 2020 | 2021 | 2022 | 2023 | 2024 | 2025,NOT_SPECIFIED,AUTO_VALIDATED_FROZEN_GATE,AUTO_VALIDATED,2018|2019|2020|2021|2022|2023|2024|2025,2018 | 2019 | 2020 | 2021 | 2022 | 2023 | 2024 | 2025,NORMALIZED_EQUIVALENT,CONFORMING,,,Conteúdo observado coincide com F após normalização congelada.,YES,B_B_NORMALIZATION_V1,,,,V7_TEMPORAL_NUMERIC
LC_002_R10.png,LC,LC_002,10,4,FEW-SHOT,X,temporal,EXHAUSTIVE,READY_TEMPORAL,2018 | 2019 | 2020 | 2021 | 2022 | 2023 | 2024 | 2025,2018 | 2019 | 2020 | 2021 | 2022 | 2023 | 2024 | 2025,NOT_SPECIFIED,AUTO_VALIDATED_FROZEN_GATE,AUTO_VALIDATED,2018|2019|2020|2021|2022|2023|2024|2025,2018 | 2019 | 2020 | 2021 | 2022 | 2023 | 2024 | 2025,NORMALIZED_EQUIVALENT,CONFORMING,,,Conteúdo observado coincide com F após normalização congelada.,YES,B_B_NORMALIZATION_V1,,,,V7_TEMPORAL_NUMERIC
LC_006_R01.png,LC,LC_006,1,9,FEW-SHOT,X,temporal,EXHAUSTIVE,READY_TEMPORAL,2018 | 2019 | 2020 | 2021 | 2022 | 2023 | 2024 | 2025,2018 | 2019 | 2020 | 2021 | 2022 | 2023 | 2024 | 2025,NOT_SPECIFIED,AUTO_VALIDATED_FROZEN_GATE,AUTO_VALIDATED,2018|2019|2020|2021|2022|2023|2024|2025,2018 | 2019 | 2020 | 2021 | 2022 | 2023 | 2024 | 2025,NORMALIZED_EQUIVALENT,CONFORMING,,,Conteúdo observado coincide com F após normalização congelada.,YES,B_B_NORMALIZATION_V1,,,,V7_TEMPORAL_NUMERIC
LC_006_R01.png,LC,LC_006,1,9,FEW-SHOT,Y,numeric,EXHAUSTIVE,READY_RANGE_STEP,0M | 100M | 200M | 300M | 400M | 500M | 600M,0 | 100000000 | 200000000 | 300000000 | 400000000 | 500000000 | 600000000,NOT_SPECIFIED,AUTO_VALIDATED_FROZEN_GATE,AUTO_VALIDATED,0|1e+08|2e+08|3e+08|4e+08|5e+08|6e+08,0 | 100000000 | 200000000 | 300000000 | 400000000 | 500000000 | 600000000,NORMALIZED_EQUIVALENT,CONFORMING,,,Conteúdo observado coincide com F após normalização congelada.,YES,B_B_NORMALIZATION_V1,,,,V7_TEMPORAL_NUMERIC
LC_006_R02.png,LC,LC_006,2,9,FEW-SHOT,X,temporal,EXHAUSTIVE,READY_TEMPORAL,2018 | 2019 | 2020 | 2021 | 2022 | 2023 | 2024 | 2025,2018 | 2019 | 2020 | 2021 | 2022 | 2023 | 2024 | 2025,NOT_SPECIFIED,AUTO_VALIDATED_FROZEN_GATE,AUTO_VALIDATED,2018|2019|2020|2021|2022|2023|2024|2025,2018 | 2019 | 2020 | 2021 | 2022 | 2023 | 2024 | 2025,NORMALIZED_EQUIVALENT,CONFORMING,,,Conteúdo observado coincide com F após normalização congelada.,YES,B_B_NORMALIZATION_V1,,,,V7_TEMPORAL_NUMERIC
LC_006_R02.png,LC,LC_006,2,9,FEW-SHOT,Y,numeric,EXHAUSTIVE,READY_RANGE_STEP,0M | 100M | 200M | 300M | 400M | 500M | 600M,0 | 100000000 | 200000000 | 300000000 | 400000000 | 500000000 | 600000000,NOT_SPECIFIED,AUTO_VALIDATED_FROZEN_GATE,AUTO_VALIDATED,0|1e+08|2e+08|3e+08|4e+08|5e+08|6e+08,0 | 100000000 | 200000000 | 300000000 | 400000000 | 500000000 | 600000000,NORMALIZED_EQUIVALENT,CONFORMING,,,Conteúdo observado coincide com F após normalização congelada.,YES,B_B_NORMALIZATION_V1,,,,V7_TEMPORAL_NUMERIC
LC_006_R03.png,LC,LC_006,3,9,FEW-SHOT,X,temporal,EXHAUSTIVE,READY_TEMPORAL,2018 | 2019 | 2020 | 2021 | 2022 | 2023 | 2024 | 2025,2018 | 2019 | 2020 | 2021 | 2022 | 2023 | 2024 | 2025,NOT_SPECIFIED,AUTO_VALIDATED_FROZEN_GATE,AUTO_VALIDATED,2018|2019|2020|2021|2022|2023|2024|2025,2018 | 2019 | 2020 | 2021 | 2022 | 2023 | 2024 | 2025,NORMALIZED_EQUIVALENT,CONFORMING,,,Conteúdo observado coincide com F após normalização congelada.,YES,B_B_NORMALIZATION_V1,,,,V7_TEMPORAL_NUMERIC
LC_006_R03.png,LC,LC_006,3,9,FEW-SHOT,Y,numeric,EXHAUSTIVE,READY_RANGE_STEP,0M | 100M | 200M | 300M | 400M | 500M | 600M,0 | 100000000 | 200000000 | 300000000 | 400000000 | 500000000 | 600000000,NOT_SPECIFIED,AUTO_VALIDATED_FROZEN_GATE,AUTO_VALIDATED,0|1e+08|2e+08|3e+08|4e+08|5e+08|6e+08,0 | 100000000 | 200000000 | 300000000 | 400000000 | 500000000 | 600000000,NORMALIZED_EQUIVALENT,CONFORMING,,,Conteúdo observado coincide com F após normalização congelada.,YES,B_B_NORMALIZATION_V1,,,,V7_TEMPORAL_NUMERIC
LC_006_R04.png,LC,LC_006,4,9,FEW-SHOT,X,temporal,EXHAUSTIVE,READY_TEMPORAL,2018 | 2019 | 2020 | 2021 | 2022 | 2023 | 2024 | 2025,2018 | 2019 | 2020 | 2021 | 2022 | 2023 | 2024 | 2025,NOT_SPECIFIED,AUTO_VALIDATED_FROZEN_GATE,AUTO_VALIDATED,2018|2019|2020|2021|2022|2023|2024|2025,2018 | 2019 | 2020 | 2021 | 2022 | 2023 | 2024 | 2025,NORMALIZED_EQUIVALENT,CONFORMING,,,Conteúdo observado coincide com F após normalização congelada.,YES,B_B_NORMALIZATION_V1,,,,V7_TEMPORAL_NUMERIC
LC_006_R04.png,LC,LC_006,4,9,FEW-SHOT,Y,numeric,EXHAUSTIVE,READY_RANGE_STEP,0M | 100M | 200M | 300M | 400M | 500M | 600M,0 | 100000000 | 200000000 | 300000000 | 400000000 | 500000000 | 600000000,NOT_SPECIFIED,AUTO_VALIDATED_FROZEN_GATE,AUTO_VALIDATED,0|1e+08|2e+08|3e+08|4e+08|5e+08|6e+08,0 | 100000000 | 200000000 | 300000000 | 400000000 | 500000000 | 600000000,NORMALIZED_EQUIVALENT,CONFORMING,,,Conteúdo observado coincide com F após normalização congelada.,YES,B_B_NORMALIZATION_V1,,,,V7_TEMPORAL_NUMERIC
LC_006_R05.png,LC,LC_006,5,9,FEW-SHOT,X,temporal,EXHAUSTIVE,READY_TEMPORAL,2018 | 2019 | 2020 | 2021 | 2022 | 2023 | 2024 | 2025,2018 | 2019 | 2020 | 2021 | 2022 | 2023 | 2024 | 2025,NOT_SPECIFIED,AUTO_VALIDATED_FROZEN_GATE,AUTO_VALIDATED,2018|2019|2020|2021|2022|2023|2024|2025,2018 | 2019 | 2020 | 2021 | 2022 | 2023 | 2024 | 2025,NORMALIZED_EQUIVALENT,CONFORMING,,,Conteúdo observado coincide com F após normalização congelada.,YES,B_B_NORMALIZATION_V1,,,,V7_TEMPORAL_NUMERIC
LC_006_R05.png,LC,LC_006,5,9,FEW-SHOT,Y,numeric,EXHAUSTIVE,READY_RANGE_STEP,0M | 100M | 200M | 300M | 400M | 500M | 600M,0 | 100000000 | 200000000 | 300000000 | 400000000 | 500000000 | 600000000,NOT_SPECIFIED,AUTO_VALIDATED_FROZEN_GATE,AUTO_VALIDATED,0|1e+08|2e+08|3e+08|4e+08|5e+08|6e+08,0 | 100000000 | 200000000 | 300000000 | 400000000 | 500000000 | 600000000,NORMALIZED_EQUIVALENT,CONFORMING,,,Conteúdo observado coincide com F após normalização congelada.,YES,B_B_NORMALIZATION_V1,,,,V7_TEMPORAL_NUMERIC
LC_006_R06.png,LC,LC_006,6,9,FEW-SHOT,X,temporal,EXHAUSTIVE,READY_TEMPORAL,2018 | 2019 | 2020 | 2021 | 2022 | 2023 | 2024 | 2025,2018 | 2019 | 2020 | 2021 | 2022 | 2023 | 2024 | 2025,NOT_SPECIFIED,AUTO_VALIDATED_FROZEN_GATE,AUTO_VALIDATED,2018|2019|2020|2021|2022|2023|2024|2025,2018 | 2019 | 2020 | 2021 | 2022 | 2023 | 2024 | 2025,NORMALIZED_EQUIVALENT,CONFORMING,,,Conteúdo observado coincide com F após normalização congelada.,YES,B_B_NORMALIZATION_V1,,,,V7_TEMPORAL_NUMERIC
LC_006_R06.png,LC,LC_006,6,9,FEW-SHOT,Y,numeric,EXHAUSTIVE,READY_RANGE_STEP,0M | 100M | 200M | 300M | 400M | 500M | 600M,0 | 100000000 | 200000000 | 300000000 | 400000000 | 500000000 | 600000000,NOT_SPECIFIED,AUTO_VALIDATED_FROZEN_GATE,AUTO_VALIDATED,0|1e+08|2e+08|3e+08|4e+08|5e+08|6e+08,0 | 100000000 | 200000000 | 300000000 | 400000000 | 500000000 | 600000000,NORMALIZED_EQUIVALENT,CONFORMING,,,Conteúdo observado coincide com F após normalização congelada.,YES,B_B_NORMALIZATION_V1,,,,V7_TEMPORAL_NUMERIC
LC_006_R07.png,LC,LC_006,7,9,FEW-SHOT,X,temporal,EXHAUSTIVE,READY_TEMPORAL,2018 | 2019 | 2020 | 2021 | 2022 | 2023 | 2024 | 2025,2018 | 2019 | 2020 | 2021 | 2022 | 2023 | 2024 | 2025,NOT_SPECIFIED,AUTO_VALIDATED_FROZEN_GATE,AUTO_VALIDATED,2018|2019|2020|2021|2022|2023|2024|2025,2018 | 2019 | 2020 | 2021 | 2022 | 2023 | 2024 | 2025,NORMALIZED_EQUIVALENT,CONFORMING,,,Conteúdo observado coincide com F após normalização congelada.,YES,B_B_NORMALIZATION_V1,,,,V7_TEMPORAL_NUMERIC
LC_006_R07.png,LC,LC_006,7,9,FEW-SHOT,Y,numeric,EXHAUSTIVE,READY_RANGE_STEP,0M | 100M | 200M | 300M | 400M | 500M | 600M,0 | 100000000 | 200000000 | 300000000 | 400000000 | 500000000 | 600000000,NOT_SPECIFIED,AUTO_VALIDATED_FROZEN_GATE,AUTO_VALIDATED,0|1e+08|2e+08|3e+08|4e+08|5e+08|6e+08,0 | 100000000 | 200000000 | 300000000 | 400000000 | 500000000 | 600000000,NORMALIZED_EQUIVALENT,CONFORMING,,,Conteúdo observado coincide com F após normalização congelada.,YES,B_B_NORMALIZATION_V1,,,,V7_TEMPORAL_NUMERIC
LC_006_R08.png,LC,LC_006,8,9,FEW-SHOT,X,temporal,EXHAUSTIVE,READY_TEMPORAL,2018 | 2019 | 2020 | 2021 | 2022 | 2023 | 2024 | 2025,2018 | 2019 | 2020 | 2021 | 2022 | 2023 | 2024 | 2025,NOT_SPECIFIED,AUTO_VALIDATED_FROZEN_GATE,AUTO_VALIDATED,2018|2019|2020|2021|2022|2023|2024|2025,2018 | 2019 | 2020 | 2021 | 2022 | 2023 | 2024 | 2025,NORMALIZED_EQUIVALENT,CONFORMING,,,Conteúdo observado coincide com F após normalização congelada.,YES,B_B_NORMALIZATION_V1,,,,V7_TEMPORAL_NUMERIC
LC_006_R08.png,LC,LC_006,8,9,FEW-SHOT,Y,numeric,EXHAUSTIVE,READY_RANGE_STEP,0M | 100M | 200M | 300M | 400M | 500M | 600M,0 | 100000000 | 200000000 | 300000000 | 400000000 | 500000000 | 600000000,NOT_SPECIFIED,AUTO_VALIDATED_FROZEN_GATE,AUTO_VALIDATED,0|1e+08|2e+08|3e+08|4e+08|5e+08|6e+08,0 | 100000000 | 200000000 | 300000000 | 400000000 | 500000000 | 600000000,NORMALIZED_EQUIVALENT,CONFORMING,,,Conteúdo observado coincide com F após normalização congelada.,YES,B_B_NORMALIZATION_V1,,,,V7_TEMPORAL_NUMERIC
LC_006_R09.png,LC,LC_006,9,9,FEW-SHOT,X,temporal,EXHAUSTIVE,READY_TEMPORAL,2018 | 2019 | 2020 | 2021 | 2022 | 2023 | 2024 | 2025,2018 | 2019 | 2020 | 2021 | 2022 | 2023 | 2024 | 2025,NOT_SPECIFIED,AUTO_VALIDATED_FROZEN_GATE,AUTO_VALIDATED,2018|2019|2020|2021|2022|2023|2024|2025,2018 | 2019 | 2020 | 2021 | 2022 | 2023 | 2024 | 2025,NORMALIZED_EQUIVALENT,CONFORMING,,,Conteúdo observado coincide com F após normalização congelada.,YES,B_B_NORMALIZATION_V1,,,,V7_TEMPORAL_NUMERIC
LC_006_R09.png,LC,LC_006,9,9,FEW-SHOT,Y,numeric,EXHAUSTIVE,READY_RANGE_STEP,0M | 100M | 200M | 300M | 400M | 500M | 600M,0 | 100000000 | 200000000 | 300000000 | 400000000 | 500000000 | 600000000,NOT_SPECIFIED,AUTO_VALIDATED_FROZEN_GATE,AUTO_VALIDATED,0|1e+08|2e+08|3e+08|4e+08|5e+08|6e+08,0 | 100000000 | 200000000 | 300000000 | 400000000 | 500000000 | 600000000,NORMALIZED_EQUIVALENT,CONFORMING,,,Conteúdo observado coincide com F após normalização congelada.,YES,B_B_NORMALIZATION_V1,,,,V7_TEMPORAL_NUMERIC
LC_006_R10.png,LC,LC_006,10,9,FEW-SHOT,X,temporal,EXHAUSTIVE,READY_TEMPORAL,2018 | 2019 | 2020 | 2021 | 2022 | 2023 | 2024 | 2025,2018 | 2019 | 2020 | 2021 | 2022 | 2023 | 2024 | 2025,NOT_SPECIFIED,AUTO_VALIDATED_FROZEN_GATE,AUTO_VALIDATED,2018|2019|2020|2021|2022|2023|2024|2025,2018 | 2019 | 2020 | 2021 | 2022 | 2023 | 2024 | 2025,NORMALIZED_EQUIVALENT,CONFORMING,,,Conteúdo observado coincide com F após normalização congelada.,YES,B_B_NORMALIZATION_V1,,,,V7_TEMPORAL_NUMERIC
LC_006_R10.png,LC,LC_006,10,9,FEW-SHOT,Y,numeric,EXHAUSTIVE,READY_RANGE_STEP,0M | 100M | 200M | 300M | 400M | 500M | 600M,0 | 100000000 | 200000000 | 300000000 | 400000000 | 500000000 | 600000000,NOT_SPECIFIED,AUTO_VALIDATED_FROZEN_GATE,AUTO_VALIDATED,0|1e+08|2e+08|3e+08|4e+08|5e+08|6e+08,0 | 100000000 | 200000000 | 300000000 | 400000000 | 500000000 | 600000000,NORMALIZED_EQUIVALENT,CONFORMING,,,Conteúdo observado coincide com F após normalização congelada.,YES,B_B_NORMALIZATION_V1,,,,V7_TEMPORAL_NUMERIC
LC_007_R01.png,LC,LC_007,1,10,FEW-SHOT,X,temporal,EXHAUSTIVE,READY_TEMPORAL,2018 | 2019 | 2020 | 2021 | 2022 | 2023 | 2024 | 2025,2018 | 2019 | 2020 | 2021 | 2022 | 2023 | 2024 | 2025,NOT_SPECIFIED,AUTO_VALIDATED_FROZEN_GATE,AUTO_VALIDATED,2018|2019|2020|2021|2022|2023|2024|2025,2018 | 2019 | 2020 | 2021 | 2022 | 2023 | 2024 | 2025,NORMALIZED_EQUIVALENT,CONFORMING,,,Conteúdo observado coincide com F após normalização congelada.,YES,B_B_NORMALIZATION_V1,,,,V7_TEMPORAL_NUMERIC
LC_007_R02.png,LC,LC_007,2,10,FEW-SHOT,X,temporal,EXHAUSTIVE,READY_TEMPORAL,2018 | 2019 | 2020 | 2021 | 2022 | 2023 | 2024 | 2025,2018 | 2019 | 2020 | 2021 | 2022 | 2023 | 2024 | 2025,NOT_SPECIFIED,AUTO_VALIDATED_FROZEN_GATE,AUTO_VALIDATED,2018|2019|2020|2021|2022|2023|2024|2025,2018 | 2019 | 2020 | 2021 | 2022 | 2023 | 2024 | 2025,NORMALIZED_EQUIVALENT,CONFORMING,,,Conteúdo observado coincide com F após normalização congelada.,YES,B_B_NORMALIZATION_V1,,,,V7_TEMPORAL_NUMERIC
LC_007_R03.png,LC,LC_007,3,10,FEW-SHOT,X,temporal,EXHAUSTIVE,READY_TEMPORAL,2018 | 2019 | 2020 | 2021 | 2022 | 2023 | 2024 | 2025,2018 | 2019 | 2020 | 2021 | 2022 | 2023 | 2024 | 2025,NOT_SPECIFIED,AUTO_VALIDATED_FROZEN_GATE,AUTO_VALIDATED,2018|2019|2020|2021|2022|2023|2024|2025,2018 | 2019 | 2020 | 2021 | 2022 | 2023 | 2024 | 2025,NORMALIZED_EQUIVALENT,CONFORMING,,,Conteúdo observado coincide com F após normalização congelada.,YES,B_B_NORMALIZATION_V1,,,,V7_TEMPORAL_NUMERIC
LC_007_R04.png,LC,LC_007,4,10,FEW-SHOT,X,temporal,EXHAUSTIVE,READY_TEMPORAL,2018 | 2019 | 2020 | 2021 | 2022 | 2023 | 2024 | 2025,2018 | 2019 | 2020 | 2021 | 2022 | 2023 | 2024 | 2025,NOT_SPECIFIED,AUTO_VALIDATED_FROZEN_GATE,AUTO_VALIDATED,2018|2019|2020|2021|2022|2023|2024|2025,2018 | 2019 | 2020 | 2021 | 2022 | 2023 | 2024 | 2025,NORMALIZED_EQUIVALENT,CONFORMING,,,Conteúdo observado coincide com F após normalização congelada.,YES,B_B_NORMALIZATION_V1,,,,V7_TEMPORAL_NUMERIC
LC_007_R05.png,LC,LC_007,5,10,FEW-SHOT,X,temporal,EXHAUSTIVE,READY_TEMPORAL,2018 | 2019 | 2020 | 2021 | 2022 | 2023 | 2024 | 2025,2018 | 2019 | 2020 | 2021 | 2022 | 2023 | 2024 | 2025,NOT_SPECIFIED,AUTO_VALIDATED_FROZEN_GATE,AUTO_VALIDATED,2018|2019|2020|2021|2022|2023|2024|2025,2018 | 2019 | 2020 | 2021 | 2022 | 2023 | 2024 | 2025,NORMALIZED_EQUIVALENT,CONFORMING,,,Conteúdo observado coincide com F após normalização congelada.,YES,B_B_NORMALIZATION_V1,,,,V7_TEMPORAL_NUMERIC
LC_007_R06.png,LC,LC_007,6,10,FEW-SHOT,X,temporal,EXHAUSTIVE,READY_TEMPORAL,2018 | 2019 | 2020 | 2021 | 2022 | 2023 | 2024 | 2025,2018 | 2019 | 2020 | 2021 | 2022 | 2023 | 2024 | 2025,NOT_SPECIFIED,AUTO_VALIDATED_FROZEN_GATE,AUTO_VALIDATED,2018|2019|2020|2021|2022|2023|2024|2025,2018 | 2019 | 2020 | 2021 | 2022 | 2023 | 2024 | 2025,NORMALIZED_EQUIVALENT,CONFORMING,,,Conteúdo observado coincide com F após normalização congelada.,YES,B_B_NORMALIZATION_V1,,,,V7_TEMPORAL_NUMERIC
LC_007_R07.png,LC,LC_007,7,10,FEW-SHOT,X,temporal,EXHAUSTIVE,READY_TEMPORAL,2018 | 2019 | 2020 | 2021 | 2022 | 2023 | 2024 | 2025,2018 | 2019 | 2020 | 2021 | 2022 | 2023 | 2024 | 2025,NOT_SPECIFIED,AUTO_VALIDATED_FROZEN_GATE,AUTO_VALIDATED,2018|2019|2020|2021|2022|2023|2024|2025,2018 | 2019 | 2020 | 2021 | 2022 | 2023 | 2024 | 2025,NORMALIZED_EQUIVALENT,CONFORMING,,,Conteúdo observado coincide com F após normalização congelada.,YES,B_B_NORMALIZATION_V1,,,,V7_TEMPORAL_NUMERIC
LC_007_R08.png,LC,LC_007,8,10,FEW-SHOT,X,temporal,EXHAUSTIVE,READY_TEMPORAL,2018 | 2019 | 2020 | 2021 | 2022 | 2023 | 2024 | 2025,2018 | 2019 | 2020 | 2021 | 2022 | 2023 | 2024 | 2025,NOT_SPECIFIED,AUTO_VALIDATED_FROZEN_GATE,AUTO_VALIDATED,2018|2019|2020|2021|2022|2023|2024|2025,2018 | 2019 | 2020 | 2021 | 2022 | 2023 | 2024 | 2025,NORMALIZED_EQUIVALENT,CONFORMING,,,Conteúdo observado coincide com F após normalização congelada.,YES,B_B_NORMALIZATION_V1,,,,V7_TEMPORAL_NUMERIC
LC_007_R09.png,LC,LC_007,9,10,FEW-SHOT,X,temporal,EXHAUSTIVE,READY_TEMPORAL,2018 | 2019 | 2020 | 2021 | 2022 | 2023 | 2024 | 2025,2018 | 2019 | 2020 | 2021 | 2022 | 2023 | 2024 | 2025,NOT_SPECIFIED,AUTO_VALIDATED_FROZEN_GATE,AUTO_VALIDATED,2018|2019|2020|2021|2022|2023|2024|2025,2018 | 2019 | 2020 | 2021 | 2022 | 2023 | 2024 | 2025,NORMALIZED_EQUIVALENT,CONFORMING,,,Conteúdo observado coincide com F após normalização congelada.,YES,B_B_NORMALIZATION_V1,,,,V7_TEMPORAL_NUMERIC
LC_007_R10.png,LC,LC_007,10,10,FEW-SHOT,X,temporal,EXHAUSTIVE,READY_TEMPORAL,2018 | 2019 | 2020 | 2021 | 2022 | 2023 | 2024 | 2025,2018 | 2019 | 2020 | 2021 | 2022 | 2023 | 2024 | 2025,NOT_SPECIFIED,AUTO_VALIDATED_FROZEN_GATE,AUTO_VALIDATED,2018|2019|2020|2021|2022|2023|2024|2025,2018 | 2019 | 2020 | 2021 | 2022 | 2023 | 2024 | 2025,NORMALIZED_EQUIVALENT,CONFORMING,,,Conteúdo observado coincide com F após normalização congelada.,YES,B_B_NORMALIZATION_V1,,,,V7_TEMPORAL_NUMERIC
LC_010_R01.png,LC,LC_010,1,13,FEW-SHOT,X,temporal,EXHAUSTIVE,READY_TEMPORAL,2018 | 2019 | 2020 | 2021 | 2022 | 2023 | 2024 | 2025,2018 | 2019 | 2020 | 2021 | 2022 | 2023 | 2024 | 2025,NOT_SPECIFIED,AUTO_VALIDATED_FROZEN_GATE,AUTO_VALIDATED,2018|2019|2020|2021|2022|2023|2024|2025,2018 | 2019 | 2020 | 2021 | 2022 | 2023 | 2024 | 2025,NORMALIZED_EQUIVALENT,CONFORMING,,,Conteúdo observado coincide com F após normalização congelada.,YES,B_B_NORMALIZATION_V1,,,,V7_TEMPORAL_NUMERIC
LC_010_R01.png,LC,LC_010,1,13,FEW-SHOT,Y,numeric,EXHAUSTIVE,READY_EXPLICIT_LIST,0 | 100M | 200M | 300M | 400M | 500M | 600M,0 | 100000000 | 200000000 | 300000000 | 400000000 | 500000000 | 600000000,NOT_SPECIFIED,AUTO_VALIDATED_FROZEN_GATE,AUTO_VALIDATED,0|1e+08|2e+08|3e+08|4e+08|5e+08|6e+08,0 | 100000000 | 200000000 | 300000000 | 400000000 | 500000000 | 600000000,NORMALIZED_EQUIVALENT,CONFORMING,,,Conteúdo observado coincide com F após normalização congelada.,YES,B_B_NORMALIZATION_V1,,,,V7_TEMPORAL_NUMERIC
LC_010_R02.png,LC,LC_010,2,13,FEW-SHOT,X,temporal,EXHAUSTIVE,READY_TEMPORAL,2018 | 2019 | 2020 | 2021 | 2022 | 2023 | 2024 | 2025,2018 | 2019 | 2020 | 2021 | 2022 | 2023 | 2024 | 2025,NOT_SPECIFIED,AUTO_VALIDATED_FROZEN_GATE,AUTO_VALIDATED,2018|2019|2020|2021|2022|2023|2024|2025,2018 | 2019 | 2020 | 2021 | 2022 | 2023 | 2024 | 2025,NORMALIZED_EQUIVALENT,CONFORMING,,,Conteúdo observado coincide com F após normalização congelada.,YES,B_B_NORMALIZATION_V1,,,,V7_TEMPORAL_NUMERIC
LC_010_R02.png,LC,LC_010,2,13,FEW-SHOT,Y,numeric,EXHAUSTIVE,READY_EXPLICIT_LIST,0 | 100M | 200M | 300M | 400M | 500M | 600M,0 | 100000000 | 200000000 | 300000000 | 400000000 | 500000000 | 600000000,NOT_SPECIFIED,AUTO_VALIDATED_FROZEN_GATE,AUTO_VALIDATED,0|1e+08|2e+08|3e+08|4e+08|5e+08|6e+08,0 | 100000000 | 200000000 | 300000000 | 400000000 | 500000000 | 600000000,NORMALIZED_EQUIVALENT,CONFORMING,,,Conteúdo observado coincide com F após normalização congelada.,YES,B_B_NORMALIZATION_V1,,,,V7_TEMPORAL_NUMERIC
LC_010_R03.png,LC,LC_010,3,13,FEW-SHOT,X,temporal,EXHAUSTIVE,READY_TEMPORAL,2018 | 2019 | 2020 | 2021 | 2022 | 2023 | 2024 | 2025,2018 | 2019 | 2020 | 2021 | 2022 | 2023 | 2024 | 2025,NOT_SPECIFIED,AUTO_VALIDATED_FROZEN_GATE,AUTO_VALIDATED,2018|2019|2020|2021|2022|2023|2024|2025,2018 | 2019 | 2020 | 2021 | 2022 | 2023 | 2024 | 2025,NORMALIZED_EQUIVALENT,CONFORMING,,,Conteúdo observado coincide com F após normalização congelada.,YES,B_B_NORMALIZATION_V1,,,,V7_TEMPORAL_NUMERIC
LC_010_R03.png,LC,LC_010,3,13,FEW-SHOT,Y,numeric,EXHAUSTIVE,READY_EXPLICIT_LIST,0 | 100M | 200M | 300M | 400M | 500M | 600M,0 | 100000000 | 200000000 | 300000000 | 400000000 | 500000000 | 600000000,NOT_SPECIFIED,AUTO_VALIDATED_FROZEN_GATE,AUTO_VALIDATED,0|1e+08|2e+08|3e+08|4e+08|5e+08|6e+08,0 | 100000000 | 200000000 | 300000000 | 400000000 | 500000000 | 600000000,NORMALIZED_EQUIVALENT,CONFORMING,,,Conteúdo observado coincide com F após normalização congelada.,YES,B_B_NORMALIZATION_V1,,,,V7_TEMPORAL_NUMERIC
LC_010_R04.png,LC,LC_010,4,13,FEW-SHOT,X,temporal,EXHAUSTIVE,READY_TEMPORAL,2018 | 2019 | 2020 | 2021 | 2022 | 2023 | 2024 | 2025,2018 | 2019 | 2020 | 2021 | 2022 | 2023 | 2024 | 2025,NOT_SPECIFIED,AUTO_VALIDATED_FROZEN_GATE,AUTO_VALIDATED,2018|2019|2020|2021|2022|2023|2024|2025,2018 | 2019 | 2020 | 2021 | 2022 | 2023 | 2024 | 2025,NORMALIZED_EQUIVALENT,CONFORMING,,,Conteúdo observado coincide com F após normalização congelada.,YES,B_B_NORMALIZATION_V1,,,,V7_TEMPORAL_NUMERIC
LC_010_R04.png,LC,LC_010,4,13,FEW-SHOT,Y,numeric,EXHAUSTIVE,READY_EXPLICIT_LIST,0 | 100M | 200M | 300M | 400M | 500M | 600M,0 | 100000000 | 200000000 | 300000000 | 400000000 | 500000000 | 600000000,NOT_SPECIFIED,AUTO_VALIDATED_FROZEN_GATE,AUTO_VALIDATED,0|1e+08|2e+08|3e+08|4e+08|5e+08|6e+08,0 | 100000000 | 200000000 | 300000000 | 400000000 | 500000000 | 600000000,NORMALIZED_EQUIVALENT,CONFORMING,,,Conteúdo observado coincide com F após normalização congelada.,YES,B_B_NORMALIZATION_V1,,,,V7_TEMPORAL_NUMERIC
LC_010_R05.png,LC,LC_010,5,13,FEW-SHOT,X,temporal,EXHAUSTIVE,READY_TEMPORAL,2018 | 2019 | 2020 | 2021 | 2022 | 2023 | 2024 | 2025,2018 | 2019 | 2020 | 2021 | 2022 | 2023 | 2024 | 2025,NOT_SPECIFIED,AUTO_VALIDATED_FROZEN_GATE,AUTO_VALIDATED,2018|2019|2020|2021|2022|2023|2024|2025,2018 | 2019 | 2020 | 2021 | 2022 | 2023 | 2024 | 2025,NORMALIZED_EQUIVALENT,CONFORMING,,,Conteúdo observado coincide com F após normalização congelada.,YES,B_B_NORMALIZATION_V1,,,,V7_TEMPORAL_NUMERIC
LC_010_R05.png,LC,LC_010,5,13,FEW-SHOT,Y,numeric,EXHAUSTIVE,READY_EXPLICIT_LIST,0 | 100M | 200M | 300M | 400M | 500M | 600M,0 | 100000000 | 200000000 | 300000000 | 400000000 | 500000000 | 600000000,NOT_SPECIFIED,AUTO_VALIDATED_FROZEN_GATE,AUTO_VALIDATED,0|1e+08|2e+08|3e+08|4e+08|5e+08|6e+08,0 | 100000000 | 200000000 | 300000000 | 400000000 | 500000000 | 600000000,NORMALIZED_EQUIVALENT,CONFORMING,,,Conteúdo observado coincide com F após normalização congelada.,YES,B_B_NORMALIZATION_V1,,,,V7_TEMPORAL_NUMERIC
LC_010_R06.png,LC,LC_010,6,13,FEW-SHOT,X,temporal,EXHAUSTIVE,READY_TEMPORAL,2018 | 2019 | 2020 | 2021 | 2022 | 2023 | 2024 | 2025,2018 | 2019 | 2020 | 2021 | 2022 | 2023 | 2024 | 2025,NOT_SPECIFIED,AUTO_VALIDATED_FROZEN_GATE,AUTO_VALIDATED,2018|2019|2020|2021|2022|2023|2024|2025,2018 | 2019 | 2020 | 2021 | 2022 | 2023 | 2024 | 2025,NORMALIZED_EQUIVALENT,CONFORMING,,,Conteúdo observado coincide com F após normalização congelada.,YES,B_B_NORMALIZATION_V1,,,,V7_TEMPORAL_NUMERIC
LC_010_R06.png,LC,LC_010,6,13,FEW-SHOT,Y,numeric,EXHAUSTIVE,READY_EXPLICIT_LIST,0 | 100M | 200M | 300M | 400M | 500M | 600M,0 | 100000000 | 200000000 | 300000000 | 400000000 | 500000000 | 600000000,NOT_SPECIFIED,AUTO_VALIDATED_FROZEN_GATE,AUTO_VALIDATED,0|1e+08|2e+08|3e+08|4e+08|5e+08|6e+08,0 | 100000000 | 200000000 | 300000000 | 400000000 | 500000000 | 600000000,NORMALIZED_EQUIVALENT,CONFORMING,,,Conteúdo observado coincide com F após normalização congelada.,YES,B_B_NORMALIZATION_V1,,,,V7_TEMPORAL_NUMERIC
LC_010_R07.png,LC,LC_010,7,13,FEW-SHOT,X,temporal,EXHAUSTIVE,READY_TEMPORAL,2018 | 2019 | 2020 | 2021 | 2022 | 2023 | 2024 | 2025,2018 | 2019 | 2020 | 2021 | 2022 | 2023 | 2024 | 2025,NOT_SPECIFIED,AUTO_VALIDATED_FROZEN_GATE,AUTO_VALIDATED,2018|2019|2020|2021|2022|2023|2024|2025,2018 | 2019 | 2020 | 2021 | 2022 | 2023 | 2024 | 2025,NORMALIZED_EQUIVALENT,CONFORMING,,,Conteúdo observado coincide com F após normalização congelada.,YES,B_B_NORMALIZATION_V1,,,,V7_TEMPORAL_NUMERIC
LC_010_R07.png,LC,LC_010,7,13,FEW-SHOT,Y,numeric,EXHAUSTIVE,READY_EXPLICIT_LIST,0 | 100M | 200M | 300M | 400M | 500M | 600M,0 | 100000000 | 200000000 | 300000000 | 400000000 | 500000000 | 600000000,NOT_SPECIFIED,AUTO_VALIDATED_FROZEN_GATE,AUTO_VALIDATED,0|1e+08|2e+08|3e+08|4e+08|5e+08|6e+08,0 | 100000000 | 200000000 | 300000000 | 400000000 | 500000000 | 600000000,NORMALIZED_EQUIVALENT,CONFORMING,,,Conteúdo observado coincide com F após normalização congelada.,YES,B_B_NORMALIZATION_V1,,,,V7_TEMPORAL_NUMERIC
LC_010_R08.png,LC,LC_010,8,13,FEW-SHOT,X,temporal,EXHAUSTIVE,READY_TEMPORAL,2018 | 2019 | 2020 | 2021 | 2022 | 2023 | 2024 | 2025,2018 | 2019 | 2020 | 2021 | 2022 | 2023 | 2024 | 2025,NOT_SPECIFIED,AUTO_VALIDATED_FROZEN_GATE,AUTO_VALIDATED,2018|2019|2020|2021|2022|2023|2024|2025,2018 | 2019 | 2020 | 2021 | 2022 | 2023 | 2024 | 2025,NORMALIZED_EQUIVALENT,CONFORMING,,,Conteúdo observado coincide com F após normalização congelada.,YES,B_B_NORMALIZATION_V1,,,,V7_TEMPORAL_NUMERIC
LC_010_R08.png,LC,LC_010,8,13,FEW-SHOT,Y,numeric,EXHAUSTIVE,READY_EXPLICIT_LIST,0 | 100M | 200M | 300M | 400M | 500M | 600M,0 | 100000000 | 200000000 | 300000000 | 400000000 | 500000000 | 600000000,NOT_SPECIFIED,AUTO_VALIDATED_FROZEN_GATE,AUTO_VALIDATED,0|1e+08|2e+08|3e+08|4e+08|5e+08|6e+08,0 | 100000000 | 200000000 | 300000000 | 400000000 | 500000000 | 600000000,NORMALIZED_EQUIVALENT,CONFORMING,,,Conteúdo observado coincide com F após normalização congelada.,YES,B_B_NORMALIZATION_V1,,,,V7_TEMPORAL_NUMERIC
LC_010_R09.png,LC,LC_010,9,13,FEW-SHOT,X,temporal,EXHAUSTIVE,READY_TEMPORAL,2018 | 2019 | 2020 | 2021 | 2022 | 2023 | 2024 | 2025,2018 | 2019 | 2020 | 2021 | 2022 | 2023 | 2024 | 2025,NOT_SPECIFIED,AUTO_VALIDATED_FROZEN_GATE,AUTO_VALIDATED,2018|2019|2020|2021|2022|2023|2024|2025,2018 | 2019 | 2020 | 2021 | 2022 | 2023 | 2024 | 2025,NORMALIZED_EQUIVALENT,CONFORMING,,,Conteúdo observado coincide com F após normalização congelada.,YES,B_B_NORMALIZATION_V1,,,,V7_TEMPORAL_NUMERIC
LC_010_R09.png,LC,LC_010,9,13,FEW-SHOT,Y,numeric,EXHAUSTIVE,READY_EXPLICIT_LIST,0 | 100M | 200M | 300M | 400M | 500M | 600M,0 | 100000000 | 200000000 | 300000000 | 400000000 | 500000000 | 600000000,NOT_SPECIFIED,AUTO_VALIDATED_FROZEN_GATE,AUTO_VALIDATED,0|1e+08|2e+08|3e+08|4e+08|5e+08|6e+08,0 | 100000000 | 200000000 | 300000000 | 400000000 | 500000000 | 600000000,NORMALIZED_EQUIVALENT,CONFORMING,,,Conteúdo observado coincide com F após normalização congelada.,YES,B_B_NORMALIZATION_V1,,,,V7_TEMPORAL_NUMERIC
LC_010_R10.png,LC,LC_010,10,13,FEW-SHOT,X,temporal,EXHAUSTIVE,READY_TEMPORAL,2018 | 2019 | 2020 | 2021 | 2022 | 2023 | 2024 | 2025,2018 | 2019 | 2020 | 2021 | 2022 | 2023 | 2024 | 2025,NOT_SPECIFIED,AUTO_VALIDATED_FROZEN_GATE,AUTO_VALIDATED,2018|2019|2020|2021|2022|2023|2024|2025,2018 | 2019 | 2020 | 2021 | 2022 | 2023 | 2024 | 2025,NORMALIZED_EQUIVALENT,CONFORMING,,,Conteúdo observado coincide com F após normalização congelada.,YES,B_B_NORMALIZATION_V1,,,,V7_TEMPORAL_NUMERIC
LC_010_R10.png,LC,LC_010,10,13,FEW-SHOT,Y,numeric,EXHAUSTIVE,READY_EXPLICIT_LIST,0 | 100M | 200M | 300M | 400M | 500M | 600M,0 | 100000000 | 200000000 | 300000000 | 400000000 | 500000000 | 600000000,NOT_SPECIFIED,AUTO_VALIDATED_FROZEN_GATE,AUTO_VALIDATED,0|1e+08|2e+08|3e+08|4e+08|5e+08|6e+08,0 | 100000000 | 200000000 | 300000000 | 400000000 | 500000000 | 600000000,NORMALIZED_EQUIVALENT,CONFORMING,,,Conteúdo observado coincide com F após normalização congelada.,YES,B_B_NORMALIZATION_V1,,,,V7_TEMPORAL_NUMERIC
LC_011_R01.png,LC,LC_011,1,14,FEW-SHOT,X,temporal,EXHAUSTIVE,READY_TEMPORAL,2018 | 2019 | 2020 | 2021 | 2022 | 2023 | 2024 | 2025,2018 | 2019 | 2020 | 2021 | 2022 | 2023 | 2024 | 2025,NOT_SPECIFIED,AUTO_VALIDATED_FROZEN_GATE,AUTO_VALIDATED,2018|2019|2020|2021|2022|2023|2024|2025,2018 | 2019 | 2020 | 2021 | 2022 | 2023 | 2024 | 2025,NORMALIZED_EQUIVALENT,CONFORMING,,,Conteúdo observado coincide com F após normalização congelada.,YES,B_B_NORMALIZATION_V1,,,,V7_TEMPORAL_NUMERIC
LC_011_R02.png,LC,LC_011,2,14,FEW-SHOT,X,temporal,EXHAUSTIVE,READY_TEMPORAL,2018 | 2019 | 2020 | 2021 | 2022 | 2023 | 2024 | 2025,2018 | 2019 | 2020 | 2021 | 2022 | 2023 | 2024 | 2025,NOT_SPECIFIED,AUTO_VALIDATED_FROZEN_GATE,AUTO_VALIDATED,2018|2019|2020|2021|2022|2023|2024|2025,2018 | 2019 | 2020 | 2021 | 2022 | 2023 | 2024 | 2025,NORMALIZED_EQUIVALENT,CONFORMING,,,Conteúdo observado coincide com F após normalização congelada.,YES,B_B_NORMALIZATION_V1,,,,V7_TEMPORAL_NUMERIC
LC_011_R03.png,LC,LC_011,3,14,FEW-SHOT,X,temporal,EXHAUSTIVE,READY_TEMPORAL,2018 | 2019 | 2020 | 2021 | 2022 | 2023 | 2024 | 2025,2018 | 2019 | 2020 | 2021 | 2022 | 2023 | 2024 | 2025,NOT_SPECIFIED,AUTO_VALIDATED_FROZEN_GATE,AUTO_VALIDATED,2018|2019|2020|2021|2022|2023|2024|2025,2018 | 2019 | 2020 | 2021 | 2022 | 2023 | 2024 | 2025,NORMALIZED_EQUIVALENT,CONFORMING,,,Conteúdo observado coincide com F após normalização congelada.,YES,B_B_NORMALIZATION_V1,,,,V7_TEMPORAL_NUMERIC
LC_011_R04.png,LC,LC_011,4,14,FEW-SHOT,X,temporal,EXHAUSTIVE,READY_TEMPORAL,2018 | 2019 | 2020 | 2021 | 2022 | 2023 | 2024 | 2025,2018 | 2019 | 2020 | 2021 | 2022 | 2023 | 2024 | 2025,NOT_SPECIFIED,AUTO_VALIDATED_FROZEN_GATE,AUTO_VALIDATED,2018|2019|2020|2021|2022|2023|2024|2025,2018 | 2019 | 2020 | 2021 | 2022 | 2023 | 2024 | 2025,NORMALIZED_EQUIVALENT,CONFORMING,,,Conteúdo observado coincide com F após normalização congelada.,YES,B_B_NORMALIZATION_V1,,,,V7_TEMPORAL_NUMERIC
LC_011_R05.png,LC,LC_011,5,14,FEW-SHOT,X,temporal,EXHAUSTIVE,READY_TEMPORAL,2018 | 2019 | 2020 | 2021 | 2022 | 2023 | 2024 | 2025,2018 | 2019 | 2020 | 2021 | 2022 | 2023 | 2024 | 2025,NOT_SPECIFIED,AUTO_VALIDATED_FROZEN_GATE,AUTO_VALIDATED,2018|2019|2020|2021|2022|2023|2024|2025,2018 | 2019 | 2020 | 2021 | 2022 | 2023 | 2024 | 2025,NORMALIZED_EQUIVALENT,CONFORMING,,,Conteúdo observado coincide com F após normalização congelada.,YES,B_B_NORMALIZATION_V1,,,,V7_TEMPORAL_NUMERIC
LC_011_R06.png,LC,LC_011,6,14,FEW-SHOT,X,temporal,EXHAUSTIVE,READY_TEMPORAL,2018 | 2019 | 2020 | 2021 | 2022 | 2023 | 2024 | 2025,2018 | 2019 | 2020 | 2021 | 2022 | 2023 | 2024 | 2025,NOT_SPECIFIED,AUTO_VALIDATED_FROZEN_GATE,AUTO_VALIDATED,2018|2019|2020|2021|2022|2023|2024|2025,2018 | 2019 | 2020 | 2021 | 2022 | 2023 | 2024 | 2025,NORMALIZED_EQUIVALENT,CONFORMING,,,Conteúdo observado coincide com F após normalização congelada.,YES,B_B_NORMALIZATION_V1,,,,V7_TEMPORAL_NUMERIC
LC_011_R07.png,LC,LC_011,7,14,FEW-SHOT,X,temporal,EXHAUSTIVE,READY_TEMPORAL,2018 | 2019 | 2020 | 2021 | 2022 | 2023 | 2024 | 2025,2018 | 2019 | 2020 | 2021 | 2022 | 2023 | 2024 | 2025,NOT_SPECIFIED,AUTO_VALIDATED_FROZEN_GATE,AUTO_VALIDATED,2018|2019|2020|2021|2022|2023|2024|2025,2018 | 2019 | 2020 | 2021 | 2022 | 2023 | 2024 | 2025,NORMALIZED_EQUIVALENT,CONFORMING,,,Conteúdo observado coincide com F após normalização congelada.,YES,B_B_NORMALIZATION_V1,,,,V7_TEMPORAL_NUMERIC
LC_011_R08.png,LC,LC_011,8,14,FEW-SHOT,X,temporal,EXHAUSTIVE,READY_TEMPORAL,2018 | 2019 | 2020 | 2021 | 2022 | 2023 | 2024 | 2025,2018 | 2019 | 2020 | 2021 | 2022 | 2023 | 2024 | 2025,NOT_SPECIFIED,AUTO_VALIDATED_FROZEN_GATE,AUTO_VALIDATED,2018|2019|2020|2021|2022|2023|2024|2025,2018 | 2019 | 2020 | 2021 | 2022 | 2023 | 2024 | 2025,NORMALIZED_EQUIVALENT,CONFORMING,,,Conteúdo observado coincide com F após normalização congelada.,YES,B_B_NORMALIZATION_V1,,,,V7_TEMPORAL_NUMERIC
LC_011_R09.png,LC,LC_011,9,14,FEW-SHOT,X,temporal,EXHAUSTIVE,READY_TEMPORAL,2018 | 2019 | 2020 | 2021 | 2022 | 2023 | 2024 | 2025,2018 | 2019 | 2020 | 2021 | 2022 | 2023 | 2024 | 2025,NOT_SPECIFIED,AUTO_VALIDATED_FROZEN_GATE,AUTO_VALIDATED,2018|2019|2020|2021|2022|2023|2024|2025,2018 | 2019 | 2020 | 2021 | 2022 | 2023 | 2024 | 2025,NORMALIZED_EQUIVALENT,CONFORMING,,,Conteúdo observado coincide com F após normalização congelada.,YES,B_B_NORMALIZATION_V1,,,,V7_TEMPORAL_NUMERIC
LC_011_R10.png,LC,LC_011,10,14,FEW-SHOT,X,temporal,EXHAUSTIVE,READY_TEMPORAL,2018 | 2019 | 2020 | 2021 | 2022 | 2023 | 2024 | 2025,2018 | 2019 | 2020 | 2021 | 2022 | 2023 | 2024 | 2025,NOT_SPECIFIED,AUTO_VALIDATED_FROZEN_GATE,AUTO_VALIDATED,2018|2019|2020|2021|2022|2023|2024|2025,2018 | 2019 | 2020 | 2021 | 2022 | 2023 | 2024 | 2025,NORMALIZED_EQUIVALENT,CONFORMING,,,Conteúdo observado coincide com F após normalização congelada.,YES,B_B_NORMALIZATION_V1,,,,V7_TEMPORAL_NUMERIC
LC_013_R01.png,LC,LC_013,1,16,FEW-SHOT,X,temporal,EXHAUSTIVE,READY_TEMPORAL,2018 | 2019 | 2020 | 2021 | 2022 | 2023 | 2024 | 2025,2018 | 2019 | 2020 | 2021 | 2022 | 2023 | 2024 | 2025,NOT_SPECIFIED,AUTO_VALIDATED_FROZEN_GATE,AUTO_VALIDATED,2018|2019|2020|2021|2022|2023|2024|2025,2018 | 2019 | 2020 | 2021 | 2022 | 2023 | 2024 | 2025,NORMALIZED_EQUIVALENT,CONFORMING,,,Conteúdo observado coincide com F após normalização congelada.,YES,B_B_NORMALIZATION_V1,,,,V7_TEMPORAL_NUMERIC
LC_013_R02.png,LC,LC_013,2,16,FEW-SHOT,X,temporal,EXHAUSTIVE,READY_TEMPORAL,2018 | 2019 | 2020 | 2021 | 2022 | 2023 | 2024 | 2025,2018 | 2019 | 2020 | 2021 | 2022 | 2023 | 2024 | 2025,NOT_SPECIFIED,AUTO_VALIDATED_FROZEN_GATE,AUTO_VALIDATED,2018|2019|2020|2021|2022|2023|2024|2025,2018 | 2019 | 2020 | 2021 | 2022 | 2023 | 2024 | 2025,NORMALIZED_EQUIVALENT,CONFORMING,,,Conteúdo observado coincide com F após normalização congelada.,YES,B_B_NORMALIZATION_V1,,,,V7_TEMPORAL_NUMERIC
LC_013_R03.png,LC,LC_013,3,16,FEW-SHOT,X,temporal,EXHAUSTIVE,READY_TEMPORAL,2018 | 2019 | 2020 | 2021 | 2022 | 2023 | 2024 | 2025,2018 | 2019 | 2020 | 2021 | 2022 | 2023 | 2024 | 2025,NOT_SPECIFIED,AUTO_VALIDATED_FROZEN_GATE,AUTO_VALIDATED,2018|2019|2020|2021|2022|2023|2024|2025,2018 | 2019 | 2020 | 2021 | 2022 | 2023 | 2024 | 2025,NORMALIZED_EQUIVALENT,CONFORMING,,,Conteúdo observado coincide com F após normalização congelada.,YES,B_B_NORMALIZATION_V1,,,,V7_TEMPORAL_NUMERIC
LC_013_R04.png,LC,LC_013,4,16,FEW-SHOT,X,temporal,EXHAUSTIVE,READY_TEMPORAL,2018 | 2019 | 2020 | 2021 | 2022 | 2023 | 2024 | 2025,2018 | 2019 | 2020 | 2021 | 2022 | 2023 | 2024 | 2025,NOT_SPECIFIED,AUTO_VALIDATED_FROZEN_GATE,AUTO_VALIDATED,2018|2019|2020|2021|2022|2023|2024|2025,2018 | 2019 | 2020 | 2021 | 2022 | 2023 | 2024 | 2025,NORMALIZED_EQUIVALENT,CONFORMING,,,Conteúdo observado coincide com F após normalização congelada.,YES,B_B_NORMALIZATION_V1,,,,V7_TEMPORAL_NUMERIC
LC_013_R05.png,LC,LC_013,5,16,FEW-SHOT,X,temporal,EXHAUSTIVE,READY_TEMPORAL,2018 | 2019 | 2020 | 2021 | 2022 | 2023 | 2024 | 2025,2018 | 2019 | 2020 | 2021 | 2022 | 2023 | 2024 | 2025,NOT_SPECIFIED,AUTO_VALIDATED_FROZEN_GATE,AUTO_VALIDATED,2018|2019|2020|2021|2022|2023|2024|2025,2018 | 2019 | 2020 | 2021 | 2022 | 2023 | 2024 | 2025,NORMALIZED_EQUIVALENT,CONFORMING,,,Conteúdo observado coincide com F após normalização congelada.,YES,B_B_NORMALIZATION_V1,,,,V7_TEMPORAL_NUMERIC
LC_013_R06.png,LC,LC_013,6,16,FEW-SHOT,X,temporal,EXHAUSTIVE,READY_TEMPORAL,2018 | 2019 | 2020 | 2021 | 2022 | 2023 | 2024 | 2025,2018 | 2019 | 2020 | 2021 | 2022 | 2023 | 2024 | 2025,NOT_SPECIFIED,AUTO_VALIDATED_FROZEN_GATE,AUTO_VALIDATED,2018|2019|2020|2021|2022|2023|2024|2025,2018 | 2019 | 2020 | 2021 | 2022 | 2023 | 2024 | 2025,NORMALIZED_EQUIVALENT,CONFORMING,,,Conteúdo observado coincide com F após normalização congelada.,YES,B_B_NORMALIZATION_V1,,,,V7_TEMPORAL_NUMERIC
LC_013_R07.png,LC,LC_013,7,16,FEW-SHOT,X,temporal,EXHAUSTIVE,READY_TEMPORAL,2018 | 2019 | 2020 | 2021 | 2022 | 2023 | 2024 | 2025,2018 | 2019 | 2020 | 2021 | 2022 | 2023 | 2024 | 2025,NOT_SPECIFIED,AUTO_VALIDATED_FROZEN_GATE,AUTO_VALIDATED,2018|2019|2020|2021|2022|2023|2024|2025,2018 | 2019 | 2020 | 2021 | 2022 | 2023 | 2024 | 2025,NORMALIZED_EQUIVALENT,CONFORMING,,,Conteúdo observado coincide com F após normalização congelada.,YES,B_B_NORMALIZATION_V1,,,,V7_TEMPORAL_NUMERIC
LC_013_R08.png,LC,LC_013,8,16,FEW-SHOT,X,temporal,EXHAUSTIVE,READY_TEMPORAL,2018 | 2019 | 2020 | 2021 | 2022 | 2023 | 2024 | 2025,2018 | 2019 | 2020 | 2021 | 2022 | 2023 | 2024 | 2025,NOT_SPECIFIED,AUTO_VALIDATED_FROZEN_GATE,AUTO_VALIDATED,2018|2019|2020|2021|2022|2023|2024|2025,2018 | 2019 | 2020 | 2021 | 2022 | 2023 | 2024 | 2025,NORMALIZED_EQUIVALENT,CONFORMING,,,Conteúdo observado coincide com F após normalização congelada.,YES,B_B_NORMALIZATION_V1,,,,V7_TEMPORAL_NUMERIC
LC_013_R09.png,LC,LC_013,9,16,FEW-SHOT,X,temporal,EXHAUSTIVE,READY_TEMPORAL,2018 | 2019 | 2020 | 2021 | 2022 | 2023 | 2024 | 2025,2018 | 2019 | 2020 | 2021 | 2022 | 2023 | 2024 | 2025,NOT_SPECIFIED,AUTO_VALIDATED_FROZEN_GATE,AUTO_VALIDATED,2018|2019|2020|2021|2022|2023|2024|2025,2018 | 2019 | 2020 | 2021 | 2022 | 2023 | 2024 | 2025,NORMALIZED_EQUIVALENT,CONFORMING,,,Conteúdo observado coincide com F após normalização congelada.,YES,B_B_NORMALIZATION_V1,,,,V7_TEMPORAL_NUMERIC
LC_013_R10.png,LC,LC_013,10,16,FEW-SHOT,X,temporal,EXHAUSTIVE,READY_TEMPORAL,2018 | 2019 | 2020 | 2021 | 2022 | 2023 | 2024 | 2025,2018 | 2019 | 2020 | 2021 | 2022 | 2023 | 2024 | 2025,NOT_SPECIFIED,AUTO_VALIDATED_FROZEN_GATE,AUTO_VALIDATED,2018|2019|2020|2021|2022|2023|2024|2025,2018 | 2019 | 2020 | 2021 | 2022 | 2023 | 2024 | 2025,NORMALIZED_EQUIVALENT,CONFORMING,,,Conteúdo observado coincide com F após normalização congelada.,YES,B_B_NORMALIZATION_V1,,,,V7_TEMPORAL_NUMERIC
LC_014_R01.png,LC,LC_014,1,1,HIBRIDO,X,temporal,EXHAUSTIVE,READY_TEMPORAL,2018 | 2019 | 2020 | 2021 | 2022 | 2023 | 2024 | 2025,2018 | 2019 | 2020 | 2021 | 2022 | 2023 | 2024 | 2025,NOT_SPECIFIED,AUTO_VALIDATED_FROZEN_GATE,AUTO_VALIDATED,2018|2019|2020|2021|2022|2023|2024|2025,2018 | 2019 | 2020 | 2021 | 2022 | 2023 | 2024 | 2025,NORMALIZED_EQUIVALENT,CONFORMING,,,Conteúdo observado coincide com F após normalização congelada.,YES,B_B_NORMALIZATION_V1,,,,V7_TEMPORAL_NUMERIC
LC_014_R02.png,LC,LC_014,2,1,HIBRIDO,X,temporal,EXHAUSTIVE,READY_TEMPORAL,2018 | 2019 | 2020 | 2021 | 2022 | 2023 | 2024 | 2025,2018 | 2019 | 2020 | 2021 | 2022 | 2023 | 2024 | 2025,NOT_SPECIFIED,AUTO_VALIDATED_FROZEN_GATE,AUTO_VALIDATED,2018|2019|2020|2021|2022|2023|2024|2025,2018 | 2019 | 2020 | 2021 | 2022 | 2023 | 2024 | 2025,NORMALIZED_EQUIVALENT,CONFORMING,,,Conteúdo observado coincide com F após normalização congelada.,YES,B_B_NORMALIZATION_V1,,,,V7_TEMPORAL_NUMERIC
LC_014_R03.png,LC,LC_014,3,1,HIBRIDO,X,temporal,EXHAUSTIVE,READY_TEMPORAL,2018 | 2019 | 2020 | 2021 | 2022 | 2023 | 2024 | 2025,2018 | 2019 | 2020 | 2021 | 2022 | 2023 | 2024 | 2025,NOT_SPECIFIED,AUTO_VALIDATED_FROZEN_GATE,AUTO_VALIDATED,2018|2019|2020|2021|2022|2023|2024|2025,2018 | 2019 | 2020 | 2021 | 2022 | 2023 | 2024 | 2025,NORMALIZED_EQUIVALENT,CONFORMING,,,Conteúdo observado coincide com F após normalização congelada.,YES,B_B_NORMALIZATION_V1,,,,V7_TEMPORAL_NUMERIC
LC_014_R04.png,LC,LC_014,4,1,HIBRIDO,X,temporal,EXHAUSTIVE,READY_TEMPORAL,2018 | 2019 | 2020 | 2021 | 2022 | 2023 | 2024 | 2025,2018 | 2019 | 2020 | 2021 | 2022 | 2023 | 2024 | 2025,NOT_SPECIFIED,AUTO_VALIDATED_FROZEN_GATE,AUTO_VALIDATED,2018|2019|2020|2021|2022|2023|2024|2025,2018 | 2019 | 2020 | 2021 | 2022 | 2023 | 2024 | 2025,NORMALIZED_EQUIVALENT,CONFORMING,,,Conteúdo observado coincide com F após normalização congelada.,YES,B_B_NORMALIZATION_V1,,,,V7_TEMPORAL_NUMERIC
LC_014_R05.png,LC,LC_014,5,1,HIBRIDO,X,temporal,EXHAUSTIVE,READY_TEMPORAL,2018 | 2019 | 2020 | 2021 | 2022 | 2023 | 2024 | 2025,2018 | 2019 | 2020 | 2021 | 2022 | 2023 | 2024 | 2025,NOT_SPECIFIED,AUTO_VALIDATED_FROZEN_GATE,AUTO_VALIDATED,2018|2019|2020|2021|2022|2023|2024|2025,2018 | 2019 | 2020 | 2021 | 2022 | 2023 | 2024 | 2025,NORMALIZED_EQUIVALENT,CONFORMING,,,Conteúdo observado coincide com F após normalização congelada.,YES,B_B_NORMALIZATION_V1,,,,V7_TEMPORAL_NUMERIC
LC_014_R06.png,LC,LC_014,6,1,HIBRIDO,X,temporal,EXHAUSTIVE,READY_TEMPORAL,2018 | 2019 | 2020 | 2021 | 2022 | 2023 | 2024 | 2025,2018 | 2019 | 2020 | 2021 | 2022 | 2023 | 2024 | 2025,NOT_SPECIFIED,AUTO_VALIDATED_FROZEN_GATE,AUTO_VALIDATED,2018|2019|2020|2021|2022|2023|2024|2025,2018 | 2019 | 2020 | 2021 | 2022 | 2023 | 2024 | 2025,NORMALIZED_EQUIVALENT,CONFORMING,,,Conteúdo observado coincide com F após normalização congelada.,YES,B_B_NORMALIZATION_V1,,,,V7_TEMPORAL_NUMERIC
LC_014_R07.png,LC,LC_014,7,1,HIBRIDO,X,temporal,EXHAUSTIVE,READY_TEMPORAL,2018 | 2019 | 2020 | 2021 | 2022 | 2023 | 2024 | 2025,2018 | 2019 | 2020 | 2021 | 2022 | 2023 | 2024 | 2025,NOT_SPECIFIED,AUTO_VALIDATED_FROZEN_GATE,AUTO_VALIDATED,2018|2019|2020|2021|2022|2023|2024|2025,2018 | 2019 | 2020 | 2021 | 2022 | 2023 | 2024 | 2025,NORMALIZED_EQUIVALENT,CONFORMING,,,Conteúdo observado coincide com F após normalização congelada.,YES,B_B_NORMALIZATION_V1,,,,V7_TEMPORAL_NUMERIC
LC_014_R08.png,LC,LC_014,8,1,HIBRIDO,X,temporal,EXHAUSTIVE,READY_TEMPORAL,2018 | 2019 | 2020 | 2021 | 2022 | 2023 | 2024 | 2025,2018 | 2019 | 2020 | 2021 | 2022 | 2023 | 2024 | 2025,NOT_SPECIFIED,AUTO_VALIDATED_FROZEN_GATE,AUTO_VALIDATED,2018|2019|2020|2021|2022|2023|2024|2025,2018 | 2019 | 2020 | 2021 | 2022 | 2023 | 2024 | 2025,NORMALIZED_EQUIVALENT,CONFORMING,,,Conteúdo observado coincide com F após normalização congelada.,YES,B_B_NORMALIZATION_V1,,,,V7_TEMPORAL_NUMERIC
LC_014_R09.png,LC,LC_014,9,1,HIBRIDO,X,temporal,EXHAUSTIVE,READY_TEMPORAL,2018 | 2019 | 2020 | 2021 | 2022 | 2023 | 2024 | 2025,2018 | 2019 | 2020 | 2021 | 2022 | 2023 | 2024 | 2025,NOT_SPECIFIED,AUTO_VALIDATED_FROZEN_GATE,AUTO_VALIDATED,2018|2019|2020|2021|2022|2023|2024|2025,2018 | 2019 | 2020 | 2021 | 2022 | 2023 | 2024 | 2025,NORMALIZED_EQUIVALENT,CONFORMING,,,Conteúdo observado coincide com F após normalização congelada.,YES,B_B_NORMALIZATION_V1,,,,V7_TEMPORAL_NUMERIC
LC_014_R10.png,LC,LC_014,10,1,HIBRIDO,X,temporal,EXHAUSTIVE,READY_TEMPORAL,2018 | 2019 | 2020 | 2021 | 2022 | 2023 | 2024 | 2025,2018 | 2019 | 2020 | 2021 | 2022 | 2023 | 2024 | 2025,NOT_SPECIFIED,AUTO_VALIDATED_FROZEN_GATE,AUTO_VALIDATED,2018|2019|2020|2021|2022|2023|2024|2025,2018 | 2019 | 2020 | 2021 | 2022 | 2023 | 2024 | 2025,NORMALIZED_EQUIVALENT,CONFORMING,,,Conteúdo observado coincide com F após normalização congelada.,YES,B_B_NORMALIZATION_V1,,,,V7_TEMPORAL_NUMERIC
LC_015_R01.png,LC,LC_015,1,4,HIBRIDO,X,temporal,EXHAUSTIVE,READY_TEMPORAL,2018 | 2019 | 2020 | 2021 | 2022 | 2023 | 2024 | 2025,2018 | 2019 | 2020 | 2021 | 2022 | 2023 | 2024 | 2025,NOT_SPECIFIED,AUTO_VALIDATED_FROZEN_GATE,AUTO_VALIDATED,2018|2019|2020|2021|2022|2023|2024|2025,2018 | 2019 | 2020 | 2021 | 2022 | 2023 | 2024 | 2025,NORMALIZED_EQUIVALENT,CONFORMING,,,Conteúdo observado coincide com F após normalização congelada.,YES,B_B_NORMALIZATION_V1,,,,V7_TEMPORAL_NUMERIC
LC_015_R02.png,LC,LC_015,2,4,HIBRIDO,X,temporal,EXHAUSTIVE,READY_TEMPORAL,2018 | 2019 | 2020 | 2021 | 2022 | 2023 | 2024 | 2025,2018 | 2019 | 2020 | 2021 | 2022 | 2023 | 2024 | 2025,NOT_SPECIFIED,AUTO_VALIDATED_FROZEN_GATE,AUTO_VALIDATED,2018|2019|2020|2021|2022|2023|2024|2025,2018 | 2019 | 2020 | 2021 | 2022 | 2023 | 2024 | 2025,NORMALIZED_EQUIVALENT,CONFORMING,,,Conteúdo observado coincide com F após normalização congelada.,YES,B_B_NORMALIZATION_V1,,,,V7_TEMPORAL_NUMERIC
LC_015_R03.png,LC,LC_015,3,4,HIBRIDO,X,temporal,EXHAUSTIVE,READY_TEMPORAL,2018 | 2019 | 2020 | 2021 | 2022 | 2023 | 2024 | 2025,2018 | 2019 | 2020 | 2021 | 2022 | 2023 | 2024 | 2025,NOT_SPECIFIED,AUTO_VALIDATED_FROZEN_GATE,AUTO_VALIDATED,2018|2019|2020|2021|2022|2023|2024|2025,2018 | 2019 | 2020 | 2021 | 2022 | 2023 | 2024 | 2025,NORMALIZED_EQUIVALENT,CONFORMING,,,Conteúdo observado coincide com F após normalização congelada.,YES,B_B_NORMALIZATION_V1,,,,V7_TEMPORAL_NUMERIC
LC_015_R04.png,LC,LC_015,4,4,HIBRIDO,X,temporal,EXHAUSTIVE,READY_TEMPORAL,2018 | 2019 | 2020 | 2021 | 2022 | 2023 | 2024 | 2025,2018 | 2019 | 2020 | 2021 | 2022 | 2023 | 2024 | 2025,NOT_SPECIFIED,AUTO_VALIDATED_FROZEN_GATE,AUTO_VALIDATED,2018|2019|2020|2021|2022|2023|2024|2025,2018 | 2019 | 2020 | 2021 | 2022 | 2023 | 2024 | 2025,NORMALIZED_EQUIVALENT,CONFORMING,,,Conteúdo observado coincide com F após normalização congelada.,YES,B_B_NORMALIZATION_V1,,,,V7_TEMPORAL_NUMERIC
LC_015_R05.png,LC,LC_015,5,4,HIBRIDO,X,temporal,EXHAUSTIVE,READY_TEMPORAL,2018 | 2019 | 2020 | 2021 | 2022 | 2023 | 2024 | 2025,2018 | 2019 | 2020 | 2021 | 2022 | 2023 | 2024 | 2025,NOT_SPECIFIED,AUTO_VALIDATED_FROZEN_GATE,AUTO_VALIDATED,2018|2019|2020|2021|2022|2023|2024|2025,2018 | 2019 | 2020 | 2021 | 2022 | 2023 | 2024 | 2025,NORMALIZED_EQUIVALENT,CONFORMING,,,Conteúdo observado coincide com F após normalização congelada.,YES,B_B_NORMALIZATION_V1,,,,V7_TEMPORAL_NUMERIC
LC_015_R06.png,LC,LC_015,6,4,HIBRIDO,X,temporal,EXHAUSTIVE,READY_TEMPORAL,2018 | 2019 | 2020 | 2021 | 2022 | 2023 | 2024 | 2025,2018 | 2019 | 2020 | 2021 | 2022 | 2023 | 2024 | 2025,NOT_SPECIFIED,AUTO_VALIDATED_FROZEN_GATE,AUTO_VALIDATED,2018|2019|2020|2021|2022|2023|2024|2025,2018 | 2019 | 2020 | 2021 | 2022 | 2023 | 2024 | 2025,NORMALIZED_EQUIVALENT,CONFORMING,,,Conteúdo observado coincide com F após normalização congelada.,YES,B_B_NORMALIZATION_V1,,,,V7_TEMPORAL_NUMERIC
LC_015_R07.png,LC,LC_015,7,4,HIBRIDO,X,temporal,EXHAUSTIVE,READY_TEMPORAL,2018 | 2019 | 2020 | 2021 | 2022 | 2023 | 2024 | 2025,2018 | 2019 | 2020 | 2021 | 2022 | 2023 | 2024 | 2025,NOT_SPECIFIED,AUTO_VALIDATED_FROZEN_GATE,AUTO_VALIDATED,2018|2019|2020|2021|2022|2023|2024|2025,2018 | 2019 | 2020 | 2021 | 2022 | 2023 | 2024 | 2025,NORMALIZED_EQUIVALENT,CONFORMING,,,Conteúdo observado coincide com F após normalização congelada.,YES,B_B_NORMALIZATION_V1,,,,V7_TEMPORAL_NUMERIC
LC_015_R08.png,LC,LC_015,8,4,HIBRIDO,X,temporal,EXHAUSTIVE,READY_TEMPORAL,2018 | 2019 | 2020 | 2021 | 2022 | 2023 | 2024 | 2025,2018 | 2019 | 2020 | 2021 | 2022 | 2023 | 2024 | 2025,NOT_SPECIFIED,AUTO_VALIDATED_FROZEN_GATE,AUTO_VALIDATED,2018|2019|2020|2021|2022|2023|2024|2025,2018 | 2019 | 2020 | 2021 | 2022 | 2023 | 2024 | 2025,NORMALIZED_EQUIVALENT,CONFORMING,,,Conteúdo observado coincide com F após normalização congelada.,YES,B_B_NORMALIZATION_V1,,,,V7_TEMPORAL_NUMERIC
LC_015_R09.png,LC,LC_015,9,4,HIBRIDO,X,temporal,EXHAUSTIVE,READY_TEMPORAL,2018 | 2019 | 2020 | 2021 | 2022 | 2023 | 2024 | 2025,2018 | 2019 | 2020 | 2021 | 2022 | 2023 | 2024 | 2025,NOT_SPECIFIED,AUTO_VALIDATED_FROZEN_GATE,AUTO_VALIDATED,2018|2019|2020|2021|2022|2023|2024|2025,2018 | 2019 | 2020 | 2021 | 2022 | 2023 | 2024 | 2025,NORMALIZED_EQUIVALENT,CONFORMING,,,Conteúdo observado coincide com F após normalização congelada.,YES,B_B_NORMALIZATION_V1,,,,V7_TEMPORAL_NUMERIC
LC_015_R10.png,LC,LC_015,10,4,HIBRIDO,X,temporal,EXHAUSTIVE,READY_TEMPORAL,2018 | 2019 | 2020 | 2021 | 2022 | 2023 | 2024 | 2025,2018 | 2019 | 2020 | 2021 | 2022 | 2023 | 2024 | 2025,NOT_SPECIFIED,AUTO_VALIDATED_FROZEN_GATE,AUTO_VALIDATED,2018|2019|2020|2021|2022|2023|2024|2025,2018 | 2019 | 2020 | 2021 | 2022 | 2023 | 2024 | 2025,NORMALIZED_EQUIVALENT,CONFORMING,,,Conteúdo observado coincide com F após normalização congelada.,YES,B_B_NORMALIZATION_V1,,,,V7_TEMPORAL_NUMERIC
LC_019_R01.png,LC,LC_019,1,9,HIBRIDO,X,temporal,EXHAUSTIVE,READY_TEMPORAL,2018 | 2019 | 2020 | 2021 | 2022 | 2023 | 2024 | 2025,2018 | 2019 | 2020 | 2021 | 2022 | 2023 | 2024 | 2025,NOT_SPECIFIED,MANUAL_AUDIT_AUTO_NONCONFORMING,MANUAL_ADJUDICATED,2018 | 2019 | 2020 | 2021 | 2022 | 2023 | 2024 | 2025,2018 | 2019 | 2020 | 2021 | 2022 | 2023 | 2024 | 2025,NORMALIZED_EQUIVALENT,CONFORMING,,,Resultado atualizado após auditoria manual cega de B-A.,YES,B_B_NORMALIZATION_V1,,,,V7_TEMPORAL_NUMERIC
LC_019_R01.png,LC,LC_019,1,9,HIBRIDO,Y,numeric,EXHAUSTIVE,READY_RANGE_STEP,0M | 100M | 200M | 300M | 400M | 500M | 600M,0 | 100000000 | 200000000 | 300000000 | 400000000 | 500000000 | 600000000,NOT_SPECIFIED,MANUAL_ADJUDICATED,MANUAL_ADJUDICATED,0M | 100M | 200M | 300M | 400M | 500M | 600M,0 | 100000000 | 200000000 | 300000000 | 400000000 | 500000000 | 600000000,NORMALIZED_EQUIVALENT,CONFORMING,,,Conteúdo observado coincide com F após normalização congelada.,YES,B_B_NORMALIZATION_V1,,,,V7_TEMPORAL_NUMERIC
LC_019_R02.png,LC,LC_019,2,9,HIBRIDO,X,temporal,EXHAUSTIVE,READY_TEMPORAL,2018 | 2019 | 2020 | 2021 | 2022 | 2023 | 2024 | 2025,2018 | 2019 | 2020 | 2021 | 2022 | 2023 | 2024 | 2025,NOT_SPECIFIED,AUTO_VALIDATED_FROZEN_GATE,AUTO_VALIDATED,2018|2019|2020|2021|2022|2023|2024|2025,2018 | 2019 | 2020 | 2021 | 2022 | 2023 | 2024 | 2025,NORMALIZED_EQUIVALENT,CONFORMING,,,Conteúdo observado coincide com F após normalização congelada.,YES,B_B_NORMALIZATION_V1,,,,V7_TEMPORAL_NUMERIC
LC_019_R02.png,LC,LC_019,2,9,HIBRIDO,Y,numeric,EXHAUSTIVE,READY_RANGE_STEP,0M | 100M | 200M | 300M | 400M | 500M | 600M,0 | 100000000 | 200000000 | 300000000 | 400000000 | 500000000 | 600000000,NOT_SPECIFIED,AUTO_VALIDATED_FROZEN_GATE,AUTO_VALIDATED,0|1e+08|2e+08|3e+08|4e+08|5e+08|6e+08,0 | 100000000 | 200000000 | 300000000 | 400000000 | 500000000 | 600000000,NORMALIZED_EQUIVALENT,CONFORMING,,,Conteúdo observado coincide com F após normalização congelada.,YES,B_B_NORMALIZATION_V1,,,,V7_TEMPORAL_NUMERIC
LC_019_R03.png,LC,LC_019,3,9,HIBRIDO,X,temporal,EXHAUSTIVE,READY_TEMPORAL,2018 | 2019 | 2020 | 2021 | 2022 | 2023 | 2024 | 2025,2018 | 2019 | 2020 | 2021 | 2022 | 2023 | 2024 | 2025,NOT_SPECIFIED,AUTO_VALIDATED_FROZEN_GATE,AUTO_VALIDATED,2018|2019|2020|2021|2022|2023|2024|2025,2018 | 2019 | 2020 | 2021 | 2022 | 2023 | 2024 | 2025,NORMALIZED_EQUIVALENT,CONFORMING,,,Conteúdo observado coincide com F após normalização congelada.,YES,B_B_NORMALIZATION_V1,,,,V7_TEMPORAL_NUMERIC
LC_019_R03.png,LC,LC_019,3,9,HIBRIDO,Y,numeric,EXHAUSTIVE,READY_RANGE_STEP,0M | 100M | 200M | 300M | 400M | 500M | 600M,0 | 100000000 | 200000000 | 300000000 | 400000000 | 500000000 | 600000000,NOT_SPECIFIED,AUTO_VALIDATED_FROZEN_GATE,AUTO_VALIDATED,0|1e+08|2e+08|3e+08|4e+08|5e+08|6e+08,0 | 100000000 | 200000000 | 300000000 | 400000000 | 500000000 | 600000000,NORMALIZED_EQUIVALENT,CONFORMING,,,Conteúdo observado coincide com F após normalização congelada.,YES,B_B_NORMALIZATION_V1,,,,V7_TEMPORAL_NUMERIC
LC_019_R04.png,LC,LC_019,4,9,HIBRIDO,X,temporal,EXHAUSTIVE,READY_TEMPORAL,2018 | 2019 | 2020 | 2021 | 2022 | 2023 | 2024 | 2025,2018 | 2019 | 2020 | 2021 | 2022 | 2023 | 2024 | 2025,NOT_SPECIFIED,AUTO_VALIDATED_FROZEN_GATE,AUTO_VALIDATED,2018|2019|2020|2021|2022|2023|2024|2025,2018 | 2019 | 2020 | 2021 | 2022 | 2023 | 2024 | 2025,NORMALIZED_EQUIVALENT,CONFORMING,,,Conteúdo observado coincide com F após normalização congelada.,YES,B_B_NORMALIZATION_V1,,,,V7_TEMPORAL_NUMERIC
LC_019_R04.png,LC,LC_019,4,9,HIBRIDO,Y,numeric,EXHAUSTIVE,READY_RANGE_STEP,0M | 100M | 200M | 300M | 400M | 500M | 600M,0 | 100000000 | 200000000 | 300000000 | 400000000 | 500000000 | 600000000,NOT_SPECIFIED,AUTO_VALIDATED_FROZEN_GATE,AUTO_VALIDATED,0|1e+08|2e+08|3e+08|4e+08|5e+08|6e+08,0 | 100000000 | 200000000 | 300000000 | 400000000 | 500000000 | 600000000,NORMALIZED_EQUIVALENT,CONFORMING,,,Conteúdo observado coincide com F após normalização congelada.,YES,B_B_NORMALIZATION_V1,,,,V7_TEMPORAL_NUMERIC
LC_019_R05.png,LC,LC_019,5,9,HIBRIDO,X,temporal,EXHAUSTIVE,READY_TEMPORAL,2018 | 2019 | 2020 | 2021 | 2022 | 2023 | 2024 | 2025,2018 | 2019 | 2020 | 2021 | 2022 | 2023 | 2024 | 2025,NOT_SPECIFIED,AUTO_VALIDATED_FROZEN_GATE,AUTO_VALIDATED,2018|2019|2020|2021|2022|2023|2024|2025,2018 | 2019 | 2020 | 2021 | 2022 | 2023 | 2024 | 2025,NORMALIZED_EQUIVALENT,CONFORMING,,,Conteúdo observado coincide com F após normalização congelada.,YES,B_B_NORMALIZATION_V1,,,,V7_TEMPORAL_NUMERIC
LC_019_R05.png,LC,LC_019,5,9,HIBRIDO,Y,numeric,EXHAUSTIVE,READY_RANGE_STEP,0M | 100M | 200M | 300M | 400M | 500M | 600M,0 | 100000000 | 200000000 | 300000000 | 400000000 | 500000000 | 600000000,NOT_SPECIFIED,AUTO_VALIDATED_FROZEN_GATE,AUTO_VALIDATED,0|1e+08|2e+08|3e+08|4e+08|5e+08|6e+08,0 | 100000000 | 200000000 | 300000000 | 400000000 | 500000000 | 600000000,NORMALIZED_EQUIVALENT,CONFORMING,,,Conteúdo observado coincide com F após normalização congelada.,YES,B_B_NORMALIZATION_V1,,,,V7_TEMPORAL_NUMERIC
LC_019_R06.png,LC,LC_019,6,9,HIBRIDO,X,temporal,EXHAUSTIVE,READY_TEMPORAL,2018 | 2019 | 2020 | 2021 | 2022 | 2023 | 2024 | 2025,2018 | 2019 | 2020 | 2021 | 2022 | 2023 | 2024 | 2025,NOT_SPECIFIED,AUTO_VALIDATED_FROZEN_GATE,AUTO_VALIDATED,2018|2019|2020|2021|2022|2023|2024|2025,2018 | 2019 | 2020 | 2021 | 2022 | 2023 | 2024 | 2025,NORMALIZED_EQUIVALENT,CONFORMING,,,Conteúdo observado coincide com F após normalização congelada.,YES,B_B_NORMALIZATION_V1,,,,V7_TEMPORAL_NUMERIC
LC_019_R06.png,LC,LC_019,6,9,HIBRIDO,Y,numeric,EXHAUSTIVE,READY_RANGE_STEP,0M | 100M | 200M | 300M | 400M | 500M | 600M,0 | 100000000 | 200000000 | 300000000 | 400000000 | 500000000 | 600000000,NOT_SPECIFIED,AUTO_VALIDATED_FROZEN_GATE,AUTO_VALIDATED,0|1e+08|2e+08|3e+08|4e+08|5e+08|6e+08,0 | 100000000 | 200000000 | 300000000 | 400000000 | 500000000 | 600000000,NORMALIZED_EQUIVALENT,CONFORMING,,,Conteúdo observado coincide com F após normalização congelada.,YES,B_B_NORMALIZATION_V1,,,,V7_TEMPORAL_NUMERIC
LC_019_R07.png,LC,LC_019,7,9,HIBRIDO,X,temporal,EXHAUSTIVE,READY_TEMPORAL,2018 | 2019 | 2020 | 2021 | 2022 | 2023 | 2024 | 2025,2018 | 2019 | 2020 | 2021 | 2022 | 2023 | 2024 | 2025,NOT_SPECIFIED,AUTO_VALIDATED_FROZEN_GATE,AUTO_VALIDATED,2018|2019|2020|2021|2022|2023|2024|2025,2018 | 2019 | 2020 | 2021 | 2022 | 2023 | 2024 | 2025,NORMALIZED_EQUIVALENT,CONFORMING,,,Conteúdo observado coincide com F após normalização congelada.,YES,B_B_NORMALIZATION_V1,,,,V7_TEMPORAL_NUMERIC
LC_019_R07.png,LC,LC_019,7,9,HIBRIDO,Y,numeric,EXHAUSTIVE,READY_RANGE_STEP,0M | 100M | 200M | 300M | 400M | 500M | 600M,0 | 100000000 | 200000000 | 300000000 | 400000000 | 500000000 | 600000000,NOT_SPECIFIED,AUTO_VALIDATED_FROZEN_GATE,AUTO_VALIDATED,0|1e+08|2e+08|3e+08|4e+08|5e+08|6e+08,0 | 100000000 | 200000000 | 300000000 | 400000000 | 500000000 | 600000000,NORMALIZED_EQUIVALENT,CONFORMING,,,Conteúdo observado coincide com F após normalização congelada.,YES,B_B_NORMALIZATION_V1,,,,V7_TEMPORAL_NUMERIC
LC_019_R08.png,LC,LC_019,8,9,HIBRIDO,X,temporal,EXHAUSTIVE,READY_TEMPORAL,2018 | 2019 | 2020 | 2021 | 2022 | 2023 | 2024 | 2025,2018 | 2019 | 2020 | 2021 | 2022 | 2023 | 2024 | 2025,NOT_SPECIFIED,AUTO_VALIDATED_FROZEN_GATE,AUTO_VALIDATED,2018|2019|2020|2021|2022|2023|2024|2025,2018 | 2019 | 2020 | 2021 | 2022 | 2023 | 2024 | 2025,NORMALIZED_EQUIVALENT,CONFORMING,,,Conteúdo observado coincide com F após normalização congelada.,YES,B_B_NORMALIZATION_V1,,,,V7_TEMPORAL_NUMERIC
LC_019_R08.png,LC,LC_019,8,9,HIBRIDO,Y,numeric,EXHAUSTIVE,READY_RANGE_STEP,0M | 100M | 200M | 300M | 400M | 500M | 600M,0 | 100000000 | 200000000 | 300000000 | 400000000 | 500000000 | 600000000,NOT_SPECIFIED,AUTO_VALIDATED_FROZEN_GATE,AUTO_VALIDATED,0|1e+08|2e+08|3e+08|4e+08|5e+08|6e+08,0 | 100000000 | 200000000 | 300000000 | 400000000 | 500000000 | 600000000,NORMALIZED_EQUIVALENT,CONFORMING,,,Conteúdo observado coincide com F após normalização congelada.,YES,B_B_NORMALIZATION_V1,,,,V7_TEMPORAL_NUMERIC
LC_019_R09.png,LC,LC_019,9,9,HIBRIDO,X,temporal,EXHAUSTIVE,READY_TEMPORAL,2018 | 2019 | 2020 | 2021 | 2022 | 2023 | 2024 | 2025,2018 | 2019 | 2020 | 2021 | 2022 | 2023 | 2024 | 2025,NOT_SPECIFIED,AUTO_VALIDATED_FROZEN_GATE,AUTO_VALIDATED,2018|2019|2020|2021|2022|2023|2024|2025,2018 | 2019 | 2020 | 2021 | 2022 | 2023 | 2024 | 2025,NORMALIZED_EQUIVALENT,CONFORMING,,,Conteúdo observado coincide com F após normalização congelada.,YES,B_B_NORMALIZATION_V1,,,,V7_TEMPORAL_NUMERIC
LC_019_R09.png,LC,LC_019,9,9,HIBRIDO,Y,numeric,EXHAUSTIVE,READY_RANGE_STEP,0M | 100M | 200M | 300M | 400M | 500M | 600M,0 | 100000000 | 200000000 | 300000000 | 400000000 | 500000000 | 600000000,NOT_SPECIFIED,AUTO_VALIDATED_FROZEN_GATE,AUTO_VALIDATED,0|1e+08|2e+08|3e+08|4e+08|5e+08|6e+08,0 | 100000000 | 200000000 | 300000000 | 400000000 | 500000000 | 600000000,NORMALIZED_EQUIVALENT,CONFORMING,,,Conteúdo observado coincide com F após normalização congelada.,YES,B_B_NORMALIZATION_V1,,,,V7_TEMPORAL_NUMERIC
LC_019_R10.png,LC,LC_019,10,9,HIBRIDO,X,temporal,EXHAUSTIVE,READY_TEMPORAL,2018 | 2019 | 2020 | 2021 | 2022 | 2023 | 2024 | 2025,2018 | 2019 | 2020 | 2021 | 2022 | 2023 | 2024 | 2025,NOT_SPECIFIED,AUTO_VALIDATED_FROZEN_GATE,AUTO_VALIDATED,2018|2019|2020|2021|2022|2023|2024|2025,2018 | 2019 | 2020 | 2021 | 2022 | 2023 | 2024 | 2025,NORMALIZED_EQUIVALENT,CONFORMING,,,Conteúdo observado coincide com F após normalização congelada.,YES,B_B_NORMALIZATION_V1,,,,V7_TEMPORAL_NUMERIC
LC_019_R10.png,LC,LC_019,10,9,HIBRIDO,Y,numeric,EXHAUSTIVE,READY_RANGE_STEP,0M | 100M | 200M | 300M | 400M | 500M | 600M,0 | 100000000 | 200000000 | 300000000 | 400000000 | 500000000 | 600000000,NOT_SPECIFIED,AUTO_VALIDATED_FROZEN_GATE,AUTO_VALIDATED,0|1e+08|2e+08|3e+08|4e+08|5e+08|6e+08,0 | 100000000 | 200000000 | 300000000 | 400000000 | 500000000 | 600000000,NORMALIZED_EQUIVALENT,CONFORMING,,,Conteúdo observado coincide com F após normalização congelada.,YES,B_B_NORMALIZATION_V1,,,,V7_TEMPORAL_NUMERIC
LC_020_R01.png,LC,LC_020,1,10,HIBRIDO,X,temporal,EXHAUSTIVE,READY_TEMPORAL,2018 | 2019 | 2020 | 2021 | 2022 | 2023 | 2024 | 2025,2018 | 2019 | 2020 | 2021 | 2022 | 2023 | 2024 | 2025,NOT_SPECIFIED,AUTO_VALIDATED_FROZEN_GATE,AUTO_VALIDATED,2018|2019|2020|2021|2022|2023|2024|2025,2018 | 2019 | 2020 | 2021 | 2022 | 2023 | 2024 | 2025,NORMALIZED_EQUIVALENT,CONFORMING,,,Conteúdo observado coincide com F após normalização congelada.,YES,B_B_NORMALIZATION_V1,,,,V7_TEMPORAL_NUMERIC
LC_020_R02.png,LC,LC_020,2,10,HIBRIDO,X,temporal,EXHAUSTIVE,READY_TEMPORAL,2018 | 2019 | 2020 | 2021 | 2022 | 2023 | 2024 | 2025,2018 | 2019 | 2020 | 2021 | 2022 | 2023 | 2024 | 2025,NOT_SPECIFIED,AUTO_VALIDATED_FROZEN_GATE,AUTO_VALIDATED,2018|2019|2020|2021|2022|2023|2024|2025,2018 | 2019 | 2020 | 2021 | 2022 | 2023 | 2024 | 2025,NORMALIZED_EQUIVALENT,CONFORMING,,,Conteúdo observado coincide com F após normalização congelada.,YES,B_B_NORMALIZATION_V1,,,,V7_TEMPORAL_NUMERIC
LC_020_R03.png,LC,LC_020,3,10,HIBRIDO,X,temporal,EXHAUSTIVE,READY_TEMPORAL,2018 | 2019 | 2020 | 2021 | 2022 | 2023 | 2024 | 2025,2018 | 2019 | 2020 | 2021 | 2022 | 2023 | 2024 | 2025,NOT_SPECIFIED,AUTO_VALIDATED_FROZEN_GATE,AUTO_VALIDATED,2018|2019|2020|2021|2022|2023|2024|2025,2018 | 2019 | 2020 | 2021 | 2022 | 2023 | 2024 | 2025,NORMALIZED_EQUIVALENT,CONFORMING,,,Conteúdo observado coincide com F após normalização congelada.,YES,B_B_NORMALIZATION_V1,,,,V7_TEMPORAL_NUMERIC
LC_020_R04.png,LC,LC_020,4,10,HIBRIDO,X,temporal,EXHAUSTIVE,READY_TEMPORAL,2018 | 2019 | 2020 | 2021 | 2022 | 2023 | 2024 | 2025,2018 | 2019 | 2020 | 2021 | 2022 | 2023 | 2024 | 2025,NOT_SPECIFIED,AUTO_VALIDATED_FROZEN_GATE,AUTO_VALIDATED,2018|2019|2020|2021|2022|2023|2024|2025,2018 | 2019 | 2020 | 2021 | 2022 | 2023 | 2024 | 2025,NORMALIZED_EQUIVALENT,CONFORMING,,,Conteúdo observado coincide com F após normalização congelada.,YES,B_B_NORMALIZATION_V1,,,,V7_TEMPORAL_NUMERIC
LC_020_R05.png,LC,LC_020,5,10,HIBRIDO,X,temporal,EXHAUSTIVE,READY_TEMPORAL,2018 | 2019 | 2020 | 2021 | 2022 | 2023 | 2024 | 2025,2018 | 2019 | 2020 | 2021 | 2022 | 2023 | 2024 | 2025,NOT_SPECIFIED,AUTO_VALIDATED_FROZEN_GATE,AUTO_VALIDATED,2018|2019|2020|2021|2022|2023|2024|2025,2018 | 2019 | 2020 | 2021 | 2022 | 2023 | 2024 | 2025,NORMALIZED_EQUIVALENT,CONFORMING,,,Conteúdo observado coincide com F após normalização congelada.,YES,B_B_NORMALIZATION_V1,,,,V7_TEMPORAL_NUMERIC
LC_020_R06.png,LC,LC_020,6,10,HIBRIDO,X,temporal,EXHAUSTIVE,READY_TEMPORAL,2018 | 2019 | 2020 | 2021 | 2022 | 2023 | 2024 | 2025,2018 | 2019 | 2020 | 2021 | 2022 | 2023 | 2024 | 2025,NOT_SPECIFIED,AUTO_VALIDATED_FROZEN_GATE,AUTO_VALIDATED,2018|2019|2020|2021|2022|2023|2024|2025,2018 | 2019 | 2020 | 2021 | 2022 | 2023 | 2024 | 2025,NORMALIZED_EQUIVALENT,CONFORMING,,,Conteúdo observado coincide com F após normalização congelada.,YES,B_B_NORMALIZATION_V1,,,,V7_TEMPORAL_NUMERIC
LC_020_R07.png,LC,LC_020,7,10,HIBRIDO,X,temporal,EXHAUSTIVE,READY_TEMPORAL,2018 | 2019 | 2020 | 2021 | 2022 | 2023 | 2024 | 2025,2018 | 2019 | 2020 | 2021 | 2022 | 2023 | 2024 | 2025,NOT_SPECIFIED,AUTO_VALIDATED_FROZEN_GATE,AUTO_VALIDATED,2018|2019|2020|2021|2022|2023|2024|2025,2018 | 2019 | 2020 | 2021 | 2022 | 2023 | 2024 | 2025,NORMALIZED_EQUIVALENT,CONFORMING,,,Conteúdo observado coincide com F após normalização congelada.,YES,B_B_NORMALIZATION_V1,,,,V7_TEMPORAL_NUMERIC
LC_020_R08.png,LC,LC_020,8,10,HIBRIDO,X,temporal,EXHAUSTIVE,READY_TEMPORAL,2018 | 2019 | 2020 | 2021 | 2022 | 2023 | 2024 | 2025,2018 | 2019 | 2020 | 2021 | 2022 | 2023 | 2024 | 2025,NOT_SPECIFIED,AUTO_VALIDATED_FROZEN_GATE,AUTO_VALIDATED,2018|2019|2020|2021|2022|2023|2024|2025,2018 | 2019 | 2020 | 2021 | 2022 | 2023 | 2024 | 2025,NORMALIZED_EQUIVALENT,CONFORMING,,,Conteúdo observado coincide com F após normalização congelada.,YES,B_B_NORMALIZATION_V1,,,,V7_TEMPORAL_NUMERIC
LC_020_R09.png,LC,LC_020,9,10,HIBRIDO,X,temporal,EXHAUSTIVE,READY_TEMPORAL,2018 | 2019 | 2020 | 2021 | 2022 | 2023 | 2024 | 2025,2018 | 2019 | 2020 | 2021 | 2022 | 2023 | 2024 | 2025,NOT_SPECIFIED,AUTO_VALIDATED_FROZEN_GATE,AUTO_VALIDATED,2018|2019|2020|2021|2022|2023|2024|2025,2018 | 2019 | 2020 | 2021 | 2022 | 2023 | 2024 | 2025,NORMALIZED_EQUIVALENT,CONFORMING,,,Conteúdo observado coincide com F após normalização congelada.,YES,B_B_NORMALIZATION_V1,,,,V7_TEMPORAL_NUMERIC
LC_020_R10.png,LC,LC_020,10,10,HIBRIDO,X,temporal,EXHAUSTIVE,READY_TEMPORAL,2018 | 2019 | 2020 | 2021 | 2022 | 2023 | 2024 | 2025,2018 | 2019 | 2020 | 2021 | 2022 | 2023 | 2024 | 2025,NOT_SPECIFIED,AUTO_VALIDATED_FROZEN_GATE,AUTO_VALIDATED,2018|2019|2020|2021|2022|2023|2024|2025,2018 | 2019 | 2020 | 2021 | 2022 | 2023 | 2024 | 2025,NORMALIZED_EQUIVALENT,CONFORMING,,,Conteúdo observado coincide com F após normalização congelada.,YES,B_B_NORMALIZATION_V1,,,,V7_TEMPORAL_NUMERIC
LC_023_R01.png,LC,LC_023,1,13,HIBRIDO,X,temporal,EXHAUSTIVE,READY_TEMPORAL,2018 | 2019 | 2020 | 2021 | 2022 | 2023 | 2024 | 2025,2018 | 2019 | 2020 | 2021 | 2022 | 2023 | 2024 | 2025,NOT_SPECIFIED,AUTO_VALIDATED_FROZEN_GATE,AUTO_VALIDATED,2018|2019|2020|2021|2022|2023|2024|2025,2018 | 2019 | 2020 | 2021 | 2022 | 2023 | 2024 | 2025,NORMALIZED_EQUIVALENT,CONFORMING,,,Conteúdo observado coincide com F após normalização congelada.,YES,B_B_NORMALIZATION_V1,,,,V7_TEMPORAL_NUMERIC
LC_023_R01.png,LC,LC_023,1,13,HIBRIDO,Y,numeric,EXHAUSTIVE,READY_EXPLICIT_LIST,0 | 100M | 200M | 300M | 400M | 500M | 600M,0 | 100000000 | 200000000 | 300000000 | 400000000 | 500000000 | 600000000,NOT_SPECIFIED,AUTO_VALIDATED_FROZEN_GATE,AUTO_VALIDATED,0|1e+08|2e+08|3e+08|4e+08|5e+08|6e+08,0 | 100000000 | 200000000 | 300000000 | 400000000 | 500000000 | 600000000,NORMALIZED_EQUIVALENT,CONFORMING,,,Conteúdo observado coincide com F após normalização congelada.,YES,B_B_NORMALIZATION_V1,,,,V7_TEMPORAL_NUMERIC
LC_023_R02.png,LC,LC_023,2,13,HIBRIDO,X,temporal,EXHAUSTIVE,READY_TEMPORAL,2018 | 2019 | 2020 | 2021 | 2022 | 2023 | 2024 | 2025,2018 | 2019 | 2020 | 2021 | 2022 | 2023 | 2024 | 2025,NOT_SPECIFIED,AUTO_VALIDATED_FROZEN_GATE,AUTO_VALIDATED,2018|2019|2020|2021|2022|2023|2024|2025,2018 | 2019 | 2020 | 2021 | 2022 | 2023 | 2024 | 2025,NORMALIZED_EQUIVALENT,CONFORMING,,,Conteúdo observado coincide com F após normalização congelada.,YES,B_B_NORMALIZATION_V1,,,,V7_TEMPORAL_NUMERIC
LC_023_R02.png,LC,LC_023,2,13,HIBRIDO,Y,numeric,EXHAUSTIVE,READY_EXPLICIT_LIST,0 | 100M | 200M | 300M | 400M | 500M | 600M,0 | 100000000 | 200000000 | 300000000 | 400000000 | 500000000 | 600000000,NOT_SPECIFIED,AUTO_VALIDATED_FROZEN_GATE,AUTO_VALIDATED,0|1e+08|2e+08|3e+08|4e+08|5e+08|6e+08,0 | 100000000 | 200000000 | 300000000 | 400000000 | 500000000 | 600000000,NORMALIZED_EQUIVALENT,CONFORMING,,,Conteúdo observado coincide com F após normalização congelada.,YES,B_B_NORMALIZATION_V1,,,,V7_TEMPORAL_NUMERIC
LC_023_R03.png,LC,LC_023,3,13,HIBRIDO,X,temporal,EXHAUSTIVE,READY_TEMPORAL,2018 | 2019 | 2020 | 2021 | 2022 | 2023 | 2024 | 2025,2018 | 2019 | 2020 | 2021 | 2022 | 2023 | 2024 | 2025,NOT_SPECIFIED,AUTO_VALIDATED_FROZEN_GATE,AUTO_VALIDATED,2018|2019|2020|2021|2022|2023|2024|2025,2018 | 2019 | 2020 | 2021 | 2022 | 2023 | 2024 | 2025,NORMALIZED_EQUIVALENT,CONFORMING,,,Conteúdo observado coincide com F após normalização congelada.,YES,B_B_NORMALIZATION_V1,,,,V7_TEMPORAL_NUMERIC
LC_023_R03.png,LC,LC_023,3,13,HIBRIDO,Y,numeric,EXHAUSTIVE,READY_EXPLICIT_LIST,0 | 100M | 200M | 300M | 400M | 500M | 600M,0 | 100000000 | 200000000 | 300000000 | 400000000 | 500000000 | 600000000,NOT_SPECIFIED,AUTO_VALIDATED_FROZEN_GATE,AUTO_VALIDATED,0|1e+08|2e+08|3e+08|4e+08|5e+08|6e+08,0 | 100000000 | 200000000 | 300000000 | 400000000 | 500000000 | 600000000,NORMALIZED_EQUIVALENT,CONFORMING,,,Conteúdo observado coincide com F após normalização congelada.,YES,B_B_NORMALIZATION_V1,,,,V7_TEMPORAL_NUMERIC
LC_023_R04.png,LC,LC_023,4,13,HIBRIDO,X,temporal,EXHAUSTIVE,READY_TEMPORAL,2018 | 2019 | 2020 | 2021 | 2022 | 2023 | 2024 | 2025,2018 | 2019 | 2020 | 2021 | 2022 | 2023 | 2024 | 2025,NOT_SPECIFIED,AUTO_VALIDATED_FROZEN_GATE,AUTO_VALIDATED,2018|2019|2020|2021|2022|2023|2024|2025,2018 | 2019 | 2020 | 2021 | 2022 | 2023 | 2024 | 2025,NORMALIZED_EQUIVALENT,CONFORMING,,,Conteúdo observado coincide com F após normalização congelada.,YES,B_B_NORMALIZATION_V1,,,,V7_TEMPORAL_NUMERIC
LC_023_R04.png,LC,LC_023,4,13,HIBRIDO,Y,numeric,EXHAUSTIVE,READY_EXPLICIT_LIST,0 | 100M | 200M | 300M | 400M | 500M | 600M,0 | 100000000 | 200000000 | 300000000 | 400000000 | 500000000 | 600000000,NOT_SPECIFIED,AUTO_VALIDATED_FROZEN_GATE,AUTO_VALIDATED,0|1e+08|2e+08|3e+08|4e+08|5e+08|6e+08,0 | 100000000 | 200000000 | 300000000 | 400000000 | 500000000 | 600000000,NORMALIZED_EQUIVALENT,CONFORMING,,,Conteúdo observado coincide com F após normalização congelada.,YES,B_B_NORMALIZATION_V1,,,,V7_TEMPORAL_NUMERIC
LC_023_R05.png,LC,LC_023,5,13,HIBRIDO,X,temporal,EXHAUSTIVE,READY_TEMPORAL,2018 | 2019 | 2020 | 2021 | 2022 | 2023 | 2024 | 2025,2018 | 2019 | 2020 | 2021 | 2022 | 2023 | 2024 | 2025,NOT_SPECIFIED,AUTO_VALIDATED_FROZEN_GATE,AUTO_VALIDATED,2018|2019|2020|2021|2022|2023|2024|2025,2018 | 2019 | 2020 | 2021 | 2022 | 2023 | 2024 | 2025,NORMALIZED_EQUIVALENT,CONFORMING,,,Conteúdo observado coincide com F após normalização congelada.,YES,B_B_NORMALIZATION_V1,,,,V7_TEMPORAL_NUMERIC
LC_023_R05.png,LC,LC_023,5,13,HIBRIDO,Y,numeric,EXHAUSTIVE,READY_EXPLICIT_LIST,0 | 100M | 200M | 300M | 400M | 500M | 600M,0 | 100000000 | 200000000 | 300000000 | 400000000 | 500000000 | 600000000,NOT_SPECIFIED,AUTO_VALIDATED_FROZEN_GATE,AUTO_VALIDATED,0|1e+08|2e+08|3e+08|4e+08|5e+08|6e+08,0 | 100000000 | 200000000 | 300000000 | 400000000 | 500000000 | 600000000,NORMALIZED_EQUIVALENT,CONFORMING,,,Conteúdo observado coincide com F após normalização congelada.,YES,B_B_NORMALIZATION_V1,,,,V7_TEMPORAL_NUMERIC
LC_023_R06.png,LC,LC_023,6,13,HIBRIDO,X,temporal,EXHAUSTIVE,READY_TEMPORAL,2018 | 2019 | 2020 | 2021 | 2022 | 2023 | 2024 | 2025,2018 | 2019 | 2020 | 2021 | 2022 | 2023 | 2024 | 2025,NOT_SPECIFIED,AUTO_VALIDATED_FROZEN_GATE,AUTO_VALIDATED,2018|2019|2020|2021|2022|2023|2024|2025,2018 | 2019 | 2020 | 2021 | 2022 | 2023 | 2024 | 2025,NORMALIZED_EQUIVALENT,CONFORMING,,,Conteúdo observado coincide com F após normalização congelada.,YES,B_B_NORMALIZATION_V1,,,,V7_TEMPORAL_NUMERIC
LC_023_R06.png,LC,LC_023,6,13,HIBRIDO,Y,numeric,EXHAUSTIVE,READY_EXPLICIT_LIST,0 | 100M | 200M | 300M | 400M | 500M | 600M,0 | 100000000 | 200000000 | 300000000 | 400000000 | 500000000 | 600000000,NOT_SPECIFIED,AUTO_VALIDATED_FROZEN_GATE,AUTO_VALIDATED,0|1e+08|2e+08|3e+08|4e+08|5e+08|6e+08,0 | 100000000 | 200000000 | 300000000 | 400000000 | 500000000 | 600000000,NORMALIZED_EQUIVALENT,CONFORMING,,,Conteúdo observado coincide com F após normalização congelada.,YES,B_B_NORMALIZATION_V1,,,,V7_TEMPORAL_NUMERIC
LC_023_R07.png,LC,LC_023,7,13,HIBRIDO,X,temporal,EXHAUSTIVE,READY_TEMPORAL,2018 | 2019 | 2020 | 2021 | 2022 | 2023 | 2024 | 2025,2018 | 2019 | 2020 | 2021 | 2022 | 2023 | 2024 | 2025,NOT_SPECIFIED,AUTO_VALIDATED_FROZEN_GATE,AUTO_VALIDATED,2018|2019|2020|2021|2022|2023|2024|2025,2018 | 2019 | 2020 | 2021 | 2022 | 2023 | 2024 | 2025,NORMALIZED_EQUIVALENT,CONFORMING,,,Conteúdo observado coincide com F após normalização congelada.,YES,B_B_NORMALIZATION_V1,,,,V7_TEMPORAL_NUMERIC
LC_023_R07.png,LC,LC_023,7,13,HIBRIDO,Y,numeric,EXHAUSTIVE,READY_EXPLICIT_LIST,0 | 100M | 200M | 300M | 400M | 500M | 600M,0 | 100000000 | 200000000 | 300000000 | 400000000 | 500000000 | 600000000,NOT_SPECIFIED,AUTO_VALIDATED_FROZEN_GATE,AUTO_VALIDATED,0|1e+08|2e+08|3e+08|4e+08|5e+08|6e+08,0 | 100000000 | 200000000 | 300000000 | 400000000 | 500000000 | 600000000,NORMALIZED_EQUIVALENT,CONFORMING,,,Conteúdo observado coincide com F após normalização congelada.,YES,B_B_NORMALIZATION_V1,,,,V7_TEMPORAL_NUMERIC
LC_023_R08.png,LC,LC_023,8,13,HIBRIDO,X,temporal,EXHAUSTIVE,READY_TEMPORAL,2018 | 2019 | 2020 | 2021 | 2022 | 2023 | 2024 | 2025,2018 | 2019 | 2020 | 2021 | 2022 | 2023 | 2024 | 2025,NOT_SPECIFIED,AUTO_VALIDATED_FROZEN_GATE,AUTO_VALIDATED,2018|2019|2020|2021|2022|2023|2024|2025,2018 | 2019 | 2020 | 2021 | 2022 | 2023 | 2024 | 2025,NORMALIZED_EQUIVALENT,CONFORMING,,,Conteúdo observado coincide com F após normalização congelada.,YES,B_B_NORMALIZATION_V1,,,,V7_TEMPORAL_NUMERIC
LC_023_R08.png,LC,LC_023,8,13,HIBRIDO,Y,numeric,EXHAUSTIVE,READY_EXPLICIT_LIST,0 | 100M | 200M | 300M | 400M | 500M | 600M,0 | 100000000 | 200000000 | 300000000 | 400000000 | 500000000 | 600000000,NOT_SPECIFIED,AUTO_VALIDATED_FROZEN_GATE,AUTO_VALIDATED,0|1e+08|2e+08|3e+08|4e+08|5e+08|6e+08,0 | 100000000 | 200000000 | 300000000 | 400000000 | 500000000 | 600000000,NORMALIZED_EQUIVALENT,CONFORMING,,,Conteúdo observado coincide com F após normalização congelada.,YES,B_B_NORMALIZATION_V1,,,,V7_TEMPORAL_NUMERIC
LC_023_R09.png,LC,LC_023,9,13,HIBRIDO,X,temporal,EXHAUSTIVE,READY_TEMPORAL,2018 | 2019 | 2020 | 2021 | 2022 | 2023 | 2024 | 2025,2018 | 2019 | 2020 | 2021 | 2022 | 2023 | 2024 | 2025,NOT_SPECIFIED,AUTO_VALIDATED_FROZEN_GATE,AUTO_VALIDATED,2018|2019|2020|2021|2022|2023|2024|2025,2018 | 2019 | 2020 | 2021 | 2022 | 2023 | 2024 | 2025,NORMALIZED_EQUIVALENT,CONFORMING,,,Conteúdo observado coincide com F após normalização congelada.,YES,B_B_NORMALIZATION_V1,,,,V7_TEMPORAL_NUMERIC
LC_023_R09.png,LC,LC_023,9,13,HIBRIDO,Y,numeric,EXHAUSTIVE,READY_EXPLICIT_LIST,0 | 100M | 200M | 300M | 400M | 500M | 600M,0 | 100000000 | 200000000 | 300000000 | 400000000 | 500000000 | 600000000,NOT_SPECIFIED,AUTO_VALIDATED_FROZEN_GATE,AUTO_VALIDATED,0|1e+08|2e+08|3e+08|4e+08|5e+08|6e+08,0 | 100000000 | 200000000 | 300000000 | 400000000 | 500000000 | 600000000,NORMALIZED_EQUIVALENT,CONFORMING,,,Conteúdo observado coincide com F após normalização congelada.,YES,B_B_NORMALIZATION_V1,,,,V7_TEMPORAL_NUMERIC
LC_023_R10.png,LC,LC_023,10,13,HIBRIDO,X,temporal,EXHAUSTIVE,READY_TEMPORAL,2018 | 2019 | 2020 | 2021 | 2022 | 2023 | 2024 | 2025,2018 | 2019 | 2020 | 2021 | 2022 | 2023 | 2024 | 2025,NOT_SPECIFIED,AUTO_VALIDATED_FROZEN_GATE,AUTO_VALIDATED,2018|2019|2020|2021|2022|2023|2024|2025,2018 | 2019 | 2020 | 2021 | 2022 | 2023 | 2024 | 2025,NORMALIZED_EQUIVALENT,CONFORMING,,,Conteúdo observado coincide com F após normalização congelada.,YES,B_B_NORMALIZATION_V1,,,,V7_TEMPORAL_NUMERIC
LC_023_R10.png,LC,LC_023,10,13,HIBRIDO,Y,numeric,EXHAUSTIVE,READY_EXPLICIT_LIST,0 | 100M | 200M | 300M | 400M | 500M | 600M,0 | 100000000 | 200000000 | 300000000 | 400000000 | 500000000 | 600000000,NOT_SPECIFIED,AUTO_VALIDATED_FROZEN_GATE,AUTO_VALIDATED,0|1e+08|2e+08|3e+08|4e+08|5e+08|6e+08,0 | 100000000 | 200000000 | 300000000 | 400000000 | 500000000 | 600000000,NORMALIZED_EQUIVALENT,CONFORMING,,,Conteúdo observado coincide com F após normalização congelada.,YES,B_B_NORMALIZATION_V1,,,,V7_TEMPORAL_NUMERIC
LC_024_R01.png,LC,LC_024,1,14,HIBRIDO,X,temporal,EXHAUSTIVE,READY_TEMPORAL,2018 | 2019 | 2020 | 2021 | 2022 | 2023 | 2024 | 2025,2018 | 2019 | 2020 | 2021 | 2022 | 2023 | 2024 | 2025,NOT_SPECIFIED,AUTO_VALIDATED_FROZEN_GATE,AUTO_VALIDATED,2018|2019|2020|2021|2022|2023|2024|2025,2018 | 2019 | 2020 | 2021 | 2022 | 2023 | 2024 | 2025,NORMALIZED_EQUIVALENT,CONFORMING,,,Conteúdo observado coincide com F após normalização congelada.,YES,B_B_NORMALIZATION_V1,,,,V7_TEMPORAL_NUMERIC
LC_024_R02.png,LC,LC_024,2,14,HIBRIDO,X,temporal,EXHAUSTIVE,READY_TEMPORAL,2018 | 2019 | 2020 | 2021 | 2022 | 2023 | 2024 | 2025,2018 | 2019 | 2020 | 2021 | 2022 | 2023 | 2024 | 2025,NOT_SPECIFIED,AUTO_VALIDATED_FROZEN_GATE,AUTO_VALIDATED,2018|2019|2020|2021|2022|2023|2024|2025,2018 | 2019 | 2020 | 2021 | 2022 | 2023 | 2024 | 2025,NORMALIZED_EQUIVALENT,CONFORMING,,,Conteúdo observado coincide com F após normalização congelada.,YES,B_B_NORMALIZATION_V1,,,,V7_TEMPORAL_NUMERIC
LC_024_R03.png,LC,LC_024,3,14,HIBRIDO,X,temporal,EXHAUSTIVE,READY_TEMPORAL,2018 | 2019 | 2020 | 2021 | 2022 | 2023 | 2024 | 2025,2018 | 2019 | 2020 | 2021 | 2022 | 2023 | 2024 | 2025,NOT_SPECIFIED,AUTO_VALIDATED_FROZEN_GATE,AUTO_VALIDATED,2018|2019|2020|2021|2022|2023|2024|2025,2018 | 2019 | 2020 | 2021 | 2022 | 2023 | 2024 | 2025,NORMALIZED_EQUIVALENT,CONFORMING,,,Conteúdo observado coincide com F após normalização congelada.,YES,B_B_NORMALIZATION_V1,,,,V7_TEMPORAL_NUMERIC
LC_024_R04.png,LC,LC_024,4,14,HIBRIDO,X,temporal,EXHAUSTIVE,READY_TEMPORAL,2018 | 2019 | 2020 | 2021 | 2022 | 2023 | 2024 | 2025,2018 | 2019 | 2020 | 2021 | 2022 | 2023 | 2024 | 2025,NOT_SPECIFIED,AUTO_VALIDATED_FROZEN_GATE,AUTO_VALIDATED,2018|2019|2020|2021|2022|2023|2024|2025,2018 | 2019 | 2020 | 2021 | 2022 | 2023 | 2024 | 2025,NORMALIZED_EQUIVALENT,CONFORMING,,,Conteúdo observado coincide com F após normalização congelada.,YES,B_B_NORMALIZATION_V1,,,,V7_TEMPORAL_NUMERIC
LC_024_R05.png,LC,LC_024,5,14,HIBRIDO,X,temporal,EXHAUSTIVE,READY_TEMPORAL,2018 | 2019 | 2020 | 2021 | 2022 | 2023 | 2024 | 2025,2018 | 2019 | 2020 | 2021 | 2022 | 2023 | 2024 | 2025,NOT_SPECIFIED,AUTO_VALIDATED_FROZEN_GATE,AUTO_VALIDATED,2018|2019|2020|2021|2022|2023|2024|2025,2018 | 2019 | 2020 | 2021 | 2022 | 2023 | 2024 | 2025,NORMALIZED_EQUIVALENT,CONFORMING,,,Conteúdo observado coincide com F após normalização congelada.,YES,B_B_NORMALIZATION_V1,,,,V7_TEMPORAL_NUMERIC
LC_024_R06.png,LC,LC_024,6,14,HIBRIDO,X,temporal,EXHAUSTIVE,READY_TEMPORAL,2018 | 2019 | 2020 | 2021 | 2022 | 2023 | 2024 | 2025,2018 | 2019 | 2020 | 2021 | 2022 | 2023 | 2024 | 2025,NOT_SPECIFIED,AUTO_VALIDATED_FROZEN_GATE,AUTO_VALIDATED,2018|2019|2020|2021|2022|2023|2024|2025,2018 | 2019 | 2020 | 2021 | 2022 | 2023 | 2024 | 2025,NORMALIZED_EQUIVALENT,CONFORMING,,,Conteúdo observado coincide com F após normalização congelada.,YES,B_B_NORMALIZATION_V1,,,,V7_TEMPORAL_NUMERIC
LC_024_R07.png,LC,LC_024,7,14,HIBRIDO,X,temporal,EXHAUSTIVE,READY_TEMPORAL,2018 | 2019 | 2020 | 2021 | 2022 | 2023 | 2024 | 2025,2018 | 2019 | 2020 | 2021 | 2022 | 2023 | 2024 | 2025,NOT_SPECIFIED,AUTO_VALIDATED_FROZEN_GATE,AUTO_VALIDATED,2018|2019|2020|2021|2022|2023|2024|2025,2018 | 2019 | 2020 | 2021 | 2022 | 2023 | 2024 | 2025,NORMALIZED_EQUIVALENT,CONFORMING,,,Conteúdo observado coincide com F após normalização congelada.,YES,B_B_NORMALIZATION_V1,,,,V7_TEMPORAL_NUMERIC
LC_024_R08.png,LC,LC_024,8,14,HIBRIDO,X,temporal,EXHAUSTIVE,READY_TEMPORAL,2018 | 2019 | 2020 | 2021 | 2022 | 2023 | 2024 | 2025,2018 | 2019 | 2020 | 2021 | 2022 | 2023 | 2024 | 2025,NOT_SPECIFIED,AUTO_VALIDATED_FROZEN_GATE,AUTO_VALIDATED,2018|2019|2020|2021|2022|2023|2024|2025,2018 | 2019 | 2020 | 2021 | 2022 | 2023 | 2024 | 2025,NORMALIZED_EQUIVALENT,CONFORMING,,,Conteúdo observado coincide com F após normalização congelada.,YES,B_B_NORMALIZATION_V1,,,,V7_TEMPORAL_NUMERIC
LC_024_R09.png,LC,LC_024,9,14,HIBRIDO,X,temporal,EXHAUSTIVE,READY_TEMPORAL,2018 | 2019 | 2020 | 2021 | 2022 | 2023 | 2024 | 2025,2018 | 2019 | 2020 | 2021 | 2022 | 2023 | 2024 | 2025,NOT_SPECIFIED,AUTO_VALIDATED_FROZEN_GATE,AUTO_VALIDATED,2018|2019|2020|2021|2022|2023|2024|2025,2018 | 2019 | 2020 | 2021 | 2022 | 2023 | 2024 | 2025,NORMALIZED_EQUIVALENT,CONFORMING,,,Conteúdo observado coincide com F após normalização congelada.,YES,B_B_NORMALIZATION_V1,,,,V7_TEMPORAL_NUMERIC
LC_024_R10.png,LC,LC_024,10,14,HIBRIDO,X,temporal,EXHAUSTIVE,READY_TEMPORAL,2018 | 2019 | 2020 | 2021 | 2022 | 2023 | 2024 | 2025,2018 | 2019 | 2020 | 2021 | 2022 | 2023 | 2024 | 2025,NOT_SPECIFIED,AUTO_VALIDATED_FROZEN_GATE,AUTO_VALIDATED,2018|2019|2020|2021|2022|2023|2024|2025,2018 | 2019 | 2020 | 2021 | 2022 | 2023 | 2024 | 2025,NORMALIZED_EQUIVALENT,CONFORMING,,,Conteúdo observado coincide com F após normalização congelada.,YES,B_B_NORMALIZATION_V1,,,,V7_TEMPORAL_NUMERIC
LC_026_R01.png,LC,LC_026,1,16,HIBRIDO,X,temporal,EXHAUSTIVE,READY_TEMPORAL,2018 | 2019 | 2020 | 2021 | 2022 | 2023 | 2024 | 2025,2018 | 2019 | 2020 | 2021 | 2022 | 2023 | 2024 | 2025,NOT_SPECIFIED,AUTO_VALIDATED_FROZEN_GATE,AUTO_VALIDATED,2018|2019|2020|2021|2022|2023|2024|2025,2018 | 2019 | 2020 | 2021 | 2022 | 2023 | 2024 | 2025,NORMALIZED_EQUIVALENT,CONFORMING,,,Conteúdo observado coincide com F após normalização congelada.,YES,B_B_NORMALIZATION_V1,,,,V7_TEMPORAL_NUMERIC
LC_026_R02.png,LC,LC_026,2,16,HIBRIDO,X,temporal,EXHAUSTIVE,READY_TEMPORAL,2018 | 2019 | 2020 | 2021 | 2022 | 2023 | 2024 | 2025,2018 | 2019 | 2020 | 2021 | 2022 | 2023 | 2024 | 2025,NOT_SPECIFIED,AUTO_VALIDATED_FROZEN_GATE,AUTO_VALIDATED,2018|2019|2020|2021|2022|2023|2024|2025,2018 | 2019 | 2020 | 2021 | 2022 | 2023 | 2024 | 2025,NORMALIZED_EQUIVALENT,CONFORMING,,,Conteúdo observado coincide com F após normalização congelada.,YES,B_B_NORMALIZATION_V1,,,,V7_TEMPORAL_NUMERIC
LC_026_R03.png,LC,LC_026,3,16,HIBRIDO,X,temporal,EXHAUSTIVE,READY_TEMPORAL,2018 | 2019 | 2020 | 2021 | 2022 | 2023 | 2024 | 2025,2018 | 2019 | 2020 | 2021 | 2022 | 2023 | 2024 | 2025,NOT_SPECIFIED,AUTO_VALIDATED_FROZEN_GATE,AUTO_VALIDATED,2018|2019|2020|2021|2022|2023|2024|2025,2018 | 2019 | 2020 | 2021 | 2022 | 2023 | 2024 | 2025,NORMALIZED_EQUIVALENT,CONFORMING,,,Conteúdo observado coincide com F após normalização congelada.,YES,B_B_NORMALIZATION_V1,,,,V7_TEMPORAL_NUMERIC
LC_026_R04.png,LC,LC_026,4,16,HIBRIDO,X,temporal,EXHAUSTIVE,READY_TEMPORAL,2018 | 2019 | 2020 | 2021 | 2022 | 2023 | 2024 | 2025,2018 | 2019 | 2020 | 2021 | 2022 | 2023 | 2024 | 2025,NOT_SPECIFIED,AUTO_VALIDATED_FROZEN_GATE,AUTO_VALIDATED,2018|2019|2020|2021|2022|2023|2024|2025,2018 | 2019 | 2020 | 2021 | 2022 | 2023 | 2024 | 2025,NORMALIZED_EQUIVALENT,CONFORMING,,,Conteúdo observado coincide com F após normalização congelada.,YES,B_B_NORMALIZATION_V1,,,,V7_TEMPORAL_NUMERIC
LC_026_R05.png,LC,LC_026,5,16,HIBRIDO,X,temporal,EXHAUSTIVE,READY_TEMPORAL,2018 | 2019 | 2020 | 2021 | 2022 | 2023 | 2024 | 2025,2018 | 2019 | 2020 | 2021 | 2022 | 2023 | 2024 | 2025,NOT_SPECIFIED,AUTO_VALIDATED_FROZEN_GATE,AUTO_VALIDATED,2018|2019|2020|2021|2022|2023|2024|2025,2018 | 2019 | 2020 | 2021 | 2022 | 2023 | 2024 | 2025,NORMALIZED_EQUIVALENT,CONFORMING,,,Conteúdo observado coincide com F após normalização congelada.,YES,B_B_NORMALIZATION_V1,,,,V7_TEMPORAL_NUMERIC
LC_026_R06.png,LC,LC_026,6,16,HIBRIDO,X,temporal,EXHAUSTIVE,READY_TEMPORAL,2018 | 2019 | 2020 | 2021 | 2022 | 2023 | 2024 | 2025,2018 | 2019 | 2020 | 2021 | 2022 | 2023 | 2024 | 2025,NOT_SPECIFIED,AUTO_VALIDATED_FROZEN_GATE,AUTO_VALIDATED,2018|2019|2020|2021|2022|2023|2024|2025,2018 | 2019 | 2020 | 2021 | 2022 | 2023 | 2024 | 2025,NORMALIZED_EQUIVALENT,CONFORMING,,,Conteúdo observado coincide com F após normalização congelada.,YES,B_B_NORMALIZATION_V1,,,,V7_TEMPORAL_NUMERIC
LC_026_R07.png,LC,LC_026,7,16,HIBRIDO,X,temporal,EXHAUSTIVE,READY_TEMPORAL,2018 | 2019 | 2020 | 2021 | 2022 | 2023 | 2024 | 2025,2018 | 2019 | 2020 | 2021 | 2022 | 2023 | 2024 | 2025,NOT_SPECIFIED,AUTO_VALIDATED_FROZEN_GATE,AUTO_VALIDATED,2018|2019|2020|2021|2022|2023|2024|2025,2018 | 2019 | 2020 | 2021 | 2022 | 2023 | 2024 | 2025,NORMALIZED_EQUIVALENT,CONFORMING,,,Conteúdo observado coincide com F após normalização congelada.,YES,B_B_NORMALIZATION_V1,,,,V7_TEMPORAL_NUMERIC
LC_026_R08.png,LC,LC_026,8,16,HIBRIDO,X,temporal,EXHAUSTIVE,READY_TEMPORAL,2018 | 2019 | 2020 | 2021 | 2022 | 2023 | 2024 | 2025,2018 | 2019 | 2020 | 2021 | 2022 | 2023 | 2024 | 2025,NOT_SPECIFIED,AUTO_VALIDATED_FROZEN_GATE,AUTO_VALIDATED,2018|2019|2020|2021|2022|2023|2024|2025,2018 | 2019 | 2020 | 2021 | 2022 | 2023 | 2024 | 2025,NORMALIZED_EQUIVALENT,CONFORMING,,,Conteúdo observado coincide com F após normalização congelada.,YES,B_B_NORMALIZATION_V1,,,,V7_TEMPORAL_NUMERIC
LC_026_R09.png,LC,LC_026,9,16,HIBRIDO,X,temporal,EXHAUSTIVE,READY_TEMPORAL,2018 | 2019 | 2020 | 2021 | 2022 | 2023 | 2024 | 2025,2018 | 2019 | 2020 | 2021 | 2022 | 2023 | 2024 | 2025,NOT_SPECIFIED,AUTO_VALIDATED_FROZEN_GATE,AUTO_VALIDATED,2018|2019|2020|2021|2022|2023|2024|2025,2018 | 2019 | 2020 | 2021 | 2022 | 2023 | 2024 | 2025,NORMALIZED_EQUIVALENT,CONFORMING,,,Conteúdo observado coincide com F após normalização congelada.,YES,B_B_NORMALIZATION_V1,,,,V7_TEMPORAL_NUMERIC
LC_026_R10.png,LC,LC_026,10,16,HIBRIDO,X,temporal,EXHAUSTIVE,READY_TEMPORAL,2018 | 2019 | 2020 | 2021 | 2022 | 2023 | 2024 | 2025,2018 | 2019 | 2020 | 2021 | 2022 | 2023 | 2024 | 2025,NOT_SPECIFIED,AUTO_VALIDATED_FROZEN_GATE,AUTO_VALIDATED,2018|2019|2020|2021|2022|2023|2024|2025,2018 | 2019 | 2020 | 2021 | 2022 | 2023 | 2024 | 2025,NORMALIZED_EQUIVALENT,CONFORMING,,,Conteúdo observado coincide com F após normalização congelada.,YES,B_B_NORMALIZATION_V1,,,,V7_TEMPORAL_NUMERIC
LC_027_R01.png,LC,LC_027,1,1,VQL,X,temporal,EXHAUSTIVE,READY_TEMPORAL,2018 | 2019 | 2020 | 2021 | 2022 | 2023 | 2024 | 2025,2018 | 2019 | 2020 | 2021 | 2022 | 2023 | 2024 | 2025,NOT_SPECIFIED,AUTO_VALIDATED_FROZEN_GATE,AUTO_VALIDATED,2018|2019|2020|2021|2022|2023|2024|2025,2018 | 2019 | 2020 | 2021 | 2022 | 2023 | 2024 | 2025,NORMALIZED_EQUIVALENT,CONFORMING,,,Conteúdo observado coincide com F após normalização congelada.,YES,B_B_NORMALIZATION_V1,,,,V7_TEMPORAL_NUMERIC
LC_027_R02.png,LC,LC_027,2,1,VQL,X,temporal,EXHAUSTIVE,READY_TEMPORAL,2018 | 2019 | 2020 | 2021 | 2022 | 2023 | 2024 | 2025,2018 | 2019 | 2020 | 2021 | 2022 | 2023 | 2024 | 2025,NOT_SPECIFIED,AUTO_VALIDATED_FROZEN_GATE,AUTO_VALIDATED,2018|2019|2020|2021|2022|2023|2024|2025,2018 | 2019 | 2020 | 2021 | 2022 | 2023 | 2024 | 2025,NORMALIZED_EQUIVALENT,CONFORMING,,,Conteúdo observado coincide com F após normalização congelada.,YES,B_B_NORMALIZATION_V1,,,,V7_TEMPORAL_NUMERIC
LC_027_R03.png,LC,LC_027,3,1,VQL,X,temporal,EXHAUSTIVE,READY_TEMPORAL,2018 | 2019 | 2020 | 2021 | 2022 | 2023 | 2024 | 2025,2018 | 2019 | 2020 | 2021 | 2022 | 2023 | 2024 | 2025,NOT_SPECIFIED,AUTO_VALIDATED_FROZEN_GATE,AUTO_VALIDATED,2018|2019|2020|2021|2022|2023|2024|2025,2018 | 2019 | 2020 | 2021 | 2022 | 2023 | 2024 | 2025,NORMALIZED_EQUIVALENT,CONFORMING,,,Conteúdo observado coincide com F após normalização congelada.,YES,B_B_NORMALIZATION_V1,,,,V7_TEMPORAL_NUMERIC
LC_027_R04.png,LC,LC_027,4,1,VQL,X,temporal,EXHAUSTIVE,READY_TEMPORAL,2018 | 2019 | 2020 | 2021 | 2022 | 2023 | 2024 | 2025,2018 | 2019 | 2020 | 2021 | 2022 | 2023 | 2024 | 2025,NOT_SPECIFIED,AUTO_VALIDATED_FROZEN_GATE,AUTO_VALIDATED,2018|2019|2020|2021|2022|2023|2024|2025,2018 | 2019 | 2020 | 2021 | 2022 | 2023 | 2024 | 2025,NORMALIZED_EQUIVALENT,CONFORMING,,,Conteúdo observado coincide com F após normalização congelada.,YES,B_B_NORMALIZATION_V1,,,,V7_TEMPORAL_NUMERIC
LC_027_R05.png,LC,LC_027,5,1,VQL,X,temporal,EXHAUSTIVE,READY_TEMPORAL,2018 | 2019 | 2020 | 2021 | 2022 | 2023 | 2024 | 2025,2018 | 2019 | 2020 | 2021 | 2022 | 2023 | 2024 | 2025,NOT_SPECIFIED,AUTO_VALIDATED_FROZEN_GATE,AUTO_VALIDATED,2018|2019|2020|2021|2022|2023|2024|2025,2018 | 2019 | 2020 | 2021 | 2022 | 2023 | 2024 | 2025,NORMALIZED_EQUIVALENT,CONFORMING,,,Conteúdo observado coincide com F após normalização congelada.,YES,B_B_NORMALIZATION_V1,,,,V7_TEMPORAL_NUMERIC
LC_027_R06.png,LC,LC_027,6,1,VQL,X,temporal,EXHAUSTIVE,READY_TEMPORAL,2018 | 2019 | 2020 | 2021 | 2022 | 2023 | 2024 | 2025,2018 | 2019 | 2020 | 2021 | 2022 | 2023 | 2024 | 2025,NOT_SPECIFIED,AUTO_VALIDATED_FROZEN_GATE,AUTO_VALIDATED,2018|2019|2020|2021|2022|2023|2024|2025,2018 | 2019 | 2020 | 2021 | 2022 | 2023 | 2024 | 2025,NORMALIZED_EQUIVALENT,CONFORMING,,,Conteúdo observado coincide com F após normalização congelada.,YES,B_B_NORMALIZATION_V1,,,,V7_TEMPORAL_NUMERIC
LC_027_R07.png,LC,LC_027,7,1,VQL,X,temporal,EXHAUSTIVE,READY_TEMPORAL,2018 | 2019 | 2020 | 2021 | 2022 | 2023 | 2024 | 2025,2018 | 2019 | 2020 | 2021 | 2022 | 2023 | 2024 | 2025,NOT_SPECIFIED,AUTO_VALIDATED_FROZEN_GATE,AUTO_VALIDATED,2018|2019|2020|2021|2022|2023|2024|2025,2018 | 2019 | 2020 | 2021 | 2022 | 2023 | 2024 | 2025,NORMALIZED_EQUIVALENT,CONFORMING,,,Conteúdo observado coincide com F após normalização congelada.,YES,B_B_NORMALIZATION_V1,,,,V7_TEMPORAL_NUMERIC
LC_027_R08.png,LC,LC_027,8,1,VQL,X,temporal,EXHAUSTIVE,READY_TEMPORAL,2018 | 2019 | 2020 | 2021 | 2022 | 2023 | 2024 | 2025,2018 | 2019 | 2020 | 2021 | 2022 | 2023 | 2024 | 2025,NOT_SPECIFIED,AUTO_VALIDATED_FROZEN_GATE,AUTO_VALIDATED,2018|2019|2020|2021|2022|2023|2024|2025,2018 | 2019 | 2020 | 2021 | 2022 | 2023 | 2024 | 2025,NORMALIZED_EQUIVALENT,CONFORMING,,,Conteúdo observado coincide com F após normalização congelada.,YES,B_B_NORMALIZATION_V1,,,,V7_TEMPORAL_NUMERIC
LC_027_R09.png,LC,LC_027,9,1,VQL,X,temporal,EXHAUSTIVE,READY_TEMPORAL,2018 | 2019 | 2020 | 2021 | 2022 | 2023 | 2024 | 2025,2018 | 2019 | 2020 | 2021 | 2022 | 2023 | 2024 | 2025,NOT_SPECIFIED,AUTO_VALIDATED_FROZEN_GATE,AUTO_VALIDATED,2018|2019|2020|2021|2022|2023|2024|2025,2018 | 2019 | 2020 | 2021 | 2022 | 2023 | 2024 | 2025,NORMALIZED_EQUIVALENT,CONFORMING,,,Conteúdo observado coincide com F após normalização congelada.,YES,B_B_NORMALIZATION_V1,,,,V7_TEMPORAL_NUMERIC
LC_027_R10.png,LC,LC_027,10,1,VQL,X,temporal,EXHAUSTIVE,READY_TEMPORAL,2018 | 2019 | 2020 | 2021 | 2022 | 2023 | 2024 | 2025,2018 | 2019 | 2020 | 2021 | 2022 | 2023 | 2024 | 2025,NOT_SPECIFIED,AUTO_VALIDATED_FROZEN_GATE,AUTO_VALIDATED,2018|2019|2020|2021|2022|2023|2024|2025,2018 | 2019 | 2020 | 2021 | 2022 | 2023 | 2024 | 2025,NORMALIZED_EQUIVALENT,CONFORMING,,,Conteúdo observado coincide com F após normalização congelada.,YES,B_B_NORMALIZATION_V1,,,,V7_TEMPORAL_NUMERIC
LC_028_R01.png,LC,LC_028,1,4,VQL,X,temporal,EXHAUSTIVE,READY_TEMPORAL,2018 | 2019 | 2020 | 2021 | 2022 | 2023 | 2024 | 2025,2018 | 2019 | 2020 | 2021 | 2022 | 2023 | 2024 | 2025,NOT_SPECIFIED,AUTO_VALIDATED_FROZEN_GATE,AUTO_VALIDATED,2018|2019|2020|2021|2022|2023|2024|2025,2018 | 2019 | 2020 | 2021 | 2022 | 2023 | 2024 | 2025,NORMALIZED_EQUIVALENT,CONFORMING,,,Conteúdo observado coincide com F após normalização congelada.,YES,B_B_NORMALIZATION_V1,,,,V7_TEMPORAL_NUMERIC
LC_028_R02.png,LC,LC_028,2,4,VQL,X,temporal,EXHAUSTIVE,READY_TEMPORAL,2018 | 2019 | 2020 | 2021 | 2022 | 2023 | 2024 | 2025,2018 | 2019 | 2020 | 2021 | 2022 | 2023 | 2024 | 2025,NOT_SPECIFIED,AUTO_VALIDATED_FROZEN_GATE,AUTO_VALIDATED,2018|2019|2020|2021|2022|2023|2024|2025,2018 | 2019 | 2020 | 2021 | 2022 | 2023 | 2024 | 2025,NORMALIZED_EQUIVALENT,CONFORMING,,,Conteúdo observado coincide com F após normalização congelada.,YES,B_B_NORMALIZATION_V1,,,,V7_TEMPORAL_NUMERIC
LC_028_R03.png,LC,LC_028,3,4,VQL,X,temporal,EXHAUSTIVE,READY_TEMPORAL,2018 | 2019 | 2020 | 2021 | 2022 | 2023 | 2024 | 2025,2018 | 2019 | 2020 | 2021 | 2022 | 2023 | 2024 | 2025,NOT_SPECIFIED,AUTO_VALIDATED_FROZEN_GATE,AUTO_VALIDATED,2018|2019|2020|2021|2022|2023|2024|2025,2018 | 2019 | 2020 | 2021 | 2022 | 2023 | 2024 | 2025,NORMALIZED_EQUIVALENT,CONFORMING,,,Conteúdo observado coincide com F após normalização congelada.,YES,B_B_NORMALIZATION_V1,,,,V7_TEMPORAL_NUMERIC
LC_028_R04.png,LC,LC_028,4,4,VQL,X,temporal,EXHAUSTIVE,READY_TEMPORAL,2018 | 2019 | 2020 | 2021 | 2022 | 2023 | 2024 | 2025,2018 | 2019 | 2020 | 2021 | 2022 | 2023 | 2024 | 2025,NOT_SPECIFIED,AUTO_VALIDATED_FROZEN_GATE,AUTO_VALIDATED,2018|2019|2020|2021|2022|2023|2024|2025,2018 | 2019 | 2020 | 2021 | 2022 | 2023 | 2024 | 2025,NORMALIZED_EQUIVALENT,CONFORMING,,,Conteúdo observado coincide com F após normalização congelada.,YES,B_B_NORMALIZATION_V1,,,,V7_TEMPORAL_NUMERIC
LC_028_R05.png,LC,LC_028,5,4,VQL,X,temporal,EXHAUSTIVE,READY_TEMPORAL,2018 | 2019 | 2020 | 2021 | 2022 | 2023 | 2024 | 2025,2018 | 2019 | 2020 | 2021 | 2022 | 2023 | 2024 | 2025,NOT_SPECIFIED,AUTO_VALIDATED_FROZEN_GATE,AUTO_VALIDATED,2018|2019|2020|2021|2022|2023|2024|2025,2018 | 2019 | 2020 | 2021 | 2022 | 2023 | 2024 | 2025,NORMALIZED_EQUIVALENT,CONFORMING,,,Conteúdo observado coincide com F após normalização congelada.,YES,B_B_NORMALIZATION_V1,,,,V7_TEMPORAL_NUMERIC
LC_028_R06.png,LC,LC_028,6,4,VQL,X,temporal,EXHAUSTIVE,READY_TEMPORAL,2018 | 2019 | 2020 | 2021 | 2022 | 2023 | 2024 | 2025,2018 | 2019 | 2020 | 2021 | 2022 | 2023 | 2024 | 2025,NOT_SPECIFIED,AUTO_VALIDATED_FROZEN_GATE,AUTO_VALIDATED,2018|2019|2020|2021|2022|2023|2024|2025,2018 | 2019 | 2020 | 2021 | 2022 | 2023 | 2024 | 2025,NORMALIZED_EQUIVALENT,CONFORMING,,,Conteúdo observado coincide com F após normalização congelada.,YES,B_B_NORMALIZATION_V1,,,,V7_TEMPORAL_NUMERIC
LC_028_R07.png,LC,LC_028,7,4,VQL,X,temporal,EXHAUSTIVE,READY_TEMPORAL,2018 | 2019 | 2020 | 2021 | 2022 | 2023 | 2024 | 2025,2018 | 2019 | 2020 | 2021 | 2022 | 2023 | 2024 | 2025,NOT_SPECIFIED,AUTO_VALIDATED_FROZEN_GATE,AUTO_VALIDATED,2018|2019|2020|2021|2022|2023|2024|2025,2018 | 2019 | 2020 | 2021 | 2022 | 2023 | 2024 | 2025,NORMALIZED_EQUIVALENT,CONFORMING,,,Conteúdo observado coincide com F após normalização congelada.,YES,B_B_NORMALIZATION_V1,,,,V7_TEMPORAL_NUMERIC
LC_028_R08.png,LC,LC_028,8,4,VQL,X,temporal,EXHAUSTIVE,READY_TEMPORAL,2018 | 2019 | 2020 | 2021 | 2022 | 2023 | 2024 | 2025,2018 | 2019 | 2020 | 2021 | 2022 | 2023 | 2024 | 2025,NOT_SPECIFIED,AUTO_VALIDATED_FROZEN_GATE,AUTO_VALIDATED,2018|2019|2020|2021|2022|2023|2024|2025,2018 | 2019 | 2020 | 2021 | 2022 | 2023 | 2024 | 2025,NORMALIZED_EQUIVALENT,CONFORMING,,,Conteúdo observado coincide com F após normalização congelada.,YES,B_B_NORMALIZATION_V1,,,,V7_TEMPORAL_NUMERIC
LC_028_R09.png,LC,LC_028,9,4,VQL,X,temporal,EXHAUSTIVE,READY_TEMPORAL,2018 | 2019 | 2020 | 2021 | 2022 | 2023 | 2024 | 2025,2018 | 2019 | 2020 | 2021 | 2022 | 2023 | 2024 | 2025,NOT_SPECIFIED,AUTO_VALIDATED_FROZEN_GATE,AUTO_VALIDATED,2018|2019|2020|2021|2022|2023|2024|2025,2018 | 2019 | 2020 | 2021 | 2022 | 2023 | 2024 | 2025,NORMALIZED_EQUIVALENT,CONFORMING,,,Conteúdo observado coincide com F após normalização congelada.,YES,B_B_NORMALIZATION_V1,,,,V7_TEMPORAL_NUMERIC
LC_028_R10.png,LC,LC_028,10,4,VQL,X,temporal,EXHAUSTIVE,READY_TEMPORAL,2018 | 2019 | 2020 | 2021 | 2022 | 2023 | 2024 | 2025,2018 | 2019 | 2020 | 2021 | 2022 | 2023 | 2024 | 2025,NOT_SPECIFIED,AUTO_VALIDATED_FROZEN_GATE,AUTO_VALIDATED,2018|2019|2020|2021|2022|2023|2024|2025,2018 | 2019 | 2020 | 2021 | 2022 | 2023 | 2024 | 2025,NORMALIZED_EQUIVALENT,CONFORMING,,,Conteúdo observado coincide com F após normalização congelada.,YES,B_B_NORMALIZATION_V1,,,,V7_TEMPORAL_NUMERIC
LC_032_R01.png,LC,LC_032,1,9,VQL,X,temporal,EXHAUSTIVE,READY_TEMPORAL,2018 | 2019 | 2020 | 2021 | 2022 | 2023 | 2024 | 2025,2018 | 2019 | 2020 | 2021 | 2022 | 2023 | 2024 | 2025,NOT_SPECIFIED,AUTO_VALIDATED_FROZEN_GATE,AUTO_VALIDATED,2018|2019|2020|2021|2022|2023|2024|2025,2018 | 2019 | 2020 | 2021 | 2022 | 2023 | 2024 | 2025,NORMALIZED_EQUIVALENT,CONFORMING,,,Conteúdo observado coincide com F após normalização congelada.,YES,B_B_NORMALIZATION_V1,,,,V7_TEMPORAL_NUMERIC
LC_032_R01.png,LC,LC_032,1,9,VQL,Y,numeric,EXHAUSTIVE,READY_RANGE_STEP,0M | 100M | 200M | 300M | 400M | 500M | 600M,0 | 100000000 | 200000000 | 300000000 | 400000000 | 500000000 | 600000000,NOT_SPECIFIED,MANUAL_ADJUDICATED,MANUAL_ADJUDICATED,0M | 100M | 200M | 300M | 400M | 500M | 600M,0 | 100000000 | 200000000 | 300000000 | 400000000 | 500000000 | 600000000,NORMALIZED_EQUIVALENT,CONFORMING,,,Conteúdo observado coincide com F após normalização congelada.,YES,B_B_NORMALIZATION_V1,,,,V7_TEMPORAL_NUMERIC
LC_032_R02.png,LC,LC_032,2,9,VQL,X,temporal,EXHAUSTIVE,READY_TEMPORAL,2018 | 2019 | 2020 | 2021 | 2022 | 2023 | 2024 | 2025,2018 | 2019 | 2020 | 2021 | 2022 | 2023 | 2024 | 2025,NOT_SPECIFIED,MANUAL_AUDIT_AUTO_NONCONFORMING,MANUAL_ADJUDICATED,2018 | 2019 | 2020 | 2021 | 2022 | 2023 | 2024 | 2025,2018 | 2019 | 2020 | 2021 | 2022 | 2023 | 2024 | 2025,NORMALIZED_EQUIVALENT,CONFORMING,,,Resultado atualizado após auditoria manual cega de B-A.,YES,B_B_NORMALIZATION_V1,,,,V7_TEMPORAL_NUMERIC
LC_032_R02.png,LC,LC_032,2,9,VQL,Y,numeric,EXHAUSTIVE,READY_RANGE_STEP,0M | 100M | 200M | 300M | 400M | 500M | 600M,0 | 100000000 | 200000000 | 300000000 | 400000000 | 500000000 | 600000000,NOT_SPECIFIED,MANUAL_ADJUDICATED,MANUAL_ADJUDICATED,0M | 100M | 200M | 300M | 400M | 500M | 600M,0 | 100000000 | 200000000 | 300000000 | 400000000 | 500000000 | 600000000,NORMALIZED_EQUIVALENT,CONFORMING,,,Conteúdo observado coincide com F após normalização congelada.,YES,B_B_NORMALIZATION_V1,,,,V7_TEMPORAL_NUMERIC
LC_032_R03.png,LC,LC_032,3,9,VQL,X,temporal,EXHAUSTIVE,READY_TEMPORAL,2018 | 2019 | 2020 | 2021 | 2022 | 2023 | 2024 | 2025,2018 | 2019 | 2020 | 2021 | 2022 | 2023 | 2024 | 2025,NOT_SPECIFIED,MANUAL_AUDIT_AUTO_NONCONFORMING,MANUAL_ADJUDICATED,2018 | 2019 | 2020 | 2021 | 2022 | 2023 | 2024 | 2025,2018 | 2019 | 2020 | 2021 | 2022 | 2023 | 2024 | 2025,NORMALIZED_EQUIVALENT,CONFORMING,,,Resultado atualizado após auditoria manual cega de B-A.,YES,B_B_NORMALIZATION_V1,,,,V7_TEMPORAL_NUMERIC
LC_032_R03.png,LC,LC_032,3,9,VQL,Y,numeric,EXHAUSTIVE,READY_RANGE_STEP,0M | 100M | 200M | 300M | 400M | 500M | 600M,0 | 100000000 | 200000000 | 300000000 | 400000000 | 500000000 | 600000000,NOT_SPECIFIED,MANUAL_ADJUDICATED,MANUAL_ADJUDICATED,0M | 100M | 200M | 300M | 400M | 500M | 600M,0 | 100000000 | 200000000 | 300000000 | 400000000 | 500000000 | 600000000,NORMALIZED_EQUIVALENT,CONFORMING,,,Conteúdo observado coincide com F após normalização congelada.,YES,B_B_NORMALIZATION_V1,,,,V7_TEMPORAL_NUMERIC
LC_032_R04.png,LC,LC_032,4,9,VQL,X,temporal,EXHAUSTIVE,READY_TEMPORAL,2018 | 2019 | 2020 | 2021 | 2022 | 2023 | 2024 | 2025,2018 | 2019 | 2020 | 2021 | 2022 | 2023 | 2024 | 2025,NOT_SPECIFIED,MANUAL_AUDIT_AUTO_NONCONFORMING,MANUAL_ADJUDICATED,2018 | 2019 | 2020 | 2021 | 2022 | 2023 | 2024 | 2025,2018 | 2019 | 2020 | 2021 | 2022 | 2023 | 2024 | 2025,NORMALIZED_EQUIVALENT,CONFORMING,,,Resultado atualizado após auditoria manual cega de B-A.,YES,B_B_NORMALIZATION_V1,,,,V7_TEMPORAL_NUMERIC
LC_032_R04.png,LC,LC_032,4,9,VQL,Y,numeric,EXHAUSTIVE,READY_RANGE_STEP,0M | 100M | 200M | 300M | 400M | 500M | 600M,0 | 100000000 | 200000000 | 300000000 | 400000000 | 500000000 | 600000000,NOT_SPECIFIED,MANUAL_ADJUDICATED,MANUAL_ADJUDICATED,0M | 100M | 200M | 300M | 400M | 500M | 600M,0 | 100000000 | 200000000 | 300000000 | 400000000 | 500000000 | 600000000,NORMALIZED_EQUIVALENT,CONFORMING,,,Conteúdo observado coincide com F após normalização congelada.,YES,B_B_NORMALIZATION_V1,,,,V7_TEMPORAL_NUMERIC
LC_032_R05.png,LC,LC_032,5,9,VQL,X,temporal,EXHAUSTIVE,READY_TEMPORAL,2018 | 2019 | 2020 | 2021 | 2022 | 2023 | 2024 | 2025,2018 | 2019 | 2020 | 2021 | 2022 | 2023 | 2024 | 2025,NOT_SPECIFIED,MANUAL_AUDIT_AUTO_NONCONFORMING,MANUAL_ADJUDICATED,2018 | 2019 | 2020 | 2021 | 2022 | 2023 | 2024 | 2025,2018 | 2019 | 2020 | 2021 | 2022 | 2023 | 2024 | 2025,NORMALIZED_EQUIVALENT,CONFORMING,,,Resultado atualizado após auditoria manual cega de B-A.,YES,B_B_NORMALIZATION_V1,,,,V7_TEMPORAL_NUMERIC
LC_032_R05.png,LC,LC_032,5,9,VQL,Y,numeric,EXHAUSTIVE,READY_RANGE_STEP,0M | 100M | 200M | 300M | 400M | 500M | 600M,0 | 100000000 | 200000000 | 300000000 | 400000000 | 500000000 | 600000000,NOT_SPECIFIED,MANUAL_ADJUDICATED,MANUAL_ADJUDICATED,0M | 100M | 200M | 300M | 400M | 500M | 600M,0 | 100000000 | 200000000 | 300000000 | 400000000 | 500000000 | 600000000,NORMALIZED_EQUIVALENT,CONFORMING,,,Conteúdo observado coincide com F após normalização congelada.,YES,B_B_NORMALIZATION_V1,,,,V7_TEMPORAL_NUMERIC
LC_032_R06.png,LC,LC_032,6,9,VQL,X,temporal,EXHAUSTIVE,READY_TEMPORAL,2018 | 2019 | 2020 | 2021 | 2022 | 2023 | 2024 | 2025,2018 | 2019 | 2020 | 2021 | 2022 | 2023 | 2024 | 2025,NOT_SPECIFIED,MANUAL_AUDIT_AUTO_NONCONFORMING,MANUAL_ADJUDICATED,2018 | 2019 | 2020 | 2021 | 2022 | 2023 | 2024 | 2025,2018 | 2019 | 2020 | 2021 | 2022 | 2023 | 2024 | 2025,NORMALIZED_EQUIVALENT,CONFORMING,,,Resultado atualizado após auditoria manual cega de B-A.,YES,B_B_NORMALIZATION_V1,,,,V7_TEMPORAL_NUMERIC
LC_032_R06.png,LC,LC_032,6,9,VQL,Y,numeric,EXHAUSTIVE,READY_RANGE_STEP,0M | 100M | 200M | 300M | 400M | 500M | 600M,0 | 100000000 | 200000000 | 300000000 | 400000000 | 500000000 | 600000000,NOT_SPECIFIED,MANUAL_ADJUDICATED,MANUAL_ADJUDICATED,0M | 100M | 200M | 300M | 400M | 500M | 600M,0 | 100000000 | 200000000 | 300000000 | 400000000 | 500000000 | 600000000,NORMALIZED_EQUIVALENT,CONFORMING,,,Conteúdo observado coincide com F após normalização congelada.,YES,B_B_NORMALIZATION_V1,,,,V7_TEMPORAL_NUMERIC
LC_032_R07.png,LC,LC_032,7,9,VQL,X,temporal,EXHAUSTIVE,READY_TEMPORAL,2018 | 2019 | 2020 | 2021 | 2022 | 2023 | 2024 | 2025,2018 | 2019 | 2020 | 2021 | 2022 | 2023 | 2024 | 2025,NOT_SPECIFIED,MANUAL_AUDIT_AUTO_NONCONFORMING,MANUAL_ADJUDICATED,2018 | 2019 | 2020 | 2021 | 2022 | 2023 | 2024 | 2025,2018 | 2019 | 2020 | 2021 | 2022 | 2023 | 2024 | 2025,NORMALIZED_EQUIVALENT,CONFORMING,,,Resultado atualizado após auditoria manual cega de B-A.,YES,B_B_NORMALIZATION_V1,,,,V7_TEMPORAL_NUMERIC
LC_032_R07.png,LC,LC_032,7,9,VQL,Y,numeric,EXHAUSTIVE,READY_RANGE_STEP,0M | 100M | 200M | 300M | 400M | 500M | 600M,0 | 100000000 | 200000000 | 300000000 | 400000000 | 500000000 | 600000000,NOT_SPECIFIED,MANUAL_ADJUDICATED,MANUAL_ADJUDICATED,0M | 100M | 200M | 300M | 400M | 500M | 600M,0 | 100000000 | 200000000 | 300000000 | 400000000 | 500000000 | 600000000,NORMALIZED_EQUIVALENT,CONFORMING,,,Conteúdo observado coincide com F após normalização congelada.,YES,B_B_NORMALIZATION_V1,,,,V7_TEMPORAL_NUMERIC
LC_032_R08.png,LC,LC_032,8,9,VQL,X,temporal,EXHAUSTIVE,READY_TEMPORAL,2018 | 2019 | 2020 | 2021 | 2022 | 2023 | 2024 | 2025,2018 | 2019 | 2020 | 2021 | 2022 | 2023 | 2024 | 2025,NOT_SPECIFIED,MANUAL_AUDIT_AUTO_NONCONFORMING,MANUAL_ADJUDICATED,2018 | 2019 | 2020 | 2021 | 2022 | 2023 | 2024 | 2025,2018 | 2019 | 2020 | 2021 | 2022 | 2023 | 2024 | 2025,NORMALIZED_EQUIVALENT,CONFORMING,,,Resultado atualizado após auditoria manual cega de B-A.,YES,B_B_NORMALIZATION_V1,,,,V7_TEMPORAL_NUMERIC
LC_032_R08.png,LC,LC_032,8,9,VQL,Y,numeric,EXHAUSTIVE,READY_RANGE_STEP,0M | 100M | 200M | 300M | 400M | 500M | 600M,0 | 100000000 | 200000000 | 300000000 | 400000000 | 500000000 | 600000000,NOT_SPECIFIED,MANUAL_ADJUDICATED,MANUAL_ADJUDICATED,0M | 100M | 200M | 300M | 400M | 500M | 600M,0 | 100000000 | 200000000 | 300000000 | 400000000 | 500000000 | 600000000,NORMALIZED_EQUIVALENT,CONFORMING,,,Conteúdo observado coincide com F após normalização congelada.,YES,B_B_NORMALIZATION_V1,,,,V7_TEMPORAL_NUMERIC
LC_032_R09.png,LC,LC_032,9,9,VQL,X,temporal,EXHAUSTIVE,READY_TEMPORAL,2018 | 2019 | 2020 | 2021 | 2022 | 2023 | 2024 | 2025,2018 | 2019 | 2020 | 2021 | 2022 | 2023 | 2024 | 2025,NOT_SPECIFIED,MANUAL_AUDIT_AUTO_NONCONFORMING,MANUAL_ADJUDICATED,2018 | 2019 | 2020 | 2021 | 2022 | 2023 | 2024 | 2025,2018 | 2019 | 2020 | 2021 | 2022 | 2023 | 2024 | 2025,NORMALIZED_EQUIVALENT,CONFORMING,,,Resultado atualizado após auditoria manual cega de B-A.,YES,B_B_NORMALIZATION_V1,,,,V7_TEMPORAL_NUMERIC
LC_032_R09.png,LC,LC_032,9,9,VQL,Y,numeric,EXHAUSTIVE,READY_RANGE_STEP,0M | 100M | 200M | 300M | 400M | 500M | 600M,0 | 100000000 | 200000000 | 300000000 | 400000000 | 500000000 | 600000000,NOT_SPECIFIED,MANUAL_ADJUDICATED,MANUAL_ADJUDICATED,0M | 100M | 200M | 300M | 400M | 500M | 600M,0 | 100000000 | 200000000 | 300000000 | 400000000 | 500000000 | 600000000,NORMALIZED_EQUIVALENT,CONFORMING,,,Conteúdo observado coincide com F após normalização congelada.,YES,B_B_NORMALIZATION_V1,,,,V7_TEMPORAL_NUMERIC
LC_032_R10.png,LC,LC_032,10,9,VQL,X,temporal,EXHAUSTIVE,READY_TEMPORAL,2018 | 2019 | 2020 | 2021 | 2022 | 2023 | 2024 | 2025,2018 | 2019 | 2020 | 2021 | 2022 | 2023 | 2024 | 2025,NOT_SPECIFIED,MANUAL_AUDIT_AUTO_NONCONFORMING,MANUAL_ADJUDICATED,2018 | 2019 | 2020 | 2021 | 2022 | 2023 | 2024 | 2025,2018 | 2019 | 2020 | 2021 | 2022 | 2023 | 2024 | 2025,NORMALIZED_EQUIVALENT,CONFORMING,,,Resultado atualizado após auditoria manual cega de B-A.,YES,B_B_NORMALIZATION_V1,,,,V7_TEMPORAL_NUMERIC
LC_032_R10.png,LC,LC_032,10,9,VQL,Y,numeric,EXHAUSTIVE,READY_RANGE_STEP,0M | 100M | 200M | 300M | 400M | 500M | 600M,0 | 100000000 | 200000000 | 300000000 | 400000000 | 500000000 | 600000000,NOT_SPECIFIED,MANUAL_ADJUDICATED,MANUAL_ADJUDICATED,0M | 100M | 200M | 300M | 400M | 500M | 600M,0 | 100000000 | 200000000 | 300000000 | 400000000 | 500000000 | 600000000,NORMALIZED_EQUIVALENT,CONFORMING,,,Conteúdo observado coincide com F após normalização congelada.,YES,B_B_NORMALIZATION_V1,,,,V7_TEMPORAL_NUMERIC
LC_033_R01.png,LC,LC_033,1,10,VQL,X,temporal,EXHAUSTIVE,READY_TEMPORAL,2018 | 2019 | 2020 | 2021 | 2022 | 2023 | 2024 | 2025,2018 | 2019 | 2020 | 2021 | 2022 | 2023 | 2024 | 2025,NOT_SPECIFIED,AUTO_VALIDATED_FROZEN_GATE,AUTO_VALIDATED,2018|2019|2020|2021|2022|2023|2024|2025,2018 | 2019 | 2020 | 2021 | 2022 | 2023 | 2024 | 2025,NORMALIZED_EQUIVALENT,CONFORMING,,,Conteúdo observado coincide com F após normalização congelada.,YES,B_B_NORMALIZATION_V1,,,,V7_TEMPORAL_NUMERIC
LC_033_R02.png,LC,LC_033,2,10,VQL,X,temporal,EXHAUSTIVE,READY_TEMPORAL,2018 | 2019 | 2020 | 2021 | 2022 | 2023 | 2024 | 2025,2018 | 2019 | 2020 | 2021 | 2022 | 2023 | 2024 | 2025,NOT_SPECIFIED,AUTO_VALIDATED_FROZEN_GATE,AUTO_VALIDATED,2018|2019|2020|2021|2022|2023|2024|2025,2018 | 2019 | 2020 | 2021 | 2022 | 2023 | 2024 | 2025,NORMALIZED_EQUIVALENT,CONFORMING,,,Conteúdo observado coincide com F após normalização congelada.,YES,B_B_NORMALIZATION_V1,,,,V7_TEMPORAL_NUMERIC
LC_033_R03.png,LC,LC_033,3,10,VQL,X,temporal,EXHAUSTIVE,READY_TEMPORAL,2018 | 2019 | 2020 | 2021 | 2022 | 2023 | 2024 | 2025,2018 | 2019 | 2020 | 2021 | 2022 | 2023 | 2024 | 2025,NOT_SPECIFIED,AUTO_VALIDATED_FROZEN_GATE,AUTO_VALIDATED,2018|2019|2020|2021|2022|2023|2024|2025,2018 | 2019 | 2020 | 2021 | 2022 | 2023 | 2024 | 2025,NORMALIZED_EQUIVALENT,CONFORMING,,,Conteúdo observado coincide com F após normalização congelada.,YES,B_B_NORMALIZATION_V1,,,,V7_TEMPORAL_NUMERIC
LC_033_R04.png,LC,LC_033,4,10,VQL,X,temporal,EXHAUSTIVE,READY_TEMPORAL,2018 | 2019 | 2020 | 2021 | 2022 | 2023 | 2024 | 2025,2018 | 2019 | 2020 | 2021 | 2022 | 2023 | 2024 | 2025,NOT_SPECIFIED,AUTO_VALIDATED_FROZEN_GATE,AUTO_VALIDATED,2018|2019|2020|2021|2022|2023|2024|2025,2018 | 2019 | 2020 | 2021 | 2022 | 2023 | 2024 | 2025,NORMALIZED_EQUIVALENT,CONFORMING,,,Conteúdo observado coincide com F após normalização congelada.,YES,B_B_NORMALIZATION_V1,,,,V7_TEMPORAL_NUMERIC
LC_033_R05.png,LC,LC_033,5,10,VQL,X,temporal,EXHAUSTIVE,READY_TEMPORAL,2018 | 2019 | 2020 | 2021 | 2022 | 2023 | 2024 | 2025,2018 | 2019 | 2020 | 2021 | 2022 | 2023 | 2024 | 2025,NOT_SPECIFIED,AUTO_VALIDATED_FROZEN_GATE,AUTO_VALIDATED,2018|2019|2020|2021|2022|2023|2024|2025,2018 | 2019 | 2020 | 2021 | 2022 | 2023 | 2024 | 2025,NORMALIZED_EQUIVALENT,CONFORMING,,,Conteúdo observado coincide com F após normalização congelada.,YES,B_B_NORMALIZATION_V1,,,,V7_TEMPORAL_NUMERIC
LC_033_R06.png,LC,LC_033,6,10,VQL,X,temporal,EXHAUSTIVE,READY_TEMPORAL,2018 | 2019 | 2020 | 2021 | 2022 | 2023 | 2024 | 2025,2018 | 2019 | 2020 | 2021 | 2022 | 2023 | 2024 | 2025,NOT_SPECIFIED,AUTO_VALIDATED_FROZEN_GATE,AUTO_VALIDATED,2018|2019|2020|2021|2022|2023|2024|2025,2018 | 2019 | 2020 | 2021 | 2022 | 2023 | 2024 | 2025,NORMALIZED_EQUIVALENT,CONFORMING,,,Conteúdo observado coincide com F após normalização congelada.,YES,B_B_NORMALIZATION_V1,,,,V7_TEMPORAL_NUMERIC
LC_033_R07.png,LC,LC_033,7,10,VQL,X,temporal,EXHAUSTIVE,READY_TEMPORAL,2018 | 2019 | 2020 | 2021 | 2022 | 2023 | 2024 | 2025,2018 | 2019 | 2020 | 2021 | 2022 | 2023 | 2024 | 2025,NOT_SPECIFIED,AUTO_VALIDATED_FROZEN_GATE,AUTO_VALIDATED,2018|2019|2020|2021|2022|2023|2024|2025,2018 | 2019 | 2020 | 2021 | 2022 | 2023 | 2024 | 2025,NORMALIZED_EQUIVALENT,CONFORMING,,,Conteúdo observado coincide com F após normalização congelada.,YES,B_B_NORMALIZATION_V1,,,,V7_TEMPORAL_NUMERIC
LC_033_R08.png,LC,LC_033,8,10,VQL,X,temporal,EXHAUSTIVE,READY_TEMPORAL,2018 | 2019 | 2020 | 2021 | 2022 | 2023 | 2024 | 2025,2018 | 2019 | 2020 | 2021 | 2022 | 2023 | 2024 | 2025,NOT_SPECIFIED,AUTO_VALIDATED_FROZEN_GATE,AUTO_VALIDATED,2018|2019|2020|2021|2022|2023|2024|2025,2018 | 2019 | 2020 | 2021 | 2022 | 2023 | 2024 | 2025,NORMALIZED_EQUIVALENT,CONFORMING,,,Conteúdo observado coincide com F após normalização congelada.,YES,B_B_NORMALIZATION_V1,,,,V7_TEMPORAL_NUMERIC
LC_033_R09.png,LC,LC_033,9,10,VQL,X,temporal,EXHAUSTIVE,READY_TEMPORAL,2018 | 2019 | 2020 | 2021 | 2022 | 2023 | 2024 | 2025,2018 | 2019 | 2020 | 2021 | 2022 | 2023 | 2024 | 2025,NOT_SPECIFIED,AUTO_VALIDATED_FROZEN_GATE,AUTO_VALIDATED,2018|2019|2020|2021|2022|2023|2024|2025,2018 | 2019 | 2020 | 2021 | 2022 | 2023 | 2024 | 2025,NORMALIZED_EQUIVALENT,CONFORMING,,,Conteúdo observado coincide com F após normalização congelada.,YES,B_B_NORMALIZATION_V1,,,,V7_TEMPORAL_NUMERIC
LC_033_R10.png,LC,LC_033,10,10,VQL,X,temporal,EXHAUSTIVE,READY_TEMPORAL,2018 | 2019 | 2020 | 2021 | 2022 | 2023 | 2024 | 2025,2018 | 2019 | 2020 | 2021 | 2022 | 2023 | 2024 | 2025,NOT_SPECIFIED,AUTO_VALIDATED_FROZEN_GATE,AUTO_VALIDATED,2018|2019|2020|2021|2022|2023|2024|2025,2018 | 2019 | 2020 | 2021 | 2022 | 2023 | 2024 | 2025,NORMALIZED_EQUIVALENT,CONFORMING,,,Conteúdo observado coincide com F após normalização congelada.,YES,B_B_NORMALIZATION_V1,,,,V7_TEMPORAL_NUMERIC
LC_036_R01.png,LC,LC_036,1,13,VQL,X,temporal,EXHAUSTIVE,READY_TEMPORAL,2018 | 2019 | 2020 | 2021 | 2022 | 2023 | 2024 | 2025,2018 | 2019 | 2020 | 2021 | 2022 | 2023 | 2024 | 2025,NOT_SPECIFIED,AUTO_VALIDATED_FROZEN_GATE,AUTO_VALIDATED,2018|2019|2020|2021|2022|2023|2024|2025,2018 | 2019 | 2020 | 2021 | 2022 | 2023 | 2024 | 2025,NORMALIZED_EQUIVALENT,CONFORMING,,,Conteúdo observado coincide com F após normalização congelada.,YES,B_B_NORMALIZATION_V1,,,,V7_TEMPORAL_NUMERIC
LC_036_R01.png,LC,LC_036,1,13,VQL,Y,numeric,EXHAUSTIVE,READY_EXPLICIT_LIST,0 | 100M | 200M | 300M | 400M | 500M | 600M,0 | 100000000 | 200000000 | 300000000 | 400000000 | 500000000 | 600000000,NOT_SPECIFIED,MANUAL_ADJUDICATED,MANUAL_ADJUDICATED,0M | 100M | 200M | 300M | 400M | 500M | 600M,0 | 100000000 | 200000000 | 300000000 | 400000000 | 500000000 | 600000000,NORMALIZED_EQUIVALENT,CONFORMING,,,Conteúdo observado coincide com F após normalização congelada.,YES,B_B_NORMALIZATION_V1,,,,V7_TEMPORAL_NUMERIC
LC_036_R02.png,LC,LC_036,2,13,VQL,X,temporal,EXHAUSTIVE,READY_TEMPORAL,2018 | 2019 | 2020 | 2021 | 2022 | 2023 | 2024 | 2025,2018 | 2019 | 2020 | 2021 | 2022 | 2023 | 2024 | 2025,NOT_SPECIFIED,AUTO_VALIDATED_FROZEN_GATE,AUTO_VALIDATED,2018|2019|2020|2021|2022|2023|2024|2025,2018 | 2019 | 2020 | 2021 | 2022 | 2023 | 2024 | 2025,NORMALIZED_EQUIVALENT,CONFORMING,,,Conteúdo observado coincide com F após normalização congelada.,YES,B_B_NORMALIZATION_V1,,,,V7_TEMPORAL_NUMERIC
LC_036_R02.png,LC,LC_036,2,13,VQL,Y,numeric,EXHAUSTIVE,READY_EXPLICIT_LIST,0 | 100M | 200M | 300M | 400M | 500M | 600M,0 | 100000000 | 200000000 | 300000000 | 400000000 | 500000000 | 600000000,NOT_SPECIFIED,AUTO_VALIDATED_FROZEN_GATE,AUTO_VALIDATED,0|1e+08|2e+08|3e+08|4e+08|5e+08|6e+08,0 | 100000000 | 200000000 | 300000000 | 400000000 | 500000000 | 600000000,NORMALIZED_EQUIVALENT,CONFORMING,,,Conteúdo observado coincide com F após normalização congelada.,YES,B_B_NORMALIZATION_V1,,,,V7_TEMPORAL_NUMERIC
LC_036_R03.png,LC,LC_036,3,13,VQL,X,temporal,EXHAUSTIVE,READY_TEMPORAL,2018 | 2019 | 2020 | 2021 | 2022 | 2023 | 2024 | 2025,2018 | 2019 | 2020 | 2021 | 2022 | 2023 | 2024 | 2025,NOT_SPECIFIED,AUTO_VALIDATED_FROZEN_GATE,AUTO_VALIDATED,2018|2019|2020|2021|2022|2023|2024|2025,2018 | 2019 | 2020 | 2021 | 2022 | 2023 | 2024 | 2025,NORMALIZED_EQUIVALENT,CONFORMING,,,Conteúdo observado coincide com F após normalização congelada.,YES,B_B_NORMALIZATION_V1,,,,V7_TEMPORAL_NUMERIC
LC_036_R03.png,LC,LC_036,3,13,VQL,Y,numeric,EXHAUSTIVE,READY_EXPLICIT_LIST,0 | 100M | 200M | 300M | 400M | 500M | 600M,0 | 100000000 | 200000000 | 300000000 | 400000000 | 500000000 | 600000000,NOT_SPECIFIED,AUTO_VALIDATED_FROZEN_GATE,AUTO_VALIDATED,0|1e+08|2e+08|3e+08|4e+08|5e+08|6e+08,0 | 100000000 | 200000000 | 300000000 | 400000000 | 500000000 | 600000000,NORMALIZED_EQUIVALENT,CONFORMING,,,Conteúdo observado coincide com F após normalização congelada.,YES,B_B_NORMALIZATION_V1,,,,V7_TEMPORAL_NUMERIC
LC_036_R04.png,LC,LC_036,4,13,VQL,X,temporal,EXHAUSTIVE,READY_TEMPORAL,2018 | 2019 | 2020 | 2021 | 2022 | 2023 | 2024 | 2025,2018 | 2019 | 2020 | 2021 | 2022 | 2023 | 2024 | 2025,NOT_SPECIFIED,AUTO_VALIDATED_FROZEN_GATE,AUTO_VALIDATED,2018|2019|2020|2021|2022|2023|2024|2025,2018 | 2019 | 2020 | 2021 | 2022 | 2023 | 2024 | 2025,NORMALIZED_EQUIVALENT,CONFORMING,,,Conteúdo observado coincide com F após normalização congelada.,YES,B_B_NORMALIZATION_V1,,,,V7_TEMPORAL_NUMERIC
LC_036_R04.png,LC,LC_036,4,13,VQL,Y,numeric,EXHAUSTIVE,READY_EXPLICIT_LIST,0 | 100M | 200M | 300M | 400M | 500M | 600M,0 | 100000000 | 200000000 | 300000000 | 400000000 | 500000000 | 600000000,NOT_SPECIFIED,AUTO_VALIDATED_FROZEN_GATE,AUTO_VALIDATED,0|1e+08|2e+08|3e+08|4e+08|5e+08|6e+08,0 | 100000000 | 200000000 | 300000000 | 400000000 | 500000000 | 600000000,NORMALIZED_EQUIVALENT,CONFORMING,,,Conteúdo observado coincide com F após normalização congelada.,YES,B_B_NORMALIZATION_V1,,,,V7_TEMPORAL_NUMERIC
LC_036_R05.png,LC,LC_036,5,13,VQL,X,temporal,EXHAUSTIVE,READY_TEMPORAL,2018 | 2019 | 2020 | 2021 | 2022 | 2023 | 2024 | 2025,2018 | 2019 | 2020 | 2021 | 2022 | 2023 | 2024 | 2025,NOT_SPECIFIED,AUTO_VALIDATED_FROZEN_GATE,AUTO_VALIDATED,2018|2019|2020|2021|2022|2023|2024|2025,2018 | 2019 | 2020 | 2021 | 2022 | 2023 | 2024 | 2025,NORMALIZED_EQUIVALENT,CONFORMING,,,Conteúdo observado coincide com F após normalização congelada.,YES,B_B_NORMALIZATION_V1,,,,V7_TEMPORAL_NUMERIC
LC_036_R05.png,LC,LC_036,5,13,VQL,Y,numeric,EXHAUSTIVE,READY_EXPLICIT_LIST,0 | 100M | 200M | 300M | 400M | 500M | 600M,0 | 100000000 | 200000000 | 300000000 | 400000000 | 500000000 | 600000000,NOT_SPECIFIED,AUTO_VALIDATED_FROZEN_GATE,AUTO_VALIDATED,0|1e+08|2e+08|3e+08|4e+08|5e+08|6e+08,0 | 100000000 | 200000000 | 300000000 | 400000000 | 500000000 | 600000000,NORMALIZED_EQUIVALENT,CONFORMING,,,Conteúdo observado coincide com F após normalização congelada.,YES,B_B_NORMALIZATION_V1,,,,V7_TEMPORAL_NUMERIC
LC_036_R06.png,LC,LC_036,6,13,VQL,X,temporal,EXHAUSTIVE,READY_TEMPORAL,2018 | 2019 | 2020 | 2021 | 2022 | 2023 | 2024 | 2025,2018 | 2019 | 2020 | 2021 | 2022 | 2023 | 2024 | 2025,NOT_SPECIFIED,AUTO_VALIDATED_FROZEN_GATE,AUTO_VALIDATED,2018|2019|2020|2021|2022|2023|2024|2025,2018 | 2019 | 2020 | 2021 | 2022 | 2023 | 2024 | 2025,NORMALIZED_EQUIVALENT,CONFORMING,,,Conteúdo observado coincide com F após normalização congelada.,YES,B_B_NORMALIZATION_V1,,,,V7_TEMPORAL_NUMERIC
LC_036_R06.png,LC,LC_036,6,13,VQL,Y,numeric,EXHAUSTIVE,READY_EXPLICIT_LIST,0 | 100M | 200M | 300M | 400M | 500M | 600M,0 | 100000000 | 200000000 | 300000000 | 400000000 | 500000000 | 600000000,NOT_SPECIFIED,AUTO_VALIDATED_FROZEN_GATE,AUTO_VALIDATED,0|1e+08|2e+08|3e+08|4e+08|5e+08|6e+08,0 | 100000000 | 200000000 | 300000000 | 400000000 | 500000000 | 600000000,NORMALIZED_EQUIVALENT,CONFORMING,,,Conteúdo observado coincide com F após normalização congelada.,YES,B_B_NORMALIZATION_V1,,,,V7_TEMPORAL_NUMERIC
LC_036_R07.png,LC,LC_036,7,13,VQL,X,temporal,EXHAUSTIVE,READY_TEMPORAL,2018 | 2019 | 2020 | 2021 | 2022 | 2023 | 2024 | 2025,2018 | 2019 | 2020 | 2021 | 2022 | 2023 | 2024 | 2025,NOT_SPECIFIED,AUTO_VALIDATED_FROZEN_GATE,AUTO_VALIDATED,2018|2019|2020|2021|2022|2023|2024|2025,2018 | 2019 | 2020 | 2021 | 2022 | 2023 | 2024 | 2025,NORMALIZED_EQUIVALENT,CONFORMING,,,Conteúdo observado coincide com F após normalização congelada.,YES,B_B_NORMALIZATION_V1,,,,V7_TEMPORAL_NUMERIC
LC_036_R07.png,LC,LC_036,7,13,VQL,Y,numeric,EXHAUSTIVE,READY_EXPLICIT_LIST,0 | 100M | 200M | 300M | 400M | 500M | 600M,0 | 100000000 | 200000000 | 300000000 | 400000000 | 500000000 | 600000000,NOT_SPECIFIED,AUTO_VALIDATED_FROZEN_GATE,AUTO_VALIDATED,0|1e+08|2e+08|3e+08|4e+08|5e+08|6e+08,0 | 100000000 | 200000000 | 300000000 | 400000000 | 500000000 | 600000000,NORMALIZED_EQUIVALENT,CONFORMING,,,Conteúdo observado coincide com F após normalização congelada.,YES,B_B_NORMALIZATION_V1,,,,V7_TEMPORAL_NUMERIC
LC_036_R08.png,LC,LC_036,8,13,VQL,X,temporal,EXHAUSTIVE,READY_TEMPORAL,2018 | 2019 | 2020 | 2021 | 2022 | 2023 | 2024 | 2025,2018 | 2019 | 2020 | 2021 | 2022 | 2023 | 2024 | 2025,NOT_SPECIFIED,AUTO_VALIDATED_FROZEN_GATE,AUTO_VALIDATED,2018|2019|2020|2021|2022|2023|2024|2025,2018 | 2019 | 2020 | 2021 | 2022 | 2023 | 2024 | 2025,NORMALIZED_EQUIVALENT,CONFORMING,,,Conteúdo observado coincide com F após normalização congelada.,YES,B_B_NORMALIZATION_V1,,,,V7_TEMPORAL_NUMERIC
LC_036_R08.png,LC,LC_036,8,13,VQL,Y,numeric,EXHAUSTIVE,READY_EXPLICIT_LIST,0 | 100M | 200M | 300M | 400M | 500M | 600M,0 | 100000000 | 200000000 | 300000000 | 400000000 | 500000000 | 600000000,NOT_SPECIFIED,AUTO_VALIDATED_FROZEN_GATE,AUTO_VALIDATED,0|1e+08|2e+08|3e+08|4e+08|5e+08|6e+08,0 | 100000000 | 200000000 | 300000000 | 400000000 | 500000000 | 600000000,NORMALIZED_EQUIVALENT,CONFORMING,,,Conteúdo observado coincide com F após normalização congelada.,YES,B_B_NORMALIZATION_V1,,,,V7_TEMPORAL_NUMERIC
LC_036_R09.png,LC,LC_036,9,13,VQL,X,temporal,EXHAUSTIVE,READY_TEMPORAL,2018 | 2019 | 2020 | 2021 | 2022 | 2023 | 2024 | 2025,2018 | 2019 | 2020 | 2021 | 2022 | 2023 | 2024 | 2025,NOT_SPECIFIED,AUTO_VALIDATED_FROZEN_GATE,AUTO_VALIDATED,2018|2019|2020|2021|2022|2023|2024|2025,2018 | 2019 | 2020 | 2021 | 2022 | 2023 | 2024 | 2025,NORMALIZED_EQUIVALENT,CONFORMING,,,Conteúdo observado coincide com F após normalização congelada.,YES,B_B_NORMALIZATION_V1,,,,V7_TEMPORAL_NUMERIC
LC_036_R09.png,LC,LC_036,9,13,VQL,Y,numeric,EXHAUSTIVE,READY_EXPLICIT_LIST,0 | 100M | 200M | 300M | 400M | 500M | 600M,0 | 100000000 | 200000000 | 300000000 | 400000000 | 500000000 | 600000000,NOT_SPECIFIED,AUTO_VALIDATED_FROZEN_GATE,AUTO_VALIDATED,0|1e+08|2e+08|3e+08|4e+08|5e+08|6e+08,0 | 100000000 | 200000000 | 300000000 | 400000000 | 500000000 | 600000000,NORMALIZED_EQUIVALENT,CONFORMING,,,Conteúdo observado coincide com F após normalização congelada.,YES,B_B_NORMALIZATION_V1,,,,V7_TEMPORAL_NUMERIC
LC_036_R10.png,LC,LC_036,10,13,VQL,X,temporal,EXHAUSTIVE,READY_TEMPORAL,2018 | 2019 | 2020 | 2021 | 2022 | 2023 | 2024 | 2025,2018 | 2019 | 2020 | 2021 | 2022 | 2023 | 2024 | 2025,NOT_SPECIFIED,AUTO_VALIDATED_FROZEN_GATE,AUTO_VALIDATED,2018|2019|2020|2021|2022|2023|2024|2025,2018 | 2019 | 2020 | 2021 | 2022 | 2023 | 2024 | 2025,NORMALIZED_EQUIVALENT,CONFORMING,,,Conteúdo observado coincide com F após normalização congelada.,YES,B_B_NORMALIZATION_V1,,,,V7_TEMPORAL_NUMERIC
LC_036_R10.png,LC,LC_036,10,13,VQL,Y,numeric,EXHAUSTIVE,READY_EXPLICIT_LIST,0 | 100M | 200M | 300M | 400M | 500M | 600M,0 | 100000000 | 200000000 | 300000000 | 400000000 | 500000000 | 600000000,NOT_SPECIFIED,AUTO_VALIDATED_FROZEN_GATE,AUTO_VALIDATED,0|1e+08|2e+08|3e+08|4e+08|5e+08|6e+08,0 | 100000000 | 200000000 | 300000000 | 400000000 | 500000000 | 600000000,NORMALIZED_EQUIVALENT,CONFORMING,,,Conteúdo observado coincide com F após normalização congelada.,YES,B_B_NORMALIZATION_V1,,,,V7_TEMPORAL_NUMERIC
LC_037_R01.png,LC,LC_037,1,14,VQL,X,temporal,EXHAUSTIVE,READY_TEMPORAL,2018 | 2019 | 2020 | 2021 | 2022 | 2023 | 2024 | 2025,2018 | 2019 | 2020 | 2021 | 2022 | 2023 | 2024 | 2025,NOT_SPECIFIED,AUTO_VALIDATED_FROZEN_GATE,AUTO_VALIDATED,2018|2019|2020|2021|2022|2023|2024|2025,2018 | 2019 | 2020 | 2021 | 2022 | 2023 | 2024 | 2025,NORMALIZED_EQUIVALENT,CONFORMING,,,Conteúdo observado coincide com F após normalização congelada.,YES,B_B_NORMALIZATION_V1,,,,V7_TEMPORAL_NUMERIC
LC_037_R02.png,LC,LC_037,2,14,VQL,X,temporal,EXHAUSTIVE,READY_TEMPORAL,2018 | 2019 | 2020 | 2021 | 2022 | 2023 | 2024 | 2025,2018 | 2019 | 2020 | 2021 | 2022 | 2023 | 2024 | 2025,NOT_SPECIFIED,AUTO_VALIDATED_FROZEN_GATE,AUTO_VALIDATED,2018|2019|2020|2021|2022|2023|2024|2025,2018 | 2019 | 2020 | 2021 | 2022 | 2023 | 2024 | 2025,NORMALIZED_EQUIVALENT,CONFORMING,,,Conteúdo observado coincide com F após normalização congelada.,YES,B_B_NORMALIZATION_V1,,,,V7_TEMPORAL_NUMERIC
LC_037_R03.png,LC,LC_037,3,14,VQL,X,temporal,EXHAUSTIVE,READY_TEMPORAL,2018 | 2019 | 2020 | 2021 | 2022 | 2023 | 2024 | 2025,2018 | 2019 | 2020 | 2021 | 2022 | 2023 | 2024 | 2025,NOT_SPECIFIED,AUTO_VALIDATED_FROZEN_GATE,AUTO_VALIDATED,2018|2019|2020|2021|2022|2023|2024|2025,2018 | 2019 | 2020 | 2021 | 2022 | 2023 | 2024 | 2025,NORMALIZED_EQUIVALENT,CONFORMING,,,Conteúdo observado coincide com F após normalização congelada.,YES,B_B_NORMALIZATION_V1,,,,V7_TEMPORAL_NUMERIC
LC_037_R04.png,LC,LC_037,4,14,VQL,X,temporal,EXHAUSTIVE,READY_TEMPORAL,2018 | 2019 | 2020 | 2021 | 2022 | 2023 | 2024 | 2025,2018 | 2019 | 2020 | 2021 | 2022 | 2023 | 2024 | 2025,NOT_SPECIFIED,AUTO_VALIDATED_FROZEN_GATE,AUTO_VALIDATED,2018|2019|2020|2021|2022|2023|2024|2025,2018 | 2019 | 2020 | 2021 | 2022 | 2023 | 2024 | 2025,NORMALIZED_EQUIVALENT,CONFORMING,,,Conteúdo observado coincide com F após normalização congelada.,YES,B_B_NORMALIZATION_V1,,,,V7_TEMPORAL_NUMERIC
LC_037_R05.png,LC,LC_037,5,14,VQL,X,temporal,EXHAUSTIVE,READY_TEMPORAL,2018 | 2019 | 2020 | 2021 | 2022 | 2023 | 2024 | 2025,2018 | 2019 | 2020 | 2021 | 2022 | 2023 | 2024 | 2025,NOT_SPECIFIED,AUTO_VALIDATED_FROZEN_GATE,AUTO_VALIDATED,2018|2019|2020|2021|2022|2023|2024|2025,2018 | 2019 | 2020 | 2021 | 2022 | 2023 | 2024 | 2025,NORMALIZED_EQUIVALENT,CONFORMING,,,Conteúdo observado coincide com F após normalização congelada.,YES,B_B_NORMALIZATION_V1,,,,V7_TEMPORAL_NUMERIC
LC_037_R06.png,LC,LC_037,6,14,VQL,X,temporal,EXHAUSTIVE,READY_TEMPORAL,2018 | 2019 | 2020 | 2021 | 2022 | 2023 | 2024 | 2025,2018 | 2019 | 2020 | 2021 | 2022 | 2023 | 2024 | 2025,NOT_SPECIFIED,AUTO_VALIDATED_FROZEN_GATE,AUTO_VALIDATED,2018|2019|2020|2021|2022|2023|2024|2025,2018 | 2019 | 2020 | 2021 | 2022 | 2023 | 2024 | 2025,NORMALIZED_EQUIVALENT,CONFORMING,,,Conteúdo observado coincide com F após normalização congelada.,YES,B_B_NORMALIZATION_V1,,,,V7_TEMPORAL_NUMERIC
LC_037_R07.png,LC,LC_037,7,14,VQL,X,temporal,EXHAUSTIVE,READY_TEMPORAL,2018 | 2019 | 2020 | 2021 | 2022 | 2023 | 2024 | 2025,2018 | 2019 | 2020 | 2021 | 2022 | 2023 | 2024 | 2025,NOT_SPECIFIED,AUTO_VALIDATED_FROZEN_GATE,AUTO_VALIDATED,2018|2019|2020|2021|2022|2023|2024|2025,2018 | 2019 | 2020 | 2021 | 2022 | 2023 | 2024 | 2025,NORMALIZED_EQUIVALENT,CONFORMING,,,Conteúdo observado coincide com F após normalização congelada.,YES,B_B_NORMALIZATION_V1,,,,V7_TEMPORAL_NUMERIC
LC_037_R08.png,LC,LC_037,8,14,VQL,X,temporal,EXHAUSTIVE,READY_TEMPORAL,2018 | 2019 | 2020 | 2021 | 2022 | 2023 | 2024 | 2025,2018 | 2019 | 2020 | 2021 | 2022 | 2023 | 2024 | 2025,NOT_SPECIFIED,AUTO_VALIDATED_FROZEN_GATE,AUTO_VALIDATED,2018|2019|2020|2021|2022|2023|2024|2025,2018 | 2019 | 2020 | 2021 | 2022 | 2023 | 2024 | 2025,NORMALIZED_EQUIVALENT,CONFORMING,,,Conteúdo observado coincide com F após normalização congelada.,YES,B_B_NORMALIZATION_V1,,,,V7_TEMPORAL_NUMERIC
LC_037_R09.png,LC,LC_037,9,14,VQL,X,temporal,EXHAUSTIVE,READY_TEMPORAL,2018 | 2019 | 2020 | 2021 | 2022 | 2023 | 2024 | 2025,2018 | 2019 | 2020 | 2021 | 2022 | 2023 | 2024 | 2025,NOT_SPECIFIED,AUTO_VALIDATED_FROZEN_GATE,AUTO_VALIDATED,2018|2019|2020|2021|2022|2023|2024|2025,2018 | 2019 | 2020 | 2021 | 2022 | 2023 | 2024 | 2025,NORMALIZED_EQUIVALENT,CONFORMING,,,Conteúdo observado coincide com F após normalização congelada.,YES,B_B_NORMALIZATION_V1,,,,V7_TEMPORAL_NUMERIC
LC_037_R10.png,LC,LC_037,10,14,VQL,X,temporal,EXHAUSTIVE,READY_TEMPORAL,2018 | 2019 | 2020 | 2021 | 2022 | 2023 | 2024 | 2025,2018 | 2019 | 2020 | 2021 | 2022 | 2023 | 2024 | 2025,NOT_SPECIFIED,AUTO_VALIDATED_FROZEN_GATE,AUTO_VALIDATED,2018|2019|2020|2021|2022|2023|2024|2025,2018 | 2019 | 2020 | 2021 | 2022 | 2023 | 2024 | 2025,NORMALIZED_EQUIVALENT,CONFORMING,,,Conteúdo observado coincide com F após normalização congelada.,YES,B_B_NORMALIZATION_V1,,,,V7_TEMPORAL_NUMERIC
LC_039_R01.png,LC,LC_039,1,16,VQL,X,temporal,EXHAUSTIVE,READY_TEMPORAL,2018 | 2019 | 2020 | 2021 | 2022 | 2023 | 2024 | 2025,2018 | 2019 | 2020 | 2021 | 2022 | 2023 | 2024 | 2025,NOT_SPECIFIED,AUTO_VALIDATED_FROZEN_GATE,AUTO_VALIDATED,2018|2019|2020|2021|2022|2023|2024|2025,2018 | 2019 | 2020 | 2021 | 2022 | 2023 | 2024 | 2025,NORMALIZED_EQUIVALENT,CONFORMING,,,Conteúdo observado coincide com F após normalização congelada.,YES,B_B_NORMALIZATION_V1,,,,V7_TEMPORAL_NUMERIC
LC_039_R02.png,LC,LC_039,2,16,VQL,X,temporal,EXHAUSTIVE,READY_TEMPORAL,2018 | 2019 | 2020 | 2021 | 2022 | 2023 | 2024 | 2025,2018 | 2019 | 2020 | 2021 | 2022 | 2023 | 2024 | 2025,NOT_SPECIFIED,AUTO_VALIDATED_FROZEN_GATE,AUTO_VALIDATED,2018|2019|2020|2021|2022|2023|2024|2025,2018 | 2019 | 2020 | 2021 | 2022 | 2023 | 2024 | 2025,NORMALIZED_EQUIVALENT,CONFORMING,,,Conteúdo observado coincide com F após normalização congelada.,YES,B_B_NORMALIZATION_V1,,,,V7_TEMPORAL_NUMERIC
LC_039_R03.png,LC,LC_039,3,16,VQL,X,temporal,EXHAUSTIVE,READY_TEMPORAL,2018 | 2019 | 2020 | 2021 | 2022 | 2023 | 2024 | 2025,2018 | 2019 | 2020 | 2021 | 2022 | 2023 | 2024 | 2025,NOT_SPECIFIED,AUTO_VALIDATED_FROZEN_GATE,AUTO_VALIDATED,2018|2019|2020|2021|2022|2023|2024|2025,2018 | 2019 | 2020 | 2021 | 2022 | 2023 | 2024 | 2025,NORMALIZED_EQUIVALENT,CONFORMING,,,Conteúdo observado coincide com F após normalização congelada.,YES,B_B_NORMALIZATION_V1,,,,V7_TEMPORAL_NUMERIC
LC_039_R04.png,LC,LC_039,4,16,VQL,X,temporal,EXHAUSTIVE,READY_TEMPORAL,2018 | 2019 | 2020 | 2021 | 2022 | 2023 | 2024 | 2025,2018 | 2019 | 2020 | 2021 | 2022 | 2023 | 2024 | 2025,NOT_SPECIFIED,AUTO_VALIDATED_FROZEN_GATE,AUTO_VALIDATED,2018|2019|2020|2021|2022|2023|2024|2025,2018 | 2019 | 2020 | 2021 | 2022 | 2023 | 2024 | 2025,NORMALIZED_EQUIVALENT,CONFORMING,,,Conteúdo observado coincide com F após normalização congelada.,YES,B_B_NORMALIZATION_V1,,,,V7_TEMPORAL_NUMERIC
LC_039_R05.png,LC,LC_039,5,16,VQL,X,temporal,EXHAUSTIVE,READY_TEMPORAL,2018 | 2019 | 2020 | 2021 | 2022 | 2023 | 2024 | 2025,2018 | 2019 | 2020 | 2021 | 2022 | 2023 | 2024 | 2025,NOT_SPECIFIED,MANUAL_AUDIT_AUTO_NONCONFORMING,MANUAL_ADJUDICATED,2018 | 2019 | 2020 | 2021 | 2022 | 2023 | 2024 | 2025,2018 | 2019 | 2020 | 2021 | 2022 | 2023 | 2024 | 2025,NORMALIZED_EQUIVALENT,CONFORMING,,,Resultado atualizado após auditoria manual cega de B-A.,YES,B_B_NORMALIZATION_V1,,,,V7_TEMPORAL_NUMERIC
LC_039_R06.png,LC,LC_039,6,16,VQL,X,temporal,EXHAUSTIVE,READY_TEMPORAL,2018 | 2019 | 2020 | 2021 | 2022 | 2023 | 2024 | 2025,2018 | 2019 | 2020 | 2021 | 2022 | 2023 | 2024 | 2025,NOT_SPECIFIED,AUTO_VALIDATED_FROZEN_GATE,AUTO_VALIDATED,2018|2019|2020|2021|2022|2023|2024|2025,2018 | 2019 | 2020 | 2021 | 2022 | 2023 | 2024 | 2025,NORMALIZED_EQUIVALENT,CONFORMING,,,Conteúdo observado coincide com F após normalização congelada.,YES,B_B_NORMALIZATION_V1,,,,V7_TEMPORAL_NUMERIC
LC_039_R07.png,LC,LC_039,7,16,VQL,X,temporal,EXHAUSTIVE,READY_TEMPORAL,2018 | 2019 | 2020 | 2021 | 2022 | 2023 | 2024 | 2025,2018 | 2019 | 2020 | 2021 | 2022 | 2023 | 2024 | 2025,NOT_SPECIFIED,AUTO_VALIDATED_FROZEN_GATE,AUTO_VALIDATED,2018|2019|2020|2021|2022|2023|2024|2025,2018 | 2019 | 2020 | 2021 | 2022 | 2023 | 2024 | 2025,NORMALIZED_EQUIVALENT,CONFORMING,,,Conteúdo observado coincide com F após normalização congelada.,YES,B_B_NORMALIZATION_V1,,,,V7_TEMPORAL_NUMERIC
LC_039_R08.png,LC,LC_039,8,16,VQL,X,temporal,EXHAUSTIVE,READY_TEMPORAL,2018 | 2019 | 2020 | 2021 | 2022 | 2023 | 2024 | 2025,2018 | 2019 | 2020 | 2021 | 2022 | 2023 | 2024 | 2025,NOT_SPECIFIED,AUTO_VALIDATED_FROZEN_GATE,AUTO_VALIDATED,2018|2019|2020|2021|2022|2023|2024|2025,2018 | 2019 | 2020 | 2021 | 2022 | 2023 | 2024 | 2025,NORMALIZED_EQUIVALENT,CONFORMING,,,Conteúdo observado coincide com F após normalização congelada.,YES,B_B_NORMALIZATION_V1,,,,V7_TEMPORAL_NUMERIC
LC_039_R09.png,LC,LC_039,9,16,VQL,X,temporal,EXHAUSTIVE,READY_TEMPORAL,2018 | 2019 | 2020 | 2021 | 2022 | 2023 | 2024 | 2025,2018 | 2019 | 2020 | 2021 | 2022 | 2023 | 2024 | 2025,NOT_SPECIFIED,AUTO_VALIDATED_FROZEN_GATE,AUTO_VALIDATED,2018|2019|2020|2021|2022|2023|2024|2025,2018 | 2019 | 2020 | 2021 | 2022 | 2023 | 2024 | 2025,NORMALIZED_EQUIVALENT,CONFORMING,,,Conteúdo observado coincide com F após normalização congelada.,YES,B_B_NORMALIZATION_V1,,,,V7_TEMPORAL_NUMERIC
LC_039_R10.png,LC,LC_039,10,16,VQL,X,temporal,EXHAUSTIVE,READY_TEMPORAL,2018 | 2019 | 2020 | 2021 | 2022 | 2023 | 2024 | 2025,2018 | 2019 | 2020 | 2021 | 2022 | 2023 | 2024 | 2025,NOT_SPECIFIED,AUTO_VALIDATED_FROZEN_GATE,AUTO_VALIDATED,2018|2019|2020|2021|2022|2023|2024|2025,2018 | 2019 | 2020 | 2021 | 2022 | 2023 | 2024 | 2025,NORMALIZED_EQUIVALENT,CONFORMING,,,Conteúdo observado coincide com F após normalização congelada.,YES,B_B_NORMALIZATION_V1,,,,V7_TEMPORAL_NUMERIC
LC_040_R01.png,LC,LC_040,1,1,ZERO-SHOT,X,temporal,EXHAUSTIVE,READY_TEMPORAL,2018 | 2019 | 2020 | 2021 | 2022 | 2023 | 2024 | 2025,2018 | 2019 | 2020 | 2021 | 2022 | 2023 | 2024 | 2025,NOT_SPECIFIED,AUTO_VALIDATED_FROZEN_GATE,AUTO_VALIDATED,2018|2019|2020|2021|2022|2023|2024|2025,2018 | 2019 | 2020 | 2021 | 2022 | 2023 | 2024 | 2025,NORMALIZED_EQUIVALENT,CONFORMING,,,Conteúdo observado coincide com F após normalização congelada.,YES,B_B_NORMALIZATION_V1,,,,V7_TEMPORAL_NUMERIC
LC_040_R02.png,LC,LC_040,2,1,ZERO-SHOT,X,temporal,EXHAUSTIVE,READY_TEMPORAL,2018 | 2019 | 2020 | 2021 | 2022 | 2023 | 2024 | 2025,2018 | 2019 | 2020 | 2021 | 2022 | 2023 | 2024 | 2025,NOT_SPECIFIED,AUTO_VALIDATED_FROZEN_GATE,AUTO_VALIDATED,2018|2019|2020|2021|2022|2023|2024|2025,2018 | 2019 | 2020 | 2021 | 2022 | 2023 | 2024 | 2025,NORMALIZED_EQUIVALENT,CONFORMING,,,Conteúdo observado coincide com F após normalização congelada.,YES,B_B_NORMALIZATION_V1,,,,V7_TEMPORAL_NUMERIC
LC_040_R03.png,LC,LC_040,3,1,ZERO-SHOT,X,temporal,EXHAUSTIVE,READY_TEMPORAL,2018 | 2019 | 2020 | 2021 | 2022 | 2023 | 2024 | 2025,2018 | 2019 | 2020 | 2021 | 2022 | 2023 | 2024 | 2025,NOT_SPECIFIED,AUTO_VALIDATED_FROZEN_GATE,AUTO_VALIDATED,2018|2019|2020|2021|2022|2023|2024|2025,2018 | 2019 | 2020 | 2021 | 2022 | 2023 | 2024 | 2025,NORMALIZED_EQUIVALENT,CONFORMING,,,Conteúdo observado coincide com F após normalização congelada.,YES,B_B_NORMALIZATION_V1,,,,V7_TEMPORAL_NUMERIC
LC_040_R04.png,LC,LC_040,4,1,ZERO-SHOT,X,temporal,EXHAUSTIVE,READY_TEMPORAL,2018 | 2019 | 2020 | 2021 | 2022 | 2023 | 2024 | 2025,2018 | 2019 | 2020 | 2021 | 2022 | 2023 | 2024 | 2025,NOT_SPECIFIED,AUTO_VALIDATED_FROZEN_GATE,AUTO_VALIDATED,2018|2019|2020|2021|2022|2023|2024|2025,2018 | 2019 | 2020 | 2021 | 2022 | 2023 | 2024 | 2025,NORMALIZED_EQUIVALENT,CONFORMING,,,Conteúdo observado coincide com F após normalização congelada.,YES,B_B_NORMALIZATION_V1,,,,V7_TEMPORAL_NUMERIC
LC_040_R05.png,LC,LC_040,5,1,ZERO-SHOT,X,temporal,EXHAUSTIVE,READY_TEMPORAL,2018 | 2019 | 2020 | 2021 | 2022 | 2023 | 2024 | 2025,2018 | 2019 | 2020 | 2021 | 2022 | 2023 | 2024 | 2025,NOT_SPECIFIED,AUTO_VALIDATED_FROZEN_GATE,AUTO_VALIDATED,2018|2019|2020|2021|2022|2023|2024|2025,2018 | 2019 | 2020 | 2021 | 2022 | 2023 | 2024 | 2025,NORMALIZED_EQUIVALENT,CONFORMING,,,Conteúdo observado coincide com F após normalização congelada.,YES,B_B_NORMALIZATION_V1,,,,V7_TEMPORAL_NUMERIC
LC_040_R06.png,LC,LC_040,6,1,ZERO-SHOT,X,temporal,EXHAUSTIVE,READY_TEMPORAL,2018 | 2019 | 2020 | 2021 | 2022 | 2023 | 2024 | 2025,2018 | 2019 | 2020 | 2021 | 2022 | 2023 | 2024 | 2025,NOT_SPECIFIED,AUTO_VALIDATED_FROZEN_GATE,AUTO_VALIDATED,2018|2019|2020|2021|2022|2023|2024|2025,2018 | 2019 | 2020 | 2021 | 2022 | 2023 | 2024 | 2025,NORMALIZED_EQUIVALENT,CONFORMING,,,Conteúdo observado coincide com F após normalização congelada.,YES,B_B_NORMALIZATION_V1,,,,V7_TEMPORAL_NUMERIC
LC_040_R07.png,LC,LC_040,7,1,ZERO-SHOT,X,temporal,EXHAUSTIVE,READY_TEMPORAL,2018 | 2019 | 2020 | 2021 | 2022 | 2023 | 2024 | 2025,2018 | 2019 | 2020 | 2021 | 2022 | 2023 | 2024 | 2025,NOT_SPECIFIED,AUTO_VALIDATED_FROZEN_GATE,AUTO_VALIDATED,2018|2019|2020|2021|2022|2023|2024|2025,2018 | 2019 | 2020 | 2021 | 2022 | 2023 | 2024 | 2025,NORMALIZED_EQUIVALENT,CONFORMING,,,Conteúdo observado coincide com F após normalização congelada.,YES,B_B_NORMALIZATION_V1,,,,V7_TEMPORAL_NUMERIC
LC_040_R08.png,LC,LC_040,8,1,ZERO-SHOT,X,temporal,EXHAUSTIVE,READY_TEMPORAL,2018 | 2019 | 2020 | 2021 | 2022 | 2023 | 2024 | 2025,2018 | 2019 | 2020 | 2021 | 2022 | 2023 | 2024 | 2025,NOT_SPECIFIED,AUTO_VALIDATED_FROZEN_GATE,AUTO_VALIDATED,2018|2019|2020|2021|2022|2023|2024|2025,2018 | 2019 | 2020 | 2021 | 2022 | 2023 | 2024 | 2025,NORMALIZED_EQUIVALENT,CONFORMING,,,Conteúdo observado coincide com F após normalização congelada.,YES,B_B_NORMALIZATION_V1,,,,V7_TEMPORAL_NUMERIC
LC_040_R09.png,LC,LC_040,9,1,ZERO-SHOT,X,temporal,EXHAUSTIVE,READY_TEMPORAL,2018 | 2019 | 2020 | 2021 | 2022 | 2023 | 2024 | 2025,2018 | 2019 | 2020 | 2021 | 2022 | 2023 | 2024 | 2025,NOT_SPECIFIED,AUTO_VALIDATED_FROZEN_GATE,AUTO_VALIDATED,2018|2019|2020|2021|2022|2023|2024|2025,2018 | 2019 | 2020 | 2021 | 2022 | 2023 | 2024 | 2025,NORMALIZED_EQUIVALENT,CONFORMING,,,Conteúdo observado coincide com F após normalização congelada.,YES,B_B_NORMALIZATION_V1,,,,V7_TEMPORAL_NUMERIC
LC_040_R10.png,LC,LC_040,10,1,ZERO-SHOT,X,temporal,EXHAUSTIVE,READY_TEMPORAL,2018 | 2019 | 2020 | 2021 | 2022 | 2023 | 2024 | 2025,2018 | 2019 | 2020 | 2021 | 2022 | 2023 | 2024 | 2025,NOT_SPECIFIED,AUTO_VALIDATED_FROZEN_GATE,AUTO_VALIDATED,2018|2019|2020|2021|2022|2023|2024|2025,2018 | 2019 | 2020 | 2021 | 2022 | 2023 | 2024 | 2025,NORMALIZED_EQUIVALENT,CONFORMING,,,Conteúdo observado coincide com F após normalização congelada.,YES,B_B_NORMALIZATION_V1,,,,V7_TEMPORAL_NUMERIC
LC_041_R01.png,LC,LC_041,1,4,ZERO-SHOT,X,temporal,EXHAUSTIVE,READY_TEMPORAL,2018 | 2019 | 2020 | 2021 | 2022 | 2023 | 2024 | 2025,2018 | 2019 | 2020 | 2021 | 2022 | 2023 | 2024 | 2025,NOT_SPECIFIED,AUTO_VALIDATED_FROZEN_GATE,AUTO_VALIDATED,2018|2019|2020|2021|2022|2023|2024|2025,2018 | 2019 | 2020 | 2021 | 2022 | 2023 | 2024 | 2025,NORMALIZED_EQUIVALENT,CONFORMING,,,Conteúdo observado coincide com F após normalização congelada.,YES,B_B_NORMALIZATION_V1,,,,V7_TEMPORAL_NUMERIC
LC_041_R02.png,LC,LC_041,2,4,ZERO-SHOT,X,temporal,EXHAUSTIVE,READY_TEMPORAL,2018 | 2019 | 2020 | 2021 | 2022 | 2023 | 2024 | 2025,2018 | 2019 | 2020 | 2021 | 2022 | 2023 | 2024 | 2025,NOT_SPECIFIED,AUTO_VALIDATED_FROZEN_GATE,AUTO_VALIDATED,2018|2019|2020|2021|2022|2023|2024|2025,2018 | 2019 | 2020 | 2021 | 2022 | 2023 | 2024 | 2025,NORMALIZED_EQUIVALENT,CONFORMING,,,Conteúdo observado coincide com F após normalização congelada.,YES,B_B_NORMALIZATION_V1,,,,V7_TEMPORAL_NUMERIC
LC_041_R03.png,LC,LC_041,3,4,ZERO-SHOT,X,temporal,EXHAUSTIVE,READY_TEMPORAL,2018 | 2019 | 2020 | 2021 | 2022 | 2023 | 2024 | 2025,2018 | 2019 | 2020 | 2021 | 2022 | 2023 | 2024 | 2025,NOT_SPECIFIED,AUTO_VALIDATED_FROZEN_GATE,AUTO_VALIDATED,2018|2019|2020|2021|2022|2023|2024|2025,2018 | 2019 | 2020 | 2021 | 2022 | 2023 | 2024 | 2025,NORMALIZED_EQUIVALENT,CONFORMING,,,Conteúdo observado coincide com F após normalização congelada.,YES,B_B_NORMALIZATION_V1,,,,V7_TEMPORAL_NUMERIC
LC_041_R04.png,LC,LC_041,4,4,ZERO-SHOT,X,temporal,EXHAUSTIVE,READY_TEMPORAL,2018 | 2019 | 2020 | 2021 | 2022 | 2023 | 2024 | 2025,2018 | 2019 | 2020 | 2021 | 2022 | 2023 | 2024 | 2025,NOT_SPECIFIED,AUTO_VALIDATED_FROZEN_GATE,AUTO_VALIDATED,2018|2019|2020|2021|2022|2023|2024|2025,2018 | 2019 | 2020 | 2021 | 2022 | 2023 | 2024 | 2025,NORMALIZED_EQUIVALENT,CONFORMING,,,Conteúdo observado coincide com F após normalização congelada.,YES,B_B_NORMALIZATION_V1,,,,V7_TEMPORAL_NUMERIC
LC_041_R05.png,LC,LC_041,5,4,ZERO-SHOT,X,temporal,EXHAUSTIVE,READY_TEMPORAL,2018 | 2019 | 2020 | 2021 | 2022 | 2023 | 2024 | 2025,2018 | 2019 | 2020 | 2021 | 2022 | 2023 | 2024 | 2025,NOT_SPECIFIED,AUTO_VALIDATED_FROZEN_GATE,AUTO_VALIDATED,2018|2019|2020|2021|2022|2023|2024|2025,2018 | 2019 | 2020 | 2021 | 2022 | 2023 | 2024 | 2025,NORMALIZED_EQUIVALENT,CONFORMING,,,Conteúdo observado coincide com F após normalização congelada.,YES,B_B_NORMALIZATION_V1,,,,V7_TEMPORAL_NUMERIC
LC_041_R06.png,LC,LC_041,6,4,ZERO-SHOT,X,temporal,EXHAUSTIVE,READY_TEMPORAL,2018 | 2019 | 2020 | 2021 | 2022 | 2023 | 2024 | 2025,2018 | 2019 | 2020 | 2021 | 2022 | 2023 | 2024 | 2025,NOT_SPECIFIED,AUTO_VALIDATED_FROZEN_GATE,AUTO_VALIDATED,2018|2019|2020|2021|2022|2023|2024|2025,2018 | 2019 | 2020 | 2021 | 2022 | 2023 | 2024 | 2025,NORMALIZED_EQUIVALENT,CONFORMING,,,Conteúdo observado coincide com F após normalização congelada.,YES,B_B_NORMALIZATION_V1,,,,V7_TEMPORAL_NUMERIC
LC_041_R07.png,LC,LC_041,7,4,ZERO-SHOT,X,temporal,EXHAUSTIVE,READY_TEMPORAL,2018 | 2019 | 2020 | 2021 | 2022 | 2023 | 2024 | 2025,2018 | 2019 | 2020 | 2021 | 2022 | 2023 | 2024 | 2025,NOT_SPECIFIED,AUTO_VALIDATED_FROZEN_GATE,AUTO_VALIDATED,2018|2019|2020|2021|2022|2023|2024|2025,2018 | 2019 | 2020 | 2021 | 2022 | 2023 | 2024 | 2025,NORMALIZED_EQUIVALENT,CONFORMING,,,Conteúdo observado coincide com F após normalização congelada.,YES,B_B_NORMALIZATION_V1,,,,V7_TEMPORAL_NUMERIC
LC_041_R08.png,LC,LC_041,8,4,ZERO-SHOT,X,temporal,EXHAUSTIVE,READY_TEMPORAL,2018 | 2019 | 2020 | 2021 | 2022 | 2023 | 2024 | 2025,2018 | 2019 | 2020 | 2021 | 2022 | 2023 | 2024 | 2025,NOT_SPECIFIED,AUTO_VALIDATED_FROZEN_GATE,AUTO_VALIDATED,2018|2019|2020|2021|2022|2023|2024|2025,2018 | 2019 | 2020 | 2021 | 2022 | 2023 | 2024 | 2025,NORMALIZED_EQUIVALENT,CONFORMING,,,Conteúdo observado coincide com F após normalização congelada.,YES,B_B_NORMALIZATION_V1,,,,V7_TEMPORAL_NUMERIC
LC_041_R09.png,LC,LC_041,9,4,ZERO-SHOT,X,temporal,EXHAUSTIVE,READY_TEMPORAL,2018 | 2019 | 2020 | 2021 | 2022 | 2023 | 2024 | 2025,2018 | 2019 | 2020 | 2021 | 2022 | 2023 | 2024 | 2025,NOT_SPECIFIED,AUTO_VALIDATED_FROZEN_GATE,AUTO_VALIDATED,2018|2019|2020|2021|2022|2023|2024|2025,2018 | 2019 | 2020 | 2021 | 2022 | 2023 | 2024 | 2025,NORMALIZED_EQUIVALENT,CONFORMING,,,Conteúdo observado coincide com F após normalização congelada.,YES,B_B_NORMALIZATION_V1,,,,V7_TEMPORAL_NUMERIC
LC_041_R10.png,LC,LC_041,10,4,ZERO-SHOT,X,temporal,EXHAUSTIVE,READY_TEMPORAL,2018 | 2019 | 2020 | 2021 | 2022 | 2023 | 2024 | 2025,2018 | 2019 | 2020 | 2021 | 2022 | 2023 | 2024 | 2025,NOT_SPECIFIED,AUTO_VALIDATED_FROZEN_GATE,AUTO_VALIDATED,2018|2019|2020|2021|2022|2023|2024|2025,2018 | 2019 | 2020 | 2021 | 2022 | 2023 | 2024 | 2025,NORMALIZED_EQUIVALENT,CONFORMING,,,Conteúdo observado coincide com F após normalização congelada.,YES,B_B_NORMALIZATION_V1,,,,V7_TEMPORAL_NUMERIC
LC_045_R01.png,LC,LC_045,1,9,ZERO-SHOT,X,temporal,EXHAUSTIVE,READY_TEMPORAL,2018 | 2019 | 2020 | 2021 | 2022 | 2023 | 2024 | 2025,2018 | 2019 | 2020 | 2021 | 2022 | 2023 | 2024 | 2025,NOT_SPECIFIED,AUTO_VALIDATED_FROZEN_GATE,AUTO_VALIDATED,2018|2019|2020|2021|2022|2023|2024|2025,2018 | 2019 | 2020 | 2021 | 2022 | 2023 | 2024 | 2025,NORMALIZED_EQUIVALENT,CONFORMING,,,Conteúdo observado coincide com F após normalização congelada.,YES,B_B_NORMALIZATION_V1,,,,V7_TEMPORAL_NUMERIC
LC_045_R01.png,LC,LC_045,1,9,ZERO-SHOT,Y,numeric,EXHAUSTIVE,READY_RANGE_STEP,0M | 100M | 200M | 300M | 400M | 500M | 600M,0 | 100000000 | 200000000 | 300000000 | 400000000 | 500000000 | 600000000,NOT_SPECIFIED,MANUAL_ADJUDICATED,MANUAL_ADJUDICATED,0M | 100M | 200M | 300M | 400M | 500M | 600M,0 | 100000000 | 200000000 | 300000000 | 400000000 | 500000000 | 600000000,NORMALIZED_EQUIVALENT,CONFORMING,,,Conteúdo observado coincide com F após normalização congelada.,YES,B_B_NORMALIZATION_V1,,,,V7_TEMPORAL_NUMERIC
LC_045_R02.png,LC,LC_045,2,9,ZERO-SHOT,X,temporal,EXHAUSTIVE,READY_TEMPORAL,2018 | 2019 | 2020 | 2021 | 2022 | 2023 | 2024 | 2025,2018 | 2019 | 2020 | 2021 | 2022 | 2023 | 2024 | 2025,NOT_SPECIFIED,AUTO_VALIDATED_FROZEN_GATE,AUTO_VALIDATED,2018|2019|2020|2021|2022|2023|2024|2025,2018 | 2019 | 2020 | 2021 | 2022 | 2023 | 2024 | 2025,NORMALIZED_EQUIVALENT,CONFORMING,,,Conteúdo observado coincide com F após normalização congelada.,YES,B_B_NORMALIZATION_V1,,,,V7_TEMPORAL_NUMERIC
LC_045_R02.png,LC,LC_045,2,9,ZERO-SHOT,Y,numeric,EXHAUSTIVE,READY_RANGE_STEP,0M | 100M | 200M | 300M | 400M | 500M | 600M,0 | 100000000 | 200000000 | 300000000 | 400000000 | 500000000 | 600000000,NOT_SPECIFIED,AUTO_VALIDATED_FROZEN_GATE,AUTO_VALIDATED,0|1e+08|2e+08|3e+08|4e+08|5e+08|6e+08,0 | 100000000 | 200000000 | 300000000 | 400000000 | 500000000 | 600000000,NORMALIZED_EQUIVALENT,CONFORMING,,,Conteúdo observado coincide com F após normalização congelada.,YES,B_B_NORMALIZATION_V1,,,,V7_TEMPORAL_NUMERIC
LC_045_R03.png,LC,LC_045,3,9,ZERO-SHOT,X,temporal,EXHAUSTIVE,READY_TEMPORAL,2018 | 2019 | 2020 | 2021 | 2022 | 2023 | 2024 | 2025,2018 | 2019 | 2020 | 2021 | 2022 | 2023 | 2024 | 2025,NOT_SPECIFIED,AUTO_VALIDATED_FROZEN_GATE,AUTO_VALIDATED,2018|2019|2020|2021|2022|2023|2024|2025,2018 | 2019 | 2020 | 2021 | 2022 | 2023 | 2024 | 2025,NORMALIZED_EQUIVALENT,CONFORMING,,,Conteúdo observado coincide com F após normalização congelada.,YES,B_B_NORMALIZATION_V1,,,,V7_TEMPORAL_NUMERIC
LC_045_R03.png,LC,LC_045,3,9,ZERO-SHOT,Y,numeric,EXHAUSTIVE,READY_RANGE_STEP,0M | 100M | 200M | 300M | 400M | 500M | 600M,0 | 100000000 | 200000000 | 300000000 | 400000000 | 500000000 | 600000000,NOT_SPECIFIED,AUTO_VALIDATED_FROZEN_GATE,AUTO_VALIDATED,0|1e+08|2e+08|3e+08|4e+08|5e+08|6e+08,0 | 100000000 | 200000000 | 300000000 | 400000000 | 500000000 | 600000000,NORMALIZED_EQUIVALENT,CONFORMING,,,Conteúdo observado coincide com F após normalização congelada.,YES,B_B_NORMALIZATION_V1,,,,V7_TEMPORAL_NUMERIC
LC_045_R04.png,LC,LC_045,4,9,ZERO-SHOT,X,temporal,EXHAUSTIVE,READY_TEMPORAL,2018 | 2019 | 2020 | 2021 | 2022 | 2023 | 2024 | 2025,2018 | 2019 | 2020 | 2021 | 2022 | 2023 | 2024 | 2025,NOT_SPECIFIED,AUTO_VALIDATED_FROZEN_GATE,AUTO_VALIDATED,2018|2019|2020|2021|2022|2023|2024|2025,2018 | 2019 | 2020 | 2021 | 2022 | 2023 | 2024 | 2025,NORMALIZED_EQUIVALENT,CONFORMING,,,Conteúdo observado coincide com F após normalização congelada.,YES,B_B_NORMALIZATION_V1,,,,V7_TEMPORAL_NUMERIC
LC_045_R04.png,LC,LC_045,4,9,ZERO-SHOT,Y,numeric,EXHAUSTIVE,READY_RANGE_STEP,0M | 100M | 200M | 300M | 400M | 500M | 600M,0 | 100000000 | 200000000 | 300000000 | 400000000 | 500000000 | 600000000,NOT_SPECIFIED,AUTO_VALIDATED_FROZEN_GATE,AUTO_VALIDATED,0|1e+08|2e+08|3e+08|4e+08|5e+08|6e+08,0 | 100000000 | 200000000 | 300000000 | 400000000 | 500000000 | 600000000,NORMALIZED_EQUIVALENT,CONFORMING,,,Conteúdo observado coincide com F após normalização congelada.,YES,B_B_NORMALIZATION_V1,,,,V7_TEMPORAL_NUMERIC
LC_045_R05.png,LC,LC_045,5,9,ZERO-SHOT,X,temporal,EXHAUSTIVE,READY_TEMPORAL,2018 | 2019 | 2020 | 2021 | 2022 | 2023 | 2024 | 2025,2018 | 2019 | 2020 | 2021 | 2022 | 2023 | 2024 | 2025,NOT_SPECIFIED,AUTO_VALIDATED_FROZEN_GATE,AUTO_VALIDATED,2018|2019|2020|2021|2022|2023|2024|2025,2018 | 2019 | 2020 | 2021 | 2022 | 2023 | 2024 | 2025,NORMALIZED_EQUIVALENT,CONFORMING,,,Conteúdo observado coincide com F após normalização congelada.,YES,B_B_NORMALIZATION_V1,,,,V7_TEMPORAL_NUMERIC
LC_045_R05.png,LC,LC_045,5,9,ZERO-SHOT,Y,numeric,EXHAUSTIVE,READY_RANGE_STEP,0M | 100M | 200M | 300M | 400M | 500M | 600M,0 | 100000000 | 200000000 | 300000000 | 400000000 | 500000000 | 600000000,NOT_SPECIFIED,AUTO_VALIDATED_FROZEN_GATE,AUTO_VALIDATED,0|1e+08|2e+08|3e+08|4e+08|5e+08|6e+08,0 | 100000000 | 200000000 | 300000000 | 400000000 | 500000000 | 600000000,NORMALIZED_EQUIVALENT,CONFORMING,,,Conteúdo observado coincide com F após normalização congelada.,YES,B_B_NORMALIZATION_V1,,,,V7_TEMPORAL_NUMERIC
LC_045_R06.png,LC,LC_045,6,9,ZERO-SHOT,X,temporal,EXHAUSTIVE,READY_TEMPORAL,2018 | 2019 | 2020 | 2021 | 2022 | 2023 | 2024 | 2025,2018 | 2019 | 2020 | 2021 | 2022 | 2023 | 2024 | 2025,NOT_SPECIFIED,AUTO_VALIDATED_FROZEN_GATE,AUTO_VALIDATED,2018|2019|2020|2021|2022|2023|2024|2025,2018 | 2019 | 2020 | 2021 | 2022 | 2023 | 2024 | 2025,NORMALIZED_EQUIVALENT,CONFORMING,,,Conteúdo observado coincide com F após normalização congelada.,YES,B_B_NORMALIZATION_V1,,,,V7_TEMPORAL_NUMERIC
LC_045_R06.png,LC,LC_045,6,9,ZERO-SHOT,Y,numeric,EXHAUSTIVE,READY_RANGE_STEP,0M | 100M | 200M | 300M | 400M | 500M | 600M,0 | 100000000 | 200000000 | 300000000 | 400000000 | 500000000 | 600000000,NOT_SPECIFIED,AUTO_VALIDATED_FROZEN_GATE,AUTO_VALIDATED,0|1e+08|2e+08|3e+08|4e+08|5e+08|6e+08,0 | 100000000 | 200000000 | 300000000 | 400000000 | 500000000 | 600000000,NORMALIZED_EQUIVALENT,CONFORMING,,,Conteúdo observado coincide com F após normalização congelada.,YES,B_B_NORMALIZATION_V1,,,,V7_TEMPORAL_NUMERIC
LC_045_R07.png,LC,LC_045,7,9,ZERO-SHOT,X,temporal,EXHAUSTIVE,READY_TEMPORAL,2018 | 2019 | 2020 | 2021 | 2022 | 2023 | 2024 | 2025,2018 | 2019 | 2020 | 2021 | 2022 | 2023 | 2024 | 2025,NOT_SPECIFIED,AUTO_VALIDATED_FROZEN_GATE,AUTO_VALIDATED,2018|2019|2020|2021|2022|2023|2024|2025,2018 | 2019 | 2020 | 2021 | 2022 | 2023 | 2024 | 2025,NORMALIZED_EQUIVALENT,CONFORMING,,,Conteúdo observado coincide com F após normalização congelada.,YES,B_B_NORMALIZATION_V1,,,,V7_TEMPORAL_NUMERIC
LC_045_R07.png,LC,LC_045,7,9,ZERO-SHOT,Y,numeric,EXHAUSTIVE,READY_RANGE_STEP,0M | 100M | 200M | 300M | 400M | 500M | 600M,0 | 100000000 | 200000000 | 300000000 | 400000000 | 500000000 | 600000000,NOT_SPECIFIED,AUTO_VALIDATED_FROZEN_GATE,AUTO_VALIDATED,0|1e+08|2e+08|3e+08|4e+08|5e+08|6e+08,0 | 100000000 | 200000000 | 300000000 | 400000000 | 500000000 | 600000000,NORMALIZED_EQUIVALENT,CONFORMING,,,Conteúdo observado coincide com F após normalização congelada.,YES,B_B_NORMALIZATION_V1,,,,V7_TEMPORAL_NUMERIC
LC_045_R08.png,LC,LC_045,8,9,ZERO-SHOT,X,temporal,EXHAUSTIVE,READY_TEMPORAL,2018 | 2019 | 2020 | 2021 | 2022 | 2023 | 2024 | 2025,2018 | 2019 | 2020 | 2021 | 2022 | 2023 | 2024 | 2025,NOT_SPECIFIED,AUTO_VALIDATED_FROZEN_GATE,AUTO_VALIDATED,2018|2019|2020|2021|2022|2023|2024|2025,2018 | 2019 | 2020 | 2021 | 2022 | 2023 | 2024 | 2025,NORMALIZED_EQUIVALENT,CONFORMING,,,Conteúdo observado coincide com F após normalização congelada.,YES,B_B_NORMALIZATION_V1,,,,V7_TEMPORAL_NUMERIC
LC_045_R08.png,LC,LC_045,8,9,ZERO-SHOT,Y,numeric,EXHAUSTIVE,READY_RANGE_STEP,0M | 100M | 200M | 300M | 400M | 500M | 600M,0 | 100000000 | 200000000 | 300000000 | 400000000 | 500000000 | 600000000,NOT_SPECIFIED,AUTO_VALIDATED_FROZEN_GATE,AUTO_VALIDATED,0|1e+08|2e+08|3e+08|4e+08|5e+08|6e+08,0 | 100000000 | 200000000 | 300000000 | 400000000 | 500000000 | 600000000,NORMALIZED_EQUIVALENT,CONFORMING,,,Conteúdo observado coincide com F após normalização congelada.,YES,B_B_NORMALIZATION_V1,,,,V7_TEMPORAL_NUMERIC
LC_045_R09.png,LC,LC_045,9,9,ZERO-SHOT,X,temporal,EXHAUSTIVE,READY_TEMPORAL,2018 | 2019 | 2020 | 2021 | 2022 | 2023 | 2024 | 2025,2018 | 2019 | 2020 | 2021 | 2022 | 2023 | 2024 | 2025,NOT_SPECIFIED,AUTO_VALIDATED_FROZEN_GATE,AUTO_VALIDATED,2018|2019|2020|2021|2022|2023|2024|2025,2018 | 2019 | 2020 | 2021 | 2022 | 2023 | 2024 | 2025,NORMALIZED_EQUIVALENT,CONFORMING,,,Conteúdo observado coincide com F após normalização congelada.,YES,B_B_NORMALIZATION_V1,,,,V7_TEMPORAL_NUMERIC
LC_045_R09.png,LC,LC_045,9,9,ZERO-SHOT,Y,numeric,EXHAUSTIVE,READY_RANGE_STEP,0M | 100M | 200M | 300M | 400M | 500M | 600M,0 | 100000000 | 200000000 | 300000000 | 400000000 | 500000000 | 600000000,NOT_SPECIFIED,AUTO_VALIDATED_FROZEN_GATE,AUTO_VALIDATED,0|1e+08|2e+08|3e+08|4e+08|5e+08|6e+08,0 | 100000000 | 200000000 | 300000000 | 400000000 | 500000000 | 600000000,NORMALIZED_EQUIVALENT,CONFORMING,,,Conteúdo observado coincide com F após normalização congelada.,YES,B_B_NORMALIZATION_V1,,,,V7_TEMPORAL_NUMERIC
LC_045_R10.png,LC,LC_045,10,9,ZERO-SHOT,X,temporal,EXHAUSTIVE,READY_TEMPORAL,2018 | 2019 | 2020 | 2021 | 2022 | 2023 | 2024 | 2025,2018 | 2019 | 2020 | 2021 | 2022 | 2023 | 2024 | 2025,NOT_SPECIFIED,AUTO_VALIDATED_FROZEN_GATE,AUTO_VALIDATED,2018|2019|2020|2021|2022|2023|2024|2025,2018 | 2019 | 2020 | 2021 | 2022 | 2023 | 2024 | 2025,NORMALIZED_EQUIVALENT,CONFORMING,,,Conteúdo observado coincide com F após normalização congelada.,YES,B_B_NORMALIZATION_V1,,,,V7_TEMPORAL_NUMERIC
LC_045_R10.png,LC,LC_045,10,9,ZERO-SHOT,Y,numeric,EXHAUSTIVE,READY_RANGE_STEP,0M | 100M | 200M | 300M | 400M | 500M | 600M,0 | 100000000 | 200000000 | 300000000 | 400000000 | 500000000 | 600000000,NOT_SPECIFIED,AUTO_VALIDATED_FROZEN_GATE,AUTO_VALIDATED,0|1e+08|2e+08|3e+08|4e+08|5e+08|6e+08,0 | 100000000 | 200000000 | 300000000 | 400000000 | 500000000 | 600000000,NORMALIZED_EQUIVALENT,CONFORMING,,,Conteúdo observado coincide com F após normalização congelada.,YES,B_B_NORMALIZATION_V1,,,,V7_TEMPORAL_NUMERIC
LC_046_R01.png,LC,LC_046,1,10,ZERO-SHOT,X,temporal,EXHAUSTIVE,READY_TEMPORAL,2018 | 2019 | 2020 | 2021 | 2022 | 2023 | 2024 | 2025,2018 | 2019 | 2020 | 2021 | 2022 | 2023 | 2024 | 2025,NOT_SPECIFIED,AUTO_VALIDATED_FROZEN_GATE,AUTO_VALIDATED,2018|2019|2020|2021|2022|2023|2024|2025,2018 | 2019 | 2020 | 2021 | 2022 | 2023 | 2024 | 2025,NORMALIZED_EQUIVALENT,CONFORMING,,,Conteúdo observado coincide com F após normalização congelada.,YES,B_B_NORMALIZATION_V1,,,,V7_TEMPORAL_NUMERIC
LC_046_R02.png,LC,LC_046,2,10,ZERO-SHOT,X,temporal,EXHAUSTIVE,READY_TEMPORAL,2018 | 2019 | 2020 | 2021 | 2022 | 2023 | 2024 | 2025,2018 | 2019 | 2020 | 2021 | 2022 | 2023 | 2024 | 2025,NOT_SPECIFIED,AUTO_VALIDATED_FROZEN_GATE,AUTO_VALIDATED,2018|2019|2020|2021|2022|2023|2024|2025,2018 | 2019 | 2020 | 2021 | 2022 | 2023 | 2024 | 2025,NORMALIZED_EQUIVALENT,CONFORMING,,,Conteúdo observado coincide com F após normalização congelada.,YES,B_B_NORMALIZATION_V1,,,,V7_TEMPORAL_NUMERIC
LC_046_R03.png,LC,LC_046,3,10,ZERO-SHOT,X,temporal,EXHAUSTIVE,READY_TEMPORAL,2018 | 2019 | 2020 | 2021 | 2022 | 2023 | 2024 | 2025,2018 | 2019 | 2020 | 2021 | 2022 | 2023 | 2024 | 2025,NOT_SPECIFIED,AUTO_VALIDATED_FROZEN_GATE,AUTO_VALIDATED,2018|2019|2020|2021|2022|2023|2024|2025,2018 | 2019 | 2020 | 2021 | 2022 | 2023 | 2024 | 2025,NORMALIZED_EQUIVALENT,CONFORMING,,,Conteúdo observado coincide com F após normalização congelada.,YES,B_B_NORMALIZATION_V1,,,,V7_TEMPORAL_NUMERIC
LC_046_R04.png,LC,LC_046,4,10,ZERO-SHOT,X,temporal,EXHAUSTIVE,READY_TEMPORAL,2018 | 2019 | 2020 | 2021 | 2022 | 2023 | 2024 | 2025,2018 | 2019 | 2020 | 2021 | 2022 | 2023 | 2024 | 2025,NOT_SPECIFIED,AUTO_VALIDATED_FROZEN_GATE,AUTO_VALIDATED,2018|2019|2020|2021|2022|2023|2024|2025,2018 | 2019 | 2020 | 2021 | 2022 | 2023 | 2024 | 2025,NORMALIZED_EQUIVALENT,CONFORMING,,,Conteúdo observado coincide com F após normalização congelada.,YES,B_B_NORMALIZATION_V1,,,,V7_TEMPORAL_NUMERIC
LC_046_R05.png,LC,LC_046,5,10,ZERO-SHOT,X,temporal,EXHAUSTIVE,READY_TEMPORAL,2018 | 2019 | 2020 | 2021 | 2022 | 2023 | 2024 | 2025,2018 | 2019 | 2020 | 2021 | 2022 | 2023 | 2024 | 2025,NOT_SPECIFIED,AUTO_VALIDATED_FROZEN_GATE,AUTO_VALIDATED,2018|2019|2020|2021|2022|2023|2024|2025,2018 | 2019 | 2020 | 2021 | 2022 | 2023 | 2024 | 2025,NORMALIZED_EQUIVALENT,CONFORMING,,,Conteúdo observado coincide com F após normalização congelada.,YES,B_B_NORMALIZATION_V1,,,,V7_TEMPORAL_NUMERIC
LC_046_R06.png,LC,LC_046,6,10,ZERO-SHOT,X,temporal,EXHAUSTIVE,READY_TEMPORAL,2018 | 2019 | 2020 | 2021 | 2022 | 2023 | 2024 | 2025,2018 | 2019 | 2020 | 2021 | 2022 | 2023 | 2024 | 2025,NOT_SPECIFIED,AUTO_VALIDATED_FROZEN_GATE,AUTO_VALIDATED,2018|2019|2020|2021|2022|2023|2024|2025,2018 | 2019 | 2020 | 2021 | 2022 | 2023 | 2024 | 2025,NORMALIZED_EQUIVALENT,CONFORMING,,,Conteúdo observado coincide com F após normalização congelada.,YES,B_B_NORMALIZATION_V1,,,,V7_TEMPORAL_NUMERIC
LC_046_R07.png,LC,LC_046,7,10,ZERO-SHOT,X,temporal,EXHAUSTIVE,READY_TEMPORAL,2018 | 2019 | 2020 | 2021 | 2022 | 2023 | 2024 | 2025,2018 | 2019 | 2020 | 2021 | 2022 | 2023 | 2024 | 2025,NOT_SPECIFIED,AUTO_VALIDATED_FROZEN_GATE,AUTO_VALIDATED,2018|2019|2020|2021|2022|2023|2024|2025,2018 | 2019 | 2020 | 2021 | 2022 | 2023 | 2024 | 2025,NORMALIZED_EQUIVALENT,CONFORMING,,,Conteúdo observado coincide com F após normalização congelada.,YES,B_B_NORMALIZATION_V1,,,,V7_TEMPORAL_NUMERIC
LC_046_R08.png,LC,LC_046,8,10,ZERO-SHOT,X,temporal,EXHAUSTIVE,READY_TEMPORAL,2018 | 2019 | 2020 | 2021 | 2022 | 2023 | 2024 | 2025,2018 | 2019 | 2020 | 2021 | 2022 | 2023 | 2024 | 2025,NOT_SPECIFIED,AUTO_VALIDATED_FROZEN_GATE,AUTO_VALIDATED,2018|2019|2020|2021|2022|2023|2024|2025,2018 | 2019 | 2020 | 2021 | 2022 | 2023 | 2024 | 2025,NORMALIZED_EQUIVALENT,CONFORMING,,,Conteúdo observado coincide com F após normalização congelada.,YES,B_B_NORMALIZATION_V1,,,,V7_TEMPORAL_NUMERIC
LC_046_R09.png,LC,LC_046,9,10,ZERO-SHOT,X,temporal,EXHAUSTIVE,READY_TEMPORAL,2018 | 2019 | 2020 | 2021 | 2022 | 2023 | 2024 | 2025,2018 | 2019 | 2020 | 2021 | 2022 | 2023 | 2024 | 2025,NOT_SPECIFIED,AUTO_VALIDATED_FROZEN_GATE,AUTO_VALIDATED,2018|2019|2020|2021|2022|2023|2024|2025,2018 | 2019 | 2020 | 2021 | 2022 | 2023 | 2024 | 2025,NORMALIZED_EQUIVALENT,CONFORMING,,,Conteúdo observado coincide com F após normalização congelada.,YES,B_B_NORMALIZATION_V1,,,,V7_TEMPORAL_NUMERIC
LC_046_R10.png,LC,LC_046,10,10,ZERO-SHOT,X,temporal,EXHAUSTIVE,READY_TEMPORAL,2018 | 2019 | 2020 | 2021 | 2022 | 2023 | 2024 | 2025,2018 | 2019 | 2020 | 2021 | 2022 | 2023 | 2024 | 2025,NOT_SPECIFIED,AUTO_VALIDATED_FROZEN_GATE,AUTO_VALIDATED,2018|2019|2020|2021|2022|2023|2024|2025,2018 | 2019 | 2020 | 2021 | 2022 | 2023 | 2024 | 2025,NORMALIZED_EQUIVALENT,CONFORMING,,,Conteúdo observado coincide com F após normalização congelada.,YES,B_B_NORMALIZATION_V1,,,,V7_TEMPORAL_NUMERIC
LC_049_R01.png,LC,LC_049,1,13,ZERO-SHOT,X,temporal,EXHAUSTIVE,READY_TEMPORAL,2018 | 2019 | 2020 | 2021 | 2022 | 2023 | 2024 | 2025,2018 | 2019 | 2020 | 2021 | 2022 | 2023 | 2024 | 2025,NOT_SPECIFIED,AUTO_VALIDATED_FROZEN_GATE,AUTO_VALIDATED,2018|2019|2020|2021|2022|2023|2024|2025,2018 | 2019 | 2020 | 2021 | 2022 | 2023 | 2024 | 2025,NORMALIZED_EQUIVALENT,CONFORMING,,,Conteúdo observado coincide com F após normalização congelada.,YES,B_B_NORMALIZATION_V1,,,,V7_TEMPORAL_NUMERIC
LC_049_R01.png,LC,LC_049,1,13,ZERO-SHOT,Y,numeric,EXHAUSTIVE,READY_EXPLICIT_LIST,0 | 100M | 200M | 300M | 400M | 500M | 600M,0 | 100000000 | 200000000 | 300000000 | 400000000 | 500000000 | 600000000,NOT_SPECIFIED,MANUAL_ADJUDICATED,MANUAL_ADJUDICATED,0M | 100M | 200M | 300M | 400M | 500M | 600M,0 | 100000000 | 200000000 | 300000000 | 400000000 | 500000000 | 600000000,NORMALIZED_EQUIVALENT,CONFORMING,,,Conteúdo observado coincide com F após normalização congelada.,YES,B_B_NORMALIZATION_V1,,,,V7_TEMPORAL_NUMERIC
LC_049_R02.png,LC,LC_049,2,13,ZERO-SHOT,X,temporal,EXHAUSTIVE,READY_TEMPORAL,2018 | 2019 | 2020 | 2021 | 2022 | 2023 | 2024 | 2025,2018 | 2019 | 2020 | 2021 | 2022 | 2023 | 2024 | 2025,NOT_SPECIFIED,AUTO_VALIDATED_FROZEN_GATE,AUTO_VALIDATED,2018|2019|2020|2021|2022|2023|2024|2025,2018 | 2019 | 2020 | 2021 | 2022 | 2023 | 2024 | 2025,NORMALIZED_EQUIVALENT,CONFORMING,,,Conteúdo observado coincide com F após normalização congelada.,YES,B_B_NORMALIZATION_V1,,,,V7_TEMPORAL_NUMERIC
LC_049_R02.png,LC,LC_049,2,13,ZERO-SHOT,Y,numeric,EXHAUSTIVE,READY_EXPLICIT_LIST,0 | 100M | 200M | 300M | 400M | 500M | 600M,0 | 100000000 | 200000000 | 300000000 | 400000000 | 500000000 | 600000000,NOT_SPECIFIED,AUTO_VALIDATED_FROZEN_GATE,AUTO_VALIDATED,0|1e+08|2e+08|3e+08|4e+08|5e+08|6e+08,0 | 100000000 | 200000000 | 300000000 | 400000000 | 500000000 | 600000000,NORMALIZED_EQUIVALENT,CONFORMING,,,Conteúdo observado coincide com F após normalização congelada.,YES,B_B_NORMALIZATION_V1,,,,V7_TEMPORAL_NUMERIC
LC_049_R03.png,LC,LC_049,3,13,ZERO-SHOT,X,temporal,EXHAUSTIVE,READY_TEMPORAL,2018 | 2019 | 2020 | 2021 | 2022 | 2023 | 2024 | 2025,2018 | 2019 | 2020 | 2021 | 2022 | 2023 | 2024 | 2025,NOT_SPECIFIED,AUTO_VALIDATED_FROZEN_GATE,AUTO_VALIDATED,2018|2019|2020|2021|2022|2023|2024|2025,2018 | 2019 | 2020 | 2021 | 2022 | 2023 | 2024 | 2025,NORMALIZED_EQUIVALENT,CONFORMING,,,Conteúdo observado coincide com F após normalização congelada.,YES,B_B_NORMALIZATION_V1,,,,V7_TEMPORAL_NUMERIC
LC_049_R03.png,LC,LC_049,3,13,ZERO-SHOT,Y,numeric,EXHAUSTIVE,READY_EXPLICIT_LIST,0 | 100M | 200M | 300M | 400M | 500M | 600M,0 | 100000000 | 200000000 | 300000000 | 400000000 | 500000000 | 600000000,NOT_SPECIFIED,AUTO_VALIDATED_FROZEN_GATE,AUTO_VALIDATED,0|1e+08|2e+08|3e+08|4e+08|5e+08|6e+08,0 | 100000000 | 200000000 | 300000000 | 400000000 | 500000000 | 600000000,NORMALIZED_EQUIVALENT,CONFORMING,,,Conteúdo observado coincide com F após normalização congelada.,YES,B_B_NORMALIZATION_V1,,,,V7_TEMPORAL_NUMERIC
LC_049_R04.png,LC,LC_049,4,13,ZERO-SHOT,X,temporal,EXHAUSTIVE,READY_TEMPORAL,2018 | 2019 | 2020 | 2021 | 2022 | 2023 | 2024 | 2025,2018 | 2019 | 2020 | 2021 | 2022 | 2023 | 2024 | 2025,NOT_SPECIFIED,AUTO_VALIDATED_FROZEN_GATE,AUTO_VALIDATED,2018|2019|2020|2021|2022|2023|2024|2025,2018 | 2019 | 2020 | 2021 | 2022 | 2023 | 2024 | 2025,NORMALIZED_EQUIVALENT,CONFORMING,,,Conteúdo observado coincide com F após normalização congelada.,YES,B_B_NORMALIZATION_V1,,,,V7_TEMPORAL_NUMERIC
LC_049_R04.png,LC,LC_049,4,13,ZERO-SHOT,Y,numeric,EXHAUSTIVE,READY_EXPLICIT_LIST,0 | 100M | 200M | 300M | 400M | 500M | 600M,0 | 100000000 | 200000000 | 300000000 | 400000000 | 500000000 | 600000000,NOT_SPECIFIED,AUTO_VALIDATED_FROZEN_GATE,AUTO_VALIDATED,0|1e+08|2e+08|3e+08|4e+08|5e+08|6e+08,0 | 100000000 | 200000000 | 300000000 | 400000000 | 500000000 | 600000000,NORMALIZED_EQUIVALENT,CONFORMING,,,Conteúdo observado coincide com F após normalização congelada.,YES,B_B_NORMALIZATION_V1,,,,V7_TEMPORAL_NUMERIC
LC_049_R05.png,LC,LC_049,5,13,ZERO-SHOT,X,temporal,EXHAUSTIVE,READY_TEMPORAL,2018 | 2019 | 2020 | 2021 | 2022 | 2023 | 2024 | 2025,2018 | 2019 | 2020 | 2021 | 2022 | 2023 | 2024 | 2025,NOT_SPECIFIED,AUTO_VALIDATED_FROZEN_GATE,AUTO_VALIDATED,2018|2019|2020|2021|2022|2023|2024|2025,2018 | 2019 | 2020 | 2021 | 2022 | 2023 | 2024 | 2025,NORMALIZED_EQUIVALENT,CONFORMING,,,Conteúdo observado coincide com F após normalização congelada.,YES,B_B_NORMALIZATION_V1,,,,V7_TEMPORAL_NUMERIC
LC_049_R05.png,LC,LC_049,5,13,ZERO-SHOT,Y,numeric,EXHAUSTIVE,READY_EXPLICIT_LIST,0 | 100M | 200M | 300M | 400M | 500M | 600M,0 | 100000000 | 200000000 | 300000000 | 400000000 | 500000000 | 600000000,NOT_SPECIFIED,AUTO_VALIDATED_FROZEN_GATE,AUTO_VALIDATED,0|1e+08|2e+08|3e+08|4e+08|5e+08|6e+08,0 | 100000000 | 200000000 | 300000000 | 400000000 | 500000000 | 600000000,NORMALIZED_EQUIVALENT,CONFORMING,,,Conteúdo observado coincide com F após normalização congelada.,YES,B_B_NORMALIZATION_V1,,,,V7_TEMPORAL_NUMERIC
LC_049_R06.png,LC,LC_049,6,13,ZERO-SHOT,X,temporal,EXHAUSTIVE,READY_TEMPORAL,2018 | 2019 | 2020 | 2021 | 2022 | 2023 | 2024 | 2025,2018 | 2019 | 2020 | 2021 | 2022 | 2023 | 2024 | 2025,NOT_SPECIFIED,AUTO_VALIDATED_FROZEN_GATE,AUTO_VALIDATED,2018|2019|2020|2021|2022|2023|2024|2025,2018 | 2019 | 2020 | 2021 | 2022 | 2023 | 2024 | 2025,NORMALIZED_EQUIVALENT,CONFORMING,,,Conteúdo observado coincide com F após normalização congelada.,YES,B_B_NORMALIZATION_V1,,,,V7_TEMPORAL_NUMERIC
LC_049_R06.png,LC,LC_049,6,13,ZERO-SHOT,Y,numeric,EXHAUSTIVE,READY_EXPLICIT_LIST,0 | 100M | 200M | 300M | 400M | 500M | 600M,0 | 100000000 | 200000000 | 300000000 | 400000000 | 500000000 | 600000000,NOT_SPECIFIED,AUTO_VALIDATED_FROZEN_GATE,AUTO_VALIDATED,0|1e+08|2e+08|3e+08|4e+08|5e+08|6e+08,0 | 100000000 | 200000000 | 300000000 | 400000000 | 500000000 | 600000000,NORMALIZED_EQUIVALENT,CONFORMING,,,Conteúdo observado coincide com F após normalização congelada.,YES,B_B_NORMALIZATION_V1,,,,V7_TEMPORAL_NUMERIC
LC_049_R07.png,LC,LC_049,7,13,ZERO-SHOT,X,temporal,EXHAUSTIVE,READY_TEMPORAL,2018 | 2019 | 2020 | 2021 | 2022 | 2023 | 2024 | 2025,2018 | 2019 | 2020 | 2021 | 2022 | 2023 | 2024 | 2025,NOT_SPECIFIED,AUTO_VALIDATED_FROZEN_GATE,AUTO_VALIDATED,2018|2019|2020|2021|2022|2023|2024|2025,2018 | 2019 | 2020 | 2021 | 2022 | 2023 | 2024 | 2025,NORMALIZED_EQUIVALENT,CONFORMING,,,Conteúdo observado coincide com F após normalização congelada.,YES,B_B_NORMALIZATION_V1,,,,V7_TEMPORAL_NUMERIC
LC_049_R07.png,LC,LC_049,7,13,ZERO-SHOT,Y,numeric,EXHAUSTIVE,READY_EXPLICIT_LIST,0 | 100M | 200M | 300M | 400M | 500M | 600M,0 | 100000000 | 200000000 | 300000000 | 400000000 | 500000000 | 600000000,NOT_SPECIFIED,AUTO_VALIDATED_FROZEN_GATE,AUTO_VALIDATED,0|1e+08|2e+08|3e+08|4e+08|5e+08|6e+08,0 | 100000000 | 200000000 | 300000000 | 400000000 | 500000000 | 600000000,NORMALIZED_EQUIVALENT,CONFORMING,,,Conteúdo observado coincide com F após normalização congelada.,YES,B_B_NORMALIZATION_V1,,,,V7_TEMPORAL_NUMERIC
LC_049_R08.png,LC,LC_049,8,13,ZERO-SHOT,X,temporal,EXHAUSTIVE,READY_TEMPORAL,2018 | 2019 | 2020 | 2021 | 2022 | 2023 | 2024 | 2025,2018 | 2019 | 2020 | 2021 | 2022 | 2023 | 2024 | 2025,NOT_SPECIFIED,AUTO_VALIDATED_FROZEN_GATE,AUTO_VALIDATED,2018|2019|2020|2021|2022|2023|2024|2025,2018 | 2019 | 2020 | 2021 | 2022 | 2023 | 2024 | 2025,NORMALIZED_EQUIVALENT,CONFORMING,,,Conteúdo observado coincide com F após normalização congelada.,YES,B_B_NORMALIZATION_V1,,,,V7_TEMPORAL_NUMERIC
LC_049_R08.png,LC,LC_049,8,13,ZERO-SHOT,Y,numeric,EXHAUSTIVE,READY_EXPLICIT_LIST,0 | 100M | 200M | 300M | 400M | 500M | 600M,0 | 100000000 | 200000000 | 300000000 | 400000000 | 500000000 | 600000000,NOT_SPECIFIED,AUTO_VALIDATED_FROZEN_GATE,AUTO_VALIDATED,0|1e+08|2e+08|3e+08|4e+08|5e+08|6e+08,0 | 100000000 | 200000000 | 300000000 | 400000000 | 500000000 | 600000000,NORMALIZED_EQUIVALENT,CONFORMING,,,Conteúdo observado coincide com F após normalização congelada.,YES,B_B_NORMALIZATION_V1,,,,V7_TEMPORAL_NUMERIC
LC_049_R09.png,LC,LC_049,9,13,ZERO-SHOT,X,temporal,EXHAUSTIVE,READY_TEMPORAL,2018 | 2019 | 2020 | 2021 | 2022 | 2023 | 2024 | 2025,2018 | 2019 | 2020 | 2021 | 2022 | 2023 | 2024 | 2025,NOT_SPECIFIED,AUTO_VALIDATED_FROZEN_GATE,AUTO_VALIDATED,2018|2019|2020|2021|2022|2023|2024|2025,2018 | 2019 | 2020 | 2021 | 2022 | 2023 | 2024 | 2025,NORMALIZED_EQUIVALENT,CONFORMING,,,Conteúdo observado coincide com F após normalização congelada.,YES,B_B_NORMALIZATION_V1,,,,V7_TEMPORAL_NUMERIC
LC_049_R09.png,LC,LC_049,9,13,ZERO-SHOT,Y,numeric,EXHAUSTIVE,READY_EXPLICIT_LIST,0 | 100M | 200M | 300M | 400M | 500M | 600M,0 | 100000000 | 200000000 | 300000000 | 400000000 | 500000000 | 600000000,NOT_SPECIFIED,AUTO_VALIDATED_FROZEN_GATE,AUTO_VALIDATED,0|1e+08|2e+08|3e+08|4e+08|5e+08|6e+08,0 | 100000000 | 200000000 | 300000000 | 400000000 | 500000000 | 600000000,NORMALIZED_EQUIVALENT,CONFORMING,,,Conteúdo observado coincide com F após normalização congelada.,YES,B_B_NORMALIZATION_V1,,,,V7_TEMPORAL_NUMERIC
LC_049_R10.png,LC,LC_049,10,13,ZERO-SHOT,X,temporal,EXHAUSTIVE,READY_TEMPORAL,2018 | 2019 | 2020 | 2021 | 2022 | 2023 | 2024 | 2025,2018 | 2019 | 2020 | 2021 | 2022 | 2023 | 2024 | 2025,NOT_SPECIFIED,AUTO_VALIDATED_FROZEN_GATE,AUTO_VALIDATED,2018|2019|2020|2021|2022|2023|2024|2025,2018 | 2019 | 2020 | 2021 | 2022 | 2023 | 2024 | 2025,NORMALIZED_EQUIVALENT,CONFORMING,,,Conteúdo observado coincide com F após normalização congelada.,YES,B_B_NORMALIZATION_V1,,,,V7_TEMPORAL_NUMERIC
LC_049_R10.png,LC,LC_049,10,13,ZERO-SHOT,Y,numeric,EXHAUSTIVE,READY_EXPLICIT_LIST,0 | 100M | 200M | 300M | 400M | 500M | 600M,0 | 100000000 | 200000000 | 300000000 | 400000000 | 500000000 | 600000000,NOT_SPECIFIED,AUTO_VALIDATED_FROZEN_GATE,AUTO_VALIDATED,0|1e+08|2e+08|3e+08|4e+08|5e+08|6e+08,0 | 100000000 | 200000000 | 300000000 | 400000000 | 500000000 | 600000000,NORMALIZED_EQUIVALENT,CONFORMING,,,Conteúdo observado coincide com F após normalização congelada.,YES,B_B_NORMALIZATION_V1,,,,V7_TEMPORAL_NUMERIC
LC_050_R01.png,LC,LC_050,1,14,ZERO-SHOT,X,temporal,EXHAUSTIVE,READY_TEMPORAL,2018 | 2019 | 2020 | 2021 | 2022 | 2023 | 2024 | 2025,2018 | 2019 | 2020 | 2021 | 2022 | 2023 | 2024 | 2025,NOT_SPECIFIED,AUTO_VALIDATED_FROZEN_GATE,AUTO_VALIDATED,2018|2019|2020|2021|2022|2023|2024|2025,2018 | 2019 | 2020 | 2021 | 2022 | 2023 | 2024 | 2025,NORMALIZED_EQUIVALENT,CONFORMING,,,Conteúdo observado coincide com F após normalização congelada.,YES,B_B_NORMALIZATION_V1,,,,V7_TEMPORAL_NUMERIC
LC_050_R02.png,LC,LC_050,2,14,ZERO-SHOT,X,temporal,EXHAUSTIVE,READY_TEMPORAL,2018 | 2019 | 2020 | 2021 | 2022 | 2023 | 2024 | 2025,2018 | 2019 | 2020 | 2021 | 2022 | 2023 | 2024 | 2025,NOT_SPECIFIED,AUTO_VALIDATED_FROZEN_GATE,AUTO_VALIDATED,2018|2019|2020|2021|2022|2023|2024|2025,2018 | 2019 | 2020 | 2021 | 2022 | 2023 | 2024 | 2025,NORMALIZED_EQUIVALENT,CONFORMING,,,Conteúdo observado coincide com F após normalização congelada.,YES,B_B_NORMALIZATION_V1,,,,V7_TEMPORAL_NUMERIC
LC_050_R03.png,LC,LC_050,3,14,ZERO-SHOT,X,temporal,EXHAUSTIVE,READY_TEMPORAL,2018 | 2019 | 2020 | 2021 | 2022 | 2023 | 2024 | 2025,2018 | 2019 | 2020 | 2021 | 2022 | 2023 | 2024 | 2025,NOT_SPECIFIED,AUTO_VALIDATED_FROZEN_GATE,AUTO_VALIDATED,2018|2019|2020|2021|2022|2023|2024|2025,2018 | 2019 | 2020 | 2021 | 2022 | 2023 | 2024 | 2025,NORMALIZED_EQUIVALENT,CONFORMING,,,Conteúdo observado coincide com F após normalização congelada.,YES,B_B_NORMALIZATION_V1,,,,V7_TEMPORAL_NUMERIC
LC_050_R04.png,LC,LC_050,4,14,ZERO-SHOT,X,temporal,EXHAUSTIVE,READY_TEMPORAL,2018 | 2019 | 2020 | 2021 | 2022 | 2023 | 2024 | 2025,2018 | 2019 | 2020 | 2021 | 2022 | 2023 | 2024 | 2025,NOT_SPECIFIED,AUTO_VALIDATED_FROZEN_GATE,AUTO_VALIDATED,2018|2019|2020|2021|2022|2023|2024|2025,2018 | 2019 | 2020 | 2021 | 2022 | 2023 | 2024 | 2025,NORMALIZED_EQUIVALENT,CONFORMING,,,Conteúdo observado coincide com F após normalização congelada.,YES,B_B_NORMALIZATION_V1,,,,V7_TEMPORAL_NUMERIC
LC_050_R05.png,LC,LC_050,5,14,ZERO-SHOT,X,temporal,EXHAUSTIVE,READY_TEMPORAL,2018 | 2019 | 2020 | 2021 | 2022 | 2023 | 2024 | 2025,2018 | 2019 | 2020 | 2021 | 2022 | 2023 | 2024 | 2025,NOT_SPECIFIED,AUTO_VALIDATED_FROZEN_GATE,AUTO_VALIDATED,2018|2019|2020|2021|2022|2023|2024|2025,2018 | 2019 | 2020 | 2021 | 2022 | 2023 | 2024 | 2025,NORMALIZED_EQUIVALENT,CONFORMING,,,Conteúdo observado coincide com F após normalização congelada.,YES,B_B_NORMALIZATION_V1,,,,V7_TEMPORAL_NUMERIC
LC_050_R06.png,LC,LC_050,6,14,ZERO-SHOT,X,temporal,EXHAUSTIVE,READY_TEMPORAL,2018 | 2019 | 2020 | 2021 | 2022 | 2023 | 2024 | 2025,2018 | 2019 | 2020 | 2021 | 2022 | 2023 | 2024 | 2025,NOT_SPECIFIED,AUTO_VALIDATED_FROZEN_GATE,AUTO_VALIDATED,2018|2019|2020|2021|2022|2023|2024|2025,2018 | 2019 | 2020 | 2021 | 2022 | 2023 | 2024 | 2025,NORMALIZED_EQUIVALENT,CONFORMING,,,Conteúdo observado coincide com F após normalização congelada.,YES,B_B_NORMALIZATION_V1,,,,V7_TEMPORAL_NUMERIC
LC_050_R07.png,LC,LC_050,7,14,ZERO-SHOT,X,temporal,EXHAUSTIVE,READY_TEMPORAL,2018 | 2019 | 2020 | 2021 | 2022 | 2023 | 2024 | 2025,2018 | 2019 | 2020 | 2021 | 2022 | 2023 | 2024 | 2025,NOT_SPECIFIED,AUTO_VALIDATED_FROZEN_GATE,AUTO_VALIDATED,2018|2019|2020|2021|2022|2023|2024|2025,2018 | 2019 | 2020 | 2021 | 2022 | 2023 | 2024 | 2025,NORMALIZED_EQUIVALENT,CONFORMING,,,Conteúdo observado coincide com F após normalização congelada.,YES,B_B_NORMALIZATION_V1,,,,V7_TEMPORAL_NUMERIC
LC_050_R08.png,LC,LC_050,8,14,ZERO-SHOT,X,temporal,EXHAUSTIVE,READY_TEMPORAL,2018 | 2019 | 2020 | 2021 | 2022 | 2023 | 2024 | 2025,2018 | 2019 | 2020 | 2021 | 2022 | 2023 | 2024 | 2025,NOT_SPECIFIED,AUTO_VALIDATED_FROZEN_GATE,AUTO_VALIDATED,2018|2019|2020|2021|2022|2023|2024|2025,2018 | 2019 | 2020 | 2021 | 2022 | 2023 | 2024 | 2025,NORMALIZED_EQUIVALENT,CONFORMING,,,Conteúdo observado coincide com F após normalização congelada.,YES,B_B_NORMALIZATION_V1,,,,V7_TEMPORAL_NUMERIC
LC_050_R09.png,LC,LC_050,9,14,ZERO-SHOT,X,temporal,EXHAUSTIVE,READY_TEMPORAL,2018 | 2019 | 2020 | 2021 | 2022 | 2023 | 2024 | 2025,2018 | 2019 | 2020 | 2021 | 2022 | 2023 | 2024 | 2025,NOT_SPECIFIED,AUTO_VALIDATED_FROZEN_GATE,AUTO_VALIDATED,2018|2019|2020|2021|2022|2023|2024|2025,2018 | 2019 | 2020 | 2021 | 2022 | 2023 | 2024 | 2025,NORMALIZED_EQUIVALENT,CONFORMING,,,Conteúdo observado coincide com F após normalização congelada.,YES,B_B_NORMALIZATION_V1,,,,V7_TEMPORAL_NUMERIC
LC_050_R10.png,LC,LC_050,10,14,ZERO-SHOT,X,temporal,EXHAUSTIVE,READY_TEMPORAL,2018 | 2019 | 2020 | 2021 | 2022 | 2023 | 2024 | 2025,2018 | 2019 | 2020 | 2021 | 2022 | 2023 | 2024 | 2025,NOT_SPECIFIED,AUTO_VALIDATED_FROZEN_GATE,AUTO_VALIDATED,2018|2019|2020|2021|2022|2023|2024|2025,2018 | 2019 | 2020 | 2021 | 2022 | 2023 | 2024 | 2025,NORMALIZED_EQUIVALENT,CONFORMING,,,Conteúdo observado coincide com F após normalização congelada.,YES,B_B_NORMALIZATION_V1,,,,V7_TEMPORAL_NUMERIC
LC_052_R01.png,LC,LC_052,1,16,ZERO-SHOT,X,temporal,EXHAUSTIVE,READY_TEMPORAL,2018 | 2019 | 2020 | 2021 | 2022 | 2023 | 2024 | 2025,2018 | 2019 | 2020 | 2021 | 2022 | 2023 | 2024 | 2025,NOT_SPECIFIED,AUTO_VALIDATED_FROZEN_GATE,AUTO_VALIDATED,2018|2019|2020|2021|2022|2023|2024|2025,2018 | 2019 | 2020 | 2021 | 2022 | 2023 | 2024 | 2025,NORMALIZED_EQUIVALENT,CONFORMING,,,Conteúdo observado coincide com F após normalização congelada.,YES,B_B_NORMALIZATION_V1,,,,V7_TEMPORAL_NUMERIC
LC_052_R02.png,LC,LC_052,2,16,ZERO-SHOT,X,temporal,EXHAUSTIVE,READY_TEMPORAL,2018 | 2019 | 2020 | 2021 | 2022 | 2023 | 2024 | 2025,2018 | 2019 | 2020 | 2021 | 2022 | 2023 | 2024 | 2025,NOT_SPECIFIED,AUTO_VALIDATED_FROZEN_GATE,AUTO_VALIDATED,2018|2019|2020|2021|2022|2023|2024|2025,2018 | 2019 | 2020 | 2021 | 2022 | 2023 | 2024 | 2025,NORMALIZED_EQUIVALENT,CONFORMING,,,Conteúdo observado coincide com F após normalização congelada.,YES,B_B_NORMALIZATION_V1,,,,V7_TEMPORAL_NUMERIC
LC_052_R03.png,LC,LC_052,3,16,ZERO-SHOT,X,temporal,EXHAUSTIVE,READY_TEMPORAL,2018 | 2019 | 2020 | 2021 | 2022 | 2023 | 2024 | 2025,2018 | 2019 | 2020 | 2021 | 2022 | 2023 | 2024 | 2025,NOT_SPECIFIED,AUTO_VALIDATED_FROZEN_GATE,AUTO_VALIDATED,2018|2019|2020|2021|2022|2023|2024|2025,2018 | 2019 | 2020 | 2021 | 2022 | 2023 | 2024 | 2025,NORMALIZED_EQUIVALENT,CONFORMING,,,Conteúdo observado coincide com F após normalização congelada.,YES,B_B_NORMALIZATION_V1,,,,V7_TEMPORAL_NUMERIC
LC_052_R04.png,LC,LC_052,4,16,ZERO-SHOT,X,temporal,EXHAUSTIVE,READY_TEMPORAL,2018 | 2019 | 2020 | 2021 | 2022 | 2023 | 2024 | 2025,2018 | 2019 | 2020 | 2021 | 2022 | 2023 | 2024 | 2025,NOT_SPECIFIED,AUTO_VALIDATED_FROZEN_GATE,AUTO_VALIDATED,2018|2019|2020|2021|2022|2023|2024|2025,2018 | 2019 | 2020 | 2021 | 2022 | 2023 | 2024 | 2025,NORMALIZED_EQUIVALENT,CONFORMING,,,Conteúdo observado coincide com F após normalização congelada.,YES,B_B_NORMALIZATION_V1,,,,V7_TEMPORAL_NUMERIC
LC_052_R05.png,LC,LC_052,5,16,ZERO-SHOT,X,temporal,EXHAUSTIVE,READY_TEMPORAL,2018 | 2019 | 2020 | 2021 | 2022 | 2023 | 2024 | 2025,2018 | 2019 | 2020 | 2021 | 2022 | 2023 | 2024 | 2025,NOT_SPECIFIED,AUTO_VALIDATED_FROZEN_GATE,AUTO_VALIDATED,2018|2019|2020|2021|2022|2023|2024|2025,2018 | 2019 | 2020 | 2021 | 2022 | 2023 | 2024 | 2025,NORMALIZED_EQUIVALENT,CONFORMING,,,Conteúdo observado coincide com F após normalização congelada.,YES,B_B_NORMALIZATION_V1,,,,V7_TEMPORAL_NUMERIC
LC_052_R06.png,LC,LC_052,6,16,ZERO-SHOT,X,temporal,EXHAUSTIVE,READY_TEMPORAL,2018 | 2019 | 2020 | 2021 | 2022 | 2023 | 2024 | 2025,2018 | 2019 | 2020 | 2021 | 2022 | 2023 | 2024 | 2025,NOT_SPECIFIED,AUTO_VALIDATED_FROZEN_GATE,AUTO_VALIDATED,2018|2019|2020|2021|2022|2023|2024|2025,2018 | 2019 | 2020 | 2021 | 2022 | 2023 | 2024 | 2025,NORMALIZED_EQUIVALENT,CONFORMING,,,Conteúdo observado coincide com F após normalização congelada.,YES,B_B_NORMALIZATION_V1,,,,V7_TEMPORAL_NUMERIC
LC_052_R07.png,LC,LC_052,7,16,ZERO-SHOT,X,temporal,EXHAUSTIVE,READY_TEMPORAL,2018 | 2019 | 2020 | 2021 | 2022 | 2023 | 2024 | 2025,2018 | 2019 | 2020 | 2021 | 2022 | 2023 | 2024 | 2025,NOT_SPECIFIED,AUTO_VALIDATED_FROZEN_GATE,AUTO_VALIDATED,2018|2019|2020|2021|2022|2023|2024|2025,2018 | 2019 | 2020 | 2021 | 2022 | 2023 | 2024 | 2025,NORMALIZED_EQUIVALENT,CONFORMING,,,Conteúdo observado coincide com F após normalização congelada.,YES,B_B_NORMALIZATION_V1,,,,V7_TEMPORAL_NUMERIC
LC_052_R08.png,LC,LC_052,8,16,ZERO-SHOT,X,temporal,EXHAUSTIVE,READY_TEMPORAL,2018 | 2019 | 2020 | 2021 | 2022 | 2023 | 2024 | 2025,2018 | 2019 | 2020 | 2021 | 2022 | 2023 | 2024 | 2025,NOT_SPECIFIED,AUTO_VALIDATED_FROZEN_GATE,AUTO_VALIDATED,2018|2019|2020|2021|2022|2023|2024|2025,2018 | 2019 | 2020 | 2021 | 2022 | 2023 | 2024 | 2025,NORMALIZED_EQUIVALENT,CONFORMING,,,Conteúdo observado coincide com F após normalização congelada.,YES,B_B_NORMALIZATION_V1,,,,V7_TEMPORAL_NUMERIC
LC_052_R09.png,LC,LC_052,9,16,ZERO-SHOT,X,temporal,EXHAUSTIVE,READY_TEMPORAL,2018 | 2019 | 2020 | 2021 | 2022 | 2023 | 2024 | 2025,2018 | 2019 | 2020 | 2021 | 2022 | 2023 | 2024 | 2025,NOT_SPECIFIED,AUTO_VALIDATED_FROZEN_GATE,AUTO_VALIDATED,2018|2019|2020|2021|2022|2023|2024|2025,2018 | 2019 | 2020 | 2021 | 2022 | 2023 | 2024 | 2025,NORMALIZED_EQUIVALENT,CONFORMING,,,Conteúdo observado coincide com F após normalização congelada.,YES,B_B_NORMALIZATION_V1,,,,V7_TEMPORAL_NUMERIC
LC_052_R10.png,LC,LC_052,10,16,ZERO-SHOT,X,temporal,EXHAUSTIVE,READY_TEMPORAL,2018 | 2019 | 2020 | 2021 | 2022 | 2023 | 2024 | 2025,2018 | 2019 | 2020 | 2021 | 2022 | 2023 | 2024 | 2025,NOT_SPECIFIED,AUTO_VALIDATED_FROZEN_GATE,AUTO_VALIDATED,2018|2019|2020|2021|2022|2023|2024|2025,2018 | 2019 | 2020 | 2021 | 2022 | 2023 | 2024 | 2025,NORMALIZED_EQUIVALENT,CONFORMING,,,Conteúdo observado coincide com F após normalização congelada.,YES,B_B_NORMALIZATION_V1,,,,V7_TEMPORAL_NUMERIC
LI_001_R01.png,LI,LI_001,1,1,FEW-SHOT,X,temporal,EXHAUSTIVE,READY_TEMPORAL,2018 | 2019 | 2020 | 2021 | 2022 | 2023 | 2024 | 2025,2018 | 2019 | 2020 | 2021 | 2022 | 2023 | 2024 | 2025,NOT_SPECIFIED,AUTO_VALIDATED_FROZEN_GATE,AUTO_VALIDATED,2018|2019|2020|2021|2022|2023|2024|2025,2018 | 2019 | 2020 | 2021 | 2022 | 2023 | 2024 | 2025,NORMALIZED_EQUIVALENT,CONFORMING,,,Conteúdo observado coincide com F após normalização congelada.,YES,B_B_NORMALIZATION_V1,,,,V7_TEMPORAL_NUMERIC
LI_001_R02.png,LI,LI_001,2,1,FEW-SHOT,X,temporal,EXHAUSTIVE,READY_TEMPORAL,2018 | 2019 | 2020 | 2021 | 2022 | 2023 | 2024 | 2025,2018 | 2019 | 2020 | 2021 | 2022 | 2023 | 2024 | 2025,NOT_SPECIFIED,AUTO_VALIDATED_FROZEN_GATE,AUTO_VALIDATED,2018|2019|2020|2021|2022|2023|2024|2025,2018 | 2019 | 2020 | 2021 | 2022 | 2023 | 2024 | 2025,NORMALIZED_EQUIVALENT,CONFORMING,,,Conteúdo observado coincide com F após normalização congelada.,YES,B_B_NORMALIZATION_V1,,,,V7_TEMPORAL_NUMERIC
LI_001_R03.png,LI,LI_001,3,1,FEW-SHOT,X,temporal,EXHAUSTIVE,READY_TEMPORAL,2018 | 2019 | 2020 | 2021 | 2022 | 2023 | 2024 | 2025,2018 | 2019 | 2020 | 2021 | 2022 | 2023 | 2024 | 2025,NOT_SPECIFIED,AUTO_VALIDATED_FROZEN_GATE,AUTO_VALIDATED,2018|2019|2020|2021|2022|2023|2024|2025,2018 | 2019 | 2020 | 2021 | 2022 | 2023 | 2024 | 2025,NORMALIZED_EQUIVALENT,CONFORMING,,,Conteúdo observado coincide com F após normalização congelada.,YES,B_B_NORMALIZATION_V1,,,,V7_TEMPORAL_NUMERIC
LI_001_R04.png,LI,LI_001,4,1,FEW-SHOT,X,temporal,EXHAUSTIVE,READY_TEMPORAL,2018 | 2019 | 2020 | 2021 | 2022 | 2023 | 2024 | 2025,2018 | 2019 | 2020 | 2021 | 2022 | 2023 | 2024 | 2025,NOT_SPECIFIED,AUTO_VALIDATED_FROZEN_GATE,AUTO_VALIDATED,2018|2019|2020|2021|2022|2023|2024|2025,2018 | 2019 | 2020 | 2021 | 2022 | 2023 | 2024 | 2025,NORMALIZED_EQUIVALENT,CONFORMING,,,Conteúdo observado coincide com F após normalização congelada.,YES,B_B_NORMALIZATION_V1,,,,V7_TEMPORAL_NUMERIC
LI_001_R05.png,LI,LI_001,5,1,FEW-SHOT,X,temporal,EXHAUSTIVE,READY_TEMPORAL,2018 | 2019 | 2020 | 2021 | 2022 | 2023 | 2024 | 2025,2018 | 2019 | 2020 | 2021 | 2022 | 2023 | 2024 | 2025,NOT_SPECIFIED,AUTO_VALIDATED_FROZEN_GATE,AUTO_VALIDATED,2018|2019|2020|2021|2022|2023|2024|2025,2018 | 2019 | 2020 | 2021 | 2022 | 2023 | 2024 | 2025,NORMALIZED_EQUIVALENT,CONFORMING,,,Conteúdo observado coincide com F após normalização congelada.,YES,B_B_NORMALIZATION_V1,,,,V7_TEMPORAL_NUMERIC
LI_001_R06.png,LI,LI_001,6,1,FEW-SHOT,X,temporal,EXHAUSTIVE,READY_TEMPORAL,2018 | 2019 | 2020 | 2021 | 2022 | 2023 | 2024 | 2025,2018 | 2019 | 2020 | 2021 | 2022 | 2023 | 2024 | 2025,NOT_SPECIFIED,AUTO_VALIDATED_FROZEN_GATE,AUTO_VALIDATED,2018|2019|2020|2021|2022|2023|2024|2025,2018 | 2019 | 2020 | 2021 | 2022 | 2023 | 2024 | 2025,NORMALIZED_EQUIVALENT,CONFORMING,,,Conteúdo observado coincide com F após normalização congelada.,YES,B_B_NORMALIZATION_V1,,,,V7_TEMPORAL_NUMERIC
LI_001_R07.png,LI,LI_001,7,1,FEW-SHOT,X,temporal,EXHAUSTIVE,READY_TEMPORAL,2018 | 2019 | 2020 | 2021 | 2022 | 2023 | 2024 | 2025,2018 | 2019 | 2020 | 2021 | 2022 | 2023 | 2024 | 2025,NOT_SPECIFIED,AUTO_VALIDATED_FROZEN_GATE,AUTO_VALIDATED,2018|2019|2020|2021|2022|2023|2024|2025,2018 | 2019 | 2020 | 2021 | 2022 | 2023 | 2024 | 2025,NORMALIZED_EQUIVALENT,CONFORMING,,,Conteúdo observado coincide com F após normalização congelada.,YES,B_B_NORMALIZATION_V1,,,,V7_TEMPORAL_NUMERIC
LI_001_R08.png,LI,LI_001,8,1,FEW-SHOT,X,temporal,EXHAUSTIVE,READY_TEMPORAL,2018 | 2019 | 2020 | 2021 | 2022 | 2023 | 2024 | 2025,2018 | 2019 | 2020 | 2021 | 2022 | 2023 | 2024 | 2025,NOT_SPECIFIED,AUTO_VALIDATED_FROZEN_GATE,AUTO_VALIDATED,2018|2019|2020|2021|2022|2023|2024|2025,2018 | 2019 | 2020 | 2021 | 2022 | 2023 | 2024 | 2025,NORMALIZED_EQUIVALENT,CONFORMING,,,Conteúdo observado coincide com F após normalização congelada.,YES,B_B_NORMALIZATION_V1,,,,V7_TEMPORAL_NUMERIC
LI_001_R09.png,LI,LI_001,9,1,FEW-SHOT,X,temporal,EXHAUSTIVE,READY_TEMPORAL,2018 | 2019 | 2020 | 2021 | 2022 | 2023 | 2024 | 2025,2018 | 2019 | 2020 | 2021 | 2022 | 2023 | 2024 | 2025,NOT_SPECIFIED,AUTO_VALIDATED_FROZEN_GATE,AUTO_VALIDATED,2018|2019|2020|2021|2022|2023|2024|2025,2018 | 2019 | 2020 | 2021 | 2022 | 2023 | 2024 | 2025,NORMALIZED_EQUIVALENT,CONFORMING,,,Conteúdo observado coincide com F após normalização congelada.,YES,B_B_NORMALIZATION_V1,,,,V7_TEMPORAL_NUMERIC
LI_001_R10.png,LI,LI_001,10,1,FEW-SHOT,X,temporal,EXHAUSTIVE,READY_TEMPORAL,2018 | 2019 | 2020 | 2021 | 2022 | 2023 | 2024 | 2025,2018 | 2019 | 2020 | 2021 | 2022 | 2023 | 2024 | 2025,NOT_SPECIFIED,AUTO_VALIDATED_FROZEN_GATE,AUTO_VALIDATED,2018|2019|2020|2021|2022|2023|2024|2025,2018 | 2019 | 2020 | 2021 | 2022 | 2023 | 2024 | 2025,NORMALIZED_EQUIVALENT,CONFORMING,,,Conteúdo observado coincide com F após normalização congelada.,YES,B_B_NORMALIZATION_V1,,,,V7_TEMPORAL_NUMERIC
LI_002_R01.png,LI,LI_002,1,4,FEW-SHOT,X,temporal,EXHAUSTIVE,READY_TEMPORAL,2018 | 2019 | 2020 | 2021 | 2022 | 2023 | 2024 | 2025,2018 | 2019 | 2020 | 2021 | 2022 | 2023 | 2024 | 2025,NOT_SPECIFIED,AUTO_VALIDATED_FROZEN_GATE,AUTO_VALIDATED,2018|2019|2020|2021|2022|2023|2024|2025,2018 | 2019 | 2020 | 2021 | 2022 | 2023 | 2024 | 2025,NORMALIZED_EQUIVALENT,CONFORMING,,,Conteúdo observado coincide com F após normalização congelada.,YES,B_B_NORMALIZATION_V1,,,,V7_TEMPORAL_NUMERIC
LI_002_R02.png,LI,LI_002,2,4,FEW-SHOT,X,temporal,EXHAUSTIVE,READY_TEMPORAL,2018 | 2019 | 2020 | 2021 | 2022 | 2023 | 2024 | 2025,2018 | 2019 | 2020 | 2021 | 2022 | 2023 | 2024 | 2025,NOT_SPECIFIED,AUTO_VALIDATED_FROZEN_GATE,AUTO_VALIDATED,2018|2019|2020|2021|2022|2023|2024|2025,2018 | 2019 | 2020 | 2021 | 2022 | 2023 | 2024 | 2025,NORMALIZED_EQUIVALENT,CONFORMING,,,Conteúdo observado coincide com F após normalização congelada.,YES,B_B_NORMALIZATION_V1,,,,V7_TEMPORAL_NUMERIC
LI_002_R03.png,LI,LI_002,3,4,FEW-SHOT,X,temporal,EXHAUSTIVE,READY_TEMPORAL,2018 | 2019 | 2020 | 2021 | 2022 | 2023 | 2024 | 2025,2018 | 2019 | 2020 | 2021 | 2022 | 2023 | 2024 | 2025,NOT_SPECIFIED,AUTO_VALIDATED_FROZEN_GATE,AUTO_VALIDATED,2018|2019|2020|2021|2022|2023|2024|2025,2018 | 2019 | 2020 | 2021 | 2022 | 2023 | 2024 | 2025,NORMALIZED_EQUIVALENT,CONFORMING,,,Conteúdo observado coincide com F após normalização congelada.,YES,B_B_NORMALIZATION_V1,,,,V7_TEMPORAL_NUMERIC
LI_002_R04.png,LI,LI_002,4,4,FEW-SHOT,X,temporal,EXHAUSTIVE,READY_TEMPORAL,2018 | 2019 | 2020 | 2021 | 2022 | 2023 | 2024 | 2025,2018 | 2019 | 2020 | 2021 | 2022 | 2023 | 2024 | 2025,NOT_SPECIFIED,AUTO_VALIDATED_FROZEN_GATE,AUTO_VALIDATED,2018|2019|2020|2021|2022|2023|2024|2025,2018 | 2019 | 2020 | 2021 | 2022 | 2023 | 2024 | 2025,NORMALIZED_EQUIVALENT,CONFORMING,,,Conteúdo observado coincide com F após normalização congelada.,YES,B_B_NORMALIZATION_V1,,,,V7_TEMPORAL_NUMERIC
LI_002_R05.png,LI,LI_002,5,4,FEW-SHOT,X,temporal,EXHAUSTIVE,READY_TEMPORAL,2018 | 2019 | 2020 | 2021 | 2022 | 2023 | 2024 | 2025,2018 | 2019 | 2020 | 2021 | 2022 | 2023 | 2024 | 2025,NOT_SPECIFIED,AUTO_VALIDATED_FROZEN_GATE,AUTO_VALIDATED,2018|2019|2020|2021|2022|2023|2024|2025,2018 | 2019 | 2020 | 2021 | 2022 | 2023 | 2024 | 2025,NORMALIZED_EQUIVALENT,CONFORMING,,,Conteúdo observado coincide com F após normalização congelada.,YES,B_B_NORMALIZATION_V1,,,,V7_TEMPORAL_NUMERIC
LI_002_R06.png,LI,LI_002,6,4,FEW-SHOT,X,temporal,EXHAUSTIVE,READY_TEMPORAL,2018 | 2019 | 2020 | 2021 | 2022 | 2023 | 2024 | 2025,2018 | 2019 | 2020 | 2021 | 2022 | 2023 | 2024 | 2025,NOT_SPECIFIED,AUTO_VALIDATED_FROZEN_GATE,AUTO_VALIDATED,2018|2019|2020|2021|2022|2023|2024|2025,2018 | 2019 | 2020 | 2021 | 2022 | 2023 | 2024 | 2025,NORMALIZED_EQUIVALENT,CONFORMING,,,Conteúdo observado coincide com F após normalização congelada.,YES,B_B_NORMALIZATION_V1,,,,V7_TEMPORAL_NUMERIC
LI_002_R07.png,LI,LI_002,7,4,FEW-SHOT,X,temporal,EXHAUSTIVE,READY_TEMPORAL,2018 | 2019 | 2020 | 2021 | 2022 | 2023 | 2024 | 2025,2018 | 2019 | 2020 | 2021 | 2022 | 2023 | 2024 | 2025,NOT_SPECIFIED,AUTO_VALIDATED_FROZEN_GATE,AUTO_VALIDATED,2018|2019|2020|2021|2022|2023|2024|2025,2018 | 2019 | 2020 | 2021 | 2022 | 2023 | 2024 | 2025,NORMALIZED_EQUIVALENT,CONFORMING,,,Conteúdo observado coincide com F após normalização congelada.,YES,B_B_NORMALIZATION_V1,,,,V7_TEMPORAL_NUMERIC
LI_002_R08.png,LI,LI_002,8,4,FEW-SHOT,X,temporal,EXHAUSTIVE,READY_TEMPORAL,2018 | 2019 | 2020 | 2021 | 2022 | 2023 | 2024 | 2025,2018 | 2019 | 2020 | 2021 | 2022 | 2023 | 2024 | 2025,NOT_SPECIFIED,AUTO_VALIDATED_FROZEN_GATE,AUTO_VALIDATED,2018|2019|2020|2021|2022|2023|2024|2025,2018 | 2019 | 2020 | 2021 | 2022 | 2023 | 2024 | 2025,NORMALIZED_EQUIVALENT,CONFORMING,,,Conteúdo observado coincide com F após normalização congelada.,YES,B_B_NORMALIZATION_V1,,,,V7_TEMPORAL_NUMERIC
LI_002_R09.png,LI,LI_002,9,4,FEW-SHOT,X,temporal,EXHAUSTIVE,READY_TEMPORAL,2018 | 2019 | 2020 | 2021 | 2022 | 2023 | 2024 | 2025,2018 | 2019 | 2020 | 2021 | 2022 | 2023 | 2024 | 2025,NOT_SPECIFIED,AUTO_VALIDATED_FROZEN_GATE,AUTO_VALIDATED,2018|2019|2020|2021|2022|2023|2024|2025,2018 | 2019 | 2020 | 2021 | 2022 | 2023 | 2024 | 2025,NORMALIZED_EQUIVALENT,CONFORMING,,,Conteúdo observado coincide com F após normalização congelada.,YES,B_B_NORMALIZATION_V1,,,,V7_TEMPORAL_NUMERIC
LI_002_R10.png,LI,LI_002,10,4,FEW-SHOT,X,temporal,EXHAUSTIVE,READY_TEMPORAL,2018 | 2019 | 2020 | 2021 | 2022 | 2023 | 2024 | 2025,2018 | 2019 | 2020 | 2021 | 2022 | 2023 | 2024 | 2025,NOT_SPECIFIED,AUTO_VALIDATED_FROZEN_GATE,AUTO_VALIDATED,2018|2019|2020|2021|2022|2023|2024|2025,2018 | 2019 | 2020 | 2021 | 2022 | 2023 | 2024 | 2025,NORMALIZED_EQUIVALENT,CONFORMING,,,Conteúdo observado coincide com F após normalização congelada.,YES,B_B_NORMALIZATION_V1,,,,V7_TEMPORAL_NUMERIC
LI_006_R01.png,LI,LI_006,1,9,FEW-SHOT,X,temporal,EXHAUSTIVE,READY_TEMPORAL,2018 | 2019 | 2020 | 2021 | 2022 | 2023 | 2024 | 2025,2018 | 2019 | 2020 | 2021 | 2022 | 2023 | 2024 | 2025,NOT_SPECIFIED,AUTO_VALIDATED_FROZEN_GATE,AUTO_VALIDATED,2018|2019|2020|2021|2022|2023|2024|2025,2018 | 2019 | 2020 | 2021 | 2022 | 2023 | 2024 | 2025,NORMALIZED_EQUIVALENT,CONFORMING,,,Conteúdo observado coincide com F após normalização congelada.,YES,B_B_NORMALIZATION_V1,,,,V7_TEMPORAL_NUMERIC
LI_006_R01.png,LI,LI_006,1,9,FEW-SHOT,Y,numeric,EXHAUSTIVE,READY_EXPLICIT_LIST,0 | 50M | 100M | 150M | 200M | 250M | 300M,0 | 50000000 | 100000000 | 150000000 | 200000000 | 250000000 | 300000000,NOT_SPECIFIED,MANUAL_ADJUDICATED,MANUAL_ADJUDICATED,0M | 50M | 100M | 150M | 200M | 250M | 300M,0 | 50000000 | 100000000 | 150000000 | 200000000 | 250000000 | 300000000,NORMALIZED_EQUIVALENT,CONFORMING,,,Conteúdo observado coincide com F após normalização congelada.,YES,B_B_NORMALIZATION_V1,,,,V7_TEMPORAL_NUMERIC
LI_006_R02.png,LI,LI_006,2,9,FEW-SHOT,X,temporal,EXHAUSTIVE,READY_TEMPORAL,2018 | 2019 | 2020 | 2021 | 2022 | 2023 | 2024 | 2025,2018 | 2019 | 2020 | 2021 | 2022 | 2023 | 2024 | 2025,NOT_SPECIFIED,AUTO_VALIDATED_FROZEN_GATE,AUTO_VALIDATED,2018|2019|2020|2021|2022|2023|2024|2025,2018 | 2019 | 2020 | 2021 | 2022 | 2023 | 2024 | 2025,NORMALIZED_EQUIVALENT,CONFORMING,,,Conteúdo observado coincide com F após normalização congelada.,YES,B_B_NORMALIZATION_V1,,,,V7_TEMPORAL_NUMERIC
LI_006_R02.png,LI,LI_006,2,9,FEW-SHOT,Y,numeric,EXHAUSTIVE,READY_EXPLICIT_LIST,0 | 50M | 100M | 150M | 200M | 250M | 300M,0 | 50000000 | 100000000 | 150000000 | 200000000 | 250000000 | 300000000,NOT_SPECIFIED,AUTO_VALIDATED_FROZEN_GATE,AUTO_VALIDATED,0|5e+07|1e+08|1.5e+08|2e+08|2.5e+08|3e+08,0 | 50000000 | 100000000 | 150000000 | 200000000 | 250000000 | 300000000,NORMALIZED_EQUIVALENT,CONFORMING,,,Conteúdo observado coincide com F após normalização congelada.,YES,B_B_NORMALIZATION_V1,,,,V7_TEMPORAL_NUMERIC
LI_006_R03.png,LI,LI_006,3,9,FEW-SHOT,X,temporal,EXHAUSTIVE,READY_TEMPORAL,2018 | 2019 | 2020 | 2021 | 2022 | 2023 | 2024 | 2025,2018 | 2019 | 2020 | 2021 | 2022 | 2023 | 2024 | 2025,NOT_SPECIFIED,AUTO_VALIDATED_FROZEN_GATE,AUTO_VALIDATED,2018|2019|2020|2021|2022|2023|2024|2025,2018 | 2019 | 2020 | 2021 | 2022 | 2023 | 2024 | 2025,NORMALIZED_EQUIVALENT,CONFORMING,,,Conteúdo observado coincide com F após normalização congelada.,YES,B_B_NORMALIZATION_V1,,,,V7_TEMPORAL_NUMERIC
LI_006_R03.png,LI,LI_006,3,9,FEW-SHOT,Y,numeric,EXHAUSTIVE,READY_EXPLICIT_LIST,0 | 50M | 100M | 150M | 200M | 250M | 300M,0 | 50000000 | 100000000 | 150000000 | 200000000 | 250000000 | 300000000,NOT_SPECIFIED,AUTO_VALIDATED_FROZEN_GATE,AUTO_VALIDATED,0|5e+07|1e+08|1.5e+08|2e+08|2.5e+08|3e+08,0 | 50000000 | 100000000 | 150000000 | 200000000 | 250000000 | 300000000,NORMALIZED_EQUIVALENT,CONFORMING,,,Conteúdo observado coincide com F após normalização congelada.,YES,B_B_NORMALIZATION_V1,,,,V7_TEMPORAL_NUMERIC
LI_006_R04.png,LI,LI_006,4,9,FEW-SHOT,X,temporal,EXHAUSTIVE,READY_TEMPORAL,2018 | 2019 | 2020 | 2021 | 2022 | 2023 | 2024 | 2025,2018 | 2019 | 2020 | 2021 | 2022 | 2023 | 2024 | 2025,NOT_SPECIFIED,AUTO_VALIDATED_FROZEN_GATE,AUTO_VALIDATED,2018|2019|2020|2021|2022|2023|2024|2025,2018 | 2019 | 2020 | 2021 | 2022 | 2023 | 2024 | 2025,NORMALIZED_EQUIVALENT,CONFORMING,,,Conteúdo observado coincide com F após normalização congelada.,YES,B_B_NORMALIZATION_V1,,,,V7_TEMPORAL_NUMERIC
LI_006_R04.png,LI,LI_006,4,9,FEW-SHOT,Y,numeric,EXHAUSTIVE,READY_EXPLICIT_LIST,0 | 50M | 100M | 150M | 200M | 250M | 300M,0 | 50000000 | 100000000 | 150000000 | 200000000 | 250000000 | 300000000,NOT_SPECIFIED,AUTO_VALIDATED_FROZEN_GATE,AUTO_VALIDATED,0|5e+07|1e+08|1.5e+08|2e+08|2.5e+08|3e+08,0 | 50000000 | 100000000 | 150000000 | 200000000 | 250000000 | 300000000,NORMALIZED_EQUIVALENT,CONFORMING,,,Conteúdo observado coincide com F após normalização congelada.,YES,B_B_NORMALIZATION_V1,,,,V7_TEMPORAL_NUMERIC
LI_006_R05.png,LI,LI_006,5,9,FEW-SHOT,X,temporal,EXHAUSTIVE,READY_TEMPORAL,2018 | 2019 | 2020 | 2021 | 2022 | 2023 | 2024 | 2025,2018 | 2019 | 2020 | 2021 | 2022 | 2023 | 2024 | 2025,NOT_SPECIFIED,AUTO_VALIDATED_FROZEN_GATE,AUTO_VALIDATED,2018|2019|2020|2021|2022|2023|2024|2025,2018 | 2019 | 2020 | 2021 | 2022 | 2023 | 2024 | 2025,NORMALIZED_EQUIVALENT,CONFORMING,,,Conteúdo observado coincide com F após normalização congelada.,YES,B_B_NORMALIZATION_V1,,,,V7_TEMPORAL_NUMERIC
LI_006_R05.png,LI,LI_006,5,9,FEW-SHOT,Y,numeric,EXHAUSTIVE,READY_EXPLICIT_LIST,0 | 50M | 100M | 150M | 200M | 250M | 300M,0 | 50000000 | 100000000 | 150000000 | 200000000 | 250000000 | 300000000,NOT_SPECIFIED,AUTO_VALIDATED_FROZEN_GATE,AUTO_VALIDATED,0|5e+07|1e+08|1.5e+08|2e+08|2.5e+08|3e+08,0 | 50000000 | 100000000 | 150000000 | 200000000 | 250000000 | 300000000,NORMALIZED_EQUIVALENT,CONFORMING,,,Conteúdo observado coincide com F após normalização congelada.,YES,B_B_NORMALIZATION_V1,,,,V7_TEMPORAL_NUMERIC
LI_006_R06.png,LI,LI_006,6,9,FEW-SHOT,X,temporal,EXHAUSTIVE,READY_TEMPORAL,2018 | 2019 | 2020 | 2021 | 2022 | 2023 | 2024 | 2025,2018 | 2019 | 2020 | 2021 | 2022 | 2023 | 2024 | 2025,NOT_SPECIFIED,AUTO_VALIDATED_FROZEN_GATE,AUTO_VALIDATED,2018|2019|2020|2021|2022|2023|2024|2025,2018 | 2019 | 2020 | 2021 | 2022 | 2023 | 2024 | 2025,NORMALIZED_EQUIVALENT,CONFORMING,,,Conteúdo observado coincide com F após normalização congelada.,YES,B_B_NORMALIZATION_V1,,,,V7_TEMPORAL_NUMERIC
LI_006_R06.png,LI,LI_006,6,9,FEW-SHOT,Y,numeric,EXHAUSTIVE,READY_EXPLICIT_LIST,0 | 50M | 100M | 150M | 200M | 250M | 300M,0 | 50000000 | 100000000 | 150000000 | 200000000 | 250000000 | 300000000,NOT_SPECIFIED,AUTO_VALIDATED_FROZEN_GATE,AUTO_VALIDATED,0|5e+07|1e+08|1.5e+08|2e+08|2.5e+08|3e+08,0 | 50000000 | 100000000 | 150000000 | 200000000 | 250000000 | 300000000,NORMALIZED_EQUIVALENT,CONFORMING,,,Conteúdo observado coincide com F após normalização congelada.,YES,B_B_NORMALIZATION_V1,,,,V7_TEMPORAL_NUMERIC
LI_006_R07.png,LI,LI_006,7,9,FEW-SHOT,X,temporal,EXHAUSTIVE,READY_TEMPORAL,2018 | 2019 | 2020 | 2021 | 2022 | 2023 | 2024 | 2025,2018 | 2019 | 2020 | 2021 | 2022 | 2023 | 2024 | 2025,NOT_SPECIFIED,AUTO_VALIDATED_FROZEN_GATE,AUTO_VALIDATED,2018|2019|2020|2021|2022|2023|2024|2025,2018 | 2019 | 2020 | 2021 | 2022 | 2023 | 2024 | 2025,NORMALIZED_EQUIVALENT,CONFORMING,,,Conteúdo observado coincide com F após normalização congelada.,YES,B_B_NORMALIZATION_V1,,,,V7_TEMPORAL_NUMERIC
LI_006_R07.png,LI,LI_006,7,9,FEW-SHOT,Y,numeric,EXHAUSTIVE,READY_EXPLICIT_LIST,0 | 50M | 100M | 150M | 200M | 250M | 300M,0 | 50000000 | 100000000 | 150000000 | 200000000 | 250000000 | 300000000,NOT_SPECIFIED,AUTO_VALIDATED_FROZEN_GATE,AUTO_VALIDATED,0|5e+07|1e+08|1.5e+08|2e+08|2.5e+08|3e+08,0 | 50000000 | 100000000 | 150000000 | 200000000 | 250000000 | 300000000,NORMALIZED_EQUIVALENT,CONFORMING,,,Conteúdo observado coincide com F após normalização congelada.,YES,B_B_NORMALIZATION_V1,,,,V7_TEMPORAL_NUMERIC
LI_006_R08.png,LI,LI_006,8,9,FEW-SHOT,X,temporal,EXHAUSTIVE,READY_TEMPORAL,2018 | 2019 | 2020 | 2021 | 2022 | 2023 | 2024 | 2025,2018 | 2019 | 2020 | 2021 | 2022 | 2023 | 2024 | 2025,NOT_SPECIFIED,AUTO_VALIDATED_FROZEN_GATE,AUTO_VALIDATED,2018|2019|2020|2021|2022|2023|2024|2025,2018 | 2019 | 2020 | 2021 | 2022 | 2023 | 2024 | 2025,NORMALIZED_EQUIVALENT,CONFORMING,,,Conteúdo observado coincide com F após normalização congelada.,YES,B_B_NORMALIZATION_V1,,,,V7_TEMPORAL_NUMERIC
LI_006_R08.png,LI,LI_006,8,9,FEW-SHOT,Y,numeric,EXHAUSTIVE,READY_EXPLICIT_LIST,0 | 50M | 100M | 150M | 200M | 250M | 300M,0 | 50000000 | 100000000 | 150000000 | 200000000 | 250000000 | 300000000,NOT_SPECIFIED,AUTO_VALIDATED_FROZEN_GATE,AUTO_VALIDATED,0|5e+07|1e+08|1.5e+08|2e+08|2.5e+08|3e+08,0 | 50000000 | 100000000 | 150000000 | 200000000 | 250000000 | 300000000,NORMALIZED_EQUIVALENT,CONFORMING,,,Conteúdo observado coincide com F após normalização congelada.,YES,B_B_NORMALIZATION_V1,,,,V7_TEMPORAL_NUMERIC
LI_006_R09.png,LI,LI_006,9,9,FEW-SHOT,X,temporal,EXHAUSTIVE,READY_TEMPORAL,2018 | 2019 | 2020 | 2021 | 2022 | 2023 | 2024 | 2025,2018 | 2019 | 2020 | 2021 | 2022 | 2023 | 2024 | 2025,NOT_SPECIFIED,AUTO_VALIDATED_FROZEN_GATE,AUTO_VALIDATED,2018|2019|2020|2021|2022|2023|2024|2025,2018 | 2019 | 2020 | 2021 | 2022 | 2023 | 2024 | 2025,NORMALIZED_EQUIVALENT,CONFORMING,,,Conteúdo observado coincide com F após normalização congelada.,YES,B_B_NORMALIZATION_V1,,,,V7_TEMPORAL_NUMERIC
LI_006_R09.png,LI,LI_006,9,9,FEW-SHOT,Y,numeric,EXHAUSTIVE,READY_EXPLICIT_LIST,0 | 50M | 100M | 150M | 200M | 250M | 300M,0 | 50000000 | 100000000 | 150000000 | 200000000 | 250000000 | 300000000,NOT_SPECIFIED,AUTO_VALIDATED_FROZEN_GATE,AUTO_VALIDATED,0|5e+07|1e+08|1.5e+08|2e+08|2.5e+08|3e+08,0 | 50000000 | 100000000 | 150000000 | 200000000 | 250000000 | 300000000,NORMALIZED_EQUIVALENT,CONFORMING,,,Conteúdo observado coincide com F após normalização congelada.,YES,B_B_NORMALIZATION_V1,,,,V7_TEMPORAL_NUMERIC
LI_006_R10.png,LI,LI_006,10,9,FEW-SHOT,X,temporal,EXHAUSTIVE,READY_TEMPORAL,2018 | 2019 | 2020 | 2021 | 2022 | 2023 | 2024 | 2025,2018 | 2019 | 2020 | 2021 | 2022 | 2023 | 2024 | 2025,NOT_SPECIFIED,AUTO_VALIDATED_FROZEN_GATE,AUTO_VALIDATED,2018|2019|2020|2021|2022|2023|2024|2025,2018 | 2019 | 2020 | 2021 | 2022 | 2023 | 2024 | 2025,NORMALIZED_EQUIVALENT,CONFORMING,,,Conteúdo observado coincide com F após normalização congelada.,YES,B_B_NORMALIZATION_V1,,,,V7_TEMPORAL_NUMERIC
LI_006_R10.png,LI,LI_006,10,9,FEW-SHOT,Y,numeric,EXHAUSTIVE,READY_EXPLICIT_LIST,0 | 50M | 100M | 150M | 200M | 250M | 300M,0 | 50000000 | 100000000 | 150000000 | 200000000 | 250000000 | 300000000,NOT_SPECIFIED,AUTO_VALIDATED_FROZEN_GATE,AUTO_VALIDATED,0|5e+07|1e+08|1.5e+08|2e+08|2.5e+08|3e+08,0 | 50000000 | 100000000 | 150000000 | 200000000 | 250000000 | 300000000,NORMALIZED_EQUIVALENT,CONFORMING,,,Conteúdo observado coincide com F após normalização congelada.,YES,B_B_NORMALIZATION_V1,,,,V7_TEMPORAL_NUMERIC
LI_007_R01.png,LI,LI_007,1,10,FEW-SHOT,X,temporal,EXHAUSTIVE,READY_TEMPORAL,2018 | 2019 | 2020 | 2021 | 2022 | 2023 | 2024 | 2025,2018 | 2019 | 2020 | 2021 | 2022 | 2023 | 2024 | 2025,NOT_SPECIFIED,AUTO_VALIDATED_FROZEN_GATE,AUTO_VALIDATED,2018|2019|2020|2021|2022|2023|2024|2025,2018 | 2019 | 2020 | 2021 | 2022 | 2023 | 2024 | 2025,NORMALIZED_EQUIVALENT,CONFORMING,,,Conteúdo observado coincide com F após normalização congelada.,YES,B_B_NORMALIZATION_V1,,,,V7_TEMPORAL_NUMERIC
LI_007_R02.png,LI,LI_007,2,10,FEW-SHOT,X,temporal,EXHAUSTIVE,READY_TEMPORAL,2018 | 2019 | 2020 | 2021 | 2022 | 2023 | 2024 | 2025,2018 | 2019 | 2020 | 2021 | 2022 | 2023 | 2024 | 2025,NOT_SPECIFIED,AUTO_VALIDATED_FROZEN_GATE,AUTO_VALIDATED,2018|2019|2020|2021|2022|2023|2024|2025,2018 | 2019 | 2020 | 2021 | 2022 | 2023 | 2024 | 2025,NORMALIZED_EQUIVALENT,CONFORMING,,,Conteúdo observado coincide com F após normalização congelada.,YES,B_B_NORMALIZATION_V1,,,,V7_TEMPORAL_NUMERIC
LI_007_R03.png,LI,LI_007,3,10,FEW-SHOT,X,temporal,EXHAUSTIVE,READY_TEMPORAL,2018 | 2019 | 2020 | 2021 | 2022 | 2023 | 2024 | 2025,2018 | 2019 | 2020 | 2021 | 2022 | 2023 | 2024 | 2025,NOT_SPECIFIED,AUTO_VALIDATED_FROZEN_GATE,AUTO_VALIDATED,2018|2019|2020|2021|2022|2023|2024|2025,2018 | 2019 | 2020 | 2021 | 2022 | 2023 | 2024 | 2025,NORMALIZED_EQUIVALENT,CONFORMING,,,Conteúdo observado coincide com F após normalização congelada.,YES,B_B_NORMALIZATION_V1,,,,V7_TEMPORAL_NUMERIC
LI_007_R04.png,LI,LI_007,4,10,FEW-SHOT,X,temporal,EXHAUSTIVE,READY_TEMPORAL,2018 | 2019 | 2020 | 2021 | 2022 | 2023 | 2024 | 2025,2018 | 2019 | 2020 | 2021 | 2022 | 2023 | 2024 | 2025,NOT_SPECIFIED,AUTO_VALIDATED_FROZEN_GATE,AUTO_VALIDATED,2018|2019|2020|2021|2022|2023|2024|2025,2018 | 2019 | 2020 | 2021 | 2022 | 2023 | 2024 | 2025,NORMALIZED_EQUIVALENT,CONFORMING,,,Conteúdo observado coincide com F após normalização congelada.,YES,B_B_NORMALIZATION_V1,,,,V7_TEMPORAL_NUMERIC
LI_007_R05.png,LI,LI_007,5,10,FEW-SHOT,X,temporal,EXHAUSTIVE,READY_TEMPORAL,2018 | 2019 | 2020 | 2021 | 2022 | 2023 | 2024 | 2025,2018 | 2019 | 2020 | 2021 | 2022 | 2023 | 2024 | 2025,NOT_SPECIFIED,AUTO_VALIDATED_FROZEN_GATE,AUTO_VALIDATED,2018|2019|2020|2021|2022|2023|2024|2025,2018 | 2019 | 2020 | 2021 | 2022 | 2023 | 2024 | 2025,NORMALIZED_EQUIVALENT,CONFORMING,,,Conteúdo observado coincide com F após normalização congelada.,YES,B_B_NORMALIZATION_V1,,,,V7_TEMPORAL_NUMERIC
LI_007_R06.png,LI,LI_007,6,10,FEW-SHOT,X,temporal,EXHAUSTIVE,READY_TEMPORAL,2018 | 2019 | 2020 | 2021 | 2022 | 2023 | 2024 | 2025,2018 | 2019 | 2020 | 2021 | 2022 | 2023 | 2024 | 2025,NOT_SPECIFIED,AUTO_VALIDATED_FROZEN_GATE,AUTO_VALIDATED,2018|2019|2020|2021|2022|2023|2024|2025,2018 | 2019 | 2020 | 2021 | 2022 | 2023 | 2024 | 2025,NORMALIZED_EQUIVALENT,CONFORMING,,,Conteúdo observado coincide com F após normalização congelada.,YES,B_B_NORMALIZATION_V1,,,,V7_TEMPORAL_NUMERIC
LI_007_R07.png,LI,LI_007,7,10,FEW-SHOT,X,temporal,EXHAUSTIVE,READY_TEMPORAL,2018 | 2019 | 2020 | 2021 | 2022 | 2023 | 2024 | 2025,2018 | 2019 | 2020 | 2021 | 2022 | 2023 | 2024 | 2025,NOT_SPECIFIED,AUTO_VALIDATED_FROZEN_GATE,AUTO_VALIDATED,2018|2019|2020|2021|2022|2023|2024|2025,2018 | 2019 | 2020 | 2021 | 2022 | 2023 | 2024 | 2025,NORMALIZED_EQUIVALENT,CONFORMING,,,Conteúdo observado coincide com F após normalização congelada.,YES,B_B_NORMALIZATION_V1,,,,V7_TEMPORAL_NUMERIC
LI_007_R08.png,LI,LI_007,8,10,FEW-SHOT,X,temporal,EXHAUSTIVE,READY_TEMPORAL,2018 | 2019 | 2020 | 2021 | 2022 | 2023 | 2024 | 2025,2018 | 2019 | 2020 | 2021 | 2022 | 2023 | 2024 | 2025,NOT_SPECIFIED,AUTO_VALIDATED_FROZEN_GATE,AUTO_VALIDATED,2018|2019|2020|2021|2022|2023|2024|2025,2018 | 2019 | 2020 | 2021 | 2022 | 2023 | 2024 | 2025,NORMALIZED_EQUIVALENT,CONFORMING,,,Conteúdo observado coincide com F após normalização congelada.,YES,B_B_NORMALIZATION_V1,,,,V7_TEMPORAL_NUMERIC
LI_007_R09.png,LI,LI_007,9,10,FEW-SHOT,X,temporal,EXHAUSTIVE,READY_TEMPORAL,2018 | 2019 | 2020 | 2021 | 2022 | 2023 | 2024 | 2025,2018 | 2019 | 2020 | 2021 | 2022 | 2023 | 2024 | 2025,NOT_SPECIFIED,AUTO_VALIDATED_FROZEN_GATE,AUTO_VALIDATED,2018|2019|2020|2021|2022|2023|2024|2025,2018 | 2019 | 2020 | 2021 | 2022 | 2023 | 2024 | 2025,NORMALIZED_EQUIVALENT,CONFORMING,,,Conteúdo observado coincide com F após normalização congelada.,YES,B_B_NORMALIZATION_V1,,,,V7_TEMPORAL_NUMERIC
LI_007_R10.png,LI,LI_007,10,10,FEW-SHOT,X,temporal,EXHAUSTIVE,READY_TEMPORAL,2018 | 2019 | 2020 | 2021 | 2022 | 2023 | 2024 | 2025,2018 | 2019 | 2020 | 2021 | 2022 | 2023 | 2024 | 2025,NOT_SPECIFIED,AUTO_VALIDATED_FROZEN_GATE,AUTO_VALIDATED,2018|2019|2020|2021|2022|2023|2024|2025,2018 | 2019 | 2020 | 2021 | 2022 | 2023 | 2024 | 2025,NORMALIZED_EQUIVALENT,CONFORMING,,,Conteúdo observado coincide com F após normalização congelada.,YES,B_B_NORMALIZATION_V1,,,,V7_TEMPORAL_NUMERIC
LI_010_R01.png,LI,LI_010,1,13,FEW-SHOT,X,temporal,EXHAUSTIVE,READY_TEMPORAL,2018 | 2019 | 2020 | 2021 | 2022 | 2023 | 2024 | 2025,2018 | 2019 | 2020 | 2021 | 2022 | 2023 | 2024 | 2025,NOT_SPECIFIED,AUTO_VALIDATED_FROZEN_GATE,AUTO_VALIDATED,2018|2019|2020|2021|2022|2023|2024|2025,2018 | 2019 | 2020 | 2021 | 2022 | 2023 | 2024 | 2025,NORMALIZED_EQUIVALENT,CONFORMING,,,Conteúdo observado coincide com F após normalização congelada.,YES,B_B_NORMALIZATION_V1,,,,V7_TEMPORAL_NUMERIC
LI_010_R01.png,LI,LI_010,1,13,FEW-SHOT,Y,numeric,EXHAUSTIVE,READY_EXPLICIT_LIST,0 | 50M | 100M | 150M | 200M | 250M | 300M,0 | 50000000 | 100000000 | 150000000 | 200000000 | 250000000 | 300000000,NOT_SPECIFIED,AUTO_VALIDATED_FROZEN_GATE,AUTO_VALIDATED,0|5e+07|1e+08|1.5e+08|2e+08|2.5e+08|3e+08,0 | 50000000 | 100000000 | 150000000 | 200000000 | 250000000 | 300000000,NORMALIZED_EQUIVALENT,CONFORMING,,,Conteúdo observado coincide com F após normalização congelada.,YES,B_B_NORMALIZATION_V1,,,,V7_TEMPORAL_NUMERIC
LI_010_R02.png,LI,LI_010,2,13,FEW-SHOT,X,temporal,EXHAUSTIVE,READY_TEMPORAL,2018 | 2019 | 2020 | 2021 | 2022 | 2023 | 2024 | 2025,2018 | 2019 | 2020 | 2021 | 2022 | 2023 | 2024 | 2025,NOT_SPECIFIED,AUTO_VALIDATED_FROZEN_GATE,AUTO_VALIDATED,2018|2019|2020|2021|2022|2023|2024|2025,2018 | 2019 | 2020 | 2021 | 2022 | 2023 | 2024 | 2025,NORMALIZED_EQUIVALENT,CONFORMING,,,Conteúdo observado coincide com F após normalização congelada.,YES,B_B_NORMALIZATION_V1,,,,V7_TEMPORAL_NUMERIC
LI_010_R02.png,LI,LI_010,2,13,FEW-SHOT,Y,numeric,EXHAUSTIVE,READY_EXPLICIT_LIST,0 | 50M | 100M | 150M | 200M | 250M | 300M,0 | 50000000 | 100000000 | 150000000 | 200000000 | 250000000 | 300000000,NOT_SPECIFIED,AUTO_VALIDATED_FROZEN_GATE,AUTO_VALIDATED,0|5e+07|1e+08|1.5e+08|2e+08|2.5e+08|3e+08,0 | 50000000 | 100000000 | 150000000 | 200000000 | 250000000 | 300000000,NORMALIZED_EQUIVALENT,CONFORMING,,,Conteúdo observado coincide com F após normalização congelada.,YES,B_B_NORMALIZATION_V1,,,,V7_TEMPORAL_NUMERIC
LI_010_R03.png,LI,LI_010,3,13,FEW-SHOT,X,temporal,EXHAUSTIVE,READY_TEMPORAL,2018 | 2019 | 2020 | 2021 | 2022 | 2023 | 2024 | 2025,2018 | 2019 | 2020 | 2021 | 2022 | 2023 | 2024 | 2025,NOT_SPECIFIED,AUTO_VALIDATED_FROZEN_GATE,AUTO_VALIDATED,2018|2019|2020|2021|2022|2023|2024|2025,2018 | 2019 | 2020 | 2021 | 2022 | 2023 | 2024 | 2025,NORMALIZED_EQUIVALENT,CONFORMING,,,Conteúdo observado coincide com F após normalização congelada.,YES,B_B_NORMALIZATION_V1,,,,V7_TEMPORAL_NUMERIC
LI_010_R03.png,LI,LI_010,3,13,FEW-SHOT,Y,numeric,EXHAUSTIVE,READY_EXPLICIT_LIST,0 | 50M | 100M | 150M | 200M | 250M | 300M,0 | 50000000 | 100000000 | 150000000 | 200000000 | 250000000 | 300000000,NOT_SPECIFIED,AUTO_VALIDATED_FROZEN_GATE,AUTO_VALIDATED,0|5e+07|1e+08|1.5e+08|2e+08|2.5e+08|3e+08,0 | 50000000 | 100000000 | 150000000 | 200000000 | 250000000 | 300000000,NORMALIZED_EQUIVALENT,CONFORMING,,,Conteúdo observado coincide com F após normalização congelada.,YES,B_B_NORMALIZATION_V1,,,,V7_TEMPORAL_NUMERIC
LI_010_R04.png,LI,LI_010,4,13,FEW-SHOT,X,temporal,EXHAUSTIVE,READY_TEMPORAL,2018 | 2019 | 2020 | 2021 | 2022 | 2023 | 2024 | 2025,2018 | 2019 | 2020 | 2021 | 2022 | 2023 | 2024 | 2025,NOT_SPECIFIED,AUTO_VALIDATED_FROZEN_GATE,AUTO_VALIDATED,2018|2019|2020|2021|2022|2023|2024|2025,2018 | 2019 | 2020 | 2021 | 2022 | 2023 | 2024 | 2025,NORMALIZED_EQUIVALENT,CONFORMING,,,Conteúdo observado coincide com F após normalização congelada.,YES,B_B_NORMALIZATION_V1,,,,V7_TEMPORAL_NUMERIC
LI_010_R04.png,LI,LI_010,4,13,FEW-SHOT,Y,numeric,EXHAUSTIVE,READY_EXPLICIT_LIST,0 | 50M | 100M | 150M | 200M | 250M | 300M,0 | 50000000 | 100000000 | 150000000 | 200000000 | 250000000 | 300000000,NOT_SPECIFIED,AUTO_VALIDATED_FROZEN_GATE,AUTO_VALIDATED,0|5e+07|1e+08|1.5e+08|2e+08|2.5e+08|3e+08,0 | 50000000 | 100000000 | 150000000 | 200000000 | 250000000 | 300000000,NORMALIZED_EQUIVALENT,CONFORMING,,,Conteúdo observado coincide com F após normalização congelada.,YES,B_B_NORMALIZATION_V1,,,,V7_TEMPORAL_NUMERIC
LI_010_R05.png,LI,LI_010,5,13,FEW-SHOT,X,temporal,EXHAUSTIVE,READY_TEMPORAL,2018 | 2019 | 2020 | 2021 | 2022 | 2023 | 2024 | 2025,2018 | 2019 | 2020 | 2021 | 2022 | 2023 | 2024 | 2025,NOT_SPECIFIED,AUTO_VALIDATED_FROZEN_GATE,AUTO_VALIDATED,2018|2019|2020|2021|2022|2023|2024|2025,2018 | 2019 | 2020 | 2021 | 2022 | 2023 | 2024 | 2025,NORMALIZED_EQUIVALENT,CONFORMING,,,Conteúdo observado coincide com F após normalização congelada.,YES,B_B_NORMALIZATION_V1,,,,V7_TEMPORAL_NUMERIC
LI_010_R05.png,LI,LI_010,5,13,FEW-SHOT,Y,numeric,EXHAUSTIVE,READY_EXPLICIT_LIST,0 | 50M | 100M | 150M | 200M | 250M | 300M,0 | 50000000 | 100000000 | 150000000 | 200000000 | 250000000 | 300000000,NOT_SPECIFIED,AUTO_VALIDATED_FROZEN_GATE,AUTO_VALIDATED,0|5e+07|1e+08|1.5e+08|2e+08|2.5e+08|3e+08,0 | 50000000 | 100000000 | 150000000 | 200000000 | 250000000 | 300000000,NORMALIZED_EQUIVALENT,CONFORMING,,,Conteúdo observado coincide com F após normalização congelada.,YES,B_B_NORMALIZATION_V1,,,,V7_TEMPORAL_NUMERIC
LI_010_R06.png,LI,LI_010,6,13,FEW-SHOT,X,temporal,EXHAUSTIVE,READY_TEMPORAL,2018 | 2019 | 2020 | 2021 | 2022 | 2023 | 2024 | 2025,2018 | 2019 | 2020 | 2021 | 2022 | 2023 | 2024 | 2025,NOT_SPECIFIED,AUTO_VALIDATED_FROZEN_GATE,AUTO_VALIDATED,2018|2019|2020|2021|2022|2023|2024|2025,2018 | 2019 | 2020 | 2021 | 2022 | 2023 | 2024 | 2025,NORMALIZED_EQUIVALENT,CONFORMING,,,Conteúdo observado coincide com F após normalização congelada.,YES,B_B_NORMALIZATION_V1,,,,V7_TEMPORAL_NUMERIC
LI_010_R06.png,LI,LI_010,6,13,FEW-SHOT,Y,numeric,EXHAUSTIVE,READY_EXPLICIT_LIST,0 | 50M | 100M | 150M | 200M | 250M | 300M,0 | 50000000 | 100000000 | 150000000 | 200000000 | 250000000 | 300000000,NOT_SPECIFIED,AUTO_VALIDATED_FROZEN_GATE,AUTO_VALIDATED,0|5e+07|1e+08|1.5e+08|2e+08|2.5e+08|3e+08,0 | 50000000 | 100000000 | 150000000 | 200000000 | 250000000 | 300000000,NORMALIZED_EQUIVALENT,CONFORMING,,,Conteúdo observado coincide com F após normalização congelada.,YES,B_B_NORMALIZATION_V1,,,,V7_TEMPORAL_NUMERIC
LI_010_R07.png,LI,LI_010,7,13,FEW-SHOT,X,temporal,EXHAUSTIVE,READY_TEMPORAL,2018 | 2019 | 2020 | 2021 | 2022 | 2023 | 2024 | 2025,2018 | 2019 | 2020 | 2021 | 2022 | 2023 | 2024 | 2025,NOT_SPECIFIED,AUTO_VALIDATED_FROZEN_GATE,AUTO_VALIDATED,2018|2019|2020|2021|2022|2023|2024|2025,2018 | 2019 | 2020 | 2021 | 2022 | 2023 | 2024 | 2025,NORMALIZED_EQUIVALENT,CONFORMING,,,Conteúdo observado coincide com F após normalização congelada.,YES,B_B_NORMALIZATION_V1,,,,V7_TEMPORAL_NUMERIC
LI_010_R07.png,LI,LI_010,7,13,FEW-SHOT,Y,numeric,EXHAUSTIVE,READY_EXPLICIT_LIST,0 | 50M | 100M | 150M | 200M | 250M | 300M,0 | 50000000 | 100000000 | 150000000 | 200000000 | 250000000 | 300000000,NOT_SPECIFIED,AUTO_VALIDATED_FROZEN_GATE,AUTO_VALIDATED,0|5e+07|1e+08|1.5e+08|2e+08|2.5e+08|3e+08,0 | 50000000 | 100000000 | 150000000 | 200000000 | 250000000 | 300000000,NORMALIZED_EQUIVALENT,CONFORMING,,,Conteúdo observado coincide com F após normalização congelada.,YES,B_B_NORMALIZATION_V1,,,,V7_TEMPORAL_NUMERIC
LI_010_R08.png,LI,LI_010,8,13,FEW-SHOT,X,temporal,EXHAUSTIVE,READY_TEMPORAL,2018 | 2019 | 2020 | 2021 | 2022 | 2023 | 2024 | 2025,2018 | 2019 | 2020 | 2021 | 2022 | 2023 | 2024 | 2025,NOT_SPECIFIED,AUTO_VALIDATED_FROZEN_GATE,AUTO_VALIDATED,2018|2019|2020|2021|2022|2023|2024|2025,2018 | 2019 | 2020 | 2021 | 2022 | 2023 | 2024 | 2025,NORMALIZED_EQUIVALENT,CONFORMING,,,Conteúdo observado coincide com F após normalização congelada.,YES,B_B_NORMALIZATION_V1,,,,V7_TEMPORAL_NUMERIC
LI_010_R08.png,LI,LI_010,8,13,FEW-SHOT,Y,numeric,EXHAUSTIVE,READY_EXPLICIT_LIST,0 | 50M | 100M | 150M | 200M | 250M | 300M,0 | 50000000 | 100000000 | 150000000 | 200000000 | 250000000 | 300000000,NOT_SPECIFIED,AUTO_VALIDATED_FROZEN_GATE,AUTO_VALIDATED,0|5e+07|1e+08|1.5e+08|2e+08|2.5e+08|3e+08,0 | 50000000 | 100000000 | 150000000 | 200000000 | 250000000 | 300000000,NORMALIZED_EQUIVALENT,CONFORMING,,,Conteúdo observado coincide com F após normalização congelada.,YES,B_B_NORMALIZATION_V1,,,,V7_TEMPORAL_NUMERIC
LI_010_R09.png,LI,LI_010,9,13,FEW-SHOT,X,temporal,EXHAUSTIVE,READY_TEMPORAL,2018 | 2019 | 2020 | 2021 | 2022 | 2023 | 2024 | 2025,2018 | 2019 | 2020 | 2021 | 2022 | 2023 | 2024 | 2025,NOT_SPECIFIED,AUTO_VALIDATED_FROZEN_GATE,AUTO_VALIDATED,2018|2019|2020|2021|2022|2023|2024|2025,2018 | 2019 | 2020 | 2021 | 2022 | 2023 | 2024 | 2025,NORMALIZED_EQUIVALENT,CONFORMING,,,Conteúdo observado coincide com F após normalização congelada.,YES,B_B_NORMALIZATION_V1,,,,V7_TEMPORAL_NUMERIC
LI_010_R09.png,LI,LI_010,9,13,FEW-SHOT,Y,numeric,EXHAUSTIVE,READY_EXPLICIT_LIST,0 | 50M | 100M | 150M | 200M | 250M | 300M,0 | 50000000 | 100000000 | 150000000 | 200000000 | 250000000 | 300000000,NOT_SPECIFIED,AUTO_VALIDATED_FROZEN_GATE,AUTO_VALIDATED,0|5e+07|1e+08|1.5e+08|2e+08|2.5e+08|3e+08,0 | 50000000 | 100000000 | 150000000 | 200000000 | 250000000 | 300000000,NORMALIZED_EQUIVALENT,CONFORMING,,,Conteúdo observado coincide com F após normalização congelada.,YES,B_B_NORMALIZATION_V1,,,,V7_TEMPORAL_NUMERIC
LI_010_R10.png,LI,LI_010,10,13,FEW-SHOT,X,temporal,EXHAUSTIVE,READY_TEMPORAL,2018 | 2019 | 2020 | 2021 | 2022 | 2023 | 2024 | 2025,2018 | 2019 | 2020 | 2021 | 2022 | 2023 | 2024 | 2025,NOT_SPECIFIED,AUTO_VALIDATED_FROZEN_GATE,AUTO_VALIDATED,2018|2019|2020|2021|2022|2023|2024|2025,2018 | 2019 | 2020 | 2021 | 2022 | 2023 | 2024 | 2025,NORMALIZED_EQUIVALENT,CONFORMING,,,Conteúdo observado coincide com F após normalização congelada.,YES,B_B_NORMALIZATION_V1,,,,V7_TEMPORAL_NUMERIC
LI_010_R10.png,LI,LI_010,10,13,FEW-SHOT,Y,numeric,EXHAUSTIVE,READY_EXPLICIT_LIST,0 | 50M | 100M | 150M | 200M | 250M | 300M,0 | 50000000 | 100000000 | 150000000 | 200000000 | 250000000 | 300000000,NOT_SPECIFIED,AUTO_VALIDATED_FROZEN_GATE,AUTO_VALIDATED,0|5e+07|1e+08|1.5e+08|2e+08|2.5e+08|3e+08,0 | 50000000 | 100000000 | 150000000 | 200000000 | 250000000 | 300000000,NORMALIZED_EQUIVALENT,CONFORMING,,,Conteúdo observado coincide com F após normalização congelada.,YES,B_B_NORMALIZATION_V1,,,,V7_TEMPORAL_NUMERIC
LI_011_R01.png,LI,LI_011,1,14,FEW-SHOT,X,temporal,EXHAUSTIVE,READY_TEMPORAL,2018 | 2019 | 2020 | 2021 | 2022 | 2023 | 2024 | 2025,2018 | 2019 | 2020 | 2021 | 2022 | 2023 | 2024 | 2025,NOT_SPECIFIED,AUTO_VALIDATED_FROZEN_GATE,AUTO_VALIDATED,2018|2019|2020|2021|2022|2023|2024|2025,2018 | 2019 | 2020 | 2021 | 2022 | 2023 | 2024 | 2025,NORMALIZED_EQUIVALENT,CONFORMING,,,Conteúdo observado coincide com F após normalização congelada.,YES,B_B_NORMALIZATION_V1,,,,V7_TEMPORAL_NUMERIC
LI_011_R02.png,LI,LI_011,2,14,FEW-SHOT,X,temporal,EXHAUSTIVE,READY_TEMPORAL,2018 | 2019 | 2020 | 2021 | 2022 | 2023 | 2024 | 2025,2018 | 2019 | 2020 | 2021 | 2022 | 2023 | 2024 | 2025,NOT_SPECIFIED,AUTO_VALIDATED_FROZEN_GATE,AUTO_VALIDATED,2018|2019|2020|2021|2022|2023|2024|2025,2018 | 2019 | 2020 | 2021 | 2022 | 2023 | 2024 | 2025,NORMALIZED_EQUIVALENT,CONFORMING,,,Conteúdo observado coincide com F após normalização congelada.,YES,B_B_NORMALIZATION_V1,,,,V7_TEMPORAL_NUMERIC
LI_011_R03.png,LI,LI_011,3,14,FEW-SHOT,X,temporal,EXHAUSTIVE,READY_TEMPORAL,2018 | 2019 | 2020 | 2021 | 2022 | 2023 | 2024 | 2025,2018 | 2019 | 2020 | 2021 | 2022 | 2023 | 2024 | 2025,NOT_SPECIFIED,AUTO_VALIDATED_FROZEN_GATE,AUTO_VALIDATED,2018|2019|2020|2021|2022|2023|2024|2025,2018 | 2019 | 2020 | 2021 | 2022 | 2023 | 2024 | 2025,NORMALIZED_EQUIVALENT,CONFORMING,,,Conteúdo observado coincide com F após normalização congelada.,YES,B_B_NORMALIZATION_V1,,,,V7_TEMPORAL_NUMERIC
LI_011_R04.png,LI,LI_011,4,14,FEW-SHOT,X,temporal,EXHAUSTIVE,READY_TEMPORAL,2018 | 2019 | 2020 | 2021 | 2022 | 2023 | 2024 | 2025,2018 | 2019 | 2020 | 2021 | 2022 | 2023 | 2024 | 2025,NOT_SPECIFIED,AUTO_VALIDATED_FROZEN_GATE,AUTO_VALIDATED,2018|2019|2020|2021|2022|2023|2024|2025,2018 | 2019 | 2020 | 2021 | 2022 | 2023 | 2024 | 2025,NORMALIZED_EQUIVALENT,CONFORMING,,,Conteúdo observado coincide com F após normalização congelada.,YES,B_B_NORMALIZATION_V1,,,,V7_TEMPORAL_NUMERIC
LI_011_R05.png,LI,LI_011,5,14,FEW-SHOT,X,temporal,EXHAUSTIVE,READY_TEMPORAL,2018 | 2019 | 2020 | 2021 | 2022 | 2023 | 2024 | 2025,2018 | 2019 | 2020 | 2021 | 2022 | 2023 | 2024 | 2025,NOT_SPECIFIED,AUTO_VALIDATED_FROZEN_GATE,AUTO_VALIDATED,2018|2019|2020|2021|2022|2023|2024|2025,2018 | 2019 | 2020 | 2021 | 2022 | 2023 | 2024 | 2025,NORMALIZED_EQUIVALENT,CONFORMING,,,Conteúdo observado coincide com F após normalização congelada.,YES,B_B_NORMALIZATION_V1,,,,V7_TEMPORAL_NUMERIC
LI_011_R06.png,LI,LI_011,6,14,FEW-SHOT,X,temporal,EXHAUSTIVE,READY_TEMPORAL,2018 | 2019 | 2020 | 2021 | 2022 | 2023 | 2024 | 2025,2018 | 2019 | 2020 | 2021 | 2022 | 2023 | 2024 | 2025,NOT_SPECIFIED,AUTO_VALIDATED_FROZEN_GATE,AUTO_VALIDATED,2018|2019|2020|2021|2022|2023|2024|2025,2018 | 2019 | 2020 | 2021 | 2022 | 2023 | 2024 | 2025,NORMALIZED_EQUIVALENT,CONFORMING,,,Conteúdo observado coincide com F após normalização congelada.,YES,B_B_NORMALIZATION_V1,,,,V7_TEMPORAL_NUMERIC
LI_011_R07.png,LI,LI_011,7,14,FEW-SHOT,X,temporal,EXHAUSTIVE,READY_TEMPORAL,2018 | 2019 | 2020 | 2021 | 2022 | 2023 | 2024 | 2025,2018 | 2019 | 2020 | 2021 | 2022 | 2023 | 2024 | 2025,NOT_SPECIFIED,AUTO_VALIDATED_FROZEN_GATE,AUTO_VALIDATED,2018|2019|2020|2021|2022|2023|2024|2025,2018 | 2019 | 2020 | 2021 | 2022 | 2023 | 2024 | 2025,NORMALIZED_EQUIVALENT,CONFORMING,,,Conteúdo observado coincide com F após normalização congelada.,YES,B_B_NORMALIZATION_V1,,,,V7_TEMPORAL_NUMERIC
LI_011_R08.png,LI,LI_011,8,14,FEW-SHOT,X,temporal,EXHAUSTIVE,READY_TEMPORAL,2018 | 2019 | 2020 | 2021 | 2022 | 2023 | 2024 | 2025,2018 | 2019 | 2020 | 2021 | 2022 | 2023 | 2024 | 2025,NOT_SPECIFIED,AUTO_VALIDATED_FROZEN_GATE,AUTO_VALIDATED,2018|2019|2020|2021|2022|2023|2024|2025,2018 | 2019 | 2020 | 2021 | 2022 | 2023 | 2024 | 2025,NORMALIZED_EQUIVALENT,CONFORMING,,,Conteúdo observado coincide com F após normalização congelada.,YES,B_B_NORMALIZATION_V1,,,,V7_TEMPORAL_NUMERIC
LI_011_R09.png,LI,LI_011,9,14,FEW-SHOT,X,temporal,EXHAUSTIVE,READY_TEMPORAL,2018 | 2019 | 2020 | 2021 | 2022 | 2023 | 2024 | 2025,2018 | 2019 | 2020 | 2021 | 2022 | 2023 | 2024 | 2025,NOT_SPECIFIED,AUTO_VALIDATED_FROZEN_GATE,AUTO_VALIDATED,2018|2019|2020|2021|2022|2023|2024|2025,2018 | 2019 | 2020 | 2021 | 2022 | 2023 | 2024 | 2025,NORMALIZED_EQUIVALENT,CONFORMING,,,Conteúdo observado coincide com F após normalização congelada.,YES,B_B_NORMALIZATION_V1,,,,V7_TEMPORAL_NUMERIC
LI_011_R10.png,LI,LI_011,10,14,FEW-SHOT,X,temporal,EXHAUSTIVE,READY_TEMPORAL,2018 | 2019 | 2020 | 2021 | 2022 | 2023 | 2024 | 2025,2018 | 2019 | 2020 | 2021 | 2022 | 2023 | 2024 | 2025,NOT_SPECIFIED,AUTO_VALIDATED_FROZEN_GATE,AUTO_VALIDATED,2018|2019|2020|2021|2022|2023|2024|2025,2018 | 2019 | 2020 | 2021 | 2022 | 2023 | 2024 | 2025,NORMALIZED_EQUIVALENT,CONFORMING,,,Conteúdo observado coincide com F após normalização congelada.,YES,B_B_NORMALIZATION_V1,,,,V7_TEMPORAL_NUMERIC
LI_014_R01.png,LI,LI_014,1,1,HIBRIDO,X,temporal,EXHAUSTIVE,READY_TEMPORAL,2018 | 2019 | 2020 | 2021 | 2022 | 2023 | 2024 | 2025,2018 | 2019 | 2020 | 2021 | 2022 | 2023 | 2024 | 2025,NOT_SPECIFIED,AUTO_VALIDATED_FROZEN_GATE,AUTO_VALIDATED,2018|2019|2020|2021|2022|2023|2024|2025,2018 | 2019 | 2020 | 2021 | 2022 | 2023 | 2024 | 2025,NORMALIZED_EQUIVALENT,CONFORMING,,,Conteúdo observado coincide com F após normalização congelada.,YES,B_B_NORMALIZATION_V1,,,,V7_TEMPORAL_NUMERIC
LI_014_R02.png,LI,LI_014,2,1,HIBRIDO,X,temporal,EXHAUSTIVE,READY_TEMPORAL,2018 | 2019 | 2020 | 2021 | 2022 | 2023 | 2024 | 2025,2018 | 2019 | 2020 | 2021 | 2022 | 2023 | 2024 | 2025,NOT_SPECIFIED,AUTO_VALIDATED_FROZEN_GATE,AUTO_VALIDATED,2018|2019|2020|2021|2022|2023|2024|2025,2018 | 2019 | 2020 | 2021 | 2022 | 2023 | 2024 | 2025,NORMALIZED_EQUIVALENT,CONFORMING,,,Conteúdo observado coincide com F após normalização congelada.,YES,B_B_NORMALIZATION_V1,,,,V7_TEMPORAL_NUMERIC
LI_014_R03.png,LI,LI_014,3,1,HIBRIDO,X,temporal,EXHAUSTIVE,READY_TEMPORAL,2018 | 2019 | 2020 | 2021 | 2022 | 2023 | 2024 | 2025,2018 | 2019 | 2020 | 2021 | 2022 | 2023 | 2024 | 2025,NOT_SPECIFIED,AUTO_VALIDATED_FROZEN_GATE,AUTO_VALIDATED,2018|2019|2020|2021|2022|2023|2024|2025,2018 | 2019 | 2020 | 2021 | 2022 | 2023 | 2024 | 2025,NORMALIZED_EQUIVALENT,CONFORMING,,,Conteúdo observado coincide com F após normalização congelada.,YES,B_B_NORMALIZATION_V1,,,,V7_TEMPORAL_NUMERIC
LI_014_R04.png,LI,LI_014,4,1,HIBRIDO,X,temporal,EXHAUSTIVE,READY_TEMPORAL,2018 | 2019 | 2020 | 2021 | 2022 | 2023 | 2024 | 2025,2018 | 2019 | 2020 | 2021 | 2022 | 2023 | 2024 | 2025,NOT_SPECIFIED,AUTO_VALIDATED_FROZEN_GATE,AUTO_VALIDATED,2018|2019|2020|2021|2022|2023|2024|2025,2018 | 2019 | 2020 | 2021 | 2022 | 2023 | 2024 | 2025,NORMALIZED_EQUIVALENT,CONFORMING,,,Conteúdo observado coincide com F após normalização congelada.,YES,B_B_NORMALIZATION_V1,,,,V7_TEMPORAL_NUMERIC
LI_014_R05.png,LI,LI_014,5,1,HIBRIDO,X,temporal,EXHAUSTIVE,READY_TEMPORAL,2018 | 2019 | 2020 | 2021 | 2022 | 2023 | 2024 | 2025,2018 | 2019 | 2020 | 2021 | 2022 | 2023 | 2024 | 2025,NOT_SPECIFIED,AUTO_VALIDATED_FROZEN_GATE,AUTO_VALIDATED,2018|2019|2020|2021|2022|2023|2024|2025,2018 | 2019 | 2020 | 2021 | 2022 | 2023 | 2024 | 2025,NORMALIZED_EQUIVALENT,CONFORMING,,,Conteúdo observado coincide com F após normalização congelada.,YES,B_B_NORMALIZATION_V1,,,,V7_TEMPORAL_NUMERIC
LI_014_R06.png,LI,LI_014,6,1,HIBRIDO,X,temporal,EXHAUSTIVE,READY_TEMPORAL,2018 | 2019 | 2020 | 2021 | 2022 | 2023 | 2024 | 2025,2018 | 2019 | 2020 | 2021 | 2022 | 2023 | 2024 | 2025,NOT_SPECIFIED,AUTO_VALIDATED_FROZEN_GATE,AUTO_VALIDATED,2018|2019|2020|2021|2022|2023|2024|2025,2018 | 2019 | 2020 | 2021 | 2022 | 2023 | 2024 | 2025,NORMALIZED_EQUIVALENT,CONFORMING,,,Conteúdo observado coincide com F após normalização congelada.,YES,B_B_NORMALIZATION_V1,,,,V7_TEMPORAL_NUMERIC
LI_014_R07.png,LI,LI_014,7,1,HIBRIDO,X,temporal,EXHAUSTIVE,READY_TEMPORAL,2018 | 2019 | 2020 | 2021 | 2022 | 2023 | 2024 | 2025,2018 | 2019 | 2020 | 2021 | 2022 | 2023 | 2024 | 2025,NOT_SPECIFIED,AUTO_VALIDATED_FROZEN_GATE,AUTO_VALIDATED,2018|2019|2020|2021|2022|2023|2024|2025,2018 | 2019 | 2020 | 2021 | 2022 | 2023 | 2024 | 2025,NORMALIZED_EQUIVALENT,CONFORMING,,,Conteúdo observado coincide com F após normalização congelada.,YES,B_B_NORMALIZATION_V1,,,,V7_TEMPORAL_NUMERIC
LI_014_R08.png,LI,LI_014,8,1,HIBRIDO,X,temporal,EXHAUSTIVE,READY_TEMPORAL,2018 | 2019 | 2020 | 2021 | 2022 | 2023 | 2024 | 2025,2018 | 2019 | 2020 | 2021 | 2022 | 2023 | 2024 | 2025,NOT_SPECIFIED,AUTO_VALIDATED_FROZEN_GATE,AUTO_VALIDATED,2018|2019|2020|2021|2022|2023|2024|2025,2018 | 2019 | 2020 | 2021 | 2022 | 2023 | 2024 | 2025,NORMALIZED_EQUIVALENT,CONFORMING,,,Conteúdo observado coincide com F após normalização congelada.,YES,B_B_NORMALIZATION_V1,,,,V7_TEMPORAL_NUMERIC
LI_014_R09.png,LI,LI_014,9,1,HIBRIDO,X,temporal,EXHAUSTIVE,READY_TEMPORAL,2018 | 2019 | 2020 | 2021 | 2022 | 2023 | 2024 | 2025,2018 | 2019 | 2020 | 2021 | 2022 | 2023 | 2024 | 2025,NOT_SPECIFIED,AUTO_VALIDATED_FROZEN_GATE,AUTO_VALIDATED,2018|2019|2020|2021|2022|2023|2024|2025,2018 | 2019 | 2020 | 2021 | 2022 | 2023 | 2024 | 2025,NORMALIZED_EQUIVALENT,CONFORMING,,,Conteúdo observado coincide com F após normalização congelada.,YES,B_B_NORMALIZATION_V1,,,,V7_TEMPORAL_NUMERIC
LI_014_R10.png,LI,LI_014,10,1,HIBRIDO,X,temporal,EXHAUSTIVE,READY_TEMPORAL,2018 | 2019 | 2020 | 2021 | 2022 | 2023 | 2024 | 2025,2018 | 2019 | 2020 | 2021 | 2022 | 2023 | 2024 | 2025,NOT_SPECIFIED,AUTO_VALIDATED_FROZEN_GATE,AUTO_VALIDATED,2018|2019|2020|2021|2022|2023|2024|2025,2018 | 2019 | 2020 | 2021 | 2022 | 2023 | 2024 | 2025,NORMALIZED_EQUIVALENT,CONFORMING,,,Conteúdo observado coincide com F após normalização congelada.,YES,B_B_NORMALIZATION_V1,,,,V7_TEMPORAL_NUMERIC
LI_015_R01.png,LI,LI_015,1,4,HIBRIDO,X,temporal,EXHAUSTIVE,READY_TEMPORAL,2018 | 2019 | 2020 | 2021 | 2022 | 2023 | 2024 | 2025,2018 | 2019 | 2020 | 2021 | 2022 | 2023 | 2024 | 2025,NOT_SPECIFIED,AUTO_VALIDATED_FROZEN_GATE,AUTO_VALIDATED,2018|2019|2020|2021|2022|2023|2024|2025,2018 | 2019 | 2020 | 2021 | 2022 | 2023 | 2024 | 2025,NORMALIZED_EQUIVALENT,CONFORMING,,,Conteúdo observado coincide com F após normalização congelada.,YES,B_B_NORMALIZATION_V1,,,,V7_TEMPORAL_NUMERIC
LI_015_R02.png,LI,LI_015,2,4,HIBRIDO,X,temporal,EXHAUSTIVE,READY_TEMPORAL,2018 | 2019 | 2020 | 2021 | 2022 | 2023 | 2024 | 2025,2018 | 2019 | 2020 | 2021 | 2022 | 2023 | 2024 | 2025,NOT_SPECIFIED,AUTO_VALIDATED_FROZEN_GATE,AUTO_VALIDATED,2018|2019|2020|2021|2022|2023|2024|2025,2018 | 2019 | 2020 | 2021 | 2022 | 2023 | 2024 | 2025,NORMALIZED_EQUIVALENT,CONFORMING,,,Conteúdo observado coincide com F após normalização congelada.,YES,B_B_NORMALIZATION_V1,,,,V7_TEMPORAL_NUMERIC
LI_015_R03.png,LI,LI_015,3,4,HIBRIDO,X,temporal,EXHAUSTIVE,READY_TEMPORAL,2018 | 2019 | 2020 | 2021 | 2022 | 2023 | 2024 | 2025,2018 | 2019 | 2020 | 2021 | 2022 | 2023 | 2024 | 2025,NOT_SPECIFIED,AUTO_VALIDATED_FROZEN_GATE,AUTO_VALIDATED,2018|2019|2020|2021|2022|2023|2024|2025,2018 | 2019 | 2020 | 2021 | 2022 | 2023 | 2024 | 2025,NORMALIZED_EQUIVALENT,CONFORMING,,,Conteúdo observado coincide com F após normalização congelada.,YES,B_B_NORMALIZATION_V1,,,,V7_TEMPORAL_NUMERIC
LI_015_R04.png,LI,LI_015,4,4,HIBRIDO,X,temporal,EXHAUSTIVE,READY_TEMPORAL,2018 | 2019 | 2020 | 2021 | 2022 | 2023 | 2024 | 2025,2018 | 2019 | 2020 | 2021 | 2022 | 2023 | 2024 | 2025,NOT_SPECIFIED,AUTO_VALIDATED_FROZEN_GATE,AUTO_VALIDATED,2018|2019|2020|2021|2022|2023|2024|2025,2018 | 2019 | 2020 | 2021 | 2022 | 2023 | 2024 | 2025,NORMALIZED_EQUIVALENT,CONFORMING,,,Conteúdo observado coincide com F após normalização congelada.,YES,B_B_NORMALIZATION_V1,,,,V7_TEMPORAL_NUMERIC
LI_015_R05.png,LI,LI_015,5,4,HIBRIDO,X,temporal,EXHAUSTIVE,READY_TEMPORAL,2018 | 2019 | 2020 | 2021 | 2022 | 2023 | 2024 | 2025,2018 | 2019 | 2020 | 2021 | 2022 | 2023 | 2024 | 2025,NOT_SPECIFIED,AUTO_VALIDATED_FROZEN_GATE,AUTO_VALIDATED,2018|2019|2020|2021|2022|2023|2024|2025,2018 | 2019 | 2020 | 2021 | 2022 | 2023 | 2024 | 2025,NORMALIZED_EQUIVALENT,CONFORMING,,,Conteúdo observado coincide com F após normalização congelada.,YES,B_B_NORMALIZATION_V1,,,,V7_TEMPORAL_NUMERIC
LI_015_R06.png,LI,LI_015,6,4,HIBRIDO,X,temporal,EXHAUSTIVE,READY_TEMPORAL,2018 | 2019 | 2020 | 2021 | 2022 | 2023 | 2024 | 2025,2018 | 2019 | 2020 | 2021 | 2022 | 2023 | 2024 | 2025,NOT_SPECIFIED,AUTO_VALIDATED_FROZEN_GATE,AUTO_VALIDATED,2018|2019|2020|2021|2022|2023|2024|2025,2018 | 2019 | 2020 | 2021 | 2022 | 2023 | 2024 | 2025,NORMALIZED_EQUIVALENT,CONFORMING,,,Conteúdo observado coincide com F após normalização congelada.,YES,B_B_NORMALIZATION_V1,,,,V7_TEMPORAL_NUMERIC
LI_015_R07.png,LI,LI_015,7,4,HIBRIDO,X,temporal,EXHAUSTIVE,READY_TEMPORAL,2018 | 2019 | 2020 | 2021 | 2022 | 2023 | 2024 | 2025,2018 | 2019 | 2020 | 2021 | 2022 | 2023 | 2024 | 2025,NOT_SPECIFIED,AUTO_VALIDATED_FROZEN_GATE,AUTO_VALIDATED,2018|2019|2020|2021|2022|2023|2024|2025,2018 | 2019 | 2020 | 2021 | 2022 | 2023 | 2024 | 2025,NORMALIZED_EQUIVALENT,CONFORMING,,,Conteúdo observado coincide com F após normalização congelada.,YES,B_B_NORMALIZATION_V1,,,,V7_TEMPORAL_NUMERIC
LI_015_R08.png,LI,LI_015,8,4,HIBRIDO,X,temporal,EXHAUSTIVE,READY_TEMPORAL,2018 | 2019 | 2020 | 2021 | 2022 | 2023 | 2024 | 2025,2018 | 2019 | 2020 | 2021 | 2022 | 2023 | 2024 | 2025,NOT_SPECIFIED,AUTO_VALIDATED_FROZEN_GATE,AUTO_VALIDATED,2018|2019|2020|2021|2022|2023|2024|2025,2018 | 2019 | 2020 | 2021 | 2022 | 2023 | 2024 | 2025,NORMALIZED_EQUIVALENT,CONFORMING,,,Conteúdo observado coincide com F após normalização congelada.,YES,B_B_NORMALIZATION_V1,,,,V7_TEMPORAL_NUMERIC
LI_015_R09.png,LI,LI_015,9,4,HIBRIDO,X,temporal,EXHAUSTIVE,READY_TEMPORAL,2018 | 2019 | 2020 | 2021 | 2022 | 2023 | 2024 | 2025,2018 | 2019 | 2020 | 2021 | 2022 | 2023 | 2024 | 2025,NOT_SPECIFIED,AUTO_VALIDATED_FROZEN_GATE,AUTO_VALIDATED,2018|2019|2020|2021|2022|2023|2024|2025,2018 | 2019 | 2020 | 2021 | 2022 | 2023 | 2024 | 2025,NORMALIZED_EQUIVALENT,CONFORMING,,,Conteúdo observado coincide com F após normalização congelada.,YES,B_B_NORMALIZATION_V1,,,,V7_TEMPORAL_NUMERIC
LI_015_R10.png,LI,LI_015,10,4,HIBRIDO,X,temporal,EXHAUSTIVE,READY_TEMPORAL,2018 | 2019 | 2020 | 2021 | 2022 | 2023 | 2024 | 2025,2018 | 2019 | 2020 | 2021 | 2022 | 2023 | 2024 | 2025,NOT_SPECIFIED,AUTO_VALIDATED_FROZEN_GATE,AUTO_VALIDATED,2018|2019|2020|2021|2022|2023|2024|2025,2018 | 2019 | 2020 | 2021 | 2022 | 2023 | 2024 | 2025,NORMALIZED_EQUIVALENT,CONFORMING,,,Conteúdo observado coincide com F após normalização congelada.,YES,B_B_NORMALIZATION_V1,,,,V7_TEMPORAL_NUMERIC
LI_019_R01.png,LI,LI_019,1,9,HIBRIDO,X,temporal,EXHAUSTIVE,READY_TEMPORAL,2018 | 2019 | 2020 | 2021 | 2022 | 2023 | 2024 | 2025,2018 | 2019 | 2020 | 2021 | 2022 | 2023 | 2024 | 2025,NOT_SPECIFIED,AUTO_VALIDATED_FROZEN_GATE,AUTO_VALIDATED,2018|2019|2020|2021|2022|2023|2024|2025,2018 | 2019 | 2020 | 2021 | 2022 | 2023 | 2024 | 2025,NORMALIZED_EQUIVALENT,CONFORMING,,,Conteúdo observado coincide com F após normalização congelada.,YES,B_B_NORMALIZATION_V1,,,,V7_TEMPORAL_NUMERIC
LI_019_R01.png,LI,LI_019,1,9,HIBRIDO,Y,numeric,EXHAUSTIVE,READY_EXPLICIT_LIST,0 | 50M | 100M | 150M | 200M | 250M | 300M,0 | 50000000 | 100000000 | 150000000 | 200000000 | 250000000 | 300000000,NOT_SPECIFIED,AUTO_VALIDATED_FROZEN_GATE,AUTO_VALIDATED,0|5e+07|1e+08|1.5e+08|2e+08|2.5e+08|3e+08,0 | 50000000 | 100000000 | 150000000 | 200000000 | 250000000 | 300000000,NORMALIZED_EQUIVALENT,CONFORMING,,,Conteúdo observado coincide com F após normalização congelada.,YES,B_B_NORMALIZATION_V1,,,,V7_TEMPORAL_NUMERIC
LI_019_R02.png,LI,LI_019,2,9,HIBRIDO,X,temporal,EXHAUSTIVE,READY_TEMPORAL,2018 | 2019 | 2020 | 2021 | 2022 | 2023 | 2024 | 2025,2018 | 2019 | 2020 | 2021 | 2022 | 2023 | 2024 | 2025,NOT_SPECIFIED,AUTO_VALIDATED_FROZEN_GATE,AUTO_VALIDATED,2018|2019|2020|2021|2022|2023|2024|2025,2018 | 2019 | 2020 | 2021 | 2022 | 2023 | 2024 | 2025,NORMALIZED_EQUIVALENT,CONFORMING,,,Conteúdo observado coincide com F após normalização congelada.,YES,B_B_NORMALIZATION_V1,,,,V7_TEMPORAL_NUMERIC
LI_019_R02.png,LI,LI_019,2,9,HIBRIDO,Y,numeric,EXHAUSTIVE,READY_EXPLICIT_LIST,0 | 50M | 100M | 150M | 200M | 250M | 300M,0 | 50000000 | 100000000 | 150000000 | 200000000 | 250000000 | 300000000,NOT_SPECIFIED,AUTO_VALIDATED_FROZEN_GATE,AUTO_VALIDATED,0|5e+07|1e+08|1.5e+08|2e+08|2.5e+08|3e+08,0 | 50000000 | 100000000 | 150000000 | 200000000 | 250000000 | 300000000,NORMALIZED_EQUIVALENT,CONFORMING,,,Conteúdo observado coincide com F após normalização congelada.,YES,B_B_NORMALIZATION_V1,,,,V7_TEMPORAL_NUMERIC
LI_019_R03.png,LI,LI_019,3,9,HIBRIDO,X,temporal,EXHAUSTIVE,READY_TEMPORAL,2018 | 2019 | 2020 | 2021 | 2022 | 2023 | 2024 | 2025,2018 | 2019 | 2020 | 2021 | 2022 | 2023 | 2024 | 2025,NOT_SPECIFIED,AUTO_VALIDATED_FROZEN_GATE,AUTO_VALIDATED,2018|2019|2020|2021|2022|2023|2024|2025,2018 | 2019 | 2020 | 2021 | 2022 | 2023 | 2024 | 2025,NORMALIZED_EQUIVALENT,CONFORMING,,,Conteúdo observado coincide com F após normalização congelada.,YES,B_B_NORMALIZATION_V1,,,,V7_TEMPORAL_NUMERIC
LI_019_R03.png,LI,LI_019,3,9,HIBRIDO,Y,numeric,EXHAUSTIVE,READY_EXPLICIT_LIST,0 | 50M | 100M | 150M | 200M | 250M | 300M,0 | 50000000 | 100000000 | 150000000 | 200000000 | 250000000 | 300000000,NOT_SPECIFIED,AUTO_VALIDATED_FROZEN_GATE,AUTO_VALIDATED,0|5e+07|1e+08|1.5e+08|2e+08|2.5e+08|3e+08,0 | 50000000 | 100000000 | 150000000 | 200000000 | 250000000 | 300000000,NORMALIZED_EQUIVALENT,CONFORMING,,,Conteúdo observado coincide com F após normalização congelada.,YES,B_B_NORMALIZATION_V1,,,,V7_TEMPORAL_NUMERIC
LI_019_R04.png,LI,LI_019,4,9,HIBRIDO,X,temporal,EXHAUSTIVE,READY_TEMPORAL,2018 | 2019 | 2020 | 2021 | 2022 | 2023 | 2024 | 2025,2018 | 2019 | 2020 | 2021 | 2022 | 2023 | 2024 | 2025,NOT_SPECIFIED,AUTO_VALIDATED_FROZEN_GATE,AUTO_VALIDATED,2018|2019|2020|2021|2022|2023|2024|2025,2018 | 2019 | 2020 | 2021 | 2022 | 2023 | 2024 | 2025,NORMALIZED_EQUIVALENT,CONFORMING,,,Conteúdo observado coincide com F após normalização congelada.,YES,B_B_NORMALIZATION_V1,,,,V7_TEMPORAL_NUMERIC
LI_019_R04.png,LI,LI_019,4,9,HIBRIDO,Y,numeric,EXHAUSTIVE,READY_EXPLICIT_LIST,0 | 50M | 100M | 150M | 200M | 250M | 300M,0 | 50000000 | 100000000 | 150000000 | 200000000 | 250000000 | 300000000,NOT_SPECIFIED,AUTO_VALIDATED_FROZEN_GATE,AUTO_VALIDATED,0|5e+07|1e+08|1.5e+08|2e+08|2.5e+08|3e+08,0 | 50000000 | 100000000 | 150000000 | 200000000 | 250000000 | 300000000,NORMALIZED_EQUIVALENT,CONFORMING,,,Conteúdo observado coincide com F após normalização congelada.,YES,B_B_NORMALIZATION_V1,,,,V7_TEMPORAL_NUMERIC
LI_019_R05.png,LI,LI_019,5,9,HIBRIDO,X,temporal,EXHAUSTIVE,READY_TEMPORAL,2018 | 2019 | 2020 | 2021 | 2022 | 2023 | 2024 | 2025,2018 | 2019 | 2020 | 2021 | 2022 | 2023 | 2024 | 2025,NOT_SPECIFIED,AUTO_VALIDATED_FROZEN_GATE,AUTO_VALIDATED,2018|2019|2020|2021|2022|2023|2024|2025,2018 | 2019 | 2020 | 2021 | 2022 | 2023 | 2024 | 2025,NORMALIZED_EQUIVALENT,CONFORMING,,,Conteúdo observado coincide com F após normalização congelada.,YES,B_B_NORMALIZATION_V1,,,,V7_TEMPORAL_NUMERIC
LI_019_R05.png,LI,LI_019,5,9,HIBRIDO,Y,numeric,EXHAUSTIVE,READY_EXPLICIT_LIST,0 | 50M | 100M | 150M | 200M | 250M | 300M,0 | 50000000 | 100000000 | 150000000 | 200000000 | 250000000 | 300000000,NOT_SPECIFIED,AUTO_VALIDATED_FROZEN_GATE,AUTO_VALIDATED,0|5e+07|1e+08|1.5e+08|2e+08|2.5e+08|3e+08,0 | 50000000 | 100000000 | 150000000 | 200000000 | 250000000 | 300000000,NORMALIZED_EQUIVALENT,CONFORMING,,,Conteúdo observado coincide com F após normalização congelada.,YES,B_B_NORMALIZATION_V1,,,,V7_TEMPORAL_NUMERIC
LI_019_R06.png,LI,LI_019,6,9,HIBRIDO,X,temporal,EXHAUSTIVE,READY_TEMPORAL,2018 | 2019 | 2020 | 2021 | 2022 | 2023 | 2024 | 2025,2018 | 2019 | 2020 | 2021 | 2022 | 2023 | 2024 | 2025,NOT_SPECIFIED,AUTO_VALIDATED_FROZEN_GATE,AUTO_VALIDATED,2018|2019|2020|2021|2022|2023|2024|2025,2018 | 2019 | 2020 | 2021 | 2022 | 2023 | 2024 | 2025,NORMALIZED_EQUIVALENT,CONFORMING,,,Conteúdo observado coincide com F após normalização congelada.,YES,B_B_NORMALIZATION_V1,,,,V7_TEMPORAL_NUMERIC
LI_019_R06.png,LI,LI_019,6,9,HIBRIDO,Y,numeric,EXHAUSTIVE,READY_EXPLICIT_LIST,0 | 50M | 100M | 150M | 200M | 250M | 300M,0 | 50000000 | 100000000 | 150000000 | 200000000 | 250000000 | 300000000,NOT_SPECIFIED,AUTO_VALIDATED_FROZEN_GATE,AUTO_VALIDATED,0|5e+07|1e+08|1.5e+08|2e+08|2.5e+08|3e+08,0 | 50000000 | 100000000 | 150000000 | 200000000 | 250000000 | 300000000,NORMALIZED_EQUIVALENT,CONFORMING,,,Conteúdo observado coincide com F após normalização congelada.,YES,B_B_NORMALIZATION_V1,,,,V7_TEMPORAL_NUMERIC
LI_019_R07.png,LI,LI_019,7,9,HIBRIDO,X,temporal,EXHAUSTIVE,READY_TEMPORAL,2018 | 2019 | 2020 | 2021 | 2022 | 2023 | 2024 | 2025,2018 | 2019 | 2020 | 2021 | 2022 | 2023 | 2024 | 2025,NOT_SPECIFIED,AUTO_VALIDATED_FROZEN_GATE,AUTO_VALIDATED,2018|2019|2020|2021|2022|2023|2024|2025,2018 | 2019 | 2020 | 2021 | 2022 | 2023 | 2024 | 2025,NORMALIZED_EQUIVALENT,CONFORMING,,,Conteúdo observado coincide com F após normalização congelada.,YES,B_B_NORMALIZATION_V1,,,,V7_TEMPORAL_NUMERIC
LI_019_R07.png,LI,LI_019,7,9,HIBRIDO,Y,numeric,EXHAUSTIVE,READY_EXPLICIT_LIST,0 | 50M | 100M | 150M | 200M | 250M | 300M,0 | 50000000 | 100000000 | 150000000 | 200000000 | 250000000 | 300000000,NOT_SPECIFIED,AUTO_VALIDATED_FROZEN_GATE,AUTO_VALIDATED,0|5e+07|1e+08|1.5e+08|2e+08|2.5e+08|3e+08,0 | 50000000 | 100000000 | 150000000 | 200000000 | 250000000 | 300000000,NORMALIZED_EQUIVALENT,CONFORMING,,,Conteúdo observado coincide com F após normalização congelada.,YES,B_B_NORMALIZATION_V1,,,,V7_TEMPORAL_NUMERIC
LI_019_R08.png,LI,LI_019,8,9,HIBRIDO,X,temporal,EXHAUSTIVE,READY_TEMPORAL,2018 | 2019 | 2020 | 2021 | 2022 | 2023 | 2024 | 2025,2018 | 2019 | 2020 | 2021 | 2022 | 2023 | 2024 | 2025,NOT_SPECIFIED,AUTO_VALIDATED_FROZEN_GATE,AUTO_VALIDATED,2018|2019|2020|2021|2022|2023|2024|2025,2018 | 2019 | 2020 | 2021 | 2022 | 2023 | 2024 | 2025,NORMALIZED_EQUIVALENT,CONFORMING,,,Conteúdo observado coincide com F após normalização congelada.,YES,B_B_NORMALIZATION_V1,,,,V7_TEMPORAL_NUMERIC
LI_019_R08.png,LI,LI_019,8,9,HIBRIDO,Y,numeric,EXHAUSTIVE,READY_EXPLICIT_LIST,0 | 50M | 100M | 150M | 200M | 250M | 300M,0 | 50000000 | 100000000 | 150000000 | 200000000 | 250000000 | 300000000,NOT_SPECIFIED,AUTO_VALIDATED_FROZEN_GATE,AUTO_VALIDATED,0|5e+07|1e+08|1.5e+08|2e+08|2.5e+08|3e+08,0 | 50000000 | 100000000 | 150000000 | 200000000 | 250000000 | 300000000,NORMALIZED_EQUIVALENT,CONFORMING,,,Conteúdo observado coincide com F após normalização congelada.,YES,B_B_NORMALIZATION_V1,,,,V7_TEMPORAL_NUMERIC
LI_019_R09.png,LI,LI_019,9,9,HIBRIDO,X,temporal,EXHAUSTIVE,READY_TEMPORAL,2018 | 2019 | 2020 | 2021 | 2022 | 2023 | 2024 | 2025,2018 | 2019 | 2020 | 2021 | 2022 | 2023 | 2024 | 2025,NOT_SPECIFIED,AUTO_VALIDATED_FROZEN_GATE,AUTO_VALIDATED,2018|2019|2020|2021|2022|2023|2024|2025,2018 | 2019 | 2020 | 2021 | 2022 | 2023 | 2024 | 2025,NORMALIZED_EQUIVALENT,CONFORMING,,,Conteúdo observado coincide com F após normalização congelada.,YES,B_B_NORMALIZATION_V1,,,,V7_TEMPORAL_NUMERIC
LI_019_R09.png,LI,LI_019,9,9,HIBRIDO,Y,numeric,EXHAUSTIVE,READY_EXPLICIT_LIST,0 | 50M | 100M | 150M | 200M | 250M | 300M,0 | 50000000 | 100000000 | 150000000 | 200000000 | 250000000 | 300000000,NOT_SPECIFIED,AUTO_VALIDATED_FROZEN_GATE,AUTO_VALIDATED,0|5e+07|1e+08|1.5e+08|2e+08|2.5e+08|3e+08,0 | 50000000 | 100000000 | 150000000 | 200000000 | 250000000 | 300000000,NORMALIZED_EQUIVALENT,CONFORMING,,,Conteúdo observado coincide com F após normalização congelada.,YES,B_B_NORMALIZATION_V1,,,,V7_TEMPORAL_NUMERIC
LI_019_R10.png,LI,LI_019,10,9,HIBRIDO,X,temporal,EXHAUSTIVE,READY_TEMPORAL,2018 | 2019 | 2020 | 2021 | 2022 | 2023 | 2024 | 2025,2018 | 2019 | 2020 | 2021 | 2022 | 2023 | 2024 | 2025,NOT_SPECIFIED,AUTO_VALIDATED_FROZEN_GATE,AUTO_VALIDATED,2018|2019|2020|2021|2022|2023|2024|2025,2018 | 2019 | 2020 | 2021 | 2022 | 2023 | 2024 | 2025,NORMALIZED_EQUIVALENT,CONFORMING,,,Conteúdo observado coincide com F após normalização congelada.,YES,B_B_NORMALIZATION_V1,,,,V7_TEMPORAL_NUMERIC
LI_019_R10.png,LI,LI_019,10,9,HIBRIDO,Y,numeric,EXHAUSTIVE,READY_EXPLICIT_LIST,0 | 50M | 100M | 150M | 200M | 250M | 300M,0 | 50000000 | 100000000 | 150000000 | 200000000 | 250000000 | 300000000,NOT_SPECIFIED,AUTO_VALIDATED_FROZEN_GATE,AUTO_VALIDATED,0|5e+07|1e+08|1.5e+08|2e+08|2.5e+08|3e+08,0 | 50000000 | 100000000 | 150000000 | 200000000 | 250000000 | 300000000,NORMALIZED_EQUIVALENT,CONFORMING,,,Conteúdo observado coincide com F após normalização congelada.,YES,B_B_NORMALIZATION_V1,,,,V7_TEMPORAL_NUMERIC
LI_020_R01.png,LI,LI_020,1,10,HIBRIDO,X,temporal,EXHAUSTIVE,READY_TEMPORAL,2018 | 2019 | 2020 | 2021 | 2022 | 2023 | 2024 | 2025,2018 | 2019 | 2020 | 2021 | 2022 | 2023 | 2024 | 2025,NOT_SPECIFIED,AUTO_VALIDATED_FROZEN_GATE,AUTO_VALIDATED,2018|2019|2020|2021|2022|2023|2024|2025,2018 | 2019 | 2020 | 2021 | 2022 | 2023 | 2024 | 2025,NORMALIZED_EQUIVALENT,CONFORMING,,,Conteúdo observado coincide com F após normalização congelada.,YES,B_B_NORMALIZATION_V1,,,,V7_TEMPORAL_NUMERIC
LI_020_R02.png,LI,LI_020,2,10,HIBRIDO,X,temporal,EXHAUSTIVE,READY_TEMPORAL,2018 | 2019 | 2020 | 2021 | 2022 | 2023 | 2024 | 2025,2018 | 2019 | 2020 | 2021 | 2022 | 2023 | 2024 | 2025,NOT_SPECIFIED,AUTO_VALIDATED_FROZEN_GATE,AUTO_VALIDATED,2018|2019|2020|2021|2022|2023|2024|2025,2018 | 2019 | 2020 | 2021 | 2022 | 2023 | 2024 | 2025,NORMALIZED_EQUIVALENT,CONFORMING,,,Conteúdo observado coincide com F após normalização congelada.,YES,B_B_NORMALIZATION_V1,,,,V7_TEMPORAL_NUMERIC
LI_020_R03.png,LI,LI_020,3,10,HIBRIDO,X,temporal,EXHAUSTIVE,READY_TEMPORAL,2018 | 2019 | 2020 | 2021 | 2022 | 2023 | 2024 | 2025,2018 | 2019 | 2020 | 2021 | 2022 | 2023 | 2024 | 2025,NOT_SPECIFIED,AUTO_VALIDATED_FROZEN_GATE,AUTO_VALIDATED,2018|2019|2020|2021|2022|2023|2024|2025,2018 | 2019 | 2020 | 2021 | 2022 | 2023 | 2024 | 2025,NORMALIZED_EQUIVALENT,CONFORMING,,,Conteúdo observado coincide com F após normalização congelada.,YES,B_B_NORMALIZATION_V1,,,,V7_TEMPORAL_NUMERIC
LI_020_R04.png,LI,LI_020,4,10,HIBRIDO,X,temporal,EXHAUSTIVE,READY_TEMPORAL,2018 | 2019 | 2020 | 2021 | 2022 | 2023 | 2024 | 2025,2018 | 2019 | 2020 | 2021 | 2022 | 2023 | 2024 | 2025,NOT_SPECIFIED,AUTO_VALIDATED_FROZEN_GATE,AUTO_VALIDATED,2018|2019|2020|2021|2022|2023|2024|2025,2018 | 2019 | 2020 | 2021 | 2022 | 2023 | 2024 | 2025,NORMALIZED_EQUIVALENT,CONFORMING,,,Conteúdo observado coincide com F após normalização congelada.,YES,B_B_NORMALIZATION_V1,,,,V7_TEMPORAL_NUMERIC
LI_020_R05.png,LI,LI_020,5,10,HIBRIDO,X,temporal,EXHAUSTIVE,READY_TEMPORAL,2018 | 2019 | 2020 | 2021 | 2022 | 2023 | 2024 | 2025,2018 | 2019 | 2020 | 2021 | 2022 | 2023 | 2024 | 2025,NOT_SPECIFIED,AUTO_VALIDATED_FROZEN_GATE,AUTO_VALIDATED,2018|2019|2020|2021|2022|2023|2024|2025,2018 | 2019 | 2020 | 2021 | 2022 | 2023 | 2024 | 2025,NORMALIZED_EQUIVALENT,CONFORMING,,,Conteúdo observado coincide com F após normalização congelada.,YES,B_B_NORMALIZATION_V1,,,,V7_TEMPORAL_NUMERIC
LI_020_R06.png,LI,LI_020,6,10,HIBRIDO,X,temporal,EXHAUSTIVE,READY_TEMPORAL,2018 | 2019 | 2020 | 2021 | 2022 | 2023 | 2024 | 2025,2018 | 2019 | 2020 | 2021 | 2022 | 2023 | 2024 | 2025,NOT_SPECIFIED,AUTO_VALIDATED_FROZEN_GATE,AUTO_VALIDATED,2018|2019|2020|2021|2022|2023|2024|2025,2018 | 2019 | 2020 | 2021 | 2022 | 2023 | 2024 | 2025,NORMALIZED_EQUIVALENT,CONFORMING,,,Conteúdo observado coincide com F após normalização congelada.,YES,B_B_NORMALIZATION_V1,,,,V7_TEMPORAL_NUMERIC
LI_020_R07.png,LI,LI_020,7,10,HIBRIDO,X,temporal,EXHAUSTIVE,READY_TEMPORAL,2018 | 2019 | 2020 | 2021 | 2022 | 2023 | 2024 | 2025,2018 | 2019 | 2020 | 2021 | 2022 | 2023 | 2024 | 2025,NOT_SPECIFIED,AUTO_VALIDATED_FROZEN_GATE,AUTO_VALIDATED,2018|2019|2020|2021|2022|2023|2024|2025,2018 | 2019 | 2020 | 2021 | 2022 | 2023 | 2024 | 2025,NORMALIZED_EQUIVALENT,CONFORMING,,,Conteúdo observado coincide com F após normalização congelada.,YES,B_B_NORMALIZATION_V1,,,,V7_TEMPORAL_NUMERIC
LI_020_R08.png,LI,LI_020,8,10,HIBRIDO,X,temporal,EXHAUSTIVE,READY_TEMPORAL,2018 | 2019 | 2020 | 2021 | 2022 | 2023 | 2024 | 2025,2018 | 2019 | 2020 | 2021 | 2022 | 2023 | 2024 | 2025,NOT_SPECIFIED,AUTO_VALIDATED_FROZEN_GATE,AUTO_VALIDATED,2018|2019|2020|2021|2022|2023|2024|2025,2018 | 2019 | 2020 | 2021 | 2022 | 2023 | 2024 | 2025,NORMALIZED_EQUIVALENT,CONFORMING,,,Conteúdo observado coincide com F após normalização congelada.,YES,B_B_NORMALIZATION_V1,,,,V7_TEMPORAL_NUMERIC
LI_020_R09.png,LI,LI_020,9,10,HIBRIDO,X,temporal,EXHAUSTIVE,READY_TEMPORAL,2018 | 2019 | 2020 | 2021 | 2022 | 2023 | 2024 | 2025,2018 | 2019 | 2020 | 2021 | 2022 | 2023 | 2024 | 2025,NOT_SPECIFIED,AUTO_VALIDATED_FROZEN_GATE,AUTO_VALIDATED,2018|2019|2020|2021|2022|2023|2024|2025,2018 | 2019 | 2020 | 2021 | 2022 | 2023 | 2024 | 2025,NORMALIZED_EQUIVALENT,CONFORMING,,,Conteúdo observado coincide com F após normalização congelada.,YES,B_B_NORMALIZATION_V1,,,,V7_TEMPORAL_NUMERIC
LI_020_R10.png,LI,LI_020,10,10,HIBRIDO,X,temporal,EXHAUSTIVE,READY_TEMPORAL,2018 | 2019 | 2020 | 2021 | 2022 | 2023 | 2024 | 2025,2018 | 2019 | 2020 | 2021 | 2022 | 2023 | 2024 | 2025,NOT_SPECIFIED,AUTO_VALIDATED_FROZEN_GATE,AUTO_VALIDATED,2018|2019|2020|2021|2022|2023|2024|2025,2018 | 2019 | 2020 | 2021 | 2022 | 2023 | 2024 | 2025,NORMALIZED_EQUIVALENT,CONFORMING,,,Conteúdo observado coincide com F após normalização congelada.,YES,B_B_NORMALIZATION_V1,,,,V7_TEMPORAL_NUMERIC
LI_023_R01.png,LI,LI_023,1,13,HIBRIDO,X,temporal,EXHAUSTIVE,READY_TEMPORAL,2018 | 2019 | 2020 | 2021 | 2022 | 2023 | 2024 | 2025,2018 | 2019 | 2020 | 2021 | 2022 | 2023 | 2024 | 2025,NOT_SPECIFIED,AUTO_VALIDATED_FROZEN_GATE,AUTO_VALIDATED,2018|2019|2020|2021|2022|2023|2024|2025,2018 | 2019 | 2020 | 2021 | 2022 | 2023 | 2024 | 2025,NORMALIZED_EQUIVALENT,CONFORMING,,,Conteúdo observado coincide com F após normalização congelada.,YES,B_B_NORMALIZATION_V1,,,,V7_TEMPORAL_NUMERIC
LI_023_R01.png,LI,LI_023,1,13,HIBRIDO,Y,numeric,EXHAUSTIVE,READY_EXPLICIT_LIST,0 | 50M | 100M | 150M | 200M | 250M | 300M,0 | 50000000 | 100000000 | 150000000 | 200000000 | 250000000 | 300000000,NOT_SPECIFIED,MANUAL_ADJUDICATED,MANUAL_ADJUDICATED,0M | 50M | 100M | 150M | 200M | 250M | 300M,0 | 50000000 | 100000000 | 150000000 | 200000000 | 250000000 | 300000000,NORMALIZED_EQUIVALENT,CONFORMING,,,Conteúdo observado coincide com F após normalização congelada.,YES,B_B_NORMALIZATION_V1,,,,V7_TEMPORAL_NUMERIC
LI_023_R02.png,LI,LI_023,2,13,HIBRIDO,X,temporal,EXHAUSTIVE,READY_TEMPORAL,2018 | 2019 | 2020 | 2021 | 2022 | 2023 | 2024 | 2025,2018 | 2019 | 2020 | 2021 | 2022 | 2023 | 2024 | 2025,NOT_SPECIFIED,AUTO_VALIDATED_FROZEN_GATE,AUTO_VALIDATED,2018|2019|2020|2021|2022|2023|2024|2025,2018 | 2019 | 2020 | 2021 | 2022 | 2023 | 2024 | 2025,NORMALIZED_EQUIVALENT,CONFORMING,,,Conteúdo observado coincide com F após normalização congelada.,YES,B_B_NORMALIZATION_V1,,,,V7_TEMPORAL_NUMERIC
LI_023_R02.png,LI,LI_023,2,13,HIBRIDO,Y,numeric,EXHAUSTIVE,READY_EXPLICIT_LIST,0 | 50M | 100M | 150M | 200M | 250M | 300M,0 | 50000000 | 100000000 | 150000000 | 200000000 | 250000000 | 300000000,NOT_SPECIFIED,AUTO_VALIDATED_FROZEN_GATE,AUTO_VALIDATED,0|5e+07|1e+08|1.5e+08|2e+08|2.5e+08|3e+08,0 | 50000000 | 100000000 | 150000000 | 200000000 | 250000000 | 300000000,NORMALIZED_EQUIVALENT,CONFORMING,,,Conteúdo observado coincide com F após normalização congelada.,YES,B_B_NORMALIZATION_V1,,,,V7_TEMPORAL_NUMERIC
LI_023_R03.png,LI,LI_023,3,13,HIBRIDO,X,temporal,EXHAUSTIVE,READY_TEMPORAL,2018 | 2019 | 2020 | 2021 | 2022 | 2023 | 2024 | 2025,2018 | 2019 | 2020 | 2021 | 2022 | 2023 | 2024 | 2025,NOT_SPECIFIED,AUTO_VALIDATED_FROZEN_GATE,AUTO_VALIDATED,2018|2019|2020|2021|2022|2023|2024|2025,2018 | 2019 | 2020 | 2021 | 2022 | 2023 | 2024 | 2025,NORMALIZED_EQUIVALENT,CONFORMING,,,Conteúdo observado coincide com F após normalização congelada.,YES,B_B_NORMALIZATION_V1,,,,V7_TEMPORAL_NUMERIC
LI_023_R03.png,LI,LI_023,3,13,HIBRIDO,Y,numeric,EXHAUSTIVE,READY_EXPLICIT_LIST,0 | 50M | 100M | 150M | 200M | 250M | 300M,0 | 50000000 | 100000000 | 150000000 | 200000000 | 250000000 | 300000000,NOT_SPECIFIED,AUTO_VALIDATED_FROZEN_GATE,AUTO_VALIDATED,0|5e+07|1e+08|1.5e+08|2e+08|2.5e+08|3e+08,0 | 50000000 | 100000000 | 150000000 | 200000000 | 250000000 | 300000000,NORMALIZED_EQUIVALENT,CONFORMING,,,Conteúdo observado coincide com F após normalização congelada.,YES,B_B_NORMALIZATION_V1,,,,V7_TEMPORAL_NUMERIC
LI_023_R04.png,LI,LI_023,4,13,HIBRIDO,X,temporal,EXHAUSTIVE,READY_TEMPORAL,2018 | 2019 | 2020 | 2021 | 2022 | 2023 | 2024 | 2025,2018 | 2019 | 2020 | 2021 | 2022 | 2023 | 2024 | 2025,NOT_SPECIFIED,AUTO_VALIDATED_FROZEN_GATE,AUTO_VALIDATED,2018|2019|2020|2021|2022|2023|2024|2025,2018 | 2019 | 2020 | 2021 | 2022 | 2023 | 2024 | 2025,NORMALIZED_EQUIVALENT,CONFORMING,,,Conteúdo observado coincide com F após normalização congelada.,YES,B_B_NORMALIZATION_V1,,,,V7_TEMPORAL_NUMERIC
LI_023_R04.png,LI,LI_023,4,13,HIBRIDO,Y,numeric,EXHAUSTIVE,READY_EXPLICIT_LIST,0 | 50M | 100M | 150M | 200M | 250M | 300M,0 | 50000000 | 100000000 | 150000000 | 200000000 | 250000000 | 300000000,NOT_SPECIFIED,AUTO_VALIDATED_FROZEN_GATE,AUTO_VALIDATED,0|5e+07|1e+08|1.5e+08|2e+08|2.5e+08|3e+08,0 | 50000000 | 100000000 | 150000000 | 200000000 | 250000000 | 300000000,NORMALIZED_EQUIVALENT,CONFORMING,,,Conteúdo observado coincide com F após normalização congelada.,YES,B_B_NORMALIZATION_V1,,,,V7_TEMPORAL_NUMERIC
LI_023_R05.png,LI,LI_023,5,13,HIBRIDO,X,temporal,EXHAUSTIVE,READY_TEMPORAL,2018 | 2019 | 2020 | 2021 | 2022 | 2023 | 2024 | 2025,2018 | 2019 | 2020 | 2021 | 2022 | 2023 | 2024 | 2025,NOT_SPECIFIED,AUTO_VALIDATED_FROZEN_GATE,AUTO_VALIDATED,2018|2019|2020|2021|2022|2023|2024|2025,2018 | 2019 | 2020 | 2021 | 2022 | 2023 | 2024 | 2025,NORMALIZED_EQUIVALENT,CONFORMING,,,Conteúdo observado coincide com F após normalização congelada.,YES,B_B_NORMALIZATION_V1,,,,V7_TEMPORAL_NUMERIC
LI_023_R05.png,LI,LI_023,5,13,HIBRIDO,Y,numeric,EXHAUSTIVE,READY_EXPLICIT_LIST,0 | 50M | 100M | 150M | 200M | 250M | 300M,0 | 50000000 | 100000000 | 150000000 | 200000000 | 250000000 | 300000000,NOT_SPECIFIED,AUTO_VALIDATED_FROZEN_GATE,AUTO_VALIDATED,0|5e+07|1e+08|1.5e+08|2e+08|2.5e+08|3e+08,0 | 50000000 | 100000000 | 150000000 | 200000000 | 250000000 | 300000000,NORMALIZED_EQUIVALENT,CONFORMING,,,Conteúdo observado coincide com F após normalização congelada.,YES,B_B_NORMALIZATION_V1,,,,V7_TEMPORAL_NUMERIC
LI_023_R06.png,LI,LI_023,6,13,HIBRIDO,X,temporal,EXHAUSTIVE,READY_TEMPORAL,2018 | 2019 | 2020 | 2021 | 2022 | 2023 | 2024 | 2025,2018 | 2019 | 2020 | 2021 | 2022 | 2023 | 2024 | 2025,NOT_SPECIFIED,AUTO_VALIDATED_FROZEN_GATE,AUTO_VALIDATED,2018|2019|2020|2021|2022|2023|2024|2025,2018 | 2019 | 2020 | 2021 | 2022 | 2023 | 2024 | 2025,NORMALIZED_EQUIVALENT,CONFORMING,,,Conteúdo observado coincide com F após normalização congelada.,YES,B_B_NORMALIZATION_V1,,,,V7_TEMPORAL_NUMERIC
LI_023_R06.png,LI,LI_023,6,13,HIBRIDO,Y,numeric,EXHAUSTIVE,READY_EXPLICIT_LIST,0 | 50M | 100M | 150M | 200M | 250M | 300M,0 | 50000000 | 100000000 | 150000000 | 200000000 | 250000000 | 300000000,NOT_SPECIFIED,AUTO_VALIDATED_FROZEN_GATE,AUTO_VALIDATED,0|5e+07|1e+08|1.5e+08|2e+08|2.5e+08|3e+08,0 | 50000000 | 100000000 | 150000000 | 200000000 | 250000000 | 300000000,NORMALIZED_EQUIVALENT,CONFORMING,,,Conteúdo observado coincide com F após normalização congelada.,YES,B_B_NORMALIZATION_V1,,,,V7_TEMPORAL_NUMERIC
LI_023_R07.png,LI,LI_023,7,13,HIBRIDO,X,temporal,EXHAUSTIVE,READY_TEMPORAL,2018 | 2019 | 2020 | 2021 | 2022 | 2023 | 2024 | 2025,2018 | 2019 | 2020 | 2021 | 2022 | 2023 | 2024 | 2025,NOT_SPECIFIED,AUTO_VALIDATED_FROZEN_GATE,AUTO_VALIDATED,2018|2019|2020|2021|2022|2023|2024|2025,2018 | 2019 | 2020 | 2021 | 2022 | 2023 | 2024 | 2025,NORMALIZED_EQUIVALENT,CONFORMING,,,Conteúdo observado coincide com F após normalização congelada.,YES,B_B_NORMALIZATION_V1,,,,V7_TEMPORAL_NUMERIC
LI_023_R07.png,LI,LI_023,7,13,HIBRIDO,Y,numeric,EXHAUSTIVE,READY_EXPLICIT_LIST,0 | 50M | 100M | 150M | 200M | 250M | 300M,0 | 50000000 | 100000000 | 150000000 | 200000000 | 250000000 | 300000000,NOT_SPECIFIED,AUTO_VALIDATED_FROZEN_GATE,AUTO_VALIDATED,0|5e+07|1e+08|1.5e+08|2e+08|2.5e+08|3e+08,0 | 50000000 | 100000000 | 150000000 | 200000000 | 250000000 | 300000000,NORMALIZED_EQUIVALENT,CONFORMING,,,Conteúdo observado coincide com F após normalização congelada.,YES,B_B_NORMALIZATION_V1,,,,V7_TEMPORAL_NUMERIC
LI_023_R08.png,LI,LI_023,8,13,HIBRIDO,X,temporal,EXHAUSTIVE,READY_TEMPORAL,2018 | 2019 | 2020 | 2021 | 2022 | 2023 | 2024 | 2025,2018 | 2019 | 2020 | 2021 | 2022 | 2023 | 2024 | 2025,NOT_SPECIFIED,AUTO_VALIDATED_FROZEN_GATE,AUTO_VALIDATED,2018|2019|2020|2021|2022|2023|2024|2025,2018 | 2019 | 2020 | 2021 | 2022 | 2023 | 2024 | 2025,NORMALIZED_EQUIVALENT,CONFORMING,,,Conteúdo observado coincide com F após normalização congelada.,YES,B_B_NORMALIZATION_V1,,,,V7_TEMPORAL_NUMERIC
LI_023_R08.png,LI,LI_023,8,13,HIBRIDO,Y,numeric,EXHAUSTIVE,READY_EXPLICIT_LIST,0 | 50M | 100M | 150M | 200M | 250M | 300M,0 | 50000000 | 100000000 | 150000000 | 200000000 | 250000000 | 300000000,NOT_SPECIFIED,AUTO_VALIDATED_FROZEN_GATE,AUTO_VALIDATED,0|5e+07|1e+08|1.5e+08|2e+08|2.5e+08|3e+08,0 | 50000000 | 100000000 | 150000000 | 200000000 | 250000000 | 300000000,NORMALIZED_EQUIVALENT,CONFORMING,,,Conteúdo observado coincide com F após normalização congelada.,YES,B_B_NORMALIZATION_V1,,,,V7_TEMPORAL_NUMERIC
LI_023_R09.png,LI,LI_023,9,13,HIBRIDO,X,temporal,EXHAUSTIVE,READY_TEMPORAL,2018 | 2019 | 2020 | 2021 | 2022 | 2023 | 2024 | 2025,2018 | 2019 | 2020 | 2021 | 2022 | 2023 | 2024 | 2025,NOT_SPECIFIED,AUTO_VALIDATED_FROZEN_GATE,AUTO_VALIDATED,2018|2019|2020|2021|2022|2023|2024|2025,2018 | 2019 | 2020 | 2021 | 2022 | 2023 | 2024 | 2025,NORMALIZED_EQUIVALENT,CONFORMING,,,Conteúdo observado coincide com F após normalização congelada.,YES,B_B_NORMALIZATION_V1,,,,V7_TEMPORAL_NUMERIC
LI_023_R09.png,LI,LI_023,9,13,HIBRIDO,Y,numeric,EXHAUSTIVE,READY_EXPLICIT_LIST,0 | 50M | 100M | 150M | 200M | 250M | 300M,0 | 50000000 | 100000000 | 150000000 | 200000000 | 250000000 | 300000000,NOT_SPECIFIED,AUTO_VALIDATED_FROZEN_GATE,AUTO_VALIDATED,0|5e+07|1e+08|1.5e+08|2e+08|2.5e+08|3e+08,0 | 50000000 | 100000000 | 150000000 | 200000000 | 250000000 | 300000000,NORMALIZED_EQUIVALENT,CONFORMING,,,Conteúdo observado coincide com F após normalização congelada.,YES,B_B_NORMALIZATION_V1,,,,V7_TEMPORAL_NUMERIC
LI_023_R10.png,LI,LI_023,10,13,HIBRIDO,X,temporal,EXHAUSTIVE,READY_TEMPORAL,2018 | 2019 | 2020 | 2021 | 2022 | 2023 | 2024 | 2025,2018 | 2019 | 2020 | 2021 | 2022 | 2023 | 2024 | 2025,NOT_SPECIFIED,AUTO_VALIDATED_FROZEN_GATE,AUTO_VALIDATED,2018|2019|2020|2021|2022|2023|2024|2025,2018 | 2019 | 2020 | 2021 | 2022 | 2023 | 2024 | 2025,NORMALIZED_EQUIVALENT,CONFORMING,,,Conteúdo observado coincide com F após normalização congelada.,YES,B_B_NORMALIZATION_V1,,,,V7_TEMPORAL_NUMERIC
LI_023_R10.png,LI,LI_023,10,13,HIBRIDO,Y,numeric,EXHAUSTIVE,READY_EXPLICIT_LIST,0 | 50M | 100M | 150M | 200M | 250M | 300M,0 | 50000000 | 100000000 | 150000000 | 200000000 | 250000000 | 300000000,NOT_SPECIFIED,AUTO_VALIDATED_FROZEN_GATE,AUTO_VALIDATED,0|5e+07|1e+08|1.5e+08|2e+08|2.5e+08|3e+08,0 | 50000000 | 100000000 | 150000000 | 200000000 | 250000000 | 300000000,NORMALIZED_EQUIVALENT,CONFORMING,,,Conteúdo observado coincide com F após normalização congelada.,YES,B_B_NORMALIZATION_V1,,,,V7_TEMPORAL_NUMERIC
LI_024_R01.png,LI,LI_024,1,14,HIBRIDO,X,temporal,EXHAUSTIVE,READY_TEMPORAL,2018 | 2019 | 2020 | 2021 | 2022 | 2023 | 2024 | 2025,2018 | 2019 | 2020 | 2021 | 2022 | 2023 | 2024 | 2025,NOT_SPECIFIED,AUTO_VALIDATED_FROZEN_GATE,AUTO_VALIDATED,2018|2019|2020|2021|2022|2023|2024|2025,2018 | 2019 | 2020 | 2021 | 2022 | 2023 | 2024 | 2025,NORMALIZED_EQUIVALENT,CONFORMING,,,Conteúdo observado coincide com F após normalização congelada.,YES,B_B_NORMALIZATION_V1,,,,V7_TEMPORAL_NUMERIC
LI_024_R02.png,LI,LI_024,2,14,HIBRIDO,X,temporal,EXHAUSTIVE,READY_TEMPORAL,2018 | 2019 | 2020 | 2021 | 2022 | 2023 | 2024 | 2025,2018 | 2019 | 2020 | 2021 | 2022 | 2023 | 2024 | 2025,NOT_SPECIFIED,AUTO_VALIDATED_FROZEN_GATE,AUTO_VALIDATED,2018|2019|2020|2021|2022|2023|2024|2025,2018 | 2019 | 2020 | 2021 | 2022 | 2023 | 2024 | 2025,NORMALIZED_EQUIVALENT,CONFORMING,,,Conteúdo observado coincide com F após normalização congelada.,YES,B_B_NORMALIZATION_V1,,,,V7_TEMPORAL_NUMERIC
LI_024_R03.png,LI,LI_024,3,14,HIBRIDO,X,temporal,EXHAUSTIVE,READY_TEMPORAL,2018 | 2019 | 2020 | 2021 | 2022 | 2023 | 2024 | 2025,2018 | 2019 | 2020 | 2021 | 2022 | 2023 | 2024 | 2025,NOT_SPECIFIED,AUTO_VALIDATED_FROZEN_GATE,AUTO_VALIDATED,2018|2019|2020|2021|2022|2023|2024|2025,2018 | 2019 | 2020 | 2021 | 2022 | 2023 | 2024 | 2025,NORMALIZED_EQUIVALENT,CONFORMING,,,Conteúdo observado coincide com F após normalização congelada.,YES,B_B_NORMALIZATION_V1,,,,V7_TEMPORAL_NUMERIC
LI_024_R04.png,LI,LI_024,4,14,HIBRIDO,X,temporal,EXHAUSTIVE,READY_TEMPORAL,2018 | 2019 | 2020 | 2021 | 2022 | 2023 | 2024 | 2025,2018 | 2019 | 2020 | 2021 | 2022 | 2023 | 2024 | 2025,NOT_SPECIFIED,AUTO_VALIDATED_FROZEN_GATE,AUTO_VALIDATED,2018|2019|2020|2021|2022|2023|2024|2025,2018 | 2019 | 2020 | 2021 | 2022 | 2023 | 2024 | 2025,NORMALIZED_EQUIVALENT,CONFORMING,,,Conteúdo observado coincide com F após normalização congelada.,YES,B_B_NORMALIZATION_V1,,,,V7_TEMPORAL_NUMERIC
LI_024_R05.png,LI,LI_024,5,14,HIBRIDO,X,temporal,EXHAUSTIVE,READY_TEMPORAL,2018 | 2019 | 2020 | 2021 | 2022 | 2023 | 2024 | 2025,2018 | 2019 | 2020 | 2021 | 2022 | 2023 | 2024 | 2025,NOT_SPECIFIED,AUTO_VALIDATED_FROZEN_GATE,AUTO_VALIDATED,2018|2019|2020|2021|2022|2023|2024|2025,2018 | 2019 | 2020 | 2021 | 2022 | 2023 | 2024 | 2025,NORMALIZED_EQUIVALENT,CONFORMING,,,Conteúdo observado coincide com F após normalização congelada.,YES,B_B_NORMALIZATION_V1,,,,V7_TEMPORAL_NUMERIC
LI_024_R06.png,LI,LI_024,6,14,HIBRIDO,X,temporal,EXHAUSTIVE,READY_TEMPORAL,2018 | 2019 | 2020 | 2021 | 2022 | 2023 | 2024 | 2025,2018 | 2019 | 2020 | 2021 | 2022 | 2023 | 2024 | 2025,NOT_SPECIFIED,AUTO_VALIDATED_FROZEN_GATE,AUTO_VALIDATED,2018|2019|2020|2021|2022|2023|2024|2025,2018 | 2019 | 2020 | 2021 | 2022 | 2023 | 2024 | 2025,NORMALIZED_EQUIVALENT,CONFORMING,,,Conteúdo observado coincide com F após normalização congelada.,YES,B_B_NORMALIZATION_V1,,,,V7_TEMPORAL_NUMERIC
LI_024_R07.png,LI,LI_024,7,14,HIBRIDO,X,temporal,EXHAUSTIVE,READY_TEMPORAL,2018 | 2019 | 2020 | 2021 | 2022 | 2023 | 2024 | 2025,2018 | 2019 | 2020 | 2021 | 2022 | 2023 | 2024 | 2025,NOT_SPECIFIED,AUTO_VALIDATED_FROZEN_GATE,AUTO_VALIDATED,2018|2019|2020|2021|2022|2023|2024|2025,2018 | 2019 | 2020 | 2021 | 2022 | 2023 | 2024 | 2025,NORMALIZED_EQUIVALENT,CONFORMING,,,Conteúdo observado coincide com F após normalização congelada.,YES,B_B_NORMALIZATION_V1,,,,V7_TEMPORAL_NUMERIC
LI_024_R08.png,LI,LI_024,8,14,HIBRIDO,X,temporal,EXHAUSTIVE,READY_TEMPORAL,2018 | 2019 | 2020 | 2021 | 2022 | 2023 | 2024 | 2025,2018 | 2019 | 2020 | 2021 | 2022 | 2023 | 2024 | 2025,NOT_SPECIFIED,AUTO_VALIDATED_FROZEN_GATE,AUTO_VALIDATED,2018|2019|2020|2021|2022|2023|2024|2025,2018 | 2019 | 2020 | 2021 | 2022 | 2023 | 2024 | 2025,NORMALIZED_EQUIVALENT,CONFORMING,,,Conteúdo observado coincide com F após normalização congelada.,YES,B_B_NORMALIZATION_V1,,,,V7_TEMPORAL_NUMERIC
LI_024_R09.png,LI,LI_024,9,14,HIBRIDO,X,temporal,EXHAUSTIVE,READY_TEMPORAL,2018 | 2019 | 2020 | 2021 | 2022 | 2023 | 2024 | 2025,2018 | 2019 | 2020 | 2021 | 2022 | 2023 | 2024 | 2025,NOT_SPECIFIED,AUTO_VALIDATED_FROZEN_GATE,AUTO_VALIDATED,2018|2019|2020|2021|2022|2023|2024|2025,2018 | 2019 | 2020 | 2021 | 2022 | 2023 | 2024 | 2025,NORMALIZED_EQUIVALENT,CONFORMING,,,Conteúdo observado coincide com F após normalização congelada.,YES,B_B_NORMALIZATION_V1,,,,V7_TEMPORAL_NUMERIC
LI_024_R10.png,LI,LI_024,10,14,HIBRIDO,X,temporal,EXHAUSTIVE,READY_TEMPORAL,2018 | 2019 | 2020 | 2021 | 2022 | 2023 | 2024 | 2025,2018 | 2019 | 2020 | 2021 | 2022 | 2023 | 2024 | 2025,NOT_SPECIFIED,AUTO_VALIDATED_FROZEN_GATE,AUTO_VALIDATED,2018|2019|2020|2021|2022|2023|2024|2025,2018 | 2019 | 2020 | 2021 | 2022 | 2023 | 2024 | 2025,NORMALIZED_EQUIVALENT,CONFORMING,,,Conteúdo observado coincide com F após normalização congelada.,YES,B_B_NORMALIZATION_V1,,,,V7_TEMPORAL_NUMERIC
LI_026_R01.png,LI,LI_026,1,16,HIBRIDO,X,temporal,EXHAUSTIVE,READY_TEMPORAL,2018 | 2019 | 2020 | 2021 | 2022 | 2023 | 2024 | 2025,2018 | 2019 | 2020 | 2021 | 2022 | 2023 | 2024 | 2025,NOT_SPECIFIED,AUTO_VALIDATED_FROZEN_GATE,AUTO_VALIDATED,2018|2019|2020|2021|2022|2023|2024|2025,2018 | 2019 | 2020 | 2021 | 2022 | 2023 | 2024 | 2025,NORMALIZED_EQUIVALENT,CONFORMING,,,Conteúdo observado coincide com F após normalização congelada.,YES,B_B_NORMALIZATION_V1,,,,V7_TEMPORAL_NUMERIC
LI_026_R02.png,LI,LI_026,2,16,HIBRIDO,X,temporal,EXHAUSTIVE,READY_TEMPORAL,2018 | 2019 | 2020 | 2021 | 2022 | 2023 | 2024 | 2025,2018 | 2019 | 2020 | 2021 | 2022 | 2023 | 2024 | 2025,NOT_SPECIFIED,AUTO_VALIDATED_FROZEN_GATE,AUTO_VALIDATED,2018|2019|2020|2021|2022|2023|2024|2025,2018 | 2019 | 2020 | 2021 | 2022 | 2023 | 2024 | 2025,NORMALIZED_EQUIVALENT,CONFORMING,,,Conteúdo observado coincide com F após normalização congelada.,YES,B_B_NORMALIZATION_V1,,,,V7_TEMPORAL_NUMERIC
LI_026_R03.png,LI,LI_026,3,16,HIBRIDO,X,temporal,EXHAUSTIVE,READY_TEMPORAL,2018 | 2019 | 2020 | 2021 | 2022 | 2023 | 2024 | 2025,2018 | 2019 | 2020 | 2021 | 2022 | 2023 | 2024 | 2025,NOT_SPECIFIED,AUTO_VALIDATED_FROZEN_GATE,AUTO_VALIDATED,2018|2019|2020|2021|2022|2023|2024|2025,2018 | 2019 | 2020 | 2021 | 2022 | 2023 | 2024 | 2025,NORMALIZED_EQUIVALENT,CONFORMING,,,Conteúdo observado coincide com F após normalização congelada.,YES,B_B_NORMALIZATION_V1,,,,V7_TEMPORAL_NUMERIC
LI_026_R04.png,LI,LI_026,4,16,HIBRIDO,X,temporal,EXHAUSTIVE,READY_TEMPORAL,2018 | 2019 | 2020 | 2021 | 2022 | 2023 | 2024 | 2025,2018 | 2019 | 2020 | 2021 | 2022 | 2023 | 2024 | 2025,NOT_SPECIFIED,AUTO_VALIDATED_FROZEN_GATE,AUTO_VALIDATED,2018|2019|2020|2021|2022|2023|2024|2025,2018 | 2019 | 2020 | 2021 | 2022 | 2023 | 2024 | 2025,NORMALIZED_EQUIVALENT,CONFORMING,,,Conteúdo observado coincide com F após normalização congelada.,YES,B_B_NORMALIZATION_V1,,,,V7_TEMPORAL_NUMERIC
LI_026_R05.png,LI,LI_026,5,16,HIBRIDO,X,temporal,EXHAUSTIVE,READY_TEMPORAL,2018 | 2019 | 2020 | 2021 | 2022 | 2023 | 2024 | 2025,2018 | 2019 | 2020 | 2021 | 2022 | 2023 | 2024 | 2025,NOT_SPECIFIED,AUTO_VALIDATED_FROZEN_GATE,AUTO_VALIDATED,2018|2019|2020|2021|2022|2023|2024|2025,2018 | 2019 | 2020 | 2021 | 2022 | 2023 | 2024 | 2025,NORMALIZED_EQUIVALENT,CONFORMING,,,Conteúdo observado coincide com F após normalização congelada.,YES,B_B_NORMALIZATION_V1,,,,V7_TEMPORAL_NUMERIC
LI_026_R06.png,LI,LI_026,6,16,HIBRIDO,X,temporal,EXHAUSTIVE,READY_TEMPORAL,2018 | 2019 | 2020 | 2021 | 2022 | 2023 | 2024 | 2025,2018 | 2019 | 2020 | 2021 | 2022 | 2023 | 2024 | 2025,NOT_SPECIFIED,AUTO_VALIDATED_FROZEN_GATE,AUTO_VALIDATED,2018|2019|2020|2021|2022|2023|2024|2025,2018 | 2019 | 2020 | 2021 | 2022 | 2023 | 2024 | 2025,NORMALIZED_EQUIVALENT,CONFORMING,,,Conteúdo observado coincide com F após normalização congelada.,YES,B_B_NORMALIZATION_V1,,,,V7_TEMPORAL_NUMERIC
LI_026_R07.png,LI,LI_026,7,16,HIBRIDO,X,temporal,EXHAUSTIVE,READY_TEMPORAL,2018 | 2019 | 2020 | 2021 | 2022 | 2023 | 2024 | 2025,2018 | 2019 | 2020 | 2021 | 2022 | 2023 | 2024 | 2025,NOT_SPECIFIED,AUTO_VALIDATED_FROZEN_GATE,AUTO_VALIDATED,2018|2019|2020|2021|2022|2023|2024|2025,2018 | 2019 | 2020 | 2021 | 2022 | 2023 | 2024 | 2025,NORMALIZED_EQUIVALENT,CONFORMING,,,Conteúdo observado coincide com F após normalização congelada.,YES,B_B_NORMALIZATION_V1,,,,V7_TEMPORAL_NUMERIC
LI_026_R08.png,LI,LI_026,8,16,HIBRIDO,X,temporal,EXHAUSTIVE,READY_TEMPORAL,2018 | 2019 | 2020 | 2021 | 2022 | 2023 | 2024 | 2025,2018 | 2019 | 2020 | 2021 | 2022 | 2023 | 2024 | 2025,NOT_SPECIFIED,AUTO_VALIDATED_FROZEN_GATE,AUTO_VALIDATED,2018|2019|2020|2021|2022|2023|2024|2025,2018 | 2019 | 2020 | 2021 | 2022 | 2023 | 2024 | 2025,NORMALIZED_EQUIVALENT,CONFORMING,,,Conteúdo observado coincide com F após normalização congelada.,YES,B_B_NORMALIZATION_V1,,,,V7_TEMPORAL_NUMERIC
LI_026_R09.png,LI,LI_026,9,16,HIBRIDO,X,temporal,EXHAUSTIVE,READY_TEMPORAL,2018 | 2019 | 2020 | 2021 | 2022 | 2023 | 2024 | 2025,2018 | 2019 | 2020 | 2021 | 2022 | 2023 | 2024 | 2025,NOT_SPECIFIED,AUTO_VALIDATED_FROZEN_GATE,AUTO_VALIDATED,2018|2019|2020|2021|2022|2023|2024|2025,2018 | 2019 | 2020 | 2021 | 2022 | 2023 | 2024 | 2025,NORMALIZED_EQUIVALENT,CONFORMING,,,Conteúdo observado coincide com F após normalização congelada.,YES,B_B_NORMALIZATION_V1,,,,V7_TEMPORAL_NUMERIC
LI_026_R10.png,LI,LI_026,10,16,HIBRIDO,X,temporal,EXHAUSTIVE,READY_TEMPORAL,2018 | 2019 | 2020 | 2021 | 2022 | 2023 | 2024 | 2025,2018 | 2019 | 2020 | 2021 | 2022 | 2023 | 2024 | 2025,NOT_SPECIFIED,AUTO_VALIDATED_FROZEN_GATE,AUTO_VALIDATED,2018|2019|2020|2021|2022|2023|2024|2025,2018 | 2019 | 2020 | 2021 | 2022 | 2023 | 2024 | 2025,NORMALIZED_EQUIVALENT,CONFORMING,,,Conteúdo observado coincide com F após normalização congelada.,YES,B_B_NORMALIZATION_V1,,,,V7_TEMPORAL_NUMERIC
LI_027_R01.png,LI,LI_027,1,1,VQL,X,temporal,EXHAUSTIVE,READY_TEMPORAL,2018 | 2019 | 2020 | 2021 | 2022 | 2023 | 2024 | 2025,2018 | 2019 | 2020 | 2021 | 2022 | 2023 | 2024 | 2025,NOT_SPECIFIED,AUTO_VALIDATED_FROZEN_GATE,AUTO_VALIDATED,2018|2019|2020|2021|2022|2023|2024|2025,2018 | 2019 | 2020 | 2021 | 2022 | 2023 | 2024 | 2025,NORMALIZED_EQUIVALENT,CONFORMING,,,Conteúdo observado coincide com F após normalização congelada.,YES,B_B_NORMALIZATION_V1,,,,V7_TEMPORAL_NUMERIC
LI_027_R02.png,LI,LI_027,2,1,VQL,X,temporal,EXHAUSTIVE,READY_TEMPORAL,2018 | 2019 | 2020 | 2021 | 2022 | 2023 | 2024 | 2025,2018 | 2019 | 2020 | 2021 | 2022 | 2023 | 2024 | 2025,NOT_SPECIFIED,AUTO_VALIDATED_FROZEN_GATE,AUTO_VALIDATED,2018|2019|2020|2021|2022|2023|2024|2025,2018 | 2019 | 2020 | 2021 | 2022 | 2023 | 2024 | 2025,NORMALIZED_EQUIVALENT,CONFORMING,,,Conteúdo observado coincide com F após normalização congelada.,YES,B_B_NORMALIZATION_V1,,,,V7_TEMPORAL_NUMERIC
LI_027_R03.png,LI,LI_027,3,1,VQL,X,temporal,EXHAUSTIVE,READY_TEMPORAL,2018 | 2019 | 2020 | 2021 | 2022 | 2023 | 2024 | 2025,2018 | 2019 | 2020 | 2021 | 2022 | 2023 | 2024 | 2025,NOT_SPECIFIED,AUTO_VALIDATED_FROZEN_GATE,AUTO_VALIDATED,2018|2019|2020|2021|2022|2023|2024|2025,2018 | 2019 | 2020 | 2021 | 2022 | 2023 | 2024 | 2025,NORMALIZED_EQUIVALENT,CONFORMING,,,Conteúdo observado coincide com F após normalização congelada.,YES,B_B_NORMALIZATION_V1,,,,V7_TEMPORAL_NUMERIC
LI_027_R04.png,LI,LI_027,4,1,VQL,X,temporal,EXHAUSTIVE,READY_TEMPORAL,2018 | 2019 | 2020 | 2021 | 2022 | 2023 | 2024 | 2025,2018 | 2019 | 2020 | 2021 | 2022 | 2023 | 2024 | 2025,NOT_SPECIFIED,AUTO_VALIDATED_FROZEN_GATE,AUTO_VALIDATED,2018|2019|2020|2021|2022|2023|2024|2025,2018 | 2019 | 2020 | 2021 | 2022 | 2023 | 2024 | 2025,NORMALIZED_EQUIVALENT,CONFORMING,,,Conteúdo observado coincide com F após normalização congelada.,YES,B_B_NORMALIZATION_V1,,,,V7_TEMPORAL_NUMERIC
LI_027_R05.png,LI,LI_027,5,1,VQL,X,temporal,EXHAUSTIVE,READY_TEMPORAL,2018 | 2019 | 2020 | 2021 | 2022 | 2023 | 2024 | 2025,2018 | 2019 | 2020 | 2021 | 2022 | 2023 | 2024 | 2025,NOT_SPECIFIED,AUTO_VALIDATED_FROZEN_GATE,AUTO_VALIDATED,2018|2019|2020|2021|2022|2023|2024|2025,2018 | 2019 | 2020 | 2021 | 2022 | 2023 | 2024 | 2025,NORMALIZED_EQUIVALENT,CONFORMING,,,Conteúdo observado coincide com F após normalização congelada.,YES,B_B_NORMALIZATION_V1,,,,V7_TEMPORAL_NUMERIC
LI_027_R06.png,LI,LI_027,6,1,VQL,X,temporal,EXHAUSTIVE,READY_TEMPORAL,2018 | 2019 | 2020 | 2021 | 2022 | 2023 | 2024 | 2025,2018 | 2019 | 2020 | 2021 | 2022 | 2023 | 2024 | 2025,NOT_SPECIFIED,AUTO_VALIDATED_FROZEN_GATE,AUTO_VALIDATED,2018|2019|2020|2021|2022|2023|2024|2025,2018 | 2019 | 2020 | 2021 | 2022 | 2023 | 2024 | 2025,NORMALIZED_EQUIVALENT,CONFORMING,,,Conteúdo observado coincide com F após normalização congelada.,YES,B_B_NORMALIZATION_V1,,,,V7_TEMPORAL_NUMERIC
LI_027_R07.png,LI,LI_027,7,1,VQL,X,temporal,EXHAUSTIVE,READY_TEMPORAL,2018 | 2019 | 2020 | 2021 | 2022 | 2023 | 2024 | 2025,2018 | 2019 | 2020 | 2021 | 2022 | 2023 | 2024 | 2025,NOT_SPECIFIED,AUTO_VALIDATED_FROZEN_GATE,AUTO_VALIDATED,2018|2019|2020|2021|2022|2023|2024|2025,2018 | 2019 | 2020 | 2021 | 2022 | 2023 | 2024 | 2025,NORMALIZED_EQUIVALENT,CONFORMING,,,Conteúdo observado coincide com F após normalização congelada.,YES,B_B_NORMALIZATION_V1,,,,V7_TEMPORAL_NUMERIC
LI_027_R08.png,LI,LI_027,8,1,VQL,X,temporal,EXHAUSTIVE,READY_TEMPORAL,2018 | 2019 | 2020 | 2021 | 2022 | 2023 | 2024 | 2025,2018 | 2019 | 2020 | 2021 | 2022 | 2023 | 2024 | 2025,NOT_SPECIFIED,AUTO_VALIDATED_FROZEN_GATE,AUTO_VALIDATED,2018|2019|2020|2021|2022|2023|2024|2025,2018 | 2019 | 2020 | 2021 | 2022 | 2023 | 2024 | 2025,NORMALIZED_EQUIVALENT,CONFORMING,,,Conteúdo observado coincide com F após normalização congelada.,YES,B_B_NORMALIZATION_V1,,,,V7_TEMPORAL_NUMERIC
LI_027_R09.png,LI,LI_027,9,1,VQL,X,temporal,EXHAUSTIVE,READY_TEMPORAL,2018 | 2019 | 2020 | 2021 | 2022 | 2023 | 2024 | 2025,2018 | 2019 | 2020 | 2021 | 2022 | 2023 | 2024 | 2025,NOT_SPECIFIED,AUTO_VALIDATED_FROZEN_GATE,AUTO_VALIDATED,2018|2019|2020|2021|2022|2023|2024|2025,2018 | 2019 | 2020 | 2021 | 2022 | 2023 | 2024 | 2025,NORMALIZED_EQUIVALENT,CONFORMING,,,Conteúdo observado coincide com F após normalização congelada.,YES,B_B_NORMALIZATION_V1,,,,V7_TEMPORAL_NUMERIC
LI_027_R10.png,LI,LI_027,10,1,VQL,X,temporal,EXHAUSTIVE,READY_TEMPORAL,2018 | 2019 | 2020 | 2021 | 2022 | 2023 | 2024 | 2025,2018 | 2019 | 2020 | 2021 | 2022 | 2023 | 2024 | 2025,NOT_SPECIFIED,AUTO_VALIDATED_FROZEN_GATE,AUTO_VALIDATED,2018|2019|2020|2021|2022|2023|2024|2025,2018 | 2019 | 2020 | 2021 | 2022 | 2023 | 2024 | 2025,NORMALIZED_EQUIVALENT,CONFORMING,,,Conteúdo observado coincide com F após normalização congelada.,YES,B_B_NORMALIZATION_V1,,,,V7_TEMPORAL_NUMERIC
LI_028_R01.png,LI,LI_028,1,4,VQL,X,temporal,EXHAUSTIVE,READY_TEMPORAL,2018 | 2019 | 2020 | 2021 | 2022 | 2023 | 2024 | 2025,2018 | 2019 | 2020 | 2021 | 2022 | 2023 | 2024 | 2025,NOT_SPECIFIED,AUTO_VALIDATED_FROZEN_GATE,AUTO_VALIDATED,2018|2019|2020|2021|2022|2023|2024|2025,2018 | 2019 | 2020 | 2021 | 2022 | 2023 | 2024 | 2025,NORMALIZED_EQUIVALENT,CONFORMING,,,Conteúdo observado coincide com F após normalização congelada.,YES,B_B_NORMALIZATION_V1,,,,V7_TEMPORAL_NUMERIC
LI_028_R02.png,LI,LI_028,2,4,VQL,X,temporal,EXHAUSTIVE,READY_TEMPORAL,2018 | 2019 | 2020 | 2021 | 2022 | 2023 | 2024 | 2025,2018 | 2019 | 2020 | 2021 | 2022 | 2023 | 2024 | 2025,NOT_SPECIFIED,AUTO_VALIDATED_FROZEN_GATE,AUTO_VALIDATED,2018|2019|2020|2021|2022|2023|2024|2025,2018 | 2019 | 2020 | 2021 | 2022 | 2023 | 2024 | 2025,NORMALIZED_EQUIVALENT,CONFORMING,,,Conteúdo observado coincide com F após normalização congelada.,YES,B_B_NORMALIZATION_V1,,,,V7_TEMPORAL_NUMERIC
LI_028_R03.png,LI,LI_028,3,4,VQL,X,temporal,EXHAUSTIVE,READY_TEMPORAL,2018 | 2019 | 2020 | 2021 | 2022 | 2023 | 2024 | 2025,2018 | 2019 | 2020 | 2021 | 2022 | 2023 | 2024 | 2025,NOT_SPECIFIED,AUTO_VALIDATED_FROZEN_GATE,AUTO_VALIDATED,2018|2019|2020|2021|2022|2023|2024|2025,2018 | 2019 | 2020 | 2021 | 2022 | 2023 | 2024 | 2025,NORMALIZED_EQUIVALENT,CONFORMING,,,Conteúdo observado coincide com F após normalização congelada.,YES,B_B_NORMALIZATION_V1,,,,V7_TEMPORAL_NUMERIC
LI_028_R04.png,LI,LI_028,4,4,VQL,X,temporal,EXHAUSTIVE,READY_TEMPORAL,2018 | 2019 | 2020 | 2021 | 2022 | 2023 | 2024 | 2025,2018 | 2019 | 2020 | 2021 | 2022 | 2023 | 2024 | 2025,NOT_SPECIFIED,AUTO_VALIDATED_FROZEN_GATE,AUTO_VALIDATED,2018|2019|2020|2021|2022|2023|2024|2025,2018 | 2019 | 2020 | 2021 | 2022 | 2023 | 2024 | 2025,NORMALIZED_EQUIVALENT,CONFORMING,,,Conteúdo observado coincide com F após normalização congelada.,YES,B_B_NORMALIZATION_V1,,,,V7_TEMPORAL_NUMERIC
LI_028_R05.png,LI,LI_028,5,4,VQL,X,temporal,EXHAUSTIVE,READY_TEMPORAL,2018 | 2019 | 2020 | 2021 | 2022 | 2023 | 2024 | 2025,2018 | 2019 | 2020 | 2021 | 2022 | 2023 | 2024 | 2025,NOT_SPECIFIED,AUTO_VALIDATED_FROZEN_GATE,AUTO_VALIDATED,2018|2019|2020|2021|2022|2023|2024|2025,2018 | 2019 | 2020 | 2021 | 2022 | 2023 | 2024 | 2025,NORMALIZED_EQUIVALENT,CONFORMING,,,Conteúdo observado coincide com F após normalização congelada.,YES,B_B_NORMALIZATION_V1,,,,V7_TEMPORAL_NUMERIC
LI_028_R06.png,LI,LI_028,6,4,VQL,X,temporal,EXHAUSTIVE,READY_TEMPORAL,2018 | 2019 | 2020 | 2021 | 2022 | 2023 | 2024 | 2025,2018 | 2019 | 2020 | 2021 | 2022 | 2023 | 2024 | 2025,NOT_SPECIFIED,AUTO_VALIDATED_FROZEN_GATE,AUTO_VALIDATED,2018|2019|2020|2021|2022|2023|2024|2025,2018 | 2019 | 2020 | 2021 | 2022 | 2023 | 2024 | 2025,NORMALIZED_EQUIVALENT,CONFORMING,,,Conteúdo observado coincide com F após normalização congelada.,YES,B_B_NORMALIZATION_V1,,,,V7_TEMPORAL_NUMERIC
LI_028_R07.png,LI,LI_028,7,4,VQL,X,temporal,EXHAUSTIVE,READY_TEMPORAL,2018 | 2019 | 2020 | 2021 | 2022 | 2023 | 2024 | 2025,2018 | 2019 | 2020 | 2021 | 2022 | 2023 | 2024 | 2025,NOT_SPECIFIED,AUTO_VALIDATED_FROZEN_GATE,AUTO_VALIDATED,2018|2019|2020|2021|2022|2023|2024|2025,2018 | 2019 | 2020 | 2021 | 2022 | 2023 | 2024 | 2025,NORMALIZED_EQUIVALENT,CONFORMING,,,Conteúdo observado coincide com F após normalização congelada.,YES,B_B_NORMALIZATION_V1,,,,V7_TEMPORAL_NUMERIC
LI_028_R08.png,LI,LI_028,8,4,VQL,X,temporal,EXHAUSTIVE,READY_TEMPORAL,2018 | 2019 | 2020 | 2021 | 2022 | 2023 | 2024 | 2025,2018 | 2019 | 2020 | 2021 | 2022 | 2023 | 2024 | 2025,NOT_SPECIFIED,AUTO_VALIDATED_FROZEN_GATE,AUTO_VALIDATED,2018|2019|2020|2021|2022|2023|2024|2025,2018 | 2019 | 2020 | 2021 | 2022 | 2023 | 2024 | 2025,NORMALIZED_EQUIVALENT,CONFORMING,,,Conteúdo observado coincide com F após normalização congelada.,YES,B_B_NORMALIZATION_V1,,,,V7_TEMPORAL_NUMERIC
LI_028_R09.png,LI,LI_028,9,4,VQL,X,temporal,EXHAUSTIVE,READY_TEMPORAL,2018 | 2019 | 2020 | 2021 | 2022 | 2023 | 2024 | 2025,2018 | 2019 | 2020 | 2021 | 2022 | 2023 | 2024 | 2025,NOT_SPECIFIED,AUTO_VALIDATED_FROZEN_GATE,AUTO_VALIDATED,2018|2019|2020|2021|2022|2023|2024|2025,2018 | 2019 | 2020 | 2021 | 2022 | 2023 | 2024 | 2025,NORMALIZED_EQUIVALENT,CONFORMING,,,Conteúdo observado coincide com F após normalização congelada.,YES,B_B_NORMALIZATION_V1,,,,V7_TEMPORAL_NUMERIC
LI_028_R10.png,LI,LI_028,10,4,VQL,X,temporal,EXHAUSTIVE,READY_TEMPORAL,2018 | 2019 | 2020 | 2021 | 2022 | 2023 | 2024 | 2025,2018 | 2019 | 2020 | 2021 | 2022 | 2023 | 2024 | 2025,NOT_SPECIFIED,AUTO_VALIDATED_FROZEN_GATE,AUTO_VALIDATED,2018|2019|2020|2021|2022|2023|2024|2025,2018 | 2019 | 2020 | 2021 | 2022 | 2023 | 2024 | 2025,NORMALIZED_EQUIVALENT,CONFORMING,,,Conteúdo observado coincide com F após normalização congelada.,YES,B_B_NORMALIZATION_V1,,,,V7_TEMPORAL_NUMERIC
LI_032_R01.png,LI,LI_032,1,9,VQL,X,temporal,EXHAUSTIVE,READY_TEMPORAL,2018 | 2019 | 2020 | 2021 | 2022 | 2023 | 2024 | 2025,2018 | 2019 | 2020 | 2021 | 2022 | 2023 | 2024 | 2025,NOT_SPECIFIED,AUTO_VALIDATED_FROZEN_GATE,AUTO_VALIDATED,2018|2019|2020|2021|2022|2023|2024|2025,2018 | 2019 | 2020 | 2021 | 2022 | 2023 | 2024 | 2025,NORMALIZED_EQUIVALENT,CONFORMING,,,Conteúdo observado coincide com F após normalização congelada.,YES,B_B_NORMALIZATION_V1,,,,V7_TEMPORAL_NUMERIC
LI_032_R01.png,LI,LI_032,1,9,VQL,Y,numeric,EXHAUSTIVE,READY_EXPLICIT_LIST,0 | 50M | 100M | 150M | 200M | 250M | 300M,0 | 50000000 | 100000000 | 150000000 | 200000000 | 250000000 | 300000000,NOT_SPECIFIED,AUTO_VALIDATED_FROZEN_GATE,AUTO_VALIDATED,0|5e+07|1e+08|1.5e+08|2e+08|2.5e+08|3e+08,0 | 50000000 | 100000000 | 150000000 | 200000000 | 250000000 | 300000000,NORMALIZED_EQUIVALENT,CONFORMING,,,Conteúdo observado coincide com F após normalização congelada.,YES,B_B_NORMALIZATION_V1,,,,V7_TEMPORAL_NUMERIC
LI_032_R02.png,LI,LI_032,2,9,VQL,X,temporal,EXHAUSTIVE,READY_TEMPORAL,2018 | 2019 | 2020 | 2021 | 2022 | 2023 | 2024 | 2025,2018 | 2019 | 2020 | 2021 | 2022 | 2023 | 2024 | 2025,NOT_SPECIFIED,AUTO_VALIDATED_FROZEN_GATE,AUTO_VALIDATED,2018|2019|2020|2021|2022|2023|2024|2025,2018 | 2019 | 2020 | 2021 | 2022 | 2023 | 2024 | 2025,NORMALIZED_EQUIVALENT,CONFORMING,,,Conteúdo observado coincide com F após normalização congelada.,YES,B_B_NORMALIZATION_V1,,,,V7_TEMPORAL_NUMERIC
LI_032_R02.png,LI,LI_032,2,9,VQL,Y,numeric,EXHAUSTIVE,READY_EXPLICIT_LIST,0 | 50M | 100M | 150M | 200M | 250M | 300M,0 | 50000000 | 100000000 | 150000000 | 200000000 | 250000000 | 300000000,NOT_SPECIFIED,MANUAL_AUDIT_AUTO_NONCONFORMING,MANUAL_ADJUDICATED,0M | 5000M | 10000M | 15000M | 20000M | 25000M | 30000M,0 | 5000000000 | 10000000000 | 15000000000 | 20000000000 | 25000000000 | 30000000000,NONCONFORMING_VALUE,NONCONFORMING,50000000 | 100000000 | 150000000 | 200000000 | 250000000 | 300000000,5000000000 | 10000000000 | 15000000000 | 20000000000 | 25000000000 | 30000000000,Resultado atualizado após auditoria manual cega de B-A.,YES,B_B_NORMALIZATION_V1,,,,V7_TEMPORAL_NUMERIC
LI_032_R03.png,LI,LI_032,3,9,VQL,X,temporal,EXHAUSTIVE,READY_TEMPORAL,2018 | 2019 | 2020 | 2021 | 2022 | 2023 | 2024 | 2025,2018 | 2019 | 2020 | 2021 | 2022 | 2023 | 2024 | 2025,NOT_SPECIFIED,AUTO_VALIDATED_FROZEN_GATE,AUTO_VALIDATED,2018|2019|2020|2021|2022|2023|2024|2025,2018 | 2019 | 2020 | 2021 | 2022 | 2023 | 2024 | 2025,NORMALIZED_EQUIVALENT,CONFORMING,,,Conteúdo observado coincide com F após normalização congelada.,YES,B_B_NORMALIZATION_V1,,,,V7_TEMPORAL_NUMERIC
LI_032_R03.png,LI,LI_032,3,9,VQL,Y,numeric,EXHAUSTIVE,READY_EXPLICIT_LIST,0 | 50M | 100M | 150M | 200M | 250M | 300M,0 | 50000000 | 100000000 | 150000000 | 200000000 | 250000000 | 300000000,NOT_SPECIFIED,MANUAL_AUDIT_AUTO_NONCONFORMING,MANUAL_ADJUDICATED,0M | 5000M | 10000M | 15000M | 20000M | 25000M | 30000M,0 | 5000000000 | 10000000000 | 15000000000 | 20000000000 | 25000000000 | 30000000000,NONCONFORMING_VALUE,NONCONFORMING,50000000 | 100000000 | 150000000 | 200000000 | 250000000 | 300000000,5000000000 | 10000000000 | 15000000000 | 20000000000 | 25000000000 | 30000000000,Resultado atualizado após auditoria manual cega de B-A.,YES,B_B_NORMALIZATION_V1,,,,V7_TEMPORAL_NUMERIC
LI_032_R04.png,LI,LI_032,4,9,VQL,X,temporal,EXHAUSTIVE,READY_TEMPORAL,2018 | 2019 | 2020 | 2021 | 2022 | 2023 | 2024 | 2025,2018 | 2019 | 2020 | 2021 | 2022 | 2023 | 2024 | 2025,NOT_SPECIFIED,AUTO_VALIDATED_FROZEN_GATE,AUTO_VALIDATED,2018|2019|2020|2021|2022|2023|2024|2025,2018 | 2019 | 2020 | 2021 | 2022 | 2023 | 2024 | 2025,NORMALIZED_EQUIVALENT,CONFORMING,,,Conteúdo observado coincide com F após normalização congelada.,YES,B_B_NORMALIZATION_V1,,,,V7_TEMPORAL_NUMERIC
LI_032_R04.png,LI,LI_032,4,9,VQL,Y,numeric,EXHAUSTIVE,READY_EXPLICIT_LIST,0 | 50M | 100M | 150M | 200M | 250M | 300M,0 | 50000000 | 100000000 | 150000000 | 200000000 | 250000000 | 300000000,NOT_SPECIFIED,MANUAL_AUDIT_AUTO_NONCONFORMING,MANUAL_ADJUDICATED,0M | 5000M | 10000M | 15000M | 20000M | 25000M | 30000M,0 | 5000000000 | 10000000000 | 15000000000 | 20000000000 | 25000000000 | 30000000000,NONCONFORMING_VALUE,NONCONFORMING,50000000 | 100000000 | 150000000 | 200000000 | 250000000 | 300000000,5000000000 | 10000000000 | 15000000000 | 20000000000 | 25000000000 | 30000000000,Resultado atualizado após auditoria manual cega de B-A.,YES,B_B_NORMALIZATION_V1,,,,V7_TEMPORAL_NUMERIC
LI_032_R05.png,LI,LI_032,5,9,VQL,X,temporal,EXHAUSTIVE,READY_TEMPORAL,2018 | 2019 | 2020 | 2021 | 2022 | 2023 | 2024 | 2025,2018 | 2019 | 2020 | 2021 | 2022 | 2023 | 2024 | 2025,NOT_SPECIFIED,AUTO_VALIDATED_FROZEN_GATE,AUTO_VALIDATED,2018|2019|2020|2021|2022|2023|2024|2025,2018 | 2019 | 2020 | 2021 | 2022 | 2023 | 2024 | 2025,NORMALIZED_EQUIVALENT,CONFORMING,,,Conteúdo observado coincide com F após normalização congelada.,YES,B_B_NORMALIZATION_V1,,,,V7_TEMPORAL_NUMERIC
LI_032_R05.png,LI,LI_032,5,9,VQL,Y,numeric,EXHAUSTIVE,READY_EXPLICIT_LIST,0 | 50M | 100M | 150M | 200M | 250M | 300M,0 | 50000000 | 100000000 | 150000000 | 200000000 | 250000000 | 300000000,NOT_SPECIFIED,MANUAL_AUDIT_AUTO_NONCONFORMING,MANUAL_ADJUDICATED,0M | 5000M | 10000M | 15000M | 20000M | 25000M | 30000M,0 | 5000000000 | 10000000000 | 15000000000 | 20000000000 | 25000000000 | 30000000000,NONCONFORMING_VALUE,NONCONFORMING,50000000 | 100000000 | 150000000 | 200000000 | 250000000 | 300000000,5000000000 | 10000000000 | 15000000000 | 20000000000 | 25000000000 | 30000000000,Resultado atualizado após auditoria manual cega de B-A.,YES,B_B_NORMALIZATION_V1,,,,V7_TEMPORAL_NUMERIC
LI_032_R06.png,LI,LI_032,6,9,VQL,X,temporal,EXHAUSTIVE,READY_TEMPORAL,2018 | 2019 | 2020 | 2021 | 2022 | 2023 | 2024 | 2025,2018 | 2019 | 2020 | 2021 | 2022 | 2023 | 2024 | 2025,NOT_SPECIFIED,AUTO_VALIDATED_FROZEN_GATE,AUTO_VALIDATED,2018|2019|2020|2021|2022|2023|2024|2025,2018 | 2019 | 2020 | 2021 | 2022 | 2023 | 2024 | 2025,NORMALIZED_EQUIVALENT,CONFORMING,,,Conteúdo observado coincide com F após normalização congelada.,YES,B_B_NORMALIZATION_V1,,,,V7_TEMPORAL_NUMERIC
LI_032_R06.png,LI,LI_032,6,9,VQL,Y,numeric,EXHAUSTIVE,READY_EXPLICIT_LIST,0 | 50M | 100M | 150M | 200M | 250M | 300M,0 | 50000000 | 100000000 | 150000000 | 200000000 | 250000000 | 300000000,NOT_SPECIFIED,MANUAL_AUDIT_AUTO_NONCONFORMING,MANUAL_ADJUDICATED,0M | 5000M | 10000M | 15000M | 20000M | 25000M | 30000M,0 | 5000000000 | 10000000000 | 15000000000 | 20000000000 | 25000000000 | 30000000000,NONCONFORMING_VALUE,NONCONFORMING,50000000 | 100000000 | 150000000 | 200000000 | 250000000 | 300000000,5000000000 | 10000000000 | 15000000000 | 20000000000 | 25000000000 | 30000000000,Resultado atualizado após auditoria manual cega de B-A.,YES,B_B_NORMALIZATION_V1,,,,V7_TEMPORAL_NUMERIC
LI_032_R07.png,LI,LI_032,7,9,VQL,X,temporal,EXHAUSTIVE,READY_TEMPORAL,2018 | 2019 | 2020 | 2021 | 2022 | 2023 | 2024 | 2025,2018 | 2019 | 2020 | 2021 | 2022 | 2023 | 2024 | 2025,NOT_SPECIFIED,AUTO_VALIDATED_FROZEN_GATE,AUTO_VALIDATED,2018|2019|2020|2021|2022|2023|2024|2025,2018 | 2019 | 2020 | 2021 | 2022 | 2023 | 2024 | 2025,NORMALIZED_EQUIVALENT,CONFORMING,,,Conteúdo observado coincide com F após normalização congelada.,YES,B_B_NORMALIZATION_V1,,,,V7_TEMPORAL_NUMERIC
LI_032_R07.png,LI,LI_032,7,9,VQL,Y,numeric,EXHAUSTIVE,READY_EXPLICIT_LIST,0 | 50M | 100M | 150M | 200M | 250M | 300M,0 | 50000000 | 100000000 | 150000000 | 200000000 | 250000000 | 300000000,NOT_SPECIFIED,MANUAL_AUDIT_AUTO_NONCONFORMING,MANUAL_ADJUDICATED,0M | 5000M | 10000M | 15000M | 20000M | 25000M | 30000M,0 | 5000000000 | 10000000000 | 15000000000 | 20000000000 | 25000000000 | 30000000000,NONCONFORMING_VALUE,NONCONFORMING,50000000 | 100000000 | 150000000 | 200000000 | 250000000 | 300000000,5000000000 | 10000000000 | 15000000000 | 20000000000 | 25000000000 | 30000000000,Resultado atualizado após auditoria manual cega de B-A.,YES,B_B_NORMALIZATION_V1,,,,V7_TEMPORAL_NUMERIC
LI_032_R08.png,LI,LI_032,8,9,VQL,X,temporal,EXHAUSTIVE,READY_TEMPORAL,2018 | 2019 | 2020 | 2021 | 2022 | 2023 | 2024 | 2025,2018 | 2019 | 2020 | 2021 | 2022 | 2023 | 2024 | 2025,NOT_SPECIFIED,AUTO_VALIDATED_FROZEN_GATE,AUTO_VALIDATED,2018|2019|2020|2021|2022|2023|2024|2025,2018 | 2019 | 2020 | 2021 | 2022 | 2023 | 2024 | 2025,NORMALIZED_EQUIVALENT,CONFORMING,,,Conteúdo observado coincide com F após normalização congelada.,YES,B_B_NORMALIZATION_V1,,,,V7_TEMPORAL_NUMERIC
LI_032_R08.png,LI,LI_032,8,9,VQL,Y,numeric,EXHAUSTIVE,READY_EXPLICIT_LIST,0 | 50M | 100M | 150M | 200M | 250M | 300M,0 | 50000000 | 100000000 | 150000000 | 200000000 | 250000000 | 300000000,NOT_SPECIFIED,MANUAL_AUDIT_AUTO_NONCONFORMING,MANUAL_ADJUDICATED,0M | 5000M | 10000M | 15000M | 20000M | 25000M | 30000M,0 | 5000000000 | 10000000000 | 15000000000 | 20000000000 | 25000000000 | 30000000000,NONCONFORMING_VALUE,NONCONFORMING,50000000 | 100000000 | 150000000 | 200000000 | 250000000 | 300000000,5000000000 | 10000000000 | 15000000000 | 20000000000 | 25000000000 | 30000000000,Resultado atualizado após auditoria manual cega de B-A.,YES,B_B_NORMALIZATION_V1,,,,V7_TEMPORAL_NUMERIC
LI_032_R09.png,LI,LI_032,9,9,VQL,X,temporal,EXHAUSTIVE,READY_TEMPORAL,2018 | 2019 | 2020 | 2021 | 2022 | 2023 | 2024 | 2025,2018 | 2019 | 2020 | 2021 | 2022 | 2023 | 2024 | 2025,NOT_SPECIFIED,AUTO_VALIDATED_FROZEN_GATE,AUTO_VALIDATED,2018|2019|2020|2021|2022|2023|2024|2025,2018 | 2019 | 2020 | 2021 | 2022 | 2023 | 2024 | 2025,NORMALIZED_EQUIVALENT,CONFORMING,,,Conteúdo observado coincide com F após normalização congelada.,YES,B_B_NORMALIZATION_V1,,,,V7_TEMPORAL_NUMERIC
LI_032_R09.png,LI,LI_032,9,9,VQL,Y,numeric,EXHAUSTIVE,READY_EXPLICIT_LIST,0 | 50M | 100M | 150M | 200M | 250M | 300M,0 | 50000000 | 100000000 | 150000000 | 200000000 | 250000000 | 300000000,NOT_SPECIFIED,MANUAL_AUDIT_AUTO_NONCONFORMING,MANUAL_ADJUDICATED,0M | 5000M | 10000M | 15000M | 20000M | 25000M | 30000M,0 | 5000000000 | 10000000000 | 15000000000 | 20000000000 | 25000000000 | 30000000000,NONCONFORMING_VALUE,NONCONFORMING,50000000 | 100000000 | 150000000 | 200000000 | 250000000 | 300000000,5000000000 | 10000000000 | 15000000000 | 20000000000 | 25000000000 | 30000000000,Resultado atualizado após auditoria manual cega de B-A.,YES,B_B_NORMALIZATION_V1,,,,V7_TEMPORAL_NUMERIC
LI_032_R10.png,LI,LI_032,10,9,VQL,X,temporal,EXHAUSTIVE,READY_TEMPORAL,2018 | 2019 | 2020 | 2021 | 2022 | 2023 | 2024 | 2025,2018 | 2019 | 2020 | 2021 | 2022 | 2023 | 2024 | 2025,NOT_SPECIFIED,AUTO_VALIDATED_FROZEN_GATE,AUTO_VALIDATED,2018|2019|2020|2021|2022|2023|2024|2025,2018 | 2019 | 2020 | 2021 | 2022 | 2023 | 2024 | 2025,NORMALIZED_EQUIVALENT,CONFORMING,,,Conteúdo observado coincide com F após normalização congelada.,YES,B_B_NORMALIZATION_V1,,,,V7_TEMPORAL_NUMERIC
LI_032_R10.png,LI,LI_032,10,9,VQL,Y,numeric,EXHAUSTIVE,READY_EXPLICIT_LIST,0 | 50M | 100M | 150M | 200M | 250M | 300M,0 | 50000000 | 100000000 | 150000000 | 200000000 | 250000000 | 300000000,NOT_SPECIFIED,MANUAL_AUDIT_AUTO_NONCONFORMING,MANUAL_ADJUDICATED,0M | 5000M | 10000M | 15000M | 20000M | 25000M | 30000M,0 | 5000000000 | 10000000000 | 15000000000 | 20000000000 | 25000000000 | 30000000000,NONCONFORMING_VALUE,NONCONFORMING,50000000 | 100000000 | 150000000 | 200000000 | 250000000 | 300000000,5000000000 | 10000000000 | 15000000000 | 20000000000 | 25000000000 | 30000000000,Resultado atualizado após auditoria manual cega de B-A.,YES,B_B_NORMALIZATION_V1,,,,V7_TEMPORAL_NUMERIC
LI_033_R01.png,LI,LI_033,1,10,VQL,X,temporal,EXHAUSTIVE,READY_TEMPORAL,2018 | 2019 | 2020 | 2021 | 2022 | 2023 | 2024 | 2025,2018 | 2019 | 2020 | 2021 | 2022 | 2023 | 2024 | 2025,NOT_SPECIFIED,AUTO_VALIDATED_FROZEN_GATE,AUTO_VALIDATED,2018|2019|2020|2021|2022|2023|2024|2025,2018 | 2019 | 2020 | 2021 | 2022 | 2023 | 2024 | 2025,NORMALIZED_EQUIVALENT,CONFORMING,,,Conteúdo observado coincide com F após normalização congelada.,YES,B_B_NORMALIZATION_V1,,,,V7_TEMPORAL_NUMERIC
LI_033_R02.png,LI,LI_033,2,10,VQL,X,temporal,EXHAUSTIVE,READY_TEMPORAL,2018 | 2019 | 2020 | 2021 | 2022 | 2023 | 2024 | 2025,2018 | 2019 | 2020 | 2021 | 2022 | 2023 | 2024 | 2025,NOT_SPECIFIED,AUTO_VALIDATED_FROZEN_GATE,AUTO_VALIDATED,2018|2019|2020|2021|2022|2023|2024|2025,2018 | 2019 | 2020 | 2021 | 2022 | 2023 | 2024 | 2025,NORMALIZED_EQUIVALENT,CONFORMING,,,Conteúdo observado coincide com F após normalização congelada.,YES,B_B_NORMALIZATION_V1,,,,V7_TEMPORAL_NUMERIC
LI_033_R03.png,LI,LI_033,3,10,VQL,X,temporal,EXHAUSTIVE,READY_TEMPORAL,2018 | 2019 | 2020 | 2021 | 2022 | 2023 | 2024 | 2025,2018 | 2019 | 2020 | 2021 | 2022 | 2023 | 2024 | 2025,NOT_SPECIFIED,AUTO_VALIDATED_FROZEN_GATE,AUTO_VALIDATED,2018|2019|2020|2021|2022|2023|2024|2025,2018 | 2019 | 2020 | 2021 | 2022 | 2023 | 2024 | 2025,NORMALIZED_EQUIVALENT,CONFORMING,,,Conteúdo observado coincide com F após normalização congelada.,YES,B_B_NORMALIZATION_V1,,,,V7_TEMPORAL_NUMERIC
LI_033_R04.png,LI,LI_033,4,10,VQL,X,temporal,EXHAUSTIVE,READY_TEMPORAL,2018 | 2019 | 2020 | 2021 | 2022 | 2023 | 2024 | 2025,2018 | 2019 | 2020 | 2021 | 2022 | 2023 | 2024 | 2025,NOT_SPECIFIED,AUTO_VALIDATED_FROZEN_GATE,AUTO_VALIDATED,2018|2019|2020|2021|2022|2023|2024|2025,2018 | 2019 | 2020 | 2021 | 2022 | 2023 | 2024 | 2025,NORMALIZED_EQUIVALENT,CONFORMING,,,Conteúdo observado coincide com F após normalização congelada.,YES,B_B_NORMALIZATION_V1,,,,V7_TEMPORAL_NUMERIC
LI_033_R05.png,LI,LI_033,5,10,VQL,X,temporal,EXHAUSTIVE,READY_TEMPORAL,2018 | 2019 | 2020 | 2021 | 2022 | 2023 | 2024 | 2025,2018 | 2019 | 2020 | 2021 | 2022 | 2023 | 2024 | 2025,NOT_SPECIFIED,AUTO_VALIDATED_FROZEN_GATE,AUTO_VALIDATED,2018|2019|2020|2021|2022|2023|2024|2025,2018 | 2019 | 2020 | 2021 | 2022 | 2023 | 2024 | 2025,NORMALIZED_EQUIVALENT,CONFORMING,,,Conteúdo observado coincide com F após normalização congelada.,YES,B_B_NORMALIZATION_V1,,,,V7_TEMPORAL_NUMERIC
LI_033_R06.png,LI,LI_033,6,10,VQL,X,temporal,EXHAUSTIVE,READY_TEMPORAL,2018 | 2019 | 2020 | 2021 | 2022 | 2023 | 2024 | 2025,2018 | 2019 | 2020 | 2021 | 2022 | 2023 | 2024 | 2025,NOT_SPECIFIED,AUTO_VALIDATED_FROZEN_GATE,AUTO_VALIDATED,2018|2019|2020|2021|2022|2023|2024|2025,2018 | 2019 | 2020 | 2021 | 2022 | 2023 | 2024 | 2025,NORMALIZED_EQUIVALENT,CONFORMING,,,Conteúdo observado coincide com F após normalização congelada.,YES,B_B_NORMALIZATION_V1,,,,V7_TEMPORAL_NUMERIC
LI_033_R07.png,LI,LI_033,7,10,VQL,X,temporal,EXHAUSTIVE,READY_TEMPORAL,2018 | 2019 | 2020 | 2021 | 2022 | 2023 | 2024 | 2025,2018 | 2019 | 2020 | 2021 | 2022 | 2023 | 2024 | 2025,NOT_SPECIFIED,AUTO_VALIDATED_FROZEN_GATE,AUTO_VALIDATED,2018|2019|2020|2021|2022|2023|2024|2025,2018 | 2019 | 2020 | 2021 | 2022 | 2023 | 2024 | 2025,NORMALIZED_EQUIVALENT,CONFORMING,,,Conteúdo observado coincide com F após normalização congelada.,YES,B_B_NORMALIZATION_V1,,,,V7_TEMPORAL_NUMERIC
LI_033_R08.png,LI,LI_033,8,10,VQL,X,temporal,EXHAUSTIVE,READY_TEMPORAL,2018 | 2019 | 2020 | 2021 | 2022 | 2023 | 2024 | 2025,2018 | 2019 | 2020 | 2021 | 2022 | 2023 | 2024 | 2025,NOT_SPECIFIED,AUTO_VALIDATED_FROZEN_GATE,AUTO_VALIDATED,2018|2019|2020|2021|2022|2023|2024|2025,2018 | 2019 | 2020 | 2021 | 2022 | 2023 | 2024 | 2025,NORMALIZED_EQUIVALENT,CONFORMING,,,Conteúdo observado coincide com F após normalização congelada.,YES,B_B_NORMALIZATION_V1,,,,V7_TEMPORAL_NUMERIC
LI_033_R09.png,LI,LI_033,9,10,VQL,X,temporal,EXHAUSTIVE,READY_TEMPORAL,2018 | 2019 | 2020 | 2021 | 2022 | 2023 | 2024 | 2025,2018 | 2019 | 2020 | 2021 | 2022 | 2023 | 2024 | 2025,NOT_SPECIFIED,AUTO_VALIDATED_FROZEN_GATE,AUTO_VALIDATED,2018|2019|2020|2021|2022|2023|2024|2025,2018 | 2019 | 2020 | 2021 | 2022 | 2023 | 2024 | 2025,NORMALIZED_EQUIVALENT,CONFORMING,,,Conteúdo observado coincide com F após normalização congelada.,YES,B_B_NORMALIZATION_V1,,,,V7_TEMPORAL_NUMERIC
LI_033_R10.png,LI,LI_033,10,10,VQL,X,temporal,EXHAUSTIVE,READY_TEMPORAL,2018 | 2019 | 2020 | 2021 | 2022 | 2023 | 2024 | 2025,2018 | 2019 | 2020 | 2021 | 2022 | 2023 | 2024 | 2025,NOT_SPECIFIED,AUTO_VALIDATED_FROZEN_GATE,AUTO_VALIDATED,2018|2019|2020|2021|2022|2023|2024|2025,2018 | 2019 | 2020 | 2021 | 2022 | 2023 | 2024 | 2025,NORMALIZED_EQUIVALENT,CONFORMING,,,Conteúdo observado coincide com F após normalização congelada.,YES,B_B_NORMALIZATION_V1,,,,V7_TEMPORAL_NUMERIC
LI_036_R01.png,LI,LI_036,1,13,VQL,X,temporal,EXHAUSTIVE,READY_TEMPORAL,2018 | 2019 | 2020 | 2021 | 2022 | 2023 | 2024 | 2025,2018 | 2019 | 2020 | 2021 | 2022 | 2023 | 2024 | 2025,NOT_SPECIFIED,AUTO_VALIDATED_FROZEN_GATE,AUTO_VALIDATED,2018|2019|2020|2021|2022|2023|2024|2025,2018 | 2019 | 2020 | 2021 | 2022 | 2023 | 2024 | 2025,NORMALIZED_EQUIVALENT,CONFORMING,,,Conteúdo observado coincide com F após normalização congelada.,YES,B_B_NORMALIZATION_V1,,,,V7_TEMPORAL_NUMERIC
LI_036_R01.png,LI,LI_036,1,13,VQL,Y,numeric,EXHAUSTIVE,READY_EXPLICIT_LIST,0 | 50M | 100M | 150M | 200M | 250M | 300M,0 | 50000000 | 100000000 | 150000000 | 200000000 | 250000000 | 300000000,NOT_SPECIFIED,MANUAL_ADJUDICATED,MANUAL_ADJUDICATED,0M | 50M | 100M | 150M | 200M | 250M | 300M,0 | 50000000 | 100000000 | 150000000 | 200000000 | 250000000 | 300000000,NORMALIZED_EQUIVALENT,CONFORMING,,,Conteúdo observado coincide com F após normalização congelada.,YES,B_B_NORMALIZATION_V1,,,,V7_TEMPORAL_NUMERIC
LI_036_R02.png,LI,LI_036,2,13,VQL,X,temporal,EXHAUSTIVE,READY_TEMPORAL,2018 | 2019 | 2020 | 2021 | 2022 | 2023 | 2024 | 2025,2018 | 2019 | 2020 | 2021 | 2022 | 2023 | 2024 | 2025,NOT_SPECIFIED,AUTO_VALIDATED_FROZEN_GATE,AUTO_VALIDATED,2018|2019|2020|2021|2022|2023|2024|2025,2018 | 2019 | 2020 | 2021 | 2022 | 2023 | 2024 | 2025,NORMALIZED_EQUIVALENT,CONFORMING,,,Conteúdo observado coincide com F após normalização congelada.,YES,B_B_NORMALIZATION_V1,,,,V7_TEMPORAL_NUMERIC
LI_036_R02.png,LI,LI_036,2,13,VQL,Y,numeric,EXHAUSTIVE,READY_EXPLICIT_LIST,0 | 50M | 100M | 150M | 200M | 250M | 300M,0 | 50000000 | 100000000 | 150000000 | 200000000 | 250000000 | 300000000,NOT_SPECIFIED,AUTO_VALIDATED_FROZEN_GATE,AUTO_VALIDATED,0|5e+07|1e+08|1.5e+08|2e+08|2.5e+08|3e+08,0 | 50000000 | 100000000 | 150000000 | 200000000 | 250000000 | 300000000,NORMALIZED_EQUIVALENT,CONFORMING,,,Conteúdo observado coincide com F após normalização congelada.,YES,B_B_NORMALIZATION_V1,,,,V7_TEMPORAL_NUMERIC
LI_036_R03.png,LI,LI_036,3,13,VQL,X,temporal,EXHAUSTIVE,READY_TEMPORAL,2018 | 2019 | 2020 | 2021 | 2022 | 2023 | 2024 | 2025,2018 | 2019 | 2020 | 2021 | 2022 | 2023 | 2024 | 2025,NOT_SPECIFIED,AUTO_VALIDATED_FROZEN_GATE,AUTO_VALIDATED,2018|2019|2020|2021|2022|2023|2024|2025,2018 | 2019 | 2020 | 2021 | 2022 | 2023 | 2024 | 2025,NORMALIZED_EQUIVALENT,CONFORMING,,,Conteúdo observado coincide com F após normalização congelada.,YES,B_B_NORMALIZATION_V1,,,,V7_TEMPORAL_NUMERIC
LI_036_R03.png,LI,LI_036,3,13,VQL,Y,numeric,EXHAUSTIVE,READY_EXPLICIT_LIST,0 | 50M | 100M | 150M | 200M | 250M | 300M,0 | 50000000 | 100000000 | 150000000 | 200000000 | 250000000 | 300000000,NOT_SPECIFIED,AUTO_VALIDATED_FROZEN_GATE,AUTO_VALIDATED,0|5e+07|1e+08|1.5e+08|2e+08|2.5e+08|3e+08,0 | 50000000 | 100000000 | 150000000 | 200000000 | 250000000 | 300000000,NORMALIZED_EQUIVALENT,CONFORMING,,,Conteúdo observado coincide com F após normalização congelada.,YES,B_B_NORMALIZATION_V1,,,,V7_TEMPORAL_NUMERIC
LI_036_R04.png,LI,LI_036,4,13,VQL,X,temporal,EXHAUSTIVE,READY_TEMPORAL,2018 | 2019 | 2020 | 2021 | 2022 | 2023 | 2024 | 2025,2018 | 2019 | 2020 | 2021 | 2022 | 2023 | 2024 | 2025,NOT_SPECIFIED,AUTO_VALIDATED_FROZEN_GATE,AUTO_VALIDATED,2018|2019|2020|2021|2022|2023|2024|2025,2018 | 2019 | 2020 | 2021 | 2022 | 2023 | 2024 | 2025,NORMALIZED_EQUIVALENT,CONFORMING,,,Conteúdo observado coincide com F após normalização congelada.,YES,B_B_NORMALIZATION_V1,,,,V7_TEMPORAL_NUMERIC
LI_036_R04.png,LI,LI_036,4,13,VQL,Y,numeric,EXHAUSTIVE,READY_EXPLICIT_LIST,0 | 50M | 100M | 150M | 200M | 250M | 300M,0 | 50000000 | 100000000 | 150000000 | 200000000 | 250000000 | 300000000,NOT_SPECIFIED,AUTO_VALIDATED_FROZEN_GATE,AUTO_VALIDATED,0|5e+07|1e+08|1.5e+08|2e+08|2.5e+08|3e+08,0 | 50000000 | 100000000 | 150000000 | 200000000 | 250000000 | 300000000,NORMALIZED_EQUIVALENT,CONFORMING,,,Conteúdo observado coincide com F após normalização congelada.,YES,B_B_NORMALIZATION_V1,,,,V7_TEMPORAL_NUMERIC
LI_036_R05.png,LI,LI_036,5,13,VQL,X,temporal,EXHAUSTIVE,READY_TEMPORAL,2018 | 2019 | 2020 | 2021 | 2022 | 2023 | 2024 | 2025,2018 | 2019 | 2020 | 2021 | 2022 | 2023 | 2024 | 2025,NOT_SPECIFIED,AUTO_VALIDATED_FROZEN_GATE,AUTO_VALIDATED,2018|2019|2020|2021|2022|2023|2024|2025,2018 | 2019 | 2020 | 2021 | 2022 | 2023 | 2024 | 2025,NORMALIZED_EQUIVALENT,CONFORMING,,,Conteúdo observado coincide com F após normalização congelada.,YES,B_B_NORMALIZATION_V1,,,,V7_TEMPORAL_NUMERIC
LI_036_R05.png,LI,LI_036,5,13,VQL,Y,numeric,EXHAUSTIVE,READY_EXPLICIT_LIST,0 | 50M | 100M | 150M | 200M | 250M | 300M,0 | 50000000 | 100000000 | 150000000 | 200000000 | 250000000 | 300000000,NOT_SPECIFIED,AUTO_VALIDATED_FROZEN_GATE,AUTO_VALIDATED,0|5e+07|1e+08|1.5e+08|2e+08|2.5e+08|3e+08,0 | 50000000 | 100000000 | 150000000 | 200000000 | 250000000 | 300000000,NORMALIZED_EQUIVALENT,CONFORMING,,,Conteúdo observado coincide com F após normalização congelada.,YES,B_B_NORMALIZATION_V1,,,,V7_TEMPORAL_NUMERIC
LI_036_R06.png,LI,LI_036,6,13,VQL,X,temporal,EXHAUSTIVE,READY_TEMPORAL,2018 | 2019 | 2020 | 2021 | 2022 | 2023 | 2024 | 2025,2018 | 2019 | 2020 | 2021 | 2022 | 2023 | 2024 | 2025,NOT_SPECIFIED,AUTO_VALIDATED_FROZEN_GATE,AUTO_VALIDATED,2018|2019|2020|2021|2022|2023|2024|2025,2018 | 2019 | 2020 | 2021 | 2022 | 2023 | 2024 | 2025,NORMALIZED_EQUIVALENT,CONFORMING,,,Conteúdo observado coincide com F após normalização congelada.,YES,B_B_NORMALIZATION_V1,,,,V7_TEMPORAL_NUMERIC
LI_036_R06.png,LI,LI_036,6,13,VQL,Y,numeric,EXHAUSTIVE,READY_EXPLICIT_LIST,0 | 50M | 100M | 150M | 200M | 250M | 300M,0 | 50000000 | 100000000 | 150000000 | 200000000 | 250000000 | 300000000,NOT_SPECIFIED,AUTO_VALIDATED_FROZEN_GATE,AUTO_VALIDATED,0|5e+07|1e+08|1.5e+08|2e+08|2.5e+08|3e+08,0 | 50000000 | 100000000 | 150000000 | 200000000 | 250000000 | 300000000,NORMALIZED_EQUIVALENT,CONFORMING,,,Conteúdo observado coincide com F após normalização congelada.,YES,B_B_NORMALIZATION_V1,,,,V7_TEMPORAL_NUMERIC
LI_036_R07.png,LI,LI_036,7,13,VQL,X,temporal,EXHAUSTIVE,READY_TEMPORAL,2018 | 2019 | 2020 | 2021 | 2022 | 2023 | 2024 | 2025,2018 | 2019 | 2020 | 2021 | 2022 | 2023 | 2024 | 2025,NOT_SPECIFIED,AUTO_VALIDATED_FROZEN_GATE,AUTO_VALIDATED,2018|2019|2020|2021|2022|2023|2024|2025,2018 | 2019 | 2020 | 2021 | 2022 | 2023 | 2024 | 2025,NORMALIZED_EQUIVALENT,CONFORMING,,,Conteúdo observado coincide com F após normalização congelada.,YES,B_B_NORMALIZATION_V1,,,,V7_TEMPORAL_NUMERIC
LI_036_R07.png,LI,LI_036,7,13,VQL,Y,numeric,EXHAUSTIVE,READY_EXPLICIT_LIST,0 | 50M | 100M | 150M | 200M | 250M | 300M,0 | 50000000 | 100000000 | 150000000 | 200000000 | 250000000 | 300000000,NOT_SPECIFIED,AUTO_VALIDATED_FROZEN_GATE,AUTO_VALIDATED,0|5e+07|1e+08|1.5e+08|2e+08|2.5e+08|3e+08,0 | 50000000 | 100000000 | 150000000 | 200000000 | 250000000 | 300000000,NORMALIZED_EQUIVALENT,CONFORMING,,,Conteúdo observado coincide com F após normalização congelada.,YES,B_B_NORMALIZATION_V1,,,,V7_TEMPORAL_NUMERIC
LI_036_R08.png,LI,LI_036,8,13,VQL,X,temporal,EXHAUSTIVE,READY_TEMPORAL,2018 | 2019 | 2020 | 2021 | 2022 | 2023 | 2024 | 2025,2018 | 2019 | 2020 | 2021 | 2022 | 2023 | 2024 | 2025,NOT_SPECIFIED,AUTO_VALIDATED_FROZEN_GATE,AUTO_VALIDATED,2018|2019|2020|2021|2022|2023|2024|2025,2018 | 2019 | 2020 | 2021 | 2022 | 2023 | 2024 | 2025,NORMALIZED_EQUIVALENT,CONFORMING,,,Conteúdo observado coincide com F após normalização congelada.,YES,B_B_NORMALIZATION_V1,,,,V7_TEMPORAL_NUMERIC
LI_036_R08.png,LI,LI_036,8,13,VQL,Y,numeric,EXHAUSTIVE,READY_EXPLICIT_LIST,0 | 50M | 100M | 150M | 200M | 250M | 300M,0 | 50000000 | 100000000 | 150000000 | 200000000 | 250000000 | 300000000,NOT_SPECIFIED,AUTO_VALIDATED_FROZEN_GATE,AUTO_VALIDATED,0|5e+07|1e+08|1.5e+08|2e+08|2.5e+08|3e+08,0 | 50000000 | 100000000 | 150000000 | 200000000 | 250000000 | 300000000,NORMALIZED_EQUIVALENT,CONFORMING,,,Conteúdo observado coincide com F após normalização congelada.,YES,B_B_NORMALIZATION_V1,,,,V7_TEMPORAL_NUMERIC
LI_036_R09.png,LI,LI_036,9,13,VQL,X,temporal,EXHAUSTIVE,READY_TEMPORAL,2018 | 2019 | 2020 | 2021 | 2022 | 2023 | 2024 | 2025,2018 | 2019 | 2020 | 2021 | 2022 | 2023 | 2024 | 2025,NOT_SPECIFIED,AUTO_VALIDATED_FROZEN_GATE,AUTO_VALIDATED,2018|2019|2020|2021|2022|2023|2024|2025,2018 | 2019 | 2020 | 2021 | 2022 | 2023 | 2024 | 2025,NORMALIZED_EQUIVALENT,CONFORMING,,,Conteúdo observado coincide com F após normalização congelada.,YES,B_B_NORMALIZATION_V1,,,,V7_TEMPORAL_NUMERIC
LI_036_R09.png,LI,LI_036,9,13,VQL,Y,numeric,EXHAUSTIVE,READY_EXPLICIT_LIST,0 | 50M | 100M | 150M | 200M | 250M | 300M,0 | 50000000 | 100000000 | 150000000 | 200000000 | 250000000 | 300000000,NOT_SPECIFIED,AUTO_VALIDATED_FROZEN_GATE,AUTO_VALIDATED,0|5e+07|1e+08|1.5e+08|2e+08|2.5e+08|3e+08,0 | 50000000 | 100000000 | 150000000 | 200000000 | 250000000 | 300000000,NORMALIZED_EQUIVALENT,CONFORMING,,,Conteúdo observado coincide com F após normalização congelada.,YES,B_B_NORMALIZATION_V1,,,,V7_TEMPORAL_NUMERIC
LI_036_R10.png,LI,LI_036,10,13,VQL,X,temporal,EXHAUSTIVE,READY_TEMPORAL,2018 | 2019 | 2020 | 2021 | 2022 | 2023 | 2024 | 2025,2018 | 2019 | 2020 | 2021 | 2022 | 2023 | 2024 | 2025,NOT_SPECIFIED,AUTO_VALIDATED_FROZEN_GATE,AUTO_VALIDATED,2018|2019|2020|2021|2022|2023|2024|2025,2018 | 2019 | 2020 | 2021 | 2022 | 2023 | 2024 | 2025,NORMALIZED_EQUIVALENT,CONFORMING,,,Conteúdo observado coincide com F após normalização congelada.,YES,B_B_NORMALIZATION_V1,,,,V7_TEMPORAL_NUMERIC
LI_036_R10.png,LI,LI_036,10,13,VQL,Y,numeric,EXHAUSTIVE,READY_EXPLICIT_LIST,0 | 50M | 100M | 150M | 200M | 250M | 300M,0 | 50000000 | 100000000 | 150000000 | 200000000 | 250000000 | 300000000,NOT_SPECIFIED,AUTO_VALIDATED_FROZEN_GATE,AUTO_VALIDATED,0|5e+07|1e+08|1.5e+08|2e+08|2.5e+08|3e+08,0 | 50000000 | 100000000 | 150000000 | 200000000 | 250000000 | 300000000,NORMALIZED_EQUIVALENT,CONFORMING,,,Conteúdo observado coincide com F após normalização congelada.,YES,B_B_NORMALIZATION_V1,,,,V7_TEMPORAL_NUMERIC
LI_037_R01.png,LI,LI_037,1,14,VQL,X,temporal,EXHAUSTIVE,READY_TEMPORAL,2018 | 2019 | 2020 | 2021 | 2022 | 2023 | 2024 | 2025,2018 | 2019 | 2020 | 2021 | 2022 | 2023 | 2024 | 2025,NOT_SPECIFIED,AUTO_VALIDATED_FROZEN_GATE,AUTO_VALIDATED,2018|2019|2020|2021|2022|2023|2024|2025,2018 | 2019 | 2020 | 2021 | 2022 | 2023 | 2024 | 2025,NORMALIZED_EQUIVALENT,CONFORMING,,,Conteúdo observado coincide com F após normalização congelada.,YES,B_B_NORMALIZATION_V1,,,,V7_TEMPORAL_NUMERIC
LI_037_R02.png,LI,LI_037,2,14,VQL,X,temporal,EXHAUSTIVE,READY_TEMPORAL,2018 | 2019 | 2020 | 2021 | 2022 | 2023 | 2024 | 2025,2018 | 2019 | 2020 | 2021 | 2022 | 2023 | 2024 | 2025,NOT_SPECIFIED,AUTO_VALIDATED_FROZEN_GATE,AUTO_VALIDATED,2018|2019|2020|2021|2022|2023|2024|2025,2018 | 2019 | 2020 | 2021 | 2022 | 2023 | 2024 | 2025,NORMALIZED_EQUIVALENT,CONFORMING,,,Conteúdo observado coincide com F após normalização congelada.,YES,B_B_NORMALIZATION_V1,,,,V7_TEMPORAL_NUMERIC
LI_037_R03.png,LI,LI_037,3,14,VQL,X,temporal,EXHAUSTIVE,READY_TEMPORAL,2018 | 2019 | 2020 | 2021 | 2022 | 2023 | 2024 | 2025,2018 | 2019 | 2020 | 2021 | 2022 | 2023 | 2024 | 2025,NOT_SPECIFIED,AUTO_VALIDATED_FROZEN_GATE,AUTO_VALIDATED,2018|2019|2020|2021|2022|2023|2024|2025,2018 | 2019 | 2020 | 2021 | 2022 | 2023 | 2024 | 2025,NORMALIZED_EQUIVALENT,CONFORMING,,,Conteúdo observado coincide com F após normalização congelada.,YES,B_B_NORMALIZATION_V1,,,,V7_TEMPORAL_NUMERIC
LI_037_R04.png,LI,LI_037,4,14,VQL,X,temporal,EXHAUSTIVE,READY_TEMPORAL,2018 | 2019 | 2020 | 2021 | 2022 | 2023 | 2024 | 2025,2018 | 2019 | 2020 | 2021 | 2022 | 2023 | 2024 | 2025,NOT_SPECIFIED,AUTO_VALIDATED_FROZEN_GATE,AUTO_VALIDATED,2018|2019|2020|2021|2022|2023|2024|2025,2018 | 2019 | 2020 | 2021 | 2022 | 2023 | 2024 | 2025,NORMALIZED_EQUIVALENT,CONFORMING,,,Conteúdo observado coincide com F após normalização congelada.,YES,B_B_NORMALIZATION_V1,,,,V7_TEMPORAL_NUMERIC
LI_037_R05.png,LI,LI_037,5,14,VQL,X,temporal,EXHAUSTIVE,READY_TEMPORAL,2018 | 2019 | 2020 | 2021 | 2022 | 2023 | 2024 | 2025,2018 | 2019 | 2020 | 2021 | 2022 | 2023 | 2024 | 2025,NOT_SPECIFIED,AUTO_VALIDATED_FROZEN_GATE,AUTO_VALIDATED,2018|2019|2020|2021|2022|2023|2024|2025,2018 | 2019 | 2020 | 2021 | 2022 | 2023 | 2024 | 2025,NORMALIZED_EQUIVALENT,CONFORMING,,,Conteúdo observado coincide com F após normalização congelada.,YES,B_B_NORMALIZATION_V1,,,,V7_TEMPORAL_NUMERIC
LI_037_R06.png,LI,LI_037,6,14,VQL,X,temporal,EXHAUSTIVE,READY_TEMPORAL,2018 | 2019 | 2020 | 2021 | 2022 | 2023 | 2024 | 2025,2018 | 2019 | 2020 | 2021 | 2022 | 2023 | 2024 | 2025,NOT_SPECIFIED,AUTO_VALIDATED_FROZEN_GATE,AUTO_VALIDATED,2018|2019|2020|2021|2022|2023|2024|2025,2018 | 2019 | 2020 | 2021 | 2022 | 2023 | 2024 | 2025,NORMALIZED_EQUIVALENT,CONFORMING,,,Conteúdo observado coincide com F após normalização congelada.,YES,B_B_NORMALIZATION_V1,,,,V7_TEMPORAL_NUMERIC
LI_037_R07.png,LI,LI_037,7,14,VQL,X,temporal,EXHAUSTIVE,READY_TEMPORAL,2018 | 2019 | 2020 | 2021 | 2022 | 2023 | 2024 | 2025,2018 | 2019 | 2020 | 2021 | 2022 | 2023 | 2024 | 2025,NOT_SPECIFIED,AUTO_VALIDATED_FROZEN_GATE,AUTO_VALIDATED,2018|2019|2020|2021|2022|2023|2024|2025,2018 | 2019 | 2020 | 2021 | 2022 | 2023 | 2024 | 2025,NORMALIZED_EQUIVALENT,CONFORMING,,,Conteúdo observado coincide com F após normalização congelada.,YES,B_B_NORMALIZATION_V1,,,,V7_TEMPORAL_NUMERIC
LI_037_R08.png,LI,LI_037,8,14,VQL,X,temporal,EXHAUSTIVE,READY_TEMPORAL,2018 | 2019 | 2020 | 2021 | 2022 | 2023 | 2024 | 2025,2018 | 2019 | 2020 | 2021 | 2022 | 2023 | 2024 | 2025,NOT_SPECIFIED,AUTO_VALIDATED_FROZEN_GATE,AUTO_VALIDATED,2018|2019|2020|2021|2022|2023|2024|2025,2018 | 2019 | 2020 | 2021 | 2022 | 2023 | 2024 | 2025,NORMALIZED_EQUIVALENT,CONFORMING,,,Conteúdo observado coincide com F após normalização congelada.,YES,B_B_NORMALIZATION_V1,,,,V7_TEMPORAL_NUMERIC
LI_037_R09.png,LI,LI_037,9,14,VQL,X,temporal,EXHAUSTIVE,READY_TEMPORAL,2018 | 2019 | 2020 | 2021 | 2022 | 2023 | 2024 | 2025,2018 | 2019 | 2020 | 2021 | 2022 | 2023 | 2024 | 2025,NOT_SPECIFIED,AUTO_VALIDATED_FROZEN_GATE,AUTO_VALIDATED,2018|2019|2020|2021|2022|2023|2024|2025,2018 | 2019 | 2020 | 2021 | 2022 | 2023 | 2024 | 2025,NORMALIZED_EQUIVALENT,CONFORMING,,,Conteúdo observado coincide com F após normalização congelada.,YES,B_B_NORMALIZATION_V1,,,,V7_TEMPORAL_NUMERIC
LI_037_R10.png,LI,LI_037,10,14,VQL,X,temporal,EXHAUSTIVE,READY_TEMPORAL,2018 | 2019 | 2020 | 2021 | 2022 | 2023 | 2024 | 2025,2018 | 2019 | 2020 | 2021 | 2022 | 2023 | 2024 | 2025,NOT_SPECIFIED,AUTO_VALIDATED_FROZEN_GATE,AUTO_VALIDATED,2018|2019|2020|2021|2022|2023|2024|2025,2018 | 2019 | 2020 | 2021 | 2022 | 2023 | 2024 | 2025,NORMALIZED_EQUIVALENT,CONFORMING,,,Conteúdo observado coincide com F após normalização congelada.,YES,B_B_NORMALIZATION_V1,,,,V7_TEMPORAL_NUMERIC
LI_039_R01.png,LI,LI_039,1,16,VQL,X,temporal,EXHAUSTIVE,READY_TEMPORAL,2018 | 2019 | 2020 | 2021 | 2022 | 2023 | 2024 | 2025,2018 | 2019 | 2020 | 2021 | 2022 | 2023 | 2024 | 2025,NOT_SPECIFIED,AUTO_VALIDATED_FROZEN_GATE,AUTO_VALIDATED,2018|2019|2020|2021|2022|2023|2024|2025,2018 | 2019 | 2020 | 2021 | 2022 | 2023 | 2024 | 2025,NORMALIZED_EQUIVALENT,CONFORMING,,,Conteúdo observado coincide com F após normalização congelada.,YES,B_B_NORMALIZATION_V1,,,,V7_TEMPORAL_NUMERIC
LI_039_R02.png,LI,LI_039,2,16,VQL,X,temporal,EXHAUSTIVE,READY_TEMPORAL,2018 | 2019 | 2020 | 2021 | 2022 | 2023 | 2024 | 2025,2018 | 2019 | 2020 | 2021 | 2022 | 2023 | 2024 | 2025,NOT_SPECIFIED,AUTO_VALIDATED_FROZEN_GATE,AUTO_VALIDATED,2018|2019|2020|2021|2022|2023|2024|2025,2018 | 2019 | 2020 | 2021 | 2022 | 2023 | 2024 | 2025,NORMALIZED_EQUIVALENT,CONFORMING,,,Conteúdo observado coincide com F após normalização congelada.,YES,B_B_NORMALIZATION_V1,,,,V7_TEMPORAL_NUMERIC
LI_039_R03.png,LI,LI_039,3,16,VQL,X,temporal,EXHAUSTIVE,READY_TEMPORAL,2018 | 2019 | 2020 | 2021 | 2022 | 2023 | 2024 | 2025,2018 | 2019 | 2020 | 2021 | 2022 | 2023 | 2024 | 2025,NOT_SPECIFIED,AUTO_VALIDATED_FROZEN_GATE,AUTO_VALIDATED,2018|2019|2020|2021|2022|2023|2024|2025,2018 | 2019 | 2020 | 2021 | 2022 | 2023 | 2024 | 2025,NORMALIZED_EQUIVALENT,CONFORMING,,,Conteúdo observado coincide com F após normalização congelada.,YES,B_B_NORMALIZATION_V1,,,,V7_TEMPORAL_NUMERIC
LI_039_R04.png,LI,LI_039,4,16,VQL,X,temporal,EXHAUSTIVE,READY_TEMPORAL,2018 | 2019 | 2020 | 2021 | 2022 | 2023 | 2024 | 2025,2018 | 2019 | 2020 | 2021 | 2022 | 2023 | 2024 | 2025,NOT_SPECIFIED,AUTO_VALIDATED_FROZEN_GATE,AUTO_VALIDATED,2018|2019|2020|2021|2022|2023|2024|2025,2018 | 2019 | 2020 | 2021 | 2022 | 2023 | 2024 | 2025,NORMALIZED_EQUIVALENT,CONFORMING,,,Conteúdo observado coincide com F após normalização congelada.,YES,B_B_NORMALIZATION_V1,,,,V7_TEMPORAL_NUMERIC
LI_039_R05.png,LI,LI_039,5,16,VQL,X,temporal,EXHAUSTIVE,READY_TEMPORAL,2018 | 2019 | 2020 | 2021 | 2022 | 2023 | 2024 | 2025,2018 | 2019 | 2020 | 2021 | 2022 | 2023 | 2024 | 2025,NOT_SPECIFIED,AUTO_VALIDATED_FROZEN_GATE,AUTO_VALIDATED,2018|2019|2020|2021|2022|2023|2024|2025,2018 | 2019 | 2020 | 2021 | 2022 | 2023 | 2024 | 2025,NORMALIZED_EQUIVALENT,CONFORMING,,,Conteúdo observado coincide com F após normalização congelada.,YES,B_B_NORMALIZATION_V1,,,,V7_TEMPORAL_NUMERIC
LI_039_R06.png,LI,LI_039,6,16,VQL,X,temporal,EXHAUSTIVE,READY_TEMPORAL,2018 | 2019 | 2020 | 2021 | 2022 | 2023 | 2024 | 2025,2018 | 2019 | 2020 | 2021 | 2022 | 2023 | 2024 | 2025,NOT_SPECIFIED,AUTO_VALIDATED_FROZEN_GATE,AUTO_VALIDATED,2018|2019|2020|2021|2022|2023|2024|2025,2018 | 2019 | 2020 | 2021 | 2022 | 2023 | 2024 | 2025,NORMALIZED_EQUIVALENT,CONFORMING,,,Conteúdo observado coincide com F após normalização congelada.,YES,B_B_NORMALIZATION_V1,,,,V7_TEMPORAL_NUMERIC
LI_039_R07.png,LI,LI_039,7,16,VQL,X,temporal,EXHAUSTIVE,READY_TEMPORAL,2018 | 2019 | 2020 | 2021 | 2022 | 2023 | 2024 | 2025,2018 | 2019 | 2020 | 2021 | 2022 | 2023 | 2024 | 2025,NOT_SPECIFIED,AUTO_VALIDATED_FROZEN_GATE,AUTO_VALIDATED,2018|2019|2020|2021|2022|2023|2024|2025,2018 | 2019 | 2020 | 2021 | 2022 | 2023 | 2024 | 2025,NORMALIZED_EQUIVALENT,CONFORMING,,,Conteúdo observado coincide com F após normalização congelada.,YES,B_B_NORMALIZATION_V1,,,,V7_TEMPORAL_NUMERIC
LI_039_R08.png,LI,LI_039,8,16,VQL,X,temporal,EXHAUSTIVE,READY_TEMPORAL,2018 | 2019 | 2020 | 2021 | 2022 | 2023 | 2024 | 2025,2018 | 2019 | 2020 | 2021 | 2022 | 2023 | 2024 | 2025,NOT_SPECIFIED,AUTO_VALIDATED_FROZEN_GATE,AUTO_VALIDATED,2018|2019|2020|2021|2022|2023|2024|2025,2018 | 2019 | 2020 | 2021 | 2022 | 2023 | 2024 | 2025,NORMALIZED_EQUIVALENT,CONFORMING,,,Conteúdo observado coincide com F após normalização congelada.,YES,B_B_NORMALIZATION_V1,,,,V7_TEMPORAL_NUMERIC
LI_039_R09.png,LI,LI_039,9,16,VQL,X,temporal,EXHAUSTIVE,READY_TEMPORAL,2018 | 2019 | 2020 | 2021 | 2022 | 2023 | 2024 | 2025,2018 | 2019 | 2020 | 2021 | 2022 | 2023 | 2024 | 2025,NOT_SPECIFIED,AUTO_VALIDATED_FROZEN_GATE,AUTO_VALIDATED,2018|2019|2020|2021|2022|2023|2024|2025,2018 | 2019 | 2020 | 2021 | 2022 | 2023 | 2024 | 2025,NORMALIZED_EQUIVALENT,CONFORMING,,,Conteúdo observado coincide com F após normalização congelada.,YES,B_B_NORMALIZATION_V1,,,,V7_TEMPORAL_NUMERIC
LI_039_R10.png,LI,LI_039,10,16,VQL,X,temporal,EXHAUSTIVE,READY_TEMPORAL,2018 | 2019 | 2020 | 2021 | 2022 | 2023 | 2024 | 2025,2018 | 2019 | 2020 | 2021 | 2022 | 2023 | 2024 | 2025,NOT_SPECIFIED,AUTO_VALIDATED_FROZEN_GATE,AUTO_VALIDATED,2018|2019|2020|2021|2022|2023|2024|2025,2018 | 2019 | 2020 | 2021 | 2022 | 2023 | 2024 | 2025,NORMALIZED_EQUIVALENT,CONFORMING,,,Conteúdo observado coincide com F após normalização congelada.,YES,B_B_NORMALIZATION_V1,,,,V7_TEMPORAL_NUMERIC
LI_040_R01.png,LI,LI_040,1,1,ZERO-SHOT,X,temporal,EXHAUSTIVE,READY_TEMPORAL,2018 | 2019 | 2020 | 2021 | 2022 | 2023 | 2024 | 2025,2018 | 2019 | 2020 | 2021 | 2022 | 2023 | 2024 | 2025,NOT_SPECIFIED,AUTO_VALIDATED_FROZEN_GATE,AUTO_VALIDATED,2018|2019|2020|2021|2022|2023|2024|2025,2018 | 2019 | 2020 | 2021 | 2022 | 2023 | 2024 | 2025,NORMALIZED_EQUIVALENT,CONFORMING,,,Conteúdo observado coincide com F após normalização congelada.,YES,B_B_NORMALIZATION_V1,,,,V7_TEMPORAL_NUMERIC
LI_040_R02.png,LI,LI_040,2,1,ZERO-SHOT,X,temporal,EXHAUSTIVE,READY_TEMPORAL,2018 | 2019 | 2020 | 2021 | 2022 | 2023 | 2024 | 2025,2018 | 2019 | 2020 | 2021 | 2022 | 2023 | 2024 | 2025,NOT_SPECIFIED,AUTO_VALIDATED_FROZEN_GATE,AUTO_VALIDATED,2018|2019|2020|2021|2022|2023|2024|2025,2018 | 2019 | 2020 | 2021 | 2022 | 2023 | 2024 | 2025,NORMALIZED_EQUIVALENT,CONFORMING,,,Conteúdo observado coincide com F após normalização congelada.,YES,B_B_NORMALIZATION_V1,,,,V7_TEMPORAL_NUMERIC
LI_040_R03.png,LI,LI_040,3,1,ZERO-SHOT,X,temporal,EXHAUSTIVE,READY_TEMPORAL,2018 | 2019 | 2020 | 2021 | 2022 | 2023 | 2024 | 2025,2018 | 2019 | 2020 | 2021 | 2022 | 2023 | 2024 | 2025,NOT_SPECIFIED,AUTO_VALIDATED_FROZEN_GATE,AUTO_VALIDATED,2018|2019|2020|2021|2022|2023|2024|2025,2018 | 2019 | 2020 | 2021 | 2022 | 2023 | 2024 | 2025,NORMALIZED_EQUIVALENT,CONFORMING,,,Conteúdo observado coincide com F após normalização congelada.,YES,B_B_NORMALIZATION_V1,,,,V7_TEMPORAL_NUMERIC
LI_040_R04.png,LI,LI_040,4,1,ZERO-SHOT,X,temporal,EXHAUSTIVE,READY_TEMPORAL,2018 | 2019 | 2020 | 2021 | 2022 | 2023 | 2024 | 2025,2018 | 2019 | 2020 | 2021 | 2022 | 2023 | 2024 | 2025,NOT_SPECIFIED,AUTO_VALIDATED_FROZEN_GATE,AUTO_VALIDATED,2018|2019|2020|2021|2022|2023|2024|2025,2018 | 2019 | 2020 | 2021 | 2022 | 2023 | 2024 | 2025,NORMALIZED_EQUIVALENT,CONFORMING,,,Conteúdo observado coincide com F após normalização congelada.,YES,B_B_NORMALIZATION_V1,,,,V7_TEMPORAL_NUMERIC
LI_040_R05.png,LI,LI_040,5,1,ZERO-SHOT,X,temporal,EXHAUSTIVE,READY_TEMPORAL,2018 | 2019 | 2020 | 2021 | 2022 | 2023 | 2024 | 2025,2018 | 2019 | 2020 | 2021 | 2022 | 2023 | 2024 | 2025,NOT_SPECIFIED,AUTO_VALIDATED_FROZEN_GATE,AUTO_VALIDATED,2018|2019|2020|2021|2022|2023|2024|2025,2018 | 2019 | 2020 | 2021 | 2022 | 2023 | 2024 | 2025,NORMALIZED_EQUIVALENT,CONFORMING,,,Conteúdo observado coincide com F após normalização congelada.,YES,B_B_NORMALIZATION_V1,,,,V7_TEMPORAL_NUMERIC
LI_040_R06.png,LI,LI_040,6,1,ZERO-SHOT,X,temporal,EXHAUSTIVE,READY_TEMPORAL,2018 | 2019 | 2020 | 2021 | 2022 | 2023 | 2024 | 2025,2018 | 2019 | 2020 | 2021 | 2022 | 2023 | 2024 | 2025,NOT_SPECIFIED,AUTO_VALIDATED_FROZEN_GATE,AUTO_VALIDATED,2018|2019|2020|2021|2022|2023|2024|2025,2018 | 2019 | 2020 | 2021 | 2022 | 2023 | 2024 | 2025,NORMALIZED_EQUIVALENT,CONFORMING,,,Conteúdo observado coincide com F após normalização congelada.,YES,B_B_NORMALIZATION_V1,,,,V7_TEMPORAL_NUMERIC
LI_040_R07.png,LI,LI_040,7,1,ZERO-SHOT,X,temporal,EXHAUSTIVE,READY_TEMPORAL,2018 | 2019 | 2020 | 2021 | 2022 | 2023 | 2024 | 2025,2018 | 2019 | 2020 | 2021 | 2022 | 2023 | 2024 | 2025,NOT_SPECIFIED,AUTO_VALIDATED_FROZEN_GATE,AUTO_VALIDATED,2018|2019|2020|2021|2022|2023|2024|2025,2018 | 2019 | 2020 | 2021 | 2022 | 2023 | 2024 | 2025,NORMALIZED_EQUIVALENT,CONFORMING,,,Conteúdo observado coincide com F após normalização congelada.,YES,B_B_NORMALIZATION_V1,,,,V7_TEMPORAL_NUMERIC
LI_040_R08.png,LI,LI_040,8,1,ZERO-SHOT,X,temporal,EXHAUSTIVE,READY_TEMPORAL,2018 | 2019 | 2020 | 2021 | 2022 | 2023 | 2024 | 2025,2018 | 2019 | 2020 | 2021 | 2022 | 2023 | 2024 | 2025,NOT_SPECIFIED,AUTO_VALIDATED_FROZEN_GATE,AUTO_VALIDATED,2018|2019|2020|2021|2022|2023|2024|2025,2018 | 2019 | 2020 | 2021 | 2022 | 2023 | 2024 | 2025,NORMALIZED_EQUIVALENT,CONFORMING,,,Conteúdo observado coincide com F após normalização congelada.,YES,B_B_NORMALIZATION_V1,,,,V7_TEMPORAL_NUMERIC
LI_040_R09.png,LI,LI_040,9,1,ZERO-SHOT,X,temporal,EXHAUSTIVE,READY_TEMPORAL,2018 | 2019 | 2020 | 2021 | 2022 | 2023 | 2024 | 2025,2018 | 2019 | 2020 | 2021 | 2022 | 2023 | 2024 | 2025,NOT_SPECIFIED,AUTO_VALIDATED_FROZEN_GATE,AUTO_VALIDATED,2018|2019|2020|2021|2022|2023|2024|2025,2018 | 2019 | 2020 | 2021 | 2022 | 2023 | 2024 | 2025,NORMALIZED_EQUIVALENT,CONFORMING,,,Conteúdo observado coincide com F após normalização congelada.,YES,B_B_NORMALIZATION_V1,,,,V7_TEMPORAL_NUMERIC
LI_040_R10.png,LI,LI_040,10,1,ZERO-SHOT,X,temporal,EXHAUSTIVE,READY_TEMPORAL,2018 | 2019 | 2020 | 2021 | 2022 | 2023 | 2024 | 2025,2018 | 2019 | 2020 | 2021 | 2022 | 2023 | 2024 | 2025,NOT_SPECIFIED,AUTO_VALIDATED_FROZEN_GATE,AUTO_VALIDATED,2018|2019|2020|2021|2022|2023|2024|2025,2018 | 2019 | 2020 | 2021 | 2022 | 2023 | 2024 | 2025,NORMALIZED_EQUIVALENT,CONFORMING,,,Conteúdo observado coincide com F após normalização congelada.,YES,B_B_NORMALIZATION_V1,,,,V7_TEMPORAL_NUMERIC
LI_041_R01.png,LI,LI_041,1,4,ZERO-SHOT,X,temporal,EXHAUSTIVE,READY_TEMPORAL,2018 | 2019 | 2020 | 2021 | 2022 | 2023 | 2024 | 2025,2018 | 2019 | 2020 | 2021 | 2022 | 2023 | 2024 | 2025,NOT_SPECIFIED,AUTO_VALIDATED_FROZEN_GATE,AUTO_VALIDATED,2018|2019|2020|2021|2022|2023|2024|2025,2018 | 2019 | 2020 | 2021 | 2022 | 2023 | 2024 | 2025,NORMALIZED_EQUIVALENT,CONFORMING,,,Conteúdo observado coincide com F após normalização congelada.,YES,B_B_NORMALIZATION_V1,,,,V7_TEMPORAL_NUMERIC
LI_041_R02.png,LI,LI_041,2,4,ZERO-SHOT,X,temporal,EXHAUSTIVE,READY_TEMPORAL,2018 | 2019 | 2020 | 2021 | 2022 | 2023 | 2024 | 2025,2018 | 2019 | 2020 | 2021 | 2022 | 2023 | 2024 | 2025,NOT_SPECIFIED,AUTO_VALIDATED_FROZEN_GATE,AUTO_VALIDATED,2018|2019|2020|2021|2022|2023|2024|2025,2018 | 2019 | 2020 | 2021 | 2022 | 2023 | 2024 | 2025,NORMALIZED_EQUIVALENT,CONFORMING,,,Conteúdo observado coincide com F após normalização congelada.,YES,B_B_NORMALIZATION_V1,,,,V7_TEMPORAL_NUMERIC
LI_041_R03.png,LI,LI_041,3,4,ZERO-SHOT,X,temporal,EXHAUSTIVE,READY_TEMPORAL,2018 | 2019 | 2020 | 2021 | 2022 | 2023 | 2024 | 2025,2018 | 2019 | 2020 | 2021 | 2022 | 2023 | 2024 | 2025,NOT_SPECIFIED,AUTO_VALIDATED_FROZEN_GATE,AUTO_VALIDATED,2018|2019|2020|2021|2022|2023|2024|2025,2018 | 2019 | 2020 | 2021 | 2022 | 2023 | 2024 | 2025,NORMALIZED_EQUIVALENT,CONFORMING,,,Conteúdo observado coincide com F após normalização congelada.,YES,B_B_NORMALIZATION_V1,,,,V7_TEMPORAL_NUMERIC
LI_041_R04.png,LI,LI_041,4,4,ZERO-SHOT,X,temporal,EXHAUSTIVE,READY_TEMPORAL,2018 | 2019 | 2020 | 2021 | 2022 | 2023 | 2024 | 2025,2018 | 2019 | 2020 | 2021 | 2022 | 2023 | 2024 | 2025,NOT_SPECIFIED,AUTO_VALIDATED_FROZEN_GATE,AUTO_VALIDATED,2018|2019|2020|2021|2022|2023|2024|2025,2018 | 2019 | 2020 | 2021 | 2022 | 2023 | 2024 | 2025,NORMALIZED_EQUIVALENT,CONFORMING,,,Conteúdo observado coincide com F após normalização congelada.,YES,B_B_NORMALIZATION_V1,,,,V7_TEMPORAL_NUMERIC
LI_041_R05.png,LI,LI_041,5,4,ZERO-SHOT,X,temporal,EXHAUSTIVE,READY_TEMPORAL,2018 | 2019 | 2020 | 2021 | 2022 | 2023 | 2024 | 2025,2018 | 2019 | 2020 | 2021 | 2022 | 2023 | 2024 | 2025,NOT_SPECIFIED,AUTO_VALIDATED_FROZEN_GATE,AUTO_VALIDATED,2018|2019|2020|2021|2022|2023|2024|2025,2018 | 2019 | 2020 | 2021 | 2022 | 2023 | 2024 | 2025,NORMALIZED_EQUIVALENT,CONFORMING,,,Conteúdo observado coincide com F após normalização congelada.,YES,B_B_NORMALIZATION_V1,,,,V7_TEMPORAL_NUMERIC
LI_041_R06.png,LI,LI_041,6,4,ZERO-SHOT,X,temporal,EXHAUSTIVE,READY_TEMPORAL,2018 | 2019 | 2020 | 2021 | 2022 | 2023 | 2024 | 2025,2018 | 2019 | 2020 | 2021 | 2022 | 2023 | 2024 | 2025,NOT_SPECIFIED,AUTO_VALIDATED_FROZEN_GATE,AUTO_VALIDATED,2018|2019|2020|2021|2022|2023|2024|2025,2018 | 2019 | 2020 | 2021 | 2022 | 2023 | 2024 | 2025,NORMALIZED_EQUIVALENT,CONFORMING,,,Conteúdo observado coincide com F após normalização congelada.,YES,B_B_NORMALIZATION_V1,,,,V7_TEMPORAL_NUMERIC
LI_041_R07.png,LI,LI_041,7,4,ZERO-SHOT,X,temporal,EXHAUSTIVE,READY_TEMPORAL,2018 | 2019 | 2020 | 2021 | 2022 | 2023 | 2024 | 2025,2018 | 2019 | 2020 | 2021 | 2022 | 2023 | 2024 | 2025,NOT_SPECIFIED,AUTO_VALIDATED_FROZEN_GATE,AUTO_VALIDATED,2018|2019|2020|2021|2022|2023|2024|2025,2018 | 2019 | 2020 | 2021 | 2022 | 2023 | 2024 | 2025,NORMALIZED_EQUIVALENT,CONFORMING,,,Conteúdo observado coincide com F após normalização congelada.,YES,B_B_NORMALIZATION_V1,,,,V7_TEMPORAL_NUMERIC
LI_041_R08.png,LI,LI_041,8,4,ZERO-SHOT,X,temporal,EXHAUSTIVE,READY_TEMPORAL,2018 | 2019 | 2020 | 2021 | 2022 | 2023 | 2024 | 2025,2018 | 2019 | 2020 | 2021 | 2022 | 2023 | 2024 | 2025,NOT_SPECIFIED,AUTO_VALIDATED_FROZEN_GATE,AUTO_VALIDATED,2018|2019|2020|2021|2022|2023|2024|2025,2018 | 2019 | 2020 | 2021 | 2022 | 2023 | 2024 | 2025,NORMALIZED_EQUIVALENT,CONFORMING,,,Conteúdo observado coincide com F após normalização congelada.,YES,B_B_NORMALIZATION_V1,,,,V7_TEMPORAL_NUMERIC
LI_041_R09.png,LI,LI_041,9,4,ZERO-SHOT,X,temporal,EXHAUSTIVE,READY_TEMPORAL,2018 | 2019 | 2020 | 2021 | 2022 | 2023 | 2024 | 2025,2018 | 2019 | 2020 | 2021 | 2022 | 2023 | 2024 | 2025,NOT_SPECIFIED,AUTO_VALIDATED_FROZEN_GATE,AUTO_VALIDATED,2018|2019|2020|2021|2022|2023|2024|2025,2018 | 2019 | 2020 | 2021 | 2022 | 2023 | 2024 | 2025,NORMALIZED_EQUIVALENT,CONFORMING,,,Conteúdo observado coincide com F após normalização congelada.,YES,B_B_NORMALIZATION_V1,,,,V7_TEMPORAL_NUMERIC
LI_041_R10.png,LI,LI_041,10,4,ZERO-SHOT,X,temporal,EXHAUSTIVE,READY_TEMPORAL,2018 | 2019 | 2020 | 2021 | 2022 | 2023 | 2024 | 2025,2018 | 2019 | 2020 | 2021 | 2022 | 2023 | 2024 | 2025,NOT_SPECIFIED,AUTO_VALIDATED_FROZEN_GATE,AUTO_VALIDATED,2018|2019|2020|2021|2022|2023|2024|2025,2018 | 2019 | 2020 | 2021 | 2022 | 2023 | 2024 | 2025,NORMALIZED_EQUIVALENT,CONFORMING,,,Conteúdo observado coincide com F após normalização congelada.,YES,B_B_NORMALIZATION_V1,,,,V7_TEMPORAL_NUMERIC
LI_045_R01.png,LI,LI_045,1,9,ZERO-SHOT,X,temporal,EXHAUSTIVE,READY_TEMPORAL,2018 | 2019 | 2020 | 2021 | 2022 | 2023 | 2024 | 2025,2018 | 2019 | 2020 | 2021 | 2022 | 2023 | 2024 | 2025,NOT_SPECIFIED,AUTO_VALIDATED_FROZEN_GATE,AUTO_VALIDATED,2018|2019|2020|2021|2022|2023|2024|2025,2018 | 2019 | 2020 | 2021 | 2022 | 2023 | 2024 | 2025,NORMALIZED_EQUIVALENT,CONFORMING,,,Conteúdo observado coincide com F após normalização congelada.,YES,B_B_NORMALIZATION_V1,,,,V7_TEMPORAL_NUMERIC
LI_045_R01.png,LI,LI_045,1,9,ZERO-SHOT,Y,numeric,EXHAUSTIVE,READY_EXPLICIT_LIST,0 | 50M | 100M | 150M | 200M | 250M | 300M,0 | 50000000 | 100000000 | 150000000 | 200000000 | 250000000 | 300000000,NOT_SPECIFIED,AUTO_VALIDATED_FROZEN_GATE,AUTO_VALIDATED,0|5e+07|1e+08|1.5e+08|2e+08|2.5e+08|3e+08,0 | 50000000 | 100000000 | 150000000 | 200000000 | 250000000 | 300000000,NORMALIZED_EQUIVALENT,CONFORMING,,,Conteúdo observado coincide com F após normalização congelada.,YES,B_B_NORMALIZATION_V1,,,,V7_TEMPORAL_NUMERIC
LI_045_R02.png,LI,LI_045,2,9,ZERO-SHOT,X,temporal,EXHAUSTIVE,READY_TEMPORAL,2018 | 2019 | 2020 | 2021 | 2022 | 2023 | 2024 | 2025,2018 | 2019 | 2020 | 2021 | 2022 | 2023 | 2024 | 2025,NOT_SPECIFIED,AUTO_VALIDATED_FROZEN_GATE,AUTO_VALIDATED,2018|2019|2020|2021|2022|2023|2024|2025,2018 | 2019 | 2020 | 2021 | 2022 | 2023 | 2024 | 2025,NORMALIZED_EQUIVALENT,CONFORMING,,,Conteúdo observado coincide com F após normalização congelada.,YES,B_B_NORMALIZATION_V1,,,,V7_TEMPORAL_NUMERIC
LI_045_R02.png,LI,LI_045,2,9,ZERO-SHOT,Y,numeric,EXHAUSTIVE,READY_EXPLICIT_LIST,0 | 50M | 100M | 150M | 200M | 250M | 300M,0 | 50000000 | 100000000 | 150000000 | 200000000 | 250000000 | 300000000,NOT_SPECIFIED,MANUAL_AUDIT_AUTO_NONCONFORMING,MANUAL_ADJUDICATED,0M | 5000M | 10000M | 15000M | 20000M | 25000M | 30000M,0 | 5000000000 | 10000000000 | 15000000000 | 20000000000 | 25000000000 | 30000000000,NONCONFORMING_VALUE,NONCONFORMING,50000000 | 100000000 | 150000000 | 200000000 | 250000000 | 300000000,5000000000 | 10000000000 | 15000000000 | 20000000000 | 25000000000 | 30000000000,Resultado atualizado após auditoria manual cega de B-A.,YES,B_B_NORMALIZATION_V1,,,,V7_TEMPORAL_NUMERIC
LI_045_R03.png,LI,LI_045,3,9,ZERO-SHOT,X,temporal,EXHAUSTIVE,READY_TEMPORAL,2018 | 2019 | 2020 | 2021 | 2022 | 2023 | 2024 | 2025,2018 | 2019 | 2020 | 2021 | 2022 | 2023 | 2024 | 2025,NOT_SPECIFIED,AUTO_VALIDATED_FROZEN_GATE,AUTO_VALIDATED,2018|2019|2020|2021|2022|2023|2024|2025,2018 | 2019 | 2020 | 2021 | 2022 | 2023 | 2024 | 2025,NORMALIZED_EQUIVALENT,CONFORMING,,,Conteúdo observado coincide com F após normalização congelada.,YES,B_B_NORMALIZATION_V1,,,,V7_TEMPORAL_NUMERIC
LI_045_R03.png,LI,LI_045,3,9,ZERO-SHOT,Y,numeric,EXHAUSTIVE,READY_EXPLICIT_LIST,0 | 50M | 100M | 150M | 200M | 250M | 300M,0 | 50000000 | 100000000 | 150000000 | 200000000 | 250000000 | 300000000,NOT_SPECIFIED,MANUAL_AUDIT_AUTO_NONCONFORMING,MANUAL_ADJUDICATED,0M | 5000M | 10000M | 15000M | 20000M | 25000M | 30000M,0 | 5000000000 | 10000000000 | 15000000000 | 20000000000 | 25000000000 | 30000000000,NONCONFORMING_VALUE,NONCONFORMING,50000000 | 100000000 | 150000000 | 200000000 | 250000000 | 300000000,5000000000 | 10000000000 | 15000000000 | 20000000000 | 25000000000 | 30000000000,Resultado atualizado após auditoria manual cega de B-A.,YES,B_B_NORMALIZATION_V1,,,,V7_TEMPORAL_NUMERIC
LI_045_R04.png,LI,LI_045,4,9,ZERO-SHOT,X,temporal,EXHAUSTIVE,READY_TEMPORAL,2018 | 2019 | 2020 | 2021 | 2022 | 2023 | 2024 | 2025,2018 | 2019 | 2020 | 2021 | 2022 | 2023 | 2024 | 2025,NOT_SPECIFIED,AUTO_VALIDATED_FROZEN_GATE,AUTO_VALIDATED,2018|2019|2020|2021|2022|2023|2024|2025,2018 | 2019 | 2020 | 2021 | 2022 | 2023 | 2024 | 2025,NORMALIZED_EQUIVALENT,CONFORMING,,,Conteúdo observado coincide com F após normalização congelada.,YES,B_B_NORMALIZATION_V1,,,,V7_TEMPORAL_NUMERIC
LI_045_R04.png,LI,LI_045,4,9,ZERO-SHOT,Y,numeric,EXHAUSTIVE,READY_EXPLICIT_LIST,0 | 50M | 100M | 150M | 200M | 250M | 300M,0 | 50000000 | 100000000 | 150000000 | 200000000 | 250000000 | 300000000,NOT_SPECIFIED,MANUAL_AUDIT_AUTO_NONCONFORMING,MANUAL_ADJUDICATED,0M | 5000M | 10000M | 15000M | 20000M | 25000M | 30000M,0 | 5000000000 | 10000000000 | 15000000000 | 20000000000 | 25000000000 | 30000000000,NONCONFORMING_VALUE,NONCONFORMING,50000000 | 100000000 | 150000000 | 200000000 | 250000000 | 300000000,5000000000 | 10000000000 | 15000000000 | 20000000000 | 25000000000 | 30000000000,Resultado atualizado após auditoria manual cega de B-A.,YES,B_B_NORMALIZATION_V1,,,,V7_TEMPORAL_NUMERIC
LI_045_R05.png,LI,LI_045,5,9,ZERO-SHOT,X,temporal,EXHAUSTIVE,READY_TEMPORAL,2018 | 2019 | 2020 | 2021 | 2022 | 2023 | 2024 | 2025,2018 | 2019 | 2020 | 2021 | 2022 | 2023 | 2024 | 2025,NOT_SPECIFIED,AUTO_VALIDATED_FROZEN_GATE,AUTO_VALIDATED,2018|2019|2020|2021|2022|2023|2024|2025,2018 | 2019 | 2020 | 2021 | 2022 | 2023 | 2024 | 2025,NORMALIZED_EQUIVALENT,CONFORMING,,,Conteúdo observado coincide com F após normalização congelada.,YES,B_B_NORMALIZATION_V1,,,,V7_TEMPORAL_NUMERIC
LI_045_R05.png,LI,LI_045,5,9,ZERO-SHOT,Y,numeric,EXHAUSTIVE,READY_EXPLICIT_LIST,0 | 50M | 100M | 150M | 200M | 250M | 300M,0 | 50000000 | 100000000 | 150000000 | 200000000 | 250000000 | 300000000,NOT_SPECIFIED,MANUAL_AUDIT_AUTO_NONCONFORMING,MANUAL_ADJUDICATED,0M | 5000M | 10000M | 15000M | 20000M | 25000M | 30000M,0 | 5000000000 | 10000000000 | 15000000000 | 20000000000 | 25000000000 | 30000000000,NONCONFORMING_VALUE,NONCONFORMING,50000000 | 100000000 | 150000000 | 200000000 | 250000000 | 300000000,5000000000 | 10000000000 | 15000000000 | 20000000000 | 25000000000 | 30000000000,Resultado atualizado após auditoria manual cega de B-A.,YES,B_B_NORMALIZATION_V1,,,,V7_TEMPORAL_NUMERIC
LI_045_R06.png,LI,LI_045,6,9,ZERO-SHOT,X,temporal,EXHAUSTIVE,READY_TEMPORAL,2018 | 2019 | 2020 | 2021 | 2022 | 2023 | 2024 | 2025,2018 | 2019 | 2020 | 2021 | 2022 | 2023 | 2024 | 2025,NOT_SPECIFIED,AUTO_VALIDATED_FROZEN_GATE,AUTO_VALIDATED,2018|2019|2020|2021|2022|2023|2024|2025,2018 | 2019 | 2020 | 2021 | 2022 | 2023 | 2024 | 2025,NORMALIZED_EQUIVALENT,CONFORMING,,,Conteúdo observado coincide com F após normalização congelada.,YES,B_B_NORMALIZATION_V1,,,,V7_TEMPORAL_NUMERIC
LI_045_R06.png,LI,LI_045,6,9,ZERO-SHOT,Y,numeric,EXHAUSTIVE,READY_EXPLICIT_LIST,0 | 50M | 100M | 150M | 200M | 250M | 300M,0 | 50000000 | 100000000 | 150000000 | 200000000 | 250000000 | 300000000,NOT_SPECIFIED,MANUAL_AUDIT_AUTO_NONCONFORMING,MANUAL_ADJUDICATED,0M | 5000M | 10000M | 15000M | 20000M | 25000M | 30000M,0 | 5000000000 | 10000000000 | 15000000000 | 20000000000 | 25000000000 | 30000000000,NONCONFORMING_VALUE,NONCONFORMING,50000000 | 100000000 | 150000000 | 200000000 | 250000000 | 300000000,5000000000 | 10000000000 | 15000000000 | 20000000000 | 25000000000 | 30000000000,Resultado atualizado após auditoria manual cega de B-A.,YES,B_B_NORMALIZATION_V1,,,,V7_TEMPORAL_NUMERIC
LI_045_R07.png,LI,LI_045,7,9,ZERO-SHOT,X,temporal,EXHAUSTIVE,READY_TEMPORAL,2018 | 2019 | 2020 | 2021 | 2022 | 2023 | 2024 | 2025,2018 | 2019 | 2020 | 2021 | 2022 | 2023 | 2024 | 2025,NOT_SPECIFIED,AUTO_VALIDATED_FROZEN_GATE,AUTO_VALIDATED,2018|2019|2020|2021|2022|2023|2024|2025,2018 | 2019 | 2020 | 2021 | 2022 | 2023 | 2024 | 2025,NORMALIZED_EQUIVALENT,CONFORMING,,,Conteúdo observado coincide com F após normalização congelada.,YES,B_B_NORMALIZATION_V1,,,,V7_TEMPORAL_NUMERIC
LI_045_R07.png,LI,LI_045,7,9,ZERO-SHOT,Y,numeric,EXHAUSTIVE,READY_EXPLICIT_LIST,0 | 50M | 100M | 150M | 200M | 250M | 300M,0 | 50000000 | 100000000 | 150000000 | 200000000 | 250000000 | 300000000,NOT_SPECIFIED,MANUAL_AUDIT_AUTO_NONCONFORMING,MANUAL_ADJUDICATED,0M | 5000M | 10000M | 15000M | 20000M | 25000M | 30000M,0 | 5000000000 | 10000000000 | 15000000000 | 20000000000 | 25000000000 | 30000000000,NONCONFORMING_VALUE,NONCONFORMING,50000000 | 100000000 | 150000000 | 200000000 | 250000000 | 300000000,5000000000 | 10000000000 | 15000000000 | 20000000000 | 25000000000 | 30000000000,Resultado atualizado após auditoria manual cega de B-A.,YES,B_B_NORMALIZATION_V1,,,,V7_TEMPORAL_NUMERIC
LI_045_R08.png,LI,LI_045,8,9,ZERO-SHOT,X,temporal,EXHAUSTIVE,READY_TEMPORAL,2018 | 2019 | 2020 | 2021 | 2022 | 2023 | 2024 | 2025,2018 | 2019 | 2020 | 2021 | 2022 | 2023 | 2024 | 2025,NOT_SPECIFIED,AUTO_VALIDATED_FROZEN_GATE,AUTO_VALIDATED,2018|2019|2020|2021|2022|2023|2024|2025,2018 | 2019 | 2020 | 2021 | 2022 | 2023 | 2024 | 2025,NORMALIZED_EQUIVALENT,CONFORMING,,,Conteúdo observado coincide com F após normalização congelada.,YES,B_B_NORMALIZATION_V1,,,,V7_TEMPORAL_NUMERIC
LI_045_R08.png,LI,LI_045,8,9,ZERO-SHOT,Y,numeric,EXHAUSTIVE,READY_EXPLICIT_LIST,0 | 50M | 100M | 150M | 200M | 250M | 300M,0 | 50000000 | 100000000 | 150000000 | 200000000 | 250000000 | 300000000,NOT_SPECIFIED,MANUAL_AUDIT_AUTO_NONCONFORMING,MANUAL_ADJUDICATED,0M | 5000M | 10000M | 15000M | 20000M | 25000M | 30000M,0 | 5000000000 | 10000000000 | 15000000000 | 20000000000 | 25000000000 | 30000000000,NONCONFORMING_VALUE,NONCONFORMING,50000000 | 100000000 | 150000000 | 200000000 | 250000000 | 300000000,5000000000 | 10000000000 | 15000000000 | 20000000000 | 25000000000 | 30000000000,Resultado atualizado após auditoria manual cega de B-A.,YES,B_B_NORMALIZATION_V1,,,,V7_TEMPORAL_NUMERIC
LI_045_R09.png,LI,LI_045,9,9,ZERO-SHOT,X,temporal,EXHAUSTIVE,READY_TEMPORAL,2018 | 2019 | 2020 | 2021 | 2022 | 2023 | 2024 | 2025,2018 | 2019 | 2020 | 2021 | 2022 | 2023 | 2024 | 2025,NOT_SPECIFIED,AUTO_VALIDATED_FROZEN_GATE,AUTO_VALIDATED,2018|2019|2020|2021|2022|2023|2024|2025,2018 | 2019 | 2020 | 2021 | 2022 | 2023 | 2024 | 2025,NORMALIZED_EQUIVALENT,CONFORMING,,,Conteúdo observado coincide com F após normalização congelada.,YES,B_B_NORMALIZATION_V1,,,,V7_TEMPORAL_NUMERIC
LI_045_R09.png,LI,LI_045,9,9,ZERO-SHOT,Y,numeric,EXHAUSTIVE,READY_EXPLICIT_LIST,0 | 50M | 100M | 150M | 200M | 250M | 300M,0 | 50000000 | 100000000 | 150000000 | 200000000 | 250000000 | 300000000,NOT_SPECIFIED,MANUAL_AUDIT_AUTO_NONCONFORMING,MANUAL_ADJUDICATED,0M | 5000M | 10000M | 15000M | 20000M | 25000M | 30000M,0 | 5000000000 | 10000000000 | 15000000000 | 20000000000 | 25000000000 | 30000000000,NONCONFORMING_VALUE,NONCONFORMING,50000000 | 100000000 | 150000000 | 200000000 | 250000000 | 300000000,5000000000 | 10000000000 | 15000000000 | 20000000000 | 25000000000 | 30000000000,Resultado atualizado após auditoria manual cega de B-A.,YES,B_B_NORMALIZATION_V1,,,,V7_TEMPORAL_NUMERIC
LI_045_R10.png,LI,LI_045,10,9,ZERO-SHOT,X,temporal,EXHAUSTIVE,READY_TEMPORAL,2018 | 2019 | 2020 | 2021 | 2022 | 2023 | 2024 | 2025,2018 | 2019 | 2020 | 2021 | 2022 | 2023 | 2024 | 2025,NOT_SPECIFIED,AUTO_VALIDATED_FROZEN_GATE,AUTO_VALIDATED,2018|2019|2020|2021|2022|2023|2024|2025,2018 | 2019 | 2020 | 2021 | 2022 | 2023 | 2024 | 2025,NORMALIZED_EQUIVALENT,CONFORMING,,,Conteúdo observado coincide com F após normalização congelada.,YES,B_B_NORMALIZATION_V1,,,,V7_TEMPORAL_NUMERIC
LI_045_R10.png,LI,LI_045,10,9,ZERO-SHOT,Y,numeric,EXHAUSTIVE,READY_EXPLICIT_LIST,0 | 50M | 100M | 150M | 200M | 250M | 300M,0 | 50000000 | 100000000 | 150000000 | 200000000 | 250000000 | 300000000,NOT_SPECIFIED,MANUAL_AUDIT_AUTO_NONCONFORMING,MANUAL_ADJUDICATED,0M | 5000M | 10000M | 15000M | 20000M | 25000M | 30000M,0 | 5000000000 | 10000000000 | 15000000000 | 20000000000 | 25000000000 | 30000000000,NONCONFORMING_VALUE,NONCONFORMING,50000000 | 100000000 | 150000000 | 200000000 | 250000000 | 300000000,5000000000 | 10000000000 | 15000000000 | 20000000000 | 25000000000 | 30000000000,Resultado atualizado após auditoria manual cega de B-A.,YES,B_B_NORMALIZATION_V1,,,,V7_TEMPORAL_NUMERIC
LI_046_R01.png,LI,LI_046,1,10,ZERO-SHOT,X,temporal,EXHAUSTIVE,READY_TEMPORAL,2018 | 2019 | 2020 | 2021 | 2022 | 2023 | 2024 | 2025,2018 | 2019 | 2020 | 2021 | 2022 | 2023 | 2024 | 2025,NOT_SPECIFIED,AUTO_VALIDATED_FROZEN_GATE,AUTO_VALIDATED,2018|2019|2020|2021|2022|2023|2024|2025,2018 | 2019 | 2020 | 2021 | 2022 | 2023 | 2024 | 2025,NORMALIZED_EQUIVALENT,CONFORMING,,,Conteúdo observado coincide com F após normalização congelada.,YES,B_B_NORMALIZATION_V1,,,,V7_TEMPORAL_NUMERIC
LI_046_R02.png,LI,LI_046,2,10,ZERO-SHOT,X,temporal,EXHAUSTIVE,READY_TEMPORAL,2018 | 2019 | 2020 | 2021 | 2022 | 2023 | 2024 | 2025,2018 | 2019 | 2020 | 2021 | 2022 | 2023 | 2024 | 2025,NOT_SPECIFIED,AUTO_VALIDATED_FROZEN_GATE,AUTO_VALIDATED,2018|2019|2020|2021|2022|2023|2024|2025,2018 | 2019 | 2020 | 2021 | 2022 | 2023 | 2024 | 2025,NORMALIZED_EQUIVALENT,CONFORMING,,,Conteúdo observado coincide com F após normalização congelada.,YES,B_B_NORMALIZATION_V1,,,,V7_TEMPORAL_NUMERIC
LI_046_R03.png,LI,LI_046,3,10,ZERO-SHOT,X,temporal,EXHAUSTIVE,READY_TEMPORAL,2018 | 2019 | 2020 | 2021 | 2022 | 2023 | 2024 | 2025,2018 | 2019 | 2020 | 2021 | 2022 | 2023 | 2024 | 2025,NOT_SPECIFIED,AUTO_VALIDATED_FROZEN_GATE,AUTO_VALIDATED,2018|2019|2020|2021|2022|2023|2024|2025,2018 | 2019 | 2020 | 2021 | 2022 | 2023 | 2024 | 2025,NORMALIZED_EQUIVALENT,CONFORMING,,,Conteúdo observado coincide com F após normalização congelada.,YES,B_B_NORMALIZATION_V1,,,,V7_TEMPORAL_NUMERIC
LI_046_R04.png,LI,LI_046,4,10,ZERO-SHOT,X,temporal,EXHAUSTIVE,READY_TEMPORAL,2018 | 2019 | 2020 | 2021 | 2022 | 2023 | 2024 | 2025,2018 | 2019 | 2020 | 2021 | 2022 | 2023 | 2024 | 2025,NOT_SPECIFIED,AUTO_VALIDATED_FROZEN_GATE,AUTO_VALIDATED,2018|2019|2020|2021|2022|2023|2024|2025,2018 | 2019 | 2020 | 2021 | 2022 | 2023 | 2024 | 2025,NORMALIZED_EQUIVALENT,CONFORMING,,,Conteúdo observado coincide com F após normalização congelada.,YES,B_B_NORMALIZATION_V1,,,,V7_TEMPORAL_NUMERIC
LI_046_R05.png,LI,LI_046,5,10,ZERO-SHOT,X,temporal,EXHAUSTIVE,READY_TEMPORAL,2018 | 2019 | 2020 | 2021 | 2022 | 2023 | 2024 | 2025,2018 | 2019 | 2020 | 2021 | 2022 | 2023 | 2024 | 2025,NOT_SPECIFIED,AUTO_VALIDATED_FROZEN_GATE,AUTO_VALIDATED,2018|2019|2020|2021|2022|2023|2024|2025,2018 | 2019 | 2020 | 2021 | 2022 | 2023 | 2024 | 2025,NORMALIZED_EQUIVALENT,CONFORMING,,,Conteúdo observado coincide com F após normalização congelada.,YES,B_B_NORMALIZATION_V1,,,,V7_TEMPORAL_NUMERIC
LI_046_R06.png,LI,LI_046,6,10,ZERO-SHOT,X,temporal,EXHAUSTIVE,READY_TEMPORAL,2018 | 2019 | 2020 | 2021 | 2022 | 2023 | 2024 | 2025,2018 | 2019 | 2020 | 2021 | 2022 | 2023 | 2024 | 2025,NOT_SPECIFIED,AUTO_VALIDATED_FROZEN_GATE,AUTO_VALIDATED,2018|2019|2020|2021|2022|2023|2024|2025,2018 | 2019 | 2020 | 2021 | 2022 | 2023 | 2024 | 2025,NORMALIZED_EQUIVALENT,CONFORMING,,,Conteúdo observado coincide com F após normalização congelada.,YES,B_B_NORMALIZATION_V1,,,,V7_TEMPORAL_NUMERIC
LI_046_R07.png,LI,LI_046,7,10,ZERO-SHOT,X,temporal,EXHAUSTIVE,READY_TEMPORAL,2018 | 2019 | 2020 | 2021 | 2022 | 2023 | 2024 | 2025,2018 | 2019 | 2020 | 2021 | 2022 | 2023 | 2024 | 2025,NOT_SPECIFIED,AUTO_VALIDATED_FROZEN_GATE,AUTO_VALIDATED,2018|2019|2020|2021|2022|2023|2024|2025,2018 | 2019 | 2020 | 2021 | 2022 | 2023 | 2024 | 2025,NORMALIZED_EQUIVALENT,CONFORMING,,,Conteúdo observado coincide com F após normalização congelada.,YES,B_B_NORMALIZATION_V1,,,,V7_TEMPORAL_NUMERIC
LI_046_R08.png,LI,LI_046,8,10,ZERO-SHOT,X,temporal,EXHAUSTIVE,READY_TEMPORAL,2018 | 2019 | 2020 | 2021 | 2022 | 2023 | 2024 | 2025,2018 | 2019 | 2020 | 2021 | 2022 | 2023 | 2024 | 2025,NOT_SPECIFIED,AUTO_VALIDATED_FROZEN_GATE,AUTO_VALIDATED,2018|2019|2020|2021|2022|2023|2024|2025,2018 | 2019 | 2020 | 2021 | 2022 | 2023 | 2024 | 2025,NORMALIZED_EQUIVALENT,CONFORMING,,,Conteúdo observado coincide com F após normalização congelada.,YES,B_B_NORMALIZATION_V1,,,,V7_TEMPORAL_NUMERIC
LI_046_R09.png,LI,LI_046,9,10,ZERO-SHOT,X,temporal,EXHAUSTIVE,READY_TEMPORAL,2018 | 2019 | 2020 | 2021 | 2022 | 2023 | 2024 | 2025,2018 | 2019 | 2020 | 2021 | 2022 | 2023 | 2024 | 2025,NOT_SPECIFIED,AUTO_VALIDATED_FROZEN_GATE,AUTO_VALIDATED,2018|2019|2020|2021|2022|2023|2024|2025,2018 | 2019 | 2020 | 2021 | 2022 | 2023 | 2024 | 2025,NORMALIZED_EQUIVALENT,CONFORMING,,,Conteúdo observado coincide com F após normalização congelada.,YES,B_B_NORMALIZATION_V1,,,,V7_TEMPORAL_NUMERIC
LI_046_R10.png,LI,LI_046,10,10,ZERO-SHOT,X,temporal,EXHAUSTIVE,READY_TEMPORAL,2018 | 2019 | 2020 | 2021 | 2022 | 2023 | 2024 | 2025,2018 | 2019 | 2020 | 2021 | 2022 | 2023 | 2024 | 2025,NOT_SPECIFIED,AUTO_VALIDATED_FROZEN_GATE,AUTO_VALIDATED,2018|2019|2020|2021|2022|2023|2024|2025,2018 | 2019 | 2020 | 2021 | 2022 | 2023 | 2024 | 2025,NORMALIZED_EQUIVALENT,CONFORMING,,,Conteúdo observado coincide com F após normalização congelada.,YES,B_B_NORMALIZATION_V1,,,,V7_TEMPORAL_NUMERIC
LI_049_R01.png,LI,LI_049,1,13,ZERO-SHOT,X,temporal,EXHAUSTIVE,READY_TEMPORAL,2018 | 2019 | 2020 | 2021 | 2022 | 2023 | 2024 | 2025,2018 | 2019 | 2020 | 2021 | 2022 | 2023 | 2024 | 2025,NOT_SPECIFIED,AUTO_VALIDATED_FROZEN_GATE,AUTO_VALIDATED,2018|2019|2020|2021|2022|2023|2024|2025,2018 | 2019 | 2020 | 2021 | 2022 | 2023 | 2024 | 2025,NORMALIZED_EQUIVALENT,CONFORMING,,,Conteúdo observado coincide com F após normalização congelada.,YES,B_B_NORMALIZATION_V1,,,,V7_TEMPORAL_NUMERIC
LI_049_R01.png,LI,LI_049,1,13,ZERO-SHOT,Y,numeric,EXHAUSTIVE,READY_EXPLICIT_LIST,0 | 50M | 100M | 150M | 200M | 250M | 300M,0 | 50000000 | 100000000 | 150000000 | 200000000 | 250000000 | 300000000,NOT_SPECIFIED,MANUAL_ADJUDICATED,MANUAL_ADJUDICATED,0M | 50M | 100M | 150M | 200M | 250M | 300M,0 | 50000000 | 100000000 | 150000000 | 200000000 | 250000000 | 300000000,NORMALIZED_EQUIVALENT,CONFORMING,,,Conteúdo observado coincide com F após normalização congelada.,YES,B_B_NORMALIZATION_V1,,,,V7_TEMPORAL_NUMERIC
LI_049_R02.png,LI,LI_049,2,13,ZERO-SHOT,X,temporal,EXHAUSTIVE,READY_TEMPORAL,2018 | 2019 | 2020 | 2021 | 2022 | 2023 | 2024 | 2025,2018 | 2019 | 2020 | 2021 | 2022 | 2023 | 2024 | 2025,NOT_SPECIFIED,AUTO_VALIDATED_FROZEN_GATE,AUTO_VALIDATED,2018|2019|2020|2021|2022|2023|2024|2025,2018 | 2019 | 2020 | 2021 | 2022 | 2023 | 2024 | 2025,NORMALIZED_EQUIVALENT,CONFORMING,,,Conteúdo observado coincide com F após normalização congelada.,YES,B_B_NORMALIZATION_V1,,,,V7_TEMPORAL_NUMERIC
LI_049_R02.png,LI,LI_049,2,13,ZERO-SHOT,Y,numeric,EXHAUSTIVE,READY_EXPLICIT_LIST,0 | 50M | 100M | 150M | 200M | 250M | 300M,0 | 50000000 | 100000000 | 150000000 | 200000000 | 250000000 | 300000000,NOT_SPECIFIED,MANUAL_AUDIT_AUTO_NONCONFORMING,MANUAL_ADJUDICATED,0 | 100M | 200M | 300M | 400M | 500M | 600M,0 | 100000000 | 200000000 | 300000000 | 400000000 | 500000000 | 600000000,NONCONFORMING_VALUE,NONCONFORMING,50000000 | 150000000 | 250000000,400000000 | 500000000 | 600000000,Resultado atualizado após auditoria manual cega de B-A.,YES,B_B_NORMALIZATION_V1,,,,V7_TEMPORAL_NUMERIC
LI_049_R03.png,LI,LI_049,3,13,ZERO-SHOT,X,temporal,EXHAUSTIVE,READY_TEMPORAL,2018 | 2019 | 2020 | 2021 | 2022 | 2023 | 2024 | 2025,2018 | 2019 | 2020 | 2021 | 2022 | 2023 | 2024 | 2025,NOT_SPECIFIED,AUTO_VALIDATED_FROZEN_GATE,AUTO_VALIDATED,2018|2019|2020|2021|2022|2023|2024|2025,2018 | 2019 | 2020 | 2021 | 2022 | 2023 | 2024 | 2025,NORMALIZED_EQUIVALENT,CONFORMING,,,Conteúdo observado coincide com F após normalização congelada.,YES,B_B_NORMALIZATION_V1,,,,V7_TEMPORAL_NUMERIC
LI_049_R03.png,LI,LI_049,3,13,ZERO-SHOT,Y,numeric,EXHAUSTIVE,READY_EXPLICIT_LIST,0 | 50M | 100M | 150M | 200M | 250M | 300M,0 | 50000000 | 100000000 | 150000000 | 200000000 | 250000000 | 300000000,NOT_SPECIFIED,MANUAL_AUDIT_AUTO_NONCONFORMING,MANUAL_ADJUDICATED,0 | 100M | 200M | 300M | 400M | 500M | 600M,0 | 100000000 | 200000000 | 300000000 | 400000000 | 500000000 | 600000000,NONCONFORMING_VALUE,NONCONFORMING,50000000 | 150000000 | 250000000,400000000 | 500000000 | 600000000,Resultado atualizado após auditoria manual cega de B-A.,YES,B_B_NORMALIZATION_V1,,,,V7_TEMPORAL_NUMERIC
LI_049_R04.png,LI,LI_049,4,13,ZERO-SHOT,X,temporal,EXHAUSTIVE,READY_TEMPORAL,2018 | 2019 | 2020 | 2021 | 2022 | 2023 | 2024 | 2025,2018 | 2019 | 2020 | 2021 | 2022 | 2023 | 2024 | 2025,NOT_SPECIFIED,AUTO_VALIDATED_FROZEN_GATE,AUTO_VALIDATED,2018|2019|2020|2021|2022|2023|2024|2025,2018 | 2019 | 2020 | 2021 | 2022 | 2023 | 2024 | 2025,NORMALIZED_EQUIVALENT,CONFORMING,,,Conteúdo observado coincide com F após normalização congelada.,YES,B_B_NORMALIZATION_V1,,,,V7_TEMPORAL_NUMERIC
LI_049_R04.png,LI,LI_049,4,13,ZERO-SHOT,Y,numeric,EXHAUSTIVE,READY_EXPLICIT_LIST,0 | 50M | 100M | 150M | 200M | 250M | 300M,0 | 50000000 | 100000000 | 150000000 | 200000000 | 250000000 | 300000000,NOT_SPECIFIED,AUTO_VALIDATED_FROZEN_GATE,AUTO_VALIDATED,0|5e+07|1e+08|1.5e+08|2e+08|2.5e+08|3e+08,0 | 50000000 | 100000000 | 150000000 | 200000000 | 250000000 | 300000000,NORMALIZED_EQUIVALENT,CONFORMING,,,Conteúdo observado coincide com F após normalização congelada.,YES,B_B_NORMALIZATION_V1,,,,V7_TEMPORAL_NUMERIC
LI_049_R05.png,LI,LI_049,5,13,ZERO-SHOT,X,temporal,EXHAUSTIVE,READY_TEMPORAL,2018 | 2019 | 2020 | 2021 | 2022 | 2023 | 2024 | 2025,2018 | 2019 | 2020 | 2021 | 2022 | 2023 | 2024 | 2025,NOT_SPECIFIED,AUTO_VALIDATED_FROZEN_GATE,AUTO_VALIDATED,2018|2019|2020|2021|2022|2023|2024|2025,2018 | 2019 | 2020 | 2021 | 2022 | 2023 | 2024 | 2025,NORMALIZED_EQUIVALENT,CONFORMING,,,Conteúdo observado coincide com F após normalização congelada.,YES,B_B_NORMALIZATION_V1,,,,V7_TEMPORAL_NUMERIC
LI_049_R05.png,LI,LI_049,5,13,ZERO-SHOT,Y,numeric,EXHAUSTIVE,READY_EXPLICIT_LIST,0 | 50M | 100M | 150M | 200M | 250M | 300M,0 | 50000000 | 100000000 | 150000000 | 200000000 | 250000000 | 300000000,NOT_SPECIFIED,MANUAL_AUDIT_AUTO_NONCONFORMING,MANUAL_ADJUDICATED,0 | 100M | 200M | 300M | 400M | 500M | 600M,0 | 100000000 | 200000000 | 300000000 | 400000000 | 500000000 | 600000000,NONCONFORMING_VALUE,NONCONFORMING,50000000 | 150000000 | 250000000,400000000 | 500000000 | 600000000,Resultado atualizado após auditoria manual cega de B-A.,YES,B_B_NORMALIZATION_V1,,,,V7_TEMPORAL_NUMERIC
LI_049_R06.png,LI,LI_049,6,13,ZERO-SHOT,X,temporal,EXHAUSTIVE,READY_TEMPORAL,2018 | 2019 | 2020 | 2021 | 2022 | 2023 | 2024 | 2025,2018 | 2019 | 2020 | 2021 | 2022 | 2023 | 2024 | 2025,NOT_SPECIFIED,AUTO_VALIDATED_FROZEN_GATE,AUTO_VALIDATED,2018|2019|2020|2021|2022|2023|2024|2025,2018 | 2019 | 2020 | 2021 | 2022 | 2023 | 2024 | 2025,NORMALIZED_EQUIVALENT,CONFORMING,,,Conteúdo observado coincide com F após normalização congelada.,YES,B_B_NORMALIZATION_V1,,,,V7_TEMPORAL_NUMERIC
LI_049_R06.png,LI,LI_049,6,13,ZERO-SHOT,Y,numeric,EXHAUSTIVE,READY_EXPLICIT_LIST,0 | 50M | 100M | 150M | 200M | 250M | 300M,0 | 50000000 | 100000000 | 150000000 | 200000000 | 250000000 | 300000000,NOT_SPECIFIED,MANUAL_AUDIT_AUTO_NONCONFORMING,MANUAL_ADJUDICATED,0 | 100M | 200M | 300M | 400M | 500M | 600M,0 | 100000000 | 200000000 | 300000000 | 400000000 | 500000000 | 600000000,NONCONFORMING_VALUE,NONCONFORMING,50000000 | 150000000 | 250000000,400000000 | 500000000 | 600000000,Resultado atualizado após auditoria manual cega de B-A.,YES,B_B_NORMALIZATION_V1,,,,V7_TEMPORAL_NUMERIC
LI_049_R07.png,LI,LI_049,7,13,ZERO-SHOT,X,temporal,EXHAUSTIVE,READY_TEMPORAL,2018 | 2019 | 2020 | 2021 | 2022 | 2023 | 2024 | 2025,2018 | 2019 | 2020 | 2021 | 2022 | 2023 | 2024 | 2025,NOT_SPECIFIED,AUTO_VALIDATED_FROZEN_GATE,AUTO_VALIDATED,2018|2019|2020|2021|2022|2023|2024|2025,2018 | 2019 | 2020 | 2021 | 2022 | 2023 | 2024 | 2025,NORMALIZED_EQUIVALENT,CONFORMING,,,Conteúdo observado coincide com F após normalização congelada.,YES,B_B_NORMALIZATION_V1,,,,V7_TEMPORAL_NUMERIC
LI_049_R07.png,LI,LI_049,7,13,ZERO-SHOT,Y,numeric,EXHAUSTIVE,READY_EXPLICIT_LIST,0 | 50M | 100M | 150M | 200M | 250M | 300M,0 | 50000000 | 100000000 | 150000000 | 200000000 | 250000000 | 300000000,NOT_SPECIFIED,AUTO_VALIDATED_FROZEN_GATE,AUTO_VALIDATED,0|5e+07|1e+08|1.5e+08|2e+08|2.5e+08|3e+08,0 | 50000000 | 100000000 | 150000000 | 200000000 | 250000000 | 300000000,NORMALIZED_EQUIVALENT,CONFORMING,,,Conteúdo observado coincide com F após normalização congelada.,YES,B_B_NORMALIZATION_V1,,,,V7_TEMPORAL_NUMERIC
LI_049_R08.png,LI,LI_049,8,13,ZERO-SHOT,X,temporal,EXHAUSTIVE,READY_TEMPORAL,2018 | 2019 | 2020 | 2021 | 2022 | 2023 | 2024 | 2025,2018 | 2019 | 2020 | 2021 | 2022 | 2023 | 2024 | 2025,NOT_SPECIFIED,AUTO_VALIDATED_FROZEN_GATE,AUTO_VALIDATED,2018|2019|2020|2021|2022|2023|2024|2025,2018 | 2019 | 2020 | 2021 | 2022 | 2023 | 2024 | 2025,NORMALIZED_EQUIVALENT,CONFORMING,,,Conteúdo observado coincide com F após normalização congelada.,YES,B_B_NORMALIZATION_V1,,,,V7_TEMPORAL_NUMERIC
LI_049_R08.png,LI,LI_049,8,13,ZERO-SHOT,Y,numeric,EXHAUSTIVE,READY_EXPLICIT_LIST,0 | 50M | 100M | 150M | 200M | 250M | 300M,0 | 50000000 | 100000000 | 150000000 | 200000000 | 250000000 | 300000000,NOT_SPECIFIED,MANUAL_AUDIT_AUTO_NONCONFORMING,MANUAL_ADJUDICATED,0 | 100M | 200M | 300M | 400M | 500M | 600M,0 | 100000000 | 200000000 | 300000000 | 400000000 | 500000000 | 600000000,NONCONFORMING_VALUE,NONCONFORMING,50000000 | 150000000 | 250000000,400000000 | 500000000 | 600000000,Resultado atualizado após auditoria manual cega de B-A.,YES,B_B_NORMALIZATION_V1,,,,V7_TEMPORAL_NUMERIC
LI_049_R09.png,LI,LI_049,9,13,ZERO-SHOT,X,temporal,EXHAUSTIVE,READY_TEMPORAL,2018 | 2019 | 2020 | 2021 | 2022 | 2023 | 2024 | 2025,2018 | 2019 | 2020 | 2021 | 2022 | 2023 | 2024 | 2025,NOT_SPECIFIED,AUTO_VALIDATED_FROZEN_GATE,AUTO_VALIDATED,2018|2019|2020|2021|2022|2023|2024|2025,2018 | 2019 | 2020 | 2021 | 2022 | 2023 | 2024 | 2025,NORMALIZED_EQUIVALENT,CONFORMING,,,Conteúdo observado coincide com F após normalização congelada.,YES,B_B_NORMALIZATION_V1,,,,V7_TEMPORAL_NUMERIC
LI_049_R09.png,LI,LI_049,9,13,ZERO-SHOT,Y,numeric,EXHAUSTIVE,READY_EXPLICIT_LIST,0 | 50M | 100M | 150M | 200M | 250M | 300M,0 | 50000000 | 100000000 | 150000000 | 200000000 | 250000000 | 300000000,NOT_SPECIFIED,MANUAL_AUDIT_AUTO_NONCONFORMING,MANUAL_ADJUDICATED,0 | 100M | 200M | 300M | 400M | 500M | 600M,0 | 100000000 | 200000000 | 300000000 | 400000000 | 500000000 | 600000000,NONCONFORMING_VALUE,NONCONFORMING,50000000 | 150000000 | 250000000,400000000 | 500000000 | 600000000,Resultado atualizado após auditoria manual cega de B-A.,YES,B_B_NORMALIZATION_V1,,,,V7_TEMPORAL_NUMERIC
LI_049_R10.png,LI,LI_049,10,13,ZERO-SHOT,X,temporal,EXHAUSTIVE,READY_TEMPORAL,2018 | 2019 | 2020 | 2021 | 2022 | 2023 | 2024 | 2025,2018 | 2019 | 2020 | 2021 | 2022 | 2023 | 2024 | 2025,NOT_SPECIFIED,AUTO_VALIDATED_FROZEN_GATE,AUTO_VALIDATED,2018|2019|2020|2021|2022|2023|2024|2025,2018 | 2019 | 2020 | 2021 | 2022 | 2023 | 2024 | 2025,NORMALIZED_EQUIVALENT,CONFORMING,,,Conteúdo observado coincide com F após normalização congelada.,YES,B_B_NORMALIZATION_V1,,,,V7_TEMPORAL_NUMERIC
LI_049_R10.png,LI,LI_049,10,13,ZERO-SHOT,Y,numeric,EXHAUSTIVE,READY_EXPLICIT_LIST,0 | 50M | 100M | 150M | 200M | 250M | 300M,0 | 50000000 | 100000000 | 150000000 | 200000000 | 250000000 | 300000000,NOT_SPECIFIED,MANUAL_AUDIT_AUTO_NONCONFORMING,MANUAL_ADJUDICATED,0 | 100M | 200M | 300M | 400M | 500M | 600M,0 | 100000000 | 200000000 | 300000000 | 400000000 | 500000000 | 600000000,NONCONFORMING_VALUE,NONCONFORMING,50000000 | 150000000 | 250000000,400000000 | 500000000 | 600000000,Resultado atualizado após auditoria manual cega de B-A.,YES,B_B_NORMALIZATION_V1,,,,V7_TEMPORAL_NUMERIC
LI_050_R01.png,LI,LI_050,1,14,ZERO-SHOT,X,temporal,EXHAUSTIVE,READY_TEMPORAL,2018 | 2019 | 2020 | 2021 | 2022 | 2023 | 2024 | 2025,2018 | 2019 | 2020 | 2021 | 2022 | 2023 | 2024 | 2025,NOT_SPECIFIED,AUTO_VALIDATED_FROZEN_GATE,AUTO_VALIDATED,2018|2019|2020|2021|2022|2023|2024|2025,2018 | 2019 | 2020 | 2021 | 2022 | 2023 | 2024 | 2025,NORMALIZED_EQUIVALENT,CONFORMING,,,Conteúdo observado coincide com F após normalização congelada.,YES,B_B_NORMALIZATION_V1,,,,V7_TEMPORAL_NUMERIC
LI_050_R02.png,LI,LI_050,2,14,ZERO-SHOT,X,temporal,EXHAUSTIVE,READY_TEMPORAL,2018 | 2019 | 2020 | 2021 | 2022 | 2023 | 2024 | 2025,2018 | 2019 | 2020 | 2021 | 2022 | 2023 | 2024 | 2025,NOT_SPECIFIED,AUTO_VALIDATED_FROZEN_GATE,AUTO_VALIDATED,2018|2019|2020|2021|2022|2023|2024|2025,2018 | 2019 | 2020 | 2021 | 2022 | 2023 | 2024 | 2025,NORMALIZED_EQUIVALENT,CONFORMING,,,Conteúdo observado coincide com F após normalização congelada.,YES,B_B_NORMALIZATION_V1,,,,V7_TEMPORAL_NUMERIC
LI_050_R03.png,LI,LI_050,3,14,ZERO-SHOT,X,temporal,EXHAUSTIVE,READY_TEMPORAL,2018 | 2019 | 2020 | 2021 | 2022 | 2023 | 2024 | 2025,2018 | 2019 | 2020 | 2021 | 2022 | 2023 | 2024 | 2025,NOT_SPECIFIED,AUTO_VALIDATED_FROZEN_GATE,AUTO_VALIDATED,2018|2019|2020|2021|2022|2023|2024|2025,2018 | 2019 | 2020 | 2021 | 2022 | 2023 | 2024 | 2025,NORMALIZED_EQUIVALENT,CONFORMING,,,Conteúdo observado coincide com F após normalização congelada.,YES,B_B_NORMALIZATION_V1,,,,V7_TEMPORAL_NUMERIC
LI_050_R04.png,LI,LI_050,4,14,ZERO-SHOT,X,temporal,EXHAUSTIVE,READY_TEMPORAL,2018 | 2019 | 2020 | 2021 | 2022 | 2023 | 2024 | 2025,2018 | 2019 | 2020 | 2021 | 2022 | 2023 | 2024 | 2025,NOT_SPECIFIED,AUTO_VALIDATED_FROZEN_GATE,AUTO_VALIDATED,2018|2019|2020|2021|2022|2023|2024|2025,2018 | 2019 | 2020 | 2021 | 2022 | 2023 | 2024 | 2025,NORMALIZED_EQUIVALENT,CONFORMING,,,Conteúdo observado coincide com F após normalização congelada.,YES,B_B_NORMALIZATION_V1,,,,V7_TEMPORAL_NUMERIC
LI_050_R05.png,LI,LI_050,5,14,ZERO-SHOT,X,temporal,EXHAUSTIVE,READY_TEMPORAL,2018 | 2019 | 2020 | 2021 | 2022 | 2023 | 2024 | 2025,2018 | 2019 | 2020 | 2021 | 2022 | 2023 | 2024 | 2025,NOT_SPECIFIED,AUTO_VALIDATED_FROZEN_GATE,AUTO_VALIDATED,2018|2019|2020|2021|2022|2023|2024|2025,2018 | 2019 | 2020 | 2021 | 2022 | 2023 | 2024 | 2025,NORMALIZED_EQUIVALENT,CONFORMING,,,Conteúdo observado coincide com F após normalização congelada.,YES,B_B_NORMALIZATION_V1,,,,V7_TEMPORAL_NUMERIC
LI_050_R06.png,LI,LI_050,6,14,ZERO-SHOT,X,temporal,EXHAUSTIVE,READY_TEMPORAL,2018 | 2019 | 2020 | 2021 | 2022 | 2023 | 2024 | 2025,2018 | 2019 | 2020 | 2021 | 2022 | 2023 | 2024 | 2025,NOT_SPECIFIED,AUTO_VALIDATED_FROZEN_GATE,AUTO_VALIDATED,2018|2019|2020|2021|2022|2023|2024|2025,2018 | 2019 | 2020 | 2021 | 2022 | 2023 | 2024 | 2025,NORMALIZED_EQUIVALENT,CONFORMING,,,Conteúdo observado coincide com F após normalização congelada.,YES,B_B_NORMALIZATION_V1,,,,V7_TEMPORAL_NUMERIC
LI_050_R07.png,LI,LI_050,7,14,ZERO-SHOT,X,temporal,EXHAUSTIVE,READY_TEMPORAL,2018 | 2019 | 2020 | 2021 | 2022 | 2023 | 2024 | 2025,2018 | 2019 | 2020 | 2021 | 2022 | 2023 | 2024 | 2025,NOT_SPECIFIED,AUTO_VALIDATED_FROZEN_GATE,AUTO_VALIDATED,2018|2019|2020|2021|2022|2023|2024|2025,2018 | 2019 | 2020 | 2021 | 2022 | 2023 | 2024 | 2025,NORMALIZED_EQUIVALENT,CONFORMING,,,Conteúdo observado coincide com F após normalização congelada.,YES,B_B_NORMALIZATION_V1,,,,V7_TEMPORAL_NUMERIC
LI_050_R08.png,LI,LI_050,8,14,ZERO-SHOT,X,temporal,EXHAUSTIVE,READY_TEMPORAL,2018 | 2019 | 2020 | 2021 | 2022 | 2023 | 2024 | 2025,2018 | 2019 | 2020 | 2021 | 2022 | 2023 | 2024 | 2025,NOT_SPECIFIED,AUTO_VALIDATED_FROZEN_GATE,AUTO_VALIDATED,2018|2019|2020|2021|2022|2023|2024|2025,2018 | 2019 | 2020 | 2021 | 2022 | 2023 | 2024 | 2025,NORMALIZED_EQUIVALENT,CONFORMING,,,Conteúdo observado coincide com F após normalização congelada.,YES,B_B_NORMALIZATION_V1,,,,V7_TEMPORAL_NUMERIC
LI_050_R09.png,LI,LI_050,9,14,ZERO-SHOT,X,temporal,EXHAUSTIVE,READY_TEMPORAL,2018 | 2019 | 2020 | 2021 | 2022 | 2023 | 2024 | 2025,2018 | 2019 | 2020 | 2021 | 2022 | 2023 | 2024 | 2025,NOT_SPECIFIED,AUTO_VALIDATED_FROZEN_GATE,AUTO_VALIDATED,2018|2019|2020|2021|2022|2023|2024|2025,2018 | 2019 | 2020 | 2021 | 2022 | 2023 | 2024 | 2025,NORMALIZED_EQUIVALENT,CONFORMING,,,Conteúdo observado coincide com F após normalização congelada.,YES,B_B_NORMALIZATION_V1,,,,V7_TEMPORAL_NUMERIC
LI_050_R10.png,LI,LI_050,10,14,ZERO-SHOT,X,temporal,EXHAUSTIVE,READY_TEMPORAL,2018 | 2019 | 2020 | 2021 | 2022 | 2023 | 2024 | 2025,2018 | 2019 | 2020 | 2021 | 2022 | 2023 | 2024 | 2025,NOT_SPECIFIED,AUTO_VALIDATED_FROZEN_GATE,AUTO_VALIDATED,2018|2019|2020|2021|2022|2023|2024|2025,2018 | 2019 | 2020 | 2021 | 2022 | 2023 | 2024 | 2025,NORMALIZED_EQUIVALENT,CONFORMING,,,Conteúdo observado coincide com F após normalização congelada.,YES,B_B_NORMALIZATION_V1,,,,V7_TEMPORAL_NUMERIC
SC_006_R01.png,SC,SC_006,1,9,FEW-SHOT,X,numeric,EXHAUSTIVE,READY_EXPLICIT_LIST,0 | 50M | 100M | 150M | 200M | 250M | 300M,0 | 50000000 | 100000000 | 150000000 | 200000000 | 250000000 | 300000000,NOT_SPECIFIED,AUTO_VALIDATED_FROZEN_GATE,AUTO_VALIDATED,0|5e+07|1e+08|1.5e+08|2e+08|2.5e+08|3e+08,0 | 50000000 | 100000000 | 150000000 | 200000000 | 250000000 | 300000000,NORMALIZED_EQUIVALENT,CONFORMING,,,Conteúdo observado coincide com F após normalização congelada.,YES,B_B_NORMALIZATION_V1,,,,V7_TEMPORAL_NUMERIC
SC_006_R01.png,SC,SC_006,1,9,FEW-SHOT,Y,numeric,EXHAUSTIVE,READY_EXPLICIT_LIST,4 | 6 | 8 | 10 | 12 | 14,4 | 6 | 8 | 10 | 12 | 14,NOT_SPECIFIED,AUTO_VALIDATED_FROZEN_GATE,AUTO_VALIDATED,4|6|8|10|12|14,4 | 6 | 8 | 10 | 12 | 14,NORMALIZED_EQUIVALENT,CONFORMING,,,Conteúdo observado coincide com F após normalização congelada.,YES,B_B_NORMALIZATION_V1,,,,V7_TEMPORAL_NUMERIC
SC_006_R02.png,SC,SC_006,2,9,FEW-SHOT,X,numeric,EXHAUSTIVE,READY_EXPLICIT_LIST,0 | 50M | 100M | 150M | 200M | 250M | 300M,0 | 50000000 | 100000000 | 150000000 | 200000000 | 250000000 | 300000000,NOT_SPECIFIED,AUTO_VALIDATED_FROZEN_GATE,AUTO_VALIDATED,0|5e+07|1e+08|1.5e+08|2e+08|2.5e+08|3e+08,0 | 50000000 | 100000000 | 150000000 | 200000000 | 250000000 | 300000000,NORMALIZED_EQUIVALENT,CONFORMING,,,Conteúdo observado coincide com F após normalização congelada.,YES,B_B_NORMALIZATION_V1,,,,V7_TEMPORAL_NUMERIC
SC_006_R02.png,SC,SC_006,2,9,FEW-SHOT,Y,numeric,EXHAUSTIVE,READY_EXPLICIT_LIST,4 | 6 | 8 | 10 | 12 | 14,4 | 6 | 8 | 10 | 12 | 14,NOT_SPECIFIED,MANUAL_ADJUDICATED,MANUAL_ADJUDICATED,4 | 6 | 8 | 10 | 12 | 14,4 | 6 | 8 | 10 | 12 | 14,NORMALIZED_EQUIVALENT,CONFORMING,,,Conteúdo observado coincide com F após normalização congelada.,YES,B_B_NORMALIZATION_V1,,,,V7_TEMPORAL_NUMERIC
SC_006_R03.png,SC,SC_006,3,9,FEW-SHOT,X,numeric,EXHAUSTIVE,READY_EXPLICIT_LIST,0 | 50M | 100M | 150M | 200M | 250M | 300M,0 | 50000000 | 100000000 | 150000000 | 200000000 | 250000000 | 300000000,NOT_SPECIFIED,AUTO_VALIDATED_FROZEN_GATE,AUTO_VALIDATED,0|5e+07|1e+08|1.5e+08|2e+08|2.5e+08|3e+08,0 | 50000000 | 100000000 | 150000000 | 200000000 | 250000000 | 300000000,NORMALIZED_EQUIVALENT,CONFORMING,,,Conteúdo observado coincide com F após normalização congelada.,YES,B_B_NORMALIZATION_V1,,,,V7_TEMPORAL_NUMERIC
SC_006_R03.png,SC,SC_006,3,9,FEW-SHOT,Y,numeric,EXHAUSTIVE,READY_EXPLICIT_LIST,4 | 6 | 8 | 10 | 12 | 14,4 | 6 | 8 | 10 | 12 | 14,NOT_SPECIFIED,MANUAL_ADJUDICATED,MANUAL_ADJUDICATED,4 | 6 | 8 | 10 | 12 | 14,4 | 6 | 8 | 10 | 12 | 14,NORMALIZED_EQUIVALENT,CONFORMING,,,Conteúdo observado coincide com F após normalização congelada.,YES,B_B_NORMALIZATION_V1,,,,V7_TEMPORAL_NUMERIC
SC_006_R04.png,SC,SC_006,4,9,FEW-SHOT,X,numeric,EXHAUSTIVE,READY_EXPLICIT_LIST,0 | 50M | 100M | 150M | 200M | 250M | 300M,0 | 50000000 | 100000000 | 150000000 | 200000000 | 250000000 | 300000000,NOT_SPECIFIED,AUTO_VALIDATED_FROZEN_GATE,AUTO_VALIDATED,0|5e+07|1e+08|1.5e+08|2e+08|2.5e+08|3e+08,0 | 50000000 | 100000000 | 150000000 | 200000000 | 250000000 | 300000000,NORMALIZED_EQUIVALENT,CONFORMING,,,Conteúdo observado coincide com F após normalização congelada.,YES,B_B_NORMALIZATION_V1,,,,V7_TEMPORAL_NUMERIC
SC_006_R04.png,SC,SC_006,4,9,FEW-SHOT,Y,numeric,EXHAUSTIVE,READY_EXPLICIT_LIST,4 | 6 | 8 | 10 | 12 | 14,4 | 6 | 8 | 10 | 12 | 14,NOT_SPECIFIED,MANUAL_ADJUDICATED,MANUAL_ADJUDICATED,4 | 6 | 8 | 10 | 12 | 14,4 | 6 | 8 | 10 | 12 | 14,NORMALIZED_EQUIVALENT,CONFORMING,,,Conteúdo observado coincide com F após normalização congelada.,YES,B_B_NORMALIZATION_V1,,,,V7_TEMPORAL_NUMERIC
SC_006_R05.png,SC,SC_006,5,9,FEW-SHOT,X,numeric,EXHAUSTIVE,READY_EXPLICIT_LIST,0 | 50M | 100M | 150M | 200M | 250M | 300M,0 | 50000000 | 100000000 | 150000000 | 200000000 | 250000000 | 300000000,NOT_SPECIFIED,AUTO_VALIDATED_FROZEN_GATE,AUTO_VALIDATED,0|5e+07|1e+08|1.5e+08|2e+08|2.5e+08|3e+08,0 | 50000000 | 100000000 | 150000000 | 200000000 | 250000000 | 300000000,NORMALIZED_EQUIVALENT,CONFORMING,,,Conteúdo observado coincide com F após normalização congelada.,YES,B_B_NORMALIZATION_V1,,,,V7_TEMPORAL_NUMERIC
SC_006_R05.png,SC,SC_006,5,9,FEW-SHOT,Y,numeric,EXHAUSTIVE,READY_EXPLICIT_LIST,4 | 6 | 8 | 10 | 12 | 14,4 | 6 | 8 | 10 | 12 | 14,NOT_SPECIFIED,MANUAL_ADJUDICATED,MANUAL_ADJUDICATED,4 | 6 | 8 | 10 | 12 | 14,4 | 6 | 8 | 10 | 12 | 14,NORMALIZED_EQUIVALENT,CONFORMING,,,Conteúdo observado coincide com F após normalização congelada.,YES,B_B_NORMALIZATION_V1,,,,V7_TEMPORAL_NUMERIC
SC_006_R06.png,SC,SC_006,6,9,FEW-SHOT,X,numeric,EXHAUSTIVE,READY_EXPLICIT_LIST,0 | 50M | 100M | 150M | 200M | 250M | 300M,0 | 50000000 | 100000000 | 150000000 | 200000000 | 250000000 | 300000000,NOT_SPECIFIED,AUTO_VALIDATED_FROZEN_GATE,AUTO_VALIDATED,0|5e+07|1e+08|1.5e+08|2e+08|2.5e+08|3e+08,0 | 50000000 | 100000000 | 150000000 | 200000000 | 250000000 | 300000000,NORMALIZED_EQUIVALENT,CONFORMING,,,Conteúdo observado coincide com F após normalização congelada.,YES,B_B_NORMALIZATION_V1,,,,V7_TEMPORAL_NUMERIC
SC_006_R06.png,SC,SC_006,6,9,FEW-SHOT,Y,numeric,EXHAUSTIVE,READY_EXPLICIT_LIST,4 | 6 | 8 | 10 | 12 | 14,4 | 6 | 8 | 10 | 12 | 14,NOT_SPECIFIED,MANUAL_ADJUDICATED,MANUAL_ADJUDICATED,4 | 6 | 8 | 10 | 12 | 14,4 | 6 | 8 | 10 | 12 | 14,NORMALIZED_EQUIVALENT,CONFORMING,,,Conteúdo observado coincide com F após normalização congelada.,YES,B_B_NORMALIZATION_V1,,,,V7_TEMPORAL_NUMERIC
SC_006_R07.png,SC,SC_006,7,9,FEW-SHOT,X,numeric,EXHAUSTIVE,READY_EXPLICIT_LIST,0 | 50M | 100M | 150M | 200M | 250M | 300M,0 | 50000000 | 100000000 | 150000000 | 200000000 | 250000000 | 300000000,NOT_SPECIFIED,AUTO_VALIDATED_FROZEN_GATE,AUTO_VALIDATED,0|5e+07|1e+08|1.5e+08|2e+08|2.5e+08|3e+08,0 | 50000000 | 100000000 | 150000000 | 200000000 | 250000000 | 300000000,NORMALIZED_EQUIVALENT,CONFORMING,,,Conteúdo observado coincide com F após normalização congelada.,YES,B_B_NORMALIZATION_V1,,,,V7_TEMPORAL_NUMERIC
SC_006_R07.png,SC,SC_006,7,9,FEW-SHOT,Y,numeric,EXHAUSTIVE,READY_EXPLICIT_LIST,4 | 6 | 8 | 10 | 12 | 14,4 | 6 | 8 | 10 | 12 | 14,NOT_SPECIFIED,MANUAL_ADJUDICATED,MANUAL_ADJUDICATED,4 | 6 | 8 | 10 | 12 | 14,4 | 6 | 8 | 10 | 12 | 14,NORMALIZED_EQUIVALENT,CONFORMING,,,Conteúdo observado coincide com F após normalização congelada.,YES,B_B_NORMALIZATION_V1,,,,V7_TEMPORAL_NUMERIC
SC_006_R08.png,SC,SC_006,8,9,FEW-SHOT,X,numeric,EXHAUSTIVE,READY_EXPLICIT_LIST,0 | 50M | 100M | 150M | 200M | 250M | 300M,0 | 50000000 | 100000000 | 150000000 | 200000000 | 250000000 | 300000000,NOT_SPECIFIED,AUTO_VALIDATED_FROZEN_GATE,AUTO_VALIDATED,0|5e+07|1e+08|1.5e+08|2e+08|2.5e+08|3e+08,0 | 50000000 | 100000000 | 150000000 | 200000000 | 250000000 | 300000000,NORMALIZED_EQUIVALENT,CONFORMING,,,Conteúdo observado coincide com F após normalização congelada.,YES,B_B_NORMALIZATION_V1,,,,V7_TEMPORAL_NUMERIC
SC_006_R08.png,SC,SC_006,8,9,FEW-SHOT,Y,numeric,EXHAUSTIVE,READY_EXPLICIT_LIST,4 | 6 | 8 | 10 | 12 | 14,4 | 6 | 8 | 10 | 12 | 14,NOT_SPECIFIED,MANUAL_ADJUDICATED,MANUAL_ADJUDICATED,4 | 6 | 8 | 10 | 12 | 14,4 | 6 | 8 | 10 | 12 | 14,NORMALIZED_EQUIVALENT,CONFORMING,,,Conteúdo observado coincide com F após normalização congelada.,YES,B_B_NORMALIZATION_V1,,,,V7_TEMPORAL_NUMERIC
SC_006_R09.png,SC,SC_006,9,9,FEW-SHOT,X,numeric,EXHAUSTIVE,READY_EXPLICIT_LIST,0 | 50M | 100M | 150M | 200M | 250M | 300M,0 | 50000000 | 100000000 | 150000000 | 200000000 | 250000000 | 300000000,NOT_SPECIFIED,AUTO_VALIDATED_FROZEN_GATE,AUTO_VALIDATED,0|5e+07|1e+08|1.5e+08|2e+08|2.5e+08|3e+08,0 | 50000000 | 100000000 | 150000000 | 200000000 | 250000000 | 300000000,NORMALIZED_EQUIVALENT,CONFORMING,,,Conteúdo observado coincide com F após normalização congelada.,YES,B_B_NORMALIZATION_V1,,,,V7_TEMPORAL_NUMERIC
SC_006_R09.png,SC,SC_006,9,9,FEW-SHOT,Y,numeric,EXHAUSTIVE,READY_EXPLICIT_LIST,4 | 6 | 8 | 10 | 12 | 14,4 | 6 | 8 | 10 | 12 | 14,NOT_SPECIFIED,MANUAL_ADJUDICATED,MANUAL_ADJUDICATED,4 | 6 | 8 | 10 | 12 | 14,4 | 6 | 8 | 10 | 12 | 14,NORMALIZED_EQUIVALENT,CONFORMING,,,Conteúdo observado coincide com F após normalização congelada.,YES,B_B_NORMALIZATION_V1,,,,V7_TEMPORAL_NUMERIC
SC_006_R10.png,SC,SC_006,10,9,FEW-SHOT,X,numeric,EXHAUSTIVE,READY_EXPLICIT_LIST,0 | 50M | 100M | 150M | 200M | 250M | 300M,0 | 50000000 | 100000000 | 150000000 | 200000000 | 250000000 | 300000000,NOT_SPECIFIED,AUTO_VALIDATED_FROZEN_GATE,AUTO_VALIDATED,0|5e+07|1e+08|1.5e+08|2e+08|2.5e+08|3e+08,0 | 50000000 | 100000000 | 150000000 | 200000000 | 250000000 | 300000000,NORMALIZED_EQUIVALENT,CONFORMING,,,Conteúdo observado coincide com F após normalização congelada.,YES,B_B_NORMALIZATION_V1,,,,V7_TEMPORAL_NUMERIC
SC_006_R10.png,SC,SC_006,10,9,FEW-SHOT,Y,numeric,EXHAUSTIVE,READY_EXPLICIT_LIST,4 | 6 | 8 | 10 | 12 | 14,4 | 6 | 8 | 10 | 12 | 14,NOT_SPECIFIED,MANUAL_ADJUDICATED,MANUAL_ADJUDICATED,4 | 6 | 8 | 10 | 12 | 14,4 | 6 | 8 | 10 | 12 | 14,NORMALIZED_EQUIVALENT,CONFORMING,,,Conteúdo observado coincide com F após normalização congelada.,YES,B_B_NORMALIZATION_V1,,,,V7_TEMPORAL_NUMERIC
SC_010_R01.png,SC,SC_010,1,13,FEW-SHOT,X,numeric,EXHAUSTIVE,READY_ADJUDICATED_DEDUPLICATED_SEQUENCE,0 | 50M | 100M | 150M | 200M | 250M | 300M,0 | 50000000 | 100000000 | 150000000 | 200000000 | 250000000 | 300000000,NOT_SPECIFIED,AUTO_VALIDATED_FROZEN_GATE,AUTO_VALIDATED,0|5e+07|1e+08|1.5e+08|2e+08|2.5e+08|3e+08,0 | 50000000 | 100000000 | 150000000 | 200000000 | 250000000 | 300000000,NORMALIZED_EQUIVALENT,CONFORMING,,,Conteúdo observado coincide com F após normalização congelada.,YES,B_B_NORMALIZATION_V1,,,,V7_TEMPORAL_NUMERIC
SC_010_R02.png,SC,SC_010,2,13,FEW-SHOT,X,numeric,EXHAUSTIVE,READY_ADJUDICATED_DEDUPLICATED_SEQUENCE,0 | 50M | 100M | 150M | 200M | 250M | 300M,0 | 50000000 | 100000000 | 150000000 | 200000000 | 250000000 | 300000000,NOT_SPECIFIED,AUTO_VALIDATED_FROZEN_GATE,AUTO_VALIDATED,0|5e+07|1e+08|1.5e+08|2e+08|2.5e+08|3e+08,0 | 50000000 | 100000000 | 150000000 | 200000000 | 250000000 | 300000000,NORMALIZED_EQUIVALENT,CONFORMING,,,Conteúdo observado coincide com F após normalização congelada.,YES,B_B_NORMALIZATION_V1,,,,V7_TEMPORAL_NUMERIC
SC_010_R03.png,SC,SC_010,3,13,FEW-SHOT,X,numeric,EXHAUSTIVE,READY_ADJUDICATED_DEDUPLICATED_SEQUENCE,0 | 50M | 100M | 150M | 200M | 250M | 300M,0 | 50000000 | 100000000 | 150000000 | 200000000 | 250000000 | 300000000,NOT_SPECIFIED,AUTO_VALIDATED_FROZEN_GATE,AUTO_VALIDATED,0|5e+07|1e+08|1.5e+08|2e+08|2.5e+08|3e+08,0 | 50000000 | 100000000 | 150000000 | 200000000 | 250000000 | 300000000,NORMALIZED_EQUIVALENT,CONFORMING,,,Conteúdo observado coincide com F após normalização congelada.,YES,B_B_NORMALIZATION_V1,,,,V7_TEMPORAL_NUMERIC
SC_010_R04.png,SC,SC_010,4,13,FEW-SHOT,X,numeric,EXHAUSTIVE,READY_ADJUDICATED_DEDUPLICATED_SEQUENCE,0 | 50M | 100M | 150M | 200M | 250M | 300M,0 | 50000000 | 100000000 | 150000000 | 200000000 | 250000000 | 300000000,NOT_SPECIFIED,AUTO_VALIDATED_FROZEN_GATE,AUTO_VALIDATED,0|5e+07|1e+08|1.5e+08|2e+08|2.5e+08|3e+08,0 | 50000000 | 100000000 | 150000000 | 200000000 | 250000000 | 300000000,NORMALIZED_EQUIVALENT,CONFORMING,,,Conteúdo observado coincide com F após normalização congelada.,YES,B_B_NORMALIZATION_V1,,,,V7_TEMPORAL_NUMERIC
SC_010_R05.png,SC,SC_010,5,13,FEW-SHOT,X,numeric,EXHAUSTIVE,READY_ADJUDICATED_DEDUPLICATED_SEQUENCE,0 | 50M | 100M | 150M | 200M | 250M | 300M,0 | 50000000 | 100000000 | 150000000 | 200000000 | 250000000 | 300000000,NOT_SPECIFIED,AUTO_VALIDATED_FROZEN_GATE,AUTO_VALIDATED,0|5e+07|1e+08|1.5e+08|2e+08|2.5e+08|3e+08,0 | 50000000 | 100000000 | 150000000 | 200000000 | 250000000 | 300000000,NORMALIZED_EQUIVALENT,CONFORMING,,,Conteúdo observado coincide com F após normalização congelada.,YES,B_B_NORMALIZATION_V1,,,,V7_TEMPORAL_NUMERIC
SC_010_R06.png,SC,SC_010,6,13,FEW-SHOT,X,numeric,EXHAUSTIVE,READY_ADJUDICATED_DEDUPLICATED_SEQUENCE,0 | 50M | 100M | 150M | 200M | 250M | 300M,0 | 50000000 | 100000000 | 150000000 | 200000000 | 250000000 | 300000000,NOT_SPECIFIED,AUTO_VALIDATED_FROZEN_GATE,AUTO_VALIDATED,0|5e+07|1e+08|1.5e+08|2e+08|2.5e+08|3e+08,0 | 50000000 | 100000000 | 150000000 | 200000000 | 250000000 | 300000000,NORMALIZED_EQUIVALENT,CONFORMING,,,Conteúdo observado coincide com F após normalização congelada.,YES,B_B_NORMALIZATION_V1,,,,V7_TEMPORAL_NUMERIC
SC_010_R07.png,SC,SC_010,7,13,FEW-SHOT,X,numeric,EXHAUSTIVE,READY_ADJUDICATED_DEDUPLICATED_SEQUENCE,0 | 50M | 100M | 150M | 200M | 250M | 300M,0 | 50000000 | 100000000 | 150000000 | 200000000 | 250000000 | 300000000,NOT_SPECIFIED,AUTO_VALIDATED_FROZEN_GATE,AUTO_VALIDATED,0|5e+07|1e+08|1.5e+08|2e+08|2.5e+08|3e+08,0 | 50000000 | 100000000 | 150000000 | 200000000 | 250000000 | 300000000,NORMALIZED_EQUIVALENT,CONFORMING,,,Conteúdo observado coincide com F após normalização congelada.,YES,B_B_NORMALIZATION_V1,,,,V7_TEMPORAL_NUMERIC
SC_010_R08.png,SC,SC_010,8,13,FEW-SHOT,X,numeric,EXHAUSTIVE,READY_ADJUDICATED_DEDUPLICATED_SEQUENCE,0 | 50M | 100M | 150M | 200M | 250M | 300M,0 | 50000000 | 100000000 | 150000000 | 200000000 | 250000000 | 300000000,NOT_SPECIFIED,AUTO_VALIDATED_FROZEN_GATE,AUTO_VALIDATED,0|5e+07|1e+08|1.5e+08|2e+08|2.5e+08|3e+08,0 | 50000000 | 100000000 | 150000000 | 200000000 | 250000000 | 300000000,NORMALIZED_EQUIVALENT,CONFORMING,,,Conteúdo observado coincide com F após normalização congelada.,YES,B_B_NORMALIZATION_V1,,,,V7_TEMPORAL_NUMERIC
SC_010_R09.png,SC,SC_010,9,13,FEW-SHOT,X,numeric,EXHAUSTIVE,READY_ADJUDICATED_DEDUPLICATED_SEQUENCE,0 | 50M | 100M | 150M | 200M | 250M | 300M,0 | 50000000 | 100000000 | 150000000 | 200000000 | 250000000 | 300000000,NOT_SPECIFIED,AUTO_VALIDATED_FROZEN_GATE,AUTO_VALIDATED,0|5e+07|1e+08|1.5e+08|2e+08|2.5e+08|3e+08,0 | 50000000 | 100000000 | 150000000 | 200000000 | 250000000 | 300000000,NORMALIZED_EQUIVALENT,CONFORMING,,,Conteúdo observado coincide com F após normalização congelada.,YES,B_B_NORMALIZATION_V1,,,,V7_TEMPORAL_NUMERIC
SC_010_R10.png,SC,SC_010,10,13,FEW-SHOT,X,numeric,EXHAUSTIVE,READY_ADJUDICATED_DEDUPLICATED_SEQUENCE,0 | 50M | 100M | 150M | 200M | 250M | 300M,0 | 50000000 | 100000000 | 150000000 | 200000000 | 250000000 | 300000000,NOT_SPECIFIED,AUTO_VALIDATED_FROZEN_GATE,AUTO_VALIDATED,0|5e+07|1e+08|1.5e+08|2e+08|2.5e+08|3e+08,0 | 50000000 | 100000000 | 150000000 | 200000000 | 250000000 | 300000000,NORMALIZED_EQUIVALENT,CONFORMING,,,Conteúdo observado coincide com F após normalização congelada.,YES,B_B_NORMALIZATION_V1,,,,V7_TEMPORAL_NUMERIC
SC_019_R01.png,SC,SC_019,1,9,HIBRIDO,X,numeric,EXHAUSTIVE,READY_EXPLICIT_LIST,0 | 50M | 100M | 150M | 200M | 250M | 300M,0 | 50000000 | 100000000 | 150000000 | 200000000 | 250000000 | 300000000,NOT_SPECIFIED,MANUAL_ADJUDICATED,MANUAL_ADJUDICATED,0 | 1 | 2 | 3 | 4 | 5 | 6,0 | 1 | 2 | 3 | 4 | 5 | 6,NONCONFORMING_VALUE,NONCONFORMING,50000000 | 100000000 | 150000000 | 200000000 | 250000000 | 300000000,1 | 2 | 3 | 4 | 5 | 6,Conteúdo observado difere da lista exaustiva de F.,YES,B_B_NORMALIZATION_V1,,,,V7_TEMPORAL_NUMERIC
SC_019_R01.png,SC,SC_019,1,9,HIBRIDO,Y,numeric,EXHAUSTIVE,READY_EXPLICIT_LIST,4 | 6 | 8 | 10 | 12 | 14,4 | 6 | 8 | 10 | 12 | 14,NOT_SPECIFIED,MANUAL_ADJUDICATED,MANUAL_ADJUDICATED,4 | 6 | 8 | 10 | 12 | 14,4 | 6 | 8 | 10 | 12 | 14,NORMALIZED_EQUIVALENT,CONFORMING,,,Conteúdo observado coincide com F após normalização congelada.,YES,B_B_NORMALIZATION_V1,,,,V7_TEMPORAL_NUMERIC
SC_019_R02.png,SC,SC_019,2,9,HIBRIDO,X,numeric,EXHAUSTIVE,READY_EXPLICIT_LIST,0 | 50M | 100M | 150M | 200M | 250M | 300M,0 | 50000000 | 100000000 | 150000000 | 200000000 | 250000000 | 300000000,NOT_SPECIFIED,AUTO_VALIDATED_FROZEN_GATE,AUTO_VALIDATED,0|5e+07|1e+08|1.5e+08|2e+08|2.5e+08|3e+08,0 | 50000000 | 100000000 | 150000000 | 200000000 | 250000000 | 300000000,NORMALIZED_EQUIVALENT,CONFORMING,,,Conteúdo observado coincide com F após normalização congelada.,YES,B_B_NORMALIZATION_V1,,,,V7_TEMPORAL_NUMERIC
SC_019_R02.png,SC,SC_019,2,9,HIBRIDO,Y,numeric,EXHAUSTIVE,READY_EXPLICIT_LIST,4 | 6 | 8 | 10 | 12 | 14,4 | 6 | 8 | 10 | 12 | 14,NOT_SPECIFIED,AUTO_VALIDATED_FROZEN_GATE,AUTO_VALIDATED,4|6|8|10|12|14,4 | 6 | 8 | 10 | 12 | 14,NORMALIZED_EQUIVALENT,CONFORMING,,,Conteúdo observado coincide com F após normalização congelada.,YES,B_B_NORMALIZATION_V1,,,,V7_TEMPORAL_NUMERIC
SC_019_R03.png,SC,SC_019,3,9,HIBRIDO,X,numeric,EXHAUSTIVE,READY_EXPLICIT_LIST,0 | 50M | 100M | 150M | 200M | 250M | 300M,0 | 50000000 | 100000000 | 150000000 | 200000000 | 250000000 | 300000000,NOT_SPECIFIED,AUTO_VALIDATED_FROZEN_GATE,AUTO_VALIDATED,0|5e+07|1e+08|1.5e+08|2e+08|2.5e+08|3e+08,0 | 50000000 | 100000000 | 150000000 | 200000000 | 250000000 | 300000000,NORMALIZED_EQUIVALENT,CONFORMING,,,Conteúdo observado coincide com F após normalização congelada.,YES,B_B_NORMALIZATION_V1,,,,V7_TEMPORAL_NUMERIC
SC_019_R03.png,SC,SC_019,3,9,HIBRIDO,Y,numeric,EXHAUSTIVE,READY_EXPLICIT_LIST,4 | 6 | 8 | 10 | 12 | 14,4 | 6 | 8 | 10 | 12 | 14,NOT_SPECIFIED,AUTO_VALIDATED_FROZEN_GATE,AUTO_VALIDATED,4|6|8|10|12|14,4 | 6 | 8 | 10 | 12 | 14,NORMALIZED_EQUIVALENT,CONFORMING,,,Conteúdo observado coincide com F após normalização congelada.,YES,B_B_NORMALIZATION_V1,,,,V7_TEMPORAL_NUMERIC
SC_019_R04.png,SC,SC_019,4,9,HIBRIDO,X,numeric,EXHAUSTIVE,READY_EXPLICIT_LIST,0 | 50M | 100M | 150M | 200M | 250M | 300M,0 | 50000000 | 100000000 | 150000000 | 200000000 | 250000000 | 300000000,NOT_SPECIFIED,AUTO_VALIDATED_FROZEN_GATE,AUTO_VALIDATED,0|5e+07|1e+08|1.5e+08|2e+08|2.5e+08|3e+08,0 | 50000000 | 100000000 | 150000000 | 200000000 | 250000000 | 300000000,NORMALIZED_EQUIVALENT,CONFORMING,,,Conteúdo observado coincide com F após normalização congelada.,YES,B_B_NORMALIZATION_V1,,,,V7_TEMPORAL_NUMERIC
SC_019_R04.png,SC,SC_019,4,9,HIBRIDO,Y,numeric,EXHAUSTIVE,READY_EXPLICIT_LIST,4 | 6 | 8 | 10 | 12 | 14,4 | 6 | 8 | 10 | 12 | 14,NOT_SPECIFIED,AUTO_VALIDATED_FROZEN_GATE,AUTO_VALIDATED,4|6|8|10|12|14,4 | 6 | 8 | 10 | 12 | 14,NORMALIZED_EQUIVALENT,CONFORMING,,,Conteúdo observado coincide com F após normalização congelada.,YES,B_B_NORMALIZATION_V1,,,,V7_TEMPORAL_NUMERIC
SC_019_R05.png,SC,SC_019,5,9,HIBRIDO,X,numeric,EXHAUSTIVE,READY_EXPLICIT_LIST,0 | 50M | 100M | 150M | 200M | 250M | 300M,0 | 50000000 | 100000000 | 150000000 | 200000000 | 250000000 | 300000000,NOT_SPECIFIED,AUTO_VALIDATED_FROZEN_GATE,AUTO_VALIDATED,0|5e+07|1e+08|1.5e+08|2e+08|2.5e+08|3e+08,0 | 50000000 | 100000000 | 150000000 | 200000000 | 250000000 | 300000000,NORMALIZED_EQUIVALENT,CONFORMING,,,Conteúdo observado coincide com F após normalização congelada.,YES,B_B_NORMALIZATION_V1,,,,V7_TEMPORAL_NUMERIC
SC_019_R05.png,SC,SC_019,5,9,HIBRIDO,Y,numeric,EXHAUSTIVE,READY_EXPLICIT_LIST,4 | 6 | 8 | 10 | 12 | 14,4 | 6 | 8 | 10 | 12 | 14,NOT_SPECIFIED,AUTO_VALIDATED_FROZEN_GATE,AUTO_VALIDATED,4|6|8|10|12|14,4 | 6 | 8 | 10 | 12 | 14,NORMALIZED_EQUIVALENT,CONFORMING,,,Conteúdo observado coincide com F após normalização congelada.,YES,B_B_NORMALIZATION_V1,,,,V7_TEMPORAL_NUMERIC
SC_019_R06.png,SC,SC_019,6,9,HIBRIDO,X,numeric,EXHAUSTIVE,READY_EXPLICIT_LIST,0 | 50M | 100M | 150M | 200M | 250M | 300M,0 | 50000000 | 100000000 | 150000000 | 200000000 | 250000000 | 300000000,NOT_SPECIFIED,AUTO_VALIDATED_FROZEN_GATE,AUTO_VALIDATED,0|5e+07|1e+08|1.5e+08|2e+08|2.5e+08|3e+08,0 | 50000000 | 100000000 | 150000000 | 200000000 | 250000000 | 300000000,NORMALIZED_EQUIVALENT,CONFORMING,,,Conteúdo observado coincide com F após normalização congelada.,YES,B_B_NORMALIZATION_V1,,,,V7_TEMPORAL_NUMERIC
SC_019_R06.png,SC,SC_019,6,9,HIBRIDO,Y,numeric,EXHAUSTIVE,READY_EXPLICIT_LIST,4 | 6 | 8 | 10 | 12 | 14,4 | 6 | 8 | 10 | 12 | 14,NOT_SPECIFIED,AUTO_VALIDATED_FROZEN_GATE,AUTO_VALIDATED,4|6|8|10|12|14,4 | 6 | 8 | 10 | 12 | 14,NORMALIZED_EQUIVALENT,CONFORMING,,,Conteúdo observado coincide com F após normalização congelada.,YES,B_B_NORMALIZATION_V1,,,,V7_TEMPORAL_NUMERIC
SC_019_R07.png,SC,SC_019,7,9,HIBRIDO,X,numeric,EXHAUSTIVE,READY_EXPLICIT_LIST,0 | 50M | 100M | 150M | 200M | 250M | 300M,0 | 50000000 | 100000000 | 150000000 | 200000000 | 250000000 | 300000000,NOT_SPECIFIED,AUTO_VALIDATED_FROZEN_GATE,AUTO_VALIDATED,0|5e+07|1e+08|1.5e+08|2e+08|2.5e+08|3e+08,0 | 50000000 | 100000000 | 150000000 | 200000000 | 250000000 | 300000000,NORMALIZED_EQUIVALENT,CONFORMING,,,Conteúdo observado coincide com F após normalização congelada.,YES,B_B_NORMALIZATION_V1,,,,V7_TEMPORAL_NUMERIC
SC_019_R07.png,SC,SC_019,7,9,HIBRIDO,Y,numeric,EXHAUSTIVE,READY_EXPLICIT_LIST,4 | 6 | 8 | 10 | 12 | 14,4 | 6 | 8 | 10 | 12 | 14,NOT_SPECIFIED,AUTO_VALIDATED_FROZEN_GATE,AUTO_VALIDATED,4|6|8|10|12|14,4 | 6 | 8 | 10 | 12 | 14,NORMALIZED_EQUIVALENT,CONFORMING,,,Conteúdo observado coincide com F após normalização congelada.,YES,B_B_NORMALIZATION_V1,,,,V7_TEMPORAL_NUMERIC
SC_019_R08.png,SC,SC_019,8,9,HIBRIDO,X,numeric,EXHAUSTIVE,READY_EXPLICIT_LIST,0 | 50M | 100M | 150M | 200M | 250M | 300M,0 | 50000000 | 100000000 | 150000000 | 200000000 | 250000000 | 300000000,NOT_SPECIFIED,AUTO_VALIDATED_FROZEN_GATE,AUTO_VALIDATED,0|5e+07|1e+08|1.5e+08|2e+08|2.5e+08|3e+08,0 | 50000000 | 100000000 | 150000000 | 200000000 | 250000000 | 300000000,NORMALIZED_EQUIVALENT,CONFORMING,,,Conteúdo observado coincide com F após normalização congelada.,YES,B_B_NORMALIZATION_V1,,,,V7_TEMPORAL_NUMERIC
SC_019_R08.png,SC,SC_019,8,9,HIBRIDO,Y,numeric,EXHAUSTIVE,READY_EXPLICIT_LIST,4 | 6 | 8 | 10 | 12 | 14,4 | 6 | 8 | 10 | 12 | 14,NOT_SPECIFIED,AUTO_VALIDATED_FROZEN_GATE,AUTO_VALIDATED,4|6|8|10|12|14,4 | 6 | 8 | 10 | 12 | 14,NORMALIZED_EQUIVALENT,CONFORMING,,,Conteúdo observado coincide com F após normalização congelada.,YES,B_B_NORMALIZATION_V1,,,,V7_TEMPORAL_NUMERIC
SC_019_R09.png,SC,SC_019,9,9,HIBRIDO,X,numeric,EXHAUSTIVE,READY_EXPLICIT_LIST,0 | 50M | 100M | 150M | 200M | 250M | 300M,0 | 50000000 | 100000000 | 150000000 | 200000000 | 250000000 | 300000000,NOT_SPECIFIED,AUTO_VALIDATED_FROZEN_GATE,AUTO_VALIDATED,0|5e+07|1e+08|1.5e+08|2e+08|2.5e+08|3e+08,0 | 50000000 | 100000000 | 150000000 | 200000000 | 250000000 | 300000000,NORMALIZED_EQUIVALENT,CONFORMING,,,Conteúdo observado coincide com F após normalização congelada.,YES,B_B_NORMALIZATION_V1,,,,V7_TEMPORAL_NUMERIC
SC_019_R09.png,SC,SC_019,9,9,HIBRIDO,Y,numeric,EXHAUSTIVE,READY_EXPLICIT_LIST,4 | 6 | 8 | 10 | 12 | 14,4 | 6 | 8 | 10 | 12 | 14,NOT_SPECIFIED,AUTO_VALIDATED_FROZEN_GATE,AUTO_VALIDATED,4|6|8|10|12|14,4 | 6 | 8 | 10 | 12 | 14,NORMALIZED_EQUIVALENT,CONFORMING,,,Conteúdo observado coincide com F após normalização congelada.,YES,B_B_NORMALIZATION_V1,,,,V7_TEMPORAL_NUMERIC
SC_019_R10.png,SC,SC_019,10,9,HIBRIDO,X,numeric,EXHAUSTIVE,READY_EXPLICIT_LIST,0 | 50M | 100M | 150M | 200M | 250M | 300M,0 | 50000000 | 100000000 | 150000000 | 200000000 | 250000000 | 300000000,NOT_SPECIFIED,AUTO_VALIDATED_FROZEN_GATE,AUTO_VALIDATED,0|5e+07|1e+08|1.5e+08|2e+08|2.5e+08|3e+08,0 | 50000000 | 100000000 | 150000000 | 200000000 | 250000000 | 300000000,NORMALIZED_EQUIVALENT,CONFORMING,,,Conteúdo observado coincide com F após normalização congelada.,YES,B_B_NORMALIZATION_V1,,,,V7_TEMPORAL_NUMERIC
SC_019_R10.png,SC,SC_019,10,9,HIBRIDO,Y,numeric,EXHAUSTIVE,READY_EXPLICIT_LIST,4 | 6 | 8 | 10 | 12 | 14,4 | 6 | 8 | 10 | 12 | 14,NOT_SPECIFIED,AUTO_VALIDATED_FROZEN_GATE,AUTO_VALIDATED,4|6|8|10|12|14,4 | 6 | 8 | 10 | 12 | 14,NORMALIZED_EQUIVALENT,CONFORMING,,,Conteúdo observado coincide com F após normalização congelada.,YES,B_B_NORMALIZATION_V1,,,,V7_TEMPORAL_NUMERIC
SC_023_R01.png,SC,SC_023,1,13,HIBRIDO,X,numeric,EXHAUSTIVE,READY_ADJUDICATED_DEDUPLICATED_SEQUENCE,0 | 50M | 100M | 150M | 200M | 250M | 300M,0 | 50000000 | 100000000 | 150000000 | 200000000 | 250000000 | 300000000,NOT_SPECIFIED,AUTO_VALIDATED_FROZEN_GATE,AUTO_VALIDATED,0|5e+07|1e+08|1.5e+08|2e+08|2.5e+08|3e+08,0 | 50000000 | 100000000 | 150000000 | 200000000 | 250000000 | 300000000,NORMALIZED_EQUIVALENT,CONFORMING,,,Conteúdo observado coincide com F após normalização congelada.,YES,B_B_NORMALIZATION_V1,,,,V7_TEMPORAL_NUMERIC
SC_023_R02.png,SC,SC_023,2,13,HIBRIDO,X,numeric,EXHAUSTIVE,READY_ADJUDICATED_DEDUPLICATED_SEQUENCE,0 | 50M | 100M | 150M | 200M | 250M | 300M,0 | 50000000 | 100000000 | 150000000 | 200000000 | 250000000 | 300000000,NOT_SPECIFIED,AUTO_VALIDATED_FROZEN_GATE,AUTO_VALIDATED,0|5e+07|1e+08|1.5e+08|2e+08|2.5e+08|3e+08,0 | 50000000 | 100000000 | 150000000 | 200000000 | 250000000 | 300000000,NORMALIZED_EQUIVALENT,CONFORMING,,,Conteúdo observado coincide com F após normalização congelada.,YES,B_B_NORMALIZATION_V1,,,,V7_TEMPORAL_NUMERIC
SC_023_R03.png,SC,SC_023,3,13,HIBRIDO,X,numeric,EXHAUSTIVE,READY_ADJUDICATED_DEDUPLICATED_SEQUENCE,0 | 50M | 100M | 150M | 200M | 250M | 300M,0 | 50000000 | 100000000 | 150000000 | 200000000 | 250000000 | 300000000,NOT_SPECIFIED,AUTO_VALIDATED_FROZEN_GATE,AUTO_VALIDATED,0|5e+07|1e+08|1.5e+08|2e+08|2.5e+08|3e+08,0 | 50000000 | 100000000 | 150000000 | 200000000 | 250000000 | 300000000,NORMALIZED_EQUIVALENT,CONFORMING,,,Conteúdo observado coincide com F após normalização congelada.,YES,B_B_NORMALIZATION_V1,,,,V7_TEMPORAL_NUMERIC
SC_023_R04.png,SC,SC_023,4,13,HIBRIDO,X,numeric,EXHAUSTIVE,READY_ADJUDICATED_DEDUPLICATED_SEQUENCE,0 | 50M | 100M | 150M | 200M | 250M | 300M,0 | 50000000 | 100000000 | 150000000 | 200000000 | 250000000 | 300000000,NOT_SPECIFIED,AUTO_VALIDATED_FROZEN_GATE,AUTO_VALIDATED,0|5e+07|1e+08|1.5e+08|2e+08|2.5e+08|3e+08,0 | 50000000 | 100000000 | 150000000 | 200000000 | 250000000 | 300000000,NORMALIZED_EQUIVALENT,CONFORMING,,,Conteúdo observado coincide com F após normalização congelada.,YES,B_B_NORMALIZATION_V1,,,,V7_TEMPORAL_NUMERIC
SC_023_R05.png,SC,SC_023,5,13,HIBRIDO,X,numeric,EXHAUSTIVE,READY_ADJUDICATED_DEDUPLICATED_SEQUENCE,0 | 50M | 100M | 150M | 200M | 250M | 300M,0 | 50000000 | 100000000 | 150000000 | 200000000 | 250000000 | 300000000,NOT_SPECIFIED,AUTO_VALIDATED_FROZEN_GATE,AUTO_VALIDATED,0|5e+07|1e+08|1.5e+08|2e+08|2.5e+08|3e+08,0 | 50000000 | 100000000 | 150000000 | 200000000 | 250000000 | 300000000,NORMALIZED_EQUIVALENT,CONFORMING,,,Conteúdo observado coincide com F após normalização congelada.,YES,B_B_NORMALIZATION_V1,,,,V7_TEMPORAL_NUMERIC
SC_023_R06.png,SC,SC_023,6,13,HIBRIDO,X,numeric,EXHAUSTIVE,READY_ADJUDICATED_DEDUPLICATED_SEQUENCE,0 | 50M | 100M | 150M | 200M | 250M | 300M,0 | 50000000 | 100000000 | 150000000 | 200000000 | 250000000 | 300000000,NOT_SPECIFIED,AUTO_VALIDATED_FROZEN_GATE,AUTO_VALIDATED,0|5e+07|1e+08|1.5e+08|2e+08|2.5e+08|3e+08,0 | 50000000 | 100000000 | 150000000 | 200000000 | 250000000 | 300000000,NORMALIZED_EQUIVALENT,CONFORMING,,,Conteúdo observado coincide com F após normalização congelada.,YES,B_B_NORMALIZATION_V1,,,,V7_TEMPORAL_NUMERIC
SC_023_R07.png,SC,SC_023,7,13,HIBRIDO,X,numeric,EXHAUSTIVE,READY_ADJUDICATED_DEDUPLICATED_SEQUENCE,0 | 50M | 100M | 150M | 200M | 250M | 300M,0 | 50000000 | 100000000 | 150000000 | 200000000 | 250000000 | 300000000,NOT_SPECIFIED,AUTO_VALIDATED_FROZEN_GATE,AUTO_VALIDATED,0|5e+07|1e+08|1.5e+08|2e+08|2.5e+08|3e+08,0 | 50000000 | 100000000 | 150000000 | 200000000 | 250000000 | 300000000,NORMALIZED_EQUIVALENT,CONFORMING,,,Conteúdo observado coincide com F após normalização congelada.,YES,B_B_NORMALIZATION_V1,,,,V7_TEMPORAL_NUMERIC
SC_023_R08.png,SC,SC_023,8,13,HIBRIDO,X,numeric,EXHAUSTIVE,READY_ADJUDICATED_DEDUPLICATED_SEQUENCE,0 | 50M | 100M | 150M | 200M | 250M | 300M,0 | 50000000 | 100000000 | 150000000 | 200000000 | 250000000 | 300000000,NOT_SPECIFIED,AUTO_VALIDATED_FROZEN_GATE,AUTO_VALIDATED,0|5e+07|1e+08|1.5e+08|2e+08|2.5e+08|3e+08,0 | 50000000 | 100000000 | 150000000 | 200000000 | 250000000 | 300000000,NORMALIZED_EQUIVALENT,CONFORMING,,,Conteúdo observado coincide com F após normalização congelada.,YES,B_B_NORMALIZATION_V1,,,,V7_TEMPORAL_NUMERIC
SC_023_R09.png,SC,SC_023,9,13,HIBRIDO,X,numeric,EXHAUSTIVE,READY_ADJUDICATED_DEDUPLICATED_SEQUENCE,0 | 50M | 100M | 150M | 200M | 250M | 300M,0 | 50000000 | 100000000 | 150000000 | 200000000 | 250000000 | 300000000,NOT_SPECIFIED,AUTO_VALIDATED_FROZEN_GATE,AUTO_VALIDATED,0|5e+07|1e+08|1.5e+08|2e+08|2.5e+08|3e+08,0 | 50000000 | 100000000 | 150000000 | 200000000 | 250000000 | 300000000,NORMALIZED_EQUIVALENT,CONFORMING,,,Conteúdo observado coincide com F após normalização congelada.,YES,B_B_NORMALIZATION_V1,,,,V7_TEMPORAL_NUMERIC
SC_023_R10.png,SC,SC_023,10,13,HIBRIDO,X,numeric,EXHAUSTIVE,READY_ADJUDICATED_DEDUPLICATED_SEQUENCE,0 | 50M | 100M | 150M | 200M | 250M | 300M,0 | 50000000 | 100000000 | 150000000 | 200000000 | 250000000 | 300000000,NOT_SPECIFIED,AUTO_VALIDATED_FROZEN_GATE,AUTO_VALIDATED,0|5e+07|1e+08|1.5e+08|2e+08|2.5e+08|3e+08,0 | 50000000 | 100000000 | 150000000 | 200000000 | 250000000 | 300000000,NORMALIZED_EQUIVALENT,CONFORMING,,,Conteúdo observado coincide com F após normalização congelada.,YES,B_B_NORMALIZATION_V1,,,,V7_TEMPORAL_NUMERIC
SC_032_R01.png,SC,SC_032,1,9,VQL,X,numeric,EXHAUSTIVE,READY_EXPLICIT_LIST,0 | 50M | 100M | 150M | 200M | 250M | 300M,0 | 50000000 | 100000000 | 150000000 | 200000000 | 250000000 | 300000000,NOT_SPECIFIED,MANUAL_ADJUDICATED,MANUAL_ADJUDICATED,0.0 | 0.5 | 1.0 | 1.5 | 2.0 |2.5 | 3.0,0 | 0.5 | 1 | 1.5 | 2 | 2.5 | 3,NONCONFORMING_VALUE,NONCONFORMING,50000000 | 100000000 | 150000000 | 200000000 | 250000000 | 300000000,0.5 | 1 | 1.5 | 2 | 2.5 | 3,Conteúdo observado difere da lista exaustiva de F.,YES,B_B_NORMALIZATION_V1,,,,V7_TEMPORAL_NUMERIC
SC_032_R01.png,SC,SC_032,1,9,VQL,Y,numeric,EXHAUSTIVE,READY_EXPLICIT_LIST,4 | 6 | 8 | 10 | 12 | 14,4 | 6 | 8 | 10 | 12 | 14,NOT_SPECIFIED,AUTO_VALIDATED_FROZEN_GATE,AUTO_VALIDATED,4|6|8|10|12|14,4 | 6 | 8 | 10 | 12 | 14,NORMALIZED_EQUIVALENT,CONFORMING,,,Conteúdo observado coincide com F após normalização congelada.,YES,B_B_NORMALIZATION_V1,,,,V7_TEMPORAL_NUMERIC
SC_032_R02.png,SC,SC_032,2,9,VQL,X,numeric,EXHAUSTIVE,READY_EXPLICIT_LIST,0 | 50M | 100M | 150M | 200M | 250M | 300M,0 | 50000000 | 100000000 | 150000000 | 200000000 | 250000000 | 300000000,NOT_SPECIFIED,AUTO_VALIDATED_FROZEN_GATE,AUTO_VALIDATED,0|5e+07|1e+08|1.5e+08|2e+08|2.5e+08|3e+08,0 | 50000000 | 100000000 | 150000000 | 200000000 | 250000000 | 300000000,NORMALIZED_EQUIVALENT,CONFORMING,,,Conteúdo observado coincide com F após normalização congelada.,YES,B_B_NORMALIZATION_V1,,,,V7_TEMPORAL_NUMERIC
SC_032_R02.png,SC,SC_032,2,9,VQL,Y,numeric,EXHAUSTIVE,READY_EXPLICIT_LIST,4 | 6 | 8 | 10 | 12 | 14,4 | 6 | 8 | 10 | 12 | 14,NOT_SPECIFIED,MANUAL_AUDIT_AUTO_NONCONFORMING,MANUAL_ADJUDICATED,4 | 6 | 8 | 10 | 12 | 14,4 | 6 | 8 | 10 | 12 | 14,NORMALIZED_EQUIVALENT,CONFORMING,,,Resultado atualizado após auditoria manual cega de B-A.,YES,B_B_NORMALIZATION_V1,,,,V7_TEMPORAL_NUMERIC
SC_032_R03.png,SC,SC_032,3,9,VQL,X,numeric,EXHAUSTIVE,READY_EXPLICIT_LIST,0 | 50M | 100M | 150M | 200M | 250M | 300M,0 | 50000000 | 100000000 | 150000000 | 200000000 | 250000000 | 300000000,NOT_SPECIFIED,AUTO_VALIDATED_FROZEN_GATE,AUTO_VALIDATED,0|5e+07|1e+08|1.5e+08|2e+08|2.5e+08|3e+08,0 | 50000000 | 100000000 | 150000000 | 200000000 | 250000000 | 300000000,NORMALIZED_EQUIVALENT,CONFORMING,,,Conteúdo observado coincide com F após normalização congelada.,YES,B_B_NORMALIZATION_V1,,,,V7_TEMPORAL_NUMERIC
SC_032_R03.png,SC,SC_032,3,9,VQL,Y,numeric,EXHAUSTIVE,READY_EXPLICIT_LIST,4 | 6 | 8 | 10 | 12 | 14,4 | 6 | 8 | 10 | 12 | 14,NOT_SPECIFIED,MANUAL_AUDIT_AUTO_NONCONFORMING,MANUAL_ADJUDICATED,4 | 6 | 8 | 10 | 12 | 14,4 | 6 | 8 | 10 | 12 | 14,NORMALIZED_EQUIVALENT,CONFORMING,,,Resultado atualizado após auditoria manual cega de B-A.,YES,B_B_NORMALIZATION_V1,,,,V7_TEMPORAL_NUMERIC
SC_032_R04.png,SC,SC_032,4,9,VQL,X,numeric,EXHAUSTIVE,READY_EXPLICIT_LIST,0 | 50M | 100M | 150M | 200M | 250M | 300M,0 | 50000000 | 100000000 | 150000000 | 200000000 | 250000000 | 300000000,NOT_SPECIFIED,AUTO_VALIDATED_FROZEN_GATE,AUTO_VALIDATED,0|5e+07|1e+08|1.5e+08|2e+08|2.5e+08|3e+08,0 | 50000000 | 100000000 | 150000000 | 200000000 | 250000000 | 300000000,NORMALIZED_EQUIVALENT,CONFORMING,,,Conteúdo observado coincide com F após normalização congelada.,YES,B_B_NORMALIZATION_V1,,,,V7_TEMPORAL_NUMERIC
SC_032_R04.png,SC,SC_032,4,9,VQL,Y,numeric,EXHAUSTIVE,READY_EXPLICIT_LIST,4 | 6 | 8 | 10 | 12 | 14,4 | 6 | 8 | 10 | 12 | 14,NOT_SPECIFIED,MANUAL_AUDIT_AUTO_NONCONFORMING,MANUAL_ADJUDICATED,4 | 6 | 8 | 10 | 12 | 14,4 | 6 | 8 | 10 | 12 | 14,NORMALIZED_EQUIVALENT,CONFORMING,,,Resultado atualizado após auditoria manual cega de B-A.,YES,B_B_NORMALIZATION_V1,,,,V7_TEMPORAL_NUMERIC
SC_032_R05.png,SC,SC_032,5,9,VQL,X,numeric,EXHAUSTIVE,READY_EXPLICIT_LIST,0 | 50M | 100M | 150M | 200M | 250M | 300M,0 | 50000000 | 100000000 | 150000000 | 200000000 | 250000000 | 300000000,NOT_SPECIFIED,AUTO_VALIDATED_FROZEN_GATE,AUTO_VALIDATED,0|5e+07|1e+08|1.5e+08|2e+08|2.5e+08|3e+08,0 | 50000000 | 100000000 | 150000000 | 200000000 | 250000000 | 300000000,NORMALIZED_EQUIVALENT,CONFORMING,,,Conteúdo observado coincide com F após normalização congelada.,YES,B_B_NORMALIZATION_V1,,,,V7_TEMPORAL_NUMERIC
SC_032_R05.png,SC,SC_032,5,9,VQL,Y,numeric,EXHAUSTIVE,READY_EXPLICIT_LIST,4 | 6 | 8 | 10 | 12 | 14,4 | 6 | 8 | 10 | 12 | 14,NOT_SPECIFIED,MANUAL_AUDIT_AUTO_NONCONFORMING,MANUAL_ADJUDICATED,4 | 6 | 8 | 10 | 12 | 14,4 | 6 | 8 | 10 | 12 | 14,NORMALIZED_EQUIVALENT,CONFORMING,,,Resultado atualizado após auditoria manual cega de B-A.,YES,B_B_NORMALIZATION_V1,,,,V7_TEMPORAL_NUMERIC
SC_032_R06.png,SC,SC_032,6,9,VQL,X,numeric,EXHAUSTIVE,READY_EXPLICIT_LIST,0 | 50M | 100M | 150M | 200M | 250M | 300M,0 | 50000000 | 100000000 | 150000000 | 200000000 | 250000000 | 300000000,NOT_SPECIFIED,AUTO_VALIDATED_FROZEN_GATE,AUTO_VALIDATED,0|5e+07|1e+08|1.5e+08|2e+08|2.5e+08|3e+08,0 | 50000000 | 100000000 | 150000000 | 200000000 | 250000000 | 300000000,NORMALIZED_EQUIVALENT,CONFORMING,,,Conteúdo observado coincide com F após normalização congelada.,YES,B_B_NORMALIZATION_V1,,,,V7_TEMPORAL_NUMERIC
SC_032_R06.png,SC,SC_032,6,9,VQL,Y,numeric,EXHAUSTIVE,READY_EXPLICIT_LIST,4 | 6 | 8 | 10 | 12 | 14,4 | 6 | 8 | 10 | 12 | 14,NOT_SPECIFIED,MANUAL_AUDIT_AUTO_NONCONFORMING,MANUAL_ADJUDICATED,4 | 6 | 8 | 10 | 12 | 14,4 | 6 | 8 | 10 | 12 | 14,NORMALIZED_EQUIVALENT,CONFORMING,,,Resultado atualizado após auditoria manual cega de B-A.,YES,B_B_NORMALIZATION_V1,,,,V7_TEMPORAL_NUMERIC
SC_032_R07.png,SC,SC_032,7,9,VQL,X,numeric,EXHAUSTIVE,READY_EXPLICIT_LIST,0 | 50M | 100M | 150M | 200M | 250M | 300M,0 | 50000000 | 100000000 | 150000000 | 200000000 | 250000000 | 300000000,NOT_SPECIFIED,AUTO_VALIDATED_FROZEN_GATE,AUTO_VALIDATED,0|5e+07|1e+08|1.5e+08|2e+08|2.5e+08|3e+08,0 | 50000000 | 100000000 | 150000000 | 200000000 | 250000000 | 300000000,NORMALIZED_EQUIVALENT,CONFORMING,,,Conteúdo observado coincide com F após normalização congelada.,YES,B_B_NORMALIZATION_V1,,,,V7_TEMPORAL_NUMERIC
SC_032_R07.png,SC,SC_032,7,9,VQL,Y,numeric,EXHAUSTIVE,READY_EXPLICIT_LIST,4 | 6 | 8 | 10 | 12 | 14,4 | 6 | 8 | 10 | 12 | 14,NOT_SPECIFIED,MANUAL_AUDIT_AUTO_NONCONFORMING,MANUAL_ADJUDICATED,4 | 6 | 8 | 10 | 12 | 14,4 | 6 | 8 | 10 | 12 | 14,NORMALIZED_EQUIVALENT,CONFORMING,,,Resultado atualizado após auditoria manual cega de B-A.,YES,B_B_NORMALIZATION_V1,,,,V7_TEMPORAL_NUMERIC
SC_032_R08.png,SC,SC_032,8,9,VQL,X,numeric,EXHAUSTIVE,READY_EXPLICIT_LIST,0 | 50M | 100M | 150M | 200M | 250M | 300M,0 | 50000000 | 100000000 | 150000000 | 200000000 | 250000000 | 300000000,NOT_SPECIFIED,AUTO_VALIDATED_FROZEN_GATE,AUTO_VALIDATED,0|5e+07|1e+08|1.5e+08|2e+08|2.5e+08|3e+08,0 | 50000000 | 100000000 | 150000000 | 200000000 | 250000000 | 300000000,NORMALIZED_EQUIVALENT,CONFORMING,,,Conteúdo observado coincide com F após normalização congelada.,YES,B_B_NORMALIZATION_V1,,,,V7_TEMPORAL_NUMERIC
SC_032_R08.png,SC,SC_032,8,9,VQL,Y,numeric,EXHAUSTIVE,READY_EXPLICIT_LIST,4 | 6 | 8 | 10 | 12 | 14,4 | 6 | 8 | 10 | 12 | 14,NOT_SPECIFIED,MANUAL_AUDIT_AUTO_NONCONFORMING,MANUAL_ADJUDICATED,4 | 6 | 8 | 10 | 12 | 14,4 | 6 | 8 | 10 | 12 | 14,NORMALIZED_EQUIVALENT,CONFORMING,,,Resultado atualizado após auditoria manual cega de B-A.,YES,B_B_NORMALIZATION_V1,,,,V7_TEMPORAL_NUMERIC
SC_032_R09.png,SC,SC_032,9,9,VQL,X,numeric,EXHAUSTIVE,READY_EXPLICIT_LIST,0 | 50M | 100M | 150M | 200M | 250M | 300M,0 | 50000000 | 100000000 | 150000000 | 200000000 | 250000000 | 300000000,NOT_SPECIFIED,AUTO_VALIDATED_FROZEN_GATE,AUTO_VALIDATED,0|5e+07|1e+08|1.5e+08|2e+08|2.5e+08|3e+08,0 | 50000000 | 100000000 | 150000000 | 200000000 | 250000000 | 300000000,NORMALIZED_EQUIVALENT,CONFORMING,,,Conteúdo observado coincide com F após normalização congelada.,YES,B_B_NORMALIZATION_V1,,,,V7_TEMPORAL_NUMERIC
SC_032_R09.png,SC,SC_032,9,9,VQL,Y,numeric,EXHAUSTIVE,READY_EXPLICIT_LIST,4 | 6 | 8 | 10 | 12 | 14,4 | 6 | 8 | 10 | 12 | 14,NOT_SPECIFIED,MANUAL_AUDIT_AUTO_NONCONFORMING,MANUAL_ADJUDICATED,4 | 6 | 8 | 10 | 12 | 14,4 | 6 | 8 | 10 | 12 | 14,NORMALIZED_EQUIVALENT,CONFORMING,,,Resultado atualizado após auditoria manual cega de B-A.,YES,B_B_NORMALIZATION_V1,,,,V7_TEMPORAL_NUMERIC
SC_032_R10.png,SC,SC_032,10,9,VQL,X,numeric,EXHAUSTIVE,READY_EXPLICIT_LIST,0 | 50M | 100M | 150M | 200M | 250M | 300M,0 | 50000000 | 100000000 | 150000000 | 200000000 | 250000000 | 300000000,NOT_SPECIFIED,AUTO_VALIDATED_FROZEN_GATE,AUTO_VALIDATED,0|5e+07|1e+08|1.5e+08|2e+08|2.5e+08|3e+08,0 | 50000000 | 100000000 | 150000000 | 200000000 | 250000000 | 300000000,NORMALIZED_EQUIVALENT,CONFORMING,,,Conteúdo observado coincide com F após normalização congelada.,YES,B_B_NORMALIZATION_V1,,,,V7_TEMPORAL_NUMERIC
SC_032_R10.png,SC,SC_032,10,9,VQL,Y,numeric,EXHAUSTIVE,READY_EXPLICIT_LIST,4 | 6 | 8 | 10 | 12 | 14,4 | 6 | 8 | 10 | 12 | 14,NOT_SPECIFIED,MANUAL_AUDIT_AUTO_NONCONFORMING,MANUAL_ADJUDICATED,4 | 6 | 8 | 10 | 12 | 14,4 | 6 | 8 | 10 | 12 | 14,NORMALIZED_EQUIVALENT,CONFORMING,,,Resultado atualizado após auditoria manual cega de B-A.,YES,B_B_NORMALIZATION_V1,,,,V7_TEMPORAL_NUMERIC
SC_036_R01.png,SC,SC_036,1,13,VQL,X,numeric,EXHAUSTIVE,READY_ADJUDICATED_DEDUPLICATED_SEQUENCE,0 | 50M | 100M | 150M | 200M | 250M | 300M,0 | 50000000 | 100000000 | 150000000 | 200000000 | 250000000 | 300000000,NOT_SPECIFIED,AUTO_VALIDATED_FROZEN_GATE,AUTO_VALIDATED,0|5e+07|1e+08|1.5e+08|2e+08|2.5e+08|3e+08,0 | 50000000 | 100000000 | 150000000 | 200000000 | 250000000 | 300000000,NORMALIZED_EQUIVALENT,CONFORMING,,,Conteúdo observado coincide com F após normalização congelada.,YES,B_B_NORMALIZATION_V1,,,,V7_TEMPORAL_NUMERIC
SC_036_R02.png,SC,SC_036,2,13,VQL,X,numeric,EXHAUSTIVE,READY_ADJUDICATED_DEDUPLICATED_SEQUENCE,0 | 50M | 100M | 150M | 200M | 250M | 300M,0 | 50000000 | 100000000 | 150000000 | 200000000 | 250000000 | 300000000,NOT_SPECIFIED,AUTO_VALIDATED_FROZEN_GATE,AUTO_VALIDATED,0|5e+07|1e+08|1.5e+08|2e+08|2.5e+08|3e+08,0 | 50000000 | 100000000 | 150000000 | 200000000 | 250000000 | 300000000,NORMALIZED_EQUIVALENT,CONFORMING,,,Conteúdo observado coincide com F após normalização congelada.,YES,B_B_NORMALIZATION_V1,,,,V7_TEMPORAL_NUMERIC
SC_036_R03.png,SC,SC_036,3,13,VQL,X,numeric,EXHAUSTIVE,READY_ADJUDICATED_DEDUPLICATED_SEQUENCE,0 | 50M | 100M | 150M | 200M | 250M | 300M,0 | 50000000 | 100000000 | 150000000 | 200000000 | 250000000 | 300000000,NOT_SPECIFIED,AUTO_VALIDATED_FROZEN_GATE,AUTO_VALIDATED,0|5e+07|1e+08|1.5e+08|2e+08|2.5e+08|3e+08,0 | 50000000 | 100000000 | 150000000 | 200000000 | 250000000 | 300000000,NORMALIZED_EQUIVALENT,CONFORMING,,,Conteúdo observado coincide com F após normalização congelada.,YES,B_B_NORMALIZATION_V1,,,,V7_TEMPORAL_NUMERIC
SC_036_R04.png,SC,SC_036,4,13,VQL,X,numeric,EXHAUSTIVE,READY_ADJUDICATED_DEDUPLICATED_SEQUENCE,0 | 50M | 100M | 150M | 200M | 250M | 300M,0 | 50000000 | 100000000 | 150000000 | 200000000 | 250000000 | 300000000,NOT_SPECIFIED,AUTO_VALIDATED_FROZEN_GATE,AUTO_VALIDATED,0|5e+07|1e+08|1.5e+08|2e+08|2.5e+08|3e+08,0 | 50000000 | 100000000 | 150000000 | 200000000 | 250000000 | 300000000,NORMALIZED_EQUIVALENT,CONFORMING,,,Conteúdo observado coincide com F após normalização congelada.,YES,B_B_NORMALIZATION_V1,,,,V7_TEMPORAL_NUMERIC
SC_036_R05.png,SC,SC_036,5,13,VQL,X,numeric,EXHAUSTIVE,READY_ADJUDICATED_DEDUPLICATED_SEQUENCE,0 | 50M | 100M | 150M | 200M | 250M | 300M,0 | 50000000 | 100000000 | 150000000 | 200000000 | 250000000 | 300000000,NOT_SPECIFIED,AUTO_VALIDATED_FROZEN_GATE,AUTO_VALIDATED,0|5e+07|1e+08|1.5e+08|2e+08|2.5e+08|3e+08,0 | 50000000 | 100000000 | 150000000 | 200000000 | 250000000 | 300000000,NORMALIZED_EQUIVALENT,CONFORMING,,,Conteúdo observado coincide com F após normalização congelada.,YES,B_B_NORMALIZATION_V1,,,,V7_TEMPORAL_NUMERIC
SC_036_R06.png,SC,SC_036,6,13,VQL,X,numeric,EXHAUSTIVE,READY_ADJUDICATED_DEDUPLICATED_SEQUENCE,0 | 50M | 100M | 150M | 200M | 250M | 300M,0 | 50000000 | 100000000 | 150000000 | 200000000 | 250000000 | 300000000,NOT_SPECIFIED,AUTO_VALIDATED_FROZEN_GATE,AUTO_VALIDATED,0|5e+07|1e+08|1.5e+08|2e+08|2.5e+08|3e+08,0 | 50000000 | 100000000 | 150000000 | 200000000 | 250000000 | 300000000,NORMALIZED_EQUIVALENT,CONFORMING,,,Conteúdo observado coincide com F após normalização congelada.,YES,B_B_NORMALIZATION_V1,,,,V7_TEMPORAL_NUMERIC
SC_036_R07.png,SC,SC_036,7,13,VQL,X,numeric,EXHAUSTIVE,READY_ADJUDICATED_DEDUPLICATED_SEQUENCE,0 | 50M | 100M | 150M | 200M | 250M | 300M,0 | 50000000 | 100000000 | 150000000 | 200000000 | 250000000 | 300000000,NOT_SPECIFIED,AUTO_VALIDATED_FROZEN_GATE,AUTO_VALIDATED,0|5e+07|1e+08|1.5e+08|2e+08|2.5e+08|3e+08,0 | 50000000 | 100000000 | 150000000 | 200000000 | 250000000 | 300000000,NORMALIZED_EQUIVALENT,CONFORMING,,,Conteúdo observado coincide com F após normalização congelada.,YES,B_B_NORMALIZATION_V1,,,,V7_TEMPORAL_NUMERIC
SC_036_R08.png,SC,SC_036,8,13,VQL,X,numeric,EXHAUSTIVE,READY_ADJUDICATED_DEDUPLICATED_SEQUENCE,0 | 50M | 100M | 150M | 200M | 250M | 300M,0 | 50000000 | 100000000 | 150000000 | 200000000 | 250000000 | 300000000,NOT_SPECIFIED,AUTO_VALIDATED_FROZEN_GATE,AUTO_VALIDATED,0|5e+07|1e+08|1.5e+08|2e+08|2.5e+08|3e+08,0 | 50000000 | 100000000 | 150000000 | 200000000 | 250000000 | 300000000,NORMALIZED_EQUIVALENT,CONFORMING,,,Conteúdo observado coincide com F após normalização congelada.,YES,B_B_NORMALIZATION_V1,,,,V7_TEMPORAL_NUMERIC
SC_036_R09.png,SC,SC_036,9,13,VQL,X,numeric,EXHAUSTIVE,READY_ADJUDICATED_DEDUPLICATED_SEQUENCE,0 | 50M | 100M | 150M | 200M | 250M | 300M,0 | 50000000 | 100000000 | 150000000 | 200000000 | 250000000 | 300000000,NOT_SPECIFIED,AUTO_VALIDATED_FROZEN_GATE,AUTO_VALIDATED,0|5e+07|1e+08|1.5e+08|2e+08|2.5e+08|3e+08,0 | 50000000 | 100000000 | 150000000 | 200000000 | 250000000 | 300000000,NORMALIZED_EQUIVALENT,CONFORMING,,,Conteúdo observado coincide com F após normalização congelada.,YES,B_B_NORMALIZATION_V1,,,,V7_TEMPORAL_NUMERIC
SC_036_R10.png,SC,SC_036,10,13,VQL,X,numeric,EXHAUSTIVE,READY_ADJUDICATED_DEDUPLICATED_SEQUENCE,0 | 50M | 100M | 150M | 200M | 250M | 300M,0 | 50000000 | 100000000 | 150000000 | 200000000 | 250000000 | 300000000,NOT_SPECIFIED,AUTO_VALIDATED_FROZEN_GATE,AUTO_VALIDATED,0|5e+07|1e+08|1.5e+08|2e+08|2.5e+08|3e+08,0 | 50000000 | 100000000 | 150000000 | 200000000 | 250000000 | 300000000,NORMALIZED_EQUIVALENT,CONFORMING,,,Conteúdo observado coincide com F após normalização congelada.,YES,B_B_NORMALIZATION_V1,,,,V7_TEMPORAL_NUMERIC
SC_045_R01.png,SC,SC_045,1,9,ZERO-SHOT,X,numeric,EXHAUSTIVE,READY_EXPLICIT_LIST,0 | 50M | 100M | 150M | 200M | 250M | 300M,0 | 50000000 | 100000000 | 150000000 | 200000000 | 250000000 | 300000000,NOT_SPECIFIED,MANUAL_AUDIT_AUTO_NONCONFORMING,MANUAL_ADJUDICATED,0 | 50 | 100 | 150 | 200 | 250 | 300,0 | 50 | 100 | 150 | 200 | 250 | 300,NONCONFORMING_VALUE,NONCONFORMING,50000000 | 100000000 | 150000000 | 200000000 | 250000000 | 300000000,50 | 100 | 150 | 200 | 250 | 300,Resultado atualizado após auditoria manual cega de B-A.,YES,B_B_NORMALIZATION_V1,,,,V7_TEMPORAL_NUMERIC
SC_045_R01.png,SC,SC_045,1,9,ZERO-SHOT,Y,numeric,EXHAUSTIVE,READY_EXPLICIT_LIST,4 | 6 | 8 | 10 | 12 | 14,4 | 6 | 8 | 10 | 12 | 14,NOT_SPECIFIED,MANUAL_AUDIT_AUTO_NONCONFORMING,MANUAL_ADJUDICATED,4 | 6 | 8 | 10 | 12 | 14,4 | 6 | 8 | 10 | 12 | 14,NORMALIZED_EQUIVALENT,CONFORMING,,,Resultado atualizado após auditoria manual cega de B-A.,YES,B_B_NORMALIZATION_V1,,,,V7_TEMPORAL_NUMERIC
SC_045_R02.png,SC,SC_045,2,9,ZERO-SHOT,X,numeric,EXHAUSTIVE,READY_EXPLICIT_LIST,0 | 50M | 100M | 150M | 200M | 250M | 300M,0 | 50000000 | 100000000 | 150000000 | 200000000 | 250000000 | 300000000,NOT_SPECIFIED,AUTO_VALIDATED_FROZEN_GATE,AUTO_VALIDATED,0|5e+07|1e+08|1.5e+08|2e+08|2.5e+08|3e+08,0 | 50000000 | 100000000 | 150000000 | 200000000 | 250000000 | 300000000,NORMALIZED_EQUIVALENT,CONFORMING,,,Conteúdo observado coincide com F após normalização congelada.,YES,B_B_NORMALIZATION_V1,,,,V7_TEMPORAL_NUMERIC
SC_045_R02.png,SC,SC_045,2,9,ZERO-SHOT,Y,numeric,EXHAUSTIVE,READY_EXPLICIT_LIST,4 | 6 | 8 | 10 | 12 | 14,4 | 6 | 8 | 10 | 12 | 14,NOT_SPECIFIED,AUTO_VALIDATED_FROZEN_GATE,AUTO_VALIDATED,4|6|8|10|12|14,4 | 6 | 8 | 10 | 12 | 14,NORMALIZED_EQUIVALENT,CONFORMING,,,Conteúdo observado coincide com F após normalização congelada.,YES,B_B_NORMALIZATION_V1,,,,V7_TEMPORAL_NUMERIC
SC_045_R03.png,SC,SC_045,3,9,ZERO-SHOT,X,numeric,EXHAUSTIVE,READY_EXPLICIT_LIST,0 | 50M | 100M | 150M | 200M | 250M | 300M,0 | 50000000 | 100000000 | 150000000 | 200000000 | 250000000 | 300000000,NOT_SPECIFIED,AUTO_VALIDATED_FROZEN_GATE,AUTO_VALIDATED,0|5e+07|1e+08|1.5e+08|2e+08|2.5e+08|3e+08,0 | 50000000 | 100000000 | 150000000 | 200000000 | 250000000 | 300000000,NORMALIZED_EQUIVALENT,CONFORMING,,,Conteúdo observado coincide com F após normalização congelada.,YES,B_B_NORMALIZATION_V1,,,,V7_TEMPORAL_NUMERIC
SC_045_R03.png,SC,SC_045,3,9,ZERO-SHOT,Y,numeric,EXHAUSTIVE,READY_EXPLICIT_LIST,4 | 6 | 8 | 10 | 12 | 14,4 | 6 | 8 | 10 | 12 | 14,NOT_SPECIFIED,AUTO_VALIDATED_FROZEN_GATE,AUTO_VALIDATED,4|6|8|10|12|14,4 | 6 | 8 | 10 | 12 | 14,NORMALIZED_EQUIVALENT,CONFORMING,,,Conteúdo observado coincide com F após normalização congelada.,YES,B_B_NORMALIZATION_V1,,,,V7_TEMPORAL_NUMERIC
SC_045_R04.png,SC,SC_045,4,9,ZERO-SHOT,X,numeric,EXHAUSTIVE,READY_EXPLICIT_LIST,0 | 50M | 100M | 150M | 200M | 250M | 300M,0 | 50000000 | 100000000 | 150000000 | 200000000 | 250000000 | 300000000,NOT_SPECIFIED,AUTO_VALIDATED_FROZEN_GATE,AUTO_VALIDATED,0|5e+07|1e+08|1.5e+08|2e+08|2.5e+08|3e+08,0 | 50000000 | 100000000 | 150000000 | 200000000 | 250000000 | 300000000,NORMALIZED_EQUIVALENT,CONFORMING,,,Conteúdo observado coincide com F após normalização congelada.,YES,B_B_NORMALIZATION_V1,,,,V7_TEMPORAL_NUMERIC
SC_045_R04.png,SC,SC_045,4,9,ZERO-SHOT,Y,numeric,EXHAUSTIVE,READY_EXPLICIT_LIST,4 | 6 | 8 | 10 | 12 | 14,4 | 6 | 8 | 10 | 12 | 14,NOT_SPECIFIED,AUTO_VALIDATED_FROZEN_GATE,AUTO_VALIDATED,4|6|8|10|12|14,4 | 6 | 8 | 10 | 12 | 14,NORMALIZED_EQUIVALENT,CONFORMING,,,Conteúdo observado coincide com F após normalização congelada.,YES,B_B_NORMALIZATION_V1,,,,V7_TEMPORAL_NUMERIC
SC_045_R05.png,SC,SC_045,5,9,ZERO-SHOT,X,numeric,EXHAUSTIVE,READY_EXPLICIT_LIST,0 | 50M | 100M | 150M | 200M | 250M | 300M,0 | 50000000 | 100000000 | 150000000 | 200000000 | 250000000 | 300000000,NOT_SPECIFIED,AUTO_VALIDATED_FROZEN_GATE,AUTO_VALIDATED,0|5e+07|1e+08|1.5e+08|2e+08|2.5e+08|3e+08,0 | 50000000 | 100000000 | 150000000 | 200000000 | 250000000 | 300000000,NORMALIZED_EQUIVALENT,CONFORMING,,,Conteúdo observado coincide com F após normalização congelada.,YES,B_B_NORMALIZATION_V1,,,,V7_TEMPORAL_NUMERIC
SC_045_R05.png,SC,SC_045,5,9,ZERO-SHOT,Y,numeric,EXHAUSTIVE,READY_EXPLICIT_LIST,4 | 6 | 8 | 10 | 12 | 14,4 | 6 | 8 | 10 | 12 | 14,NOT_SPECIFIED,MANUAL_AUDIT_AUTO_NONCONFORMING,MANUAL_ADJUDICATED,4 | 6 | 8 | 10 | 12 | 14,4 | 6 | 8 | 10 | 12 | 14,NORMALIZED_EQUIVALENT,CONFORMING,,,Resultado atualizado após auditoria manual cega de B-A.,YES,B_B_NORMALIZATION_V1,,,,V7_TEMPORAL_NUMERIC
SC_045_R06.png,SC,SC_045,6,9,ZERO-SHOT,X,numeric,EXHAUSTIVE,READY_EXPLICIT_LIST,0 | 50M | 100M | 150M | 200M | 250M | 300M,0 | 50000000 | 100000000 | 150000000 | 200000000 | 250000000 | 300000000,NOT_SPECIFIED,AUTO_VALIDATED_FROZEN_GATE,AUTO_VALIDATED,0|5e+07|1e+08|1.5e+08|2e+08|2.5e+08|3e+08,0 | 50000000 | 100000000 | 150000000 | 200000000 | 250000000 | 300000000,NORMALIZED_EQUIVALENT,CONFORMING,,,Conteúdo observado coincide com F após normalização congelada.,YES,B_B_NORMALIZATION_V1,,,,V7_TEMPORAL_NUMERIC
SC_045_R06.png,SC,SC_045,6,9,ZERO-SHOT,Y,numeric,EXHAUSTIVE,READY_EXPLICIT_LIST,4 | 6 | 8 | 10 | 12 | 14,4 | 6 | 8 | 10 | 12 | 14,NOT_SPECIFIED,MANUAL_AUDIT_AUTO_NONCONFORMING,MANUAL_ADJUDICATED,4 | 6 | 8 | 10 | 12 | 14,4 | 6 | 8 | 10 | 12 | 14,NORMALIZED_EQUIVALENT,CONFORMING,,,Resultado atualizado após auditoria manual cega de B-A.,YES,B_B_NORMALIZATION_V1,,,,V7_TEMPORAL_NUMERIC
SC_045_R07.png,SC,SC_045,7,9,ZERO-SHOT,X,numeric,EXHAUSTIVE,READY_EXPLICIT_LIST,0 | 50M | 100M | 150M | 200M | 250M | 300M,0 | 50000000 | 100000000 | 150000000 | 200000000 | 250000000 | 300000000,NOT_SPECIFIED,AUTO_VALIDATED_FROZEN_GATE,AUTO_VALIDATED,0|5e+07|1e+08|1.5e+08|2e+08|2.5e+08|3e+08,0 | 50000000 | 100000000 | 150000000 | 200000000 | 250000000 | 300000000,NORMALIZED_EQUIVALENT,CONFORMING,,,Conteúdo observado coincide com F após normalização congelada.,YES,B_B_NORMALIZATION_V1,,,,V7_TEMPORAL_NUMERIC
SC_045_R07.png,SC,SC_045,7,9,ZERO-SHOT,Y,numeric,EXHAUSTIVE,READY_EXPLICIT_LIST,4 | 6 | 8 | 10 | 12 | 14,4 | 6 | 8 | 10 | 12 | 14,NOT_SPECIFIED,AUTO_VALIDATED_FROZEN_GATE,AUTO_VALIDATED,4|6|8|10|12|14,4 | 6 | 8 | 10 | 12 | 14,NORMALIZED_EQUIVALENT,CONFORMING,,,Conteúdo observado coincide com F após normalização congelada.,YES,B_B_NORMALIZATION_V1,,,,V7_TEMPORAL_NUMERIC
SC_045_R08.png,SC,SC_045,8,9,ZERO-SHOT,X,numeric,EXHAUSTIVE,READY_EXPLICIT_LIST,0 | 50M | 100M | 150M | 200M | 250M | 300M,0 | 50000000 | 100000000 | 150000000 | 200000000 | 250000000 | 300000000,NOT_SPECIFIED,AUTO_VALIDATED_FROZEN_GATE,AUTO_VALIDATED,0|5e+07|1e+08|1.5e+08|2e+08|2.5e+08|3e+08,0 | 50000000 | 100000000 | 150000000 | 200000000 | 250000000 | 300000000,NORMALIZED_EQUIVALENT,CONFORMING,,,Conteúdo observado coincide com F após normalização congelada.,YES,B_B_NORMALIZATION_V1,,,,V7_TEMPORAL_NUMERIC
SC_045_R08.png,SC,SC_045,8,9,ZERO-SHOT,Y,numeric,EXHAUSTIVE,READY_EXPLICIT_LIST,4 | 6 | 8 | 10 | 12 | 14,4 | 6 | 8 | 10 | 12 | 14,NOT_SPECIFIED,MANUAL_AUDIT_AUTO_NONCONFORMING,MANUAL_ADJUDICATED,4 | 6 | 8 | 10 | 12 | 14,4 | 6 | 8 | 10 | 12 | 14,NORMALIZED_EQUIVALENT,CONFORMING,,,Resultado atualizado após auditoria manual cega de B-A.,YES,B_B_NORMALIZATION_V1,,,,V7_TEMPORAL_NUMERIC
SC_045_R09.png,SC,SC_045,9,9,ZERO-SHOT,X,numeric,EXHAUSTIVE,READY_EXPLICIT_LIST,0 | 50M | 100M | 150M | 200M | 250M | 300M,0 | 50000000 | 100000000 | 150000000 | 200000000 | 250000000 | 300000000,NOT_SPECIFIED,AUTO_VALIDATED_FROZEN_GATE,AUTO_VALIDATED,0|5e+07|1e+08|1.5e+08|2e+08|2.5e+08|3e+08,0 | 50000000 | 100000000 | 150000000 | 200000000 | 250000000 | 300000000,NORMALIZED_EQUIVALENT,CONFORMING,,,Conteúdo observado coincide com F após normalização congelada.,YES,B_B_NORMALIZATION_V1,,,,V7_TEMPORAL_NUMERIC
SC_045_R09.png,SC,SC_045,9,9,ZERO-SHOT,Y,numeric,EXHAUSTIVE,READY_EXPLICIT_LIST,4 | 6 | 8 | 10 | 12 | 14,4 | 6 | 8 | 10 | 12 | 14,NOT_SPECIFIED,MANUAL_AUDIT_AUTO_NONCONFORMING,MANUAL_ADJUDICATED,4 | 6 | 8 | 10 | 12 | 14,4 | 6 | 8 | 10 | 12 | 14,NORMALIZED_EQUIVALENT,CONFORMING,,,Resultado atualizado após auditoria manual cega de B-A.,YES,B_B_NORMALIZATION_V1,,,,V7_TEMPORAL_NUMERIC
SC_045_R10.png,SC,SC_045,10,9,ZERO-SHOT,X,numeric,EXHAUSTIVE,READY_EXPLICIT_LIST,0 | 50M | 100M | 150M | 200M | 250M | 300M,0 | 50000000 | 100000000 | 150000000 | 200000000 | 250000000 | 300000000,NOT_SPECIFIED,AUTO_VALIDATED_FROZEN_GATE,AUTO_VALIDATED,0|5e+07|1e+08|1.5e+08|2e+08|2.5e+08|3e+08,0 | 50000000 | 100000000 | 150000000 | 200000000 | 250000000 | 300000000,NORMALIZED_EQUIVALENT,CONFORMING,,,Conteúdo observado coincide com F após normalização congelada.,YES,B_B_NORMALIZATION_V1,,,,V7_TEMPORAL_NUMERIC
SC_045_R10.png,SC,SC_045,10,9,ZERO-SHOT,Y,numeric,EXHAUSTIVE,READY_EXPLICIT_LIST,4 | 6 | 8 | 10 | 12 | 14,4 | 6 | 8 | 10 | 12 | 14,NOT_SPECIFIED,MANUAL_AUDIT_AUTO_NONCONFORMING,MANUAL_ADJUDICATED,4 | 6 | 8 | 10 | 12 | 14,4 | 6 | 8 | 10 | 12 | 14,NORMALIZED_EQUIVALENT,CONFORMING,,,Resultado atualizado após auditoria manual cega de B-A.,YES,B_B_NORMALIZATION_V1,,,,V7_TEMPORAL_NUMERIC
SC_049_R01.png,SC,SC_049,1,13,ZERO-SHOT,X,numeric,EXHAUSTIVE,READY_ADJUDICATED_DEDUPLICATED_SEQUENCE,0 | 50M | 100M | 150M | 200M | 250M | 300M,0 | 50000000 | 100000000 | 150000000 | 200000000 | 250000000 | 300000000,NOT_SPECIFIED,AUTO_VALIDATED_FROZEN_GATE,AUTO_VALIDATED,0|5e+07|1e+08|1.5e+08|2e+08|2.5e+08|3e+08,0 | 50000000 | 100000000 | 150000000 | 200000000 | 250000000 | 300000000,NORMALIZED_EQUIVALENT,CONFORMING,,,Conteúdo observado coincide com F após normalização congelada.,YES,B_B_NORMALIZATION_V1,,,,V7_TEMPORAL_NUMERIC
SC_049_R02.png,SC,SC_049,2,13,ZERO-SHOT,X,numeric,EXHAUSTIVE,READY_ADJUDICATED_DEDUPLICATED_SEQUENCE,0 | 50M | 100M | 150M | 200M | 250M | 300M,0 | 50000000 | 100000000 | 150000000 | 200000000 | 250000000 | 300000000,NOT_SPECIFIED,AUTO_VALIDATED_FROZEN_GATE,AUTO_VALIDATED,0|5e+07|1e+08|1.5e+08|2e+08|2.5e+08|3e+08,0 | 50000000 | 100000000 | 150000000 | 200000000 | 250000000 | 300000000,NORMALIZED_EQUIVALENT,CONFORMING,,,Conteúdo observado coincide com F após normalização congelada.,YES,B_B_NORMALIZATION_V1,,,,V7_TEMPORAL_NUMERIC
SC_049_R03.png,SC,SC_049,3,13,ZERO-SHOT,X,numeric,EXHAUSTIVE,READY_ADJUDICATED_DEDUPLICATED_SEQUENCE,0 | 50M | 100M | 150M | 200M | 250M | 300M,0 | 50000000 | 100000000 | 150000000 | 200000000 | 250000000 | 300000000,NOT_SPECIFIED,AUTO_VALIDATED_FROZEN_GATE,AUTO_VALIDATED,0|5e+07|1e+08|1.5e+08|2e+08|2.5e+08|3e+08,0 | 50000000 | 100000000 | 150000000 | 200000000 | 250000000 | 300000000,NORMALIZED_EQUIVALENT,CONFORMING,,,Conteúdo observado coincide com F após normalização congelada.,YES,B_B_NORMALIZATION_V1,,,,V7_TEMPORAL_NUMERIC
SC_049_R04.png,SC,SC_049,4,13,ZERO-SHOT,X,numeric,EXHAUSTIVE,READY_ADJUDICATED_DEDUPLICATED_SEQUENCE,0 | 50M | 100M | 150M | 200M | 250M | 300M,0 | 50000000 | 100000000 | 150000000 | 200000000 | 250000000 | 300000000,NOT_SPECIFIED,AUTO_VALIDATED_FROZEN_GATE,AUTO_VALIDATED,0|5e+07|1e+08|1.5e+08|2e+08|2.5e+08|3e+08,0 | 50000000 | 100000000 | 150000000 | 200000000 | 250000000 | 300000000,NORMALIZED_EQUIVALENT,CONFORMING,,,Conteúdo observado coincide com F após normalização congelada.,YES,B_B_NORMALIZATION_V1,,,,V7_TEMPORAL_NUMERIC
SC_049_R05.png,SC,SC_049,5,13,ZERO-SHOT,X,numeric,EXHAUSTIVE,READY_ADJUDICATED_DEDUPLICATED_SEQUENCE,0 | 50M | 100M | 150M | 200M | 250M | 300M,0 | 50000000 | 100000000 | 150000000 | 200000000 | 250000000 | 300000000,NOT_SPECIFIED,AUTO_VALIDATED_FROZEN_GATE,AUTO_VALIDATED,0|5e+07|1e+08|1.5e+08|2e+08|2.5e+08|3e+08,0 | 50000000 | 100000000 | 150000000 | 200000000 | 250000000 | 300000000,NORMALIZED_EQUIVALENT,CONFORMING,,,Conteúdo observado coincide com F após normalização congelada.,YES,B_B_NORMALIZATION_V1,,,,V7_TEMPORAL_NUMERIC
SC_049_R06.png,SC,SC_049,6,13,ZERO-SHOT,X,numeric,EXHAUSTIVE,READY_ADJUDICATED_DEDUPLICATED_SEQUENCE,0 | 50M | 100M | 150M | 200M | 250M | 300M,0 | 50000000 | 100000000 | 150000000 | 200000000 | 250000000 | 300000000,NOT_SPECIFIED,AUTO_VALIDATED_FROZEN_GATE,AUTO_VALIDATED,0|5e+07|1e+08|1.5e+08|2e+08|2.5e+08|3e+08,0 | 50000000 | 100000000 | 150000000 | 200000000 | 250000000 | 300000000,NORMALIZED_EQUIVALENT,CONFORMING,,,Conteúdo observado coincide com F após normalização congelada.,YES,B_B_NORMALIZATION_V1,,,,V7_TEMPORAL_NUMERIC
SC_049_R07.png,SC,SC_049,7,13,ZERO-SHOT,X,numeric,EXHAUSTIVE,READY_ADJUDICATED_DEDUPLICATED_SEQUENCE,0 | 50M | 100M | 150M | 200M | 250M | 300M,0 | 50000000 | 100000000 | 150000000 | 200000000 | 250000000 | 300000000,NOT_SPECIFIED,AUTO_VALIDATED_FROZEN_GATE,AUTO_VALIDATED,0|5e+07|1e+08|1.5e+08|2e+08|2.5e+08|3e+08,0 | 50000000 | 100000000 | 150000000 | 200000000 | 250000000 | 300000000,NORMALIZED_EQUIVALENT,CONFORMING,,,Conteúdo observado coincide com F após normalização congelada.,YES,B_B_NORMALIZATION_V1,,,,V7_TEMPORAL_NUMERIC
SC_049_R08.png,SC,SC_049,8,13,ZERO-SHOT,X,numeric,EXHAUSTIVE,READY_ADJUDICATED_DEDUPLICATED_SEQUENCE,0 | 50M | 100M | 150M | 200M | 250M | 300M,0 | 50000000 | 100000000 | 150000000 | 200000000 | 250000000 | 300000000,NOT_SPECIFIED,AUTO_VALIDATED_FROZEN_GATE,AUTO_VALIDATED,0|5e+07|1e+08|1.5e+08|2e+08|2.5e+08|3e+08,0 | 50000000 | 100000000 | 150000000 | 200000000 | 250000000 | 300000000,NORMALIZED_EQUIVALENT,CONFORMING,,,Conteúdo observado coincide com F após normalização congelada.,YES,B_B_NORMALIZATION_V1,,,,V7_TEMPORAL_NUMERIC
SC_049_R09.png,SC,SC_049,9,13,ZERO-SHOT,X,numeric,EXHAUSTIVE,READY_ADJUDICATED_DEDUPLICATED_SEQUENCE,0 | 50M | 100M | 150M | 200M | 250M | 300M,0 | 50000000 | 100000000 | 150000000 | 200000000 | 250000000 | 300000000,NOT_SPECIFIED,AUTO_VALIDATED_FROZEN_GATE,AUTO_VALIDATED,0|5e+07|1e+08|1.5e+08|2e+08|2.5e+08|3e+08,0 | 50000000 | 100000000 | 150000000 | 200000000 | 250000000 | 300000000,NORMALIZED_EQUIVALENT,CONFORMING,,,Conteúdo observado coincide com F após normalização congelada.,YES,B_B_NORMALIZATION_V1,,,,V7_TEMPORAL_NUMERIC
SC_049_R10.png,SC,SC_049,10,13,ZERO-SHOT,X,numeric,EXHAUSTIVE,READY_ADJUDICATED_DEDUPLICATED_SEQUENCE,0 | 50M | 100M | 150M | 200M | 250M | 300M,0 | 50000000 | 100000000 | 150000000 | 200000000 | 250000000 | 300000000,NOT_SPECIFIED,AUTO_VALIDATED_FROZEN_GATE,AUTO_VALIDATED,0|5e+07|1e+08|1.5e+08|2e+08|2.5e+08|3e+08,0 | 50000000 | 100000000 | 150000000 | 200000000 | 250000000 | 300000000,NORMALIZED_EQUIVALENT,CONFORMING,,,Conteúdo observado coincide com F após normalização congelada.,YES,B_B_NORMALIZATION_V1,,,,V7_TEMPORAL_NUMERIC
SI_003_R01.png,SI,SI_003,1,6,FEW-SHOT,X,numeric,EXHAUSTIVE,READY_EXPLICIT_LIST,4M | 6M | 8M | 10M | 12M | 14M | 0 | 50M | 100M | 150M | 200M | 250M | 300M,4000000 | 6000000 | 8000000 | 10000000 | 12000000 | 14000000 | 0 | 50000000 | 100000000 | 150000000 | 200000000 | 250000000 | 300000000,NOT_SPECIFIED,MANUAL_AUDIT_AUTO_NONCONFORMING,MANUAL_ADJUDICATED,0 | 50 | 100 | 150 | 200 | 250 | 300,0 | 50 | 100 | 150 | 200 | 250 | 300,NONCONFORMING_VALUE,NONCONFORMING,4000000 | 6000000 | 8000000 | 10000000 | 12000000 | 14000000 | 50000000 | 100000000 | 150000000 | 200000000 | 250000000 | 300000000,50 | 100 | 150 | 200 | 250 | 300,Resultado atualizado após auditoria manual cega de B-A.,YES,B_B_NORMALIZATION_V1,,,,V7_TEMPORAL_NUMERIC
SI_003_R01.png,SI,SI_003,1,6,FEW-SHOT,Y,numeric,EXHAUSTIVE,READY_EXPLICIT_LIST,4M | 6M | 8M | 10M | 12M | 14M | 0 | 50M | 100M | 150M | 200M | 250M | 300M,4000000 | 6000000 | 8000000 | 10000000 | 12000000 | 14000000 | 0 | 50000000 | 100000000 | 150000000 | 200000000 | 250000000 | 300000000,NOT_SPECIFIED,MANUAL_AUDIT_AUTO_NONCONFORMING,MANUAL_ADJUDICATED,4 | 6 | 8 | 10 | 12 | 14,4 | 6 | 8 | 10 | 12 | 14,NONCONFORMING_VALUE,NONCONFORMING,4000000 | 6000000 | 8000000 | 10000000 | 12000000 | 14000000 | 0 | 50000000 | 100000000 | 150000000 | 200000000 | 250000000 | 300000000,4 | 6 | 8 | 10 | 12 | 14,Resultado atualizado após auditoria manual cega de B-A.,YES,B_B_NORMALIZATION_V1,,,,V7_TEMPORAL_NUMERIC
SI_003_R02.png,SI,SI_003,2,6,FEW-SHOT,X,numeric,EXHAUSTIVE,READY_EXPLICIT_LIST,4M | 6M | 8M | 10M | 12M | 14M | 0 | 50M | 100M | 150M | 200M | 250M | 300M,4000000 | 6000000 | 8000000 | 10000000 | 12000000 | 14000000 | 0 | 50000000 | 100000000 | 150000000 | 200000000 | 250000000 | 300000000,NOT_SPECIFIED,MANUAL_AUDIT_AUTO_NONCONFORMING,MANUAL_ADJUDICATED,0 | 50M | 100M | 150M | 200M | 250M | 300M,0 | 50000000 | 100000000 | 150000000 | 200000000 | 250000000 | 300000000,NONCONFORMING_MISSING,NONCONFORMING,4000000 | 6000000 | 8000000 | 10000000 | 12000000 | 14000000,,Resultado atualizado após auditoria manual cega de B-A.,YES,B_B_NORMALIZATION_V1,,,,V7_TEMPORAL_NUMERIC
SI_003_R02.png,SI,SI_003,2,6,FEW-SHOT,Y,numeric,EXHAUSTIVE,READY_EXPLICIT_LIST,4M | 6M | 8M | 10M | 12M | 14M | 0 | 50M | 100M | 150M | 200M | 250M | 300M,4000000 | 6000000 | 8000000 | 10000000 | 12000000 | 14000000 | 0 | 50000000 | 100000000 | 150000000 | 200000000 | 250000000 | 300000000,NOT_SPECIFIED,MANUAL_ADJUDICATED,MANUAL_ADJUDICATED,4 | 6 | 8 | 10 | 12 | 14,4 | 6 | 8 | 10 | 12 | 14,NONCONFORMING_VALUE,NONCONFORMING,4000000 | 6000000 | 8000000 | 10000000 | 12000000 | 14000000 | 0 | 50000000 | 100000000 | 150000000 | 200000000 | 250000000 | 300000000,4 | 6 | 8 | 10 | 12 | 14,Conteúdo observado difere da lista exaustiva de F.,YES,B_B_NORMALIZATION_V1,,,,V7_TEMPORAL_NUMERIC
SI_003_R03.png,SI,SI_003,3,6,FEW-SHOT,X,numeric,EXHAUSTIVE,READY_EXPLICIT_LIST,4M | 6M | 8M | 10M | 12M | 14M | 0 | 50M | 100M | 150M | 200M | 250M | 300M,4000000 | 6000000 | 8000000 | 10000000 | 12000000 | 14000000 | 0 | 50000000 | 100000000 | 150000000 | 200000000 | 250000000 | 300000000,NOT_SPECIFIED,MANUAL_AUDIT_AUTO_NONCONFORMING,MANUAL_ADJUDICATED,0 | 50M | 100M | 150M | 200M | 250M | 300M,0 | 50000000 | 100000000 | 150000000 | 200000000 | 250000000 | 300000000,NONCONFORMING_MISSING,NONCONFORMING,4000000 | 6000000 | 8000000 | 10000000 | 12000000 | 14000000,,Resultado atualizado após auditoria manual cega de B-A.,YES,B_B_NORMALIZATION_V1,,,,V7_TEMPORAL_NUMERIC
SI_003_R03.png,SI,SI_003,3,6,FEW-SHOT,Y,numeric,EXHAUSTIVE,READY_EXPLICIT_LIST,4M | 6M | 8M | 10M | 12M | 14M | 0 | 50M | 100M | 150M | 200M | 250M | 300M,4000000 | 6000000 | 8000000 | 10000000 | 12000000 | 14000000 | 0 | 50000000 | 100000000 | 150000000 | 200000000 | 250000000 | 300000000,NOT_SPECIFIED,MANUAL_ADJUDICATED,MANUAL_ADJUDICATED,4 | 6 | 8 | 10 | 12 | 14,4 | 6 | 8 | 10 | 12 | 14,NONCONFORMING_VALUE,NONCONFORMING,4000000 | 6000000 | 8000000 | 10000000 | 12000000 | 14000000 | 0 | 50000000 | 100000000 | 150000000 | 200000000 | 250000000 | 300000000,4 | 6 | 8 | 10 | 12 | 14,Conteúdo observado difere da lista exaustiva de F.,YES,B_B_NORMALIZATION_V1,,,,V7_TEMPORAL_NUMERIC
SI_003_R04.png,SI,SI_003,4,6,FEW-SHOT,X,numeric,EXHAUSTIVE,READY_EXPLICIT_LIST,4M | 6M | 8M | 10M | 12M | 14M | 0 | 50M | 100M | 150M | 200M | 250M | 300M,4000000 | 6000000 | 8000000 | 10000000 | 12000000 | 14000000 | 0 | 50000000 | 100000000 | 150000000 | 200000000 | 250000000 | 300000000,NOT_SPECIFIED,MANUAL_AUDIT_AUTO_NONCONFORMING,MANUAL_ADJUDICATED,0 | 50M | 100M | 150M | 200M | 250M | 300M,0 | 50000000 | 100000000 | 150000000 | 200000000 | 250000000 | 300000000,NONCONFORMING_MISSING,NONCONFORMING,4000000 | 6000000 | 8000000 | 10000000 | 12000000 | 14000000,,Resultado atualizado após auditoria manual cega de B-A.,YES,B_B_NORMALIZATION_V1,,,,V7_TEMPORAL_NUMERIC
SI_003_R04.png,SI,SI_003,4,6,FEW-SHOT,Y,numeric,EXHAUSTIVE,READY_EXPLICIT_LIST,4M | 6M | 8M | 10M | 12M | 14M | 0 | 50M | 100M | 150M | 200M | 250M | 300M,4000000 | 6000000 | 8000000 | 10000000 | 12000000 | 14000000 | 0 | 50000000 | 100000000 | 150000000 | 200000000 | 250000000 | 300000000,NOT_SPECIFIED,MANUAL_ADJUDICATED,MANUAL_ADJUDICATED,4 | 6 | 8 | 10 | 12 | 14,4 | 6 | 8 | 10 | 12 | 14,NONCONFORMING_VALUE,NONCONFORMING,4000000 | 6000000 | 8000000 | 10000000 | 12000000 | 14000000 | 0 | 50000000 | 100000000 | 150000000 | 200000000 | 250000000 | 300000000,4 | 6 | 8 | 10 | 12 | 14,Conteúdo observado difere da lista exaustiva de F.,YES,B_B_NORMALIZATION_V1,,,,V7_TEMPORAL_NUMERIC
SI_003_R05.png,SI,SI_003,5,6,FEW-SHOT,X,numeric,EXHAUSTIVE,READY_EXPLICIT_LIST,4M | 6M | 8M | 10M | 12M | 14M | 0 | 50M | 100M | 150M | 200M | 250M | 300M,4000000 | 6000000 | 8000000 | 10000000 | 12000000 | 14000000 | 0 | 50000000 | 100000000 | 150000000 | 200000000 | 250000000 | 300000000,NOT_SPECIFIED,MANUAL_AUDIT_AUTO_NONCONFORMING,MANUAL_ADJUDICATED,0 | 50M | 100M | 150M | 200M | 250M | 300M,0 | 50000000 | 100000000 | 150000000 | 200000000 | 250000000 | 300000000,NONCONFORMING_MISSING,NONCONFORMING,4000000 | 6000000 | 8000000 | 10000000 | 12000000 | 14000000,,Resultado atualizado após auditoria manual cega de B-A.,YES,B_B_NORMALIZATION_V1,,,,V7_TEMPORAL_NUMERIC
SI_003_R05.png,SI,SI_003,5,6,FEW-SHOT,Y,numeric,EXHAUSTIVE,READY_EXPLICIT_LIST,4M | 6M | 8M | 10M | 12M | 14M | 0 | 50M | 100M | 150M | 200M | 250M | 300M,4000000 | 6000000 | 8000000 | 10000000 | 12000000 | 14000000 | 0 | 50000000 | 100000000 | 150000000 | 200000000 | 250000000 | 300000000,NOT_SPECIFIED,MANUAL_ADJUDICATED,MANUAL_ADJUDICATED,4 | 6 | 8 | 10 | 12 | 14,4 | 6 | 8 | 10 | 12 | 14,NONCONFORMING_VALUE,NONCONFORMING,4000000 | 6000000 | 8000000 | 10000000 | 12000000 | 14000000 | 0 | 50000000 | 100000000 | 150000000 | 200000000 | 250000000 | 300000000,4 | 6 | 8 | 10 | 12 | 14,Conteúdo observado difere da lista exaustiva de F.,YES,B_B_NORMALIZATION_V1,,,,V7_TEMPORAL_NUMERIC
SI_003_R06.png,SI,SI_003,6,6,FEW-SHOT,X,numeric,EXHAUSTIVE,READY_EXPLICIT_LIST,4M | 6M | 8M | 10M | 12M | 14M | 0 | 50M | 100M | 150M | 200M | 250M | 300M,4000000 | 6000000 | 8000000 | 10000000 | 12000000 | 14000000 | 0 | 50000000 | 100000000 | 150000000 | 200000000 | 250000000 | 300000000,NOT_SPECIFIED,MANUAL_AUDIT_AUTO_NONCONFORMING,MANUAL_ADJUDICATED,0 | 50M | 100M | 150M | 200M | 250M | 300M,0 | 50000000 | 100000000 | 150000000 | 200000000 | 250000000 | 300000000,NONCONFORMING_MISSING,NONCONFORMING,4000000 | 6000000 | 8000000 | 10000000 | 12000000 | 14000000,,Resultado atualizado após auditoria manual cega de B-A.,YES,B_B_NORMALIZATION_V1,,,,V7_TEMPORAL_NUMERIC
SI_003_R06.png,SI,SI_003,6,6,FEW-SHOT,Y,numeric,EXHAUSTIVE,READY_EXPLICIT_LIST,4M | 6M | 8M | 10M | 12M | 14M | 0 | 50M | 100M | 150M | 200M | 250M | 300M,4000000 | 6000000 | 8000000 | 10000000 | 12000000 | 14000000 | 0 | 50000000 | 100000000 | 150000000 | 200000000 | 250000000 | 300000000,NOT_SPECIFIED,MANUAL_ADJUDICATED,MANUAL_ADJUDICATED,4 | 6 | 8 | 10 | 12 | 14,4 | 6 | 8 | 10 | 12 | 14,NONCONFORMING_VALUE,NONCONFORMING,4000000 | 6000000 | 8000000 | 10000000 | 12000000 | 14000000 | 0 | 50000000 | 100000000 | 150000000 | 200000000 | 250000000 | 300000000,4 | 6 | 8 | 10 | 12 | 14,Conteúdo observado difere da lista exaustiva de F.,YES,B_B_NORMALIZATION_V1,,,,V7_TEMPORAL_NUMERIC
SI_003_R07.png,SI,SI_003,7,6,FEW-SHOT,X,numeric,EXHAUSTIVE,READY_EXPLICIT_LIST,4M | 6M | 8M | 10M | 12M | 14M | 0 | 50M | 100M | 150M | 200M | 250M | 300M,4000000 | 6000000 | 8000000 | 10000000 | 12000000 | 14000000 | 0 | 50000000 | 100000000 | 150000000 | 200000000 | 250000000 | 300000000,NOT_SPECIFIED,MANUAL_AUDIT_AUTO_NONCONFORMING,MANUAL_ADJUDICATED,0 | 50M | 100M | 150M | 200M | 250M | 300M,0 | 50000000 | 100000000 | 150000000 | 200000000 | 250000000 | 300000000,NONCONFORMING_MISSING,NONCONFORMING,4000000 | 6000000 | 8000000 | 10000000 | 12000000 | 14000000,,Resultado atualizado após auditoria manual cega de B-A.,YES,B_B_NORMALIZATION_V1,,,,V7_TEMPORAL_NUMERIC
SI_003_R07.png,SI,SI_003,7,6,FEW-SHOT,Y,numeric,EXHAUSTIVE,READY_EXPLICIT_LIST,4M | 6M | 8M | 10M | 12M | 14M | 0 | 50M | 100M | 150M | 200M | 250M | 300M,4000000 | 6000000 | 8000000 | 10000000 | 12000000 | 14000000 | 0 | 50000000 | 100000000 | 150000000 | 200000000 | 250000000 | 300000000,NOT_SPECIFIED,MANUAL_ADJUDICATED,MANUAL_ADJUDICATED,4 | 6 | 8 | 10 | 12 | 14,4 | 6 | 8 | 10 | 12 | 14,NONCONFORMING_VALUE,NONCONFORMING,4000000 | 6000000 | 8000000 | 10000000 | 12000000 | 14000000 | 0 | 50000000 | 100000000 | 150000000 | 200000000 | 250000000 | 300000000,4 | 6 | 8 | 10 | 12 | 14,Conteúdo observado difere da lista exaustiva de F.,YES,B_B_NORMALIZATION_V1,,,,V7_TEMPORAL_NUMERIC
SI_003_R08.png,SI,SI_003,8,6,FEW-SHOT,X,numeric,EXHAUSTIVE,READY_EXPLICIT_LIST,4M | 6M | 8M | 10M | 12M | 14M | 0 | 50M | 100M | 150M | 200M | 250M | 300M,4000000 | 6000000 | 8000000 | 10000000 | 12000000 | 14000000 | 0 | 50000000 | 100000000 | 150000000 | 200000000 | 250000000 | 300000000,NOT_SPECIFIED,MANUAL_AUDIT_AUTO_NONCONFORMING,MANUAL_ADJUDICATED,0 | 50M | 100M | 150M | 200M | 250M | 300M,0 | 50000000 | 100000000 | 150000000 | 200000000 | 250000000 | 300000000,NONCONFORMING_MISSING,NONCONFORMING,4000000 | 6000000 | 8000000 | 10000000 | 12000000 | 14000000,,Resultado atualizado após auditoria manual cega de B-A.,YES,B_B_NORMALIZATION_V1,,,,V7_TEMPORAL_NUMERIC
SI_003_R08.png,SI,SI_003,8,6,FEW-SHOT,Y,numeric,EXHAUSTIVE,READY_EXPLICIT_LIST,4M | 6M | 8M | 10M | 12M | 14M | 0 | 50M | 100M | 150M | 200M | 250M | 300M,4000000 | 6000000 | 8000000 | 10000000 | 12000000 | 14000000 | 0 | 50000000 | 100000000 | 150000000 | 200000000 | 250000000 | 300000000,NOT_SPECIFIED,MANUAL_ADJUDICATED,MANUAL_ADJUDICATED,4 | 6 | 8 | 10 | 12 | 14,4 | 6 | 8 | 10 | 12 | 14,NONCONFORMING_VALUE,NONCONFORMING,4000000 | 6000000 | 8000000 | 10000000 | 12000000 | 14000000 | 0 | 50000000 | 100000000 | 150000000 | 200000000 | 250000000 | 300000000,4 | 6 | 8 | 10 | 12 | 14,Conteúdo observado difere da lista exaustiva de F.,YES,B_B_NORMALIZATION_V1,,,,V7_TEMPORAL_NUMERIC
SI_003_R09.png,SI,SI_003,9,6,FEW-SHOT,X,numeric,EXHAUSTIVE,READY_EXPLICIT_LIST,4M | 6M | 8M | 10M | 12M | 14M | 0 | 50M | 100M | 150M | 200M | 250M | 300M,4000000 | 6000000 | 8000000 | 10000000 | 12000000 | 14000000 | 0 | 50000000 | 100000000 | 150000000 | 200000000 | 250000000 | 300000000,NOT_SPECIFIED,MANUAL_AUDIT_AUTO_NONCONFORMING,MANUAL_ADJUDICATED,0 | 50M | 100M | 150M | 200M | 250M | 300M,0 | 50000000 | 100000000 | 150000000 | 200000000 | 250000000 | 300000000,NONCONFORMING_MISSING,NONCONFORMING,4000000 | 6000000 | 8000000 | 10000000 | 12000000 | 14000000,,Resultado atualizado após auditoria manual cega de B-A.,YES,B_B_NORMALIZATION_V1,,,,V7_TEMPORAL_NUMERIC
SI_003_R09.png,SI,SI_003,9,6,FEW-SHOT,Y,numeric,EXHAUSTIVE,READY_EXPLICIT_LIST,4M | 6M | 8M | 10M | 12M | 14M | 0 | 50M | 100M | 150M | 200M | 250M | 300M,4000000 | 6000000 | 8000000 | 10000000 | 12000000 | 14000000 | 0 | 50000000 | 100000000 | 150000000 | 200000000 | 250000000 | 300000000,NOT_SPECIFIED,MANUAL_ADJUDICATED,MANUAL_ADJUDICATED,4 | 6 | 8 | 10 | 12 | 14,4 | 6 | 8 | 10 | 12 | 14,NONCONFORMING_VALUE,NONCONFORMING,4000000 | 6000000 | 8000000 | 10000000 | 12000000 | 14000000 | 0 | 50000000 | 100000000 | 150000000 | 200000000 | 250000000 | 300000000,4 | 6 | 8 | 10 | 12 | 14,Conteúdo observado difere da lista exaustiva de F.,YES,B_B_NORMALIZATION_V1,,,,V7_TEMPORAL_NUMERIC
SI_003_R10.png,SI,SI_003,10,6,FEW-SHOT,X,numeric,EXHAUSTIVE,READY_EXPLICIT_LIST,4M | 6M | 8M | 10M | 12M | 14M | 0 | 50M | 100M | 150M | 200M | 250M | 300M,4000000 | 6000000 | 8000000 | 10000000 | 12000000 | 14000000 | 0 | 50000000 | 100000000 | 150000000 | 200000000 | 250000000 | 300000000,NOT_SPECIFIED,MANUAL_AUDIT_AUTO_NONCONFORMING,MANUAL_ADJUDICATED,0 | 50M | 100M | 150M | 200M | 250M | 300M,0 | 50000000 | 100000000 | 150000000 | 200000000 | 250000000 | 300000000,NONCONFORMING_MISSING,NONCONFORMING,4000000 | 6000000 | 8000000 | 10000000 | 12000000 | 14000000,,Resultado atualizado após auditoria manual cega de B-A.,YES,B_B_NORMALIZATION_V1,,,,V7_TEMPORAL_NUMERIC
SI_003_R10.png,SI,SI_003,10,6,FEW-SHOT,Y,numeric,EXHAUSTIVE,READY_EXPLICIT_LIST,4M | 6M | 8M | 10M | 12M | 14M | 0 | 50M | 100M | 150M | 200M | 250M | 300M,4000000 | 6000000 | 8000000 | 10000000 | 12000000 | 14000000 | 0 | 50000000 | 100000000 | 150000000 | 200000000 | 250000000 | 300000000,NOT_SPECIFIED,MANUAL_ADJUDICATED,MANUAL_ADJUDICATED,4 | 6 | 8 | 10 | 12 | 14,4 | 6 | 8 | 10 | 12 | 14,NONCONFORMING_VALUE,NONCONFORMING,4000000 | 6000000 | 8000000 | 10000000 | 12000000 | 14000000 | 0 | 50000000 | 100000000 | 150000000 | 200000000 | 250000000 | 300000000,4 | 6 | 8 | 10 | 12 | 14,Conteúdo observado difere da lista exaustiva de F.,YES,B_B_NORMALIZATION_V1,,,,V7_TEMPORAL_NUMERIC
SI_006_R01.png,SI,SI_006,1,9,FEW-SHOT,X,numeric,EXHAUSTIVE,READY_EXPLICIT_LIST,0 | 50M | 100M | 150M | 200M | 250M | 300M,0 | 50000000 | 100000000 | 150000000 | 200000000 | 250000000 | 300000000,NOT_SPECIFIED,MANUAL_ADJUDICATED,MANUAL_ADJUDICATED,0 | 50 | 100 | 150 | 200 | 250,0 | 50 | 100 | 150 | 200 | 250,NONCONFORMING_VALUE,NONCONFORMING,50000000 | 100000000 | 150000000 | 200000000 | 250000000 | 300000000,50 | 100 | 150 | 200 | 250,Conteúdo observado difere da lista exaustiva de F.,YES,B_B_NORMALIZATION_V1,,,,V7_TEMPORAL_NUMERIC
SI_006_R01.png,SI,SI_006,1,9,FEW-SHOT,Y,numeric,EXHAUSTIVE,READY_EXPLICIT_LIST,4 | 6 | 8 | 10 | 12 | 14,4 | 6 | 8 | 10 | 12 | 14,NOT_SPECIFIED,AUTO_VALIDATED_FROZEN_GATE,AUTO_VALIDATED,4|6|8|10|12|14,4 | 6 | 8 | 10 | 12 | 14,NORMALIZED_EQUIVALENT,CONFORMING,,,Conteúdo observado coincide com F após normalização congelada.,YES,B_B_NORMALIZATION_V1,,,,V7_TEMPORAL_NUMERIC
SI_006_R02.png,SI,SI_006,2,9,FEW-SHOT,X,numeric,EXHAUSTIVE,READY_EXPLICIT_LIST,0 | 50M | 100M | 150M | 200M | 250M | 300M,0 | 50000000 | 100000000 | 150000000 | 200000000 | 250000000 | 300000000,NOT_SPECIFIED,MANUAL_ADJUDICATED,MANUAL_ADJUDICATED,0 | 50M | 100M | 150M | 200M | 250M | 300M,0 | 50000000 | 100000000 | 150000000 | 200000000 | 250000000 | 300000000,NORMALIZED_EQUIVALENT,CONFORMING,,,Conteúdo observado coincide com F após normalização congelada.,YES,B_B_NORMALIZATION_V1,,,,V7_TEMPORAL_NUMERIC
SI_006_R02.png,SI,SI_006,2,9,FEW-SHOT,Y,numeric,EXHAUSTIVE,READY_EXPLICIT_LIST,4 | 6 | 8 | 10 | 12 | 14,4 | 6 | 8 | 10 | 12 | 14,NOT_SPECIFIED,AUTO_VALIDATED_FROZEN_GATE,AUTO_VALIDATED,4|6|8|10|12|14,4 | 6 | 8 | 10 | 12 | 14,NORMALIZED_EQUIVALENT,CONFORMING,,,Conteúdo observado coincide com F após normalização congelada.,YES,B_B_NORMALIZATION_V1,,,,V7_TEMPORAL_NUMERIC
SI_006_R03.png,SI,SI_006,3,9,FEW-SHOT,X,numeric,EXHAUSTIVE,READY_EXPLICIT_LIST,0 | 50M | 100M | 150M | 200M | 250M | 300M,0 | 50000000 | 100000000 | 150000000 | 200000000 | 250000000 | 300000000,NOT_SPECIFIED,MANUAL_ADJUDICATED,MANUAL_ADJUDICATED,0 | 50M | 100M | 150M | 200M | 250M | 300M,0 | 50000000 | 100000000 | 150000000 | 200000000 | 250000000 | 300000000,NORMALIZED_EQUIVALENT,CONFORMING,,,Conteúdo observado coincide com F após normalização congelada.,YES,B_B_NORMALIZATION_V1,,,,V7_TEMPORAL_NUMERIC
SI_006_R03.png,SI,SI_006,3,9,FEW-SHOT,Y,numeric,EXHAUSTIVE,READY_EXPLICIT_LIST,4 | 6 | 8 | 10 | 12 | 14,4 | 6 | 8 | 10 | 12 | 14,NOT_SPECIFIED,AUTO_VALIDATED_FROZEN_GATE,AUTO_VALIDATED,4|6|8|10|12|14,4 | 6 | 8 | 10 | 12 | 14,NORMALIZED_EQUIVALENT,CONFORMING,,,Conteúdo observado coincide com F após normalização congelada.,YES,B_B_NORMALIZATION_V1,,,,V7_TEMPORAL_NUMERIC
SI_006_R04.png,SI,SI_006,4,9,FEW-SHOT,X,numeric,EXHAUSTIVE,READY_EXPLICIT_LIST,0 | 50M | 100M | 150M | 200M | 250M | 300M,0 | 50000000 | 100000000 | 150000000 | 200000000 | 250000000 | 300000000,NOT_SPECIFIED,MANUAL_ADJUDICATED,MANUAL_ADJUDICATED,0 | 50M | 100M | 150M | 200M | 250M | 300M,0 | 50000000 | 100000000 | 150000000 | 200000000 | 250000000 | 300000000,NORMALIZED_EQUIVALENT,CONFORMING,,,Conteúdo observado coincide com F após normalização congelada.,YES,B_B_NORMALIZATION_V1,,,,V7_TEMPORAL_NUMERIC
SI_006_R04.png,SI,SI_006,4,9,FEW-SHOT,Y,numeric,EXHAUSTIVE,READY_EXPLICIT_LIST,4 | 6 | 8 | 10 | 12 | 14,4 | 6 | 8 | 10 | 12 | 14,NOT_SPECIFIED,AUTO_VALIDATED_FROZEN_GATE,AUTO_VALIDATED,4|6|8|10|12|14,4 | 6 | 8 | 10 | 12 | 14,NORMALIZED_EQUIVALENT,CONFORMING,,,Conteúdo observado coincide com F após normalização congelada.,YES,B_B_NORMALIZATION_V1,,,,V7_TEMPORAL_NUMERIC
SI_006_R05.png,SI,SI_006,5,9,FEW-SHOT,X,numeric,EXHAUSTIVE,READY_EXPLICIT_LIST,0 | 50M | 100M | 150M | 200M | 250M | 300M,0 | 50000000 | 100000000 | 150000000 | 200000000 | 250000000 | 300000000,NOT_SPECIFIED,MANUAL_ADJUDICATED,MANUAL_ADJUDICATED,0 | 50M | 100M | 150M | 200M | 250M | 300M,0 | 50000000 | 100000000 | 150000000 | 200000000 | 250000000 | 300000000,NORMALIZED_EQUIVALENT,CONFORMING,,,Conteúdo observado coincide com F após normalização congelada.,YES,B_B_NORMALIZATION_V1,,,,V7_TEMPORAL_NUMERIC
SI_006_R05.png,SI,SI_006,5,9,FEW-SHOT,Y,numeric,EXHAUSTIVE,READY_EXPLICIT_LIST,4 | 6 | 8 | 10 | 12 | 14,4 | 6 | 8 | 10 | 12 | 14,NOT_SPECIFIED,AUTO_VALIDATED_FROZEN_GATE,AUTO_VALIDATED,4|6|8|10|12|14,4 | 6 | 8 | 10 | 12 | 14,NORMALIZED_EQUIVALENT,CONFORMING,,,Conteúdo observado coincide com F após normalização congelada.,YES,B_B_NORMALIZATION_V1,,,,V7_TEMPORAL_NUMERIC
SI_006_R06.png,SI,SI_006,6,9,FEW-SHOT,X,numeric,EXHAUSTIVE,READY_EXPLICIT_LIST,0 | 50M | 100M | 150M | 200M | 250M | 300M,0 | 50000000 | 100000000 | 150000000 | 200000000 | 250000000 | 300000000,NOT_SPECIFIED,MANUAL_ADJUDICATED,MANUAL_ADJUDICATED,0 | 50M | 100M | 150M | 200M | 250M | 300M,0 | 50000000 | 100000000 | 150000000 | 200000000 | 250000000 | 300000000,NORMALIZED_EQUIVALENT,CONFORMING,,,Conteúdo observado coincide com F após normalização congelada.,YES,B_B_NORMALIZATION_V1,,,,V7_TEMPORAL_NUMERIC
SI_006_R06.png,SI,SI_006,6,9,FEW-SHOT,Y,numeric,EXHAUSTIVE,READY_EXPLICIT_LIST,4 | 6 | 8 | 10 | 12 | 14,4 | 6 | 8 | 10 | 12 | 14,NOT_SPECIFIED,AUTO_VALIDATED_FROZEN_GATE,AUTO_VALIDATED,4|6|8|10|12|14,4 | 6 | 8 | 10 | 12 | 14,NORMALIZED_EQUIVALENT,CONFORMING,,,Conteúdo observado coincide com F após normalização congelada.,YES,B_B_NORMALIZATION_V1,,,,V7_TEMPORAL_NUMERIC
SI_006_R07.png,SI,SI_006,7,9,FEW-SHOT,X,numeric,EXHAUSTIVE,READY_EXPLICIT_LIST,0 | 50M | 100M | 150M | 200M | 250M | 300M,0 | 50000000 | 100000000 | 150000000 | 200000000 | 250000000 | 300000000,NOT_SPECIFIED,MANUAL_ADJUDICATED,MANUAL_ADJUDICATED,0 | 50M | 100M | 150M | 200M | 250M | 300M,0 | 50000000 | 100000000 | 150000000 | 200000000 | 250000000 | 300000000,NORMALIZED_EQUIVALENT,CONFORMING,,,Conteúdo observado coincide com F após normalização congelada.,YES,B_B_NORMALIZATION_V1,,,,V7_TEMPORAL_NUMERIC
SI_006_R07.png,SI,SI_006,7,9,FEW-SHOT,Y,numeric,EXHAUSTIVE,READY_EXPLICIT_LIST,4 | 6 | 8 | 10 | 12 | 14,4 | 6 | 8 | 10 | 12 | 14,NOT_SPECIFIED,AUTO_VALIDATED_FROZEN_GATE,AUTO_VALIDATED,4|6|8|10|12|14,4 | 6 | 8 | 10 | 12 | 14,NORMALIZED_EQUIVALENT,CONFORMING,,,Conteúdo observado coincide com F após normalização congelada.,YES,B_B_NORMALIZATION_V1,,,,V7_TEMPORAL_NUMERIC
SI_006_R08.png,SI,SI_006,8,9,FEW-SHOT,X,numeric,EXHAUSTIVE,READY_EXPLICIT_LIST,0 | 50M | 100M | 150M | 200M | 250M | 300M,0 | 50000000 | 100000000 | 150000000 | 200000000 | 250000000 | 300000000,NOT_SPECIFIED,MANUAL_ADJUDICATED,MANUAL_ADJUDICATED,0 | 50M | 100M | 150M | 200M | 250M | 300M,0 | 50000000 | 100000000 | 150000000 | 200000000 | 250000000 | 300000000,NORMALIZED_EQUIVALENT,CONFORMING,,,Conteúdo observado coincide com F após normalização congelada.,YES,B_B_NORMALIZATION_V1,,,,V7_TEMPORAL_NUMERIC
SI_006_R08.png,SI,SI_006,8,9,FEW-SHOT,Y,numeric,EXHAUSTIVE,READY_EXPLICIT_LIST,4 | 6 | 8 | 10 | 12 | 14,4 | 6 | 8 | 10 | 12 | 14,NOT_SPECIFIED,AUTO_VALIDATED_FROZEN_GATE,AUTO_VALIDATED,4|6|8|10|12|14,4 | 6 | 8 | 10 | 12 | 14,NORMALIZED_EQUIVALENT,CONFORMING,,,Conteúdo observado coincide com F após normalização congelada.,YES,B_B_NORMALIZATION_V1,,,,V7_TEMPORAL_NUMERIC
SI_006_R09.png,SI,SI_006,9,9,FEW-SHOT,X,numeric,EXHAUSTIVE,READY_EXPLICIT_LIST,0 | 50M | 100M | 150M | 200M | 250M | 300M,0 | 50000000 | 100000000 | 150000000 | 200000000 | 250000000 | 300000000,NOT_SPECIFIED,MANUAL_ADJUDICATED,MANUAL_ADJUDICATED,0 | 50M | 100M | 150M | 200M | 250M | 300M,0 | 50000000 | 100000000 | 150000000 | 200000000 | 250000000 | 300000000,NORMALIZED_EQUIVALENT,CONFORMING,,,Conteúdo observado coincide com F após normalização congelada.,YES,B_B_NORMALIZATION_V1,,,,V7_TEMPORAL_NUMERIC
SI_006_R09.png,SI,SI_006,9,9,FEW-SHOT,Y,numeric,EXHAUSTIVE,READY_EXPLICIT_LIST,4 | 6 | 8 | 10 | 12 | 14,4 | 6 | 8 | 10 | 12 | 14,NOT_SPECIFIED,AUTO_VALIDATED_FROZEN_GATE,AUTO_VALIDATED,4|6|8|10|12|14,4 | 6 | 8 | 10 | 12 | 14,NORMALIZED_EQUIVALENT,CONFORMING,,,Conteúdo observado coincide com F após normalização congelada.,YES,B_B_NORMALIZATION_V1,,,,V7_TEMPORAL_NUMERIC
SI_006_R10.png,SI,SI_006,10,9,FEW-SHOT,X,numeric,EXHAUSTIVE,READY_EXPLICIT_LIST,0 | 50M | 100M | 150M | 200M | 250M | 300M,0 | 50000000 | 100000000 | 150000000 | 200000000 | 250000000 | 300000000,NOT_SPECIFIED,MANUAL_ADJUDICATED,MANUAL_ADJUDICATED,0 | 50M | 100M | 150M | 200M | 250M | 300M,0 | 50000000 | 100000000 | 150000000 | 200000000 | 250000000 | 300000000,NORMALIZED_EQUIVALENT,CONFORMING,,,Conteúdo observado coincide com F após normalização congelada.,YES,B_B_NORMALIZATION_V1,,,,V7_TEMPORAL_NUMERIC
SI_006_R10.png,SI,SI_006,10,9,FEW-SHOT,Y,numeric,EXHAUSTIVE,READY_EXPLICIT_LIST,4 | 6 | 8 | 10 | 12 | 14,4 | 6 | 8 | 10 | 12 | 14,NOT_SPECIFIED,AUTO_VALIDATED_FROZEN_GATE,AUTO_VALIDATED,4|6|8|10|12|14,4 | 6 | 8 | 10 | 12 | 14,NORMALIZED_EQUIVALENT,CONFORMING,,,Conteúdo observado coincide com F após normalização congelada.,YES,B_B_NORMALIZATION_V1,,,,V7_TEMPORAL_NUMERIC
SI_010_R01.png,SI,SI_010,1,13,FEW-SHOT,X,numeric,EXHAUSTIVE,READY_ADJUDICATED_DEDUPLICATED_SEQUENCE,0 | 50M | 100M | 150M | 200M | 250M | 300M,0 | 50000000 | 100000000 | 150000000 | 200000000 | 250000000 | 300000000,NOT_SPECIFIED,AUTO_VALIDATED_FROZEN_GATE,AUTO_VALIDATED,0|5e+07|1e+08|1.5e+08|2e+08|2.5e+08|3e+08,0 | 50000000 | 100000000 | 150000000 | 200000000 | 250000000 | 300000000,NORMALIZED_EQUIVALENT,CONFORMING,,,Conteúdo observado coincide com F após normalização congelada.,YES,B_B_NORMALIZATION_V1,,,,V7_TEMPORAL_NUMERIC
SI_010_R02.png,SI,SI_010,2,13,FEW-SHOT,X,numeric,EXHAUSTIVE,READY_ADJUDICATED_DEDUPLICATED_SEQUENCE,0 | 50M | 100M | 150M | 200M | 250M | 300M,0 | 50000000 | 100000000 | 150000000 | 200000000 | 250000000 | 300000000,NOT_SPECIFIED,AUTO_VALIDATED_FROZEN_GATE,AUTO_VALIDATED,0|5e+07|1e+08|1.5e+08|2e+08|2.5e+08|3e+08,0 | 50000000 | 100000000 | 150000000 | 200000000 | 250000000 | 300000000,NORMALIZED_EQUIVALENT,CONFORMING,,,Conteúdo observado coincide com F após normalização congelada.,YES,B_B_NORMALIZATION_V1,,,,V7_TEMPORAL_NUMERIC
SI_010_R03.png,SI,SI_010,3,13,FEW-SHOT,X,numeric,EXHAUSTIVE,READY_ADJUDICATED_DEDUPLICATED_SEQUENCE,0 | 50M | 100M | 150M | 200M | 250M | 300M,0 | 50000000 | 100000000 | 150000000 | 200000000 | 250000000 | 300000000,NOT_SPECIFIED,AUTO_VALIDATED_FROZEN_GATE,AUTO_VALIDATED,0|5e+07|1e+08|1.5e+08|2e+08|2.5e+08|3e+08,0 | 50000000 | 100000000 | 150000000 | 200000000 | 250000000 | 300000000,NORMALIZED_EQUIVALENT,CONFORMING,,,Conteúdo observado coincide com F após normalização congelada.,YES,B_B_NORMALIZATION_V1,,,,V7_TEMPORAL_NUMERIC
SI_010_R04.png,SI,SI_010,4,13,FEW-SHOT,X,numeric,EXHAUSTIVE,READY_ADJUDICATED_DEDUPLICATED_SEQUENCE,0 | 50M | 100M | 150M | 200M | 250M | 300M,0 | 50000000 | 100000000 | 150000000 | 200000000 | 250000000 | 300000000,NOT_SPECIFIED,AUTO_VALIDATED_FROZEN_GATE,AUTO_VALIDATED,0|5e+07|1e+08|1.5e+08|2e+08|2.5e+08|3e+08,0 | 50000000 | 100000000 | 150000000 | 200000000 | 250000000 | 300000000,NORMALIZED_EQUIVALENT,CONFORMING,,,Conteúdo observado coincide com F após normalização congelada.,YES,B_B_NORMALIZATION_V1,,,,V7_TEMPORAL_NUMERIC
SI_010_R05.png,SI,SI_010,5,13,FEW-SHOT,X,numeric,EXHAUSTIVE,READY_ADJUDICATED_DEDUPLICATED_SEQUENCE,0 | 50M | 100M | 150M | 200M | 250M | 300M,0 | 50000000 | 100000000 | 150000000 | 200000000 | 250000000 | 300000000,NOT_SPECIFIED,AUTO_VALIDATED_FROZEN_GATE,AUTO_VALIDATED,0|5e+07|1e+08|1.5e+08|2e+08|2.5e+08|3e+08,0 | 50000000 | 100000000 | 150000000 | 200000000 | 250000000 | 300000000,NORMALIZED_EQUIVALENT,CONFORMING,,,Conteúdo observado coincide com F após normalização congelada.,YES,B_B_NORMALIZATION_V1,,,,V7_TEMPORAL_NUMERIC
SI_010_R06.png,SI,SI_010,6,13,FEW-SHOT,X,numeric,EXHAUSTIVE,READY_ADJUDICATED_DEDUPLICATED_SEQUENCE,0 | 50M | 100M | 150M | 200M | 250M | 300M,0 | 50000000 | 100000000 | 150000000 | 200000000 | 250000000 | 300000000,NOT_SPECIFIED,AUTO_VALIDATED_FROZEN_GATE,AUTO_VALIDATED,0|5e+07|1e+08|1.5e+08|2e+08|2.5e+08|3e+08,0 | 50000000 | 100000000 | 150000000 | 200000000 | 250000000 | 300000000,NORMALIZED_EQUIVALENT,CONFORMING,,,Conteúdo observado coincide com F após normalização congelada.,YES,B_B_NORMALIZATION_V1,,,,V7_TEMPORAL_NUMERIC
SI_010_R07.png,SI,SI_010,7,13,FEW-SHOT,X,numeric,EXHAUSTIVE,READY_ADJUDICATED_DEDUPLICATED_SEQUENCE,0 | 50M | 100M | 150M | 200M | 250M | 300M,0 | 50000000 | 100000000 | 150000000 | 200000000 | 250000000 | 300000000,NOT_SPECIFIED,AUTO_VALIDATED_FROZEN_GATE,AUTO_VALIDATED,0|5e+07|1e+08|1.5e+08|2e+08|2.5e+08|3e+08,0 | 50000000 | 100000000 | 150000000 | 200000000 | 250000000 | 300000000,NORMALIZED_EQUIVALENT,CONFORMING,,,Conteúdo observado coincide com F após normalização congelada.,YES,B_B_NORMALIZATION_V1,,,,V7_TEMPORAL_NUMERIC
SI_010_R08.png,SI,SI_010,8,13,FEW-SHOT,X,numeric,EXHAUSTIVE,READY_ADJUDICATED_DEDUPLICATED_SEQUENCE,0 | 50M | 100M | 150M | 200M | 250M | 300M,0 | 50000000 | 100000000 | 150000000 | 200000000 | 250000000 | 300000000,NOT_SPECIFIED,AUTO_VALIDATED_FROZEN_GATE,AUTO_VALIDATED,0|5e+07|1e+08|1.5e+08|2e+08|2.5e+08|3e+08,0 | 50000000 | 100000000 | 150000000 | 200000000 | 250000000 | 300000000,NORMALIZED_EQUIVALENT,CONFORMING,,,Conteúdo observado coincide com F após normalização congelada.,YES,B_B_NORMALIZATION_V1,,,,V7_TEMPORAL_NUMERIC
SI_010_R09.png,SI,SI_010,9,13,FEW-SHOT,X,numeric,EXHAUSTIVE,READY_ADJUDICATED_DEDUPLICATED_SEQUENCE,0 | 50M | 100M | 150M | 200M | 250M | 300M,0 | 50000000 | 100000000 | 150000000 | 200000000 | 250000000 | 300000000,NOT_SPECIFIED,AUTO_VALIDATED_FROZEN_GATE,AUTO_VALIDATED,0|5e+07|1e+08|1.5e+08|2e+08|2.5e+08|3e+08,0 | 50000000 | 100000000 | 150000000 | 200000000 | 250000000 | 300000000,NORMALIZED_EQUIVALENT,CONFORMING,,,Conteúdo observado coincide com F após normalização congelada.,YES,B_B_NORMALIZATION_V1,,,,V7_TEMPORAL_NUMERIC
SI_010_R10.png,SI,SI_010,10,13,FEW-SHOT,X,numeric,EXHAUSTIVE,READY_ADJUDICATED_DEDUPLICATED_SEQUENCE,0 | 50M | 100M | 150M | 200M | 250M | 300M,0 | 50000000 | 100000000 | 150000000 | 200000000 | 250000000 | 300000000,NOT_SPECIFIED,AUTO_VALIDATED_FROZEN_GATE,AUTO_VALIDATED,0|5e+07|1e+08|1.5e+08|2e+08|2.5e+08|3e+08,0 | 50000000 | 100000000 | 150000000 | 200000000 | 250000000 | 300000000,NORMALIZED_EQUIVALENT,CONFORMING,,,Conteúdo observado coincide com F após normalização congelada.,YES,B_B_NORMALIZATION_V1,,,,V7_TEMPORAL_NUMERIC
SI_019_R01.png,SI,SI_019,1,9,HIBRIDO,X,numeric,EXHAUSTIVE,READY_EXPLICIT_LIST,0 | 50M | 100M | 150M | 200M | 250M | 300M,0 | 50000000 | 100000000 | 150000000 | 200000000 | 250000000 | 300000000,NOT_SPECIFIED,MANUAL_ADJUDICATED,MANUAL_ADJUDICATED,0.0 | 0.5 | 1.0 | 1.5 | 2.0| 2.5 | 3.0,0 | 0.5 | 1 | 1.5 | 2 | 2.5 | 3,NONCONFORMING_VALUE,NONCONFORMING,50000000 | 100000000 | 150000000 | 200000000 | 250000000 | 300000000,0.5 | 1 | 1.5 | 2 | 2.5 | 3,Conteúdo observado difere da lista exaustiva de F.,YES,B_B_NORMALIZATION_V1,,,,V7_TEMPORAL_NUMERIC
SI_019_R01.png,SI,SI_019,1,9,HIBRIDO,Y,numeric,EXHAUSTIVE,READY_EXPLICIT_LIST,4 | 6 | 8 | 10 | 12 | 14,4 | 6 | 8 | 10 | 12 | 14,NOT_SPECIFIED,AUTO_VALIDATED_FROZEN_GATE,AUTO_VALIDATED,4|6|8|10|12|14,4 | 6 | 8 | 10 | 12 | 14,NORMALIZED_EQUIVALENT,CONFORMING,,,Conteúdo observado coincide com F após normalização congelada.,YES,B_B_NORMALIZATION_V1,,,,V7_TEMPORAL_NUMERIC
SI_019_R02.png,SI,SI_019,2,9,HIBRIDO,X,numeric,EXHAUSTIVE,READY_EXPLICIT_LIST,0 | 50M | 100M | 150M | 200M | 250M | 300M,0 | 50000000 | 100000000 | 150000000 | 200000000 | 250000000 | 300000000,NOT_SPECIFIED,AUTO_VALIDATED_FROZEN_GATE,AUTO_VALIDATED,0|5e+07|1e+08|1.5e+08|2e+08|2.5e+08|3e+08,0 | 50000000 | 100000000 | 150000000 | 200000000 | 250000000 | 300000000,NORMALIZED_EQUIVALENT,CONFORMING,,,Conteúdo observado coincide com F após normalização congelada.,YES,B_B_NORMALIZATION_V1,,,,V7_TEMPORAL_NUMERIC
SI_019_R02.png,SI,SI_019,2,9,HIBRIDO,Y,numeric,EXHAUSTIVE,READY_EXPLICIT_LIST,4 | 6 | 8 | 10 | 12 | 14,4 | 6 | 8 | 10 | 12 | 14,NOT_SPECIFIED,MANUAL_AUDIT_AUTO_NONCONFORMING,MANUAL_ADJUDICATED,0 | 2 | 4 | 6 | 8 | 10 | 12 | 14,0 | 2 | 4 | 6 | 8 | 10 | 12 | 14,NONCONFORMING_EXTRA,NONCONFORMING,,0 | 2,Resultado atualizado após auditoria manual cega de B-A.,YES,B_B_NORMALIZATION_V1,,,,V7_TEMPORAL_NUMERIC
SI_019_R03.png,SI,SI_019,3,9,HIBRIDO,X,numeric,EXHAUSTIVE,READY_EXPLICIT_LIST,0 | 50M | 100M | 150M | 200M | 250M | 300M,0 | 50000000 | 100000000 | 150000000 | 200000000 | 250000000 | 300000000,NOT_SPECIFIED,AUTO_VALIDATED_FROZEN_GATE,AUTO_VALIDATED,0|5e+07|1e+08|1.5e+08|2e+08|2.5e+08|3e+08,0 | 50000000 | 100000000 | 150000000 | 200000000 | 250000000 | 300000000,NORMALIZED_EQUIVALENT,CONFORMING,,,Conteúdo observado coincide com F após normalização congelada.,YES,B_B_NORMALIZATION_V1,,,,V7_TEMPORAL_NUMERIC
SI_019_R03.png,SI,SI_019,3,9,HIBRIDO,Y,numeric,EXHAUSTIVE,READY_EXPLICIT_LIST,4 | 6 | 8 | 10 | 12 | 14,4 | 6 | 8 | 10 | 12 | 14,NOT_SPECIFIED,MANUAL_AUDIT_AUTO_NONCONFORMING,MANUAL_ADJUDICATED,0 | 2 | 4 | 6 | 8 | 10 | 12 | 14,0 | 2 | 4 | 6 | 8 | 10 | 12 | 14,NONCONFORMING_EXTRA,NONCONFORMING,,0 | 2,Resultado atualizado após auditoria manual cega de B-A.,YES,B_B_NORMALIZATION_V1,,,,V7_TEMPORAL_NUMERIC
SI_019_R04.png,SI,SI_019,4,9,HIBRIDO,X,numeric,EXHAUSTIVE,READY_EXPLICIT_LIST,0 | 50M | 100M | 150M | 200M | 250M | 300M,0 | 50000000 | 100000000 | 150000000 | 200000000 | 250000000 | 300000000,NOT_SPECIFIED,AUTO_VALIDATED_FROZEN_GATE,AUTO_VALIDATED,0|5e+07|1e+08|1.5e+08|2e+08|2.5e+08|3e+08,0 | 50000000 | 100000000 | 150000000 | 200000000 | 250000000 | 300000000,NORMALIZED_EQUIVALENT,CONFORMING,,,Conteúdo observado coincide com F após normalização congelada.,YES,B_B_NORMALIZATION_V1,,,,V7_TEMPORAL_NUMERIC
SI_019_R04.png,SI,SI_019,4,9,HIBRIDO,Y,numeric,EXHAUSTIVE,READY_EXPLICIT_LIST,4 | 6 | 8 | 10 | 12 | 14,4 | 6 | 8 | 10 | 12 | 14,NOT_SPECIFIED,MANUAL_AUDIT_AUTO_NONCONFORMING,MANUAL_ADJUDICATED,0 | 2 | 4 | 6 | 8 | 10 | 12 | 14,0 | 2 | 4 | 6 | 8 | 10 | 12 | 14,NONCONFORMING_EXTRA,NONCONFORMING,,0 | 2,Resultado atualizado após auditoria manual cega de B-A.,YES,B_B_NORMALIZATION_V1,,,,V7_TEMPORAL_NUMERIC
SI_019_R05.png,SI,SI_019,5,9,HIBRIDO,X,numeric,EXHAUSTIVE,READY_EXPLICIT_LIST,0 | 50M | 100M | 150M | 200M | 250M | 300M,0 | 50000000 | 100000000 | 150000000 | 200000000 | 250000000 | 300000000,NOT_SPECIFIED,AUTO_VALIDATED_FROZEN_GATE,AUTO_VALIDATED,0|5e+07|1e+08|1.5e+08|2e+08|2.5e+08|3e+08,0 | 50000000 | 100000000 | 150000000 | 200000000 | 250000000 | 300000000,NORMALIZED_EQUIVALENT,CONFORMING,,,Conteúdo observado coincide com F após normalização congelada.,YES,B_B_NORMALIZATION_V1,,,,V7_TEMPORAL_NUMERIC
SI_019_R05.png,SI,SI_019,5,9,HIBRIDO,Y,numeric,EXHAUSTIVE,READY_EXPLICIT_LIST,4 | 6 | 8 | 10 | 12 | 14,4 | 6 | 8 | 10 | 12 | 14,NOT_SPECIFIED,MANUAL_AUDIT_AUTO_NONCONFORMING,MANUAL_ADJUDICATED,0 | 2 | 4 | 6 | 8 | 10 | 12 | 14,0 | 2 | 4 | 6 | 8 | 10 | 12 | 14,NONCONFORMING_EXTRA,NONCONFORMING,,0 | 2,Resultado atualizado após auditoria manual cega de B-A.,YES,B_B_NORMALIZATION_V1,,,,V7_TEMPORAL_NUMERIC
SI_019_R06.png,SI,SI_019,6,9,HIBRIDO,X,numeric,EXHAUSTIVE,READY_EXPLICIT_LIST,0 | 50M | 100M | 150M | 200M | 250M | 300M,0 | 50000000 | 100000000 | 150000000 | 200000000 | 250000000 | 300000000,NOT_SPECIFIED,AUTO_VALIDATED_FROZEN_GATE,AUTO_VALIDATED,0|5e+07|1e+08|1.5e+08|2e+08|2.5e+08|3e+08,0 | 50000000 | 100000000 | 150000000 | 200000000 | 250000000 | 300000000,NORMALIZED_EQUIVALENT,CONFORMING,,,Conteúdo observado coincide com F após normalização congelada.,YES,B_B_NORMALIZATION_V1,,,,V7_TEMPORAL_NUMERIC
SI_019_R06.png,SI,SI_019,6,9,HIBRIDO,Y,numeric,EXHAUSTIVE,READY_EXPLICIT_LIST,4 | 6 | 8 | 10 | 12 | 14,4 | 6 | 8 | 10 | 12 | 14,NOT_SPECIFIED,MANUAL_AUDIT_AUTO_NONCONFORMING,MANUAL_ADJUDICATED,0 | 2 | 4 | 6 | 8 | 10 | 12 | 14,0 | 2 | 4 | 6 | 8 | 10 | 12 | 14,NONCONFORMING_EXTRA,NONCONFORMING,,0 | 2,Resultado atualizado após auditoria manual cega de B-A.,YES,B_B_NORMALIZATION_V1,,,,V7_TEMPORAL_NUMERIC
SI_019_R07.png,SI,SI_019,7,9,HIBRIDO,X,numeric,EXHAUSTIVE,READY_EXPLICIT_LIST,0 | 50M | 100M | 150M | 200M | 250M | 300M,0 | 50000000 | 100000000 | 150000000 | 200000000 | 250000000 | 300000000,NOT_SPECIFIED,AUTO_VALIDATED_FROZEN_GATE,AUTO_VALIDATED,0|5e+07|1e+08|1.5e+08|2e+08|2.5e+08|3e+08,0 | 50000000 | 100000000 | 150000000 | 200000000 | 250000000 | 300000000,NORMALIZED_EQUIVALENT,CONFORMING,,,Conteúdo observado coincide com F após normalização congelada.,YES,B_B_NORMALIZATION_V1,,,,V7_TEMPORAL_NUMERIC
SI_019_R07.png,SI,SI_019,7,9,HIBRIDO,Y,numeric,EXHAUSTIVE,READY_EXPLICIT_LIST,4 | 6 | 8 | 10 | 12 | 14,4 | 6 | 8 | 10 | 12 | 14,NOT_SPECIFIED,MANUAL_AUDIT_AUTO_NONCONFORMING,MANUAL_ADJUDICATED,0 | 2 | 4 | 6 | 8 | 10 | 12 | 14,0 | 2 | 4 | 6 | 8 | 10 | 12 | 14,NONCONFORMING_EXTRA,NONCONFORMING,,0 | 2,Resultado atualizado após auditoria manual cega de B-A.,YES,B_B_NORMALIZATION_V1,,,,V7_TEMPORAL_NUMERIC
SI_019_R08.png,SI,SI_019,8,9,HIBRIDO,X,numeric,EXHAUSTIVE,READY_EXPLICIT_LIST,0 | 50M | 100M | 150M | 200M | 250M | 300M,0 | 50000000 | 100000000 | 150000000 | 200000000 | 250000000 | 300000000,NOT_SPECIFIED,AUTO_VALIDATED_FROZEN_GATE,AUTO_VALIDATED,0|5e+07|1e+08|1.5e+08|2e+08|2.5e+08|3e+08,0 | 50000000 | 100000000 | 150000000 | 200000000 | 250000000 | 300000000,NORMALIZED_EQUIVALENT,CONFORMING,,,Conteúdo observado coincide com F após normalização congelada.,YES,B_B_NORMALIZATION_V1,,,,V7_TEMPORAL_NUMERIC
SI_019_R08.png,SI,SI_019,8,9,HIBRIDO,Y,numeric,EXHAUSTIVE,READY_EXPLICIT_LIST,4 | 6 | 8 | 10 | 12 | 14,4 | 6 | 8 | 10 | 12 | 14,NOT_SPECIFIED,MANUAL_AUDIT_AUTO_NONCONFORMING,MANUAL_ADJUDICATED,0 | 2 | 4 | 6 | 8 | 10 | 12 | 14,0 | 2 | 4 | 6 | 8 | 10 | 12 | 14,NONCONFORMING_EXTRA,NONCONFORMING,,0 | 2,Resultado atualizado após auditoria manual cega de B-A.,YES,B_B_NORMALIZATION_V1,,,,V7_TEMPORAL_NUMERIC
SI_019_R09.png,SI,SI_019,9,9,HIBRIDO,X,numeric,EXHAUSTIVE,READY_EXPLICIT_LIST,0 | 50M | 100M | 150M | 200M | 250M | 300M,0 | 50000000 | 100000000 | 150000000 | 200000000 | 250000000 | 300000000,NOT_SPECIFIED,AUTO_VALIDATED_FROZEN_GATE,AUTO_VALIDATED,0|5e+07|1e+08|1.5e+08|2e+08|2.5e+08|3e+08,0 | 50000000 | 100000000 | 150000000 | 200000000 | 250000000 | 300000000,NORMALIZED_EQUIVALENT,CONFORMING,,,Conteúdo observado coincide com F após normalização congelada.,YES,B_B_NORMALIZATION_V1,,,,V7_TEMPORAL_NUMERIC
SI_019_R09.png,SI,SI_019,9,9,HIBRIDO,Y,numeric,EXHAUSTIVE,READY_EXPLICIT_LIST,4 | 6 | 8 | 10 | 12 | 14,4 | 6 | 8 | 10 | 12 | 14,NOT_SPECIFIED,MANUAL_AUDIT_AUTO_NONCONFORMING,MANUAL_ADJUDICATED,0 | 2 | 4 | 6 | 8 | 10 | 12 | 14,0 | 2 | 4 | 6 | 8 | 10 | 12 | 14,NONCONFORMING_EXTRA,NONCONFORMING,,0 | 2,Resultado atualizado após auditoria manual cega de B-A.,YES,B_B_NORMALIZATION_V1,,,,V7_TEMPORAL_NUMERIC
SI_019_R10.png,SI,SI_019,10,9,HIBRIDO,X,numeric,EXHAUSTIVE,READY_EXPLICIT_LIST,0 | 50M | 100M | 150M | 200M | 250M | 300M,0 | 50000000 | 100000000 | 150000000 | 200000000 | 250000000 | 300000000,NOT_SPECIFIED,AUTO_VALIDATED_FROZEN_GATE,AUTO_VALIDATED,0|5e+07|1e+08|1.5e+08|2e+08|2.5e+08|3e+08,0 | 50000000 | 100000000 | 150000000 | 200000000 | 250000000 | 300000000,NORMALIZED_EQUIVALENT,CONFORMING,,,Conteúdo observado coincide com F após normalização congelada.,YES,B_B_NORMALIZATION_V1,,,,V7_TEMPORAL_NUMERIC
SI_019_R10.png,SI,SI_019,10,9,HIBRIDO,Y,numeric,EXHAUSTIVE,READY_EXPLICIT_LIST,4 | 6 | 8 | 10 | 12 | 14,4 | 6 | 8 | 10 | 12 | 14,NOT_SPECIFIED,MANUAL_AUDIT_AUTO_NONCONFORMING,MANUAL_ADJUDICATED,0 | 2 | 4 | 6 | 8 | 10 | 12 | 14,0 | 2 | 4 | 6 | 8 | 10 | 12 | 14,NONCONFORMING_EXTRA,NONCONFORMING,,0 | 2,Resultado atualizado após auditoria manual cega de B-A.,YES,B_B_NORMALIZATION_V1,,,,V7_TEMPORAL_NUMERIC
SI_023_R01.png,SI,SI_023,1,13,HIBRIDO,X,numeric,EXHAUSTIVE,READY_ADJUDICATED_DEDUPLICATED_SEQUENCE,0 | 50M | 100M | 150M | 200M | 250M | 300M,0 | 50000000 | 100000000 | 150000000 | 200000000 | 250000000 | 300000000,NOT_SPECIFIED,AUTO_VALIDATED_FROZEN_GATE,AUTO_VALIDATED,0|5e+07|1e+08|1.5e+08|2e+08|2.5e+08|3e+08,0 | 50000000 | 100000000 | 150000000 | 200000000 | 250000000 | 300000000,NORMALIZED_EQUIVALENT,CONFORMING,,,Conteúdo observado coincide com F após normalização congelada.,YES,B_B_NORMALIZATION_V1,,,,V7_TEMPORAL_NUMERIC
SI_023_R02.png,SI,SI_023,2,13,HIBRIDO,X,numeric,EXHAUSTIVE,READY_ADJUDICATED_DEDUPLICATED_SEQUENCE,0 | 50M | 100M | 150M | 200M | 250M | 300M,0 | 50000000 | 100000000 | 150000000 | 200000000 | 250000000 | 300000000,NOT_SPECIFIED,AUTO_VALIDATED_FROZEN_GATE,AUTO_VALIDATED,0|5e+07|1e+08|1.5e+08|2e+08|2.5e+08|3e+08,0 | 50000000 | 100000000 | 150000000 | 200000000 | 250000000 | 300000000,NORMALIZED_EQUIVALENT,CONFORMING,,,Conteúdo observado coincide com F após normalização congelada.,YES,B_B_NORMALIZATION_V1,,,,V7_TEMPORAL_NUMERIC
SI_023_R03.png,SI,SI_023,3,13,HIBRIDO,X,numeric,EXHAUSTIVE,READY_ADJUDICATED_DEDUPLICATED_SEQUENCE,0 | 50M | 100M | 150M | 200M | 250M | 300M,0 | 50000000 | 100000000 | 150000000 | 200000000 | 250000000 | 300000000,NOT_SPECIFIED,AUTO_VALIDATED_FROZEN_GATE,AUTO_VALIDATED,0|5e+07|1e+08|1.5e+08|2e+08|2.5e+08|3e+08,0 | 50000000 | 100000000 | 150000000 | 200000000 | 250000000 | 300000000,NORMALIZED_EQUIVALENT,CONFORMING,,,Conteúdo observado coincide com F após normalização congelada.,YES,B_B_NORMALIZATION_V1,,,,V7_TEMPORAL_NUMERIC
SI_023_R04.png,SI,SI_023,4,13,HIBRIDO,X,numeric,EXHAUSTIVE,READY_ADJUDICATED_DEDUPLICATED_SEQUENCE,0 | 50M | 100M | 150M | 200M | 250M | 300M,0 | 50000000 | 100000000 | 150000000 | 200000000 | 250000000 | 300000000,NOT_SPECIFIED,AUTO_VALIDATED_FROZEN_GATE,AUTO_VALIDATED,0|5e+07|1e+08|1.5e+08|2e+08|2.5e+08|3e+08,0 | 50000000 | 100000000 | 150000000 | 200000000 | 250000000 | 300000000,NORMALIZED_EQUIVALENT,CONFORMING,,,Conteúdo observado coincide com F após normalização congelada.,YES,B_B_NORMALIZATION_V1,,,,V7_TEMPORAL_NUMERIC
SI_023_R05.png,SI,SI_023,5,13,HIBRIDO,X,numeric,EXHAUSTIVE,READY_ADJUDICATED_DEDUPLICATED_SEQUENCE,0 | 50M | 100M | 150M | 200M | 250M | 300M,0 | 50000000 | 100000000 | 150000000 | 200000000 | 250000000 | 300000000,NOT_SPECIFIED,AUTO_VALIDATED_FROZEN_GATE,AUTO_VALIDATED,0|5e+07|1e+08|1.5e+08|2e+08|2.5e+08|3e+08,0 | 50000000 | 100000000 | 150000000 | 200000000 | 250000000 | 300000000,NORMALIZED_EQUIVALENT,CONFORMING,,,Conteúdo observado coincide com F após normalização congelada.,YES,B_B_NORMALIZATION_V1,,,,V7_TEMPORAL_NUMERIC
SI_023_R06.png,SI,SI_023,6,13,HIBRIDO,X,numeric,EXHAUSTIVE,READY_ADJUDICATED_DEDUPLICATED_SEQUENCE,0 | 50M | 100M | 150M | 200M | 250M | 300M,0 | 50000000 | 100000000 | 150000000 | 200000000 | 250000000 | 300000000,NOT_SPECIFIED,AUTO_VALIDATED_FROZEN_GATE,AUTO_VALIDATED,0|5e+07|1e+08|1.5e+08|2e+08|2.5e+08|3e+08,0 | 50000000 | 100000000 | 150000000 | 200000000 | 250000000 | 300000000,NORMALIZED_EQUIVALENT,CONFORMING,,,Conteúdo observado coincide com F após normalização congelada.,YES,B_B_NORMALIZATION_V1,,,,V7_TEMPORAL_NUMERIC
SI_023_R07.png,SI,SI_023,7,13,HIBRIDO,X,numeric,EXHAUSTIVE,READY_ADJUDICATED_DEDUPLICATED_SEQUENCE,0 | 50M | 100M | 150M | 200M | 250M | 300M,0 | 50000000 | 100000000 | 150000000 | 200000000 | 250000000 | 300000000,NOT_SPECIFIED,AUTO_VALIDATED_FROZEN_GATE,AUTO_VALIDATED,0|5e+07|1e+08|1.5e+08|2e+08|2.5e+08|3e+08,0 | 50000000 | 100000000 | 150000000 | 200000000 | 250000000 | 300000000,NORMALIZED_EQUIVALENT,CONFORMING,,,Conteúdo observado coincide com F após normalização congelada.,YES,B_B_NORMALIZATION_V1,,,,V7_TEMPORAL_NUMERIC
SI_023_R08.png,SI,SI_023,8,13,HIBRIDO,X,numeric,EXHAUSTIVE,READY_ADJUDICATED_DEDUPLICATED_SEQUENCE,0 | 50M | 100M | 150M | 200M | 250M | 300M,0 | 50000000 | 100000000 | 150000000 | 200000000 | 250000000 | 300000000,NOT_SPECIFIED,AUTO_VALIDATED_FROZEN_GATE,AUTO_VALIDATED,0|5e+07|1e+08|1.5e+08|2e+08|2.5e+08|3e+08,0 | 50000000 | 100000000 | 150000000 | 200000000 | 250000000 | 300000000,NORMALIZED_EQUIVALENT,CONFORMING,,,Conteúdo observado coincide com F após normalização congelada.,YES,B_B_NORMALIZATION_V1,,,,V7_TEMPORAL_NUMERIC
SI_023_R09.png,SI,SI_023,9,13,HIBRIDO,X,numeric,EXHAUSTIVE,READY_ADJUDICATED_DEDUPLICATED_SEQUENCE,0 | 50M | 100M | 150M | 200M | 250M | 300M,0 | 50000000 | 100000000 | 150000000 | 200000000 | 250000000 | 300000000,NOT_SPECIFIED,AUTO_VALIDATED_FROZEN_GATE,AUTO_VALIDATED,0|5e+07|1e+08|1.5e+08|2e+08|2.5e+08|3e+08,0 | 50000000 | 100000000 | 150000000 | 200000000 | 250000000 | 300000000,NORMALIZED_EQUIVALENT,CONFORMING,,,Conteúdo observado coincide com F após normalização congelada.,YES,B_B_NORMALIZATION_V1,,,,V7_TEMPORAL_NUMERIC
SI_023_R10.png,SI,SI_023,10,13,HIBRIDO,X,numeric,EXHAUSTIVE,READY_ADJUDICATED_DEDUPLICATED_SEQUENCE,0 | 50M | 100M | 150M | 200M | 250M | 300M,0 | 50000000 | 100000000 | 150000000 | 200000000 | 250000000 | 300000000,NOT_SPECIFIED,AUTO_VALIDATED_FROZEN_GATE,AUTO_VALIDATED,0|5e+07|1e+08|1.5e+08|2e+08|2.5e+08|3e+08,0 | 50000000 | 100000000 | 150000000 | 200000000 | 250000000 | 300000000,NORMALIZED_EQUIVALENT,CONFORMING,,,Conteúdo observado coincide com F após normalização congelada.,YES,B_B_NORMALIZATION_V1,,,,V7_TEMPORAL_NUMERIC
SI_032_R01.png,SI,SI_032,1,9,VQL,X,numeric,EXHAUSTIVE,READY_EXPLICIT_LIST,0 | 50M | 100M | 150M | 200M | 250M | 300M,0 | 50000000 | 100000000 | 150000000 | 200000000 | 250000000 | 300000000,NOT_SPECIFIED,MANUAL_ADJUDICATED,MANUAL_ADJUDICATED,0.0 | 0.5 | 1.0 | 1.5 | 2.0| 2.5 | 3.0,0 | 0.5 | 1 | 1.5 | 2 | 2.5 | 3,NONCONFORMING_VALUE,NONCONFORMING,50000000 | 100000000 | 150000000 | 200000000 | 250000000 | 300000000,0.5 | 1 | 1.5 | 2 | 2.5 | 3,Conteúdo observado difere da lista exaustiva de F.,YES,B_B_NORMALIZATION_V1,,,,V7_TEMPORAL_NUMERIC
SI_032_R01.png,SI,SI_032,1,9,VQL,Y,numeric,EXHAUSTIVE,READY_EXPLICIT_LIST,4 | 6 | 8 | 10 | 12 | 14,4 | 6 | 8 | 10 | 12 | 14,NOT_SPECIFIED,MANUAL_ADJUDICATED,MANUAL_ADJUDICATED,4 | 6 | 8 | 10 | 12 | 14,4 | 6 | 8 | 10 | 12 | 14,NORMALIZED_EQUIVALENT,CONFORMING,,,Conteúdo observado coincide com F após normalização congelada.,YES,B_B_NORMALIZATION_V1,,,,V7_TEMPORAL_NUMERIC
SI_032_R02.png,SI,SI_032,2,9,VQL,X,numeric,EXHAUSTIVE,READY_EXPLICIT_LIST,0 | 50M | 100M | 150M | 200M | 250M | 300M,0 | 50000000 | 100000000 | 150000000 | 200000000 | 250000000 | 300000000,NOT_SPECIFIED,AUTO_VALIDATED_FROZEN_GATE,AUTO_VALIDATED,0|5e+07|1e+08|1.5e+08|2e+08|2.5e+08|3e+08,0 | 50000000 | 100000000 | 150000000 | 200000000 | 250000000 | 300000000,NORMALIZED_EQUIVALENT,CONFORMING,,,Conteúdo observado coincide com F após normalização congelada.,YES,B_B_NORMALIZATION_V1,,,,V7_TEMPORAL_NUMERIC
SI_032_R02.png,SI,SI_032,2,9,VQL,Y,numeric,EXHAUSTIVE,READY_EXPLICIT_LIST,4 | 6 | 8 | 10 | 12 | 14,4 | 6 | 8 | 10 | 12 | 14,NOT_SPECIFIED,MANUAL_ADJUDICATED,MANUAL_ADJUDICATED,4 | 6 | 8 | 10 | 12 | 14,4 | 6 | 8 | 10 | 12 | 14,NORMALIZED_EQUIVALENT,CONFORMING,,,Conteúdo observado coincide com F após normalização congelada.,YES,B_B_NORMALIZATION_V1,,,,V7_TEMPORAL_NUMERIC
SI_032_R03.png,SI,SI_032,3,9,VQL,X,numeric,EXHAUSTIVE,READY_EXPLICIT_LIST,0 | 50M | 100M | 150M | 200M | 250M | 300M,0 | 50000000 | 100000000 | 150000000 | 200000000 | 250000000 | 300000000,NOT_SPECIFIED,AUTO_VALIDATED_FROZEN_GATE,AUTO_VALIDATED,0|5e+07|1e+08|1.5e+08|2e+08|2.5e+08|3e+08,0 | 50000000 | 100000000 | 150000000 | 200000000 | 250000000 | 300000000,NORMALIZED_EQUIVALENT,CONFORMING,,,Conteúdo observado coincide com F após normalização congelada.,YES,B_B_NORMALIZATION_V1,,,,V7_TEMPORAL_NUMERIC
SI_032_R03.png,SI,SI_032,3,9,VQL,Y,numeric,EXHAUSTIVE,READY_EXPLICIT_LIST,4 | 6 | 8 | 10 | 12 | 14,4 | 6 | 8 | 10 | 12 | 14,NOT_SPECIFIED,MANUAL_ADJUDICATED,MANUAL_ADJUDICATED,4 | 6 | 8 | 10 | 12 | 14,4 | 6 | 8 | 10 | 12 | 14,NORMALIZED_EQUIVALENT,CONFORMING,,,Conteúdo observado coincide com F após normalização congelada.,YES,B_B_NORMALIZATION_V1,,,,V7_TEMPORAL_NUMERIC
SI_032_R04.png,SI,SI_032,4,9,VQL,X,numeric,EXHAUSTIVE,READY_EXPLICIT_LIST,0 | 50M | 100M | 150M | 200M | 250M | 300M,0 | 50000000 | 100000000 | 150000000 | 200000000 | 250000000 | 300000000,NOT_SPECIFIED,AUTO_VALIDATED_FROZEN_GATE,AUTO_VALIDATED,0|5e+07|1e+08|1.5e+08|2e+08|2.5e+08|3e+08,0 | 50000000 | 100000000 | 150000000 | 200000000 | 250000000 | 300000000,NORMALIZED_EQUIVALENT,CONFORMING,,,Conteúdo observado coincide com F após normalização congelada.,YES,B_B_NORMALIZATION_V1,,,,V7_TEMPORAL_NUMERIC
SI_032_R04.png,SI,SI_032,4,9,VQL,Y,numeric,EXHAUSTIVE,READY_EXPLICIT_LIST,4 | 6 | 8 | 10 | 12 | 14,4 | 6 | 8 | 10 | 12 | 14,NOT_SPECIFIED,MANUAL_ADJUDICATED,MANUAL_ADJUDICATED,4 | 6 | 8 | 10 | 12 | 14,4 | 6 | 8 | 10 | 12 | 14,NORMALIZED_EQUIVALENT,CONFORMING,,,Conteúdo observado coincide com F após normalização congelada.,YES,B_B_NORMALIZATION_V1,,,,V7_TEMPORAL_NUMERIC
SI_032_R05.png,SI,SI_032,5,9,VQL,X,numeric,EXHAUSTIVE,READY_EXPLICIT_LIST,0 | 50M | 100M | 150M | 200M | 250M | 300M,0 | 50000000 | 100000000 | 150000000 | 200000000 | 250000000 | 300000000,NOT_SPECIFIED,AUTO_VALIDATED_FROZEN_GATE,AUTO_VALIDATED,0|5e+07|1e+08|1.5e+08|2e+08|2.5e+08|3e+08,0 | 50000000 | 100000000 | 150000000 | 200000000 | 250000000 | 300000000,NORMALIZED_EQUIVALENT,CONFORMING,,,Conteúdo observado coincide com F após normalização congelada.,YES,B_B_NORMALIZATION_V1,,,,V7_TEMPORAL_NUMERIC
SI_032_R05.png,SI,SI_032,5,9,VQL,Y,numeric,EXHAUSTIVE,READY_EXPLICIT_LIST,4 | 6 | 8 | 10 | 12 | 14,4 | 6 | 8 | 10 | 12 | 14,NOT_SPECIFIED,MANUAL_ADJUDICATED,MANUAL_ADJUDICATED,4 | 6 | 8 | 10 | 12 | 14,4 | 6 | 8 | 10 | 12 | 14,NORMALIZED_EQUIVALENT,CONFORMING,,,Conteúdo observado coincide com F após normalização congelada.,YES,B_B_NORMALIZATION_V1,,,,V7_TEMPORAL_NUMERIC
SI_032_R06.png,SI,SI_032,6,9,VQL,X,numeric,EXHAUSTIVE,READY_EXPLICIT_LIST,0 | 50M | 100M | 150M | 200M | 250M | 300M,0 | 50000000 | 100000000 | 150000000 | 200000000 | 250000000 | 300000000,NOT_SPECIFIED,AUTO_VALIDATED_FROZEN_GATE,AUTO_VALIDATED,0|5e+07|1e+08|1.5e+08|2e+08|2.5e+08|3e+08,0 | 50000000 | 100000000 | 150000000 | 200000000 | 250000000 | 300000000,NORMALIZED_EQUIVALENT,CONFORMING,,,Conteúdo observado coincide com F após normalização congelada.,YES,B_B_NORMALIZATION_V1,,,,V7_TEMPORAL_NUMERIC
SI_032_R06.png,SI,SI_032,6,9,VQL,Y,numeric,EXHAUSTIVE,READY_EXPLICIT_LIST,4 | 6 | 8 | 10 | 12 | 14,4 | 6 | 8 | 10 | 12 | 14,NOT_SPECIFIED,MANUAL_ADJUDICATED,MANUAL_ADJUDICATED,4 | 6 | 8 | 10 | 12 | 14,4 | 6 | 8 | 10 | 12 | 14,NORMALIZED_EQUIVALENT,CONFORMING,,,Conteúdo observado coincide com F após normalização congelada.,YES,B_B_NORMALIZATION_V1,,,,V7_TEMPORAL_NUMERIC
SI_032_R07.png,SI,SI_032,7,9,VQL,X,numeric,EXHAUSTIVE,READY_EXPLICIT_LIST,0 | 50M | 100M | 150M | 200M | 250M | 300M,0 | 50000000 | 100000000 | 150000000 | 200000000 | 250000000 | 300000000,NOT_SPECIFIED,AUTO_VALIDATED_FROZEN_GATE,AUTO_VALIDATED,0|5e+07|1e+08|1.5e+08|2e+08|2.5e+08|3e+08,0 | 50000000 | 100000000 | 150000000 | 200000000 | 250000000 | 300000000,NORMALIZED_EQUIVALENT,CONFORMING,,,Conteúdo observado coincide com F após normalização congelada.,YES,B_B_NORMALIZATION_V1,,,,V7_TEMPORAL_NUMERIC
SI_032_R07.png,SI,SI_032,7,9,VQL,Y,numeric,EXHAUSTIVE,READY_EXPLICIT_LIST,4 | 6 | 8 | 10 | 12 | 14,4 | 6 | 8 | 10 | 12 | 14,NOT_SPECIFIED,MANUAL_ADJUDICATED,MANUAL_ADJUDICATED,4 | 6 | 8 | 10 | 12 | 14,4 | 6 | 8 | 10 | 12 | 14,NORMALIZED_EQUIVALENT,CONFORMING,,,Conteúdo observado coincide com F após normalização congelada.,YES,B_B_NORMALIZATION_V1,,,,V7_TEMPORAL_NUMERIC
SI_032_R08.png,SI,SI_032,8,9,VQL,X,numeric,EXHAUSTIVE,READY_EXPLICIT_LIST,0 | 50M | 100M | 150M | 200M | 250M | 300M,0 | 50000000 | 100000000 | 150000000 | 200000000 | 250000000 | 300000000,NOT_SPECIFIED,AUTO_VALIDATED_FROZEN_GATE,AUTO_VALIDATED,0|5e+07|1e+08|1.5e+08|2e+08|2.5e+08|3e+08,0 | 50000000 | 100000000 | 150000000 | 200000000 | 250000000 | 300000000,NORMALIZED_EQUIVALENT,CONFORMING,,,Conteúdo observado coincide com F após normalização congelada.,YES,B_B_NORMALIZATION_V1,,,,V7_TEMPORAL_NUMERIC
SI_032_R08.png,SI,SI_032,8,9,VQL,Y,numeric,EXHAUSTIVE,READY_EXPLICIT_LIST,4 | 6 | 8 | 10 | 12 | 14,4 | 6 | 8 | 10 | 12 | 14,NOT_SPECIFIED,MANUAL_ADJUDICATED,MANUAL_ADJUDICATED,4 | 6 | 8 | 10 | 12 | 14,4 | 6 | 8 | 10 | 12 | 14,NORMALIZED_EQUIVALENT,CONFORMING,,,Conteúdo observado coincide com F após normalização congelada.,YES,B_B_NORMALIZATION_V1,,,,V7_TEMPORAL_NUMERIC
SI_032_R09.png,SI,SI_032,9,9,VQL,X,numeric,EXHAUSTIVE,READY_EXPLICIT_LIST,0 | 50M | 100M | 150M | 200M | 250M | 300M,0 | 50000000 | 100000000 | 150000000 | 200000000 | 250000000 | 300000000,NOT_SPECIFIED,AUTO_VALIDATED_FROZEN_GATE,AUTO_VALIDATED,0|5e+07|1e+08|1.5e+08|2e+08|2.5e+08|3e+08,0 | 50000000 | 100000000 | 150000000 | 200000000 | 250000000 | 300000000,NORMALIZED_EQUIVALENT,CONFORMING,,,Conteúdo observado coincide com F após normalização congelada.,YES,B_B_NORMALIZATION_V1,,,,V7_TEMPORAL_NUMERIC
SI_032_R09.png,SI,SI_032,9,9,VQL,Y,numeric,EXHAUSTIVE,READY_EXPLICIT_LIST,4 | 6 | 8 | 10 | 12 | 14,4 | 6 | 8 | 10 | 12 | 14,NOT_SPECIFIED,MANUAL_ADJUDICATED,MANUAL_ADJUDICATED,4 | 6 | 8 | 10 | 12 | 14,4 | 6 | 8 | 10 | 12 | 14,NORMALIZED_EQUIVALENT,CONFORMING,,,Conteúdo observado coincide com F após normalização congelada.,YES,B_B_NORMALIZATION_V1,,,,V7_TEMPORAL_NUMERIC
SI_032_R10.png,SI,SI_032,10,9,VQL,X,numeric,EXHAUSTIVE,READY_EXPLICIT_LIST,0 | 50M | 100M | 150M | 200M | 250M | 300M,0 | 50000000 | 100000000 | 150000000 | 200000000 | 250000000 | 300000000,NOT_SPECIFIED,AUTO_VALIDATED_FROZEN_GATE,AUTO_VALIDATED,0|5e+07|1e+08|1.5e+08|2e+08|2.5e+08|3e+08,0 | 50000000 | 100000000 | 150000000 | 200000000 | 250000000 | 300000000,NORMALIZED_EQUIVALENT,CONFORMING,,,Conteúdo observado coincide com F após normalização congelada.,YES,B_B_NORMALIZATION_V1,,,,V7_TEMPORAL_NUMERIC
SI_032_R10.png,SI,SI_032,10,9,VQL,Y,numeric,EXHAUSTIVE,READY_EXPLICIT_LIST,4 | 6 | 8 | 10 | 12 | 14,4 | 6 | 8 | 10 | 12 | 14,NOT_SPECIFIED,MANUAL_ADJUDICATED,MANUAL_ADJUDICATED,4 | 6 | 8 | 10 | 12 | 14,4 | 6 | 8 | 10 | 12 | 14,NORMALIZED_EQUIVALENT,CONFORMING,,,Conteúdo observado coincide com F após normalização congelada.,YES,B_B_NORMALIZATION_V1,,,,V7_TEMPORAL_NUMERIC
SI_036_R01.png,SI,SI_036,1,13,VQL,X,numeric,EXHAUSTIVE,READY_ADJUDICATED_DEDUPLICATED_SEQUENCE,0 | 50M | 100M | 150M | 200M | 250M | 300M,0 | 50000000 | 100000000 | 150000000 | 200000000 | 250000000 | 300000000,NOT_SPECIFIED,AUTO_VALIDATED_FROZEN_GATE,AUTO_VALIDATED,0|5e+07|1e+08|1.5e+08|2e+08|2.5e+08|3e+08,0 | 50000000 | 100000000 | 150000000 | 200000000 | 250000000 | 300000000,NORMALIZED_EQUIVALENT,CONFORMING,,,Conteúdo observado coincide com F após normalização congelada.,YES,B_B_NORMALIZATION_V1,,,,V7_TEMPORAL_NUMERIC
SI_036_R02.png,SI,SI_036,2,13,VQL,X,numeric,EXHAUSTIVE,READY_ADJUDICATED_DEDUPLICATED_SEQUENCE,0 | 50M | 100M | 150M | 200M | 250M | 300M,0 | 50000000 | 100000000 | 150000000 | 200000000 | 250000000 | 300000000,NOT_SPECIFIED,AUTO_VALIDATED_FROZEN_GATE,AUTO_VALIDATED,0|5e+07|1e+08|1.5e+08|2e+08|2.5e+08|3e+08,0 | 50000000 | 100000000 | 150000000 | 200000000 | 250000000 | 300000000,NORMALIZED_EQUIVALENT,CONFORMING,,,Conteúdo observado coincide com F após normalização congelada.,YES,B_B_NORMALIZATION_V1,,,,V7_TEMPORAL_NUMERIC
SI_036_R03.png,SI,SI_036,3,13,VQL,X,numeric,EXHAUSTIVE,READY_ADJUDICATED_DEDUPLICATED_SEQUENCE,0 | 50M | 100M | 150M | 200M | 250M | 300M,0 | 50000000 | 100000000 | 150000000 | 200000000 | 250000000 | 300000000,NOT_SPECIFIED,AUTO_VALIDATED_FROZEN_GATE,AUTO_VALIDATED,0|5e+07|1e+08|1.5e+08|2e+08|2.5e+08|3e+08,0 | 50000000 | 100000000 | 150000000 | 200000000 | 250000000 | 300000000,NORMALIZED_EQUIVALENT,CONFORMING,,,Conteúdo observado coincide com F após normalização congelada.,YES,B_B_NORMALIZATION_V1,,,,V7_TEMPORAL_NUMERIC
SI_036_R04.png,SI,SI_036,4,13,VQL,X,numeric,EXHAUSTIVE,READY_ADJUDICATED_DEDUPLICATED_SEQUENCE,0 | 50M | 100M | 150M | 200M | 250M | 300M,0 | 50000000 | 100000000 | 150000000 | 200000000 | 250000000 | 300000000,NOT_SPECIFIED,AUTO_VALIDATED_FROZEN_GATE,AUTO_VALIDATED,0|5e+07|1e+08|1.5e+08|2e+08|2.5e+08|3e+08,0 | 50000000 | 100000000 | 150000000 | 200000000 | 250000000 | 300000000,NORMALIZED_EQUIVALENT,CONFORMING,,,Conteúdo observado coincide com F após normalização congelada.,YES,B_B_NORMALIZATION_V1,,,,V7_TEMPORAL_NUMERIC
SI_036_R05.png,SI,SI_036,5,13,VQL,X,numeric,EXHAUSTIVE,READY_ADJUDICATED_DEDUPLICATED_SEQUENCE,0 | 50M | 100M | 150M | 200M | 250M | 300M,0 | 50000000 | 100000000 | 150000000 | 200000000 | 250000000 | 300000000,NOT_SPECIFIED,AUTO_VALIDATED_FROZEN_GATE,AUTO_VALIDATED,0|5e+07|1e+08|1.5e+08|2e+08|2.5e+08|3e+08,0 | 50000000 | 100000000 | 150000000 | 200000000 | 250000000 | 300000000,NORMALIZED_EQUIVALENT,CONFORMING,,,Conteúdo observado coincide com F após normalização congelada.,YES,B_B_NORMALIZATION_V1,,,,V7_TEMPORAL_NUMERIC
SI_036_R06.png,SI,SI_036,6,13,VQL,X,numeric,EXHAUSTIVE,READY_ADJUDICATED_DEDUPLICATED_SEQUENCE,0 | 50M | 100M | 150M | 200M | 250M | 300M,0 | 50000000 | 100000000 | 150000000 | 200000000 | 250000000 | 300000000,NOT_SPECIFIED,AUTO_VALIDATED_FROZEN_GATE,AUTO_VALIDATED,0|5e+07|1e+08|1.5e+08|2e+08|2.5e+08|3e+08,0 | 50000000 | 100000000 | 150000000 | 200000000 | 250000000 | 300000000,NORMALIZED_EQUIVALENT,CONFORMING,,,Conteúdo observado coincide com F após normalização congelada.,YES,B_B_NORMALIZATION_V1,,,,V7_TEMPORAL_NUMERIC
SI_036_R07.png,SI,SI_036,7,13,VQL,X,numeric,EXHAUSTIVE,READY_ADJUDICATED_DEDUPLICATED_SEQUENCE,0 | 50M | 100M | 150M | 200M | 250M | 300M,0 | 50000000 | 100000000 | 150000000 | 200000000 | 250000000 | 300000000,NOT_SPECIFIED,AUTO_VALIDATED_FROZEN_GATE,AUTO_VALIDATED,0|5e+07|1e+08|1.5e+08|2e+08|2.5e+08|3e+08,0 | 50000000 | 100000000 | 150000000 | 200000000 | 250000000 | 300000000,NORMALIZED_EQUIVALENT,CONFORMING,,,Conteúdo observado coincide com F após normalização congelada.,YES,B_B_NORMALIZATION_V1,,,,V7_TEMPORAL_NUMERIC
SI_036_R08.png,SI,SI_036,8,13,VQL,X,numeric,EXHAUSTIVE,READY_ADJUDICATED_DEDUPLICATED_SEQUENCE,0 | 50M | 100M | 150M | 200M | 250M | 300M,0 | 50000000 | 100000000 | 150000000 | 200000000 | 250000000 | 300000000,NOT_SPECIFIED,AUTO_VALIDATED_FROZEN_GATE,AUTO_VALIDATED,0|5e+07|1e+08|1.5e+08|2e+08|2.5e+08|3e+08,0 | 50000000 | 100000000 | 150000000 | 200000000 | 250000000 | 300000000,NORMALIZED_EQUIVALENT,CONFORMING,,,Conteúdo observado coincide com F após normalização congelada.,YES,B_B_NORMALIZATION_V1,,,,V7_TEMPORAL_NUMERIC
SI_036_R09.png,SI,SI_036,9,13,VQL,X,numeric,EXHAUSTIVE,READY_ADJUDICATED_DEDUPLICATED_SEQUENCE,0 | 50M | 100M | 150M | 200M | 250M | 300M,0 | 50000000 | 100000000 | 150000000 | 200000000 | 250000000 | 300000000,NOT_SPECIFIED,AUTO_VALIDATED_FROZEN_GATE,AUTO_VALIDATED,0|5e+07|1e+08|1.5e+08|2e+08|2.5e+08|3e+08,0 | 50000000 | 100000000 | 150000000 | 200000000 | 250000000 | 300000000,NORMALIZED_EQUIVALENT,CONFORMING,,,Conteúdo observado coincide com F após normalização congelada.,YES,B_B_NORMALIZATION_V1,,,,V7_TEMPORAL_NUMERIC
SI_036_R10.png,SI,SI_036,10,13,VQL,X,numeric,EXHAUSTIVE,READY_ADJUDICATED_DEDUPLICATED_SEQUENCE,0 | 50M | 100M | 150M | 200M | 250M | 300M,0 | 50000000 | 100000000 | 150000000 | 200000000 | 250000000 | 300000000,NOT_SPECIFIED,AUTO_VALIDATED_FROZEN_GATE,AUTO_VALIDATED,0|5e+07|1e+08|1.5e+08|2e+08|2.5e+08|3e+08,0 | 50000000 | 100000000 | 150000000 | 200000000 | 250000000 | 300000000,NORMALIZED_EQUIVALENT,CONFORMING,,,Conteúdo observado coincide com F após normalização congelada.,YES,B_B_NORMALIZATION_V1,,,,V7_TEMPORAL_NUMERIC
SI_045_R01.png,SI,SI_045,1,9,ZERO-SHOT,X,numeric,EXHAUSTIVE,READY_EXPLICIT_LIST,0 | 50M | 100M | 150M | 200M | 250M | 300M,0 | 50000000 | 100000000 | 150000000 | 200000000 | 250000000 | 300000000,NOT_SPECIFIED,MANUAL_ADJUDICATED,MANUAL_ADJUDICATED,0.0 | 0.5 | 1.0 | 1.5 | 2.0| 2.5 | 3.0,0 | 0.5 | 1 | 1.5 | 2 | 2.5 | 3,NONCONFORMING_VALUE,NONCONFORMING,50000000 | 100000000 | 150000000 | 200000000 | 250000000 | 300000000,0.5 | 1 | 1.5 | 2 | 2.5 | 3,Conteúdo observado difere da lista exaustiva de F.,YES,B_B_NORMALIZATION_V1,,,,V7_TEMPORAL_NUMERIC
SI_045_R01.png,SI,SI_045,1,9,ZERO-SHOT,Y,numeric,EXHAUSTIVE,READY_EXPLICIT_LIST,4 | 6 | 8 | 10 | 12 | 14,4 | 6 | 8 | 10 | 12 | 14,NOT_SPECIFIED,AUTO_VALIDATED_FROZEN_GATE,AUTO_VALIDATED,4|6|8|10|12|14,4 | 6 | 8 | 10 | 12 | 14,NORMALIZED_EQUIVALENT,CONFORMING,,,Conteúdo observado coincide com F após normalização congelada.,YES,B_B_NORMALIZATION_V1,,,,V7_TEMPORAL_NUMERIC
SI_045_R02.png,SI,SI_045,2,9,ZERO-SHOT,X,numeric,EXHAUSTIVE,READY_EXPLICIT_LIST,0 | 50M | 100M | 150M | 200M | 250M | 300M,0 | 50000000 | 100000000 | 150000000 | 200000000 | 250000000 | 300000000,NOT_SPECIFIED,AUTO_VALIDATED_FROZEN_GATE,AUTO_VALIDATED,0|5e+07|1e+08|1.5e+08|2e+08|2.5e+08|3e+08,0 | 50000000 | 100000000 | 150000000 | 200000000 | 250000000 | 300000000,NORMALIZED_EQUIVALENT,CONFORMING,,,Conteúdo observado coincide com F após normalização congelada.,YES,B_B_NORMALIZATION_V1,,,,V7_TEMPORAL_NUMERIC
SI_045_R02.png,SI,SI_045,2,9,ZERO-SHOT,Y,numeric,EXHAUSTIVE,READY_EXPLICIT_LIST,4 | 6 | 8 | 10 | 12 | 14,4 | 6 | 8 | 10 | 12 | 14,NOT_SPECIFIED,AUTO_VALIDATED_FROZEN_GATE,AUTO_VALIDATED,4|6|8|10|12|14,4 | 6 | 8 | 10 | 12 | 14,NORMALIZED_EQUIVALENT,CONFORMING,,,Conteúdo observado coincide com F após normalização congelada.,YES,B_B_NORMALIZATION_V1,,,,V7_TEMPORAL_NUMERIC
SI_045_R03.png,SI,SI_045,3,9,ZERO-SHOT,X,numeric,EXHAUSTIVE,READY_EXPLICIT_LIST,0 | 50M | 100M | 150M | 200M | 250M | 300M,0 | 50000000 | 100000000 | 150000000 | 200000000 | 250000000 | 300000000,NOT_SPECIFIED,AUTO_VALIDATED_FROZEN_GATE,AUTO_VALIDATED,0|5e+07|1e+08|1.5e+08|2e+08|2.5e+08|3e+08,0 | 50000000 | 100000000 | 150000000 | 200000000 | 250000000 | 300000000,NORMALIZED_EQUIVALENT,CONFORMING,,,Conteúdo observado coincide com F após normalização congelada.,YES,B_B_NORMALIZATION_V1,,,,V7_TEMPORAL_NUMERIC
SI_045_R03.png,SI,SI_045,3,9,ZERO-SHOT,Y,numeric,EXHAUSTIVE,READY_EXPLICIT_LIST,4 | 6 | 8 | 10 | 12 | 14,4 | 6 | 8 | 10 | 12 | 14,NOT_SPECIFIED,AUTO_VALIDATED_FROZEN_GATE,AUTO_VALIDATED,4|6|8|10|12|14,4 | 6 | 8 | 10 | 12 | 14,NORMALIZED_EQUIVALENT,CONFORMING,,,Conteúdo observado coincide com F após normalização congelada.,YES,B_B_NORMALIZATION_V1,,,,V7_TEMPORAL_NUMERIC
SI_045_R04.png,SI,SI_045,4,9,ZERO-SHOT,X,numeric,EXHAUSTIVE,READY_EXPLICIT_LIST,0 | 50M | 100M | 150M | 200M | 250M | 300M,0 | 50000000 | 100000000 | 150000000 | 200000000 | 250000000 | 300000000,NOT_SPECIFIED,AUTO_VALIDATED_FROZEN_GATE,AUTO_VALIDATED,0|5e+07|1e+08|1.5e+08|2e+08|2.5e+08|3e+08,0 | 50000000 | 100000000 | 150000000 | 200000000 | 250000000 | 300000000,NORMALIZED_EQUIVALENT,CONFORMING,,,Conteúdo observado coincide com F após normalização congelada.,YES,B_B_NORMALIZATION_V1,,,,V7_TEMPORAL_NUMERIC
SI_045_R04.png,SI,SI_045,4,9,ZERO-SHOT,Y,numeric,EXHAUSTIVE,READY_EXPLICIT_LIST,4 | 6 | 8 | 10 | 12 | 14,4 | 6 | 8 | 10 | 12 | 14,NOT_SPECIFIED,AUTO_VALIDATED_FROZEN_GATE,AUTO_VALIDATED,4|6|8|10|12|14,4 | 6 | 8 | 10 | 12 | 14,NORMALIZED_EQUIVALENT,CONFORMING,,,Conteúdo observado coincide com F após normalização congelada.,YES,B_B_NORMALIZATION_V1,,,,V7_TEMPORAL_NUMERIC
SI_045_R05.png,SI,SI_045,5,9,ZERO-SHOT,X,numeric,EXHAUSTIVE,READY_EXPLICIT_LIST,0 | 50M | 100M | 150M | 200M | 250M | 300M,0 | 50000000 | 100000000 | 150000000 | 200000000 | 250000000 | 300000000,NOT_SPECIFIED,AUTO_VALIDATED_FROZEN_GATE,AUTO_VALIDATED,0|5e+07|1e+08|1.5e+08|2e+08|2.5e+08|3e+08,0 | 50000000 | 100000000 | 150000000 | 200000000 | 250000000 | 300000000,NORMALIZED_EQUIVALENT,CONFORMING,,,Conteúdo observado coincide com F após normalização congelada.,YES,B_B_NORMALIZATION_V1,,,,V7_TEMPORAL_NUMERIC
SI_045_R05.png,SI,SI_045,5,9,ZERO-SHOT,Y,numeric,EXHAUSTIVE,READY_EXPLICIT_LIST,4 | 6 | 8 | 10 | 12 | 14,4 | 6 | 8 | 10 | 12 | 14,NOT_SPECIFIED,AUTO_VALIDATED_FROZEN_GATE,AUTO_VALIDATED,4|6|8|10|12|14,4 | 6 | 8 | 10 | 12 | 14,NORMALIZED_EQUIVALENT,CONFORMING,,,Conteúdo observado coincide com F após normalização congelada.,YES,B_B_NORMALIZATION_V1,,,,V7_TEMPORAL_NUMERIC
SI_045_R06.png,SI,SI_045,6,9,ZERO-SHOT,X,numeric,EXHAUSTIVE,READY_EXPLICIT_LIST,0 | 50M | 100M | 150M | 200M | 250M | 300M,0 | 50000000 | 100000000 | 150000000 | 200000000 | 250000000 | 300000000,NOT_SPECIFIED,AUTO_VALIDATED_FROZEN_GATE,AUTO_VALIDATED,0|5e+07|1e+08|1.5e+08|2e+08|2.5e+08|3e+08,0 | 50000000 | 100000000 | 150000000 | 200000000 | 250000000 | 300000000,NORMALIZED_EQUIVALENT,CONFORMING,,,Conteúdo observado coincide com F após normalização congelada.,YES,B_B_NORMALIZATION_V1,,,,V7_TEMPORAL_NUMERIC
SI_045_R06.png,SI,SI_045,6,9,ZERO-SHOT,Y,numeric,EXHAUSTIVE,READY_EXPLICIT_LIST,4 | 6 | 8 | 10 | 12 | 14,4 | 6 | 8 | 10 | 12 | 14,NOT_SPECIFIED,AUTO_VALIDATED_FROZEN_GATE,AUTO_VALIDATED,4|6|8|10|12|14,4 | 6 | 8 | 10 | 12 | 14,NORMALIZED_EQUIVALENT,CONFORMING,,,Conteúdo observado coincide com F após normalização congelada.,YES,B_B_NORMALIZATION_V1,,,,V7_TEMPORAL_NUMERIC
SI_045_R07.png,SI,SI_045,7,9,ZERO-SHOT,X,numeric,EXHAUSTIVE,READY_EXPLICIT_LIST,0 | 50M | 100M | 150M | 200M | 250M | 300M,0 | 50000000 | 100000000 | 150000000 | 200000000 | 250000000 | 300000000,NOT_SPECIFIED,AUTO_VALIDATED_FROZEN_GATE,AUTO_VALIDATED,0|5e+07|1e+08|1.5e+08|2e+08|2.5e+08|3e+08,0 | 50000000 | 100000000 | 150000000 | 200000000 | 250000000 | 300000000,NORMALIZED_EQUIVALENT,CONFORMING,,,Conteúdo observado coincide com F após normalização congelada.,YES,B_B_NORMALIZATION_V1,,,,V7_TEMPORAL_NUMERIC
SI_045_R07.png,SI,SI_045,7,9,ZERO-SHOT,Y,numeric,EXHAUSTIVE,READY_EXPLICIT_LIST,4 | 6 | 8 | 10 | 12 | 14,4 | 6 | 8 | 10 | 12 | 14,NOT_SPECIFIED,AUTO_VALIDATED_FROZEN_GATE,AUTO_VALIDATED,4|6|8|10|12|14,4 | 6 | 8 | 10 | 12 | 14,NORMALIZED_EQUIVALENT,CONFORMING,,,Conteúdo observado coincide com F após normalização congelada.,YES,B_B_NORMALIZATION_V1,,,,V7_TEMPORAL_NUMERIC
SI_045_R08.png,SI,SI_045,8,9,ZERO-SHOT,X,numeric,EXHAUSTIVE,READY_EXPLICIT_LIST,0 | 50M | 100M | 150M | 200M | 250M | 300M,0 | 50000000 | 100000000 | 150000000 | 200000000 | 250000000 | 300000000,NOT_SPECIFIED,AUTO_VALIDATED_FROZEN_GATE,AUTO_VALIDATED,0|5e+07|1e+08|1.5e+08|2e+08|2.5e+08|3e+08,0 | 50000000 | 100000000 | 150000000 | 200000000 | 250000000 | 300000000,NORMALIZED_EQUIVALENT,CONFORMING,,,Conteúdo observado coincide com F após normalização congelada.,YES,B_B_NORMALIZATION_V1,,,,V7_TEMPORAL_NUMERIC
SI_045_R08.png,SI,SI_045,8,9,ZERO-SHOT,Y,numeric,EXHAUSTIVE,READY_EXPLICIT_LIST,4 | 6 | 8 | 10 | 12 | 14,4 | 6 | 8 | 10 | 12 | 14,NOT_SPECIFIED,AUTO_VALIDATED_FROZEN_GATE,AUTO_VALIDATED,4|6|8|10|12|14,4 | 6 | 8 | 10 | 12 | 14,NORMALIZED_EQUIVALENT,CONFORMING,,,Conteúdo observado coincide com F após normalização congelada.,YES,B_B_NORMALIZATION_V1,,,,V7_TEMPORAL_NUMERIC
SI_045_R09.png,SI,SI_045,9,9,ZERO-SHOT,X,numeric,EXHAUSTIVE,READY_EXPLICIT_LIST,0 | 50M | 100M | 150M | 200M | 250M | 300M,0 | 50000000 | 100000000 | 150000000 | 200000000 | 250000000 | 300000000,NOT_SPECIFIED,AUTO_VALIDATED_FROZEN_GATE,AUTO_VALIDATED,0|5e+07|1e+08|1.5e+08|2e+08|2.5e+08|3e+08,0 | 50000000 | 100000000 | 150000000 | 200000000 | 250000000 | 300000000,NORMALIZED_EQUIVALENT,CONFORMING,,,Conteúdo observado coincide com F após normalização congelada.,YES,B_B_NORMALIZATION_V1,,,,V7_TEMPORAL_NUMERIC
SI_045_R09.png,SI,SI_045,9,9,ZERO-SHOT,Y,numeric,EXHAUSTIVE,READY_EXPLICIT_LIST,4 | 6 | 8 | 10 | 12 | 14,4 | 6 | 8 | 10 | 12 | 14,NOT_SPECIFIED,AUTO_VALIDATED_FROZEN_GATE,AUTO_VALIDATED,4|6|8|10|12|14,4 | 6 | 8 | 10 | 12 | 14,NORMALIZED_EQUIVALENT,CONFORMING,,,Conteúdo observado coincide com F após normalização congelada.,YES,B_B_NORMALIZATION_V1,,,,V7_TEMPORAL_NUMERIC
SI_045_R10.png,SI,SI_045,10,9,ZERO-SHOT,X,numeric,EXHAUSTIVE,READY_EXPLICIT_LIST,0 | 50M | 100M | 150M | 200M | 250M | 300M,0 | 50000000 | 100000000 | 150000000 | 200000000 | 250000000 | 300000000,NOT_SPECIFIED,AUTO_VALIDATED_FROZEN_GATE,AUTO_VALIDATED,0|5e+07|1e+08|1.5e+08|2e+08|2.5e+08|3e+08,0 | 50000000 | 100000000 | 150000000 | 200000000 | 250000000 | 300000000,NORMALIZED_EQUIVALENT,CONFORMING,,,Conteúdo observado coincide com F após normalização congelada.,YES,B_B_NORMALIZATION_V1,,,,V7_TEMPORAL_NUMERIC
SI_045_R10.png,SI,SI_045,10,9,ZERO-SHOT,Y,numeric,EXHAUSTIVE,READY_EXPLICIT_LIST,4 | 6 | 8 | 10 | 12 | 14,4 | 6 | 8 | 10 | 12 | 14,NOT_SPECIFIED,AUTO_VALIDATED_FROZEN_GATE,AUTO_VALIDATED,4|6|8|10|12|14,4 | 6 | 8 | 10 | 12 | 14,NORMALIZED_EQUIVALENT,CONFORMING,,,Conteúdo observado coincide com F após normalização congelada.,YES,B_B_NORMALIZATION_V1,,,,V7_TEMPORAL_NUMERIC
SI_049_R01.png,SI,SI_049,1,13,ZERO-SHOT,X,numeric,EXHAUSTIVE,READY_ADJUDICATED_DEDUPLICATED_SEQUENCE,0 | 50M | 100M | 150M | 200M | 250M | 300M,0 | 50000000 | 100000000 | 150000000 | 200000000 | 250000000 | 300000000,NOT_SPECIFIED,AUTO_VALIDATED_FROZEN_GATE,AUTO_VALIDATED,0|5e+07|1e+08|1.5e+08|2e+08|2.5e+08|3e+08,0 | 50000000 | 100000000 | 150000000 | 200000000 | 250000000 | 300000000,NORMALIZED_EQUIVALENT,CONFORMING,,,Conteúdo observado coincide com F após normalização congelada.,YES,B_B_NORMALIZATION_V1,,,,V7_TEMPORAL_NUMERIC
SI_049_R02.png,SI,SI_049,2,13,ZERO-SHOT,X,numeric,EXHAUSTIVE,READY_ADJUDICATED_DEDUPLICATED_SEQUENCE,0 | 50M | 100M | 150M | 200M | 250M | 300M,0 | 50000000 | 100000000 | 150000000 | 200000000 | 250000000 | 300000000,NOT_SPECIFIED,AUTO_VALIDATED_FROZEN_GATE,AUTO_VALIDATED,0|5e+07|1e+08|1.5e+08|2e+08|2.5e+08|3e+08,0 | 50000000 | 100000000 | 150000000 | 200000000 | 250000000 | 300000000,NORMALIZED_EQUIVALENT,CONFORMING,,,Conteúdo observado coincide com F após normalização congelada.,YES,B_B_NORMALIZATION_V1,,,,V7_TEMPORAL_NUMERIC
SI_049_R03.png,SI,SI_049,3,13,ZERO-SHOT,X,numeric,EXHAUSTIVE,READY_ADJUDICATED_DEDUPLICATED_SEQUENCE,0 | 50M | 100M | 150M | 200M | 250M | 300M,0 | 50000000 | 100000000 | 150000000 | 200000000 | 250000000 | 300000000,NOT_SPECIFIED,AUTO_VALIDATED_FROZEN_GATE,AUTO_VALIDATED,0|5e+07|1e+08|1.5e+08|2e+08|2.5e+08|3e+08,0 | 50000000 | 100000000 | 150000000 | 200000000 | 250000000 | 300000000,NORMALIZED_EQUIVALENT,CONFORMING,,,Conteúdo observado coincide com F após normalização congelada.,YES,B_B_NORMALIZATION_V1,,,,V7_TEMPORAL_NUMERIC
SI_049_R04.png,SI,SI_049,4,13,ZERO-SHOT,X,numeric,EXHAUSTIVE,READY_ADJUDICATED_DEDUPLICATED_SEQUENCE,0 | 50M | 100M | 150M | 200M | 250M | 300M,0 | 50000000 | 100000000 | 150000000 | 200000000 | 250000000 | 300000000,NOT_SPECIFIED,AUTO_VALIDATED_FROZEN_GATE,AUTO_VALIDATED,0|5e+07|1e+08|1.5e+08|2e+08|2.5e+08|3e+08,0 | 50000000 | 100000000 | 150000000 | 200000000 | 250000000 | 300000000,NORMALIZED_EQUIVALENT,CONFORMING,,,Conteúdo observado coincide com F após normalização congelada.,YES,B_B_NORMALIZATION_V1,,,,V7_TEMPORAL_NUMERIC
SI_049_R05.png,SI,SI_049,5,13,ZERO-SHOT,X,numeric,EXHAUSTIVE,READY_ADJUDICATED_DEDUPLICATED_SEQUENCE,0 | 50M | 100M | 150M | 200M | 250M | 300M,0 | 50000000 | 100000000 | 150000000 | 200000000 | 250000000 | 300000000,NOT_SPECIFIED,AUTO_VALIDATED_FROZEN_GATE,AUTO_VALIDATED,0|5e+07|1e+08|1.5e+08|2e+08|2.5e+08|3e+08,0 | 50000000 | 100000000 | 150000000 | 200000000 | 250000000 | 300000000,NORMALIZED_EQUIVALENT,CONFORMING,,,Conteúdo observado coincide com F após normalização congelada.,YES,B_B_NORMALIZATION_V1,,,,V7_TEMPORAL_NUMERIC
SI_049_R06.png,SI,SI_049,6,13,ZERO-SHOT,X,numeric,EXHAUSTIVE,READY_ADJUDICATED_DEDUPLICATED_SEQUENCE,0 | 50M | 100M | 150M | 200M | 250M | 300M,0 | 50000000 | 100000000 | 150000000 | 200000000 | 250000000 | 300000000,NOT_SPECIFIED,AUTO_VALIDATED_FROZEN_GATE,AUTO_VALIDATED,0|5e+07|1e+08|1.5e+08|2e+08|2.5e+08|3e+08,0 | 50000000 | 100000000 | 150000000 | 200000000 | 250000000 | 300000000,NORMALIZED_EQUIVALENT,CONFORMING,,,Conteúdo observado coincide com F após normalização congelada.,YES,B_B_NORMALIZATION_V1,,,,V7_TEMPORAL_NUMERIC
SI_049_R07.png,SI,SI_049,7,13,ZERO-SHOT,X,numeric,EXHAUSTIVE,READY_ADJUDICATED_DEDUPLICATED_SEQUENCE,0 | 50M | 100M | 150M | 200M | 250M | 300M,0 | 50000000 | 100000000 | 150000000 | 200000000 | 250000000 | 300000000,NOT_SPECIFIED,AUTO_VALIDATED_FROZEN_GATE,AUTO_VALIDATED,0|5e+07|1e+08|1.5e+08|2e+08|2.5e+08|3e+08,0 | 50000000 | 100000000 | 150000000 | 200000000 | 250000000 | 300000000,NORMALIZED_EQUIVALENT,CONFORMING,,,Conteúdo observado coincide com F após normalização congelada.,YES,B_B_NORMALIZATION_V1,,,,V7_TEMPORAL_NUMERIC
SI_049_R08.png,SI,SI_049,8,13,ZERO-SHOT,X,numeric,EXHAUSTIVE,READY_ADJUDICATED_DEDUPLICATED_SEQUENCE,0 | 50M | 100M | 150M | 200M | 250M | 300M,0 | 50000000 | 100000000 | 150000000 | 200000000 | 250000000 | 300000000,NOT_SPECIFIED,AUTO_VALIDATED_FROZEN_GATE,AUTO_VALIDATED,0|5e+07|1e+08|1.5e+08|2e+08|2.5e+08|3e+08,0 | 50000000 | 100000000 | 150000000 | 200000000 | 250000000 | 300000000,NORMALIZED_EQUIVALENT,CONFORMING,,,Conteúdo observado coincide com F após normalização congelada.,YES,B_B_NORMALIZATION_V1,,,,V7_TEMPORAL_NUMERIC
SI_049_R09.png,SI,SI_049,9,13,ZERO-SHOT,X,numeric,EXHAUSTIVE,READY_ADJUDICATED_DEDUPLICATED_SEQUENCE,0 | 50M | 100M | 150M | 200M | 250M | 300M,0 | 50000000 | 100000000 | 150000000 | 200000000 | 250000000 | 300000000,NOT_SPECIFIED,AUTO_VALIDATED_FROZEN_GATE,AUTO_VALIDATED,0|5e+07|1e+08|1.5e+08|2e+08|2.5e+08|3e+08,0 | 50000000 | 100000000 | 150000000 | 200000000 | 250000000 | 300000000,NORMALIZED_EQUIVALENT,CONFORMING,,,Conteúdo observado coincide com F após normalização congelada.,YES,B_B_NORMALIZATION_V1,,,,V7_TEMPORAL_NUMERIC
SI_049_R10.png,SI,SI_049,10,13,ZERO-SHOT,X,numeric,EXHAUSTIVE,READY_ADJUDICATED_DEDUPLICATED_SEQUENCE,0 | 50M | 100M | 150M | 200M | 250M | 300M,0 | 50000000 | 100000000 | 150000000 | 200000000 | 250000000 | 300000000,NOT_SPECIFIED,AUTO_VALIDATED_FROZEN_GATE,AUTO_VALIDATED,0|5e+07|1e+08|1.5e+08|2e+08|2.5e+08|3e+08,0 | 50000000 | 100000000 | 150000000 | 200000000 | 250000000 | 300000000,NORMALIZED_EQUIVALENT,CONFORMING,,,Conteúdo observado coincide com F após normalização congelada.,YES,B_B_NORMALIZATION_V1,,,,V7_TEMPORAL_NUMERIC
