filename,profile,technique,task,unit_id,unit_number,repeat,presence_status_raw,mark_present,mark_absent,mark_conformity_status,presence_confidence,n_candidates_technique_specific,evidence,roi_method,roi_x1,roi_y1,roi_x2,roi_y2,participant_id,condition_code,condition_label,with_examples,with_structure,association_method,original_filename,sequence_original
BC_001_R01.png,BC,B,C,BC_001,1,1,PRESENT,1,0,MARK_PRESENT,1.0,1,THICK_BASELINE_RECTANGLES=1;MAX_H_FRAC=0.949;CORE_R=2.04,FULL_AXES_RECT,102,33,1144,615,1,10,Few-shot,1,0,SHA256_UNIQUE,BC_001_01_10.png,1
BC_001_R02.png,BC,B,C,BC_001,1,2,PRESENT,1,0,MARK_PRESENT,1.0,1,THICK_BASELINE_RECTANGLES=1;MAX_H_FRAC=0.947;CORE_R=2.04,FULL_AXES_RECT,106,33,1148,615,1,10,Few-shot,1,0,SHA256_UNIQUE,BC_001_01_10.png,1
BC_001_R03.png,BC,B,C,BC_001,1,3,PRESENT,1,0,MARK_PRESENT,1.0,1,THICK_BASELINE_RECTANGLES=1;MAX_H_FRAC=0.962;CORE_R=2.04,FULL_AXES_RECT,106,34,1148,616,1,10,Few-shot,1,0,SHA256_UNIQUE,BC_001_01_10.png,1
BC_001_R04.png,BC,B,C,BC_001,1,4,PRESENT,1,0,MARK_PRESENT,1.0,1,THICK_BASELINE_RECTANGLES=1;MAX_H_FRAC=0.962;CORE_R=2.04,FULL_AXES_RECT,106,34,1148,616,1,10,Few-shot,1,0,SHA256_UNIQUE,BC_001_01_10.png,1
BC_001_R05.png,BC,B,C,BC_001,1,5,PRESENT,1,0,MARK_PRESENT,1.0,1,THICK_BASELINE_RECTANGLES=1;MAX_H_FRAC=0.962;CORE_R=2.04,FULL_AXES_RECT,106,34,1148,616,1,10,Few-shot,1,0,SHA256_UNIQUE,BC_001_01_10.png,1
BC_001_R06.png,BC,B,C,BC_001,1,6,PRESENT,1,0,MARK_PRESENT,1.0,1,THICK_BASELINE_RECTANGLES=1;MAX_H_FRAC=0.962;CORE_R=2.04,FULL_AXES_RECT,106,34,1148,616,1,10,Few-shot,1,0,SHA256_UNIQUE,BC_001_01_10.png,1
BC_001_R07.png,BC,B,C,BC_001,1,7,PRESENT,1,0,MARK_PRESENT,1.0,1,THICK_BASELINE_RECTANGLES=1;MAX_H_FRAC=0.962;CORE_R=2.04,FULL_AXES_RECT,106,34,1148,616,1,10,Few-shot,1,0,SHA256_UNIQUE,BC_001_01_10.png,1
BC_001_R08.png,BC,B,C,BC_001,1,8,PRESENT,1,0,MARK_PRESENT,1.0,1,THICK_BASELINE_RECTANGLES=1;MAX_H_FRAC=0.962;CORE_R=2.04,FULL_AXES_RECT,106,34,1148,616,1,10,Few-shot,1,0,SHA256_UNIQUE,BC_001_01_10.png,1
BC_001_R09.png,BC,B,C,BC_001,1,9,PRESENT,1,0,MARK_PRESENT,1.0,1,THICK_BASELINE_RECTANGLES=1;MAX_H_FRAC=0.962;CORE_R=2.04,FULL_AXES_RECT,106,34,1148,616,1,10,Few-shot,1,0,SHA256_UNIQUE,BC_001_01_10.png,1
BC_001_R10.png,BC,B,C,BC_001,1,10,PRESENT,1,0,MARK_PRESENT,1.0,1,THICK_BASELINE_RECTANGLES=1;MAX_H_FRAC=0.962;CORE_R=2.04,FULL_AXES_RECT,106,34,1148,616,1,10,Few-shot,1,0,SHA256_UNIQUE,BC_001_01_10.png,1
BC_002_R01.png,BC,B,C,BC_002,2,1,PRESENT,1,0,MARK_PRESENT,1.0,1,THICK_BASELINE_RECTANGLES=1;MAX_H_FRAC=0.951;CORE_R=2.00,FULL_AXES_RECT,48,34,610,754,4,10,Few-shot,1,0,SHA256_UNIQUE,BC_002_04_10.png,2
BC_002_R02.png,BC,B,C,BC_002,2,2,ABSENT_OR_UNCERTAIN,0,1,MARK_ABSENT,0.0,0,NO_THICK_BASELINE_RECTANGLES;CORE_R=2.52,FULL_AXES_RECT,188,39,1160,759,4,10,Few-shot,1,0,SHA256_UNIQUE,BC_002_04_10.png,2
BC_002_R03.png,BC,B,C,BC_002,2,3,PRESENT,1,0,MARK_PRESENT,1.0,1,THICK_BASELINE_RECTANGLES=1;MAX_H_FRAC=0.952;CORE_R=2.00,FULL_AXES_RECT,73,39,625,743,4,10,Few-shot,1,0,SHA256_UNIQUE,BC_002_04_10.png,2
BC_002_R04.png,BC,B,C,BC_002,2,4,PRESENT,1,0,MARK_PRESENT,1.0,1,THICK_BASELINE_RECTANGLES=1;MAX_H_FRAC=0.952;CORE_R=2.00,FULL_AXES_RECT,73,39,625,743,4,10,Few-shot,1,0,SHA256_UNIQUE,BC_002_04_10.png,2
BC_002_R05.png,BC,B,C,BC_002,2,5,ABSENT_OR_UNCERTAIN,0,1,MARK_ABSENT,0.0,0,NO_THICK_BASELINE_RECTANGLES;CORE_R=2.47,FULL_AXES_RECT,73,39,1174,743,4,10,Few-shot,1,0,SHA256_UNIQUE,BC_002_04_10.png,2
BC_002_R06.png,BC,B,C,BC_002,2,6,ABSENT_OR_UNCERTAIN,0,1,MARK_ABSENT,0.2,1,THICK_BASELINE_RECTANGLES=1;MAX_H_FRAC=0.016;CORE_R=2.47,FULL_AXES_RECT,73,39,1174,743,4,10,Few-shot,1,0,SHA256_UNIQUE,BC_002_04_10.png,2
BC_002_R07.png,BC,B,C,BC_002,2,7,PRESENT,1,0,MARK_PRESENT,1.0,1,THICK_BASELINE_RECTANGLES=1;MAX_H_FRAC=0.949;CORE_R=2.43,FULL_AXES_RECT,81,39,773,743,4,10,Few-shot,1,0,SHA256_UNIQUE,BC_002_04_10.png,2
BC_002_R08.png,BC,B,C,BC_002,2,8,ABSENT_OR_UNCERTAIN,0,1,MARK_ABSENT,0.0,0,NO_THICK_BASELINE_RECTANGLES;CORE_R=2.47,FULL_AXES_RECT,73,39,1174,743,4,10,Few-shot,1,0,SHA256_UNIQUE,BC_002_04_10.png,2
BC_002_R09.png,BC,B,C,BC_002,2,9,ABSENT_OR_UNCERTAIN,0,1,MARK_ABSENT,0.0,0,NO_THICK_BASELINE_RECTANGLES;CORE_R=2.15,FULL_AXES_RECT,152,98,1078,710,4,10,Few-shot,1,0,SHA256_UNIQUE,BC_002_04_10.png,2
BC_002_R10.png,BC,B,C,BC_002,2,10,PRESENT,1,0,MARK_PRESENT,1.0,1,THICK_BASELINE_RECTANGLES=1;MAX_H_FRAC=0.952;CORE_R=2.00,FULL_AXES_RECT,73,39,625,743,4,10,Few-shot,1,0,SHA256_UNIQUE,BC_002_04_10.png,2
BC_003_R01.png,BC,B,C,BC_003,3,1,PRESENT,1,0,MARK_PRESENT,1.0,1,THICK_BASELINE_RECTANGLES=1;MAX_H_FRAC=0.962;CORE_R=2.00,FULL_AXES_RECT,59,34,578,616,6,10,Few-shot,1,0,SHA256_UNIQUE,BC_003_06_10.png,3
BC_003_R02.png,BC,B,C,BC_003,3,2,PRESENT,1,0,MARK_PRESENT,1.0,1,THICK_BASELINE_RECTANGLES=1;MAX_H_FRAC=0.909;CORE_R=2.00,FULL_AXES_RECT,84,40,630,743,6,10,Few-shot,1,0,SHA256_UNIQUE,BC_003_06_10.png,3
BC_003_R03.png,BC,B,C,BC_003,3,3,PRESENT,1,0,MARK_PRESENT,1.0,1,THICK_BASELINE_RECTANGLES=1;MAX_H_FRAC=0.909;CORE_R=2.00,FULL_AXES_RECT,84,40,630,743,6,10,Few-shot,1,0,SHA256_UNIQUE,BC_003_06_10.png,3
BC_003_R04.png,BC,B,C,BC_003,3,4,PRESENT,1,0,MARK_PRESENT,1.0,1,THICK_BASELINE_RECTANGLES=1;MAX_H_FRAC=0.963;CORE_R=2.00,FULL_AXES_RECT,88,60,632,743,6,10,Few-shot,1,0,SHA256_UNIQUE,BC_003_06_10.png,3
BC_003_R05.png,BC,B,C,BC_003,3,5,PRESENT,1,0,MARK_PRESENT,1.0,1,THICK_BASELINE_RECTANGLES=1;MAX_H_FRAC=0.909;CORE_R=2.00,FULL_AXES_RECT,84,40,630,743,6,10,Few-shot,1,0,SHA256_UNIQUE,BC_003_06_10.png,3
BC_003_R06.png,BC,B,C,BC_003,3,6,PRESENT,1,0,MARK_PRESENT,1.0,1,THICK_BASELINE_RECTANGLES=1;MAX_H_FRAC=0.909;CORE_R=2.00,FULL_AXES_RECT,84,40,630,743,6,10,Few-shot,1,0,SHA256_UNIQUE,BC_003_06_10.png,3
BC_003_R07.png,BC,B,C,BC_003,3,7,PRESENT,1,0,MARK_PRESENT,1.0,3,THICK_BASELINE_RECTANGLES=3;MAX_H_FRAC=0.962;CORE_R=2.00,FULL_AXES_RECT,82,48,593,630,6,10,Few-shot,1,0,SHA256_UNIQUE,BC_003_06_10.png,3
BC_003_R08.png,BC,B,C,BC_003,3,8,PRESENT,1,0,MARK_PRESENT,1.0,3,THICK_BASELINE_RECTANGLES=3;MAX_H_FRAC=0.962;CORE_R=2.00,FULL_AXES_RECT,82,48,589,630,6,10,Few-shot,1,0,SHA256_UNIQUE,BC_003_06_10.png,3
BC_003_R09.png,BC,B,C,BC_003,3,9,PRESENT,1,0,MARK_PRESENT,1.0,1,THICK_BASELINE_RECTANGLES=1;MAX_H_FRAC=0.963;CORE_R=2.00,FULL_AXES_RECT,88,60,632,743,6,10,Few-shot,1,0,SHA256_UNIQUE,BC_003_06_10.png,3
BC_003_R10.png,BC,B,C,BC_003,3,10,PRESENT,1,0,MARK_PRESENT,1.0,1,THICK_BASELINE_RECTANGLES=1;MAX_H_FRAC=0.909;CORE_R=2.00,FULL_AXES_RECT,84,40,630,743,6,10,Few-shot,1,0,SHA256_UNIQUE,BC_003_06_10.png,3
BC_004_R01.png,BC,B,C,BC_004,4,1,ABSENT_OR_UNCERTAIN,0,1,MARK_ABSENT,0.0,0,NO_THICK_BASELINE_RECTANGLES;CORE_R=2.52,FULL_AXES_RECT,50,34,1045,752,7,10,Few-shot,1,0,SHA256_UNIQUE,BC_004_07_10.png,4
BC_004_R02.png,BC,B,C,BC_004,4,2,PRESENT,1,0,MARK_PRESENT,1.0,1,THICK_BASELINE_RECTANGLES=1;MAX_H_FRAC=0.949;CORE_R=2.33,FULL_AXES_RECT,108,72,976,738,7,10,Few-shot,1,0,SHA256_UNIQUE,BC_004_07_10.png,4
BC_004_R03.png,BC,B,C,BC_004,4,3,PRESENT,1,0,MARK_PRESENT,1.0,1,THICK_BASELINE_RECTANGLES=1;MAX_H_FRAC=0.949;CORE_R=2.33,FULL_AXES_RECT,108,72,976,738,7,10,Few-shot,1,0,SHA256_UNIQUE,BC_004_07_10.png,4
BC_004_R04.png,BC,B,C,BC_004,4,4,PRESENT,1,0,MARK_PRESENT,1.0,1,THICK_BASELINE_RECTANGLES=1;MAX_H_FRAC=0.949;CORE_R=2.04,FULL_AXES_RECT,82,32,1124,614,7,10,Few-shot,1,0,SHA256_UNIQUE,BC_004_07_10.png,4
BC_004_R05.png,BC,B,C,BC_004,4,5,PRESENT,1,0,MARK_PRESENT,1.0,1,THICK_BASELINE_RECTANGLES=1;MAX_H_FRAC=0.949;CORE_R=2.33,FULL_AXES_RECT,108,72,976,738,7,10,Few-shot,1,0,SHA256_UNIQUE,BC_004_07_10.png,4
BC_004_R06.png,BC,B,C,BC_004,4,6,PRESENT,1,0,MARK_PRESENT,1.0,1,THICK_BASELINE_RECTANGLES=1;MAX_H_FRAC=0.949;CORE_R=2.04,FULL_AXES_RECT,82,32,1124,614,7,10,Few-shot,1,0,SHA256_UNIQUE,BC_004_07_10.png,4
BC_004_R07.png,BC,B,C,BC_004,4,7,PRESENT,1,0,MARK_PRESENT,1.0,1,THICK_BASELINE_RECTANGLES=1;MAX_H_FRAC=0.949;CORE_R=2.04,FULL_AXES_RECT,82,32,1124,614,7,10,Few-shot,1,0,SHA256_UNIQUE,BC_004_07_10.png,4
BC_004_R08.png,BC,B,C,BC_004,4,8,PRESENT,1,0,MARK_PRESENT,1.0,1,THICK_BASELINE_RECTANGLES=1;MAX_H_FRAC=0.949;CORE_R=2.04,FULL_AXES_RECT,82,32,1124,614,7,10,Few-shot,1,0,SHA256_UNIQUE,BC_004_07_10.png,4
BC_004_R09.png,BC,B,C,BC_004,4,9,PRESENT,1,0,MARK_PRESENT,1.0,1,THICK_BASELINE_RECTANGLES=1;MAX_H_FRAC=0.949;CORE_R=2.04,FULL_AXES_RECT,82,32,1124,614,7,10,Few-shot,1,0,SHA256_UNIQUE,BC_004_07_10.png,4
BC_004_R10.png,BC,B,C,BC_004,4,10,PRESENT,1,0,MARK_PRESENT,1.0,1,THICK_BASELINE_RECTANGLES=1;MAX_H_FRAC=0.949;CORE_R=2.33,FULL_AXES_RECT,108,72,976,738,7,10,Few-shot,1,0,SHA256_UNIQUE,BC_004_07_10.png,4
BC_005_R01.png,BC,B,C,BC_005,5,1,PRESENT,1,0,MARK_PRESENT,1.0,1,THICK_BASELINE_RECTANGLES=1;MAX_H_FRAC=0.948;CORE_R=2.44,FULL_AXES_RECT,69,35,960,732,8,10,Few-shot,1,0,SHA256_UNIQUE,BC_005_08_10.png,5
BC_005_R02.png,BC,B,C,BC_005,5,2,PRESENT,1,0,MARK_PRESENT,1.0,1,THICK_BASELINE_RECTANGLES=1;MAX_H_FRAC=0.960;CORE_R=2.45,FULL_AXES_RECT,85,39,967,738,8,10,Few-shot,1,0,SHA256_UNIQUE,BC_005_08_10.png,5
BC_005_R03.png,BC,B,C,BC_005,5,3,PRESENT,1,0,MARK_PRESENT,1.0,1,THICK_BASELINE_RECTANGLES=1;MAX_H_FRAC=0.960;CORE_R=2.45,FULL_AXES_RECT,85,39,967,738,8,10,Few-shot,1,0,SHA256_UNIQUE,BC_005_08_10.png,5
BC_005_R04.png,BC,B,C,BC_005,5,4,PRESENT,1,0,MARK_PRESENT,1.0,1,THICK_BASELINE_RECTANGLES=1;MAX_H_FRAC=0.960;CORE_R=2.45,FULL_AXES_RECT,85,39,967,738,8,10,Few-shot,1,0,SHA256_UNIQUE,BC_005_08_10.png,5
BC_005_R05.png,BC,B,C,BC_005,5,5,PRESENT,1,0,MARK_PRESENT,1.0,1,THICK_BASELINE_RECTANGLES=1;MAX_H_FRAC=0.948;CORE_R=2.03,FULL_AXES_RECT,98,98,1138,678,8,10,Few-shot,1,0,SHA256_UNIQUE,BC_005_08_10.png,5
BC_005_R06.png,BC,B,C,BC_005,5,6,PRESENT,1,0,MARK_PRESENT,1.0,1,THICK_BASELINE_RECTANGLES=1;MAX_H_FRAC=0.948;CORE_R=2.03,FULL_AXES_RECT,98,98,1138,678,8,10,Few-shot,1,0,SHA256_UNIQUE,BC_005_08_10.png,5
BC_005_R07.png,BC,B,C,BC_005,5,7,PRESENT,1,0,MARK_PRESENT,1.0,1,THICK_BASELINE_RECTANGLES=1;MAX_H_FRAC=0.948;CORE_R=2.03,FULL_AXES_RECT,98,98,1138,678,8,10,Few-shot,1,0,SHA256_UNIQUE,BC_005_08_10.png,5
BC_005_R08.png,BC,B,C,BC_005,5,8,PRESENT,1,0,MARK_PRESENT,1.0,1,THICK_BASELINE_RECTANGLES=1;MAX_H_FRAC=0.948;CORE_R=2.03,FULL_AXES_RECT,98,98,1138,678,8,10,Few-shot,1,0,SHA256_UNIQUE,BC_005_08_10.png,5
BC_005_R09.png,BC,B,C,BC_005,5,9,PRESENT,1,0,MARK_PRESENT,1.0,1,THICK_BASELINE_RECTANGLES=1;MAX_H_FRAC=0.960;CORE_R=2.45,FULL_AXES_RECT,85,39,967,738,8,10,Few-shot,1,0,SHA256_UNIQUE,BC_005_08_10.png,5
BC_005_R10.png,BC,B,C,BC_005,5,10,PRESENT,1,0,MARK_PRESENT,1.0,1,THICK_BASELINE_RECTANGLES=1;MAX_H_FRAC=0.960;CORE_R=2.45,FULL_AXES_RECT,85,39,967,738,8,10,Few-shot,1,0,SHA256_UNIQUE,BC_005_08_10.png,5
BC_006_R01.png,BC,B,C,BC_006,6,1,PRESENT,1,0,MARK_PRESENT,1.0,1,THICK_BASELINE_RECTANGLES=1;MAX_H_FRAC=0.935;CORE_R=2.10,FULL_AXES_RECT,102,50,928,648,9,10,Few-shot,1,0,SHA256_UNIQUE,BC_006_09_10.png,6
BC_006_R02.png,BC,B,C,BC_006,6,2,PRESENT,1,0,MARK_PRESENT,1.0,1,THICK_BASELINE_RECTANGLES=1;MAX_H_FRAC=0.935;CORE_R=2.10,FULL_AXES_RECT,102,50,928,648,9,10,Few-shot,1,0,SHA256_UNIQUE,BC_006_09_10.png,6
BC_006_R03.png,BC,B,C,BC_006,6,3,PRESENT,1,0,MARK_PRESENT,1.0,1,THICK_BASELINE_RECTANGLES=1;MAX_H_FRAC=0.935;CORE_R=2.04,FULL_AXES_RECT,102,34,1144,616,9,10,Few-shot,1,0,SHA256_UNIQUE,BC_006_09_10.png,6
BC_006_R04.png,BC,B,C,BC_006,6,4,PRESENT,1,0,MARK_PRESENT,1.0,1,THICK_BASELINE_RECTANGLES=1;MAX_H_FRAC=0.935;CORE_R=2.10,FULL_AXES_RECT,102,50,928,648,9,10,Few-shot,1,0,SHA256_UNIQUE,BC_006_09_10.png,6
BC_006_R05.png,BC,B,C,BC_006,6,5,PRESENT,1,0,MARK_PRESENT,1.0,1,THICK_BASELINE_RECTANGLES=1;MAX_H_FRAC=0.935;CORE_R=2.04,FULL_AXES_RECT,102,34,1144,616,9,10,Few-shot,1,0,SHA256_UNIQUE,BC_006_09_10.png,6
BC_006_R06.png,BC,B,C,BC_006,6,6,PRESENT,1,0,MARK_PRESENT,1.0,1,THICK_BASELINE_RECTANGLES=1;MAX_H_FRAC=0.935;CORE_R=2.10,FULL_AXES_RECT,102,50,928,648,9,10,Few-shot,1,0,SHA256_UNIQUE,BC_006_09_10.png,6
BC_006_R07.png,BC,B,C,BC_006,6,7,PRESENT,1,0,MARK_PRESENT,1.0,1,THICK_BASELINE_RECTANGLES=1;MAX_H_FRAC=0.935;CORE_R=2.04,FULL_AXES_RECT,102,34,1144,616,9,10,Few-shot,1,0,SHA256_UNIQUE,BC_006_09_10.png,6
BC_006_R08.png,BC,B,C,BC_006,6,8,PRESENT,1,0,MARK_PRESENT,1.0,1,THICK_BASELINE_RECTANGLES=1;MAX_H_FRAC=0.935;CORE_R=2.10,FULL_AXES_RECT,102,50,928,648,9,10,Few-shot,1,0,SHA256_UNIQUE,BC_006_09_10.png,6
BC_006_R09.png,BC,B,C,BC_006,6,9,PRESENT,1,0,MARK_PRESENT,1.0,1,THICK_BASELINE_RECTANGLES=1;MAX_H_FRAC=0.935;CORE_R=2.04,FULL_AXES_RECT,102,34,1144,616,9,10,Few-shot,1,0,SHA256_UNIQUE,BC_006_09_10.png,6
BC_006_R10.png,BC,B,C,BC_006,6,10,PRESENT,1,0,MARK_PRESENT,1.0,1,THICK_BASELINE_RECTANGLES=1;MAX_H_FRAC=0.935;CORE_R=2.04,FULL_AXES_RECT,102,34,1144,616,9,10,Few-shot,1,0,SHA256_UNIQUE,BC_006_09_10.png,6
BC_007_R01.png,BC,B,C,BC_007,7,1,PRESENT,1,0,MARK_PRESENT,1.0,4,THICK_BASELINE_RECTANGLES=4;MAX_H_FRAC=0.985;CORE_R=2.04,FULL_AXES_RECT,50,34,1092,616,10,10,Few-shot,1,0,SHA256_UNIQUE,BC_007_10_10.png,7
BC_007_R02.png,BC,B,C,BC_007,7,2,PRESENT,1,0,MARK_PRESENT,1.0,1,THICK_BASELINE_RECTANGLES=1;MAX_H_FRAC=0.985;CORE_R=2.04,FULL_AXES_RECT,82,34,1124,616,10,10,Few-shot,1,0,SHA256_UNIQUE,BC_007_10_10.png,7
BC_007_R03.png,BC,B,C,BC_007,7,3,PRESENT,1,0,MARK_PRESENT,1.0,1,THICK_BASELINE_RECTANGLES=1;MAX_H_FRAC=0.985;CORE_R=2.04,FULL_AXES_RECT,82,34,1124,616,10,10,Few-shot,1,0,SHA256_UNIQUE,BC_007_10_10.png,7
BC_007_R04.png,BC,B,C,BC_007,7,4,PRESENT,1,0,MARK_PRESENT,1.0,1,THICK_BASELINE_RECTANGLES=1;MAX_H_FRAC=0.985;CORE_R=2.04,FULL_AXES_RECT,82,34,1124,616,10,10,Few-shot,1,0,SHA256_UNIQUE,BC_007_10_10.png,7
BC_007_R05.png,BC,B,C,BC_007,7,5,PRESENT,1,0,MARK_PRESENT,1.0,1,THICK_BASELINE_RECTANGLES=1;MAX_H_FRAC=0.985;CORE_R=2.04,FULL_AXES_RECT,82,34,1124,616,10,10,Few-shot,1,0,SHA256_UNIQUE,BC_007_10_10.png,7
BC_007_R06.png,BC,B,C,BC_007,7,6,PRESENT,1,0,MARK_PRESENT,1.0,1,THICK_BASELINE_RECTANGLES=1;MAX_H_FRAC=0.986;CORE_R=2.32,FULL_AXES_RECT,88,39,965,700,10,10,Few-shot,1,0,SHA256_UNIQUE,BC_007_10_10.png,7
BC_007_R07.png,BC,B,C,BC_007,7,7,PRESENT,1,0,MARK_PRESENT,1.0,1,THICK_BASELINE_RECTANGLES=1;MAX_H_FRAC=0.987;CORE_R=2.41,FULL_AXES_RECT,88,39,965,727,10,10,Few-shot,1,0,SHA256_UNIQUE,BC_007_10_10.png,7
BC_007_R08.png,BC,B,C,BC_007,7,8,PRESENT,1,0,MARK_PRESENT,1.0,1,THICK_BASELINE_RECTANGLES=1;MAX_H_FRAC=0.987;CORE_R=2.36,FULL_AXES_RECT,88,39,965,712,10,10,Few-shot,1,0,SHA256_UNIQUE,BC_007_10_10.png,7
BC_007_R09.png,BC,B,C,BC_007,7,9,PRESENT,1,0,MARK_PRESENT,1.0,1,THICK_BASELINE_RECTANGLES=1;MAX_H_FRAC=0.985;CORE_R=2.04,FULL_AXES_RECT,82,34,1124,616,10,10,Few-shot,1,0,SHA256_UNIQUE,BC_007_10_10.png,7
BC_007_R10.png,BC,B,C,BC_007,7,10,PRESENT,1,0,MARK_PRESENT,1.0,1,THICK_BASELINE_RECTANGLES=1;MAX_H_FRAC=0.985;CORE_R=2.04,FULL_AXES_RECT,82,34,1124,616,10,10,Few-shot,1,0,SHA256_UNIQUE,BC_007_10_10.png,7
BC_008_R01.png,BC,B,C,BC_008,8,1,PRESENT,1,0,MARK_PRESENT,1.0,1,THICK_BASELINE_RECTANGLES=1;MAX_H_FRAC=0.948;CORE_R=2.44,FULL_AXES_RECT,94,35,962,732,11,10,Few-shot,1,0,SHA256_UNIQUE,BC_008_11_10.png,8
BC_008_R02.png,BC,B,C,BC_008,8,2,PRESENT,1,0,MARK_PRESENT,1.0,1,THICK_BASELINE_RECTANGLES=1;MAX_H_FRAC=0.947;CORE_R=2.04,FULL_AXES_RECT,79,34,941,616,11,10,Few-shot,1,0,SHA256_UNIQUE,BC_008_11_10.png,8
BC_008_R03.png,BC,B,C,BC_008,8,3,PRESENT,1,0,MARK_PRESENT,1.0,1,THICK_BASELINE_RECTANGLES=1;MAX_H_FRAC=0.947;CORE_R=2.04,FULL_AXES_RECT,79,34,917,616,11,10,Few-shot,1,0,SHA256_UNIQUE,BC_008_11_10.png,8
BC_008_R04.png,BC,B,C,BC_008,8,4,PRESENT,1,0,MARK_PRESENT,1.0,1,THICK_BASELINE_RECTANGLES=1;MAX_H_FRAC=0.947;CORE_R=2.04,FULL_AXES_RECT,79,34,917,616,11,10,Few-shot,1,0,SHA256_UNIQUE,BC_008_11_10.png,8
BC_008_R05.png,BC,B,C,BC_008,8,5,PRESENT,1,0,MARK_PRESENT,1.0,1,THICK_BASELINE_RECTANGLES=1;MAX_H_FRAC=0.947;CORE_R=2.04,FULL_AXES_RECT,79,34,917,616,11,10,Few-shot,1,0,SHA256_UNIQUE,BC_008_11_10.png,8
BC_008_R06.png,BC,B,C,BC_008,8,6,PRESENT,1,0,MARK_PRESENT,1.0,1,THICK_BASELINE_RECTANGLES=1;MAX_H_FRAC=0.947;CORE_R=2.04,FULL_AXES_RECT,79,34,917,616,11,10,Few-shot,1,0,SHA256_UNIQUE,BC_008_11_10.png,8
BC_008_R07.png,BC,B,C,BC_008,8,7,PRESENT,1,0,MARK_PRESENT,1.0,1,THICK_BASELINE_RECTANGLES=1;MAX_H_FRAC=0.947;CORE_R=2.04,FULL_AXES_RECT,79,34,941,616,11,10,Few-shot,1,0,SHA256_UNIQUE,BC_008_11_10.png,8
BC_008_R08.png,BC,B,C,BC_008,8,8,PRESENT,1,0,MARK_PRESENT,1.0,10,THICK_BASELINE_RECTANGLES=10;MAX_H_FRAC=0.964;CORE_R=2.04,FULL_AXES_RECT,62,34,1104,616,11,10,Few-shot,1,0,SHA256_UNIQUE,BC_008_11_10.png,8
BC_008_R09.png,BC,B,C,BC_008,8,9,PRESENT,1,0,MARK_PRESENT,1.0,1,THICK_BASELINE_RECTANGLES=1;MAX_H_FRAC=0.947;CORE_R=2.04,FULL_AXES_RECT,79,34,917,616,11,10,Few-shot,1,0,SHA256_UNIQUE,BC_008_11_10.png,8
BC_008_R10.png,BC,B,C,BC_008,8,10,PRESENT,1,0,MARK_PRESENT,1.0,1,THICK_BASELINE_RECTANGLES=1;MAX_H_FRAC=0.947;CORE_R=2.04,FULL_AXES_RECT,79,34,941,616,11,10,Few-shot,1,0,SHA256_UNIQUE,BC_008_11_10.png,8
BC_009_R01.png,BC,B,C,BC_009,9,1,PRESENT,1,0,MARK_PRESENT,1.0,1,THICK_BASELINE_RECTANGLES=1;MAX_H_FRAC=0.948;CORE_R=2.03,FULL_AXES_RECT,69,35,1109,615,12,10,Few-shot,1,0,SHA256_UNIQUE,BC_009_12_10.png,9
BC_009_R02.png,BC,B,C,BC_009,9,2,PRESENT,1,0,MARK_PRESENT,1.0,1,THICK_BASELINE_RECTANGLES=1;MAX_H_FRAC=0.947;CORE_R=2.04,FULL_AXES_RECT,68,34,1110,616,12,10,Few-shot,1,0,SHA256_UNIQUE,BC_009_12_10.png,9
BC_009_R03.png,BC,B,C,BC_009,9,3,PRESENT,1,0,MARK_PRESENT,1.0,1,THICK_BASELINE_RECTANGLES=1;MAX_H_FRAC=0.947;CORE_R=2.04,FULL_AXES_RECT,68,34,1110,616,12,10,Few-shot,1,0,SHA256_UNIQUE,BC_009_12_10.png,9
BC_009_R04.png,BC,B,C,BC_009,9,4,PRESENT,1,0,MARK_PRESENT,1.0,1,THICK_BASELINE_RECTANGLES=1;MAX_H_FRAC=0.948;CORE_R=2.03,FULL_AXES_RECT,69,35,1109,615,12,10,Few-shot,1,0,SHA256_UNIQUE,BC_009_12_10.png,9
BC_009_R05.png,BC,B,C,BC_009,9,5,PRESENT,1,0,MARK_PRESENT,1.0,1,THICK_BASELINE_RECTANGLES=1;MAX_H_FRAC=0.947;CORE_R=2.04,FULL_AXES_RECT,68,34,1110,616,12,10,Few-shot,1,0,SHA256_UNIQUE,BC_009_12_10.png,9
BC_009_R06.png,BC,B,C,BC_009,9,6,PRESENT,1,0,MARK_PRESENT,1.0,1,THICK_BASELINE_RECTANGLES=1;MAX_H_FRAC=0.947;CORE_R=2.04,FULL_AXES_RECT,68,34,1110,616,12,10,Few-shot,1,0,SHA256_UNIQUE,BC_009_12_10.png,9
BC_009_R07.png,BC,B,C,BC_009,9,7,PRESENT,1,0,MARK_PRESENT,1.0,1,THICK_BASELINE_RECTANGLES=1;MAX_H_FRAC=0.968;CORE_R=2.00,FULL_AXES_RECT,102,34,964,592,12,10,Few-shot,1,0,SHA256_UNIQUE,BC_009_12_10.png,9
BC_009_R08.png,BC,B,C,BC_009,9,8,PRESENT,1,0,MARK_PRESENT,1.0,1,THICK_BASELINE_RECTANGLES=1;MAX_H_FRAC=0.968;CORE_R=2.00,FULL_AXES_RECT,102,34,964,592,12,10,Few-shot,1,0,SHA256_UNIQUE,BC_009_12_10.png,9
BC_009_R09.png,BC,B,C,BC_009,9,9,PRESENT,1,0,MARK_PRESENT,1.0,1,THICK_BASELINE_RECTANGLES=1;MAX_H_FRAC=0.966;CORE_R=2.00,FULL_AXES_RECT,102,34,964,592,12,10,Few-shot,1,0,SHA256_UNIQUE,BC_009_12_10.png,9
BC_009_R10.png,BC,B,C,BC_009,9,10,PRESENT,1,0,MARK_PRESENT,1.0,1,THICK_BASELINE_RECTANGLES=1;MAX_H_FRAC=0.968;CORE_R=2.00,FULL_AXES_RECT,102,34,964,592,12,10,Few-shot,1,0,SHA256_UNIQUE,BC_009_12_10.png,9
BC_010_R01.png,BC,B,C,BC_010,10,1,PRESENT,1,0,MARK_PRESENT,1.0,1,THICK_BASELINE_RECTANGLES=1;MAX_H_FRAC=0.948;CORE_R=2.44,FULL_AXES_RECT,104,35,960,732,13,10,Few-shot,1,0,SHA256_UNIQUE,BC_010_13_10.png,10
BC_010_R02.png,BC,B,C,BC_010,10,2,PRESENT,1,0,MARK_PRESENT,1.0,1,THICK_BASELINE_RECTANGLES=1;MAX_H_FRAC=0.815;CORE_R=2.04,FULL_AXES_RECT,102,34,964,616,13,10,Few-shot,1,0,SHA256_UNIQUE,BC_010_13_10.png,10
BC_010_R03.png,BC,B,C,BC_010,10,3,PRESENT,1,0,MARK_PRESENT,1.0,2,THICK_BASELINE_RECTANGLES=2;MAX_H_FRAC=0.818;CORE_R=2.00,FULL_AXES_RECT,102,34,616,616,13,10,Few-shot,1,0,SHA256_UNIQUE,BC_010_13_10.png,10
BC_010_R04.png,BC,B,C,BC_010,10,4,PRESENT,1,0,MARK_PRESENT,1.0,3,THICK_BASELINE_RECTANGLES=3;MAX_H_FRAC=0.837;CORE_R=2.00,AXIS_PARTIAL,102,47,1109,616,13,10,Few-shot,1,0,SHA256_UNIQUE,BC_010_13_10.png,10
BC_010_R05.png,BC,B,C,BC_010,10,5,PRESENT,1,0,MARK_PRESENT,1.0,1,THICK_BASELINE_RECTANGLES=1;MAX_H_FRAC=0.815;CORE_R=2.04,FULL_AXES_RECT,102,34,964,616,13,10,Few-shot,1,0,SHA256_UNIQUE,BC_010_13_10.png,10
BC_010_R06.png,BC,B,C,BC_010,10,6,PRESENT,1,0,MARK_PRESENT,1.0,1,THICK_BASELINE_RECTANGLES=1;MAX_H_FRAC=0.815;CORE_R=2.04,FULL_AXES_RECT,102,34,964,616,13,10,Few-shot,1,0,SHA256_UNIQUE,BC_010_13_10.png,10
BC_010_R07.png,BC,B,C,BC_010,10,7,PRESENT,1,0,MARK_PRESENT,1.0,1,THICK_BASELINE_RECTANGLES=1;MAX_H_FRAC=0.885;CORE_R=2.04,FULL_AXES_RECT,102,34,964,616,13,10,Few-shot,1,0,SHA256_UNIQUE,BC_010_13_10.png,10
BC_010_R08.png,BC,B,C,BC_010,10,8,PRESENT,1,0,MARK_PRESENT,1.0,1,THICK_BASELINE_RECTANGLES=1;MAX_H_FRAC=0.885;CORE_R=2.04,FULL_AXES_RECT,102,34,964,616,13,10,Few-shot,1,0,SHA256_UNIQUE,BC_010_13_10.png,10
BC_010_R09.png,BC,B,C,BC_010,10,9,PRESENT,1,0,MARK_PRESENT,1.0,1,THICK_BASELINE_RECTANGLES=1;MAX_H_FRAC=0.885;CORE_R=2.04,FULL_AXES_RECT,102,34,964,616,13,10,Few-shot,1,0,SHA256_UNIQUE,BC_010_13_10.png,10
BC_010_R10.png,BC,B,C,BC_010,10,10,PRESENT,1,0,MARK_PRESENT,1.0,1,THICK_BASELINE_RECTANGLES=1;MAX_H_FRAC=0.885;CORE_R=2.04,FULL_AXES_RECT,102,34,964,616,13,10,Few-shot,1,0,SHA256_UNIQUE,BC_010_13_10.png,10
BC_011_R01.png,BC,B,C,BC_011,11,1,PRESENT,1,0,MARK_PRESENT,1.0,1,THICK_BASELINE_RECTANGLES=1;MAX_H_FRAC=0.947;CORE_R=2.04,FULL_AXES_RECT,80,34,1122,616,14,10,Few-shot,1,0,SHA256_UNIQUE,BC_011_14_10.png,11
BC_011_R02.png,BC,B,C,BC_011,11,2,PRESENT,1,0,MARK_PRESENT,1.0,1,THICK_BASELINE_RECTANGLES=1;MAX_H_FRAC=0.969;CORE_R=2.00,FULL_AXES_RECT,98,98,934,654,14,10,Few-shot,1,0,SHA256_UNIQUE,BC_011_14_10.png,11
BC_011_R03.png,BC,B,C,BC_011,11,3,PRESENT,1,0,MARK_PRESENT,1.0,1,THICK_BASELINE_RECTANGLES=1;MAX_H_FRAC=0.969;CORE_R=2.00,FULL_AXES_RECT,98,98,934,654,14,10,Few-shot,1,0,SHA256_UNIQUE,BC_011_14_10.png,11
BC_011_R04.png,BC,B,C,BC_011,11,4,PRESENT,1,0,MARK_PRESENT,1.0,1,THICK_BASELINE_RECTANGLES=1;MAX_H_FRAC=0.969;CORE_R=2.00,FULL_AXES_RECT,98,98,934,654,14,10,Few-shot,1,0,SHA256_UNIQUE,BC_011_14_10.png,11
BC_011_R05.png,BC,B,C,BC_011,11,5,PRESENT,1,0,MARK_PRESENT,1.0,1,THICK_BASELINE_RECTANGLES=1;MAX_H_FRAC=0.898;CORE_R=2.10,AXIS_PARTIAL,97,56,1128,655,14,10,Few-shot,1,0,SHA256_UNIQUE,BC_011_14_10.png,11
BC_011_R06.png,BC,B,C,BC_011,11,6,PRESENT,1,0,MARK_PRESENT,1.0,1,THICK_BASELINE_RECTANGLES=1;MAX_H_FRAC=0.969;CORE_R=2.00,FULL_AXES_RECT,98,98,934,654,14,10,Few-shot,1,0,SHA256_UNIQUE,BC_011_14_10.png,11
BC_011_R07.png,BC,B,C,BC_011,11,7,PRESENT,1,0,MARK_PRESENT,1.0,1,THICK_BASELINE_RECTANGLES=1;MAX_H_FRAC=0.969;CORE_R=2.00,FULL_AXES_RECT,98,98,934,654,14,10,Few-shot,1,0,SHA256_UNIQUE,BC_011_14_10.png,11
BC_011_R08.png,BC,B,C,BC_011,11,8,PRESENT,1,0,MARK_PRESENT,1.0,1,THICK_BASELINE_RECTANGLES=1;MAX_H_FRAC=0.969;CORE_R=2.00,FULL_AXES_RECT,98,98,934,654,14,10,Few-shot,1,0,SHA256_UNIQUE,BC_011_14_10.png,11
BC_011_R09.png,BC,B,C,BC_011,11,9,PRESENT,1,0,MARK_PRESENT,1.0,1,THICK_BASELINE_RECTANGLES=1;MAX_H_FRAC=0.898;CORE_R=2.10,AXIS_PARTIAL,97,56,1128,655,14,10,Few-shot,1,0,SHA256_UNIQUE,BC_011_14_10.png,11
BC_011_R10.png,BC,B,C,BC_011,11,10,PRESENT,1,0,MARK_PRESENT,1.0,1,THICK_BASELINE_RECTANGLES=1;MAX_H_FRAC=0.898;CORE_R=2.10,AXIS_PARTIAL,97,56,1128,655,14,10,Few-shot,1,0,SHA256_UNIQUE,BC_011_14_10.png,11
BC_012_R01.png,BC,B,C,BC_012,12,1,PRESENT,1,0,MARK_PRESENT,1.0,1,THICK_BASELINE_RECTANGLES=1;MAX_H_FRAC=0.947;CORE_R=2.04,FULL_AXES_RECT,80,34,1122,616,15,10,Few-shot,1,0,SHA256_UNIQUE,BC_012_15_10.png,12
BC_012_R02.png,BC,B,C,BC_012,12,2,PRESENT,1,0,MARK_PRESENT,1.0,1,THICK_BASELINE_RECTANGLES=1;MAX_H_FRAC=0.947;CORE_R=2.04,FULL_AXES_RECT,59,34,1101,616,15,10,Few-shot,1,0,SHA256_UNIQUE,BC_012_15_10.png,12
BC_012_R03.png,BC,B,C,BC_012,12,3,PRESENT,1,0,MARK_PRESENT,1.0,1,THICK_BASELINE_RECTANGLES=1;MAX_H_FRAC=0.947;CORE_R=2.04,FULL_AXES_RECT,59,33,1101,615,15,10,Few-shot,1,0,SHA256_UNIQUE,BC_012_15_10.png,12
BC_012_R04.png,BC,B,C,BC_012,12,4,PRESENT,1,0,MARK_PRESENT,1.0,1,THICK_BASELINE_RECTANGLES=1;MAX_H_FRAC=0.947;CORE_R=2.04,FULL_AXES_RECT,59,34,1101,616,15,10,Few-shot,1,0,SHA256_UNIQUE,BC_012_15_10.png,12
BC_012_R05.png,BC,B,C,BC_012,12,5,PRESENT,1,0,MARK_PRESENT,1.0,1,THICK_BASELINE_RECTANGLES=1;MAX_H_FRAC=0.947;CORE_R=2.04,FULL_AXES_RECT,59,33,1101,615,15,10,Few-shot,1,0,SHA256_UNIQUE,BC_012_15_10.png,12
BC_012_R06.png,BC,B,C,BC_012,12,6,PRESENT,1,0,MARK_PRESENT,1.0,1,THICK_BASELINE_RECTANGLES=1;MAX_H_FRAC=0.947;CORE_R=2.04,FULL_AXES_RECT,59,34,1101,616,15,10,Few-shot,1,0,SHA256_UNIQUE,BC_012_15_10.png,12
BC_012_R07.png,BC,B,C,BC_012,12,7,PRESENT,1,0,MARK_PRESENT,1.0,1,THICK_BASELINE_RECTANGLES=1;MAX_H_FRAC=0.948;CORE_R=2.31,FULL_AXES_RECT,60,34,960,693,15,10,Few-shot,1,0,SHA256_UNIQUE,BC_012_15_10.png,12
BC_012_R08.png,BC,B,C,BC_012,12,8,PRESENT,1,0,MARK_PRESENT,1.0,1,THICK_BASELINE_RECTANGLES=1;MAX_H_FRAC=0.949;CORE_R=2.38,FULL_AXES_RECT,60,34,960,713,15,10,Few-shot,1,0,SHA256_UNIQUE,BC_012_15_10.png,12
BC_012_R09.png,BC,B,C,BC_012,12,9,PRESENT,1,0,MARK_PRESENT,1.0,1,THICK_BASELINE_RECTANGLES=1;MAX_H_FRAC=0.949;CORE_R=2.38,FULL_AXES_RECT,60,34,960,713,15,10,Few-shot,1,0,SHA256_UNIQUE,BC_012_15_10.png,12
BC_012_R10.png,BC,B,C,BC_012,12,10,PRESENT,1,0,MARK_PRESENT,1.0,1,THICK_BASELINE_RECTANGLES=1;MAX_H_FRAC=0.949;CORE_R=2.52,FULL_AXES_RECT,60,34,960,752,15,10,Few-shot,1,0,SHA256_UNIQUE,BC_012_15_10.png,12
BC_013_R01.png,BC,B,C,BC_013,13,1,PRESENT,1,0,MARK_PRESENT,1.0,1,THICK_BASELINE_RECTANGLES=1;MAX_H_FRAC=0.986;CORE_R=2.44,FULL_AXES_RECT,69,35,979,732,16,10,Few-shot,1,0,SHA256_UNIQUE,BC_013_16_10.png,13
BC_013_R02.png,BC,B,C,BC_013,13,2,PRESENT,1,0,MARK_PRESENT,1.0,1,THICK_BASELINE_RECTANGLES=1;MAX_H_FRAC=0.934;CORE_R=2.45,FULL_AXES_RECT,80,35,960,734,16,10,Few-shot,1,0,SHA256_UNIQUE,BC_013_16_10.png,13
BC_013_R03.png,BC,B,C,BC_013,13,3,PRESENT,1,0,MARK_PRESENT,1.0,1,THICK_BASELINE_RECTANGLES=1;MAX_H_FRAC=0.937;CORE_R=2.00,FULL_AXES_RECT,80,35,629,734,16,10,Few-shot,1,0,SHA256_UNIQUE,BC_013_16_10.png,13
BC_013_R04.png,BC,B,C,BC_013,13,4,PRESENT,1,0,MARK_PRESENT,1.0,1,THICK_BASELINE_RECTANGLES=1;MAX_H_FRAC=0.934;CORE_R=2.45,FULL_AXES_RECT,80,35,960,734,16,10,Few-shot,1,0,SHA256_UNIQUE,BC_013_16_10.png,13
BC_013_R05.png,BC,B,C,BC_013,13,5,PRESENT,1,0,MARK_PRESENT,1.0,1,THICK_BASELINE_RECTANGLES=1;MAX_H_FRAC=0.934;CORE_R=2.45,FULL_AXES_RECT,80,35,960,734,16,10,Few-shot,1,0,SHA256_UNIQUE,BC_013_16_10.png,13
BC_013_R06.png,BC,B,C,BC_013,13,6,PRESENT,1,0,MARK_PRESENT,1.0,1,THICK_BASELINE_RECTANGLES=1;MAX_H_FRAC=0.937;CORE_R=2.00,FULL_AXES_RECT,80,35,629,734,16,10,Few-shot,1,0,SHA256_UNIQUE,BC_013_16_10.png,13
BC_013_R07.png,BC,B,C,BC_013,13,7,PRESENT,1,0,MARK_PRESENT,1.0,1,THICK_BASELINE_RECTANGLES=1;MAX_H_FRAC=0.934;CORE_R=2.45,FULL_AXES_RECT,80,35,960,734,16,10,Few-shot,1,0,SHA256_UNIQUE,BC_013_16_10.png,13
BC_013_R08.png,BC,B,C,BC_013,13,8,PRESENT,1,0,MARK_PRESENT,1.0,1,THICK_BASELINE_RECTANGLES=1;MAX_H_FRAC=0.962;CORE_R=2.38,AXIS_PARTIAL,79,55,1118,735,16,10,Few-shot,1,0,SHA256_UNIQUE,BC_013_16_10.png,13
BC_013_R09.png,BC,B,C,BC_013,13,9,PRESENT,1,0,MARK_PRESENT,1.0,1,THICK_BASELINE_RECTANGLES=1;MAX_H_FRAC=0.962;CORE_R=2.38,AXIS_PARTIAL,79,55,1118,735,16,10,Few-shot,1,0,SHA256_UNIQUE,BC_013_16_10.png,13
BC_013_R10.png,BC,B,C,BC_013,13,10,PRESENT,1,0,MARK_PRESENT,1.0,1,THICK_BASELINE_RECTANGLES=1;MAX_H_FRAC=0.962;CORE_R=2.38,AXIS_PARTIAL,79,55,1118,735,16,10,Few-shot,1,0,SHA256_UNIQUE,BC_013_16_10.png,13
BC_014_R01.png,BC,B,C,BC_014,14,1,PRESENT,1,0,MARK_PRESENT,1.0,1,THICK_BASELINE_RECTANGLES=1;MAX_H_FRAC=0.949;CORE_R=2.45,FULL_AXES_RECT,103,34,962,733,1,11,Híbrida,1,1,SHA256_UNIQUE,BC_001_01_11.png,1
BC_014_R02.png,BC,B,C,BC_014,14,2,PRESENT,1,0,MARK_PRESENT,1.0,1,THICK_BASELINE_RECTANGLES=1;MAX_H_FRAC=0.949;CORE_R=2.04,FULL_AXES_RECT,103,34,941,616,1,11,Híbrida,1,1,SHA256_UNIQUE,BC_001_01_11.png,1
BC_014_R03.png,BC,B,C,BC_014,14,3,PRESENT,1,0,MARK_PRESENT,1.0,1,THICK_BASELINE_RECTANGLES=1;MAX_H_FRAC=0.949;CORE_R=2.04,FULL_AXES_RECT,103,34,941,616,1,11,Híbrida,1,1,SHA256_UNIQUE,BC_001_01_11.png,1
BC_014_R04.png,BC,B,C,BC_014,14,4,PRESENT,1,0,MARK_PRESENT,1.0,1,THICK_BASELINE_RECTANGLES=1;MAX_H_FRAC=0.949;CORE_R=2.04,FULL_AXES_RECT,103,34,941,616,1,11,Híbrida,1,1,SHA256_UNIQUE,BC_001_01_11.png,1
BC_014_R05.png,BC,B,C,BC_014,14,5,PRESENT,1,0,MARK_PRESENT,1.0,1,THICK_BASELINE_RECTANGLES=1;MAX_H_FRAC=0.949;CORE_R=2.04,FULL_AXES_RECT,103,34,941,616,1,11,Híbrida,1,1,SHA256_UNIQUE,BC_001_01_11.png,1
BC_014_R06.png,BC,B,C,BC_014,14,6,PRESENT,1,0,MARK_PRESENT,1.0,1,THICK_BASELINE_RECTANGLES=1;MAX_H_FRAC=0.949;CORE_R=2.04,FULL_AXES_RECT,103,34,941,616,1,11,Híbrida,1,1,SHA256_UNIQUE,BC_001_01_11.png,1
BC_014_R07.png,BC,B,C,BC_014,14,7,ABSENT_OR_UNCERTAIN,0,1,MARK_ABSENT,0.0,0,NO_THICK_BASELINE_RECTANGLES;CORE_R=2.04,FULL_AXES_RECT,90,33,976,615,1,11,Híbrida,1,1,SHA256_UNIQUE,BC_001_01_11.png,1
BC_014_R08.png,BC,B,C,BC_014,14,8,PRESENT,1,0,MARK_PRESENT,1.0,1,THICK_BASELINE_RECTANGLES=1;MAX_H_FRAC=0.949;CORE_R=2.04,FULL_AXES_RECT,103,34,905,616,1,11,Híbrida,1,1,SHA256_UNIQUE,BC_001_01_11.png,1
BC_014_R09.png,BC,B,C,BC_014,14,9,PRESENT,1,0,MARK_PRESENT,1.0,1,THICK_BASELINE_RECTANGLES=1;MAX_H_FRAC=0.949;CORE_R=2.04,FULL_AXES_RECT,103,34,905,616,1,11,Híbrida,1,1,SHA256_UNIQUE,BC_001_01_11.png,1
BC_014_R10.png,BC,B,C,BC_014,14,10,PRESENT,1,0,MARK_PRESENT,1.0,1,THICK_BASELINE_RECTANGLES=1;MAX_H_FRAC=0.949;CORE_R=2.04,FULL_AXES_RECT,103,34,905,616,1,11,Híbrida,1,1,SHA256_UNIQUE,BC_001_01_11.png,1
BC_015_R01.png,BC,B,C,BC_015,15,1,PRESENT,1,0,MARK_PRESENT,1.0,1,THICK_BASELINE_RECTANGLES=1;MAX_H_FRAC=0.951;CORE_R=2.00,FULL_AXES_RECT,69,35,620,754,4,11,Híbrida,1,1,SHA256_UNIQUE,BC_002_04_11.png,2
BC_015_R02.png,BC,B,C,BC_015,15,2,PRESENT,1,0,MARK_PRESENT,1.0,4,THICK_BASELINE_RECTANGLES=4;MAX_H_FRAC=0.974;CORE_R=2.00,AXIS_PARTIAL,68,47,1053,616,4,11,Híbrida,1,1,SHA256_UNIQUE,BC_002_04_11.png,2
BC_015_R03.png,BC,B,C,BC_015,15,3,PRESENT,1,0,MARK_PRESENT,1.0,4,THICK_BASELINE_RECTANGLES=4;MAX_H_FRAC=0.975;CORE_R=2.00,AXIS_PARTIAL,68,49,1053,616,4,11,Híbrida,1,1,SHA256_UNIQUE,BC_002_04_11.png,2
BC_015_R04.png,BC,B,C,BC_015,15,4,PRESENT,1,0,MARK_PRESENT,1.0,5,THICK_BASELINE_RECTANGLES=5;MAX_H_FRAC=0.993;CORE_R=2.00,FULL_AXES_RECT,68,318,587,616,4,11,Híbrida,1,1,SHA256_UNIQUE,BC_002_04_11.png,2
BC_015_R05.png,BC,B,C,BC_015,15,5,PRESENT,1,0,MARK_PRESENT,1.0,4,THICK_BASELINE_RECTANGLES=4;MAX_H_FRAC=0.975;CORE_R=2.00,AXIS_PARTIAL,68,49,1053,616,4,11,Híbrida,1,1,SHA256_UNIQUE,BC_002_04_11.png,2
BC_015_R06.png,BC,B,C,BC_015,15,6,PRESENT,1,0,MARK_PRESENT,1.0,5,THICK_BASELINE_RECTANGLES=5;MAX_H_FRAC=0.993;CORE_R=2.00,FULL_AXES_RECT,69,318,586,615,4,11,Híbrida,1,1,SHA256_UNIQUE,BC_002_04_11.png,2
BC_015_R07.png,BC,B,C,BC_015,15,7,PRESENT,1,0,MARK_PRESENT,1.0,1,THICK_BASELINE_RECTANGLES=1;MAX_H_FRAC=0.952;CORE_R=2.00,FULL_AXES_RECT,73,39,625,743,4,11,Híbrida,1,1,SHA256_UNIQUE,BC_002_04_11.png,2
BC_015_R08.png,BC,B,C,BC_015,15,8,PRESENT,1,0,MARK_PRESENT,1.0,1,THICK_BASELINE_RECTANGLES=1;MAX_H_FRAC=0.938;CORE_R=2.00,FULL_AXES_RECT,73,39,625,743,4,11,Híbrida,1,1,SHA256_UNIQUE,BC_002_04_11.png,2
BC_015_R09.png,BC,B,C,BC_015,15,9,PRESENT,1,0,MARK_PRESENT,1.0,1,THICK_BASELINE_RECTANGLES=1;MAX_H_FRAC=0.952;CORE_R=2.00,FULL_AXES_RECT,73,39,625,743,4,11,Híbrida,1,1,SHA256_UNIQUE,BC_002_04_11.png,2
BC_015_R10.png,BC,B,C,BC_015,15,10,PRESENT,1,0,MARK_PRESENT,1.0,1,THICK_BASELINE_RECTANGLES=1;MAX_H_FRAC=0.891;CORE_R=2.00,FULL_AXES_RECT,81,39,629,743,4,11,Híbrida,1,1,SHA256_UNIQUE,BC_002_04_11.png,2
BC_016_R01.png,BC,B,C,BC_016,16,1,PRESENT,1,0,MARK_PRESENT,1.0,3,THICK_BASELINE_RECTANGLES=3;MAX_H_FRAC=0.962;CORE_R=2.00,FULL_AXES_RECT,63,34,582,616,6,11,Híbrida,1,1,SHA256_UNIQUE,BC_003_06_11.png,3
BC_016_R02.png,BC,B,C,BC_016,16,2,PRESENT,1,0,MARK_PRESENT,1.0,1,THICK_BASELINE_RECTANGLES=1;MAX_H_FRAC=0.962;CORE_R=2.00,FULL_AXES_RECT,88,39,632,726,6,11,Híbrida,1,1,SHA256_UNIQUE,BC_003_06_11.png,3
BC_016_R03.png,BC,B,C,BC_016,16,3,PRESENT,1,0,MARK_PRESENT,1.0,1,THICK_BASELINE_RECTANGLES=1;MAX_H_FRAC=0.962;CORE_R=2.00,FULL_AXES_RECT,88,39,632,726,6,11,Híbrida,1,1,SHA256_UNIQUE,BC_003_06_11.png,3
BC_016_R04.png,BC,B,C,BC_016,16,4,PRESENT,1,0,MARK_PRESENT,1.0,1,THICK_BASELINE_RECTANGLES=1;MAX_H_FRAC=0.962;CORE_R=2.00,FULL_AXES_RECT,88,39,632,726,6,11,Híbrida,1,1,SHA256_UNIQUE,BC_003_06_11.png,3
BC_016_R05.png,BC,B,C,BC_016,16,5,PRESENT,1,0,MARK_PRESENT,1.0,1,THICK_BASELINE_RECTANGLES=1;MAX_H_FRAC=0.962;CORE_R=2.00,FULL_AXES_RECT,88,39,632,726,6,11,Híbrida,1,1,SHA256_UNIQUE,BC_003_06_11.png,3
BC_016_R06.png,BC,B,C,BC_016,16,6,PRESENT,1,0,MARK_PRESENT,1.0,1,THICK_BASELINE_RECTANGLES=1;MAX_H_FRAC=0.962;CORE_R=2.00,FULL_AXES_RECT,88,39,632,726,6,11,Híbrida,1,1,SHA256_UNIQUE,BC_003_06_11.png,3
BC_016_R07.png,BC,B,C,BC_016,16,7,PRESENT,1,0,MARK_PRESENT,1.0,1,THICK_BASELINE_RECTANGLES=1;MAX_H_FRAC=0.963;CORE_R=2.00,FULL_AXES_RECT,88,39,632,743,6,11,Híbrida,1,1,SHA256_UNIQUE,BC_003_06_11.png,3
BC_016_R08.png,BC,B,C,BC_016,16,8,PRESENT,1,0,MARK_PRESENT,1.0,1,THICK_BASELINE_RECTANGLES=1;MAX_H_FRAC=0.963;CORE_R=2.00,FULL_AXES_RECT,88,39,632,743,6,11,Híbrida,1,1,SHA256_UNIQUE,BC_003_06_11.png,3
BC_016_R09.png,BC,B,C,BC_016,16,9,PRESENT,1,0,MARK_PRESENT,1.0,1,THICK_BASELINE_RECTANGLES=1;MAX_H_FRAC=0.963;CORE_R=2.00,FULL_AXES_RECT,88,39,632,743,6,11,Híbrida,1,1,SHA256_UNIQUE,BC_003_06_11.png,3
BC_016_R10.png,BC,B,C,BC_016,16,10,PRESENT,1,0,MARK_PRESENT,1.0,1,THICK_BASELINE_RECTANGLES=1;MAX_H_FRAC=0.963;CORE_R=2.00,FULL_AXES_RECT,88,39,632,743,6,11,Híbrida,1,1,SHA256_UNIQUE,BC_003_06_11.png,3
BC_017_R01.png,BC,B,C,BC_017,17,1,PRESENT,1,0,MARK_PRESENT,1.0,1,THICK_BASELINE_RECTANGLES=1;MAX_H_FRAC=0.947;CORE_R=2.04,FULL_AXES_RECT,82,34,1124,616,7,11,Híbrida,1,1,SHA256_UNIQUE,BC_004_07_11.png,4
BC_017_R02.png,BC,B,C,BC_017,17,2,PRESENT,1,0,MARK_PRESENT,1.0,1,THICK_BASELINE_RECTANGLES=1;MAX_H_FRAC=0.949;CORE_R=2.04,FULL_AXES_RECT,103,34,989,616,7,11,Híbrida,1,1,SHA256_UNIQUE,BC_004_07_11.png,4
BC_017_R03.png,BC,B,C,BC_017,17,3,PRESENT,1,0,MARK_PRESENT,1.0,1,THICK_BASELINE_RECTANGLES=1;MAX_H_FRAC=0.949;CORE_R=2.04,FULL_AXES_RECT,103,34,989,616,7,11,Híbrida,1,1,SHA256_UNIQUE,BC_004_07_11.png,4
BC_017_R04.png,BC,B,C,BC_017,17,4,PRESENT,1,0,MARK_PRESENT,1.0,1,THICK_BASELINE_RECTANGLES=1;MAX_H_FRAC=0.949;CORE_R=2.04,FULL_AXES_RECT,103,34,989,616,7,11,Híbrida,1,1,SHA256_UNIQUE,BC_004_07_11.png,4
BC_017_R05.png,BC,B,C,BC_017,17,5,PRESENT,1,0,MARK_PRESENT,1.0,1,THICK_BASELINE_RECTANGLES=1;MAX_H_FRAC=0.949;CORE_R=2.04,FULL_AXES_RECT,103,34,989,616,7,11,Híbrida,1,1,SHA256_UNIQUE,BC_004_07_11.png,4
BC_017_R06.png,BC,B,C,BC_017,17,6,PRESENT,1,0,MARK_PRESENT,1.0,1,THICK_BASELINE_RECTANGLES=1;MAX_H_FRAC=0.949;CORE_R=2.04,FULL_AXES_RECT,103,34,989,616,7,11,Híbrida,1,1,SHA256_UNIQUE,BC_004_07_11.png,4
BC_017_R07.png,BC,B,C,BC_017,17,7,PRESENT,1,0,MARK_PRESENT,1.0,1,THICK_BASELINE_RECTANGLES=1;MAX_H_FRAC=0.949;CORE_R=2.29,FULL_AXES_RECT,108,40,760,742,7,11,Híbrida,1,1,SHA256_UNIQUE,BC_004_07_11.png,4
BC_017_R08.png,BC,B,C,BC_017,17,8,PRESENT,1,0,MARK_PRESENT,1.0,1,THICK_BASELINE_RECTANGLES=1;MAX_H_FRAC=0.949;CORE_R=2.29,FULL_AXES_RECT,108,40,760,742,7,11,Híbrida,1,1,SHA256_UNIQUE,BC_004_07_11.png,4
BC_017_R09.png,BC,B,C,BC_017,17,9,PRESENT,1,0,MARK_PRESENT,1.0,1,THICK_BASELINE_RECTANGLES=1;MAX_H_FRAC=0.949;CORE_R=2.29,FULL_AXES_RECT,108,40,760,742,7,11,Híbrida,1,1,SHA256_UNIQUE,BC_004_07_11.png,4
BC_017_R10.png,BC,B,C,BC_017,17,10,PRESENT,1,0,MARK_PRESENT,1.0,1,THICK_BASELINE_RECTANGLES=1;MAX_H_FRAC=0.949;CORE_R=2.29,FULL_AXES_RECT,108,40,760,742,7,11,Híbrida,1,1,SHA256_UNIQUE,BC_004_07_11.png,4
BC_018_R01.png,BC,B,C,BC_018,18,1,PRESENT,1,0,MARK_PRESENT,1.0,1,THICK_BASELINE_RECTANGLES=1;MAX_H_FRAC=0.947;CORE_R=2.04,FULL_AXES_RECT,93,34,1135,616,8,11,Híbrida,1,1,SHA256_UNIQUE,BC_005_08_11.png,5
BC_018_R02.png,BC,B,C,BC_018,18,2,PRESENT,1,0,MARK_PRESENT,1.0,1,THICK_BASELINE_RECTANGLES=1;MAX_H_FRAC=0.947;CORE_R=2.04,FULL_AXES_RECT,79,34,941,616,8,11,Híbrida,1,1,SHA256_UNIQUE,BC_005_08_11.png,5
BC_018_R03.png,BC,B,C,BC_018,18,3,PRESENT,1,0,MARK_PRESENT,1.0,1,THICK_BASELINE_RECTANGLES=1;MAX_H_FRAC=0.963;CORE_R=2.46,FULL_AXES_RECT,80,35,971,737,8,11,Híbrida,1,1,SHA256_UNIQUE,BC_005_08_11.png,5
BC_018_R04.png,BC,B,C,BC_018,18,4,PRESENT,1,0,MARK_PRESENT,1.0,1,THICK_BASELINE_RECTANGLES=1;MAX_H_FRAC=0.963;CORE_R=2.46,FULL_AXES_RECT,80,35,971,737,8,11,Híbrida,1,1,SHA256_UNIQUE,BC_005_08_11.png,5
BC_018_R05.png,BC,B,C,BC_018,18,5,PRESENT,1,0,MARK_PRESENT,1.0,1,THICK_BASELINE_RECTANGLES=1;MAX_H_FRAC=0.963;CORE_R=2.46,FULL_AXES_RECT,80,35,971,737,8,11,Híbrida,1,1,SHA256_UNIQUE,BC_005_08_11.png,5
BC_018_R06.png,BC,B,C,BC_018,18,6,PRESENT,1,0,MARK_PRESENT,1.0,1,THICK_BASELINE_RECTANGLES=1;MAX_H_FRAC=0.963;CORE_R=2.46,FULL_AXES_RECT,80,35,971,737,8,11,Híbrida,1,1,SHA256_UNIQUE,BC_005_08_11.png,5
BC_018_R07.png,BC,B,C,BC_018,18,7,PRESENT,1,0,MARK_PRESENT,1.0,1,THICK_BASELINE_RECTANGLES=1;MAX_H_FRAC=0.963;CORE_R=2.46,FULL_AXES_RECT,80,35,971,737,8,11,Híbrida,1,1,SHA256_UNIQUE,BC_005_08_11.png,5
BC_018_R08.png,BC,B,C,BC_018,18,8,PRESENT,1,0,MARK_PRESENT,1.0,1,THICK_BASELINE_RECTANGLES=1;MAX_H_FRAC=0.947;CORE_R=2.04,FULL_AXES_RECT,79,34,941,616,8,11,Híbrida,1,1,SHA256_UNIQUE,BC_005_08_11.png,5
BC_018_R09.png,BC,B,C,BC_018,18,9,PRESENT,1,0,MARK_PRESENT,1.0,1,THICK_BASELINE_RECTANGLES=1;MAX_H_FRAC=0.947;CORE_R=2.04,FULL_AXES_RECT,79,34,941,616,8,11,Híbrida,1,1,SHA256_UNIQUE,BC_005_08_11.png,5
BC_018_R10.png,BC,B,C,BC_018,18,10,PRESENT,1,0,MARK_PRESENT,1.0,1,THICK_BASELINE_RECTANGLES=1;MAX_H_FRAC=0.947;CORE_R=2.04,FULL_AXES_RECT,79,34,941,616,8,11,Híbrida,1,1,SHA256_UNIQUE,BC_005_08_11.png,5
BC_019_R01.png,BC,B,C,BC_019,19,1,PRESENT,1,0,MARK_PRESENT,1.0,5,THICK_BASELINE_RECTANGLES=5;MAX_H_FRAC=0.990;CORE_R=2.00,FULL_AXES_RECT,103,34,624,616,9,11,Híbrida,1,1,SHA256_UNIQUE,BC_006_09_11.png,6
BC_019_R02.png,BC,B,C,BC_019,19,2,PRESENT,1,0,MARK_PRESENT,1.0,1,THICK_BASELINE_RECTANGLES=1;MAX_H_FRAC=0.939;CORE_R=2.00,FULL_AXES_RECT,98,98,934,654,9,11,Híbrida,1,1,SHA256_UNIQUE,BC_006_09_11.png,6
BC_019_R03.png,BC,B,C,BC_019,19,3,PRESENT,1,0,MARK_PRESENT,1.0,1,THICK_BASELINE_RECTANGLES=1;MAX_H_FRAC=0.939;CORE_R=2.00,FULL_AXES_RECT,98,98,934,654,9,11,Híbrida,1,1,SHA256_UNIQUE,BC_006_09_11.png,6
BC_019_R04.png,BC,B,C,BC_019,19,4,PRESENT,1,0,MARK_PRESENT,1.0,1,THICK_BASELINE_RECTANGLES=1;MAX_H_FRAC=0.939;CORE_R=2.00,FULL_AXES_RECT,98,98,934,654,9,11,Híbrida,1,1,SHA256_UNIQUE,BC_006_09_11.png,6
BC_019_R05.png,BC,B,C,BC_019,19,5,PRESENT,1,0,MARK_PRESENT,1.0,1,THICK_BASELINE_RECTANGLES=1;MAX_H_FRAC=0.939;CORE_R=2.00,FULL_AXES_RECT,98,98,934,654,9,11,Híbrida,1,1,SHA256_UNIQUE,BC_006_09_11.png,6
BC_019_R06.png,BC,B,C,BC_019,19,6,PRESENT,1,0,MARK_PRESENT,1.0,1,THICK_BASELINE_RECTANGLES=1;MAX_H_FRAC=0.939;CORE_R=2.00,FULL_AXES_RECT,98,98,934,654,9,11,Híbrida,1,1,SHA256_UNIQUE,BC_006_09_11.png,6
BC_019_R07.png,BC,B,C,BC_019,19,7,PRESENT,1,0,MARK_PRESENT,1.0,2,THICK_BASELINE_RECTANGLES=2;MAX_H_FRAC=0.937;CORE_R=2.00,FULL_AXES_RECT,103,34,1145,512,9,11,Híbrida,1,1,SHA256_UNIQUE,BC_006_09_11.png,6
BC_019_R08.png,BC,B,C,BC_019,19,8,PRESENT,1,0,MARK_PRESENT,1.0,2,THICK_BASELINE_RECTANGLES=2;MAX_H_FRAC=0.937;CORE_R=2.00,FULL_AXES_RECT,103,34,1145,512,9,11,Híbrida,1,1,SHA256_UNIQUE,BC_006_09_11.png,6
BC_019_R09.png,BC,B,C,BC_019,19,9,PRESENT,1,0,MARK_PRESENT,1.0,2,THICK_BASELINE_RECTANGLES=2;MAX_H_FRAC=0.937;CORE_R=2.00,FULL_AXES_RECT,103,34,1145,512,9,11,Híbrida,1,1,SHA256_UNIQUE,BC_006_09_11.png,6
BC_019_R10.png,BC,B,C,BC_019,19,10,PRESENT,1,0,MARK_PRESENT,1.0,2,THICK_BASELINE_RECTANGLES=2;MAX_H_FRAC=0.937;CORE_R=2.00,FULL_AXES_RECT,103,34,1145,512,9,11,Híbrida,1,1,SHA256_UNIQUE,BC_006_09_11.png,6
BC_020_R01.png,BC,B,C,BC_020,20,1,PRESENT,1,0,MARK_PRESENT,1.0,1,THICK_BASELINE_RECTANGLES=1;MAX_H_FRAC=0.986;CORE_R=2.51,FULL_AXES_RECT,48,35,979,750,10,11,Híbrida,1,1,SHA256_UNIQUE,BC_007_10_11.png,7
BC_020_R02.png,BC,B,C,BC_020,20,2,PRESENT,1,0,MARK_PRESENT,1.0,1,THICK_BASELINE_RECTANGLES=1;MAX_H_FRAC=0.985;CORE_R=2.04,FULL_AXES_RECT,82,34,920,616,10,11,Híbrida,1,1,SHA256_UNIQUE,BC_007_10_11.png,7
BC_020_R03.png,BC,B,C,BC_020,20,3,PRESENT,1,0,MARK_PRESENT,1.0,1,THICK_BASELINE_RECTANGLES=1;MAX_H_FRAC=0.985;CORE_R=2.04,FULL_AXES_RECT,82,34,920,616,10,11,Híbrida,1,1,SHA256_UNIQUE,BC_007_10_11.png,7
BC_020_R04.png,BC,B,C,BC_020,20,4,PRESENT,1,0,MARK_PRESENT,1.0,1,THICK_BASELINE_RECTANGLES=1;MAX_H_FRAC=0.985;CORE_R=2.04,FULL_AXES_RECT,82,34,920,616,10,11,Híbrida,1,1,SHA256_UNIQUE,BC_007_10_11.png,7
BC_020_R05.png,BC,B,C,BC_020,20,5,PRESENT,1,0,MARK_PRESENT,1.0,1,THICK_BASELINE_RECTANGLES=1;MAX_H_FRAC=0.985;CORE_R=2.04,FULL_AXES_RECT,82,34,920,616,10,11,Híbrida,1,1,SHA256_UNIQUE,BC_007_10_11.png,7
BC_020_R06.png,BC,B,C,BC_020,20,6,PRESENT,1,0,MARK_PRESENT,1.0,1,THICK_BASELINE_RECTANGLES=1;MAX_H_FRAC=0.985;CORE_R=2.04,FULL_AXES_RECT,82,34,920,616,10,11,Híbrida,1,1,SHA256_UNIQUE,BC_007_10_11.png,7
BC_020_R07.png,BC,B,C,BC_020,20,7,PRESENT,1,0,MARK_PRESENT,1.0,1,THICK_BASELINE_RECTANGLES=1;MAX_H_FRAC=0.987;CORE_R=2.41,FULL_AXES_RECT,83,35,960,722,10,11,Híbrida,1,1,SHA256_UNIQUE,BC_007_10_11.png,7
BC_020_R08.png,BC,B,C,BC_020,20,8,PRESENT,1,0,MARK_PRESENT,1.0,1,THICK_BASELINE_RECTANGLES=1;MAX_H_FRAC=0.987;CORE_R=2.41,FULL_AXES_RECT,83,35,960,722,10,11,Híbrida,1,1,SHA256_UNIQUE,BC_007_10_11.png,7
BC_020_R09.png,BC,B,C,BC_020,20,9,PRESENT,1,0,MARK_PRESENT,1.0,1,THICK_BASELINE_RECTANGLES=1;MAX_H_FRAC=0.987;CORE_R=2.41,FULL_AXES_RECT,83,35,960,722,10,11,Híbrida,1,1,SHA256_UNIQUE,BC_007_10_11.png,7
BC_020_R10.png,BC,B,C,BC_020,20,10,PRESENT,1,0,MARK_PRESENT,1.0,1,THICK_BASELINE_RECTANGLES=1;MAX_H_FRAC=0.987;CORE_R=2.41,FULL_AXES_RECT,83,35,960,722,10,11,Híbrida,1,1,SHA256_UNIQUE,BC_007_10_11.png,7
BC_021_R01.png,BC,B,C,BC_021,21,1,PRESENT,1,0,MARK_PRESENT,1.0,1,THICK_BASELINE_RECTANGLES=1;MAX_H_FRAC=0.949;CORE_R=2.52,FULL_AXES_RECT,68,34,981,752,11,11,Híbrida,1,1,SHA256_UNIQUE,BC_008_11_11.png,8
BC_021_R02.png,BC,B,C,BC_021,21,2,PRESENT,1,0,MARK_PRESENT,1.0,1,THICK_BASELINE_RECTANGLES=1;MAX_H_FRAC=0.947;CORE_R=2.04,FULL_AXES_RECT,79,34,917,616,11,11,Híbrida,1,1,SHA256_UNIQUE,BC_008_11_11.png,8
BC_021_R03.png,BC,B,C,BC_021,21,3,PRESENT,1,0,MARK_PRESENT,1.0,1,THICK_BASELINE_RECTANGLES=1;MAX_H_FRAC=0.947;CORE_R=2.04,FULL_AXES_RECT,79,34,917,616,11,11,Híbrida,1,1,SHA256_UNIQUE,BC_008_11_11.png,8
BC_021_R04.png,BC,B,C,BC_021,21,4,PRESENT,1,0,MARK_PRESENT,1.0,1,THICK_BASELINE_RECTANGLES=1;MAX_H_FRAC=0.947;CORE_R=2.04,FULL_AXES_RECT,79,34,917,616,11,11,Híbrida,1,1,SHA256_UNIQUE,BC_008_11_11.png,8
BC_021_R05.png,BC,B,C,BC_021,21,5,PRESENT,1,0,MARK_PRESENT,1.0,1,THICK_BASELINE_RECTANGLES=1;MAX_H_FRAC=0.947;CORE_R=2.04,FULL_AXES_RECT,79,34,917,616,11,11,Híbrida,1,1,SHA256_UNIQUE,BC_008_11_11.png,8
BC_021_R06.png,BC,B,C,BC_021,21,6,PRESENT,1,0,MARK_PRESENT,1.0,1,THICK_BASELINE_RECTANGLES=1;MAX_H_FRAC=0.947;CORE_R=2.04,FULL_AXES_RECT,79,34,917,616,11,11,Híbrida,1,1,SHA256_UNIQUE,BC_008_11_11.png,8
BC_021_R07.png,BC,B,C,BC_021,21,7,PRESENT,1,0,MARK_PRESENT,1.0,1,THICK_BASELINE_RECTANGLES=1;MAX_H_FRAC=0.966;CORE_R=2.15,FULL_AXES_RECT,80,34,864,648,11,11,Híbrida,1,1,SHA256_UNIQUE,BC_008_11_11.png,8
BC_021_R08.png,BC,B,C,BC_021,21,8,PRESENT,1,0,MARK_PRESENT,1.0,1,THICK_BASELINE_RECTANGLES=1;MAX_H_FRAC=0.966;CORE_R=2.15,FULL_AXES_RECT,80,34,864,648,11,11,Híbrida,1,1,SHA256_UNIQUE,BC_008_11_11.png,8
BC_021_R09.png,BC,B,C,BC_021,21,9,PRESENT,1,0,MARK_PRESENT,1.0,1,THICK_BASELINE_RECTANGLES=1;MAX_H_FRAC=0.966;CORE_R=2.15,FULL_AXES_RECT,80,34,864,648,11,11,Híbrida,1,1,SHA256_UNIQUE,BC_008_11_11.png,8
BC_021_R10.png,BC,B,C,BC_021,21,10,PRESENT,1,0,MARK_PRESENT,1.0,1,THICK_BASELINE_RECTANGLES=1;MAX_H_FRAC=0.966;CORE_R=2.15,FULL_AXES_RECT,80,34,864,648,11,11,Híbrida,1,1,SHA256_UNIQUE,BC_008_11_11.png,8
BC_022_R01.png,BC,B,C,BC_022,22,1,ABSENT_OR_UNCERTAIN,0,1,MARK_ABSENT,0.0,0,NO_THICK_BASELINE_RECTANGLES;CORE_R=2.04,FULL_AXES_RECT,68,34,1110,616,12,11,Híbrida,1,1,SHA256_UNIQUE,BC_009_12_11.png,9
BC_022_R02.png,BC,B,C,BC_022,22,2,PRESENT,1,0,MARK_PRESENT,1.0,5,THICK_BASELINE_RECTANGLES=5;MAX_H_FRAC=0.949;CORE_R=2.04,FULL_AXES_RECT,135,33,997,615,12,11,Híbrida,1,1,SHA256_UNIQUE,BC_009_12_11.png,9
BC_022_R03.png,BC,B,C,BC_022,22,3,PRESENT,1,0,MARK_PRESENT,1.0,5,THICK_BASELINE_RECTANGLES=5;MAX_H_FRAC=0.949;CORE_R=2.04,FULL_AXES_RECT,135,33,997,615,12,11,Híbrida,1,1,SHA256_UNIQUE,BC_009_12_11.png,9
BC_022_R04.png,BC,B,C,BC_022,22,4,PRESENT,1,0,MARK_PRESENT,1.0,1,THICK_BASELINE_RECTANGLES=1;MAX_H_FRAC=0.947;CORE_R=2.04,FULL_AXES_RECT,102,33,940,615,12,11,Híbrida,1,1,SHA256_UNIQUE,BC_009_12_11.png,9
BC_022_R05.png,BC,B,C,BC_022,22,5,PRESENT,1,0,MARK_PRESENT,1.0,1,THICK_BASELINE_RECTANGLES=1;MAX_H_FRAC=0.947;CORE_R=2.04,FULL_AXES_RECT,102,33,940,615,12,11,Híbrida,1,1,SHA256_UNIQUE,BC_009_12_11.png,9
BC_022_R06.png,BC,B,C,BC_022,22,6,PRESENT,1,0,MARK_PRESENT,1.0,1,THICK_BASELINE_RECTANGLES=1;MAX_H_FRAC=0.947;CORE_R=2.04,FULL_AXES_RECT,102,33,940,615,12,11,Híbrida,1,1,SHA256_UNIQUE,BC_009_12_11.png,9
BC_022_R07.png,BC,B,C,BC_022,22,7,PRESENT,1,0,MARK_PRESENT,1.0,1,THICK_BASELINE_RECTANGLES=1;MAX_H_FRAC=0.947;CORE_R=2.04,FULL_AXES_RECT,102,33,940,615,12,11,Híbrida,1,1,SHA256_UNIQUE,BC_009_12_11.png,9
BC_022_R08.png,BC,B,C,BC_022,22,8,PRESENT,1,0,MARK_PRESENT,1.0,1,THICK_BASELINE_RECTANGLES=1;MAX_H_FRAC=0.947;CORE_R=2.04,FULL_AXES_RECT,102,33,940,615,12,11,Híbrida,1,1,SHA256_UNIQUE,BC_009_12_11.png,9
BC_022_R09.png,BC,B,C,BC_022,22,9,PRESENT,1,0,MARK_PRESENT,1.0,1,THICK_BASELINE_RECTANGLES=1;MAX_H_FRAC=0.947;CORE_R=2.04,FULL_AXES_RECT,102,33,940,615,12,11,Híbrida,1,1,SHA256_UNIQUE,BC_009_12_11.png,9
BC_022_R10.png,BC,B,C,BC_022,22,10,PRESENT,1,0,MARK_PRESENT,1.0,1,THICK_BASELINE_RECTANGLES=1;MAX_H_FRAC=0.947;CORE_R=2.04,FULL_AXES_RECT,102,33,940,615,12,11,Híbrida,1,1,SHA256_UNIQUE,BC_009_12_11.png,9
BC_023_R01.png,BC,B,C,BC_023,23,1,PRESENT,1,0,MARK_PRESENT,1.0,1,THICK_BASELINE_RECTANGLES=1;MAX_H_FRAC=0.886;CORE_R=2.03,FULL_AXES_RECT,98,98,1138,678,13,11,Híbrida,1,1,SHA256_UNIQUE,BC_010_13_11.png,10
BC_023_R02.png,BC,B,C,BC_023,23,2,PRESENT,1,0,MARK_PRESENT,1.0,1,THICK_BASELINE_RECTANGLES=1;MAX_H_FRAC=0.879;CORE_R=2.46,FULL_AXES_RECT,103,35,971,737,13,11,Híbrida,1,1,SHA256_UNIQUE,BC_010_13_11.png,10
BC_023_R03.png,BC,B,C,BC_023,23,3,PRESENT,1,0,MARK_PRESENT,1.0,1,THICK_BASELINE_RECTANGLES=1;MAX_H_FRAC=0.879;CORE_R=2.46,FULL_AXES_RECT,103,35,971,737,13,11,Híbrida,1,1,SHA256_UNIQUE,BC_010_13_11.png,10
BC_023_R04.png,BC,B,C,BC_023,23,4,PRESENT,1,0,MARK_PRESENT,1.0,1,THICK_BASELINE_RECTANGLES=1;MAX_H_FRAC=0.879;CORE_R=2.46,FULL_AXES_RECT,103,35,971,737,13,11,Híbrida,1,1,SHA256_UNIQUE,BC_010_13_11.png,10
BC_023_R05.png,BC,B,C,BC_023,23,5,PRESENT,1,0,MARK_PRESENT,1.0,1,THICK_BASELINE_RECTANGLES=1;MAX_H_FRAC=0.879;CORE_R=2.46,FULL_AXES_RECT,103,35,971,737,13,11,Híbrida,1,1,SHA256_UNIQUE,BC_010_13_11.png,10
BC_023_R06.png,BC,B,C,BC_023,23,6,PRESENT,1,0,MARK_PRESENT,1.0,1,THICK_BASELINE_RECTANGLES=1;MAX_H_FRAC=0.879;CORE_R=2.46,FULL_AXES_RECT,103,35,971,737,13,11,Híbrida,1,1,SHA256_UNIQUE,BC_010_13_11.png,10
BC_023_R07.png,BC,B,C,BC_023,23,7,PRESENT,1,0,MARK_PRESENT,1.0,1,THICK_BASELINE_RECTANGLES=1;MAX_H_FRAC=0.879;CORE_R=2.46,FULL_AXES_RECT,103,35,971,737,13,11,Híbrida,1,1,SHA256_UNIQUE,BC_010_13_11.png,10
BC_023_R08.png,BC,B,C,BC_023,23,8,PRESENT,1,0,MARK_PRESENT,1.0,1,THICK_BASELINE_RECTANGLES=1;MAX_H_FRAC=0.879;CORE_R=2.46,FULL_AXES_RECT,103,35,971,737,13,11,Híbrida,1,1,SHA256_UNIQUE,BC_010_13_11.png,10
BC_023_R09.png,BC,B,C,BC_023,23,9,PRESENT,1,0,MARK_PRESENT,1.0,1,THICK_BASELINE_RECTANGLES=1;MAX_H_FRAC=0.879;CORE_R=2.46,FULL_AXES_RECT,103,35,971,737,13,11,Híbrida,1,1,SHA256_UNIQUE,BC_010_13_11.png,10
BC_023_R10.png,BC,B,C,BC_023,23,10,PRESENT,1,0,MARK_PRESENT,1.0,1,THICK_BASELINE_RECTANGLES=1;MAX_H_FRAC=0.879;CORE_R=2.46,FULL_AXES_RECT,103,35,971,737,13,11,Híbrida,1,1,SHA256_UNIQUE,BC_010_13_11.png,10
BC_024_R01.png,BC,B,C,BC_024,24,1,PRESENT,1,0,MARK_PRESENT,1.0,1,THICK_BASELINE_RECTANGLES=1;MAX_H_FRAC=0.948;CORE_R=2.44,FULL_AXES_RECT,81,35,962,732,14,11,Híbrida,1,1,SHA256_UNIQUE,BC_011_14_11.png,11
BC_024_R02.png,BC,B,C,BC_024,24,2,PRESENT,1,0,MARK_PRESENT,1.0,1,THICK_BASELINE_RECTANGLES=1;MAX_H_FRAC=0.963;CORE_R=2.46,FULL_AXES_RECT,103,34,971,737,14,11,Híbrida,1,1,SHA256_UNIQUE,BC_011_14_11.png,11
BC_024_R03.png,BC,B,C,BC_024,24,3,PRESENT,1,0,MARK_PRESENT,1.0,1,THICK_BASELINE_RECTANGLES=1;MAX_H_FRAC=0.963;CORE_R=2.46,FULL_AXES_RECT,103,34,971,737,14,11,Híbrida,1,1,SHA256_UNIQUE,BC_011_14_11.png,11
BC_024_R04.png,BC,B,C,BC_024,24,4,PRESENT,1,0,MARK_PRESENT,1.0,1,THICK_BASELINE_RECTANGLES=1;MAX_H_FRAC=0.963;CORE_R=2.46,FULL_AXES_RECT,103,34,971,737,14,11,Híbrida,1,1,SHA256_UNIQUE,BC_011_14_11.png,11
BC_024_R05.png,BC,B,C,BC_024,24,5,PRESENT,1,0,MARK_PRESENT,1.0,1,THICK_BASELINE_RECTANGLES=1;MAX_H_FRAC=0.963;CORE_R=2.46,FULL_AXES_RECT,103,34,971,737,14,11,Híbrida,1,1,SHA256_UNIQUE,BC_011_14_11.png,11
BC_024_R06.png,BC,B,C,BC_024,24,6,PRESENT,1,0,MARK_PRESENT,1.0,1,THICK_BASELINE_RECTANGLES=1;MAX_H_FRAC=0.963;CORE_R=2.46,FULL_AXES_RECT,103,34,971,737,14,11,Híbrida,1,1,SHA256_UNIQUE,BC_011_14_11.png,11
BC_024_R07.png,BC,B,C,BC_024,24,7,PRESENT,1,0,MARK_PRESENT,1.0,1,THICK_BASELINE_RECTANGLES=1;MAX_H_FRAC=0.963;CORE_R=2.46,FULL_AXES_RECT,103,34,971,737,14,11,Híbrida,1,1,SHA256_UNIQUE,BC_011_14_11.png,11
BC_024_R08.png,BC,B,C,BC_024,24,8,PRESENT,1,0,MARK_PRESENT,1.0,1,THICK_BASELINE_RECTANGLES=1;MAX_H_FRAC=0.963;CORE_R=2.46,FULL_AXES_RECT,103,34,971,737,14,11,Híbrida,1,1,SHA256_UNIQUE,BC_011_14_11.png,11
BC_024_R09.png,BC,B,C,BC_024,24,9,PRESENT,1,0,MARK_PRESENT,1.0,1,THICK_BASELINE_RECTANGLES=1;MAX_H_FRAC=0.963;CORE_R=2.46,FULL_AXES_RECT,103,34,971,737,14,11,Híbrida,1,1,SHA256_UNIQUE,BC_011_14_11.png,11
BC_024_R10.png,BC,B,C,BC_024,24,10,PRESENT,1,0,MARK_PRESENT,1.0,1,THICK_BASELINE_RECTANGLES=1;MAX_H_FRAC=0.963;CORE_R=2.46,FULL_AXES_RECT,103,34,971,737,14,11,Híbrida,1,1,SHA256_UNIQUE,BC_011_14_11.png,11
BC_025_R01.png,BC,B,C,BC_025,25,1,PRESENT,1,0,MARK_PRESENT,1.0,1,THICK_BASELINE_RECTANGLES=1;MAX_H_FRAC=0.947;CORE_R=2.04,FULL_AXES_RECT,80,34,1122,616,15,11,Híbrida,1,1,SHA256_UNIQUE,BC_012_15_11.png,12
BC_025_R02.png,BC,B,C,BC_025,25,2,PRESENT,1,0,MARK_PRESENT,1.0,1,THICK_BASELINE_RECTANGLES=1;MAX_H_FRAC=0.947;CORE_R=2.04,FULL_AXES_RECT,79,34,1121,616,15,11,Híbrida,1,1,SHA256_UNIQUE,BC_012_15_11.png,12
BC_025_R03.png,BC,B,C,BC_025,25,3,PRESENT,1,0,MARK_PRESENT,1.0,1,THICK_BASELINE_RECTANGLES=1;MAX_H_FRAC=0.947;CORE_R=2.04,FULL_AXES_RECT,79,34,1121,616,15,11,Híbrida,1,1,SHA256_UNIQUE,BC_012_15_11.png,12
BC_025_R04.png,BC,B,C,BC_025,25,4,PRESENT,1,0,MARK_PRESENT,1.0,1,THICK_BASELINE_RECTANGLES=1;MAX_H_FRAC=0.947;CORE_R=2.04,FULL_AXES_RECT,79,34,1121,616,15,11,Híbrida,1,1,SHA256_UNIQUE,BC_012_15_11.png,12
BC_025_R05.png,BC,B,C,BC_025,25,5,PRESENT,1,0,MARK_PRESENT,1.0,1,THICK_BASELINE_RECTANGLES=1;MAX_H_FRAC=0.947;CORE_R=2.04,FULL_AXES_RECT,79,34,1121,616,15,11,Híbrida,1,1,SHA256_UNIQUE,BC_012_15_11.png,12
BC_025_R06.png,BC,B,C,BC_025,25,6,PRESENT,1,0,MARK_PRESENT,1.0,1,THICK_BASELINE_RECTANGLES=1;MAX_H_FRAC=0.947;CORE_R=2.04,FULL_AXES_RECT,79,34,1121,616,15,11,Híbrida,1,1,SHA256_UNIQUE,BC_012_15_11.png,12
BC_025_R07.png,BC,B,C,BC_025,25,7,PRESENT,1,0,MARK_PRESENT,1.0,1,THICK_BASELINE_RECTANGLES=1;MAX_H_FRAC=0.947;CORE_R=2.04,FULL_AXES_RECT,79,34,1121,616,15,11,Híbrida,1,1,SHA256_UNIQUE,BC_012_15_11.png,12
BC_025_R08.png,BC,B,C,BC_025,25,8,PRESENT,1,0,MARK_PRESENT,1.0,1,THICK_BASELINE_RECTANGLES=1;MAX_H_FRAC=0.947;CORE_R=2.04,FULL_AXES_RECT,79,34,1121,616,15,11,Híbrida,1,1,SHA256_UNIQUE,BC_012_15_11.png,12
BC_025_R09.png,BC,B,C,BC_025,25,9,PRESENT,1,0,MARK_PRESENT,1.0,1,THICK_BASELINE_RECTANGLES=1;MAX_H_FRAC=0.947;CORE_R=2.04,FULL_AXES_RECT,79,34,1121,616,15,11,Híbrida,1,1,SHA256_UNIQUE,BC_012_15_11.png,12
BC_025_R10.png,BC,B,C,BC_025,25,10,PRESENT,1,0,MARK_PRESENT,1.0,1,THICK_BASELINE_RECTANGLES=1;MAX_H_FRAC=0.947;CORE_R=2.04,FULL_AXES_RECT,79,34,1121,616,15,11,Híbrida,1,1,SHA256_UNIQUE,BC_012_15_11.png,12
BC_026_R01.png,BC,B,C,BC_026,26,1,PRESENT,1,0,MARK_PRESENT,1.0,1,THICK_BASELINE_RECTANGLES=1;MAX_H_FRAC=0.951;CORE_R=2.00,FULL_AXES_RECT,69,35,620,732,16,11,Híbrida,1,1,SHA256_UNIQUE,BC_013_16_11.png,13
BC_026_R02.png,BC,B,C,BC_026,26,2,PRESENT,1,0,MARK_PRESENT,1.0,1,THICK_BASELINE_RECTANGLES=1;MAX_H_FRAC=0.993;CORE_R=2.04,FULL_AXES_RECT,79,33,1121,615,16,11,Híbrida,1,1,SHA256_UNIQUE,BC_013_16_11.png,13
BC_026_R03.png,BC,B,C,BC_026,26,3,PRESENT,1,0,MARK_PRESENT,1.0,1,THICK_BASELINE_RECTANGLES=1;MAX_H_FRAC=0.993;CORE_R=2.04,FULL_AXES_RECT,79,33,1121,615,16,11,Híbrida,1,1,SHA256_UNIQUE,BC_013_16_11.png,13
BC_026_R04.png,BC,B,C,BC_026,26,4,PRESENT,1,0,MARK_PRESENT,1.0,1,THICK_BASELINE_RECTANGLES=1;MAX_H_FRAC=0.993;CORE_R=2.04,FULL_AXES_RECT,79,33,1121,615,16,11,Híbrida,1,1,SHA256_UNIQUE,BC_013_16_11.png,13
BC_026_R05.png,BC,B,C,BC_026,26,5,PRESENT,1,0,MARK_PRESENT,1.0,1,THICK_BASELINE_RECTANGLES=1;MAX_H_FRAC=0.993;CORE_R=2.04,FULL_AXES_RECT,79,33,1121,615,16,11,Híbrida,1,1,SHA256_UNIQUE,BC_013_16_11.png,13
BC_026_R06.png,BC,B,C,BC_026,26,6,PRESENT,1,0,MARK_PRESENT,1.0,1,THICK_BASELINE_RECTANGLES=1;MAX_H_FRAC=0.993;CORE_R=2.04,FULL_AXES_RECT,79,33,1121,615,16,11,Híbrida,1,1,SHA256_UNIQUE,BC_013_16_11.png,13
BC_026_R07.png,BC,B,C,BC_026,26,7,PRESENT,1,0,MARK_PRESENT,1.0,1,THICK_BASELINE_RECTANGLES=1;MAX_H_FRAC=0.993;CORE_R=2.04,FULL_AXES_RECT,79,33,1121,615,16,11,Híbrida,1,1,SHA256_UNIQUE,BC_013_16_11.png,13
BC_026_R08.png,BC,B,C,BC_026,26,8,PRESENT,1,0,MARK_PRESENT,1.0,1,THICK_BASELINE_RECTANGLES=1;MAX_H_FRAC=0.993;CORE_R=2.04,FULL_AXES_RECT,79,33,1121,615,16,11,Híbrida,1,1,SHA256_UNIQUE,BC_013_16_11.png,13
BC_026_R09.png,BC,B,C,BC_026,26,9,PRESENT,1,0,MARK_PRESENT,1.0,1,THICK_BASELINE_RECTANGLES=1;MAX_H_FRAC=0.993;CORE_R=2.04,FULL_AXES_RECT,79,33,1121,615,16,11,Híbrida,1,1,SHA256_UNIQUE,BC_013_16_11.png,13
BC_026_R10.png,BC,B,C,BC_026,26,10,PRESENT,1,0,MARK_PRESENT,1.0,1,THICK_BASELINE_RECTANGLES=1;MAX_H_FRAC=0.993;CORE_R=2.04,FULL_AXES_RECT,79,33,1121,615,16,11,Híbrida,1,1,SHA256_UNIQUE,BC_013_16_11.png,13
BC_027_R01.png,BC,B,C,BC_027,27,1,PRESENT,1,0,MARK_PRESENT,1.0,1,THICK_BASELINE_RECTANGLES=1;MAX_H_FRAC=0.948;CORE_R=2.15,FULL_AXES_RECT,115,33,1043,647,1,01,VQL,0,1,SHA256_UNIQUE,BC_001_01_01.png,1
BC_027_R02.png,BC,B,C,BC_027,27,2,ABSENT_OR_UNCERTAIN,0,1,MARK_ABSENT,0.0,0,NO_THICK_BASELINE_RECTANGLES;CORE_R=2.03,FULL_AXES_RECT,98,98,934,678,1,01,VQL,0,1,SHA256_UNIQUE,BC_001_01_01.png,1
BC_027_R03.png,BC,B,C,BC_027,27,3,ABSENT_OR_UNCERTAIN,0,1,MARK_ABSENT,0.0,0,NO_THICK_BASELINE_RECTANGLES;CORE_R=2.03,FULL_AXES_RECT,98,98,934,678,1,01,VQL,0,1,SHA256_UNIQUE,BC_001_01_01.png,1
BC_027_R04.png,BC,B,C,BC_027,27,4,ABSENT_OR_UNCERTAIN,0,1,MARK_ABSENT,0.0,0,NO_THICK_BASELINE_RECTANGLES;CORE_R=2.03,FULL_AXES_RECT,98,98,934,678,1,01,VQL,0,1,SHA256_UNIQUE,BC_001_01_01.png,1
BC_027_R05.png,BC,B,C,BC_027,27,5,ABSENT_OR_UNCERTAIN,0,1,MARK_ABSENT,0.0,0,NO_THICK_BASELINE_RECTANGLES;CORE_R=2.03,FULL_AXES_RECT,98,98,934,678,1,01,VQL,0,1,SHA256_UNIQUE,BC_001_01_01.png,1
BC_027_R06.png,BC,B,C,BC_027,27,6,ABSENT_OR_UNCERTAIN,0,1,MARK_ABSENT,0.0,0,NO_THICK_BASELINE_RECTANGLES;CORE_R=2.03,FULL_AXES_RECT,98,98,934,678,1,01,VQL,0,1,SHA256_UNIQUE,BC_001_01_01.png,1
BC_027_R07.png,BC,B,C,BC_027,27,7,PRESENT,1,0,MARK_PRESENT,1.0,1,THICK_BASELINE_RECTANGLES=1;MAX_H_FRAC=0.949;CORE_R=2.04,FULL_AXES_RECT,103,34,1145,616,1,01,VQL,0,1,SHA256_UNIQUE,BC_001_01_01.png,1
BC_027_R08.png,BC,B,C,BC_027,27,8,PRESENT,1,0,MARK_PRESENT,1.0,1,THICK_BASELINE_RECTANGLES=1;MAX_H_FRAC=0.949;CORE_R=2.04,FULL_AXES_RECT,103,34,1145,616,1,01,VQL,0,1,SHA256_UNIQUE,BC_001_01_01.png,1
BC_027_R09.png,BC,B,C,BC_027,27,9,PRESENT,1,0,MARK_PRESENT,1.0,1,THICK_BASELINE_RECTANGLES=1;MAX_H_FRAC=0.949;CORE_R=2.04,FULL_AXES_RECT,103,34,1145,616,1,01,VQL,0,1,SHA256_UNIQUE,BC_001_01_01.png,1
BC_027_R10.png,BC,B,C,BC_027,27,10,PRESENT,1,0,MARK_PRESENT,1.0,1,THICK_BASELINE_RECTANGLES=1;MAX_H_FRAC=0.949;CORE_R=2.04,FULL_AXES_RECT,103,34,1145,616,1,01,VQL,0,1,SHA256_UNIQUE,BC_001_01_01.png,1
BC_028_R01.png,BC,B,C,BC_028,28,1,PRESENT,1,0,MARK_PRESENT,1.0,1,THICK_BASELINE_RECTANGLES=1;MAX_H_FRAC=0.951;CORE_R=2.00,FULL_AXES_RECT,69,35,620,754,4,01,VQL,0,1,SHA256_UNIQUE,BC_002_04_01.png,2
BC_028_R02.png,BC,B,C,BC_028,28,2,PRESENT,1,0,MARK_PRESENT,1.0,1,THICK_BASELINE_RECTANGLES=1;MAX_H_FRAC=0.948;CORE_R=2.03,FULL_AXES_RECT,98,98,1138,678,4,01,VQL,0,1,SHA256_UNIQUE,BC_002_04_01.png,2
BC_028_R03.png,BC,B,C,BC_028,28,3,PRESENT,1,0,MARK_PRESENT,1.0,1,THICK_BASELINE_RECTANGLES=1;MAX_H_FRAC=0.948;CORE_R=2.03,FULL_AXES_RECT,98,98,1138,678,4,01,VQL,0,1,SHA256_UNIQUE,BC_002_04_01.png,2
BC_028_R04.png,BC,B,C,BC_028,28,4,PRESENT,1,0,MARK_PRESENT,1.0,1,THICK_BASELINE_RECTANGLES=1;MAX_H_FRAC=0.948;CORE_R=2.03,FULL_AXES_RECT,98,98,1138,678,4,01,VQL,0,1,SHA256_UNIQUE,BC_002_04_01.png,2
BC_028_R05.png,BC,B,C,BC_028,28,5,PRESENT,1,0,MARK_PRESENT,1.0,1,THICK_BASELINE_RECTANGLES=1;MAX_H_FRAC=0.948;CORE_R=2.03,FULL_AXES_RECT,98,98,1138,678,4,01,VQL,0,1,SHA256_UNIQUE,BC_002_04_01.png,2
BC_028_R06.png,BC,B,C,BC_028,28,6,PRESENT,1,0,MARK_PRESENT,1.0,1,THICK_BASELINE_RECTANGLES=1;MAX_H_FRAC=0.948;CORE_R=2.03,FULL_AXES_RECT,98,98,1138,678,4,01,VQL,0,1,SHA256_UNIQUE,BC_002_04_01.png,2
BC_028_R07.png,BC,B,C,BC_028,28,7,PRESENT,1,0,MARK_PRESENT,1.0,1,THICK_BASELINE_RECTANGLES=1;MAX_H_FRAC=0.948;CORE_R=2.03,FULL_AXES_RECT,98,98,1138,678,4,01,VQL,0,1,SHA256_UNIQUE,BC_002_04_01.png,2
BC_028_R08.png,BC,B,C,BC_028,28,8,PRESENT,1,0,MARK_PRESENT,1.0,1,THICK_BASELINE_RECTANGLES=1;MAX_H_FRAC=0.948;CORE_R=2.03,FULL_AXES_RECT,98,98,1138,678,4,01,VQL,0,1,SHA256_UNIQUE,BC_002_04_01.png,2
BC_028_R09.png,BC,B,C,BC_028,28,9,PRESENT,1,0,MARK_PRESENT,1.0,1,THICK_BASELINE_RECTANGLES=1;MAX_H_FRAC=0.948;CORE_R=2.03,FULL_AXES_RECT,98,98,1138,678,4,01,VQL,0,1,SHA256_UNIQUE,BC_002_04_01.png,2
BC_028_R10.png,BC,B,C,BC_028,28,10,PRESENT,1,0,MARK_PRESENT,1.0,1,THICK_BASELINE_RECTANGLES=1;MAX_H_FRAC=0.948;CORE_R=2.03,FULL_AXES_RECT,98,98,1138,678,4,01,VQL,0,1,SHA256_UNIQUE,BC_002_04_01.png,2
BC_029_R01.png,BC,B,C,BC_029,29,1,PRESENT,1,0,MARK_PRESENT,1.0,3,THICK_BASELINE_RECTANGLES=3;MAX_H_FRAC=0.962;CORE_R=2.00,FULL_AXES_RECT,63,34,582,616,6,01,VQL,0,1,SHA256_UNIQUE,BC_003_06_01.png,3
BC_029_R02.png,BC,B,C,BC_029,29,2,PRESENT,1,0,MARK_PRESENT,1.0,3,THICK_BASELINE_RECTANGLES=3;MAX_H_FRAC=0.962;CORE_R=2.00,FULL_AXES_RECT,82,34,601,616,6,01,VQL,0,1,SHA256_UNIQUE,BC_003_06_01.png,3
BC_029_R03.png,BC,B,C,BC_029,29,3,PRESENT,1,0,MARK_PRESENT,1.0,3,THICK_BASELINE_RECTANGLES=3;MAX_H_FRAC=0.962;CORE_R=2.00,FULL_AXES_RECT,82,34,601,616,6,01,VQL,0,1,SHA256_UNIQUE,BC_003_06_01.png,3
BC_029_R04.png,BC,B,C,BC_029,29,4,PRESENT,1,0,MARK_PRESENT,1.0,3,THICK_BASELINE_RECTANGLES=3;MAX_H_FRAC=0.962;CORE_R=2.00,FULL_AXES_RECT,82,34,601,616,6,01,VQL,0,1,SHA256_UNIQUE,BC_003_06_01.png,3
BC_029_R05.png,BC,B,C,BC_029,29,5,PRESENT,1,0,MARK_PRESENT,1.0,3,THICK_BASELINE_RECTANGLES=3;MAX_H_FRAC=0.962;CORE_R=2.00,FULL_AXES_RECT,82,34,601,616,6,01,VQL,0,1,SHA256_UNIQUE,BC_003_06_01.png,3
BC_029_R06.png,BC,B,C,BC_029,29,6,PRESENT,1,0,MARK_PRESENT,1.0,3,THICK_BASELINE_RECTANGLES=3;MAX_H_FRAC=0.961;CORE_R=2.00,FULL_AXES_RECT,82,34,601,616,6,01,VQL,0,1,SHA256_UNIQUE,BC_003_06_01.png,3
BC_029_R07.png,BC,B,C,BC_029,29,7,PRESENT,1,0,MARK_PRESENT,1.0,1,THICK_BASELINE_RECTANGLES=1;MAX_H_FRAC=0.984;CORE_R=2.00,AXIS_PARTIAL,82,47,1066,616,6,01,VQL,0,1,SHA256_UNIQUE,BC_003_06_01.png,3
BC_029_R08.png,BC,B,C,BC_029,29,8,PRESENT,1,0,MARK_PRESENT,1.0,3,THICK_BASELINE_RECTANGLES=3;MAX_H_FRAC=0.962;CORE_R=2.00,FULL_AXES_RECT,82,34,601,616,6,01,VQL,0,1,SHA256_UNIQUE,BC_003_06_01.png,3
BC_029_R09.png,BC,B,C,BC_029,29,9,PRESENT,1,0,MARK_PRESENT,1.0,3,THICK_BASELINE_RECTANGLES=3;MAX_H_FRAC=0.962;CORE_R=2.00,FULL_AXES_RECT,82,34,601,616,6,01,VQL,0,1,SHA256_UNIQUE,BC_003_06_01.png,3
BC_029_R10.png,BC,B,C,BC_029,29,10,PRESENT,1,0,MARK_PRESENT,1.0,3,THICK_BASELINE_RECTANGLES=3;MAX_H_FRAC=0.962;CORE_R=2.00,FULL_AXES_RECT,82,34,601,616,6,01,VQL,0,1,SHA256_UNIQUE,BC_003_06_01.png,3
BC_030_R01.png,BC,B,C,BC_030,30,1,PRESENT,1,0,MARK_PRESENT,1.0,1,THICK_BASELINE_RECTANGLES=1;MAX_H_FRAC=0.947;CORE_R=2.04,FULL_AXES_RECT,82,34,1124,616,7,01,VQL,0,1,SHA256_UNIQUE,BC_004_07_01.png,4
BC_030_R02.png,BC,B,C,BC_030,30,2,PRESENT,1,0,MARK_PRESENT,1.0,1,THICK_BASELINE_RECTANGLES=1;MAX_H_FRAC=0.961;CORE_R=2.04,FULL_AXES_RECT,102,33,1144,615,7,01,VQL,0,1,SHA256_UNIQUE,BC_004_07_01.png,4
BC_030_R03.png,BC,B,C,BC_030,30,3,PRESENT,1,0,MARK_PRESENT,1.0,1,THICK_BASELINE_RECTANGLES=1;MAX_H_FRAC=0.961;CORE_R=2.04,FULL_AXES_RECT,102,33,1144,615,7,01,VQL,0,1,SHA256_UNIQUE,BC_004_07_01.png,4
BC_030_R04.png,BC,B,C,BC_030,30,4,PRESENT,1,0,MARK_PRESENT,1.0,1,THICK_BASELINE_RECTANGLES=1;MAX_H_FRAC=0.961;CORE_R=2.04,FULL_AXES_RECT,102,33,1144,615,7,01,VQL,0,1,SHA256_UNIQUE,BC_004_07_01.png,4
BC_030_R05.png,BC,B,C,BC_030,30,5,PRESENT,1,0,MARK_PRESENT,1.0,1,THICK_BASELINE_RECTANGLES=1;MAX_H_FRAC=0.961;CORE_R=2.04,FULL_AXES_RECT,102,33,1144,615,7,01,VQL,0,1,SHA256_UNIQUE,BC_004_07_01.png,4
BC_030_R06.png,BC,B,C,BC_030,30,6,PRESENT,1,0,MARK_PRESENT,1.0,1,THICK_BASELINE_RECTANGLES=1;MAX_H_FRAC=0.961;CORE_R=2.04,FULL_AXES_RECT,102,33,1144,615,7,01,VQL,0,1,SHA256_UNIQUE,BC_004_07_01.png,4
BC_030_R07.png,BC,B,C,BC_030,30,7,PRESENT,1,0,MARK_PRESENT,1.0,1,THICK_BASELINE_RECTANGLES=1;MAX_H_FRAC=0.961;CORE_R=2.04,FULL_AXES_RECT,102,33,1144,615,7,01,VQL,0,1,SHA256_UNIQUE,BC_004_07_01.png,4
BC_030_R08.png,BC,B,C,BC_030,30,8,PRESENT,1,0,MARK_PRESENT,1.0,1,THICK_BASELINE_RECTANGLES=1;MAX_H_FRAC=0.961;CORE_R=2.04,FULL_AXES_RECT,102,33,1144,615,7,01,VQL,0,1,SHA256_UNIQUE,BC_004_07_01.png,4
BC_030_R09.png,BC,B,C,BC_030,30,9,PRESENT,1,0,MARK_PRESENT,1.0,1,THICK_BASELINE_RECTANGLES=1;MAX_H_FRAC=0.961;CORE_R=2.04,FULL_AXES_RECT,102,33,1144,615,7,01,VQL,0,1,SHA256_UNIQUE,BC_004_07_01.png,4
BC_030_R10.png,BC,B,C,BC_030,30,10,PRESENT,1,0,MARK_PRESENT,1.0,1,THICK_BASELINE_RECTANGLES=1;MAX_H_FRAC=0.961;CORE_R=2.04,FULL_AXES_RECT,102,33,1144,615,7,01,VQL,0,1,SHA256_UNIQUE,BC_004_07_01.png,4
BC_031_R01.png,BC,B,C,BC_031,31,1,PRESENT,1,0,MARK_PRESENT,1.0,1,THICK_BASELINE_RECTANGLES=1;MAX_H_FRAC=0.947;CORE_R=2.04,FULL_AXES_RECT,47,34,1089,616,8,01,VQL,0,1,SHA256_UNIQUE,BC_005_08_01.png,5
BC_031_R02.png,BC,B,C,BC_031,31,2,PRESENT,1,0,MARK_PRESENT,1.0,2,THICK_BASELINE_RECTANGLES=2;MAX_H_FRAC=0.950;CORE_R=2.00,FULL_AXES_RECT,79,34,941,536,8,01,VQL,0,1,SHA256_UNIQUE,BC_005_08_01.png,5
BC_031_R03.png,BC,B,C,BC_031,31,3,PRESENT,1,0,MARK_PRESENT,1.0,2,THICK_BASELINE_RECTANGLES=2;MAX_H_FRAC=0.950;CORE_R=2.00,FULL_AXES_RECT,79,34,941,536,8,01,VQL,0,1,SHA256_UNIQUE,BC_005_08_01.png,5
BC_031_R04.png,BC,B,C,BC_031,31,4,PRESENT,1,0,MARK_PRESENT,1.0,2,THICK_BASELINE_RECTANGLES=2;MAX_H_FRAC=0.950;CORE_R=2.00,FULL_AXES_RECT,79,34,941,536,8,01,VQL,0,1,SHA256_UNIQUE,BC_005_08_01.png,5
BC_031_R05.png,BC,B,C,BC_031,31,5,PRESENT,1,0,MARK_PRESENT,1.0,2,THICK_BASELINE_RECTANGLES=2;MAX_H_FRAC=0.950;CORE_R=2.00,FULL_AXES_RECT,79,34,941,536,8,01,VQL,0,1,SHA256_UNIQUE,BC_005_08_01.png,5
BC_031_R06.png,BC,B,C,BC_031,31,6,PRESENT,1,0,MARK_PRESENT,1.0,2,THICK_BASELINE_RECTANGLES=2;MAX_H_FRAC=0.950;CORE_R=2.00,FULL_AXES_RECT,79,34,941,536,8,01,VQL,0,1,SHA256_UNIQUE,BC_005_08_01.png,5
BC_031_R07.png,BC,B,C,BC_031,31,7,PRESENT,1,0,MARK_PRESENT,1.0,2,THICK_BASELINE_RECTANGLES=2;MAX_H_FRAC=0.950;CORE_R=2.00,FULL_AXES_RECT,79,34,941,536,8,01,VQL,0,1,SHA256_UNIQUE,BC_005_08_01.png,5
BC_031_R08.png,BC,B,C,BC_031,31,8,PRESENT,1,0,MARK_PRESENT,1.0,2,THICK_BASELINE_RECTANGLES=2;MAX_H_FRAC=0.950;CORE_R=2.00,FULL_AXES_RECT,79,34,941,536,8,01,VQL,0,1,SHA256_UNIQUE,BC_005_08_01.png,5
BC_031_R09.png,BC,B,C,BC_031,31,9,PRESENT,1,0,MARK_PRESENT,1.0,2,THICK_BASELINE_RECTANGLES=2;MAX_H_FRAC=0.950;CORE_R=2.00,FULL_AXES_RECT,79,34,941,536,8,01,VQL,0,1,SHA256_UNIQUE,BC_005_08_01.png,5
BC_031_R10.png,BC,B,C,BC_031,31,10,PRESENT,1,0,MARK_PRESENT,1.0,2,THICK_BASELINE_RECTANGLES=2;MAX_H_FRAC=0.950;CORE_R=2.00,FULL_AXES_RECT,79,34,941,536,8,01,VQL,0,1,SHA256_UNIQUE,BC_005_08_01.png,5
BC_032_R01.png,BC,B,C,BC_032,32,1,PRESENT,1,0,MARK_PRESENT,1.0,5,THICK_BASELINE_RECTANGLES=5;MAX_H_FRAC=0.990;CORE_R=2.00,FULL_AXES_RECT,103,34,624,616,9,01,VQL,0,1,SHA256_UNIQUE,BC_006_09_01.png,6
BC_032_R02.png,BC,B,C,BC_032,32,2,PRESENT,1,0,MARK_PRESENT,1.0,6,THICK_BASELINE_RECTANGLES=6;MAX_H_FRAC=0.939;CORE_R=2.00,FULL_AXES_RECT,98,130,910,638,9,01,VQL,0,1,SHA256_UNIQUE,BC_006_09_01.png,6
BC_032_R03.png,BC,B,C,BC_032,32,3,PRESENT,1,0,MARK_PRESENT,1.0,6,THICK_BASELINE_RECTANGLES=6;MAX_H_FRAC=0.939;CORE_R=2.00,FULL_AXES_RECT,98,130,910,638,9,01,VQL,0,1,SHA256_UNIQUE,BC_006_09_01.png,6
BC_032_R04.png,BC,B,C,BC_032,32,4,PRESENT,1,0,MARK_PRESENT,1.0,6,THICK_BASELINE_RECTANGLES=6;MAX_H_FRAC=0.939;CORE_R=2.00,FULL_AXES_RECT,98,130,910,638,9,01,VQL,0,1,SHA256_UNIQUE,BC_006_09_01.png,6
BC_032_R05.png,BC,B,C,BC_032,32,5,PRESENT,1,0,MARK_PRESENT,1.0,6,THICK_BASELINE_RECTANGLES=6;MAX_H_FRAC=0.939;CORE_R=2.00,FULL_AXES_RECT,98,130,910,638,9,01,VQL,0,1,SHA256_UNIQUE,BC_006_09_01.png,6
BC_032_R06.png,BC,B,C,BC_032,32,6,PRESENT,1,0,MARK_PRESENT,1.0,6,THICK_BASELINE_RECTANGLES=6;MAX_H_FRAC=0.939;CORE_R=2.00,FULL_AXES_RECT,98,130,910,638,9,01,VQL,0,1,SHA256_UNIQUE,BC_006_09_01.png,6
BC_032_R07.png,BC,B,C,BC_032,32,7,PRESENT,1,0,MARK_PRESENT,1.0,6,THICK_BASELINE_RECTANGLES=6;MAX_H_FRAC=0.939;CORE_R=2.00,FULL_AXES_RECT,98,130,910,638,9,01,VQL,0,1,SHA256_UNIQUE,BC_006_09_01.png,6
BC_032_R08.png,BC,B,C,BC_032,32,8,PRESENT,1,0,MARK_PRESENT,1.0,6,THICK_BASELINE_RECTANGLES=6;MAX_H_FRAC=0.939;CORE_R=2.00,FULL_AXES_RECT,98,130,910,638,9,01,VQL,0,1,SHA256_UNIQUE,BC_006_09_01.png,6
BC_032_R09.png,BC,B,C,BC_032,32,9,PRESENT,1,0,MARK_PRESENT,1.0,6,THICK_BASELINE_RECTANGLES=6;MAX_H_FRAC=0.939;CORE_R=2.00,FULL_AXES_RECT,98,130,910,638,9,01,VQL,0,1,SHA256_UNIQUE,BC_006_09_01.png,6
BC_032_R10.png,BC,B,C,BC_032,32,10,PRESENT,1,0,MARK_PRESENT,1.0,6,THICK_BASELINE_RECTANGLES=6;MAX_H_FRAC=0.939;CORE_R=2.00,FULL_AXES_RECT,98,130,910,638,9,01,VQL,0,1,SHA256_UNIQUE,BC_006_09_01.png,6
BC_033_R01.png,BC,B,C,BC_033,33,1,PRESENT,1,0,MARK_PRESENT,1.0,1,THICK_BASELINE_RECTANGLES=1;MAX_H_FRAC=0.985;CORE_R=2.04,FULL_AXES_RECT,47,34,1089,616,10,01,VQL,0,1,SHA256_UNIQUE,BC_007_10_01.png,7
BC_033_R02.png,BC,B,C,BC_033,33,2,PRESENT,1,0,MARK_PRESENT,1.0,1,THICK_BASELINE_RECTANGLES=1;MAX_H_FRAC=0.987;CORE_R=2.41,FULL_AXES_RECT,83,35,960,722,10,01,VQL,0,1,SHA256_UNIQUE,BC_007_10_01.png,7
BC_033_R03.png,BC,B,C,BC_033,33,3,PRESENT,1,0,MARK_PRESENT,1.0,1,THICK_BASELINE_RECTANGLES=1;MAX_H_FRAC=0.987;CORE_R=2.41,FULL_AXES_RECT,83,35,960,722,10,01,VQL,0,1,SHA256_UNIQUE,BC_007_10_01.png,7
BC_033_R04.png,BC,B,C,BC_033,33,4,PRESENT,1,0,MARK_PRESENT,1.0,1,THICK_BASELINE_RECTANGLES=1;MAX_H_FRAC=0.987;CORE_R=2.41,FULL_AXES_RECT,83,35,960,722,10,01,VQL,0,1,SHA256_UNIQUE,BC_007_10_01.png,7
BC_033_R05.png,BC,B,C,BC_033,33,5,PRESENT,1,0,MARK_PRESENT,1.0,1,THICK_BASELINE_RECTANGLES=1;MAX_H_FRAC=0.987;CORE_R=2.41,FULL_AXES_RECT,83,35,960,722,10,01,VQL,0,1,SHA256_UNIQUE,BC_007_10_01.png,7
BC_033_R06.png,BC,B,C,BC_033,33,6,PRESENT,1,0,MARK_PRESENT,1.0,1,THICK_BASELINE_RECTANGLES=1;MAX_H_FRAC=0.987;CORE_R=2.41,FULL_AXES_RECT,83,35,960,722,10,01,VQL,0,1,SHA256_UNIQUE,BC_007_10_01.png,7
BC_033_R07.png,BC,B,C,BC_033,33,7,PRESENT,1,0,MARK_PRESENT,1.0,1,THICK_BASELINE_RECTANGLES=1;MAX_H_FRAC=0.987;CORE_R=2.41,FULL_AXES_RECT,83,35,960,722,10,01,VQL,0,1,SHA256_UNIQUE,BC_007_10_01.png,7
BC_033_R08.png,BC,B,C,BC_033,33,8,PRESENT,1,0,MARK_PRESENT,1.0,1,THICK_BASELINE_RECTANGLES=1;MAX_H_FRAC=0.987;CORE_R=2.41,FULL_AXES_RECT,83,35,960,722,10,01,VQL,0,1,SHA256_UNIQUE,BC_007_10_01.png,7
BC_033_R09.png,BC,B,C,BC_033,33,9,PRESENT,1,0,MARK_PRESENT,1.0,1,THICK_BASELINE_RECTANGLES=1;MAX_H_FRAC=0.987;CORE_R=2.41,FULL_AXES_RECT,83,35,960,722,10,01,VQL,0,1,SHA256_UNIQUE,BC_007_10_01.png,7
BC_033_R10.png,BC,B,C,BC_033,33,10,PRESENT,1,0,MARK_PRESENT,1.0,1,THICK_BASELINE_RECTANGLES=1;MAX_H_FRAC=0.987;CORE_R=2.41,FULL_AXES_RECT,83,35,960,722,10,01,VQL,0,1,SHA256_UNIQUE,BC_007_10_01.png,7
BC_034_R01.png,BC,B,C,BC_034,34,1,PRESENT,1,0,MARK_PRESENT,1.0,1,THICK_BASELINE_RECTANGLES=1;MAX_H_FRAC=0.947;CORE_R=2.04,FULL_AXES_RECT,80,34,1122,616,11,01,VQL,0,1,SHA256_UNIQUE,BC_008_11_01.png,8
BC_034_R02.png,BC,B,C,BC_034,34,2,ABSENT_OR_UNCERTAIN,0,1,MARK_ABSENT,0.0,0,NO_THICK_BASELINE_RECTANGLES;CORE_R=2.04,FULL_AXES_RECT,46,34,884,616,11,01,VQL,0,1,SHA256_UNIQUE,BC_008_11_01.png,8
BC_034_R03.png,BC,B,C,BC_034,34,3,ABSENT_OR_UNCERTAIN,0,1,MARK_ABSENT,0.0,0,NO_THICK_BASELINE_RECTANGLES;CORE_R=2.04,FULL_AXES_RECT,46,34,884,616,11,01,VQL,0,1,SHA256_UNIQUE,BC_008_11_01.png,8
BC_034_R04.png,BC,B,C,BC_034,34,4,ABSENT_OR_UNCERTAIN,0,1,MARK_ABSENT,0.0,0,NO_THICK_BASELINE_RECTANGLES;CORE_R=2.04,FULL_AXES_RECT,59,34,897,616,11,01,VQL,0,1,SHA256_UNIQUE,BC_008_11_01.png,8
BC_034_R05.png,BC,B,C,BC_034,34,5,PRESENT,1,0,MARK_PRESENT,1.0,1,THICK_BASELINE_RECTANGLES=1;MAX_H_FRAC=0.947;CORE_R=2.04,FULL_AXES_RECT,59,34,897,616,11,01,VQL,0,1,SHA256_UNIQUE,BC_008_11_01.png,8
BC_034_R06.png,BC,B,C,BC_034,34,6,PRESENT,1,0,MARK_PRESENT,1.0,1,THICK_BASELINE_RECTANGLES=1;MAX_H_FRAC=0.947;CORE_R=2.04,FULL_AXES_RECT,59,34,897,616,11,01,VQL,0,1,SHA256_UNIQUE,BC_008_11_01.png,8
BC_034_R07.png,BC,B,C,BC_034,34,7,PRESENT,1,0,MARK_PRESENT,1.0,1,THICK_BASELINE_RECTANGLES=1;MAX_H_FRAC=0.947;CORE_R=2.04,FULL_AXES_RECT,59,34,897,616,11,01,VQL,0,1,SHA256_UNIQUE,BC_008_11_01.png,8
BC_034_R08.png,BC,B,C,BC_034,34,8,PRESENT,1,0,MARK_PRESENT,1.0,1,THICK_BASELINE_RECTANGLES=1;MAX_H_FRAC=0.947;CORE_R=2.04,FULL_AXES_RECT,59,34,897,616,11,01,VQL,0,1,SHA256_UNIQUE,BC_008_11_01.png,8
BC_034_R09.png,BC,B,C,BC_034,34,9,PRESENT,1,0,MARK_PRESENT,1.0,1,THICK_BASELINE_RECTANGLES=1;MAX_H_FRAC=0.947;CORE_R=2.04,FULL_AXES_RECT,59,34,897,616,11,01,VQL,0,1,SHA256_UNIQUE,BC_008_11_01.png,8
BC_034_R10.png,BC,B,C,BC_034,34,10,PRESENT,1,0,MARK_PRESENT,1.0,1,THICK_BASELINE_RECTANGLES=1;MAX_H_FRAC=0.947;CORE_R=2.04,FULL_AXES_RECT,59,34,897,616,11,01,VQL,0,1,SHA256_UNIQUE,BC_008_11_01.png,8
BC_035_R01.png,BC,B,C,BC_035,35,1,PRESENT,1,0,MARK_PRESENT,1.0,1,THICK_BASELINE_RECTANGLES=1;MAX_H_FRAC=0.948;CORE_R=2.03,FULL_AXES_RECT,69,35,1109,615,12,01,VQL,0,1,SHA256_UNIQUE,BC_009_12_01.png,9
BC_035_R02.png,BC,B,C,BC_035,35,2,ABSENT_OR_UNCERTAIN,0,1,MARK_ABSENT,0.0,0,NO_THICK_BASELINE_RECTANGLES;CORE_R=2.00,FULL_AXES_RECT,98,98,958,638,12,01,VQL,0,1,SHA256_UNIQUE,BC_009_12_01.png,9
BC_035_R03.png,BC,B,C,BC_035,35,3,ABSENT_OR_UNCERTAIN,0,1,MARK_ABSENT,0.0,0,NO_THICK_BASELINE_RECTANGLES;CORE_R=2.00,FULL_AXES_RECT,98,98,958,638,12,01,VQL,0,1,SHA256_UNIQUE,BC_009_12_01.png,9
BC_035_R04.png,BC,B,C,BC_035,35,4,ABSENT_OR_UNCERTAIN,0,1,MARK_ABSENT,0.0,0,NO_THICK_BASELINE_RECTANGLES;CORE_R=2.00,FULL_AXES_RECT,98,98,958,638,12,01,VQL,0,1,SHA256_UNIQUE,BC_009_12_01.png,9
BC_035_R05.png,BC,B,C,BC_035,35,5,PRESENT,1,0,MARK_PRESENT,1.0,6,THICK_BASELINE_RECTANGLES=6;MAX_H_FRAC=0.952;CORE_R=2.00,FULL_AXES_RECT,98,98,958,638,12,01,VQL,0,1,SHA256_UNIQUE,BC_009_12_01.png,9
BC_035_R06.png,BC,B,C,BC_035,35,6,PRESENT,1,0,MARK_PRESENT,1.0,6,THICK_BASELINE_RECTANGLES=6;MAX_H_FRAC=0.952;CORE_R=2.00,FULL_AXES_RECT,98,98,958,638,12,01,VQL,0,1,SHA256_UNIQUE,BC_009_12_01.png,9
BC_035_R07.png,BC,B,C,BC_035,35,7,PRESENT,1,0,MARK_PRESENT,1.0,6,THICK_BASELINE_RECTANGLES=6;MAX_H_FRAC=0.952;CORE_R=2.00,FULL_AXES_RECT,98,98,958,638,12,01,VQL,0,1,SHA256_UNIQUE,BC_009_12_01.png,9
BC_035_R08.png,BC,B,C,BC_035,35,8,PRESENT,1,0,MARK_PRESENT,1.0,6,THICK_BASELINE_RECTANGLES=6;MAX_H_FRAC=0.952;CORE_R=2.00,FULL_AXES_RECT,98,98,958,638,12,01,VQL,0,1,SHA256_UNIQUE,BC_009_12_01.png,9
BC_035_R09.png,BC,B,C,BC_035,35,9,PRESENT,1,0,MARK_PRESENT,1.0,6,THICK_BASELINE_RECTANGLES=6;MAX_H_FRAC=0.952;CORE_R=2.00,FULL_AXES_RECT,98,98,958,638,12,01,VQL,0,1,SHA256_UNIQUE,BC_009_12_01.png,9
BC_035_R10.png,BC,B,C,BC_035,35,10,PRESENT,1,0,MARK_PRESENT,1.0,6,THICK_BASELINE_RECTANGLES=6;MAX_H_FRAC=0.952;CORE_R=2.00,FULL_AXES_RECT,98,98,958,638,12,01,VQL,0,1,SHA256_UNIQUE,BC_009_12_01.png,9
BC_036_R01.png,BC,B,C,BC_036,36,1,PRESENT,1,0,MARK_PRESENT,1.0,1,THICK_BASELINE_RECTANGLES=1;MAX_H_FRAC=0.885;CORE_R=2.04,FULL_AXES_RECT,103,34,1145,616,13,01,VQL,0,1,SHA256_UNIQUE,BC_010_13_01.png,10
BC_036_R02.png,BC,B,C,BC_036,36,2,PRESENT,1,0,MARK_PRESENT,1.0,1,THICK_BASELINE_RECTANGLES=1;MAX_H_FRAC=0.970;CORE_R=2.00,FULL_AXES_RECT,98,98,958,622,13,01,VQL,0,1,SHA256_UNIQUE,BC_010_13_01.png,10
BC_036_R03.png,BC,B,C,BC_036,36,3,PRESENT,1,0,MARK_PRESENT,1.0,1,THICK_BASELINE_RECTANGLES=1;MAX_H_FRAC=0.970;CORE_R=2.00,FULL_AXES_RECT,98,98,958,622,13,01,VQL,0,1,SHA256_UNIQUE,BC_010_13_01.png,10
BC_036_R04.png,BC,B,C,BC_036,36,4,PRESENT,1,0,MARK_PRESENT,1.0,1,THICK_BASELINE_RECTANGLES=1;MAX_H_FRAC=0.970;CORE_R=2.00,FULL_AXES_RECT,98,98,958,622,13,01,VQL,0,1,SHA256_UNIQUE,BC_010_13_01.png,10
BC_036_R05.png,BC,B,C,BC_036,36,5,PRESENT,1,0,MARK_PRESENT,1.0,1,THICK_BASELINE_RECTANGLES=1;MAX_H_FRAC=0.970;CORE_R=2.00,FULL_AXES_RECT,98,98,958,622,13,01,VQL,0,1,SHA256_UNIQUE,BC_010_13_01.png,10
BC_036_R06.png,BC,B,C,BC_036,36,6,PRESENT,1,0,MARK_PRESENT,1.0,1,THICK_BASELINE_RECTANGLES=1;MAX_H_FRAC=0.970;CORE_R=2.00,FULL_AXES_RECT,98,98,958,622,13,01,VQL,0,1,SHA256_UNIQUE,BC_010_13_01.png,10
BC_036_R07.png,BC,B,C,BC_036,36,7,PRESENT,1,0,MARK_PRESENT,1.0,1,THICK_BASELINE_RECTANGLES=1;MAX_H_FRAC=0.970;CORE_R=2.00,FULL_AXES_RECT,98,98,958,622,13,01,VQL,0,1,SHA256_UNIQUE,BC_010_13_01.png,10
BC_036_R08.png,BC,B,C,BC_036,36,8,PRESENT,1,0,MARK_PRESENT,1.0,1,THICK_BASELINE_RECTANGLES=1;MAX_H_FRAC=0.970;CORE_R=2.00,FULL_AXES_RECT,98,98,958,622,13,01,VQL,0,1,SHA256_UNIQUE,BC_010_13_01.png,10
BC_036_R09.png,BC,B,C,BC_036,36,9,PRESENT,1,0,MARK_PRESENT,1.0,1,THICK_BASELINE_RECTANGLES=1;MAX_H_FRAC=0.970;CORE_R=2.00,FULL_AXES_RECT,98,98,958,622,13,01,VQL,0,1,SHA256_UNIQUE,BC_010_13_01.png,10
BC_036_R10.png,BC,B,C,BC_036,36,10,PRESENT,1,0,MARK_PRESENT,1.0,1,THICK_BASELINE_RECTANGLES=1;MAX_H_FRAC=0.970;CORE_R=2.00,FULL_AXES_RECT,98,98,958,622,13,01,VQL,0,1,SHA256_UNIQUE,BC_010_13_01.png,10
BC_037_R01.png,BC,B,C,BC_037,37,1,PRESENT,1,0,MARK_PRESENT,1.0,1,THICK_BASELINE_RECTANGLES=1;MAX_H_FRAC=0.947;CORE_R=2.04,FULL_AXES_RECT,80,34,1122,616,14,01,VQL,0,1,SHA256_UNIQUE,BC_011_14_01.png,11
BC_037_R02.png,BC,B,C,BC_037,37,2,PRESENT,1,0,MARK_PRESENT,1.0,1,THICK_BASELINE_RECTANGLES=1;MAX_H_FRAC=0.947;CORE_R=2.04,FULL_AXES_RECT,79,34,941,616,14,01,VQL,0,1,SHA256_UNIQUE,BC_011_14_01.png,11
BC_037_R03.png,BC,B,C,BC_037,37,3,PRESENT,1,0,MARK_PRESENT,1.0,1,THICK_BASELINE_RECTANGLES=1;MAX_H_FRAC=0.947;CORE_R=2.04,FULL_AXES_RECT,79,34,941,616,14,01,VQL,0,1,SHA256_UNIQUE,BC_011_14_01.png,11
BC_037_R04.png,BC,B,C,BC_037,37,4,PRESENT,1,0,MARK_PRESENT,1.0,1,THICK_BASELINE_RECTANGLES=1;MAX_H_FRAC=0.947;CORE_R=2.04,FULL_AXES_RECT,79,34,941,616,14,01,VQL,0,1,SHA256_UNIQUE,BC_011_14_01.png,11
BC_037_R05.png,BC,B,C,BC_037,37,5,PRESENT,1,0,MARK_PRESENT,1.0,1,THICK_BASELINE_RECTANGLES=1;MAX_H_FRAC=0.947;CORE_R=2.04,FULL_AXES_RECT,79,34,941,616,14,01,VQL,0,1,SHA256_UNIQUE,BC_011_14_01.png,11
BC_037_R06.png,BC,B,C,BC_037,37,6,PRESENT,1,0,MARK_PRESENT,1.0,1,THICK_BASELINE_RECTANGLES=1;MAX_H_FRAC=0.947;CORE_R=2.04,FULL_AXES_RECT,79,34,941,616,14,01,VQL,0,1,SHA256_UNIQUE,BC_011_14_01.png,11
BC_037_R07.png,BC,B,C,BC_037,37,7,PRESENT,1,0,MARK_PRESENT,1.0,1,THICK_BASELINE_RECTANGLES=1;MAX_H_FRAC=0.947;CORE_R=2.04,FULL_AXES_RECT,79,34,941,616,14,01,VQL,0,1,SHA256_UNIQUE,BC_011_14_01.png,11
BC_037_R08.png,BC,B,C,BC_037,37,8,PRESENT,1,0,MARK_PRESENT,1.0,1,THICK_BASELINE_RECTANGLES=1;MAX_H_FRAC=0.947;CORE_R=2.04,FULL_AXES_RECT,79,34,941,616,14,01,VQL,0,1,SHA256_UNIQUE,BC_011_14_01.png,11
BC_037_R09.png,BC,B,C,BC_037,37,9,PRESENT,1,0,MARK_PRESENT,1.0,1,THICK_BASELINE_RECTANGLES=1;MAX_H_FRAC=0.947;CORE_R=2.04,FULL_AXES_RECT,79,34,941,616,14,01,VQL,0,1,SHA256_UNIQUE,BC_011_14_01.png,11
BC_037_R10.png,BC,B,C,BC_037,37,10,PRESENT,1,0,MARK_PRESENT,1.0,1,THICK_BASELINE_RECTANGLES=1;MAX_H_FRAC=0.947;CORE_R=2.04,FULL_AXES_RECT,79,34,941,616,14,01,VQL,0,1,SHA256_UNIQUE,BC_011_14_01.png,11
BC_038_R01.png,BC,B,C,BC_038,38,1,ABSENT_OR_UNCERTAIN,0,1,MARK_ABSENT,0.0,0,NO_THICK_BASELINE_RECTANGLES;CORE_R=2.04,FULL_AXES_RECT,71,34,1113,616,15,01,VQL,0,1,SHA256_UNIQUE,BC_012_15_01.png,12
BC_038_R02.png,BC,B,C,BC_038,38,2,PRESENT,1,0,MARK_PRESENT,1.0,1,THICK_BASELINE_RECTANGLES=1;MAX_H_FRAC=0.964;CORE_R=2.03,FULL_AXES_RECT,98,98,934,678,15,01,VQL,0,1,SHA256_UNIQUE,BC_012_15_01.png,12
BC_038_R03.png,BC,B,C,BC_038,38,3,PRESENT,1,0,MARK_PRESENT,1.0,1,THICK_BASELINE_RECTANGLES=1;MAX_H_FRAC=0.964;CORE_R=2.03,FULL_AXES_RECT,98,98,934,678,15,01,VQL,0,1,SHA256_UNIQUE,BC_012_15_01.png,12
BC_038_R04.png,BC,B,C,BC_038,38,4,PRESENT,1,0,MARK_PRESENT,1.0,1,THICK_BASELINE_RECTANGLES=1;MAX_H_FRAC=0.964;CORE_R=2.03,FULL_AXES_RECT,98,98,934,678,15,01,VQL,0,1,SHA256_UNIQUE,BC_012_15_01.png,12
BC_038_R05.png,BC,B,C,BC_038,38,5,PRESENT,1,0,MARK_PRESENT,1.0,1,THICK_BASELINE_RECTANGLES=1;MAX_H_FRAC=0.964;CORE_R=2.03,FULL_AXES_RECT,98,98,934,678,15,01,VQL,0,1,SHA256_UNIQUE,BC_012_15_01.png,12
BC_038_R06.png,BC,B,C,BC_038,38,6,PRESENT,1,0,MARK_PRESENT,1.0,1,THICK_BASELINE_RECTANGLES=1;MAX_H_FRAC=0.964;CORE_R=2.03,FULL_AXES_RECT,98,98,934,678,15,01,VQL,0,1,SHA256_UNIQUE,BC_012_15_01.png,12
BC_038_R07.png,BC,B,C,BC_038,38,7,PRESENT,1,0,MARK_PRESENT,1.0,1,THICK_BASELINE_RECTANGLES=1;MAX_H_FRAC=0.964;CORE_R=2.03,FULL_AXES_RECT,98,98,934,678,15,01,VQL,0,1,SHA256_UNIQUE,BC_012_15_01.png,12
BC_038_R08.png,BC,B,C,BC_038,38,8,PRESENT,1,0,MARK_PRESENT,1.0,1,THICK_BASELINE_RECTANGLES=1;MAX_H_FRAC=0.964;CORE_R=2.03,FULL_AXES_RECT,98,98,934,678,15,01,VQL,0,1,SHA256_UNIQUE,BC_012_15_01.png,12
BC_038_R09.png,BC,B,C,BC_038,38,9,PRESENT,1,0,MARK_PRESENT,1.0,1,THICK_BASELINE_RECTANGLES=1;MAX_H_FRAC=0.964;CORE_R=2.03,FULL_AXES_RECT,98,98,934,678,15,01,VQL,0,1,SHA256_UNIQUE,BC_012_15_01.png,12
BC_038_R10.png,BC,B,C,BC_038,38,10,PRESENT,1,0,MARK_PRESENT,1.0,1,THICK_BASELINE_RECTANGLES=1;MAX_H_FRAC=0.964;CORE_R=2.03,FULL_AXES_RECT,98,98,934,678,15,01,VQL,0,1,SHA256_UNIQUE,BC_012_15_01.png,12
BC_039_R01.png,BC,B,C,BC_039,39,1,PRESENT,1,0,MARK_PRESENT,1.0,1,THICK_BASELINE_RECTANGLES=1;MAX_H_FRAC=0.985;CORE_R=2.04,FULL_AXES_RECT,68,34,1110,616,16,01,VQL,0,1,SHA256_UNIQUE,BC_013_16_01.png,13
BC_039_R02.png,BC,B,C,BC_039,39,2,PRESENT,1,0,MARK_PRESENT,1.0,1,THICK_BASELINE_RECTANGLES=1;MAX_H_FRAC=0.989;CORE_R=2.00,FULL_AXES_RECT,67,34,929,560,16,01,VQL,0,1,SHA256_UNIQUE,BC_013_16_01.png,13
BC_039_R03.png,BC,B,C,BC_039,39,3,PRESENT,1,0,MARK_PRESENT,1.0,1,THICK_BASELINE_RECTANGLES=1;MAX_H_FRAC=0.989;CORE_R=2.00,FULL_AXES_RECT,67,34,929,560,16,01,VQL,0,1,SHA256_UNIQUE,BC_013_16_01.png,13
BC_039_R04.png,BC,B,C,BC_039,39,4,PRESENT,1,0,MARK_PRESENT,1.0,1,THICK_BASELINE_RECTANGLES=1;MAX_H_FRAC=0.989;CORE_R=2.00,FULL_AXES_RECT,67,34,929,560,16,01,VQL,0,1,SHA256_UNIQUE,BC_013_16_01.png,13
BC_039_R05.png,BC,B,C,BC_039,39,5,PRESENT,1,0,MARK_PRESENT,1.0,1,THICK_BASELINE_RECTANGLES=1;MAX_H_FRAC=0.989;CORE_R=2.00,FULL_AXES_RECT,67,34,929,560,16,01,VQL,0,1,SHA256_UNIQUE,BC_013_16_01.png,13
BC_039_R06.png,BC,B,C,BC_039,39,6,PRESENT,1,0,MARK_PRESENT,1.0,1,THICK_BASELINE_RECTANGLES=1;MAX_H_FRAC=0.989;CORE_R=2.00,FULL_AXES_RECT,67,34,929,560,16,01,VQL,0,1,SHA256_UNIQUE,BC_013_16_01.png,13
BC_039_R07.png,BC,B,C,BC_039,39,7,PRESENT,1,0,MARK_PRESENT,1.0,1,THICK_BASELINE_RECTANGLES=1;MAX_H_FRAC=0.989;CORE_R=2.00,FULL_AXES_RECT,67,34,929,560,16,01,VQL,0,1,SHA256_UNIQUE,BC_013_16_01.png,13
BC_039_R08.png,BC,B,C,BC_039,39,8,PRESENT,1,0,MARK_PRESENT,1.0,1,THICK_BASELINE_RECTANGLES=1;MAX_H_FRAC=0.989;CORE_R=2.00,FULL_AXES_RECT,67,34,929,560,16,01,VQL,0,1,SHA256_UNIQUE,BC_013_16_01.png,13
BC_039_R09.png,BC,B,C,BC_039,39,9,PRESENT,1,0,MARK_PRESENT,1.0,1,THICK_BASELINE_RECTANGLES=1;MAX_H_FRAC=0.989;CORE_R=2.00,FULL_AXES_RECT,67,34,929,560,16,01,VQL,0,1,SHA256_UNIQUE,BC_013_16_01.png,13
BC_039_R10.png,BC,B,C,BC_039,39,10,PRESENT,1,0,MARK_PRESENT,1.0,1,THICK_BASELINE_RECTANGLES=1;MAX_H_FRAC=0.989;CORE_R=2.00,FULL_AXES_RECT,67,34,929,560,16,01,VQL,0,1,SHA256_UNIQUE,BC_013_16_01.png,13
BC_040_R01.png,BC,B,C,BC_040,40,1,PRESENT,1,0,MARK_PRESENT,1.0,1,THICK_BASELINE_RECTANGLES=1;MAX_H_FRAC=0.949;CORE_R=2.04,FULL_AXES_RECT,107,34,1149,616,1,00,Zero-shot,0,0,SHA256_UNIQUE,BC_001_01_00.png,1
BC_040_R02.png,BC,B,C,BC_040,40,2,PRESENT,1,0,MARK_PRESENT,1.0,1,THICK_BASELINE_RECTANGLES=1;MAX_H_FRAC=0.971;CORE_R=2.44,FULL_AXES_RECT,108,43,965,738,1,00,Zero-shot,0,0,SHA256_UNIQUE,BC_001_01_00.png,1
BC_040_R03.png,BC,B,C,BC_040,40,3,PRESENT,1,0,MARK_PRESENT,1.0,1,THICK_BASELINE_RECTANGLES=1;MAX_H_FRAC=0.950;CORE_R=2.03,FULL_AXES_RECT,98,98,958,678,1,00,Zero-shot,0,0,SHA256_UNIQUE,BC_001_01_00.png,1
BC_040_R04.png,BC,B,C,BC_040,40,4,PRESENT,1,0,MARK_PRESENT,1.0,1,THICK_BASELINE_RECTANGLES=1;MAX_H_FRAC=0.948;CORE_R=2.44,FULL_AXES_RECT,113,40,965,737,1,00,Zero-shot,0,0,SHA256_UNIQUE,BC_001_01_00.png,1
BC_040_R05.png,BC,B,C,BC_040,40,5,PRESENT,1,0,MARK_PRESENT,1.0,1,THICK_BASELINE_RECTANGLES=1;MAX_H_FRAC=0.949;CORE_R=2.45,FULL_AXES_RECT,108,39,963,738,1,00,Zero-shot,0,0,SHA256_UNIQUE,BC_001_01_00.png,1
BC_040_R06.png,BC,B,C,BC_040,40,6,PRESENT,1,0,MARK_PRESENT,1.0,1,THICK_BASELINE_RECTANGLES=1;MAX_H_FRAC=0.949;CORE_R=2.04,FULL_AXES_RECT,102,33,1144,615,1,00,Zero-shot,0,0,SHA256_UNIQUE,BC_001_01_00.png,1
BC_040_R07.png,BC,B,C,BC_040,40,7,PRESENT,1,0,MARK_PRESENT,1.0,1,THICK_BASELINE_RECTANGLES=1;MAX_H_FRAC=0.948;CORE_R=2.03,FULL_AXES_RECT,98,98,1138,678,1,00,Zero-shot,0,0,SHA256_UNIQUE,BC_001_01_00.png,1
BC_040_R08.png,BC,B,C,BC_040,40,8,PRESENT,1,0,MARK_PRESENT,1.0,1,THICK_BASELINE_RECTANGLES=1;MAX_H_FRAC=0.948;CORE_R=2.45,FULL_AXES_RECT,112,40,965,738,1,00,Zero-shot,0,0,SHA256_UNIQUE,BC_001_01_00.png,1
BC_040_R09.png,BC,B,C,BC_040,40,9,PRESENT,1,0,MARK_PRESENT,1.0,1,THICK_BASELINE_RECTANGLES=1;MAX_H_FRAC=0.947;CORE_R=2.04,FULL_AXES_RECT,106,34,1148,616,1,00,Zero-shot,0,0,SHA256_UNIQUE,BC_001_01_00.png,1
BC_040_R10.png,BC,B,C,BC_040,40,10,PRESENT,1,0,MARK_PRESENT,1.0,1,THICK_BASELINE_RECTANGLES=1;MAX_H_FRAC=0.960;CORE_R=2.45,FULL_AXES_RECT,112,39,963,738,1,00,Zero-shot,0,0,SHA256_UNIQUE,BC_001_01_00.png,1
BC_041_R01.png,BC,B,C,BC_041,41,1,PRESENT,1,0,MARK_PRESENT,1.0,1,THICK_BASELINE_RECTANGLES=1;MAX_H_FRAC=0.951;CORE_R=2.00,FULL_AXES_RECT,68,34,620,754,4,00,Zero-shot,0,0,SHA256_UNIQUE,BC_002_04_00.png,2
BC_041_R02.png,BC,B,C,BC_041,41,2,PRESENT,1,0,MARK_PRESENT,1.0,4,THICK_BASELINE_RECTANGLES=4;MAX_H_FRAC=0.770;CORE_R=2.58,AXIS_PARTIAL,147,72,1444,809,4,00,Zero-shot,0,0,SHA256_UNIQUE,BC_002_04_00.png,2
BC_041_R03.png,BC,B,C,BC_041,41,3,PRESENT,1,0,MARK_PRESENT,1.0,4,THICK_BASELINE_RECTANGLES=4;MAX_H_FRAC=0.836;CORE_R=2.82,AXIS_PARTIAL,126,72,1444,877,4,00,Zero-shot,0,0,SHA256_UNIQUE,BC_002_04_00.png,2
BC_041_R04.png,BC,B,C,BC_041,41,4,PRESENT,1,0,MARK_PRESENT,1.0,4,THICK_BASELINE_RECTANGLES=4;MAX_H_FRAC=0.836;CORE_R=2.82,AXIS_PARTIAL,126,72,1444,877,4,00,Zero-shot,0,0,SHA256_UNIQUE,BC_002_04_00.png,2
BC_041_R05.png,BC,B,C,BC_041,41,5,PRESENT,1,0,MARK_PRESENT,1.0,1,THICK_BASELINE_RECTANGLES=1;MAX_H_FRAC=0.842;CORE_R=2.81,AXIS_PARTIAL,139,72,1444,875,4,00,Zero-shot,0,0,SHA256_UNIQUE,BC_002_04_00.png,2
BC_041_R06.png,BC,B,C,BC_041,41,6,PRESENT,1,0,MARK_PRESENT,1.0,1,THICK_BASELINE_RECTANGLES=1;MAX_H_FRAC=0.824;CORE_R=2.62,AXIS_PARTIAL,154,72,1444,821,4,00,Zero-shot,0,0,SHA256_UNIQUE,BC_002_04_00.png,2
BC_041_R07.png,BC,B,C,BC_041,41,7,PRESENT,1,0,MARK_PRESENT,1.0,1,THICK_BASELINE_RECTANGLES=1;MAX_H_FRAC=0.951;CORE_R=2.00,FULL_AXES_RECT,73,44,625,743,4,00,Zero-shot,0,0,SHA256_UNIQUE,BC_002_04_00.png,2
BC_041_R08.png,BC,B,C,BC_041,41,8,PRESENT,1,0,MARK_PRESENT,1.0,1,THICK_BASELINE_RECTANGLES=1;MAX_H_FRAC=0.952;CORE_R=2.00,FULL_AXES_RECT,73,39,625,743,4,00,Zero-shot,0,0,SHA256_UNIQUE,BC_002_04_00.png,2
BC_041_R09.png,BC,B,C,BC_041,41,9,PRESENT,1,0,MARK_PRESENT,1.0,1,THICK_BASELINE_RECTANGLES=1;MAX_H_FRAC=0.952;CORE_R=2.00,FULL_AXES_RECT,73,39,625,743,4,00,Zero-shot,0,0,SHA256_UNIQUE,BC_002_04_00.png,2
BC_041_R10.png,BC,B,C,BC_041,41,10,PRESENT,1,0,MARK_PRESENT,1.0,1,THICK_BASELINE_RECTANGLES=1;MAX_H_FRAC=0.952;CORE_R=2.00,FULL_AXES_RECT,73,39,625,743,4,00,Zero-shot,0,0,SHA256_UNIQUE,BC_002_04_00.png,2
BC_042_R01.png,BC,B,C,BC_042,42,1,PRESENT,1,0,MARK_PRESENT,1.0,1,THICK_BASELINE_RECTANGLES=1;MAX_H_FRAC=0.993;CORE_R=2.04,FULL_AXES_RECT,84,34,1126,616,6,00,Zero-shot,0,0,SHA256_UNIQUE,BC_003_06_00.png,3
BC_042_R02.png,BC,B,C,BC_042,42,2,PRESENT,1,0,MARK_PRESENT,1.0,4,THICK_BASELINE_RECTANGLES=4;MAX_H_FRAC=0.942;CORE_R=2.81,AXIS_PARTIAL,160,72,1444,875,6,00,Zero-shot,0,0,SHA256_UNIQUE,BC_003_06_00.png,3
BC_042_R03.png,BC,B,C,BC_042,42,3,PRESENT,1,0,MARK_PRESENT,1.0,4,THICK_BASELINE_RECTANGLES=4;MAX_H_FRAC=0.697;CORE_R=2.86,AXIS_PARTIAL,159,72,1444,889,6,00,Zero-shot,0,0,SHA256_UNIQUE,BC_003_06_00.png,3
BC_042_R04.png,BC,B,C,BC_042,42,4,PRESENT,1,0,MARK_PRESENT,1.0,4,THICK_BASELINE_RECTANGLES=4;MAX_H_FRAC=0.895;CORE_R=2.81,AXIS_PARTIAL,163,72,1444,873,6,00,Zero-shot,0,0,SHA256_UNIQUE,BC_003_06_00.png,3
BC_042_R05.png,BC,B,C,BC_042,42,5,PRESENT,1,0,MARK_PRESENT,1.0,4,THICK_BASELINE_RECTANGLES=4;MAX_H_FRAC=0.840;CORE_R=2.86,AXIS_PARTIAL,194,72,1444,888,6,00,Zero-shot,0,0,SHA256_UNIQUE,BC_003_06_00.png,3
BC_042_R06.png,BC,B,C,BC_042,42,6,PRESENT,1,0,MARK_PRESENT,1.0,1,THICK_BASELINE_RECTANGLES=1;MAX_H_FRAC=0.922;CORE_R=3.02,AXIS_PARTIAL,155,72,1444,934,6,00,Zero-shot,0,0,SHA256_UNIQUE,BC_003_06_00.png,3
BC_042_R07.png,BC,B,C,BC_042,42,7,PRESENT,1,0,MARK_PRESENT,1.0,4,THICK_BASELINE_RECTANGLES=4;MAX_H_FRAC=0.764;CORE_R=2.67,AXIS_PARTIAL,162,72,1444,835,6,00,Zero-shot,0,0,SHA256_UNIQUE,BC_003_06_00.png,3
BC_042_R08.png,BC,B,C,BC_042,42,8,PRESENT,1,0,MARK_PRESENT,1.0,4,THICK_BASELINE_RECTANGLES=4;MAX_H_FRAC=0.863;CORE_R=2.72,AXIS_PARTIAL,148,72,1444,847,6,00,Zero-shot,0,0,SHA256_UNIQUE,BC_003_06_00.png,3
BC_042_R09.png,BC,B,C,BC_042,42,9,PRESENT,1,0,MARK_PRESENT,1.0,4,THICK_BASELINE_RECTANGLES=4;MAX_H_FRAC=0.764;CORE_R=2.67,AXIS_PARTIAL,162,72,1444,835,6,00,Zero-shot,0,0,SHA256_UNIQUE,BC_003_06_00.png,3
BC_042_R10.png,BC,B,C,BC_042,42,10,PRESENT,1,0,MARK_PRESENT,1.0,4,THICK_BASELINE_RECTANGLES=4;MAX_H_FRAC=0.895;CORE_R=2.74,AXIS_PARTIAL,144,72,1444,855,6,00,Zero-shot,0,0,SHA256_UNIQUE,BC_003_06_00.png,3
BC_043_R01.png,BC,B,C,BC_043,43,1,PRESENT,1,0,MARK_PRESENT,1.0,1,THICK_BASELINE_RECTANGLES=1;MAX_H_FRAC=0.947;CORE_R=2.04,FULL_AXES_RECT,82,34,1124,616,7,00,Zero-shot,0,0,SHA256_UNIQUE,BC_004_07_00.png,4
BC_043_R02.png,BC,B,C,BC_043,43,2,PRESENT,1,0,MARK_PRESENT,1.0,1,THICK_BASELINE_RECTANGLES=1;MAX_H_FRAC=0.948;CORE_R=2.51,FULL_AXES_RECT,109,40,976,757,7,00,Zero-shot,0,0,SHA256_UNIQUE,BC_004_07_00.png,4
BC_043_R03.png,BC,B,C,BC_043,43,3,PRESENT,1,0,MARK_PRESENT,1.0,1,THICK_BASELINE_RECTANGLES=1;MAX_H_FRAC=0.948;CORE_R=2.45,FULL_AXES_RECT,108,40,967,738,7,00,Zero-shot,0,0,SHA256_UNIQUE,BC_004_07_00.png,4
BC_043_R04.png,BC,B,C,BC_043,43,4,PRESENT,1,0,MARK_PRESENT,1.0,2,THICK_BASELINE_RECTANGLES=2;MAX_H_FRAC=0.900;CORE_R=2.52,FULL_AXES_RECT,116,39,967,757,7,00,Zero-shot,0,0,SHA256_UNIQUE,BC_004_07_00.png,4
BC_043_R05.png,BC,B,C,BC_043,43,5,PRESENT,1,0,MARK_PRESENT,1.0,1,THICK_BASELINE_RECTANGLES=1;MAX_H_FRAC=0.963;CORE_R=2.45,FULL_AXES_RECT,108,39,967,738,7,00,Zero-shot,0,0,SHA256_UNIQUE,BC_004_07_00.png,4
BC_043_R06.png,BC,B,C,BC_043,43,6,PRESENT,1,0,MARK_PRESENT,1.0,1,THICK_BASELINE_RECTANGLES=1;MAX_H_FRAC=0.948;CORE_R=2.51,FULL_AXES_RECT,88,40,976,757,7,00,Zero-shot,0,0,SHA256_UNIQUE,BC_004_07_00.png,4
BC_043_R07.png,BC,B,C,BC_043,43,7,PRESENT,1,0,MARK_PRESENT,1.0,1,THICK_BASELINE_RECTANGLES=1;MAX_H_FRAC=0.948;CORE_R=2.51,FULL_AXES_RECT,88,40,967,757,7,00,Zero-shot,0,0,SHA256_UNIQUE,BC_004_07_00.png,4
BC_043_R08.png,BC,B,C,BC_043,43,8,PRESENT,1,0,MARK_PRESENT,1.0,1,THICK_BASELINE_RECTANGLES=1;MAX_H_FRAC=0.962;CORE_R=2.52,FULL_AXES_RECT,108,39,967,757,7,00,Zero-shot,0,0,SHA256_UNIQUE,BC_004_07_00.png,4
BC_043_R09.png,BC,B,C,BC_043,43,9,PRESENT,1,0,MARK_PRESENT,1.0,1,THICK_BASELINE_RECTANGLES=1;MAX_H_FRAC=0.950;CORE_R=2.03,FULL_AXES_RECT,98,98,1138,678,7,00,Zero-shot,0,0,SHA256_UNIQUE,BC_004_07_00.png,4
BC_043_R10.png,BC,B,C,BC_043,43,10,PRESENT,1,0,MARK_PRESENT,1.0,2,THICK_BASELINE_RECTANGLES=2;MAX_H_FRAC=0.962;CORE_R=2.52,FULL_AXES_RECT,88,39,976,757,7,00,Zero-shot,0,0,SHA256_UNIQUE,BC_004_07_00.png,4
BC_044_R01.png,BC,B,C,BC_044,44,1,PRESENT,1,0,MARK_PRESENT,1.0,1,THICK_BASELINE_RECTANGLES=1;MAX_H_FRAC=0.947;CORE_R=2.04,FULL_AXES_RECT,68,34,1110,616,8,00,Zero-shot,0,0,SHA256_UNIQUE,BC_005_08_00.png,5
BC_044_R02.png,BC,B,C,BC_044,44,2,ABSENT_OR_UNCERTAIN,0,1,MARK_ABSENT,0.0,0,NO_THICK_BASELINE_RECTANGLES;CORE_R=2.56,FULL_AXES_RECT,89,39,967,770,8,00,Zero-shot,0,0,SHA256_UNIQUE,BC_005_08_00.png,5
BC_044_R03.png,BC,B,C,BC_044,44,3,PRESENT,1,0,MARK_PRESENT,1.0,1,THICK_BASELINE_RECTANGLES=1;MAX_H_FRAC=0.962;CORE_R=2.52,FULL_AXES_RECT,65,39,967,757,8,00,Zero-shot,0,0,SHA256_UNIQUE,BC_005_08_00.png,5
BC_044_R04.png,BC,B,C,BC_044,44,4,PRESENT,1,0,MARK_PRESENT,1.0,1,THICK_BASELINE_RECTANGLES=1;MAX_H_FRAC=0.960;CORE_R=2.52,FULL_AXES_RECT,85,39,967,757,8,00,Zero-shot,0,0,SHA256_UNIQUE,BC_005_08_00.png,5
BC_044_R05.png,BC,B,C,BC_044,44,5,PRESENT,1,0,MARK_PRESENT,1.0,1,THICK_BASELINE_RECTANGLES=1;MAX_H_FRAC=0.962;CORE_R=2.52,FULL_AXES_RECT,98,39,967,757,8,00,Zero-shot,0,0,SHA256_UNIQUE,BC_005_08_00.png,5
BC_044_R06.png,BC,B,C,BC_044,44,6,PRESENT,1,0,MARK_PRESENT,1.0,1,THICK_BASELINE_RECTANGLES=1;MAX_H_FRAC=0.963;CORE_R=2.45,FULL_AXES_RECT,85,39,967,738,8,00,Zero-shot,0,0,SHA256_UNIQUE,BC_005_08_00.png,5
BC_044_R07.png,BC,B,C,BC_044,44,7,PRESENT,1,0,MARK_PRESENT,1.0,1,THICK_BASELINE_RECTANGLES=1;MAX_H_FRAC=0.963;CORE_R=2.45,FULL_AXES_RECT,85,39,967,738,8,00,Zero-shot,0,0,SHA256_UNIQUE,BC_005_08_00.png,5
BC_044_R08.png,BC,B,C,BC_044,44,8,ABSENT_OR_UNCERTAIN,0,1,MARK_ABSENT,0.0,0,NO_THICK_BASELINE_RECTANGLES;CORE_R=2.52,FULL_AXES_RECT,89,39,967,759,8,00,Zero-shot,0,0,SHA256_UNIQUE,BC_005_08_00.png,5
BC_044_R09.png,BC,B,C,BC_044,44,9,PRESENT,1,0,MARK_PRESENT,1.0,1,THICK_BASELINE_RECTANGLES=1;MAX_H_FRAC=0.962;CORE_R=2.52,FULL_AXES_RECT,85,39,967,757,8,00,Zero-shot,0,0,SHA256_UNIQUE,BC_005_08_00.png,5
BC_044_R10.png,BC,B,C,BC_044,44,10,PRESENT,1,0,MARK_PRESENT,1.0,1,THICK_BASELINE_RECTANGLES=1;MAX_H_FRAC=0.947;CORE_R=2.04,FULL_AXES_RECT,72,34,1114,616,8,00,Zero-shot,0,0,SHA256_UNIQUE,BC_005_08_00.png,5
BC_045_R01.png,BC,B,C,BC_045,45,1,PRESENT,1,0,MARK_PRESENT,1.0,5,THICK_BASELINE_RECTANGLES=5;MAX_H_FRAC=0.938;CORE_R=2.00,FULL_AXES_RECT,103,34,624,616,9,00,Zero-shot,0,0,SHA256_UNIQUE,BC_006_09_00.png,6
BC_045_R02.png,BC,B,C,BC_045,45,2,PRESENT,1,0,MARK_PRESENT,1.0,2,THICK_BASELINE_RECTANGLES=2;MAX_H_FRAC=0.994;CORE_R=2.00,FULL_AXES_RECT,192,418,935,765,9,00,Zero-shot,0,0,SHA256_UNIQUE,BC_006_09_00.png,6
BC_045_R03.png,BC,B,C,BC_045,45,3,PRESENT,1,0,MARK_PRESENT,1.0,1,THICK_BASELINE_RECTANGLES=1;MAX_H_FRAC=0.861;CORE_R=2.66,AXIS_PARTIAL,189,68,1527,827,9,00,Zero-shot,0,0,SHA256_UNIQUE,BC_006_09_00.png,6
BC_045_R04.png,BC,B,C,BC_045,45,4,PRESENT,1,0,MARK_PRESENT,1.0,1,THICK_BASELINE_RECTANGLES=1;MAX_H_FRAC=0.939;CORE_R=2.00,FULL_AXES_RECT,98,98,1138,622,9,00,Zero-shot,0,0,SHA256_UNIQUE,BC_006_09_00.png,6
BC_045_R05.png,BC,B,C,BC_045,45,5,PRESENT,1,0,MARK_PRESENT,1.0,1,THICK_BASELINE_RECTANGLES=1;MAX_H_FRAC=0.939;CORE_R=2.00,FULL_AXES_RECT,98,98,1138,622,9,00,Zero-shot,0,0,SHA256_UNIQUE,BC_006_09_00.png,6
BC_045_R06.png,BC,B,C,BC_045,45,6,PRESENT,1,0,MARK_PRESENT,1.0,1,THICK_BASELINE_RECTANGLES=1;MAX_H_FRAC=0.939;CORE_R=2.00,FULL_AXES_RECT,98,98,1138,622,9,00,Zero-shot,0,0,SHA256_UNIQUE,BC_006_09_00.png,6
BC_045_R07.png,BC,B,C,BC_045,45,7,PRESENT,1,0,MARK_PRESENT,1.0,1,THICK_BASELINE_RECTANGLES=1;MAX_H_FRAC=0.939;CORE_R=2.00,FULL_AXES_RECT,98,98,1138,622,9,00,Zero-shot,0,0,SHA256_UNIQUE,BC_006_09_00.png,6
BC_045_R08.png,BC,B,C,BC_045,45,8,PRESENT,1,0,MARK_PRESENT,1.0,1,THICK_BASELINE_RECTANGLES=1;MAX_H_FRAC=0.939;CORE_R=2.00,FULL_AXES_RECT,98,98,1138,622,9,00,Zero-shot,0,0,SHA256_UNIQUE,BC_006_09_00.png,6
BC_045_R09.png,BC,B,C,BC_045,45,9,PRESENT,1,0,MARK_PRESENT,1.0,1,THICK_BASELINE_RECTANGLES=1;MAX_H_FRAC=0.939;CORE_R=2.00,FULL_AXES_RECT,98,98,1138,622,9,00,Zero-shot,0,0,SHA256_UNIQUE,BC_006_09_00.png,6
BC_045_R10.png,BC,B,C,BC_045,45,10,PRESENT,1,0,MARK_PRESENT,1.0,1,THICK_BASELINE_RECTANGLES=1;MAX_H_FRAC=0.939;CORE_R=2.00,FULL_AXES_RECT,98,98,1138,622,9,00,Zero-shot,0,0,SHA256_UNIQUE,BC_006_09_00.png,6
BC_046_R01.png,BC,B,C,BC_046,46,1,PRESENT,1,0,MARK_PRESENT,1.0,1,THICK_BASELINE_RECTANGLES=1;MAX_H_FRAC=0.985;CORE_R=2.04,FULL_AXES_RECT,47,34,1089,616,10,00,Zero-shot,0,0,SHA256_UNIQUE,BC_007_10_00.png,7
BC_046_R02.png,BC,B,C,BC_046,46,2,PRESENT,1,0,MARK_PRESENT,1.0,1,THICK_BASELINE_RECTANGLES=1;MAX_H_FRAC=0.988;CORE_R=2.01,FULL_AXES_RECT,98,82,934,654,10,00,Zero-shot,0,0,SHA256_UNIQUE,BC_007_10_00.png,7
BC_046_R03.png,BC,B,C,BC_046,46,3,PRESENT,1,0,MARK_PRESENT,1.0,1,THICK_BASELINE_RECTANGLES=1;MAX_H_FRAC=0.988;CORE_R=2.01,FULL_AXES_RECT,98,82,934,654,10,00,Zero-shot,0,0,SHA256_UNIQUE,BC_007_10_00.png,7
BC_046_R04.png,BC,B,C,BC_046,46,4,PRESENT,1,0,MARK_PRESENT,1.0,1,THICK_BASELINE_RECTANGLES=1;MAX_H_FRAC=0.988;CORE_R=2.01,FULL_AXES_RECT,98,82,934,654,10,00,Zero-shot,0,0,SHA256_UNIQUE,BC_007_10_00.png,7
BC_046_R05.png,BC,B,C,BC_046,46,5,PRESENT,1,0,MARK_PRESENT,1.0,1,THICK_BASELINE_RECTANGLES=1;MAX_H_FRAC=0.988;CORE_R=2.01,FULL_AXES_RECT,98,82,934,654,10,00,Zero-shot,0,0,SHA256_UNIQUE,BC_007_10_00.png,7
BC_046_R06.png,BC,B,C,BC_046,46,6,PRESENT,1,0,MARK_PRESENT,1.0,1,THICK_BASELINE_RECTANGLES=1;MAX_H_FRAC=0.988;CORE_R=2.01,FULL_AXES_RECT,98,82,934,654,10,00,Zero-shot,0,0,SHA256_UNIQUE,BC_007_10_00.png,7
BC_046_R07.png,BC,B,C,BC_046,46,7,PRESENT,1,0,MARK_PRESENT,1.0,1,THICK_BASELINE_RECTANGLES=1;MAX_H_FRAC=0.988;CORE_R=2.01,FULL_AXES_RECT,98,82,934,654,10,00,Zero-shot,0,0,SHA256_UNIQUE,BC_007_10_00.png,7
BC_046_R08.png,BC,B,C,BC_046,46,8,PRESENT,1,0,MARK_PRESENT,1.0,1,THICK_BASELINE_RECTANGLES=1;MAX_H_FRAC=0.988;CORE_R=2.01,FULL_AXES_RECT,98,82,934,654,10,00,Zero-shot,0,0,SHA256_UNIQUE,BC_007_10_00.png,7
BC_046_R09.png,BC,B,C,BC_046,46,9,PRESENT,1,0,MARK_PRESENT,1.0,1,THICK_BASELINE_RECTANGLES=1;MAX_H_FRAC=0.988;CORE_R=2.01,FULL_AXES_RECT,98,82,934,654,10,00,Zero-shot,0,0,SHA256_UNIQUE,BC_007_10_00.png,7
BC_046_R10.png,BC,B,C,BC_046,46,10,PRESENT,1,0,MARK_PRESENT,1.0,1,THICK_BASELINE_RECTANGLES=1;MAX_H_FRAC=0.988;CORE_R=2.01,FULL_AXES_RECT,98,82,934,654,10,00,Zero-shot,0,0,SHA256_UNIQUE,BC_007_10_00.png,7
BC_047_R01.png,BC,B,C,BC_047,47,1,PRESENT,1,0,MARK_PRESENT,1.0,1,THICK_BASELINE_RECTANGLES=1;MAX_H_FRAC=0.947;CORE_R=2.04,FULL_AXES_RECT,80,34,1122,616,11,00,Zero-shot,0,0,SHA256_UNIQUE,BC_008_11_00.png,8
BC_047_R02.png,BC,B,C,BC_047,47,2,PRESENT,1,0,MARK_PRESENT,1.0,1,THICK_BASELINE_RECTANGLES=1;MAX_H_FRAC=0.947;CORE_R=2.04,FULL_AXES_RECT,80,34,1122,616,11,00,Zero-shot,0,0,SHA256_UNIQUE,BC_008_11_00.png,8
BC_047_R03.png,BC,B,C,BC_047,47,3,PRESENT,1,0,MARK_PRESENT,1.0,1,THICK_BASELINE_RECTANGLES=1;MAX_H_FRAC=0.947;CORE_R=2.04,FULL_AXES_RECT,80,34,1122,616,11,00,Zero-shot,0,0,SHA256_UNIQUE,BC_008_11_00.png,8
BC_047_R04.png,BC,B,C,BC_047,47,4,PRESENT,1,0,MARK_PRESENT,1.0,1,THICK_BASELINE_RECTANGLES=1;MAX_H_FRAC=0.947;CORE_R=2.04,FULL_AXES_RECT,80,34,1122,616,11,00,Zero-shot,0,0,SHA256_UNIQUE,BC_008_11_00.png,8
BC_047_R05.png,BC,B,C,BC_047,47,5,PRESENT,1,0,MARK_PRESENT,1.0,1,THICK_BASELINE_RECTANGLES=1;MAX_H_FRAC=0.947;CORE_R=2.04,FULL_AXES_RECT,80,34,1122,616,11,00,Zero-shot,0,0,SHA256_UNIQUE,BC_008_11_00.png,8
BC_047_R06.png,BC,B,C,BC_047,47,6,PRESENT,1,0,MARK_PRESENT,1.0,1,THICK_BASELINE_RECTANGLES=1;MAX_H_FRAC=0.947;CORE_R=2.04,FULL_AXES_RECT,80,34,1122,616,11,00,Zero-shot,0,0,SHA256_UNIQUE,BC_008_11_00.png,8
BC_047_R07.png,BC,B,C,BC_047,47,7,PRESENT,1,0,MARK_PRESENT,1.0,1,THICK_BASELINE_RECTANGLES=1;MAX_H_FRAC=0.948;CORE_R=2.44,FULL_AXES_RECT,86,40,967,737,11,00,Zero-shot,0,0,SHA256_UNIQUE,BC_008_11_00.png,8
BC_047_R08.png,BC,B,C,BC_047,47,8,PRESENT,1,0,MARK_PRESENT,1.0,1,THICK_BASELINE_RECTANGLES=1;MAX_H_FRAC=0.948;CORE_R=2.44,FULL_AXES_RECT,86,40,967,737,11,00,Zero-shot,0,0,SHA256_UNIQUE,BC_008_11_00.png,8
BC_047_R09.png,BC,B,C,BC_047,47,9,PRESENT,1,0,MARK_PRESENT,1.0,1,THICK_BASELINE_RECTANGLES=1;MAX_H_FRAC=0.948;CORE_R=2.44,FULL_AXES_RECT,86,40,967,737,11,00,Zero-shot,0,0,SHA256_UNIQUE,BC_008_11_00.png,8
BC_047_R10.png,BC,B,C,BC_047,47,10,PRESENT,1,0,MARK_PRESENT,1.0,1,THICK_BASELINE_RECTANGLES=1;MAX_H_FRAC=0.948;CORE_R=2.44,FULL_AXES_RECT,86,40,967,737,11,00,Zero-shot,0,0,SHA256_UNIQUE,BC_008_11_00.png,8
BC_048_R01.png,BC,B,C,BC_048,48,1,PRESENT,1,0,MARK_PRESENT,1.0,1,THICK_BASELINE_RECTANGLES=1;MAX_H_FRAC=0.948;CORE_R=2.03,FULL_AXES_RECT,69,35,1109,615,12,00,Zero-shot,0,0,SHA256_UNIQUE,BC_009_12_00.png,9
BC_048_R02.png,BC,B,C,BC_048,48,2,PRESENT,1,0,MARK_PRESENT,1.0,2,THICK_BASELINE_RECTANGLES=2;MAX_H_FRAC=0.963;CORE_R=2.18,FULL_AXES_RECT,68,34,962,655,12,00,Zero-shot,0,0,SHA256_UNIQUE,BC_009_12_00.png,9
BC_048_R03.png,BC,B,C,BC_048,48,3,PRESENT,1,0,MARK_PRESENT,1.0,2,THICK_BASELINE_RECTANGLES=2;MAX_H_FRAC=0.963;CORE_R=2.18,FULL_AXES_RECT,68,34,962,655,12,00,Zero-shot,0,0,SHA256_UNIQUE,BC_009_12_00.png,9
BC_048_R04.png,BC,B,C,BC_048,48,4,PRESENT,1,0,MARK_PRESENT,1.0,2,THICK_BASELINE_RECTANGLES=2;MAX_H_FRAC=0.963;CORE_R=2.18,FULL_AXES_RECT,68,34,962,655,12,00,Zero-shot,0,0,SHA256_UNIQUE,BC_009_12_00.png,9
BC_048_R05.png,BC,B,C,BC_048,48,5,PRESENT,1,0,MARK_PRESENT,1.0,2,THICK_BASELINE_RECTANGLES=2;MAX_H_FRAC=0.963;CORE_R=2.18,FULL_AXES_RECT,68,34,962,655,12,00,Zero-shot,0,0,SHA256_UNIQUE,BC_009_12_00.png,9
BC_048_R06.png,BC,B,C,BC_048,48,6,PRESENT,1,0,MARK_PRESENT,1.0,1,THICK_BASELINE_RECTANGLES=1;MAX_H_FRAC=0.949;CORE_R=2.24,FULL_AXES_RECT,68,34,962,674,12,00,Zero-shot,0,0,SHA256_UNIQUE,BC_009_12_00.png,9
BC_048_R07.png,BC,B,C,BC_048,48,7,PRESENT,1,0,MARK_PRESENT,1.0,1,THICK_BASELINE_RECTANGLES=1;MAX_H_FRAC=0.949;CORE_R=2.24,FULL_AXES_RECT,68,34,962,674,12,00,Zero-shot,0,0,SHA256_UNIQUE,BC_009_12_00.png,9
BC_048_R08.png,BC,B,C,BC_048,48,8,PRESENT,1,0,MARK_PRESENT,1.0,1,THICK_BASELINE_RECTANGLES=1;MAX_H_FRAC=0.949;CORE_R=2.24,FULL_AXES_RECT,68,34,962,674,12,00,Zero-shot,0,0,SHA256_UNIQUE,BC_009_12_00.png,9
BC_048_R09.png,BC,B,C,BC_048,48,9,PRESENT,1,0,MARK_PRESENT,1.0,1,THICK_BASELINE_RECTANGLES=1;MAX_H_FRAC=0.949;CORE_R=2.24,FULL_AXES_RECT,68,34,962,674,12,00,Zero-shot,0,0,SHA256_UNIQUE,BC_009_12_00.png,9
BC_048_R10.png,BC,B,C,BC_048,48,10,PRESENT,1,0,MARK_PRESENT,1.0,1,THICK_BASELINE_RECTANGLES=1;MAX_H_FRAC=0.949;CORE_R=2.24,FULL_AXES_RECT,68,34,962,674,12,00,Zero-shot,0,0,SHA256_UNIQUE,BC_009_12_00.png,9
BC_049_R01.png,BC,B,C,BC_049,49,1,PRESENT,1,0,MARK_PRESENT,1.0,1,THICK_BASELINE_RECTANGLES=1;MAX_H_FRAC=0.949;CORE_R=2.04,FULL_AXES_RECT,103,34,1145,616,13,00,Zero-shot,0,0,SHA256_UNIQUE,BC_010_13_00.png,10
BC_049_R02.png,BC,B,C,BC_049,49,2,PRESENT,1,0,MARK_PRESENT,1.0,1,THICK_BASELINE_RECTANGLES=1;MAX_H_FRAC=0.902;CORE_R=2.04,FULL_AXES_RECT,102,33,1144,615,13,00,Zero-shot,0,0,SHA256_UNIQUE,BC_010_13_00.png,10
BC_049_R03.png,BC,B,C,BC_049,49,3,PRESENT,1,0,MARK_PRESENT,1.0,1,THICK_BASELINE_RECTANGLES=1;MAX_H_FRAC=0.902;CORE_R=2.04,FULL_AXES_RECT,102,33,1144,615,13,00,Zero-shot,0,0,SHA256_UNIQUE,BC_010_13_00.png,10
BC_049_R04.png,BC,B,C,BC_049,49,4,PRESENT,1,0,MARK_PRESENT,1.0,1,THICK_BASELINE_RECTANGLES=1;MAX_H_FRAC=0.902;CORE_R=2.04,FULL_AXES_RECT,102,33,1144,615,13,00,Zero-shot,0,0,SHA256_UNIQUE,BC_010_13_00.png,10
BC_049_R05.png,BC,B,C,BC_049,49,5,PRESENT,1,0,MARK_PRESENT,1.0,1,THICK_BASELINE_RECTANGLES=1;MAX_H_FRAC=0.902;CORE_R=2.04,FULL_AXES_RECT,102,33,1144,615,13,00,Zero-shot,0,0,SHA256_UNIQUE,BC_010_13_00.png,10
BC_049_R06.png,BC,B,C,BC_049,49,6,PRESENT,1,0,MARK_PRESENT,1.0,1,THICK_BASELINE_RECTANGLES=1;MAX_H_FRAC=0.902;CORE_R=2.04,FULL_AXES_RECT,102,33,1144,615,13,00,Zero-shot,0,0,SHA256_UNIQUE,BC_010_13_00.png,10
BC_049_R07.png,BC,B,C,BC_049,49,7,PRESENT,1,0,MARK_PRESENT,1.0,1,THICK_BASELINE_RECTANGLES=1;MAX_H_FRAC=0.866;CORE_R=2.03,FULL_AXES_RECT,98,98,1138,678,13,00,Zero-shot,0,0,SHA256_UNIQUE,BC_010_13_00.png,10
BC_049_R08.png,BC,B,C,BC_049,49,8,PRESENT,1,0,MARK_PRESENT,1.0,1,THICK_BASELINE_RECTANGLES=1;MAX_H_FRAC=0.963;CORE_R=2.45,FULL_AXES_RECT,108,39,967,738,13,00,Zero-shot,0,0,SHA256_UNIQUE,BC_010_13_00.png,10
BC_049_R09.png,BC,B,C,BC_049,49,9,PRESENT,1,0,MARK_PRESENT,1.0,1,THICK_BASELINE_RECTANGLES=1;MAX_H_FRAC=0.963;CORE_R=2.45,FULL_AXES_RECT,108,39,967,738,13,00,Zero-shot,0,0,SHA256_UNIQUE,BC_010_13_00.png,10
BC_049_R10.png,BC,B,C,BC_049,49,10,PRESENT,1,0,MARK_PRESENT,1.0,1,THICK_BASELINE_RECTANGLES=1;MAX_H_FRAC=0.963;CORE_R=2.45,FULL_AXES_RECT,108,39,967,738,13,00,Zero-shot,0,0,SHA256_UNIQUE,BC_010_13_00.png,10
BC_050_R01.png,BC,B,C,BC_050,50,1,PRESENT,1,0,MARK_PRESENT,1.0,1,THICK_BASELINE_RECTANGLES=1;MAX_H_FRAC=0.948;CORE_R=2.15,FULL_AXES_RECT,80,34,1008,648,14,00,Zero-shot,0,0,SHA256_UNIQUE,BC_011_14_00.png,11
BC_050_R02.png,BC,B,C,BC_050,50,2,PRESENT,1,0,MARK_PRESENT,1.0,1,THICK_BASELINE_RECTANGLES=1;MAX_H_FRAC=0.963;CORE_R=2.45,FULL_AXES_RECT,80,34,962,733,14,00,Zero-shot,0,0,SHA256_UNIQUE,BC_011_14_00.png,11
BC_050_R03.png,BC,B,C,BC_050,50,3,PRESENT,1,0,MARK_PRESENT,1.0,1,THICK_BASELINE_RECTANGLES=1;MAX_H_FRAC=0.963;CORE_R=2.45,FULL_AXES_RECT,80,34,962,733,14,00,Zero-shot,0,0,SHA256_UNIQUE,BC_011_14_00.png,11
BC_050_R04.png,BC,B,C,BC_050,50,4,PRESENT,1,0,MARK_PRESENT,1.0,1,THICK_BASELINE_RECTANGLES=1;MAX_H_FRAC=0.963;CORE_R=2.45,FULL_AXES_RECT,80,34,962,733,14,00,Zero-shot,0,0,SHA256_UNIQUE,BC_011_14_00.png,11
BC_050_R05.png,BC,B,C,BC_050,50,5,PRESENT,1,0,MARK_PRESENT,1.0,1,THICK_BASELINE_RECTANGLES=1;MAX_H_FRAC=0.963;CORE_R=2.45,FULL_AXES_RECT,80,34,962,733,14,00,Zero-shot,0,0,SHA256_UNIQUE,BC_011_14_00.png,11
BC_050_R06.png,BC,B,C,BC_050,50,6,PRESENT,1,0,MARK_PRESENT,1.0,1,THICK_BASELINE_RECTANGLES=1;MAX_H_FRAC=0.962;CORE_R=2.46,FULL_AXES_RECT,85,39,976,742,14,00,Zero-shot,0,0,SHA256_UNIQUE,BC_011_14_00.png,11
BC_050_R07.png,BC,B,C,BC_050,50,7,PRESENT,1,0,MARK_PRESENT,1.0,1,THICK_BASELINE_RECTANGLES=1;MAX_H_FRAC=0.962;CORE_R=2.46,FULL_AXES_RECT,85,39,976,742,14,00,Zero-shot,0,0,SHA256_UNIQUE,BC_011_14_00.png,11
BC_050_R08.png,BC,B,C,BC_050,50,8,PRESENT,1,0,MARK_PRESENT,1.0,1,THICK_BASELINE_RECTANGLES=1;MAX_H_FRAC=0.962;CORE_R=2.46,FULL_AXES_RECT,85,39,976,742,14,00,Zero-shot,0,0,SHA256_UNIQUE,BC_011_14_00.png,11
BC_050_R09.png,BC,B,C,BC_050,50,9,PRESENT,1,0,MARK_PRESENT,1.0,1,THICK_BASELINE_RECTANGLES=1;MAX_H_FRAC=0.962;CORE_R=2.46,FULL_AXES_RECT,85,39,976,742,14,00,Zero-shot,0,0,SHA256_UNIQUE,BC_011_14_00.png,11
BC_050_R10.png,BC,B,C,BC_050,50,10,PRESENT,1,0,MARK_PRESENT,1.0,1,THICK_BASELINE_RECTANGLES=1;MAX_H_FRAC=0.962;CORE_R=2.46,FULL_AXES_RECT,85,39,976,742,14,00,Zero-shot,0,0,SHA256_UNIQUE,BC_011_14_00.png,11
BC_051_R01.png,BC,B,C,BC_051,51,1,PRESENT,1,0,MARK_PRESENT,1.0,1,THICK_BASELINE_RECTANGLES=1;MAX_H_FRAC=0.947;CORE_R=2.04,FULL_AXES_RECT,80,34,1122,616,15,00,Zero-shot,0,0,SHA256_UNIQUE,BC_012_15_00.png,12
BC_051_R02.png,BC,B,C,BC_051,51,2,PRESENT,1,0,MARK_PRESENT,1.0,1,THICK_BASELINE_RECTANGLES=1;MAX_H_FRAC=0.887;CORE_R=2.51,FULL_AXES_RECT,93,40,965,757,15,00,Zero-shot,0,0,SHA256_UNIQUE,BC_012_15_00.png,12
BC_051_R03.png,BC,B,C,BC_051,51,3,PRESENT,1,0,MARK_PRESENT,1.0,1,THICK_BASELINE_RECTANGLES=1;MAX_H_FRAC=0.886;CORE_R=2.40,FULL_AXES_RECT,93,40,965,726,15,00,Zero-shot,0,0,SHA256_UNIQUE,BC_012_15_00.png,12
BC_051_R04.png,BC,B,C,BC_051,51,4,PRESENT,1,0,MARK_PRESENT,1.0,1,THICK_BASELINE_RECTANGLES=1;MAX_H_FRAC=0.886;CORE_R=2.40,FULL_AXES_RECT,93,40,965,726,15,00,Zero-shot,0,0,SHA256_UNIQUE,BC_012_15_00.png,12
BC_051_R05.png,BC,B,C,BC_051,51,5,PRESENT,1,0,MARK_PRESENT,1.0,1,THICK_BASELINE_RECTANGLES=1;MAX_H_FRAC=0.887;CORE_R=2.35,FULL_AXES_RECT,93,40,965,710,15,00,Zero-shot,0,0,SHA256_UNIQUE,BC_012_15_00.png,12
BC_051_R06.png,BC,B,C,BC_051,51,6,PRESENT,1,0,MARK_PRESENT,1.0,1,THICK_BASELINE_RECTANGLES=1;MAX_H_FRAC=0.887;CORE_R=2.35,FULL_AXES_RECT,93,40,965,710,15,00,Zero-shot,0,0,SHA256_UNIQUE,BC_012_15_00.png,12
BC_051_R07.png,BC,B,C,BC_051,51,7,PRESENT,1,0,MARK_PRESENT,1.0,1,THICK_BASELINE_RECTANGLES=1;MAX_H_FRAC=0.962;CORE_R=2.52,FULL_AXES_RECT,85,39,975,757,15,00,Zero-shot,0,0,SHA256_UNIQUE,BC_012_15_00.png,12
BC_051_R08.png,BC,B,C,BC_051,51,8,PRESENT,1,0,MARK_PRESENT,1.0,1,THICK_BASELINE_RECTANGLES=1;MAX_H_FRAC=0.963;CORE_R=2.47,FULL_AXES_RECT,85,39,975,745,15,00,Zero-shot,0,0,SHA256_UNIQUE,BC_012_15_00.png,12
BC_051_R09.png,BC,B,C,BC_051,51,9,PRESENT,1,0,MARK_PRESENT,1.0,1,THICK_BASELINE_RECTANGLES=1;MAX_H_FRAC=0.963;CORE_R=2.43,FULL_AXES_RECT,85,39,975,733,15,00,Zero-shot,0,0,SHA256_UNIQUE,BC_012_15_00.png,12
BC_051_R10.png,BC,B,C,BC_051,51,10,PRESENT,1,0,MARK_PRESENT,1.0,1,THICK_BASELINE_RECTANGLES=1;MAX_H_FRAC=0.963;CORE_R=2.39,FULL_AXES_RECT,85,39,975,722,15,00,Zero-shot,0,0,SHA256_UNIQUE,BC_012_15_00.png,12
BC_052_R01.png,BC,B,C,BC_052,52,1,PRESENT,1,0,MARK_PRESENT,1.0,1,THICK_BASELINE_RECTANGLES=1;MAX_H_FRAC=0.986;CORE_R=2.46,FULL_AXES_RECT,85,39,965,742,16,00,Zero-shot,0,0,SHA256_UNIQUE,BC_013_16_00.png,13
BC_052_R02.png,BC,B,C,BC_052,52,2,PRESENT,1,0,MARK_PRESENT,1.0,1,THICK_BASELINE_RECTANGLES=1;MAX_H_FRAC=0.933;CORE_R=2.04,FULL_AXES_RECT,68,34,1110,616,16,00,Zero-shot,0,0,SHA256_UNIQUE,BC_013_16_00.png,13
BC_052_R03.png,BC,B,C,BC_052,52,3,PRESENT,1,0,MARK_PRESENT,1.0,1,THICK_BASELINE_RECTANGLES=1;MAX_H_FRAC=0.986;CORE_R=2.45,FULL_AXES_RECT,108,39,975,738,16,00,Zero-shot,0,0,SHA256_UNIQUE,BC_013_16_00.png,13
BC_052_R04.png,BC,B,C,BC_052,52,4,PRESENT,1,0,MARK_PRESENT,1.0,1,THICK_BASELINE_RECTANGLES=1;MAX_H_FRAC=0.986;CORE_R=2.45,FULL_AXES_RECT,108,39,975,738,16,00,Zero-shot,0,0,SHA256_UNIQUE,BC_013_16_00.png,13
BC_052_R05.png,BC,B,C,BC_052,52,5,PRESENT,1,0,MARK_PRESENT,1.0,1,THICK_BASELINE_RECTANGLES=1;MAX_H_FRAC=0.986;CORE_R=2.46,FULL_AXES_RECT,85,39,965,742,16,00,Zero-shot,0,0,SHA256_UNIQUE,BC_013_16_00.png,13
BC_052_R06.png,BC,B,C,BC_052,52,6,PRESENT,1,0,MARK_PRESENT,1.0,1,THICK_BASELINE_RECTANGLES=1;MAX_H_FRAC=0.986;CORE_R=2.03,FULL_AXES_RECT,98,98,1138,678,16,00,Zero-shot,0,0,SHA256_UNIQUE,BC_013_16_00.png,13
BC_052_R07.png,BC,B,C,BC_052,52,7,PRESENT,1,0,MARK_PRESENT,1.0,1,THICK_BASELINE_RECTANGLES=1;MAX_H_FRAC=0.986;CORE_R=2.45,FULL_AXES_RECT,108,39,975,738,16,00,Zero-shot,0,0,SHA256_UNIQUE,BC_013_16_00.png,13
BC_052_R08.png,BC,B,C,BC_052,52,8,PRESENT,1,0,MARK_PRESENT,1.0,1,THICK_BASELINE_RECTANGLES=1;MAX_H_FRAC=0.985;CORE_R=2.04,FULL_AXES_RECT,67,34,1109,616,16,00,Zero-shot,0,0,SHA256_UNIQUE,BC_013_16_00.png,13
BC_052_R09.png,BC,B,C,BC_052,52,9,PRESENT,1,0,MARK_PRESENT,1.0,1,THICK_BASELINE_RECTANGLES=1;MAX_H_FRAC=0.986;CORE_R=2.45,FULL_AXES_RECT,108,39,975,738,16,00,Zero-shot,0,0,SHA256_UNIQUE,BC_013_16_00.png,13
BC_052_R10.png,BC,B,C,BC_052,52,10,PRESENT,1,0,MARK_PRESENT,1.0,1,THICK_BASELINE_RECTANGLES=1;MAX_H_FRAC=0.885;CORE_R=2.04,FULL_AXES_RECT,75,34,1117,616,16,00,Zero-shot,0,0,SHA256_UNIQUE,BC_013_16_00.png,13
BI_001_R01.png,BI,B,I,BI_001,1,1,PRESENT,1,0,MARK_PRESENT,1.0,3,THICK_BASELINE_RECTANGLES=3;MAX_H_FRAC=0.932;CORE_R=2.17,FULL_AXES_RECT,122,82,934,702,1,10,Few-shot,1,0,SHA256_UNIQUE,BI_001_01_10.png,1
BI_001_R02.png,BI,B,I,BI_001,1,2,PRESENT,1,0,MARK_PRESENT,1.0,3,THICK_BASELINE_RECTANGLES=3;MAX_H_FRAC=0.931;CORE_R=2.04,FULL_AXES_RECT,98,34,936,616,1,10,Few-shot,1,0,SHA256_UNIQUE,BI_001_01_10.png,1
BI_001_R03.png,BI,B,I,BI_001,1,3,PRESENT,1,0,MARK_PRESENT,1.0,3,THICK_BASELINE_RECTANGLES=3;MAX_H_FRAC=0.930;CORE_R=2.04,FULL_AXES_RECT,98,34,936,616,1,10,Few-shot,1,0,SHA256_UNIQUE,BI_001_01_10.png,1
BI_001_R04.png,BI,B,I,BI_001,1,4,PRESENT,1,0,MARK_PRESENT,1.0,3,THICK_BASELINE_RECTANGLES=3;MAX_H_FRAC=0.931;CORE_R=2.04,FULL_AXES_RECT,98,34,936,616,1,10,Few-shot,1,0,SHA256_UNIQUE,BI_001_01_10.png,1
BI_001_R05.png,BI,B,I,BI_001,1,5,PRESENT,1,0,MARK_PRESENT,1.0,3,THICK_BASELINE_RECTANGLES=3;MAX_H_FRAC=0.930;CORE_R=2.04,FULL_AXES_RECT,98,34,936,616,1,10,Few-shot,1,0,SHA256_UNIQUE,BI_001_01_10.png,1
BI_001_R06.png,BI,B,I,BI_001,1,6,PRESENT,1,0,MARK_PRESENT,1.0,3,THICK_BASELINE_RECTANGLES=3;MAX_H_FRAC=0.930;CORE_R=2.04,FULL_AXES_RECT,98,33,936,615,1,10,Few-shot,1,0,SHA256_UNIQUE,BI_001_01_10.png,1
BI_001_R07.png,BI,B,I,BI_001,1,7,PRESENT,1,0,MARK_PRESENT,1.0,3,THICK_BASELINE_RECTANGLES=3;MAX_H_FRAC=0.931;CORE_R=2.04,FULL_AXES_RECT,98,34,936,616,1,10,Few-shot,1,0,SHA256_UNIQUE,BI_001_01_10.png,1
BI_001_R08.png,BI,B,I,BI_001,1,8,PRESENT,1,0,MARK_PRESENT,1.0,3,THICK_BASELINE_RECTANGLES=3;MAX_H_FRAC=0.931;CORE_R=2.04,FULL_AXES_RECT,98,34,936,616,1,10,Few-shot,1,0,SHA256_UNIQUE,BI_001_01_10.png,1
BI_001_R09.png,BI,B,I,BI_001,1,9,PRESENT,1,0,MARK_PRESENT,1.0,3,THICK_BASELINE_RECTANGLES=3;MAX_H_FRAC=0.930;CORE_R=2.04,FULL_AXES_RECT,98,34,936,616,1,10,Few-shot,1,0,SHA256_UNIQUE,BI_001_01_10.png,1
BI_001_R10.png,BI,B,I,BI_001,1,10,PRESENT,1,0,MARK_PRESENT,1.0,3,THICK_BASELINE_RECTANGLES=3;MAX_H_FRAC=0.930;CORE_R=2.04,FULL_AXES_RECT,98,34,936,616,1,10,Few-shot,1,0,SHA256_UNIQUE,BI_001_01_10.png,1
BI_002_R01.png,BI,B,I,BI_002,2,1,PRESENT,1,0,MARK_PRESENT,1.0,3,THICK_BASELINE_RECTANGLES=3;MAX_H_FRAC=0.948;CORE_R=2.03,FULL_AXES_RECT,98,98,1138,678,4,10,Few-shot,1,0,SHA256_UNIQUE,BI_002_04_10.png,2
BI_002_R02.png,BI,B,I,BI_002,2,2,PRESENT,1,0,MARK_PRESENT,1.0,3,THICK_BASELINE_RECTANGLES=3;MAX_H_FRAC=0.947;CORE_R=2.04,FULL_AXES_RECT,67,34,810,616,4,10,Few-shot,1,0,SHA256_UNIQUE,BI_002_04_10.png,2
BI_002_R03.png,BI,B,I,BI_002,2,3,ABSENT_OR_UNCERTAIN,0,1,MARK_ABSENT,0.0,0,NO_THICK_BASELINE_RECTANGLES;CORE_R=2.04,FULL_AXES_RECT,169,34,1211,616,4,10,Few-shot,1,0,SHA256_UNIQUE,BI_002_04_10.png,2
BI_002_R04.png,BI,B,I,BI_002,2,4,PRESENT,1,0,MARK_PRESENT,1.0,3,THICK_BASELINE_RECTANGLES=3;MAX_H_FRAC=0.949;CORE_R=2.04,FULL_AXES_RECT,67,34,811,616,4,10,Few-shot,1,0,SHA256_UNIQUE,BI_002_04_10.png,2
BI_002_R05.png,BI,B,I,BI_002,2,5,PRESENT,1,0,MARK_PRESENT,1.0,3,THICK_BASELINE_RECTANGLES=3;MAX_H_FRAC=0.949;CORE_R=2.04,FULL_AXES_RECT,67,34,810,616,4,10,Few-shot,1,0,SHA256_UNIQUE,BI_002_04_10.png,2
BI_002_R06.png,BI,B,I,BI_002,2,6,PRESENT,1,0,MARK_PRESENT,1.0,3,THICK_BASELINE_RECTANGLES=3;MAX_H_FRAC=0.949;CORE_R=2.04,FULL_AXES_RECT,67,34,810,616,4,10,Few-shot,1,0,SHA256_UNIQUE,BI_002_04_10.png,2
BI_002_R07.png,BI,B,I,BI_002,2,7,PRESENT,1,0,MARK_PRESENT,1.0,3,THICK_BASELINE_RECTANGLES=3;MAX_H_FRAC=0.949;CORE_R=2.04,FULL_AXES_RECT,67,34,810,616,4,10,Few-shot,1,0,SHA256_UNIQUE,BI_002_04_10.png,2
BI_002_R08.png,BI,B,I,BI_002,2,8,PRESENT,1,0,MARK_PRESENT,1.0,3,THICK_BASELINE_RECTANGLES=3;MAX_H_FRAC=0.949;CORE_R=2.04,FULL_AXES_RECT,67,34,811,616,4,10,Few-shot,1,0,SHA256_UNIQUE,BI_002_04_10.png,2
BI_002_R09.png,BI,B,I,BI_002,2,9,PRESENT,1,0,MARK_PRESENT,1.0,3,THICK_BASELINE_RECTANGLES=3;MAX_H_FRAC=0.949;CORE_R=2.04,FULL_AXES_RECT,67,34,811,616,4,10,Few-shot,1,0,SHA256_UNIQUE,BI_002_04_10.png,2
BI_002_R10.png,BI,B,I,BI_002,2,10,PRESENT,1,0,MARK_PRESENT,1.0,3,THICK_BASELINE_RECTANGLES=3;MAX_H_FRAC=0.947;CORE_R=2.04,FULL_AXES_RECT,67,34,810,616,4,10,Few-shot,1,0,SHA256_UNIQUE,BI_002_04_10.png,2
BI_003_R01.png,BI,B,I,BI_003,3,1,PRESENT,1,0,MARK_PRESENT,1.0,3,THICK_BASELINE_RECTANGLES=3;MAX_H_FRAC=0.993;CORE_R=2.04,FULL_AXES_RECT,59,34,1101,616,6,10,Few-shot,1,0,SHA256_UNIQUE,BI_003_06_10.png,3
BI_003_R02.png,BI,B,I,BI_003,3,2,PRESENT,1,0,MARK_PRESENT,1.0,3,THICK_BASELINE_RECTANGLES=3;MAX_H_FRAC=0.993;CORE_R=2.03,FULL_AXES_RECT,98,98,934,678,6,10,Few-shot,1,0,SHA256_UNIQUE,BI_003_06_10.png,3
BI_003_R03.png,BI,B,I,BI_003,3,3,PRESENT,1,0,MARK_PRESENT,1.0,3,THICK_BASELINE_RECTANGLES=3;MAX_H_FRAC=0.993;CORE_R=2.03,FULL_AXES_RECT,98,98,934,678,6,10,Few-shot,1,0,SHA256_UNIQUE,BI_003_06_10.png,3
BI_003_R04.png,BI,B,I,BI_003,3,4,PRESENT,1,0,MARK_PRESENT,1.0,3,THICK_BASELINE_RECTANGLES=3;MAX_H_FRAC=0.993;CORE_R=2.03,FULL_AXES_RECT,98,98,934,678,6,10,Few-shot,1,0,SHA256_UNIQUE,BI_003_06_10.png,3
BI_003_R05.png,BI,B,I,BI_003,3,5,PRESENT,1,0,MARK_PRESENT,1.0,3,THICK_BASELINE_RECTANGLES=3;MAX_H_FRAC=0.993;CORE_R=2.03,FULL_AXES_RECT,98,98,934,678,6,10,Few-shot,1,0,SHA256_UNIQUE,BI_003_06_10.png,3
BI_003_R06.png,BI,B,I,BI_003,3,6,PRESENT,1,0,MARK_PRESENT,1.0,3,THICK_BASELINE_RECTANGLES=3;MAX_H_FRAC=0.996;CORE_R=2.00,FULL_AXES_RECT,152,98,934,622,6,10,Few-shot,1,0,SHA256_UNIQUE,BI_003_06_10.png,3
BI_003_R07.png,BI,B,I,BI_003,3,7,PRESENT,1,0,MARK_PRESENT,1.0,3,THICK_BASELINE_RECTANGLES=3;MAX_H_FRAC=0.996;CORE_R=2.00,FULL_AXES_RECT,152,98,934,622,6,10,Few-shot,1,0,SHA256_UNIQUE,BI_003_06_10.png,3
BI_003_R08.png,BI,B,I,BI_003,3,8,PRESENT,1,0,MARK_PRESENT,1.0,3,THICK_BASELINE_RECTANGLES=3;MAX_H_FRAC=0.996;CORE_R=2.00,FULL_AXES_RECT,152,98,934,622,6,10,Few-shot,1,0,SHA256_UNIQUE,BI_003_06_10.png,3
BI_003_R09.png,BI,B,I,BI_003,3,9,PRESENT,1,0,MARK_PRESENT,1.0,3,THICK_BASELINE_RECTANGLES=3;MAX_H_FRAC=0.996;CORE_R=2.00,FULL_AXES_RECT,152,98,934,622,6,10,Few-shot,1,0,SHA256_UNIQUE,BI_003_06_10.png,3
BI_003_R10.png,BI,B,I,BI_003,3,10,PRESENT,1,0,MARK_PRESENT,1.0,3,THICK_BASELINE_RECTANGLES=3;MAX_H_FRAC=0.996;CORE_R=2.00,FULL_AXES_RECT,152,98,934,622,6,10,Few-shot,1,0,SHA256_UNIQUE,BI_003_06_10.png,3
BI_004_R01.png,BI,B,I,BI_004,4,1,PRESENT,1,0,MARK_PRESENT,1.0,4,THICK_BASELINE_RECTANGLES=4;MAX_H_FRAC=0.949;CORE_R=2.45,FULL_AXES_RECT,100,40,957,739,7,10,Few-shot,1,0,SHA256_UNIQUE,BI_004_07_10.png,4
BI_004_R02.png,BI,B,I,BI_004,4,2,PRESENT,1,0,MARK_PRESENT,1.0,3,THICK_BASELINE_RECTANGLES=3;MAX_H_FRAC=0.789;CORE_R=2.04,FULL_AXES_RECT,82,33,1124,615,7,10,Few-shot,1,0,SHA256_UNIQUE,BI_004_07_10.png,4
BI_004_R03.png,BI,B,I,BI_004,4,3,PRESENT,1,0,MARK_PRESENT,1.0,3,THICK_BASELINE_RECTANGLES=3;MAX_H_FRAC=0.789;CORE_R=2.04,FULL_AXES_RECT,82,33,1124,615,7,10,Few-shot,1,0,SHA256_UNIQUE,BI_004_07_10.png,4
BI_004_R04.png,BI,B,I,BI_004,4,4,PRESENT,1,0,MARK_PRESENT,1.0,3,THICK_BASELINE_RECTANGLES=3;MAX_H_FRAC=0.789;CORE_R=2.04,FULL_AXES_RECT,82,33,1124,615,7,10,Few-shot,1,0,SHA256_UNIQUE,BI_004_07_10.png,4
BI_004_R05.png,BI,B,I,BI_004,4,5,PRESENT,1,0,MARK_PRESENT,1.0,3,THICK_BASELINE_RECTANGLES=3;MAX_H_FRAC=0.789;CORE_R=2.04,FULL_AXES_RECT,82,33,1124,615,7,10,Few-shot,1,0,SHA256_UNIQUE,BI_004_07_10.png,4
BI_004_R06.png,BI,B,I,BI_004,4,6,PRESENT,1,0,MARK_PRESENT,1.0,3,THICK_BASELINE_RECTANGLES=3;MAX_H_FRAC=0.789;CORE_R=2.04,FULL_AXES_RECT,82,33,1124,615,7,10,Few-shot,1,0,SHA256_UNIQUE,BI_004_07_10.png,4
BI_004_R07.png,BI,B,I,BI_004,4,7,PRESENT,1,0,MARK_PRESENT,1.0,3,THICK_BASELINE_RECTANGLES=3;MAX_H_FRAC=0.789;CORE_R=2.04,FULL_AXES_RECT,82,33,1124,615,7,10,Few-shot,1,0,SHA256_UNIQUE,BI_004_07_10.png,4
BI_004_R08.png,BI,B,I,BI_004,4,8,PRESENT,1,0,MARK_PRESENT,1.0,3,THICK_BASELINE_RECTANGLES=3;MAX_H_FRAC=0.789;CORE_R=2.04,FULL_AXES_RECT,82,33,1124,615,7,10,Few-shot,1,0,SHA256_UNIQUE,BI_004_07_10.png,4
BI_004_R09.png,BI,B,I,BI_004,4,9,PRESENT,1,0,MARK_PRESENT,1.0,3,THICK_BASELINE_RECTANGLES=3;MAX_H_FRAC=0.789;CORE_R=2.04,FULL_AXES_RECT,82,33,1124,615,7,10,Few-shot,1,0,SHA256_UNIQUE,BI_004_07_10.png,4
BI_004_R10.png,BI,B,I,BI_004,4,10,PRESENT,1,0,MARK_PRESENT,1.0,3,THICK_BASELINE_RECTANGLES=3;MAX_H_FRAC=0.789;CORE_R=2.04,FULL_AXES_RECT,82,33,1124,615,7,10,Few-shot,1,0,SHA256_UNIQUE,BI_004_07_10.png,4
BI_005_R01.png,BI,B,I,BI_005,5,1,PRESENT,1,0,MARK_PRESENT,1.0,3,THICK_BASELINE_RECTANGLES=3;MAX_H_FRAC=0.950;CORE_R=2.03,FULL_AXES_RECT,104,35,1144,615,8,10,Few-shot,1,0,SHA256_UNIQUE,BI_005_08_10.png,5
BI_005_R02.png,BI,B,I,BI_005,5,2,PRESENT,1,0,MARK_PRESENT,1.0,5,THICK_BASELINE_RECTANGLES=5;MAX_H_FRAC=0.866;CORE_R=2.00,FULL_AXES_RECT,82,33,544,495,8,10,Few-shot,1,0,SHA256_UNIQUE,BI_005_08_10.png,5
BI_005_R03.png,BI,B,I,BI_005,5,3,PRESENT,1,0,MARK_PRESENT,1.0,5,THICK_BASELINE_RECTANGLES=5;MAX_H_FRAC=0.866;CORE_R=2.00,FULL_AXES_RECT,82,33,544,495,8,10,Few-shot,1,0,SHA256_UNIQUE,BI_005_08_10.png,5
BI_005_R04.png,BI,B,I,BI_005,5,4,PRESENT,1,0,MARK_PRESENT,1.0,5,THICK_BASELINE_RECTANGLES=5;MAX_H_FRAC=0.866;CORE_R=2.00,FULL_AXES_RECT,82,33,544,495,8,10,Few-shot,1,0,SHA256_UNIQUE,BI_005_08_10.png,5
BI_005_R05.png,BI,B,I,BI_005,5,5,PRESENT,1,0,MARK_PRESENT,1.0,5,THICK_BASELINE_RECTANGLES=5;MAX_H_FRAC=0.866;CORE_R=2.00,FULL_AXES_RECT,82,33,544,495,8,10,Few-shot,1,0,SHA256_UNIQUE,BI_005_08_10.png,5
BI_005_R06.png,BI,B,I,BI_005,5,6,PRESENT,1,0,MARK_PRESENT,1.0,5,THICK_BASELINE_RECTANGLES=5;MAX_H_FRAC=0.866;CORE_R=2.00,FULL_AXES_RECT,82,33,544,495,8,10,Few-shot,1,0,SHA256_UNIQUE,BI_005_08_10.png,5
BI_005_R07.png,BI,B,I,BI_005,5,7,PRESENT,1,0,MARK_PRESENT,1.0,5,THICK_BASELINE_RECTANGLES=5;MAX_H_FRAC=0.866;CORE_R=2.00,FULL_AXES_RECT,82,33,544,495,8,10,Few-shot,1,0,SHA256_UNIQUE,BI_005_08_10.png,5
BI_005_R08.png,BI,B,I,BI_005,5,8,PRESENT,1,0,MARK_PRESENT,1.0,5,THICK_BASELINE_RECTANGLES=5;MAX_H_FRAC=0.866;CORE_R=2.00,FULL_AXES_RECT,82,33,544,495,8,10,Few-shot,1,0,SHA256_UNIQUE,BI_005_08_10.png,5
BI_005_R09.png,BI,B,I,BI_005,5,9,PRESENT,1,0,MARK_PRESENT,1.0,5,THICK_BASELINE_RECTANGLES=5;MAX_H_FRAC=0.866;CORE_R=2.00,FULL_AXES_RECT,82,33,544,495,8,10,Few-shot,1,0,SHA256_UNIQUE,BI_005_08_10.png,5
BI_005_R10.png,BI,B,I,BI_005,5,10,PRESENT,1,0,MARK_PRESENT,1.0,5,THICK_BASELINE_RECTANGLES=5;MAX_H_FRAC=0.866;CORE_R=2.00,FULL_AXES_RECT,82,33,544,495,8,10,Few-shot,1,0,SHA256_UNIQUE,BI_005_08_10.png,5
BI_006_R01.png,BI,B,I,BI_006,6,1,PRESENT,1,0,MARK_PRESENT,1.0,3,THICK_BASELINE_RECTANGLES=3;MAX_H_FRAC=0.947;CORE_R=2.04,FULL_AXES_RECT,100,34,843,616,9,10,Few-shot,1,0,SHA256_UNIQUE,BI_006_09_10.png,6
BI_006_R02.png,BI,B,I,BI_006,6,2,PRESENT,1,0,MARK_PRESENT,1.0,3,THICK_BASELINE_RECTANGLES=3;MAX_H_FRAC=0.950;CORE_R=2.00,FULL_AXES_RECT,102,33,564,495,9,10,Few-shot,1,0,SHA256_UNIQUE,BI_006_09_10.png,6
BI_006_R03.png,BI,B,I,BI_006,6,3,PRESENT,1,0,MARK_PRESENT,1.0,3,THICK_BASELINE_RECTANGLES=3;MAX_H_FRAC=0.950;CORE_R=2.00,FULL_AXES_RECT,102,33,564,495,9,10,Few-shot,1,0,SHA256_UNIQUE,BI_006_09_10.png,6
BI_006_R04.png,BI,B,I,BI_006,6,4,PRESENT,1,0,MARK_PRESENT,1.0,3,THICK_BASELINE_RECTANGLES=3;MAX_H_FRAC=0.950;CORE_R=2.00,FULL_AXES_RECT,102,33,564,495,9,10,Few-shot,1,0,SHA256_UNIQUE,BI_006_09_10.png,6
BI_006_R05.png,BI,B,I,BI_006,6,5,PRESENT,1,0,MARK_PRESENT,1.0,3,THICK_BASELINE_RECTANGLES=3;MAX_H_FRAC=0.950;CORE_R=2.00,FULL_AXES_RECT,102,33,564,495,9,10,Few-shot,1,0,SHA256_UNIQUE,BI_006_09_10.png,6
BI_006_R06.png,BI,B,I,BI_006,6,6,PRESENT,1,0,MARK_PRESENT,1.0,3,THICK_BASELINE_RECTANGLES=3;MAX_H_FRAC=0.950;CORE_R=2.00,FULL_AXES_RECT,102,33,564,495,9,10,Few-shot,1,0,SHA256_UNIQUE,BI_006_09_10.png,6
BI_006_R07.png,BI,B,I,BI_006,6,7,PRESENT,1,0,MARK_PRESENT,1.0,3,THICK_BASELINE_RECTANGLES=3;MAX_H_FRAC=0.950;CORE_R=2.00,FULL_AXES_RECT,102,33,564,495,9,10,Few-shot,1,0,SHA256_UNIQUE,BI_006_09_10.png,6
BI_006_R08.png,BI,B,I,BI_006,6,8,PRESENT,1,0,MARK_PRESENT,1.0,3,THICK_BASELINE_RECTANGLES=3;MAX_H_FRAC=0.950;CORE_R=2.00,FULL_AXES_RECT,102,33,564,495,9,10,Few-shot,1,0,SHA256_UNIQUE,BI_006_09_10.png,6
BI_006_R09.png,BI,B,I,BI_006,6,9,PRESENT,1,0,MARK_PRESENT,1.0,3,THICK_BASELINE_RECTANGLES=3;MAX_H_FRAC=0.950;CORE_R=2.00,FULL_AXES_RECT,102,33,564,495,9,10,Few-shot,1,0,SHA256_UNIQUE,BI_006_09_10.png,6
BI_006_R10.png,BI,B,I,BI_006,6,10,PRESENT,1,0,MARK_PRESENT,1.0,3,THICK_BASELINE_RECTANGLES=3;MAX_H_FRAC=0.950;CORE_R=2.00,FULL_AXES_RECT,102,33,564,495,9,10,Few-shot,1,0,SHA256_UNIQUE,BI_006_09_10.png,6
BI_007_R01.png,BI,B,I,BI_007,7,1,PRESENT,1,0,MARK_PRESENT,1.0,3,THICK_BASELINE_RECTANGLES=3;MAX_H_FRAC=0.947;CORE_R=2.04,FULL_AXES_RECT,68,34,811,616,10,10,Few-shot,1,0,SHA256_UNIQUE,BI_007_10_10.png,7
BI_007_R02.png,BI,B,I,BI_007,7,2,PRESENT,1,0,MARK_PRESENT,1.0,3,THICK_BASELINE_RECTANGLES=3;MAX_H_FRAC=0.947;CORE_R=2.04,FULL_AXES_RECT,68,34,811,616,10,10,Few-shot,1,0,SHA256_UNIQUE,BI_007_10_10.png,7
BI_007_R03.png,BI,B,I,BI_007,7,3,PRESENT,1,0,MARK_PRESENT,1.0,3,THICK_BASELINE_RECTANGLES=3;MAX_H_FRAC=0.947;CORE_R=2.04,FULL_AXES_RECT,68,34,811,616,10,10,Few-shot,1,0,SHA256_UNIQUE,BI_007_10_10.png,7
BI_007_R04.png,BI,B,I,BI_007,7,4,PRESENT,1,0,MARK_PRESENT,1.0,3,THICK_BASELINE_RECTANGLES=3;MAX_H_FRAC=0.947;CORE_R=2.04,FULL_AXES_RECT,68,34,811,616,10,10,Few-shot,1,0,SHA256_UNIQUE,BI_007_10_10.png,7
BI_007_R05.png,BI,B,I,BI_007,7,5,PRESENT,1,0,MARK_PRESENT,1.0,3,THICK_BASELINE_RECTANGLES=3;MAX_H_FRAC=0.947;CORE_R=2.04,FULL_AXES_RECT,68,34,811,616,10,10,Few-shot,1,0,SHA256_UNIQUE,BI_007_10_10.png,7
BI_007_R06.png,BI,B,I,BI_007,7,6,PRESENT,1,0,MARK_PRESENT,1.0,3,THICK_BASELINE_RECTANGLES=3;MAX_H_FRAC=0.947;CORE_R=2.04,FULL_AXES_RECT,68,34,811,616,10,10,Few-shot,1,0,SHA256_UNIQUE,BI_007_10_10.png,7
BI_007_R07.png,BI,B,I,BI_007,7,7,PRESENT,1,0,MARK_PRESENT,1.0,3,THICK_BASELINE_RECTANGLES=3;MAX_H_FRAC=0.947;CORE_R=2.04,FULL_AXES_RECT,68,34,811,616,10,10,Few-shot,1,0,SHA256_UNIQUE,BI_007_10_10.png,7
BI_007_R08.png,BI,B,I,BI_007,7,8,PRESENT,1,0,MARK_PRESENT,1.0,3,THICK_BASELINE_RECTANGLES=3;MAX_H_FRAC=0.947;CORE_R=2.04,FULL_AXES_RECT,68,34,811,616,10,10,Few-shot,1,0,SHA256_UNIQUE,BI_007_10_10.png,7
BI_007_R09.png,BI,B,I,BI_007,7,9,PRESENT,1,0,MARK_PRESENT,1.0,3,THICK_BASELINE_RECTANGLES=3;MAX_H_FRAC=0.947;CORE_R=2.04,FULL_AXES_RECT,68,34,811,616,10,10,Few-shot,1,0,SHA256_UNIQUE,BI_007_10_10.png,7
BI_007_R10.png,BI,B,I,BI_007,7,10,PRESENT,1,0,MARK_PRESENT,1.0,3,THICK_BASELINE_RECTANGLES=3;MAX_H_FRAC=0.947;CORE_R=2.04,FULL_AXES_RECT,68,34,811,616,10,10,Few-shot,1,0,SHA256_UNIQUE,BI_007_10_10.png,7
BI_008_R01.png,BI,B,I,BI_008,8,1,PRESENT,1,0,MARK_PRESENT,1.0,3,THICK_BASELINE_RECTANGLES=3;MAX_H_FRAC=0.954;CORE_R=2.45,FULL_AXES_RECT,81,35,1217,735,11,10,Few-shot,1,0,SHA256_UNIQUE,BI_008_11_10.png,8
BI_008_R02.png,BI,B,I,BI_008,8,2,PRESENT,1,0,MARK_PRESENT,1.0,3,THICK_BASELINE_RECTANGLES=3;MAX_H_FRAC=0.947;CORE_R=2.04,FULL_AXES_RECT,80,34,918,616,11,10,Few-shot,1,0,SHA256_UNIQUE,BI_008_11_10.png,8
BI_008_R03.png,BI,B,I,BI_008,8,3,ABSENT_OR_UNCERTAIN,0,1,MARK_ABSENT,0.0,0,NO_THICK_BASELINE_RECTANGLES;CORE_R=2.04,FULL_AXES_RECT,61,33,1103,615,11,10,Few-shot,1,0,SHA256_UNIQUE,BI_008_11_10.png,8
BI_008_R04.png,BI,B,I,BI_008,8,4,ABSENT_OR_UNCERTAIN,0,1,MARK_ABSENT,0.0,0,NO_THICK_BASELINE_RECTANGLES;CORE_R=2.04,FULL_AXES_RECT,61,33,1103,615,11,10,Few-shot,1,0,SHA256_UNIQUE,BI_008_11_10.png,8
BI_008_R05.png,BI,B,I,BI_008,8,5,PRESENT,1,0,MARK_PRESENT,1.0,3,THICK_BASELINE_RECTANGLES=3;MAX_H_FRAC=0.947;CORE_R=2.04,FULL_AXES_RECT,80,34,918,616,11,10,Few-shot,1,0,SHA256_UNIQUE,BI_008_11_10.png,8
BI_008_R06.png,BI,B,I,BI_008,8,6,PRESENT,1,0,MARK_PRESENT,1.0,3,THICK_BASELINE_RECTANGLES=3;MAX_H_FRAC=0.947;CORE_R=2.04,FULL_AXES_RECT,80,34,918,616,11,10,Few-shot,1,0,SHA256_UNIQUE,BI_008_11_10.png,8
BI_008_R07.png,BI,B,I,BI_008,8,7,PRESENT,1,0,MARK_PRESENT,1.0,3,THICK_BASELINE_RECTANGLES=3;MAX_H_FRAC=0.947;CORE_R=2.04,FULL_AXES_RECT,80,34,918,616,11,10,Few-shot,1,0,SHA256_UNIQUE,BI_008_11_10.png,8
BI_008_R08.png,BI,B,I,BI_008,8,8,PRESENT,1,0,MARK_PRESENT,1.0,3,THICK_BASELINE_RECTANGLES=3;MAX_H_FRAC=0.947;CORE_R=2.04,FULL_AXES_RECT,80,34,918,616,11,10,Few-shot,1,0,SHA256_UNIQUE,BI_008_11_10.png,8
BI_008_R09.png,BI,B,I,BI_008,8,9,PRESENT,1,0,MARK_PRESENT,1.0,3,THICK_BASELINE_RECTANGLES=3;MAX_H_FRAC=0.947;CORE_R=2.04,FULL_AXES_RECT,80,34,918,616,11,10,Few-shot,1,0,SHA256_UNIQUE,BI_008_11_10.png,8
BI_008_R10.png,BI,B,I,BI_008,8,10,PRESENT,1,0,MARK_PRESENT,1.0,3,THICK_BASELINE_RECTANGLES=3;MAX_H_FRAC=0.947;CORE_R=2.04,FULL_AXES_RECT,80,34,918,616,11,10,Few-shot,1,0,SHA256_UNIQUE,BI_008_11_10.png,8
BI_009_R01.png,BI,B,I,BI_009,9,1,PRESENT,1,0,MARK_PRESENT,1.0,3,THICK_BASELINE_RECTANGLES=3;MAX_H_FRAC=0.950;CORE_R=2.03,FULL_AXES_RECT,94,35,1134,615,12,10,Few-shot,1,0,SHA256_UNIQUE,BI_009_12_10.png,9
BI_009_R02.png,BI,B,I,BI_009,9,2,PRESENT,1,0,MARK_PRESENT,1.0,3,THICK_BASELINE_RECTANGLES=3;MAX_H_FRAC=0.996;CORE_R=2.00,FULL_AXES_RECT,102,62,845,616,12,10,Few-shot,1,0,SHA256_UNIQUE,BI_009_12_10.png,9
BI_009_R03.png,BI,B,I,BI_009,9,3,PRESENT,1,0,MARK_PRESENT,1.0,3,THICK_BASELINE_RECTANGLES=3;MAX_H_FRAC=0.996;CORE_R=2.00,FULL_AXES_RECT,102,62,845,616,12,10,Few-shot,1,0,SHA256_UNIQUE,BI_009_12_10.png,9
BI_009_R04.png,BI,B,I,BI_009,9,4,PRESENT,1,0,MARK_PRESENT,1.0,3,THICK_BASELINE_RECTANGLES=3;MAX_H_FRAC=0.996;CORE_R=2.00,FULL_AXES_RECT,102,62,845,616,12,10,Few-shot,1,0,SHA256_UNIQUE,BI_009_12_10.png,9
BI_009_R05.png,BI,B,I,BI_009,9,5,PRESENT,1,0,MARK_PRESENT,1.0,3,THICK_BASELINE_RECTANGLES=3;MAX_H_FRAC=0.996;CORE_R=2.00,FULL_AXES_RECT,102,62,845,616,12,10,Few-shot,1,0,SHA256_UNIQUE,BI_009_12_10.png,9
BI_009_R06.png,BI,B,I,BI_009,9,6,PRESENT,1,0,MARK_PRESENT,1.0,3,THICK_BASELINE_RECTANGLES=3;MAX_H_FRAC=0.996;CORE_R=2.00,FULL_AXES_RECT,102,62,845,616,12,10,Few-shot,1,0,SHA256_UNIQUE,BI_009_12_10.png,9
BI_009_R07.png,BI,B,I,BI_009,9,7,PRESENT,1,0,MARK_PRESENT,1.0,3,THICK_BASELINE_RECTANGLES=3;MAX_H_FRAC=0.996;CORE_R=2.00,FULL_AXES_RECT,102,62,845,616,12,10,Few-shot,1,0,SHA256_UNIQUE,BI_009_12_10.png,9
BI_009_R08.png,BI,B,I,BI_009,9,8,PRESENT,1,0,MARK_PRESENT,1.0,3,THICK_BASELINE_RECTANGLES=3;MAX_H_FRAC=0.996;CORE_R=2.00,FULL_AXES_RECT,102,62,845,616,12,10,Few-shot,1,0,SHA256_UNIQUE,BI_009_12_10.png,9
BI_009_R09.png,BI,B,I,BI_009,9,9,PRESENT,1,0,MARK_PRESENT,1.0,3,THICK_BASELINE_RECTANGLES=3;MAX_H_FRAC=0.996;CORE_R=2.00,FULL_AXES_RECT,102,62,845,616,12,10,Few-shot,1,0,SHA256_UNIQUE,BI_009_12_10.png,9
BI_009_R10.png,BI,B,I,BI_009,9,10,PRESENT,1,0,MARK_PRESENT,1.0,3,THICK_BASELINE_RECTANGLES=3;MAX_H_FRAC=0.996;CORE_R=2.00,FULL_AXES_RECT,102,62,845,616,12,10,Few-shot,1,0,SHA256_UNIQUE,BI_009_12_10.png,9
BI_010_R01.png,BI,B,I,BI_010,10,1,PRESENT,1,0,MARK_PRESENT,1.0,3,THICK_BASELINE_RECTANGLES=3;MAX_H_FRAC=0.993;CORE_R=2.04,FULL_AXES_RECT,78,34,1120,616,13,10,Few-shot,1,0,SHA256_UNIQUE,BI_010_13_10.png,10
BI_010_R02.png,BI,B,I,BI_010,10,2,ABSENT_OR_UNCERTAIN,0,1,MARK_ABSENT,0.0,0,NO_THICK_BASELINE_RECTANGLES;CORE_R=2.04,FULL_AXES_RECT,98,34,1140,616,13,10,Few-shot,1,0,SHA256_UNIQUE,BI_010_13_10.png,10
BI_010_R03.png,BI,B,I,BI_010,10,3,ABSENT_OR_UNCERTAIN,0,1,MARK_ABSENT,0.0,0,NO_THICK_BASELINE_RECTANGLES;CORE_R=2.04,FULL_AXES_RECT,98,34,1140,616,13,10,Few-shot,1,0,SHA256_UNIQUE,BI_010_13_10.png,10
BI_010_R04.png,BI,B,I,BI_010,10,4,ABSENT_OR_UNCERTAIN,0,1,MARK_ABSENT,0.0,0,NO_THICK_BASELINE_RECTANGLES;CORE_R=2.04,FULL_AXES_RECT,98,34,1140,616,13,10,Few-shot,1,0,SHA256_UNIQUE,BI_010_13_10.png,10
BI_010_R05.png,BI,B,I,BI_010,10,5,ABSENT_OR_UNCERTAIN,0,1,MARK_ABSENT,0.0,0,NO_THICK_BASELINE_RECTANGLES;CORE_R=2.04,FULL_AXES_RECT,98,34,1140,616,13,10,Few-shot,1,0,SHA256_UNIQUE,BI_010_13_10.png,10
BI_010_R06.png,BI,B,I,BI_010,10,6,PRESENT,1,0,MARK_PRESENT,1.0,3,THICK_BASELINE_RECTANGLES=3;MAX_H_FRAC=0.962;CORE_R=2.04,FULL_AXES_RECT,97,33,1139,615,13,10,Few-shot,1,0,SHA256_UNIQUE,BI_010_13_10.png,10
BI_010_R07.png,BI,B,I,BI_010,10,7,PRESENT,1,0,MARK_PRESENT,1.0,3,THICK_BASELINE_RECTANGLES=3;MAX_H_FRAC=0.962;CORE_R=2.04,FULL_AXES_RECT,97,33,1139,615,13,10,Few-shot,1,0,SHA256_UNIQUE,BI_010_13_10.png,10
BI_010_R08.png,BI,B,I,BI_010,10,8,PRESENT,1,0,MARK_PRESENT,1.0,3,THICK_BASELINE_RECTANGLES=3;MAX_H_FRAC=0.962;CORE_R=2.04,FULL_AXES_RECT,97,33,1139,615,13,10,Few-shot,1,0,SHA256_UNIQUE,BI_010_13_10.png,10
BI_010_R09.png,BI,B,I,BI_010,10,9,PRESENT,1,0,MARK_PRESENT,1.0,3,THICK_BASELINE_RECTANGLES=3;MAX_H_FRAC=0.962;CORE_R=2.04,FULL_AXES_RECT,97,33,1139,615,13,10,Few-shot,1,0,SHA256_UNIQUE,BI_010_13_10.png,10
BI_010_R10.png,BI,B,I,BI_010,10,10,PRESENT,1,0,MARK_PRESENT,1.0,3,THICK_BASELINE_RECTANGLES=3;MAX_H_FRAC=0.962;CORE_R=2.04,FULL_AXES_RECT,97,33,1139,615,13,10,Few-shot,1,0,SHA256_UNIQUE,BI_010_13_10.png,10
BI_011_R01.png,BI,B,I,BI_011,11,1,PRESENT,1,0,MARK_PRESENT,1.0,3,THICK_BASELINE_RECTANGLES=3;MAX_H_FRAC=0.947;CORE_R=2.04,FULL_AXES_RECT,59,34,1101,616,14,10,Few-shot,1,0,SHA256_UNIQUE,BI_011_14_10.png,11
BI_011_R02.png,BI,B,I,BI_011,11,2,PRESENT,1,0,MARK_PRESENT,1.0,3,THICK_BASELINE_RECTANGLES=3;MAX_H_FRAC=0.989;CORE_R=2.00,AXIS_PARTIAL,92,47,1063,616,14,10,Few-shot,1,0,SHA256_UNIQUE,BI_011_14_10.png,11
BI_011_R03.png,BI,B,I,BI_011,11,3,PRESENT,1,0,MARK_PRESENT,1.0,3,THICK_BASELINE_RECTANGLES=3;MAX_H_FRAC=0.989;CORE_R=2.00,AXIS_PARTIAL,92,47,1063,616,14,10,Few-shot,1,0,SHA256_UNIQUE,BI_011_14_10.png,11
BI_011_R04.png,BI,B,I,BI_011,11,4,PRESENT,1,0,MARK_PRESENT,1.0,3,THICK_BASELINE_RECTANGLES=3;MAX_H_FRAC=0.989;CORE_R=2.00,AXIS_PARTIAL,92,47,1063,616,14,10,Few-shot,1,0,SHA256_UNIQUE,BI_011_14_10.png,11
BI_011_R05.png,BI,B,I,BI_011,11,5,PRESENT,1,0,MARK_PRESENT,1.0,3,THICK_BASELINE_RECTANGLES=3;MAX_H_FRAC=0.989;CORE_R=2.00,AXIS_PARTIAL,92,47,1063,616,14,10,Few-shot,1,0,SHA256_UNIQUE,BI_011_14_10.png,11
BI_011_R06.png,BI,B,I,BI_011,11,6,PRESENT,1,0,MARK_PRESENT,1.0,3,THICK_BASELINE_RECTANGLES=3;MAX_H_FRAC=0.989;CORE_R=2.00,AXIS_PARTIAL,92,47,1063,616,14,10,Few-shot,1,0,SHA256_UNIQUE,BI_011_14_10.png,11
BI_011_R07.png,BI,B,I,BI_011,11,7,PRESENT,1,0,MARK_PRESENT,1.0,3,THICK_BASELINE_RECTANGLES=3;MAX_H_FRAC=0.989;CORE_R=2.00,AXIS_PARTIAL,92,47,1063,616,14,10,Few-shot,1,0,SHA256_UNIQUE,BI_011_14_10.png,11
BI_011_R08.png,BI,B,I,BI_011,11,8,PRESENT,1,0,MARK_PRESENT,1.0,3,THICK_BASELINE_RECTANGLES=3;MAX_H_FRAC=0.989;CORE_R=2.00,AXIS_PARTIAL,92,47,1063,616,14,10,Few-shot,1,0,SHA256_UNIQUE,BI_011_14_10.png,11
BI_011_R09.png,BI,B,I,BI_011,11,9,PRESENT,1,0,MARK_PRESENT,1.0,3,THICK_BASELINE_RECTANGLES=3;MAX_H_FRAC=0.989;CORE_R=2.00,AXIS_PARTIAL,92,47,1063,616,14,10,Few-shot,1,0,SHA256_UNIQUE,BI_011_14_10.png,11
BI_011_R10.png,BI,B,I,BI_011,11,10,PRESENT,1,0,MARK_PRESENT,1.0,3,THICK_BASELINE_RECTANGLES=3;MAX_H_FRAC=0.989;CORE_R=2.00,AXIS_PARTIAL,92,47,1063,616,14,10,Few-shot,1,0,SHA256_UNIQUE,BI_011_14_10.png,11
BI_012_R01.png,BI,B,I,BI_012,12,1,PRESENT,1,0,MARK_PRESENT,1.0,3,THICK_BASELINE_RECTANGLES=3;MAX_H_FRAC=0.949;CORE_R=2.45,FULL_AXES_RECT,121,35,875,734,15,10,Few-shot,1,0,SHA256_UNIQUE,BI_012_15_10.png,12
BI_012_R02.png,BI,B,I,BI_012,12,2,PRESENT,1,0,MARK_PRESENT,1.0,3,THICK_BASELINE_RECTANGLES=3;MAX_H_FRAC=0.949;CORE_R=2.45,FULL_AXES_RECT,134,35,879,734,15,10,Few-shot,1,0,SHA256_UNIQUE,BI_012_15_10.png,12
BI_012_R03.png,BI,B,I,BI_012,12,3,PRESENT,1,0,MARK_PRESENT,1.0,2,THICK_BASELINE_RECTANGLES=2;MAX_H_FRAC=0.889;CORE_R=2.45,FULL_AXES_RECT,125,39,931,738,15,10,Few-shot,1,0,SHA256_UNIQUE,BI_012_15_10.png,12
BI_012_R04.png,BI,B,I,BI_012,12,4,PRESENT,1,0,MARK_PRESENT,1.0,2,THICK_BASELINE_RECTANGLES=2;MAX_H_FRAC=0.889;CORE_R=2.45,FULL_AXES_RECT,125,39,931,738,15,10,Few-shot,1,0,SHA256_UNIQUE,BI_012_15_10.png,12
BI_012_R05.png,BI,B,I,BI_012,12,5,PRESENT,1,0,MARK_PRESENT,1.0,2,THICK_BASELINE_RECTANGLES=2;MAX_H_FRAC=0.889;CORE_R=2.45,FULL_AXES_RECT,125,39,931,738,15,10,Few-shot,1,0,SHA256_UNIQUE,BI_012_15_10.png,12
BI_012_R06.png,BI,B,I,BI_012,12,6,PRESENT,1,0,MARK_PRESENT,1.0,2,THICK_BASELINE_RECTANGLES=2;MAX_H_FRAC=0.889;CORE_R=2.45,FULL_AXES_RECT,125,39,931,738,15,10,Few-shot,1,0,SHA256_UNIQUE,BI_012_15_10.png,12
BI_012_R07.png,BI,B,I,BI_012,12,7,PRESENT,1,0,MARK_PRESENT,1.0,2,THICK_BASELINE_RECTANGLES=2;MAX_H_FRAC=0.889;CORE_R=2.45,FULL_AXES_RECT,125,39,931,738,15,10,Few-shot,1,0,SHA256_UNIQUE,BI_012_15_10.png,12
BI_012_R08.png,BI,B,I,BI_012,12,8,PRESENT,1,0,MARK_PRESENT,1.0,2,THICK_BASELINE_RECTANGLES=2;MAX_H_FRAC=0.889;CORE_R=2.45,FULL_AXES_RECT,125,39,931,738,15,10,Few-shot,1,0,SHA256_UNIQUE,BI_012_15_10.png,12
BI_012_R09.png,BI,B,I,BI_012,12,9,PRESENT,1,0,MARK_PRESENT,1.0,3,THICK_BASELINE_RECTANGLES=3;MAX_H_FRAC=0.996;CORE_R=2.00,FULL_AXES_RECT,102,62,845,616,15,10,Few-shot,1,0,SHA256_UNIQUE,BI_012_15_10.png,12
BI_012_R10.png,BI,B,I,BI_012,12,10,PRESENT,1,0,MARK_PRESENT,1.0,2,THICK_BASELINE_RECTANGLES=2;MAX_H_FRAC=0.889;CORE_R=2.45,FULL_AXES_RECT,125,39,931,738,15,10,Few-shot,1,0,SHA256_UNIQUE,BI_012_15_10.png,12
BI_013_R01.png,BI,B,I,BI_013,13,1,PRESENT,1,0,MARK_PRESENT,1.0,3,THICK_BASELINE_RECTANGLES=3;MAX_H_FRAC=0.931;CORE_R=2.04,FULL_AXES_RECT,68,34,1110,616,16,10,Few-shot,1,0,SHA256_UNIQUE,BI_013_16_10.png,13
BI_013_R02.png,BI,B,I,BI_013,13,2,PRESENT,1,0,MARK_PRESENT,1.0,3,THICK_BASELINE_RECTANGLES=3;MAX_H_FRAC=0.931;CORE_R=2.04,FULL_AXES_RECT,49,34,887,616,16,10,Few-shot,1,0,SHA256_UNIQUE,BI_013_16_10.png,13
BI_013_R03.png,BI,B,I,BI_013,13,3,PRESENT,1,0,MARK_PRESENT,1.0,3,THICK_BASELINE_RECTANGLES=3;MAX_H_FRAC=0.931;CORE_R=2.04,FULL_AXES_RECT,49,34,887,616,16,10,Few-shot,1,0,SHA256_UNIQUE,BI_013_16_10.png,13
BI_013_R04.png,BI,B,I,BI_013,13,4,PRESENT,1,0,MARK_PRESENT,1.0,3,THICK_BASELINE_RECTANGLES=3;MAX_H_FRAC=0.931;CORE_R=2.04,FULL_AXES_RECT,49,34,887,616,16,10,Few-shot,1,0,SHA256_UNIQUE,BI_013_16_10.png,13
BI_013_R05.png,BI,B,I,BI_013,13,5,PRESENT,1,0,MARK_PRESENT,1.0,3,THICK_BASELINE_RECTANGLES=3;MAX_H_FRAC=0.931;CORE_R=2.04,FULL_AXES_RECT,49,34,887,616,16,10,Few-shot,1,0,SHA256_UNIQUE,BI_013_16_10.png,13
BI_013_R06.png,BI,B,I,BI_013,13,6,PRESENT,1,0,MARK_PRESENT,1.0,3,THICK_BASELINE_RECTANGLES=3;MAX_H_FRAC=0.931;CORE_R=2.04,FULL_AXES_RECT,49,34,887,616,16,10,Few-shot,1,0,SHA256_UNIQUE,BI_013_16_10.png,13
BI_013_R07.png,BI,B,I,BI_013,13,7,PRESENT,1,0,MARK_PRESENT,1.0,3,THICK_BASELINE_RECTANGLES=3;MAX_H_FRAC=0.931;CORE_R=2.04,FULL_AXES_RECT,49,34,887,616,16,10,Few-shot,1,0,SHA256_UNIQUE,BI_013_16_10.png,13
BI_013_R08.png,BI,B,I,BI_013,13,8,PRESENT,1,0,MARK_PRESENT,1.0,3,THICK_BASELINE_RECTANGLES=3;MAX_H_FRAC=0.931;CORE_R=2.04,FULL_AXES_RECT,49,34,887,616,16,10,Few-shot,1,0,SHA256_UNIQUE,BI_013_16_10.png,13
BI_013_R09.png,BI,B,I,BI_013,13,9,PRESENT,1,0,MARK_PRESENT,1.0,3,THICK_BASELINE_RECTANGLES=3;MAX_H_FRAC=0.931;CORE_R=2.04,FULL_AXES_RECT,49,34,887,616,16,10,Few-shot,1,0,SHA256_UNIQUE,BI_013_16_10.png,13
BI_013_R10.png,BI,B,I,BI_013,13,10,PRESENT,1,0,MARK_PRESENT,1.0,3,THICK_BASELINE_RECTANGLES=3;MAX_H_FRAC=0.931;CORE_R=2.04,FULL_AXES_RECT,49,34,887,616,16,10,Few-shot,1,0,SHA256_UNIQUE,BI_013_16_10.png,13
BI_014_R01.png,BI,B,I,BI_014,14,1,PRESENT,1,0,MARK_PRESENT,1.0,3,THICK_BASELINE_RECTANGLES=3;MAX_H_FRAC=0.931;CORE_R=2.04,FULL_AXES_RECT,98,34,1140,616,1,11,Híbrida,1,1,SHA256_UNIQUE,BI_001_01_11.png,1
BI_014_R02.png,BI,B,I,BI_014,14,2,PRESENT,1,0,MARK_PRESENT,1.0,3,THICK_BASELINE_RECTANGLES=3;MAX_H_FRAC=0.873;CORE_R=2.03,FULL_AXES_RECT,98,98,934,678,1,11,Híbrida,1,1,SHA256_UNIQUE,BI_001_01_11.png,1
BI_014_R03.png,BI,B,I,BI_014,14,3,PRESENT,1,0,MARK_PRESENT,1.0,3,THICK_BASELINE_RECTANGLES=3;MAX_H_FRAC=0.873;CORE_R=2.03,FULL_AXES_RECT,98,98,934,678,1,11,Híbrida,1,1,SHA256_UNIQUE,BI_001_01_11.png,1
BI_014_R04.png,BI,B,I,BI_014,14,4,PRESENT,1,0,MARK_PRESENT,1.0,3,THICK_BASELINE_RECTANGLES=3;MAX_H_FRAC=0.873;CORE_R=2.03,FULL_AXES_RECT,98,98,934,678,1,11,Híbrida,1,1,SHA256_UNIQUE,BI_001_01_11.png,1
BI_014_R05.png,BI,B,I,BI_014,14,5,PRESENT,1,0,MARK_PRESENT,1.0,3,THICK_BASELINE_RECTANGLES=3;MAX_H_FRAC=0.873;CORE_R=2.03,FULL_AXES_RECT,98,98,934,678,1,11,Híbrida,1,1,SHA256_UNIQUE,BI_001_01_11.png,1
BI_014_R06.png,BI,B,I,BI_014,14,6,PRESENT,1,0,MARK_PRESENT,1.0,3,THICK_BASELINE_RECTANGLES=3;MAX_H_FRAC=0.873;CORE_R=2.03,FULL_AXES_RECT,98,98,934,678,1,11,Híbrida,1,1,SHA256_UNIQUE,BI_001_01_11.png,1
BI_014_R07.png,BI,B,I,BI_014,14,7,PRESENT,1,0,MARK_PRESENT,1.0,3,THICK_BASELINE_RECTANGLES=3;MAX_H_FRAC=0.873;CORE_R=2.03,FULL_AXES_RECT,98,98,934,678,1,11,Híbrida,1,1,SHA256_UNIQUE,BI_001_01_11.png,1
BI_014_R08.png,BI,B,I,BI_014,14,8,PRESENT,1,0,MARK_PRESENT,1.0,3,THICK_BASELINE_RECTANGLES=3;MAX_H_FRAC=0.873;CORE_R=2.03,FULL_AXES_RECT,98,98,934,678,1,11,Híbrida,1,1,SHA256_UNIQUE,BI_001_01_11.png,1
BI_014_R09.png,BI,B,I,BI_014,14,9,PRESENT,1,0,MARK_PRESENT,1.0,3,THICK_BASELINE_RECTANGLES=3;MAX_H_FRAC=0.873;CORE_R=2.03,FULL_AXES_RECT,98,98,934,678,1,11,Híbrida,1,1,SHA256_UNIQUE,BI_001_01_11.png,1
BI_014_R10.png,BI,B,I,BI_014,14,10,PRESENT,1,0,MARK_PRESENT,1.0,3,THICK_BASELINE_RECTANGLES=3;MAX_H_FRAC=0.873;CORE_R=2.03,FULL_AXES_RECT,98,98,934,678,1,11,Híbrida,1,1,SHA256_UNIQUE,BI_001_01_11.png,1
BI_015_R01.png,BI,B,I,BI_015,15,1,PRESENT,1,0,MARK_PRESENT,1.0,3,THICK_BASELINE_RECTANGLES=3;MAX_H_FRAC=0.950;CORE_R=2.03,FULL_AXES_RECT,98,98,1138,678,4,11,Híbrida,1,1,SHA256_UNIQUE,BI_002_04_11.png,2
BI_015_R02.png,BI,B,I,BI_015,15,2,PRESENT,1,0,MARK_PRESENT,1.0,3,THICK_BASELINE_RECTANGLES=3;MAX_H_FRAC=0.950;CORE_R=2.03,FULL_AXES_RECT,98,98,1138,678,4,11,Híbrida,1,1,SHA256_UNIQUE,BI_002_04_11.png,2
BI_015_R03.png,BI,B,I,BI_015,15,3,PRESENT,1,0,MARK_PRESENT,1.0,3,THICK_BASELINE_RECTANGLES=3;MAX_H_FRAC=0.950;CORE_R=2.03,FULL_AXES_RECT,98,98,1138,678,4,11,Híbrida,1,1,SHA256_UNIQUE,BI_002_04_11.png,2
BI_015_R04.png,BI,B,I,BI_015,15,4,PRESENT,1,0,MARK_PRESENT,1.0,3,THICK_BASELINE_RECTANGLES=3;MAX_H_FRAC=0.950;CORE_R=2.03,FULL_AXES_RECT,98,98,1138,678,4,11,Híbrida,1,1,SHA256_UNIQUE,BI_002_04_11.png,2
BI_015_R05.png,BI,B,I,BI_015,15,5,PRESENT,1,0,MARK_PRESENT,1.0,3,THICK_BASELINE_RECTANGLES=3;MAX_H_FRAC=0.950;CORE_R=2.03,FULL_AXES_RECT,98,98,1138,678,4,11,Híbrida,1,1,SHA256_UNIQUE,BI_002_04_11.png,2
BI_015_R06.png,BI,B,I,BI_015,15,6,PRESENT,1,0,MARK_PRESENT,1.0,3,THICK_BASELINE_RECTANGLES=3;MAX_H_FRAC=0.950;CORE_R=2.03,FULL_AXES_RECT,98,98,1138,678,4,11,Híbrida,1,1,SHA256_UNIQUE,BI_002_04_11.png,2
BI_015_R07.png,BI,B,I,BI_015,15,7,PRESENT,1,0,MARK_PRESENT,1.0,3,THICK_BASELINE_RECTANGLES=3;MAX_H_FRAC=0.950;CORE_R=2.03,FULL_AXES_RECT,98,98,1138,678,4,11,Híbrida,1,1,SHA256_UNIQUE,BI_002_04_11.png,2
BI_015_R08.png,BI,B,I,BI_015,15,8,PRESENT,1,0,MARK_PRESENT,1.0,3,THICK_BASELINE_RECTANGLES=3;MAX_H_FRAC=0.950;CORE_R=2.03,FULL_AXES_RECT,98,98,1138,678,4,11,Híbrida,1,1,SHA256_UNIQUE,BI_002_04_11.png,2
BI_015_R09.png,BI,B,I,BI_015,15,9,PRESENT,1,0,MARK_PRESENT,1.0,3,THICK_BASELINE_RECTANGLES=3;MAX_H_FRAC=0.950;CORE_R=2.03,FULL_AXES_RECT,98,98,1138,678,4,11,Híbrida,1,1,SHA256_UNIQUE,BI_002_04_11.png,2
BI_015_R10.png,BI,B,I,BI_015,15,10,PRESENT,1,0,MARK_PRESENT,1.0,3,THICK_BASELINE_RECTANGLES=3;MAX_H_FRAC=0.950;CORE_R=2.03,FULL_AXES_RECT,98,98,1138,678,4,11,Híbrida,1,1,SHA256_UNIQUE,BI_002_04_11.png,2
BI_016_R01.png,BI,B,I,BI_016,16,1,PRESENT,1,0,MARK_PRESENT,1.0,3,THICK_BASELINE_RECTANGLES=3;MAX_H_FRAC=0.947;CORE_R=2.04,FULL_AXES_RECT,50,34,794,616,6,11,Híbrida,1,1,SHA256_UNIQUE,BI_003_06_11.png,3
BI_016_R02.png,BI,B,I,BI_016,16,2,PRESENT,1,0,MARK_PRESENT,1.0,3,THICK_BASELINE_RECTANGLES=3;MAX_H_FRAC=0.947;CORE_R=2.04,FULL_AXES_RECT,50,34,794,616,6,11,Híbrida,1,1,SHA256_UNIQUE,BI_003_06_11.png,3
BI_016_R03.png,BI,B,I,BI_016,16,3,PRESENT,1,0,MARK_PRESENT,1.0,3,THICK_BASELINE_RECTANGLES=3;MAX_H_FRAC=0.947;CORE_R=2.04,FULL_AXES_RECT,50,34,794,616,6,11,Híbrida,1,1,SHA256_UNIQUE,BI_003_06_11.png,3
BI_016_R04.png,BI,B,I,BI_016,16,4,PRESENT,1,0,MARK_PRESENT,1.0,3,THICK_BASELINE_RECTANGLES=3;MAX_H_FRAC=0.947;CORE_R=2.04,FULL_AXES_RECT,50,34,794,616,6,11,Híbrida,1,1,SHA256_UNIQUE,BI_003_06_11.png,3
BI_016_R05.png,BI,B,I,BI_016,16,5,PRESENT,1,0,MARK_PRESENT,1.0,3,THICK_BASELINE_RECTANGLES=3;MAX_H_FRAC=0.947;CORE_R=2.04,FULL_AXES_RECT,50,34,794,616,6,11,Híbrida,1,1,SHA256_UNIQUE,BI_003_06_11.png,3
BI_016_R06.png,BI,B,I,BI_016,16,6,PRESENT,1,0,MARK_PRESENT,1.0,3,THICK_BASELINE_RECTANGLES=3;MAX_H_FRAC=0.947;CORE_R=2.04,FULL_AXES_RECT,50,34,794,616,6,11,Híbrida,1,1,SHA256_UNIQUE,BI_003_06_11.png,3
BI_016_R07.png,BI,B,I,BI_016,16,7,PRESENT,1,0,MARK_PRESENT,1.0,3,THICK_BASELINE_RECTANGLES=3;MAX_H_FRAC=0.947;CORE_R=2.04,FULL_AXES_RECT,50,34,794,616,6,11,Híbrida,1,1,SHA256_UNIQUE,BI_003_06_11.png,3
BI_016_R08.png,BI,B,I,BI_016,16,8,PRESENT,1,0,MARK_PRESENT,1.0,3,THICK_BASELINE_RECTANGLES=3;MAX_H_FRAC=0.947;CORE_R=2.04,FULL_AXES_RECT,50,34,794,616,6,11,Híbrida,1,1,SHA256_UNIQUE,BI_003_06_11.png,3
BI_016_R09.png,BI,B,I,BI_016,16,9,PRESENT,1,0,MARK_PRESENT,1.0,3,THICK_BASELINE_RECTANGLES=3;MAX_H_FRAC=0.947;CORE_R=2.04,FULL_AXES_RECT,50,34,794,616,6,11,Híbrida,1,1,SHA256_UNIQUE,BI_003_06_11.png,3
BI_016_R10.png,BI,B,I,BI_016,16,10,PRESENT,1,0,MARK_PRESENT,1.0,3,THICK_BASELINE_RECTANGLES=3;MAX_H_FRAC=0.947;CORE_R=2.04,FULL_AXES_RECT,50,34,794,616,6,11,Híbrida,1,1,SHA256_UNIQUE,BI_003_06_11.png,3
BI_017_R01.png,BI,B,I,BI_017,17,1,PRESENT,1,0,MARK_PRESENT,1.0,3,THICK_BASELINE_RECTANGLES=3;MAX_H_FRAC=0.949;CORE_R=2.45,FULL_AXES_RECT,109,40,977,739,7,11,Híbrida,1,1,SHA256_UNIQUE,BI_004_07_11.png,4
BI_017_R02.png,BI,B,I,BI_017,17,2,PRESENT,1,0,MARK_PRESENT,1.0,3,THICK_BASELINE_RECTANGLES=3;MAX_H_FRAC=0.964;CORE_R=2.15,FULL_AXES_RECT,102,34,850,648,7,11,Híbrida,1,1,SHA256_UNIQUE,BI_004_07_11.png,4
BI_017_R03.png,BI,B,I,BI_017,17,3,PRESENT,1,0,MARK_PRESENT,1.0,3,THICK_BASELINE_RECTANGLES=3;MAX_H_FRAC=0.964;CORE_R=2.15,FULL_AXES_RECT,102,34,850,648,7,11,Híbrida,1,1,SHA256_UNIQUE,BI_004_07_11.png,4
BI_017_R04.png,BI,B,I,BI_017,17,4,PRESENT,1,0,MARK_PRESENT,1.0,3,THICK_BASELINE_RECTANGLES=3;MAX_H_FRAC=0.964;CORE_R=2.15,FULL_AXES_RECT,102,34,850,648,7,11,Híbrida,1,1,SHA256_UNIQUE,BI_004_07_11.png,4
BI_017_R05.png,BI,B,I,BI_017,17,5,PRESENT,1,0,MARK_PRESENT,1.0,3,THICK_BASELINE_RECTANGLES=3;MAX_H_FRAC=0.964;CORE_R=2.15,FULL_AXES_RECT,102,34,850,648,7,11,Híbrida,1,1,SHA256_UNIQUE,BI_004_07_11.png,4
BI_017_R06.png,BI,B,I,BI_017,17,6,PRESENT,1,0,MARK_PRESENT,1.0,3,THICK_BASELINE_RECTANGLES=3;MAX_H_FRAC=0.964;CORE_R=2.15,FULL_AXES_RECT,102,34,850,648,7,11,Híbrida,1,1,SHA256_UNIQUE,BI_004_07_11.png,4
BI_017_R07.png,BI,B,I,BI_017,17,7,PRESENT,1,0,MARK_PRESENT,1.0,3,THICK_BASELINE_RECTANGLES=3;MAX_H_FRAC=0.964;CORE_R=2.15,FULL_AXES_RECT,102,34,850,648,7,11,Híbrida,1,1,SHA256_UNIQUE,BI_004_07_11.png,4
BI_017_R08.png,BI,B,I,BI_017,17,8,PRESENT,1,0,MARK_PRESENT,1.0,3,THICK_BASELINE_RECTANGLES=3;MAX_H_FRAC=0.964;CORE_R=2.15,FULL_AXES_RECT,102,34,850,648,7,11,Híbrida,1,1,SHA256_UNIQUE,BI_004_07_11.png,4
BI_017_R09.png,BI,B,I,BI_017,17,9,PRESENT,1,0,MARK_PRESENT,1.0,3,THICK_BASELINE_RECTANGLES=3;MAX_H_FRAC=0.964;CORE_R=2.15,FULL_AXES_RECT,102,34,850,648,7,11,Híbrida,1,1,SHA256_UNIQUE,BI_004_07_11.png,4
BI_017_R10.png,BI,B,I,BI_017,17,10,PRESENT,1,0,MARK_PRESENT,1.0,3,THICK_BASELINE_RECTANGLES=3;MAX_H_FRAC=0.964;CORE_R=2.15,FULL_AXES_RECT,102,34,850,648,7,11,Híbrida,1,1,SHA256_UNIQUE,BI_004_07_11.png,4
BI_018_R01.png,BI,B,I,BI_018,18,1,PRESENT,1,0,MARK_PRESENT,1.0,5,THICK_BASELINE_RECTANGLES=5;MAX_H_FRAC=0.951;CORE_R=2.00,FULL_AXES_RECT,98,186,838,678,8,11,Híbrida,1,1,SHA256_UNIQUE,BI_005_08_11.png,5
BI_018_R02.png,BI,B,I,BI_018,18,2,PRESENT,1,0,MARK_PRESENT,1.0,5,THICK_BASELINE_RECTANGLES=5;MAX_H_FRAC=0.951;CORE_R=2.00,FULL_AXES_RECT,98,186,838,678,8,11,Híbrida,1,1,SHA256_UNIQUE,BI_005_08_11.png,5
BI_018_R03.png,BI,B,I,BI_018,18,3,PRESENT,1,0,MARK_PRESENT,1.0,5,THICK_BASELINE_RECTANGLES=5;MAX_H_FRAC=0.951;CORE_R=2.00,FULL_AXES_RECT,98,186,838,678,8,11,Híbrida,1,1,SHA256_UNIQUE,BI_005_08_11.png,5
BI_018_R04.png,BI,B,I,BI_018,18,4,PRESENT,1,0,MARK_PRESENT,1.0,5,THICK_BASELINE_RECTANGLES=5;MAX_H_FRAC=0.951;CORE_R=2.00,FULL_AXES_RECT,98,186,838,678,8,11,Híbrida,1,1,SHA256_UNIQUE,BI_005_08_11.png,5
BI_018_R05.png,BI,B,I,BI_018,18,5,PRESENT,1,0,MARK_PRESENT,1.0,5,THICK_BASELINE_RECTANGLES=5;MAX_H_FRAC=0.951;CORE_R=2.00,FULL_AXES_RECT,98,186,838,678,8,11,Híbrida,1,1,SHA256_UNIQUE,BI_005_08_11.png,5
BI_018_R06.png,BI,B,I,BI_018,18,6,PRESENT,1,0,MARK_PRESENT,1.0,5,THICK_BASELINE_RECTANGLES=5;MAX_H_FRAC=0.951;CORE_R=2.00,FULL_AXES_RECT,98,186,838,678,8,11,Híbrida,1,1,SHA256_UNIQUE,BI_005_08_11.png,5
BI_018_R07.png,BI,B,I,BI_018,18,7,PRESENT,1,0,MARK_PRESENT,1.0,5,THICK_BASELINE_RECTANGLES=5;MAX_H_FRAC=0.951;CORE_R=2.00,FULL_AXES_RECT,98,186,838,678,8,11,Híbrida,1,1,SHA256_UNIQUE,BI_005_08_11.png,5
BI_018_R08.png,BI,B,I,BI_018,18,8,PRESENT,1,0,MARK_PRESENT,1.0,5,THICK_BASELINE_RECTANGLES=5;MAX_H_FRAC=0.951;CORE_R=2.00,FULL_AXES_RECT,98,186,838,678,8,11,Híbrida,1,1,SHA256_UNIQUE,BI_005_08_11.png,5
BI_018_R09.png,BI,B,I,BI_018,18,9,PRESENT,1,0,MARK_PRESENT,1.0,5,THICK_BASELINE_RECTANGLES=5;MAX_H_FRAC=0.951;CORE_R=2.00,FULL_AXES_RECT,98,186,838,678,8,11,Híbrida,1,1,SHA256_UNIQUE,BI_005_08_11.png,5
BI_018_R10.png,BI,B,I,BI_018,18,10,PRESENT,1,0,MARK_PRESENT,1.0,5,THICK_BASELINE_RECTANGLES=5;MAX_H_FRAC=0.951;CORE_R=2.00,FULL_AXES_RECT,98,186,838,678,8,11,Híbrida,1,1,SHA256_UNIQUE,BI_005_08_11.png,5
BI_019_R01.png,BI,B,I,BI_019,19,1,PRESENT,1,0,MARK_PRESENT,1.0,5,THICK_BASELINE_RECTANGLES=5;MAX_H_FRAC=0.990;CORE_R=2.00,FULL_AXES_RECT,103,34,624,616,9,11,Híbrida,1,1,SHA256_UNIQUE,BI_006_09_11.png,6
BI_019_R02.png,BI,B,I,BI_019,19,2,PRESENT,1,0,MARK_PRESENT,1.0,3,THICK_BASELINE_RECTANGLES=3;MAX_H_FRAC=0.919;CORE_R=2.15,FULL_AXES_RECT,99,33,761,647,9,11,Híbrida,1,1,SHA256_UNIQUE,BI_006_09_11.png,6
BI_019_R03.png,BI,B,I,BI_019,19,3,PRESENT,1,0,MARK_PRESENT,1.0,3,THICK_BASELINE_RECTANGLES=3;MAX_H_FRAC=0.922;CORE_R=2.15,FULL_AXES_RECT,99,33,983,647,9,11,Híbrida,1,1,SHA256_UNIQUE,BI_006_09_11.png,6
BI_019_R04.png,BI,B,I,BI_019,19,4,PRESENT,1,0,MARK_PRESENT,1.0,2,THICK_BASELINE_RECTANGLES=2;MAX_H_FRAC=0.922;CORE_R=2.00,FULL_AXES_RECT,99,33,538,647,9,11,Híbrida,1,1,SHA256_UNIQUE,BI_006_09_11.png,6
BI_019_R05.png,BI,B,I,BI_019,19,5,PRESENT,1,0,MARK_PRESENT,1.0,2,THICK_BASELINE_RECTANGLES=2;MAX_H_FRAC=0.919;CORE_R=2.15,FULL_AXES_RECT,99,33,761,647,9,11,Híbrida,1,1,SHA256_UNIQUE,BI_006_09_11.png,6
BI_019_R06.png,BI,B,I,BI_019,19,6,PRESENT,1,0,MARK_PRESENT,1.0,3,THICK_BASELINE_RECTANGLES=3;MAX_H_FRAC=0.919;CORE_R=2.15,FULL_AXES_RECT,99,33,761,647,9,11,Híbrida,1,1,SHA256_UNIQUE,BI_006_09_11.png,6
BI_019_R07.png,BI,B,I,BI_019,19,7,PRESENT,1,0,MARK_PRESENT,1.0,2,THICK_BASELINE_RECTANGLES=2;MAX_H_FRAC=0.922;CORE_R=2.00,FULL_AXES_RECT,99,33,538,647,9,11,Híbrida,1,1,SHA256_UNIQUE,BI_006_09_11.png,6
BI_019_R08.png,BI,B,I,BI_019,19,8,PRESENT,1,0,MARK_PRESENT,1.0,3,THICK_BASELINE_RECTANGLES=3;MAX_H_FRAC=0.922;CORE_R=2.15,FULL_AXES_RECT,99,33,983,647,9,11,Híbrida,1,1,SHA256_UNIQUE,BI_006_09_11.png,6
BI_019_R09.png,BI,B,I,BI_019,19,9,PRESENT,1,0,MARK_PRESENT,1.0,2,THICK_BASELINE_RECTANGLES=2;MAX_H_FRAC=0.919;CORE_R=2.15,FULL_AXES_RECT,99,33,761,647,9,11,Híbrida,1,1,SHA256_UNIQUE,BI_006_09_11.png,6
BI_019_R10.png,BI,B,I,BI_019,19,10,PRESENT,1,0,MARK_PRESENT,1.0,3,THICK_BASELINE_RECTANGLES=3;MAX_H_FRAC=0.919;CORE_R=2.15,FULL_AXES_RECT,99,33,983,647,9,11,Híbrida,1,1,SHA256_UNIQUE,BI_006_09_11.png,6
BI_020_R01.png,BI,B,I,BI_020,20,1,PRESENT,1,0,MARK_PRESENT,1.0,3,THICK_BASELINE_RECTANGLES=3;MAX_H_FRAC=0.949;CORE_R=2.15,FULL_AXES_RECT,152,98,898,710,10,11,Híbrida,1,1,SHA256_UNIQUE,BI_007_10_11.png,7
BI_020_R02.png,BI,B,I,BI_020,20,2,PRESENT,1,0,MARK_PRESENT,1.0,3,THICK_BASELINE_RECTANGLES=3;MAX_H_FRAC=0.949;CORE_R=2.15,FULL_AXES_RECT,152,98,898,710,10,11,Híbrida,1,1,SHA256_UNIQUE,BI_007_10_11.png,7
BI_020_R03.png,BI,B,I,BI_020,20,3,PRESENT,1,0,MARK_PRESENT,1.0,3,THICK_BASELINE_RECTANGLES=3;MAX_H_FRAC=0.949;CORE_R=2.15,FULL_AXES_RECT,152,98,898,710,10,11,Híbrida,1,1,SHA256_UNIQUE,BI_007_10_11.png,7
BI_020_R04.png,BI,B,I,BI_020,20,4,PRESENT,1,0,MARK_PRESENT,1.0,3,THICK_BASELINE_RECTANGLES=3;MAX_H_FRAC=0.949;CORE_R=2.15,FULL_AXES_RECT,152,98,898,710,10,11,Híbrida,1,1,SHA256_UNIQUE,BI_007_10_11.png,7
BI_020_R05.png,BI,B,I,BI_020,20,5,PRESENT,1,0,MARK_PRESENT,1.0,3,THICK_BASELINE_RECTANGLES=3;MAX_H_FRAC=0.949;CORE_R=2.15,FULL_AXES_RECT,152,98,898,710,10,11,Híbrida,1,1,SHA256_UNIQUE,BI_007_10_11.png,7
BI_020_R06.png,BI,B,I,BI_020,20,6,PRESENT,1,0,MARK_PRESENT,1.0,3,THICK_BASELINE_RECTANGLES=3;MAX_H_FRAC=0.949;CORE_R=2.15,FULL_AXES_RECT,152,98,898,710,10,11,Híbrida,1,1,SHA256_UNIQUE,BI_007_10_11.png,7
BI_020_R07.png,BI,B,I,BI_020,20,7,PRESENT,1,0,MARK_PRESENT,1.0,3,THICK_BASELINE_RECTANGLES=3;MAX_H_FRAC=0.949;CORE_R=2.15,FULL_AXES_RECT,152,98,898,710,10,11,Híbrida,1,1,SHA256_UNIQUE,BI_007_10_11.png,7
BI_020_R08.png,BI,B,I,BI_020,20,8,PRESENT,1,0,MARK_PRESENT,1.0,3,THICK_BASELINE_RECTANGLES=3;MAX_H_FRAC=0.949;CORE_R=2.15,FULL_AXES_RECT,152,98,898,710,10,11,Híbrida,1,1,SHA256_UNIQUE,BI_007_10_11.png,7
BI_020_R09.png,BI,B,I,BI_020,20,9,PRESENT,1,0,MARK_PRESENT,1.0,3,THICK_BASELINE_RECTANGLES=3;MAX_H_FRAC=0.949;CORE_R=2.15,FULL_AXES_RECT,152,98,898,710,10,11,Híbrida,1,1,SHA256_UNIQUE,BI_007_10_11.png,7
BI_020_R10.png,BI,B,I,BI_020,20,10,PRESENT,1,0,MARK_PRESENT,1.0,3,THICK_BASELINE_RECTANGLES=3;MAX_H_FRAC=0.949;CORE_R=2.15,FULL_AXES_RECT,152,98,898,710,10,11,Híbrida,1,1,SHA256_UNIQUE,BI_007_10_11.png,7
BI_021_R01.png,BI,B,I,BI_021,21,1,PRESENT,1,0,MARK_PRESENT,1.0,3,THICK_BASELINE_RECTANGLES=3;MAX_H_FRAC=0.873;CORE_R=2.04,FULL_AXES_RECT,80,34,1122,616,11,11,Híbrida,1,1,SHA256_UNIQUE,BI_008_11_11.png,8
BI_021_R02.png,BI,B,I,BI_021,21,2,PRESENT,1,0,MARK_PRESENT,1.0,3,THICK_BASELINE_RECTANGLES=3;MAX_H_FRAC=0.866;CORE_R=2.46,FULL_AXES_RECT,85,39,954,740,11,11,Híbrida,1,1,SHA256_UNIQUE,BI_008_11_11.png,8
BI_021_R03.png,BI,B,I,BI_021,21,3,PRESENT,1,0,MARK_PRESENT,1.0,3,THICK_BASELINE_RECTANGLES=3;MAX_H_FRAC=0.866;CORE_R=2.46,FULL_AXES_RECT,85,39,954,740,11,11,Híbrida,1,1,SHA256_UNIQUE,BI_008_11_11.png,8
BI_021_R04.png,BI,B,I,BI_021,21,4,PRESENT,1,0,MARK_PRESENT,1.0,3,THICK_BASELINE_RECTANGLES=3;MAX_H_FRAC=0.866;CORE_R=2.46,FULL_AXES_RECT,85,39,954,740,11,11,Híbrida,1,1,SHA256_UNIQUE,BI_008_11_11.png,8
BI_021_R05.png,BI,B,I,BI_021,21,5,PRESENT,1,0,MARK_PRESENT,1.0,3,THICK_BASELINE_RECTANGLES=3;MAX_H_FRAC=0.866;CORE_R=2.46,FULL_AXES_RECT,85,39,954,740,11,11,Híbrida,1,1,SHA256_UNIQUE,BI_008_11_11.png,8
BI_021_R06.png,BI,B,I,BI_021,21,6,PRESENT,1,0,MARK_PRESENT,1.0,3,THICK_BASELINE_RECTANGLES=3;MAX_H_FRAC=0.866;CORE_R=2.46,FULL_AXES_RECT,85,39,954,740,11,11,Híbrida,1,1,SHA256_UNIQUE,BI_008_11_11.png,8
BI_021_R07.png,BI,B,I,BI_021,21,7,PRESENT,1,0,MARK_PRESENT,1.0,3,THICK_BASELINE_RECTANGLES=3;MAX_H_FRAC=0.866;CORE_R=2.46,FULL_AXES_RECT,85,39,954,740,11,11,Híbrida,1,1,SHA256_UNIQUE,BI_008_11_11.png,8
BI_021_R08.png,BI,B,I,BI_021,21,8,PRESENT,1,0,MARK_PRESENT,1.0,3,THICK_BASELINE_RECTANGLES=3;MAX_H_FRAC=0.866;CORE_R=2.46,FULL_AXES_RECT,85,39,954,740,11,11,Híbrida,1,1,SHA256_UNIQUE,BI_008_11_11.png,8
BI_021_R09.png,BI,B,I,BI_021,21,9,PRESENT,1,0,MARK_PRESENT,1.0,3,THICK_BASELINE_RECTANGLES=3;MAX_H_FRAC=0.866;CORE_R=2.46,FULL_AXES_RECT,85,39,954,740,11,11,Híbrida,1,1,SHA256_UNIQUE,BI_008_11_11.png,8
BI_021_R10.png,BI,B,I,BI_021,21,10,PRESENT,1,0,MARK_PRESENT,1.0,3,THICK_BASELINE_RECTANGLES=3;MAX_H_FRAC=0.866;CORE_R=2.46,FULL_AXES_RECT,85,39,954,740,11,11,Híbrida,1,1,SHA256_UNIQUE,BI_008_11_11.png,8
BI_022_R01.png,BI,B,I,BI_022,22,1,PRESENT,1,0,MARK_PRESENT,1.0,3,THICK_BASELINE_RECTANGLES=3;MAX_H_FRAC=0.947;CORE_R=2.04,FULL_AXES_RECT,80,34,1122,616,12,11,Híbrida,1,1,SHA256_UNIQUE,BI_009_12_11.png,9
BI_022_R02.png,BI,B,I,BI_022,22,2,PRESENT,1,0,MARK_PRESENT,1.0,3,THICK_BASELINE_RECTANGLES=3;MAX_H_FRAC=0.962;CORE_R=2.04,FULL_AXES_RECT,102,33,1144,615,12,11,Híbrida,1,1,SHA256_UNIQUE,BI_009_12_11.png,9
BI_022_R03.png,BI,B,I,BI_022,22,3,PRESENT,1,0,MARK_PRESENT,1.0,3,THICK_BASELINE_RECTANGLES=3;MAX_H_FRAC=0.962;CORE_R=2.04,FULL_AXES_RECT,102,33,1144,615,12,11,Híbrida,1,1,SHA256_UNIQUE,BI_009_12_11.png,9
BI_022_R04.png,BI,B,I,BI_022,22,4,PRESENT,1,0,MARK_PRESENT,1.0,3,THICK_BASELINE_RECTANGLES=3;MAX_H_FRAC=0.962;CORE_R=2.04,FULL_AXES_RECT,102,33,1144,615,12,11,Híbrida,1,1,SHA256_UNIQUE,BI_009_12_11.png,9
BI_022_R05.png,BI,B,I,BI_022,22,5,PRESENT,1,0,MARK_PRESENT,1.0,3,THICK_BASELINE_RECTANGLES=3;MAX_H_FRAC=0.962;CORE_R=2.04,FULL_AXES_RECT,102,33,1144,615,12,11,Híbrida,1,1,SHA256_UNIQUE,BI_009_12_11.png,9
BI_022_R06.png,BI,B,I,BI_022,22,6,PRESENT,1,0,MARK_PRESENT,1.0,3,THICK_BASELINE_RECTANGLES=3;MAX_H_FRAC=0.962;CORE_R=2.04,FULL_AXES_RECT,102,33,1144,615,12,11,Híbrida,1,1,SHA256_UNIQUE,BI_009_12_11.png,9
BI_022_R07.png,BI,B,I,BI_022,22,7,PRESENT,1,0,MARK_PRESENT,1.0,3,THICK_BASELINE_RECTANGLES=3;MAX_H_FRAC=0.961;CORE_R=2.04,FULL_AXES_RECT,102,32,1144,614,12,11,Híbrida,1,1,SHA256_UNIQUE,BI_009_12_11.png,9
BI_022_R08.png,BI,B,I,BI_022,22,8,PRESENT,1,0,MARK_PRESENT,1.0,3,THICK_BASELINE_RECTANGLES=3;MAX_H_FRAC=0.962;CORE_R=2.04,FULL_AXES_RECT,102,33,1144,615,12,11,Híbrida,1,1,SHA256_UNIQUE,BI_009_12_11.png,9
BI_022_R09.png,BI,B,I,BI_022,22,9,PRESENT,1,0,MARK_PRESENT,1.0,3,THICK_BASELINE_RECTANGLES=3;MAX_H_FRAC=0.961;CORE_R=2.04,FULL_AXES_RECT,102,32,1144,614,12,11,Híbrida,1,1,SHA256_UNIQUE,BI_009_12_11.png,9
BI_022_R10.png,BI,B,I,BI_022,22,10,PRESENT,1,0,MARK_PRESENT,1.0,3,THICK_BASELINE_RECTANGLES=3;MAX_H_FRAC=0.961;CORE_R=2.04,FULL_AXES_RECT,102,32,1144,614,12,11,Híbrida,1,1,SHA256_UNIQUE,BI_009_12_11.png,9
BI_023_R01.png,BI,B,I,BI_023,23,1,PRESENT,1,0,MARK_PRESENT,1.0,3,THICK_BASELINE_RECTANGLES=3;MAX_H_FRAC=0.993;CORE_R=2.04,FULL_AXES_RECT,78,34,1120,616,13,11,Híbrida,1,1,SHA256_UNIQUE,BI_010_13_11.png,10
BI_023_R02.png,BI,B,I,BI_023,23,2,PRESENT,1,0,MARK_PRESENT,1.0,3,THICK_BASELINE_RECTANGLES=3;MAX_H_FRAC=0.948;CORE_R=2.15,FULL_AXES_RECT,97,34,881,648,13,11,Híbrida,1,1,SHA256_UNIQUE,BI_010_13_11.png,10
BI_023_R03.png,BI,B,I,BI_023,23,3,PRESENT,1,0,MARK_PRESENT,1.0,3,THICK_BASELINE_RECTANGLES=3;MAX_H_FRAC=0.948;CORE_R=2.15,FULL_AXES_RECT,97,34,881,648,13,11,Híbrida,1,1,SHA256_UNIQUE,BI_010_13_11.png,10
BI_023_R04.png,BI,B,I,BI_023,23,4,PRESENT,1,0,MARK_PRESENT,1.0,3,THICK_BASELINE_RECTANGLES=3;MAX_H_FRAC=0.948;CORE_R=2.15,FULL_AXES_RECT,97,34,881,648,13,11,Híbrida,1,1,SHA256_UNIQUE,BI_010_13_11.png,10
BI_023_R05.png,BI,B,I,BI_023,23,5,PRESENT,1,0,MARK_PRESENT,1.0,3,THICK_BASELINE_RECTANGLES=3;MAX_H_FRAC=0.948;CORE_R=2.15,FULL_AXES_RECT,97,34,881,648,13,11,Híbrida,1,1,SHA256_UNIQUE,BI_010_13_11.png,10
BI_023_R06.png,BI,B,I,BI_023,23,6,PRESENT,1,0,MARK_PRESENT,1.0,3,THICK_BASELINE_RECTANGLES=3;MAX_H_FRAC=0.948;CORE_R=2.15,FULL_AXES_RECT,97,34,881,648,13,11,Híbrida,1,1,SHA256_UNIQUE,BI_010_13_11.png,10
BI_023_R07.png,BI,B,I,BI_023,23,7,PRESENT,1,0,MARK_PRESENT,1.0,3,THICK_BASELINE_RECTANGLES=3;MAX_H_FRAC=0.948;CORE_R=2.15,FULL_AXES_RECT,97,34,881,648,13,11,Híbrida,1,1,SHA256_UNIQUE,BI_010_13_11.png,10
BI_023_R08.png,BI,B,I,BI_023,23,8,PRESENT,1,0,MARK_PRESENT,1.0,3,THICK_BASELINE_RECTANGLES=3;MAX_H_FRAC=0.948;CORE_R=2.15,FULL_AXES_RECT,97,34,881,648,13,11,Híbrida,1,1,SHA256_UNIQUE,BI_010_13_11.png,10
BI_023_R09.png,BI,B,I,BI_023,23,9,PRESENT,1,0,MARK_PRESENT,1.0,3,THICK_BASELINE_RECTANGLES=3;MAX_H_FRAC=0.948;CORE_R=2.15,FULL_AXES_RECT,97,34,881,648,13,11,Híbrida,1,1,SHA256_UNIQUE,BI_010_13_11.png,10
BI_023_R10.png,BI,B,I,BI_023,23,10,PRESENT,1,0,MARK_PRESENT,1.0,3,THICK_BASELINE_RECTANGLES=3;MAX_H_FRAC=0.948;CORE_R=2.15,FULL_AXES_RECT,97,34,881,648,13,11,Híbrida,1,1,SHA256_UNIQUE,BI_010_13_11.png,10
BI_024_R01.png,BI,B,I,BI_024,24,1,PRESENT,1,0,MARK_PRESENT,1.0,3,THICK_BASELINE_RECTANGLES=3;MAX_H_FRAC=0.947;CORE_R=2.04,FULL_AXES_RECT,77,34,1072,616,14,11,Híbrida,1,1,SHA256_UNIQUE,BI_011_14_11.png,11
BI_024_R02.png,BI,B,I,BI_024,24,2,PRESENT,1,0,MARK_PRESENT,1.0,3,THICK_BASELINE_RECTANGLES=3;MAX_H_FRAC=0.964;CORE_R=2.04,FULL_AXES_RECT,49,34,833,616,14,11,Híbrida,1,1,SHA256_UNIQUE,BI_011_14_11.png,11
BI_024_R03.png,BI,B,I,BI_024,24,3,PRESENT,1,0,MARK_PRESENT,1.0,3,THICK_BASELINE_RECTANGLES=3;MAX_H_FRAC=0.964;CORE_R=2.04,FULL_AXES_RECT,49,34,833,616,14,11,Híbrida,1,1,SHA256_UNIQUE,BI_011_14_11.png,11
BI_024_R04.png,BI,B,I,BI_024,24,4,PRESENT,1,0,MARK_PRESENT,1.0,3,THICK_BASELINE_RECTANGLES=3;MAX_H_FRAC=0.964;CORE_R=2.04,FULL_AXES_RECT,49,34,833,616,14,11,Híbrida,1,1,SHA256_UNIQUE,BI_011_14_11.png,11
BI_024_R05.png,BI,B,I,BI_024,24,5,PRESENT,1,0,MARK_PRESENT,1.0,3,THICK_BASELINE_RECTANGLES=3;MAX_H_FRAC=0.964;CORE_R=2.04,FULL_AXES_RECT,49,34,833,616,14,11,Híbrida,1,1,SHA256_UNIQUE,BI_011_14_11.png,11
BI_024_R06.png,BI,B,I,BI_024,24,6,PRESENT,1,0,MARK_PRESENT,1.0,3,THICK_BASELINE_RECTANGLES=3;MAX_H_FRAC=0.964;CORE_R=2.04,FULL_AXES_RECT,49,34,833,616,14,11,Híbrida,1,1,SHA256_UNIQUE,BI_011_14_11.png,11
BI_024_R07.png,BI,B,I,BI_024,24,7,PRESENT,1,0,MARK_PRESENT,1.0,3,THICK_BASELINE_RECTANGLES=3;MAX_H_FRAC=0.964;CORE_R=2.04,FULL_AXES_RECT,49,34,833,616,14,11,Híbrida,1,1,SHA256_UNIQUE,BI_011_14_11.png,11
BI_024_R08.png,BI,B,I,BI_024,24,8,PRESENT,1,0,MARK_PRESENT,1.0,3,THICK_BASELINE_RECTANGLES=3;MAX_H_FRAC=0.964;CORE_R=2.04,FULL_AXES_RECT,49,34,833,616,14,11,Híbrida,1,1,SHA256_UNIQUE,BI_011_14_11.png,11
BI_024_R09.png,BI,B,I,BI_024,24,9,PRESENT,1,0,MARK_PRESENT,1.0,3,THICK_BASELINE_RECTANGLES=3;MAX_H_FRAC=0.964;CORE_R=2.04,FULL_AXES_RECT,49,34,833,616,14,11,Híbrida,1,1,SHA256_UNIQUE,BI_011_14_11.png,11
BI_024_R10.png,BI,B,I,BI_024,24,10,PRESENT,1,0,MARK_PRESENT,1.0,3,THICK_BASELINE_RECTANGLES=3;MAX_H_FRAC=0.964;CORE_R=2.04,FULL_AXES_RECT,49,34,833,616,14,11,Híbrida,1,1,SHA256_UNIQUE,BI_011_14_11.png,11
BI_025_R01.png,BI,B,I,BI_025,25,1,PRESENT,1,0,MARK_PRESENT,1.0,3,THICK_BASELINE_RECTANGLES=3;MAX_H_FRAC=0.950;CORE_R=2.45,FULL_AXES_RECT,121,35,932,735,15,11,Híbrida,1,1,SHA256_UNIQUE,BI_012_15_11.png,12
BI_025_R02.png,BI,B,I,BI_025,25,2,PRESENT,1,0,MARK_PRESENT,1.0,10,THICK_BASELINE_RECTANGLES=10;MAX_H_FRAC=0.947;CORE_R=2.04,FULL_AXES_RECT,129,34,1171,616,15,11,Híbrida,1,1,SHA256_UNIQUE,BI_012_15_11.png,12
BI_025_R03.png,BI,B,I,BI_025,25,3,PRESENT,1,0,MARK_PRESENT,1.0,10,THICK_BASELINE_RECTANGLES=10;MAX_H_FRAC=0.947;CORE_R=2.04,FULL_AXES_RECT,129,34,1171,616,15,11,Híbrida,1,1,SHA256_UNIQUE,BI_012_15_11.png,12
BI_025_R04.png,BI,B,I,BI_025,25,4,PRESENT,1,0,MARK_PRESENT,1.0,10,THICK_BASELINE_RECTANGLES=10;MAX_H_FRAC=0.947;CORE_R=2.04,FULL_AXES_RECT,129,34,1171,616,15,11,Híbrida,1,1,SHA256_UNIQUE,BI_012_15_11.png,12
BI_025_R05.png,BI,B,I,BI_025,25,5,PRESENT,1,0,MARK_PRESENT,1.0,3,THICK_BASELINE_RECTANGLES=3;MAX_H_FRAC=0.890;CORE_R=2.04,FULL_AXES_RECT,129,34,873,616,15,11,Híbrida,1,1,SHA256_UNIQUE,BI_012_15_11.png,12
BI_025_R06.png,BI,B,I,BI_025,25,6,PRESENT,1,0,MARK_PRESENT,1.0,3,THICK_BASELINE_RECTANGLES=3;MAX_H_FRAC=0.887;CORE_R=2.04,FULL_AXES_RECT,129,34,873,616,15,11,Híbrida,1,1,SHA256_UNIQUE,BI_012_15_11.png,12
BI_025_R07.png,BI,B,I,BI_025,25,7,PRESENT,1,0,MARK_PRESENT,1.0,3,THICK_BASELINE_RECTANGLES=3;MAX_H_FRAC=0.890;CORE_R=2.04,FULL_AXES_RECT,129,34,873,616,15,11,Híbrida,1,1,SHA256_UNIQUE,BI_012_15_11.png,12
BI_025_R08.png,BI,B,I,BI_025,25,8,PRESENT,1,0,MARK_PRESENT,1.0,3,THICK_BASELINE_RECTANGLES=3;MAX_H_FRAC=0.890;CORE_R=2.04,FULL_AXES_RECT,129,34,873,616,15,11,Híbrida,1,1,SHA256_UNIQUE,BI_012_15_11.png,12
BI_025_R09.png,BI,B,I,BI_025,25,9,PRESENT,1,0,MARK_PRESENT,1.0,3,THICK_BASELINE_RECTANGLES=3;MAX_H_FRAC=0.887;CORE_R=2.04,FULL_AXES_RECT,129,34,873,616,15,11,Híbrida,1,1,SHA256_UNIQUE,BI_012_15_11.png,12
BI_025_R10.png,BI,B,I,BI_025,25,10,PRESENT,1,0,MARK_PRESENT,1.0,3,THICK_BASELINE_RECTANGLES=3;MAX_H_FRAC=0.890;CORE_R=2.04,FULL_AXES_RECT,129,34,873,616,15,11,Híbrida,1,1,SHA256_UNIQUE,BI_012_15_11.png,12
BI_026_R01.png,BI,B,I,BI_026,26,1,PRESENT,1,0,MARK_PRESENT,1.0,3,THICK_BASELINE_RECTANGLES=3;MAX_H_FRAC=0.906;CORE_R=2.45,FULL_AXES_RECT,69,35,944,734,16,11,Híbrida,1,1,SHA256_UNIQUE,BI_013_16_11.png,13
BI_026_R02.png,BI,B,I,BI_026,26,2,PRESENT,1,0,MARK_PRESENT,1.0,3,THICK_BASELINE_RECTANGLES=3;MAX_H_FRAC=0.971;CORE_R=2.03,FULL_AXES_RECT,98,98,958,678,16,11,Híbrida,1,1,SHA256_UNIQUE,BI_013_16_11.png,13
BI_026_R03.png,BI,B,I,BI_026,26,3,PRESENT,1,0,MARK_PRESENT,1.0,3,THICK_BASELINE_RECTANGLES=3;MAX_H_FRAC=0.972;CORE_R=2.03,FULL_AXES_RECT,98,98,958,678,16,11,Híbrida,1,1,SHA256_UNIQUE,BI_013_16_11.png,13
BI_026_R04.png,BI,B,I,BI_026,26,4,PRESENT,1,0,MARK_PRESENT,1.0,3,THICK_BASELINE_RECTANGLES=3;MAX_H_FRAC=0.971;CORE_R=2.03,FULL_AXES_RECT,98,98,958,678,16,11,Híbrida,1,1,SHA256_UNIQUE,BI_013_16_11.png,13
BI_026_R05.png,BI,B,I,BI_026,26,5,PRESENT,1,0,MARK_PRESENT,1.0,3,THICK_BASELINE_RECTANGLES=3;MAX_H_FRAC=0.971;CORE_R=2.03,FULL_AXES_RECT,98,98,958,678,16,11,Híbrida,1,1,SHA256_UNIQUE,BI_013_16_11.png,13
BI_026_R06.png,BI,B,I,BI_026,26,6,PRESENT,1,0,MARK_PRESENT,1.0,3,THICK_BASELINE_RECTANGLES=3;MAX_H_FRAC=0.971;CORE_R=2.03,FULL_AXES_RECT,98,98,958,678,16,11,Híbrida,1,1,SHA256_UNIQUE,BI_013_16_11.png,13
BI_026_R07.png,BI,B,I,BI_026,26,7,PRESENT,1,0,MARK_PRESENT,1.0,3,THICK_BASELINE_RECTANGLES=3;MAX_H_FRAC=0.972;CORE_R=2.03,FULL_AXES_RECT,98,98,958,678,16,11,Híbrida,1,1,SHA256_UNIQUE,BI_013_16_11.png,13
BI_026_R08.png,BI,B,I,BI_026,26,8,PRESENT,1,0,MARK_PRESENT,1.0,3,THICK_BASELINE_RECTANGLES=3;MAX_H_FRAC=0.972;CORE_R=2.03,FULL_AXES_RECT,98,98,958,678,16,11,Híbrida,1,1,SHA256_UNIQUE,BI_013_16_11.png,13
BI_026_R09.png,BI,B,I,BI_026,26,9,PRESENT,1,0,MARK_PRESENT,1.0,3,THICK_BASELINE_RECTANGLES=3;MAX_H_FRAC=0.971;CORE_R=2.03,FULL_AXES_RECT,98,98,958,678,16,11,Híbrida,1,1,SHA256_UNIQUE,BI_013_16_11.png,13
BI_026_R10.png,BI,B,I,BI_026,26,10,PRESENT,1,0,MARK_PRESENT,1.0,3,THICK_BASELINE_RECTANGLES=3;MAX_H_FRAC=0.971;CORE_R=2.03,FULL_AXES_RECT,98,98,958,678,16,11,Híbrida,1,1,SHA256_UNIQUE,BI_013_16_11.png,13
BI_027_R01.png,BI,B,I,BI_027,27,1,PRESENT,1,0,MARK_PRESENT,1.0,3,THICK_BASELINE_RECTANGLES=3;MAX_H_FRAC=0.933;CORE_R=2.45,FULL_AXES_RECT,69,35,896,734,1,01,VQL,0,1,SHA256_UNIQUE,BI_001_01_01.png,1
BI_027_R02.png,BI,B,I,BI_027,27,2,PRESENT,1,0,MARK_PRESENT,1.0,3,THICK_BASELINE_RECTANGLES=3;MAX_H_FRAC=0.933;CORE_R=2.03,FULL_AXES_RECT,98,98,1138,678,1,01,VQL,0,1,SHA256_UNIQUE,BI_001_01_01.png,1
BI_027_R03.png,BI,B,I,BI_027,27,3,PRESENT,1,0,MARK_PRESENT,1.0,3,THICK_BASELINE_RECTANGLES=3;MAX_H_FRAC=0.933;CORE_R=2.03,FULL_AXES_RECT,98,98,1138,678,1,01,VQL,0,1,SHA256_UNIQUE,BI_001_01_01.png,1
BI_027_R04.png,BI,B,I,BI_027,27,4,PRESENT,1,0,MARK_PRESENT,1.0,3,THICK_BASELINE_RECTANGLES=3;MAX_H_FRAC=0.933;CORE_R=2.03,FULL_AXES_RECT,98,98,1138,678,1,01,VQL,0,1,SHA256_UNIQUE,BI_001_01_01.png,1
BI_027_R05.png,BI,B,I,BI_027,27,5,PRESENT,1,0,MARK_PRESENT,1.0,3,THICK_BASELINE_RECTANGLES=3;MAX_H_FRAC=0.933;CORE_R=2.03,FULL_AXES_RECT,98,98,1138,678,1,01,VQL,0,1,SHA256_UNIQUE,BI_001_01_01.png,1
BI_027_R06.png,BI,B,I,BI_027,27,6,PRESENT,1,0,MARK_PRESENT,1.0,3,THICK_BASELINE_RECTANGLES=3;MAX_H_FRAC=0.933;CORE_R=2.03,FULL_AXES_RECT,98,98,1138,678,1,01,VQL,0,1,SHA256_UNIQUE,BI_001_01_01.png,1
BI_027_R07.png,BI,B,I,BI_027,27,7,PRESENT,1,0,MARK_PRESENT,1.0,3,THICK_BASELINE_RECTANGLES=3;MAX_H_FRAC=0.933;CORE_R=2.03,FULL_AXES_RECT,98,98,1138,678,1,01,VQL,0,1,SHA256_UNIQUE,BI_001_01_01.png,1
BI_027_R08.png,BI,B,I,BI_027,27,8,PRESENT,1,0,MARK_PRESENT,1.0,3,THICK_BASELINE_RECTANGLES=3;MAX_H_FRAC=0.933;CORE_R=2.03,FULL_AXES_RECT,98,98,1138,678,1,01,VQL,0,1,SHA256_UNIQUE,BI_001_01_01.png,1
BI_027_R09.png,BI,B,I,BI_027,27,9,PRESENT,1,0,MARK_PRESENT,1.0,3,THICK_BASELINE_RECTANGLES=3;MAX_H_FRAC=0.933;CORE_R=2.03,FULL_AXES_RECT,98,98,1138,678,1,01,VQL,0,1,SHA256_UNIQUE,BI_001_01_01.png,1
BI_027_R10.png,BI,B,I,BI_027,27,10,PRESENT,1,0,MARK_PRESENT,1.0,3,THICK_BASELINE_RECTANGLES=3;MAX_H_FRAC=0.933;CORE_R=2.03,FULL_AXES_RECT,98,98,1138,678,1,01,VQL,0,1,SHA256_UNIQUE,BI_001_01_01.png,1
BI_028_R01.png,BI,B,I,BI_028,28,1,PRESENT,1,0,MARK_PRESENT,1.0,3,THICK_BASELINE_RECTANGLES=3;MAX_H_FRAC=0.949;CORE_R=2.04,FULL_AXES_RECT,68,34,812,616,4,01,VQL,0,1,SHA256_UNIQUE,BI_002_04_01.png,2
BI_028_R02.png,BI,B,I,BI_028,28,2,ABSENT_OR_UNCERTAIN,0,1,MARK_ABSENT,0.2,1,THICK_BASELINE_RECTANGLES=1;MAX_H_FRAC=0.019;CORE_R=2.03,FULL_AXES_RECT,98,98,1138,678,4,01,VQL,0,1,SHA256_UNIQUE,BI_002_04_01.png,2
BI_028_R03.png,BI,B,I,BI_028,28,3,PRESENT,1,0,MARK_PRESENT,1.0,2,THICK_BASELINE_RECTANGLES=2;MAX_H_FRAC=0.948;CORE_R=2.17,FULL_AXES_RECT,75,40,771,660,4,01,VQL,0,1,SHA256_UNIQUE,BI_002_04_01.png,2
BI_028_R04.png,BI,B,I,BI_028,28,4,ABSENT_OR_UNCERTAIN,0,1,MARK_ABSENT,0.2,1,THICK_BASELINE_RECTANGLES=1;MAX_H_FRAC=0.019;CORE_R=2.03,FULL_AXES_RECT,98,98,1138,678,4,01,VQL,0,1,SHA256_UNIQUE,BI_002_04_01.png,2
BI_028_R05.png,BI,B,I,BI_028,28,5,PRESENT,1,0,MARK_PRESENT,1.0,2,THICK_BASELINE_RECTANGLES=2;MAX_H_FRAC=0.948;CORE_R=2.17,FULL_AXES_RECT,75,40,771,660,4,01,VQL,0,1,SHA256_UNIQUE,BI_002_04_01.png,2
BI_028_R06.png,BI,B,I,BI_028,28,6,ABSENT_OR_UNCERTAIN,0,1,MARK_ABSENT,0.2,1,THICK_BASELINE_RECTANGLES=1;MAX_H_FRAC=0.019;CORE_R=2.03,FULL_AXES_RECT,98,98,1138,678,4,01,VQL,0,1,SHA256_UNIQUE,BI_002_04_01.png,2
BI_028_R07.png,BI,B,I,BI_028,28,7,ABSENT_OR_UNCERTAIN,0,1,MARK_ABSENT,0.2,1,THICK_BASELINE_RECTANGLES=1;MAX_H_FRAC=0.019;CORE_R=2.03,FULL_AXES_RECT,98,98,1138,678,4,01,VQL,0,1,SHA256_UNIQUE,BI_002_04_01.png,2
BI_028_R08.png,BI,B,I,BI_028,28,8,PRESENT,1,0,MARK_PRESENT,1.0,3,THICK_BASELINE_RECTANGLES=3;MAX_H_FRAC=0.950;CORE_R=2.03,FULL_AXES_RECT,98,98,1138,678,4,01,VQL,0,1,SHA256_UNIQUE,BI_002_04_01.png,2
BI_028_R09.png,BI,B,I,BI_028,28,9,PRESENT,1,0,MARK_PRESENT,1.0,2,THICK_BASELINE_RECTANGLES=2;MAX_H_FRAC=0.948;CORE_R=2.17,FULL_AXES_RECT,75,40,771,660,4,01,VQL,0,1,SHA256_UNIQUE,BI_002_04_01.png,2
BI_028_R10.png,BI,B,I,BI_028,28,10,PRESENT,1,0,MARK_PRESENT,1.0,3,THICK_BASELINE_RECTANGLES=3;MAX_H_FRAC=0.950;CORE_R=2.03,FULL_AXES_RECT,98,98,1138,678,4,01,VQL,0,1,SHA256_UNIQUE,BI_002_04_01.png,2
BI_029_R01.png,BI,B,I,BI_029,29,1,PRESENT,1,0,MARK_PRESENT,1.0,3,THICK_BASELINE_RECTANGLES=3;MAX_H_FRAC=0.947;CORE_R=2.04,FULL_AXES_RECT,50,34,794,616,6,01,VQL,0,1,SHA256_UNIQUE,BI_003_06_01.png,3
BI_029_R02.png,BI,B,I,BI_029,29,2,PRESENT,1,0,MARK_PRESENT,1.0,3,THICK_BASELINE_RECTANGLES=3;MAX_H_FRAC=0.948;CORE_R=2.03,FULL_AXES_RECT,98,98,1138,678,6,01,VQL,0,1,SHA256_UNIQUE,BI_003_06_01.png,3
BI_029_R03.png,BI,B,I,BI_029,29,3,PRESENT,1,0,MARK_PRESENT,1.0,3,THICK_BASELINE_RECTANGLES=3;MAX_H_FRAC=0.948;CORE_R=2.03,FULL_AXES_RECT,98,98,1138,678,6,01,VQL,0,1,SHA256_UNIQUE,BI_003_06_01.png,3
BI_029_R04.png,BI,B,I,BI_029,29,4,PRESENT,1,0,MARK_PRESENT,1.0,3,THICK_BASELINE_RECTANGLES=3;MAX_H_FRAC=0.948;CORE_R=2.03,FULL_AXES_RECT,98,98,1138,678,6,01,VQL,0,1,SHA256_UNIQUE,BI_003_06_01.png,3
BI_029_R05.png,BI,B,I,BI_029,29,5,PRESENT,1,0,MARK_PRESENT,1.0,3,THICK_BASELINE_RECTANGLES=3;MAX_H_FRAC=0.948;CORE_R=2.03,FULL_AXES_RECT,98,98,1138,678,6,01,VQL,0,1,SHA256_UNIQUE,BI_003_06_01.png,3
BI_029_R06.png,BI,B,I,BI_029,29,6,PRESENT,1,0,MARK_PRESENT,1.0,3,THICK_BASELINE_RECTANGLES=3;MAX_H_FRAC=0.948;CORE_R=2.03,FULL_AXES_RECT,98,98,1138,678,6,01,VQL,0,1,SHA256_UNIQUE,BI_003_06_01.png,3
BI_029_R07.png,BI,B,I,BI_029,29,7,PRESENT,1,0,MARK_PRESENT,1.0,3,THICK_BASELINE_RECTANGLES=3;MAX_H_FRAC=0.948;CORE_R=2.03,FULL_AXES_RECT,98,98,1138,678,6,01,VQL,0,1,SHA256_UNIQUE,BI_003_06_01.png,3
BI_029_R08.png,BI,B,I,BI_029,29,8,PRESENT,1,0,MARK_PRESENT,1.0,3,THICK_BASELINE_RECTANGLES=3;MAX_H_FRAC=0.948;CORE_R=2.03,FULL_AXES_RECT,98,98,1138,678,6,01,VQL,0,1,SHA256_UNIQUE,BI_003_06_01.png,3
BI_029_R09.png,BI,B,I,BI_029,29,9,PRESENT,1,0,MARK_PRESENT,1.0,3,THICK_BASELINE_RECTANGLES=3;MAX_H_FRAC=0.948;CORE_R=2.03,FULL_AXES_RECT,98,98,1138,678,6,01,VQL,0,1,SHA256_UNIQUE,BI_003_06_01.png,3
BI_029_R10.png,BI,B,I,BI_029,29,10,PRESENT,1,0,MARK_PRESENT,1.0,3,THICK_BASELINE_RECTANGLES=3;MAX_H_FRAC=0.948;CORE_R=2.03,FULL_AXES_RECT,98,98,1138,678,6,01,VQL,0,1,SHA256_UNIQUE,BI_003_06_01.png,3
BI_030_R01.png,BI,B,I,BI_030,30,1,PRESENT,1,0,MARK_PRESENT,1.0,7,THICK_BASELINE_RECTANGLES=7;MAX_H_FRAC=0.857;CORE_R=2.67,AXIS_PARTIAL,241,72,1444,834,7,01,VQL,0,1,SHA256_UNIQUE,BI_004_07_01.png,4
BI_030_R02.png,BI,B,I,BI_030,30,2,PRESENT,1,0,MARK_PRESENT,1.0,3,THICK_BASELINE_RECTANGLES=3;MAX_H_FRAC=0.962;CORE_R=2.04,FULL_AXES_RECT,102,34,940,616,7,01,VQL,0,1,SHA256_UNIQUE,BI_004_07_01.png,4
BI_030_R03.png,BI,B,I,BI_030,30,3,PRESENT,1,0,MARK_PRESENT,1.0,3,THICK_BASELINE_RECTANGLES=3;MAX_H_FRAC=0.964;CORE_R=2.04,FULL_AXES_RECT,102,34,940,616,7,01,VQL,0,1,SHA256_UNIQUE,BI_004_07_01.png,4
BI_030_R04.png,BI,B,I,BI_030,30,4,PRESENT,1,0,MARK_PRESENT,1.0,3,THICK_BASELINE_RECTANGLES=3;MAX_H_FRAC=0.964;CORE_R=2.04,FULL_AXES_RECT,102,34,940,616,7,01,VQL,0,1,SHA256_UNIQUE,BI_004_07_01.png,4
BI_030_R05.png,BI,B,I,BI_030,30,5,PRESENT,1,0,MARK_PRESENT,1.0,3,THICK_BASELINE_RECTANGLES=3;MAX_H_FRAC=0.962;CORE_R=2.04,FULL_AXES_RECT,102,34,940,616,7,01,VQL,0,1,SHA256_UNIQUE,BI_004_07_01.png,4
BI_030_R06.png,BI,B,I,BI_030,30,6,PRESENT,1,0,MARK_PRESENT,1.0,3,THICK_BASELINE_RECTANGLES=3;MAX_H_FRAC=0.962;CORE_R=2.04,FULL_AXES_RECT,102,34,940,616,7,01,VQL,0,1,SHA256_UNIQUE,BI_004_07_01.png,4
BI_030_R07.png,BI,B,I,BI_030,30,7,PRESENT,1,0,MARK_PRESENT,1.0,4,THICK_BASELINE_RECTANGLES=4;MAX_H_FRAC=0.867;CORE_R=2.15,FULL_AXES_RECT,93,33,877,647,7,01,VQL,0,1,SHA256_UNIQUE,BI_004_07_01.png,4
BI_030_R08.png,BI,B,I,BI_030,30,8,PRESENT,1,0,MARK_PRESENT,1.0,4,THICK_BASELINE_RECTANGLES=4;MAX_H_FRAC=0.867;CORE_R=2.15,FULL_AXES_RECT,93,33,877,647,7,01,VQL,0,1,SHA256_UNIQUE,BI_004_07_01.png,4
BI_030_R09.png,BI,B,I,BI_030,30,9,PRESENT,1,0,MARK_PRESENT,1.0,4,THICK_BASELINE_RECTANGLES=4;MAX_H_FRAC=0.867;CORE_R=2.15,FULL_AXES_RECT,93,33,877,647,7,01,VQL,0,1,SHA256_UNIQUE,BI_004_07_01.png,4
BI_030_R10.png,BI,B,I,BI_030,30,10,PRESENT,1,0,MARK_PRESENT,1.0,4,THICK_BASELINE_RECTANGLES=4;MAX_H_FRAC=0.865;CORE_R=2.15,FULL_AXES_RECT,93,33,877,647,7,01,VQL,0,1,SHA256_UNIQUE,BI_004_07_01.png,4
BI_031_R01.png,BI,B,I,BI_031,31,1,PRESENT,1,0,MARK_PRESENT,1.0,2,THICK_BASELINE_RECTANGLES=2;MAX_H_FRAC=0.964;CORE_R=2.00,FULL_AXES_RECT,102,33,844,591,8,01,VQL,0,1,SHA256_UNIQUE,BI_005_08_01.png,5
BI_031_R02.png,BI,B,I,BI_031,31,2,PRESENT,1,0,MARK_PRESENT,1.0,3,THICK_BASELINE_RECTANGLES=3;MAX_H_FRAC=0.967;CORE_R=2.03,FULL_AXES_RECT,236,107,816,687,8,01,VQL,0,1,SHA256_UNIQUE,BI_005_08_01.png,5
BI_031_R03.png,BI,B,I,BI_031,31,3,PRESENT,1,0,MARK_PRESENT,1.0,3,THICK_BASELINE_RECTANGLES=3;MAX_H_FRAC=0.967;CORE_R=2.03,FULL_AXES_RECT,236,107,816,687,8,01,VQL,0,1,SHA256_UNIQUE,BI_005_08_01.png,5
BI_031_R04.png,BI,B,I,BI_031,31,4,PRESENT,1,0,MARK_PRESENT,1.0,3,THICK_BASELINE_RECTANGLES=3;MAX_H_FRAC=0.967;CORE_R=2.03,FULL_AXES_RECT,236,107,816,687,8,01,VQL,0,1,SHA256_UNIQUE,BI_005_08_01.png,5
BI_031_R05.png,BI,B,I,BI_031,31,5,PRESENT,1,0,MARK_PRESENT,1.0,3,THICK_BASELINE_RECTANGLES=3;MAX_H_FRAC=0.967;CORE_R=2.03,FULL_AXES_RECT,236,107,816,687,8,01,VQL,0,1,SHA256_UNIQUE,BI_005_08_01.png,5
BI_031_R06.png,BI,B,I,BI_031,31,6,PRESENT,1,0,MARK_PRESENT,1.0,2,THICK_BASELINE_RECTANGLES=2;MAX_H_FRAC=0.964;CORE_R=2.00,FULL_AXES_RECT,102,33,844,591,8,01,VQL,0,1,SHA256_UNIQUE,BI_005_08_01.png,5
BI_031_R07.png,BI,B,I,BI_031,31,7,PRESENT,1,0,MARK_PRESENT,1.0,2,THICK_BASELINE_RECTANGLES=2;MAX_H_FRAC=0.964;CORE_R=2.00,FULL_AXES_RECT,102,33,844,591,8,01,VQL,0,1,SHA256_UNIQUE,BI_005_08_01.png,5
BI_031_R08.png,BI,B,I,BI_031,31,8,PRESENT,1,0,MARK_PRESENT,1.0,2,THICK_BASELINE_RECTANGLES=2;MAX_H_FRAC=0.964;CORE_R=2.00,FULL_AXES_RECT,102,33,844,591,8,01,VQL,0,1,SHA256_UNIQUE,BI_005_08_01.png,5
BI_031_R09.png,BI,B,I,BI_031,31,9,PRESENT,1,0,MARK_PRESENT,1.0,3,THICK_BASELINE_RECTANGLES=3;MAX_H_FRAC=0.967;CORE_R=2.03,FULL_AXES_RECT,236,107,816,687,8,01,VQL,0,1,SHA256_UNIQUE,BI_005_08_01.png,5
BI_031_R10.png,BI,B,I,BI_031,31,10,PRESENT,1,0,MARK_PRESENT,1.0,2,THICK_BASELINE_RECTANGLES=2;MAX_H_FRAC=0.964;CORE_R=2.00,FULL_AXES_RECT,102,33,844,591,8,01,VQL,0,1,SHA256_UNIQUE,BI_005_08_01.png,5
BI_032_R01.png,BI,B,I,BI_032,32,1,PRESENT,1,0,MARK_PRESENT,1.0,3,THICK_BASELINE_RECTANGLES=3;MAX_H_FRAC=0.949;CORE_R=2.04,FULL_AXES_RECT,100,34,1142,616,9,01,VQL,0,1,SHA256_UNIQUE,BI_006_09_01.png,6
BI_032_R02.png,BI,B,I,BI_032,32,2,PRESENT,1,0,MARK_PRESENT,1.0,3,THICK_BASELINE_RECTANGLES=3;MAX_H_FRAC=0.970;CORE_R=2.00,FULL_AXES_RECT,102,34,844,528,9,01,VQL,0,1,SHA256_UNIQUE,BI_006_09_01.png,6
BI_032_R03.png,BI,B,I,BI_032,32,3,PRESENT,1,0,MARK_PRESENT,1.0,3,THICK_BASELINE_RECTANGLES=3;MAX_H_FRAC=0.970;CORE_R=2.00,FULL_AXES_RECT,102,34,844,528,9,01,VQL,0,1,SHA256_UNIQUE,BI_006_09_01.png,6
BI_032_R04.png,BI,B,I,BI_032,32,4,PRESENT,1,0,MARK_PRESENT,1.0,3,THICK_BASELINE_RECTANGLES=3;MAX_H_FRAC=0.970;CORE_R=2.00,FULL_AXES_RECT,102,34,844,528,9,01,VQL,0,1,SHA256_UNIQUE,BI_006_09_01.png,6
BI_032_R05.png,BI,B,I,BI_032,32,5,PRESENT,1,0,MARK_PRESENT,1.0,3,THICK_BASELINE_RECTANGLES=3;MAX_H_FRAC=0.970;CORE_R=2.00,FULL_AXES_RECT,102,34,844,528,9,01,VQL,0,1,SHA256_UNIQUE,BI_006_09_01.png,6
BI_032_R06.png,BI,B,I,BI_032,32,6,PRESENT,1,0,MARK_PRESENT,1.0,3,THICK_BASELINE_RECTANGLES=3;MAX_H_FRAC=0.970;CORE_R=2.00,FULL_AXES_RECT,102,34,844,528,9,01,VQL,0,1,SHA256_UNIQUE,BI_006_09_01.png,6
BI_032_R07.png,BI,B,I,BI_032,32,7,PRESENT,1,0,MARK_PRESENT,1.0,3,THICK_BASELINE_RECTANGLES=3;MAX_H_FRAC=0.970;CORE_R=2.00,FULL_AXES_RECT,102,34,844,528,9,01,VQL,0,1,SHA256_UNIQUE,BI_006_09_01.png,6
BI_032_R08.png,BI,B,I,BI_032,32,8,PRESENT,1,0,MARK_PRESENT,1.0,3,THICK_BASELINE_RECTANGLES=3;MAX_H_FRAC=0.970;CORE_R=2.00,FULL_AXES_RECT,102,34,844,528,9,01,VQL,0,1,SHA256_UNIQUE,BI_006_09_01.png,6
BI_032_R09.png,BI,B,I,BI_032,32,9,PRESENT,1,0,MARK_PRESENT,1.0,3,THICK_BASELINE_RECTANGLES=3;MAX_H_FRAC=0.970;CORE_R=2.00,FULL_AXES_RECT,102,34,844,528,9,01,VQL,0,1,SHA256_UNIQUE,BI_006_09_01.png,6
BI_032_R10.png,BI,B,I,BI_032,32,10,PRESENT,1,0,MARK_PRESENT,1.0,3,THICK_BASELINE_RECTANGLES=3;MAX_H_FRAC=0.970;CORE_R=2.00,FULL_AXES_RECT,102,34,844,528,9,01,VQL,0,1,SHA256_UNIQUE,BI_006_09_01.png,6
BI_033_R01.png,BI,B,I,BI_033,33,1,PRESENT,1,0,MARK_PRESENT,1.0,3,THICK_BASELINE_RECTANGLES=3;MAX_H_FRAC=0.970;CORE_R=2.00,FULL_AXES_RECT,102,34,844,528,10,01,VQL,0,1,MANUAL_OVERRIDE_VERIFIED,BI_007_10_01.png,7
BI_033_R02.png,BI,B,I,BI_033,33,2,PRESENT,1,0,MARK_PRESENT,1.0,2,THICK_BASELINE_RECTANGLES=2;MAX_H_FRAC=0.970;CORE_R=2.01,FULL_AXES_RECT,79,33,821,607,10,01,VQL,0,1,MANUAL_OVERRIDE_VERIFIED,BI_007_10_01.png,7
BI_033_R03.png,BI,B,I,BI_033,33,3,PRESENT,1,0,MARK_PRESENT,1.0,2,THICK_BASELINE_RECTANGLES=2;MAX_H_FRAC=0.970;CORE_R=2.01,FULL_AXES_RECT,79,33,821,607,10,01,VQL,0,1,MANUAL_OVERRIDE_VERIFIED,BI_007_10_01.png,7
BI_033_R04.png,BI,B,I,BI_033,33,4,PRESENT,1,0,MARK_PRESENT,1.0,2,THICK_BASELINE_RECTANGLES=2;MAX_H_FRAC=0.970;CORE_R=2.01,FULL_AXES_RECT,79,33,821,607,10,01,VQL,0,1,MANUAL_OVERRIDE_VERIFIED,BI_007_10_01.png,7
BI_033_R05.png,BI,B,I,BI_033,33,5,PRESENT,1,0,MARK_PRESENT,1.0,2,THICK_BASELINE_RECTANGLES=2;MAX_H_FRAC=0.970;CORE_R=2.01,FULL_AXES_RECT,79,33,821,607,10,01,VQL,0,1,MANUAL_OVERRIDE_VERIFIED,BI_007_10_01.png,7
BI_033_R06.png,BI,B,I,BI_033,33,6,PRESENT,1,0,MARK_PRESENT,1.0,2,THICK_BASELINE_RECTANGLES=2;MAX_H_FRAC=0.970;CORE_R=2.01,FULL_AXES_RECT,79,33,821,607,10,01,VQL,0,1,MANUAL_OVERRIDE_VERIFIED,BI_007_10_01.png,7
BI_033_R07.png,BI,B,I,BI_033,33,7,PRESENT,1,0,MARK_PRESENT,1.0,2,THICK_BASELINE_RECTANGLES=2;MAX_H_FRAC=0.970;CORE_R=2.01,FULL_AXES_RECT,79,33,821,607,10,01,VQL,0,1,MANUAL_OVERRIDE_VERIFIED,BI_007_10_01.png,7
BI_033_R08.png,BI,B,I,BI_033,33,8,PRESENT,1,0,MARK_PRESENT,1.0,2,THICK_BASELINE_RECTANGLES=2;MAX_H_FRAC=0.970;CORE_R=2.01,FULL_AXES_RECT,79,33,821,607,10,01,VQL,0,1,MANUAL_OVERRIDE_VERIFIED,BI_007_10_01.png,7
BI_033_R09.png,BI,B,I,BI_033,33,9,PRESENT,1,0,MARK_PRESENT,1.0,2,THICK_BASELINE_RECTANGLES=2;MAX_H_FRAC=0.970;CORE_R=2.01,FULL_AXES_RECT,79,33,821,607,10,01,VQL,0,1,MANUAL_OVERRIDE_VERIFIED,BI_007_10_01.png,7
BI_033_R10.png,BI,B,I,BI_033,33,10,PRESENT,1,0,MARK_PRESENT,1.0,2,THICK_BASELINE_RECTANGLES=2;MAX_H_FRAC=0.970;CORE_R=2.01,FULL_AXES_RECT,79,33,821,607,10,01,VQL,0,1,MANUAL_OVERRIDE_VERIFIED,BI_007_10_01.png,7
BI_034_R01.png,BI,B,I,BI_034,34,1,PRESENT,1,0,MARK_PRESENT,1.0,3,THICK_BASELINE_RECTANGLES=3;MAX_H_FRAC=0.948;CORE_R=2.03,FULL_AXES_RECT,98,98,958,678,11,01,VQL,0,1,SHA256_UNIQUE,BI_008_11_01.png,8
BI_034_R02.png,BI,B,I,BI_034,34,2,PRESENT,1,0,MARK_PRESENT,1.0,3,THICK_BASELINE_RECTANGLES=3;MAX_H_FRAC=0.947;CORE_R=2.04,FULL_AXES_RECT,79,34,1121,616,11,01,VQL,0,1,SHA256_UNIQUE,BI_008_11_01.png,8
BI_034_R03.png,BI,B,I,BI_034,34,3,PRESENT,1,0,MARK_PRESENT,1.0,3,THICK_BASELINE_RECTANGLES=3;MAX_H_FRAC=0.947;CORE_R=2.04,FULL_AXES_RECT,79,34,1121,616,11,01,VQL,0,1,SHA256_UNIQUE,BI_008_11_01.png,8
BI_034_R04.png,BI,B,I,BI_034,34,4,PRESENT,1,0,MARK_PRESENT,1.0,3,THICK_BASELINE_RECTANGLES=3;MAX_H_FRAC=0.947;CORE_R=2.04,FULL_AXES_RECT,79,34,1121,616,11,01,VQL,0,1,SHA256_UNIQUE,BI_008_11_01.png,8
BI_034_R05.png,BI,B,I,BI_034,34,5,PRESENT,1,0,MARK_PRESENT,1.0,3,THICK_BASELINE_RECTANGLES=3;MAX_H_FRAC=0.947;CORE_R=2.04,FULL_AXES_RECT,79,34,1121,616,11,01,VQL,0,1,SHA256_UNIQUE,BI_008_11_01.png,8
BI_034_R06.png,BI,B,I,BI_034,34,6,PRESENT,1,0,MARK_PRESENT,1.0,3,THICK_BASELINE_RECTANGLES=3;MAX_H_FRAC=0.947;CORE_R=2.04,FULL_AXES_RECT,79,34,1121,616,11,01,VQL,0,1,SHA256_UNIQUE,BI_008_11_01.png,8
BI_034_R07.png,BI,B,I,BI_034,34,7,PRESENT,1,0,MARK_PRESENT,1.0,3,THICK_BASELINE_RECTANGLES=3;MAX_H_FRAC=0.947;CORE_R=2.04,FULL_AXES_RECT,79,34,1121,616,11,01,VQL,0,1,SHA256_UNIQUE,BI_008_11_01.png,8
BI_034_R08.png,BI,B,I,BI_034,34,8,PRESENT,1,0,MARK_PRESENT,1.0,3,THICK_BASELINE_RECTANGLES=3;MAX_H_FRAC=0.947;CORE_R=2.04,FULL_AXES_RECT,79,34,1121,616,11,01,VQL,0,1,SHA256_UNIQUE,BI_008_11_01.png,8
BI_034_R09.png,BI,B,I,BI_034,34,9,PRESENT,1,0,MARK_PRESENT,1.0,3,THICK_BASELINE_RECTANGLES=3;MAX_H_FRAC=0.947;CORE_R=2.04,FULL_AXES_RECT,79,34,1121,616,11,01,VQL,0,1,SHA256_UNIQUE,BI_008_11_01.png,8
BI_034_R10.png,BI,B,I,BI_034,34,10,PRESENT,1,0,MARK_PRESENT,1.0,3,THICK_BASELINE_RECTANGLES=3;MAX_H_FRAC=0.947;CORE_R=2.04,FULL_AXES_RECT,79,34,1121,616,11,01,VQL,0,1,SHA256_UNIQUE,BI_008_11_01.png,8
BI_035_R01.png,BI,B,I,BI_035,35,1,PRESENT,1,0,MARK_PRESENT,1.0,3,THICK_BASELINE_RECTANGLES=3;MAX_H_FRAC=0.949;CORE_R=2.45,FULL_AXES_RECT,81,35,948,734,12,01,VQL,0,1,SHA256_UNIQUE,BI_009_12_01.png,9
BI_035_R02.png,BI,B,I,BI_035,35,2,PRESENT,1,0,MARK_PRESENT,1.0,3,THICK_BASELINE_RECTANGLES=3;MAX_H_FRAC=0.962;CORE_R=2.04,FULL_AXES_RECT,102,34,1144,616,12,01,VQL,0,1,SHA256_UNIQUE,BI_009_12_01.png,9
BI_035_R03.png,BI,B,I,BI_035,35,3,PRESENT,1,0,MARK_PRESENT,1.0,3,THICK_BASELINE_RECTANGLES=3;MAX_H_FRAC=0.962;CORE_R=2.04,FULL_AXES_RECT,102,34,1144,616,12,01,VQL,0,1,SHA256_UNIQUE,BI_009_12_01.png,9
BI_035_R04.png,BI,B,I,BI_035,35,4,PRESENT,1,0,MARK_PRESENT,1.0,3,THICK_BASELINE_RECTANGLES=3;MAX_H_FRAC=0.962;CORE_R=2.04,FULL_AXES_RECT,102,34,1144,616,12,01,VQL,0,1,SHA256_UNIQUE,BI_009_12_01.png,9
BI_035_R05.png,BI,B,I,BI_035,35,5,PRESENT,1,0,MARK_PRESENT,1.0,3,THICK_BASELINE_RECTANGLES=3;MAX_H_FRAC=0.962;CORE_R=2.04,FULL_AXES_RECT,102,34,1144,616,12,01,VQL,0,1,SHA256_UNIQUE,BI_009_12_01.png,9
BI_035_R06.png,BI,B,I,BI_035,35,6,PRESENT,1,0,MARK_PRESENT,1.0,3,THICK_BASELINE_RECTANGLES=3;MAX_H_FRAC=0.962;CORE_R=2.04,FULL_AXES_RECT,102,34,1144,616,12,01,VQL,0,1,SHA256_UNIQUE,BI_009_12_01.png,9
BI_035_R07.png,BI,B,I,BI_035,35,7,PRESENT,1,0,MARK_PRESENT,1.0,3,THICK_BASELINE_RECTANGLES=3;MAX_H_FRAC=0.962;CORE_R=2.04,FULL_AXES_RECT,102,34,1144,616,12,01,VQL,0,1,SHA256_UNIQUE,BI_009_12_01.png,9
BI_035_R08.png,BI,B,I,BI_035,35,8,PRESENT,1,0,MARK_PRESENT,1.0,3,THICK_BASELINE_RECTANGLES=3;MAX_H_FRAC=0.962;CORE_R=2.04,FULL_AXES_RECT,102,34,1144,616,12,01,VQL,0,1,SHA256_UNIQUE,BI_009_12_01.png,9
BI_035_R09.png,BI,B,I,BI_035,35,9,PRESENT,1,0,MARK_PRESENT,1.0,3,THICK_BASELINE_RECTANGLES=3;MAX_H_FRAC=0.962;CORE_R=2.04,FULL_AXES_RECT,102,34,1144,616,12,01,VQL,0,1,SHA256_UNIQUE,BI_009_12_01.png,9
BI_035_R10.png,BI,B,I,BI_035,35,10,PRESENT,1,0,MARK_PRESENT,1.0,3,THICK_BASELINE_RECTANGLES=3;MAX_H_FRAC=0.962;CORE_R=2.04,FULL_AXES_RECT,102,34,1144,616,12,01,VQL,0,1,SHA256_UNIQUE,BI_009_12_01.png,9
BI_036_R01.png,BI,B,I,BI_036,36,1,PRESENT,1,0,MARK_PRESENT,1.0,3,THICK_BASELINE_RECTANGLES=3;MAX_H_FRAC=0.993;CORE_R=2.04,FULL_AXES_RECT,78,34,1120,616,13,01,VQL,0,1,SHA256_UNIQUE,BI_010_13_01.png,10
BI_036_R02.png,BI,B,I,BI_036,36,2,PRESENT,1,0,MARK_PRESENT,1.0,4,THICK_BASELINE_RECTANGLES=4;MAX_H_FRAC=0.996;CORE_R=2.00,FULL_AXES_RECT,97,34,935,576,13,01,VQL,0,1,SHA256_UNIQUE,BI_010_13_01.png,10
BI_036_R03.png,BI,B,I,BI_036,36,3,PRESENT,1,0,MARK_PRESENT,1.0,4,THICK_BASELINE_RECTANGLES=4;MAX_H_FRAC=0.996;CORE_R=2.00,FULL_AXES_RECT,97,34,935,576,13,01,VQL,0,1,SHA256_UNIQUE,BI_010_13_01.png,10
BI_036_R04.png,BI,B,I,BI_036,36,4,PRESENT,1,0,MARK_PRESENT,1.0,4,THICK_BASELINE_RECTANGLES=4;MAX_H_FRAC=0.996;CORE_R=2.00,FULL_AXES_RECT,97,34,935,576,13,01,VQL,0,1,SHA256_UNIQUE,BI_010_13_01.png,10
BI_036_R05.png,BI,B,I,BI_036,36,5,PRESENT,1,0,MARK_PRESENT,1.0,4,THICK_BASELINE_RECTANGLES=4;MAX_H_FRAC=0.996;CORE_R=2.00,FULL_AXES_RECT,97,34,935,576,13,01,VQL,0,1,SHA256_UNIQUE,BI_010_13_01.png,10
BI_036_R06.png,BI,B,I,BI_036,36,6,PRESENT,1,0,MARK_PRESENT,1.0,4,THICK_BASELINE_RECTANGLES=4;MAX_H_FRAC=0.996;CORE_R=2.00,FULL_AXES_RECT,97,34,935,576,13,01,VQL,0,1,SHA256_UNIQUE,BI_010_13_01.png,10
BI_036_R07.png,BI,B,I,BI_036,36,7,PRESENT,1,0,MARK_PRESENT,1.0,4,THICK_BASELINE_RECTANGLES=4;MAX_H_FRAC=0.996;CORE_R=2.00,FULL_AXES_RECT,97,34,935,576,13,01,VQL,0,1,SHA256_UNIQUE,BI_010_13_01.png,10
BI_036_R08.png,BI,B,I,BI_036,36,8,PRESENT,1,0,MARK_PRESENT,1.0,4,THICK_BASELINE_RECTANGLES=4;MAX_H_FRAC=0.996;CORE_R=2.00,FULL_AXES_RECT,97,34,935,576,13,01,VQL,0,1,SHA256_UNIQUE,BI_010_13_01.png,10
BI_036_R09.png,BI,B,I,BI_036,36,9,PRESENT,1,0,MARK_PRESENT,1.0,4,THICK_BASELINE_RECTANGLES=4;MAX_H_FRAC=0.996;CORE_R=2.00,FULL_AXES_RECT,97,34,935,576,13,01,VQL,0,1,SHA256_UNIQUE,BI_010_13_01.png,10
BI_036_R10.png,BI,B,I,BI_036,36,10,PRESENT,1,0,MARK_PRESENT,1.0,4,THICK_BASELINE_RECTANGLES=4;MAX_H_FRAC=0.996;CORE_R=2.00,FULL_AXES_RECT,97,34,935,576,13,01,VQL,0,1,SHA256_UNIQUE,BI_010_13_01.png,10
BI_037_R01.png,BI,B,I,BI_037,37,1,PRESENT,1,0,MARK_PRESENT,1.0,3,THICK_BASELINE_RECTANGLES=3;MAX_H_FRAC=0.946;CORE_R=2.15,FULL_AXES_RECT,93,34,1021,648,14,01,VQL,0,1,SHA256_UNIQUE,BI_011_14_01.png,11
BI_037_R02.png,BI,B,I,BI_037,37,2,PRESENT,1,0,MARK_PRESENT,1.0,3,THICK_BASELINE_RECTANGLES=3;MAX_H_FRAC=0.970;CORE_R=2.00,FULL_AXES_RECT,98,98,934,622,14,01,VQL,0,1,SHA256_UNIQUE,BI_011_14_01.png,11
BI_037_R03.png,BI,B,I,BI_037,37,3,PRESENT,1,0,MARK_PRESENT,1.0,3,THICK_BASELINE_RECTANGLES=3;MAX_H_FRAC=0.970;CORE_R=2.00,FULL_AXES_RECT,98,98,934,622,14,01,VQL,0,1,SHA256_UNIQUE,BI_011_14_01.png,11
BI_037_R04.png,BI,B,I,BI_037,37,4,PRESENT,1,0,MARK_PRESENT,1.0,3,THICK_BASELINE_RECTANGLES=3;MAX_H_FRAC=0.970;CORE_R=2.00,FULL_AXES_RECT,98,98,934,622,14,01,VQL,0,1,SHA256_UNIQUE,BI_011_14_01.png,11
BI_037_R05.png,BI,B,I,BI_037,37,5,PRESENT,1,0,MARK_PRESENT,1.0,3,THICK_BASELINE_RECTANGLES=3;MAX_H_FRAC=0.970;CORE_R=2.00,FULL_AXES_RECT,98,98,934,622,14,01,VQL,0,1,SHA256_UNIQUE,BI_011_14_01.png,11
BI_037_R06.png,BI,B,I,BI_037,37,6,PRESENT,1,0,MARK_PRESENT,1.0,3,THICK_BASELINE_RECTANGLES=3;MAX_H_FRAC=0.970;CORE_R=2.00,FULL_AXES_RECT,98,98,934,622,14,01,VQL,0,1,SHA256_UNIQUE,BI_011_14_01.png,11
BI_037_R07.png,BI,B,I,BI_037,37,7,PRESENT,1,0,MARK_PRESENT,1.0,3,THICK_BASELINE_RECTANGLES=3;MAX_H_FRAC=0.970;CORE_R=2.00,FULL_AXES_RECT,98,98,934,622,14,01,VQL,0,1,SHA256_UNIQUE,BI_011_14_01.png,11
BI_037_R08.png,BI,B,I,BI_037,37,8,PRESENT,1,0,MARK_PRESENT,1.0,3,THICK_BASELINE_RECTANGLES=3;MAX_H_FRAC=0.970;CORE_R=2.00,FULL_AXES_RECT,98,98,934,622,14,01,VQL,0,1,SHA256_UNIQUE,BI_011_14_01.png,11
BI_037_R09.png,BI,B,I,BI_037,37,9,PRESENT,1,0,MARK_PRESENT,1.0,3,THICK_BASELINE_RECTANGLES=3;MAX_H_FRAC=0.970;CORE_R=2.00,FULL_AXES_RECT,98,98,934,622,14,01,VQL,0,1,SHA256_UNIQUE,BI_011_14_01.png,11
BI_037_R10.png,BI,B,I,BI_037,37,10,PRESENT,1,0,MARK_PRESENT,1.0,3,THICK_BASELINE_RECTANGLES=3;MAX_H_FRAC=0.970;CORE_R=2.00,FULL_AXES_RECT,98,98,934,622,14,01,VQL,0,1,SHA256_UNIQUE,BI_011_14_01.png,11
BI_038_R01.png,BI,B,I,BI_038,38,1,PRESENT,1,0,MARK_PRESENT,1.0,3,THICK_BASELINE_RECTANGLES=3;MAX_H_FRAC=0.947;CORE_R=2.04,FULL_AXES_RECT,103,34,846,616,15,01,VQL,0,1,SHA256_UNIQUE,BI_012_15_01.png,12
BI_038_R02.png,BI,B,I,BI_038,38,2,PRESENT,1,0,MARK_PRESENT,1.0,3,THICK_BASELINE_RECTANGLES=3;MAX_H_FRAC=0.947;CORE_R=2.04,FULL_AXES_RECT,129,34,873,616,15,01,VQL,0,1,SHA256_UNIQUE,BI_012_15_01.png,12
BI_038_R03.png,BI,B,I,BI_038,38,3,PRESENT,1,0,MARK_PRESENT,1.0,3,THICK_BASELINE_RECTANGLES=3;MAX_H_FRAC=0.947;CORE_R=2.04,FULL_AXES_RECT,129,34,873,616,15,01,VQL,0,1,SHA256_UNIQUE,BI_012_15_01.png,12
BI_038_R04.png,BI,B,I,BI_038,38,4,PRESENT,1,0,MARK_PRESENT,1.0,3,THICK_BASELINE_RECTANGLES=3;MAX_H_FRAC=0.947;CORE_R=2.04,FULL_AXES_RECT,129,34,873,616,15,01,VQL,0,1,SHA256_UNIQUE,BI_012_15_01.png,12
BI_038_R05.png,BI,B,I,BI_038,38,5,PRESENT,1,0,MARK_PRESENT,1.0,3,THICK_BASELINE_RECTANGLES=3;MAX_H_FRAC=0.947;CORE_R=2.04,FULL_AXES_RECT,129,34,873,616,15,01,VQL,0,1,SHA256_UNIQUE,BI_012_15_01.png,12
BI_038_R06.png,BI,B,I,BI_038,38,6,PRESENT,1,0,MARK_PRESENT,1.0,3,THICK_BASELINE_RECTANGLES=3;MAX_H_FRAC=0.947;CORE_R=2.04,FULL_AXES_RECT,129,34,873,616,15,01,VQL,0,1,SHA256_UNIQUE,BI_012_15_01.png,12
BI_038_R07.png,BI,B,I,BI_038,38,7,PRESENT,1,0,MARK_PRESENT,1.0,3,THICK_BASELINE_RECTANGLES=3;MAX_H_FRAC=0.947;CORE_R=2.04,FULL_AXES_RECT,129,34,873,616,15,01,VQL,0,1,SHA256_UNIQUE,BI_012_15_01.png,12
BI_038_R08.png,BI,B,I,BI_038,38,8,PRESENT,1,0,MARK_PRESENT,1.0,3,THICK_BASELINE_RECTANGLES=3;MAX_H_FRAC=0.947;CORE_R=2.04,FULL_AXES_RECT,129,34,873,616,15,01,VQL,0,1,SHA256_UNIQUE,BI_012_15_01.png,12
BI_038_R09.png,BI,B,I,BI_038,38,9,PRESENT,1,0,MARK_PRESENT,1.0,3,THICK_BASELINE_RECTANGLES=3;MAX_H_FRAC=0.947;CORE_R=2.04,FULL_AXES_RECT,129,34,873,616,15,01,VQL,0,1,SHA256_UNIQUE,BI_012_15_01.png,12
BI_038_R10.png,BI,B,I,BI_038,38,10,PRESENT,1,0,MARK_PRESENT,1.0,3,THICK_BASELINE_RECTANGLES=3;MAX_H_FRAC=0.947;CORE_R=2.04,FULL_AXES_RECT,129,34,873,616,15,01,VQL,0,1,SHA256_UNIQUE,BI_012_15_01.png,12
BI_039_R01.png,BI,B,I,BI_039,39,1,PRESENT,1,0,MARK_PRESENT,1.0,3,THICK_BASELINE_RECTANGLES=3;MAX_H_FRAC=0.990;CORE_R=2.04,FULL_AXES_RECT,68,34,1110,616,16,01,VQL,0,1,SHA256_UNIQUE,BI_013_16_01.png,13
BI_039_R02.png,BI,B,I,BI_039,39,2,PRESENT,1,0,MARK_PRESENT,1.0,3,THICK_BASELINE_RECTANGLES=3;MAX_H_FRAC=0.988;CORE_R=2.04,FULL_AXES_RECT,68,34,1110,616,16,01,VQL,0,1,SHA256_UNIQUE,BI_013_16_01.png,13
BI_039_R03.png,BI,B,I,BI_039,39,3,PRESENT,1,0,MARK_PRESENT,1.0,3,THICK_BASELINE_RECTANGLES=3;MAX_H_FRAC=0.988;CORE_R=2.04,FULL_AXES_RECT,68,34,1110,616,16,01,VQL,0,1,SHA256_UNIQUE,BI_013_16_01.png,13
BI_039_R04.png,BI,B,I,BI_039,39,4,PRESENT,1,0,MARK_PRESENT,1.0,3,THICK_BASELINE_RECTANGLES=3;MAX_H_FRAC=0.988;CORE_R=2.04,FULL_AXES_RECT,68,34,1110,616,16,01,VQL,0,1,SHA256_UNIQUE,BI_013_16_01.png,13
BI_039_R05.png,BI,B,I,BI_039,39,5,PRESENT,1,0,MARK_PRESENT,1.0,3,THICK_BASELINE_RECTANGLES=3;MAX_H_FRAC=0.988;CORE_R=2.04,FULL_AXES_RECT,68,34,1110,616,16,01,VQL,0,1,SHA256_UNIQUE,BI_013_16_01.png,13
BI_039_R06.png,BI,B,I,BI_039,39,6,PRESENT,1,0,MARK_PRESENT,1.0,3,THICK_BASELINE_RECTANGLES=3;MAX_H_FRAC=0.988;CORE_R=2.04,FULL_AXES_RECT,68,34,1110,616,16,01,VQL,0,1,SHA256_UNIQUE,BI_013_16_01.png,13
BI_039_R07.png,BI,B,I,BI_039,39,7,PRESENT,1,0,MARK_PRESENT,1.0,3,THICK_BASELINE_RECTANGLES=3;MAX_H_FRAC=0.988;CORE_R=2.04,FULL_AXES_RECT,68,34,1110,616,16,01,VQL,0,1,SHA256_UNIQUE,BI_013_16_01.png,13
BI_039_R08.png,BI,B,I,BI_039,39,8,PRESENT,1,0,MARK_PRESENT,1.0,3,THICK_BASELINE_RECTANGLES=3;MAX_H_FRAC=0.988;CORE_R=2.04,FULL_AXES_RECT,68,34,1110,616,16,01,VQL,0,1,SHA256_UNIQUE,BI_013_16_01.png,13
BI_039_R09.png,BI,B,I,BI_039,39,9,PRESENT,1,0,MARK_PRESENT,1.0,3,THICK_BASELINE_RECTANGLES=3;MAX_H_FRAC=0.988;CORE_R=2.04,FULL_AXES_RECT,68,34,1110,616,16,01,VQL,0,1,SHA256_UNIQUE,BI_013_16_01.png,13
BI_039_R10.png,BI,B,I,BI_039,39,10,PRESENT,1,0,MARK_PRESENT,1.0,3,THICK_BASELINE_RECTANGLES=3;MAX_H_FRAC=0.988;CORE_R=2.04,FULL_AXES_RECT,68,34,1110,616,16,01,VQL,0,1,SHA256_UNIQUE,BI_013_16_01.png,13
BI_040_R01.png,BI,B,I,BI_040,40,1,PRESENT,1,0,MARK_PRESENT,1.0,3,THICK_BASELINE_RECTANGLES=3;MAX_H_FRAC=0.930;CORE_R=2.04,FULL_AXES_RECT,68,34,1110,616,1,00,Zero-shot,0,0,SHA256_UNIQUE,BI_001_01_00.png,1
BI_040_R02.png,BI,B,I,BI_040,40,2,PRESENT,1,0,MARK_PRESENT,1.0,3,THICK_BASELINE_RECTANGLES=3;MAX_H_FRAC=0.873;CORE_R=2.40,FULL_AXES_RECT,98,49,896,733,1,00,Zero-shot,0,0,SHA256_UNIQUE,BI_001_01_00.png,1
BI_040_R03.png,BI,B,I,BI_040,40,3,PRESENT,1,0,MARK_PRESENT,1.0,3,THICK_BASELINE_RECTANGLES=3;MAX_H_FRAC=0.873;CORE_R=2.33,FULL_AXES_RECT,98,49,896,715,1,00,Zero-shot,0,0,SHA256_UNIQUE,BI_001_01_00.png,1
BI_040_R04.png,BI,B,I,BI_040,40,4,PRESENT,1,0,MARK_PRESENT,1.0,3,THICK_BASELINE_RECTANGLES=3;MAX_H_FRAC=0.873;CORE_R=2.32,FULL_AXES_RECT,98,49,896,711,1,00,Zero-shot,0,0,SHA256_UNIQUE,BI_001_01_00.png,1
BI_040_R05.png,BI,B,I,BI_040,40,5,PRESENT,1,0,MARK_PRESENT,1.0,3,THICK_BASELINE_RECTANGLES=3;MAX_H_FRAC=0.873;CORE_R=2.40,FULL_AXES_RECT,98,49,896,733,1,00,Zero-shot,0,0,SHA256_UNIQUE,BI_001_01_00.png,1
BI_040_R06.png,BI,B,I,BI_040,40,6,PRESENT,1,0,MARK_PRESENT,1.0,3,THICK_BASELINE_RECTANGLES=3;MAX_H_FRAC=0.930;CORE_R=2.04,FULL_AXES_RECT,98,33,1140,615,1,00,Zero-shot,0,0,SHA256_UNIQUE,BI_001_01_00.png,1
BI_040_R07.png,BI,B,I,BI_040,40,7,PRESENT,1,0,MARK_PRESENT,1.0,3,THICK_BASELINE_RECTANGLES=3;MAX_H_FRAC=0.930;CORE_R=2.04,FULL_AXES_RECT,98,34,1140,616,1,00,Zero-shot,0,0,SHA256_UNIQUE,BI_001_01_00.png,1
BI_040_R08.png,BI,B,I,BI_040,40,8,PRESENT,1,0,MARK_PRESENT,1.0,3,THICK_BASELINE_RECTANGLES=3;MAX_H_FRAC=0.933;CORE_R=2.04,FULL_AXES_RECT,98,34,1140,616,1,00,Zero-shot,0,0,SHA256_UNIQUE,BI_001_01_00.png,1
BI_040_R09.png,BI,B,I,BI_040,40,9,PRESENT,1,0,MARK_PRESENT,1.0,3,THICK_BASELINE_RECTANGLES=3;MAX_H_FRAC=0.931;CORE_R=2.04,FULL_AXES_RECT,98,34,1140,616,1,00,Zero-shot,0,0,SHA256_UNIQUE,BI_001_01_00.png,1
BI_040_R10.png,BI,B,I,BI_040,40,10,PRESENT,1,0,MARK_PRESENT,1.0,3,THICK_BASELINE_RECTANGLES=3;MAX_H_FRAC=0.930;CORE_R=2.04,FULL_AXES_RECT,98,34,1140,616,1,00,Zero-shot,0,0,SHA256_UNIQUE,BI_001_01_00.png,1
BI_041_R01.png,BI,B,I,BI_041,41,1,PRESENT,1,0,MARK_PRESENT,1.0,3,THICK_BASELINE_RECTANGLES=3;MAX_H_FRAC=0.948;CORE_R=2.45,FULL_AXES_RECT,69,35,860,733,4,00,Zero-shot,0,0,SHA256_UNIQUE,BI_002_04_00.png,2
BI_041_R02.png,BI,B,I,BI_041,41,2,PRESENT,1,0,MARK_PRESENT,1.0,3,THICK_BASELINE_RECTANGLES=3;MAX_H_FRAC=0.949;CORE_R=2.52,FULL_AXES_RECT,74,40,865,759,4,00,Zero-shot,0,0,SHA256_UNIQUE,BI_002_04_00.png,2
BI_041_R03.png,BI,B,I,BI_041,41,3,ABSENT_OR_UNCERTAIN,0,1,MARK_ABSENT,0.0,0,NO_THICK_BASELINE_RECTANGLES;CORE_R=2.45,FULL_AXES_RECT,155,40,1161,739,4,00,Zero-shot,0,0,SHA256_UNIQUE,BI_002_04_00.png,2
BI_041_R04.png,BI,B,I,BI_041,41,4,PRESENT,1,0,MARK_PRESENT,1.0,3,THICK_BASELINE_RECTANGLES=3;MAX_H_FRAC=0.949;CORE_R=2.40,FULL_AXES_RECT,74,40,842,726,4,00,Zero-shot,0,0,SHA256_UNIQUE,BI_002_04_00.png,2
BI_041_R05.png,BI,B,I,BI_041,41,5,ABSENT_OR_UNCERTAIN,0,1,MARK_ABSENT,0.0,0,NO_THICK_BASELINE_RECTANGLES;CORE_R=2.45,FULL_AXES_RECT,155,40,1161,739,4,00,Zero-shot,0,0,SHA256_UNIQUE,BI_002_04_00.png,2
BI_041_R06.png,BI,B,I,BI_041,41,6,PRESENT,1,0,MARK_PRESENT,1.0,3,THICK_BASELINE_RECTANGLES=3;MAX_H_FRAC=0.949;CORE_R=2.52,FULL_AXES_RECT,74,40,865,759,4,00,Zero-shot,0,0,SHA256_UNIQUE,BI_002_04_00.png,2
BI_041_R07.png,BI,B,I,BI_041,41,7,PRESENT,1,0,MARK_PRESENT,1.0,3,THICK_BASELINE_RECTANGLES=3;MAX_H_FRAC=0.949;CORE_R=2.40,FULL_AXES_RECT,74,40,846,726,4,00,Zero-shot,0,0,SHA256_UNIQUE,BI_002_04_00.png,2
BI_041_R08.png,BI,B,I,BI_041,41,8,PRESENT,1,0,MARK_PRESENT,1.0,3,THICK_BASELINE_RECTANGLES=3;MAX_H_FRAC=0.949;CORE_R=2.52,FULL_AXES_RECT,74,40,865,759,4,00,Zero-shot,0,0,SHA256_UNIQUE,BI_002_04_00.png,2
BI_041_R09.png,BI,B,I,BI_041,41,9,PRESENT,1,0,MARK_PRESENT,1.0,3,THICK_BASELINE_RECTANGLES=3;MAX_H_FRAC=0.949;CORE_R=2.40,FULL_AXES_RECT,74,40,842,726,4,00,Zero-shot,0,0,SHA256_UNIQUE,BI_002_04_00.png,2
BI_041_R10.png,BI,B,I,BI_041,41,10,PRESENT,1,0,MARK_PRESENT,1.0,3,THICK_BASELINE_RECTANGLES=3;MAX_H_FRAC=0.949;CORE_R=2.52,FULL_AXES_RECT,74,40,865,759,4,00,Zero-shot,0,0,SHA256_UNIQUE,BI_002_04_00.png,2
BI_042_R01.png,BI,B,I,BI_042,42,1,PRESENT,1,0,MARK_PRESENT,1.0,3,THICK_BASELINE_RECTANGLES=3;MAX_H_FRAC=0.993;CORE_R=2.04,FULL_AXES_RECT,59,34,1101,616,6,00,Zero-shot,0,0,SHA256_UNIQUE,BI_003_06_00.png,3
BI_042_R02.png,BI,B,I,BI_042,42,2,PRESENT,1,0,MARK_PRESENT,1.0,3,THICK_BASELINE_RECTANGLES=3;MAX_H_FRAC=0.994;CORE_R=2.53,FULL_AXES_RECT,60,34,887,755,6,00,Zero-shot,0,0,SHA256_UNIQUE,BI_003_06_00.png,3
BI_042_R03.png,BI,B,I,BI_042,42,3,PRESENT,1,0,MARK_PRESENT,1.0,3,THICK_BASELINE_RECTANGLES=3;MAX_H_FRAC=0.994;CORE_R=2.53,FULL_AXES_RECT,60,34,887,755,6,00,Zero-shot,0,0,SHA256_UNIQUE,BI_003_06_00.png,3
BI_042_R04.png,BI,B,I,BI_042,42,4,PRESENT,1,0,MARK_PRESENT,1.0,3,THICK_BASELINE_RECTANGLES=3;MAX_H_FRAC=0.994;CORE_R=2.52,FULL_AXES_RECT,65,39,863,759,6,00,Zero-shot,0,0,SHA256_UNIQUE,BI_003_06_00.png,3
BI_042_R05.png,BI,B,I,BI_042,42,5,PRESENT,1,0,MARK_PRESENT,1.0,3,THICK_BASELINE_RECTANGLES=3;MAX_H_FRAC=0.994;CORE_R=2.52,FULL_AXES_RECT,65,39,863,759,6,00,Zero-shot,0,0,SHA256_UNIQUE,BI_003_06_00.png,3
BI_042_R06.png,BI,B,I,BI_042,42,6,PRESENT,1,0,MARK_PRESENT,1.0,3,THICK_BASELINE_RECTANGLES=3;MAX_H_FRAC=0.994;CORE_R=2.52,FULL_AXES_RECT,65,39,863,759,6,00,Zero-shot,0,0,SHA256_UNIQUE,BI_003_06_00.png,3
BI_042_R07.png,BI,B,I,BI_042,42,7,PRESENT,1,0,MARK_PRESENT,1.0,3,THICK_BASELINE_RECTANGLES=3;MAX_H_FRAC=0.994;CORE_R=2.52,FULL_AXES_RECT,65,39,863,759,6,00,Zero-shot,0,0,SHA256_UNIQUE,BI_003_06_00.png,3
BI_042_R08.png,BI,B,I,BI_042,42,8,PRESENT,1,0,MARK_PRESENT,1.0,3,THICK_BASELINE_RECTANGLES=3;MAX_H_FRAC=0.994;CORE_R=2.52,FULL_AXES_RECT,65,39,863,759,6,00,Zero-shot,0,0,SHA256_UNIQUE,BI_003_06_00.png,3
BI_042_R09.png,BI,B,I,BI_042,42,9,PRESENT,1,0,MARK_PRESENT,1.0,3,THICK_BASELINE_RECTANGLES=3;MAX_H_FRAC=0.994;CORE_R=2.52,FULL_AXES_RECT,65,39,863,759,6,00,Zero-shot,0,0,SHA256_UNIQUE,BI_003_06_00.png,3
BI_042_R10.png,BI,B,I,BI_042,42,10,PRESENT,1,0,MARK_PRESENT,1.0,3,THICK_BASELINE_RECTANGLES=3;MAX_H_FRAC=0.994;CORE_R=2.52,FULL_AXES_RECT,65,39,863,759,6,00,Zero-shot,0,0,SHA256_UNIQUE,BI_003_06_00.png,3
BI_043_R01.png,BI,B,I,BI_043,43,1,PRESENT,1,0,MARK_PRESENT,1.0,3,THICK_BASELINE_RECTANGLES=3;MAX_H_FRAC=0.949;CORE_R=2.45,FULL_AXES_RECT,109,40,875,739,7,00,Zero-shot,0,0,SHA256_UNIQUE,BI_004_07_00.png,4
BI_043_R02.png,BI,B,I,BI_043,43,2,PRESENT,1,0,MARK_PRESENT,1.0,3,THICK_BASELINE_RECTANGLES=3;MAX_H_FRAC=0.976;CORE_R=2.47,FULL_AXES_RECT,108,39,1133,744,7,00,Zero-shot,0,0,SHA256_UNIQUE,BI_004_07_00.png,4
BI_043_R03.png,BI,B,I,BI_043,43,3,PRESENT,1,0,MARK_PRESENT,1.0,3,THICK_BASELINE_RECTANGLES=3;MAX_H_FRAC=0.962;CORE_R=2.47,FULL_AXES_RECT,108,39,875,744,7,00,Zero-shot,0,0,SHA256_UNIQUE,BI_004_07_00.png,4
BI_043_R04.png,BI,B,I,BI_043,43,4,PRESENT,1,0,MARK_PRESENT,1.0,3,THICK_BASELINE_RECTANGLES=3;MAX_H_FRAC=0.976;CORE_R=2.47,FULL_AXES_RECT,108,39,1133,744,7,00,Zero-shot,0,0,SHA256_UNIQUE,BI_004_07_00.png,4
BI_043_R05.png,BI,B,I,BI_043,43,5,PRESENT,1,0,MARK_PRESENT,1.0,3,THICK_BASELINE_RECTANGLES=3;MAX_H_FRAC=0.976;CORE_R=2.47,FULL_AXES_RECT,108,39,1133,744,7,00,Zero-shot,0,0,SHA256_UNIQUE,BI_004_07_00.png,4
BI_043_R06.png,BI,B,I,BI_043,43,6,PRESENT,1,0,MARK_PRESENT,1.0,3,THICK_BASELINE_RECTANGLES=3;MAX_H_FRAC=0.962;CORE_R=2.47,FULL_AXES_RECT,108,39,875,744,7,00,Zero-shot,0,0,SHA256_UNIQUE,BI_004_07_00.png,4
BI_043_R07.png,BI,B,I,BI_043,43,7,PRESENT,1,0,MARK_PRESENT,1.0,3,THICK_BASELINE_RECTANGLES=3;MAX_H_FRAC=0.976;CORE_R=2.47,FULL_AXES_RECT,108,39,1133,744,7,00,Zero-shot,0,0,SHA256_UNIQUE,BI_004_07_00.png,4
BI_043_R08.png,BI,B,I,BI_043,43,8,PRESENT,1,0,MARK_PRESENT,1.0,3,THICK_BASELINE_RECTANGLES=3;MAX_H_FRAC=0.976;CORE_R=2.47,FULL_AXES_RECT,108,39,1133,744,7,00,Zero-shot,0,0,SHA256_UNIQUE,BI_004_07_00.png,4
BI_043_R09.png,BI,B,I,BI_043,43,9,PRESENT,1,0,MARK_PRESENT,1.0,3,THICK_BASELINE_RECTANGLES=3;MAX_H_FRAC=0.962;CORE_R=2.47,FULL_AXES_RECT,108,39,875,744,7,00,Zero-shot,0,0,SHA256_UNIQUE,BI_004_07_00.png,4
BI_043_R10.png,BI,B,I,BI_043,43,10,PRESENT,1,0,MARK_PRESENT,1.0,3,THICK_BASELINE_RECTANGLES=3;MAX_H_FRAC=0.976;CORE_R=2.47,FULL_AXES_RECT,108,39,1133,744,7,00,Zero-shot,0,0,SHA256_UNIQUE,BI_004_07_00.png,4
BI_044_R01.png,BI,B,I,BI_044,44,1,PRESENT,1,0,MARK_PRESENT,1.0,3,THICK_BASELINE_RECTANGLES=3;MAX_H_FRAC=0.948;CORE_R=2.09,FULL_AXES_RECT,98,82,874,678,8,00,Zero-shot,0,0,SHA256_UNIQUE,BI_005_08_00.png,5
BI_044_R02.png,BI,B,I,BI_044,44,2,PRESENT,1,0,MARK_PRESENT,1.0,3,THICK_BASELINE_RECTANGLES=3;MAX_H_FRAC=0.949;CORE_R=2.12,FULL_AXES_RECT,47,34,653,640,8,00,Zero-shot,0,0,SHA256_UNIQUE,BI_005_08_00.png,5
BI_044_R03.png,BI,B,I,BI_044,44,3,PRESENT,1,0,MARK_PRESENT,1.0,3,THICK_BASELINE_RECTANGLES=3;MAX_H_FRAC=0.949;CORE_R=2.12,FULL_AXES_RECT,47,34,653,640,8,00,Zero-shot,0,0,SHA256_UNIQUE,BI_005_08_00.png,5
BI_044_R04.png,BI,B,I,BI_044,44,4,PRESENT,1,0,MARK_PRESENT,1.0,3,THICK_BASELINE_RECTANGLES=3;MAX_H_FRAC=0.949;CORE_R=2.12,FULL_AXES_RECT,47,34,653,640,8,00,Zero-shot,0,0,SHA256_UNIQUE,BI_005_08_00.png,5
BI_044_R05.png,BI,B,I,BI_044,44,5,PRESENT,1,0,MARK_PRESENT,1.0,3,THICK_BASELINE_RECTANGLES=3;MAX_H_FRAC=0.949;CORE_R=2.12,FULL_AXES_RECT,47,34,653,640,8,00,Zero-shot,0,0,SHA256_UNIQUE,BI_005_08_00.png,5
BI_044_R06.png,BI,B,I,BI_044,44,6,PRESENT,1,0,MARK_PRESENT,1.0,3,THICK_BASELINE_RECTANGLES=3;MAX_H_FRAC=0.949;CORE_R=2.12,FULL_AXES_RECT,47,34,653,640,8,00,Zero-shot,0,0,SHA256_UNIQUE,BI_005_08_00.png,5
BI_044_R07.png,BI,B,I,BI_044,44,7,PRESENT,1,0,MARK_PRESENT,1.0,3,THICK_BASELINE_RECTANGLES=3;MAX_H_FRAC=0.967;CORE_R=2.12,FULL_AXES_RECT,47,33,653,639,8,00,Zero-shot,0,0,SHA256_UNIQUE,BI_005_08_00.png,5
BI_044_R08.png,BI,B,I,BI_044,44,8,PRESENT,1,0,MARK_PRESENT,1.0,3,THICK_BASELINE_RECTANGLES=3;MAX_H_FRAC=0.949;CORE_R=2.12,FULL_AXES_RECT,47,34,653,640,8,00,Zero-shot,0,0,SHA256_UNIQUE,BI_005_08_00.png,5
BI_044_R09.png,BI,B,I,BI_044,44,9,PRESENT,1,0,MARK_PRESENT,1.0,3,THICK_BASELINE_RECTANGLES=3;MAX_H_FRAC=0.949;CORE_R=2.12,FULL_AXES_RECT,47,34,653,640,8,00,Zero-shot,0,0,SHA256_UNIQUE,BI_005_08_00.png,5
BI_044_R10.png,BI,B,I,BI_044,44,10,PRESENT,1,0,MARK_PRESENT,1.0,3,THICK_BASELINE_RECTANGLES=3;MAX_H_FRAC=0.967;CORE_R=2.12,FULL_AXES_RECT,47,33,653,639,8,00,Zero-shot,0,0,SHA256_UNIQUE,BI_005_08_00.png,5
BI_045_R01.png,BI,B,I,BI_045,45,1,PRESENT,1,0,MARK_PRESENT,1.0,4,THICK_BASELINE_RECTANGLES=4;MAX_H_FRAC=0.846;CORE_R=2.43,AXIS_PARTIAL,251,72,1444,764,9,00,Zero-shot,0,0,SHA256_UNIQUE,BI_006_09_00.png,6
BI_045_R02.png,BI,B,I,BI_045,45,2,PRESENT,1,0,MARK_PRESENT,1.0,3,THICK_BASELINE_RECTANGLES=3;MAX_H_FRAC=0.971;CORE_R=2.03,FULL_AXES_RECT,98,98,910,678,9,00,Zero-shot,0,0,SHA256_UNIQUE,BI_006_09_00.png,6
BI_045_R03.png,BI,B,I,BI_045,45,3,PRESENT,1,0,MARK_PRESENT,1.0,3,THICK_BASELINE_RECTANGLES=3;MAX_H_FRAC=0.924;CORE_R=3.07,FULL_AXES_RECT,167,29,1170,906,9,00,Zero-shot,0,0,SHA256_UNIQUE,BI_006_09_00.png,6
BI_045_R04.png,BI,B,I,BI_045,45,4,PRESENT,1,0,MARK_PRESENT,1.0,3,THICK_BASELINE_RECTANGLES=3;MAX_H_FRAC=0.971;CORE_R=2.03,FULL_AXES_RECT,98,98,910,678,9,00,Zero-shot,0,0,SHA256_UNIQUE,BI_006_09_00.png,6
BI_045_R05.png,BI,B,I,BI_045,45,5,PRESENT,1,0,MARK_PRESENT,1.0,3,THICK_BASELINE_RECTANGLES=3;MAX_H_FRAC=0.971;CORE_R=2.03,FULL_AXES_RECT,98,98,910,678,9,00,Zero-shot,0,0,SHA256_UNIQUE,BI_006_09_00.png,6
BI_045_R06.png,BI,B,I,BI_045,45,6,PRESENT,1,0,MARK_PRESENT,1.0,3,THICK_BASELINE_RECTANGLES=3;MAX_H_FRAC=0.924;CORE_R=3.07,FULL_AXES_RECT,167,29,1170,906,9,00,Zero-shot,0,0,SHA256_UNIQUE,BI_006_09_00.png,6
BI_045_R07.png,BI,B,I,BI_045,45,7,PRESENT,1,0,MARK_PRESENT,1.0,3,THICK_BASELINE_RECTANGLES=3;MAX_H_FRAC=0.971;CORE_R=2.03,FULL_AXES_RECT,98,98,910,678,9,00,Zero-shot,0,0,SHA256_UNIQUE,BI_006_09_00.png,6
BI_045_R08.png,BI,B,I,BI_045,45,8,PRESENT,1,0,MARK_PRESENT,1.0,3,THICK_BASELINE_RECTANGLES=3;MAX_H_FRAC=0.971;CORE_R=2.03,FULL_AXES_RECT,98,98,910,678,9,00,Zero-shot,0,0,SHA256_UNIQUE,BI_006_09_00.png,6
BI_045_R09.png,BI,B,I,BI_045,45,9,PRESENT,1,0,MARK_PRESENT,1.0,3,THICK_BASELINE_RECTANGLES=3;MAX_H_FRAC=0.971;CORE_R=2.03,FULL_AXES_RECT,98,98,910,678,9,00,Zero-shot,0,0,SHA256_UNIQUE,BI_006_09_00.png,6
BI_045_R10.png,BI,B,I,BI_045,45,10,PRESENT,1,0,MARK_PRESENT,1.0,3,THICK_BASELINE_RECTANGLES=3;MAX_H_FRAC=0.971;CORE_R=2.03,FULL_AXES_RECT,98,98,910,678,9,00,Zero-shot,0,0,SHA256_UNIQUE,BI_006_09_00.png,6
BI_046_R01.png,BI,B,I,BI_046,46,1,PRESENT,1,0,MARK_PRESENT,1.0,3,THICK_BASELINE_RECTANGLES=3;MAX_H_FRAC=0.933;CORE_R=2.40,FULL_AXES_RECT,103,39,873,724,10,00,Zero-shot,0,0,SHA256_UNIQUE,BI_007_10_00.png,7
BI_046_R02.png,BI,B,I,BI_046,46,2,PRESENT,1,0,MARK_PRESENT,1.0,3,THICK_BASELINE_RECTANGLES=3;MAX_H_FRAC=0.933;CORE_R=2.40,FULL_AXES_RECT,103,39,873,724,10,00,Zero-shot,0,0,SHA256_UNIQUE,BI_007_10_00.png,7
BI_046_R03.png,BI,B,I,BI_046,46,3,PRESENT,1,0,MARK_PRESENT,1.0,3,THICK_BASELINE_RECTANGLES=3;MAX_H_FRAC=0.933;CORE_R=2.40,FULL_AXES_RECT,103,39,873,724,10,00,Zero-shot,0,0,SHA256_UNIQUE,BI_007_10_00.png,7
BI_046_R04.png,BI,B,I,BI_046,46,4,PRESENT,1,0,MARK_PRESENT,1.0,3,THICK_BASELINE_RECTANGLES=3;MAX_H_FRAC=0.933;CORE_R=2.40,FULL_AXES_RECT,103,39,873,724,10,00,Zero-shot,0,0,SHA256_UNIQUE,BI_007_10_00.png,7
BI_046_R05.png,BI,B,I,BI_046,46,5,PRESENT,1,0,MARK_PRESENT,1.0,3,THICK_BASELINE_RECTANGLES=3;MAX_H_FRAC=0.933;CORE_R=2.40,FULL_AXES_RECT,103,39,873,724,10,00,Zero-shot,0,0,SHA256_UNIQUE,BI_007_10_00.png,7
BI_046_R06.png,BI,B,I,BI_046,46,6,PRESENT,1,0,MARK_PRESENT,1.0,3,THICK_BASELINE_RECTANGLES=3;MAX_H_FRAC=0.933;CORE_R=2.40,FULL_AXES_RECT,103,39,873,724,10,00,Zero-shot,0,0,SHA256_UNIQUE,BI_007_10_00.png,7
BI_046_R07.png,BI,B,I,BI_046,46,7,PRESENT,1,0,MARK_PRESENT,1.0,3,THICK_BASELINE_RECTANGLES=3;MAX_H_FRAC=0.933;CORE_R=2.40,FULL_AXES_RECT,103,39,873,724,10,00,Zero-shot,0,0,SHA256_UNIQUE,BI_007_10_00.png,7
BI_046_R08.png,BI,B,I,BI_046,46,8,PRESENT,1,0,MARK_PRESENT,1.0,3,THICK_BASELINE_RECTANGLES=3;MAX_H_FRAC=0.933;CORE_R=2.40,FULL_AXES_RECT,103,39,873,724,10,00,Zero-shot,0,0,SHA256_UNIQUE,BI_007_10_00.png,7
BI_046_R09.png,BI,B,I,BI_046,46,9,PRESENT,1,0,MARK_PRESENT,1.0,3,THICK_BASELINE_RECTANGLES=3;MAX_H_FRAC=0.933;CORE_R=2.40,FULL_AXES_RECT,103,39,873,724,10,00,Zero-shot,0,0,SHA256_UNIQUE,BI_007_10_00.png,7
BI_046_R10.png,BI,B,I,BI_046,46,10,PRESENT,1,0,MARK_PRESENT,1.0,3,THICK_BASELINE_RECTANGLES=3;MAX_H_FRAC=0.933;CORE_R=2.40,FULL_AXES_RECT,103,39,873,724,10,00,Zero-shot,0,0,SHA256_UNIQUE,BI_007_10_00.png,7
BI_047_R01.png,BI,B,I,BI_047,47,1,PRESENT,1,0,MARK_PRESENT,1.0,3,THICK_BASELINE_RECTANGLES=3;MAX_H_FRAC=0.949;CORE_R=2.52,FULL_AXES_RECT,81,35,928,754,11,00,Zero-shot,0,0,SHA256_UNIQUE,BI_008_11_00.png,8
BI_047_R02.png,BI,B,I,BI_047,47,2,PRESENT,1,0,MARK_PRESENT,1.0,3,THICK_BASELINE_RECTANGLES=3;MAX_H_FRAC=0.949;CORE_R=2.46,FULL_AXES_RECT,80,34,949,735,11,00,Zero-shot,0,0,SHA256_UNIQUE,BI_008_11_00.png,8
BI_047_R03.png,BI,B,I,BI_047,47,3,PRESENT,1,0,MARK_PRESENT,1.0,3,THICK_BASELINE_RECTANGLES=3;MAX_H_FRAC=0.949;CORE_R=2.46,FULL_AXES_RECT,80,34,949,735,11,00,Zero-shot,0,0,SHA256_UNIQUE,BI_008_11_00.png,8
BI_047_R04.png,BI,B,I,BI_047,47,4,PRESENT,1,0,MARK_PRESENT,1.0,3,THICK_BASELINE_RECTANGLES=3;MAX_H_FRAC=0.949;CORE_R=2.46,FULL_AXES_RECT,80,34,949,735,11,00,Zero-shot,0,0,SHA256_UNIQUE,BI_008_11_00.png,8
BI_047_R05.png,BI,B,I,BI_047,47,5,PRESENT,1,0,MARK_PRESENT,1.0,3,THICK_BASELINE_RECTANGLES=3;MAX_H_FRAC=0.949;CORE_R=2.46,FULL_AXES_RECT,80,34,949,735,11,00,Zero-shot,0,0,SHA256_UNIQUE,BI_008_11_00.png,8
BI_047_R06.png,BI,B,I,BI_047,47,6,PRESENT,1,0,MARK_PRESENT,1.0,3,THICK_BASELINE_RECTANGLES=3;MAX_H_FRAC=0.949;CORE_R=2.46,FULL_AXES_RECT,80,34,949,735,11,00,Zero-shot,0,0,SHA256_UNIQUE,BI_008_11_00.png,8
BI_047_R07.png,BI,B,I,BI_047,47,7,PRESENT,1,0,MARK_PRESENT,1.0,3,THICK_BASELINE_RECTANGLES=3;MAX_H_FRAC=0.949;CORE_R=2.46,FULL_AXES_RECT,80,34,949,735,11,00,Zero-shot,0,0,SHA256_UNIQUE,BI_008_11_00.png,8
BI_047_R08.png,BI,B,I,BI_047,47,8,PRESENT,1,0,MARK_PRESENT,1.0,3,THICK_BASELINE_RECTANGLES=3;MAX_H_FRAC=0.949;CORE_R=2.46,FULL_AXES_RECT,80,34,949,735,11,00,Zero-shot,0,0,SHA256_UNIQUE,BI_008_11_00.png,8
BI_047_R09.png,BI,B,I,BI_047,47,9,PRESENT,1,0,MARK_PRESENT,1.0,3,THICK_BASELINE_RECTANGLES=3;MAX_H_FRAC=0.949;CORE_R=2.46,FULL_AXES_RECT,80,34,949,735,11,00,Zero-shot,0,0,SHA256_UNIQUE,BI_008_11_00.png,8
BI_047_R10.png,BI,B,I,BI_047,47,10,PRESENT,1,0,MARK_PRESENT,1.0,3,THICK_BASELINE_RECTANGLES=3;MAX_H_FRAC=0.949;CORE_R=2.46,FULL_AXES_RECT,80,34,949,735,11,00,Zero-shot,0,0,SHA256_UNIQUE,BI_008_11_00.png,8
BI_048_R01.png,BI,B,I,BI_048,48,1,PRESENT,1,0,MARK_PRESENT,1.0,3,THICK_BASELINE_RECTANGLES=3;MAX_H_FRAC=0.969;CORE_R=2.03,FULL_AXES_RECT,81,35,1121,615,12,00,Zero-shot,0,0,SHA256_UNIQUE,BI_009_12_00.png,9
BI_048_R02.png,BI,B,I,BI_048,48,2,PRESENT,1,0,MARK_PRESENT,1.0,2,THICK_BASELINE_RECTANGLES=2;MAX_H_FRAC=0.963;CORE_R=2.45,FULL_AXES_RECT,103,34,949,733,12,00,Zero-shot,0,0,SHA256_UNIQUE,BI_009_12_00.png,9
BI_048_R03.png,BI,B,I,BI_048,48,3,PRESENT,1,0,MARK_PRESENT,1.0,3,THICK_BASELINE_RECTANGLES=3;MAX_H_FRAC=0.904;CORE_R=2.04,FULL_AXES_RECT,98,34,1140,616,12,00,Zero-shot,0,0,SHA256_UNIQUE,BI_009_12_00.png,9
BI_048_R04.png,BI,B,I,BI_048,48,4,PRESENT,1,0,MARK_PRESENT,1.0,2,THICK_BASELINE_RECTANGLES=2;MAX_H_FRAC=0.963;CORE_R=2.45,FULL_AXES_RECT,103,34,949,733,12,00,Zero-shot,0,0,SHA256_UNIQUE,BI_009_12_00.png,9
BI_048_R05.png,BI,B,I,BI_048,48,5,PRESENT,1,0,MARK_PRESENT,1.0,2,THICK_BASELINE_RECTANGLES=2;MAX_H_FRAC=0.963;CORE_R=2.45,FULL_AXES_RECT,103,34,949,733,12,00,Zero-shot,0,0,SHA256_UNIQUE,BI_009_12_00.png,9
BI_048_R06.png,BI,B,I,BI_048,48,6,PRESENT,1,0,MARK_PRESENT,1.0,2,THICK_BASELINE_RECTANGLES=2;MAX_H_FRAC=0.963;CORE_R=2.45,FULL_AXES_RECT,103,34,949,733,12,00,Zero-shot,0,0,SHA256_UNIQUE,BI_009_12_00.png,9
BI_048_R07.png,BI,B,I,BI_048,48,7,PRESENT,1,0,MARK_PRESENT,1.0,2,THICK_BASELINE_RECTANGLES=2;MAX_H_FRAC=0.963;CORE_R=2.45,FULL_AXES_RECT,103,34,949,733,12,00,Zero-shot,0,0,SHA256_UNIQUE,BI_009_12_00.png,9
BI_048_R08.png,BI,B,I,BI_048,48,8,PRESENT,1,0,MARK_PRESENT,1.0,3,THICK_BASELINE_RECTANGLES=3;MAX_H_FRAC=0.904;CORE_R=2.04,FULL_AXES_RECT,98,34,1140,616,12,00,Zero-shot,0,0,SHA256_UNIQUE,BI_009_12_00.png,9
BI_048_R09.png,BI,B,I,BI_048,48,9,PRESENT,1,0,MARK_PRESENT,1.0,2,THICK_BASELINE_RECTANGLES=2;MAX_H_FRAC=0.963;CORE_R=2.45,FULL_AXES_RECT,103,34,949,733,12,00,Zero-shot,0,0,SHA256_UNIQUE,BI_009_12_00.png,9
BI_048_R10.png,BI,B,I,BI_048,48,10,PRESENT,1,0,MARK_PRESENT,1.0,2,THICK_BASELINE_RECTANGLES=2;MAX_H_FRAC=0.963;CORE_R=2.45,FULL_AXES_RECT,103,34,949,733,12,00,Zero-shot,0,0,SHA256_UNIQUE,BI_009_12_00.png,9
BI_049_R01.png,BI,B,I,BI_049,49,1,PRESENT,1,0,MARK_PRESENT,1.0,3,THICK_BASELINE_RECTANGLES=3;MAX_H_FRAC=0.904;CORE_R=2.04,FULL_AXES_RECT,98,34,1140,616,13,00,Zero-shot,0,0,SHA256_UNIQUE,BI_010_13_00.png,10
BI_049_R02.png,BI,B,I,BI_049,49,2,PRESENT,1,0,MARK_PRESENT,1.0,3,THICK_BASELINE_RECTANGLES=3;MAX_H_FRAC=0.904;CORE_R=2.04,FULL_AXES_RECT,98,34,1140,616,13,00,Zero-shot,0,0,SHA256_UNIQUE,BI_010_13_00.png,10
BI_049_R03.png,BI,B,I,BI_049,49,3,PRESENT,1,0,MARK_PRESENT,1.0,2,THICK_BASELINE_RECTANGLES=2;MAX_H_FRAC=0.963;CORE_R=2.45,FULL_AXES_RECT,103,34,949,733,13,00,Zero-shot,0,0,SHA256_UNIQUE,BI_010_13_00.png,10
BI_049_R04.png,BI,B,I,BI_049,49,4,PRESENT,1,0,MARK_PRESENT,1.0,3,THICK_BASELINE_RECTANGLES=3;MAX_H_FRAC=0.904;CORE_R=2.04,FULL_AXES_RECT,98,34,1140,616,13,00,Zero-shot,0,0,SHA256_UNIQUE,BI_010_13_00.png,10
BI_049_R05.png,BI,B,I,BI_049,49,5,PRESENT,1,0,MARK_PRESENT,1.0,3,THICK_BASELINE_RECTANGLES=3;MAX_H_FRAC=0.904;CORE_R=2.04,FULL_AXES_RECT,98,34,1140,616,13,00,Zero-shot,0,0,SHA256_UNIQUE,BI_010_13_00.png,10
BI_049_R06.png,BI,B,I,BI_049,49,6,PRESENT,1,0,MARK_PRESENT,1.0,3,THICK_BASELINE_RECTANGLES=3;MAX_H_FRAC=0.904;CORE_R=2.04,FULL_AXES_RECT,98,34,1140,616,13,00,Zero-shot,0,0,SHA256_UNIQUE,BI_010_13_00.png,10
BI_049_R07.png,BI,B,I,BI_049,49,7,PRESENT,1,0,MARK_PRESENT,1.0,3,THICK_BASELINE_RECTANGLES=3;MAX_H_FRAC=0.904;CORE_R=2.04,FULL_AXES_RECT,98,34,1140,616,13,00,Zero-shot,0,0,SHA256_UNIQUE,BI_010_13_00.png,10
BI_049_R08.png,BI,B,I,BI_049,49,8,PRESENT,1,0,MARK_PRESENT,1.0,2,THICK_BASELINE_RECTANGLES=2;MAX_H_FRAC=0.963;CORE_R=2.45,FULL_AXES_RECT,103,34,949,733,13,00,Zero-shot,0,0,SHA256_UNIQUE,BI_010_13_00.png,10
BI_049_R09.png,BI,B,I,BI_049,49,9,PRESENT,1,0,MARK_PRESENT,1.0,3,THICK_BASELINE_RECTANGLES=3;MAX_H_FRAC=0.904;CORE_R=2.04,FULL_AXES_RECT,98,34,1140,616,13,00,Zero-shot,0,0,SHA256_UNIQUE,BI_010_13_00.png,10
BI_049_R10.png,BI,B,I,BI_049,49,10,PRESENT,1,0,MARK_PRESENT,1.0,3,THICK_BASELINE_RECTANGLES=3;MAX_H_FRAC=0.993;CORE_R=2.04,FULL_AXES_RECT,98,34,1140,616,13,00,Zero-shot,0,0,SHA256_UNIQUE,BI_010_13_00.png,10
BI_050_R01.png,BI,B,I,BI_050,50,1,PRESENT,1,0,MARK_PRESENT,1.0,3,THICK_BASELINE_RECTANGLES=3;MAX_H_FRAC=0.947;CORE_R=2.04,FULL_AXES_RECT,59,34,1101,616,14,00,Zero-shot,0,0,SHA256_UNIQUE,BI_011_14_00.png,11
BI_050_R02.png,BI,B,I,BI_050,50,2,PRESENT,1,0,MARK_PRESENT,1.0,3,THICK_BASELINE_RECTANGLES=3;MAX_H_FRAC=0.962;CORE_R=2.04,FULL_AXES_RECT,50,34,1092,616,14,00,Zero-shot,0,0,SHA256_UNIQUE,BI_011_14_00.png,11
BI_050_R03.png,BI,B,I,BI_050,50,3,PRESENT,1,0,MARK_PRESENT,1.0,3,THICK_BASELINE_RECTANGLES=3;MAX_H_FRAC=0.962;CORE_R=2.04,FULL_AXES_RECT,50,34,1092,616,14,00,Zero-shot,0,0,SHA256_UNIQUE,BI_011_14_00.png,11
BI_050_R04.png,BI,B,I,BI_050,50,4,PRESENT,1,0,MARK_PRESENT,1.0,3,THICK_BASELINE_RECTANGLES=3;MAX_H_FRAC=0.962;CORE_R=2.04,FULL_AXES_RECT,50,34,1092,616,14,00,Zero-shot,0,0,SHA256_UNIQUE,BI_011_14_00.png,11
BI_050_R05.png,BI,B,I,BI_050,50,5,PRESENT,1,0,MARK_PRESENT,1.0,3,THICK_BASELINE_RECTANGLES=3;MAX_H_FRAC=0.962;CORE_R=2.04,FULL_AXES_RECT,50,34,1092,616,14,00,Zero-shot,0,0,SHA256_UNIQUE,BI_011_14_00.png,11
BI_050_R06.png,BI,B,I,BI_050,50,6,PRESENT,1,0,MARK_PRESENT,1.0,3,THICK_BASELINE_RECTANGLES=3;MAX_H_FRAC=0.962;CORE_R=2.04,FULL_AXES_RECT,50,34,1092,616,14,00,Zero-shot,0,0,SHA256_UNIQUE,BI_011_14_00.png,11
BI_050_R07.png,BI,B,I,BI_050,50,7,PRESENT,1,0,MARK_PRESENT,1.0,3,THICK_BASELINE_RECTANGLES=3;MAX_H_FRAC=0.962;CORE_R=2.04,FULL_AXES_RECT,50,34,1092,616,14,00,Zero-shot,0,0,SHA256_UNIQUE,BI_011_14_00.png,11
BI_050_R08.png,BI,B,I,BI_050,50,8,PRESENT,1,0,MARK_PRESENT,1.0,3,THICK_BASELINE_RECTANGLES=3;MAX_H_FRAC=0.962;CORE_R=2.04,FULL_AXES_RECT,50,34,1092,616,14,00,Zero-shot,0,0,SHA256_UNIQUE,BI_011_14_00.png,11
BI_050_R09.png,BI,B,I,BI_050,50,9,PRESENT,1,0,MARK_PRESENT,1.0,3,THICK_BASELINE_RECTANGLES=3;MAX_H_FRAC=0.962;CORE_R=2.04,FULL_AXES_RECT,50,34,1092,616,14,00,Zero-shot,0,0,SHA256_UNIQUE,BI_011_14_00.png,11
BI_050_R10.png,BI,B,I,BI_050,50,10,PRESENT,1,0,MARK_PRESENT,1.0,3,THICK_BASELINE_RECTANGLES=3;MAX_H_FRAC=0.962;CORE_R=2.04,FULL_AXES_RECT,50,34,1092,616,14,00,Zero-shot,0,0,SHA256_UNIQUE,BI_011_14_00.png,11
BI_051_R01.png,BI,B,I,BI_051,51,1,PRESENT,1,0,MARK_PRESENT,1.0,3,THICK_BASELINE_RECTANGLES=3;MAX_H_FRAC=0.889;CORE_R=2.04,FULL_AXES_RECT,152,34,882,616,15,00,Zero-shot,0,0,SHA256_UNIQUE,BI_012_15_00.png,12
BI_051_R02.png,BI,B,I,BI_051,51,2,PRESENT,1,0,MARK_PRESENT,0.9415434083601286,1,THICK_BASELINE_RECTANGLES=1;MAX_H_FRAC=0.169;CORE_R=2.00,FULL_AXES_RECT,125,39,652,660,15,00,Zero-shot,0,0,SHA256_UNIQUE,BI_012_15_00.png,12
BI_051_R03.png,BI,B,I,BI_051,51,3,PRESENT,1,0,MARK_PRESENT,0.9415434083601286,1,THICK_BASELINE_RECTANGLES=1;MAX_H_FRAC=0.169;CORE_R=2.00,FULL_AXES_RECT,125,39,652,660,15,00,Zero-shot,0,0,SHA256_UNIQUE,BI_012_15_00.png,12
BI_051_R04.png,BI,B,I,BI_051,51,4,PRESENT,1,0,MARK_PRESENT,0.9415434083601286,1,THICK_BASELINE_RECTANGLES=1;MAX_H_FRAC=0.169;CORE_R=2.00,FULL_AXES_RECT,125,39,652,660,15,00,Zero-shot,0,0,SHA256_UNIQUE,BI_012_15_00.png,12
BI_051_R05.png,BI,B,I,BI_051,51,5,PRESENT,1,0,MARK_PRESENT,0.9415434083601286,1,THICK_BASELINE_RECTANGLES=1;MAX_H_FRAC=0.169;CORE_R=2.00,FULL_AXES_RECT,125,39,652,660,15,00,Zero-shot,0,0,SHA256_UNIQUE,BI_012_15_00.png,12
BI_051_R06.png,BI,B,I,BI_051,51,6,PRESENT,1,0,MARK_PRESENT,0.9415434083601286,1,THICK_BASELINE_RECTANGLES=1;MAX_H_FRAC=0.169;CORE_R=2.00,FULL_AXES_RECT,125,39,652,660,15,00,Zero-shot,0,0,SHA256_UNIQUE,BI_012_15_00.png,12
BI_051_R07.png,BI,B,I,BI_051,51,7,PRESENT,1,0,MARK_PRESENT,0.9415434083601286,1,THICK_BASELINE_RECTANGLES=1;MAX_H_FRAC=0.169;CORE_R=2.00,FULL_AXES_RECT,125,39,652,660,15,00,Zero-shot,0,0,SHA256_UNIQUE,BI_012_15_00.png,12
BI_051_R08.png,BI,B,I,BI_051,51,8,PRESENT,1,0,MARK_PRESENT,0.9415434083601286,1,THICK_BASELINE_RECTANGLES=1;MAX_H_FRAC=0.169;CORE_R=2.00,FULL_AXES_RECT,125,39,652,660,15,00,Zero-shot,0,0,SHA256_UNIQUE,BI_012_15_00.png,12
BI_051_R09.png,BI,B,I,BI_051,51,9,PRESENT,1,0,MARK_PRESENT,0.9415434083601286,1,THICK_BASELINE_RECTANGLES=1;MAX_H_FRAC=0.169;CORE_R=2.00,FULL_AXES_RECT,125,39,652,660,15,00,Zero-shot,0,0,SHA256_UNIQUE,BI_012_15_00.png,12
BI_051_R10.png,BI,B,I,BI_051,51,10,PRESENT,1,0,MARK_PRESENT,0.9415434083601286,1,THICK_BASELINE_RECTANGLES=1;MAX_H_FRAC=0.169;CORE_R=2.00,FULL_AXES_RECT,125,39,652,660,15,00,Zero-shot,0,0,SHA256_UNIQUE,BI_012_15_00.png,12
BI_052_R01.png,BI,B,I,BI_052,52,1,PRESENT,1,0,MARK_PRESENT,1.0,3,THICK_BASELINE_RECTANGLES=3;MAX_H_FRAC=0.993;CORE_R=2.04,FULL_AXES_RECT,68,34,1110,616,16,00,Zero-shot,0,0,SHA256_UNIQUE,BI_013_16_00.png,13
BI_052_R02.png,BI,B,I,BI_052,52,2,PRESENT,1,0,MARK_PRESENT,1.0,3,THICK_BASELINE_RECTANGLES=3;MAX_H_FRAC=0.996;CORE_R=2.00,FULL_AXES_RECT,73,175,931,738,16,00,Zero-shot,0,0,SHA256_UNIQUE,BI_013_16_00.png,13
BI_052_R03.png,BI,B,I,BI_052,52,3,PRESENT,1,0,MARK_PRESENT,1.0,3,THICK_BASELINE_RECTANGLES=3;MAX_H_FRAC=0.996;CORE_R=2.00,FULL_AXES_RECT,73,175,931,738,16,00,Zero-shot,0,0,SHA256_UNIQUE,BI_013_16_00.png,13
BI_052_R04.png,BI,B,I,BI_052,52,4,PRESENT,1,0,MARK_PRESENT,1.0,3,THICK_BASELINE_RECTANGLES=3;MAX_H_FRAC=0.996;CORE_R=2.00,FULL_AXES_RECT,73,175,931,738,16,00,Zero-shot,0,0,SHA256_UNIQUE,BI_013_16_00.png,13
BI_052_R05.png,BI,B,I,BI_052,52,5,PRESENT,1,0,MARK_PRESENT,1.0,2,THICK_BASELINE_RECTANGLES=2;MAX_H_FRAC=0.963;CORE_R=2.45,FULL_AXES_RECT,73,39,949,738,16,00,Zero-shot,0,0,SHA256_UNIQUE,BI_013_16_00.png,13
BI_052_R06.png,BI,B,I,BI_052,52,6,PRESENT,1,0,MARK_PRESENT,1.0,2,THICK_BASELINE_RECTANGLES=2;MAX_H_FRAC=0.963;CORE_R=2.45,FULL_AXES_RECT,73,39,949,738,16,00,Zero-shot,0,0,SHA256_UNIQUE,BI_013_16_00.png,13
BI_052_R07.png,BI,B,I,BI_052,52,7,PRESENT,1,0,MARK_PRESENT,1.0,2,THICK_BASELINE_RECTANGLES=2;MAX_H_FRAC=0.963;CORE_R=2.45,FULL_AXES_RECT,73,39,949,738,16,00,Zero-shot,0,0,SHA256_UNIQUE,BI_013_16_00.png,13
BI_052_R08.png,BI,B,I,BI_052,52,8,PRESENT,1,0,MARK_PRESENT,1.0,2,THICK_BASELINE_RECTANGLES=2;MAX_H_FRAC=0.963;CORE_R=2.45,FULL_AXES_RECT,73,39,949,738,16,00,Zero-shot,0,0,SHA256_UNIQUE,BI_013_16_00.png,13
BI_052_R09.png,BI,B,I,BI_052,52,9,PRESENT,1,0,MARK_PRESENT,1.0,2,THICK_BASELINE_RECTANGLES=2;MAX_H_FRAC=0.963;CORE_R=2.45,FULL_AXES_RECT,73,39,949,738,16,00,Zero-shot,0,0,SHA256_UNIQUE,BI_013_16_00.png,13
BI_052_R10.png,BI,B,I,BI_052,52,10,PRESENT,1,0,MARK_PRESENT,1.0,2,THICK_BASELINE_RECTANGLES=2;MAX_H_FRAC=0.963;CORE_R=2.45,FULL_AXES_RECT,73,39,949,738,16,00,Zero-shot,0,0,SHA256_UNIQUE,BI_013_16_00.png,13
LC_001_R01.png,LC,L,C,LC_001,1,1,PRESENT,1,0,MARK_PRESENT,0.8,0,BEST_X_SPAN=0.000;XBIN_SUPPORT=0.575;N_OBLIQUE_SEGMENTS=25,FULL_AXES_RECT,81,35,952,734,1,10,Few-shot,1,0,SHA256_UNIQUE,LC_001_01_10.png,1
LC_001_R02.png,LC,L,C,LC_001,1,2,PRESENT,1,0,MARK_PRESENT,1.0,1,BEST_X_SPAN=0.920;XBIN_SUPPORT=0.575;N_OBLIQUE_SEGMENTS=16,FULL_AXES_RECT,80,34,1122,616,1,10,Few-shot,1,0,SHA256_UNIQUE,LC_001_01_10.png,1
LC_001_R03.png,LC,L,C,LC_001,1,3,PRESENT,1,0,MARK_PRESENT,1.0,1,BEST_X_SPAN=0.920;XBIN_SUPPORT=0.575;N_OBLIQUE_SEGMENTS=16,FULL_AXES_RECT,80,34,1122,616,1,10,Few-shot,1,0,SHA256_UNIQUE,LC_001_01_10.png,1
LC_001_R04.png,LC,L,C,LC_001,1,4,PRESENT,1,0,MARK_PRESENT,1.0,1,BEST_X_SPAN=0.920;XBIN_SUPPORT=0.575;N_OBLIQUE_SEGMENTS=16,FULL_AXES_RECT,80,34,1122,616,1,10,Few-shot,1,0,SHA256_UNIQUE,LC_001_01_10.png,1
LC_001_R05.png,LC,L,C,LC_001,1,5,PRESENT,1,0,MARK_PRESENT,1.0,1,BEST_X_SPAN=0.920;XBIN_SUPPORT=0.575;N_OBLIQUE_SEGMENTS=16,FULL_AXES_RECT,80,34,1122,616,1,10,Few-shot,1,0,SHA256_UNIQUE,LC_001_01_10.png,1
LC_001_R06.png,LC,L,C,LC_001,1,6,PRESENT,1,0,MARK_PRESENT,1.0,1,BEST_X_SPAN=0.920;XBIN_SUPPORT=0.575;N_OBLIQUE_SEGMENTS=16,FULL_AXES_RECT,80,34,1122,616,1,10,Few-shot,1,0,SHA256_UNIQUE,LC_001_01_10.png,1
LC_001_R07.png,LC,L,C,LC_001,1,7,PRESENT,1,0,MARK_PRESENT,1.0,1,BEST_X_SPAN=0.920;XBIN_SUPPORT=0.575;N_OBLIQUE_SEGMENTS=16,FULL_AXES_RECT,80,34,1122,616,1,10,Few-shot,1,0,SHA256_UNIQUE,LC_001_01_10.png,1
LC_001_R08.png,LC,L,C,LC_001,1,8,PRESENT,1,0,MARK_PRESENT,1.0,1,BEST_X_SPAN=0.920;XBIN_SUPPORT=0.575;N_OBLIQUE_SEGMENTS=16,FULL_AXES_RECT,80,34,1122,616,1,10,Few-shot,1,0,SHA256_UNIQUE,LC_001_01_10.png,1
LC_001_R09.png,LC,L,C,LC_001,1,9,PRESENT,1,0,MARK_PRESENT,1.0,1,BEST_X_SPAN=0.920;XBIN_SUPPORT=0.575;N_OBLIQUE_SEGMENTS=16,FULL_AXES_RECT,80,34,1122,616,1,10,Few-shot,1,0,SHA256_UNIQUE,LC_001_01_10.png,1
LC_001_R10.png,LC,L,C,LC_001,1,10,PRESENT,1,0,MARK_PRESENT,1.0,1,BEST_X_SPAN=0.920;XBIN_SUPPORT=0.575;N_OBLIQUE_SEGMENTS=16,FULL_AXES_RECT,80,34,1122,616,1,10,Few-shot,1,0,SHA256_UNIQUE,LC_001_01_10.png,1
LC_002_R01.png,LC,L,C,LC_002,2,1,PRESENT,1,0,MARK_PRESENT,0.9291370558375636,1,BEST_X_SPAN=0.161;XBIN_SUPPORT=0.600;N_OBLIQUE_SEGMENTS=18,AXIS_PARTIAL,80,47,1064,616,4,10,Few-shot,1,0,SHA256_UNIQUE,LC_002_04_10.png,2
LC_002_R02.png,LC,L,C,LC_002,2,2,PRESENT,1,0,MARK_PRESENT,0.8,0,BEST_X_SPAN=0.000;XBIN_SUPPORT=0.600;N_OBLIQUE_SEGMENTS=20,AXIS_PARTIAL,80,47,1064,616,4,10,Few-shot,1,0,SHA256_UNIQUE,LC_002_04_10.png,2
LC_002_R03.png,LC,L,C,LC_002,2,3,PRESENT,1,0,MARK_PRESENT,0.8,0,BEST_X_SPAN=0.000;XBIN_SUPPORT=0.600;N_OBLIQUE_SEGMENTS=22,AXIS_PARTIAL,80,47,1064,616,4,10,Few-shot,1,0,SHA256_UNIQUE,LC_002_04_10.png,2
LC_002_R04.png,LC,L,C,LC_002,2,4,PRESENT,1,0,MARK_PRESENT,0.8,0,BEST_X_SPAN=0.000;XBIN_SUPPORT=0.675;N_OBLIQUE_SEGMENTS=27,AXIS_PARTIAL,80,47,1064,616,4,10,Few-shot,1,0,SHA256_UNIQUE,LC_002_04_10.png,2
LC_002_R05.png,LC,L,C,LC_002,2,5,PRESENT,1,0,MARK_PRESENT,0.8,0,BEST_X_SPAN=0.000;XBIN_SUPPORT=0.600;N_OBLIQUE_SEGMENTS=27,AXIS_PARTIAL,80,47,1064,616,4,10,Few-shot,1,0,SHA256_UNIQUE,LC_002_04_10.png,2
LC_002_R06.png,LC,L,C,LC_002,2,6,PRESENT,1,0,MARK_PRESENT,0.8,0,BEST_X_SPAN=0.000;XBIN_SUPPORT=0.600;N_OBLIQUE_SEGMENTS=17,AXIS_PARTIAL,80,47,1064,616,4,10,Few-shot,1,0,SHA256_UNIQUE,LC_002_04_10.png,2
LC_002_R07.png,LC,L,C,LC_002,2,7,PRESENT,1,0,MARK_PRESENT,0.8,0,BEST_X_SPAN=0.000;XBIN_SUPPORT=0.600;N_OBLIQUE_SEGMENTS=22,AXIS_PARTIAL,80,47,1064,616,4,10,Few-shot,1,0,SHA256_UNIQUE,LC_002_04_10.png,2
LC_002_R08.png,LC,L,C,LC_002,2,8,PRESENT,1,0,MARK_PRESENT,0.8,0,BEST_X_SPAN=0.000;XBIN_SUPPORT=0.600;N_OBLIQUE_SEGMENTS=16,AXIS_PARTIAL,80,47,1064,616,4,10,Few-shot,1,0,SHA256_UNIQUE,LC_002_04_10.png,2
LC_002_R09.png,LC,L,C,LC_002,2,9,PRESENT,1,0,MARK_PRESENT,0.8,0,BEST_X_SPAN=0.000;XBIN_SUPPORT=0.600;N_OBLIQUE_SEGMENTS=21,AXIS_PARTIAL,80,47,1064,616,4,10,Few-shot,1,0,SHA256_UNIQUE,LC_002_04_10.png,2
LC_002_R10.png,LC,L,C,LC_002,2,10,PRESENT,1,0,MARK_PRESENT,0.8,0,BEST_X_SPAN=0.000;XBIN_SUPPORT=0.600;N_OBLIQUE_SEGMENTS=20,AXIS_PARTIAL,80,47,1064,616,4,10,Few-shot,1,0,SHA256_UNIQUE,LC_002_04_10.png,2
LC_003_R01.png,LC,L,C,LC_003,3,1,PRESENT,1,0,MARK_PRESENT,0.8,0,BEST_X_SPAN=0.000;XBIN_SUPPORT=0.600;N_OBLIQUE_SEGMENTS=14,AXIS_PARTIAL,50,47,1037,622,6,10,Few-shot,1,0,SHA256_UNIQUE,LC_003_06_10.png,3
LC_003_R02.png,LC,L,C,LC_003,3,2,PRESENT,1,0,MARK_PRESENT,0.8,0,BEST_X_SPAN=0.000;XBIN_SUPPORT=0.600;N_OBLIQUE_SEGMENTS=17,FULL_AXES_RECT,98,98,1138,678,6,10,Few-shot,1,0,SHA256_UNIQUE,LC_003_06_10.png,3
LC_003_R03.png,LC,L,C,LC_003,3,3,PRESENT,1,0,MARK_PRESENT,0.8,0,BEST_X_SPAN=0.000;XBIN_SUPPORT=0.600;N_OBLIQUE_SEGMENTS=17,FULL_AXES_RECT,98,98,1138,678,6,10,Few-shot,1,0,SHA256_UNIQUE,LC_003_06_10.png,3
LC_003_R04.png,LC,L,C,LC_003,3,4,PRESENT,1,0,MARK_PRESENT,0.8,0,BEST_X_SPAN=0.000;XBIN_SUPPORT=0.600;N_OBLIQUE_SEGMENTS=17,FULL_AXES_RECT,98,98,1138,678,6,10,Few-shot,1,0,SHA256_UNIQUE,LC_003_06_10.png,3
LC_003_R05.png,LC,L,C,LC_003,3,5,PRESENT,1,0,MARK_PRESENT,0.8,0,BEST_X_SPAN=0.000;XBIN_SUPPORT=0.600;N_OBLIQUE_SEGMENTS=17,FULL_AXES_RECT,98,98,1138,678,6,10,Few-shot,1,0,SHA256_UNIQUE,LC_003_06_10.png,3
LC_003_R06.png,LC,L,C,LC_003,3,6,PRESENT,1,0,MARK_PRESENT,0.8,0,BEST_X_SPAN=0.000;XBIN_SUPPORT=0.600;N_OBLIQUE_SEGMENTS=17,FULL_AXES_RECT,98,98,1138,678,6,10,Few-shot,1,0,SHA256_UNIQUE,LC_003_06_10.png,3
LC_003_R07.png,LC,L,C,LC_003,3,7,PRESENT,1,0,MARK_PRESENT,0.8,0,BEST_X_SPAN=0.000;XBIN_SUPPORT=0.600;N_OBLIQUE_SEGMENTS=17,FULL_AXES_RECT,98,98,1138,678,6,10,Few-shot,1,0,SHA256_UNIQUE,LC_003_06_10.png,3
LC_003_R08.png,LC,L,C,LC_003,3,8,PRESENT,1,0,MARK_PRESENT,0.8,0,BEST_X_SPAN=0.000;XBIN_SUPPORT=0.600;N_OBLIQUE_SEGMENTS=17,FULL_AXES_RECT,98,98,1138,678,6,10,Few-shot,1,0,SHA256_UNIQUE,LC_003_06_10.png,3
LC_003_R09.png,LC,L,C,LC_003,3,9,PRESENT,1,0,MARK_PRESENT,0.8,0,BEST_X_SPAN=0.000;XBIN_SUPPORT=0.600;N_OBLIQUE_SEGMENTS=17,FULL_AXES_RECT,98,98,1138,678,6,10,Few-shot,1,0,SHA256_UNIQUE,LC_003_06_10.png,3
LC_003_R10.png,LC,L,C,LC_003,3,10,PRESENT,1,0,MARK_PRESENT,0.8,0,BEST_X_SPAN=0.000;XBIN_SUPPORT=0.600;N_OBLIQUE_SEGMENTS=17,FULL_AXES_RECT,98,98,1138,678,6,10,Few-shot,1,0,SHA256_UNIQUE,LC_003_06_10.png,3
LC_004_R01.png,LC,L,C,LC_004,4,1,PRESENT,1,0,MARK_PRESENT,1.0,1,BEST_X_SPAN=0.916;XBIN_SUPPORT=0.575;N_OBLIQUE_SEGMENTS=19,FULL_AXES_RECT,98,98,1138,678,7,10,Few-shot,1,0,SHA256_UNIQUE,LC_004_07_10.png,4
LC_004_R02.png,LC,L,C,LC_004,4,2,PRESENT,1,0,MARK_PRESENT,0.8,0,BEST_X_SPAN=0.000;XBIN_SUPPORT=0.600;N_OBLIQUE_SEGMENTS=21,FULL_AXES_RECT,79,34,965,616,7,10,Few-shot,1,0,SHA256_UNIQUE,LC_004_07_10.png,4
LC_004_R03.png,LC,L,C,LC_004,4,3,PRESENT,1,0,MARK_PRESENT,0.8,0,BEST_X_SPAN=0.000;XBIN_SUPPORT=0.600;N_OBLIQUE_SEGMENTS=21,FULL_AXES_RECT,79,34,965,616,7,10,Few-shot,1,0,SHA256_UNIQUE,LC_004_07_10.png,4
LC_004_R04.png,LC,L,C,LC_004,4,4,PRESENT,1,0,MARK_PRESENT,0.8,0,BEST_X_SPAN=0.000;XBIN_SUPPORT=0.600;N_OBLIQUE_SEGMENTS=21,FULL_AXES_RECT,79,34,965,616,7,10,Few-shot,1,0,SHA256_UNIQUE,LC_004_07_10.png,4
LC_004_R05.png,LC,L,C,LC_004,4,5,PRESENT,1,0,MARK_PRESENT,0.8,0,BEST_X_SPAN=0.000;XBIN_SUPPORT=0.600;N_OBLIQUE_SEGMENTS=21,FULL_AXES_RECT,79,34,965,616,7,10,Few-shot,1,0,SHA256_UNIQUE,LC_004_07_10.png,4
LC_004_R06.png,LC,L,C,LC_004,4,6,PRESENT,1,0,MARK_PRESENT,0.8,0,BEST_X_SPAN=0.000;XBIN_SUPPORT=0.600;N_OBLIQUE_SEGMENTS=21,FULL_AXES_RECT,79,34,965,616,7,10,Few-shot,1,0,SHA256_UNIQUE,LC_004_07_10.png,4
LC_004_R07.png,LC,L,C,LC_004,4,7,PRESENT,1,0,MARK_PRESENT,0.8,0,BEST_X_SPAN=0.000;XBIN_SUPPORT=0.600;N_OBLIQUE_SEGMENTS=21,FULL_AXES_RECT,79,34,965,616,7,10,Few-shot,1,0,SHA256_UNIQUE,LC_004_07_10.png,4
LC_004_R08.png,LC,L,C,LC_004,4,8,PRESENT,1,0,MARK_PRESENT,0.8,0,BEST_X_SPAN=0.000;XBIN_SUPPORT=0.600;N_OBLIQUE_SEGMENTS=21,FULL_AXES_RECT,79,34,965,616,7,10,Few-shot,1,0,SHA256_UNIQUE,LC_004_07_10.png,4
LC_004_R09.png,LC,L,C,LC_004,4,9,PRESENT,1,0,MARK_PRESENT,0.8,0,BEST_X_SPAN=0.000;XBIN_SUPPORT=0.600;N_OBLIQUE_SEGMENTS=21,FULL_AXES_RECT,79,34,965,616,7,10,Few-shot,1,0,SHA256_UNIQUE,LC_004_07_10.png,4
LC_004_R10.png,LC,L,C,LC_004,4,10,PRESENT,1,0,MARK_PRESENT,0.8,0,BEST_X_SPAN=0.000;XBIN_SUPPORT=0.600;N_OBLIQUE_SEGMENTS=21,FULL_AXES_RECT,79,34,965,616,7,10,Few-shot,1,0,SHA256_UNIQUE,LC_004_07_10.png,4
LC_005_R01.png,LC,L,C,LC_005,5,1,PRESENT,1,0,MARK_PRESENT,1.0,1,BEST_X_SPAN=0.914;XBIN_SUPPORT=0.600;N_OBLIQUE_SEGMENTS=16,FULL_AXES_RECT,80,34,1122,616,8,10,Few-shot,1,0,SHA256_UNIQUE,LC_005_08_10.png,5
LC_005_R02.png,LC,L,C,LC_005,5,2,PRESENT,1,0,MARK_PRESENT,1.0,1,BEST_X_SPAN=0.914;XBIN_SUPPORT=0.625;N_OBLIQUE_SEGMENTS=27,FULL_AXES_RECT,77,34,1119,616,8,10,Few-shot,1,0,SHA256_UNIQUE,LC_005_08_10.png,5
LC_005_R03.png,LC,L,C,LC_005,5,3,PRESENT,1,0,MARK_PRESENT,1.0,1,BEST_X_SPAN=0.914;XBIN_SUPPORT=0.625;N_OBLIQUE_SEGMENTS=27,FULL_AXES_RECT,77,34,1119,616,8,10,Few-shot,1,0,SHA256_UNIQUE,LC_005_08_10.png,5
LC_005_R04.png,LC,L,C,LC_005,5,4,PRESENT,1,0,MARK_PRESENT,1.0,1,BEST_X_SPAN=0.914;XBIN_SUPPORT=0.625;N_OBLIQUE_SEGMENTS=27,FULL_AXES_RECT,77,34,1119,616,8,10,Few-shot,1,0,SHA256_UNIQUE,LC_005_08_10.png,5
LC_005_R05.png,LC,L,C,LC_005,5,5,PRESENT,1,0,MARK_PRESENT,1.0,1,BEST_X_SPAN=0.914;XBIN_SUPPORT=0.625;N_OBLIQUE_SEGMENTS=27,FULL_AXES_RECT,77,34,1119,616,8,10,Few-shot,1,0,SHA256_UNIQUE,LC_005_08_10.png,5
LC_005_R06.png,LC,L,C,LC_005,5,6,PRESENT,1,0,MARK_PRESENT,1.0,1,BEST_X_SPAN=0.914;XBIN_SUPPORT=0.625;N_OBLIQUE_SEGMENTS=27,FULL_AXES_RECT,77,34,1119,616,8,10,Few-shot,1,0,SHA256_UNIQUE,LC_005_08_10.png,5
LC_005_R07.png,LC,L,C,LC_005,5,7,PRESENT,1,0,MARK_PRESENT,1.0,1,BEST_X_SPAN=0.914;XBIN_SUPPORT=0.625;N_OBLIQUE_SEGMENTS=27,FULL_AXES_RECT,77,34,1119,616,8,10,Few-shot,1,0,SHA256_UNIQUE,LC_005_08_10.png,5
LC_005_R08.png,LC,L,C,LC_005,5,8,PRESENT,1,0,MARK_PRESENT,1.0,1,BEST_X_SPAN=0.914;XBIN_SUPPORT=0.625;N_OBLIQUE_SEGMENTS=27,FULL_AXES_RECT,77,34,1119,616,8,10,Few-shot,1,0,SHA256_UNIQUE,LC_005_08_10.png,5
LC_005_R09.png,LC,L,C,LC_005,5,9,PRESENT,1,0,MARK_PRESENT,1.0,1,BEST_X_SPAN=0.914;XBIN_SUPPORT=0.625;N_OBLIQUE_SEGMENTS=27,FULL_AXES_RECT,77,34,1119,616,8,10,Few-shot,1,0,SHA256_UNIQUE,LC_005_08_10.png,5
LC_005_R10.png,LC,L,C,LC_005,5,10,PRESENT,1,0,MARK_PRESENT,1.0,1,BEST_X_SPAN=0.914;XBIN_SUPPORT=0.625;N_OBLIQUE_SEGMENTS=27,FULL_AXES_RECT,77,34,1119,616,8,10,Few-shot,1,0,SHA256_UNIQUE,LC_005_08_10.png,5
LC_006_R01.png,LC,L,C,LC_006,6,1,PRESENT,1,0,MARK_PRESENT,1.0,1,BEST_X_SPAN=0.925;XBIN_SUPPORT=0.575;N_OBLIQUE_SEGMENTS=18,FULL_AXES_RECT,103,55,980,712,9,10,Few-shot,1,0,SHA256_UNIQUE,LC_006_09_10.png,6
LC_006_R02.png,LC,L,C,LC_006,6,2,PRESENT,1,0,MARK_PRESENT,0.8,0,BEST_X_SPAN=0.000;XBIN_SUPPORT=0.600;N_OBLIQUE_SEGMENTS=19,FULL_AXES_RECT,79,33,893,591,9,10,Few-shot,1,0,SHA256_UNIQUE,LC_006_09_10.png,6
LC_006_R03.png,LC,L,C,LC_006,6,3,PRESENT,1,0,MARK_PRESENT,0.8,0,BEST_X_SPAN=0.000;XBIN_SUPPORT=0.600;N_OBLIQUE_SEGMENTS=19,FULL_AXES_RECT,79,33,893,591,9,10,Few-shot,1,0,SHA256_UNIQUE,LC_006_09_10.png,6
LC_006_R04.png,LC,L,C,LC_006,6,4,PRESENT,1,0,MARK_PRESENT,0.8,0,BEST_X_SPAN=0.000;XBIN_SUPPORT=0.600;N_OBLIQUE_SEGMENTS=19,FULL_AXES_RECT,79,33,893,591,9,10,Few-shot,1,0,SHA256_UNIQUE,LC_006_09_10.png,6
LC_006_R05.png,LC,L,C,LC_006,6,5,PRESENT,1,0,MARK_PRESENT,0.8,0,BEST_X_SPAN=0.000;XBIN_SUPPORT=0.600;N_OBLIQUE_SEGMENTS=19,FULL_AXES_RECT,79,33,893,591,9,10,Few-shot,1,0,SHA256_UNIQUE,LC_006_09_10.png,6
LC_006_R06.png,LC,L,C,LC_006,6,6,PRESENT,1,0,MARK_PRESENT,0.8,0,BEST_X_SPAN=0.000;XBIN_SUPPORT=0.600;N_OBLIQUE_SEGMENTS=19,FULL_AXES_RECT,79,33,893,591,9,10,Few-shot,1,0,SHA256_UNIQUE,LC_006_09_10.png,6
LC_006_R07.png,LC,L,C,LC_006,6,7,PRESENT,1,0,MARK_PRESENT,0.8,0,BEST_X_SPAN=0.000;XBIN_SUPPORT=0.600;N_OBLIQUE_SEGMENTS=19,FULL_AXES_RECT,79,33,893,591,9,10,Few-shot,1,0,SHA256_UNIQUE,LC_006_09_10.png,6
LC_006_R08.png,LC,L,C,LC_006,6,8,PRESENT,1,0,MARK_PRESENT,0.8,0,BEST_X_SPAN=0.000;XBIN_SUPPORT=0.600;N_OBLIQUE_SEGMENTS=19,FULL_AXES_RECT,79,33,893,591,9,10,Few-shot,1,0,SHA256_UNIQUE,LC_006_09_10.png,6
LC_006_R09.png,LC,L,C,LC_006,6,9,PRESENT,1,0,MARK_PRESENT,0.8,0,BEST_X_SPAN=0.000;XBIN_SUPPORT=0.600;N_OBLIQUE_SEGMENTS=19,FULL_AXES_RECT,79,33,893,591,9,10,Few-shot,1,0,SHA256_UNIQUE,LC_006_09_10.png,6
LC_006_R10.png,LC,L,C,LC_006,6,10,PRESENT,1,0,MARK_PRESENT,0.8,0,BEST_X_SPAN=0.000;XBIN_SUPPORT=0.600;N_OBLIQUE_SEGMENTS=19,FULL_AXES_RECT,79,33,893,591,9,10,Few-shot,1,0,SHA256_UNIQUE,LC_006_09_10.png,6
LC_007_R01.png,LC,L,C,LC_007,7,1,PRESENT,1,0,MARK_PRESENT,1.0,1,BEST_X_SPAN=0.922;XBIN_SUPPORT=0.575;N_OBLIQUE_SEGMENTS=19,FULL_AXES_RECT,50,34,1092,616,10,10,Few-shot,1,0,SHA256_UNIQUE,LC_007_10_10.png,7
LC_007_R02.png,LC,L,C,LC_007,7,2,PRESENT,1,0,MARK_PRESENT,0.8,0,BEST_X_SPAN=0.000;XBIN_SUPPORT=0.600;N_OBLIQUE_SEGMENTS=20,FULL_AXES_RECT,67,34,1109,616,10,10,Few-shot,1,0,SHA256_UNIQUE,LC_007_10_10.png,7
LC_007_R03.png,LC,L,C,LC_007,7,3,PRESENT,1,0,MARK_PRESENT,0.8,0,BEST_X_SPAN=0.000;XBIN_SUPPORT=0.600;N_OBLIQUE_SEGMENTS=27,FULL_AXES_RECT,67,34,1109,616,10,10,Few-shot,1,0,SHA256_UNIQUE,LC_007_10_10.png,7
LC_007_R04.png,LC,L,C,LC_007,7,4,PRESENT,1,0,MARK_PRESENT,0.8,0,BEST_X_SPAN=0.000;XBIN_SUPPORT=0.600;N_OBLIQUE_SEGMENTS=27,FULL_AXES_RECT,67,34,1109,616,10,10,Few-shot,1,0,SHA256_UNIQUE,LC_007_10_10.png,7
LC_007_R05.png,LC,L,C,LC_007,7,5,PRESENT,1,0,MARK_PRESENT,0.8,0,BEST_X_SPAN=0.000;XBIN_SUPPORT=0.600;N_OBLIQUE_SEGMENTS=30,FULL_AXES_RECT,67,34,1109,616,10,10,Few-shot,1,0,SHA256_UNIQUE,LC_007_10_10.png,7
LC_007_R06.png,LC,L,C,LC_007,7,6,PRESENT,1,0,MARK_PRESENT,0.8,0,BEST_X_SPAN=0.000;XBIN_SUPPORT=0.575;N_OBLIQUE_SEGMENTS=20,FULL_AXES_RECT,67,34,1109,616,10,10,Few-shot,1,0,SHA256_UNIQUE,LC_007_10_10.png,7
LC_007_R07.png,LC,L,C,LC_007,7,7,PRESENT,1,0,MARK_PRESENT,0.8,0,BEST_X_SPAN=0.000;XBIN_SUPPORT=0.600;N_OBLIQUE_SEGMENTS=25,FULL_AXES_RECT,67,34,1109,616,10,10,Few-shot,1,0,SHA256_UNIQUE,LC_007_10_10.png,7
LC_007_R08.png,LC,L,C,LC_007,7,8,PRESENT,1,0,MARK_PRESENT,0.8,0,BEST_X_SPAN=0.000;XBIN_SUPPORT=0.600;N_OBLIQUE_SEGMENTS=25,FULL_AXES_RECT,67,34,1109,616,10,10,Few-shot,1,0,SHA256_UNIQUE,LC_007_10_10.png,7
LC_007_R09.png,LC,L,C,LC_007,7,9,PRESENT,1,0,MARK_PRESENT,0.8,0,BEST_X_SPAN=0.000;XBIN_SUPPORT=0.600;N_OBLIQUE_SEGMENTS=25,FULL_AXES_RECT,67,34,1109,616,10,10,Few-shot,1,0,SHA256_UNIQUE,LC_007_10_10.png,7
LC_007_R10.png,LC,L,C,LC_007,7,10,PRESENT,1,0,MARK_PRESENT,0.8,0,BEST_X_SPAN=0.000;XBIN_SUPPORT=0.575;N_OBLIQUE_SEGMENTS=15,FULL_AXES_RECT,67,34,1109,616,10,10,Few-shot,1,0,SHA256_UNIQUE,LC_007_10_10.png,7
LC_008_R01.png,LC,L,C,LC_008,8,1,PRESENT,1,0,MARK_PRESENT,0.8,0,BEST_X_SPAN=0.000;XBIN_SUPPORT=0.600;N_OBLIQUE_SEGMENTS=17,FULL_AXES_RECT,81,35,962,734,11,10,Few-shot,1,0,SHA256_UNIQUE,LC_008_11_10.png,8
LC_008_R02.png,LC,L,C,LC_008,8,2,PRESENT,1,0,MARK_PRESENT,1.0,1,BEST_X_SPAN=0.918;XBIN_SUPPORT=0.600;N_OBLIQUE_SEGMENTS=13,FULL_AXES_RECT,98,98,958,678,11,10,Few-shot,1,0,SHA256_UNIQUE,LC_008_11_10.png,8
LC_008_R03.png,LC,L,C,LC_008,8,3,PRESENT,1,0,MARK_PRESENT,1.0,1,BEST_X_SPAN=0.918;XBIN_SUPPORT=0.600;N_OBLIQUE_SEGMENTS=13,FULL_AXES_RECT,98,98,958,678,11,10,Few-shot,1,0,SHA256_UNIQUE,LC_008_11_10.png,8
LC_008_R04.png,LC,L,C,LC_008,8,4,PRESENT,1,0,MARK_PRESENT,1.0,1,BEST_X_SPAN=0.918;XBIN_SUPPORT=0.600;N_OBLIQUE_SEGMENTS=13,FULL_AXES_RECT,98,98,958,678,11,10,Few-shot,1,0,SHA256_UNIQUE,LC_008_11_10.png,8
LC_008_R05.png,LC,L,C,LC_008,8,5,PRESENT,1,0,MARK_PRESENT,1.0,1,BEST_X_SPAN=0.918;XBIN_SUPPORT=0.600;N_OBLIQUE_SEGMENTS=13,FULL_AXES_RECT,98,98,958,678,11,10,Few-shot,1,0,SHA256_UNIQUE,LC_008_11_10.png,8
LC_008_R06.png,LC,L,C,LC_008,8,6,PRESENT,1,0,MARK_PRESENT,1.0,1,BEST_X_SPAN=0.918;XBIN_SUPPORT=0.600;N_OBLIQUE_SEGMENTS=13,FULL_AXES_RECT,98,98,958,678,11,10,Few-shot,1,0,SHA256_UNIQUE,LC_008_11_10.png,8
LC_008_R07.png,LC,L,C,LC_008,8,7,PRESENT,1,0,MARK_PRESENT,1.0,1,BEST_X_SPAN=0.918;XBIN_SUPPORT=0.600;N_OBLIQUE_SEGMENTS=13,FULL_AXES_RECT,98,98,958,678,11,10,Few-shot,1,0,SHA256_UNIQUE,LC_008_11_10.png,8
LC_008_R08.png,LC,L,C,LC_008,8,8,PRESENT,1,0,MARK_PRESENT,1.0,1,BEST_X_SPAN=0.918;XBIN_SUPPORT=0.600;N_OBLIQUE_SEGMENTS=13,FULL_AXES_RECT,98,98,958,678,11,10,Few-shot,1,0,SHA256_UNIQUE,LC_008_11_10.png,8
LC_008_R09.png,LC,L,C,LC_008,8,9,PRESENT,1,0,MARK_PRESENT,1.0,1,BEST_X_SPAN=0.918;XBIN_SUPPORT=0.600;N_OBLIQUE_SEGMENTS=13,FULL_AXES_RECT,98,98,958,678,11,10,Few-shot,1,0,SHA256_UNIQUE,LC_008_11_10.png,8
LC_008_R10.png,LC,L,C,LC_008,8,10,PRESENT,1,0,MARK_PRESENT,1.0,1,BEST_X_SPAN=0.918;XBIN_SUPPORT=0.600;N_OBLIQUE_SEGMENTS=13,FULL_AXES_RECT,98,98,958,678,11,10,Few-shot,1,0,SHA256_UNIQUE,LC_008_11_10.png,8
LC_009_R01.png,LC,L,C,LC_009,9,1,PRESENT,1,0,MARK_PRESENT,0.9569105691056912,1,BEST_X_SPAN=0.196;XBIN_SUPPORT=0.600;N_OBLIQUE_SEGMENTS=17,AXIS_PARTIAL,93,47,1076,616,12,10,Few-shot,1,0,SHA256_UNIQUE,LC_009_12_10.png,9
LC_009_R02.png,LC,L,C,LC_009,9,2,PRESENT,1,0,MARK_PRESENT,0.9551269035532995,1,BEST_X_SPAN=0.194;XBIN_SUPPORT=0.600;N_OBLIQUE_SEGMENTS=20,AXIS_PARTIAL,80,47,1064,616,12,10,Few-shot,1,0,SHA256_UNIQUE,LC_009_12_10.png,9
LC_009_R03.png,LC,L,C,LC_009,9,3,PRESENT,1,0,MARK_PRESENT,0.9551269035532995,1,BEST_X_SPAN=0.194;XBIN_SUPPORT=0.600;N_OBLIQUE_SEGMENTS=20,AXIS_PARTIAL,80,47,1064,616,12,10,Few-shot,1,0,SHA256_UNIQUE,LC_009_12_10.png,9
LC_009_R04.png,LC,L,C,LC_009,9,4,PRESENT,1,0,MARK_PRESENT,0.9551269035532995,1,BEST_X_SPAN=0.194;XBIN_SUPPORT=0.600;N_OBLIQUE_SEGMENTS=20,AXIS_PARTIAL,80,47,1064,616,12,10,Few-shot,1,0,SHA256_UNIQUE,LC_009_12_10.png,9
LC_009_R05.png,LC,L,C,LC_009,9,5,PRESENT,1,0,MARK_PRESENT,0.9551269035532995,1,BEST_X_SPAN=0.194;XBIN_SUPPORT=0.600;N_OBLIQUE_SEGMENTS=20,AXIS_PARTIAL,80,47,1064,616,12,10,Few-shot,1,0,SHA256_UNIQUE,LC_009_12_10.png,9
LC_009_R06.png,LC,L,C,LC_009,9,6,PRESENT,1,0,MARK_PRESENT,0.9551269035532995,1,BEST_X_SPAN=0.194;XBIN_SUPPORT=0.600;N_OBLIQUE_SEGMENTS=20,AXIS_PARTIAL,80,47,1064,616,12,10,Few-shot,1,0,SHA256_UNIQUE,LC_009_12_10.png,9
LC_009_R07.png,LC,L,C,LC_009,9,7,PRESENT,1,0,MARK_PRESENT,0.9551269035532995,1,BEST_X_SPAN=0.194;XBIN_SUPPORT=0.600;N_OBLIQUE_SEGMENTS=20,AXIS_PARTIAL,80,47,1064,616,12,10,Few-shot,1,0,SHA256_UNIQUE,LC_009_12_10.png,9
LC_009_R08.png,LC,L,C,LC_009,9,8,PRESENT,1,0,MARK_PRESENT,0.9551269035532995,1,BEST_X_SPAN=0.194;XBIN_SUPPORT=0.600;N_OBLIQUE_SEGMENTS=20,AXIS_PARTIAL,80,47,1064,616,12,10,Few-shot,1,0,SHA256_UNIQUE,LC_009_12_10.png,9
LC_009_R09.png,LC,L,C,LC_009,9,9,PRESENT,1,0,MARK_PRESENT,0.9551269035532995,1,BEST_X_SPAN=0.194;XBIN_SUPPORT=0.600;N_OBLIQUE_SEGMENTS=20,AXIS_PARTIAL,80,47,1064,616,12,10,Few-shot,1,0,SHA256_UNIQUE,LC_009_12_10.png,9
LC_009_R10.png,LC,L,C,LC_009,9,10,PRESENT,1,0,MARK_PRESENT,0.9551269035532995,1,BEST_X_SPAN=0.194;XBIN_SUPPORT=0.600;N_OBLIQUE_SEGMENTS=20,AXIS_PARTIAL,80,47,1064,616,12,10,Few-shot,1,0,SHA256_UNIQUE,LC_009_12_10.png,9
LC_010_R01.png,LC,L,C,LC_010,10,1,PRESENT,1,0,MARK_PRESENT,1.0,1,BEST_X_SPAN=0.925;XBIN_SUPPORT=0.600;N_OBLIQUE_SEGMENTS=18,FULL_AXES_RECT,98,98,1138,678,13,10,Few-shot,1,0,SHA256_UNIQUE,LC_010_13_10.png,10
LC_010_R02.png,LC,L,C,LC_010,10,2,PRESENT,1,0,MARK_PRESENT,1.0,1,BEST_X_SPAN=0.920;XBIN_SUPPORT=0.575;N_OBLIQUE_SEGMENTS=17,FULL_AXES_RECT,80,34,1122,616,13,10,Few-shot,1,0,SHA256_UNIQUE,LC_010_13_10.png,10
LC_010_R03.png,LC,L,C,LC_010,10,3,PRESENT,1,0,MARK_PRESENT,1.0,1,BEST_X_SPAN=0.920;XBIN_SUPPORT=0.575;N_OBLIQUE_SEGMENTS=17,FULL_AXES_RECT,80,34,1122,616,13,10,Few-shot,1,0,SHA256_UNIQUE,LC_010_13_10.png,10
LC_010_R04.png,LC,L,C,LC_010,10,4,PRESENT,1,0,MARK_PRESENT,1.0,1,BEST_X_SPAN=0.920;XBIN_SUPPORT=0.575;N_OBLIQUE_SEGMENTS=17,FULL_AXES_RECT,80,34,1122,616,13,10,Few-shot,1,0,SHA256_UNIQUE,LC_010_13_10.png,10
LC_010_R05.png,LC,L,C,LC_010,10,5,PRESENT,1,0,MARK_PRESENT,1.0,1,BEST_X_SPAN=0.920;XBIN_SUPPORT=0.575;N_OBLIQUE_SEGMENTS=17,FULL_AXES_RECT,80,34,1122,616,13,10,Few-shot,1,0,SHA256_UNIQUE,LC_010_13_10.png,10
LC_010_R06.png,LC,L,C,LC_010,10,6,PRESENT,1,0,MARK_PRESENT,1.0,1,BEST_X_SPAN=0.920;XBIN_SUPPORT=0.575;N_OBLIQUE_SEGMENTS=17,FULL_AXES_RECT,80,34,1122,616,13,10,Few-shot,1,0,SHA256_UNIQUE,LC_010_13_10.png,10
LC_010_R07.png,LC,L,C,LC_010,10,7,PRESENT,1,0,MARK_PRESENT,1.0,1,BEST_X_SPAN=0.920;XBIN_SUPPORT=0.575;N_OBLIQUE_SEGMENTS=17,FULL_AXES_RECT,80,34,1122,616,13,10,Few-shot,1,0,SHA256_UNIQUE,LC_010_13_10.png,10
LC_010_R08.png,LC,L,C,LC_010,10,8,PRESENT,1,0,MARK_PRESENT,1.0,1,BEST_X_SPAN=0.920;XBIN_SUPPORT=0.575;N_OBLIQUE_SEGMENTS=17,FULL_AXES_RECT,80,34,1122,616,13,10,Few-shot,1,0,SHA256_UNIQUE,LC_010_13_10.png,10
LC_010_R09.png,LC,L,C,LC_010,10,9,PRESENT,1,0,MARK_PRESENT,1.0,1,BEST_X_SPAN=0.920;XBIN_SUPPORT=0.575;N_OBLIQUE_SEGMENTS=17,FULL_AXES_RECT,80,34,1122,616,13,10,Few-shot,1,0,SHA256_UNIQUE,LC_010_13_10.png,10
LC_010_R10.png,LC,L,C,LC_010,10,10,PRESENT,1,0,MARK_PRESENT,1.0,1,BEST_X_SPAN=0.920;XBIN_SUPPORT=0.575;N_OBLIQUE_SEGMENTS=17,FULL_AXES_RECT,80,34,1122,616,13,10,Few-shot,1,0,SHA256_UNIQUE,LC_010_13_10.png,10
LC_011_R01.png,LC,L,C,LC_011,11,1,PRESENT,1,0,MARK_PRESENT,1.0,1,BEST_X_SPAN=0.915;XBIN_SUPPORT=0.600;N_OBLIQUE_SEGMENTS=18,FULL_AXES_RECT,142,34,1184,616,14,10,Few-shot,1,0,SHA256_UNIQUE,LC_011_14_10.png,11
LC_011_R02.png,LC,L,C,LC_011,11,2,PRESENT,1,0,MARK_PRESENT,0.8,0,BEST_X_SPAN=0.000;XBIN_SUPPORT=0.600;N_OBLIQUE_SEGMENTS=14,FULL_AXES_RECT,79,33,863,647,14,10,Few-shot,1,0,SHA256_UNIQUE,LC_011_14_10.png,11
LC_011_R03.png,LC,L,C,LC_011,11,3,PRESENT,1,0,MARK_PRESENT,0.8,0,BEST_X_SPAN=0.000;XBIN_SUPPORT=0.650;N_OBLIQUE_SEGMENTS=22,FULL_AXES_RECT,80,34,1122,616,14,10,Few-shot,1,0,SHA256_UNIQUE,LC_011_14_10.png,11
LC_011_R04.png,LC,L,C,LC_011,11,4,PRESENT,1,0,MARK_PRESENT,0.8,0,BEST_X_SPAN=0.000;XBIN_SUPPORT=0.650;N_OBLIQUE_SEGMENTS=22,FULL_AXES_RECT,80,34,1122,616,14,10,Few-shot,1,0,SHA256_UNIQUE,LC_011_14_10.png,11
LC_011_R05.png,LC,L,C,LC_011,11,5,PRESENT,1,0,MARK_PRESENT,0.8,0,BEST_X_SPAN=0.000;XBIN_SUPPORT=0.650;N_OBLIQUE_SEGMENTS=22,FULL_AXES_RECT,80,34,1122,616,14,10,Few-shot,1,0,SHA256_UNIQUE,LC_011_14_10.png,11
LC_011_R06.png,LC,L,C,LC_011,11,6,PRESENT,1,0,MARK_PRESENT,0.8,0,BEST_X_SPAN=0.000;XBIN_SUPPORT=0.650;N_OBLIQUE_SEGMENTS=22,FULL_AXES_RECT,80,34,1122,616,14,10,Few-shot,1,0,SHA256_UNIQUE,LC_011_14_10.png,11
LC_011_R07.png,LC,L,C,LC_011,11,7,PRESENT,1,0,MARK_PRESENT,0.8,0,BEST_X_SPAN=0.000;XBIN_SUPPORT=0.650;N_OBLIQUE_SEGMENTS=22,FULL_AXES_RECT,80,34,1122,616,14,10,Few-shot,1,0,SHA256_UNIQUE,LC_011_14_10.png,11
LC_011_R08.png,LC,L,C,LC_011,11,8,PRESENT,1,0,MARK_PRESENT,0.8,0,BEST_X_SPAN=0.000;XBIN_SUPPORT=0.650;N_OBLIQUE_SEGMENTS=22,FULL_AXES_RECT,80,34,1122,616,14,10,Few-shot,1,0,SHA256_UNIQUE,LC_011_14_10.png,11
LC_011_R09.png,LC,L,C,LC_011,11,9,PRESENT,1,0,MARK_PRESENT,0.8,0,BEST_X_SPAN=0.000;XBIN_SUPPORT=0.650;N_OBLIQUE_SEGMENTS=22,FULL_AXES_RECT,80,34,1122,616,14,10,Few-shot,1,0,SHA256_UNIQUE,LC_011_14_10.png,11
LC_011_R10.png,LC,L,C,LC_011,11,10,PRESENT,1,0,MARK_PRESENT,0.8,0,BEST_X_SPAN=0.000;XBIN_SUPPORT=0.600;N_OBLIQUE_SEGMENTS=22,FULL_AXES_RECT,79,33,863,647,14,10,Few-shot,1,0,SHA256_UNIQUE,LC_011_14_10.png,11
LC_012_R01.png,LC,L,C,LC_012,12,1,PRESENT,1,0,MARK_PRESENT,1.0,1,BEST_X_SPAN=0.922;XBIN_SUPPORT=0.600;N_OBLIQUE_SEGMENTS=15,FULL_AXES_RECT,80,34,1122,616,15,10,Few-shot,1,0,MANUAL_OVERRIDE_VERIFIED,LC_012_15_10.png,12
LC_012_R02.png,LC,L,C,LC_012,12,2,PRESENT,1,0,MARK_PRESENT,0.8,0,BEST_X_SPAN=0.000;XBIN_SUPPORT=0.650;N_OBLIQUE_SEGMENTS=22,FULL_AXES_RECT,80,34,1122,616,15,10,Few-shot,1,0,MANUAL_OVERRIDE_VERIFIED,LC_012_15_10.png,12
LC_012_R03.png,LC,L,C,LC_012,12,3,PRESENT,1,0,MARK_PRESENT,0.8,0,BEST_X_SPAN=0.000;XBIN_SUPPORT=0.650;N_OBLIQUE_SEGMENTS=22,FULL_AXES_RECT,80,34,1122,616,15,10,Few-shot,1,0,MANUAL_OVERRIDE_VERIFIED,LC_012_15_10.png,12
LC_012_R04.png,LC,L,C,LC_012,12,4,PRESENT,1,0,MARK_PRESENT,0.8,0,BEST_X_SPAN=0.000;XBIN_SUPPORT=0.650;N_OBLIQUE_SEGMENTS=22,FULL_AXES_RECT,80,34,1122,616,15,10,Few-shot,1,0,MANUAL_OVERRIDE_VERIFIED,LC_012_15_10.png,12
LC_012_R05.png,LC,L,C,LC_012,12,5,PRESENT,1,0,MARK_PRESENT,0.8,0,BEST_X_SPAN=0.000;XBIN_SUPPORT=0.650;N_OBLIQUE_SEGMENTS=22,FULL_AXES_RECT,80,34,1122,616,15,10,Few-shot,1,0,MANUAL_OVERRIDE_VERIFIED,LC_012_15_10.png,12
LC_012_R06.png,LC,L,C,LC_012,12,6,PRESENT,1,0,MARK_PRESENT,0.8,0,BEST_X_SPAN=0.000;XBIN_SUPPORT=0.650;N_OBLIQUE_SEGMENTS=22,FULL_AXES_RECT,80,34,1122,616,15,10,Few-shot,1,0,MANUAL_OVERRIDE_VERIFIED,LC_012_15_10.png,12
LC_012_R07.png,LC,L,C,LC_012,12,7,PRESENT,1,0,MARK_PRESENT,0.8,0,BEST_X_SPAN=0.000;XBIN_SUPPORT=0.650;N_OBLIQUE_SEGMENTS=22,FULL_AXES_RECT,80,34,1122,616,15,10,Few-shot,1,0,MANUAL_OVERRIDE_VERIFIED,LC_012_15_10.png,12
LC_012_R08.png,LC,L,C,LC_012,12,8,PRESENT,1,0,MARK_PRESENT,0.8,0,BEST_X_SPAN=0.000;XBIN_SUPPORT=0.650;N_OBLIQUE_SEGMENTS=22,FULL_AXES_RECT,80,34,1122,616,15,10,Few-shot,1,0,MANUAL_OVERRIDE_VERIFIED,LC_012_15_10.png,12
LC_012_R09.png,LC,L,C,LC_012,12,9,PRESENT,1,0,MARK_PRESENT,0.8,0,BEST_X_SPAN=0.000;XBIN_SUPPORT=0.650;N_OBLIQUE_SEGMENTS=22,FULL_AXES_RECT,80,34,1122,616,15,10,Few-shot,1,0,MANUAL_OVERRIDE_VERIFIED,LC_012_15_10.png,12
LC_012_R10.png,LC,L,C,LC_012,12,10,PRESENT,1,0,MARK_PRESENT,0.8,0,BEST_X_SPAN=0.000;XBIN_SUPPORT=0.650;N_OBLIQUE_SEGMENTS=22,FULL_AXES_RECT,80,34,1122,616,15,10,Few-shot,1,0,MANUAL_OVERRIDE_VERIFIED,LC_012_15_10.png,12
LC_013_R01.png,LC,L,C,LC_013,13,1,PRESENT,1,0,MARK_PRESENT,0.8,0,BEST_X_SPAN=0.000;XBIN_SUPPORT=0.575;N_OBLIQUE_SEGMENTS=17,AXIS_PARTIAL,68,47,1053,616,16,10,Few-shot,1,0,SHA256_UNIQUE,LC_013_16_10.png,13
LC_013_R02.png,LC,L,C,LC_013,13,2,ABSENT_OR_UNCERTAIN,0,1,MARK_ABSENT,0.15,0,BEST_X_SPAN=0.000;XBIN_SUPPORT=0.000;N_OBLIQUE_SEGMENTS=0,AXIS_PARTIAL,80,47,1064,616,16,10,Few-shot,1,0,SHA256_UNIQUE,LC_013_16_10.png,13
LC_013_R03.png,LC,L,C,LC_013,13,3,PRESENT,1,0,MARK_PRESENT,0.8,0,BEST_X_SPAN=0.000;XBIN_SUPPORT=0.575;N_OBLIQUE_SEGMENTS=18,FULL_AXES_RECT,98,98,1138,678,16,10,Few-shot,1,0,SHA256_UNIQUE,LC_013_16_10.png,13
LC_013_R04.png,LC,L,C,LC_013,13,4,PRESENT,1,0,MARK_PRESENT,0.8,0,BEST_X_SPAN=0.000;XBIN_SUPPORT=0.575;N_OBLIQUE_SEGMENTS=18,FULL_AXES_RECT,98,98,1138,678,16,10,Few-shot,1,0,SHA256_UNIQUE,LC_013_16_10.png,13
LC_013_R05.png,LC,L,C,LC_013,13,5,PRESENT,1,0,MARK_PRESENT,0.8,0,BEST_X_SPAN=0.000;XBIN_SUPPORT=0.575;N_OBLIQUE_SEGMENTS=18,FULL_AXES_RECT,98,98,1138,678,16,10,Few-shot,1,0,SHA256_UNIQUE,LC_013_16_10.png,13
LC_013_R06.png,LC,L,C,LC_013,13,6,PRESENT,1,0,MARK_PRESENT,0.8,0,BEST_X_SPAN=0.000;XBIN_SUPPORT=0.575;N_OBLIQUE_SEGMENTS=18,FULL_AXES_RECT,98,98,1138,678,16,10,Few-shot,1,0,SHA256_UNIQUE,LC_013_16_10.png,13
LC_013_R07.png,LC,L,C,LC_013,13,7,PRESENT,1,0,MARK_PRESENT,0.8,0,BEST_X_SPAN=0.000;XBIN_SUPPORT=0.575;N_OBLIQUE_SEGMENTS=18,FULL_AXES_RECT,98,98,1138,678,16,10,Few-shot,1,0,SHA256_UNIQUE,LC_013_16_10.png,13
LC_013_R08.png,LC,L,C,LC_013,13,8,PRESENT,1,0,MARK_PRESENT,0.8,0,BEST_X_SPAN=0.000;XBIN_SUPPORT=0.575;N_OBLIQUE_SEGMENTS=18,FULL_AXES_RECT,98,98,1138,678,16,10,Few-shot,1,0,SHA256_UNIQUE,LC_013_16_10.png,13
LC_013_R09.png,LC,L,C,LC_013,13,9,PRESENT,1,0,MARK_PRESENT,0.8,0,BEST_X_SPAN=0.000;XBIN_SUPPORT=0.575;N_OBLIQUE_SEGMENTS=18,FULL_AXES_RECT,98,98,1138,678,16,10,Few-shot,1,0,SHA256_UNIQUE,LC_013_16_10.png,13
LC_013_R10.png,LC,L,C,LC_013,13,10,ABSENT_OR_UNCERTAIN,0,1,MARK_ABSENT,0.15,0,BEST_X_SPAN=0.000;XBIN_SUPPORT=0.000;N_OBLIQUE_SEGMENTS=0,AXIS_PARTIAL,80,47,1064,616,16,10,Few-shot,1,0,SHA256_UNIQUE,LC_013_16_10.png,13
LC_014_R01.png,LC,L,C,LC_014,14,1,PRESENT,1,0,MARK_PRESENT,0.8,0,BEST_X_SPAN=0.000;XBIN_SUPPORT=0.550;N_OBLIQUE_SEGMENTS=26,FULL_AXES_RECT,81,35,960,734,1,11,Híbrida,1,1,SHA256_UNIQUE,LC_001_01_11.png,1
LC_014_R02.png,LC,L,C,LC_014,14,2,PRESENT,1,0,MARK_PRESENT,1.0,1,BEST_X_SPAN=0.918;XBIN_SUPPORT=0.575;N_OBLIQUE_SEGMENTS=21,FULL_AXES_RECT,98,98,934,678,1,11,Híbrida,1,1,SHA256_UNIQUE,LC_001_01_11.png,1
LC_014_R03.png,LC,L,C,LC_014,14,3,PRESENT,1,0,MARK_PRESENT,1.0,1,BEST_X_SPAN=0.918;XBIN_SUPPORT=0.575;N_OBLIQUE_SEGMENTS=21,FULL_AXES_RECT,98,98,934,678,1,11,Híbrida,1,1,SHA256_UNIQUE,LC_001_01_11.png,1
LC_014_R04.png,LC,L,C,LC_014,14,4,PRESENT,1,0,MARK_PRESENT,1.0,1,BEST_X_SPAN=0.918;XBIN_SUPPORT=0.575;N_OBLIQUE_SEGMENTS=21,FULL_AXES_RECT,98,98,934,678,1,11,Híbrida,1,1,SHA256_UNIQUE,LC_001_01_11.png,1
LC_014_R05.png,LC,L,C,LC_014,14,5,PRESENT,1,0,MARK_PRESENT,1.0,1,BEST_X_SPAN=0.918;XBIN_SUPPORT=0.575;N_OBLIQUE_SEGMENTS=21,FULL_AXES_RECT,98,98,934,678,1,11,Híbrida,1,1,SHA256_UNIQUE,LC_001_01_11.png,1
LC_014_R06.png,LC,L,C,LC_014,14,6,PRESENT,1,0,MARK_PRESENT,1.0,1,BEST_X_SPAN=0.918;XBIN_SUPPORT=0.575;N_OBLIQUE_SEGMENTS=21,FULL_AXES_RECT,98,98,934,678,1,11,Híbrida,1,1,SHA256_UNIQUE,LC_001_01_11.png,1
LC_014_R07.png,LC,L,C,LC_014,14,7,PRESENT,1,0,MARK_PRESENT,1.0,1,BEST_X_SPAN=0.918;XBIN_SUPPORT=0.575;N_OBLIQUE_SEGMENTS=21,FULL_AXES_RECT,98,98,934,678,1,11,Híbrida,1,1,SHA256_UNIQUE,LC_001_01_11.png,1
LC_014_R08.png,LC,L,C,LC_014,14,8,PRESENT,1,0,MARK_PRESENT,1.0,1,BEST_X_SPAN=0.918;XBIN_SUPPORT=0.575;N_OBLIQUE_SEGMENTS=21,FULL_AXES_RECT,98,98,934,678,1,11,Híbrida,1,1,SHA256_UNIQUE,LC_001_01_11.png,1
LC_014_R09.png,LC,L,C,LC_014,14,9,PRESENT,1,0,MARK_PRESENT,1.0,1,BEST_X_SPAN=0.918;XBIN_SUPPORT=0.575;N_OBLIQUE_SEGMENTS=21,FULL_AXES_RECT,98,98,934,678,1,11,Híbrida,1,1,SHA256_UNIQUE,LC_001_01_11.png,1
LC_014_R10.png,LC,L,C,LC_014,14,10,PRESENT,1,0,MARK_PRESENT,1.0,1,BEST_X_SPAN=0.918;XBIN_SUPPORT=0.575;N_OBLIQUE_SEGMENTS=21,FULL_AXES_RECT,98,98,934,678,1,11,Híbrida,1,1,SHA256_UNIQUE,LC_001_01_11.png,1
LC_015_R01.png,LC,L,C,LC_015,15,1,PRESENT,1,0,MARK_PRESENT,0.9291370558375636,1,BEST_X_SPAN=0.161;XBIN_SUPPORT=0.600;N_OBLIQUE_SEGMENTS=24,AXIS_PARTIAL,80,47,1064,616,4,11,Híbrida,1,1,MANUAL_OVERRIDE_VERIFIED,LC_002_04_11.png,2
LC_015_R02.png,LC,L,C,LC_015,15,2,PRESENT,1,0,MARK_PRESENT,0.8,0,BEST_X_SPAN=0.000;XBIN_SUPPORT=0.575;N_OBLIQUE_SEGMENTS=15,AXIS_PARTIAL,84,56,1128,741,4,11,Híbrida,1,1,MANUAL_OVERRIDE_VERIFIED,LC_002_04_11.png,2
LC_015_R03.png,LC,L,C,LC_015,15,3,PRESENT,1,0,MARK_PRESENT,0.8,0,BEST_X_SPAN=0.000;XBIN_SUPPORT=0.575;N_OBLIQUE_SEGMENTS=24,AXIS_PARTIAL,84,56,1128,741,4,11,Híbrida,1,1,MANUAL_OVERRIDE_VERIFIED,LC_002_04_11.png,2
LC_015_R04.png,LC,L,C,LC_015,15,4,PRESENT,1,0,MARK_PRESENT,0.8,0,BEST_X_SPAN=0.000;XBIN_SUPPORT=0.650;N_OBLIQUE_SEGMENTS=24,AXIS_PARTIAL,84,56,1128,741,4,11,Híbrida,1,1,MANUAL_OVERRIDE_VERIFIED,LC_002_04_11.png,2
LC_015_R05.png,LC,L,C,LC_015,15,5,PRESENT,1,0,MARK_PRESENT,0.8,0,BEST_X_SPAN=0.000;XBIN_SUPPORT=0.600;N_OBLIQUE_SEGMENTS=25,AXIS_PARTIAL,84,56,1128,741,4,11,Híbrida,1,1,MANUAL_OVERRIDE_VERIFIED,LC_002_04_11.png,2
LC_015_R06.png,LC,L,C,LC_015,15,6,PRESENT,1,0,MARK_PRESENT,0.8,0,BEST_X_SPAN=0.000;XBIN_SUPPORT=0.575;N_OBLIQUE_SEGMENTS=29,AXIS_PARTIAL,84,56,1128,741,4,11,Híbrida,1,1,MANUAL_OVERRIDE_VERIFIED,LC_002_04_11.png,2
LC_015_R07.png,LC,L,C,LC_015,15,7,PRESENT,1,0,MARK_PRESENT,0.8,0,BEST_X_SPAN=0.000;XBIN_SUPPORT=0.575;N_OBLIQUE_SEGMENTS=26,AXIS_PARTIAL,84,56,1128,741,4,11,Híbrida,1,1,MANUAL_OVERRIDE_VERIFIED,LC_002_04_11.png,2
LC_015_R08.png,LC,L,C,LC_015,15,8,PRESENT,1,0,MARK_PRESENT,0.8,0,BEST_X_SPAN=0.000;XBIN_SUPPORT=0.575;N_OBLIQUE_SEGMENTS=27,AXIS_PARTIAL,84,56,1128,741,4,11,Híbrida,1,1,MANUAL_OVERRIDE_VERIFIED,LC_002_04_11.png,2
LC_015_R09.png,LC,L,C,LC_015,15,9,PRESENT,1,0,MARK_PRESENT,0.8,0,BEST_X_SPAN=0.000;XBIN_SUPPORT=0.575;N_OBLIQUE_SEGMENTS=23,AXIS_PARTIAL,84,56,1128,741,4,11,Híbrida,1,1,MANUAL_OVERRIDE_VERIFIED,LC_002_04_11.png,2
LC_015_R10.png,LC,L,C,LC_015,15,10,PRESENT,1,0,MARK_PRESENT,0.8,0,BEST_X_SPAN=0.000;XBIN_SUPPORT=0.575;N_OBLIQUE_SEGMENTS=20,AXIS_PARTIAL,84,56,1128,741,4,11,Híbrida,1,1,MANUAL_OVERRIDE_VERIFIED,LC_002_04_11.png,2
LC_016_R01.png,LC,L,C,LC_016,16,1,PRESENT,1,0,MARK_PRESENT,0.9724696356275304,1,BEST_X_SPAN=0.216;XBIN_SUPPORT=0.575;N_OBLIQUE_SEGMENTS=18,AXIS_PARTIAL,50,47,1037,616,6,11,Híbrida,1,1,SHA256_UNIQUE,LC_003_06_11.png,3
LC_016_R02.png,LC,L,C,LC_016,16,2,PRESENT,1,0,MARK_PRESENT,0.9506243996157542,1,BEST_X_SPAN=0.188;XBIN_SUPPORT=0.600;N_OBLIQUE_SEGMENTS=17,FULL_AXES_RECT,98,98,1138,678,6,11,Híbrida,1,1,SHA256_UNIQUE,LC_003_06_11.png,3
LC_016_R03.png,LC,L,C,LC_016,16,3,PRESENT,1,0,MARK_PRESENT,0.9506243996157542,1,BEST_X_SPAN=0.188;XBIN_SUPPORT=0.600;N_OBLIQUE_SEGMENTS=29,FULL_AXES_RECT,98,98,1138,678,6,11,Híbrida,1,1,SHA256_UNIQUE,LC_003_06_11.png,3
LC_016_R04.png,LC,L,C,LC_016,16,4,PRESENT,1,0,MARK_PRESENT,0.9506243996157542,1,BEST_X_SPAN=0.188;XBIN_SUPPORT=0.600;N_OBLIQUE_SEGMENTS=27,FULL_AXES_RECT,98,98,1138,678,6,11,Híbrida,1,1,SHA256_UNIQUE,LC_003_06_11.png,3
LC_016_R05.png,LC,L,C,LC_016,16,5,PRESENT,1,0,MARK_PRESENT,0.9506243996157542,1,BEST_X_SPAN=0.188;XBIN_SUPPORT=0.575;N_OBLIQUE_SEGMENTS=27,FULL_AXES_RECT,98,98,1138,678,6,11,Híbrida,1,1,SHA256_UNIQUE,LC_003_06_11.png,3
LC_016_R06.png,LC,L,C,LC_016,16,6,PRESENT,1,0,MARK_PRESENT,0.9506243996157542,1,BEST_X_SPAN=0.188;XBIN_SUPPORT=0.600;N_OBLIQUE_SEGMENTS=17,FULL_AXES_RECT,98,98,1138,678,6,11,Híbrida,1,1,SHA256_UNIQUE,LC_003_06_11.png,3
LC_016_R07.png,LC,L,C,LC_016,16,7,PRESENT,1,0,MARK_PRESENT,0.9506243996157542,1,BEST_X_SPAN=0.188;XBIN_SUPPORT=0.675;N_OBLIQUE_SEGMENTS=21,FULL_AXES_RECT,98,98,1138,678,6,11,Híbrida,1,1,SHA256_UNIQUE,LC_003_06_11.png,3
LC_016_R08.png,LC,L,C,LC_016,16,8,PRESENT,1,0,MARK_PRESENT,0.9506243996157542,1,BEST_X_SPAN=0.188;XBIN_SUPPORT=0.600;N_OBLIQUE_SEGMENTS=29,FULL_AXES_RECT,98,98,1138,678,6,11,Híbrida,1,1,SHA256_UNIQUE,LC_003_06_11.png,3
LC_016_R09.png,LC,L,C,LC_016,16,9,PRESENT,1,0,MARK_PRESENT,0.9506243996157542,1,BEST_X_SPAN=0.188;XBIN_SUPPORT=0.600;N_OBLIQUE_SEGMENTS=25,FULL_AXES_RECT,98,98,1138,678,6,11,Híbrida,1,1,SHA256_UNIQUE,LC_003_06_11.png,3
LC_016_R10.png,LC,L,C,LC_016,16,10,PRESENT,1,0,MARK_PRESENT,0.9506243996157542,1,BEST_X_SPAN=0.188;XBIN_SUPPORT=0.600;N_OBLIQUE_SEGMENTS=20,FULL_AXES_RECT,98,98,1138,678,6,11,Híbrida,1,1,SHA256_UNIQUE,LC_003_06_11.png,3
LC_017_R01.png,LC,L,C,LC_017,17,1,PRESENT,1,0,MARK_PRESENT,1.0,1,BEST_X_SPAN=0.914;XBIN_SUPPORT=0.600;N_OBLIQUE_SEGMENTS=16,FULL_AXES_RECT,59,34,1101,616,7,11,Híbrida,1,1,SHA256_UNIQUE,LC_004_07_11.png,4
LC_017_R02.png,LC,L,C,LC_017,17,2,PRESENT,1,0,MARK_PRESENT,0.8,0,BEST_X_SPAN=0.000;XBIN_SUPPORT=0.600;N_OBLIQUE_SEGMENTS=15,FULL_AXES_RECT,79,34,941,616,7,11,Híbrida,1,1,SHA256_UNIQUE,LC_004_07_11.png,4
LC_017_R03.png,LC,L,C,LC_017,17,3,PRESENT,1,0,MARK_PRESENT,0.8,0,BEST_X_SPAN=0.000;XBIN_SUPPORT=0.600;N_OBLIQUE_SEGMENTS=15,FULL_AXES_RECT,79,34,941,616,7,11,Híbrida,1,1,SHA256_UNIQUE,LC_004_07_11.png,4
LC_017_R04.png,LC,L,C,LC_017,17,4,PRESENT,1,0,MARK_PRESENT,0.8,0,BEST_X_SPAN=0.000;XBIN_SUPPORT=0.600;N_OBLIQUE_SEGMENTS=15,FULL_AXES_RECT,79,34,941,616,7,11,Híbrida,1,1,SHA256_UNIQUE,LC_004_07_11.png,4
LC_017_R05.png,LC,L,C,LC_017,17,5,PRESENT,1,0,MARK_PRESENT,0.8,0,BEST_X_SPAN=0.000;XBIN_SUPPORT=0.600;N_OBLIQUE_SEGMENTS=15,FULL_AXES_RECT,79,34,941,616,7,11,Híbrida,1,1,SHA256_UNIQUE,LC_004_07_11.png,4
LC_017_R06.png,LC,L,C,LC_017,17,6,PRESENT,1,0,MARK_PRESENT,0.8,0,BEST_X_SPAN=0.000;XBIN_SUPPORT=0.600;N_OBLIQUE_SEGMENTS=15,FULL_AXES_RECT,79,34,941,616,7,11,Híbrida,1,1,SHA256_UNIQUE,LC_004_07_11.png,4
LC_017_R07.png,LC,L,C,LC_017,17,7,PRESENT,1,0,MARK_PRESENT,0.8,0,BEST_X_SPAN=0.000;XBIN_SUPPORT=0.600;N_OBLIQUE_SEGMENTS=15,FULL_AXES_RECT,79,34,941,616,7,11,Híbrida,1,1,SHA256_UNIQUE,LC_004_07_11.png,4
LC_017_R08.png,LC,L,C,LC_017,17,8,PRESENT,1,0,MARK_PRESENT,0.8,0,BEST_X_SPAN=0.000;XBIN_SUPPORT=0.600;N_OBLIQUE_SEGMENTS=15,FULL_AXES_RECT,79,34,941,616,7,11,Híbrida,1,1,SHA256_UNIQUE,LC_004_07_11.png,4
LC_017_R09.png,LC,L,C,LC_017,17,9,PRESENT,1,0,MARK_PRESENT,0.8,0,BEST_X_SPAN=0.000;XBIN_SUPPORT=0.600;N_OBLIQUE_SEGMENTS=15,FULL_AXES_RECT,79,34,941,616,7,11,Híbrida,1,1,SHA256_UNIQUE,LC_004_07_11.png,4
LC_017_R10.png,LC,L,C,LC_017,17,10,PRESENT,1,0,MARK_PRESENT,0.8,0,BEST_X_SPAN=0.000;XBIN_SUPPORT=0.600;N_OBLIQUE_SEGMENTS=15,FULL_AXES_RECT,79,34,941,616,7,11,Híbrida,1,1,SHA256_UNIQUE,LC_004_07_11.png,4
LC_018_R01.png,LC,L,C,LC_018,18,1,PRESENT,1,0,MARK_PRESENT,1.0,1,BEST_X_SPAN=0.917;XBIN_SUPPORT=0.600;N_OBLIQUE_SEGMENTS=17,FULL_AXES_RECT,78,35,979,754,8,11,Híbrida,1,1,SHA256_UNIQUE,LC_005_08_11.png,5
LC_018_R02.png,LC,L,C,LC_018,18,2,PRESENT,1,0,MARK_PRESENT,0.8,0,BEST_X_SPAN=0.000;XBIN_SUPPORT=0.600;N_OBLIQUE_SEGMENTS=16,FULL_AXES_RECT,59,33,843,647,8,11,Híbrida,1,1,SHA256_UNIQUE,LC_005_08_11.png,5
LC_018_R03.png,LC,L,C,LC_018,18,3,PRESENT,1,0,MARK_PRESENT,0.8,0,BEST_X_SPAN=0.000;XBIN_SUPPORT=0.600;N_OBLIQUE_SEGMENTS=26,FULL_AXES_RECT,59,33,843,647,8,11,Híbrida,1,1,SHA256_UNIQUE,LC_005_08_11.png,5
LC_018_R04.png,LC,L,C,LC_018,18,4,PRESENT,1,0,MARK_PRESENT,0.8,0,BEST_X_SPAN=0.000;XBIN_SUPPORT=0.600;N_OBLIQUE_SEGMENTS=21,FULL_AXES_RECT,59,33,843,647,8,11,Híbrida,1,1,SHA256_UNIQUE,LC_005_08_11.png,5
LC_018_R05.png,LC,L,C,LC_018,18,5,PRESENT,1,0,MARK_PRESENT,0.8,0,BEST_X_SPAN=0.000;XBIN_SUPPORT=0.600;N_OBLIQUE_SEGMENTS=31,FULL_AXES_RECT,59,33,843,647,8,11,Híbrida,1,1,SHA256_UNIQUE,LC_005_08_11.png,5
LC_018_R06.png,LC,L,C,LC_018,18,6,PRESENT,1,0,MARK_PRESENT,0.8,0,BEST_X_SPAN=0.000;XBIN_SUPPORT=0.600;N_OBLIQUE_SEGMENTS=14,FULL_AXES_RECT,59,33,843,647,8,11,Híbrida,1,1,SHA256_UNIQUE,LC_005_08_11.png,5
LC_018_R07.png,LC,L,C,LC_018,18,7,PRESENT,1,0,MARK_PRESENT,0.8,0,BEST_X_SPAN=0.000;XBIN_SUPPORT=0.600;N_OBLIQUE_SEGMENTS=30,FULL_AXES_RECT,59,33,843,647,8,11,Híbrida,1,1,SHA256_UNIQUE,LC_005_08_11.png,5
LC_018_R08.png,LC,L,C,LC_018,18,8,PRESENT,1,0,MARK_PRESENT,0.8,0,BEST_X_SPAN=0.000;XBIN_SUPPORT=0.600;N_OBLIQUE_SEGMENTS=30,FULL_AXES_RECT,59,33,843,647,8,11,Híbrida,1,1,SHA256_UNIQUE,LC_005_08_11.png,5
LC_018_R09.png,LC,L,C,LC_018,18,9,PRESENT,1,0,MARK_PRESENT,0.8,0,BEST_X_SPAN=0.000;XBIN_SUPPORT=0.600;N_OBLIQUE_SEGMENTS=20,FULL_AXES_RECT,59,33,843,647,8,11,Híbrida,1,1,SHA256_UNIQUE,LC_005_08_11.png,5
LC_018_R10.png,LC,L,C,LC_018,18,10,PRESENT,1,0,MARK_PRESENT,0.8,0,BEST_X_SPAN=0.000;XBIN_SUPPORT=0.600;N_OBLIQUE_SEGMENTS=22,FULL_AXES_RECT,59,33,843,647,8,11,Híbrida,1,1,SHA256_UNIQUE,LC_005_08_11.png,5
LC_019_R01.png,LC,L,C,LC_019,19,1,PRESENT,1,0,MARK_PRESENT,0.8,0,BEST_X_SPAN=0.000;XBIN_SUPPORT=0.600;N_OBLIQUE_SEGMENTS=22,FULL_AXES_RECT,79,33,796,610,9,11,Híbrida,1,1,SHA256_UNIQUE,LC_006_09_11.png,6
LC_019_R02.png,LC,L,C,LC_019,19,2,PRESENT,1,0,MARK_PRESENT,1.0,1,BEST_X_SPAN=0.935;XBIN_SUPPORT=0.600;N_OBLIQUE_SEGMENTS=19,FULL_AXES_RECT,79,34,893,592,9,11,Híbrida,1,1,SHA256_UNIQUE,LC_006_09_11.png,6
LC_019_R03.png,LC,L,C,LC_019,19,3,PRESENT,1,0,MARK_PRESENT,1.0,1,BEST_X_SPAN=0.935;XBIN_SUPPORT=0.600;N_OBLIQUE_SEGMENTS=19,FULL_AXES_RECT,79,34,893,592,9,11,Híbrida,1,1,SHA256_UNIQUE,LC_006_09_11.png,6
LC_019_R04.png,LC,L,C,LC_019,19,4,PRESENT,1,0,MARK_PRESENT,1.0,1,BEST_X_SPAN=0.935;XBIN_SUPPORT=0.600;N_OBLIQUE_SEGMENTS=19,FULL_AXES_RECT,79,34,893,592,9,11,Híbrida,1,1,SHA256_UNIQUE,LC_006_09_11.png,6
LC_019_R05.png,LC,L,C,LC_019,19,5,PRESENT,1,0,MARK_PRESENT,1.0,1,BEST_X_SPAN=0.935;XBIN_SUPPORT=0.600;N_OBLIQUE_SEGMENTS=19,FULL_AXES_RECT,79,34,893,592,9,11,Híbrida,1,1,SHA256_UNIQUE,LC_006_09_11.png,6
LC_019_R06.png,LC,L,C,LC_019,19,6,PRESENT,1,0,MARK_PRESENT,1.0,1,BEST_X_SPAN=0.935;XBIN_SUPPORT=0.600;N_OBLIQUE_SEGMENTS=19,FULL_AXES_RECT,79,34,893,592,9,11,Híbrida,1,1,SHA256_UNIQUE,LC_006_09_11.png,6
LC_019_R07.png,LC,L,C,LC_019,19,7,PRESENT,1,0,MARK_PRESENT,1.0,1,BEST_X_SPAN=0.935;XBIN_SUPPORT=0.600;N_OBLIQUE_SEGMENTS=19,FULL_AXES_RECT,79,34,893,592,9,11,Híbrida,1,1,SHA256_UNIQUE,LC_006_09_11.png,6
LC_019_R08.png,LC,L,C,LC_019,19,8,PRESENT,1,0,MARK_PRESENT,1.0,1,BEST_X_SPAN=0.935;XBIN_SUPPORT=0.600;N_OBLIQUE_SEGMENTS=19,FULL_AXES_RECT,79,34,893,592,9,11,Híbrida,1,1,SHA256_UNIQUE,LC_006_09_11.png,6
LC_019_R09.png,LC,L,C,LC_019,19,9,PRESENT,1,0,MARK_PRESENT,1.0,1,BEST_X_SPAN=0.935;XBIN_SUPPORT=0.600;N_OBLIQUE_SEGMENTS=19,FULL_AXES_RECT,79,34,893,592,9,11,Híbrida,1,1,SHA256_UNIQUE,LC_006_09_11.png,6
LC_019_R10.png,LC,L,C,LC_019,19,10,PRESENT,1,0,MARK_PRESENT,1.0,1,BEST_X_SPAN=0.935;XBIN_SUPPORT=0.600;N_OBLIQUE_SEGMENTS=19,FULL_AXES_RECT,79,34,893,592,9,11,Híbrida,1,1,SHA256_UNIQUE,LC_006_09_11.png,6
LC_020_R01.png,LC,L,C,LC_020,20,1,PRESENT,1,0,MARK_PRESENT,1.0,1,BEST_X_SPAN=0.922;XBIN_SUPPORT=0.575;N_OBLIQUE_SEGMENTS=18,FULL_AXES_RECT,50,34,1092,616,10,11,Híbrida,1,1,SHA256_UNIQUE,LC_007_10_11.png,7
LC_020_R02.png,LC,L,C,LC_020,20,2,PRESENT,1,0,MARK_PRESENT,0.8,0,BEST_X_SPAN=0.000;XBIN_SUPPORT=0.600;N_OBLIQUE_SEGMENTS=20,FULL_AXES_RECT,49,34,833,648,10,11,Híbrida,1,1,SHA256_UNIQUE,LC_007_10_11.png,7
LC_020_R03.png,LC,L,C,LC_020,20,3,PRESENT,1,0,MARK_PRESENT,0.8,0,BEST_X_SPAN=0.000;XBIN_SUPPORT=0.600;N_OBLIQUE_SEGMENTS=20,FULL_AXES_RECT,49,34,833,648,10,11,Híbrida,1,1,SHA256_UNIQUE,LC_007_10_11.png,7
LC_020_R04.png,LC,L,C,LC_020,20,4,PRESENT,1,0,MARK_PRESENT,0.8,0,BEST_X_SPAN=0.000;XBIN_SUPPORT=0.600;N_OBLIQUE_SEGMENTS=20,FULL_AXES_RECT,49,34,833,648,10,11,Híbrida,1,1,SHA256_UNIQUE,LC_007_10_11.png,7
LC_020_R05.png,LC,L,C,LC_020,20,5,PRESENT,1,0,MARK_PRESENT,0.8,0,BEST_X_SPAN=0.000;XBIN_SUPPORT=0.600;N_OBLIQUE_SEGMENTS=20,FULL_AXES_RECT,49,34,833,648,10,11,Híbrida,1,1,SHA256_UNIQUE,LC_007_10_11.png,7
LC_020_R06.png,LC,L,C,LC_020,20,6,PRESENT,1,0,MARK_PRESENT,0.8,0,BEST_X_SPAN=0.000;XBIN_SUPPORT=0.600;N_OBLIQUE_SEGMENTS=20,FULL_AXES_RECT,49,34,833,648,10,11,Híbrida,1,1,SHA256_UNIQUE,LC_007_10_11.png,7
LC_020_R07.png,LC,L,C,LC_020,20,7,PRESENT,1,0,MARK_PRESENT,0.8,0,BEST_X_SPAN=0.000;XBIN_SUPPORT=0.600;N_OBLIQUE_SEGMENTS=20,FULL_AXES_RECT,49,34,833,648,10,11,Híbrida,1,1,SHA256_UNIQUE,LC_007_10_11.png,7
LC_020_R08.png,LC,L,C,LC_020,20,8,PRESENT,1,0,MARK_PRESENT,0.8,0,BEST_X_SPAN=0.000;XBIN_SUPPORT=0.600;N_OBLIQUE_SEGMENTS=20,FULL_AXES_RECT,49,34,833,648,10,11,Híbrida,1,1,SHA256_UNIQUE,LC_007_10_11.png,7
LC_020_R09.png,LC,L,C,LC_020,20,9,PRESENT,1,0,MARK_PRESENT,0.8,0,BEST_X_SPAN=0.000;XBIN_SUPPORT=0.600;N_OBLIQUE_SEGMENTS=20,FULL_AXES_RECT,49,34,833,648,10,11,Híbrida,1,1,SHA256_UNIQUE,LC_007_10_11.png,7
LC_020_R10.png,LC,L,C,LC_020,20,10,PRESENT,1,0,MARK_PRESENT,0.8,0,BEST_X_SPAN=0.000;XBIN_SUPPORT=0.600;N_OBLIQUE_SEGMENTS=20,FULL_AXES_RECT,49,34,833,648,10,11,Híbrida,1,1,SHA256_UNIQUE,LC_007_10_11.png,7
LC_021_R01.png,LC,L,C,LC_021,21,1,PRESENT,1,0,MARK_PRESENT,1.0,1,BEST_X_SPAN=0.917;XBIN_SUPPORT=0.600;N_OBLIQUE_SEGMENTS=16,FULL_AXES_RECT,81,35,960,734,11,11,Híbrida,1,1,SHA256_UNIQUE,LC_008_11_11.png,8
LC_021_R02.png,LC,L,C,LC_021,21,2,PRESENT,1,0,MARK_PRESENT,1.0,1,BEST_X_SPAN=0.914;XBIN_SUPPORT=0.600;N_OBLIQUE_SEGMENTS=16,FULL_AXES_RECT,79,34,1121,616,11,11,Híbrida,1,1,SHA256_UNIQUE,LC_008_11_11.png,8
LC_021_R03.png,LC,L,C,LC_021,21,3,PRESENT,1,0,MARK_PRESENT,1.0,1,BEST_X_SPAN=0.914;XBIN_SUPPORT=0.600;N_OBLIQUE_SEGMENTS=16,FULL_AXES_RECT,79,34,1121,616,11,11,Híbrida,1,1,SHA256_UNIQUE,LC_008_11_11.png,8
LC_021_R04.png,LC,L,C,LC_021,21,4,PRESENT,1,0,MARK_PRESENT,1.0,1,BEST_X_SPAN=0.914;XBIN_SUPPORT=0.600;N_OBLIQUE_SEGMENTS=16,FULL_AXES_RECT,79,34,1121,616,11,11,Híbrida,1,1,SHA256_UNIQUE,LC_008_11_11.png,8
LC_021_R05.png,LC,L,C,LC_021,21,5,PRESENT,1,0,MARK_PRESENT,1.0,1,BEST_X_SPAN=0.914;XBIN_SUPPORT=0.600;N_OBLIQUE_SEGMENTS=16,FULL_AXES_RECT,79,34,1121,616,11,11,Híbrida,1,1,SHA256_UNIQUE,LC_008_11_11.png,8
LC_021_R06.png,LC,L,C,LC_021,21,6,PRESENT,1,0,MARK_PRESENT,1.0,1,BEST_X_SPAN=0.914;XBIN_SUPPORT=0.600;N_OBLIQUE_SEGMENTS=16,FULL_AXES_RECT,79,34,1121,616,11,11,Híbrida,1,1,SHA256_UNIQUE,LC_008_11_11.png,8
LC_021_R07.png,LC,L,C,LC_021,21,7,PRESENT,1,0,MARK_PRESENT,1.0,1,BEST_X_SPAN=0.914;XBIN_SUPPORT=0.600;N_OBLIQUE_SEGMENTS=16,FULL_AXES_RECT,79,34,1121,616,11,11,Híbrida,1,1,SHA256_UNIQUE,LC_008_11_11.png,8
LC_021_R08.png,LC,L,C,LC_021,21,8,PRESENT,1,0,MARK_PRESENT,1.0,1,BEST_X_SPAN=0.914;XBIN_SUPPORT=0.600;N_OBLIQUE_SEGMENTS=16,FULL_AXES_RECT,79,34,1121,616,11,11,Híbrida,1,1,SHA256_UNIQUE,LC_008_11_11.png,8
LC_021_R09.png,LC,L,C,LC_021,21,9,PRESENT,1,0,MARK_PRESENT,1.0,1,BEST_X_SPAN=0.914;XBIN_SUPPORT=0.600;N_OBLIQUE_SEGMENTS=16,FULL_AXES_RECT,79,34,1121,616,11,11,Híbrida,1,1,SHA256_UNIQUE,LC_008_11_11.png,8
LC_021_R10.png,LC,L,C,LC_021,21,10,PRESENT,1,0,MARK_PRESENT,1.0,1,BEST_X_SPAN=0.914;XBIN_SUPPORT=0.600;N_OBLIQUE_SEGMENTS=16,FULL_AXES_RECT,79,34,1121,616,11,11,Híbrida,1,1,SHA256_UNIQUE,LC_008_11_11.png,8
LC_022_R01.png,LC,L,C,LC_022,22,1,PRESENT,1,0,MARK_PRESENT,0.9731707317073172,1,BEST_X_SPAN=0.216;XBIN_SUPPORT=0.550;N_OBLIQUE_SEGMENTS=15,AXIS_PARTIAL,93,47,1076,616,12,11,Híbrida,1,1,SHA256_UNIQUE,LC_009_12_11.png,9
LC_022_R02.png,LC,L,C,LC_022,22,2,PRESENT,1,0,MARK_PRESENT,1.0,2,BEST_X_SPAN=0.923;XBIN_SUPPORT=0.600;N_OBLIQUE_SEGMENTS=15,FULL_AXES_RECT,98,98,1138,678,12,11,Híbrida,1,1,SHA256_UNIQUE,LC_009_12_11.png,9
LC_022_R03.png,LC,L,C,LC_022,22,3,PRESENT,1,0,MARK_PRESENT,1.0,2,BEST_X_SPAN=0.923;XBIN_SUPPORT=0.600;N_OBLIQUE_SEGMENTS=19,FULL_AXES_RECT,98,98,1138,678,12,11,Híbrida,1,1,SHA256_UNIQUE,LC_009_12_11.png,9
LC_022_R04.png,LC,L,C,LC_022,22,4,PRESENT,1,0,MARK_PRESENT,1.0,2,BEST_X_SPAN=0.921;XBIN_SUPPORT=0.600;N_OBLIQUE_SEGMENTS=17,FULL_AXES_RECT,98,98,1138,678,12,11,Híbrida,1,1,SHA256_UNIQUE,LC_009_12_11.png,9
LC_022_R05.png,LC,L,C,LC_022,22,5,PRESENT,1,0,MARK_PRESENT,1.0,2,BEST_X_SPAN=0.925;XBIN_SUPPORT=0.600;N_OBLIQUE_SEGMENTS=20,FULL_AXES_RECT,98,98,1138,678,12,11,Híbrida,1,1,SHA256_UNIQUE,LC_009_12_11.png,9
LC_022_R06.png,LC,L,C,LC_022,22,6,PRESENT,1,0,MARK_PRESENT,1.0,2,BEST_X_SPAN=0.921;XBIN_SUPPORT=0.625;N_OBLIQUE_SEGMENTS=22,FULL_AXES_RECT,98,98,1138,678,12,11,Híbrida,1,1,SHA256_UNIQUE,LC_009_12_11.png,9
LC_022_R07.png,LC,L,C,LC_022,22,7,PRESENT,1,0,MARK_PRESENT,1.0,2,BEST_X_SPAN=0.923;XBIN_SUPPORT=0.600;N_OBLIQUE_SEGMENTS=16,FULL_AXES_RECT,98,98,1138,678,12,11,Híbrida,1,1,SHA256_UNIQUE,LC_009_12_11.png,9
LC_022_R08.png,LC,L,C,LC_022,22,8,PRESENT,1,0,MARK_PRESENT,1.0,2,BEST_X_SPAN=0.921;XBIN_SUPPORT=0.600;N_OBLIQUE_SEGMENTS=16,FULL_AXES_RECT,98,98,1138,678,12,11,Híbrida,1,1,SHA256_UNIQUE,LC_009_12_11.png,9
LC_022_R09.png,LC,L,C,LC_022,22,9,PRESENT,1,0,MARK_PRESENT,1.0,2,BEST_X_SPAN=0.921;XBIN_SUPPORT=0.600;N_OBLIQUE_SEGMENTS=24,FULL_AXES_RECT,98,98,1138,678,12,11,Híbrida,1,1,SHA256_UNIQUE,LC_009_12_11.png,9
LC_022_R10.png,LC,L,C,LC_022,22,10,PRESENT,1,0,MARK_PRESENT,1.0,2,BEST_X_SPAN=0.921;XBIN_SUPPORT=0.600;N_OBLIQUE_SEGMENTS=16,FULL_AXES_RECT,98,98,1138,678,12,11,Híbrida,1,1,SHA256_UNIQUE,LC_009_12_11.png,9
LC_023_R01.png,LC,L,C,LC_023,23,1,PRESENT,1,0,MARK_PRESENT,0.8,0,BEST_X_SPAN=0.000;XBIN_SUPPORT=0.700;N_OBLIQUE_SEGMENTS=34,FULL_AXES_RECT,81,35,940,734,13,11,Híbrida,1,1,SHA256_UNIQUE,LC_010_13_11.png,10
LC_023_R02.png,LC,L,C,LC_023,23,2,PRESENT,1,0,MARK_PRESENT,0.8,0,BEST_X_SPAN=0.000;XBIN_SUPPORT=0.600;N_OBLIQUE_SEGMENTS=18,FULL_AXES_RECT,98,98,982,678,13,11,Híbrida,1,1,SHA256_UNIQUE,LC_010_13_11.png,10
LC_023_R03.png,LC,L,C,LC_023,23,3,PRESENT,1,0,MARK_PRESENT,0.8,0,BEST_X_SPAN=0.000;XBIN_SUPPORT=0.600;N_OBLIQUE_SEGMENTS=18,FULL_AXES_RECT,98,98,982,678,13,11,Híbrida,1,1,SHA256_UNIQUE,LC_010_13_11.png,10
LC_023_R04.png,LC,L,C,LC_023,23,4,PRESENT,1,0,MARK_PRESENT,0.8,0,BEST_X_SPAN=0.000;XBIN_SUPPORT=0.600;N_OBLIQUE_SEGMENTS=18,FULL_AXES_RECT,98,98,982,678,13,11,Híbrida,1,1,SHA256_UNIQUE,LC_010_13_11.png,10
LC_023_R05.png,LC,L,C,LC_023,23,5,PRESENT,1,0,MARK_PRESENT,0.8,0,BEST_X_SPAN=0.000;XBIN_SUPPORT=0.600;N_OBLIQUE_SEGMENTS=18,FULL_AXES_RECT,98,98,982,678,13,11,Híbrida,1,1,SHA256_UNIQUE,LC_010_13_11.png,10
LC_023_R06.png,LC,L,C,LC_023,23,6,PRESENT,1,0,MARK_PRESENT,0.8,0,BEST_X_SPAN=0.000;XBIN_SUPPORT=0.600;N_OBLIQUE_SEGMENTS=18,FULL_AXES_RECT,98,98,982,678,13,11,Híbrida,1,1,SHA256_UNIQUE,LC_010_13_11.png,10
LC_023_R07.png,LC,L,C,LC_023,23,7,PRESENT,1,0,MARK_PRESENT,0.8,0,BEST_X_SPAN=0.000;XBIN_SUPPORT=0.600;N_OBLIQUE_SEGMENTS=18,FULL_AXES_RECT,98,98,982,678,13,11,Híbrida,1,1,SHA256_UNIQUE,LC_010_13_11.png,10
LC_023_R08.png,LC,L,C,LC_023,23,8,PRESENT,1,0,MARK_PRESENT,0.8,0,BEST_X_SPAN=0.000;XBIN_SUPPORT=0.600;N_OBLIQUE_SEGMENTS=18,FULL_AXES_RECT,98,98,982,678,13,11,Híbrida,1,1,SHA256_UNIQUE,LC_010_13_11.png,10
LC_023_R09.png,LC,L,C,LC_023,23,9,PRESENT,1,0,MARK_PRESENT,0.8,0,BEST_X_SPAN=0.000;XBIN_SUPPORT=0.600;N_OBLIQUE_SEGMENTS=18,FULL_AXES_RECT,98,98,982,678,13,11,Híbrida,1,1,SHA256_UNIQUE,LC_010_13_11.png,10
LC_023_R10.png,LC,L,C,LC_023,23,10,PRESENT,1,0,MARK_PRESENT,0.8,0,BEST_X_SPAN=0.000;XBIN_SUPPORT=0.600;N_OBLIQUE_SEGMENTS=18,FULL_AXES_RECT,98,98,982,678,13,11,Híbrida,1,1,SHA256_UNIQUE,LC_010_13_11.png,10
LC_024_R01.png,LC,L,C,LC_024,24,1,PRESENT,1,0,MARK_PRESENT,1.0,1,BEST_X_SPAN=0.914;XBIN_SUPPORT=0.600;N_OBLIQUE_SEGMENTS=18,FULL_AXES_RECT,63,34,1105,616,14,11,Híbrida,1,1,SHA256_UNIQUE,LC_011_14_11.png,11
LC_024_R02.png,LC,L,C,LC_024,24,2,PRESENT,1,0,MARK_PRESENT,0.8,0,BEST_X_SPAN=0.000;XBIN_SUPPORT=0.600;N_OBLIQUE_SEGMENTS=15,FULL_AXES_RECT,98,98,934,678,14,11,Híbrida,1,1,SHA256_UNIQUE,LC_011_14_11.png,11
LC_024_R03.png,LC,L,C,LC_024,24,3,PRESENT,1,0,MARK_PRESENT,0.8,0,BEST_X_SPAN=0.000;XBIN_SUPPORT=0.600;N_OBLIQUE_SEGMENTS=15,FULL_AXES_RECT,98,98,934,678,14,11,Híbrida,1,1,SHA256_UNIQUE,LC_011_14_11.png,11
LC_024_R04.png,LC,L,C,LC_024,24,4,PRESENT,1,0,MARK_PRESENT,0.8,0,BEST_X_SPAN=0.000;XBIN_SUPPORT=0.600;N_OBLIQUE_SEGMENTS=15,FULL_AXES_RECT,98,98,934,678,14,11,Híbrida,1,1,SHA256_UNIQUE,LC_011_14_11.png,11
LC_024_R05.png,LC,L,C,LC_024,24,5,PRESENT,1,0,MARK_PRESENT,0.8,0,BEST_X_SPAN=0.000;XBIN_SUPPORT=0.600;N_OBLIQUE_SEGMENTS=15,FULL_AXES_RECT,98,98,934,678,14,11,Híbrida,1,1,SHA256_UNIQUE,LC_011_14_11.png,11
LC_024_R06.png,LC,L,C,LC_024,24,6,PRESENT,1,0,MARK_PRESENT,0.8,0,BEST_X_SPAN=0.000;XBIN_SUPPORT=0.600;N_OBLIQUE_SEGMENTS=15,FULL_AXES_RECT,98,98,934,678,14,11,Híbrida,1,1,SHA256_UNIQUE,LC_011_14_11.png,11
LC_024_R07.png,LC,L,C,LC_024,24,7,PRESENT,1,0,MARK_PRESENT,0.8,0,BEST_X_SPAN=0.000;XBIN_SUPPORT=0.600;N_OBLIQUE_SEGMENTS=15,FULL_AXES_RECT,98,98,934,678,14,11,Híbrida,1,1,SHA256_UNIQUE,LC_011_14_11.png,11
LC_024_R08.png,LC,L,C,LC_024,24,8,PRESENT,1,0,MARK_PRESENT,0.8,0,BEST_X_SPAN=0.000;XBIN_SUPPORT=0.600;N_OBLIQUE_SEGMENTS=15,FULL_AXES_RECT,98,98,934,678,14,11,Híbrida,1,1,SHA256_UNIQUE,LC_011_14_11.png,11
LC_024_R09.png,LC,L,C,LC_024,24,9,PRESENT,1,0,MARK_PRESENT,0.8,0,BEST_X_SPAN=0.000;XBIN_SUPPORT=0.600;N_OBLIQUE_SEGMENTS=15,FULL_AXES_RECT,98,98,934,678,14,11,Híbrida,1,1,SHA256_UNIQUE,LC_011_14_11.png,11
LC_024_R10.png,LC,L,C,LC_024,24,10,PRESENT,1,0,MARK_PRESENT,0.8,0,BEST_X_SPAN=0.000;XBIN_SUPPORT=0.600;N_OBLIQUE_SEGMENTS=15,FULL_AXES_RECT,98,98,934,678,14,11,Híbrida,1,1,SHA256_UNIQUE,LC_011_14_11.png,11
LC_025_R01.png,LC,L,C,LC_025,25,1,PRESENT,1,0,MARK_PRESENT,1.0,1,BEST_X_SPAN=0.922;XBIN_SUPPORT=0.600;N_OBLIQUE_SEGMENTS=15,FULL_AXES_RECT,80,34,1122,616,15,11,Híbrida,1,1,SHA256_UNIQUE,LC_012_15_11.png,12
LC_025_R02.png,LC,L,C,LC_025,25,2,PRESENT,1,0,MARK_PRESENT,0.8,0,BEST_X_SPAN=0.000;XBIN_SUPPORT=0.600;N_OBLIQUE_SEGMENTS=21,FULL_AXES_RECT,98,98,934,678,15,11,Híbrida,1,1,SHA256_UNIQUE,LC_012_15_11.png,12
LC_025_R03.png,LC,L,C,LC_025,25,3,PRESENT,1,0,MARK_PRESENT,0.8,0,BEST_X_SPAN=0.000;XBIN_SUPPORT=0.600;N_OBLIQUE_SEGMENTS=21,FULL_AXES_RECT,98,98,934,678,15,11,Híbrida,1,1,SHA256_UNIQUE,LC_012_15_11.png,12
LC_025_R04.png,LC,L,C,LC_025,25,4,PRESENT,1,0,MARK_PRESENT,0.8,0,BEST_X_SPAN=0.000;XBIN_SUPPORT=0.600;N_OBLIQUE_SEGMENTS=21,FULL_AXES_RECT,98,98,934,678,15,11,Híbrida,1,1,SHA256_UNIQUE,LC_012_15_11.png,12
LC_025_R05.png,LC,L,C,LC_025,25,5,PRESENT,1,0,MARK_PRESENT,0.8,0,BEST_X_SPAN=0.000;XBIN_SUPPORT=0.600;N_OBLIQUE_SEGMENTS=21,FULL_AXES_RECT,98,98,934,678,15,11,Híbrida,1,1,SHA256_UNIQUE,LC_012_15_11.png,12
LC_025_R06.png,LC,L,C,LC_025,25,6,PRESENT,1,0,MARK_PRESENT,0.8,0,BEST_X_SPAN=0.000;XBIN_SUPPORT=0.600;N_OBLIQUE_SEGMENTS=21,FULL_AXES_RECT,98,98,934,678,15,11,Híbrida,1,1,SHA256_UNIQUE,LC_012_15_11.png,12
LC_025_R07.png,LC,L,C,LC_025,25,7,PRESENT,1,0,MARK_PRESENT,0.8,0,BEST_X_SPAN=0.000;XBIN_SUPPORT=0.600;N_OBLIQUE_SEGMENTS=21,FULL_AXES_RECT,98,98,934,678,15,11,Híbrida,1,1,SHA256_UNIQUE,LC_012_15_11.png,12
LC_025_R08.png,LC,L,C,LC_025,25,8,PRESENT,1,0,MARK_PRESENT,0.8,0,BEST_X_SPAN=0.000;XBIN_SUPPORT=0.600;N_OBLIQUE_SEGMENTS=21,FULL_AXES_RECT,98,98,934,678,15,11,Híbrida,1,1,SHA256_UNIQUE,LC_012_15_11.png,12
LC_025_R09.png,LC,L,C,LC_025,25,9,PRESENT,1,0,MARK_PRESENT,0.8,0,BEST_X_SPAN=0.000;XBIN_SUPPORT=0.600;N_OBLIQUE_SEGMENTS=21,FULL_AXES_RECT,98,98,934,678,15,11,Híbrida,1,1,SHA256_UNIQUE,LC_012_15_11.png,12
LC_025_R10.png,LC,L,C,LC_025,25,10,PRESENT,1,0,MARK_PRESENT,0.8,0,BEST_X_SPAN=0.000;XBIN_SUPPORT=0.600;N_OBLIQUE_SEGMENTS=21,FULL_AXES_RECT,98,98,934,678,15,11,Híbrida,1,1,SHA256_UNIQUE,LC_012_15_11.png,12
LC_026_R01.png,LC,L,C,LC_026,26,1,PRESENT,1,0,MARK_PRESENT,0.8,0,BEST_X_SPAN=0.000;XBIN_SUPPORT=0.575;N_OBLIQUE_SEGMENTS=17,AXIS_PARTIAL,68,47,1053,616,16,11,Híbrida,1,1,SHA256_UNIQUE,LC_013_16_11.png,13
LC_026_R02.png,LC,L,C,LC_026,26,2,PRESENT,1,0,MARK_PRESENT,0.8,0,BEST_X_SPAN=0.000;XBIN_SUPPORT=0.575;N_OBLIQUE_SEGMENTS=18,FULL_AXES_RECT,98,98,1138,678,16,11,Híbrida,1,1,SHA256_UNIQUE,LC_013_16_11.png,13
LC_026_R03.png,LC,L,C,LC_026,26,3,PRESENT,1,0,MARK_PRESENT,0.8,0,BEST_X_SPAN=0.000;XBIN_SUPPORT=0.575;N_OBLIQUE_SEGMENTS=18,FULL_AXES_RECT,98,98,1138,678,16,11,Híbrida,1,1,SHA256_UNIQUE,LC_013_16_11.png,13
LC_026_R04.png,LC,L,C,LC_026,26,4,PRESENT,1,0,MARK_PRESENT,0.8,0,BEST_X_SPAN=0.000;XBIN_SUPPORT=0.575;N_OBLIQUE_SEGMENTS=18,FULL_AXES_RECT,98,98,1138,678,16,11,Híbrida,1,1,SHA256_UNIQUE,LC_013_16_11.png,13
LC_026_R05.png,LC,L,C,LC_026,26,5,PRESENT,1,0,MARK_PRESENT,0.8,0,BEST_X_SPAN=0.000;XBIN_SUPPORT=0.575;N_OBLIQUE_SEGMENTS=18,FULL_AXES_RECT,98,98,1138,678,16,11,Híbrida,1,1,SHA256_UNIQUE,LC_013_16_11.png,13
LC_026_R06.png,LC,L,C,LC_026,26,6,PRESENT,1,0,MARK_PRESENT,0.8,0,BEST_X_SPAN=0.000;XBIN_SUPPORT=0.575;N_OBLIQUE_SEGMENTS=18,FULL_AXES_RECT,98,98,1138,678,16,11,Híbrida,1,1,SHA256_UNIQUE,LC_013_16_11.png,13
LC_026_R07.png,LC,L,C,LC_026,26,7,PRESENT,1,0,MARK_PRESENT,0.8,0,BEST_X_SPAN=0.000;XBIN_SUPPORT=0.575;N_OBLIQUE_SEGMENTS=18,FULL_AXES_RECT,98,98,1138,678,16,11,Híbrida,1,1,SHA256_UNIQUE,LC_013_16_11.png,13
LC_026_R08.png,LC,L,C,LC_026,26,8,PRESENT,1,0,MARK_PRESENT,0.8,0,BEST_X_SPAN=0.000;XBIN_SUPPORT=0.575;N_OBLIQUE_SEGMENTS=18,FULL_AXES_RECT,98,98,1138,678,16,11,Híbrida,1,1,SHA256_UNIQUE,LC_013_16_11.png,13
LC_026_R09.png,LC,L,C,LC_026,26,9,PRESENT,1,0,MARK_PRESENT,0.8,0,BEST_X_SPAN=0.000;XBIN_SUPPORT=0.575;N_OBLIQUE_SEGMENTS=18,FULL_AXES_RECT,98,98,1138,678,16,11,Híbrida,1,1,SHA256_UNIQUE,LC_013_16_11.png,13
LC_026_R10.png,LC,L,C,LC_026,26,10,PRESENT,1,0,MARK_PRESENT,0.8,0,BEST_X_SPAN=0.000;XBIN_SUPPORT=0.575;N_OBLIQUE_SEGMENTS=18,FULL_AXES_RECT,98,98,1138,678,16,11,Híbrida,1,1,SHA256_UNIQUE,LC_013_16_11.png,13
LC_027_R01.png,LC,L,C,LC_027,27,1,PRESENT,1,0,MARK_PRESENT,1.0,1,BEST_X_SPAN=0.922;XBIN_SUPPORT=0.575;N_OBLIQUE_SEGMENTS=16,FULL_AXES_RECT,80,34,1122,616,1,01,VQL,0,1,SHA256_UNIQUE,LC_001_01_01.png,1
LC_027_R02.png,LC,L,C,LC_027,27,2,PRESENT,1,0,MARK_PRESENT,0.8,0,BEST_X_SPAN=0.000;XBIN_SUPPORT=0.600;N_OBLIQUE_SEGMENTS=19,FULL_AXES_RECT,80,34,960,735,1,01,VQL,0,1,SHA256_UNIQUE,LC_001_01_01.png,1
LC_027_R03.png,LC,L,C,LC_027,27,3,PRESENT,1,0,MARK_PRESENT,0.8,0,BEST_X_SPAN=0.000;XBIN_SUPPORT=0.600;N_OBLIQUE_SEGMENTS=19,FULL_AXES_RECT,80,34,960,735,1,01,VQL,0,1,SHA256_UNIQUE,LC_001_01_01.png,1
LC_027_R04.png,LC,L,C,LC_027,27,4,PRESENT,1,0,MARK_PRESENT,0.8,0,BEST_X_SPAN=0.000;XBIN_SUPPORT=0.600;N_OBLIQUE_SEGMENTS=19,FULL_AXES_RECT,80,34,960,735,1,01,VQL,0,1,SHA256_UNIQUE,LC_001_01_01.png,1
LC_027_R05.png,LC,L,C,LC_027,27,5,PRESENT,1,0,MARK_PRESENT,0.8,0,BEST_X_SPAN=0.000;XBIN_SUPPORT=0.600;N_OBLIQUE_SEGMENTS=19,FULL_AXES_RECT,80,34,960,735,1,01,VQL,0,1,SHA256_UNIQUE,LC_001_01_01.png,1
LC_027_R06.png,LC,L,C,LC_027,27,6,PRESENT,1,0,MARK_PRESENT,0.8,0,BEST_X_SPAN=0.000;XBIN_SUPPORT=0.600;N_OBLIQUE_SEGMENTS=19,FULL_AXES_RECT,80,34,960,735,1,01,VQL,0,1,SHA256_UNIQUE,LC_001_01_01.png,1
LC_027_R07.png,LC,L,C,LC_027,27,7,PRESENT,1,0,MARK_PRESENT,0.8,0,BEST_X_SPAN=0.000;XBIN_SUPPORT=0.600;N_OBLIQUE_SEGMENTS=19,FULL_AXES_RECT,80,34,960,735,1,01,VQL,0,1,SHA256_UNIQUE,LC_001_01_01.png,1
LC_027_R08.png,LC,L,C,LC_027,27,8,PRESENT,1,0,MARK_PRESENT,0.8,0,BEST_X_SPAN=0.000;XBIN_SUPPORT=0.600;N_OBLIQUE_SEGMENTS=19,FULL_AXES_RECT,80,34,960,735,1,01,VQL,0,1,SHA256_UNIQUE,LC_001_01_01.png,1
LC_027_R09.png,LC,L,C,LC_027,27,9,PRESENT,1,0,MARK_PRESENT,0.8,0,BEST_X_SPAN=0.000;XBIN_SUPPORT=0.600;N_OBLIQUE_SEGMENTS=19,FULL_AXES_RECT,80,34,960,735,1,01,VQL,0,1,SHA256_UNIQUE,LC_001_01_01.png,1
LC_027_R10.png,LC,L,C,LC_027,27,10,PRESENT,1,0,MARK_PRESENT,0.8,0,BEST_X_SPAN=0.000;XBIN_SUPPORT=0.600;N_OBLIQUE_SEGMENTS=19,FULL_AXES_RECT,80,34,960,735,1,01,VQL,0,1,SHA256_UNIQUE,LC_001_01_01.png,1
LC_028_R01.png,LC,L,C,LC_028,28,1,PRESENT,1,0,MARK_PRESENT,0.9291370558375636,1,BEST_X_SPAN=0.161;XBIN_SUPPORT=0.600;N_OBLIQUE_SEGMENTS=24,AXIS_PARTIAL,80,47,1064,616,4,01,VQL,0,1,MANUAL_OVERRIDE_VERIFIED,LC_002_04_01.png,2
LC_028_R02.png,LC,L,C,LC_028,28,2,PRESENT,1,0,MARK_PRESENT,0.8,0,BEST_X_SPAN=0.000;XBIN_SUPPORT=0.575;N_OBLIQUE_SEGMENTS=20,AXIS_PARTIAL,84,56,1128,741,4,01,VQL,0,1,MANUAL_OVERRIDE_VERIFIED,LC_002_04_01.png,2
LC_028_R03.png,LC,L,C,LC_028,28,3,PRESENT,1,0,MARK_PRESENT,0.8,0,BEST_X_SPAN=0.000;XBIN_SUPPORT=0.575;N_OBLIQUE_SEGMENTS=20,AXIS_PARTIAL,84,56,1128,741,4,01,VQL,0,1,MANUAL_OVERRIDE_VERIFIED,LC_002_04_01.png,2
LC_028_R04.png,LC,L,C,LC_028,28,4,PRESENT,1,0,MARK_PRESENT,0.8,0,BEST_X_SPAN=0.000;XBIN_SUPPORT=0.575;N_OBLIQUE_SEGMENTS=20,AXIS_PARTIAL,84,56,1128,741,4,01,VQL,0,1,MANUAL_OVERRIDE_VERIFIED,LC_002_04_01.png,2
LC_028_R05.png,LC,L,C,LC_028,28,5,PRESENT,1,0,MARK_PRESENT,0.8,0,BEST_X_SPAN=0.000;XBIN_SUPPORT=0.575;N_OBLIQUE_SEGMENTS=20,AXIS_PARTIAL,84,56,1128,741,4,01,VQL,0,1,MANUAL_OVERRIDE_VERIFIED,LC_002_04_01.png,2
LC_028_R06.png,LC,L,C,LC_028,28,6,PRESENT,1,0,MARK_PRESENT,0.8,0,BEST_X_SPAN=0.000;XBIN_SUPPORT=0.575;N_OBLIQUE_SEGMENTS=20,AXIS_PARTIAL,84,56,1128,741,4,01,VQL,0,1,MANUAL_OVERRIDE_VERIFIED,LC_002_04_01.png,2
LC_028_R07.png,LC,L,C,LC_028,28,7,PRESENT,1,0,MARK_PRESENT,0.8,0,BEST_X_SPAN=0.000;XBIN_SUPPORT=0.575;N_OBLIQUE_SEGMENTS=20,AXIS_PARTIAL,84,56,1128,741,4,01,VQL,0,1,MANUAL_OVERRIDE_VERIFIED,LC_002_04_01.png,2
LC_028_R08.png,LC,L,C,LC_028,28,8,PRESENT,1,0,MARK_PRESENT,0.8,0,BEST_X_SPAN=0.000;XBIN_SUPPORT=0.575;N_OBLIQUE_SEGMENTS=20,AXIS_PARTIAL,84,56,1128,741,4,01,VQL,0,1,MANUAL_OVERRIDE_VERIFIED,LC_002_04_01.png,2
LC_028_R09.png,LC,L,C,LC_028,28,9,PRESENT,1,0,MARK_PRESENT,0.8,0,BEST_X_SPAN=0.000;XBIN_SUPPORT=0.575;N_OBLIQUE_SEGMENTS=20,AXIS_PARTIAL,84,56,1128,741,4,01,VQL,0,1,MANUAL_OVERRIDE_VERIFIED,LC_002_04_01.png,2
LC_028_R10.png,LC,L,C,LC_028,28,10,PRESENT,1,0,MARK_PRESENT,0.8,0,BEST_X_SPAN=0.000;XBIN_SUPPORT=0.575;N_OBLIQUE_SEGMENTS=20,AXIS_PARTIAL,84,56,1128,741,4,01,VQL,0,1,MANUAL_OVERRIDE_VERIFIED,LC_002_04_01.png,2
LC_029_R01.png,LC,L,C,LC_029,29,1,PRESENT,1,0,MARK_PRESENT,0.8,0,BEST_X_SPAN=0.000;XBIN_SUPPORT=0.575;N_OBLIQUE_SEGMENTS=15,AXIS_PARTIAL,50,47,1037,616,6,01,VQL,0,1,MANUAL_OVERRIDE_VERIFIED,LC_003_06_01.png,3
LC_029_R02.png,LC,L,C,LC_029,29,2,PRESENT,1,0,MARK_PRESENT,0.8,0,BEST_X_SPAN=0.000;XBIN_SUPPORT=0.650;N_OBLIQUE_SEGMENTS=18,AXIS_PARTIAL,84,56,1128,741,6,01,VQL,0,1,MANUAL_OVERRIDE_VERIFIED,LC_003_06_01.png,3
LC_029_R03.png,LC,L,C,LC_029,29,3,PRESENT,1,0,MARK_PRESENT,0.8,0,BEST_X_SPAN=0.000;XBIN_SUPPORT=0.650;N_OBLIQUE_SEGMENTS=18,AXIS_PARTIAL,84,56,1128,741,6,01,VQL,0,1,MANUAL_OVERRIDE_VERIFIED,LC_003_06_01.png,3
LC_029_R04.png,LC,L,C,LC_029,29,4,PRESENT,1,0,MARK_PRESENT,0.8,0,BEST_X_SPAN=0.000;XBIN_SUPPORT=0.650;N_OBLIQUE_SEGMENTS=18,AXIS_PARTIAL,84,56,1128,741,6,01,VQL,0,1,MANUAL_OVERRIDE_VERIFIED,LC_003_06_01.png,3
LC_029_R05.png,LC,L,C,LC_029,29,5,PRESENT,1,0,MARK_PRESENT,0.8,0,BEST_X_SPAN=0.000;XBIN_SUPPORT=0.650;N_OBLIQUE_SEGMENTS=18,AXIS_PARTIAL,84,56,1128,741,6,01,VQL,0,1,MANUAL_OVERRIDE_VERIFIED,LC_003_06_01.png,3
LC_029_R06.png,LC,L,C,LC_029,29,6,PRESENT,1,0,MARK_PRESENT,0.8,0,BEST_X_SPAN=0.000;XBIN_SUPPORT=0.650;N_OBLIQUE_SEGMENTS=18,AXIS_PARTIAL,84,56,1128,741,6,01,VQL,0,1,MANUAL_OVERRIDE_VERIFIED,LC_003_06_01.png,3
LC_029_R07.png,LC,L,C,LC_029,29,7,PRESENT,1,0,MARK_PRESENT,0.8,0,BEST_X_SPAN=0.000;XBIN_SUPPORT=0.650;N_OBLIQUE_SEGMENTS=18,AXIS_PARTIAL,84,56,1128,741,6,01,VQL,0,1,MANUAL_OVERRIDE_VERIFIED,LC_003_06_01.png,3
LC_029_R08.png,LC,L,C,LC_029,29,8,PRESENT,1,0,MARK_PRESENT,0.8,0,BEST_X_SPAN=0.000;XBIN_SUPPORT=0.650;N_OBLIQUE_SEGMENTS=18,AXIS_PARTIAL,84,56,1128,741,6,01,VQL,0,1,MANUAL_OVERRIDE_VERIFIED,LC_003_06_01.png,3
LC_029_R09.png,LC,L,C,LC_029,29,9,PRESENT,1,0,MARK_PRESENT,0.8,0,BEST_X_SPAN=0.000;XBIN_SUPPORT=0.650;N_OBLIQUE_SEGMENTS=18,AXIS_PARTIAL,84,56,1128,741,6,01,VQL,0,1,MANUAL_OVERRIDE_VERIFIED,LC_003_06_01.png,3
LC_029_R10.png,LC,L,C,LC_029,29,10,PRESENT,1,0,MARK_PRESENT,0.8,0,BEST_X_SPAN=0.000;XBIN_SUPPORT=0.650;N_OBLIQUE_SEGMENTS=18,AXIS_PARTIAL,84,56,1128,741,6,01,VQL,0,1,MANUAL_OVERRIDE_VERIFIED,LC_003_06_01.png,3
LC_030_R01.png,LC,L,C,LC_030,30,1,PRESENT,1,0,MARK_PRESENT,1.0,1,BEST_X_SPAN=0.914;XBIN_SUPPORT=0.600;N_OBLIQUE_SEGMENTS=17,FULL_AXES_RECT,94,34,1136,616,7,01,VQL,0,1,SHA256_UNIQUE,LC_004_07_01.png,4
LC_030_R02.png,LC,L,C,LC_030,30,2,PRESENT,1,0,MARK_PRESENT,0.8,0,BEST_X_SPAN=0.000;XBIN_SUPPORT=0.600;N_OBLIQUE_SEGMENTS=15,FULL_AXES_RECT,80,34,942,616,7,01,VQL,0,1,SHA256_UNIQUE,LC_004_07_01.png,4
LC_030_R03.png,LC,L,C,LC_030,30,3,PRESENT,1,0,MARK_PRESENT,0.8,0,BEST_X_SPAN=0.000;XBIN_SUPPORT=0.600;N_OBLIQUE_SEGMENTS=15,FULL_AXES_RECT,80,34,942,616,7,01,VQL,0,1,SHA256_UNIQUE,LC_004_07_01.png,4
LC_030_R04.png,LC,L,C,LC_030,30,4,PRESENT,1,0,MARK_PRESENT,0.8,0,BEST_X_SPAN=0.000;XBIN_SUPPORT=0.600;N_OBLIQUE_SEGMENTS=15,FULL_AXES_RECT,80,34,942,616,7,01,VQL,0,1,SHA256_UNIQUE,LC_004_07_01.png,4
LC_030_R05.png,LC,L,C,LC_030,30,5,PRESENT,1,0,MARK_PRESENT,0.8,0,BEST_X_SPAN=0.000;XBIN_SUPPORT=0.600;N_OBLIQUE_SEGMENTS=15,FULL_AXES_RECT,80,34,942,616,7,01,VQL,0,1,SHA256_UNIQUE,LC_004_07_01.png,4
LC_030_R06.png,LC,L,C,LC_030,30,6,PRESENT,1,0,MARK_PRESENT,0.8,0,BEST_X_SPAN=0.000;XBIN_SUPPORT=0.600;N_OBLIQUE_SEGMENTS=15,FULL_AXES_RECT,80,34,942,616,7,01,VQL,0,1,SHA256_UNIQUE,LC_004_07_01.png,4
LC_030_R07.png,LC,L,C,LC_030,30,7,PRESENT,1,0,MARK_PRESENT,0.8,0,BEST_X_SPAN=0.000;XBIN_SUPPORT=0.600;N_OBLIQUE_SEGMENTS=15,FULL_AXES_RECT,80,34,942,616,7,01,VQL,0,1,SHA256_UNIQUE,LC_004_07_01.png,4
LC_030_R08.png,LC,L,C,LC_030,30,8,PRESENT,1,0,MARK_PRESENT,0.8,0,BEST_X_SPAN=0.000;XBIN_SUPPORT=0.600;N_OBLIQUE_SEGMENTS=15,FULL_AXES_RECT,80,34,942,616,7,01,VQL,0,1,SHA256_UNIQUE,LC_004_07_01.png,4
LC_030_R09.png,LC,L,C,LC_030,30,9,PRESENT,1,0,MARK_PRESENT,0.8,0,BEST_X_SPAN=0.000;XBIN_SUPPORT=0.600;N_OBLIQUE_SEGMENTS=15,FULL_AXES_RECT,80,34,942,616,7,01,VQL,0,1,SHA256_UNIQUE,LC_004_07_01.png,4
LC_030_R10.png,LC,L,C,LC_030,30,10,PRESENT,1,0,MARK_PRESENT,0.8,0,BEST_X_SPAN=0.000;XBIN_SUPPORT=0.600;N_OBLIQUE_SEGMENTS=15,FULL_AXES_RECT,80,34,942,616,7,01,VQL,0,1,SHA256_UNIQUE,LC_004_07_01.png,4
LC_031_R01.png,LC,L,C,LC_031,31,1,PRESENT,1,0,MARK_PRESENT,1.0,1,BEST_X_SPAN=0.914;XBIN_SUPPORT=0.600;N_OBLIQUE_SEGMENTS=17,FULL_AXES_RECT,77,34,1119,616,8,01,VQL,0,1,SHA256_UNIQUE,LC_005_08_01.png,5
LC_031_R02.png,LC,L,C,LC_031,31,2,PRESENT,1,0,MARK_PRESENT,0.8,0,BEST_X_SPAN=0.000;XBIN_SUPPORT=0.600;N_OBLIQUE_SEGMENTS=15,FULL_AXES_RECT,79,34,941,616,8,01,VQL,0,1,SHA256_UNIQUE,LC_005_08_01.png,5
LC_031_R03.png,LC,L,C,LC_031,31,3,PRESENT,1,0,MARK_PRESENT,0.8,0,BEST_X_SPAN=0.000;XBIN_SUPPORT=0.600;N_OBLIQUE_SEGMENTS=15,FULL_AXES_RECT,79,34,941,616,8,01,VQL,0,1,SHA256_UNIQUE,LC_005_08_01.png,5
LC_031_R04.png,LC,L,C,LC_031,31,4,PRESENT,1,0,MARK_PRESENT,0.8,0,BEST_X_SPAN=0.000;XBIN_SUPPORT=0.600;N_OBLIQUE_SEGMENTS=15,FULL_AXES_RECT,79,34,941,616,8,01,VQL,0,1,SHA256_UNIQUE,LC_005_08_01.png,5
LC_031_R05.png,LC,L,C,LC_031,31,5,PRESENT,1,0,MARK_PRESENT,0.8,0,BEST_X_SPAN=0.000;XBIN_SUPPORT=0.600;N_OBLIQUE_SEGMENTS=15,FULL_AXES_RECT,79,34,941,616,8,01,VQL,0,1,SHA256_UNIQUE,LC_005_08_01.png,5
LC_031_R06.png,LC,L,C,LC_031,31,6,PRESENT,1,0,MARK_PRESENT,0.8,0,BEST_X_SPAN=0.000;XBIN_SUPPORT=0.600;N_OBLIQUE_SEGMENTS=15,FULL_AXES_RECT,79,34,941,616,8,01,VQL,0,1,SHA256_UNIQUE,LC_005_08_01.png,5
LC_031_R07.png,LC,L,C,LC_031,31,7,PRESENT,1,0,MARK_PRESENT,0.8,0,BEST_X_SPAN=0.000;XBIN_SUPPORT=0.600;N_OBLIQUE_SEGMENTS=15,FULL_AXES_RECT,79,34,941,616,8,01,VQL,0,1,SHA256_UNIQUE,LC_005_08_01.png,5
LC_031_R08.png,LC,L,C,LC_031,31,8,PRESENT,1,0,MARK_PRESENT,0.8,0,BEST_X_SPAN=0.000;XBIN_SUPPORT=0.600;N_OBLIQUE_SEGMENTS=15,FULL_AXES_RECT,79,34,941,616,8,01,VQL,0,1,SHA256_UNIQUE,LC_005_08_01.png,5
LC_031_R09.png,LC,L,C,LC_031,31,9,PRESENT,1,0,MARK_PRESENT,0.8,0,BEST_X_SPAN=0.000;XBIN_SUPPORT=0.600;N_OBLIQUE_SEGMENTS=15,FULL_AXES_RECT,79,34,941,616,8,01,VQL,0,1,SHA256_UNIQUE,LC_005_08_01.png,5
LC_031_R10.png,LC,L,C,LC_031,31,10,PRESENT,1,0,MARK_PRESENT,0.8,0,BEST_X_SPAN=0.000;XBIN_SUPPORT=0.600;N_OBLIQUE_SEGMENTS=15,FULL_AXES_RECT,79,34,941,616,8,01,VQL,0,1,SHA256_UNIQUE,LC_005_08_01.png,5
LC_032_R01.png,LC,L,C,LC_032,32,1,PRESENT,1,0,MARK_PRESENT,0.8,0,BEST_X_SPAN=0.000;XBIN_SUPPORT=0.600;N_OBLIQUE_SEGMENTS=16,FULL_AXES_RECT,80,34,980,735,9,01,VQL,0,1,SHA256_UNIQUE,LC_006_09_01.png,6
LC_032_R02.png,LC,L,C,LC_032,32,2,PRESENT,1,0,MARK_PRESENT,0.8,0,BEST_X_SPAN=0.000;XBIN_SUPPORT=0.600;N_OBLIQUE_SEGMENTS=14,FULL_AXES_RECT,79,33,905,591,9,01,VQL,0,1,SHA256_UNIQUE,LC_006_09_01.png,6
LC_032_R03.png,LC,L,C,LC_032,32,3,PRESENT,1,0,MARK_PRESENT,0.8,0,BEST_X_SPAN=0.000;XBIN_SUPPORT=0.600;N_OBLIQUE_SEGMENTS=14,FULL_AXES_RECT,79,33,905,591,9,01,VQL,0,1,SHA256_UNIQUE,LC_006_09_01.png,6
LC_032_R04.png,LC,L,C,LC_032,32,4,PRESENT,1,0,MARK_PRESENT,0.8,0,BEST_X_SPAN=0.000;XBIN_SUPPORT=0.600;N_OBLIQUE_SEGMENTS=14,FULL_AXES_RECT,79,33,905,591,9,01,VQL,0,1,SHA256_UNIQUE,LC_006_09_01.png,6
LC_032_R05.png,LC,L,C,LC_032,32,5,PRESENT,1,0,MARK_PRESENT,0.8,0,BEST_X_SPAN=0.000;XBIN_SUPPORT=0.600;N_OBLIQUE_SEGMENTS=14,FULL_AXES_RECT,79,33,905,591,9,01,VQL,0,1,SHA256_UNIQUE,LC_006_09_01.png,6
LC_032_R06.png,LC,L,C,LC_032,32,6,PRESENT,1,0,MARK_PRESENT,0.8,0,BEST_X_SPAN=0.000;XBIN_SUPPORT=0.600;N_OBLIQUE_SEGMENTS=14,FULL_AXES_RECT,79,33,905,591,9,01,VQL,0,1,SHA256_UNIQUE,LC_006_09_01.png,6
LC_032_R07.png,LC,L,C,LC_032,32,7,PRESENT,1,0,MARK_PRESENT,0.8,0,BEST_X_SPAN=0.000;XBIN_SUPPORT=0.600;N_OBLIQUE_SEGMENTS=14,FULL_AXES_RECT,79,33,905,591,9,01,VQL,0,1,SHA256_UNIQUE,LC_006_09_01.png,6
LC_032_R08.png,LC,L,C,LC_032,32,8,PRESENT,1,0,MARK_PRESENT,0.8,0,BEST_X_SPAN=0.000;XBIN_SUPPORT=0.600;N_OBLIQUE_SEGMENTS=14,FULL_AXES_RECT,79,33,905,591,9,01,VQL,0,1,SHA256_UNIQUE,LC_006_09_01.png,6
LC_032_R09.png,LC,L,C,LC_032,32,9,PRESENT,1,0,MARK_PRESENT,0.8,0,BEST_X_SPAN=0.000;XBIN_SUPPORT=0.600;N_OBLIQUE_SEGMENTS=14,FULL_AXES_RECT,79,33,905,591,9,01,VQL,0,1,SHA256_UNIQUE,LC_006_09_01.png,6
LC_032_R10.png,LC,L,C,LC_032,32,10,PRESENT,1,0,MARK_PRESENT,0.8,0,BEST_X_SPAN=0.000;XBIN_SUPPORT=0.600;N_OBLIQUE_SEGMENTS=14,FULL_AXES_RECT,79,33,905,591,9,01,VQL,0,1,SHA256_UNIQUE,LC_006_09_01.png,6
LC_033_R01.png,LC,L,C,LC_033,33,1,PRESENT,1,0,MARK_PRESENT,1.0,1,BEST_X_SPAN=0.920;XBIN_SUPPORT=0.575;N_OBLIQUE_SEGMENTS=16,FULL_AXES_RECT,50,34,1092,616,10,01,VQL,0,1,SHA256_UNIQUE,LC_007_10_01.png,7
LC_033_R02.png,LC,L,C,LC_033,33,2,PRESENT,1,0,MARK_PRESENT,0.8,0,BEST_X_SPAN=0.000;XBIN_SUPPORT=0.575;N_OBLIQUE_SEGMENTS=18,FULL_AXES_RECT,67,34,1109,616,10,01,VQL,0,1,SHA256_UNIQUE,LC_007_10_01.png,7
LC_033_R03.png,LC,L,C,LC_033,33,3,PRESENT,1,0,MARK_PRESENT,0.8,0,BEST_X_SPAN=0.000;XBIN_SUPPORT=0.575;N_OBLIQUE_SEGMENTS=18,FULL_AXES_RECT,67,34,1109,616,10,01,VQL,0,1,SHA256_UNIQUE,LC_007_10_01.png,7
LC_033_R04.png,LC,L,C,LC_033,33,4,PRESENT,1,0,MARK_PRESENT,0.8,0,BEST_X_SPAN=0.000;XBIN_SUPPORT=0.575;N_OBLIQUE_SEGMENTS=18,FULL_AXES_RECT,67,34,1109,616,10,01,VQL,0,1,SHA256_UNIQUE,LC_007_10_01.png,7
LC_033_R05.png,LC,L,C,LC_033,33,5,PRESENT,1,0,MARK_PRESENT,0.8,0,BEST_X_SPAN=0.000;XBIN_SUPPORT=0.575;N_OBLIQUE_SEGMENTS=18,FULL_AXES_RECT,67,34,1109,616,10,01,VQL,0,1,SHA256_UNIQUE,LC_007_10_01.png,7
LC_033_R06.png,LC,L,C,LC_033,33,6,PRESENT,1,0,MARK_PRESENT,0.8,0,BEST_X_SPAN=0.000;XBIN_SUPPORT=0.575;N_OBLIQUE_SEGMENTS=18,FULL_AXES_RECT,67,34,1109,616,10,01,VQL,0,1,SHA256_UNIQUE,LC_007_10_01.png,7
LC_033_R07.png,LC,L,C,LC_033,33,7,PRESENT,1,0,MARK_PRESENT,0.8,0,BEST_X_SPAN=0.000;XBIN_SUPPORT=0.575;N_OBLIQUE_SEGMENTS=18,FULL_AXES_RECT,67,34,1109,616,10,01,VQL,0,1,SHA256_UNIQUE,LC_007_10_01.png,7
LC_033_R08.png,LC,L,C,LC_033,33,8,PRESENT,1,0,MARK_PRESENT,0.8,0,BEST_X_SPAN=0.000;XBIN_SUPPORT=0.575;N_OBLIQUE_SEGMENTS=18,FULL_AXES_RECT,67,34,1109,616,10,01,VQL,0,1,SHA256_UNIQUE,LC_007_10_01.png,7
LC_033_R09.png,LC,L,C,LC_033,33,9,PRESENT,1,0,MARK_PRESENT,0.8,0,BEST_X_SPAN=0.000;XBIN_SUPPORT=0.575;N_OBLIQUE_SEGMENTS=18,FULL_AXES_RECT,67,34,1109,616,10,01,VQL,0,1,SHA256_UNIQUE,LC_007_10_01.png,7
LC_033_R10.png,LC,L,C,LC_033,33,10,PRESENT,1,0,MARK_PRESENT,0.8,0,BEST_X_SPAN=0.000;XBIN_SUPPORT=0.575;N_OBLIQUE_SEGMENTS=18,FULL_AXES_RECT,67,34,1109,616,10,01,VQL,0,1,SHA256_UNIQUE,LC_007_10_01.png,7
LC_034_R01.png,LC,L,C,LC_034,34,1,PRESENT,1,0,MARK_PRESENT,1.0,1,BEST_X_SPAN=0.914;XBIN_SUPPORT=0.600;N_OBLIQUE_SEGMENTS=16,FULL_AXES_RECT,80,34,1122,616,11,01,VQL,0,1,SHA256_UNIQUE,LC_008_11_01.png,8
LC_034_R02.png,LC,L,C,LC_034,34,2,PRESENT,1,0,MARK_PRESENT,0.8,0,BEST_X_SPAN=0.000;XBIN_SUPPORT=0.600;N_OBLIQUE_SEGMENTS=17,FULL_AXES_RECT,80,34,942,616,11,01,VQL,0,1,SHA256_UNIQUE,LC_008_11_01.png,8
LC_034_R03.png,LC,L,C,LC_034,34,3,PRESENT,1,0,MARK_PRESENT,0.8,0,BEST_X_SPAN=0.000;XBIN_SUPPORT=0.600;N_OBLIQUE_SEGMENTS=17,FULL_AXES_RECT,80,34,942,616,11,01,VQL,0,1,SHA256_UNIQUE,LC_008_11_01.png,8
LC_034_R04.png,LC,L,C,LC_034,34,4,PRESENT,1,0,MARK_PRESENT,0.8,0,BEST_X_SPAN=0.000;XBIN_SUPPORT=0.600;N_OBLIQUE_SEGMENTS=17,FULL_AXES_RECT,80,34,942,616,11,01,VQL,0,1,SHA256_UNIQUE,LC_008_11_01.png,8
LC_034_R05.png,LC,L,C,LC_034,34,5,PRESENT,1,0,MARK_PRESENT,0.8,0,BEST_X_SPAN=0.000;XBIN_SUPPORT=0.600;N_OBLIQUE_SEGMENTS=17,FULL_AXES_RECT,80,34,942,616,11,01,VQL,0,1,SHA256_UNIQUE,LC_008_11_01.png,8
LC_034_R06.png,LC,L,C,LC_034,34,6,PRESENT,1,0,MARK_PRESENT,0.8,0,BEST_X_SPAN=0.000;XBIN_SUPPORT=0.600;N_OBLIQUE_SEGMENTS=17,FULL_AXES_RECT,80,34,942,616,11,01,VQL,0,1,SHA256_UNIQUE,LC_008_11_01.png,8
LC_034_R07.png,LC,L,C,LC_034,34,7,PRESENT,1,0,MARK_PRESENT,0.8,0,BEST_X_SPAN=0.000;XBIN_SUPPORT=0.600;N_OBLIQUE_SEGMENTS=17,FULL_AXES_RECT,80,34,942,616,11,01,VQL,0,1,SHA256_UNIQUE,LC_008_11_01.png,8
LC_034_R08.png,LC,L,C,LC_034,34,8,PRESENT,1,0,MARK_PRESENT,0.8,0,BEST_X_SPAN=0.000;XBIN_SUPPORT=0.600;N_OBLIQUE_SEGMENTS=17,FULL_AXES_RECT,80,34,942,616,11,01,VQL,0,1,SHA256_UNIQUE,LC_008_11_01.png,8
LC_034_R09.png,LC,L,C,LC_034,34,9,PRESENT,1,0,MARK_PRESENT,0.8,0,BEST_X_SPAN=0.000;XBIN_SUPPORT=0.600;N_OBLIQUE_SEGMENTS=17,FULL_AXES_RECT,80,34,942,616,11,01,VQL,0,1,SHA256_UNIQUE,LC_008_11_01.png,8
LC_034_R10.png,LC,L,C,LC_034,34,10,PRESENT,1,0,MARK_PRESENT,0.8,0,BEST_X_SPAN=0.000;XBIN_SUPPORT=0.600;N_OBLIQUE_SEGMENTS=17,FULL_AXES_RECT,80,34,942,616,11,01,VQL,0,1,SHA256_UNIQUE,LC_008_11_01.png,8
LC_035_R01.png,LC,L,C,LC_035,35,1,PRESENT,1,0,MARK_PRESENT,0.8,0,BEST_X_SPAN=0.000;XBIN_SUPPORT=0.600;N_OBLIQUE_SEGMENTS=20,AXIS_PARTIAL,80,47,1064,616,12,01,VQL,0,1,SHA256_UNIQUE,LC_009_12_01.png,9
LC_035_R02.png,LC,L,C,LC_035,35,2,PRESENT,1,0,MARK_PRESENT,0.8,0,BEST_X_SPAN=0.000;XBIN_SUPPORT=0.600;N_OBLIQUE_SEGMENTS=23,FULL_AXES_RECT,85,39,965,740,12,01,VQL,0,1,SHA256_UNIQUE,LC_009_12_01.png,9
LC_035_R03.png,LC,L,C,LC_035,35,3,PRESENT,1,0,MARK_PRESENT,0.8,0,BEST_X_SPAN=0.000;XBIN_SUPPORT=0.600;N_OBLIQUE_SEGMENTS=23,FULL_AXES_RECT,85,39,965,740,12,01,VQL,0,1,SHA256_UNIQUE,LC_009_12_01.png,9
LC_035_R04.png,LC,L,C,LC_035,35,4,PRESENT,1,0,MARK_PRESENT,0.8,0,BEST_X_SPAN=0.000;XBIN_SUPPORT=0.600;N_OBLIQUE_SEGMENTS=23,FULL_AXES_RECT,85,39,965,740,12,01,VQL,0,1,SHA256_UNIQUE,LC_009_12_01.png,9
LC_035_R05.png,LC,L,C,LC_035,35,5,PRESENT,1,0,MARK_PRESENT,0.8,0,BEST_X_SPAN=0.000;XBIN_SUPPORT=0.600;N_OBLIQUE_SEGMENTS=23,FULL_AXES_RECT,85,39,965,740,12,01,VQL,0,1,SHA256_UNIQUE,LC_009_12_01.png,9
LC_035_R06.png,LC,L,C,LC_035,35,6,PRESENT,1,0,MARK_PRESENT,0.8,0,BEST_X_SPAN=0.000;XBIN_SUPPORT=0.600;N_OBLIQUE_SEGMENTS=23,FULL_AXES_RECT,85,39,965,740,12,01,VQL,0,1,SHA256_UNIQUE,LC_009_12_01.png,9
LC_035_R07.png,LC,L,C,LC_035,35,7,PRESENT,1,0,MARK_PRESENT,0.8,0,BEST_X_SPAN=0.000;XBIN_SUPPORT=0.600;N_OBLIQUE_SEGMENTS=23,FULL_AXES_RECT,85,39,965,740,12,01,VQL,0,1,SHA256_UNIQUE,LC_009_12_01.png,9
LC_035_R08.png,LC,L,C,LC_035,35,8,PRESENT,1,0,MARK_PRESENT,0.8,0,BEST_X_SPAN=0.000;XBIN_SUPPORT=0.600;N_OBLIQUE_SEGMENTS=23,FULL_AXES_RECT,85,39,965,740,12,01,VQL,0,1,SHA256_UNIQUE,LC_009_12_01.png,9
LC_035_R09.png,LC,L,C,LC_035,35,9,PRESENT,1,0,MARK_PRESENT,0.8,0,BEST_X_SPAN=0.000;XBIN_SUPPORT=0.600;N_OBLIQUE_SEGMENTS=23,FULL_AXES_RECT,85,39,965,740,12,01,VQL,0,1,SHA256_UNIQUE,LC_009_12_01.png,9
LC_035_R10.png,LC,L,C,LC_035,35,10,PRESENT,1,0,MARK_PRESENT,0.8,0,BEST_X_SPAN=0.000;XBIN_SUPPORT=0.600;N_OBLIQUE_SEGMENTS=23,FULL_AXES_RECT,85,39,965,740,12,01,VQL,0,1,SHA256_UNIQUE,LC_009_12_01.png,9
LC_036_R01.png,LC,L,C,LC_036,36,1,PRESENT,1,0,MARK_PRESENT,1.0,1,BEST_X_SPAN=0.925;XBIN_SUPPORT=0.600;N_OBLIQUE_SEGMENTS=16,FULL_AXES_RECT,80,34,960,735,13,01,VQL,0,1,SHA256_UNIQUE,LC_010_13_01.png,10
LC_036_R02.png,LC,L,C,LC_036,36,2,PRESENT,1,0,MARK_PRESENT,0.8,0,BEST_X_SPAN=0.000;XBIN_SUPPORT=0.600;N_OBLIQUE_SEGMENTS=21,FULL_AXES_RECT,85,39,965,740,13,01,VQL,0,1,SHA256_UNIQUE,LC_010_13_01.png,10
LC_036_R03.png,LC,L,C,LC_036,36,3,PRESENT,1,0,MARK_PRESENT,0.8,0,BEST_X_SPAN=0.000;XBIN_SUPPORT=0.600;N_OBLIQUE_SEGMENTS=21,FULL_AXES_RECT,85,39,965,740,13,01,VQL,0,1,SHA256_UNIQUE,LC_010_13_01.png,10
LC_036_R04.png,LC,L,C,LC_036,36,4,PRESENT,1,0,MARK_PRESENT,0.8,0,BEST_X_SPAN=0.000;XBIN_SUPPORT=0.600;N_OBLIQUE_SEGMENTS=21,FULL_AXES_RECT,85,39,965,740,13,01,VQL,0,1,SHA256_UNIQUE,LC_010_13_01.png,10
LC_036_R05.png,LC,L,C,LC_036,36,5,PRESENT,1,0,MARK_PRESENT,0.8,0,BEST_X_SPAN=0.000;XBIN_SUPPORT=0.600;N_OBLIQUE_SEGMENTS=21,FULL_AXES_RECT,85,39,965,740,13,01,VQL,0,1,SHA256_UNIQUE,LC_010_13_01.png,10
LC_036_R06.png,LC,L,C,LC_036,36,6,PRESENT,1,0,MARK_PRESENT,0.8,0,BEST_X_SPAN=0.000;XBIN_SUPPORT=0.600;N_OBLIQUE_SEGMENTS=21,FULL_AXES_RECT,85,39,965,740,13,01,VQL,0,1,SHA256_UNIQUE,LC_010_13_01.png,10
LC_036_R07.png,LC,L,C,LC_036,36,7,PRESENT,1,0,MARK_PRESENT,0.8,0,BEST_X_SPAN=0.000;XBIN_SUPPORT=0.600;N_OBLIQUE_SEGMENTS=21,FULL_AXES_RECT,85,39,965,740,13,01,VQL,0,1,SHA256_UNIQUE,LC_010_13_01.png,10
LC_036_R08.png,LC,L,C,LC_036,36,8,PRESENT,1,0,MARK_PRESENT,0.8,0,BEST_X_SPAN=0.000;XBIN_SUPPORT=0.600;N_OBLIQUE_SEGMENTS=21,FULL_AXES_RECT,85,39,965,740,13,01,VQL,0,1,SHA256_UNIQUE,LC_010_13_01.png,10
LC_036_R09.png,LC,L,C,LC_036,36,9,PRESENT,1,0,MARK_PRESENT,0.8,0,BEST_X_SPAN=0.000;XBIN_SUPPORT=0.600;N_OBLIQUE_SEGMENTS=21,FULL_AXES_RECT,85,39,965,740,13,01,VQL,0,1,SHA256_UNIQUE,LC_010_13_01.png,10
LC_036_R10.png,LC,L,C,LC_036,36,10,PRESENT,1,0,MARK_PRESENT,0.8,0,BEST_X_SPAN=0.000;XBIN_SUPPORT=0.600;N_OBLIQUE_SEGMENTS=21,FULL_AXES_RECT,85,39,965,740,13,01,VQL,0,1,SHA256_UNIQUE,LC_010_13_01.png,10
LC_037_R01.png,LC,L,C,LC_037,37,1,PRESENT,1,0,MARK_PRESENT,1.0,1,BEST_X_SPAN=0.914;XBIN_SUPPORT=0.600;N_OBLIQUE_SEGMENTS=19,FULL_AXES_RECT,63,34,991,648,14,01,VQL,0,1,SHA256_UNIQUE,LC_011_14_01.png,11
LC_037_R02.png,LC,L,C,LC_037,37,2,PRESENT,1,0,MARK_PRESENT,0.8,0,BEST_X_SPAN=0.000;XBIN_SUPPORT=0.600;N_OBLIQUE_SEGMENTS=19,FULL_AXES_RECT,85,39,965,740,14,01,VQL,0,1,SHA256_UNIQUE,LC_011_14_01.png,11
LC_037_R03.png,LC,L,C,LC_037,37,3,PRESENT,1,0,MARK_PRESENT,0.8,0,BEST_X_SPAN=0.000;XBIN_SUPPORT=0.600;N_OBLIQUE_SEGMENTS=19,FULL_AXES_RECT,85,39,965,740,14,01,VQL,0,1,SHA256_UNIQUE,LC_011_14_01.png,11
LC_037_R04.png,LC,L,C,LC_037,37,4,PRESENT,1,0,MARK_PRESENT,0.8,0,BEST_X_SPAN=0.000;XBIN_SUPPORT=0.600;N_OBLIQUE_SEGMENTS=19,FULL_AXES_RECT,85,39,965,740,14,01,VQL,0,1,SHA256_UNIQUE,LC_011_14_01.png,11
LC_037_R05.png,LC,L,C,LC_037,37,5,PRESENT,1,0,MARK_PRESENT,0.8,0,BEST_X_SPAN=0.000;XBIN_SUPPORT=0.600;N_OBLIQUE_SEGMENTS=19,FULL_AXES_RECT,85,39,965,740,14,01,VQL,0,1,SHA256_UNIQUE,LC_011_14_01.png,11
LC_037_R06.png,LC,L,C,LC_037,37,6,PRESENT,1,0,MARK_PRESENT,0.8,0,BEST_X_SPAN=0.000;XBIN_SUPPORT=0.600;N_OBLIQUE_SEGMENTS=19,FULL_AXES_RECT,85,39,965,740,14,01,VQL,0,1,SHA256_UNIQUE,LC_011_14_01.png,11
LC_037_R07.png,LC,L,C,LC_037,37,7,PRESENT,1,0,MARK_PRESENT,0.8,0,BEST_X_SPAN=0.000;XBIN_SUPPORT=0.600;N_OBLIQUE_SEGMENTS=19,FULL_AXES_RECT,85,39,965,740,14,01,VQL,0,1,SHA256_UNIQUE,LC_011_14_01.png,11
LC_037_R08.png,LC,L,C,LC_037,37,8,PRESENT,1,0,MARK_PRESENT,0.8,0,BEST_X_SPAN=0.000;XBIN_SUPPORT=0.600;N_OBLIQUE_SEGMENTS=19,FULL_AXES_RECT,85,39,965,740,14,01,VQL,0,1,SHA256_UNIQUE,LC_011_14_01.png,11
LC_037_R09.png,LC,L,C,LC_037,37,9,PRESENT,1,0,MARK_PRESENT,0.8,0,BEST_X_SPAN=0.000;XBIN_SUPPORT=0.600;N_OBLIQUE_SEGMENTS=19,FULL_AXES_RECT,85,39,965,740,14,01,VQL,0,1,SHA256_UNIQUE,LC_011_14_01.png,11
LC_037_R10.png,LC,L,C,LC_037,37,10,PRESENT,1,0,MARK_PRESENT,0.8,0,BEST_X_SPAN=0.000;XBIN_SUPPORT=0.600;N_OBLIQUE_SEGMENTS=19,FULL_AXES_RECT,85,39,965,740,14,01,VQL,0,1,SHA256_UNIQUE,LC_011_14_01.png,11
LC_038_R01.png,LC,L,C,LC_038,38,1,PRESENT,1,0,MARK_PRESENT,1.0,1,BEST_X_SPAN=0.922;XBIN_SUPPORT=0.600;N_OBLIQUE_SEGMENTS=20,FULL_AXES_RECT,102,34,1144,616,15,01,VQL,0,1,SHA256_UNIQUE,LC_012_15_01.png,12
LC_038_R02.png,LC,L,C,LC_038,38,2,PRESENT,1,0,MARK_PRESENT,0.8,0,BEST_X_SPAN=0.000;XBIN_SUPPORT=0.600;N_OBLIQUE_SEGMENTS=21,FULL_AXES_RECT,85,39,965,740,15,01,VQL,0,1,SHA256_UNIQUE,LC_012_15_01.png,12
LC_038_R03.png,LC,L,C,LC_038,38,3,PRESENT,1,0,MARK_PRESENT,0.8,0,BEST_X_SPAN=0.000;XBIN_SUPPORT=0.600;N_OBLIQUE_SEGMENTS=21,FULL_AXES_RECT,85,39,965,740,15,01,VQL,0,1,SHA256_UNIQUE,LC_012_15_01.png,12
LC_038_R04.png,LC,L,C,LC_038,38,4,PRESENT,1,0,MARK_PRESENT,0.8,0,BEST_X_SPAN=0.000;XBIN_SUPPORT=0.600;N_OBLIQUE_SEGMENTS=21,FULL_AXES_RECT,85,39,965,740,15,01,VQL,0,1,SHA256_UNIQUE,LC_012_15_01.png,12
LC_038_R05.png,LC,L,C,LC_038,38,5,PRESENT,1,0,MARK_PRESENT,0.8,0,BEST_X_SPAN=0.000;XBIN_SUPPORT=0.600;N_OBLIQUE_SEGMENTS=21,FULL_AXES_RECT,85,39,965,740,15,01,VQL,0,1,SHA256_UNIQUE,LC_012_15_01.png,12
LC_038_R06.png,LC,L,C,LC_038,38,6,PRESENT,1,0,MARK_PRESENT,0.8,0,BEST_X_SPAN=0.000;XBIN_SUPPORT=0.600;N_OBLIQUE_SEGMENTS=21,FULL_AXES_RECT,85,39,965,740,15,01,VQL,0,1,SHA256_UNIQUE,LC_012_15_01.png,12
LC_038_R07.png,LC,L,C,LC_038,38,7,PRESENT,1,0,MARK_PRESENT,0.8,0,BEST_X_SPAN=0.000;XBIN_SUPPORT=0.600;N_OBLIQUE_SEGMENTS=21,FULL_AXES_RECT,85,39,965,740,15,01,VQL,0,1,SHA256_UNIQUE,LC_012_15_01.png,12
LC_038_R08.png,LC,L,C,LC_038,38,8,PRESENT,1,0,MARK_PRESENT,0.8,0,BEST_X_SPAN=0.000;XBIN_SUPPORT=0.600;N_OBLIQUE_SEGMENTS=21,FULL_AXES_RECT,85,39,965,740,15,01,VQL,0,1,SHA256_UNIQUE,LC_012_15_01.png,12
LC_038_R09.png,LC,L,C,LC_038,38,9,PRESENT,1,0,MARK_PRESENT,0.8,0,BEST_X_SPAN=0.000;XBIN_SUPPORT=0.600;N_OBLIQUE_SEGMENTS=21,FULL_AXES_RECT,85,39,965,740,15,01,VQL,0,1,SHA256_UNIQUE,LC_012_15_01.png,12
LC_038_R10.png,LC,L,C,LC_038,38,10,PRESENT,1,0,MARK_PRESENT,0.8,0,BEST_X_SPAN=0.000;XBIN_SUPPORT=0.600;N_OBLIQUE_SEGMENTS=21,FULL_AXES_RECT,85,39,965,740,15,01,VQL,0,1,SHA256_UNIQUE,LC_012_15_01.png,12
LC_039_R01.png,LC,L,C,LC_039,39,1,PRESENT,1,0,MARK_PRESENT,0.8,0,BEST_X_SPAN=0.000;XBIN_SUPPORT=0.600;N_OBLIQUE_SEGMENTS=20,FULL_AXES_RECT,68,34,1110,616,16,01,VQL,0,1,SHA256_UNIQUE,LC_013_16_01.png,13
LC_039_R02.png,LC,L,C,LC_039,39,2,PRESENT,1,0,MARK_PRESENT,0.8,0,BEST_X_SPAN=0.000;XBIN_SUPPORT=0.550;N_OBLIQUE_SEGMENTS=17,AXIS_PARTIAL,97,56,1128,679,16,01,VQL,0,1,SHA256_UNIQUE,LC_013_16_01.png,13
LC_039_R03.png,LC,L,C,LC_039,39,3,PRESENT,1,0,MARK_PRESENT,0.8,0,BEST_X_SPAN=0.000;XBIN_SUPPORT=0.550;N_OBLIQUE_SEGMENTS=17,AXIS_PARTIAL,97,56,1128,679,16,01,VQL,0,1,SHA256_UNIQUE,LC_013_16_01.png,13
LC_039_R04.png,LC,L,C,LC_039,39,4,PRESENT,1,0,MARK_PRESENT,0.8,0,BEST_X_SPAN=0.000;XBIN_SUPPORT=0.550;N_OBLIQUE_SEGMENTS=17,AXIS_PARTIAL,97,56,1128,679,16,01,VQL,0,1,SHA256_UNIQUE,LC_013_16_01.png,13
LC_039_R05.png,LC,L,C,LC_039,39,5,PRESENT,1,0,MARK_PRESENT,0.8,0,BEST_X_SPAN=0.000;XBIN_SUPPORT=0.600;N_OBLIQUE_SEGMENTS=14,FULL_AXES_RECT,79,33,905,591,16,01,VQL,0,1,SHA256_UNIQUE,LC_013_16_01.png,13
LC_039_R06.png,LC,L,C,LC_039,39,6,PRESENT,1,0,MARK_PRESENT,0.8,0,BEST_X_SPAN=0.000;XBIN_SUPPORT=0.600;N_OBLIQUE_SEGMENTS=15,FULL_AXES_RECT,80,34,942,616,16,01,VQL,0,1,SHA256_UNIQUE,LC_013_16_01.png,13
LC_039_R07.png,LC,L,C,LC_039,39,7,PRESENT,1,0,MARK_PRESENT,0.8,0,BEST_X_SPAN=0.000;XBIN_SUPPORT=0.600;N_OBLIQUE_SEGMENTS=15,FULL_AXES_RECT,80,34,942,616,16,01,VQL,0,1,SHA256_UNIQUE,LC_013_16_01.png,13
LC_039_R08.png,LC,L,C,LC_039,39,8,PRESENT,1,0,MARK_PRESENT,0.8,0,BEST_X_SPAN=0.000;XBIN_SUPPORT=0.600;N_OBLIQUE_SEGMENTS=15,FULL_AXES_RECT,80,34,942,616,16,01,VQL,0,1,SHA256_UNIQUE,LC_013_16_01.png,13
LC_039_R09.png,LC,L,C,LC_039,39,9,PRESENT,1,0,MARK_PRESENT,0.8,0,BEST_X_SPAN=0.000;XBIN_SUPPORT=0.600;N_OBLIQUE_SEGMENTS=15,FULL_AXES_RECT,80,34,942,616,16,01,VQL,0,1,SHA256_UNIQUE,LC_013_16_01.png,13
LC_039_R10.png,LC,L,C,LC_039,39,10,PRESENT,1,0,MARK_PRESENT,0.8,0,BEST_X_SPAN=0.000;XBIN_SUPPORT=0.600;N_OBLIQUE_SEGMENTS=15,FULL_AXES_RECT,80,34,942,616,16,01,VQL,0,1,SHA256_UNIQUE,LC_013_16_01.png,13
LC_040_R01.png,LC,L,C,LC_040,40,1,PRESENT,1,0,MARK_PRESENT,1.0,1,BEST_X_SPAN=0.922;XBIN_SUPPORT=0.575;N_OBLIQUE_SEGMENTS=16,FULL_AXES_RECT,80,34,1122,616,1,00,Zero-shot,0,0,SHA256_UNIQUE,LC_001_01_00.png,1
LC_040_R02.png,LC,L,C,LC_040,40,2,PRESENT,1,0,MARK_PRESENT,0.8,0,BEST_X_SPAN=0.000;XBIN_SUPPORT=0.600;N_OBLIQUE_SEGMENTS=12,FULL_AXES_RECT,80,34,1122,616,1,00,Zero-shot,0,0,SHA256_UNIQUE,LC_001_01_00.png,1
LC_040_R03.png,LC,L,C,LC_040,40,3,PRESENT,1,0,MARK_PRESENT,0.8,0,BEST_X_SPAN=0.000;XBIN_SUPPORT=0.600;N_OBLIQUE_SEGMENTS=12,FULL_AXES_RECT,80,34,1122,616,1,00,Zero-shot,0,0,SHA256_UNIQUE,LC_001_01_00.png,1
LC_040_R04.png,LC,L,C,LC_040,40,4,PRESENT,1,0,MARK_PRESENT,0.8,0,BEST_X_SPAN=0.000;XBIN_SUPPORT=0.600;N_OBLIQUE_SEGMENTS=12,FULL_AXES_RECT,80,34,1122,616,1,00,Zero-shot,0,0,SHA256_UNIQUE,LC_001_01_00.png,1
LC_040_R05.png,LC,L,C,LC_040,40,5,PRESENT,1,0,MARK_PRESENT,0.8,0,BEST_X_SPAN=0.000;XBIN_SUPPORT=0.600;N_OBLIQUE_SEGMENTS=12,FULL_AXES_RECT,80,34,1122,616,1,00,Zero-shot,0,0,SHA256_UNIQUE,LC_001_01_00.png,1
LC_040_R06.png,LC,L,C,LC_040,40,6,PRESENT,1,0,MARK_PRESENT,1.0,1,BEST_X_SPAN=0.920;XBIN_SUPPORT=0.575;N_OBLIQUE_SEGMENTS=16,FULL_AXES_RECT,80,34,1122,616,1,00,Zero-shot,0,0,SHA256_UNIQUE,LC_001_01_00.png,1
LC_040_R07.png,LC,L,C,LC_040,40,7,PRESENT,1,0,MARK_PRESENT,1.0,1,BEST_X_SPAN=0.920;XBIN_SUPPORT=0.575;N_OBLIQUE_SEGMENTS=16,FULL_AXES_RECT,80,34,1122,616,1,00,Zero-shot,0,0,SHA256_UNIQUE,LC_001_01_00.png,1
LC_040_R08.png,LC,L,C,LC_040,40,8,PRESENT,1,0,MARK_PRESENT,1.0,1,BEST_X_SPAN=0.920;XBIN_SUPPORT=0.575;N_OBLIQUE_SEGMENTS=16,FULL_AXES_RECT,80,34,1122,616,1,00,Zero-shot,0,0,SHA256_UNIQUE,LC_001_01_00.png,1
LC_040_R09.png,LC,L,C,LC_040,40,9,PRESENT,1,0,MARK_PRESENT,1.0,1,BEST_X_SPAN=0.920;XBIN_SUPPORT=0.575;N_OBLIQUE_SEGMENTS=16,FULL_AXES_RECT,80,34,1122,616,1,00,Zero-shot,0,0,SHA256_UNIQUE,LC_001_01_00.png,1
LC_040_R10.png,LC,L,C,LC_040,40,10,PRESENT,1,0,MARK_PRESENT,1.0,1,BEST_X_SPAN=0.920;XBIN_SUPPORT=0.575;N_OBLIQUE_SEGMENTS=16,FULL_AXES_RECT,80,34,1122,616,1,00,Zero-shot,0,0,SHA256_UNIQUE,LC_001_01_00.png,1
LC_041_R01.png,LC,L,C,LC_041,41,1,PRESENT,1,0,MARK_PRESENT,0.8,0,BEST_X_SPAN=0.000;XBIN_SUPPORT=0.600;N_OBLIQUE_SEGMENTS=19,AXIS_PARTIAL,80,47,1064,616,4,00,Zero-shot,0,0,SHA256_UNIQUE,LC_002_04_00.png,2
LC_041_R02.png,LC,L,C,LC_041,41,2,PRESENT,1,0,MARK_PRESENT,0.9521613832853026,1,BEST_X_SPAN=0.190;XBIN_SUPPORT=0.600;N_OBLIQUE_SEGMENTS=18,FULL_AXES_RECT,98,98,1138,678,4,00,Zero-shot,0,0,SHA256_UNIQUE,LC_002_04_00.png,2
LC_041_R03.png,LC,L,C,LC_041,41,3,PRESENT,1,0,MARK_PRESENT,0.9521613832853026,1,BEST_X_SPAN=0.190;XBIN_SUPPORT=0.600;N_OBLIQUE_SEGMENTS=18,FULL_AXES_RECT,98,98,1138,678,4,00,Zero-shot,0,0,SHA256_UNIQUE,LC_002_04_00.png,2
LC_041_R04.png,LC,L,C,LC_041,41,4,PRESENT,1,0,MARK_PRESENT,0.9521613832853026,1,BEST_X_SPAN=0.190;XBIN_SUPPORT=0.600;N_OBLIQUE_SEGMENTS=18,FULL_AXES_RECT,98,98,1138,678,4,00,Zero-shot,0,0,SHA256_UNIQUE,LC_002_04_00.png,2
LC_041_R05.png,LC,L,C,LC_041,41,5,PRESENT,1,0,MARK_PRESENT,0.9521613832853026,1,BEST_X_SPAN=0.190;XBIN_SUPPORT=0.600;N_OBLIQUE_SEGMENTS=18,FULL_AXES_RECT,98,98,1138,678,4,00,Zero-shot,0,0,SHA256_UNIQUE,LC_002_04_00.png,2
LC_041_R06.png,LC,L,C,LC_041,41,6,PRESENT,1,0,MARK_PRESENT,0.9521613832853026,1,BEST_X_SPAN=0.190;XBIN_SUPPORT=0.600;N_OBLIQUE_SEGMENTS=18,FULL_AXES_RECT,98,98,1138,678,4,00,Zero-shot,0,0,SHA256_UNIQUE,LC_002_04_00.png,2
LC_041_R07.png,LC,L,C,LC_041,41,7,PRESENT,1,0,MARK_PRESENT,0.9521613832853026,1,BEST_X_SPAN=0.190;XBIN_SUPPORT=0.600;N_OBLIQUE_SEGMENTS=18,FULL_AXES_RECT,98,98,1138,678,4,00,Zero-shot,0,0,SHA256_UNIQUE,LC_002_04_00.png,2
LC_041_R08.png,LC,L,C,LC_041,41,8,PRESENT,1,0,MARK_PRESENT,0.9521613832853026,1,BEST_X_SPAN=0.190;XBIN_SUPPORT=0.600;N_OBLIQUE_SEGMENTS=18,FULL_AXES_RECT,98,98,1138,678,4,00,Zero-shot,0,0,SHA256_UNIQUE,LC_002_04_00.png,2
LC_041_R09.png,LC,L,C,LC_041,41,9,PRESENT,1,0,MARK_PRESENT,0.9521613832853026,1,BEST_X_SPAN=0.190;XBIN_SUPPORT=0.600;N_OBLIQUE_SEGMENTS=18,FULL_AXES_RECT,98,98,1138,678,4,00,Zero-shot,0,0,SHA256_UNIQUE,LC_002_04_00.png,2
LC_041_R10.png,LC,L,C,LC_041,41,10,PRESENT,1,0,MARK_PRESENT,0.9521613832853026,1,BEST_X_SPAN=0.190;XBIN_SUPPORT=0.600;N_OBLIQUE_SEGMENTS=18,FULL_AXES_RECT,98,98,1138,678,4,00,Zero-shot,0,0,SHA256_UNIQUE,LC_002_04_00.png,2
LC_042_R01.png,LC,L,C,LC_042,42,1,PRESENT,1,0,MARK_PRESENT,0.8,0,BEST_X_SPAN=0.000;XBIN_SUPPORT=0.575;N_OBLIQUE_SEGMENTS=15,AXIS_PARTIAL,50,47,1037,616,6,00,Zero-shot,0,0,MANUAL_OVERRIDE_VERIFIED,LC_003_06_00.png,3
LC_042_R02.png,LC,L,C,LC_042,42,2,PRESENT,1,0,MARK_PRESENT,1.0,1,BEST_X_SPAN=0.916;XBIN_SUPPORT=0.575;N_OBLIQUE_SEGMENTS=19,FULL_AXES_RECT,98,98,1138,678,6,00,Zero-shot,0,0,MANUAL_OVERRIDE_VERIFIED,LC_003_06_00.png,3
LC_042_R03.png,LC,L,C,LC_042,42,3,PRESENT,1,0,MARK_PRESENT,1.0,1,BEST_X_SPAN=0.916;XBIN_SUPPORT=0.600;N_OBLIQUE_SEGMENTS=19,FULL_AXES_RECT,98,98,1138,678,6,00,Zero-shot,0,0,MANUAL_OVERRIDE_VERIFIED,LC_003_06_00.png,3
LC_042_R04.png,LC,L,C,LC_042,42,4,PRESENT,1,0,MARK_PRESENT,1.0,1,BEST_X_SPAN=0.923;XBIN_SUPPORT=0.600;N_OBLIQUE_SEGMENTS=15,FULL_AXES_RECT,98,98,1138,678,6,00,Zero-shot,0,0,MANUAL_OVERRIDE_VERIFIED,LC_003_06_00.png,3
LC_042_R05.png,LC,L,C,LC_042,42,5,PRESENT,1,0,MARK_PRESENT,1.0,1,BEST_X_SPAN=0.923;XBIN_SUPPORT=0.600;N_OBLIQUE_SEGMENTS=20,FULL_AXES_RECT,98,98,1138,678,6,00,Zero-shot,0,0,MANUAL_OVERRIDE_VERIFIED,LC_003_06_00.png,3
LC_042_R06.png,LC,L,C,LC_042,42,6,PRESENT,1,0,MARK_PRESENT,1.0,1,BEST_X_SPAN=0.923;XBIN_SUPPORT=0.600;N_OBLIQUE_SEGMENTS=15,FULL_AXES_RECT,98,98,1138,678,6,00,Zero-shot,0,0,MANUAL_OVERRIDE_VERIFIED,LC_003_06_00.png,3
LC_042_R07.png,LC,L,C,LC_042,42,7,PRESENT,1,0,MARK_PRESENT,1.0,1,BEST_X_SPAN=0.923;XBIN_SUPPORT=0.600;N_OBLIQUE_SEGMENTS=15,FULL_AXES_RECT,98,98,1138,678,6,00,Zero-shot,0,0,MANUAL_OVERRIDE_VERIFIED,LC_003_06_00.png,3
LC_042_R08.png,LC,L,C,LC_042,42,8,PRESENT,1,0,MARK_PRESENT,1.0,1,BEST_X_SPAN=0.923;XBIN_SUPPORT=0.600;N_OBLIQUE_SEGMENTS=15,FULL_AXES_RECT,98,98,1138,678,6,00,Zero-shot,0,0,MANUAL_OVERRIDE_VERIFIED,LC_003_06_00.png,3
LC_042_R09.png,LC,L,C,LC_042,42,9,PRESENT,1,0,MARK_PRESENT,1.0,1,BEST_X_SPAN=0.923;XBIN_SUPPORT=0.600;N_OBLIQUE_SEGMENTS=15,FULL_AXES_RECT,98,98,1138,678,6,00,Zero-shot,0,0,MANUAL_OVERRIDE_VERIFIED,LC_003_06_00.png,3
LC_042_R10.png,LC,L,C,LC_042,42,10,PRESENT,1,0,MARK_PRESENT,1.0,1,BEST_X_SPAN=0.923;XBIN_SUPPORT=0.600;N_OBLIQUE_SEGMENTS=15,FULL_AXES_RECT,98,98,1138,678,6,00,Zero-shot,0,0,MANUAL_OVERRIDE_VERIFIED,LC_003_06_00.png,3
LC_043_R01.png,LC,L,C,LC_043,43,1,PRESENT,1,0,MARK_PRESENT,1.0,1,BEST_X_SPAN=0.914;XBIN_SUPPORT=0.600;N_OBLIQUE_SEGMENTS=16,FULL_AXES_RECT,80,34,1122,616,7,00,Zero-shot,0,0,SHA256_UNIQUE,LC_004_07_00.png,4
LC_043_R02.png,LC,L,C,LC_043,43,2,PRESENT,1,0,MARK_PRESENT,0.8,0,BEST_X_SPAN=0.000;XBIN_SUPPORT=0.600;N_OBLIQUE_SEGMENTS=17,FULL_AXES_RECT,79,34,1121,616,7,00,Zero-shot,0,0,SHA256_UNIQUE,LC_004_07_00.png,4
LC_043_R03.png,LC,L,C,LC_043,43,3,PRESENT,1,0,MARK_PRESENT,0.8,0,BEST_X_SPAN=0.000;XBIN_SUPPORT=0.600;N_OBLIQUE_SEGMENTS=17,FULL_AXES_RECT,79,34,1121,616,7,00,Zero-shot,0,0,SHA256_UNIQUE,LC_004_07_00.png,4
LC_043_R04.png,LC,L,C,LC_043,43,4,PRESENT,1,0,MARK_PRESENT,0.8,0,BEST_X_SPAN=0.000;XBIN_SUPPORT=0.600;N_OBLIQUE_SEGMENTS=17,FULL_AXES_RECT,79,34,1121,616,7,00,Zero-shot,0,0,SHA256_UNIQUE,LC_004_07_00.png,4
LC_043_R05.png,LC,L,C,LC_043,43,5,PRESENT,1,0,MARK_PRESENT,0.8,0,BEST_X_SPAN=0.000;XBIN_SUPPORT=0.600;N_OBLIQUE_SEGMENTS=17,FULL_AXES_RECT,79,34,1121,616,7,00,Zero-shot,0,0,SHA256_UNIQUE,LC_004_07_00.png,4
LC_043_R06.png,LC,L,C,LC_043,43,6,PRESENT,1,0,MARK_PRESENT,0.8,0,BEST_X_SPAN=0.000;XBIN_SUPPORT=0.600;N_OBLIQUE_SEGMENTS=17,FULL_AXES_RECT,79,34,1121,616,7,00,Zero-shot,0,0,SHA256_UNIQUE,LC_004_07_00.png,4
LC_043_R07.png,LC,L,C,LC_043,43,7,PRESENT,1,0,MARK_PRESENT,0.8,0,BEST_X_SPAN=0.000;XBIN_SUPPORT=0.600;N_OBLIQUE_SEGMENTS=17,FULL_AXES_RECT,79,34,1121,616,7,00,Zero-shot,0,0,SHA256_UNIQUE,LC_004_07_00.png,4
LC_043_R08.png,LC,L,C,LC_043,43,8,PRESENT,1,0,MARK_PRESENT,0.8,0,BEST_X_SPAN=0.000;XBIN_SUPPORT=0.600;N_OBLIQUE_SEGMENTS=17,FULL_AXES_RECT,79,34,1121,616,7,00,Zero-shot,0,0,SHA256_UNIQUE,LC_004_07_00.png,4
LC_043_R09.png,LC,L,C,LC_043,43,9,PRESENT,1,0,MARK_PRESENT,0.8,0,BEST_X_SPAN=0.000;XBIN_SUPPORT=0.600;N_OBLIQUE_SEGMENTS=17,FULL_AXES_RECT,79,34,1121,616,7,00,Zero-shot,0,0,SHA256_UNIQUE,LC_004_07_00.png,4
LC_043_R10.png,LC,L,C,LC_043,43,10,PRESENT,1,0,MARK_PRESENT,0.8,0,BEST_X_SPAN=0.000;XBIN_SUPPORT=0.600;N_OBLIQUE_SEGMENTS=17,FULL_AXES_RECT,79,34,1121,616,7,00,Zero-shot,0,0,SHA256_UNIQUE,LC_004_07_00.png,4
LC_044_R01.png,LC,L,C,LC_044,44,1,PRESENT,1,0,MARK_PRESENT,1.0,1,BEST_X_SPAN=0.914;XBIN_SUPPORT=0.600;N_OBLIQUE_SEGMENTS=19,FULL_AXES_RECT,97,34,1139,616,8,00,Zero-shot,0,0,SHA256_UNIQUE,LC_005_08_00.png,5
LC_044_R02.png,LC,L,C,LC_044,44,2,PRESENT,1,0,MARK_PRESENT,0.8,0,BEST_X_SPAN=0.000;XBIN_SUPPORT=0.600;N_OBLIQUE_SEGMENTS=17,FULL_AXES_RECT,79,34,1121,616,8,00,Zero-shot,0,0,SHA256_UNIQUE,LC_005_08_00.png,5
LC_044_R03.png,LC,L,C,LC_044,44,3,PRESENT,1,0,MARK_PRESENT,0.8,0,BEST_X_SPAN=0.000;XBIN_SUPPORT=0.650;N_OBLIQUE_SEGMENTS=22,FULL_AXES_RECT,79,34,1121,616,8,00,Zero-shot,0,0,SHA256_UNIQUE,LC_005_08_00.png,5
LC_044_R04.png,LC,L,C,LC_044,44,4,PRESENT,1,0,MARK_PRESENT,0.8,0,BEST_X_SPAN=0.000;XBIN_SUPPORT=0.600;N_OBLIQUE_SEGMENTS=25,FULL_AXES_RECT,79,34,1121,616,8,00,Zero-shot,0,0,SHA256_UNIQUE,LC_005_08_00.png,5
LC_044_R05.png,LC,L,C,LC_044,44,5,PRESENT,1,0,MARK_PRESENT,0.8,0,BEST_X_SPAN=0.000;XBIN_SUPPORT=0.600;N_OBLIQUE_SEGMENTS=26,FULL_AXES_RECT,79,34,1121,616,8,00,Zero-shot,0,0,SHA256_UNIQUE,LC_005_08_00.png,5
LC_044_R06.png,LC,L,C,LC_044,44,6,PRESENT,1,0,MARK_PRESENT,0.8,0,BEST_X_SPAN=0.000;XBIN_SUPPORT=0.600;N_OBLIQUE_SEGMENTS=26,FULL_AXES_RECT,79,34,1121,616,8,00,Zero-shot,0,0,SHA256_UNIQUE,LC_005_08_00.png,5
LC_044_R07.png,LC,L,C,LC_044,44,7,PRESENT,1,0,MARK_PRESENT,0.8,0,BEST_X_SPAN=0.000;XBIN_SUPPORT=0.600;N_OBLIQUE_SEGMENTS=20,FULL_AXES_RECT,79,34,1121,616,8,00,Zero-shot,0,0,SHA256_UNIQUE,LC_005_08_00.png,5
LC_044_R08.png,LC,L,C,LC_044,44,8,PRESENT,1,0,MARK_PRESENT,0.8,0,BEST_X_SPAN=0.000;XBIN_SUPPORT=0.600;N_OBLIQUE_SEGMENTS=19,FULL_AXES_RECT,79,34,1121,616,8,00,Zero-shot,0,0,SHA256_UNIQUE,LC_005_08_00.png,5
LC_044_R09.png,LC,L,C,LC_044,44,9,PRESENT,1,0,MARK_PRESENT,0.8,0,BEST_X_SPAN=0.000;XBIN_SUPPORT=0.600;N_OBLIQUE_SEGMENTS=26,FULL_AXES_RECT,79,34,1121,616,8,00,Zero-shot,0,0,SHA256_UNIQUE,LC_005_08_00.png,5
LC_044_R10.png,LC,L,C,LC_044,44,10,PRESENT,1,0,MARK_PRESENT,0.8,0,BEST_X_SPAN=0.000;XBIN_SUPPORT=0.600;N_OBLIQUE_SEGMENTS=27,FULL_AXES_RECT,79,34,1121,616,8,00,Zero-shot,0,0,SHA256_UNIQUE,LC_005_08_00.png,5
LC_045_R01.png,LC,L,C,LC_045,45,1,PRESENT,1,0,MARK_PRESENT,1.0,1,BEST_X_SPAN=0.888;XBIN_SUPPORT=0.550;N_OBLIQUE_SEGMENTS=23,FULL_AXES_RECT,79,33,1007,647,9,00,Zero-shot,0,0,SHA256_UNIQUE,LC_006_09_00.png,6
LC_045_R02.png,LC,L,C,LC_045,45,2,PRESENT,1,0,MARK_PRESENT,0.8,0,BEST_X_SPAN=0.000;XBIN_SUPPORT=0.600;N_OBLIQUE_SEGMENTS=18,FULL_AXES_RECT,122,114,982,638,9,00,Zero-shot,0,0,SHA256_UNIQUE,LC_006_09_00.png,6
LC_045_R03.png,LC,L,C,LC_045,45,3,PRESENT,1,0,MARK_PRESENT,0.8,0,BEST_X_SPAN=0.000;XBIN_SUPPORT=0.600;N_OBLIQUE_SEGMENTS=18,FULL_AXES_RECT,122,114,982,638,9,00,Zero-shot,0,0,SHA256_UNIQUE,LC_006_09_00.png,6
LC_045_R04.png,LC,L,C,LC_045,45,4,PRESENT,1,0,MARK_PRESENT,0.8,0,BEST_X_SPAN=0.000;XBIN_SUPPORT=0.600;N_OBLIQUE_SEGMENTS=18,FULL_AXES_RECT,122,114,982,638,9,00,Zero-shot,0,0,SHA256_UNIQUE,LC_006_09_00.png,6
LC_045_R05.png,LC,L,C,LC_045,45,5,PRESENT,1,0,MARK_PRESENT,0.8,0,BEST_X_SPAN=0.000;XBIN_SUPPORT=0.600;N_OBLIQUE_SEGMENTS=18,FULL_AXES_RECT,122,114,982,638,9,00,Zero-shot,0,0,SHA256_UNIQUE,LC_006_09_00.png,6
LC_045_R06.png,LC,L,C,LC_045,45,6,PRESENT,1,0,MARK_PRESENT,0.8,0,BEST_X_SPAN=0.000;XBIN_SUPPORT=0.600;N_OBLIQUE_SEGMENTS=18,FULL_AXES_RECT,122,114,982,638,9,00,Zero-shot,0,0,SHA256_UNIQUE,LC_006_09_00.png,6
LC_045_R07.png,LC,L,C,LC_045,45,7,PRESENT,1,0,MARK_PRESENT,0.8,0,BEST_X_SPAN=0.000;XBIN_SUPPORT=0.600;N_OBLIQUE_SEGMENTS=18,FULL_AXES_RECT,122,114,982,638,9,00,Zero-shot,0,0,SHA256_UNIQUE,LC_006_09_00.png,6
LC_045_R08.png,LC,L,C,LC_045,45,8,PRESENT,1,0,MARK_PRESENT,0.8,0,BEST_X_SPAN=0.000;XBIN_SUPPORT=0.600;N_OBLIQUE_SEGMENTS=18,FULL_AXES_RECT,122,114,982,638,9,00,Zero-shot,0,0,SHA256_UNIQUE,LC_006_09_00.png,6
LC_045_R09.png,LC,L,C,LC_045,45,9,PRESENT,1,0,MARK_PRESENT,0.8,0,BEST_X_SPAN=0.000;XBIN_SUPPORT=0.600;N_OBLIQUE_SEGMENTS=18,FULL_AXES_RECT,122,114,982,638,9,00,Zero-shot,0,0,SHA256_UNIQUE,LC_006_09_00.png,6
LC_045_R10.png,LC,L,C,LC_045,45,10,PRESENT,1,0,MARK_PRESENT,0.8,0,BEST_X_SPAN=0.000;XBIN_SUPPORT=0.600;N_OBLIQUE_SEGMENTS=18,FULL_AXES_RECT,122,114,982,638,9,00,Zero-shot,0,0,SHA256_UNIQUE,LC_006_09_00.png,6
LC_046_R01.png,LC,L,C,LC_046,46,1,PRESENT,1,0,MARK_PRESENT,1.0,1,BEST_X_SPAN=0.922;XBIN_SUPPORT=0.575;N_OBLIQUE_SEGMENTS=21,FULL_AXES_RECT,50,33,1092,615,10,00,Zero-shot,0,0,SHA256_UNIQUE,LC_007_10_00.png,7
LC_046_R02.png,LC,L,C,LC_046,46,2,PRESENT,1,0,MARK_PRESENT,0.8,0,BEST_X_SPAN=0.000;XBIN_SUPPORT=0.600;N_OBLIQUE_SEGMENTS=9,FULL_AXES_RECT,79,34,1121,616,10,00,Zero-shot,0,0,SHA256_UNIQUE,LC_007_10_00.png,7
LC_046_R03.png,LC,L,C,LC_046,46,3,PRESENT,1,0,MARK_PRESENT,0.45249280920421864,1,BEST_X_SPAN=0.253;XBIN_SUPPORT=0.000;N_OBLIQUE_SEGMENTS=0,FULL_AXES_RECT,80,34,1122,616,10,00,Zero-shot,0,0,SHA256_UNIQUE,LC_007_10_00.png,7
LC_046_R04.png,LC,L,C,LC_046,46,4,PRESENT,1,0,MARK_PRESENT,0.8,0,BEST_X_SPAN=0.000;XBIN_SUPPORT=0.600;N_OBLIQUE_SEGMENTS=21,FULL_AXES_RECT,98,98,1138,678,10,00,Zero-shot,0,0,SHA256_UNIQUE,LC_007_10_00.png,7
LC_046_R05.png,LC,L,C,LC_046,46,5,PRESENT,1,0,MARK_PRESENT,0.8,0,BEST_X_SPAN=0.000;XBIN_SUPPORT=0.600;N_OBLIQUE_SEGMENTS=21,FULL_AXES_RECT,98,98,1138,678,10,00,Zero-shot,0,0,SHA256_UNIQUE,LC_007_10_00.png,7
LC_046_R06.png,LC,L,C,LC_046,46,6,PRESENT,1,0,MARK_PRESENT,0.8,0,BEST_X_SPAN=0.000;XBIN_SUPPORT=0.600;N_OBLIQUE_SEGMENTS=21,FULL_AXES_RECT,98,98,1138,678,10,00,Zero-shot,0,0,SHA256_UNIQUE,LC_007_10_00.png,7
LC_046_R07.png,LC,L,C,LC_046,46,7,PRESENT,1,0,MARK_PRESENT,0.8,0,BEST_X_SPAN=0.000;XBIN_SUPPORT=0.600;N_OBLIQUE_SEGMENTS=21,FULL_AXES_RECT,98,98,1138,678,10,00,Zero-shot,0,0,SHA256_UNIQUE,LC_007_10_00.png,7
LC_046_R08.png,LC,L,C,LC_046,46,8,PRESENT,1,0,MARK_PRESENT,0.8,0,BEST_X_SPAN=0.000;XBIN_SUPPORT=0.600;N_OBLIQUE_SEGMENTS=21,FULL_AXES_RECT,98,98,1138,678,10,00,Zero-shot,0,0,SHA256_UNIQUE,LC_007_10_00.png,7
LC_046_R09.png,LC,L,C,LC_046,46,9,PRESENT,1,0,MARK_PRESENT,0.8,0,BEST_X_SPAN=0.000;XBIN_SUPPORT=0.600;N_OBLIQUE_SEGMENTS=21,FULL_AXES_RECT,98,98,1138,678,10,00,Zero-shot,0,0,SHA256_UNIQUE,LC_007_10_00.png,7
LC_046_R10.png,LC,L,C,LC_046,46,10,PRESENT,1,0,MARK_PRESENT,0.8,0,BEST_X_SPAN=0.000;XBIN_SUPPORT=0.600;N_OBLIQUE_SEGMENTS=9,FULL_AXES_RECT,79,34,1121,616,10,00,Zero-shot,0,0,SHA256_UNIQUE,LC_007_10_00.png,7
LC_047_R01.png,LC,L,C,LC_047,47,1,PRESENT,1,0,MARK_PRESENT,0.8,0,BEST_X_SPAN=0.000;XBIN_SUPPORT=0.750;N_OBLIQUE_SEGMENTS=31,FULL_AXES_RECT,88,34,1016,648,11,00,Zero-shot,0,0,SHA256_UNIQUE,LC_008_11_00.png,8
LC_047_R02.png,LC,L,C,LC_047,47,2,PRESENT,1,0,MARK_PRESENT,0.8,0,BEST_X_SPAN=0.000;XBIN_SUPPORT=0.600;N_OBLIQUE_SEGMENTS=17,FULL_AXES_RECT,79,34,1121,616,11,00,Zero-shot,0,0,SHA256_UNIQUE,LC_008_11_00.png,8
LC_047_R03.png,LC,L,C,LC_047,47,3,PRESENT,1,0,MARK_PRESENT,0.8,0,BEST_X_SPAN=0.000;XBIN_SUPPORT=0.600;N_OBLIQUE_SEGMENTS=17,FULL_AXES_RECT,79,34,1121,616,11,00,Zero-shot,0,0,SHA256_UNIQUE,LC_008_11_00.png,8
LC_047_R04.png,LC,L,C,LC_047,47,4,PRESENT,1,0,MARK_PRESENT,0.8,0,BEST_X_SPAN=0.000;XBIN_SUPPORT=0.600;N_OBLIQUE_SEGMENTS=17,FULL_AXES_RECT,79,34,1121,616,11,00,Zero-shot,0,0,SHA256_UNIQUE,LC_008_11_00.png,8
LC_047_R05.png,LC,L,C,LC_047,47,5,PRESENT,1,0,MARK_PRESENT,0.8,0,BEST_X_SPAN=0.000;XBIN_SUPPORT=0.600;N_OBLIQUE_SEGMENTS=17,FULL_AXES_RECT,79,34,1121,616,11,00,Zero-shot,0,0,SHA256_UNIQUE,LC_008_11_00.png,8
LC_047_R06.png,LC,L,C,LC_047,47,6,PRESENT,1,0,MARK_PRESENT,0.8,0,BEST_X_SPAN=0.000;XBIN_SUPPORT=0.600;N_OBLIQUE_SEGMENTS=17,FULL_AXES_RECT,79,34,1121,616,11,00,Zero-shot,0,0,SHA256_UNIQUE,LC_008_11_00.png,8
LC_047_R07.png,LC,L,C,LC_047,47,7,PRESENT,1,0,MARK_PRESENT,0.8,0,BEST_X_SPAN=0.000;XBIN_SUPPORT=0.600;N_OBLIQUE_SEGMENTS=17,FULL_AXES_RECT,79,34,1121,616,11,00,Zero-shot,0,0,SHA256_UNIQUE,LC_008_11_00.png,8
LC_047_R08.png,LC,L,C,LC_047,47,8,PRESENT,1,0,MARK_PRESENT,0.8,0,BEST_X_SPAN=0.000;XBIN_SUPPORT=0.600;N_OBLIQUE_SEGMENTS=17,FULL_AXES_RECT,79,34,1121,616,11,00,Zero-shot,0,0,SHA256_UNIQUE,LC_008_11_00.png,8
LC_047_R09.png,LC,L,C,LC_047,47,9,PRESENT,1,0,MARK_PRESENT,0.8,0,BEST_X_SPAN=0.000;XBIN_SUPPORT=0.600;N_OBLIQUE_SEGMENTS=17,FULL_AXES_RECT,79,34,1121,616,11,00,Zero-shot,0,0,SHA256_UNIQUE,LC_008_11_00.png,8
LC_047_R10.png,LC,L,C,LC_047,47,10,PRESENT,1,0,MARK_PRESENT,0.8,0,BEST_X_SPAN=0.000;XBIN_SUPPORT=0.600;N_OBLIQUE_SEGMENTS=17,FULL_AXES_RECT,79,34,1121,616,11,00,Zero-shot,0,0,SHA256_UNIQUE,LC_008_11_00.png,8
LC_048_R01.png,LC,L,C,LC_048,48,1,PRESENT,1,0,MARK_PRESENT,0.9569105691056912,1,BEST_X_SPAN=0.196;XBIN_SUPPORT=0.600;N_OBLIQUE_SEGMENTS=17,AXIS_PARTIAL,93,47,1076,616,12,00,Zero-shot,0,0,SHA256_UNIQUE,LC_009_12_00.png,9
LC_048_R02.png,LC,L,C,LC_048,48,2,PRESENT,1,0,MARK_PRESENT,0.8,0,BEST_X_SPAN=0.000;XBIN_SUPPORT=0.600;N_OBLIQUE_SEGMENTS=17,FULL_AXES_RECT,98,98,934,678,12,00,Zero-shot,0,0,SHA256_UNIQUE,LC_009_12_00.png,9
LC_048_R03.png,LC,L,C,LC_048,48,3,PRESENT,1,0,MARK_PRESENT,0.8,0,BEST_X_SPAN=0.000;XBIN_SUPPORT=0.600;N_OBLIQUE_SEGMENTS=17,FULL_AXES_RECT,98,98,934,678,12,00,Zero-shot,0,0,SHA256_UNIQUE,LC_009_12_00.png,9
LC_048_R04.png,LC,L,C,LC_048,48,4,PRESENT,1,0,MARK_PRESENT,0.8,0,BEST_X_SPAN=0.000;XBIN_SUPPORT=0.600;N_OBLIQUE_SEGMENTS=22,FULL_AXES_RECT,98,98,934,678,12,00,Zero-shot,0,0,SHA256_UNIQUE,LC_009_12_00.png,9
LC_048_R05.png,LC,L,C,LC_048,48,5,PRESENT,1,0,MARK_PRESENT,0.8,0,BEST_X_SPAN=0.000;XBIN_SUPPORT=0.600;N_OBLIQUE_SEGMENTS=22,FULL_AXES_RECT,98,98,934,678,12,00,Zero-shot,0,0,SHA256_UNIQUE,LC_009_12_00.png,9
LC_048_R06.png,LC,L,C,LC_048,48,6,PRESENT,1,0,MARK_PRESENT,0.8,0,BEST_X_SPAN=0.000;XBIN_SUPPORT=0.600;N_OBLIQUE_SEGMENTS=22,FULL_AXES_RECT,98,98,934,678,12,00,Zero-shot,0,0,SHA256_UNIQUE,LC_009_12_00.png,9
LC_048_R07.png,LC,L,C,LC_048,48,7,PRESENT,1,0,MARK_PRESENT,0.8,0,BEST_X_SPAN=0.000;XBIN_SUPPORT=0.600;N_OBLIQUE_SEGMENTS=22,FULL_AXES_RECT,98,98,934,678,12,00,Zero-shot,0,0,SHA256_UNIQUE,LC_009_12_00.png,9
LC_048_R08.png,LC,L,C,LC_048,48,8,PRESENT,1,0,MARK_PRESENT,0.8,0,BEST_X_SPAN=0.000;XBIN_SUPPORT=0.600;N_OBLIQUE_SEGMENTS=22,FULL_AXES_RECT,98,98,934,678,12,00,Zero-shot,0,0,SHA256_UNIQUE,LC_009_12_00.png,9
LC_048_R09.png,LC,L,C,LC_048,48,9,PRESENT,1,0,MARK_PRESENT,0.8,0,BEST_X_SPAN=0.000;XBIN_SUPPORT=0.600;N_OBLIQUE_SEGMENTS=22,FULL_AXES_RECT,98,98,934,678,12,00,Zero-shot,0,0,SHA256_UNIQUE,LC_009_12_00.png,9
LC_048_R10.png,LC,L,C,LC_048,48,10,PRESENT,1,0,MARK_PRESENT,0.8,0,BEST_X_SPAN=0.000;XBIN_SUPPORT=0.600;N_OBLIQUE_SEGMENTS=22,FULL_AXES_RECT,98,98,934,678,12,00,Zero-shot,0,0,SHA256_UNIQUE,LC_009_12_00.png,9
LC_049_R01.png,LC,L,C,LC_049,49,1,PRESENT,1,0,MARK_PRESENT,1.0,1,BEST_X_SPAN=0.924;XBIN_SUPPORT=0.600;N_OBLIQUE_SEGMENTS=19,FULL_AXES_RECT,80,34,979,735,13,00,Zero-shot,0,0,SHA256_UNIQUE,LC_010_13_00.png,10
LC_049_R02.png,LC,L,C,LC_049,49,2,PRESENT,1,0,MARK_PRESENT,0.8,0,BEST_X_SPAN=0.000;XBIN_SUPPORT=0.600;N_OBLIQUE_SEGMENTS=17,FULL_AXES_RECT,98,98,934,678,13,00,Zero-shot,0,0,SHA256_UNIQUE,LC_010_13_00.png,10
LC_049_R03.png,LC,L,C,LC_049,49,3,PRESENT,1,0,MARK_PRESENT,0.8,0,BEST_X_SPAN=0.000;XBIN_SUPPORT=0.600;N_OBLIQUE_SEGMENTS=17,FULL_AXES_RECT,98,98,934,678,13,00,Zero-shot,0,0,SHA256_UNIQUE,LC_010_13_00.png,10
LC_049_R04.png,LC,L,C,LC_049,49,4,PRESENT,1,0,MARK_PRESENT,0.8,0,BEST_X_SPAN=0.000;XBIN_SUPPORT=0.600;N_OBLIQUE_SEGMENTS=17,FULL_AXES_RECT,98,98,934,678,13,00,Zero-shot,0,0,SHA256_UNIQUE,LC_010_13_00.png,10
LC_049_R05.png,LC,L,C,LC_049,49,5,PRESENT,1,0,MARK_PRESENT,0.8,0,BEST_X_SPAN=0.000;XBIN_SUPPORT=0.600;N_OBLIQUE_SEGMENTS=17,FULL_AXES_RECT,98,98,934,678,13,00,Zero-shot,0,0,SHA256_UNIQUE,LC_010_13_00.png,10
LC_049_R06.png,LC,L,C,LC_049,49,6,PRESENT,1,0,MARK_PRESENT,0.8,0,BEST_X_SPAN=0.000;XBIN_SUPPORT=0.600;N_OBLIQUE_SEGMENTS=17,FULL_AXES_RECT,98,98,934,678,13,00,Zero-shot,0,0,SHA256_UNIQUE,LC_010_13_00.png,10
LC_049_R07.png,LC,L,C,LC_049,49,7,PRESENT,1,0,MARK_PRESENT,0.8,0,BEST_X_SPAN=0.000;XBIN_SUPPORT=0.600;N_OBLIQUE_SEGMENTS=17,FULL_AXES_RECT,98,98,934,678,13,00,Zero-shot,0,0,SHA256_UNIQUE,LC_010_13_00.png,10
LC_049_R08.png,LC,L,C,LC_049,49,8,PRESENT,1,0,MARK_PRESENT,0.8,0,BEST_X_SPAN=0.000;XBIN_SUPPORT=0.600;N_OBLIQUE_SEGMENTS=17,FULL_AXES_RECT,98,98,934,678,13,00,Zero-shot,0,0,SHA256_UNIQUE,LC_010_13_00.png,10
LC_049_R09.png,LC,L,C,LC_049,49,9,PRESENT,1,0,MARK_PRESENT,0.8,0,BEST_X_SPAN=0.000;XBIN_SUPPORT=0.600;N_OBLIQUE_SEGMENTS=17,FULL_AXES_RECT,98,98,934,678,13,00,Zero-shot,0,0,SHA256_UNIQUE,LC_010_13_00.png,10
LC_049_R10.png,LC,L,C,LC_049,49,10,PRESENT,1,0,MARK_PRESENT,0.8,0,BEST_X_SPAN=0.000;XBIN_SUPPORT=0.600;N_OBLIQUE_SEGMENTS=17,FULL_AXES_RECT,98,98,934,678,13,00,Zero-shot,0,0,SHA256_UNIQUE,LC_010_13_00.png,10
LC_050_R01.png,LC,L,C,LC_050,50,1,PRESENT,1,0,MARK_PRESENT,1.0,1,BEST_X_SPAN=0.914;XBIN_SUPPORT=0.825;N_OBLIQUE_SEGMENTS=15,FULL_AXES_RECT,80,34,1122,616,14,00,Zero-shot,0,0,SHA256_UNIQUE,LC_011_14_00.png,11
LC_050_R02.png,LC,L,C,LC_050,50,2,PRESENT,1,0,MARK_PRESENT,0.8,0,BEST_X_SPAN=0.000;XBIN_SUPPORT=0.600;N_OBLIQUE_SEGMENTS=22,FULL_AXES_RECT,98,98,934,678,14,00,Zero-shot,0,0,SHA256_UNIQUE,LC_011_14_00.png,11
LC_050_R03.png,LC,L,C,LC_050,50,3,PRESENT,1,0,MARK_PRESENT,0.8,0,BEST_X_SPAN=0.000;XBIN_SUPPORT=0.600;N_OBLIQUE_SEGMENTS=22,FULL_AXES_RECT,98,98,934,678,14,00,Zero-shot,0,0,SHA256_UNIQUE,LC_011_14_00.png,11
LC_050_R04.png,LC,L,C,LC_050,50,4,PRESENT,1,0,MARK_PRESENT,0.8,0,BEST_X_SPAN=0.000;XBIN_SUPPORT=0.600;N_OBLIQUE_SEGMENTS=22,FULL_AXES_RECT,98,98,934,678,14,00,Zero-shot,0,0,SHA256_UNIQUE,LC_011_14_00.png,11
LC_050_R05.png,LC,L,C,LC_050,50,5,PRESENT,1,0,MARK_PRESENT,0.8,0,BEST_X_SPAN=0.000;XBIN_SUPPORT=0.600;N_OBLIQUE_SEGMENTS=22,FULL_AXES_RECT,98,98,934,678,14,00,Zero-shot,0,0,SHA256_UNIQUE,LC_011_14_00.png,11
LC_050_R06.png,LC,L,C,LC_050,50,6,PRESENT,1,0,MARK_PRESENT,0.8,0,BEST_X_SPAN=0.000;XBIN_SUPPORT=0.600;N_OBLIQUE_SEGMENTS=22,FULL_AXES_RECT,98,98,934,678,14,00,Zero-shot,0,0,SHA256_UNIQUE,LC_011_14_00.png,11
LC_050_R07.png,LC,L,C,LC_050,50,7,PRESENT,1,0,MARK_PRESENT,0.8,0,BEST_X_SPAN=0.000;XBIN_SUPPORT=0.600;N_OBLIQUE_SEGMENTS=22,FULL_AXES_RECT,98,98,934,678,14,00,Zero-shot,0,0,SHA256_UNIQUE,LC_011_14_00.png,11
LC_050_R08.png,LC,L,C,LC_050,50,8,PRESENT,1,0,MARK_PRESENT,0.8,0,BEST_X_SPAN=0.000;XBIN_SUPPORT=0.600;N_OBLIQUE_SEGMENTS=22,FULL_AXES_RECT,98,98,934,678,14,00,Zero-shot,0,0,SHA256_UNIQUE,LC_011_14_00.png,11
LC_050_R09.png,LC,L,C,LC_050,50,9,PRESENT,1,0,MARK_PRESENT,0.8,0,BEST_X_SPAN=0.000;XBIN_SUPPORT=0.600;N_OBLIQUE_SEGMENTS=22,FULL_AXES_RECT,98,98,934,678,14,00,Zero-shot,0,0,SHA256_UNIQUE,LC_011_14_00.png,11
LC_050_R10.png,LC,L,C,LC_050,50,10,PRESENT,1,0,MARK_PRESENT,0.8,0,BEST_X_SPAN=0.000;XBIN_SUPPORT=0.600;N_OBLIQUE_SEGMENTS=22,FULL_AXES_RECT,98,98,934,678,14,00,Zero-shot,0,0,SHA256_UNIQUE,LC_011_14_00.png,11
LC_051_R01.png,LC,L,C,LC_051,51,1,PRESENT,1,0,MARK_PRESENT,1.0,1,BEST_X_SPAN=0.922;XBIN_SUPPORT=0.600;N_OBLIQUE_SEGMENTS=15,FULL_AXES_RECT,80,34,1122,616,15,00,Zero-shot,0,0,MANUAL_OVERRIDE_VERIFIED,LC_012_15_00.png,12
LC_051_R02.png,LC,L,C,LC_051,51,2,PRESENT,1,0,MARK_PRESENT,0.8,0,BEST_X_SPAN=0.000;XBIN_SUPPORT=0.600;N_OBLIQUE_SEGMENTS=22,FULL_AXES_RECT,79,33,917,615,15,00,Zero-shot,0,0,MANUAL_OVERRIDE_VERIFIED,LC_012_15_00.png,12
LC_051_R03.png,LC,L,C,LC_051,51,3,PRESENT,1,0,MARK_PRESENT,0.8,0,BEST_X_SPAN=0.000;XBIN_SUPPORT=0.600;N_OBLIQUE_SEGMENTS=22,FULL_AXES_RECT,79,33,917,615,15,00,Zero-shot,0,0,MANUAL_OVERRIDE_VERIFIED,LC_012_15_00.png,12
LC_051_R04.png,LC,L,C,LC_051,51,4,PRESENT,1,0,MARK_PRESENT,0.8,0,BEST_X_SPAN=0.000;XBIN_SUPPORT=0.600;N_OBLIQUE_SEGMENTS=22,FULL_AXES_RECT,79,33,917,615,15,00,Zero-shot,0,0,MANUAL_OVERRIDE_VERIFIED,LC_012_15_00.png,12
LC_051_R05.png,LC,L,C,LC_051,51,5,PRESENT,1,0,MARK_PRESENT,0.8,0,BEST_X_SPAN=0.000;XBIN_SUPPORT=0.600;N_OBLIQUE_SEGMENTS=22,FULL_AXES_RECT,79,33,917,615,15,00,Zero-shot,0,0,MANUAL_OVERRIDE_VERIFIED,LC_012_15_00.png,12
LC_051_R06.png,LC,L,C,LC_051,51,6,PRESENT,1,0,MARK_PRESENT,0.8,0,BEST_X_SPAN=0.000;XBIN_SUPPORT=0.600;N_OBLIQUE_SEGMENTS=22,FULL_AXES_RECT,79,33,917,615,15,00,Zero-shot,0,0,MANUAL_OVERRIDE_VERIFIED,LC_012_15_00.png,12
LC_051_R07.png,LC,L,C,LC_051,51,7,PRESENT,1,0,MARK_PRESENT,0.8,0,BEST_X_SPAN=0.000;XBIN_SUPPORT=0.600;N_OBLIQUE_SEGMENTS=22,FULL_AXES_RECT,79,33,917,615,15,00,Zero-shot,0,0,MANUAL_OVERRIDE_VERIFIED,LC_012_15_00.png,12
LC_051_R08.png,LC,L,C,LC_051,51,8,PRESENT,1,0,MARK_PRESENT,0.8,0,BEST_X_SPAN=0.000;XBIN_SUPPORT=0.600;N_OBLIQUE_SEGMENTS=22,FULL_AXES_RECT,79,33,917,615,15,00,Zero-shot,0,0,MANUAL_OVERRIDE_VERIFIED,LC_012_15_00.png,12
LC_051_R09.png,LC,L,C,LC_051,51,9,PRESENT,1,0,MARK_PRESENT,0.8,0,BEST_X_SPAN=0.000;XBIN_SUPPORT=0.600;N_OBLIQUE_SEGMENTS=22,FULL_AXES_RECT,79,33,917,615,15,00,Zero-shot,0,0,MANUAL_OVERRIDE_VERIFIED,LC_012_15_00.png,12
LC_051_R10.png,LC,L,C,LC_051,51,10,PRESENT,1,0,MARK_PRESENT,0.8,0,BEST_X_SPAN=0.000;XBIN_SUPPORT=0.600;N_OBLIQUE_SEGMENTS=22,FULL_AXES_RECT,79,33,917,615,15,00,Zero-shot,0,0,MANUAL_OVERRIDE_VERIFIED,LC_012_15_00.png,12
LC_052_R01.png,LC,L,C,LC_052,52,1,PRESENT,1,0,MARK_PRESENT,0.8,0,BEST_X_SPAN=0.000;XBIN_SUPPORT=0.575;N_OBLIQUE_SEGMENTS=26,AXIS_PARTIAL,80,47,1064,616,16,00,Zero-shot,0,0,SHA256_UNIQUE,LC_013_16_00.png,13
LC_052_R02.png,LC,L,C,LC_052,52,2,PRESENT,1,0,MARK_PRESENT,0.8,0,BEST_X_SPAN=0.000;XBIN_SUPPORT=0.575;N_OBLIQUE_SEGMENTS=21,AXIS_PARTIAL,72,56,1128,741,16,00,Zero-shot,0,0,SHA256_UNIQUE,LC_013_16_00.png,13
LC_052_R03.png,LC,L,C,LC_052,52,3,PRESENT,1,0,MARK_PRESENT,0.9521613832853026,2,BEST_X_SPAN=0.190;XBIN_SUPPORT=0.575;N_OBLIQUE_SEGMENTS=19,FULL_AXES_RECT,98,98,1138,678,16,00,Zero-shot,0,0,SHA256_UNIQUE,LC_013_16_00.png,13
LC_052_R04.png,LC,L,C,LC_052,52,4,PRESENT,1,0,MARK_PRESENT,0.9521613832853026,2,BEST_X_SPAN=0.190;XBIN_SUPPORT=0.575;N_OBLIQUE_SEGMENTS=19,FULL_AXES_RECT,98,98,1138,678,16,00,Zero-shot,0,0,SHA256_UNIQUE,LC_013_16_00.png,13
LC_052_R05.png,LC,L,C,LC_052,52,5,PRESENT,1,0,MARK_PRESENT,0.9521613832853026,2,BEST_X_SPAN=0.190;XBIN_SUPPORT=0.575;N_OBLIQUE_SEGMENTS=19,FULL_AXES_RECT,98,98,1138,678,16,00,Zero-shot,0,0,SHA256_UNIQUE,LC_013_16_00.png,13
LC_052_R06.png,LC,L,C,LC_052,52,6,PRESENT,1,0,MARK_PRESENT,0.9521613832853026,2,BEST_X_SPAN=0.190;XBIN_SUPPORT=0.575;N_OBLIQUE_SEGMENTS=19,FULL_AXES_RECT,98,98,1138,678,16,00,Zero-shot,0,0,SHA256_UNIQUE,LC_013_16_00.png,13
LC_052_R07.png,LC,L,C,LC_052,52,7,PRESENT,1,0,MARK_PRESENT,0.9521613832853026,2,BEST_X_SPAN=0.190;XBIN_SUPPORT=0.575;N_OBLIQUE_SEGMENTS=19,FULL_AXES_RECT,98,98,1138,678,16,00,Zero-shot,0,0,SHA256_UNIQUE,LC_013_16_00.png,13
LC_052_R08.png,LC,L,C,LC_052,52,8,PRESENT,1,0,MARK_PRESENT,0.9521613832853026,2,BEST_X_SPAN=0.190;XBIN_SUPPORT=0.575;N_OBLIQUE_SEGMENTS=19,FULL_AXES_RECT,98,98,1138,678,16,00,Zero-shot,0,0,SHA256_UNIQUE,LC_013_16_00.png,13
LC_052_R09.png,LC,L,C,LC_052,52,9,PRESENT,1,0,MARK_PRESENT,0.9521613832853026,2,BEST_X_SPAN=0.190;XBIN_SUPPORT=0.575;N_OBLIQUE_SEGMENTS=19,FULL_AXES_RECT,98,98,1138,678,16,00,Zero-shot,0,0,SHA256_UNIQUE,LC_013_16_00.png,13
LC_052_R10.png,LC,L,C,LC_052,52,10,PRESENT,1,0,MARK_PRESENT,0.9521613832853026,2,BEST_X_SPAN=0.190;XBIN_SUPPORT=0.575;N_OBLIQUE_SEGMENTS=19,FULL_AXES_RECT,98,98,1138,678,16,00,Zero-shot,0,0,SHA256_UNIQUE,LC_013_16_00.png,13
LI_001_R01.png,LI,L,I,LI_001,1,1,PRESENT,1,0,MARK_PRESENT,0.8,0,BEST_X_SPAN=0.000;XBIN_SUPPORT=0.575;N_OBLIQUE_SEGMENTS=20,AXIS_PARTIAL,62,49,941,647,1,10,Few-shot,1,0,SHA256_UNIQUE,LI_001_01_10.png,1
LI_001_R02.png,LI,L,I,LI_001,1,2,PRESENT,1,0,MARK_PRESENT,0.8,0,BEST_X_SPAN=0.000;XBIN_SUPPORT=0.575;N_OBLIQUE_SEGMENTS=11,AXIS_PARTIAL,80,47,1064,616,1,10,Few-shot,1,0,SHA256_UNIQUE,LI_001_01_10.png,1
LI_001_R03.png,LI,L,I,LI_001,1,3,PRESENT,1,0,MARK_PRESENT,0.8,0,BEST_X_SPAN=0.000;XBIN_SUPPORT=0.575;N_OBLIQUE_SEGMENTS=11,AXIS_PARTIAL,80,47,1064,616,1,10,Few-shot,1,0,SHA256_UNIQUE,LI_001_01_10.png,1
LI_001_R04.png,LI,L,I,LI_001,1,4,PRESENT,1,0,MARK_PRESENT,0.8,0,BEST_X_SPAN=0.000;XBIN_SUPPORT=0.575;N_OBLIQUE_SEGMENTS=11,AXIS_PARTIAL,80,47,1064,616,1,10,Few-shot,1,0,SHA256_UNIQUE,LI_001_01_10.png,1
LI_001_R05.png,LI,L,I,LI_001,1,5,PRESENT,1,0,MARK_PRESENT,0.8,0,BEST_X_SPAN=0.000;XBIN_SUPPORT=0.575;N_OBLIQUE_SEGMENTS=11,AXIS_PARTIAL,80,47,1064,616,1,10,Few-shot,1,0,SHA256_UNIQUE,LI_001_01_10.png,1
LI_001_R06.png,LI,L,I,LI_001,1,6,PRESENT,1,0,MARK_PRESENT,0.8,0,BEST_X_SPAN=0.000;XBIN_SUPPORT=0.575;N_OBLIQUE_SEGMENTS=11,AXIS_PARTIAL,80,47,1064,616,1,10,Few-shot,1,0,SHA256_UNIQUE,LI_001_01_10.png,1
LI_001_R07.png,LI,L,I,LI_001,1,7,PRESENT,1,0,MARK_PRESENT,0.8,0,BEST_X_SPAN=0.000;XBIN_SUPPORT=0.575;N_OBLIQUE_SEGMENTS=11,AXIS_PARTIAL,80,47,1064,616,1,10,Few-shot,1,0,SHA256_UNIQUE,LI_001_01_10.png,1
LI_001_R08.png,LI,L,I,LI_001,1,8,PRESENT,1,0,MARK_PRESENT,0.8,0,BEST_X_SPAN=0.000;XBIN_SUPPORT=0.575;N_OBLIQUE_SEGMENTS=11,AXIS_PARTIAL,80,47,1064,616,1,10,Few-shot,1,0,SHA256_UNIQUE,LI_001_01_10.png,1
LI_001_R09.png,LI,L,I,LI_001,1,9,PRESENT,1,0,MARK_PRESENT,0.8,0,BEST_X_SPAN=0.000;XBIN_SUPPORT=0.575;N_OBLIQUE_SEGMENTS=11,AXIS_PARTIAL,80,47,1064,616,1,10,Few-shot,1,0,SHA256_UNIQUE,LI_001_01_10.png,1
LI_001_R10.png,LI,L,I,LI_001,1,10,PRESENT,1,0,MARK_PRESENT,0.8,0,BEST_X_SPAN=0.000;XBIN_SUPPORT=0.575;N_OBLIQUE_SEGMENTS=11,AXIS_PARTIAL,80,47,1064,616,1,10,Few-shot,1,0,SHA256_UNIQUE,LI_001_01_10.png,1
LI_002_R01.png,LI,L,I,LI_002,2,1,PRESENT,1,0,MARK_PRESENT,0.8,0,BEST_X_SPAN=0.000;XBIN_SUPPORT=0.775;N_OBLIQUE_SEGMENTS=22,AXIS_PARTIAL,63,47,1049,616,4,10,Few-shot,1,0,SHA256_UNIQUE,LI_002_04_10.png,2
LI_002_R02.png,LI,L,I,LI_002,2,2,PRESENT,1,0,MARK_PRESENT,1.0,1,BEST_X_SPAN=0.936;XBIN_SUPPORT=0.775;N_OBLIQUE_SEGMENTS=24,FULL_AXES_RECT,98,98,1138,678,4,10,Few-shot,1,0,SHA256_UNIQUE,LI_002_04_10.png,2
LI_002_R03.png,LI,L,I,LI_002,2,3,PRESENT,1,0,MARK_PRESENT,1.0,1,BEST_X_SPAN=0.936;XBIN_SUPPORT=0.775;N_OBLIQUE_SEGMENTS=24,FULL_AXES_RECT,98,98,1138,678,4,10,Few-shot,1,0,SHA256_UNIQUE,LI_002_04_10.png,2
LI_002_R04.png,LI,L,I,LI_002,2,4,PRESENT,1,0,MARK_PRESENT,1.0,1,BEST_X_SPAN=0.936;XBIN_SUPPORT=0.775;N_OBLIQUE_SEGMENTS=24,FULL_AXES_RECT,98,98,1138,678,4,10,Few-shot,1,0,SHA256_UNIQUE,LI_002_04_10.png,2
LI_002_R05.png,LI,L,I,LI_002,2,5,PRESENT,1,0,MARK_PRESENT,1.0,1,BEST_X_SPAN=0.936;XBIN_SUPPORT=0.775;N_OBLIQUE_SEGMENTS=24,FULL_AXES_RECT,98,98,1138,678,4,10,Few-shot,1,0,SHA256_UNIQUE,LI_002_04_10.png,2
LI_002_R06.png,LI,L,I,LI_002,2,6,PRESENT,1,0,MARK_PRESENT,1.0,1,BEST_X_SPAN=0.936;XBIN_SUPPORT=0.775;N_OBLIQUE_SEGMENTS=24,FULL_AXES_RECT,98,98,1138,678,4,10,Few-shot,1,0,SHA256_UNIQUE,LI_002_04_10.png,2
LI_002_R07.png,LI,L,I,LI_002,2,7,PRESENT,1,0,MARK_PRESENT,1.0,1,BEST_X_SPAN=0.936;XBIN_SUPPORT=0.775;N_OBLIQUE_SEGMENTS=24,FULL_AXES_RECT,98,98,1138,678,4,10,Few-shot,1,0,SHA256_UNIQUE,LI_002_04_10.png,2
LI_002_R08.png,LI,L,I,LI_002,2,8,PRESENT,1,0,MARK_PRESENT,1.0,1,BEST_X_SPAN=0.936;XBIN_SUPPORT=0.775;N_OBLIQUE_SEGMENTS=24,FULL_AXES_RECT,98,98,1138,678,4,10,Few-shot,1,0,SHA256_UNIQUE,LI_002_04_10.png,2
LI_002_R09.png,LI,L,I,LI_002,2,9,PRESENT,1,0,MARK_PRESENT,1.0,1,BEST_X_SPAN=0.936;XBIN_SUPPORT=0.775;N_OBLIQUE_SEGMENTS=24,FULL_AXES_RECT,98,98,1138,678,4,10,Few-shot,1,0,SHA256_UNIQUE,LI_002_04_10.png,2
LI_002_R10.png,LI,L,I,LI_002,2,10,PRESENT,1,0,MARK_PRESENT,1.0,1,BEST_X_SPAN=0.936;XBIN_SUPPORT=0.775;N_OBLIQUE_SEGMENTS=24,FULL_AXES_RECT,98,98,1138,678,4,10,Few-shot,1,0,SHA256_UNIQUE,LI_002_04_10.png,2
LI_003_R01.png,LI,L,I,LI_003,3,1,PRESENT,1,0,MARK_PRESENT,0.8,0,BEST_X_SPAN=0.000;XBIN_SUPPORT=0.725;N_OBLIQUE_SEGMENTS=24,AXIS_PARTIAL,63,47,1049,616,6,10,Few-shot,1,0,SHA256_UNIQUE,LI_003_06_10.png,3
LI_003_R02.png,LI,L,I,LI_003,3,2,PRESENT,1,0,MARK_PRESENT,1.0,1,BEST_X_SPAN=0.923;XBIN_SUPPORT=0.600;N_OBLIQUE_SEGMENTS=19,FULL_AXES_RECT,98,98,1138,678,6,10,Few-shot,1,0,SHA256_UNIQUE,LI_003_06_10.png,3
LI_003_R03.png,LI,L,I,LI_003,3,3,PRESENT,1,0,MARK_PRESENT,1.0,1,BEST_X_SPAN=0.923;XBIN_SUPPORT=0.600;N_OBLIQUE_SEGMENTS=19,FULL_AXES_RECT,98,98,1138,678,6,10,Few-shot,1,0,SHA256_UNIQUE,LI_003_06_10.png,3
LI_003_R04.png,LI,L,I,LI_003,3,4,PRESENT,1,0,MARK_PRESENT,1.0,1,BEST_X_SPAN=0.923;XBIN_SUPPORT=0.600;N_OBLIQUE_SEGMENTS=19,FULL_AXES_RECT,98,98,1138,678,6,10,Few-shot,1,0,SHA256_UNIQUE,LI_003_06_10.png,3
LI_003_R05.png,LI,L,I,LI_003,3,5,PRESENT,1,0,MARK_PRESENT,1.0,1,BEST_X_SPAN=0.923;XBIN_SUPPORT=0.600;N_OBLIQUE_SEGMENTS=19,FULL_AXES_RECT,98,98,1138,678,6,10,Few-shot,1,0,SHA256_UNIQUE,LI_003_06_10.png,3
LI_003_R06.png,LI,L,I,LI_003,3,6,PRESENT,1,0,MARK_PRESENT,1.0,1,BEST_X_SPAN=0.923;XBIN_SUPPORT=0.600;N_OBLIQUE_SEGMENTS=19,FULL_AXES_RECT,98,98,1138,678,6,10,Few-shot,1,0,SHA256_UNIQUE,LI_003_06_10.png,3
LI_003_R07.png,LI,L,I,LI_003,3,7,PRESENT,1,0,MARK_PRESENT,1.0,1,BEST_X_SPAN=0.923;XBIN_SUPPORT=0.600;N_OBLIQUE_SEGMENTS=19,FULL_AXES_RECT,98,98,1138,678,6,10,Few-shot,1,0,SHA256_UNIQUE,LI_003_06_10.png,3
LI_003_R08.png,LI,L,I,LI_003,3,8,PRESENT,1,0,MARK_PRESENT,1.0,1,BEST_X_SPAN=0.923;XBIN_SUPPORT=0.600;N_OBLIQUE_SEGMENTS=19,FULL_AXES_RECT,98,98,1138,678,6,10,Few-shot,1,0,SHA256_UNIQUE,LI_003_06_10.png,3
LI_003_R09.png,LI,L,I,LI_003,3,9,PRESENT,1,0,MARK_PRESENT,1.0,1,BEST_X_SPAN=0.923;XBIN_SUPPORT=0.600;N_OBLIQUE_SEGMENTS=19,FULL_AXES_RECT,98,98,1138,678,6,10,Few-shot,1,0,SHA256_UNIQUE,LI_003_06_10.png,3
LI_003_R10.png,LI,L,I,LI_003,3,10,PRESENT,1,0,MARK_PRESENT,1.0,1,BEST_X_SPAN=0.923;XBIN_SUPPORT=0.600;N_OBLIQUE_SEGMENTS=19,FULL_AXES_RECT,98,98,1138,678,6,10,Few-shot,1,0,SHA256_UNIQUE,LI_003_06_10.png,3
LI_004_R01.png,LI,L,I,LI_004,4,1,PRESENT,1,0,MARK_PRESENT,0.9551269035532995,1,BEST_X_SPAN=0.194;XBIN_SUPPORT=0.725;N_OBLIQUE_SEGMENTS=20,AXIS_PARTIAL,80,47,1064,616,7,10,Few-shot,1,0,SHA256_UNIQUE,LI_004_07_10.png,4
LI_004_R02.png,LI,L,I,LI_004,4,2,PRESENT,1,0,MARK_PRESENT,0.9467819404418829,1,BEST_X_SPAN=0.183;XBIN_SUPPORT=0.600;N_OBLIQUE_SEGMENTS=21,FULL_AXES_RECT,98,98,1138,678,7,10,Few-shot,1,0,SHA256_UNIQUE,LI_004_07_10.png,4
LI_004_R03.png,LI,L,I,LI_004,4,3,PRESENT,1,0,MARK_PRESENT,0.9467819404418829,1,BEST_X_SPAN=0.183;XBIN_SUPPORT=0.600;N_OBLIQUE_SEGMENTS=21,FULL_AXES_RECT,98,98,1138,678,7,10,Few-shot,1,0,SHA256_UNIQUE,LI_004_07_10.png,4
LI_004_R04.png,LI,L,I,LI_004,4,4,PRESENT,1,0,MARK_PRESENT,0.9467819404418829,1,BEST_X_SPAN=0.183;XBIN_SUPPORT=0.600;N_OBLIQUE_SEGMENTS=21,FULL_AXES_RECT,98,98,1138,678,7,10,Few-shot,1,0,SHA256_UNIQUE,LI_004_07_10.png,4
LI_004_R05.png,LI,L,I,LI_004,4,5,PRESENT,1,0,MARK_PRESENT,0.9467819404418829,1,BEST_X_SPAN=0.183;XBIN_SUPPORT=0.600;N_OBLIQUE_SEGMENTS=21,FULL_AXES_RECT,98,98,1138,678,7,10,Few-shot,1,0,SHA256_UNIQUE,LI_004_07_10.png,4
LI_004_R06.png,LI,L,I,LI_004,4,6,PRESENT,1,0,MARK_PRESENT,0.9467819404418829,1,BEST_X_SPAN=0.183;XBIN_SUPPORT=0.600;N_OBLIQUE_SEGMENTS=21,FULL_AXES_RECT,98,98,1138,678,7,10,Few-shot,1,0,SHA256_UNIQUE,LI_004_07_10.png,4
LI_004_R07.png,LI,L,I,LI_004,4,7,PRESENT,1,0,MARK_PRESENT,0.9467819404418829,1,BEST_X_SPAN=0.183;XBIN_SUPPORT=0.600;N_OBLIQUE_SEGMENTS=21,FULL_AXES_RECT,98,98,1138,678,7,10,Few-shot,1,0,SHA256_UNIQUE,LI_004_07_10.png,4
LI_004_R08.png,LI,L,I,LI_004,4,8,PRESENT,1,0,MARK_PRESENT,0.9467819404418829,1,BEST_X_SPAN=0.183;XBIN_SUPPORT=0.600;N_OBLIQUE_SEGMENTS=21,FULL_AXES_RECT,98,98,1138,678,7,10,Few-shot,1,0,SHA256_UNIQUE,LI_004_07_10.png,4
LI_004_R09.png,LI,L,I,LI_004,4,9,PRESENT,1,0,MARK_PRESENT,0.9467819404418829,1,BEST_X_SPAN=0.183;XBIN_SUPPORT=0.600;N_OBLIQUE_SEGMENTS=21,FULL_AXES_RECT,98,98,1138,678,7,10,Few-shot,1,0,SHA256_UNIQUE,LI_004_07_10.png,4
LI_004_R10.png,LI,L,I,LI_004,4,10,PRESENT,1,0,MARK_PRESENT,0.9467819404418829,1,BEST_X_SPAN=0.183;XBIN_SUPPORT=0.600;N_OBLIQUE_SEGMENTS=21,FULL_AXES_RECT,98,98,1138,678,7,10,Few-shot,1,0,SHA256_UNIQUE,LI_004_07_10.png,4
LI_005_R01.png,LI,L,I,LI_005,5,1,PRESENT,1,0,MARK_PRESENT,0.8,0,BEST_X_SPAN=0.000;XBIN_SUPPORT=0.650;N_OBLIQUE_SEGMENTS=20,AXIS_PARTIAL,80,55,1118,735,8,10,Few-shot,1,0,SHA256_UNIQUE,LI_005_08_10.png,5
LI_005_R02.png,LI,L,I,LI_005,5,2,PRESENT,1,0,MARK_PRESENT,0.9483189241114314,1,BEST_X_SPAN=0.185;XBIN_SUPPORT=0.600;N_OBLIQUE_SEGMENTS=15,FULL_AXES_RECT,98,98,1138,678,8,10,Few-shot,1,0,SHA256_UNIQUE,LI_005_08_10.png,5
LI_005_R03.png,LI,L,I,LI_005,5,3,PRESENT,1,0,MARK_PRESENT,0.9483189241114314,1,BEST_X_SPAN=0.185;XBIN_SUPPORT=0.600;N_OBLIQUE_SEGMENTS=15,FULL_AXES_RECT,98,98,1138,678,8,10,Few-shot,1,0,SHA256_UNIQUE,LI_005_08_10.png,5
LI_005_R04.png,LI,L,I,LI_005,5,4,PRESENT,1,0,MARK_PRESENT,0.9483189241114314,1,BEST_X_SPAN=0.185;XBIN_SUPPORT=0.600;N_OBLIQUE_SEGMENTS=15,FULL_AXES_RECT,98,98,1138,678,8,10,Few-shot,1,0,SHA256_UNIQUE,LI_005_08_10.png,5
LI_005_R05.png,LI,L,I,LI_005,5,5,PRESENT,1,0,MARK_PRESENT,0.9483189241114314,1,BEST_X_SPAN=0.185;XBIN_SUPPORT=0.600;N_OBLIQUE_SEGMENTS=15,FULL_AXES_RECT,98,98,1138,678,8,10,Few-shot,1,0,SHA256_UNIQUE,LI_005_08_10.png,5
LI_005_R06.png,LI,L,I,LI_005,5,6,PRESENT,1,0,MARK_PRESENT,0.9483189241114314,1,BEST_X_SPAN=0.185;XBIN_SUPPORT=0.600;N_OBLIQUE_SEGMENTS=15,FULL_AXES_RECT,98,98,1138,678,8,10,Few-shot,1,0,SHA256_UNIQUE,LI_005_08_10.png,5
LI_005_R07.png,LI,L,I,LI_005,5,7,PRESENT,1,0,MARK_PRESENT,0.9483189241114314,1,BEST_X_SPAN=0.185;XBIN_SUPPORT=0.600;N_OBLIQUE_SEGMENTS=15,FULL_AXES_RECT,98,98,1138,678,8,10,Few-shot,1,0,SHA256_UNIQUE,LI_005_08_10.png,5
LI_005_R08.png,LI,L,I,LI_005,5,8,PRESENT,1,0,MARK_PRESENT,0.9483189241114314,1,BEST_X_SPAN=0.185;XBIN_SUPPORT=0.600;N_OBLIQUE_SEGMENTS=15,FULL_AXES_RECT,98,98,1138,678,8,10,Few-shot,1,0,SHA256_UNIQUE,LI_005_08_10.png,5
LI_005_R09.png,LI,L,I,LI_005,5,9,PRESENT,1,0,MARK_PRESENT,0.9483189241114314,1,BEST_X_SPAN=0.185;XBIN_SUPPORT=0.600;N_OBLIQUE_SEGMENTS=15,FULL_AXES_RECT,98,98,1138,678,8,10,Few-shot,1,0,SHA256_UNIQUE,LI_005_08_10.png,5
LI_005_R10.png,LI,L,I,LI_005,5,10,PRESENT,1,0,MARK_PRESENT,0.9483189241114314,1,BEST_X_SPAN=0.185;XBIN_SUPPORT=0.600;N_OBLIQUE_SEGMENTS=15,FULL_AXES_RECT,98,98,1138,678,8,10,Few-shot,1,0,SHA256_UNIQUE,LI_005_08_10.png,5
LI_006_R01.png,LI,L,I,LI_006,6,1,PRESENT,1,0,MARK_PRESENT,1.0,1,BEST_X_SPAN=0.959;XBIN_SUPPORT=0.575;N_OBLIQUE_SEGMENTS=12,AXIS_PARTIAL,80,55,1118,735,9,10,Few-shot,1,0,SHA256_UNIQUE,LI_006_09_10.png,6
LI_006_R02.png,LI,L,I,LI_006,6,2,PRESENT,1,0,MARK_PRESENT,0.8,0,BEST_X_SPAN=0.000;XBIN_SUPPORT=0.575;N_OBLIQUE_SEGMENTS=10,AXIS_PARTIAL,84,56,1128,741,9,10,Few-shot,1,0,SHA256_UNIQUE,LI_006_09_10.png,6
LI_006_R03.png,LI,L,I,LI_006,6,3,PRESENT,1,0,MARK_PRESENT,0.8,0,BEST_X_SPAN=0.000;XBIN_SUPPORT=0.575;N_OBLIQUE_SEGMENTS=10,AXIS_PARTIAL,84,56,1128,741,9,10,Few-shot,1,0,SHA256_UNIQUE,LI_006_09_10.png,6
LI_006_R04.png,LI,L,I,LI_006,6,4,PRESENT,1,0,MARK_PRESENT,0.8,0,BEST_X_SPAN=0.000;XBIN_SUPPORT=0.575;N_OBLIQUE_SEGMENTS=10,AXIS_PARTIAL,84,56,1128,741,9,10,Few-shot,1,0,SHA256_UNIQUE,LI_006_09_10.png,6
LI_006_R05.png,LI,L,I,LI_006,6,5,PRESENT,1,0,MARK_PRESENT,0.8,0,BEST_X_SPAN=0.000;XBIN_SUPPORT=0.575;N_OBLIQUE_SEGMENTS=10,AXIS_PARTIAL,84,56,1128,741,9,10,Few-shot,1,0,SHA256_UNIQUE,LI_006_09_10.png,6
LI_006_R06.png,LI,L,I,LI_006,6,6,PRESENT,1,0,MARK_PRESENT,0.8,0,BEST_X_SPAN=0.000;XBIN_SUPPORT=0.575;N_OBLIQUE_SEGMENTS=10,AXIS_PARTIAL,84,56,1128,741,9,10,Few-shot,1,0,SHA256_UNIQUE,LI_006_09_10.png,6
LI_006_R07.png,LI,L,I,LI_006,6,7,PRESENT,1,0,MARK_PRESENT,0.8,0,BEST_X_SPAN=0.000;XBIN_SUPPORT=0.575;N_OBLIQUE_SEGMENTS=10,AXIS_PARTIAL,84,56,1128,741,9,10,Few-shot,1,0,SHA256_UNIQUE,LI_006_09_10.png,6
LI_006_R08.png,LI,L,I,LI_006,6,8,PRESENT,1,0,MARK_PRESENT,0.8,0,BEST_X_SPAN=0.000;XBIN_SUPPORT=0.575;N_OBLIQUE_SEGMENTS=10,AXIS_PARTIAL,84,56,1128,741,9,10,Few-shot,1,0,SHA256_UNIQUE,LI_006_09_10.png,6
LI_006_R09.png,LI,L,I,LI_006,6,9,PRESENT,1,0,MARK_PRESENT,0.8,0,BEST_X_SPAN=0.000;XBIN_SUPPORT=0.575;N_OBLIQUE_SEGMENTS=10,AXIS_PARTIAL,84,56,1128,741,9,10,Few-shot,1,0,SHA256_UNIQUE,LI_006_09_10.png,6
LI_006_R10.png,LI,L,I,LI_006,6,10,PRESENT,1,0,MARK_PRESENT,0.8,0,BEST_X_SPAN=0.000;XBIN_SUPPORT=0.575;N_OBLIQUE_SEGMENTS=10,AXIS_PARTIAL,84,56,1128,741,9,10,Few-shot,1,0,SHA256_UNIQUE,LI_006_09_10.png,6
LI_007_R01.png,LI,L,I,LI_007,7,1,PRESENT,1,0,MARK_PRESENT,1.0,1,BEST_X_SPAN=0.958;XBIN_SUPPORT=0.575;N_OBLIQUE_SEGMENTS=21,AXIS_PARTIAL,63,47,1049,616,10,10,Few-shot,1,0,SHA256_UNIQUE,LI_007_10_10.png,7
LI_007_R02.png,LI,L,I,LI_007,7,2,PRESENT,1,0,MARK_PRESENT,0.8,0,BEST_X_SPAN=0.000;XBIN_SUPPORT=0.575;N_OBLIQUE_SEGMENTS=9,AXIS_PARTIAL,84,56,1128,741,10,10,Few-shot,1,0,SHA256_UNIQUE,LI_007_10_10.png,7
LI_007_R03.png,LI,L,I,LI_007,7,3,PRESENT,1,0,MARK_PRESENT,0.8,0,BEST_X_SPAN=0.000;XBIN_SUPPORT=0.575;N_OBLIQUE_SEGMENTS=9,AXIS_PARTIAL,84,56,1128,741,10,10,Few-shot,1,0,SHA256_UNIQUE,LI_007_10_10.png,7
LI_007_R04.png,LI,L,I,LI_007,7,4,PRESENT,1,0,MARK_PRESENT,0.8,0,BEST_X_SPAN=0.000;XBIN_SUPPORT=0.575;N_OBLIQUE_SEGMENTS=9,AXIS_PARTIAL,84,56,1128,741,10,10,Few-shot,1,0,SHA256_UNIQUE,LI_007_10_10.png,7
LI_007_R05.png,LI,L,I,LI_007,7,5,PRESENT,1,0,MARK_PRESENT,0.8,0,BEST_X_SPAN=0.000;XBIN_SUPPORT=0.575;N_OBLIQUE_SEGMENTS=9,AXIS_PARTIAL,84,56,1128,741,10,10,Few-shot,1,0,SHA256_UNIQUE,LI_007_10_10.png,7
LI_007_R06.png,LI,L,I,LI_007,7,6,PRESENT,1,0,MARK_PRESENT,0.8,0,BEST_X_SPAN=0.000;XBIN_SUPPORT=0.575;N_OBLIQUE_SEGMENTS=9,AXIS_PARTIAL,84,56,1128,741,10,10,Few-shot,1,0,SHA256_UNIQUE,LI_007_10_10.png,7
LI_007_R07.png,LI,L,I,LI_007,7,7,PRESENT,1,0,MARK_PRESENT,0.8,0,BEST_X_SPAN=0.000;XBIN_SUPPORT=0.575;N_OBLIQUE_SEGMENTS=9,AXIS_PARTIAL,84,56,1128,741,10,10,Few-shot,1,0,SHA256_UNIQUE,LI_007_10_10.png,7
LI_007_R08.png,LI,L,I,LI_007,7,8,PRESENT,1,0,MARK_PRESENT,0.8,0,BEST_X_SPAN=0.000;XBIN_SUPPORT=0.575;N_OBLIQUE_SEGMENTS=9,AXIS_PARTIAL,84,56,1128,741,10,10,Few-shot,1,0,SHA256_UNIQUE,LI_007_10_10.png,7
LI_007_R09.png,LI,L,I,LI_007,7,9,PRESENT,1,0,MARK_PRESENT,0.8,0,BEST_X_SPAN=0.000;XBIN_SUPPORT=0.575;N_OBLIQUE_SEGMENTS=9,AXIS_PARTIAL,84,56,1128,741,10,10,Few-shot,1,0,SHA256_UNIQUE,LI_007_10_10.png,7
LI_007_R10.png,LI,L,I,LI_007,7,10,PRESENT,1,0,MARK_PRESENT,0.8,0,BEST_X_SPAN=0.000;XBIN_SUPPORT=0.575;N_OBLIQUE_SEGMENTS=9,AXIS_PARTIAL,84,56,1128,741,10,10,Few-shot,1,0,SHA256_UNIQUE,LI_007_10_10.png,7
LI_008_R01.png,LI,L,I,LI_008,8,1,PRESENT,1,0,MARK_PRESENT,1.0,1,BEST_X_SPAN=0.947;XBIN_SUPPORT=0.725;N_OBLIQUE_SEGMENTS=22,FULL_AXES_RECT,98,98,1138,678,11,10,Few-shot,1,0,SHA256_UNIQUE,LI_008_11_10.png,8
LI_008_R02.png,LI,L,I,LI_008,8,2,PRESENT,1,0,MARK_PRESENT,0.8,0,BEST_X_SPAN=0.000;XBIN_SUPPORT=0.775;N_OBLIQUE_SEGMENTS=17,FULL_AXES_RECT,71,34,1066,616,11,10,Few-shot,1,0,SHA256_UNIQUE,LI_008_11_10.png,8
LI_008_R03.png,LI,L,I,LI_008,8,3,ABSENT_OR_UNCERTAIN,0,1,MARK_ABSENT,0.15,0,BEST_X_SPAN=0.000;XBIN_SUPPORT=0.000;N_OBLIQUE_SEGMENTS=0,AXIS_PARTIAL,71,56,1128,741,11,10,Few-shot,1,0,SHA256_UNIQUE,LI_008_11_10.png,8
LI_008_R04.png,LI,L,I,LI_008,8,4,PRESENT,1,0,MARK_PRESENT,0.8,0,BEST_X_SPAN=0.000;XBIN_SUPPORT=0.600;N_OBLIQUE_SEGMENTS=14,FULL_AXES_RECT,98,98,1138,678,11,10,Few-shot,1,0,SHA256_UNIQUE,LI_008_11_10.png,8
LI_008_R05.png,LI,L,I,LI_008,8,5,PRESENT,1,0,MARK_PRESENT,0.8,0,BEST_X_SPAN=0.000;XBIN_SUPPORT=0.600;N_OBLIQUE_SEGMENTS=14,FULL_AXES_RECT,98,98,1138,678,11,10,Few-shot,1,0,SHA256_UNIQUE,LI_008_11_10.png,8
LI_008_R06.png,LI,L,I,LI_008,8,6,PRESENT,1,0,MARK_PRESENT,0.8,0,BEST_X_SPAN=0.000;XBIN_SUPPORT=0.600;N_OBLIQUE_SEGMENTS=14,FULL_AXES_RECT,98,98,1138,678,11,10,Few-shot,1,0,SHA256_UNIQUE,LI_008_11_10.png,8
LI_008_R07.png,LI,L,I,LI_008,8,7,PRESENT,1,0,MARK_PRESENT,0.8,0,BEST_X_SPAN=0.000;XBIN_SUPPORT=0.600;N_OBLIQUE_SEGMENTS=14,FULL_AXES_RECT,98,98,1138,678,11,10,Few-shot,1,0,SHA256_UNIQUE,LI_008_11_10.png,8
LI_008_R08.png,LI,L,I,LI_008,8,8,PRESENT,1,0,MARK_PRESENT,0.8,0,BEST_X_SPAN=0.000;XBIN_SUPPORT=0.600;N_OBLIQUE_SEGMENTS=14,FULL_AXES_RECT,98,98,1138,678,11,10,Few-shot,1,0,SHA256_UNIQUE,LI_008_11_10.png,8
LI_008_R09.png,LI,L,I,LI_008,8,9,PRESENT,1,0,MARK_PRESENT,0.8,0,BEST_X_SPAN=0.000;XBIN_SUPPORT=0.600;N_OBLIQUE_SEGMENTS=14,FULL_AXES_RECT,98,98,1138,678,11,10,Few-shot,1,0,SHA256_UNIQUE,LI_008_11_10.png,8
LI_008_R10.png,LI,L,I,LI_008,8,10,PRESENT,1,0,MARK_PRESENT,0.8,0,BEST_X_SPAN=0.000;XBIN_SUPPORT=0.775;N_OBLIQUE_SEGMENTS=17,FULL_AXES_RECT,71,34,1066,616,11,10,Few-shot,1,0,SHA256_UNIQUE,LI_008_11_10.png,8
LI_009_R01.png,LI,L,I,LI_009,9,1,PRESENT,1,0,MARK_PRESENT,1.0,1,BEST_X_SPAN=0.916;XBIN_SUPPORT=0.600;N_OBLIQUE_SEGMENTS=16,FULL_AXES_RECT,98,98,1138,678,12,10,Few-shot,1,0,SHA256_UNIQUE,LI_009_12_10.png,9
LI_009_R02.png,LI,L,I,LI_009,9,2,PRESENT,1,0,MARK_PRESENT,0.8,0,BEST_X_SPAN=0.000;XBIN_SUPPORT=0.700;N_OBLIQUE_SEGMENTS=21,FULL_AXES_RECT,98,98,1138,678,12,10,Few-shot,1,0,SHA256_UNIQUE,LI_009_12_10.png,9
LI_009_R03.png,LI,L,I,LI_009,9,3,PRESENT,1,0,MARK_PRESENT,0.8,0,BEST_X_SPAN=0.000;XBIN_SUPPORT=0.700;N_OBLIQUE_SEGMENTS=21,FULL_AXES_RECT,98,98,1138,678,12,10,Few-shot,1,0,SHA256_UNIQUE,LI_009_12_10.png,9
LI_009_R04.png,LI,L,I,LI_009,9,4,PRESENT,1,0,MARK_PRESENT,0.8,0,BEST_X_SPAN=0.000;XBIN_SUPPORT=0.700;N_OBLIQUE_SEGMENTS=21,FULL_AXES_RECT,98,98,1138,678,12,10,Few-shot,1,0,SHA256_UNIQUE,LI_009_12_10.png,9
LI_009_R05.png,LI,L,I,LI_009,9,5,PRESENT,1,0,MARK_PRESENT,0.8,0,BEST_X_SPAN=0.000;XBIN_SUPPORT=0.700;N_OBLIQUE_SEGMENTS=21,FULL_AXES_RECT,98,98,1138,678,12,10,Few-shot,1,0,SHA256_UNIQUE,LI_009_12_10.png,9
LI_009_R06.png,LI,L,I,LI_009,9,6,PRESENT,1,0,MARK_PRESENT,0.8,0,BEST_X_SPAN=0.000;XBIN_SUPPORT=0.700;N_OBLIQUE_SEGMENTS=21,FULL_AXES_RECT,98,98,1138,678,12,10,Few-shot,1,0,SHA256_UNIQUE,LI_009_12_10.png,9
LI_009_R07.png,LI,L,I,LI_009,9,7,PRESENT,1,0,MARK_PRESENT,0.8,0,BEST_X_SPAN=0.000;XBIN_SUPPORT=0.700;N_OBLIQUE_SEGMENTS=21,FULL_AXES_RECT,98,98,1138,678,12,10,Few-shot,1,0,SHA256_UNIQUE,LI_009_12_10.png,9
LI_009_R08.png,LI,L,I,LI_009,9,8,PRESENT,1,0,MARK_PRESENT,0.8,0,BEST_X_SPAN=0.000;XBIN_SUPPORT=0.700;N_OBLIQUE_SEGMENTS=21,FULL_AXES_RECT,98,98,1138,678,12,10,Few-shot,1,0,SHA256_UNIQUE,LI_009_12_10.png,9
LI_009_R09.png,LI,L,I,LI_009,9,9,PRESENT,1,0,MARK_PRESENT,0.8,0,BEST_X_SPAN=0.000;XBIN_SUPPORT=0.700;N_OBLIQUE_SEGMENTS=21,FULL_AXES_RECT,98,98,1138,678,12,10,Few-shot,1,0,SHA256_UNIQUE,LI_009_12_10.png,9
LI_009_R10.png,LI,L,I,LI_009,9,10,PRESENT,1,0,MARK_PRESENT,0.8,0,BEST_X_SPAN=0.000;XBIN_SUPPORT=0.700;N_OBLIQUE_SEGMENTS=21,FULL_AXES_RECT,98,98,1138,678,12,10,Few-shot,1,0,SHA256_UNIQUE,LI_009_12_10.png,9
LI_010_R01.png,LI,L,I,LI_010,10,1,PRESENT,1,0,MARK_PRESENT,1.0,1,BEST_X_SPAN=0.948;XBIN_SUPPORT=0.825;N_OBLIQUE_SEGMENTS=21,FULL_AXES_RECT,98,98,1138,678,13,10,Few-shot,1,0,SHA256_UNIQUE,LI_010_13_10.png,10
LI_010_R02.png,LI,L,I,LI_010,10,2,PRESENT,1,0,MARK_PRESENT,0.8,0,BEST_X_SPAN=0.000;XBIN_SUPPORT=0.600;N_OBLIQUE_SEGMENTS=12,FULL_AXES_RECT,98,98,1138,678,13,10,Few-shot,1,0,SHA256_UNIQUE,LI_010_13_10.png,10
LI_010_R03.png,LI,L,I,LI_010,10,3,PRESENT,1,0,MARK_PRESENT,0.8,0,BEST_X_SPAN=0.000;XBIN_SUPPORT=0.600;N_OBLIQUE_SEGMENTS=12,FULL_AXES_RECT,98,98,1138,678,13,10,Few-shot,1,0,SHA256_UNIQUE,LI_010_13_10.png,10
LI_010_R04.png,LI,L,I,LI_010,10,4,PRESENT,1,0,MARK_PRESENT,0.8,0,BEST_X_SPAN=0.000;XBIN_SUPPORT=0.600;N_OBLIQUE_SEGMENTS=12,FULL_AXES_RECT,98,98,1138,678,13,10,Few-shot,1,0,SHA256_UNIQUE,LI_010_13_10.png,10
LI_010_R05.png,LI,L,I,LI_010,10,5,PRESENT,1,0,MARK_PRESENT,0.8,0,BEST_X_SPAN=0.000;XBIN_SUPPORT=0.600;N_OBLIQUE_SEGMENTS=12,FULL_AXES_RECT,98,98,1138,678,13,10,Few-shot,1,0,SHA256_UNIQUE,LI_010_13_10.png,10
LI_010_R06.png,LI,L,I,LI_010,10,6,PRESENT,1,0,MARK_PRESENT,0.8,0,BEST_X_SPAN=0.000;XBIN_SUPPORT=0.600;N_OBLIQUE_SEGMENTS=12,FULL_AXES_RECT,98,98,1138,678,13,10,Few-shot,1,0,SHA256_UNIQUE,LI_010_13_10.png,10
LI_010_R07.png,LI,L,I,LI_010,10,7,PRESENT,1,0,MARK_PRESENT,0.8,0,BEST_X_SPAN=0.000;XBIN_SUPPORT=0.600;N_OBLIQUE_SEGMENTS=12,FULL_AXES_RECT,98,98,1138,678,13,10,Few-shot,1,0,SHA256_UNIQUE,LI_010_13_10.png,10
LI_010_R08.png,LI,L,I,LI_010,10,8,PRESENT,1,0,MARK_PRESENT,0.8,0,BEST_X_SPAN=0.000;XBIN_SUPPORT=0.600;N_OBLIQUE_SEGMENTS=12,FULL_AXES_RECT,98,98,1138,678,13,10,Few-shot,1,0,SHA256_UNIQUE,LI_010_13_10.png,10
LI_010_R09.png,LI,L,I,LI_010,10,9,PRESENT,1,0,MARK_PRESENT,0.8,0,BEST_X_SPAN=0.000;XBIN_SUPPORT=0.600;N_OBLIQUE_SEGMENTS=12,FULL_AXES_RECT,98,98,1138,678,13,10,Few-shot,1,0,SHA256_UNIQUE,LI_010_13_10.png,10
LI_010_R10.png,LI,L,I,LI_010,10,10,PRESENT,1,0,MARK_PRESENT,0.8,0,BEST_X_SPAN=0.000;XBIN_SUPPORT=0.600;N_OBLIQUE_SEGMENTS=12,FULL_AXES_RECT,98,98,1138,678,13,10,Few-shot,1,0,SHA256_UNIQUE,LI_010_13_10.png,10
LI_011_R01.png,LI,L,I,LI_011,11,1,PRESENT,1,0,MARK_PRESENT,0.8,0,BEST_X_SPAN=0.000;XBIN_SUPPORT=0.575;N_OBLIQUE_SEGMENTS=20,AXIS_PARTIAL,68,49,946,648,14,10,Few-shot,1,0,SHA256_UNIQUE,LI_011_14_10.png,11
LI_011_R02.png,LI,L,I,LI_011,11,2,PRESENT,1,0,MARK_PRESENT,0.8,0,BEST_X_SPAN=0.000;XBIN_SUPPORT=0.600;N_OBLIQUE_SEGMENTS=12,AXIS_PARTIAL,80,47,1064,616,14,10,Few-shot,1,0,SHA256_UNIQUE,LI_011_14_10.png,11
LI_011_R03.png,LI,L,I,LI_011,11,3,PRESENT,1,0,MARK_PRESENT,0.8,0,BEST_X_SPAN=0.000;XBIN_SUPPORT=0.600;N_OBLIQUE_SEGMENTS=12,AXIS_PARTIAL,80,47,1064,616,14,10,Few-shot,1,0,SHA256_UNIQUE,LI_011_14_10.png,11
LI_011_R04.png,LI,L,I,LI_011,11,4,PRESENT,1,0,MARK_PRESENT,0.8,0,BEST_X_SPAN=0.000;XBIN_SUPPORT=0.600;N_OBLIQUE_SEGMENTS=12,AXIS_PARTIAL,80,47,1064,616,14,10,Few-shot,1,0,SHA256_UNIQUE,LI_011_14_10.png,11
LI_011_R05.png,LI,L,I,LI_011,11,5,PRESENT,1,0,MARK_PRESENT,0.8,0,BEST_X_SPAN=0.000;XBIN_SUPPORT=0.600;N_OBLIQUE_SEGMENTS=12,AXIS_PARTIAL,80,47,1064,616,14,10,Few-shot,1,0,SHA256_UNIQUE,LI_011_14_10.png,11
LI_011_R06.png,LI,L,I,LI_011,11,6,PRESENT,1,0,MARK_PRESENT,0.8,0,BEST_X_SPAN=0.000;XBIN_SUPPORT=0.600;N_OBLIQUE_SEGMENTS=12,AXIS_PARTIAL,80,47,1064,616,14,10,Few-shot,1,0,SHA256_UNIQUE,LI_011_14_10.png,11
LI_011_R07.png,LI,L,I,LI_011,11,7,PRESENT,1,0,MARK_PRESENT,0.8,0,BEST_X_SPAN=0.000;XBIN_SUPPORT=0.600;N_OBLIQUE_SEGMENTS=12,AXIS_PARTIAL,80,47,1064,616,14,10,Few-shot,1,0,SHA256_UNIQUE,LI_011_14_10.png,11
LI_011_R08.png,LI,L,I,LI_011,11,8,PRESENT,1,0,MARK_PRESENT,0.8,0,BEST_X_SPAN=0.000;XBIN_SUPPORT=0.600;N_OBLIQUE_SEGMENTS=12,AXIS_PARTIAL,80,47,1064,616,14,10,Few-shot,1,0,SHA256_UNIQUE,LI_011_14_10.png,11
LI_011_R09.png,LI,L,I,LI_011,11,9,PRESENT,1,0,MARK_PRESENT,0.8,0,BEST_X_SPAN=0.000;XBIN_SUPPORT=0.600;N_OBLIQUE_SEGMENTS=12,AXIS_PARTIAL,80,47,1064,616,14,10,Few-shot,1,0,SHA256_UNIQUE,LI_011_14_10.png,11
LI_011_R10.png,LI,L,I,LI_011,11,10,PRESENT,1,0,MARK_PRESENT,0.8,0,BEST_X_SPAN=0.000;XBIN_SUPPORT=0.600;N_OBLIQUE_SEGMENTS=12,AXIS_PARTIAL,80,47,1064,616,14,10,Few-shot,1,0,SHA256_UNIQUE,LI_011_14_10.png,11
LI_012_R01.png,LI,L,I,LI_012,12,1,PRESENT,1,0,MARK_PRESENT,0.8,0,BEST_X_SPAN=0.000;XBIN_SUPPORT=0.725;N_OBLIQUE_SEGMENTS=19,AXIS_PARTIAL,80,47,1064,616,15,10,Few-shot,1,0,SHA256_UNIQUE,LI_012_15_10.png,12
LI_012_R02.png,LI,L,I,LI_012,12,2,PRESENT,1,0,MARK_PRESENT,1.0,1,BEST_X_SPAN=0.601;XBIN_SUPPORT=0.575;N_OBLIQUE_SEGMENTS=14,AXIS_PARTIAL,84,56,1128,741,15,10,Few-shot,1,0,SHA256_UNIQUE,LI_012_15_10.png,12
LI_012_R03.png,LI,L,I,LI_012,12,3,PRESENT,1,0,MARK_PRESENT,1.0,1,BEST_X_SPAN=0.601;XBIN_SUPPORT=0.575;N_OBLIQUE_SEGMENTS=14,AXIS_PARTIAL,84,56,1128,741,15,10,Few-shot,1,0,SHA256_UNIQUE,LI_012_15_10.png,12
LI_012_R04.png,LI,L,I,LI_012,12,4,PRESENT,1,0,MARK_PRESENT,1.0,1,BEST_X_SPAN=0.601;XBIN_SUPPORT=0.575;N_OBLIQUE_SEGMENTS=14,AXIS_PARTIAL,84,56,1128,741,15,10,Few-shot,1,0,SHA256_UNIQUE,LI_012_15_10.png,12
LI_012_R05.png,LI,L,I,LI_012,12,5,PRESENT,1,0,MARK_PRESENT,1.0,1,BEST_X_SPAN=0.601;XBIN_SUPPORT=0.575;N_OBLIQUE_SEGMENTS=14,AXIS_PARTIAL,84,56,1128,741,15,10,Few-shot,1,0,SHA256_UNIQUE,LI_012_15_10.png,12
LI_012_R06.png,LI,L,I,LI_012,12,6,PRESENT,1,0,MARK_PRESENT,1.0,1,BEST_X_SPAN=0.601;XBIN_SUPPORT=0.575;N_OBLIQUE_SEGMENTS=14,AXIS_PARTIAL,84,56,1128,741,15,10,Few-shot,1,0,SHA256_UNIQUE,LI_012_15_10.png,12
LI_012_R07.png,LI,L,I,LI_012,12,7,PRESENT,1,0,MARK_PRESENT,1.0,1,BEST_X_SPAN=0.601;XBIN_SUPPORT=0.575;N_OBLIQUE_SEGMENTS=14,AXIS_PARTIAL,84,56,1128,741,15,10,Few-shot,1,0,SHA256_UNIQUE,LI_012_15_10.png,12
LI_012_R08.png,LI,L,I,LI_012,12,8,PRESENT,1,0,MARK_PRESENT,1.0,1,BEST_X_SPAN=0.601;XBIN_SUPPORT=0.575;N_OBLIQUE_SEGMENTS=14,AXIS_PARTIAL,84,56,1128,741,15,10,Few-shot,1,0,SHA256_UNIQUE,LI_012_15_10.png,12
LI_012_R09.png,LI,L,I,LI_012,12,9,PRESENT,1,0,MARK_PRESENT,1.0,1,BEST_X_SPAN=0.601;XBIN_SUPPORT=0.575;N_OBLIQUE_SEGMENTS=14,AXIS_PARTIAL,84,56,1128,741,15,10,Few-shot,1,0,SHA256_UNIQUE,LI_012_15_10.png,12
LI_012_R10.png,LI,L,I,LI_012,12,10,PRESENT,1,0,MARK_PRESENT,1.0,1,BEST_X_SPAN=0.601;XBIN_SUPPORT=0.575;N_OBLIQUE_SEGMENTS=14,AXIS_PARTIAL,84,56,1128,741,15,10,Few-shot,1,0,SHA256_UNIQUE,LI_012_15_10.png,12
LI_013_R01.png,LI,L,I,LI_013,13,1,PRESENT,1,0,MARK_PRESENT,1.0,1,BEST_X_SPAN=0.835;XBIN_SUPPORT=0.575;N_OBLIQUE_SEGMENTS=17,AXIS_PARTIAL,68,47,1053,616,16,10,Few-shot,1,0,SHA256_UNIQUE,LI_013_16_10.png,13
LI_013_R02.png,LI,L,I,LI_013,13,2,PRESENT,1,0,MARK_PRESENT,1.0,1,BEST_X_SPAN=0.602;XBIN_SUPPORT=0.575;N_OBLIQUE_SEGMENTS=17,AXIS_PARTIAL,85,56,1128,740,16,10,Few-shot,1,0,SHA256_UNIQUE,LI_013_16_10.png,13
LI_013_R03.png,LI,L,I,LI_013,13,3,PRESENT,1,0,MARK_PRESENT,1.0,1,BEST_X_SPAN=0.602;XBIN_SUPPORT=0.575;N_OBLIQUE_SEGMENTS=17,AXIS_PARTIAL,85,56,1128,740,16,10,Few-shot,1,0,SHA256_UNIQUE,LI_013_16_10.png,13
LI_013_R04.png,LI,L,I,LI_013,13,4,PRESENT,1,0,MARK_PRESENT,1.0,1,BEST_X_SPAN=0.602;XBIN_SUPPORT=0.575;N_OBLIQUE_SEGMENTS=17,AXIS_PARTIAL,85,56,1128,740,16,10,Few-shot,1,0,SHA256_UNIQUE,LI_013_16_10.png,13
LI_013_R05.png,LI,L,I,LI_013,13,5,PRESENT,1,0,MARK_PRESENT,1.0,1,BEST_X_SPAN=0.602;XBIN_SUPPORT=0.575;N_OBLIQUE_SEGMENTS=17,AXIS_PARTIAL,85,56,1128,740,16,10,Few-shot,1,0,SHA256_UNIQUE,LI_013_16_10.png,13
LI_013_R06.png,LI,L,I,LI_013,13,6,PRESENT,1,0,MARK_PRESENT,1.0,1,BEST_X_SPAN=0.602;XBIN_SUPPORT=0.575;N_OBLIQUE_SEGMENTS=17,AXIS_PARTIAL,85,56,1128,740,16,10,Few-shot,1,0,SHA256_UNIQUE,LI_013_16_10.png,13
LI_013_R07.png,LI,L,I,LI_013,13,7,PRESENT,1,0,MARK_PRESENT,1.0,1,BEST_X_SPAN=0.602;XBIN_SUPPORT=0.575;N_OBLIQUE_SEGMENTS=17,AXIS_PARTIAL,85,56,1128,740,16,10,Few-shot,1,0,SHA256_UNIQUE,LI_013_16_10.png,13
LI_013_R08.png,LI,L,I,LI_013,13,8,PRESENT,1,0,MARK_PRESENT,1.0,1,BEST_X_SPAN=0.602;XBIN_SUPPORT=0.575;N_OBLIQUE_SEGMENTS=17,AXIS_PARTIAL,85,56,1128,740,16,10,Few-shot,1,0,SHA256_UNIQUE,LI_013_16_10.png,13
LI_013_R09.png,LI,L,I,LI_013,13,9,PRESENT,1,0,MARK_PRESENT,1.0,1,BEST_X_SPAN=0.602;XBIN_SUPPORT=0.575;N_OBLIQUE_SEGMENTS=17,AXIS_PARTIAL,85,56,1128,740,16,10,Few-shot,1,0,SHA256_UNIQUE,LI_013_16_10.png,13
LI_013_R10.png,LI,L,I,LI_013,13,10,PRESENT,1,0,MARK_PRESENT,1.0,1,BEST_X_SPAN=0.602;XBIN_SUPPORT=0.575;N_OBLIQUE_SEGMENTS=17,AXIS_PARTIAL,85,56,1128,740,16,10,Few-shot,1,0,SHA256_UNIQUE,LI_013_16_10.png,13
LI_014_R01.png,LI,L,I,LI_014,14,1,PRESENT,1,0,MARK_PRESENT,1.0,1,BEST_X_SPAN=0.935;XBIN_SUPPORT=0.575;N_OBLIQUE_SEGMENTS=22,FULL_AXES_RECT,98,98,1138,678,1,11,Híbrida,1,1,MANUAL_OVERRIDE_VERIFIED,LI_001_01_11.png,1
LI_014_R02.png,LI,L,I,LI_014,14,2,PRESENT,1,0,MARK_PRESENT,0.8,0,BEST_X_SPAN=0.000;XBIN_SUPPORT=0.575;N_OBLIQUE_SEGMENTS=18,AXIS_PARTIAL,80,47,1064,616,1,11,Híbrida,1,1,MANUAL_OVERRIDE_VERIFIED,LI_001_01_11.png,1
LI_014_R03.png,LI,L,I,LI_014,14,3,PRESENT,1,0,MARK_PRESENT,0.8,0,BEST_X_SPAN=0.000;XBIN_SUPPORT=0.575;N_OBLIQUE_SEGMENTS=18,AXIS_PARTIAL,80,47,1064,616,1,11,Híbrida,1,1,MANUAL_OVERRIDE_VERIFIED,LI_001_01_11.png,1
LI_014_R04.png,LI,L,I,LI_014,14,4,PRESENT,1,0,MARK_PRESENT,0.8,0,BEST_X_SPAN=0.000;XBIN_SUPPORT=0.575;N_OBLIQUE_SEGMENTS=18,AXIS_PARTIAL,80,47,1064,616,1,11,Híbrida,1,1,MANUAL_OVERRIDE_VERIFIED,LI_001_01_11.png,1
LI_014_R05.png,LI,L,I,LI_014,14,5,PRESENT,1,0,MARK_PRESENT,0.8,0,BEST_X_SPAN=0.000;XBIN_SUPPORT=0.575;N_OBLIQUE_SEGMENTS=18,AXIS_PARTIAL,80,47,1064,616,1,11,Híbrida,1,1,MANUAL_OVERRIDE_VERIFIED,LI_001_01_11.png,1
LI_014_R06.png,LI,L,I,LI_014,14,6,PRESENT,1,0,MARK_PRESENT,0.8,0,BEST_X_SPAN=0.000;XBIN_SUPPORT=0.575;N_OBLIQUE_SEGMENTS=18,AXIS_PARTIAL,80,47,1064,616,1,11,Híbrida,1,1,MANUAL_OVERRIDE_VERIFIED,LI_001_01_11.png,1
LI_014_R07.png,LI,L,I,LI_014,14,7,PRESENT,1,0,MARK_PRESENT,0.8,0,BEST_X_SPAN=0.000;XBIN_SUPPORT=0.575;N_OBLIQUE_SEGMENTS=18,AXIS_PARTIAL,80,47,1064,616,1,11,Híbrida,1,1,MANUAL_OVERRIDE_VERIFIED,LI_001_01_11.png,1
LI_014_R08.png,LI,L,I,LI_014,14,8,PRESENT,1,0,MARK_PRESENT,0.8,0,BEST_X_SPAN=0.000;XBIN_SUPPORT=0.575;N_OBLIQUE_SEGMENTS=18,AXIS_PARTIAL,80,47,1064,616,1,11,Híbrida,1,1,MANUAL_OVERRIDE_VERIFIED,LI_001_01_11.png,1
LI_014_R09.png,LI,L,I,LI_014,14,9,PRESENT,1,0,MARK_PRESENT,0.8,0,BEST_X_SPAN=0.000;XBIN_SUPPORT=0.575;N_OBLIQUE_SEGMENTS=18,AXIS_PARTIAL,80,47,1064,616,1,11,Híbrida,1,1,MANUAL_OVERRIDE_VERIFIED,LI_001_01_11.png,1
LI_014_R10.png,LI,L,I,LI_014,14,10,PRESENT,1,0,MARK_PRESENT,0.8,0,BEST_X_SPAN=0.000;XBIN_SUPPORT=0.575;N_OBLIQUE_SEGMENTS=18,AXIS_PARTIAL,80,47,1064,616,1,11,Híbrida,1,1,MANUAL_OVERRIDE_VERIFIED,LI_001_01_11.png,1
LI_015_R01.png,LI,L,I,LI_015,15,1,PRESENT,1,0,MARK_PRESENT,0.8,0,BEST_X_SPAN=0.000;XBIN_SUPPORT=0.825;N_OBLIQUE_SEGMENTS=23,AXIS_PARTIAL,63,47,1049,616,4,11,Híbrida,1,1,SHA256_UNIQUE,LI_002_04_11.png,2
LI_015_R02.png,LI,L,I,LI_015,15,2,PRESENT,1,0,MARK_PRESENT,0.8,0,BEST_X_SPAN=0.000;XBIN_SUPPORT=0.675;N_OBLIQUE_SEGMENTS=18,AXIS_PARTIAL,68,56,1128,740,4,11,Híbrida,1,1,SHA256_UNIQUE,LI_002_04_11.png,2
LI_015_R03.png,LI,L,I,LI_015,15,3,PRESENT,1,0,MARK_PRESENT,0.8,0,BEST_X_SPAN=0.000;XBIN_SUPPORT=0.675;N_OBLIQUE_SEGMENTS=18,AXIS_PARTIAL,68,56,1128,740,4,11,Híbrida,1,1,SHA256_UNIQUE,LI_002_04_11.png,2
LI_015_R04.png,LI,L,I,LI_015,15,4,PRESENT,1,0,MARK_PRESENT,0.8,0,BEST_X_SPAN=0.000;XBIN_SUPPORT=0.675;N_OBLIQUE_SEGMENTS=18,AXIS_PARTIAL,68,56,1128,740,4,11,Híbrida,1,1,SHA256_UNIQUE,LI_002_04_11.png,2
LI_015_R05.png,LI,L,I,LI_015,15,5,PRESENT,1,0,MARK_PRESENT,0.8,0,BEST_X_SPAN=0.000;XBIN_SUPPORT=0.675;N_OBLIQUE_SEGMENTS=18,AXIS_PARTIAL,68,56,1128,740,4,11,Híbrida,1,1,SHA256_UNIQUE,LI_002_04_11.png,2
LI_015_R06.png,LI,L,I,LI_015,15,6,PRESENT,1,0,MARK_PRESENT,0.8,0,BEST_X_SPAN=0.000;XBIN_SUPPORT=0.675;N_OBLIQUE_SEGMENTS=18,AXIS_PARTIAL,68,56,1128,740,4,11,Híbrida,1,1,SHA256_UNIQUE,LI_002_04_11.png,2
LI_015_R07.png,LI,L,I,LI_015,15,7,PRESENT,1,0,MARK_PRESENT,0.8,0,BEST_X_SPAN=0.000;XBIN_SUPPORT=0.675;N_OBLIQUE_SEGMENTS=18,AXIS_PARTIAL,68,56,1128,740,4,11,Híbrida,1,1,SHA256_UNIQUE,LI_002_04_11.png,2
LI_015_R08.png,LI,L,I,LI_015,15,8,PRESENT,1,0,MARK_PRESENT,0.8,0,BEST_X_SPAN=0.000;XBIN_SUPPORT=0.675;N_OBLIQUE_SEGMENTS=18,AXIS_PARTIAL,68,56,1128,740,4,11,Híbrida,1,1,SHA256_UNIQUE,LI_002_04_11.png,2
LI_015_R09.png,LI,L,I,LI_015,15,9,PRESENT,1,0,MARK_PRESENT,0.8,0,BEST_X_SPAN=0.000;XBIN_SUPPORT=0.675;N_OBLIQUE_SEGMENTS=18,AXIS_PARTIAL,68,56,1128,740,4,11,Híbrida,1,1,SHA256_UNIQUE,LI_002_04_11.png,2
LI_015_R10.png,LI,L,I,LI_015,15,10,PRESENT,1,0,MARK_PRESENT,0.8,0,BEST_X_SPAN=0.000;XBIN_SUPPORT=0.675;N_OBLIQUE_SEGMENTS=18,AXIS_PARTIAL,68,56,1128,740,4,11,Híbrida,1,1,SHA256_UNIQUE,LI_002_04_11.png,2
LI_016_R01.png,LI,L,I,LI_016,16,1,PRESENT,1,0,MARK_PRESENT,0.8,0,BEST_X_SPAN=0.000;XBIN_SUPPORT=0.600;N_OBLIQUE_SEGMENTS=19,AXIS_PARTIAL,63,47,1049,616,6,11,Híbrida,1,1,SHA256_UNIQUE,LI_003_06_11.png,3
LI_016_R02.png,LI,L,I,LI_016,16,2,PRESENT,1,0,MARK_PRESENT,0.8,0,BEST_X_SPAN=0.000;XBIN_SUPPORT=0.600;N_OBLIQUE_SEGMENTS=21,FULL_AXES_RECT,98,98,1138,678,6,11,Híbrida,1,1,SHA256_UNIQUE,LI_003_06_11.png,3
LI_016_R03.png,LI,L,I,LI_016,16,3,PRESENT,1,0,MARK_PRESENT,0.8,0,BEST_X_SPAN=0.000;XBIN_SUPPORT=0.600;N_OBLIQUE_SEGMENTS=21,FULL_AXES_RECT,98,98,1138,678,6,11,Híbrida,1,1,SHA256_UNIQUE,LI_003_06_11.png,3
LI_016_R04.png,LI,L,I,LI_016,16,4,PRESENT,1,0,MARK_PRESENT,0.8,0,BEST_X_SPAN=0.000;XBIN_SUPPORT=0.600;N_OBLIQUE_SEGMENTS=21,FULL_AXES_RECT,98,98,1138,678,6,11,Híbrida,1,1,SHA256_UNIQUE,LI_003_06_11.png,3
LI_016_R05.png,LI,L,I,LI_016,16,5,PRESENT,1,0,MARK_PRESENT,0.8,0,BEST_X_SPAN=0.000;XBIN_SUPPORT=0.600;N_OBLIQUE_SEGMENTS=21,FULL_AXES_RECT,98,98,1138,678,6,11,Híbrida,1,1,SHA256_UNIQUE,LI_003_06_11.png,3
LI_016_R06.png,LI,L,I,LI_016,16,6,PRESENT,1,0,MARK_PRESENT,0.8,0,BEST_X_SPAN=0.000;XBIN_SUPPORT=0.600;N_OBLIQUE_SEGMENTS=21,FULL_AXES_RECT,98,98,1138,678,6,11,Híbrida,1,1,SHA256_UNIQUE,LI_003_06_11.png,3
LI_016_R07.png,LI,L,I,LI_016,16,7,PRESENT,1,0,MARK_PRESENT,0.8,0,BEST_X_SPAN=0.000;XBIN_SUPPORT=0.600;N_OBLIQUE_SEGMENTS=21,FULL_AXES_RECT,98,98,1138,678,6,11,Híbrida,1,1,SHA256_UNIQUE,LI_003_06_11.png,3
LI_016_R08.png,LI,L,I,LI_016,16,8,PRESENT,1,0,MARK_PRESENT,0.8,0,BEST_X_SPAN=0.000;XBIN_SUPPORT=0.600;N_OBLIQUE_SEGMENTS=21,FULL_AXES_RECT,98,98,1138,678,6,11,Híbrida,1,1,SHA256_UNIQUE,LI_003_06_11.png,3
LI_016_R09.png,LI,L,I,LI_016,16,9,PRESENT,1,0,MARK_PRESENT,0.8,0,BEST_X_SPAN=0.000;XBIN_SUPPORT=0.600;N_OBLIQUE_SEGMENTS=21,FULL_AXES_RECT,98,98,1138,678,6,11,Híbrida,1,1,SHA256_UNIQUE,LI_003_06_11.png,3
LI_016_R10.png,LI,L,I,LI_016,16,10,PRESENT,1,0,MARK_PRESENT,0.8,0,BEST_X_SPAN=0.000;XBIN_SUPPORT=0.600;N_OBLIQUE_SEGMENTS=21,FULL_AXES_RECT,98,98,1138,678,6,11,Híbrida,1,1,SHA256_UNIQUE,LI_003_06_11.png,3
LI_017_R01.png,LI,L,I,LI_017,17,1,PRESENT,1,0,MARK_PRESENT,0.8,0,BEST_X_SPAN=0.000;XBIN_SUPPORT=0.825;N_OBLIQUE_SEGMENTS=19,AXIS_PARTIAL,80,49,957,648,7,11,Híbrida,1,1,SHA256_UNIQUE,LI_004_07_11.png,4
LI_017_R02.png,LI,L,I,LI_017,17,2,PRESENT,1,0,MARK_PRESENT,0.9467819404418829,1,BEST_X_SPAN=0.183;XBIN_SUPPORT=0.725;N_OBLIQUE_SEGMENTS=22,FULL_AXES_RECT,98,98,1138,678,7,11,Híbrida,1,1,SHA256_UNIQUE,LI_004_07_11.png,4
LI_017_R03.png,LI,L,I,LI_017,17,3,PRESENT,1,0,MARK_PRESENT,0.9467819404418829,1,BEST_X_SPAN=0.183;XBIN_SUPPORT=0.725;N_OBLIQUE_SEGMENTS=22,FULL_AXES_RECT,98,98,1138,678,7,11,Híbrida,1,1,SHA256_UNIQUE,LI_004_07_11.png,4
LI_017_R04.png,LI,L,I,LI_017,17,4,PRESENT,1,0,MARK_PRESENT,0.9467819404418829,1,BEST_X_SPAN=0.183;XBIN_SUPPORT=0.725;N_OBLIQUE_SEGMENTS=22,FULL_AXES_RECT,98,98,1138,678,7,11,Híbrida,1,1,SHA256_UNIQUE,LI_004_07_11.png,4
LI_017_R05.png,LI,L,I,LI_017,17,5,PRESENT,1,0,MARK_PRESENT,0.9467819404418829,1,BEST_X_SPAN=0.183;XBIN_SUPPORT=0.725;N_OBLIQUE_SEGMENTS=22,FULL_AXES_RECT,98,98,1138,678,7,11,Híbrida,1,1,SHA256_UNIQUE,LI_004_07_11.png,4
LI_017_R06.png,LI,L,I,LI_017,17,6,PRESENT,1,0,MARK_PRESENT,0.9467819404418829,1,BEST_X_SPAN=0.183;XBIN_SUPPORT=0.725;N_OBLIQUE_SEGMENTS=22,FULL_AXES_RECT,98,98,1138,678,7,11,Híbrida,1,1,SHA256_UNIQUE,LI_004_07_11.png,4
LI_017_R07.png,LI,L,I,LI_017,17,7,PRESENT,1,0,MARK_PRESENT,0.9467819404418829,1,BEST_X_SPAN=0.183;XBIN_SUPPORT=0.725;N_OBLIQUE_SEGMENTS=22,FULL_AXES_RECT,98,98,1138,678,7,11,Híbrida,1,1,SHA256_UNIQUE,LI_004_07_11.png,4
LI_017_R08.png,LI,L,I,LI_017,17,8,PRESENT,1,0,MARK_PRESENT,0.9467819404418829,1,BEST_X_SPAN=0.183;XBIN_SUPPORT=0.725;N_OBLIQUE_SEGMENTS=22,FULL_AXES_RECT,98,98,1138,678,7,11,Híbrida,1,1,SHA256_UNIQUE,LI_004_07_11.png,4
LI_017_R09.png,LI,L,I,LI_017,17,9,PRESENT,1,0,MARK_PRESENT,0.9467819404418829,1,BEST_X_SPAN=0.183;XBIN_SUPPORT=0.725;N_OBLIQUE_SEGMENTS=22,FULL_AXES_RECT,98,98,1138,678,7,11,Híbrida,1,1,SHA256_UNIQUE,LI_004_07_11.png,4
LI_017_R10.png,LI,L,I,LI_017,17,10,PRESENT,1,0,MARK_PRESENT,0.9467819404418829,1,BEST_X_SPAN=0.183;XBIN_SUPPORT=0.725;N_OBLIQUE_SEGMENTS=22,FULL_AXES_RECT,98,98,1138,678,7,11,Híbrida,1,1,SHA256_UNIQUE,LI_004_07_11.png,4
LI_018_R01.png,LI,L,I,LI_018,18,1,PRESENT,1,0,MARK_PRESENT,0.8,0,BEST_X_SPAN=0.000;XBIN_SUPPORT=0.750;N_OBLIQUE_SEGMENTS=23,AXIS_PARTIAL,80,47,1064,616,8,11,Híbrida,1,1,SHA256_UNIQUE,LI_005_08_11.png,5
LI_018_R02.png,LI,L,I,LI_018,18,2,PRESENT,1,0,MARK_PRESENT,0.8,0,BEST_X_SPAN=0.000;XBIN_SUPPORT=0.575;N_OBLIQUE_SEGMENTS=16,AXIS_PARTIAL,79,49,956,647,8,11,Híbrida,1,1,SHA256_UNIQUE,LI_005_08_11.png,5
LI_018_R03.png,LI,L,I,LI_018,18,3,PRESENT,1,0,MARK_PRESENT,0.8,0,BEST_X_SPAN=0.000;XBIN_SUPPORT=0.575;N_OBLIQUE_SEGMENTS=16,AXIS_PARTIAL,79,49,956,647,8,11,Híbrida,1,1,SHA256_UNIQUE,LI_005_08_11.png,5
LI_018_R04.png,LI,L,I,LI_018,18,4,PRESENT,1,0,MARK_PRESENT,0.8,0,BEST_X_SPAN=0.000;XBIN_SUPPORT=0.575;N_OBLIQUE_SEGMENTS=16,AXIS_PARTIAL,79,49,956,647,8,11,Híbrida,1,1,SHA256_UNIQUE,LI_005_08_11.png,5
LI_018_R05.png,LI,L,I,LI_018,18,5,PRESENT,1,0,MARK_PRESENT,0.8,0,BEST_X_SPAN=0.000;XBIN_SUPPORT=0.575;N_OBLIQUE_SEGMENTS=16,AXIS_PARTIAL,79,49,956,647,8,11,Híbrida,1,1,SHA256_UNIQUE,LI_005_08_11.png,5
LI_018_R06.png,LI,L,I,LI_018,18,6,PRESENT,1,0,MARK_PRESENT,0.8,0,BEST_X_SPAN=0.000;XBIN_SUPPORT=0.575;N_OBLIQUE_SEGMENTS=16,AXIS_PARTIAL,79,49,956,647,8,11,Híbrida,1,1,SHA256_UNIQUE,LI_005_08_11.png,5
LI_018_R07.png,LI,L,I,LI_018,18,7,PRESENT,1,0,MARK_PRESENT,0.8,0,BEST_X_SPAN=0.000;XBIN_SUPPORT=0.575;N_OBLIQUE_SEGMENTS=16,AXIS_PARTIAL,79,49,956,647,8,11,Híbrida,1,1,SHA256_UNIQUE,LI_005_08_11.png,5
LI_018_R08.png,LI,L,I,LI_018,18,8,PRESENT,1,0,MARK_PRESENT,0.8,0,BEST_X_SPAN=0.000;XBIN_SUPPORT=0.575;N_OBLIQUE_SEGMENTS=16,AXIS_PARTIAL,79,49,956,647,8,11,Híbrida,1,1,SHA256_UNIQUE,LI_005_08_11.png,5
LI_018_R09.png,LI,L,I,LI_018,18,9,PRESENT,1,0,MARK_PRESENT,0.8,0,BEST_X_SPAN=0.000;XBIN_SUPPORT=0.575;N_OBLIQUE_SEGMENTS=16,AXIS_PARTIAL,79,49,956,647,8,11,Híbrida,1,1,SHA256_UNIQUE,LI_005_08_11.png,5
LI_018_R10.png,LI,L,I,LI_018,18,10,PRESENT,1,0,MARK_PRESENT,0.8,0,BEST_X_SPAN=0.000;XBIN_SUPPORT=0.575;N_OBLIQUE_SEGMENTS=16,AXIS_PARTIAL,79,49,956,647,8,11,Híbrida,1,1,SHA256_UNIQUE,LI_005_08_11.png,5
LI_019_R01.png,LI,L,I,LI_019,19,1,PRESENT,1,0,MARK_PRESENT,0.8,0,BEST_X_SPAN=0.000;XBIN_SUPPORT=0.575;N_OBLIQUE_SEGMENTS=14,AXIS_PARTIAL,80,55,1118,735,9,11,Híbrida,1,1,SHA256_UNIQUE,LI_006_09_11.png,6
LI_019_R02.png,LI,L,I,LI_019,19,2,PRESENT,1,0,MARK_PRESENT,0.8,0,BEST_X_SPAN=0.000;XBIN_SUPPORT=0.575;N_OBLIQUE_SEGMENTS=11,AXIS_PARTIAL,80,47,1064,616,9,11,Híbrida,1,1,SHA256_UNIQUE,LI_006_09_11.png,6
LI_019_R03.png,LI,L,I,LI_019,19,3,PRESENT,1,0,MARK_PRESENT,0.8,0,BEST_X_SPAN=0.000;XBIN_SUPPORT=0.575;N_OBLIQUE_SEGMENTS=11,AXIS_PARTIAL,80,47,1064,616,9,11,Híbrida,1,1,SHA256_UNIQUE,LI_006_09_11.png,6
LI_019_R04.png,LI,L,I,LI_019,19,4,PRESENT,1,0,MARK_PRESENT,0.8,0,BEST_X_SPAN=0.000;XBIN_SUPPORT=0.575;N_OBLIQUE_SEGMENTS=11,AXIS_PARTIAL,80,47,1064,616,9,11,Híbrida,1,1,SHA256_UNIQUE,LI_006_09_11.png,6
LI_019_R05.png,LI,L,I,LI_019,19,5,PRESENT,1,0,MARK_PRESENT,0.8,0,BEST_X_SPAN=0.000;XBIN_SUPPORT=0.575;N_OBLIQUE_SEGMENTS=11,AXIS_PARTIAL,80,47,1064,616,9,11,Híbrida,1,1,SHA256_UNIQUE,LI_006_09_11.png,6
LI_019_R06.png,LI,L,I,LI_019,19,6,PRESENT,1,0,MARK_PRESENT,0.8,0,BEST_X_SPAN=0.000;XBIN_SUPPORT=0.575;N_OBLIQUE_SEGMENTS=11,AXIS_PARTIAL,80,47,1064,616,9,11,Híbrida,1,1,SHA256_UNIQUE,LI_006_09_11.png,6
LI_019_R07.png,LI,L,I,LI_019,19,7,PRESENT,1,0,MARK_PRESENT,0.8,0,BEST_X_SPAN=0.000;XBIN_SUPPORT=0.575;N_OBLIQUE_SEGMENTS=11,AXIS_PARTIAL,80,47,1064,616,9,11,Híbrida,1,1,SHA256_UNIQUE,LI_006_09_11.png,6
LI_019_R08.png,LI,L,I,LI_019,19,8,PRESENT,1,0,MARK_PRESENT,0.8,0,BEST_X_SPAN=0.000;XBIN_SUPPORT=0.575;N_OBLIQUE_SEGMENTS=11,AXIS_PARTIAL,80,47,1064,616,9,11,Híbrida,1,1,SHA256_UNIQUE,LI_006_09_11.png,6
LI_019_R09.png,LI,L,I,LI_019,19,9,PRESENT,1,0,MARK_PRESENT,0.8,0,BEST_X_SPAN=0.000;XBIN_SUPPORT=0.575;N_OBLIQUE_SEGMENTS=11,AXIS_PARTIAL,80,47,1064,616,9,11,Híbrida,1,1,SHA256_UNIQUE,LI_006_09_11.png,6
LI_019_R10.png,LI,L,I,LI_019,19,10,PRESENT,1,0,MARK_PRESENT,0.8,0,BEST_X_SPAN=0.000;XBIN_SUPPORT=0.575;N_OBLIQUE_SEGMENTS=11,AXIS_PARTIAL,80,47,1064,616,9,11,Híbrida,1,1,SHA256_UNIQUE,LI_006_09_11.png,6
LI_020_R01.png,LI,L,I,LI_020,20,1,PRESENT,1,0,MARK_PRESENT,1.0,1,BEST_X_SPAN=0.958;XBIN_SUPPORT=0.575;N_OBLIQUE_SEGMENTS=21,AXIS_PARTIAL,63,47,1049,616,10,11,Híbrida,1,1,SHA256_UNIQUE,LI_007_10_11.png,7
LI_020_R02.png,LI,L,I,LI_020,20,2,PRESENT,1,0,MARK_PRESENT,0.8,0,BEST_X_SPAN=0.000;XBIN_SUPPORT=0.500;N_OBLIQUE_SEGMENTS=19,AXIS_PARTIAL,79,49,956,647,10,11,Híbrida,1,1,SHA256_UNIQUE,LI_007_10_11.png,7
LI_020_R03.png,LI,L,I,LI_020,20,3,PRESENT,1,0,MARK_PRESENT,0.8,0,BEST_X_SPAN=0.000;XBIN_SUPPORT=0.500;N_OBLIQUE_SEGMENTS=19,AXIS_PARTIAL,79,49,956,647,10,11,Híbrida,1,1,SHA256_UNIQUE,LI_007_10_11.png,7
LI_020_R04.png,LI,L,I,LI_020,20,4,PRESENT,1,0,MARK_PRESENT,0.8,0,BEST_X_SPAN=0.000;XBIN_SUPPORT=0.500;N_OBLIQUE_SEGMENTS=19,AXIS_PARTIAL,79,49,956,647,10,11,Híbrida,1,1,SHA256_UNIQUE,LI_007_10_11.png,7
LI_020_R05.png,LI,L,I,LI_020,20,5,PRESENT,1,0,MARK_PRESENT,0.8,0,BEST_X_SPAN=0.000;XBIN_SUPPORT=0.500;N_OBLIQUE_SEGMENTS=19,AXIS_PARTIAL,79,49,956,647,10,11,Híbrida,1,1,SHA256_UNIQUE,LI_007_10_11.png,7
LI_020_R06.png,LI,L,I,LI_020,20,6,PRESENT,1,0,MARK_PRESENT,0.8,0,BEST_X_SPAN=0.000;XBIN_SUPPORT=0.500;N_OBLIQUE_SEGMENTS=19,AXIS_PARTIAL,79,49,956,647,10,11,Híbrida,1,1,SHA256_UNIQUE,LI_007_10_11.png,7
LI_020_R07.png,LI,L,I,LI_020,20,7,PRESENT,1,0,MARK_PRESENT,0.8,0,BEST_X_SPAN=0.000;XBIN_SUPPORT=0.500;N_OBLIQUE_SEGMENTS=19,AXIS_PARTIAL,79,49,956,647,10,11,Híbrida,1,1,SHA256_UNIQUE,LI_007_10_11.png,7
LI_020_R08.png,LI,L,I,LI_020,20,8,PRESENT,1,0,MARK_PRESENT,0.8,0,BEST_X_SPAN=0.000;XBIN_SUPPORT=0.500;N_OBLIQUE_SEGMENTS=19,AXIS_PARTIAL,79,49,956,647,10,11,Híbrida,1,1,SHA256_UNIQUE,LI_007_10_11.png,7
LI_020_R09.png,LI,L,I,LI_020,20,9,PRESENT,1,0,MARK_PRESENT,0.8,0,BEST_X_SPAN=0.000;XBIN_SUPPORT=0.500;N_OBLIQUE_SEGMENTS=19,AXIS_PARTIAL,79,49,956,647,10,11,Híbrida,1,1,SHA256_UNIQUE,LI_007_10_11.png,7
LI_020_R10.png,LI,L,I,LI_020,20,10,PRESENT,1,0,MARK_PRESENT,0.8,0,BEST_X_SPAN=0.000;XBIN_SUPPORT=0.500;N_OBLIQUE_SEGMENTS=19,AXIS_PARTIAL,79,49,956,647,10,11,Híbrida,1,1,SHA256_UNIQUE,LI_007_10_11.png,7
LI_021_R01.png,LI,L,I,LI_021,21,1,PRESENT,1,0,MARK_PRESENT,0.8,0,BEST_X_SPAN=0.000;XBIN_SUPPORT=0.700;N_OBLIQUE_SEGMENTS=20,AXIS_PARTIAL,93,47,1076,616,11,11,Híbrida,1,1,SHA256_UNIQUE,LI_008_11_11.png,8
LI_021_R02.png,LI,L,I,LI_021,21,2,PRESENT,1,0,MARK_PRESENT,0.8,0,BEST_X_SPAN=0.000;XBIN_SUPPORT=0.700;N_OBLIQUE_SEGMENTS=22,FULL_AXES_RECT,98,98,1138,678,11,11,Híbrida,1,1,SHA256_UNIQUE,LI_008_11_11.png,8
LI_021_R03.png,LI,L,I,LI_021,21,3,PRESENT,1,0,MARK_PRESENT,0.8,0,BEST_X_SPAN=0.000;XBIN_SUPPORT=0.700;N_OBLIQUE_SEGMENTS=22,FULL_AXES_RECT,98,98,1138,678,11,11,Híbrida,1,1,SHA256_UNIQUE,LI_008_11_11.png,8
LI_021_R04.png,LI,L,I,LI_021,21,4,PRESENT,1,0,MARK_PRESENT,0.8,0,BEST_X_SPAN=0.000;XBIN_SUPPORT=0.700;N_OBLIQUE_SEGMENTS=22,FULL_AXES_RECT,98,98,1138,678,11,11,Híbrida,1,1,SHA256_UNIQUE,LI_008_11_11.png,8
LI_021_R05.png,LI,L,I,LI_021,21,5,PRESENT,1,0,MARK_PRESENT,0.8,0,BEST_X_SPAN=0.000;XBIN_SUPPORT=0.700;N_OBLIQUE_SEGMENTS=22,FULL_AXES_RECT,98,98,1138,678,11,11,Híbrida,1,1,SHA256_UNIQUE,LI_008_11_11.png,8
LI_021_R06.png,LI,L,I,LI_021,21,6,PRESENT,1,0,MARK_PRESENT,0.8,0,BEST_X_SPAN=0.000;XBIN_SUPPORT=0.700;N_OBLIQUE_SEGMENTS=22,FULL_AXES_RECT,98,98,1138,678,11,11,Híbrida,1,1,SHA256_UNIQUE,LI_008_11_11.png,8
LI_021_R07.png,LI,L,I,LI_021,21,7,PRESENT,1,0,MARK_PRESENT,0.8,0,BEST_X_SPAN=0.000;XBIN_SUPPORT=0.700;N_OBLIQUE_SEGMENTS=22,FULL_AXES_RECT,98,98,1138,678,11,11,Híbrida,1,1,SHA256_UNIQUE,LI_008_11_11.png,8
LI_021_R08.png,LI,L,I,LI_021,21,8,PRESENT,1,0,MARK_PRESENT,0.8,0,BEST_X_SPAN=0.000;XBIN_SUPPORT=0.700;N_OBLIQUE_SEGMENTS=22,FULL_AXES_RECT,98,98,1138,678,11,11,Híbrida,1,1,SHA256_UNIQUE,LI_008_11_11.png,8
LI_021_R09.png,LI,L,I,LI_021,21,9,PRESENT,1,0,MARK_PRESENT,0.8,0,BEST_X_SPAN=0.000;XBIN_SUPPORT=0.700;N_OBLIQUE_SEGMENTS=22,FULL_AXES_RECT,98,98,1138,678,11,11,Híbrida,1,1,SHA256_UNIQUE,LI_008_11_11.png,8
LI_021_R10.png,LI,L,I,LI_021,21,10,PRESENT,1,0,MARK_PRESENT,0.8,0,BEST_X_SPAN=0.000;XBIN_SUPPORT=0.700;N_OBLIQUE_SEGMENTS=22,FULL_AXES_RECT,98,98,1138,678,11,11,Híbrida,1,1,SHA256_UNIQUE,LI_008_11_11.png,8
LI_022_R01.png,LI,L,I,LI_022,22,1,PRESENT,1,0,MARK_PRESENT,0.8,0,BEST_X_SPAN=0.000;XBIN_SUPPORT=0.600;N_OBLIQUE_SEGMENTS=15,AXIS_PARTIAL,93,47,1076,616,12,11,Híbrida,1,1,SHA256_UNIQUE,LI_009_12_11.png,9
LI_022_R02.png,LI,L,I,LI_022,22,2,PRESENT,1,0,MARK_PRESENT,0.8,0,BEST_X_SPAN=0.000;XBIN_SUPPORT=0.600;N_OBLIQUE_SEGMENTS=13,FULL_AXES_RECT,98,98,1138,678,12,11,Híbrida,1,1,SHA256_UNIQUE,LI_009_12_11.png,9
LI_022_R03.png,LI,L,I,LI_022,22,3,PRESENT,1,0,MARK_PRESENT,0.8,0,BEST_X_SPAN=0.000;XBIN_SUPPORT=0.600;N_OBLIQUE_SEGMENTS=13,FULL_AXES_RECT,98,98,1138,678,12,11,Híbrida,1,1,SHA256_UNIQUE,LI_009_12_11.png,9
LI_022_R04.png,LI,L,I,LI_022,22,4,PRESENT,1,0,MARK_PRESENT,0.8,0,BEST_X_SPAN=0.000;XBIN_SUPPORT=0.600;N_OBLIQUE_SEGMENTS=13,FULL_AXES_RECT,98,98,1138,678,12,11,Híbrida,1,1,SHA256_UNIQUE,LI_009_12_11.png,9
LI_022_R05.png,LI,L,I,LI_022,22,5,PRESENT,1,0,MARK_PRESENT,0.8,0,BEST_X_SPAN=0.000;XBIN_SUPPORT=0.600;N_OBLIQUE_SEGMENTS=13,FULL_AXES_RECT,98,98,1138,678,12,11,Híbrida,1,1,SHA256_UNIQUE,LI_009_12_11.png,9
LI_022_R06.png,LI,L,I,LI_022,22,6,PRESENT,1,0,MARK_PRESENT,0.8,0,BEST_X_SPAN=0.000;XBIN_SUPPORT=0.600;N_OBLIQUE_SEGMENTS=13,FULL_AXES_RECT,98,98,1138,678,12,11,Híbrida,1,1,SHA256_UNIQUE,LI_009_12_11.png,9
LI_022_R07.png,LI,L,I,LI_022,22,7,PRESENT,1,0,MARK_PRESENT,0.8,0,BEST_X_SPAN=0.000;XBIN_SUPPORT=0.600;N_OBLIQUE_SEGMENTS=13,FULL_AXES_RECT,98,98,1138,678,12,11,Híbrida,1,1,SHA256_UNIQUE,LI_009_12_11.png,9
LI_022_R08.png,LI,L,I,LI_022,22,8,PRESENT,1,0,MARK_PRESENT,0.8,0,BEST_X_SPAN=0.000;XBIN_SUPPORT=0.600;N_OBLIQUE_SEGMENTS=13,FULL_AXES_RECT,98,98,1138,678,12,11,Híbrida,1,1,SHA256_UNIQUE,LI_009_12_11.png,9
LI_022_R09.png,LI,L,I,LI_022,22,9,PRESENT,1,0,MARK_PRESENT,0.8,0,BEST_X_SPAN=0.000;XBIN_SUPPORT=0.600;N_OBLIQUE_SEGMENTS=13,FULL_AXES_RECT,98,98,1138,678,12,11,Híbrida,1,1,SHA256_UNIQUE,LI_009_12_11.png,9
LI_022_R10.png,LI,L,I,LI_022,22,10,PRESENT,1,0,MARK_PRESENT,0.8,0,BEST_X_SPAN=0.000;XBIN_SUPPORT=0.600;N_OBLIQUE_SEGMENTS=13,FULL_AXES_RECT,98,98,1138,678,12,11,Híbrida,1,1,SHA256_UNIQUE,LI_009_12_11.png,9
LI_023_R01.png,LI,L,I,LI_023,23,1,PRESENT,1,0,MARK_PRESENT,0.8,0,BEST_X_SPAN=0.000;XBIN_SUPPORT=0.575;N_OBLIQUE_SEGMENTS=11,AXIS_PARTIAL,84,56,1128,741,13,11,Híbrida,1,1,SHA256_UNIQUE,LI_010_13_11.png,10
LI_023_R02.png,LI,L,I,LI_023,23,2,PRESENT,1,0,MARK_PRESENT,0.8,0,BEST_X_SPAN=0.000;XBIN_SUPPORT=0.575;N_OBLIQUE_SEGMENTS=21,AXIS_PARTIAL,80,47,1064,616,13,11,Híbrida,1,1,SHA256_UNIQUE,LI_010_13_11.png,10
LI_023_R03.png,LI,L,I,LI_023,23,3,PRESENT,1,0,MARK_PRESENT,0.8,0,BEST_X_SPAN=0.000;XBIN_SUPPORT=0.575;N_OBLIQUE_SEGMENTS=21,AXIS_PARTIAL,80,47,1064,616,13,11,Híbrida,1,1,SHA256_UNIQUE,LI_010_13_11.png,10
LI_023_R04.png,LI,L,I,LI_023,23,4,PRESENT,1,0,MARK_PRESENT,0.8,0,BEST_X_SPAN=0.000;XBIN_SUPPORT=0.575;N_OBLIQUE_SEGMENTS=21,AXIS_PARTIAL,80,47,1064,616,13,11,Híbrida,1,1,SHA256_UNIQUE,LI_010_13_11.png,10
LI_023_R05.png,LI,L,I,LI_023,23,5,PRESENT,1,0,MARK_PRESENT,0.8,0,BEST_X_SPAN=0.000;XBIN_SUPPORT=0.575;N_OBLIQUE_SEGMENTS=21,AXIS_PARTIAL,80,47,1064,616,13,11,Híbrida,1,1,SHA256_UNIQUE,LI_010_13_11.png,10
LI_023_R06.png,LI,L,I,LI_023,23,6,PRESENT,1,0,MARK_PRESENT,0.8,0,BEST_X_SPAN=0.000;XBIN_SUPPORT=0.575;N_OBLIQUE_SEGMENTS=21,AXIS_PARTIAL,80,47,1064,616,13,11,Híbrida,1,1,SHA256_UNIQUE,LI_010_13_11.png,10
LI_023_R07.png,LI,L,I,LI_023,23,7,PRESENT,1,0,MARK_PRESENT,0.8,0,BEST_X_SPAN=0.000;XBIN_SUPPORT=0.575;N_OBLIQUE_SEGMENTS=21,AXIS_PARTIAL,80,47,1064,616,13,11,Híbrida,1,1,SHA256_UNIQUE,LI_010_13_11.png,10
LI_023_R08.png,LI,L,I,LI_023,23,8,PRESENT,1,0,MARK_PRESENT,0.8,0,BEST_X_SPAN=0.000;XBIN_SUPPORT=0.575;N_OBLIQUE_SEGMENTS=21,AXIS_PARTIAL,80,47,1064,616,13,11,Híbrida,1,1,SHA256_UNIQUE,LI_010_13_11.png,10
LI_023_R09.png,LI,L,I,LI_023,23,9,PRESENT,1,0,MARK_PRESENT,0.8,0,BEST_X_SPAN=0.000;XBIN_SUPPORT=0.575;N_OBLIQUE_SEGMENTS=21,AXIS_PARTIAL,80,47,1064,616,13,11,Híbrida,1,1,SHA256_UNIQUE,LI_010_13_11.png,10
LI_023_R10.png,LI,L,I,LI_023,23,10,PRESENT,1,0,MARK_PRESENT,0.8,0,BEST_X_SPAN=0.000;XBIN_SUPPORT=0.575;N_OBLIQUE_SEGMENTS=21,AXIS_PARTIAL,80,47,1064,616,13,11,Híbrida,1,1,SHA256_UNIQUE,LI_010_13_11.png,10
LI_024_R01.png,LI,L,I,LI_024,24,1,PRESENT,1,0,MARK_PRESENT,0.8,0,BEST_X_SPAN=0.000;XBIN_SUPPORT=0.575;N_OBLIQUE_SEGMENTS=18,AXIS_PARTIAL,68,47,1053,616,14,11,Híbrida,1,1,SHA256_UNIQUE,LI_011_14_11.png,11
LI_024_R02.png,LI,L,I,LI_024,24,2,PRESENT,1,0,MARK_PRESENT,0.8,0,BEST_X_SPAN=0.000;XBIN_SUPPORT=0.600;N_OBLIQUE_SEGMENTS=21,FULL_AXES_RECT,98,98,1138,678,14,11,Híbrida,1,1,SHA256_UNIQUE,LI_011_14_11.png,11
LI_024_R03.png,LI,L,I,LI_024,24,3,PRESENT,1,0,MARK_PRESENT,0.8,0,BEST_X_SPAN=0.000;XBIN_SUPPORT=0.600;N_OBLIQUE_SEGMENTS=21,FULL_AXES_RECT,98,98,1138,678,14,11,Híbrida,1,1,SHA256_UNIQUE,LI_011_14_11.png,11
LI_024_R04.png,LI,L,I,LI_024,24,4,PRESENT,1,0,MARK_PRESENT,0.8,0,BEST_X_SPAN=0.000;XBIN_SUPPORT=0.600;N_OBLIQUE_SEGMENTS=21,FULL_AXES_RECT,98,98,1138,678,14,11,Híbrida,1,1,SHA256_UNIQUE,LI_011_14_11.png,11
LI_024_R05.png,LI,L,I,LI_024,24,5,PRESENT,1,0,MARK_PRESENT,0.8,0,BEST_X_SPAN=0.000;XBIN_SUPPORT=0.600;N_OBLIQUE_SEGMENTS=21,FULL_AXES_RECT,98,98,1138,678,14,11,Híbrida,1,1,SHA256_UNIQUE,LI_011_14_11.png,11
LI_024_R06.png,LI,L,I,LI_024,24,6,PRESENT,1,0,MARK_PRESENT,0.8,0,BEST_X_SPAN=0.000;XBIN_SUPPORT=0.600;N_OBLIQUE_SEGMENTS=21,FULL_AXES_RECT,98,98,1138,678,14,11,Híbrida,1,1,SHA256_UNIQUE,LI_011_14_11.png,11
LI_024_R07.png,LI,L,I,LI_024,24,7,PRESENT,1,0,MARK_PRESENT,0.8,0,BEST_X_SPAN=0.000;XBIN_SUPPORT=0.600;N_OBLIQUE_SEGMENTS=21,FULL_AXES_RECT,98,98,1138,678,14,11,Híbrida,1,1,SHA256_UNIQUE,LI_011_14_11.png,11
LI_024_R08.png,LI,L,I,LI_024,24,8,PRESENT,1,0,MARK_PRESENT,0.8,0,BEST_X_SPAN=0.000;XBIN_SUPPORT=0.600;N_OBLIQUE_SEGMENTS=21,FULL_AXES_RECT,98,98,1138,678,14,11,Híbrida,1,1,SHA256_UNIQUE,LI_011_14_11.png,11
LI_024_R09.png,LI,L,I,LI_024,24,9,PRESENT,1,0,MARK_PRESENT,0.8,0,BEST_X_SPAN=0.000;XBIN_SUPPORT=0.600;N_OBLIQUE_SEGMENTS=21,FULL_AXES_RECT,98,98,1138,678,14,11,Híbrida,1,1,SHA256_UNIQUE,LI_011_14_11.png,11
LI_024_R10.png,LI,L,I,LI_024,24,10,PRESENT,1,0,MARK_PRESENT,0.8,0,BEST_X_SPAN=0.000;XBIN_SUPPORT=0.600;N_OBLIQUE_SEGMENTS=21,FULL_AXES_RECT,98,98,1138,678,14,11,Híbrida,1,1,SHA256_UNIQUE,LI_011_14_11.png,11
LI_025_R01.png,LI,L,I,LI_025,25,1,PRESENT,1,0,MARK_PRESENT,0.8,0,BEST_X_SPAN=0.000;XBIN_SUPPORT=0.725;N_OBLIQUE_SEGMENTS=19,AXIS_PARTIAL,80,47,1064,616,15,11,Híbrida,1,1,SHA256_UNIQUE,LI_012_15_11.png,12
LI_025_R02.png,LI,L,I,LI_025,25,2,PRESENT,1,0,MARK_PRESENT,0.8,0,BEST_X_SPAN=0.000;XBIN_SUPPORT=0.575;N_OBLIQUE_SEGMENTS=30,AXIS_PARTIAL,79,49,956,648,15,11,Híbrida,1,1,SHA256_UNIQUE,LI_012_15_11.png,12
LI_025_R03.png,LI,L,I,LI_025,25,3,PRESENT,1,0,MARK_PRESENT,0.8,0,BEST_X_SPAN=0.000;XBIN_SUPPORT=0.575;N_OBLIQUE_SEGMENTS=30,AXIS_PARTIAL,79,49,956,648,15,11,Híbrida,1,1,SHA256_UNIQUE,LI_012_15_11.png,12
LI_025_R04.png,LI,L,I,LI_025,25,4,PRESENT,1,0,MARK_PRESENT,0.8,0,BEST_X_SPAN=0.000;XBIN_SUPPORT=0.575;N_OBLIQUE_SEGMENTS=30,AXIS_PARTIAL,79,49,956,648,15,11,Híbrida,1,1,SHA256_UNIQUE,LI_012_15_11.png,12
LI_025_R05.png,LI,L,I,LI_025,25,5,PRESENT,1,0,MARK_PRESENT,0.8,0,BEST_X_SPAN=0.000;XBIN_SUPPORT=0.575;N_OBLIQUE_SEGMENTS=30,AXIS_PARTIAL,79,49,956,648,15,11,Híbrida,1,1,SHA256_UNIQUE,LI_012_15_11.png,12
LI_025_R06.png,LI,L,I,LI_025,25,6,PRESENT,1,0,MARK_PRESENT,0.8,0,BEST_X_SPAN=0.000;XBIN_SUPPORT=0.575;N_OBLIQUE_SEGMENTS=30,AXIS_PARTIAL,79,49,956,648,15,11,Híbrida,1,1,SHA256_UNIQUE,LI_012_15_11.png,12
LI_025_R07.png,LI,L,I,LI_025,25,7,PRESENT,1,0,MARK_PRESENT,0.8,0,BEST_X_SPAN=0.000;XBIN_SUPPORT=0.575;N_OBLIQUE_SEGMENTS=30,AXIS_PARTIAL,79,49,956,648,15,11,Híbrida,1,1,SHA256_UNIQUE,LI_012_15_11.png,12
LI_025_R08.png,LI,L,I,LI_025,25,8,PRESENT,1,0,MARK_PRESENT,0.8,0,BEST_X_SPAN=0.000;XBIN_SUPPORT=0.575;N_OBLIQUE_SEGMENTS=30,AXIS_PARTIAL,79,49,956,648,15,11,Híbrida,1,1,SHA256_UNIQUE,LI_012_15_11.png,12
LI_025_R09.png,LI,L,I,LI_025,25,9,PRESENT,1,0,MARK_PRESENT,0.8,0,BEST_X_SPAN=0.000;XBIN_SUPPORT=0.575;N_OBLIQUE_SEGMENTS=30,AXIS_PARTIAL,79,49,956,648,15,11,Híbrida,1,1,SHA256_UNIQUE,LI_012_15_11.png,12
LI_025_R10.png,LI,L,I,LI_025,25,10,PRESENT,1,0,MARK_PRESENT,0.8,0,BEST_X_SPAN=0.000;XBIN_SUPPORT=0.575;N_OBLIQUE_SEGMENTS=30,AXIS_PARTIAL,79,49,956,648,15,11,Híbrida,1,1,SHA256_UNIQUE,LI_012_15_11.png,12
LI_026_R01.png,LI,L,I,LI_026,26,1,PRESENT,1,0,MARK_PRESENT,0.8,0,BEST_X_SPAN=0.000;XBIN_SUPPORT=0.575;N_OBLIQUE_SEGMENTS=18,AXIS_PARTIAL,67,55,1118,736,16,11,Híbrida,1,1,SHA256_UNIQUE,LI_013_16_11.png,13
LI_026_R02.png,LI,L,I,LI_026,26,2,PRESENT,1,0,MARK_PRESENT,0.8,0,BEST_X_SPAN=0.000;XBIN_SUPPORT=0.575;N_OBLIQUE_SEGMENTS=22,AXIS_PARTIAL,80,49,957,648,16,11,Híbrida,1,1,SHA256_UNIQUE,LI_013_16_11.png,13
LI_026_R03.png,LI,L,I,LI_026,26,3,PRESENT,1,0,MARK_PRESENT,0.8,0,BEST_X_SPAN=0.000;XBIN_SUPPORT=0.575;N_OBLIQUE_SEGMENTS=22,AXIS_PARTIAL,80,49,957,648,16,11,Híbrida,1,1,SHA256_UNIQUE,LI_013_16_11.png,13
LI_026_R04.png,LI,L,I,LI_026,26,4,PRESENT,1,0,MARK_PRESENT,0.8,0,BEST_X_SPAN=0.000;XBIN_SUPPORT=0.575;N_OBLIQUE_SEGMENTS=22,AXIS_PARTIAL,80,49,957,648,16,11,Híbrida,1,1,SHA256_UNIQUE,LI_013_16_11.png,13
LI_026_R05.png,LI,L,I,LI_026,26,5,PRESENT,1,0,MARK_PRESENT,0.8,0,BEST_X_SPAN=0.000;XBIN_SUPPORT=0.575;N_OBLIQUE_SEGMENTS=22,AXIS_PARTIAL,80,49,957,648,16,11,Híbrida,1,1,SHA256_UNIQUE,LI_013_16_11.png,13
LI_026_R06.png,LI,L,I,LI_026,26,6,PRESENT,1,0,MARK_PRESENT,0.8,0,BEST_X_SPAN=0.000;XBIN_SUPPORT=0.575;N_OBLIQUE_SEGMENTS=22,AXIS_PARTIAL,80,49,957,648,16,11,Híbrida,1,1,SHA256_UNIQUE,LI_013_16_11.png,13
LI_026_R07.png,LI,L,I,LI_026,26,7,PRESENT,1,0,MARK_PRESENT,0.8,0,BEST_X_SPAN=0.000;XBIN_SUPPORT=0.575;N_OBLIQUE_SEGMENTS=22,AXIS_PARTIAL,80,49,957,648,16,11,Híbrida,1,1,SHA256_UNIQUE,LI_013_16_11.png,13
LI_026_R08.png,LI,L,I,LI_026,26,8,PRESENT,1,0,MARK_PRESENT,0.8,0,BEST_X_SPAN=0.000;XBIN_SUPPORT=0.575;N_OBLIQUE_SEGMENTS=22,AXIS_PARTIAL,80,49,957,648,16,11,Híbrida,1,1,SHA256_UNIQUE,LI_013_16_11.png,13
LI_026_R09.png,LI,L,I,LI_026,26,9,PRESENT,1,0,MARK_PRESENT,0.8,0,BEST_X_SPAN=0.000;XBIN_SUPPORT=0.575;N_OBLIQUE_SEGMENTS=22,AXIS_PARTIAL,80,49,957,648,16,11,Híbrida,1,1,SHA256_UNIQUE,LI_013_16_11.png,13
LI_026_R10.png,LI,L,I,LI_026,26,10,PRESENT,1,0,MARK_PRESENT,0.8,0,BEST_X_SPAN=0.000;XBIN_SUPPORT=0.575;N_OBLIQUE_SEGMENTS=22,AXIS_PARTIAL,80,49,957,648,16,11,Híbrida,1,1,SHA256_UNIQUE,LI_013_16_11.png,13
LI_027_R01.png,LI,L,I,LI_027,27,1,PRESENT,1,0,MARK_PRESENT,1.0,1,BEST_X_SPAN=0.935;XBIN_SUPPORT=0.575;N_OBLIQUE_SEGMENTS=22,FULL_AXES_RECT,98,98,1138,678,1,01,VQL,0,1,MANUAL_OVERRIDE_VERIFIED,LI_001_01_01.png,1
LI_027_R02.png,LI,L,I,LI_027,27,2,PRESENT,1,0,MARK_PRESENT,0.8,0,BEST_X_SPAN=0.000;XBIN_SUPPORT=0.600;N_OBLIQUE_SEGMENTS=21,FULL_AXES_RECT,98,98,1138,678,1,01,VQL,0,1,MANUAL_OVERRIDE_VERIFIED,LI_001_01_01.png,1
LI_027_R03.png,LI,L,I,LI_027,27,3,PRESENT,1,0,MARK_PRESENT,0.8,0,BEST_X_SPAN=0.000;XBIN_SUPPORT=0.600;N_OBLIQUE_SEGMENTS=21,FULL_AXES_RECT,98,98,1138,678,1,01,VQL,0,1,MANUAL_OVERRIDE_VERIFIED,LI_001_01_01.png,1
LI_027_R04.png,LI,L,I,LI_027,27,4,PRESENT,1,0,MARK_PRESENT,0.8,0,BEST_X_SPAN=0.000;XBIN_SUPPORT=0.600;N_OBLIQUE_SEGMENTS=21,FULL_AXES_RECT,98,98,1138,678,1,01,VQL,0,1,MANUAL_OVERRIDE_VERIFIED,LI_001_01_01.png,1
LI_027_R05.png,LI,L,I,LI_027,27,5,PRESENT,1,0,MARK_PRESENT,0.8,0,BEST_X_SPAN=0.000;XBIN_SUPPORT=0.600;N_OBLIQUE_SEGMENTS=21,FULL_AXES_RECT,98,98,1138,678,1,01,VQL,0,1,MANUAL_OVERRIDE_VERIFIED,LI_001_01_01.png,1
LI_027_R06.png,LI,L,I,LI_027,27,6,PRESENT,1,0,MARK_PRESENT,0.8,0,BEST_X_SPAN=0.000;XBIN_SUPPORT=0.600;N_OBLIQUE_SEGMENTS=21,FULL_AXES_RECT,98,98,1138,678,1,01,VQL,0,1,MANUAL_OVERRIDE_VERIFIED,LI_001_01_01.png,1
LI_027_R07.png,LI,L,I,LI_027,27,7,PRESENT,1,0,MARK_PRESENT,0.8,0,BEST_X_SPAN=0.000;XBIN_SUPPORT=0.600;N_OBLIQUE_SEGMENTS=21,FULL_AXES_RECT,98,98,1138,678,1,01,VQL,0,1,MANUAL_OVERRIDE_VERIFIED,LI_001_01_01.png,1
LI_027_R08.png,LI,L,I,LI_027,27,8,PRESENT,1,0,MARK_PRESENT,0.8,0,BEST_X_SPAN=0.000;XBIN_SUPPORT=0.600;N_OBLIQUE_SEGMENTS=21,FULL_AXES_RECT,98,98,1138,678,1,01,VQL,0,1,MANUAL_OVERRIDE_VERIFIED,LI_001_01_01.png,1
LI_027_R09.png,LI,L,I,LI_027,27,9,PRESENT,1,0,MARK_PRESENT,0.8,0,BEST_X_SPAN=0.000;XBIN_SUPPORT=0.600;N_OBLIQUE_SEGMENTS=21,FULL_AXES_RECT,98,98,1138,678,1,01,VQL,0,1,MANUAL_OVERRIDE_VERIFIED,LI_001_01_01.png,1
LI_027_R10.png,LI,L,I,LI_027,27,10,PRESENT,1,0,MARK_PRESENT,0.8,0,BEST_X_SPAN=0.000;XBIN_SUPPORT=0.600;N_OBLIQUE_SEGMENTS=21,FULL_AXES_RECT,98,98,1138,678,1,01,VQL,0,1,MANUAL_OVERRIDE_VERIFIED,LI_001_01_01.png,1
LI_028_R01.png,LI,L,I,LI_028,28,1,PRESENT,1,0,MARK_PRESENT,0.8,0,BEST_X_SPAN=0.000;XBIN_SUPPORT=0.525;N_OBLIQUE_SEGMENTS=16,AXIS_PARTIAL,63,47,1049,616,4,01,VQL,0,1,SHA256_UNIQUE,LI_002_04_01.png,2
LI_028_R02.png,LI,L,I,LI_028,28,2,PRESENT,1,0,MARK_PRESENT,0.8,0,BEST_X_SPAN=0.000;XBIN_SUPPORT=0.600;N_OBLIQUE_SEGMENTS=21,FULL_AXES_RECT,98,98,1138,678,4,01,VQL,0,1,SHA256_UNIQUE,LI_002_04_01.png,2
LI_028_R03.png,LI,L,I,LI_028,28,3,PRESENT,1,0,MARK_PRESENT,0.8,0,BEST_X_SPAN=0.000;XBIN_SUPPORT=0.600;N_OBLIQUE_SEGMENTS=21,FULL_AXES_RECT,98,98,1138,678,4,01,VQL,0,1,SHA256_UNIQUE,LI_002_04_01.png,2
LI_028_R04.png,LI,L,I,LI_028,28,4,PRESENT,1,0,MARK_PRESENT,0.8,0,BEST_X_SPAN=0.000;XBIN_SUPPORT=0.600;N_OBLIQUE_SEGMENTS=21,FULL_AXES_RECT,98,98,1138,678,4,01,VQL,0,1,SHA256_UNIQUE,LI_002_04_01.png,2
LI_028_R05.png,LI,L,I,LI_028,28,5,PRESENT,1,0,MARK_PRESENT,0.8,0,BEST_X_SPAN=0.000;XBIN_SUPPORT=0.600;N_OBLIQUE_SEGMENTS=21,FULL_AXES_RECT,98,98,1138,678,4,01,VQL,0,1,SHA256_UNIQUE,LI_002_04_01.png,2
LI_028_R06.png,LI,L,I,LI_028,28,6,PRESENT,1,0,MARK_PRESENT,0.8,0,BEST_X_SPAN=0.000;XBIN_SUPPORT=0.600;N_OBLIQUE_SEGMENTS=21,FULL_AXES_RECT,98,98,1138,678,4,01,VQL,0,1,SHA256_UNIQUE,LI_002_04_01.png,2
LI_028_R07.png,LI,L,I,LI_028,28,7,PRESENT,1,0,MARK_PRESENT,0.8,0,BEST_X_SPAN=0.000;XBIN_SUPPORT=0.600;N_OBLIQUE_SEGMENTS=21,FULL_AXES_RECT,98,98,1138,678,4,01,VQL,0,1,SHA256_UNIQUE,LI_002_04_01.png,2
LI_028_R08.png,LI,L,I,LI_028,28,8,PRESENT,1,0,MARK_PRESENT,0.8,0,BEST_X_SPAN=0.000;XBIN_SUPPORT=0.600;N_OBLIQUE_SEGMENTS=21,FULL_AXES_RECT,98,98,1138,678,4,01,VQL,0,1,SHA256_UNIQUE,LI_002_04_01.png,2
LI_028_R09.png,LI,L,I,LI_028,28,9,PRESENT,1,0,MARK_PRESENT,0.8,0,BEST_X_SPAN=0.000;XBIN_SUPPORT=0.600;N_OBLIQUE_SEGMENTS=21,FULL_AXES_RECT,98,98,1138,678,4,01,VQL,0,1,SHA256_UNIQUE,LI_002_04_01.png,2
LI_028_R10.png,LI,L,I,LI_028,28,10,PRESENT,1,0,MARK_PRESENT,0.8,0,BEST_X_SPAN=0.000;XBIN_SUPPORT=0.600;N_OBLIQUE_SEGMENTS=21,FULL_AXES_RECT,98,98,1138,678,4,01,VQL,0,1,SHA256_UNIQUE,LI_002_04_01.png,2
LI_029_R01.png,LI,L,I,LI_029,29,1,PRESENT,1,0,MARK_PRESENT,1.0,1,BEST_X_SPAN=0.952;XBIN_SUPPORT=0.250;N_OBLIQUE_SEGMENTS=4,FULL_AXES_RECT,50,34,1045,616,6,01,VQL,0,1,SHA256_UNIQUE,LI_003_06_01.png,3
LI_029_R02.png,LI,L,I,LI_029,29,2,PRESENT,1,0,MARK_PRESENT,0.8,0,BEST_X_SPAN=0.000;XBIN_SUPPORT=0.750;N_OBLIQUE_SEGMENTS=19,AXIS_PARTIAL,79,49,956,647,6,01,VQL,0,1,SHA256_UNIQUE,LI_003_06_01.png,3
LI_029_R03.png,LI,L,I,LI_029,29,3,PRESENT,1,0,MARK_PRESENT,0.8,0,BEST_X_SPAN=0.000;XBIN_SUPPORT=0.750;N_OBLIQUE_SEGMENTS=19,AXIS_PARTIAL,79,49,956,647,6,01,VQL,0,1,SHA256_UNIQUE,LI_003_06_01.png,3
LI_029_R04.png,LI,L,I,LI_029,29,4,PRESENT,1,0,MARK_PRESENT,0.8,0,BEST_X_SPAN=0.000;XBIN_SUPPORT=0.750;N_OBLIQUE_SEGMENTS=19,AXIS_PARTIAL,79,49,956,647,6,01,VQL,0,1,SHA256_UNIQUE,LI_003_06_01.png,3
LI_029_R05.png,LI,L,I,LI_029,29,5,PRESENT,1,0,MARK_PRESENT,0.8,0,BEST_X_SPAN=0.000;XBIN_SUPPORT=0.750;N_OBLIQUE_SEGMENTS=19,AXIS_PARTIAL,79,49,956,647,6,01,VQL,0,1,SHA256_UNIQUE,LI_003_06_01.png,3
LI_029_R06.png,LI,L,I,LI_029,29,6,PRESENT,1,0,MARK_PRESENT,0.8,0,BEST_X_SPAN=0.000;XBIN_SUPPORT=0.750;N_OBLIQUE_SEGMENTS=19,AXIS_PARTIAL,79,49,956,647,6,01,VQL,0,1,SHA256_UNIQUE,LI_003_06_01.png,3
LI_029_R07.png,LI,L,I,LI_029,29,7,PRESENT,1,0,MARK_PRESENT,0.8,0,BEST_X_SPAN=0.000;XBIN_SUPPORT=0.750;N_OBLIQUE_SEGMENTS=19,AXIS_PARTIAL,79,49,956,647,6,01,VQL,0,1,SHA256_UNIQUE,LI_003_06_01.png,3
LI_029_R08.png,LI,L,I,LI_029,29,8,PRESENT,1,0,MARK_PRESENT,0.8,0,BEST_X_SPAN=0.000;XBIN_SUPPORT=0.750;N_OBLIQUE_SEGMENTS=19,AXIS_PARTIAL,79,49,956,647,6,01,VQL,0,1,SHA256_UNIQUE,LI_003_06_01.png,3
LI_029_R09.png,LI,L,I,LI_029,29,9,PRESENT,1,0,MARK_PRESENT,0.8,0,BEST_X_SPAN=0.000;XBIN_SUPPORT=0.750;N_OBLIQUE_SEGMENTS=19,AXIS_PARTIAL,79,49,956,647,6,01,VQL,0,1,SHA256_UNIQUE,LI_003_06_01.png,3
LI_029_R10.png,LI,L,I,LI_029,29,10,PRESENT,1,0,MARK_PRESENT,0.8,0,BEST_X_SPAN=0.000;XBIN_SUPPORT=0.750;N_OBLIQUE_SEGMENTS=19,AXIS_PARTIAL,79,49,956,647,6,01,VQL,0,1,SHA256_UNIQUE,LI_003_06_01.png,3
LI_030_R01.png,LI,L,I,LI_030,30,1,PRESENT,1,0,MARK_PRESENT,1.0,1,BEST_X_SPAN=0.914;XBIN_SUPPORT=0.675;N_OBLIQUE_SEGMENTS=18,FULL_AXES_RECT,80,34,1122,616,7,01,VQL,0,1,SHA256_UNIQUE,LI_004_07_01.png,4
LI_030_R02.png,LI,L,I,LI_030,30,2,ABSENT_OR_UNCERTAIN,0,1,MARK_ABSENT,0.15,0,BEST_X_SPAN=0.000;XBIN_SUPPORT=0.000;N_OBLIQUE_SEGMENTS=0,FULL_AXES_RECT,98,98,1138,678,7,01,VQL,0,1,SHA256_UNIQUE,LI_004_07_01.png,4
LI_030_R03.png,LI,L,I,LI_030,30,3,ABSENT_OR_UNCERTAIN,0,1,MARK_ABSENT,0.15,0,BEST_X_SPAN=0.000;XBIN_SUPPORT=0.000;N_OBLIQUE_SEGMENTS=0,FULL_AXES_RECT,98,98,1138,678,7,01,VQL,0,1,SHA256_UNIQUE,LI_004_07_01.png,4
LI_030_R04.png,LI,L,I,LI_030,30,4,ABSENT_OR_UNCERTAIN,0,1,MARK_ABSENT,0.15,0,BEST_X_SPAN=0.000;XBIN_SUPPORT=0.000;N_OBLIQUE_SEGMENTS=0,FULL_AXES_RECT,98,98,1138,678,7,01,VQL,0,1,SHA256_UNIQUE,LI_004_07_01.png,4
LI_030_R05.png,LI,L,I,LI_030,30,5,ABSENT_OR_UNCERTAIN,0,1,MARK_ABSENT,0.15,0,BEST_X_SPAN=0.000;XBIN_SUPPORT=0.000;N_OBLIQUE_SEGMENTS=0,FULL_AXES_RECT,98,98,1138,678,7,01,VQL,0,1,SHA256_UNIQUE,LI_004_07_01.png,4
LI_030_R06.png,LI,L,I,LI_030,30,6,ABSENT_OR_UNCERTAIN,0,1,MARK_ABSENT,0.15,0,BEST_X_SPAN=0.000;XBIN_SUPPORT=0.000;N_OBLIQUE_SEGMENTS=0,FULL_AXES_RECT,98,98,1138,678,7,01,VQL,0,1,SHA256_UNIQUE,LI_004_07_01.png,4
LI_030_R07.png,LI,L,I,LI_030,30,7,ABSENT_OR_UNCERTAIN,0,1,MARK_ABSENT,0.15,0,BEST_X_SPAN=0.000;XBIN_SUPPORT=0.000;N_OBLIQUE_SEGMENTS=0,FULL_AXES_RECT,98,98,1138,678,7,01,VQL,0,1,SHA256_UNIQUE,LI_004_07_01.png,4
LI_030_R08.png,LI,L,I,LI_030,30,8,ABSENT_OR_UNCERTAIN,0,1,MARK_ABSENT,0.15,0,BEST_X_SPAN=0.000;XBIN_SUPPORT=0.000;N_OBLIQUE_SEGMENTS=0,FULL_AXES_RECT,98,98,1138,678,7,01,VQL,0,1,SHA256_UNIQUE,LI_004_07_01.png,4
LI_030_R09.png,LI,L,I,LI_030,30,9,ABSENT_OR_UNCERTAIN,0,1,MARK_ABSENT,0.15,0,BEST_X_SPAN=0.000;XBIN_SUPPORT=0.000;N_OBLIQUE_SEGMENTS=0,FULL_AXES_RECT,98,98,1138,678,7,01,VQL,0,1,SHA256_UNIQUE,LI_004_07_01.png,4
LI_030_R10.png,LI,L,I,LI_030,30,10,ABSENT_OR_UNCERTAIN,0,1,MARK_ABSENT,0.15,0,BEST_X_SPAN=0.000;XBIN_SUPPORT=0.000;N_OBLIQUE_SEGMENTS=0,FULL_AXES_RECT,98,98,1138,678,7,01,VQL,0,1,SHA256_UNIQUE,LI_004_07_01.png,4
LI_031_R01.png,LI,L,I,LI_031,31,1,PRESENT,1,0,MARK_PRESENT,0.9567512690355331,1,BEST_X_SPAN=0.196;XBIN_SUPPORT=0.700;N_OBLIQUE_SEGMENTS=19,AXIS_PARTIAL,80,47,1064,616,8,01,VQL,0,1,SHA256_UNIQUE,LI_005_08_01.png,5
LI_031_R02.png,LI,L,I,LI_031,31,2,PRESENT,1,0,MARK_PRESENT,0.8,0,BEST_X_SPAN=0.000;XBIN_SUPPORT=0.725;N_OBLIQUE_SEGMENTS=20,AXIS_PARTIAL,79,49,956,647,8,01,VQL,0,1,SHA256_UNIQUE,LI_005_08_01.png,5
LI_031_R03.png,LI,L,I,LI_031,31,3,PRESENT,1,0,MARK_PRESENT,0.8,0,BEST_X_SPAN=0.000;XBIN_SUPPORT=0.725;N_OBLIQUE_SEGMENTS=20,AXIS_PARTIAL,79,49,956,647,8,01,VQL,0,1,SHA256_UNIQUE,LI_005_08_01.png,5
LI_031_R04.png,LI,L,I,LI_031,31,4,PRESENT,1,0,MARK_PRESENT,0.8,0,BEST_X_SPAN=0.000;XBIN_SUPPORT=0.725;N_OBLIQUE_SEGMENTS=20,AXIS_PARTIAL,79,49,956,647,8,01,VQL,0,1,SHA256_UNIQUE,LI_005_08_01.png,5
LI_031_R05.png,LI,L,I,LI_031,31,5,PRESENT,1,0,MARK_PRESENT,0.8,0,BEST_X_SPAN=0.000;XBIN_SUPPORT=0.725;N_OBLIQUE_SEGMENTS=20,AXIS_PARTIAL,79,49,956,647,8,01,VQL,0,1,SHA256_UNIQUE,LI_005_08_01.png,5
LI_031_R06.png,LI,L,I,LI_031,31,6,PRESENT,1,0,MARK_PRESENT,0.8,0,BEST_X_SPAN=0.000;XBIN_SUPPORT=0.725;N_OBLIQUE_SEGMENTS=20,AXIS_PARTIAL,79,49,956,647,8,01,VQL,0,1,SHA256_UNIQUE,LI_005_08_01.png,5
LI_031_R07.png,LI,L,I,LI_031,31,7,PRESENT,1,0,MARK_PRESENT,0.8,0,BEST_X_SPAN=0.000;XBIN_SUPPORT=0.725;N_OBLIQUE_SEGMENTS=20,AXIS_PARTIAL,79,49,956,647,8,01,VQL,0,1,SHA256_UNIQUE,LI_005_08_01.png,5
LI_031_R08.png,LI,L,I,LI_031,31,8,PRESENT,1,0,MARK_PRESENT,0.8,0,BEST_X_SPAN=0.000;XBIN_SUPPORT=0.725;N_OBLIQUE_SEGMENTS=20,AXIS_PARTIAL,79,49,956,647,8,01,VQL,0,1,SHA256_UNIQUE,LI_005_08_01.png,5
LI_031_R09.png,LI,L,I,LI_031,31,9,PRESENT,1,0,MARK_PRESENT,0.8,0,BEST_X_SPAN=0.000;XBIN_SUPPORT=0.725;N_OBLIQUE_SEGMENTS=20,AXIS_PARTIAL,79,49,956,647,8,01,VQL,0,1,SHA256_UNIQUE,LI_005_08_01.png,5
LI_031_R10.png,LI,L,I,LI_031,31,10,PRESENT,1,0,MARK_PRESENT,0.8,0,BEST_X_SPAN=0.000;XBIN_SUPPORT=0.725;N_OBLIQUE_SEGMENTS=20,AXIS_PARTIAL,79,49,956,647,8,01,VQL,0,1,SHA256_UNIQUE,LI_005_08_01.png,5
LI_032_R01.png,LI,L,I,LI_032,32,1,PRESENT,1,0,MARK_PRESENT,1.0,1,BEST_X_SPAN=0.956;XBIN_SUPPORT=0.600;N_OBLIQUE_SEGMENTS=13,AXIS_PARTIAL,80,47,1064,616,9,01,VQL,0,1,SHA256_UNIQUE,LI_006_09_01.png,6
LI_032_R02.png,LI,L,I,LI_032,32,2,PRESENT,1,0,MARK_PRESENT,0.8,0,BEST_X_SPAN=0.000;XBIN_SUPPORT=0.600;N_OBLIQUE_SEGMENTS=10,FULL_AXES_RECT,98,98,1138,678,9,01,VQL,0,1,SHA256_UNIQUE,LI_006_09_01.png,6
LI_032_R03.png,LI,L,I,LI_032,32,3,PRESENT,1,0,MARK_PRESENT,0.8,0,BEST_X_SPAN=0.000;XBIN_SUPPORT=0.600;N_OBLIQUE_SEGMENTS=10,FULL_AXES_RECT,98,98,1138,678,9,01,VQL,0,1,SHA256_UNIQUE,LI_006_09_01.png,6
LI_032_R04.png,LI,L,I,LI_032,32,4,PRESENT,1,0,MARK_PRESENT,0.8,0,BEST_X_SPAN=0.000;XBIN_SUPPORT=0.600;N_OBLIQUE_SEGMENTS=10,FULL_AXES_RECT,98,98,1138,678,9,01,VQL,0,1,SHA256_UNIQUE,LI_006_09_01.png,6
LI_032_R05.png,LI,L,I,LI_032,32,5,PRESENT,1,0,MARK_PRESENT,0.8,0,BEST_X_SPAN=0.000;XBIN_SUPPORT=0.600;N_OBLIQUE_SEGMENTS=10,FULL_AXES_RECT,98,98,1138,678,9,01,VQL,0,1,SHA256_UNIQUE,LI_006_09_01.png,6
LI_032_R06.png,LI,L,I,LI_032,32,6,PRESENT,1,0,MARK_PRESENT,0.8,0,BEST_X_SPAN=0.000;XBIN_SUPPORT=0.600;N_OBLIQUE_SEGMENTS=10,FULL_AXES_RECT,98,98,1138,678,9,01,VQL,0,1,SHA256_UNIQUE,LI_006_09_01.png,6
LI_032_R07.png,LI,L,I,LI_032,32,7,PRESENT,1,0,MARK_PRESENT,0.8,0,BEST_X_SPAN=0.000;XBIN_SUPPORT=0.600;N_OBLIQUE_SEGMENTS=13,AXIS_PARTIAL,97,47,1081,616,9,01,VQL,0,1,SHA256_UNIQUE,LI_006_09_01.png,6
LI_032_R08.png,LI,L,I,LI_032,32,8,PRESENT,1,0,MARK_PRESENT,0.8,0,BEST_X_SPAN=0.000;XBIN_SUPPORT=0.600;N_OBLIQUE_SEGMENTS=13,AXIS_PARTIAL,97,47,1081,616,9,01,VQL,0,1,SHA256_UNIQUE,LI_006_09_01.png,6
LI_032_R09.png,LI,L,I,LI_032,32,9,PRESENT,1,0,MARK_PRESENT,0.8,0,BEST_X_SPAN=0.000;XBIN_SUPPORT=0.600;N_OBLIQUE_SEGMENTS=13,AXIS_PARTIAL,97,47,1081,616,9,01,VQL,0,1,SHA256_UNIQUE,LI_006_09_01.png,6
LI_032_R10.png,LI,L,I,LI_032,32,10,PRESENT,1,0,MARK_PRESENT,0.8,0,BEST_X_SPAN=0.000;XBIN_SUPPORT=0.600;N_OBLIQUE_SEGMENTS=13,AXIS_PARTIAL,97,47,1081,616,9,01,VQL,0,1,SHA256_UNIQUE,LI_006_09_01.png,6
LI_033_R01.png,LI,L,I,LI_033,33,1,PRESENT,1,0,MARK_PRESENT,1.0,1,BEST_X_SPAN=0.958;XBIN_SUPPORT=0.575;N_OBLIQUE_SEGMENTS=21,AXIS_PARTIAL,63,47,1049,616,10,01,VQL,0,1,SHA256_UNIQUE,LI_007_10_01.png,7
LI_033_R02.png,LI,L,I,LI_033,33,2,PRESENT,1,0,MARK_PRESENT,0.8,0,BEST_X_SPAN=0.000;XBIN_SUPPORT=0.600;N_OBLIQUE_SEGMENTS=11,FULL_AXES_RECT,152,98,1078,710,10,01,VQL,0,1,SHA256_UNIQUE,LI_007_10_01.png,7
LI_033_R03.png,LI,L,I,LI_033,33,3,PRESENT,1,0,MARK_PRESENT,0.8,0,BEST_X_SPAN=0.000;XBIN_SUPPORT=0.600;N_OBLIQUE_SEGMENTS=11,FULL_AXES_RECT,152,98,1078,710,10,01,VQL,0,1,SHA256_UNIQUE,LI_007_10_01.png,7
LI_033_R04.png,LI,L,I,LI_033,33,4,PRESENT,1,0,MARK_PRESENT,0.8,0,BEST_X_SPAN=0.000;XBIN_SUPPORT=0.600;N_OBLIQUE_SEGMENTS=11,FULL_AXES_RECT,152,98,1078,710,10,01,VQL,0,1,SHA256_UNIQUE,LI_007_10_01.png,7
LI_033_R05.png,LI,L,I,LI_033,33,5,PRESENT,1,0,MARK_PRESENT,0.8,0,BEST_X_SPAN=0.000;XBIN_SUPPORT=0.600;N_OBLIQUE_SEGMENTS=11,FULL_AXES_RECT,152,98,1078,710,10,01,VQL,0,1,SHA256_UNIQUE,LI_007_10_01.png,7
LI_033_R06.png,LI,L,I,LI_033,33,6,PRESENT,1,0,MARK_PRESENT,0.8,0,BEST_X_SPAN=0.000;XBIN_SUPPORT=0.600;N_OBLIQUE_SEGMENTS=11,FULL_AXES_RECT,152,98,1078,710,10,01,VQL,0,1,SHA256_UNIQUE,LI_007_10_01.png,7
LI_033_R07.png,LI,L,I,LI_033,33,7,PRESENT,1,0,MARK_PRESENT,0.8,0,BEST_X_SPAN=0.000;XBIN_SUPPORT=0.600;N_OBLIQUE_SEGMENTS=11,FULL_AXES_RECT,152,98,1078,710,10,01,VQL,0,1,SHA256_UNIQUE,LI_007_10_01.png,7
LI_033_R08.png,LI,L,I,LI_033,33,8,PRESENT,1,0,MARK_PRESENT,0.8,0,BEST_X_SPAN=0.000;XBIN_SUPPORT=0.600;N_OBLIQUE_SEGMENTS=11,FULL_AXES_RECT,152,98,1078,710,10,01,VQL,0,1,SHA256_UNIQUE,LI_007_10_01.png,7
LI_033_R09.png,LI,L,I,LI_033,33,9,PRESENT,1,0,MARK_PRESENT,0.8,0,BEST_X_SPAN=0.000;XBIN_SUPPORT=0.600;N_OBLIQUE_SEGMENTS=11,FULL_AXES_RECT,152,98,1078,710,10,01,VQL,0,1,SHA256_UNIQUE,LI_007_10_01.png,7
LI_033_R10.png,LI,L,I,LI_033,33,10,PRESENT,1,0,MARK_PRESENT,0.8,0,BEST_X_SPAN=0.000;XBIN_SUPPORT=0.600;N_OBLIQUE_SEGMENTS=11,FULL_AXES_RECT,152,98,1078,710,10,01,VQL,0,1,SHA256_UNIQUE,LI_007_10_01.png,7
LI_034_R01.png,LI,L,I,LI_034,34,1,PRESENT,1,0,MARK_PRESENT,0.8,0,BEST_X_SPAN=0.000;XBIN_SUPPORT=0.750;N_OBLIQUE_SEGMENTS=20,AXIS_PARTIAL,93,47,1076,616,11,01,VQL,0,1,SHA256_UNIQUE,LI_008_11_01.png,8
LI_034_R02.png,LI,L,I,LI_034,34,2,PRESENT,1,0,MARK_PRESENT,0.8,0,BEST_X_SPAN=0.000;XBIN_SUPPORT=0.600;N_OBLIQUE_SEGMENTS=19,AXIS_PARTIAL,80,47,1064,616,11,01,VQL,0,1,SHA256_UNIQUE,LI_008_11_01.png,8
LI_034_R03.png,LI,L,I,LI_034,34,3,PRESENT,1,0,MARK_PRESENT,0.8,0,BEST_X_SPAN=0.000;XBIN_SUPPORT=0.600;N_OBLIQUE_SEGMENTS=19,AXIS_PARTIAL,80,47,1064,616,11,01,VQL,0,1,SHA256_UNIQUE,LI_008_11_01.png,8
LI_034_R04.png,LI,L,I,LI_034,34,4,PRESENT,1,0,MARK_PRESENT,0.8,0,BEST_X_SPAN=0.000;XBIN_SUPPORT=0.600;N_OBLIQUE_SEGMENTS=19,AXIS_PARTIAL,80,47,1064,616,11,01,VQL,0,1,SHA256_UNIQUE,LI_008_11_01.png,8
LI_034_R05.png,LI,L,I,LI_034,34,5,PRESENT,1,0,MARK_PRESENT,0.8,0,BEST_X_SPAN=0.000;XBIN_SUPPORT=0.600;N_OBLIQUE_SEGMENTS=19,AXIS_PARTIAL,80,47,1064,616,11,01,VQL,0,1,SHA256_UNIQUE,LI_008_11_01.png,8
LI_034_R06.png,LI,L,I,LI_034,34,6,PRESENT,1,0,MARK_PRESENT,0.8,0,BEST_X_SPAN=0.000;XBIN_SUPPORT=0.600;N_OBLIQUE_SEGMENTS=19,AXIS_PARTIAL,80,47,1064,616,11,01,VQL,0,1,SHA256_UNIQUE,LI_008_11_01.png,8
LI_034_R07.png,LI,L,I,LI_034,34,7,PRESENT,1,0,MARK_PRESENT,0.8,0,BEST_X_SPAN=0.000;XBIN_SUPPORT=0.600;N_OBLIQUE_SEGMENTS=19,AXIS_PARTIAL,80,47,1064,616,11,01,VQL,0,1,SHA256_UNIQUE,LI_008_11_01.png,8
LI_034_R08.png,LI,L,I,LI_034,34,8,PRESENT,1,0,MARK_PRESENT,0.8,0,BEST_X_SPAN=0.000;XBIN_SUPPORT=0.600;N_OBLIQUE_SEGMENTS=19,AXIS_PARTIAL,80,47,1064,616,11,01,VQL,0,1,SHA256_UNIQUE,LI_008_11_01.png,8
LI_034_R09.png,LI,L,I,LI_034,34,9,PRESENT,1,0,MARK_PRESENT,0.8,0,BEST_X_SPAN=0.000;XBIN_SUPPORT=0.600;N_OBLIQUE_SEGMENTS=19,AXIS_PARTIAL,80,47,1064,616,11,01,VQL,0,1,SHA256_UNIQUE,LI_008_11_01.png,8
LI_034_R10.png,LI,L,I,LI_034,34,10,PRESENT,1,0,MARK_PRESENT,0.8,0,BEST_X_SPAN=0.000;XBIN_SUPPORT=0.600;N_OBLIQUE_SEGMENTS=19,AXIS_PARTIAL,80,47,1064,616,11,01,VQL,0,1,SHA256_UNIQUE,LI_008_11_01.png,8
LI_035_R01.png,LI,L,I,LI_035,35,1,PRESENT,1,0,MARK_PRESENT,0.8,0,BEST_X_SPAN=0.000;XBIN_SUPPORT=0.750;N_OBLIQUE_SEGMENTS=23,AXIS_PARTIAL,80,47,1064,616,12,01,VQL,0,1,SHA256_UNIQUE,LI_009_12_01.png,9
LI_035_R02.png,LI,L,I,LI_035,35,2,PRESENT,1,0,MARK_PRESENT,0.8,0,BEST_X_SPAN=0.000;XBIN_SUPPORT=0.575;N_OBLIQUE_SEGMENTS=24,AXIS_PARTIAL,79,47,1063,616,12,01,VQL,0,1,SHA256_UNIQUE,LI_009_12_01.png,9
LI_035_R03.png,LI,L,I,LI_035,35,3,PRESENT,1,0,MARK_PRESENT,0.8,0,BEST_X_SPAN=0.000;XBIN_SUPPORT=0.575;N_OBLIQUE_SEGMENTS=24,AXIS_PARTIAL,79,47,1063,616,12,01,VQL,0,1,SHA256_UNIQUE,LI_009_12_01.png,9
LI_035_R04.png,LI,L,I,LI_035,35,4,PRESENT,1,0,MARK_PRESENT,0.8,0,BEST_X_SPAN=0.000;XBIN_SUPPORT=0.575;N_OBLIQUE_SEGMENTS=24,AXIS_PARTIAL,79,47,1063,616,12,01,VQL,0,1,SHA256_UNIQUE,LI_009_12_01.png,9
LI_035_R05.png,LI,L,I,LI_035,35,5,PRESENT,1,0,MARK_PRESENT,0.8,0,BEST_X_SPAN=0.000;XBIN_SUPPORT=0.575;N_OBLIQUE_SEGMENTS=24,AXIS_PARTIAL,79,47,1063,616,12,01,VQL,0,1,SHA256_UNIQUE,LI_009_12_01.png,9
LI_035_R06.png,LI,L,I,LI_035,35,6,PRESENT,1,0,MARK_PRESENT,0.8,0,BEST_X_SPAN=0.000;XBIN_SUPPORT=0.575;N_OBLIQUE_SEGMENTS=24,AXIS_PARTIAL,79,47,1063,616,12,01,VQL,0,1,SHA256_UNIQUE,LI_009_12_01.png,9
LI_035_R07.png,LI,L,I,LI_035,35,7,PRESENT,1,0,MARK_PRESENT,0.8,0,BEST_X_SPAN=0.000;XBIN_SUPPORT=0.575;N_OBLIQUE_SEGMENTS=24,AXIS_PARTIAL,79,47,1063,616,12,01,VQL,0,1,SHA256_UNIQUE,LI_009_12_01.png,9
LI_035_R08.png,LI,L,I,LI_035,35,8,PRESENT,1,0,MARK_PRESENT,0.8,0,BEST_X_SPAN=0.000;XBIN_SUPPORT=0.575;N_OBLIQUE_SEGMENTS=24,AXIS_PARTIAL,79,47,1063,616,12,01,VQL,0,1,SHA256_UNIQUE,LI_009_12_01.png,9
LI_035_R09.png,LI,L,I,LI_035,35,9,PRESENT,1,0,MARK_PRESENT,0.8,0,BEST_X_SPAN=0.000;XBIN_SUPPORT=0.575;N_OBLIQUE_SEGMENTS=24,AXIS_PARTIAL,79,47,1063,616,12,01,VQL,0,1,SHA256_UNIQUE,LI_009_12_01.png,9
LI_035_R10.png,LI,L,I,LI_035,35,10,PRESENT,1,0,MARK_PRESENT,0.8,0,BEST_X_SPAN=0.000;XBIN_SUPPORT=0.575;N_OBLIQUE_SEGMENTS=24,AXIS_PARTIAL,79,47,1063,616,12,01,VQL,0,1,SHA256_UNIQUE,LI_009_12_01.png,9
LI_036_R01.png,LI,L,I,LI_036,36,1,PRESENT,1,0,MARK_PRESENT,0.8,0,BEST_X_SPAN=0.000;XBIN_SUPPORT=0.600;N_OBLIQUE_SEGMENTS=18,AXIS_PARTIAL,79,49,956,647,13,01,VQL,0,1,SHA256_UNIQUE,LI_010_13_01.png,10
LI_036_R02.png,LI,L,I,LI_036,36,2,PRESENT,1,0,MARK_PRESENT,0.8,0,BEST_X_SPAN=0.000;XBIN_SUPPORT=0.575;N_OBLIQUE_SEGMENTS=24,AXIS_PARTIAL,79,47,1063,616,13,01,VQL,0,1,SHA256_UNIQUE,LI_010_13_01.png,10
LI_036_R03.png,LI,L,I,LI_036,36,3,PRESENT,1,0,MARK_PRESENT,0.8,0,BEST_X_SPAN=0.000;XBIN_SUPPORT=0.575;N_OBLIQUE_SEGMENTS=24,AXIS_PARTIAL,79,47,1063,616,13,01,VQL,0,1,SHA256_UNIQUE,LI_010_13_01.png,10
LI_036_R04.png,LI,L,I,LI_036,36,4,PRESENT,1,0,MARK_PRESENT,0.8,0,BEST_X_SPAN=0.000;XBIN_SUPPORT=0.575;N_OBLIQUE_SEGMENTS=24,AXIS_PARTIAL,79,47,1063,616,13,01,VQL,0,1,SHA256_UNIQUE,LI_010_13_01.png,10
LI_036_R05.png,LI,L,I,LI_036,36,5,PRESENT,1,0,MARK_PRESENT,0.8,0,BEST_X_SPAN=0.000;XBIN_SUPPORT=0.575;N_OBLIQUE_SEGMENTS=24,AXIS_PARTIAL,79,47,1063,616,13,01,VQL,0,1,SHA256_UNIQUE,LI_010_13_01.png,10
LI_036_R06.png,LI,L,I,LI_036,36,6,PRESENT,1,0,MARK_PRESENT,0.8,0,BEST_X_SPAN=0.000;XBIN_SUPPORT=0.575;N_OBLIQUE_SEGMENTS=24,AXIS_PARTIAL,79,47,1063,616,13,01,VQL,0,1,SHA256_UNIQUE,LI_010_13_01.png,10
LI_036_R07.png,LI,L,I,LI_036,36,7,PRESENT,1,0,MARK_PRESENT,0.8,0,BEST_X_SPAN=0.000;XBIN_SUPPORT=0.575;N_OBLIQUE_SEGMENTS=24,AXIS_PARTIAL,79,47,1063,616,13,01,VQL,0,1,SHA256_UNIQUE,LI_010_13_01.png,10
LI_036_R08.png,LI,L,I,LI_036,36,8,PRESENT,1,0,MARK_PRESENT,0.8,0,BEST_X_SPAN=0.000;XBIN_SUPPORT=0.575;N_OBLIQUE_SEGMENTS=24,AXIS_PARTIAL,79,47,1063,616,13,01,VQL,0,1,SHA256_UNIQUE,LI_010_13_01.png,10
LI_036_R09.png,LI,L,I,LI_036,36,9,PRESENT,1,0,MARK_PRESENT,0.8,0,BEST_X_SPAN=0.000;XBIN_SUPPORT=0.575;N_OBLIQUE_SEGMENTS=24,AXIS_PARTIAL,79,47,1063,616,13,01,VQL,0,1,SHA256_UNIQUE,LI_010_13_01.png,10
LI_036_R10.png,LI,L,I,LI_036,36,10,PRESENT,1,0,MARK_PRESENT,0.8,0,BEST_X_SPAN=0.000;XBIN_SUPPORT=0.575;N_OBLIQUE_SEGMENTS=24,AXIS_PARTIAL,79,47,1063,616,13,01,VQL,0,1,SHA256_UNIQUE,LI_010_13_01.png,10
LI_037_R01.png,LI,L,I,LI_037,37,1,PRESENT,1,0,MARK_PRESENT,0.7450000000000001,0,BEST_X_SPAN=0.000;XBIN_SUPPORT=0.450;N_OBLIQUE_SEGMENTS=15,FULL_AXES_RECT,152,98,1078,710,14,01,VQL,0,1,SHA256_UNIQUE,LI_011_14_01.png,11
LI_037_R02.png,LI,L,I,LI_037,37,2,PRESENT,1,0,MARK_PRESENT,0.8,0,BEST_X_SPAN=0.000;XBIN_SUPPORT=0.600;N_OBLIQUE_SEGMENTS=27,FULL_AXES_RECT,152,98,1078,710,14,01,VQL,0,1,SHA256_UNIQUE,LI_011_14_01.png,11
LI_037_R03.png,LI,L,I,LI_037,37,3,PRESENT,1,0,MARK_PRESENT,0.8,0,BEST_X_SPAN=0.000;XBIN_SUPPORT=0.600;N_OBLIQUE_SEGMENTS=27,FULL_AXES_RECT,152,98,1078,710,14,01,VQL,0,1,SHA256_UNIQUE,LI_011_14_01.png,11
LI_037_R04.png,LI,L,I,LI_037,37,4,PRESENT,1,0,MARK_PRESENT,0.8,0,BEST_X_SPAN=0.000;XBIN_SUPPORT=0.600;N_OBLIQUE_SEGMENTS=27,FULL_AXES_RECT,152,98,1078,710,14,01,VQL,0,1,SHA256_UNIQUE,LI_011_14_01.png,11
LI_037_R05.png,LI,L,I,LI_037,37,5,PRESENT,1,0,MARK_PRESENT,0.8,0,BEST_X_SPAN=0.000;XBIN_SUPPORT=0.600;N_OBLIQUE_SEGMENTS=27,FULL_AXES_RECT,152,98,1078,710,14,01,VQL,0,1,SHA256_UNIQUE,LI_011_14_01.png,11
LI_037_R06.png,LI,L,I,LI_037,37,6,PRESENT,1,0,MARK_PRESENT,0.8,0,BEST_X_SPAN=0.000;XBIN_SUPPORT=0.600;N_OBLIQUE_SEGMENTS=27,FULL_AXES_RECT,152,98,1078,710,14,01,VQL,0,1,SHA256_UNIQUE,LI_011_14_01.png,11
LI_037_R07.png,LI,L,I,LI_037,37,7,PRESENT,1,0,MARK_PRESENT,0.8,0,BEST_X_SPAN=0.000;XBIN_SUPPORT=0.600;N_OBLIQUE_SEGMENTS=27,FULL_AXES_RECT,152,98,1078,710,14,01,VQL,0,1,SHA256_UNIQUE,LI_011_14_01.png,11
LI_037_R08.png,LI,L,I,LI_037,37,8,PRESENT,1,0,MARK_PRESENT,0.8,0,BEST_X_SPAN=0.000;XBIN_SUPPORT=0.600;N_OBLIQUE_SEGMENTS=27,FULL_AXES_RECT,152,98,1078,710,14,01,VQL,0,1,SHA256_UNIQUE,LI_011_14_01.png,11
LI_037_R09.png,LI,L,I,LI_037,37,9,PRESENT,1,0,MARK_PRESENT,0.8,0,BEST_X_SPAN=0.000;XBIN_SUPPORT=0.600;N_OBLIQUE_SEGMENTS=27,FULL_AXES_RECT,152,98,1078,710,14,01,VQL,0,1,SHA256_UNIQUE,LI_011_14_01.png,11
LI_037_R10.png,LI,L,I,LI_037,37,10,PRESENT,1,0,MARK_PRESENT,0.8,0,BEST_X_SPAN=0.000;XBIN_SUPPORT=0.600;N_OBLIQUE_SEGMENTS=27,FULL_AXES_RECT,152,98,1078,710,14,01,VQL,0,1,SHA256_UNIQUE,LI_011_14_01.png,11
LI_038_R01.png,LI,L,I,LI_038,38,1,PRESENT,1,0,MARK_PRESENT,0.8,0,BEST_X_SPAN=0.000;XBIN_SUPPORT=0.725;N_OBLIQUE_SEGMENTS=19,AXIS_PARTIAL,80,47,1064,616,15,01,VQL,0,1,SHA256_UNIQUE,LI_012_15_01.png,12
LI_038_R02.png,LI,L,I,LI_038,38,2,PRESENT,1,0,MARK_PRESENT,0.8,0,BEST_X_SPAN=0.000;XBIN_SUPPORT=0.600;N_OBLIQUE_SEGMENTS=22,FULL_AXES_RECT,98,98,1138,678,15,01,VQL,0,1,SHA256_UNIQUE,LI_012_15_01.png,12
LI_038_R03.png,LI,L,I,LI_038,38,3,PRESENT,1,0,MARK_PRESENT,0.8,0,BEST_X_SPAN=0.000;XBIN_SUPPORT=0.600;N_OBLIQUE_SEGMENTS=22,FULL_AXES_RECT,98,98,1138,678,15,01,VQL,0,1,SHA256_UNIQUE,LI_012_15_01.png,12
LI_038_R04.png,LI,L,I,LI_038,38,4,PRESENT,1,0,MARK_PRESENT,0.8,0,BEST_X_SPAN=0.000;XBIN_SUPPORT=0.600;N_OBLIQUE_SEGMENTS=22,FULL_AXES_RECT,98,98,1138,678,15,01,VQL,0,1,SHA256_UNIQUE,LI_012_15_01.png,12
LI_038_R05.png,LI,L,I,LI_038,38,5,PRESENT,1,0,MARK_PRESENT,0.8,0,BEST_X_SPAN=0.000;XBIN_SUPPORT=0.600;N_OBLIQUE_SEGMENTS=22,FULL_AXES_RECT,98,98,1138,678,15,01,VQL,0,1,SHA256_UNIQUE,LI_012_15_01.png,12
LI_038_R06.png,LI,L,I,LI_038,38,6,PRESENT,1,0,MARK_PRESENT,0.8,0,BEST_X_SPAN=0.000;XBIN_SUPPORT=0.600;N_OBLIQUE_SEGMENTS=22,FULL_AXES_RECT,98,98,1138,678,15,01,VQL,0,1,SHA256_UNIQUE,LI_012_15_01.png,12
LI_038_R07.png,LI,L,I,LI_038,38,7,PRESENT,1,0,MARK_PRESENT,0.8,0,BEST_X_SPAN=0.000;XBIN_SUPPORT=0.600;N_OBLIQUE_SEGMENTS=22,FULL_AXES_RECT,98,98,1138,678,15,01,VQL,0,1,SHA256_UNIQUE,LI_012_15_01.png,12
LI_038_R08.png,LI,L,I,LI_038,38,8,PRESENT,1,0,MARK_PRESENT,0.8,0,BEST_X_SPAN=0.000;XBIN_SUPPORT=0.600;N_OBLIQUE_SEGMENTS=22,FULL_AXES_RECT,98,98,1138,678,15,01,VQL,0,1,SHA256_UNIQUE,LI_012_15_01.png,12
LI_038_R09.png,LI,L,I,LI_038,38,9,PRESENT,1,0,MARK_PRESENT,1.0,1,BEST_X_SPAN=0.939;XBIN_SUPPORT=0.625;N_OBLIQUE_SEGMENTS=18,FULL_AXES_RECT,98,98,1138,678,15,01,VQL,0,1,SHA256_UNIQUE,LI_012_15_01.png,12
LI_038_R10.png,LI,L,I,LI_038,38,10,PRESENT,1,0,MARK_PRESENT,1.0,1,BEST_X_SPAN=0.939;XBIN_SUPPORT=0.625;N_OBLIQUE_SEGMENTS=18,FULL_AXES_RECT,98,98,1138,678,15,01,VQL,0,1,SHA256_UNIQUE,LI_012_15_01.png,12
LI_039_R01.png,LI,L,I,LI_039,39,1,PRESENT,1,0,MARK_PRESENT,0.8,0,BEST_X_SPAN=0.000;XBIN_SUPPORT=0.575;N_OBLIQUE_SEGMENTS=21,AXIS_PARTIAL,68,47,1053,616,16,01,VQL,0,1,SHA256_UNIQUE,LI_013_16_01.png,13
LI_039_R02.png,LI,L,I,LI_039,39,2,PRESENT,1,0,MARK_PRESENT,1.0,1,BEST_X_SPAN=0.939;XBIN_SUPPORT=0.625;N_OBLIQUE_SEGMENTS=18,FULL_AXES_RECT,98,98,1138,678,16,01,VQL,0,1,SHA256_UNIQUE,LI_013_16_01.png,13
LI_039_R03.png,LI,L,I,LI_039,39,3,PRESENT,1,0,MARK_PRESENT,1.0,1,BEST_X_SPAN=0.939;XBIN_SUPPORT=0.625;N_OBLIQUE_SEGMENTS=18,FULL_AXES_RECT,98,98,1138,678,16,01,VQL,0,1,SHA256_UNIQUE,LI_013_16_01.png,13
LI_039_R04.png,LI,L,I,LI_039,39,4,PRESENT,1,0,MARK_PRESENT,1.0,1,BEST_X_SPAN=0.939;XBIN_SUPPORT=0.625;N_OBLIQUE_SEGMENTS=18,FULL_AXES_RECT,98,98,1138,678,16,01,VQL,0,1,SHA256_UNIQUE,LI_013_16_01.png,13
LI_039_R05.png,LI,L,I,LI_039,39,5,PRESENT,1,0,MARK_PRESENT,1.0,1,BEST_X_SPAN=0.939;XBIN_SUPPORT=0.625;N_OBLIQUE_SEGMENTS=18,FULL_AXES_RECT,98,98,1138,678,16,01,VQL,0,1,SHA256_UNIQUE,LI_013_16_01.png,13
LI_039_R06.png,LI,L,I,LI_039,39,6,PRESENT,1,0,MARK_PRESENT,1.0,1,BEST_X_SPAN=0.939;XBIN_SUPPORT=0.625;N_OBLIQUE_SEGMENTS=18,FULL_AXES_RECT,98,98,1138,678,16,01,VQL,0,1,SHA256_UNIQUE,LI_013_16_01.png,13
LI_039_R07.png,LI,L,I,LI_039,39,7,PRESENT,1,0,MARK_PRESENT,1.0,1,BEST_X_SPAN=0.939;XBIN_SUPPORT=0.625;N_OBLIQUE_SEGMENTS=18,FULL_AXES_RECT,98,98,1138,678,16,01,VQL,0,1,SHA256_UNIQUE,LI_013_16_01.png,13
LI_039_R08.png,LI,L,I,LI_039,39,8,PRESENT,1,0,MARK_PRESENT,1.0,1,BEST_X_SPAN=0.939;XBIN_SUPPORT=0.625;N_OBLIQUE_SEGMENTS=18,FULL_AXES_RECT,98,98,1138,678,16,01,VQL,0,1,SHA256_UNIQUE,LI_013_16_01.png,13
LI_039_R09.png,LI,L,I,LI_039,39,9,PRESENT,1,0,MARK_PRESENT,1.0,1,BEST_X_SPAN=0.939;XBIN_SUPPORT=0.625;N_OBLIQUE_SEGMENTS=18,FULL_AXES_RECT,98,98,1138,678,16,01,VQL,0,1,SHA256_UNIQUE,LI_013_16_01.png,13
LI_039_R10.png,LI,L,I,LI_039,39,10,PRESENT,1,0,MARK_PRESENT,1.0,1,BEST_X_SPAN=0.939;XBIN_SUPPORT=0.625;N_OBLIQUE_SEGMENTS=18,FULL_AXES_RECT,98,98,1138,678,16,01,VQL,0,1,SHA256_UNIQUE,LI_013_16_01.png,13
LI_040_R01.png,LI,L,I,LI_040,40,1,PRESENT,1,0,MARK_PRESENT,0.8,0,BEST_X_SPAN=0.000;XBIN_SUPPORT=0.575;N_OBLIQUE_SEGMENTS=15,AXIS_PARTIAL,79,55,1118,736,1,00,Zero-shot,0,0,SHA256_UNIQUE,LI_001_01_00.png,1
LI_040_R02.png,LI,L,I,LI_040,40,2,PRESENT,1,0,MARK_PRESENT,1.0,1,BEST_X_SPAN=0.929;XBIN_SUPPORT=0.575;N_OBLIQUE_SEGMENTS=18,FULL_AXES_RECT,98,98,1138,678,1,00,Zero-shot,0,0,SHA256_UNIQUE,LI_001_01_00.png,1
LI_040_R03.png,LI,L,I,LI_040,40,3,PRESENT,1,0,MARK_PRESENT,1.0,1,BEST_X_SPAN=0.929;XBIN_SUPPORT=0.575;N_OBLIQUE_SEGMENTS=18,FULL_AXES_RECT,98,98,1138,678,1,00,Zero-shot,0,0,SHA256_UNIQUE,LI_001_01_00.png,1
LI_040_R04.png,LI,L,I,LI_040,40,4,PRESENT,1,0,MARK_PRESENT,1.0,1,BEST_X_SPAN=0.929;XBIN_SUPPORT=0.575;N_OBLIQUE_SEGMENTS=18,FULL_AXES_RECT,98,98,1138,678,1,00,Zero-shot,0,0,SHA256_UNIQUE,LI_001_01_00.png,1
LI_040_R05.png,LI,L,I,LI_040,40,5,PRESENT,1,0,MARK_PRESENT,1.0,1,BEST_X_SPAN=0.929;XBIN_SUPPORT=0.575;N_OBLIQUE_SEGMENTS=18,FULL_AXES_RECT,98,98,1138,678,1,00,Zero-shot,0,0,SHA256_UNIQUE,LI_001_01_00.png,1
LI_040_R06.png,LI,L,I,LI_040,40,6,PRESENT,1,0,MARK_PRESENT,1.0,1,BEST_X_SPAN=0.929;XBIN_SUPPORT=0.575;N_OBLIQUE_SEGMENTS=18,FULL_AXES_RECT,98,98,1138,678,1,00,Zero-shot,0,0,SHA256_UNIQUE,LI_001_01_00.png,1
LI_040_R07.png,LI,L,I,LI_040,40,7,PRESENT,1,0,MARK_PRESENT,1.0,1,BEST_X_SPAN=0.929;XBIN_SUPPORT=0.575;N_OBLIQUE_SEGMENTS=18,FULL_AXES_RECT,98,98,1138,678,1,00,Zero-shot,0,0,SHA256_UNIQUE,LI_001_01_00.png,1
LI_040_R08.png,LI,L,I,LI_040,40,8,PRESENT,1,0,MARK_PRESENT,1.0,1,BEST_X_SPAN=0.929;XBIN_SUPPORT=0.575;N_OBLIQUE_SEGMENTS=18,FULL_AXES_RECT,98,98,1138,678,1,00,Zero-shot,0,0,SHA256_UNIQUE,LI_001_01_00.png,1
LI_040_R09.png,LI,L,I,LI_040,40,9,PRESENT,1,0,MARK_PRESENT,1.0,1,BEST_X_SPAN=0.929;XBIN_SUPPORT=0.575;N_OBLIQUE_SEGMENTS=18,FULL_AXES_RECT,98,98,1138,678,1,00,Zero-shot,0,0,SHA256_UNIQUE,LI_001_01_00.png,1
LI_040_R10.png,LI,L,I,LI_040,40,10,PRESENT,1,0,MARK_PRESENT,1.0,1,BEST_X_SPAN=0.929;XBIN_SUPPORT=0.575;N_OBLIQUE_SEGMENTS=18,FULL_AXES_RECT,98,98,1138,678,1,00,Zero-shot,0,0,SHA256_UNIQUE,LI_001_01_00.png,1
LI_041_R01.png,LI,L,I,LI_041,41,1,PRESENT,1,0,MARK_PRESENT,0.8,0,BEST_X_SPAN=0.000;XBIN_SUPPORT=0.825;N_OBLIQUE_SEGMENTS=23,AXIS_PARTIAL,63,47,1049,616,4,00,Zero-shot,0,0,SHA256_UNIQUE,LI_002_04_00.png,2
LI_041_R02.png,LI,L,I,LI_041,41,2,PRESENT,1,0,MARK_PRESENT,1.0,1,BEST_X_SPAN=0.933;XBIN_SUPPORT=0.675;N_OBLIQUE_SEGMENTS=20,FULL_AXES_RECT,98,98,1138,678,4,00,Zero-shot,0,0,SHA256_UNIQUE,LI_002_04_00.png,2
LI_041_R03.png,LI,L,I,LI_041,41,3,PRESENT,1,0,MARK_PRESENT,1.0,1,BEST_X_SPAN=0.933;XBIN_SUPPORT=0.675;N_OBLIQUE_SEGMENTS=20,FULL_AXES_RECT,98,98,1138,678,4,00,Zero-shot,0,0,SHA256_UNIQUE,LI_002_04_00.png,2
LI_041_R04.png,LI,L,I,LI_041,41,4,PRESENT,1,0,MARK_PRESENT,1.0,1,BEST_X_SPAN=0.933;XBIN_SUPPORT=0.675;N_OBLIQUE_SEGMENTS=20,FULL_AXES_RECT,98,98,1138,678,4,00,Zero-shot,0,0,SHA256_UNIQUE,LI_002_04_00.png,2
LI_041_R05.png,LI,L,I,LI_041,41,5,PRESENT,1,0,MARK_PRESENT,1.0,1,BEST_X_SPAN=0.933;XBIN_SUPPORT=0.675;N_OBLIQUE_SEGMENTS=20,FULL_AXES_RECT,98,98,1138,678,4,00,Zero-shot,0,0,SHA256_UNIQUE,LI_002_04_00.png,2
LI_041_R06.png,LI,L,I,LI_041,41,6,PRESENT,1,0,MARK_PRESENT,1.0,1,BEST_X_SPAN=0.933;XBIN_SUPPORT=0.675;N_OBLIQUE_SEGMENTS=20,FULL_AXES_RECT,98,98,1138,678,4,00,Zero-shot,0,0,SHA256_UNIQUE,LI_002_04_00.png,2
LI_041_R07.png,LI,L,I,LI_041,41,7,PRESENT,1,0,MARK_PRESENT,1.0,1,BEST_X_SPAN=0.933;XBIN_SUPPORT=0.675;N_OBLIQUE_SEGMENTS=20,FULL_AXES_RECT,98,98,1138,678,4,00,Zero-shot,0,0,SHA256_UNIQUE,LI_002_04_00.png,2
LI_041_R08.png,LI,L,I,LI_041,41,8,PRESENT,1,0,MARK_PRESENT,1.0,1,BEST_X_SPAN=0.933;XBIN_SUPPORT=0.675;N_OBLIQUE_SEGMENTS=20,FULL_AXES_RECT,98,98,1138,678,4,00,Zero-shot,0,0,SHA256_UNIQUE,LI_002_04_00.png,2
LI_041_R09.png,LI,L,I,LI_041,41,9,PRESENT,1,0,MARK_PRESENT,1.0,1,BEST_X_SPAN=0.933;XBIN_SUPPORT=0.675;N_OBLIQUE_SEGMENTS=20,FULL_AXES_RECT,98,98,1138,678,4,00,Zero-shot,0,0,SHA256_UNIQUE,LI_002_04_00.png,2
LI_041_R10.png,LI,L,I,LI_041,41,10,PRESENT,1,0,MARK_PRESENT,1.0,1,BEST_X_SPAN=0.933;XBIN_SUPPORT=0.675;N_OBLIQUE_SEGMENTS=20,FULL_AXES_RECT,98,98,1138,678,4,00,Zero-shot,0,0,SHA256_UNIQUE,LI_002_04_00.png,2
LI_042_R01.png,LI,L,I,LI_042,42,1,PRESENT,1,0,MARK_PRESENT,0.8,0,BEST_X_SPAN=0.000;XBIN_SUPPORT=0.600;N_OBLIQUE_SEGMENTS=19,AXIS_PARTIAL,63,47,1049,616,6,00,Zero-shot,0,0,SHA256_UNIQUE,LI_003_06_00.png,3
LI_042_R02.png,LI,L,I,LI_042,42,2,PRESENT,1,0,MARK_PRESENT,0.9551269035532995,1,BEST_X_SPAN=0.194;XBIN_SUPPORT=0.650;N_OBLIQUE_SEGMENTS=21,AXIS_PARTIAL,80,47,1064,616,6,00,Zero-shot,0,0,SHA256_UNIQUE,LI_003_06_00.png,3
LI_042_R03.png,LI,L,I,LI_042,42,3,PRESENT,1,0,MARK_PRESENT,0.9551269035532995,1,BEST_X_SPAN=0.194;XBIN_SUPPORT=0.650;N_OBLIQUE_SEGMENTS=21,AXIS_PARTIAL,80,47,1064,616,6,00,Zero-shot,0,0,SHA256_UNIQUE,LI_003_06_00.png,3
LI_042_R04.png,LI,L,I,LI_042,42,4,PRESENT,1,0,MARK_PRESENT,0.9551269035532995,1,BEST_X_SPAN=0.194;XBIN_SUPPORT=0.650;N_OBLIQUE_SEGMENTS=21,AXIS_PARTIAL,80,47,1064,616,6,00,Zero-shot,0,0,SHA256_UNIQUE,LI_003_06_00.png,3
LI_042_R05.png,LI,L,I,LI_042,42,5,PRESENT,1,0,MARK_PRESENT,0.9551269035532995,1,BEST_X_SPAN=0.194;XBIN_SUPPORT=0.650;N_OBLIQUE_SEGMENTS=21,AXIS_PARTIAL,80,47,1064,616,6,00,Zero-shot,0,0,SHA256_UNIQUE,LI_003_06_00.png,3
LI_042_R06.png,LI,L,I,LI_042,42,6,PRESENT,1,0,MARK_PRESENT,0.9551269035532995,1,BEST_X_SPAN=0.194;XBIN_SUPPORT=0.650;N_OBLIQUE_SEGMENTS=21,AXIS_PARTIAL,80,47,1064,616,6,00,Zero-shot,0,0,SHA256_UNIQUE,LI_003_06_00.png,3
LI_042_R07.png,LI,L,I,LI_042,42,7,PRESENT,1,0,MARK_PRESENT,0.9551269035532995,1,BEST_X_SPAN=0.194;XBIN_SUPPORT=0.650;N_OBLIQUE_SEGMENTS=21,AXIS_PARTIAL,80,47,1064,616,6,00,Zero-shot,0,0,SHA256_UNIQUE,LI_003_06_00.png,3
LI_042_R08.png,LI,L,I,LI_042,42,8,PRESENT,1,0,MARK_PRESENT,0.9551269035532995,1,BEST_X_SPAN=0.194;XBIN_SUPPORT=0.650;N_OBLIQUE_SEGMENTS=21,AXIS_PARTIAL,80,47,1064,616,6,00,Zero-shot,0,0,SHA256_UNIQUE,LI_003_06_00.png,3
LI_042_R09.png,LI,L,I,LI_042,42,9,PRESENT,1,0,MARK_PRESENT,0.9551269035532995,1,BEST_X_SPAN=0.194;XBIN_SUPPORT=0.650;N_OBLIQUE_SEGMENTS=21,AXIS_PARTIAL,80,47,1064,616,6,00,Zero-shot,0,0,SHA256_UNIQUE,LI_003_06_00.png,3
LI_042_R10.png,LI,L,I,LI_042,42,10,PRESENT,1,0,MARK_PRESENT,0.9551269035532995,1,BEST_X_SPAN=0.194;XBIN_SUPPORT=0.650;N_OBLIQUE_SEGMENTS=21,AXIS_PARTIAL,80,47,1064,616,6,00,Zero-shot,0,0,SHA256_UNIQUE,LI_003_06_00.png,3
LI_043_R01.png,LI,L,I,LI_043,43,1,PRESENT,1,0,MARK_PRESENT,0.9551269035532995,1,BEST_X_SPAN=0.194;XBIN_SUPPORT=0.600;N_OBLIQUE_SEGMENTS=15,AXIS_PARTIAL,80,47,1064,616,7,00,Zero-shot,0,0,SHA256_UNIQUE,LI_004_07_00.png,4
LI_043_R02.png,LI,L,I,LI_043,43,2,PRESENT,1,0,MARK_PRESENT,1.0,1,BEST_X_SPAN=0.929;XBIN_SUPPORT=0.575;N_OBLIQUE_SEGMENTS=18,FULL_AXES_RECT,98,98,1138,678,7,00,Zero-shot,0,0,SHA256_UNIQUE,LI_004_07_00.png,4
LI_043_R03.png,LI,L,I,LI_043,43,3,PRESENT,1,0,MARK_PRESENT,1.0,1,BEST_X_SPAN=0.929;XBIN_SUPPORT=0.575;N_OBLIQUE_SEGMENTS=18,FULL_AXES_RECT,98,98,1138,678,7,00,Zero-shot,0,0,SHA256_UNIQUE,LI_004_07_00.png,4
LI_043_R04.png,LI,L,I,LI_043,43,4,PRESENT,1,0,MARK_PRESENT,1.0,1,BEST_X_SPAN=0.929;XBIN_SUPPORT=0.575;N_OBLIQUE_SEGMENTS=18,FULL_AXES_RECT,98,98,1138,678,7,00,Zero-shot,0,0,SHA256_UNIQUE,LI_004_07_00.png,4
LI_043_R05.png,LI,L,I,LI_043,43,5,PRESENT,1,0,MARK_PRESENT,1.0,1,BEST_X_SPAN=0.929;XBIN_SUPPORT=0.575;N_OBLIQUE_SEGMENTS=18,FULL_AXES_RECT,98,98,1138,678,7,00,Zero-shot,0,0,SHA256_UNIQUE,LI_004_07_00.png,4
LI_043_R06.png,LI,L,I,LI_043,43,6,PRESENT,1,0,MARK_PRESENT,1.0,1,BEST_X_SPAN=0.929;XBIN_SUPPORT=0.575;N_OBLIQUE_SEGMENTS=18,FULL_AXES_RECT,98,98,1138,678,7,00,Zero-shot,0,0,SHA256_UNIQUE,LI_004_07_00.png,4
LI_043_R07.png,LI,L,I,LI_043,43,7,PRESENT,1,0,MARK_PRESENT,1.0,1,BEST_X_SPAN=0.929;XBIN_SUPPORT=0.575;N_OBLIQUE_SEGMENTS=18,FULL_AXES_RECT,98,98,1138,678,7,00,Zero-shot,0,0,SHA256_UNIQUE,LI_004_07_00.png,4
LI_043_R08.png,LI,L,I,LI_043,43,8,PRESENT,1,0,MARK_PRESENT,1.0,1,BEST_X_SPAN=0.929;XBIN_SUPPORT=0.575;N_OBLIQUE_SEGMENTS=18,FULL_AXES_RECT,98,98,1138,678,7,00,Zero-shot,0,0,SHA256_UNIQUE,LI_004_07_00.png,4
LI_043_R09.png,LI,L,I,LI_043,43,9,PRESENT,1,0,MARK_PRESENT,1.0,1,BEST_X_SPAN=0.929;XBIN_SUPPORT=0.575;N_OBLIQUE_SEGMENTS=18,FULL_AXES_RECT,98,98,1138,678,7,00,Zero-shot,0,0,SHA256_UNIQUE,LI_004_07_00.png,4
LI_043_R10.png,LI,L,I,LI_043,43,10,PRESENT,1,0,MARK_PRESENT,1.0,1,BEST_X_SPAN=0.929;XBIN_SUPPORT=0.575;N_OBLIQUE_SEGMENTS=18,FULL_AXES_RECT,98,98,1138,678,7,00,Zero-shot,0,0,SHA256_UNIQUE,LI_004_07_00.png,4
LI_044_R01.png,LI,L,I,LI_044,44,1,PRESENT,1,0,MARK_PRESENT,0.8,0,BEST_X_SPAN=0.000;XBIN_SUPPORT=0.750;N_OBLIQUE_SEGMENTS=23,AXIS_PARTIAL,80,47,1064,616,8,00,Zero-shot,0,0,SHA256_UNIQUE,LI_005_08_00.png,5
LI_044_R02.png,LI,L,I,LI_044,44,2,PRESENT,1,0,MARK_PRESENT,0.9551269035532995,1,BEST_X_SPAN=0.194;XBIN_SUPPORT=0.650;N_OBLIQUE_SEGMENTS=21,AXIS_PARTIAL,80,47,1064,616,8,00,Zero-shot,0,0,SHA256_UNIQUE,LI_005_08_00.png,5
LI_044_R03.png,LI,L,I,LI_044,44,3,PRESENT,1,0,MARK_PRESENT,0.9551269035532995,1,BEST_X_SPAN=0.194;XBIN_SUPPORT=0.650;N_OBLIQUE_SEGMENTS=21,AXIS_PARTIAL,80,47,1064,616,8,00,Zero-shot,0,0,SHA256_UNIQUE,LI_005_08_00.png,5
LI_044_R04.png,LI,L,I,LI_044,44,4,PRESENT,1,0,MARK_PRESENT,0.9551269035532995,1,BEST_X_SPAN=0.194;XBIN_SUPPORT=0.650;N_OBLIQUE_SEGMENTS=21,AXIS_PARTIAL,80,47,1064,616,8,00,Zero-shot,0,0,SHA256_UNIQUE,LI_005_08_00.png,5
LI_044_R05.png,LI,L,I,LI_044,44,5,PRESENT,1,0,MARK_PRESENT,0.9551269035532995,1,BEST_X_SPAN=0.194;XBIN_SUPPORT=0.650;N_OBLIQUE_SEGMENTS=21,AXIS_PARTIAL,80,47,1064,616,8,00,Zero-shot,0,0,SHA256_UNIQUE,LI_005_08_00.png,5
LI_044_R06.png,LI,L,I,LI_044,44,6,PRESENT,1,0,MARK_PRESENT,0.9551269035532995,1,BEST_X_SPAN=0.194;XBIN_SUPPORT=0.650;N_OBLIQUE_SEGMENTS=21,AXIS_PARTIAL,80,47,1064,616,8,00,Zero-shot,0,0,SHA256_UNIQUE,LI_005_08_00.png,5
LI_044_R07.png,LI,L,I,LI_044,44,7,PRESENT,1,0,MARK_PRESENT,0.9551269035532995,1,BEST_X_SPAN=0.194;XBIN_SUPPORT=0.650;N_OBLIQUE_SEGMENTS=21,AXIS_PARTIAL,80,47,1064,616,8,00,Zero-shot,0,0,SHA256_UNIQUE,LI_005_08_00.png,5
LI_044_R08.png,LI,L,I,LI_044,44,8,PRESENT,1,0,MARK_PRESENT,0.9551269035532995,1,BEST_X_SPAN=0.194;XBIN_SUPPORT=0.650;N_OBLIQUE_SEGMENTS=21,AXIS_PARTIAL,80,47,1064,616,8,00,Zero-shot,0,0,SHA256_UNIQUE,LI_005_08_00.png,5
LI_044_R09.png,LI,L,I,LI_044,44,9,PRESENT,1,0,MARK_PRESENT,0.9551269035532995,1,BEST_X_SPAN=0.194;XBIN_SUPPORT=0.650;N_OBLIQUE_SEGMENTS=21,AXIS_PARTIAL,80,47,1064,616,8,00,Zero-shot,0,0,SHA256_UNIQUE,LI_005_08_00.png,5
LI_044_R10.png,LI,L,I,LI_044,44,10,PRESENT,1,0,MARK_PRESENT,0.9551269035532995,1,BEST_X_SPAN=0.194;XBIN_SUPPORT=0.650;N_OBLIQUE_SEGMENTS=21,AXIS_PARTIAL,80,47,1064,616,8,00,Zero-shot,0,0,SHA256_UNIQUE,LI_005_08_00.png,5
LI_045_R01.png,LI,L,I,LI_045,45,1,PRESENT,1,0,MARK_PRESENT,1.0,1,BEST_X_SPAN=0.958;XBIN_SUPPORT=0.675;N_OBLIQUE_SEGMENTS=14,AXIS_PARTIAL,59,46,1045,616,9,00,Zero-shot,0,0,SHA256_UNIQUE,LI_006_09_00.png,6
LI_045_R02.png,LI,L,I,LI_045,45,2,PRESENT,1,0,MARK_PRESENT,0.8,0,BEST_X_SPAN=0.000;XBIN_SUPPORT=0.600;N_OBLIQUE_SEGMENTS=12,AXIS_PARTIAL,97,47,1081,616,9,00,Zero-shot,0,0,SHA256_UNIQUE,LI_006_09_00.png,6
LI_045_R03.png,LI,L,I,LI_045,45,3,PRESENT,1,0,MARK_PRESENT,0.8,0,BEST_X_SPAN=0.000;XBIN_SUPPORT=0.600;N_OBLIQUE_SEGMENTS=12,AXIS_PARTIAL,97,47,1081,616,9,00,Zero-shot,0,0,SHA256_UNIQUE,LI_006_09_00.png,6
LI_045_R04.png,LI,L,I,LI_045,45,4,PRESENT,1,0,MARK_PRESENT,0.8,0,BEST_X_SPAN=0.000;XBIN_SUPPORT=0.600;N_OBLIQUE_SEGMENTS=12,AXIS_PARTIAL,97,47,1081,616,9,00,Zero-shot,0,0,SHA256_UNIQUE,LI_006_09_00.png,6
LI_045_R05.png,LI,L,I,LI_045,45,5,PRESENT,1,0,MARK_PRESENT,0.8,0,BEST_X_SPAN=0.000;XBIN_SUPPORT=0.600;N_OBLIQUE_SEGMENTS=12,AXIS_PARTIAL,97,47,1081,616,9,00,Zero-shot,0,0,SHA256_UNIQUE,LI_006_09_00.png,6
LI_045_R06.png,LI,L,I,LI_045,45,6,PRESENT,1,0,MARK_PRESENT,0.8,0,BEST_X_SPAN=0.000;XBIN_SUPPORT=0.600;N_OBLIQUE_SEGMENTS=12,AXIS_PARTIAL,97,47,1081,616,9,00,Zero-shot,0,0,SHA256_UNIQUE,LI_006_09_00.png,6
LI_045_R07.png,LI,L,I,LI_045,45,7,PRESENT,1,0,MARK_PRESENT,0.8,0,BEST_X_SPAN=0.000;XBIN_SUPPORT=0.600;N_OBLIQUE_SEGMENTS=12,AXIS_PARTIAL,97,47,1081,616,9,00,Zero-shot,0,0,SHA256_UNIQUE,LI_006_09_00.png,6
LI_045_R08.png,LI,L,I,LI_045,45,8,PRESENT,1,0,MARK_PRESENT,0.8,0,BEST_X_SPAN=0.000;XBIN_SUPPORT=0.600;N_OBLIQUE_SEGMENTS=12,AXIS_PARTIAL,97,47,1081,616,9,00,Zero-shot,0,0,SHA256_UNIQUE,LI_006_09_00.png,6
LI_045_R09.png,LI,L,I,LI_045,45,9,PRESENT,1,0,MARK_PRESENT,0.8,0,BEST_X_SPAN=0.000;XBIN_SUPPORT=0.600;N_OBLIQUE_SEGMENTS=12,AXIS_PARTIAL,97,47,1081,616,9,00,Zero-shot,0,0,SHA256_UNIQUE,LI_006_09_00.png,6
LI_045_R10.png,LI,L,I,LI_045,45,10,PRESENT,1,0,MARK_PRESENT,0.8,0,BEST_X_SPAN=0.000;XBIN_SUPPORT=0.600;N_OBLIQUE_SEGMENTS=12,AXIS_PARTIAL,97,47,1081,616,9,00,Zero-shot,0,0,SHA256_UNIQUE,LI_006_09_00.png,6
LI_046_R01.png,LI,L,I,LI_046,46,1,PRESENT,1,0,MARK_PRESENT,1.0,1,BEST_X_SPAN=1.000;XBIN_SUPPORT=0.600;N_OBLIQUE_SEGMENTS=12,FULL_AXES_RECT,63,34,1105,616,10,00,Zero-shot,0,0,SHA256_UNIQUE,LI_007_10_00.png,7
LI_046_R02.png,LI,L,I,LI_046,46,2,PRESENT,1,0,MARK_PRESENT,0.8,0,BEST_X_SPAN=0.000;XBIN_SUPPORT=0.575;N_OBLIQUE_SEGMENTS=12,AXIS_PARTIAL,79,47,1063,616,10,00,Zero-shot,0,0,SHA256_UNIQUE,LI_007_10_00.png,7
LI_046_R03.png,LI,L,I,LI_046,46,3,PRESENT,1,0,MARK_PRESENT,0.8,0,BEST_X_SPAN=0.000;XBIN_SUPPORT=0.575;N_OBLIQUE_SEGMENTS=12,AXIS_PARTIAL,79,47,1063,616,10,00,Zero-shot,0,0,SHA256_UNIQUE,LI_007_10_00.png,7
LI_046_R04.png,LI,L,I,LI_046,46,4,PRESENT,1,0,MARK_PRESENT,0.8,0,BEST_X_SPAN=0.000;XBIN_SUPPORT=0.575;N_OBLIQUE_SEGMENTS=12,AXIS_PARTIAL,79,47,1063,616,10,00,Zero-shot,0,0,SHA256_UNIQUE,LI_007_10_00.png,7
LI_046_R05.png,LI,L,I,LI_046,46,5,PRESENT,1,0,MARK_PRESENT,0.8,0,BEST_X_SPAN=0.000;XBIN_SUPPORT=0.575;N_OBLIQUE_SEGMENTS=12,AXIS_PARTIAL,79,47,1063,616,10,00,Zero-shot,0,0,SHA256_UNIQUE,LI_007_10_00.png,7
LI_046_R06.png,LI,L,I,LI_046,46,6,PRESENT,1,0,MARK_PRESENT,0.8,0,BEST_X_SPAN=0.000;XBIN_SUPPORT=0.575;N_OBLIQUE_SEGMENTS=12,AXIS_PARTIAL,79,47,1063,616,10,00,Zero-shot,0,0,SHA256_UNIQUE,LI_007_10_00.png,7
LI_046_R07.png,LI,L,I,LI_046,46,7,PRESENT,1,0,MARK_PRESENT,0.8,0,BEST_X_SPAN=0.000;XBIN_SUPPORT=0.575;N_OBLIQUE_SEGMENTS=12,AXIS_PARTIAL,79,47,1063,616,10,00,Zero-shot,0,0,SHA256_UNIQUE,LI_007_10_00.png,7
LI_046_R08.png,LI,L,I,LI_046,46,8,PRESENT,1,0,MARK_PRESENT,0.8,0,BEST_X_SPAN=0.000;XBIN_SUPPORT=0.575;N_OBLIQUE_SEGMENTS=12,AXIS_PARTIAL,79,47,1063,616,10,00,Zero-shot,0,0,SHA256_UNIQUE,LI_007_10_00.png,7
LI_046_R09.png,LI,L,I,LI_046,46,9,PRESENT,1,0,MARK_PRESENT,0.8,0,BEST_X_SPAN=0.000;XBIN_SUPPORT=0.575;N_OBLIQUE_SEGMENTS=12,AXIS_PARTIAL,79,47,1063,616,10,00,Zero-shot,0,0,SHA256_UNIQUE,LI_007_10_00.png,7
LI_046_R10.png,LI,L,I,LI_046,46,10,PRESENT,1,0,MARK_PRESENT,0.8,0,BEST_X_SPAN=0.000;XBIN_SUPPORT=0.575;N_OBLIQUE_SEGMENTS=12,AXIS_PARTIAL,79,47,1063,616,10,00,Zero-shot,0,0,SHA256_UNIQUE,LI_007_10_00.png,7
LI_047_R01.png,LI,L,I,LI_047,47,1,PRESENT,1,0,MARK_PRESENT,0.8,0,BEST_X_SPAN=0.000;XBIN_SUPPORT=0.725;N_OBLIQUE_SEGMENTS=17,AXIS_PARTIAL,102,49,978,648,11,00,Zero-shot,0,0,SHA256_UNIQUE,LI_008_11_00.png,8
LI_047_R02.png,LI,L,I,LI_047,47,2,PRESENT,1,0,MARK_PRESENT,0.8,0,BEST_X_SPAN=0.000;XBIN_SUPPORT=0.600;N_OBLIQUE_SEGMENTS=12,AXIS_PARTIAL,80,47,1064,616,11,00,Zero-shot,0,0,SHA256_UNIQUE,LI_008_11_00.png,8
LI_047_R03.png,LI,L,I,LI_047,47,3,PRESENT,1,0,MARK_PRESENT,0.8,0,BEST_X_SPAN=0.000;XBIN_SUPPORT=0.600;N_OBLIQUE_SEGMENTS=12,AXIS_PARTIAL,80,47,1064,616,11,00,Zero-shot,0,0,SHA256_UNIQUE,LI_008_11_00.png,8
LI_047_R04.png,LI,L,I,LI_047,47,4,PRESENT,1,0,MARK_PRESENT,0.8,0,BEST_X_SPAN=0.000;XBIN_SUPPORT=0.600;N_OBLIQUE_SEGMENTS=12,AXIS_PARTIAL,80,47,1064,616,11,00,Zero-shot,0,0,SHA256_UNIQUE,LI_008_11_00.png,8
LI_047_R05.png,LI,L,I,LI_047,47,5,PRESENT,1,0,MARK_PRESENT,0.8,0,BEST_X_SPAN=0.000;XBIN_SUPPORT=0.600;N_OBLIQUE_SEGMENTS=12,AXIS_PARTIAL,80,47,1064,616,11,00,Zero-shot,0,0,SHA256_UNIQUE,LI_008_11_00.png,8
LI_047_R06.png,LI,L,I,LI_047,47,6,PRESENT,1,0,MARK_PRESENT,0.8,0,BEST_X_SPAN=0.000;XBIN_SUPPORT=0.600;N_OBLIQUE_SEGMENTS=12,AXIS_PARTIAL,80,47,1064,616,11,00,Zero-shot,0,0,SHA256_UNIQUE,LI_008_11_00.png,8
LI_047_R07.png,LI,L,I,LI_047,47,7,PRESENT,1,0,MARK_PRESENT,0.8,0,BEST_X_SPAN=0.000;XBIN_SUPPORT=0.600;N_OBLIQUE_SEGMENTS=12,AXIS_PARTIAL,80,47,1064,616,11,00,Zero-shot,0,0,SHA256_UNIQUE,LI_008_11_00.png,8
LI_047_R08.png,LI,L,I,LI_047,47,8,PRESENT,1,0,MARK_PRESENT,0.8,0,BEST_X_SPAN=0.000;XBIN_SUPPORT=0.600;N_OBLIQUE_SEGMENTS=12,AXIS_PARTIAL,80,47,1064,616,11,00,Zero-shot,0,0,SHA256_UNIQUE,LI_008_11_00.png,8
LI_047_R09.png,LI,L,I,LI_047,47,9,PRESENT,1,0,MARK_PRESENT,0.8,0,BEST_X_SPAN=0.000;XBIN_SUPPORT=0.600;N_OBLIQUE_SEGMENTS=12,AXIS_PARTIAL,80,47,1064,616,11,00,Zero-shot,0,0,SHA256_UNIQUE,LI_008_11_00.png,8
LI_047_R10.png,LI,L,I,LI_047,47,10,PRESENT,1,0,MARK_PRESENT,0.8,0,BEST_X_SPAN=0.000;XBIN_SUPPORT=0.600;N_OBLIQUE_SEGMENTS=12,AXIS_PARTIAL,80,47,1064,616,11,00,Zero-shot,0,0,SHA256_UNIQUE,LI_008_11_00.png,8
LI_048_R01.png,LI,L,I,LI_048,48,1,PRESENT,1,0,MARK_PRESENT,0.8,0,BEST_X_SPAN=0.000;XBIN_SUPPORT=0.600;N_OBLIQUE_SEGMENTS=9,AXIS_PARTIAL,93,47,1076,616,12,00,Zero-shot,0,0,SHA256_UNIQUE,LI_009_12_00.png,9
LI_048_R02.png,LI,L,I,LI_048,48,2,PRESENT,1,0,MARK_PRESENT,0.8,0,BEST_X_SPAN=0.000;XBIN_SUPPORT=0.600;N_OBLIQUE_SEGMENTS=13,AXIS_PARTIAL,79,47,1063,616,12,00,Zero-shot,0,0,SHA256_UNIQUE,LI_009_12_00.png,9
LI_048_R03.png,LI,L,I,LI_048,48,3,PRESENT,1,0,MARK_PRESENT,0.8,0,BEST_X_SPAN=0.000;XBIN_SUPPORT=0.600;N_OBLIQUE_SEGMENTS=13,AXIS_PARTIAL,79,47,1063,616,12,00,Zero-shot,0,0,SHA256_UNIQUE,LI_009_12_00.png,9
LI_048_R04.png,LI,L,I,LI_048,48,4,PRESENT,1,0,MARK_PRESENT,0.8,0,BEST_X_SPAN=0.000;XBIN_SUPPORT=0.600;N_OBLIQUE_SEGMENTS=13,AXIS_PARTIAL,79,47,1063,616,12,00,Zero-shot,0,0,SHA256_UNIQUE,LI_009_12_00.png,9
LI_048_R05.png,LI,L,I,LI_048,48,5,PRESENT,1,0,MARK_PRESENT,0.8,0,BEST_X_SPAN=0.000;XBIN_SUPPORT=0.600;N_OBLIQUE_SEGMENTS=13,AXIS_PARTIAL,79,47,1063,616,12,00,Zero-shot,0,0,SHA256_UNIQUE,LI_009_12_00.png,9
LI_048_R06.png,LI,L,I,LI_048,48,6,PRESENT,1,0,MARK_PRESENT,0.8,0,BEST_X_SPAN=0.000;XBIN_SUPPORT=0.600;N_OBLIQUE_SEGMENTS=13,AXIS_PARTIAL,79,47,1063,616,12,00,Zero-shot,0,0,SHA256_UNIQUE,LI_009_12_00.png,9
LI_048_R07.png,LI,L,I,LI_048,48,7,PRESENT,1,0,MARK_PRESENT,0.8,0,BEST_X_SPAN=0.000;XBIN_SUPPORT=0.600;N_OBLIQUE_SEGMENTS=13,AXIS_PARTIAL,79,47,1063,616,12,00,Zero-shot,0,0,SHA256_UNIQUE,LI_009_12_00.png,9
LI_048_R08.png,LI,L,I,LI_048,48,8,PRESENT,1,0,MARK_PRESENT,0.8,0,BEST_X_SPAN=0.000;XBIN_SUPPORT=0.600;N_OBLIQUE_SEGMENTS=13,AXIS_PARTIAL,79,47,1063,616,12,00,Zero-shot,0,0,SHA256_UNIQUE,LI_009_12_00.png,9
LI_048_R09.png,LI,L,I,LI_048,48,9,PRESENT,1,0,MARK_PRESENT,0.8,0,BEST_X_SPAN=0.000;XBIN_SUPPORT=0.600;N_OBLIQUE_SEGMENTS=13,AXIS_PARTIAL,79,47,1063,616,12,00,Zero-shot,0,0,SHA256_UNIQUE,LI_009_12_00.png,9
LI_048_R10.png,LI,L,I,LI_048,48,10,PRESENT,1,0,MARK_PRESENT,0.8,0,BEST_X_SPAN=0.000;XBIN_SUPPORT=0.600;N_OBLIQUE_SEGMENTS=13,AXIS_PARTIAL,79,47,1063,616,12,00,Zero-shot,0,0,SHA256_UNIQUE,LI_009_12_00.png,9
LI_049_R01.png,LI,L,I,LI_049,49,1,PRESENT,1,0,MARK_PRESENT,0.8,0,BEST_X_SPAN=0.000;XBIN_SUPPORT=0.850;N_OBLIQUE_SEGMENTS=25,AXIS_PARTIAL,80,49,957,648,13,00,Zero-shot,0,0,SHA256_UNIQUE,LI_010_13_00.png,10
LI_049_R02.png,LI,L,I,LI_049,49,2,PRESENT,1,0,MARK_PRESENT,0.8,0,BEST_X_SPAN=0.000;XBIN_SUPPORT=0.600;N_OBLIQUE_SEGMENTS=13,AXIS_PARTIAL,79,47,1063,616,13,00,Zero-shot,0,0,SHA256_UNIQUE,LI_010_13_00.png,10
LI_049_R03.png,LI,L,I,LI_049,49,3,PRESENT,1,0,MARK_PRESENT,0.8,0,BEST_X_SPAN=0.000;XBIN_SUPPORT=0.600;N_OBLIQUE_SEGMENTS=13,AXIS_PARTIAL,79,47,1063,616,13,00,Zero-shot,0,0,SHA256_UNIQUE,LI_010_13_00.png,10
LI_049_R04.png,LI,L,I,LI_049,49,4,PRESENT,1,0,MARK_PRESENT,0.7725,0,BEST_X_SPAN=0.000;XBIN_SUPPORT=0.475;N_OBLIQUE_SEGMENTS=13,AXIS_PARTIAL,79,47,1063,616,13,00,Zero-shot,0,0,SHA256_UNIQUE,LI_010_13_00.png,10
LI_049_R05.png,LI,L,I,LI_049,49,5,PRESENT,1,0,MARK_PRESENT,0.8,0,BEST_X_SPAN=0.000;XBIN_SUPPORT=0.600;N_OBLIQUE_SEGMENTS=13,AXIS_PARTIAL,79,47,1063,616,13,00,Zero-shot,0,0,SHA256_UNIQUE,LI_010_13_00.png,10
LI_049_R06.png,LI,L,I,LI_049,49,6,PRESENT,1,0,MARK_PRESENT,0.8,0,BEST_X_SPAN=0.000;XBIN_SUPPORT=0.600;N_OBLIQUE_SEGMENTS=13,AXIS_PARTIAL,79,47,1063,616,13,00,Zero-shot,0,0,SHA256_UNIQUE,LI_010_13_00.png,10
LI_049_R07.png,LI,L,I,LI_049,49,7,PRESENT,1,0,MARK_PRESENT,0.7725,0,BEST_X_SPAN=0.000;XBIN_SUPPORT=0.475;N_OBLIQUE_SEGMENTS=13,AXIS_PARTIAL,79,47,1063,616,13,00,Zero-shot,0,0,SHA256_UNIQUE,LI_010_13_00.png,10
LI_049_R08.png,LI,L,I,LI_049,49,8,PRESENT,1,0,MARK_PRESENT,0.8,0,BEST_X_SPAN=0.000;XBIN_SUPPORT=0.600;N_OBLIQUE_SEGMENTS=13,AXIS_PARTIAL,79,47,1063,616,13,00,Zero-shot,0,0,SHA256_UNIQUE,LI_010_13_00.png,10
LI_049_R09.png,LI,L,I,LI_049,49,9,PRESENT,1,0,MARK_PRESENT,0.8,0,BEST_X_SPAN=0.000;XBIN_SUPPORT=0.600;N_OBLIQUE_SEGMENTS=13,AXIS_PARTIAL,79,47,1063,616,13,00,Zero-shot,0,0,SHA256_UNIQUE,LI_010_13_00.png,10
LI_049_R10.png,LI,L,I,LI_049,49,10,PRESENT,1,0,MARK_PRESENT,0.8,0,BEST_X_SPAN=0.000;XBIN_SUPPORT=0.600;N_OBLIQUE_SEGMENTS=13,AXIS_PARTIAL,79,47,1063,616,13,00,Zero-shot,0,0,SHA256_UNIQUE,LI_010_13_00.png,10
LI_050_R01.png,LI,L,I,LI_050,50,1,PRESENT,1,0,MARK_PRESENT,0.8,0,BEST_X_SPAN=0.000;XBIN_SUPPORT=0.575;N_OBLIQUE_SEGMENTS=18,AXIS_PARTIAL,68,47,1053,616,14,00,Zero-shot,0,0,SHA256_UNIQUE,LI_011_14_00.png,11
LI_050_R02.png,LI,L,I,LI_050,50,2,PRESENT,1,0,MARK_PRESENT,0.8,0,BEST_X_SPAN=0.000;XBIN_SUPPORT=0.575;N_OBLIQUE_SEGMENTS=19,AXIS_PARTIAL,80,47,1064,616,14,00,Zero-shot,0,0,SHA256_UNIQUE,LI_011_14_00.png,11
LI_050_R03.png,LI,L,I,LI_050,50,3,PRESENT,1,0,MARK_PRESENT,0.8,0,BEST_X_SPAN=0.000;XBIN_SUPPORT=0.575;N_OBLIQUE_SEGMENTS=19,AXIS_PARTIAL,80,47,1064,616,14,00,Zero-shot,0,0,SHA256_UNIQUE,LI_011_14_00.png,11
LI_050_R04.png,LI,L,I,LI_050,50,4,PRESENT,1,0,MARK_PRESENT,0.8,0,BEST_X_SPAN=0.000;XBIN_SUPPORT=0.575;N_OBLIQUE_SEGMENTS=19,AXIS_PARTIAL,80,47,1064,616,14,00,Zero-shot,0,0,SHA256_UNIQUE,LI_011_14_00.png,11
LI_050_R05.png,LI,L,I,LI_050,50,5,PRESENT,1,0,MARK_PRESENT,0.8,0,BEST_X_SPAN=0.000;XBIN_SUPPORT=0.575;N_OBLIQUE_SEGMENTS=19,AXIS_PARTIAL,80,47,1064,616,14,00,Zero-shot,0,0,SHA256_UNIQUE,LI_011_14_00.png,11
LI_050_R06.png,LI,L,I,LI_050,50,6,PRESENT,1,0,MARK_PRESENT,0.8,0,BEST_X_SPAN=0.000;XBIN_SUPPORT=0.575;N_OBLIQUE_SEGMENTS=19,AXIS_PARTIAL,80,47,1064,616,14,00,Zero-shot,0,0,SHA256_UNIQUE,LI_011_14_00.png,11
LI_050_R07.png,LI,L,I,LI_050,50,7,PRESENT,1,0,MARK_PRESENT,0.8,0,BEST_X_SPAN=0.000;XBIN_SUPPORT=0.575;N_OBLIQUE_SEGMENTS=19,AXIS_PARTIAL,80,47,1064,616,14,00,Zero-shot,0,0,SHA256_UNIQUE,LI_011_14_00.png,11
LI_050_R08.png,LI,L,I,LI_050,50,8,PRESENT,1,0,MARK_PRESENT,0.8,0,BEST_X_SPAN=0.000;XBIN_SUPPORT=0.575;N_OBLIQUE_SEGMENTS=19,AXIS_PARTIAL,80,47,1064,616,14,00,Zero-shot,0,0,SHA256_UNIQUE,LI_011_14_00.png,11
LI_050_R09.png,LI,L,I,LI_050,50,9,PRESENT,1,0,MARK_PRESENT,0.8,0,BEST_X_SPAN=0.000;XBIN_SUPPORT=0.575;N_OBLIQUE_SEGMENTS=19,AXIS_PARTIAL,80,47,1064,616,14,00,Zero-shot,0,0,SHA256_UNIQUE,LI_011_14_00.png,11
LI_050_R10.png,LI,L,I,LI_050,50,10,PRESENT,1,0,MARK_PRESENT,0.8,0,BEST_X_SPAN=0.000;XBIN_SUPPORT=0.575;N_OBLIQUE_SEGMENTS=19,AXIS_PARTIAL,80,47,1064,616,14,00,Zero-shot,0,0,SHA256_UNIQUE,LI_011_14_00.png,11
LI_051_R01.png,LI,L,I,LI_051,51,1,PRESENT,1,0,MARK_PRESENT,0.8,0,BEST_X_SPAN=0.000;XBIN_SUPPORT=0.725;N_OBLIQUE_SEGMENTS=19,AXIS_PARTIAL,80,47,1064,616,15,00,Zero-shot,0,0,SHA256_UNIQUE,LI_012_15_00.png,12
LI_051_R02.png,LI,L,I,LI_051,51,2,PRESENT,1,0,MARK_PRESENT,0.8,0,BEST_X_SPAN=0.000;XBIN_SUPPORT=0.600;N_OBLIQUE_SEGMENTS=17,AXIS_PARTIAL,80,47,1064,616,15,00,Zero-shot,0,0,SHA256_UNIQUE,LI_012_15_00.png,12
LI_051_R03.png,LI,L,I,LI_051,51,3,PRESENT,1,0,MARK_PRESENT,0.8,0,BEST_X_SPAN=0.000;XBIN_SUPPORT=0.600;N_OBLIQUE_SEGMENTS=17,AXIS_PARTIAL,80,47,1064,616,15,00,Zero-shot,0,0,SHA256_UNIQUE,LI_012_15_00.png,12
LI_051_R04.png,LI,L,I,LI_051,51,4,PRESENT,1,0,MARK_PRESENT,0.8,0,BEST_X_SPAN=0.000;XBIN_SUPPORT=0.600;N_OBLIQUE_SEGMENTS=17,AXIS_PARTIAL,80,47,1064,616,15,00,Zero-shot,0,0,SHA256_UNIQUE,LI_012_15_00.png,12
LI_051_R05.png,LI,L,I,LI_051,51,5,PRESENT,1,0,MARK_PRESENT,0.8,0,BEST_X_SPAN=0.000;XBIN_SUPPORT=0.600;N_OBLIQUE_SEGMENTS=17,AXIS_PARTIAL,80,47,1064,616,15,00,Zero-shot,0,0,SHA256_UNIQUE,LI_012_15_00.png,12
LI_051_R06.png,LI,L,I,LI_051,51,6,PRESENT,1,0,MARK_PRESENT,0.8,0,BEST_X_SPAN=0.000;XBIN_SUPPORT=0.600;N_OBLIQUE_SEGMENTS=17,AXIS_PARTIAL,80,47,1064,616,15,00,Zero-shot,0,0,SHA256_UNIQUE,LI_012_15_00.png,12
LI_051_R07.png,LI,L,I,LI_051,51,7,PRESENT,1,0,MARK_PRESENT,0.8,0,BEST_X_SPAN=0.000;XBIN_SUPPORT=0.600;N_OBLIQUE_SEGMENTS=17,AXIS_PARTIAL,80,47,1064,616,15,00,Zero-shot,0,0,SHA256_UNIQUE,LI_012_15_00.png,12
LI_051_R08.png,LI,L,I,LI_051,51,8,PRESENT,1,0,MARK_PRESENT,0.8,0,BEST_X_SPAN=0.000;XBIN_SUPPORT=0.600;N_OBLIQUE_SEGMENTS=17,AXIS_PARTIAL,80,47,1064,616,15,00,Zero-shot,0,0,SHA256_UNIQUE,LI_012_15_00.png,12
LI_051_R09.png,LI,L,I,LI_051,51,9,PRESENT,1,0,MARK_PRESENT,0.8,0,BEST_X_SPAN=0.000;XBIN_SUPPORT=0.600;N_OBLIQUE_SEGMENTS=17,AXIS_PARTIAL,80,47,1064,616,15,00,Zero-shot,0,0,SHA256_UNIQUE,LI_012_15_00.png,12
LI_051_R10.png,LI,L,I,LI_051,51,10,PRESENT,1,0,MARK_PRESENT,0.8,0,BEST_X_SPAN=0.000;XBIN_SUPPORT=0.600;N_OBLIQUE_SEGMENTS=17,AXIS_PARTIAL,80,47,1064,616,15,00,Zero-shot,0,0,SHA256_UNIQUE,LI_012_15_00.png,12
LI_052_R01.png,LI,L,I,LI_052,52,1,PRESENT,1,0,MARK_PRESENT,0.8,0,BEST_X_SPAN=0.000;XBIN_SUPPORT=0.575;N_OBLIQUE_SEGMENTS=24,AXIS_PARTIAL,68,47,1053,616,16,00,Zero-shot,0,0,SHA256_UNIQUE,LI_013_16_00.png,13
LI_052_R02.png,LI,L,I,LI_052,52,2,PRESENT,1,0,MARK_PRESENT,0.8,0,BEST_X_SPAN=0.000;XBIN_SUPPORT=0.575;N_OBLIQUE_SEGMENTS=17,AXIS_PARTIAL,80,47,1064,616,16,00,Zero-shot,0,0,SHA256_UNIQUE,LI_013_16_00.png,13
LI_052_R03.png,LI,L,I,LI_052,52,3,PRESENT,1,0,MARK_PRESENT,0.8,0,BEST_X_SPAN=0.000;XBIN_SUPPORT=0.600;N_OBLIQUE_SEGMENTS=17,AXIS_PARTIAL,80,47,1064,616,16,00,Zero-shot,0,0,SHA256_UNIQUE,LI_013_16_00.png,13
LI_052_R04.png,LI,L,I,LI_052,52,4,PRESENT,1,0,MARK_PRESENT,0.8,0,BEST_X_SPAN=0.000;XBIN_SUPPORT=0.600;N_OBLIQUE_SEGMENTS=17,AXIS_PARTIAL,80,47,1064,616,16,00,Zero-shot,0,0,SHA256_UNIQUE,LI_013_16_00.png,13
LI_052_R05.png,LI,L,I,LI_052,52,5,PRESENT,1,0,MARK_PRESENT,0.8,0,BEST_X_SPAN=0.000;XBIN_SUPPORT=0.600;N_OBLIQUE_SEGMENTS=17,AXIS_PARTIAL,80,47,1064,616,16,00,Zero-shot,0,0,SHA256_UNIQUE,LI_013_16_00.png,13
LI_052_R06.png,LI,L,I,LI_052,52,6,PRESENT,1,0,MARK_PRESENT,0.8,0,BEST_X_SPAN=0.000;XBIN_SUPPORT=0.600;N_OBLIQUE_SEGMENTS=17,AXIS_PARTIAL,80,47,1064,616,16,00,Zero-shot,0,0,SHA256_UNIQUE,LI_013_16_00.png,13
LI_052_R07.png,LI,L,I,LI_052,52,7,PRESENT,1,0,MARK_PRESENT,0.8,0,BEST_X_SPAN=0.000;XBIN_SUPPORT=0.575;N_OBLIQUE_SEGMENTS=17,AXIS_PARTIAL,80,47,1064,616,16,00,Zero-shot,0,0,SHA256_UNIQUE,LI_013_16_00.png,13
LI_052_R08.png,LI,L,I,LI_052,52,8,PRESENT,1,0,MARK_PRESENT,0.8,0,BEST_X_SPAN=0.000;XBIN_SUPPORT=0.600;N_OBLIQUE_SEGMENTS=17,AXIS_PARTIAL,80,47,1064,616,16,00,Zero-shot,0,0,SHA256_UNIQUE,LI_013_16_00.png,13
LI_052_R09.png,LI,L,I,LI_052,52,9,PRESENT,1,0,MARK_PRESENT,0.8,0,BEST_X_SPAN=0.000;XBIN_SUPPORT=0.575;N_OBLIQUE_SEGMENTS=17,AXIS_PARTIAL,80,47,1064,616,16,00,Zero-shot,0,0,SHA256_UNIQUE,LI_013_16_00.png,13
LI_052_R10.png,LI,L,I,LI_052,52,10,PRESENT,1,0,MARK_PRESENT,0.8,0,BEST_X_SPAN=0.000;XBIN_SUPPORT=0.600;N_OBLIQUE_SEGMENTS=17,AXIS_PARTIAL,80,47,1064,616,16,00,Zero-shot,0,0,SHA256_UNIQUE,LI_013_16_00.png,13
SC_001_R01.png,SC,S,C,SC_001,1,1,PRESENT,1,0,MARK_PRESENT,1.0,48,N_MARKERS=48;XDISP=0.982;YDISP=0.989,AXIS_PARTIAL,59,47,1044,616,1,10,Few-shot,1,0,SHA256_UNIQUE,SC_001_01_10.png,1
SC_001_R02.png,SC,S,C,SC_001,1,2,PRESENT,1,0,MARK_PRESENT,1.0,26,N_MARKERS=26;XDISP=0.896;YDISP=0.978,FULL_AXES_RECT,98,98,1138,678,1,10,Few-shot,1,0,SHA256_UNIQUE,SC_001_01_10.png,1
SC_001_R03.png,SC,S,C,SC_001,1,3,PRESENT,1,0,MARK_PRESENT,1.0,26,N_MARKERS=26;XDISP=0.896;YDISP=0.978,FULL_AXES_RECT,98,98,1138,678,1,10,Few-shot,1,0,SHA256_UNIQUE,SC_001_01_10.png,1
SC_001_R04.png,SC,S,C,SC_001,1,4,PRESENT,1,0,MARK_PRESENT,1.0,26,N_MARKERS=26;XDISP=0.896;YDISP=0.978,FULL_AXES_RECT,98,98,1138,678,1,10,Few-shot,1,0,SHA256_UNIQUE,SC_001_01_10.png,1
SC_001_R05.png,SC,S,C,SC_001,1,5,PRESENT,1,0,MARK_PRESENT,1.0,26,N_MARKERS=26;XDISP=0.896;YDISP=0.978,FULL_AXES_RECT,98,98,1138,678,1,10,Few-shot,1,0,SHA256_UNIQUE,SC_001_01_10.png,1
SC_001_R06.png,SC,S,C,SC_001,1,6,PRESENT,1,0,MARK_PRESENT,1.0,26,N_MARKERS=26;XDISP=0.896;YDISP=0.978,FULL_AXES_RECT,98,98,1138,678,1,10,Few-shot,1,0,SHA256_UNIQUE,SC_001_01_10.png,1
SC_001_R07.png,SC,S,C,SC_001,1,7,PRESENT,1,0,MARK_PRESENT,1.0,26,N_MARKERS=26;XDISP=0.896;YDISP=0.978,FULL_AXES_RECT,98,98,1138,678,1,10,Few-shot,1,0,SHA256_UNIQUE,SC_001_01_10.png,1
SC_001_R08.png,SC,S,C,SC_001,1,8,PRESENT,1,0,MARK_PRESENT,1.0,26,N_MARKERS=26;XDISP=0.896;YDISP=0.978,FULL_AXES_RECT,98,98,1138,678,1,10,Few-shot,1,0,SHA256_UNIQUE,SC_001_01_10.png,1
SC_001_R09.png,SC,S,C,SC_001,1,9,PRESENT,1,0,MARK_PRESENT,1.0,26,N_MARKERS=26;XDISP=0.896;YDISP=0.978,FULL_AXES_RECT,98,98,1138,678,1,10,Few-shot,1,0,SHA256_UNIQUE,SC_001_01_10.png,1
SC_001_R10.png,SC,S,C,SC_001,1,10,PRESENT,1,0,MARK_PRESENT,1.0,26,N_MARKERS=26;XDISP=0.896;YDISP=0.978,FULL_AXES_RECT,98,98,1138,678,1,10,Few-shot,1,0,SHA256_UNIQUE,SC_001_01_10.png,1
SC_002_R01.png,SC,S,C,SC_002,2,1,PRESENT,1,0,MARK_PRESENT,1.0,34,N_MARKERS=34;XDISP=0.891;YDISP=0.943,AXIS_PARTIAL,59,47,1044,616,4,10,Few-shot,1,0,SHA256_UNIQUE,SC_002_04_10.png,2
SC_002_R02.png,SC,S,C,SC_002,2,2,PRESENT,1,0,MARK_PRESENT,1.0,26,N_MARKERS=26;XDISP=0.896;YDISP=0.978,FULL_AXES_RECT,98,98,1138,678,4,10,Few-shot,1,0,SHA256_UNIQUE,SC_002_04_10.png,2
SC_002_R03.png,SC,S,C,SC_002,2,3,PRESENT,1,0,MARK_PRESENT,1.0,26,N_MARKERS=26;XDISP=0.896;YDISP=0.978,FULL_AXES_RECT,98,98,1138,678,4,10,Few-shot,1,0,SHA256_UNIQUE,SC_002_04_10.png,2
SC_002_R04.png,SC,S,C,SC_002,2,4,PRESENT,1,0,MARK_PRESENT,1.0,26,N_MARKERS=26;XDISP=0.896;YDISP=0.978,FULL_AXES_RECT,98,98,1138,678,4,10,Few-shot,1,0,SHA256_UNIQUE,SC_002_04_10.png,2
SC_002_R05.png,SC,S,C,SC_002,2,5,PRESENT,1,0,MARK_PRESENT,1.0,26,N_MARKERS=26;XDISP=0.896;YDISP=0.978,FULL_AXES_RECT,98,98,1138,678,4,10,Few-shot,1,0,SHA256_UNIQUE,SC_002_04_10.png,2
SC_002_R06.png,SC,S,C,SC_002,2,6,PRESENT,1,0,MARK_PRESENT,1.0,26,N_MARKERS=26;XDISP=0.896;YDISP=0.978,FULL_AXES_RECT,98,98,1138,678,4,10,Few-shot,1,0,SHA256_UNIQUE,SC_002_04_10.png,2
SC_002_R07.png,SC,S,C,SC_002,2,7,PRESENT,1,0,MARK_PRESENT,1.0,26,N_MARKERS=26;XDISP=0.896;YDISP=0.978,FULL_AXES_RECT,98,98,1138,678,4,10,Few-shot,1,0,SHA256_UNIQUE,SC_002_04_10.png,2
SC_002_R08.png,SC,S,C,SC_002,2,8,PRESENT,1,0,MARK_PRESENT,1.0,26,N_MARKERS=26;XDISP=0.896;YDISP=0.978,FULL_AXES_RECT,98,98,1138,678,4,10,Few-shot,1,0,SHA256_UNIQUE,SC_002_04_10.png,2
SC_002_R09.png,SC,S,C,SC_002,2,9,PRESENT,1,0,MARK_PRESENT,1.0,26,N_MARKERS=26;XDISP=0.896;YDISP=0.978,FULL_AXES_RECT,98,98,1138,678,4,10,Few-shot,1,0,SHA256_UNIQUE,SC_002_04_10.png,2
SC_002_R10.png,SC,S,C,SC_002,2,10,PRESENT,1,0,MARK_PRESENT,1.0,26,N_MARKERS=26;XDISP=0.896;YDISP=0.978,FULL_AXES_RECT,98,98,1138,678,4,10,Few-shot,1,0,SHA256_UNIQUE,SC_002_04_10.png,2
SC_003_R01.png,SC,S,C,SC_003,3,1,PRESENT,1,0,MARK_PRESENT,1.0,33,N_MARKERS=33;XDISP=0.912;YDISP=0.913,FULL_AXES_RECT,59,34,981,735,6,10,Few-shot,1,0,SHA256_UNIQUE,SC_003_06_10.png,3
SC_003_R02.png,SC,S,C,SC_003,3,2,PRESENT,1,0,MARK_PRESENT,1.0,35,N_MARKERS=35;XDISP=0.915;YDISP=0.913,FULL_AXES_RECT,59,34,897,616,6,10,Few-shot,1,0,SHA256_UNIQUE,SC_003_06_10.png,3
SC_003_R03.png,SC,S,C,SC_003,3,3,PRESENT,1,0,MARK_PRESENT,1.0,35,N_MARKERS=35;XDISP=0.915;YDISP=0.913,FULL_AXES_RECT,59,34,897,616,6,10,Few-shot,1,0,SHA256_UNIQUE,SC_003_06_10.png,3
SC_003_R04.png,SC,S,C,SC_003,3,4,PRESENT,1,0,MARK_PRESENT,1.0,35,N_MARKERS=35;XDISP=0.915;YDISP=0.913,FULL_AXES_RECT,59,34,897,616,6,10,Few-shot,1,0,SHA256_UNIQUE,SC_003_06_10.png,3
SC_003_R05.png,SC,S,C,SC_003,3,5,PRESENT,1,0,MARK_PRESENT,1.0,35,N_MARKERS=35;XDISP=0.915;YDISP=0.913,FULL_AXES_RECT,59,34,897,616,6,10,Few-shot,1,0,SHA256_UNIQUE,SC_003_06_10.png,3
SC_003_R06.png,SC,S,C,SC_003,3,6,PRESENT,1,0,MARK_PRESENT,1.0,35,N_MARKERS=35;XDISP=0.915;YDISP=0.913,FULL_AXES_RECT,59,34,897,616,6,10,Few-shot,1,0,SHA256_UNIQUE,SC_003_06_10.png,3
SC_003_R07.png,SC,S,C,SC_003,3,7,PRESENT,1,0,MARK_PRESENT,1.0,35,N_MARKERS=35;XDISP=0.915;YDISP=0.913,FULL_AXES_RECT,59,34,897,616,6,10,Few-shot,1,0,SHA256_UNIQUE,SC_003_06_10.png,3
SC_003_R08.png,SC,S,C,SC_003,3,8,PRESENT,1,0,MARK_PRESENT,1.0,35,N_MARKERS=35;XDISP=0.915;YDISP=0.913,FULL_AXES_RECT,59,34,897,616,6,10,Few-shot,1,0,SHA256_UNIQUE,SC_003_06_10.png,3
SC_003_R09.png,SC,S,C,SC_003,3,9,PRESENT,1,0,MARK_PRESENT,1.0,35,N_MARKERS=35;XDISP=0.915;YDISP=0.913,FULL_AXES_RECT,59,34,897,616,6,10,Few-shot,1,0,SHA256_UNIQUE,SC_003_06_10.png,3
SC_003_R10.png,SC,S,C,SC_003,3,10,PRESENT,1,0,MARK_PRESENT,1.0,35,N_MARKERS=35;XDISP=0.915;YDISP=0.913,FULL_AXES_RECT,59,34,897,616,6,10,Few-shot,1,0,SHA256_UNIQUE,SC_003_06_10.png,3
SC_004_R01.png,SC,S,C,SC_004,4,1,PRESENT,1,0,MARK_PRESENT,1.0,31,N_MARKERS=31;XDISP=0.912;YDISP=0.913,FULL_AXES_RECT,60,35,960,734,7,10,Few-shot,1,0,SHA256_UNIQUE,SC_004_07_10.png,4
SC_004_R02.png,SC,S,C,SC_004,4,2,PRESENT,1,0,MARK_PRESENT,1.0,53,N_MARKERS=53;XDISP=0.920;YDISP=0.917,FULL_AXES_RECT,59,34,897,616,7,10,Few-shot,1,0,SHA256_UNIQUE,SC_004_07_10.png,4
SC_004_R03.png,SC,S,C,SC_004,4,3,PRESENT,1,0,MARK_PRESENT,1.0,53,N_MARKERS=53;XDISP=0.920;YDISP=0.917,FULL_AXES_RECT,59,34,897,616,7,10,Few-shot,1,0,SHA256_UNIQUE,SC_004_07_10.png,4
SC_004_R04.png,SC,S,C,SC_004,4,4,PRESENT,1,0,MARK_PRESENT,1.0,53,N_MARKERS=53;XDISP=0.920;YDISP=0.917,FULL_AXES_RECT,59,34,897,616,7,10,Few-shot,1,0,SHA256_UNIQUE,SC_004_07_10.png,4
SC_004_R05.png,SC,S,C,SC_004,4,5,PRESENT,1,0,MARK_PRESENT,1.0,53,N_MARKERS=53;XDISP=0.920;YDISP=0.917,FULL_AXES_RECT,59,34,897,616,7,10,Few-shot,1,0,SHA256_UNIQUE,SC_004_07_10.png,4
SC_004_R06.png,SC,S,C,SC_004,4,6,PRESENT,1,0,MARK_PRESENT,1.0,53,N_MARKERS=53;XDISP=0.920;YDISP=0.917,FULL_AXES_RECT,59,34,897,616,7,10,Few-shot,1,0,SHA256_UNIQUE,SC_004_07_10.png,4
SC_004_R07.png,SC,S,C,SC_004,4,7,PRESENT,1,0,MARK_PRESENT,1.0,53,N_MARKERS=53;XDISP=0.920;YDISP=0.917,FULL_AXES_RECT,59,34,897,616,7,10,Few-shot,1,0,SHA256_UNIQUE,SC_004_07_10.png,4
SC_004_R08.png,SC,S,C,SC_004,4,8,PRESENT,1,0,MARK_PRESENT,1.0,53,N_MARKERS=53;XDISP=0.920;YDISP=0.917,FULL_AXES_RECT,59,34,897,616,7,10,Few-shot,1,0,SHA256_UNIQUE,SC_004_07_10.png,4
SC_004_R09.png,SC,S,C,SC_004,4,9,PRESENT,1,0,MARK_PRESENT,1.0,53,N_MARKERS=53;XDISP=0.920;YDISP=0.917,FULL_AXES_RECT,59,34,897,616,7,10,Few-shot,1,0,SHA256_UNIQUE,SC_004_07_10.png,4
SC_004_R10.png,SC,S,C,SC_004,4,10,PRESENT,1,0,MARK_PRESENT,1.0,53,N_MARKERS=53;XDISP=0.920;YDISP=0.917,FULL_AXES_RECT,59,34,897,616,7,10,Few-shot,1,0,SHA256_UNIQUE,SC_004_07_10.png,4
SC_005_R01.png,SC,S,C,SC_005,5,1,PRESENT,1,0,MARK_PRESENT,1.0,34,N_MARKERS=34;XDISP=0.891;YDISP=0.940,AXIS_PARTIAL,59,47,1044,616,8,10,Few-shot,1,0,SHA256_UNIQUE,SC_005_08_10.png,5
SC_005_R02.png,SC,S,C,SC_005,5,2,PRESENT,1,0,MARK_PRESENT,1.0,35,N_MARKERS=35;XDISP=0.915;YDISP=0.913,FULL_AXES_RECT,58,33,896,615,8,10,Few-shot,1,0,SHA256_UNIQUE,SC_005_08_10.png,5
SC_005_R03.png,SC,S,C,SC_005,5,3,PRESENT,1,0,MARK_PRESENT,1.0,35,N_MARKERS=35;XDISP=0.915;YDISP=0.913,FULL_AXES_RECT,58,33,896,615,8,10,Few-shot,1,0,SHA256_UNIQUE,SC_005_08_10.png,5
SC_005_R04.png,SC,S,C,SC_005,5,4,PRESENT,1,0,MARK_PRESENT,1.0,35,N_MARKERS=35;XDISP=0.915;YDISP=0.913,FULL_AXES_RECT,58,33,896,615,8,10,Few-shot,1,0,SHA256_UNIQUE,SC_005_08_10.png,5
SC_005_R05.png,SC,S,C,SC_005,5,5,PRESENT,1,0,MARK_PRESENT,1.0,35,N_MARKERS=35;XDISP=0.915;YDISP=0.913,FULL_AXES_RECT,58,33,896,615,8,10,Few-shot,1,0,SHA256_UNIQUE,SC_005_08_10.png,5
SC_005_R06.png,SC,S,C,SC_005,5,6,PRESENT,1,0,MARK_PRESENT,1.0,35,N_MARKERS=35;XDISP=0.915;YDISP=0.913,FULL_AXES_RECT,58,33,896,615,8,10,Few-shot,1,0,SHA256_UNIQUE,SC_005_08_10.png,5
SC_005_R07.png,SC,S,C,SC_005,5,7,PRESENT,1,0,MARK_PRESENT,1.0,35,N_MARKERS=35;XDISP=0.915;YDISP=0.913,FULL_AXES_RECT,58,33,896,615,8,10,Few-shot,1,0,SHA256_UNIQUE,SC_005_08_10.png,5
SC_005_R08.png,SC,S,C,SC_005,5,8,PRESENT,1,0,MARK_PRESENT,1.0,35,N_MARKERS=35;XDISP=0.915;YDISP=0.913,FULL_AXES_RECT,58,33,896,615,8,10,Few-shot,1,0,SHA256_UNIQUE,SC_005_08_10.png,5
SC_005_R09.png,SC,S,C,SC_005,5,9,PRESENT,1,0,MARK_PRESENT,1.0,35,N_MARKERS=35;XDISP=0.915;YDISP=0.913,FULL_AXES_RECT,58,33,896,615,8,10,Few-shot,1,0,SHA256_UNIQUE,SC_005_08_10.png,5
SC_005_R10.png,SC,S,C,SC_005,5,10,PRESENT,1,0,MARK_PRESENT,1.0,35,N_MARKERS=35;XDISP=0.915;YDISP=0.913,FULL_AXES_RECT,58,33,896,615,8,10,Few-shot,1,0,SHA256_UNIQUE,SC_005_08_10.png,5
SC_006_R01.png,SC,S,C,SC_006,6,1,PRESENT,1,0,MARK_PRESENT,1.0,39,N_MARKERS=39;XDISP=0.844;YDISP=0.951,AXIS_PARTIAL,59,55,1118,735,9,10,Few-shot,1,0,SHA256_UNIQUE,SC_006_09_10.png,6
SC_006_R02.png,SC,S,C,SC_006,6,2,PRESENT,1,0,MARK_PRESENT,1.0,31,N_MARKERS=31;XDISP=0.980;YDISP=0.975,FULL_AXES_RECT,58,33,896,615,9,10,Few-shot,1,0,SHA256_UNIQUE,SC_006_09_10.png,6
SC_006_R03.png,SC,S,C,SC_006,6,3,PRESENT,1,0,MARK_PRESENT,1.0,31,N_MARKERS=31;XDISP=0.980;YDISP=0.975,FULL_AXES_RECT,58,33,896,615,9,10,Few-shot,1,0,SHA256_UNIQUE,SC_006_09_10.png,6
SC_006_R04.png,SC,S,C,SC_006,6,4,PRESENT,1,0,MARK_PRESENT,1.0,31,N_MARKERS=31;XDISP=0.980;YDISP=0.975,FULL_AXES_RECT,58,33,896,615,9,10,Few-shot,1,0,SHA256_UNIQUE,SC_006_09_10.png,6
SC_006_R05.png,SC,S,C,SC_006,6,5,PRESENT,1,0,MARK_PRESENT,1.0,31,N_MARKERS=31;XDISP=0.980;YDISP=0.975,FULL_AXES_RECT,58,33,896,615,9,10,Few-shot,1,0,SHA256_UNIQUE,SC_006_09_10.png,6
SC_006_R06.png,SC,S,C,SC_006,6,6,PRESENT,1,0,MARK_PRESENT,1.0,31,N_MARKERS=31;XDISP=0.980;YDISP=0.975,FULL_AXES_RECT,58,33,896,615,9,10,Few-shot,1,0,SHA256_UNIQUE,SC_006_09_10.png,6
SC_006_R07.png,SC,S,C,SC_006,6,7,PRESENT,1,0,MARK_PRESENT,1.0,31,N_MARKERS=31;XDISP=0.980;YDISP=0.975,FULL_AXES_RECT,58,33,896,615,9,10,Few-shot,1,0,SHA256_UNIQUE,SC_006_09_10.png,6
SC_006_R08.png,SC,S,C,SC_006,6,8,PRESENT,1,0,MARK_PRESENT,1.0,31,N_MARKERS=31;XDISP=0.980;YDISP=0.975,FULL_AXES_RECT,58,33,896,615,9,10,Few-shot,1,0,SHA256_UNIQUE,SC_006_09_10.png,6
SC_006_R09.png,SC,S,C,SC_006,6,9,PRESENT,1,0,MARK_PRESENT,1.0,31,N_MARKERS=31;XDISP=0.980;YDISP=0.975,FULL_AXES_RECT,58,33,896,615,9,10,Few-shot,1,0,SHA256_UNIQUE,SC_006_09_10.png,6
SC_006_R10.png,SC,S,C,SC_006,6,10,PRESENT,1,0,MARK_PRESENT,1.0,31,N_MARKERS=31;XDISP=0.980;YDISP=0.975,FULL_AXES_RECT,58,33,896,615,9,10,Few-shot,1,0,SHA256_UNIQUE,SC_006_09_10.png,6
SC_007_R01.png,SC,S,C,SC_007,7,1,PRESENT,1,0,MARK_PRESENT,1.0,30,N_MARKERS=30;XDISP=0.910;YDISP=0.695,FULL_AXES_RECT,59,34,1101,616,10,10,Few-shot,1,0,SHA256_UNIQUE,SC_007_10_10.png,7
SC_007_R02.png,SC,S,C,SC_007,7,2,PRESENT,1,0,MARK_PRESENT,1.0,30,N_MARKERS=30;XDISP=0.979;YDISP=0.709,FULL_AXES_RECT,59,34,1101,616,10,10,Few-shot,1,0,SHA256_UNIQUE,SC_007_10_10.png,7
SC_007_R03.png,SC,S,C,SC_007,7,3,PRESENT,1,0,MARK_PRESENT,1.0,30,N_MARKERS=30;XDISP=0.979;YDISP=0.709,FULL_AXES_RECT,59,34,1101,616,10,10,Few-shot,1,0,SHA256_UNIQUE,SC_007_10_10.png,7
SC_007_R04.png,SC,S,C,SC_007,7,4,PRESENT,1,0,MARK_PRESENT,1.0,30,N_MARKERS=30;XDISP=0.979;YDISP=0.709,FULL_AXES_RECT,59,34,1101,616,10,10,Few-shot,1,0,SHA256_UNIQUE,SC_007_10_10.png,7
SC_007_R05.png,SC,S,C,SC_007,7,5,PRESENT,1,0,MARK_PRESENT,1.0,30,N_MARKERS=30;XDISP=0.979;YDISP=0.709,FULL_AXES_RECT,59,34,1101,616,10,10,Few-shot,1,0,SHA256_UNIQUE,SC_007_10_10.png,7
SC_007_R06.png,SC,S,C,SC_007,7,6,PRESENT,1,0,MARK_PRESENT,1.0,30,N_MARKERS=30;XDISP=0.979;YDISP=0.709,FULL_AXES_RECT,59,34,1101,616,10,10,Few-shot,1,0,SHA256_UNIQUE,SC_007_10_10.png,7
SC_007_R07.png,SC,S,C,SC_007,7,7,PRESENT,1,0,MARK_PRESENT,1.0,30,N_MARKERS=30;XDISP=0.979;YDISP=0.709,FULL_AXES_RECT,59,34,1101,616,10,10,Few-shot,1,0,SHA256_UNIQUE,SC_007_10_10.png,7
SC_007_R08.png,SC,S,C,SC_007,7,8,PRESENT,1,0,MARK_PRESENT,1.0,30,N_MARKERS=30;XDISP=0.979;YDISP=0.709,FULL_AXES_RECT,59,34,1101,616,10,10,Few-shot,1,0,SHA256_UNIQUE,SC_007_10_10.png,7
SC_007_R09.png,SC,S,C,SC_007,7,9,PRESENT,1,0,MARK_PRESENT,1.0,30,N_MARKERS=30;XDISP=0.979;YDISP=0.709,FULL_AXES_RECT,59,34,1101,616,10,10,Few-shot,1,0,SHA256_UNIQUE,SC_007_10_10.png,7
SC_007_R10.png,SC,S,C,SC_007,7,10,PRESENT,1,0,MARK_PRESENT,1.0,30,N_MARKERS=30;XDISP=0.979;YDISP=0.709,FULL_AXES_RECT,59,34,1101,616,10,10,Few-shot,1,0,SHA256_UNIQUE,SC_007_10_10.png,7
SC_008_R01.png,SC,S,C,SC_008,8,1,PRESENT,1,0,MARK_PRESENT,1.0,36,N_MARKERS=36;XDISP=0.917;YDISP=0.914,FULL_AXES_RECT,60,35,940,734,11,10,Few-shot,1,0,SHA256_UNIQUE,SC_008_11_10.png,8
SC_008_R02.png,SC,S,C,SC_008,8,2,PRESENT,1,0,MARK_PRESENT,1.0,32,N_MARKERS=32;XDISP=0.910;YDISP=0.911,FULL_AXES_RECT,59,34,1101,616,11,10,Few-shot,1,0,SHA256_UNIQUE,SC_008_11_10.png,8
SC_008_R03.png,SC,S,C,SC_008,8,3,PRESENT,1,0,MARK_PRESENT,1.0,32,N_MARKERS=32;XDISP=0.910;YDISP=0.911,FULL_AXES_RECT,59,34,1101,616,11,10,Few-shot,1,0,SHA256_UNIQUE,SC_008_11_10.png,8
SC_008_R04.png,SC,S,C,SC_008,8,4,PRESENT,1,0,MARK_PRESENT,1.0,32,N_MARKERS=32;XDISP=0.910;YDISP=0.911,FULL_AXES_RECT,59,34,1101,616,11,10,Few-shot,1,0,SHA256_UNIQUE,SC_008_11_10.png,8
SC_008_R05.png,SC,S,C,SC_008,8,5,PRESENT,1,0,MARK_PRESENT,1.0,32,N_MARKERS=32;XDISP=0.910;YDISP=0.911,FULL_AXES_RECT,59,34,1101,616,11,10,Few-shot,1,0,SHA256_UNIQUE,SC_008_11_10.png,8
SC_008_R06.png,SC,S,C,SC_008,8,6,PRESENT,1,0,MARK_PRESENT,1.0,32,N_MARKERS=32;XDISP=0.910;YDISP=0.911,FULL_AXES_RECT,59,34,1101,616,11,10,Few-shot,1,0,SHA256_UNIQUE,SC_008_11_10.png,8
SC_008_R07.png,SC,S,C,SC_008,8,7,PRESENT,1,0,MARK_PRESENT,1.0,32,N_MARKERS=32;XDISP=0.910;YDISP=0.911,FULL_AXES_RECT,59,34,1101,616,11,10,Few-shot,1,0,SHA256_UNIQUE,SC_008_11_10.png,8
SC_008_R08.png,SC,S,C,SC_008,8,8,PRESENT,1,0,MARK_PRESENT,1.0,32,N_MARKERS=32;XDISP=0.910;YDISP=0.911,FULL_AXES_RECT,59,34,1101,616,11,10,Few-shot,1,0,SHA256_UNIQUE,SC_008_11_10.png,8
SC_008_R09.png,SC,S,C,SC_008,8,9,PRESENT,1,0,MARK_PRESENT,1.0,32,N_MARKERS=32;XDISP=0.910;YDISP=0.911,FULL_AXES_RECT,59,34,1101,616,11,10,Few-shot,1,0,SHA256_UNIQUE,SC_008_11_10.png,8
SC_008_R10.png,SC,S,C,SC_008,8,10,PRESENT,1,0,MARK_PRESENT,1.0,32,N_MARKERS=32;XDISP=0.910;YDISP=0.911,FULL_AXES_RECT,59,34,1101,616,11,10,Few-shot,1,0,SHA256_UNIQUE,SC_008_11_10.png,8
SC_009_R01.png,SC,S,C,SC_009,9,1,PRESENT,1,0,MARK_PRESENT,1.0,22,N_MARKERS=22;XDISP=0.891;YDISP=0.940,AXIS_PARTIAL,59,47,1044,616,12,10,Few-shot,1,0,SHA256_UNIQUE,SC_009_12_10.png,9
SC_009_R02.png,SC,S,C,SC_009,9,2,PRESENT,1,0,MARK_PRESENT,1.0,55,N_MARKERS=55;XDISP=0.918;YDISP=0.913,FULL_AXES_RECT,59,34,1101,616,12,10,Few-shot,1,0,SHA256_UNIQUE,SC_009_12_10.png,9
SC_009_R03.png,SC,S,C,SC_009,9,3,PRESENT,1,0,MARK_PRESENT,1.0,55,N_MARKERS=55;XDISP=0.918;YDISP=0.913,FULL_AXES_RECT,59,34,1101,616,12,10,Few-shot,1,0,SHA256_UNIQUE,SC_009_12_10.png,9
SC_009_R04.png,SC,S,C,SC_009,9,4,PRESENT,1,0,MARK_PRESENT,1.0,55,N_MARKERS=55;XDISP=0.918;YDISP=0.913,FULL_AXES_RECT,59,34,1101,616,12,10,Few-shot,1,0,SHA256_UNIQUE,SC_009_12_10.png,9
SC_009_R05.png,SC,S,C,SC_009,9,5,PRESENT,1,0,MARK_PRESENT,1.0,55,N_MARKERS=55;XDISP=0.918;YDISP=0.913,FULL_AXES_RECT,59,34,1101,616,12,10,Few-shot,1,0,SHA256_UNIQUE,SC_009_12_10.png,9
SC_009_R06.png,SC,S,C,SC_009,9,6,PRESENT,1,0,MARK_PRESENT,1.0,55,N_MARKERS=55;XDISP=0.918;YDISP=0.913,FULL_AXES_RECT,59,34,1101,616,12,10,Few-shot,1,0,SHA256_UNIQUE,SC_009_12_10.png,9
SC_009_R07.png,SC,S,C,SC_009,9,7,PRESENT,1,0,MARK_PRESENT,1.0,55,N_MARKERS=55;XDISP=0.918;YDISP=0.913,FULL_AXES_RECT,59,34,1101,616,12,10,Few-shot,1,0,SHA256_UNIQUE,SC_009_12_10.png,9
SC_009_R08.png,SC,S,C,SC_009,9,8,PRESENT,1,0,MARK_PRESENT,1.0,55,N_MARKERS=55;XDISP=0.918;YDISP=0.913,FULL_AXES_RECT,59,34,1101,616,12,10,Few-shot,1,0,SHA256_UNIQUE,SC_009_12_10.png,9
SC_009_R09.png,SC,S,C,SC_009,9,9,PRESENT,1,0,MARK_PRESENT,1.0,55,N_MARKERS=55;XDISP=0.918;YDISP=0.913,FULL_AXES_RECT,59,34,1101,616,12,10,Few-shot,1,0,SHA256_UNIQUE,SC_009_12_10.png,9
SC_009_R10.png,SC,S,C,SC_009,9,10,PRESENT,1,0,MARK_PRESENT,1.0,55,N_MARKERS=55;XDISP=0.918;YDISP=0.913,FULL_AXES_RECT,59,34,1101,616,12,10,Few-shot,1,0,SHA256_UNIQUE,SC_009_12_10.png,9
SC_010_R01.png,SC,S,C,SC_010,10,1,PRESENT,1,0,MARK_PRESENT,1.0,25,N_MARKERS=25;XDISP=0.978;YDISP=0.977,FULL_AXES_RECT,59,34,1101,616,13,10,Few-shot,1,0,SHA256_UNIQUE,SC_010_13_10.png,10
SC_010_R02.png,SC,S,C,SC_010,10,2,PRESENT,1,0,MARK_PRESENT,1.0,29,N_MARKERS=29;XDISP=0.903;YDISP=0.812,FULL_AXES_RECT,58,33,920,615,13,10,Few-shot,1,0,SHA256_UNIQUE,SC_010_13_10.png,10
SC_010_R03.png,SC,S,C,SC_010,10,3,PRESENT,1,0,MARK_PRESENT,1.0,29,N_MARKERS=29;XDISP=0.903;YDISP=0.812,FULL_AXES_RECT,58,33,920,615,13,10,Few-shot,1,0,SHA256_UNIQUE,SC_010_13_10.png,10
SC_010_R04.png,SC,S,C,SC_010,10,4,PRESENT,1,0,MARK_PRESENT,1.0,29,N_MARKERS=29;XDISP=0.903;YDISP=0.812,FULL_AXES_RECT,58,33,920,615,13,10,Few-shot,1,0,SHA256_UNIQUE,SC_010_13_10.png,10
SC_010_R05.png,SC,S,C,SC_010,10,5,PRESENT,1,0,MARK_PRESENT,1.0,29,N_MARKERS=29;XDISP=0.903;YDISP=0.812,FULL_AXES_RECT,58,33,920,615,13,10,Few-shot,1,0,SHA256_UNIQUE,SC_010_13_10.png,10
SC_010_R06.png,SC,S,C,SC_010,10,6,PRESENT,1,0,MARK_PRESENT,1.0,29,N_MARKERS=29;XDISP=0.903;YDISP=0.812,FULL_AXES_RECT,58,33,920,615,13,10,Few-shot,1,0,SHA256_UNIQUE,SC_010_13_10.png,10
SC_010_R07.png,SC,S,C,SC_010,10,7,PRESENT,1,0,MARK_PRESENT,1.0,29,N_MARKERS=29;XDISP=0.903;YDISP=0.812,FULL_AXES_RECT,58,33,920,615,13,10,Few-shot,1,0,SHA256_UNIQUE,SC_010_13_10.png,10
SC_010_R08.png,SC,S,C,SC_010,10,8,PRESENT,1,0,MARK_PRESENT,1.0,29,N_MARKERS=29;XDISP=0.903;YDISP=0.812,FULL_AXES_RECT,58,33,920,615,13,10,Few-shot,1,0,SHA256_UNIQUE,SC_010_13_10.png,10
SC_010_R09.png,SC,S,C,SC_010,10,9,PRESENT,1,0,MARK_PRESENT,1.0,29,N_MARKERS=29;XDISP=0.903;YDISP=0.812,FULL_AXES_RECT,58,33,920,615,13,10,Few-shot,1,0,SHA256_UNIQUE,SC_010_13_10.png,10
SC_010_R10.png,SC,S,C,SC_010,10,10,PRESENT,1,0,MARK_PRESENT,1.0,29,N_MARKERS=29;XDISP=0.903;YDISP=0.812,FULL_AXES_RECT,58,33,920,615,13,10,Few-shot,1,0,SHA256_UNIQUE,SC_010_13_10.png,10
SC_011_R01.png,SC,S,C,SC_011,11,1,PRESENT,1,0,MARK_PRESENT,1.0,32,N_MARKERS=32;XDISP=0.910;YDISP=0.911,FULL_AXES_RECT,59,34,1101,616,14,10,Few-shot,1,0,SHA256_UNIQUE,SC_011_14_10.png,11
SC_011_R02.png,SC,S,C,SC_011,11,2,PRESENT,1,0,MARK_PRESENT,1.0,35,N_MARKERS=35;XDISP=0.915;YDISP=0.913,FULL_AXES_RECT,58,33,920,615,14,10,Few-shot,1,0,SHA256_UNIQUE,SC_011_14_10.png,11
SC_011_R03.png,SC,S,C,SC_011,11,3,PRESENT,1,0,MARK_PRESENT,1.0,35,N_MARKERS=35;XDISP=0.915;YDISP=0.913,FULL_AXES_RECT,58,33,920,615,14,10,Few-shot,1,0,SHA256_UNIQUE,SC_011_14_10.png,11
SC_011_R04.png,SC,S,C,SC_011,11,4,PRESENT,1,0,MARK_PRESENT,1.0,35,N_MARKERS=35;XDISP=0.915;YDISP=0.913,FULL_AXES_RECT,58,33,920,615,14,10,Few-shot,1,0,SHA256_UNIQUE,SC_011_14_10.png,11
SC_011_R05.png,SC,S,C,SC_011,11,5,PRESENT,1,0,MARK_PRESENT,1.0,35,N_MARKERS=35;XDISP=0.915;YDISP=0.913,FULL_AXES_RECT,58,33,920,615,14,10,Few-shot,1,0,SHA256_UNIQUE,SC_011_14_10.png,11
SC_011_R06.png,SC,S,C,SC_011,11,6,PRESENT,1,0,MARK_PRESENT,1.0,35,N_MARKERS=35;XDISP=0.915;YDISP=0.913,FULL_AXES_RECT,58,33,920,615,14,10,Few-shot,1,0,SHA256_UNIQUE,SC_011_14_10.png,11
SC_011_R07.png,SC,S,C,SC_011,11,7,PRESENT,1,0,MARK_PRESENT,1.0,35,N_MARKERS=35;XDISP=0.915;YDISP=0.913,FULL_AXES_RECT,58,33,920,615,14,10,Few-shot,1,0,SHA256_UNIQUE,SC_011_14_10.png,11
SC_011_R08.png,SC,S,C,SC_011,11,8,PRESENT,1,0,MARK_PRESENT,1.0,35,N_MARKERS=35;XDISP=0.915;YDISP=0.913,FULL_AXES_RECT,58,33,920,615,14,10,Few-shot,1,0,SHA256_UNIQUE,SC_011_14_10.png,11
SC_011_R09.png,SC,S,C,SC_011,11,9,PRESENT,1,0,MARK_PRESENT,1.0,35,N_MARKERS=35;XDISP=0.915;YDISP=0.913,FULL_AXES_RECT,58,33,920,615,14,10,Few-shot,1,0,SHA256_UNIQUE,SC_011_14_10.png,11
SC_011_R10.png,SC,S,C,SC_011,11,10,PRESENT,1,0,MARK_PRESENT,1.0,35,N_MARKERS=35;XDISP=0.915;YDISP=0.913,FULL_AXES_RECT,58,33,920,615,14,10,Few-shot,1,0,SHA256_UNIQUE,SC_011_14_10.png,11
SC_012_R01.png,SC,S,C,SC_012,12,1,PRESENT,1,0,MARK_PRESENT,1.0,32,N_MARKERS=32;XDISP=0.910;YDISP=0.911,FULL_AXES_RECT,59,34,1101,616,15,10,Few-shot,1,0,SHA256_UNIQUE,SC_012_15_10.png,12
SC_012_R02.png,SC,S,C,SC_012,12,2,PRESENT,1,0,MARK_PRESENT,1.0,35,N_MARKERS=35;XDISP=0.915;YDISP=0.913,FULL_AXES_RECT,58,33,920,615,15,10,Few-shot,1,0,SHA256_UNIQUE,SC_012_15_10.png,12
SC_012_R03.png,SC,S,C,SC_012,12,3,PRESENT,1,0,MARK_PRESENT,1.0,35,N_MARKERS=35;XDISP=0.915;YDISP=0.913,FULL_AXES_RECT,58,33,920,615,15,10,Few-shot,1,0,SHA256_UNIQUE,SC_012_15_10.png,12
SC_012_R04.png,SC,S,C,SC_012,12,4,PRESENT,1,0,MARK_PRESENT,1.0,35,N_MARKERS=35;XDISP=0.915;YDISP=0.913,FULL_AXES_RECT,58,33,920,615,15,10,Few-shot,1,0,SHA256_UNIQUE,SC_012_15_10.png,12
SC_012_R05.png,SC,S,C,SC_012,12,5,PRESENT,1,0,MARK_PRESENT,1.0,35,N_MARKERS=35;XDISP=0.915;YDISP=0.913,FULL_AXES_RECT,58,33,920,615,15,10,Few-shot,1,0,SHA256_UNIQUE,SC_012_15_10.png,12
SC_012_R06.png,SC,S,C,SC_012,12,6,PRESENT,1,0,MARK_PRESENT,1.0,35,N_MARKERS=35;XDISP=0.915;YDISP=0.913,FULL_AXES_RECT,58,33,920,615,15,10,Few-shot,1,0,SHA256_UNIQUE,SC_012_15_10.png,12
SC_012_R07.png,SC,S,C,SC_012,12,7,PRESENT,1,0,MARK_PRESENT,1.0,35,N_MARKERS=35;XDISP=0.915;YDISP=0.913,FULL_AXES_RECT,58,33,920,615,15,10,Few-shot,1,0,SHA256_UNIQUE,SC_012_15_10.png,12
SC_012_R08.png,SC,S,C,SC_012,12,8,PRESENT,1,0,MARK_PRESENT,1.0,35,N_MARKERS=35;XDISP=0.915;YDISP=0.913,FULL_AXES_RECT,58,33,920,615,15,10,Few-shot,1,0,SHA256_UNIQUE,SC_012_15_10.png,12
SC_012_R09.png,SC,S,C,SC_012,12,9,PRESENT,1,0,MARK_PRESENT,1.0,35,N_MARKERS=35;XDISP=0.915;YDISP=0.913,FULL_AXES_RECT,58,33,920,615,15,10,Few-shot,1,0,SHA256_UNIQUE,SC_012_15_10.png,12
SC_012_R10.png,SC,S,C,SC_012,12,10,PRESENT,1,0,MARK_PRESENT,1.0,35,N_MARKERS=35;XDISP=0.915;YDISP=0.913,FULL_AXES_RECT,58,33,920,615,15,10,Few-shot,1,0,SHA256_UNIQUE,SC_012_15_10.png,12
SC_013_R01.png,SC,S,C,SC_013,13,1,PRESENT,1,0,MARK_PRESENT,1.0,35,N_MARKERS=35;XDISP=0.935;YDISP=0.945,AXIS_PARTIAL,59,47,1044,616,16,10,Few-shot,1,0,SHA256_UNIQUE,SC_013_16_10.png,13
SC_013_R02.png,SC,S,C,SC_013,13,2,PRESENT,1,0,MARK_PRESENT,1.0,35,N_MARKERS=35;XDISP=0.915;YDISP=0.913,FULL_AXES_RECT,58,33,920,615,16,10,Few-shot,1,0,SHA256_UNIQUE,SC_013_16_10.png,13
SC_013_R03.png,SC,S,C,SC_013,13,3,PRESENT,1,0,MARK_PRESENT,1.0,35,N_MARKERS=35;XDISP=0.915;YDISP=0.913,FULL_AXES_RECT,58,33,920,615,16,10,Few-shot,1,0,SHA256_UNIQUE,SC_013_16_10.png,13
SC_013_R04.png,SC,S,C,SC_013,13,4,PRESENT,1,0,MARK_PRESENT,1.0,35,N_MARKERS=35;XDISP=0.915;YDISP=0.913,FULL_AXES_RECT,58,33,920,615,16,10,Few-shot,1,0,SHA256_UNIQUE,SC_013_16_10.png,13
SC_013_R05.png,SC,S,C,SC_013,13,5,PRESENT,1,0,MARK_PRESENT,1.0,35,N_MARKERS=35;XDISP=0.915;YDISP=0.913,FULL_AXES_RECT,58,33,920,615,16,10,Few-shot,1,0,SHA256_UNIQUE,SC_013_16_10.png,13
SC_013_R06.png,SC,S,C,SC_013,13,6,PRESENT,1,0,MARK_PRESENT,1.0,35,N_MARKERS=35;XDISP=0.915;YDISP=0.913,FULL_AXES_RECT,58,33,920,615,16,10,Few-shot,1,0,SHA256_UNIQUE,SC_013_16_10.png,13
SC_013_R07.png,SC,S,C,SC_013,13,7,PRESENT,1,0,MARK_PRESENT,1.0,35,N_MARKERS=35;XDISP=0.915;YDISP=0.913,FULL_AXES_RECT,58,33,920,615,16,10,Few-shot,1,0,SHA256_UNIQUE,SC_013_16_10.png,13
SC_013_R08.png,SC,S,C,SC_013,13,8,PRESENT,1,0,MARK_PRESENT,1.0,35,N_MARKERS=35;XDISP=0.915;YDISP=0.913,FULL_AXES_RECT,58,33,920,615,16,10,Few-shot,1,0,SHA256_UNIQUE,SC_013_16_10.png,13
SC_013_R09.png,SC,S,C,SC_013,13,9,PRESENT,1,0,MARK_PRESENT,1.0,35,N_MARKERS=35;XDISP=0.915;YDISP=0.913,FULL_AXES_RECT,58,33,920,615,16,10,Few-shot,1,0,SHA256_UNIQUE,SC_013_16_10.png,13
SC_013_R10.png,SC,S,C,SC_013,13,10,PRESENT,1,0,MARK_PRESENT,1.0,35,N_MARKERS=35;XDISP=0.915;YDISP=0.913,FULL_AXES_RECT,58,33,920,615,16,10,Few-shot,1,0,SHA256_UNIQUE,SC_013_16_10.png,13
SC_014_R01.png,SC,S,C,SC_014,14,1,PRESENT,1,0,MARK_PRESENT,1.0,48,N_MARKERS=48;XDISP=0.977;YDISP=0.984,AXIS_PARTIAL,59,47,1044,616,1,11,Híbrida,1,1,SHA256_UNIQUE,SC_001_01_11.png,1
SC_014_R02.png,SC,S,C,SC_014,14,2,PRESENT,1,0,MARK_PRESENT,1.0,16,N_MARKERS=16;XDISP=0.877;YDISP=0.965,FULL_AXES_RECT,58,34,986,648,1,11,Híbrida,1,1,SHA256_UNIQUE,SC_001_01_11.png,1
SC_014_R03.png,SC,S,C,SC_014,14,3,PRESENT,1,0,MARK_PRESENT,1.0,16,N_MARKERS=16;XDISP=0.877;YDISP=0.965,FULL_AXES_RECT,58,34,986,648,1,11,Híbrida,1,1,SHA256_UNIQUE,SC_001_01_11.png,1
SC_014_R04.png,SC,S,C,SC_014,14,4,PRESENT,1,0,MARK_PRESENT,1.0,16,N_MARKERS=16;XDISP=0.877;YDISP=0.965,FULL_AXES_RECT,58,34,986,648,1,11,Híbrida,1,1,SHA256_UNIQUE,SC_001_01_11.png,1
SC_014_R05.png,SC,S,C,SC_014,14,5,PRESENT,1,0,MARK_PRESENT,1.0,16,N_MARKERS=16;XDISP=0.877;YDISP=0.965,FULL_AXES_RECT,58,34,986,648,1,11,Híbrida,1,1,SHA256_UNIQUE,SC_001_01_11.png,1
SC_014_R06.png,SC,S,C,SC_014,14,6,PRESENT,1,0,MARK_PRESENT,1.0,16,N_MARKERS=16;XDISP=0.877;YDISP=0.965,FULL_AXES_RECT,58,34,986,648,1,11,Híbrida,1,1,SHA256_UNIQUE,SC_001_01_11.png,1
SC_014_R07.png,SC,S,C,SC_014,14,7,PRESENT,1,0,MARK_PRESENT,1.0,16,N_MARKERS=16;XDISP=0.877;YDISP=0.965,FULL_AXES_RECT,58,34,986,648,1,11,Híbrida,1,1,SHA256_UNIQUE,SC_001_01_11.png,1
SC_014_R08.png,SC,S,C,SC_014,14,8,PRESENT,1,0,MARK_PRESENT,1.0,16,N_MARKERS=16;XDISP=0.877;YDISP=0.965,FULL_AXES_RECT,58,34,986,648,1,11,Híbrida,1,1,SHA256_UNIQUE,SC_001_01_11.png,1
SC_014_R09.png,SC,S,C,SC_014,14,9,PRESENT,1,0,MARK_PRESENT,1.0,16,N_MARKERS=16;XDISP=0.877;YDISP=0.965,FULL_AXES_RECT,58,34,986,648,1,11,Híbrida,1,1,SHA256_UNIQUE,SC_001_01_11.png,1
SC_014_R10.png,SC,S,C,SC_014,14,10,PRESENT,1,0,MARK_PRESENT,1.0,16,N_MARKERS=16;XDISP=0.877;YDISP=0.965,FULL_AXES_RECT,58,34,986,648,1,11,Híbrida,1,1,SHA256_UNIQUE,SC_001_01_11.png,1
SC_015_R01.png,SC,S,C,SC_015,15,1,PRESENT,1,0,MARK_PRESENT,1.0,35,N_MARKERS=35;XDISP=0.935;YDISP=0.945,AXIS_PARTIAL,59,47,1044,616,4,11,Híbrida,1,1,SHA256_UNIQUE,SC_002_04_11.png,2
SC_015_R02.png,SC,S,C,SC_015,15,2,PRESENT,1,0,MARK_PRESENT,1.0,31,N_MARKERS=31;XDISP=0.939;YDISP=0.954,AXIS_PARTIAL,59,47,1044,616,4,11,Híbrida,1,1,SHA256_UNIQUE,SC_002_04_11.png,2
SC_015_R03.png,SC,S,C,SC_015,15,3,PRESENT,1,0,MARK_PRESENT,1.0,31,N_MARKERS=31;XDISP=0.939;YDISP=0.954,AXIS_PARTIAL,59,47,1044,616,4,11,Híbrida,1,1,SHA256_UNIQUE,SC_002_04_11.png,2
SC_015_R04.png,SC,S,C,SC_015,15,4,PRESENT,1,0,MARK_PRESENT,1.0,31,N_MARKERS=31;XDISP=0.939;YDISP=0.954,AXIS_PARTIAL,59,47,1044,616,4,11,Híbrida,1,1,SHA256_UNIQUE,SC_002_04_11.png,2
SC_015_R05.png,SC,S,C,SC_015,15,5,PRESENT,1,0,MARK_PRESENT,1.0,31,N_MARKERS=31;XDISP=0.939;YDISP=0.954,AXIS_PARTIAL,59,47,1044,616,4,11,Híbrida,1,1,SHA256_UNIQUE,SC_002_04_11.png,2
SC_015_R06.png,SC,S,C,SC_015,15,6,PRESENT,1,0,MARK_PRESENT,1.0,31,N_MARKERS=31;XDISP=0.939;YDISP=0.954,AXIS_PARTIAL,59,47,1044,616,4,11,Híbrida,1,1,SHA256_UNIQUE,SC_002_04_11.png,2
SC_015_R07.png,SC,S,C,SC_015,15,7,PRESENT,1,0,MARK_PRESENT,1.0,31,N_MARKERS=31;XDISP=0.939;YDISP=0.954,AXIS_PARTIAL,59,47,1044,616,4,11,Híbrida,1,1,SHA256_UNIQUE,SC_002_04_11.png,2
SC_015_R08.png,SC,S,C,SC_015,15,8,PRESENT,1,0,MARK_PRESENT,1.0,31,N_MARKERS=31;XDISP=0.939;YDISP=0.954,AXIS_PARTIAL,59,47,1044,616,4,11,Híbrida,1,1,SHA256_UNIQUE,SC_002_04_11.png,2
SC_015_R09.png,SC,S,C,SC_015,15,9,PRESENT,1,0,MARK_PRESENT,1.0,31,N_MARKERS=31;XDISP=0.939;YDISP=0.954,AXIS_PARTIAL,59,47,1044,616,4,11,Híbrida,1,1,SHA256_UNIQUE,SC_002_04_11.png,2
SC_015_R10.png,SC,S,C,SC_015,15,10,PRESENT,1,0,MARK_PRESENT,1.0,31,N_MARKERS=31;XDISP=0.939;YDISP=0.954,AXIS_PARTIAL,59,47,1044,616,4,11,Híbrida,1,1,SHA256_UNIQUE,SC_002_04_11.png,2
SC_016_R01.png,SC,S,C,SC_016,16,1,PRESENT,1,0,MARK_PRESENT,1.0,35,N_MARKERS=35;XDISP=0.439;YDISP=0.935,AXIS_PARTIAL,59,49,937,648,6,11,Híbrida,1,1,SHA256_UNIQUE,SC_003_06_11.png,3
SC_016_R02.png,SC,S,C,SC_016,16,2,PRESENT,1,0,MARK_PRESENT,1.0,36,N_MARKERS=36;XDISP=0.917;YDISP=0.914,FULL_AXES_RECT,59,34,962,735,6,11,Híbrida,1,1,SHA256_UNIQUE,SC_003_06_11.png,3
SC_016_R03.png,SC,S,C,SC_016,16,3,PRESENT,1,0,MARK_PRESENT,1.0,36,N_MARKERS=36;XDISP=0.917;YDISP=0.914,FULL_AXES_RECT,59,34,962,735,6,11,Híbrida,1,1,SHA256_UNIQUE,SC_003_06_11.png,3
SC_016_R04.png,SC,S,C,SC_016,16,4,PRESENT,1,0,MARK_PRESENT,1.0,36,N_MARKERS=36;XDISP=0.917;YDISP=0.914,FULL_AXES_RECT,59,34,962,735,6,11,Híbrida,1,1,SHA256_UNIQUE,SC_003_06_11.png,3
SC_016_R05.png,SC,S,C,SC_016,16,5,PRESENT,1,0,MARK_PRESENT,1.0,36,N_MARKERS=36;XDISP=0.917;YDISP=0.914,FULL_AXES_RECT,59,34,962,735,6,11,Híbrida,1,1,SHA256_UNIQUE,SC_003_06_11.png,3
SC_016_R06.png,SC,S,C,SC_016,16,6,PRESENT,1,0,MARK_PRESENT,1.0,36,N_MARKERS=36;XDISP=0.917;YDISP=0.914,FULL_AXES_RECT,59,34,962,735,6,11,Híbrida,1,1,SHA256_UNIQUE,SC_003_06_11.png,3
SC_016_R07.png,SC,S,C,SC_016,16,7,PRESENT,1,0,MARK_PRESENT,1.0,36,N_MARKERS=36;XDISP=0.917;YDISP=0.914,FULL_AXES_RECT,59,34,962,735,6,11,Híbrida,1,1,SHA256_UNIQUE,SC_003_06_11.png,3
SC_016_R08.png,SC,S,C,SC_016,16,8,PRESENT,1,0,MARK_PRESENT,1.0,36,N_MARKERS=36;XDISP=0.917;YDISP=0.914,FULL_AXES_RECT,59,34,962,735,6,11,Híbrida,1,1,SHA256_UNIQUE,SC_003_06_11.png,3
SC_016_R09.png,SC,S,C,SC_016,16,9,PRESENT,1,0,MARK_PRESENT,1.0,36,N_MARKERS=36;XDISP=0.917;YDISP=0.914,FULL_AXES_RECT,59,34,962,735,6,11,Híbrida,1,1,SHA256_UNIQUE,SC_003_06_11.png,3
SC_016_R10.png,SC,S,C,SC_016,16,10,PRESENT,1,0,MARK_PRESENT,1.0,36,N_MARKERS=36;XDISP=0.917;YDISP=0.914,FULL_AXES_RECT,59,34,962,735,6,11,Híbrida,1,1,SHA256_UNIQUE,SC_003_06_11.png,3
SC_017_R01.png,SC,S,C,SC_017,17,1,PRESENT,1,0,MARK_PRESENT,1.0,21,N_MARKERS=21;XDISP=0.912;YDISP=0.913,FULL_AXES_RECT,60,35,960,734,7,11,Híbrida,1,1,SHA256_UNIQUE,SC_004_07_11.png,4
SC_017_R02.png,SC,S,C,SC_017,17,2,PRESENT,1,0,MARK_PRESENT,1.0,28,N_MARKERS=28;XDISP=0.918;YDISP=0.913,FULL_AXES_RECT,98,98,958,678,7,11,Híbrida,1,1,SHA256_UNIQUE,SC_004_07_11.png,4
SC_017_R03.png,SC,S,C,SC_017,17,3,PRESENT,1,0,MARK_PRESENT,1.0,24,N_MARKERS=24;XDISP=0.918;YDISP=0.926,FULL_AXES_RECT,98,98,958,678,7,11,Híbrida,1,1,SHA256_UNIQUE,SC_004_07_11.png,4
SC_017_R04.png,SC,S,C,SC_017,17,4,PRESENT,1,0,MARK_PRESENT,1.0,4,N_MARKERS=4;XDISP=0.920;YDISP=0.000,FULL_AXES_RECT,98,98,958,678,7,11,Híbrida,1,1,SHA256_UNIQUE,SC_004_07_11.png,4
SC_017_R05.png,SC,S,C,SC_017,17,5,PRESENT,1,0,MARK_PRESENT,1.0,13,N_MARKERS=13;XDISP=0.915;YDISP=0.919,FULL_AXES_RECT,98,98,958,678,7,11,Híbrida,1,1,SHA256_UNIQUE,SC_004_07_11.png,4
SC_017_R06.png,SC,S,C,SC_017,17,6,PRESENT,1,0,MARK_PRESENT,1.0,10,N_MARKERS=10;XDISP=0.875;YDISP=0.919,FULL_AXES_RECT,98,98,958,678,7,11,Híbrida,1,1,SHA256_UNIQUE,SC_004_07_11.png,4
SC_017_R07.png,SC,S,C,SC_017,17,7,PRESENT,1,0,MARK_PRESENT,1.0,7,N_MARKERS=7;XDISP=0.913;YDISP=0.000,FULL_AXES_RECT,98,98,958,678,7,11,Híbrida,1,1,SHA256_UNIQUE,SC_004_07_11.png,4
SC_017_R08.png,SC,S,C,SC_017,17,8,ABSENT_OR_UNCERTAIN,0,1,MARK_ABSENT,0.3,1,N_MARKERS=1;XDISP=0.000;YDISP=0.000,FULL_AXES_RECT,98,98,958,678,7,11,Híbrida,1,1,SHA256_UNIQUE,SC_004_07_11.png,4
SC_017_R09.png,SC,S,C,SC_017,17,9,PRESENT,1,0,MARK_PRESENT,1.0,26,N_MARKERS=26;XDISP=0.902;YDISP=0.912,FULL_AXES_RECT,98,98,958,678,7,11,Híbrida,1,1,SHA256_UNIQUE,SC_004_07_11.png,4
SC_017_R10.png,SC,S,C,SC_017,17,10,PRESENT,1,0,MARK_PRESENT,1.0,6,N_MARKERS=6;XDISP=0.909;YDISP=0.912,FULL_AXES_RECT,98,98,958,678,7,11,Híbrida,1,1,SHA256_UNIQUE,SC_004_07_11.png,4
SC_018_R01.png,SC,S,C,SC_018,18,1,PRESENT,1,0,MARK_PRESENT,1.0,25,N_MARKERS=25;XDISP=0.932;YDISP=0.949,AXIS_PARTIAL,59,55,1118,735,8,11,Híbrida,1,1,SHA256_UNIQUE,SC_005_08_11.png,5
SC_018_R02.png,SC,S,C,SC_018,18,2,PRESENT,1,0,MARK_PRESENT,1.0,37,N_MARKERS=37;XDISP=0.914;YDISP=0.913,FULL_AXES_RECT,58,33,1100,615,8,11,Híbrida,1,1,SHA256_UNIQUE,SC_005_08_11.png,5
SC_018_R03.png,SC,S,C,SC_018,18,3,PRESENT,1,0,MARK_PRESENT,1.0,37,N_MARKERS=37;XDISP=0.914;YDISP=0.913,FULL_AXES_RECT,58,33,1100,615,8,11,Híbrida,1,1,SHA256_UNIQUE,SC_005_08_11.png,5
SC_018_R04.png,SC,S,C,SC_018,18,4,PRESENT,1,0,MARK_PRESENT,1.0,37,N_MARKERS=37;XDISP=0.914;YDISP=0.913,FULL_AXES_RECT,58,33,1100,615,8,11,Híbrida,1,1,SHA256_UNIQUE,SC_005_08_11.png,5
SC_018_R05.png,SC,S,C,SC_018,18,5,PRESENT,1,0,MARK_PRESENT,1.0,37,N_MARKERS=37;XDISP=0.914;YDISP=0.913,FULL_AXES_RECT,58,33,1100,615,8,11,Híbrida,1,1,SHA256_UNIQUE,SC_005_08_11.png,5
SC_018_R06.png,SC,S,C,SC_018,18,6,PRESENT,1,0,MARK_PRESENT,1.0,37,N_MARKERS=37;XDISP=0.914;YDISP=0.913,FULL_AXES_RECT,58,33,1100,615,8,11,Híbrida,1,1,SHA256_UNIQUE,SC_005_08_11.png,5
SC_018_R07.png,SC,S,C,SC_018,18,7,PRESENT,1,0,MARK_PRESENT,1.0,37,N_MARKERS=37;XDISP=0.914;YDISP=0.913,FULL_AXES_RECT,58,33,1100,615,8,11,Híbrida,1,1,SHA256_UNIQUE,SC_005_08_11.png,5
SC_018_R08.png,SC,S,C,SC_018,18,8,PRESENT,1,0,MARK_PRESENT,1.0,37,N_MARKERS=37;XDISP=0.914;YDISP=0.913,FULL_AXES_RECT,58,33,1100,615,8,11,Híbrida,1,1,SHA256_UNIQUE,SC_005_08_11.png,5
SC_018_R09.png,SC,S,C,SC_018,18,9,PRESENT,1,0,MARK_PRESENT,1.0,37,N_MARKERS=37;XDISP=0.914;YDISP=0.913,FULL_AXES_RECT,58,33,1100,615,8,11,Híbrida,1,1,SHA256_UNIQUE,SC_005_08_11.png,5
SC_018_R10.png,SC,S,C,SC_018,18,10,PRESENT,1,0,MARK_PRESENT,1.0,37,N_MARKERS=37;XDISP=0.914;YDISP=0.913,FULL_AXES_RECT,58,33,1100,615,8,11,Híbrida,1,1,SHA256_UNIQUE,SC_005_08_11.png,5
SC_019_R01.png,SC,S,C,SC_019,19,1,PRESENT,1,0,MARK_PRESENT,1.0,49,N_MARKERS=49;XDISP=0.948;YDISP=0.936,AXIS_PARTIAL,64,56,1128,740,9,11,Híbrida,1,1,SHA256_UNIQUE,SC_006_09_11.png,6
SC_019_R02.png,SC,S,C,SC_019,19,2,PRESENT,1,0,MARK_PRESENT,1.0,38,N_MARKERS=38;XDISP=0.915;YDISP=0.913,FULL_AXES_RECT,64,39,979,740,9,11,Híbrida,1,1,SHA256_UNIQUE,SC_006_09_11.png,6
SC_019_R03.png,SC,S,C,SC_019,19,3,PRESENT,1,0,MARK_PRESENT,1.0,38,N_MARKERS=38;XDISP=0.915;YDISP=0.913,FULL_AXES_RECT,64,39,979,740,9,11,Híbrida,1,1,SHA256_UNIQUE,SC_006_09_11.png,6
SC_019_R04.png,SC,S,C,SC_019,19,4,PRESENT,1,0,MARK_PRESENT,1.0,38,N_MARKERS=38;XDISP=0.915;YDISP=0.913,FULL_AXES_RECT,64,39,979,740,9,11,Híbrida,1,1,SHA256_UNIQUE,SC_006_09_11.png,6
SC_019_R05.png,SC,S,C,SC_019,19,5,PRESENT,1,0,MARK_PRESENT,1.0,38,N_MARKERS=38;XDISP=0.915;YDISP=0.913,FULL_AXES_RECT,64,39,979,740,9,11,Híbrida,1,1,SHA256_UNIQUE,SC_006_09_11.png,6
SC_019_R06.png,SC,S,C,SC_019,19,6,PRESENT,1,0,MARK_PRESENT,1.0,38,N_MARKERS=38;XDISP=0.915;YDISP=0.913,FULL_AXES_RECT,64,39,979,740,9,11,Híbrida,1,1,SHA256_UNIQUE,SC_006_09_11.png,6
SC_019_R07.png,SC,S,C,SC_019,19,7,PRESENT,1,0,MARK_PRESENT,1.0,38,N_MARKERS=38;XDISP=0.915;YDISP=0.913,FULL_AXES_RECT,64,39,979,740,9,11,Híbrida,1,1,SHA256_UNIQUE,SC_006_09_11.png,6
SC_019_R08.png,SC,S,C,SC_019,19,8,PRESENT,1,0,MARK_PRESENT,1.0,38,N_MARKERS=38;XDISP=0.915;YDISP=0.913,FULL_AXES_RECT,64,39,979,740,9,11,Híbrida,1,1,SHA256_UNIQUE,SC_006_09_11.png,6
SC_019_R09.png,SC,S,C,SC_019,19,9,PRESENT,1,0,MARK_PRESENT,1.0,38,N_MARKERS=38;XDISP=0.915;YDISP=0.913,FULL_AXES_RECT,64,39,979,740,9,11,Híbrida,1,1,SHA256_UNIQUE,SC_006_09_11.png,6
SC_019_R10.png,SC,S,C,SC_019,19,10,PRESENT,1,0,MARK_PRESENT,1.0,38,N_MARKERS=38;XDISP=0.915;YDISP=0.913,FULL_AXES_RECT,64,39,979,740,9,11,Híbrida,1,1,SHA256_UNIQUE,SC_006_09_11.png,6
SC_020_R01.png,SC,S,C,SC_020,20,1,PRESENT,1,0,MARK_PRESENT,1.0,32,N_MARKERS=32;XDISP=0.910;YDISP=0.911,FULL_AXES_RECT,59,34,1101,616,10,11,Híbrida,1,1,SHA256_UNIQUE,SC_007_10_11.png,7
SC_020_R02.png,SC,S,C,SC_020,20,2,PRESENT,1,0,MARK_PRESENT,1.0,31,N_MARKERS=31;XDISP=0.981;YDISP=0.914,FULL_AXES_RECT,64,39,965,740,10,11,Híbrida,1,1,SHA256_UNIQUE,SC_007_10_11.png,7
SC_020_R03.png,SC,S,C,SC_020,20,3,PRESENT,1,0,MARK_PRESENT,1.0,31,N_MARKERS=31;XDISP=0.981;YDISP=0.914,FULL_AXES_RECT,64,39,965,740,10,11,Híbrida,1,1,SHA256_UNIQUE,SC_007_10_11.png,7
SC_020_R04.png,SC,S,C,SC_020,20,4,PRESENT,1,0,MARK_PRESENT,1.0,31,N_MARKERS=31;XDISP=0.981;YDISP=0.914,FULL_AXES_RECT,64,39,965,740,10,11,Híbrida,1,1,SHA256_UNIQUE,SC_007_10_11.png,7
SC_020_R05.png,SC,S,C,SC_020,20,5,PRESENT,1,0,MARK_PRESENT,1.0,31,N_MARKERS=31;XDISP=0.981;YDISP=0.914,FULL_AXES_RECT,64,39,965,740,10,11,Híbrida,1,1,SHA256_UNIQUE,SC_007_10_11.png,7
SC_020_R06.png,SC,S,C,SC_020,20,6,PRESENT,1,0,MARK_PRESENT,1.0,31,N_MARKERS=31;XDISP=0.981;YDISP=0.914,FULL_AXES_RECT,64,39,965,740,10,11,Híbrida,1,1,SHA256_UNIQUE,SC_007_10_11.png,7
SC_020_R07.png,SC,S,C,SC_020,20,7,PRESENT,1,0,MARK_PRESENT,1.0,31,N_MARKERS=31;XDISP=0.981;YDISP=0.914,FULL_AXES_RECT,64,39,965,740,10,11,Híbrida,1,1,SHA256_UNIQUE,SC_007_10_11.png,7
SC_020_R08.png,SC,S,C,SC_020,20,8,PRESENT,1,0,MARK_PRESENT,1.0,31,N_MARKERS=31;XDISP=0.981;YDISP=0.914,FULL_AXES_RECT,64,39,965,740,10,11,Híbrida,1,1,SHA256_UNIQUE,SC_007_10_11.png,7
SC_020_R09.png,SC,S,C,SC_020,20,9,PRESENT,1,0,MARK_PRESENT,1.0,31,N_MARKERS=31;XDISP=0.981;YDISP=0.914,FULL_AXES_RECT,64,39,965,740,10,11,Híbrida,1,1,SHA256_UNIQUE,SC_007_10_11.png,7
SC_020_R10.png,SC,S,C,SC_020,20,10,PRESENT,1,0,MARK_PRESENT,1.0,31,N_MARKERS=31;XDISP=0.981;YDISP=0.914,FULL_AXES_RECT,64,39,965,740,10,11,Híbrida,1,1,SHA256_UNIQUE,SC_007_10_11.png,7
SC_021_R01.png,SC,S,C,SC_021,21,1,PRESENT,1,0,MARK_PRESENT,1.0,32,N_MARKERS=32;XDISP=0.910;YDISP=0.911,FULL_AXES_RECT,59,34,1101,616,11,11,Híbrida,1,1,SHA256_UNIQUE,SC_008_11_11.png,8
SC_021_R02.png,SC,S,C,SC_021,21,2,PRESENT,1,0,MARK_PRESENT,1.0,35,N_MARKERS=35;XDISP=0.915;YDISP=0.913,FULL_AXES_RECT,59,34,921,616,11,11,Híbrida,1,1,SHA256_UNIQUE,SC_008_11_11.png,8
SC_021_R03.png,SC,S,C,SC_021,21,3,PRESENT,1,0,MARK_PRESENT,1.0,35,N_MARKERS=35;XDISP=0.915;YDISP=0.913,FULL_AXES_RECT,59,34,921,616,11,11,Híbrida,1,1,SHA256_UNIQUE,SC_008_11_11.png,8
SC_021_R04.png,SC,S,C,SC_021,21,4,PRESENT,1,0,MARK_PRESENT,1.0,35,N_MARKERS=35;XDISP=0.915;YDISP=0.913,FULL_AXES_RECT,59,34,921,616,11,11,Híbrida,1,1,SHA256_UNIQUE,SC_008_11_11.png,8
SC_021_R05.png,SC,S,C,SC_021,21,5,PRESENT,1,0,MARK_PRESENT,1.0,35,N_MARKERS=35;XDISP=0.915;YDISP=0.913,FULL_AXES_RECT,59,34,921,616,11,11,Híbrida,1,1,SHA256_UNIQUE,SC_008_11_11.png,8
SC_021_R06.png,SC,S,C,SC_021,21,6,PRESENT,1,0,MARK_PRESENT,1.0,35,N_MARKERS=35;XDISP=0.915;YDISP=0.913,FULL_AXES_RECT,59,34,921,616,11,11,Híbrida,1,1,SHA256_UNIQUE,SC_008_11_11.png,8
SC_021_R07.png,SC,S,C,SC_021,21,7,PRESENT,1,0,MARK_PRESENT,1.0,35,N_MARKERS=35;XDISP=0.915;YDISP=0.913,FULL_AXES_RECT,59,34,921,616,11,11,Híbrida,1,1,SHA256_UNIQUE,SC_008_11_11.png,8
SC_021_R08.png,SC,S,C,SC_021,21,8,PRESENT,1,0,MARK_PRESENT,1.0,35,N_MARKERS=35;XDISP=0.915;YDISP=0.913,FULL_AXES_RECT,59,34,921,616,11,11,Híbrida,1,1,SHA256_UNIQUE,SC_008_11_11.png,8
SC_021_R09.png,SC,S,C,SC_021,21,9,PRESENT,1,0,MARK_PRESENT,1.0,35,N_MARKERS=35;XDISP=0.915;YDISP=0.913,FULL_AXES_RECT,59,34,921,616,11,11,Híbrida,1,1,SHA256_UNIQUE,SC_008_11_11.png,8
SC_021_R10.png,SC,S,C,SC_021,21,10,PRESENT,1,0,MARK_PRESENT,1.0,35,N_MARKERS=35;XDISP=0.915;YDISP=0.913,FULL_AXES_RECT,59,34,921,616,11,11,Híbrida,1,1,SHA256_UNIQUE,SC_008_11_11.png,8
SC_022_R01.png,SC,S,C,SC_022,22,1,PRESENT,1,0,MARK_PRESENT,1.0,32,N_MARKERS=32;XDISP=0.899;YDISP=0.935,AXIS_PARTIAL,59,47,1044,616,12,11,Híbrida,1,1,SHA256_UNIQUE,SC_009_12_11.png,9
SC_022_R02.png,SC,S,C,SC_022,22,2,PRESENT,1,0,MARK_PRESENT,1.0,56,N_MARKERS=56;XDISP=0.892;YDISP=0.948,AXIS_PARTIAL,59,49,937,648,12,11,Híbrida,1,1,SHA256_UNIQUE,SC_009_12_11.png,9
SC_022_R03.png,SC,S,C,SC_022,22,3,PRESENT,1,0,MARK_PRESENT,1.0,56,N_MARKERS=56;XDISP=0.892;YDISP=0.948,AXIS_PARTIAL,59,49,937,648,12,11,Híbrida,1,1,SHA256_UNIQUE,SC_009_12_11.png,9
SC_022_R04.png,SC,S,C,SC_022,22,4,PRESENT,1,0,MARK_PRESENT,1.0,56,N_MARKERS=56;XDISP=0.892;YDISP=0.948,AXIS_PARTIAL,59,49,937,648,12,11,Híbrida,1,1,SHA256_UNIQUE,SC_009_12_11.png,9
SC_022_R05.png,SC,S,C,SC_022,22,5,PRESENT,1,0,MARK_PRESENT,1.0,56,N_MARKERS=56;XDISP=0.892;YDISP=0.948,AXIS_PARTIAL,59,49,937,648,12,11,Híbrida,1,1,SHA256_UNIQUE,SC_009_12_11.png,9
SC_022_R06.png,SC,S,C,SC_022,22,6,PRESENT,1,0,MARK_PRESENT,1.0,56,N_MARKERS=56;XDISP=0.892;YDISP=0.948,AXIS_PARTIAL,59,49,937,648,12,11,Híbrida,1,1,SHA256_UNIQUE,SC_009_12_11.png,9
SC_022_R07.png,SC,S,C,SC_022,22,7,PRESENT,1,0,MARK_PRESENT,1.0,56,N_MARKERS=56;XDISP=0.892;YDISP=0.948,AXIS_PARTIAL,59,49,937,648,12,11,Híbrida,1,1,SHA256_UNIQUE,SC_009_12_11.png,9
SC_022_R08.png,SC,S,C,SC_022,22,8,PRESENT,1,0,MARK_PRESENT,1.0,56,N_MARKERS=56;XDISP=0.892;YDISP=0.948,AXIS_PARTIAL,59,49,937,648,12,11,Híbrida,1,1,SHA256_UNIQUE,SC_009_12_11.png,9
SC_022_R09.png,SC,S,C,SC_022,22,9,PRESENT,1,0,MARK_PRESENT,1.0,56,N_MARKERS=56;XDISP=0.892;YDISP=0.948,AXIS_PARTIAL,59,49,937,648,12,11,Híbrida,1,1,SHA256_UNIQUE,SC_009_12_11.png,9
SC_022_R10.png,SC,S,C,SC_022,22,10,PRESENT,1,0,MARK_PRESENT,1.0,56,N_MARKERS=56;XDISP=0.892;YDISP=0.948,AXIS_PARTIAL,59,49,937,648,12,11,Híbrida,1,1,SHA256_UNIQUE,SC_009_12_11.png,9
SC_023_R01.png,SC,S,C,SC_023,23,1,PRESENT,1,0,MARK_PRESENT,1.0,26,N_MARKERS=26;XDISP=0.913;YDISP=0.912,FULL_AXES_RECT,98,98,1138,678,13,11,Híbrida,1,1,SHA256_UNIQUE,SC_010_13_11.png,10
SC_023_R02.png,SC,S,C,SC_023,23,2,PRESENT,1,0,MARK_PRESENT,1.0,30,N_MARKERS=30;XDISP=0.904;YDISP=0.786,FULL_AXES_RECT,59,34,1101,616,13,11,Híbrida,1,1,SHA256_UNIQUE,SC_010_13_11.png,10
SC_023_R03.png,SC,S,C,SC_023,23,3,PRESENT,1,0,MARK_PRESENT,1.0,30,N_MARKERS=30;XDISP=0.904;YDISP=0.786,FULL_AXES_RECT,59,34,1101,616,13,11,Híbrida,1,1,SHA256_UNIQUE,SC_010_13_11.png,10
SC_023_R04.png,SC,S,C,SC_023,23,4,PRESENT,1,0,MARK_PRESENT,1.0,30,N_MARKERS=30;XDISP=0.904;YDISP=0.786,FULL_AXES_RECT,59,34,1101,616,13,11,Híbrida,1,1,SHA256_UNIQUE,SC_010_13_11.png,10
SC_023_R05.png,SC,S,C,SC_023,23,5,PRESENT,1,0,MARK_PRESENT,1.0,30,N_MARKERS=30;XDISP=0.904;YDISP=0.786,FULL_AXES_RECT,59,34,1101,616,13,11,Híbrida,1,1,SHA256_UNIQUE,SC_010_13_11.png,10
SC_023_R06.png,SC,S,C,SC_023,23,6,PRESENT,1,0,MARK_PRESENT,1.0,30,N_MARKERS=30;XDISP=0.904;YDISP=0.786,FULL_AXES_RECT,59,34,1101,616,13,11,Híbrida,1,1,SHA256_UNIQUE,SC_010_13_11.png,10
SC_023_R07.png,SC,S,C,SC_023,23,7,PRESENT,1,0,MARK_PRESENT,1.0,30,N_MARKERS=30;XDISP=0.904;YDISP=0.786,FULL_AXES_RECT,59,34,1101,616,13,11,Híbrida,1,1,SHA256_UNIQUE,SC_010_13_11.png,10
SC_023_R08.png,SC,S,C,SC_023,23,8,PRESENT,1,0,MARK_PRESENT,1.0,30,N_MARKERS=30;XDISP=0.904;YDISP=0.786,FULL_AXES_RECT,59,34,1101,616,13,11,Híbrida,1,1,SHA256_UNIQUE,SC_010_13_11.png,10
SC_023_R09.png,SC,S,C,SC_023,23,9,PRESENT,1,0,MARK_PRESENT,1.0,30,N_MARKERS=30;XDISP=0.904;YDISP=0.786,FULL_AXES_RECT,59,34,1101,616,13,11,Híbrida,1,1,SHA256_UNIQUE,SC_010_13_11.png,10
SC_023_R10.png,SC,S,C,SC_023,23,10,PRESENT,1,0,MARK_PRESENT,1.0,30,N_MARKERS=30;XDISP=0.904;YDISP=0.786,FULL_AXES_RECT,59,34,1101,616,13,11,Híbrida,1,1,SHA256_UNIQUE,SC_010_13_11.png,10
SC_024_R01.png,SC,S,C,SC_024,24,1,PRESENT,1,0,MARK_PRESENT,1.0,32,N_MARKERS=32;XDISP=0.910;YDISP=0.911,FULL_AXES_RECT,59,34,1101,616,14,11,Híbrida,1,1,SHA256_UNIQUE,SC_011_14_11.png,11
SC_024_R02.png,SC,S,C,SC_024,24,2,PRESENT,1,0,MARK_PRESENT,1.0,35,N_MARKERS=35;XDISP=0.915;YDISP=0.913,FULL_AXES_RECT,58,33,920,615,14,11,Híbrida,1,1,SHA256_UNIQUE,SC_011_14_11.png,11
SC_024_R03.png,SC,S,C,SC_024,24,3,PRESENT,1,0,MARK_PRESENT,1.0,35,N_MARKERS=35;XDISP=0.915;YDISP=0.913,FULL_AXES_RECT,58,33,920,615,14,11,Híbrida,1,1,SHA256_UNIQUE,SC_011_14_11.png,11
SC_024_R04.png,SC,S,C,SC_024,24,4,PRESENT,1,0,MARK_PRESENT,1.0,35,N_MARKERS=35;XDISP=0.915;YDISP=0.913,FULL_AXES_RECT,58,33,920,615,14,11,Híbrida,1,1,SHA256_UNIQUE,SC_011_14_11.png,11
SC_024_R05.png,SC,S,C,SC_024,24,5,PRESENT,1,0,MARK_PRESENT,1.0,35,N_MARKERS=35;XDISP=0.915;YDISP=0.913,FULL_AXES_RECT,58,33,920,615,14,11,Híbrida,1,1,SHA256_UNIQUE,SC_011_14_11.png,11
SC_024_R06.png,SC,S,C,SC_024,24,6,PRESENT,1,0,MARK_PRESENT,1.0,35,N_MARKERS=35;XDISP=0.915;YDISP=0.913,FULL_AXES_RECT,58,33,920,615,14,11,Híbrida,1,1,SHA256_UNIQUE,SC_011_14_11.png,11
SC_024_R07.png,SC,S,C,SC_024,24,7,PRESENT,1,0,MARK_PRESENT,1.0,35,N_MARKERS=35;XDISP=0.915;YDISP=0.913,FULL_AXES_RECT,58,33,920,615,14,11,Híbrida,1,1,SHA256_UNIQUE,SC_011_14_11.png,11
SC_024_R08.png,SC,S,C,SC_024,24,8,PRESENT,1,0,MARK_PRESENT,1.0,35,N_MARKERS=35;XDISP=0.915;YDISP=0.913,FULL_AXES_RECT,58,33,920,615,14,11,Híbrida,1,1,SHA256_UNIQUE,SC_011_14_11.png,11
SC_024_R09.png,SC,S,C,SC_024,24,9,PRESENT,1,0,MARK_PRESENT,1.0,35,N_MARKERS=35;XDISP=0.915;YDISP=0.913,FULL_AXES_RECT,58,33,920,615,14,11,Híbrida,1,1,SHA256_UNIQUE,SC_011_14_11.png,11
SC_024_R10.png,SC,S,C,SC_024,24,10,PRESENT,1,0,MARK_PRESENT,1.0,35,N_MARKERS=35;XDISP=0.915;YDISP=0.913,FULL_AXES_RECT,58,33,920,615,14,11,Híbrida,1,1,SHA256_UNIQUE,SC_011_14_11.png,11
SC_025_R01.png,SC,S,C,SC_025,25,1,PRESENT,1,0,MARK_PRESENT,1.0,32,N_MARKERS=32;XDISP=0.910;YDISP=0.911,FULL_AXES_RECT,59,34,1101,616,15,11,Híbrida,1,1,SHA256_UNIQUE,SC_012_15_11.png,12
SC_025_R02.png,SC,S,C,SC_025,25,2,PRESENT,1,0,MARK_PRESENT,1.0,35,N_MARKERS=35;XDISP=0.915;YDISP=0.913,FULL_AXES_RECT,58,33,920,615,15,11,Híbrida,1,1,SHA256_UNIQUE,SC_012_15_11.png,12
SC_025_R03.png,SC,S,C,SC_025,25,3,PRESENT,1,0,MARK_PRESENT,1.0,35,N_MARKERS=35;XDISP=0.915;YDISP=0.913,FULL_AXES_RECT,58,33,920,615,15,11,Híbrida,1,1,SHA256_UNIQUE,SC_012_15_11.png,12
SC_025_R04.png,SC,S,C,SC_025,25,4,PRESENT,1,0,MARK_PRESENT,1.0,35,N_MARKERS=35;XDISP=0.915;YDISP=0.913,FULL_AXES_RECT,58,33,920,615,15,11,Híbrida,1,1,SHA256_UNIQUE,SC_012_15_11.png,12
SC_025_R05.png,SC,S,C,SC_025,25,5,PRESENT,1,0,MARK_PRESENT,1.0,35,N_MARKERS=35;XDISP=0.915;YDISP=0.913,FULL_AXES_RECT,58,33,920,615,15,11,Híbrida,1,1,SHA256_UNIQUE,SC_012_15_11.png,12
SC_025_R06.png,SC,S,C,SC_025,25,6,PRESENT,1,0,MARK_PRESENT,1.0,35,N_MARKERS=35;XDISP=0.915;YDISP=0.913,FULL_AXES_RECT,58,33,920,615,15,11,Híbrida,1,1,SHA256_UNIQUE,SC_012_15_11.png,12
SC_025_R07.png,SC,S,C,SC_025,25,7,PRESENT,1,0,MARK_PRESENT,1.0,35,N_MARKERS=35;XDISP=0.915;YDISP=0.913,FULL_AXES_RECT,58,33,920,615,15,11,Híbrida,1,1,SHA256_UNIQUE,SC_012_15_11.png,12
SC_025_R08.png,SC,S,C,SC_025,25,8,PRESENT,1,0,MARK_PRESENT,1.0,35,N_MARKERS=35;XDISP=0.915;YDISP=0.913,FULL_AXES_RECT,58,33,920,615,15,11,Híbrida,1,1,SHA256_UNIQUE,SC_012_15_11.png,12
SC_025_R09.png,SC,S,C,SC_025,25,9,PRESENT,1,0,MARK_PRESENT,1.0,35,N_MARKERS=35;XDISP=0.915;YDISP=0.913,FULL_AXES_RECT,58,33,920,615,15,11,Híbrida,1,1,SHA256_UNIQUE,SC_012_15_11.png,12
SC_025_R10.png,SC,S,C,SC_025,25,10,PRESENT,1,0,MARK_PRESENT,1.0,35,N_MARKERS=35;XDISP=0.915;YDISP=0.913,FULL_AXES_RECT,58,33,920,615,15,11,Híbrida,1,1,SHA256_UNIQUE,SC_012_15_11.png,12
SC_026_R01.png,SC,S,C,SC_026,26,1,PRESENT,1,0,MARK_PRESENT,1.0,34,N_MARKERS=34;XDISP=0.841;YDISP=0.950,AXIS_PARTIAL,59,55,1118,735,16,11,Híbrida,1,1,SHA256_UNIQUE,SC_013_16_11.png,13
SC_026_R02.png,SC,S,C,SC_026,26,2,PRESENT,1,0,MARK_PRESENT,1.0,39,N_MARKERS=39;XDISP=0.908;YDISP=0.947,AXIS_PARTIAL,59,47,1044,616,16,11,Híbrida,1,1,SHA256_UNIQUE,SC_013_16_11.png,13
SC_026_R03.png,SC,S,C,SC_026,26,3,PRESENT,1,0,MARK_PRESENT,1.0,39,N_MARKERS=39;XDISP=0.908;YDISP=0.947,AXIS_PARTIAL,59,47,1044,616,16,11,Híbrida,1,1,SHA256_UNIQUE,SC_013_16_11.png,13
SC_026_R04.png,SC,S,C,SC_026,26,4,PRESENT,1,0,MARK_PRESENT,1.0,39,N_MARKERS=39;XDISP=0.908;YDISP=0.947,AXIS_PARTIAL,59,47,1044,616,16,11,Híbrida,1,1,SHA256_UNIQUE,SC_013_16_11.png,13
SC_026_R05.png,SC,S,C,SC_026,26,5,PRESENT,1,0,MARK_PRESENT,1.0,39,N_MARKERS=39;XDISP=0.908;YDISP=0.947,AXIS_PARTIAL,59,47,1044,616,16,11,Híbrida,1,1,SHA256_UNIQUE,SC_013_16_11.png,13
SC_026_R06.png,SC,S,C,SC_026,26,6,PRESENT,1,0,MARK_PRESENT,1.0,39,N_MARKERS=39;XDISP=0.908;YDISP=0.947,AXIS_PARTIAL,59,47,1044,616,16,11,Híbrida,1,1,SHA256_UNIQUE,SC_013_16_11.png,13
SC_026_R07.png,SC,S,C,SC_026,26,7,PRESENT,1,0,MARK_PRESENT,1.0,39,N_MARKERS=39;XDISP=0.908;YDISP=0.947,AXIS_PARTIAL,59,47,1044,616,16,11,Híbrida,1,1,SHA256_UNIQUE,SC_013_16_11.png,13
SC_026_R08.png,SC,S,C,SC_026,26,8,PRESENT,1,0,MARK_PRESENT,1.0,39,N_MARKERS=39;XDISP=0.908;YDISP=0.947,AXIS_PARTIAL,59,47,1044,616,16,11,Híbrida,1,1,SHA256_UNIQUE,SC_013_16_11.png,13
SC_026_R09.png,SC,S,C,SC_026,26,9,PRESENT,1,0,MARK_PRESENT,1.0,39,N_MARKERS=39;XDISP=0.908;YDISP=0.947,AXIS_PARTIAL,59,47,1044,616,16,11,Híbrida,1,1,SHA256_UNIQUE,SC_013_16_11.png,13
SC_026_R10.png,SC,S,C,SC_026,26,10,PRESENT,1,0,MARK_PRESENT,1.0,39,N_MARKERS=39;XDISP=0.908;YDISP=0.947,AXIS_PARTIAL,59,47,1044,616,16,11,Híbrida,1,1,SHA256_UNIQUE,SC_013_16_11.png,13
SC_027_R01.png,SC,S,C,SC_027,27,1,PRESENT,1,0,MARK_PRESENT,1.0,32,N_MARKERS=32;XDISP=0.941;YDISP=0.984,AXIS_PARTIAL,59,47,1045,616,1,01,VQL,0,1,SHA256_UNIQUE,SC_001_01_01.png,1
SC_027_R02.png,SC,S,C,SC_027,27,2,PRESENT,1,0,MARK_PRESENT,1.0,17,N_MARKERS=17;XDISP=0.893;YDISP=0.963,FULL_AXES_RECT,59,34,1101,616,1,01,VQL,0,1,SHA256_UNIQUE,SC_001_01_01.png,1
SC_027_R03.png,SC,S,C,SC_027,27,3,PRESENT,1,0,MARK_PRESENT,1.0,17,N_MARKERS=17;XDISP=0.893;YDISP=0.963,FULL_AXES_RECT,59,34,1101,616,1,01,VQL,0,1,SHA256_UNIQUE,SC_001_01_01.png,1
SC_027_R04.png,SC,S,C,SC_027,27,4,PRESENT,1,0,MARK_PRESENT,1.0,17,N_MARKERS=17;XDISP=0.893;YDISP=0.963,FULL_AXES_RECT,59,34,1101,616,1,01,VQL,0,1,SHA256_UNIQUE,SC_001_01_01.png,1
SC_027_R05.png,SC,S,C,SC_027,27,5,PRESENT,1,0,MARK_PRESENT,1.0,17,N_MARKERS=17;XDISP=0.893;YDISP=0.963,FULL_AXES_RECT,59,34,1101,616,1,01,VQL,0,1,SHA256_UNIQUE,SC_001_01_01.png,1
SC_027_R06.png,SC,S,C,SC_027,27,6,PRESENT,1,0,MARK_PRESENT,1.0,17,N_MARKERS=17;XDISP=0.893;YDISP=0.963,FULL_AXES_RECT,59,34,1101,616,1,01,VQL,0,1,SHA256_UNIQUE,SC_001_01_01.png,1
SC_027_R07.png,SC,S,C,SC_027,27,7,PRESENT,1,0,MARK_PRESENT,1.0,17,N_MARKERS=17;XDISP=0.893;YDISP=0.963,FULL_AXES_RECT,59,34,1101,616,1,01,VQL,0,1,SHA256_UNIQUE,SC_001_01_01.png,1
SC_027_R08.png,SC,S,C,SC_027,27,8,PRESENT,1,0,MARK_PRESENT,1.0,17,N_MARKERS=17;XDISP=0.893;YDISP=0.963,FULL_AXES_RECT,59,34,1101,616,1,01,VQL,0,1,SHA256_UNIQUE,SC_001_01_01.png,1
SC_027_R09.png,SC,S,C,SC_027,27,9,PRESENT,1,0,MARK_PRESENT,1.0,17,N_MARKERS=17;XDISP=0.893;YDISP=0.963,FULL_AXES_RECT,59,34,1101,616,1,01,VQL,0,1,SHA256_UNIQUE,SC_001_01_01.png,1
SC_027_R10.png,SC,S,C,SC_027,27,10,PRESENT,1,0,MARK_PRESENT,1.0,17,N_MARKERS=17;XDISP=0.893;YDISP=0.963,FULL_AXES_RECT,59,34,1101,616,1,01,VQL,0,1,SHA256_UNIQUE,SC_001_01_01.png,1
SC_028_R01.png,SC,S,C,SC_028,28,1,PRESENT,1,0,MARK_PRESENT,1.0,21,N_MARKERS=21;XDISP=0.947;YDISP=0.940,AXIS_PARTIAL,59,47,1044,616,4,01,VQL,0,1,SHA256_UNIQUE,SC_002_04_01.png,2
SC_028_R02.png,SC,S,C,SC_028,28,2,PRESENT,1,0,MARK_PRESENT,1.0,33,N_MARKERS=33;XDISP=0.939;YDISP=0.954,AXIS_PARTIAL,58,47,1043,616,4,01,VQL,0,1,SHA256_UNIQUE,SC_002_04_01.png,2
SC_028_R03.png,SC,S,C,SC_028,28,3,PRESENT,1,0,MARK_PRESENT,1.0,33,N_MARKERS=33;XDISP=0.939;YDISP=0.954,AXIS_PARTIAL,58,47,1043,616,4,01,VQL,0,1,SHA256_UNIQUE,SC_002_04_01.png,2
SC_028_R04.png,SC,S,C,SC_028,28,4,PRESENT,1,0,MARK_PRESENT,1.0,33,N_MARKERS=33;XDISP=0.939;YDISP=0.954,AXIS_PARTIAL,58,47,1043,616,4,01,VQL,0,1,SHA256_UNIQUE,SC_002_04_01.png,2
SC_028_R05.png,SC,S,C,SC_028,28,5,PRESENT,1,0,MARK_PRESENT,1.0,34,N_MARKERS=34;XDISP=0.941;YDISP=0.938,FULL_AXES_RECT,98,98,1138,678,4,01,VQL,0,1,SHA256_UNIQUE,SC_002_04_01.png,2
SC_028_R06.png,SC,S,C,SC_028,28,6,PRESENT,1,0,MARK_PRESENT,1.0,34,N_MARKERS=34;XDISP=0.941;YDISP=0.938,FULL_AXES_RECT,98,98,1138,678,4,01,VQL,0,1,SHA256_UNIQUE,SC_002_04_01.png,2
SC_028_R07.png,SC,S,C,SC_028,28,7,PRESENT,1,0,MARK_PRESENT,1.0,34,N_MARKERS=34;XDISP=0.941;YDISP=0.938,FULL_AXES_RECT,98,98,1138,678,4,01,VQL,0,1,SHA256_UNIQUE,SC_002_04_01.png,2
SC_028_R08.png,SC,S,C,SC_028,28,8,PRESENT,1,0,MARK_PRESENT,1.0,34,N_MARKERS=34;XDISP=0.941;YDISP=0.938,FULL_AXES_RECT,98,98,1138,678,4,01,VQL,0,1,SHA256_UNIQUE,SC_002_04_01.png,2
SC_028_R09.png,SC,S,C,SC_028,28,9,PRESENT,1,0,MARK_PRESENT,1.0,34,N_MARKERS=34;XDISP=0.941;YDISP=0.938,FULL_AXES_RECT,98,98,1138,678,4,01,VQL,0,1,SHA256_UNIQUE,SC_002_04_01.png,2
SC_028_R10.png,SC,S,C,SC_028,28,10,PRESENT,1,0,MARK_PRESENT,1.0,34,N_MARKERS=34;XDISP=0.941;YDISP=0.938,FULL_AXES_RECT,98,98,1138,678,4,01,VQL,0,1,SHA256_UNIQUE,SC_002_04_01.png,2
SC_029_R01.png,SC,S,C,SC_029,29,1,PRESENT,1,0,MARK_PRESENT,1.0,37,N_MARKERS=37;XDISP=0.870;YDISP=0.932,AXIS_PARTIAL,59,47,1044,616,6,01,VQL,0,1,SHA256_UNIQUE,SC_003_06_01.png,3
SC_029_R02.png,SC,S,C,SC_029,29,2,PRESENT,1,0,MARK_PRESENT,1.0,41,N_MARKERS=41;XDISP=0.955;YDISP=0.950,AXIS_PARTIAL,63,56,1128,741,6,01,VQL,0,1,SHA256_UNIQUE,SC_003_06_01.png,3
SC_029_R03.png,SC,S,C,SC_029,29,3,PRESENT,1,0,MARK_PRESENT,1.0,41,N_MARKERS=41;XDISP=0.955;YDISP=0.950,AXIS_PARTIAL,63,56,1128,741,6,01,VQL,0,1,SHA256_UNIQUE,SC_003_06_01.png,3
SC_029_R04.png,SC,S,C,SC_029,29,4,PRESENT,1,0,MARK_PRESENT,1.0,41,N_MARKERS=41;XDISP=0.955;YDISP=0.950,AXIS_PARTIAL,63,56,1128,741,6,01,VQL,0,1,SHA256_UNIQUE,SC_003_06_01.png,3
SC_029_R05.png,SC,S,C,SC_029,29,5,PRESENT,1,0,MARK_PRESENT,1.0,41,N_MARKERS=41;XDISP=0.955;YDISP=0.950,AXIS_PARTIAL,63,56,1128,741,6,01,VQL,0,1,SHA256_UNIQUE,SC_003_06_01.png,3
SC_029_R06.png,SC,S,C,SC_029,29,6,PRESENT,1,0,MARK_PRESENT,1.0,41,N_MARKERS=41;XDISP=0.955;YDISP=0.950,AXIS_PARTIAL,63,56,1128,741,6,01,VQL,0,1,SHA256_UNIQUE,SC_003_06_01.png,3
SC_029_R07.png,SC,S,C,SC_029,29,7,PRESENT,1,0,MARK_PRESENT,1.0,41,N_MARKERS=41;XDISP=0.955;YDISP=0.950,AXIS_PARTIAL,63,56,1128,741,6,01,VQL,0,1,SHA256_UNIQUE,SC_003_06_01.png,3
SC_029_R08.png,SC,S,C,SC_029,29,8,PRESENT,1,0,MARK_PRESENT,1.0,41,N_MARKERS=41;XDISP=0.955;YDISP=0.950,AXIS_PARTIAL,63,56,1128,741,6,01,VQL,0,1,SHA256_UNIQUE,SC_003_06_01.png,3
SC_029_R09.png,SC,S,C,SC_029,29,9,PRESENT,1,0,MARK_PRESENT,1.0,41,N_MARKERS=41;XDISP=0.955;YDISP=0.950,AXIS_PARTIAL,63,56,1128,741,6,01,VQL,0,1,SHA256_UNIQUE,SC_003_06_01.png,3
SC_029_R10.png,SC,S,C,SC_029,29,10,PRESENT,1,0,MARK_PRESENT,1.0,41,N_MARKERS=41;XDISP=0.955;YDISP=0.950,AXIS_PARTIAL,63,56,1128,741,6,01,VQL,0,1,SHA256_UNIQUE,SC_003_06_01.png,3
SC_030_R01.png,SC,S,C,SC_030,30,1,PRESENT,1,0,MARK_PRESENT,1.0,36,N_MARKERS=36;XDISP=0.917;YDISP=0.914,FULL_AXES_RECT,60,35,960,734,7,01,VQL,0,1,SHA256_UNIQUE,SC_004_07_01.png,4
SC_030_R02.png,SC,S,C,SC_030,30,2,PRESENT,1,0,MARK_PRESENT,1.0,36,N_MARKERS=36;XDISP=0.917;YDISP=0.914,FULL_AXES_RECT,59,34,962,735,7,01,VQL,0,1,SHA256_UNIQUE,SC_004_07_01.png,4
SC_030_R03.png,SC,S,C,SC_030,30,3,PRESENT,1,0,MARK_PRESENT,1.0,36,N_MARKERS=36;XDISP=0.917;YDISP=0.914,FULL_AXES_RECT,59,34,962,735,7,01,VQL,0,1,SHA256_UNIQUE,SC_004_07_01.png,4
SC_030_R04.png,SC,S,C,SC_030,30,4,PRESENT,1,0,MARK_PRESENT,1.0,36,N_MARKERS=36;XDISP=0.917;YDISP=0.914,FULL_AXES_RECT,59,34,962,735,7,01,VQL,0,1,SHA256_UNIQUE,SC_004_07_01.png,4
SC_030_R05.png,SC,S,C,SC_030,30,5,PRESENT,1,0,MARK_PRESENT,1.0,36,N_MARKERS=36;XDISP=0.917;YDISP=0.914,FULL_AXES_RECT,59,34,962,735,7,01,VQL,0,1,SHA256_UNIQUE,SC_004_07_01.png,4
SC_030_R06.png,SC,S,C,SC_030,30,6,PRESENT,1,0,MARK_PRESENT,1.0,36,N_MARKERS=36;XDISP=0.917;YDISP=0.914,FULL_AXES_RECT,59,34,962,735,7,01,VQL,0,1,SHA256_UNIQUE,SC_004_07_01.png,4
SC_030_R07.png,SC,S,C,SC_030,30,7,PRESENT,1,0,MARK_PRESENT,1.0,36,N_MARKERS=36;XDISP=0.917;YDISP=0.914,FULL_AXES_RECT,59,34,962,735,7,01,VQL,0,1,SHA256_UNIQUE,SC_004_07_01.png,4
SC_030_R08.png,SC,S,C,SC_030,30,8,PRESENT,1,0,MARK_PRESENT,1.0,36,N_MARKERS=36;XDISP=0.917;YDISP=0.914,FULL_AXES_RECT,59,34,962,735,7,01,VQL,0,1,SHA256_UNIQUE,SC_004_07_01.png,4
SC_030_R09.png,SC,S,C,SC_030,30,9,PRESENT,1,0,MARK_PRESENT,1.0,36,N_MARKERS=36;XDISP=0.917;YDISP=0.914,FULL_AXES_RECT,59,34,962,735,7,01,VQL,0,1,SHA256_UNIQUE,SC_004_07_01.png,4
SC_030_R10.png,SC,S,C,SC_030,30,10,PRESENT,1,0,MARK_PRESENT,1.0,36,N_MARKERS=36;XDISP=0.917;YDISP=0.914,FULL_AXES_RECT,59,34,962,735,7,01,VQL,0,1,SHA256_UNIQUE,SC_004_07_01.png,4
SC_031_R01.png,SC,S,C,SC_031,31,1,PRESENT,1,0,MARK_PRESENT,1.0,33,N_MARKERS=33;XDISP=0.888;YDISP=0.945,AXIS_PARTIAL,59,49,937,648,8,01,VQL,0,1,SHA256_UNIQUE,SC_005_08_01.png,5
SC_031_R02.png,SC,S,C,SC_031,31,2,PRESENT,1,0,MARK_PRESENT,1.0,36,N_MARKERS=36;XDISP=0.917;YDISP=0.914,FULL_AXES_RECT,59,34,962,735,8,01,VQL,0,1,SHA256_UNIQUE,SC_005_08_01.png,5
SC_031_R03.png,SC,S,C,SC_031,31,3,PRESENT,1,0,MARK_PRESENT,1.0,36,N_MARKERS=36;XDISP=0.917;YDISP=0.914,FULL_AXES_RECT,59,34,962,735,8,01,VQL,0,1,SHA256_UNIQUE,SC_005_08_01.png,5
SC_031_R04.png,SC,S,C,SC_031,31,4,PRESENT,1,0,MARK_PRESENT,1.0,36,N_MARKERS=36;XDISP=0.917;YDISP=0.914,FULL_AXES_RECT,59,34,962,735,8,01,VQL,0,1,SHA256_UNIQUE,SC_005_08_01.png,5
SC_031_R05.png,SC,S,C,SC_031,31,5,PRESENT,1,0,MARK_PRESENT,1.0,36,N_MARKERS=36;XDISP=0.917;YDISP=0.914,FULL_AXES_RECT,59,34,962,735,8,01,VQL,0,1,SHA256_UNIQUE,SC_005_08_01.png,5
SC_031_R06.png,SC,S,C,SC_031,31,6,PRESENT,1,0,MARK_PRESENT,1.0,36,N_MARKERS=36;XDISP=0.917;YDISP=0.914,FULL_AXES_RECT,59,34,962,735,8,01,VQL,0,1,SHA256_UNIQUE,SC_005_08_01.png,5
SC_031_R07.png,SC,S,C,SC_031,31,7,PRESENT,1,0,MARK_PRESENT,1.0,36,N_MARKERS=36;XDISP=0.917;YDISP=0.914,FULL_AXES_RECT,59,34,962,735,8,01,VQL,0,1,SHA256_UNIQUE,SC_005_08_01.png,5
SC_031_R08.png,SC,S,C,SC_031,31,8,PRESENT,1,0,MARK_PRESENT,1.0,36,N_MARKERS=36;XDISP=0.917;YDISP=0.914,FULL_AXES_RECT,59,34,962,735,8,01,VQL,0,1,SHA256_UNIQUE,SC_005_08_01.png,5
SC_031_R09.png,SC,S,C,SC_031,31,9,PRESENT,1,0,MARK_PRESENT,1.0,36,N_MARKERS=36;XDISP=0.917;YDISP=0.914,FULL_AXES_RECT,59,34,962,735,8,01,VQL,0,1,SHA256_UNIQUE,SC_005_08_01.png,5
SC_031_R10.png,SC,S,C,SC_031,31,10,PRESENT,1,0,MARK_PRESENT,1.0,36,N_MARKERS=36;XDISP=0.917;YDISP=0.914,FULL_AXES_RECT,59,34,962,735,8,01,VQL,0,1,SHA256_UNIQUE,SC_005_08_01.png,5
SC_032_R01.png,SC,S,C,SC_032,32,1,PRESENT,1,0,MARK_PRESENT,1.0,11,N_MARKERS=11;XDISP=0.935;YDISP=0.945,AXIS_PARTIAL,59,47,1044,616,9,01,VQL,0,1,SHA256_UNIQUE,SC_006_09_01.png,6
SC_032_R02.png,SC,S,C,SC_032,32,2,PRESENT,1,0,MARK_PRESENT,1.0,31,N_MARKERS=31;XDISP=0.980;YDISP=0.942,FULL_AXES_RECT,58,33,1100,615,9,01,VQL,0,1,SHA256_UNIQUE,SC_006_09_01.png,6
SC_032_R03.png,SC,S,C,SC_032,32,3,PRESENT,1,0,MARK_PRESENT,1.0,31,N_MARKERS=31;XDISP=0.980;YDISP=0.942,FULL_AXES_RECT,58,33,1100,615,9,01,VQL,0,1,SHA256_UNIQUE,SC_006_09_01.png,6
SC_032_R04.png,SC,S,C,SC_032,32,4,PRESENT,1,0,MARK_PRESENT,1.0,31,N_MARKERS=31;XDISP=0.980;YDISP=0.942,FULL_AXES_RECT,58,33,1100,615,9,01,VQL,0,1,SHA256_UNIQUE,SC_006_09_01.png,6
SC_032_R05.png,SC,S,C,SC_032,32,5,PRESENT,1,0,MARK_PRESENT,1.0,31,N_MARKERS=31;XDISP=0.980;YDISP=0.942,FULL_AXES_RECT,58,33,1100,615,9,01,VQL,0,1,SHA256_UNIQUE,SC_006_09_01.png,6
SC_032_R06.png,SC,S,C,SC_032,32,6,PRESENT,1,0,MARK_PRESENT,1.0,31,N_MARKERS=31;XDISP=0.980;YDISP=0.942,FULL_AXES_RECT,58,33,1100,615,9,01,VQL,0,1,SHA256_UNIQUE,SC_006_09_01.png,6
SC_032_R07.png,SC,S,C,SC_032,32,7,PRESENT,1,0,MARK_PRESENT,1.0,31,N_MARKERS=31;XDISP=0.980;YDISP=0.942,FULL_AXES_RECT,58,33,1100,615,9,01,VQL,0,1,SHA256_UNIQUE,SC_006_09_01.png,6
SC_032_R08.png,SC,S,C,SC_032,32,8,PRESENT,1,0,MARK_PRESENT,1.0,31,N_MARKERS=31;XDISP=0.980;YDISP=0.942,FULL_AXES_RECT,58,33,1100,615,9,01,VQL,0,1,SHA256_UNIQUE,SC_006_09_01.png,6
SC_032_R09.png,SC,S,C,SC_032,32,9,PRESENT,1,0,MARK_PRESENT,1.0,31,N_MARKERS=31;XDISP=0.980;YDISP=0.942,FULL_AXES_RECT,58,33,1100,615,9,01,VQL,0,1,SHA256_UNIQUE,SC_006_09_01.png,6
SC_032_R10.png,SC,S,C,SC_032,32,10,PRESENT,1,0,MARK_PRESENT,1.0,31,N_MARKERS=31;XDISP=0.980;YDISP=0.942,FULL_AXES_RECT,58,33,1100,615,9,01,VQL,0,1,SHA256_UNIQUE,SC_006_09_01.png,6
SC_033_R01.png,SC,S,C,SC_033,33,1,PRESENT,1,0,MARK_PRESENT,1.0,31,N_MARKERS=31;XDISP=0.910;YDISP=0.911,FULL_AXES_RECT,59,34,1101,616,10,01,VQL,0,1,SHA256_UNIQUE,SC_007_10_01.png,7
SC_033_R02.png,SC,S,C,SC_033,33,2,PRESENT,1,0,MARK_PRESENT,1.0,31,N_MARKERS=31;XDISP=0.980;YDISP=0.942,FULL_AXES_RECT,59,34,1101,616,10,01,VQL,0,1,SHA256_UNIQUE,SC_007_10_01.png,7
SC_033_R03.png,SC,S,C,SC_033,33,3,PRESENT,1,0,MARK_PRESENT,1.0,31,N_MARKERS=31;XDISP=0.980;YDISP=0.942,FULL_AXES_RECT,59,34,1101,616,10,01,VQL,0,1,SHA256_UNIQUE,SC_007_10_01.png,7
SC_033_R04.png,SC,S,C,SC_033,33,4,PRESENT,1,0,MARK_PRESENT,1.0,31,N_MARKERS=31;XDISP=0.980;YDISP=0.942,FULL_AXES_RECT,59,34,1101,616,10,01,VQL,0,1,SHA256_UNIQUE,SC_007_10_01.png,7
SC_033_R05.png,SC,S,C,SC_033,33,5,PRESENT,1,0,MARK_PRESENT,1.0,31,N_MARKERS=31;XDISP=0.980;YDISP=0.942,FULL_AXES_RECT,59,34,1101,616,10,01,VQL,0,1,SHA256_UNIQUE,SC_007_10_01.png,7
SC_033_R06.png,SC,S,C,SC_033,33,6,PRESENT,1,0,MARK_PRESENT,1.0,31,N_MARKERS=31;XDISP=0.980;YDISP=0.942,FULL_AXES_RECT,59,34,1101,616,10,01,VQL,0,1,SHA256_UNIQUE,SC_007_10_01.png,7
SC_033_R07.png,SC,S,C,SC_033,33,7,PRESENT,1,0,MARK_PRESENT,1.0,31,N_MARKERS=31;XDISP=0.980;YDISP=0.942,FULL_AXES_RECT,59,34,1101,616,10,01,VQL,0,1,SHA256_UNIQUE,SC_007_10_01.png,7
SC_033_R08.png,SC,S,C,SC_033,33,8,PRESENT,1,0,MARK_PRESENT,1.0,31,N_MARKERS=31;XDISP=0.980;YDISP=0.942,FULL_AXES_RECT,59,34,1101,616,10,01,VQL,0,1,SHA256_UNIQUE,SC_007_10_01.png,7
SC_033_R09.png,SC,S,C,SC_033,33,9,PRESENT,1,0,MARK_PRESENT,1.0,31,N_MARKERS=31;XDISP=0.980;YDISP=0.942,FULL_AXES_RECT,59,34,1101,616,10,01,VQL,0,1,SHA256_UNIQUE,SC_007_10_01.png,7
SC_033_R10.png,SC,S,C,SC_033,33,10,PRESENT,1,0,MARK_PRESENT,1.0,31,N_MARKERS=31;XDISP=0.980;YDISP=0.942,FULL_AXES_RECT,59,34,1101,616,10,01,VQL,0,1,SHA256_UNIQUE,SC_007_10_01.png,7
SC_034_R01.png,SC,S,C,SC_034,34,1,PRESENT,1,0,MARK_PRESENT,1.0,32,N_MARKERS=32;XDISP=0.910;YDISP=0.911,FULL_AXES_RECT,59,34,1101,616,11,01,VQL,0,1,SHA256_UNIQUE,SC_008_11_01.png,8
SC_034_R02.png,SC,S,C,SC_034,34,2,PRESENT,1,0,MARK_PRESENT,1.0,37,N_MARKERS=37;XDISP=0.914;YDISP=0.913,FULL_AXES_RECT,59,34,1101,616,11,01,VQL,0,1,SHA256_UNIQUE,SC_008_11_01.png,8
SC_034_R03.png,SC,S,C,SC_034,34,3,PRESENT,1,0,MARK_PRESENT,1.0,37,N_MARKERS=37;XDISP=0.914;YDISP=0.913,FULL_AXES_RECT,59,34,1101,616,11,01,VQL,0,1,SHA256_UNIQUE,SC_008_11_01.png,8
SC_034_R04.png,SC,S,C,SC_034,34,4,PRESENT,1,0,MARK_PRESENT,1.0,37,N_MARKERS=37;XDISP=0.914;YDISP=0.913,FULL_AXES_RECT,59,34,1101,616,11,01,VQL,0,1,SHA256_UNIQUE,SC_008_11_01.png,8
SC_034_R05.png,SC,S,C,SC_034,34,5,PRESENT,1,0,MARK_PRESENT,1.0,37,N_MARKERS=37;XDISP=0.914;YDISP=0.913,FULL_AXES_RECT,59,34,1101,616,11,01,VQL,0,1,SHA256_UNIQUE,SC_008_11_01.png,8
SC_034_R06.png,SC,S,C,SC_034,34,6,PRESENT,1,0,MARK_PRESENT,1.0,37,N_MARKERS=37;XDISP=0.914;YDISP=0.913,FULL_AXES_RECT,59,34,1101,616,11,01,VQL,0,1,SHA256_UNIQUE,SC_008_11_01.png,8
SC_034_R07.png,SC,S,C,SC_034,34,7,PRESENT,1,0,MARK_PRESENT,1.0,37,N_MARKERS=37;XDISP=0.914;YDISP=0.913,FULL_AXES_RECT,59,34,1101,616,11,01,VQL,0,1,SHA256_UNIQUE,SC_008_11_01.png,8
SC_034_R08.png,SC,S,C,SC_034,34,8,PRESENT,1,0,MARK_PRESENT,1.0,37,N_MARKERS=37;XDISP=0.914;YDISP=0.913,FULL_AXES_RECT,59,34,1101,616,11,01,VQL,0,1,SHA256_UNIQUE,SC_008_11_01.png,8
SC_034_R09.png,SC,S,C,SC_034,34,9,PRESENT,1,0,MARK_PRESENT,1.0,37,N_MARKERS=37;XDISP=0.914;YDISP=0.913,FULL_AXES_RECT,59,34,1101,616,11,01,VQL,0,1,SHA256_UNIQUE,SC_008_11_01.png,8
SC_034_R10.png,SC,S,C,SC_034,34,10,PRESENT,1,0,MARK_PRESENT,1.0,37,N_MARKERS=37;XDISP=0.914;YDISP=0.913,FULL_AXES_RECT,59,34,1101,616,11,01,VQL,0,1,SHA256_UNIQUE,SC_008_11_01.png,8
SC_035_R01.png,SC,S,C,SC_035,35,1,PRESENT,1,0,MARK_PRESENT,1.0,24,N_MARKERS=24;XDISP=0.893;YDISP=0.943,AXIS_PARTIAL,59,47,1044,616,12,01,VQL,0,1,SHA256_UNIQUE,SC_009_12_01.png,9
SC_035_R02.png,SC,S,C,SC_035,35,2,PRESENT,1,0,MARK_PRESENT,1.0,36,N_MARKERS=36;XDISP=0.917;YDISP=0.914,FULL_AXES_RECT,59,34,962,735,12,01,VQL,0,1,SHA256_UNIQUE,SC_009_12_01.png,9
SC_035_R03.png,SC,S,C,SC_035,35,3,PRESENT,1,0,MARK_PRESENT,1.0,36,N_MARKERS=36;XDISP=0.917;YDISP=0.914,FULL_AXES_RECT,59,34,962,735,12,01,VQL,0,1,SHA256_UNIQUE,SC_009_12_01.png,9
SC_035_R04.png,SC,S,C,SC_035,35,4,PRESENT,1,0,MARK_PRESENT,1.0,36,N_MARKERS=36;XDISP=0.917;YDISP=0.914,FULL_AXES_RECT,59,34,962,735,12,01,VQL,0,1,SHA256_UNIQUE,SC_009_12_01.png,9
SC_035_R05.png,SC,S,C,SC_035,35,5,PRESENT,1,0,MARK_PRESENT,1.0,36,N_MARKERS=36;XDISP=0.917;YDISP=0.914,FULL_AXES_RECT,59,34,962,735,12,01,VQL,0,1,SHA256_UNIQUE,SC_009_12_01.png,9
SC_035_R06.png,SC,S,C,SC_035,35,6,PRESENT,1,0,MARK_PRESENT,1.0,36,N_MARKERS=36;XDISP=0.917;YDISP=0.914,FULL_AXES_RECT,59,34,962,735,12,01,VQL,0,1,SHA256_UNIQUE,SC_009_12_01.png,9
SC_035_R07.png,SC,S,C,SC_035,35,7,PRESENT,1,0,MARK_PRESENT,1.0,36,N_MARKERS=36;XDISP=0.917;YDISP=0.914,FULL_AXES_RECT,59,34,962,735,12,01,VQL,0,1,SHA256_UNIQUE,SC_009_12_01.png,9
SC_035_R08.png,SC,S,C,SC_035,35,8,PRESENT,1,0,MARK_PRESENT,1.0,36,N_MARKERS=36;XDISP=0.917;YDISP=0.914,FULL_AXES_RECT,59,34,962,735,12,01,VQL,0,1,SHA256_UNIQUE,SC_009_12_01.png,9
SC_035_R09.png,SC,S,C,SC_035,35,9,PRESENT,1,0,MARK_PRESENT,1.0,36,N_MARKERS=36;XDISP=0.917;YDISP=0.914,FULL_AXES_RECT,59,34,962,735,12,01,VQL,0,1,SHA256_UNIQUE,SC_009_12_01.png,9
SC_035_R10.png,SC,S,C,SC_035,35,10,PRESENT,1,0,MARK_PRESENT,1.0,36,N_MARKERS=36;XDISP=0.917;YDISP=0.914,FULL_AXES_RECT,59,34,962,735,12,01,VQL,0,1,SHA256_UNIQUE,SC_009_12_01.png,9
SC_036_R01.png,SC,S,C,SC_036,36,1,PRESENT,1,0,MARK_PRESENT,1.0,25,N_MARKERS=25;XDISP=0.434;YDISP=0.932,AXIS_PARTIAL,59,47,1044,616,13,01,VQL,0,1,SHA256_UNIQUE,SC_010_13_01.png,10
SC_036_R02.png,SC,S,C,SC_036,36,2,PRESENT,1,0,MARK_PRESENT,1.0,29,N_MARKERS=29;XDISP=0.905;YDISP=0.786,FULL_AXES_RECT,59,34,962,735,13,01,VQL,0,1,SHA256_UNIQUE,SC_010_13_01.png,10
SC_036_R03.png,SC,S,C,SC_036,36,3,PRESENT,1,0,MARK_PRESENT,1.0,29,N_MARKERS=29;XDISP=0.905;YDISP=0.786,FULL_AXES_RECT,59,34,962,735,13,01,VQL,0,1,SHA256_UNIQUE,SC_010_13_01.png,10
SC_036_R04.png,SC,S,C,SC_036,36,4,PRESENT,1,0,MARK_PRESENT,1.0,29,N_MARKERS=29;XDISP=0.905;YDISP=0.786,FULL_AXES_RECT,59,34,962,735,13,01,VQL,0,1,SHA256_UNIQUE,SC_010_13_01.png,10
SC_036_R05.png,SC,S,C,SC_036,36,5,PRESENT,1,0,MARK_PRESENT,1.0,29,N_MARKERS=29;XDISP=0.905;YDISP=0.786,FULL_AXES_RECT,59,34,962,735,13,01,VQL,0,1,SHA256_UNIQUE,SC_010_13_01.png,10
SC_036_R06.png,SC,S,C,SC_036,36,6,PRESENT,1,0,MARK_PRESENT,1.0,29,N_MARKERS=29;XDISP=0.905;YDISP=0.786,FULL_AXES_RECT,59,34,962,735,13,01,VQL,0,1,SHA256_UNIQUE,SC_010_13_01.png,10
SC_036_R07.png,SC,S,C,SC_036,36,7,PRESENT,1,0,MARK_PRESENT,1.0,29,N_MARKERS=29;XDISP=0.905;YDISP=0.786,FULL_AXES_RECT,59,34,962,735,13,01,VQL,0,1,SHA256_UNIQUE,SC_010_13_01.png,10
SC_036_R08.png,SC,S,C,SC_036,36,8,PRESENT,1,0,MARK_PRESENT,1.0,29,N_MARKERS=29;XDISP=0.905;YDISP=0.786,FULL_AXES_RECT,59,34,962,735,13,01,VQL,0,1,SHA256_UNIQUE,SC_010_13_01.png,10
SC_036_R09.png,SC,S,C,SC_036,36,9,PRESENT,1,0,MARK_PRESENT,1.0,29,N_MARKERS=29;XDISP=0.905;YDISP=0.786,FULL_AXES_RECT,59,34,962,735,13,01,VQL,0,1,SHA256_UNIQUE,SC_010_13_01.png,10
SC_036_R10.png,SC,S,C,SC_036,36,10,PRESENT,1,0,MARK_PRESENT,1.0,29,N_MARKERS=29;XDISP=0.905;YDISP=0.786,FULL_AXES_RECT,59,34,962,735,13,01,VQL,0,1,SHA256_UNIQUE,SC_010_13_01.png,10
SC_037_R01.png,SC,S,C,SC_037,37,1,PRESENT,1,0,MARK_PRESENT,0.8539501438159156,2,N_MARKERS=2;XDISP=0.910;YDISP=0.000,FULL_AXES_RECT,76,34,1118,616,14,01,VQL,0,1,SHA256_UNIQUE,SC_011_14_01.png,11
SC_037_R02.png,SC,S,C,SC_037,37,2,PRESENT,1,0,MARK_PRESENT,1.0,29,N_MARKERS=29;XDISP=0.905;YDISP=0.786,FULL_AXES_RECT,59,34,962,735,14,01,VQL,0,1,SHA256_UNIQUE,SC_011_14_01.png,11
SC_037_R03.png,SC,S,C,SC_037,37,3,PRESENT,1,0,MARK_PRESENT,1.0,29,N_MARKERS=29;XDISP=0.905;YDISP=0.786,FULL_AXES_RECT,59,34,962,735,14,01,VQL,0,1,SHA256_UNIQUE,SC_011_14_01.png,11
SC_037_R04.png,SC,S,C,SC_037,37,4,PRESENT,1,0,MARK_PRESENT,1.0,29,N_MARKERS=29;XDISP=0.905;YDISP=0.786,FULL_AXES_RECT,59,34,962,735,14,01,VQL,0,1,SHA256_UNIQUE,SC_011_14_01.png,11
SC_037_R05.png,SC,S,C,SC_037,37,5,PRESENT,1,0,MARK_PRESENT,1.0,29,N_MARKERS=29;XDISP=0.905;YDISP=0.786,FULL_AXES_RECT,59,34,962,735,14,01,VQL,0,1,SHA256_UNIQUE,SC_011_14_01.png,11
SC_037_R06.png,SC,S,C,SC_037,37,6,PRESENT,1,0,MARK_PRESENT,1.0,29,N_MARKERS=29;XDISP=0.905;YDISP=0.786,FULL_AXES_RECT,59,34,962,735,14,01,VQL,0,1,SHA256_UNIQUE,SC_011_14_01.png,11
SC_037_R07.png,SC,S,C,SC_037,37,7,PRESENT,1,0,MARK_PRESENT,1.0,29,N_MARKERS=29;XDISP=0.905;YDISP=0.786,FULL_AXES_RECT,59,34,962,735,14,01,VQL,0,1,SHA256_UNIQUE,SC_011_14_01.png,11
SC_037_R08.png,SC,S,C,SC_037,37,8,PRESENT,1,0,MARK_PRESENT,1.0,29,N_MARKERS=29;XDISP=0.905;YDISP=0.786,FULL_AXES_RECT,59,34,962,735,14,01,VQL,0,1,SHA256_UNIQUE,SC_011_14_01.png,11
SC_037_R09.png,SC,S,C,SC_037,37,9,PRESENT,1,0,MARK_PRESENT,1.0,29,N_MARKERS=29;XDISP=0.905;YDISP=0.786,FULL_AXES_RECT,59,34,962,735,14,01,VQL,0,1,SHA256_UNIQUE,SC_011_14_01.png,11
SC_037_R10.png,SC,S,C,SC_037,37,10,PRESENT,1,0,MARK_PRESENT,1.0,29,N_MARKERS=29;XDISP=0.905;YDISP=0.786,FULL_AXES_RECT,59,34,962,735,14,01,VQL,0,1,SHA256_UNIQUE,SC_011_14_01.png,11
SC_038_R01.png,SC,S,C,SC_038,38,1,PRESENT,1,0,MARK_PRESENT,1.0,32,N_MARKERS=32;XDISP=0.910;YDISP=0.911,FULL_AXES_RECT,59,34,1101,616,15,01,VQL,0,1,SHA256_UNIQUE,SC_012_15_01.png,12
SC_038_R02.png,SC,S,C,SC_038,38,2,PRESENT,1,0,MARK_PRESENT,1.0,28,N_MARKERS=28;XDISP=0.906;YDISP=0.786,FULL_AXES_RECT,64,39,965,740,15,01,VQL,0,1,SHA256_UNIQUE,SC_012_15_01.png,12
SC_038_R03.png,SC,S,C,SC_038,38,3,PRESENT,1,0,MARK_PRESENT,1.0,28,N_MARKERS=28;XDISP=0.906;YDISP=0.786,FULL_AXES_RECT,64,39,965,740,15,01,VQL,0,1,SHA256_UNIQUE,SC_012_15_01.png,12
SC_038_R04.png,SC,S,C,SC_038,38,4,PRESENT,1,0,MARK_PRESENT,1.0,28,N_MARKERS=28;XDISP=0.906;YDISP=0.786,FULL_AXES_RECT,64,39,965,740,15,01,VQL,0,1,SHA256_UNIQUE,SC_012_15_01.png,12
SC_038_R05.png,SC,S,C,SC_038,38,5,PRESENT,1,0,MARK_PRESENT,1.0,36,N_MARKERS=36;XDISP=0.917;YDISP=0.914,FULL_AXES_RECT,59,34,962,735,15,01,VQL,0,1,SHA256_UNIQUE,SC_012_15_01.png,12
SC_038_R06.png,SC,S,C,SC_038,38,6,PRESENT,1,0,MARK_PRESENT,1.0,36,N_MARKERS=36;XDISP=0.917;YDISP=0.914,FULL_AXES_RECT,59,34,962,735,15,01,VQL,0,1,SHA256_UNIQUE,SC_012_15_01.png,12
SC_038_R07.png,SC,S,C,SC_038,38,7,PRESENT,1,0,MARK_PRESENT,1.0,36,N_MARKERS=36;XDISP=0.917;YDISP=0.914,FULL_AXES_RECT,59,34,962,735,15,01,VQL,0,1,SHA256_UNIQUE,SC_012_15_01.png,12
SC_038_R08.png,SC,S,C,SC_038,38,8,PRESENT,1,0,MARK_PRESENT,1.0,36,N_MARKERS=36;XDISP=0.917;YDISP=0.914,FULL_AXES_RECT,59,34,962,735,15,01,VQL,0,1,SHA256_UNIQUE,SC_012_15_01.png,12
SC_038_R09.png,SC,S,C,SC_038,38,9,PRESENT,1,0,MARK_PRESENT,1.0,28,N_MARKERS=28;XDISP=0.906;YDISP=0.786,FULL_AXES_RECT,64,39,965,740,15,01,VQL,0,1,SHA256_UNIQUE,SC_012_15_01.png,12
SC_038_R10.png,SC,S,C,SC_038,38,10,PRESENT,1,0,MARK_PRESENT,1.0,28,N_MARKERS=28;XDISP=0.906;YDISP=0.786,FULL_AXES_RECT,64,39,965,740,15,01,VQL,0,1,SHA256_UNIQUE,SC_012_15_01.png,12
SC_039_R01.png,SC,S,C,SC_039,39,1,PRESENT,1,0,MARK_PRESENT,1.0,34,N_MARKERS=34;XDISP=0.891;YDISP=0.943,AXIS_PARTIAL,59,47,1044,616,16,01,VQL,0,1,SHA256_UNIQUE,SC_013_16_01.png,13
SC_039_R02.png,SC,S,C,SC_039,39,2,PRESENT,1,0,MARK_PRESENT,1.0,23,N_MARKERS=23;XDISP=0.933;YDISP=0.946,AXIS_PARTIAL,59,47,1044,616,16,01,VQL,0,1,SHA256_UNIQUE,SC_013_16_01.png,13
SC_039_R03.png,SC,S,C,SC_039,39,3,PRESENT,1,0,MARK_PRESENT,1.0,23,N_MARKERS=23;XDISP=0.933;YDISP=0.946,AXIS_PARTIAL,59,47,1044,616,16,01,VQL,0,1,SHA256_UNIQUE,SC_013_16_01.png,13
SC_039_R04.png,SC,S,C,SC_039,39,4,PRESENT,1,0,MARK_PRESENT,1.0,23,N_MARKERS=23;XDISP=0.933;YDISP=0.946,AXIS_PARTIAL,59,47,1044,616,16,01,VQL,0,1,SHA256_UNIQUE,SC_013_16_01.png,13
SC_039_R05.png,SC,S,C,SC_039,39,5,PRESENT,1,0,MARK_PRESENT,1.0,41,N_MARKERS=41;XDISP=0.955;YDISP=0.950,AXIS_PARTIAL,63,56,1128,741,16,01,VQL,0,1,SHA256_UNIQUE,SC_013_16_01.png,13
SC_039_R06.png,SC,S,C,SC_039,39,6,PRESENT,1,0,MARK_PRESENT,1.0,41,N_MARKERS=41;XDISP=0.955;YDISP=0.950,AXIS_PARTIAL,63,56,1128,741,16,01,VQL,0,1,SHA256_UNIQUE,SC_013_16_01.png,13
SC_039_R07.png,SC,S,C,SC_039,39,7,PRESENT,1,0,MARK_PRESENT,1.0,41,N_MARKERS=41;XDISP=0.955;YDISP=0.950,AXIS_PARTIAL,63,56,1128,741,16,01,VQL,0,1,SHA256_UNIQUE,SC_013_16_01.png,13
SC_039_R08.png,SC,S,C,SC_039,39,8,PRESENT,1,0,MARK_PRESENT,1.0,36,N_MARKERS=36;XDISP=0.917;YDISP=0.914,FULL_AXES_RECT,59,34,962,735,16,01,VQL,0,1,SHA256_UNIQUE,SC_013_16_01.png,13
SC_039_R09.png,SC,S,C,SC_039,39,9,PRESENT,1,0,MARK_PRESENT,1.0,23,N_MARKERS=23;XDISP=0.933;YDISP=0.946,AXIS_PARTIAL,59,47,1044,616,16,01,VQL,0,1,SHA256_UNIQUE,SC_013_16_01.png,13
SC_039_R10.png,SC,S,C,SC_039,39,10,PRESENT,1,0,MARK_PRESENT,1.0,23,N_MARKERS=23;XDISP=0.933;YDISP=0.946,AXIS_PARTIAL,59,47,1044,616,16,01,VQL,0,1,SHA256_UNIQUE,SC_013_16_01.png,13
SC_040_R01.png,SC,S,C,SC_040,40,1,PRESENT,1,0,MARK_PRESENT,1.0,17,N_MARKERS=17;XDISP=0.989;YDISP=0.987,AXIS_PARTIAL,59,49,937,648,1,00,Zero-shot,0,0,SHA256_UNIQUE,SC_001_01_00.png,1
SC_040_R02.png,SC,S,C,SC_040,40,2,PRESENT,1,0,MARK_PRESENT,1.0,24,N_MARKERS=24;XDISP=0.889;YDISP=0.978,FULL_AXES_RECT,98,98,1138,678,1,00,Zero-shot,0,0,SHA256_UNIQUE,SC_001_01_00.png,1
SC_040_R03.png,SC,S,C,SC_040,40,3,PRESENT,1,0,MARK_PRESENT,1.0,24,N_MARKERS=24;XDISP=0.889;YDISP=0.978,FULL_AXES_RECT,98,98,1138,678,1,00,Zero-shot,0,0,SHA256_UNIQUE,SC_001_01_00.png,1
SC_040_R04.png,SC,S,C,SC_040,40,4,PRESENT,1,0,MARK_PRESENT,1.0,24,N_MARKERS=24;XDISP=0.889;YDISP=0.978,FULL_AXES_RECT,98,98,1138,678,1,00,Zero-shot,0,0,SHA256_UNIQUE,SC_001_01_00.png,1
SC_040_R05.png,SC,S,C,SC_040,40,5,PRESENT,1,0,MARK_PRESENT,1.0,24,N_MARKERS=24;XDISP=0.889;YDISP=0.978,FULL_AXES_RECT,98,98,1138,678,1,00,Zero-shot,0,0,SHA256_UNIQUE,SC_001_01_00.png,1
SC_040_R06.png,SC,S,C,SC_040,40,6,PRESENT,1,0,MARK_PRESENT,1.0,29,N_MARKERS=29;XDISP=0.901;YDISP=0.977,FULL_AXES_RECT,64,39,1164,740,1,00,Zero-shot,0,0,SHA256_UNIQUE,SC_001_01_00.png,1
SC_040_R07.png,SC,S,C,SC_040,40,7,PRESENT,1,0,MARK_PRESENT,1.0,29,N_MARKERS=29;XDISP=0.901;YDISP=0.977,FULL_AXES_RECT,64,39,1164,740,1,00,Zero-shot,0,0,SHA256_UNIQUE,SC_001_01_00.png,1
SC_040_R08.png,SC,S,C,SC_040,40,8,PRESENT,1,0,MARK_PRESENT,1.0,29,N_MARKERS=29;XDISP=0.901;YDISP=0.977,FULL_AXES_RECT,64,39,1164,740,1,00,Zero-shot,0,0,SHA256_UNIQUE,SC_001_01_00.png,1
SC_040_R09.png,SC,S,C,SC_040,40,9,PRESENT,1,0,MARK_PRESENT,1.0,29,N_MARKERS=29;XDISP=0.901;YDISP=0.977,FULL_AXES_RECT,64,39,1164,740,1,00,Zero-shot,0,0,SHA256_UNIQUE,SC_001_01_00.png,1
SC_040_R10.png,SC,S,C,SC_040,40,10,PRESENT,1,0,MARK_PRESENT,1.0,29,N_MARKERS=29;XDISP=0.901;YDISP=0.977,FULL_AXES_RECT,64,39,1164,740,1,00,Zero-shot,0,0,SHA256_UNIQUE,SC_001_01_00.png,1
SC_041_R01.png,SC,S,C,SC_041,41,1,PRESENT,1,0,MARK_PRESENT,1.0,34,N_MARKERS=34;XDISP=0.891;YDISP=0.943,AXIS_PARTIAL,59,47,1044,616,4,00,Zero-shot,0,0,SHA256_UNIQUE,SC_002_04_00.png,2
SC_041_R02.png,SC,S,C,SC_041,41,2,PRESENT,1,0,MARK_PRESENT,1.0,40,N_MARKERS=40;XDISP=0.955;YDISP=0.951,AXIS_PARTIAL,63,56,1128,741,4,00,Zero-shot,0,0,SHA256_UNIQUE,SC_002_04_00.png,2
SC_041_R03.png,SC,S,C,SC_041,41,3,PRESENT,1,0,MARK_PRESENT,1.0,40,N_MARKERS=40;XDISP=0.955;YDISP=0.951,AXIS_PARTIAL,63,56,1128,741,4,00,Zero-shot,0,0,SHA256_UNIQUE,SC_002_04_00.png,2
SC_041_R04.png,SC,S,C,SC_041,41,4,PRESENT,1,0,MARK_PRESENT,1.0,40,N_MARKERS=40;XDISP=0.955;YDISP=0.951,AXIS_PARTIAL,63,56,1128,741,4,00,Zero-shot,0,0,SHA256_UNIQUE,SC_002_04_00.png,2
SC_041_R05.png,SC,S,C,SC_041,41,5,PRESENT,1,0,MARK_PRESENT,1.0,40,N_MARKERS=40;XDISP=0.955;YDISP=0.951,AXIS_PARTIAL,63,56,1128,741,4,00,Zero-shot,0,0,SHA256_UNIQUE,SC_002_04_00.png,2
SC_041_R06.png,SC,S,C,SC_041,41,6,PRESENT,1,0,MARK_PRESENT,1.0,40,N_MARKERS=40;XDISP=0.955;YDISP=0.951,AXIS_PARTIAL,63,56,1128,741,4,00,Zero-shot,0,0,SHA256_UNIQUE,SC_002_04_00.png,2
SC_041_R07.png,SC,S,C,SC_041,41,7,PRESENT,1,0,MARK_PRESENT,1.0,40,N_MARKERS=40;XDISP=0.955;YDISP=0.951,AXIS_PARTIAL,63,56,1128,741,4,00,Zero-shot,0,0,SHA256_UNIQUE,SC_002_04_00.png,2
SC_041_R08.png,SC,S,C,SC_041,41,8,PRESENT,1,0,MARK_PRESENT,1.0,40,N_MARKERS=40;XDISP=0.955;YDISP=0.951,AXIS_PARTIAL,63,56,1128,741,4,00,Zero-shot,0,0,SHA256_UNIQUE,SC_002_04_00.png,2
SC_041_R09.png,SC,S,C,SC_041,41,9,PRESENT,1,0,MARK_PRESENT,1.0,40,N_MARKERS=40;XDISP=0.955;YDISP=0.951,AXIS_PARTIAL,63,56,1128,741,4,00,Zero-shot,0,0,SHA256_UNIQUE,SC_002_04_00.png,2
SC_041_R10.png,SC,S,C,SC_041,41,10,PRESENT,1,0,MARK_PRESENT,1.0,40,N_MARKERS=40;XDISP=0.955;YDISP=0.951,AXIS_PARTIAL,63,56,1128,741,4,00,Zero-shot,0,0,SHA256_UNIQUE,SC_002_04_00.png,2
SC_042_R01.png,SC,S,C,SC_042,42,1,PRESENT,1,0,MARK_PRESENT,1.0,32,N_MARKERS=32;XDISP=0.910;YDISP=0.911,FULL_AXES_RECT,59,34,1101,616,6,00,Zero-shot,0,0,SHA256_UNIQUE,SC_003_06_00.png,3
SC_042_R02.png,SC,S,C,SC_042,42,2,PRESENT,1,0,MARK_PRESENT,1.0,36,N_MARKERS=36;XDISP=0.917;YDISP=0.914,FULL_AXES_RECT,59,34,960,735,6,00,Zero-shot,0,0,SHA256_UNIQUE,SC_003_06_00.png,3
SC_042_R03.png,SC,S,C,SC_042,42,3,PRESENT,1,0,MARK_PRESENT,1.0,36,N_MARKERS=36;XDISP=0.917;YDISP=0.914,FULL_AXES_RECT,59,34,960,735,6,00,Zero-shot,0,0,SHA256_UNIQUE,SC_003_06_00.png,3
SC_042_R04.png,SC,S,C,SC_042,42,4,PRESENT,1,0,MARK_PRESENT,1.0,36,N_MARKERS=36;XDISP=0.917;YDISP=0.914,FULL_AXES_RECT,59,34,960,735,6,00,Zero-shot,0,0,SHA256_UNIQUE,SC_003_06_00.png,3
SC_042_R05.png,SC,S,C,SC_042,42,5,PRESENT,1,0,MARK_PRESENT,1.0,36,N_MARKERS=36;XDISP=0.917;YDISP=0.914,FULL_AXES_RECT,59,34,960,735,6,00,Zero-shot,0,0,SHA256_UNIQUE,SC_003_06_00.png,3
SC_042_R06.png,SC,S,C,SC_042,42,6,PRESENT,1,0,MARK_PRESENT,1.0,36,N_MARKERS=36;XDISP=0.917;YDISP=0.914,FULL_AXES_RECT,59,34,960,735,6,00,Zero-shot,0,0,SHA256_UNIQUE,SC_003_06_00.png,3
SC_042_R07.png,SC,S,C,SC_042,42,7,PRESENT,1,0,MARK_PRESENT,1.0,36,N_MARKERS=36;XDISP=0.917;YDISP=0.914,FULL_AXES_RECT,59,34,960,735,6,00,Zero-shot,0,0,SHA256_UNIQUE,SC_003_06_00.png,3
SC_042_R08.png,SC,S,C,SC_042,42,8,PRESENT,1,0,MARK_PRESENT,1.0,40,N_MARKERS=40;XDISP=0.955;YDISP=0.951,AXIS_PARTIAL,63,56,1128,741,6,00,Zero-shot,0,0,SHA256_UNIQUE,SC_003_06_00.png,3
SC_042_R09.png,SC,S,C,SC_042,42,9,PRESENT,1,0,MARK_PRESENT,1.0,40,N_MARKERS=40;XDISP=0.955;YDISP=0.951,AXIS_PARTIAL,63,56,1128,741,6,00,Zero-shot,0,0,SHA256_UNIQUE,SC_003_06_00.png,3
SC_042_R10.png,SC,S,C,SC_042,42,10,PRESENT,1,0,MARK_PRESENT,1.0,40,N_MARKERS=40;XDISP=0.955;YDISP=0.951,AXIS_PARTIAL,63,56,1128,741,6,00,Zero-shot,0,0,SHA256_UNIQUE,SC_003_06_00.png,3
SC_043_R01.png,SC,S,C,SC_043,43,1,PRESENT,1,0,MARK_PRESENT,1.0,32,N_MARKERS=32;XDISP=0.910;YDISP=0.911,FULL_AXES_RECT,59,34,1101,616,7,00,Zero-shot,0,0,SHA256_UNIQUE,SC_004_07_00.png,4
SC_043_R02.png,SC,S,C,SC_043,43,2,PRESENT,1,0,MARK_PRESENT,1.0,36,N_MARKERS=36;XDISP=0.917;YDISP=0.914,FULL_AXES_RECT,59,34,960,735,7,00,Zero-shot,0,0,SHA256_UNIQUE,SC_004_07_00.png,4
SC_043_R03.png,SC,S,C,SC_043,43,3,PRESENT,1,0,MARK_PRESENT,1.0,36,N_MARKERS=36;XDISP=0.917;YDISP=0.914,FULL_AXES_RECT,59,34,960,735,7,00,Zero-shot,0,0,SHA256_UNIQUE,SC_004_07_00.png,4
SC_043_R04.png,SC,S,C,SC_043,43,4,PRESENT,1,0,MARK_PRESENT,1.0,36,N_MARKERS=36;XDISP=0.917;YDISP=0.914,FULL_AXES_RECT,59,34,960,735,7,00,Zero-shot,0,0,SHA256_UNIQUE,SC_004_07_00.png,4
SC_043_R05.png,SC,S,C,SC_043,43,5,PRESENT,1,0,MARK_PRESENT,1.0,36,N_MARKERS=36;XDISP=0.917;YDISP=0.914,FULL_AXES_RECT,59,34,960,735,7,00,Zero-shot,0,0,SHA256_UNIQUE,SC_004_07_00.png,4
SC_043_R06.png,SC,S,C,SC_043,43,6,PRESENT,1,0,MARK_PRESENT,1.0,59,N_MARKERS=59;XDISP=0.918;YDISP=0.917,FULL_AXES_RECT,59,34,1101,616,7,00,Zero-shot,0,0,SHA256_UNIQUE,SC_004_07_00.png,4
SC_043_R07.png,SC,S,C,SC_043,43,7,PRESENT,1,0,MARK_PRESENT,1.0,36,N_MARKERS=36;XDISP=0.917;YDISP=0.914,FULL_AXES_RECT,59,34,960,735,7,00,Zero-shot,0,0,SHA256_UNIQUE,SC_004_07_00.png,4
SC_043_R08.png,SC,S,C,SC_043,43,8,PRESENT,1,0,MARK_PRESENT,1.0,59,N_MARKERS=59;XDISP=0.918;YDISP=0.917,FULL_AXES_RECT,59,34,1101,616,7,00,Zero-shot,0,0,SHA256_UNIQUE,SC_004_07_00.png,4
SC_043_R09.png,SC,S,C,SC_043,43,9,PRESENT,1,0,MARK_PRESENT,1.0,59,N_MARKERS=59;XDISP=0.918;YDISP=0.917,FULL_AXES_RECT,59,34,1101,616,7,00,Zero-shot,0,0,SHA256_UNIQUE,SC_004_07_00.png,4
SC_043_R10.png,SC,S,C,SC_043,43,10,PRESENT,1,0,MARK_PRESENT,1.0,59,N_MARKERS=59;XDISP=0.918;YDISP=0.917,FULL_AXES_RECT,59,34,1101,616,7,00,Zero-shot,0,0,SHA256_UNIQUE,SC_004_07_00.png,4
SC_044_R01.png,SC,S,C,SC_044,44,1,PRESENT,1,0,MARK_PRESENT,1.0,35,N_MARKERS=35;XDISP=0.935;YDISP=0.942,AXIS_PARTIAL,59,47,1044,616,8,00,Zero-shot,0,0,SHA256_UNIQUE,SC_005_08_00.png,5
SC_044_R02.png,SC,S,C,SC_044,44,2,PRESENT,1,0,MARK_PRESENT,1.0,35,N_MARKERS=35;XDISP=0.915;YDISP=0.913,FULL_AXES_RECT,58,33,944,615,8,00,Zero-shot,0,0,SHA256_UNIQUE,SC_005_08_00.png,5
SC_044_R03.png,SC,S,C,SC_044,44,3,PRESENT,1,0,MARK_PRESENT,1.0,35,N_MARKERS=35;XDISP=0.915;YDISP=0.913,FULL_AXES_RECT,58,33,944,615,8,00,Zero-shot,0,0,SHA256_UNIQUE,SC_005_08_00.png,5
SC_044_R04.png,SC,S,C,SC_044,44,4,PRESENT,1,0,MARK_PRESENT,1.0,35,N_MARKERS=35;XDISP=0.915;YDISP=0.913,FULL_AXES_RECT,58,33,944,615,8,00,Zero-shot,0,0,SHA256_UNIQUE,SC_005_08_00.png,5
SC_044_R05.png,SC,S,C,SC_044,44,5,PRESENT,1,0,MARK_PRESENT,1.0,35,N_MARKERS=35;XDISP=0.915;YDISP=0.913,FULL_AXES_RECT,58,33,944,615,8,00,Zero-shot,0,0,SHA256_UNIQUE,SC_005_08_00.png,5
SC_044_R06.png,SC,S,C,SC_044,44,6,PRESENT,1,0,MARK_PRESENT,1.0,35,N_MARKERS=35;XDISP=0.915;YDISP=0.913,FULL_AXES_RECT,58,33,944,615,8,00,Zero-shot,0,0,SHA256_UNIQUE,SC_005_08_00.png,5
SC_044_R07.png,SC,S,C,SC_044,44,7,PRESENT,1,0,MARK_PRESENT,1.0,35,N_MARKERS=35;XDISP=0.915;YDISP=0.913,FULL_AXES_RECT,58,33,944,615,8,00,Zero-shot,0,0,SHA256_UNIQUE,SC_005_08_00.png,5
SC_044_R08.png,SC,S,C,SC_044,44,8,PRESENT,1,0,MARK_PRESENT,1.0,35,N_MARKERS=35;XDISP=0.915;YDISP=0.913,FULL_AXES_RECT,58,33,944,615,8,00,Zero-shot,0,0,SHA256_UNIQUE,SC_005_08_00.png,5
SC_044_R09.png,SC,S,C,SC_044,44,9,PRESENT,1,0,MARK_PRESENT,1.0,35,N_MARKERS=35;XDISP=0.915;YDISP=0.913,FULL_AXES_RECT,58,33,944,615,8,00,Zero-shot,0,0,SHA256_UNIQUE,SC_005_08_00.png,5
SC_044_R10.png,SC,S,C,SC_044,44,10,PRESENT,1,0,MARK_PRESENT,1.0,35,N_MARKERS=35;XDISP=0.915;YDISP=0.913,FULL_AXES_RECT,58,33,944,615,8,00,Zero-shot,0,0,SHA256_UNIQUE,SC_005_08_00.png,5
SC_045_R01.png,SC,S,C,SC_045,45,1,PRESENT,1,0,MARK_PRESENT,0.6535848563238711,3,N_MARKERS=3;XDISP=0.070;YDISP=0.039,FULL_AXES_RECT,59,34,1101,616,9,00,Zero-shot,0,0,SHA256_UNIQUE,SC_006_09_00.png,6
SC_045_R02.png,SC,S,C,SC_045,45,2,PRESENT,1,0,MARK_PRESENT,1.0,35,N_MARKERS=35;XDISP=0.915;YDISP=0.913,FULL_AXES_RECT,58,33,944,615,9,00,Zero-shot,0,0,SHA256_UNIQUE,SC_006_09_00.png,6
SC_045_R03.png,SC,S,C,SC_045,45,3,PRESENT,1,0,MARK_PRESENT,1.0,35,N_MARKERS=35;XDISP=0.915;YDISP=0.913,FULL_AXES_RECT,58,33,944,615,9,00,Zero-shot,0,0,SHA256_UNIQUE,SC_006_09_00.png,6
SC_045_R04.png,SC,S,C,SC_045,45,4,PRESENT,1,0,MARK_PRESENT,1.0,35,N_MARKERS=35;XDISP=0.915;YDISP=0.913,FULL_AXES_RECT,58,33,944,615,9,00,Zero-shot,0,0,SHA256_UNIQUE,SC_006_09_00.png,6
SC_045_R05.png,SC,S,C,SC_045,45,5,PRESENT,1,0,MARK_PRESENT,1.0,31,N_MARKERS=31;XDISP=0.980;YDISP=0.975,FULL_AXES_RECT,58,33,944,615,9,00,Zero-shot,0,0,SHA256_UNIQUE,SC_006_09_00.png,6
SC_045_R06.png,SC,S,C,SC_045,45,6,PRESENT,1,0,MARK_PRESENT,1.0,31,N_MARKERS=31;XDISP=0.980;YDISP=0.975,FULL_AXES_RECT,58,33,944,615,9,00,Zero-shot,0,0,SHA256_UNIQUE,SC_006_09_00.png,6
SC_045_R07.png,SC,S,C,SC_045,45,7,PRESENT,1,0,MARK_PRESENT,1.0,35,N_MARKERS=35;XDISP=0.915;YDISP=0.913,FULL_AXES_RECT,58,33,944,615,9,00,Zero-shot,0,0,SHA256_UNIQUE,SC_006_09_00.png,6
SC_045_R08.png,SC,S,C,SC_045,45,8,PRESENT,1,0,MARK_PRESENT,1.0,31,N_MARKERS=31;XDISP=0.980;YDISP=0.975,FULL_AXES_RECT,58,33,944,615,9,00,Zero-shot,0,0,SHA256_UNIQUE,SC_006_09_00.png,6
SC_045_R09.png,SC,S,C,SC_045,45,9,PRESENT,1,0,MARK_PRESENT,1.0,31,N_MARKERS=31;XDISP=0.980;YDISP=0.975,FULL_AXES_RECT,58,33,944,615,9,00,Zero-shot,0,0,SHA256_UNIQUE,SC_006_09_00.png,6
SC_045_R10.png,SC,S,C,SC_045,45,10,PRESENT,1,0,MARK_PRESENT,1.0,31,N_MARKERS=31;XDISP=0.980;YDISP=0.975,FULL_AXES_RECT,58,33,944,615,9,00,Zero-shot,0,0,SHA256_UNIQUE,SC_006_09_00.png,6
SC_046_R01.png,SC,S,C,SC_046,46,1,PRESENT,1,0,MARK_PRESENT,1.0,30,N_MARKERS=30;XDISP=0.910;YDISP=0.695,FULL_AXES_RECT,59,34,1101,616,10,00,Zero-shot,0,0,SHA256_UNIQUE,SC_007_10_00.png,7
SC_046_R02.png,SC,S,C,SC_046,46,2,PRESENT,1,0,MARK_PRESENT,1.0,35,N_MARKERS=35;XDISP=0.915;YDISP=0.913,FULL_AXES_RECT,58,33,944,615,10,00,Zero-shot,0,0,SHA256_UNIQUE,SC_007_10_00.png,7
SC_046_R03.png,SC,S,C,SC_046,46,3,PRESENT,1,0,MARK_PRESENT,1.0,35,N_MARKERS=35;XDISP=0.915;YDISP=0.913,FULL_AXES_RECT,58,33,944,615,10,00,Zero-shot,0,0,SHA256_UNIQUE,SC_007_10_00.png,7
SC_046_R04.png,SC,S,C,SC_046,46,4,PRESENT,1,0,MARK_PRESENT,1.0,29,N_MARKERS=29;XDISP=0.979;YDISP=0.713,FULL_AXES_RECT,58,33,920,615,10,00,Zero-shot,0,0,SHA256_UNIQUE,SC_007_10_00.png,7
SC_046_R05.png,SC,S,C,SC_046,46,5,PRESENT,1,0,MARK_PRESENT,1.0,29,N_MARKERS=29;XDISP=0.979;YDISP=0.713,FULL_AXES_RECT,58,33,920,615,10,00,Zero-shot,0,0,SHA256_UNIQUE,SC_007_10_00.png,7
SC_046_R06.png,SC,S,C,SC_046,46,6,PRESENT,1,0,MARK_PRESENT,1.0,29,N_MARKERS=29;XDISP=0.979;YDISP=0.713,FULL_AXES_RECT,58,33,920,615,10,00,Zero-shot,0,0,SHA256_UNIQUE,SC_007_10_00.png,7
SC_046_R07.png,SC,S,C,SC_046,46,7,PRESENT,1,0,MARK_PRESENT,1.0,29,N_MARKERS=29;XDISP=0.979;YDISP=0.713,FULL_AXES_RECT,58,33,920,615,10,00,Zero-shot,0,0,SHA256_UNIQUE,SC_007_10_00.png,7
SC_046_R08.png,SC,S,C,SC_046,46,8,PRESENT,1,0,MARK_PRESENT,1.0,29,N_MARKERS=29;XDISP=0.979;YDISP=0.713,FULL_AXES_RECT,58,33,920,615,10,00,Zero-shot,0,0,SHA256_UNIQUE,SC_007_10_00.png,7
SC_046_R09.png,SC,S,C,SC_046,46,9,PRESENT,1,0,MARK_PRESENT,1.0,29,N_MARKERS=29;XDISP=0.979;YDISP=0.713,FULL_AXES_RECT,58,33,920,615,10,00,Zero-shot,0,0,SHA256_UNIQUE,SC_007_10_00.png,7
SC_046_R10.png,SC,S,C,SC_046,46,10,PRESENT,1,0,MARK_PRESENT,1.0,29,N_MARKERS=29;XDISP=0.979;YDISP=0.713,FULL_AXES_RECT,58,33,920,615,10,00,Zero-shot,0,0,SHA256_UNIQUE,SC_007_10_00.png,7
SC_047_R01.png,SC,S,C,SC_047,47,1,PRESENT,1,0,MARK_PRESENT,1.0,32,N_MARKERS=32;XDISP=0.910;YDISP=0.911,FULL_AXES_RECT,59,34,1101,616,11,00,Zero-shot,0,0,SHA256_UNIQUE,SC_008_11_00.png,8
SC_047_R02.png,SC,S,C,SC_047,47,2,PRESENT,1,0,MARK_PRESENT,1.0,35,N_MARKERS=35;XDISP=0.918;YDISP=0.915,FULL_AXES_RECT,98,98,934,678,11,00,Zero-shot,0,0,SHA256_UNIQUE,SC_008_11_00.png,8
SC_047_R03.png,SC,S,C,SC_047,47,3,PRESENT,1,0,MARK_PRESENT,1.0,35,N_MARKERS=35;XDISP=0.918;YDISP=0.915,FULL_AXES_RECT,98,98,934,678,11,00,Zero-shot,0,0,SHA256_UNIQUE,SC_008_11_00.png,8
SC_047_R04.png,SC,S,C,SC_047,47,4,PRESENT,1,0,MARK_PRESENT,1.0,35,N_MARKERS=35;XDISP=0.918;YDISP=0.915,FULL_AXES_RECT,98,98,934,678,11,00,Zero-shot,0,0,SHA256_UNIQUE,SC_008_11_00.png,8
SC_047_R05.png,SC,S,C,SC_047,47,5,PRESENT,1,0,MARK_PRESENT,1.0,35,N_MARKERS=35;XDISP=0.918;YDISP=0.915,FULL_AXES_RECT,98,98,934,678,11,00,Zero-shot,0,0,SHA256_UNIQUE,SC_008_11_00.png,8
SC_047_R06.png,SC,S,C,SC_047,47,6,PRESENT,1,0,MARK_PRESENT,1.0,35,N_MARKERS=35;XDISP=0.918;YDISP=0.915,FULL_AXES_RECT,98,98,934,678,11,00,Zero-shot,0,0,SHA256_UNIQUE,SC_008_11_00.png,8
SC_047_R07.png,SC,S,C,SC_047,47,7,PRESENT,1,0,MARK_PRESENT,1.0,35,N_MARKERS=35;XDISP=0.918;YDISP=0.915,FULL_AXES_RECT,98,98,934,678,11,00,Zero-shot,0,0,SHA256_UNIQUE,SC_008_11_00.png,8
SC_047_R08.png,SC,S,C,SC_047,47,8,PRESENT,1,0,MARK_PRESENT,1.0,35,N_MARKERS=35;XDISP=0.918;YDISP=0.915,FULL_AXES_RECT,98,98,934,678,11,00,Zero-shot,0,0,SHA256_UNIQUE,SC_008_11_00.png,8
SC_047_R09.png,SC,S,C,SC_047,47,9,PRESENT,1,0,MARK_PRESENT,1.0,35,N_MARKERS=35;XDISP=0.918;YDISP=0.915,FULL_AXES_RECT,98,98,934,678,11,00,Zero-shot,0,0,SHA256_UNIQUE,SC_008_11_00.png,8
SC_047_R10.png,SC,S,C,SC_047,47,10,PRESENT,1,0,MARK_PRESENT,1.0,35,N_MARKERS=35;XDISP=0.918;YDISP=0.915,FULL_AXES_RECT,98,98,934,678,11,00,Zero-shot,0,0,SHA256_UNIQUE,SC_008_11_00.png,8
SC_048_R01.png,SC,S,C,SC_048,48,1,PRESENT,1,0,MARK_PRESENT,1.0,32,N_MARKERS=32;XDISP=0.899;YDISP=0.935,AXIS_PARTIAL,59,47,1044,616,12,00,Zero-shot,0,0,SHA256_UNIQUE,SC_009_12_00.png,9
SC_048_R02.png,SC,S,C,SC_048,48,2,PRESENT,1,0,MARK_PRESENT,1.0,50,N_MARKERS=50;XDISP=0.922;YDISP=0.914,FULL_AXES_RECT,98,98,934,678,12,00,Zero-shot,0,0,SHA256_UNIQUE,SC_009_12_00.png,9
SC_048_R03.png,SC,S,C,SC_048,48,3,PRESENT,1,0,MARK_PRESENT,1.0,50,N_MARKERS=50;XDISP=0.922;YDISP=0.914,FULL_AXES_RECT,98,98,934,678,12,00,Zero-shot,0,0,SHA256_UNIQUE,SC_009_12_00.png,9
SC_048_R04.png,SC,S,C,SC_048,48,4,PRESENT,1,0,MARK_PRESENT,1.0,50,N_MARKERS=50;XDISP=0.922;YDISP=0.914,FULL_AXES_RECT,98,98,934,678,12,00,Zero-shot,0,0,SHA256_UNIQUE,SC_009_12_00.png,9
SC_048_R05.png,SC,S,C,SC_048,48,5,PRESENT,1,0,MARK_PRESENT,1.0,50,N_MARKERS=50;XDISP=0.922;YDISP=0.914,FULL_AXES_RECT,98,98,934,678,12,00,Zero-shot,0,0,SHA256_UNIQUE,SC_009_12_00.png,9
SC_048_R06.png,SC,S,C,SC_048,48,6,PRESENT,1,0,MARK_PRESENT,1.0,50,N_MARKERS=50;XDISP=0.922;YDISP=0.914,FULL_AXES_RECT,98,98,934,678,12,00,Zero-shot,0,0,SHA256_UNIQUE,SC_009_12_00.png,9
SC_048_R07.png,SC,S,C,SC_048,48,7,PRESENT,1,0,MARK_PRESENT,1.0,50,N_MARKERS=50;XDISP=0.922;YDISP=0.914,FULL_AXES_RECT,98,98,934,678,12,00,Zero-shot,0,0,SHA256_UNIQUE,SC_009_12_00.png,9
SC_048_R08.png,SC,S,C,SC_048,48,8,PRESENT,1,0,MARK_PRESENT,1.0,50,N_MARKERS=50;XDISP=0.922;YDISP=0.914,FULL_AXES_RECT,98,98,934,678,12,00,Zero-shot,0,0,SHA256_UNIQUE,SC_009_12_00.png,9
SC_048_R09.png,SC,S,C,SC_048,48,9,PRESENT,1,0,MARK_PRESENT,1.0,50,N_MARKERS=50;XDISP=0.922;YDISP=0.914,FULL_AXES_RECT,98,98,934,678,12,00,Zero-shot,0,0,SHA256_UNIQUE,SC_009_12_00.png,9
SC_048_R10.png,SC,S,C,SC_048,48,10,PRESENT,1,0,MARK_PRESENT,1.0,50,N_MARKERS=50;XDISP=0.922;YDISP=0.914,FULL_AXES_RECT,98,98,934,678,12,00,Zero-shot,0,0,SHA256_UNIQUE,SC_009_12_00.png,9
SC_049_R01.png,SC,S,C,SC_049,49,1,PRESENT,1,0,MARK_PRESENT,1.0,26,N_MARKERS=26;XDISP=0.433;YDISP=0.938,AXIS_PARTIAL,59,55,1118,735,13,00,Zero-shot,0,0,SHA256_UNIQUE,SC_010_13_00.png,10
SC_049_R02.png,SC,S,C,SC_049,49,2,PRESENT,1,0,MARK_PRESENT,1.0,27,N_MARKERS=27;XDISP=0.906;YDISP=0.788,FULL_AXES_RECT,98,98,934,678,13,00,Zero-shot,0,0,SHA256_UNIQUE,SC_010_13_00.png,10
SC_049_R03.png,SC,S,C,SC_049,49,3,PRESENT,1,0,MARK_PRESENT,1.0,27,N_MARKERS=27;XDISP=0.906;YDISP=0.788,FULL_AXES_RECT,98,98,934,678,13,00,Zero-shot,0,0,SHA256_UNIQUE,SC_010_13_00.png,10
SC_049_R04.png,SC,S,C,SC_049,49,4,PRESENT,1,0,MARK_PRESENT,1.0,27,N_MARKERS=27;XDISP=0.906;YDISP=0.788,FULL_AXES_RECT,98,98,934,678,13,00,Zero-shot,0,0,SHA256_UNIQUE,SC_010_13_00.png,10
SC_049_R05.png,SC,S,C,SC_049,49,5,PRESENT,1,0,MARK_PRESENT,1.0,27,N_MARKERS=27;XDISP=0.906;YDISP=0.788,FULL_AXES_RECT,98,98,934,678,13,00,Zero-shot,0,0,SHA256_UNIQUE,SC_010_13_00.png,10
SC_049_R06.png,SC,S,C,SC_049,49,6,PRESENT,1,0,MARK_PRESENT,1.0,27,N_MARKERS=27;XDISP=0.906;YDISP=0.788,FULL_AXES_RECT,98,98,934,678,13,00,Zero-shot,0,0,SHA256_UNIQUE,SC_010_13_00.png,10
SC_049_R07.png,SC,S,C,SC_049,49,7,PRESENT,1,0,MARK_PRESENT,1.0,27,N_MARKERS=27;XDISP=0.906;YDISP=0.788,FULL_AXES_RECT,98,98,934,678,13,00,Zero-shot,0,0,SHA256_UNIQUE,SC_010_13_00.png,10
SC_049_R08.png,SC,S,C,SC_049,49,8,PRESENT,1,0,MARK_PRESENT,1.0,27,N_MARKERS=27;XDISP=0.906;YDISP=0.788,FULL_AXES_RECT,98,98,934,678,13,00,Zero-shot,0,0,SHA256_UNIQUE,SC_010_13_00.png,10
SC_049_R09.png,SC,S,C,SC_049,49,9,PRESENT,1,0,MARK_PRESENT,1.0,27,N_MARKERS=27;XDISP=0.906;YDISP=0.788,FULL_AXES_RECT,98,98,934,678,13,00,Zero-shot,0,0,SHA256_UNIQUE,SC_010_13_00.png,10
SC_049_R10.png,SC,S,C,SC_049,49,10,PRESENT,1,0,MARK_PRESENT,1.0,27,N_MARKERS=27;XDISP=0.906;YDISP=0.788,FULL_AXES_RECT,98,98,934,678,13,00,Zero-shot,0,0,SHA256_UNIQUE,SC_010_13_00.png,10
SC_050_R01.png,SC,S,C,SC_050,50,1,PRESENT,1,0,MARK_PRESENT,0.8538320775026911,2,N_MARKERS=2;XDISP=0.910;YDISP=0.000,FULL_AXES_RECT,62,33,990,647,14,00,Zero-shot,0,0,SHA256_UNIQUE,SC_011_14_00.png,11
SC_050_R02.png,SC,S,C,SC_050,50,2,PRESENT,1,0,MARK_PRESENT,1.0,35,N_MARKERS=35;XDISP=0.918;YDISP=0.915,FULL_AXES_RECT,98,98,934,678,14,00,Zero-shot,0,0,SHA256_UNIQUE,SC_011_14_00.png,11
SC_050_R03.png,SC,S,C,SC_050,50,3,PRESENT,1,0,MARK_PRESENT,1.0,35,N_MARKERS=35;XDISP=0.918;YDISP=0.915,FULL_AXES_RECT,98,98,934,678,14,00,Zero-shot,0,0,SHA256_UNIQUE,SC_011_14_00.png,11
SC_050_R04.png,SC,S,C,SC_050,50,4,PRESENT,1,0,MARK_PRESENT,1.0,35,N_MARKERS=35;XDISP=0.918;YDISP=0.915,FULL_AXES_RECT,98,98,934,678,14,00,Zero-shot,0,0,SHA256_UNIQUE,SC_011_14_00.png,11
SC_050_R05.png,SC,S,C,SC_050,50,5,PRESENT,1,0,MARK_PRESENT,1.0,35,N_MARKERS=35;XDISP=0.918;YDISP=0.915,FULL_AXES_RECT,98,98,934,678,14,00,Zero-shot,0,0,SHA256_UNIQUE,SC_011_14_00.png,11
SC_050_R06.png,SC,S,C,SC_050,50,6,PRESENT,1,0,MARK_PRESENT,1.0,35,N_MARKERS=35;XDISP=0.918;YDISP=0.915,FULL_AXES_RECT,98,98,934,678,14,00,Zero-shot,0,0,SHA256_UNIQUE,SC_011_14_00.png,11
SC_050_R07.png,SC,S,C,SC_050,50,7,PRESENT,1,0,MARK_PRESENT,1.0,35,N_MARKERS=35;XDISP=0.918;YDISP=0.915,FULL_AXES_RECT,98,98,934,678,14,00,Zero-shot,0,0,SHA256_UNIQUE,SC_011_14_00.png,11
SC_050_R08.png,SC,S,C,SC_050,50,8,PRESENT,1,0,MARK_PRESENT,1.0,35,N_MARKERS=35;XDISP=0.918;YDISP=0.915,FULL_AXES_RECT,98,98,934,678,14,00,Zero-shot,0,0,SHA256_UNIQUE,SC_011_14_00.png,11
SC_050_R09.png,SC,S,C,SC_050,50,9,PRESENT,1,0,MARK_PRESENT,1.0,35,N_MARKERS=35;XDISP=0.918;YDISP=0.915,FULL_AXES_RECT,98,98,934,678,14,00,Zero-shot,0,0,SHA256_UNIQUE,SC_011_14_00.png,11
SC_050_R10.png,SC,S,C,SC_050,50,10,PRESENT,1,0,MARK_PRESENT,1.0,35,N_MARKERS=35;XDISP=0.918;YDISP=0.915,FULL_AXES_RECT,98,98,934,678,14,00,Zero-shot,0,0,SHA256_UNIQUE,SC_011_14_00.png,11
SC_051_R01.png,SC,S,C,SC_051,51,1,PRESENT,1,0,MARK_PRESENT,1.0,31,N_MARKERS=31;XDISP=0.913;YDISP=0.912,FULL_AXES_RECT,98,98,1138,678,15,00,Zero-shot,0,0,SHA256_UNIQUE,SC_012_15_00.png,12
SC_051_R02.png,SC,S,C,SC_051,51,2,PRESENT,1,0,MARK_PRESENT,1.0,32,N_MARKERS=32;XDISP=0.910;YDISP=0.911,FULL_AXES_RECT,59,34,1101,616,15,00,Zero-shot,0,0,SHA256_UNIQUE,SC_012_15_00.png,12
SC_051_R03.png,SC,S,C,SC_051,51,3,PRESENT,1,0,MARK_PRESENT,1.0,32,N_MARKERS=32;XDISP=0.910;YDISP=0.911,FULL_AXES_RECT,59,34,1101,616,15,00,Zero-shot,0,0,SHA256_UNIQUE,SC_012_15_00.png,12
SC_051_R04.png,SC,S,C,SC_051,51,4,PRESENT,1,0,MARK_PRESENT,1.0,32,N_MARKERS=32;XDISP=0.910;YDISP=0.911,FULL_AXES_RECT,59,34,1101,616,15,00,Zero-shot,0,0,SHA256_UNIQUE,SC_012_15_00.png,12
SC_051_R05.png,SC,S,C,SC_051,51,5,PRESENT,1,0,MARK_PRESENT,1.0,32,N_MARKERS=32;XDISP=0.910;YDISP=0.911,FULL_AXES_RECT,59,34,1101,616,15,00,Zero-shot,0,0,SHA256_UNIQUE,SC_012_15_00.png,12
SC_051_R06.png,SC,S,C,SC_051,51,6,PRESENT,1,0,MARK_PRESENT,1.0,32,N_MARKERS=32;XDISP=0.910;YDISP=0.911,FULL_AXES_RECT,59,34,1101,616,15,00,Zero-shot,0,0,SHA256_UNIQUE,SC_012_15_00.png,12
SC_051_R07.png,SC,S,C,SC_051,51,7,PRESENT,1,0,MARK_PRESENT,1.0,32,N_MARKERS=32;XDISP=0.910;YDISP=0.911,FULL_AXES_RECT,59,34,1101,616,15,00,Zero-shot,0,0,SHA256_UNIQUE,SC_012_15_00.png,12
SC_051_R08.png,SC,S,C,SC_051,51,8,PRESENT,1,0,MARK_PRESENT,1.0,32,N_MARKERS=32;XDISP=0.910;YDISP=0.911,FULL_AXES_RECT,59,34,1101,616,15,00,Zero-shot,0,0,SHA256_UNIQUE,SC_012_15_00.png,12
SC_051_R09.png,SC,S,C,SC_051,51,9,PRESENT,1,0,MARK_PRESENT,1.0,32,N_MARKERS=32;XDISP=0.910;YDISP=0.911,FULL_AXES_RECT,59,34,1101,616,15,00,Zero-shot,0,0,SHA256_UNIQUE,SC_012_15_00.png,12
SC_051_R10.png,SC,S,C,SC_051,51,10,PRESENT,1,0,MARK_PRESENT,1.0,32,N_MARKERS=32;XDISP=0.910;YDISP=0.911,FULL_AXES_RECT,59,34,1101,616,15,00,Zero-shot,0,0,SHA256_UNIQUE,SC_012_15_00.png,12
SC_052_R01.png,SC,S,C,SC_052,52,1,PRESENT,1,0,MARK_PRESENT,1.0,35,N_MARKERS=35;XDISP=0.935;YDISP=0.945,AXIS_PARTIAL,59,47,1044,616,16,00,Zero-shot,0,0,SHA256_UNIQUE,SC_013_16_00.png,13
SC_052_R02.png,SC,S,C,SC_052,52,2,PRESENT,1,0,MARK_PRESENT,1.0,37,N_MARKERS=37;XDISP=0.914;YDISP=0.913,FULL_AXES_RECT,58,33,1100,615,16,00,Zero-shot,0,0,SHA256_UNIQUE,SC_013_16_00.png,13
SC_052_R03.png,SC,S,C,SC_052,52,3,PRESENT,1,0,MARK_PRESENT,1.0,37,N_MARKERS=37;XDISP=0.914;YDISP=0.913,FULL_AXES_RECT,58,33,1100,615,16,00,Zero-shot,0,0,SHA256_UNIQUE,SC_013_16_00.png,13
SC_052_R04.png,SC,S,C,SC_052,52,4,PRESENT,1,0,MARK_PRESENT,1.0,37,N_MARKERS=37;XDISP=0.914;YDISP=0.913,FULL_AXES_RECT,58,33,1100,615,16,00,Zero-shot,0,0,SHA256_UNIQUE,SC_013_16_00.png,13
SC_052_R05.png,SC,S,C,SC_052,52,5,PRESENT,1,0,MARK_PRESENT,1.0,37,N_MARKERS=37;XDISP=0.914;YDISP=0.913,FULL_AXES_RECT,58,33,1100,615,16,00,Zero-shot,0,0,SHA256_UNIQUE,SC_013_16_00.png,13
SC_052_R06.png,SC,S,C,SC_052,52,6,PRESENT,1,0,MARK_PRESENT,1.0,37,N_MARKERS=37;XDISP=0.914;YDISP=0.913,FULL_AXES_RECT,58,33,1100,615,16,00,Zero-shot,0,0,SHA256_UNIQUE,SC_013_16_00.png,13
SC_052_R07.png,SC,S,C,SC_052,52,7,PRESENT,1,0,MARK_PRESENT,1.0,37,N_MARKERS=37;XDISP=0.914;YDISP=0.913,FULL_AXES_RECT,58,33,1100,615,16,00,Zero-shot,0,0,SHA256_UNIQUE,SC_013_16_00.png,13
SC_052_R08.png,SC,S,C,SC_052,52,8,PRESENT,1,0,MARK_PRESENT,1.0,37,N_MARKERS=37;XDISP=0.914;YDISP=0.913,FULL_AXES_RECT,58,33,1100,615,16,00,Zero-shot,0,0,SHA256_UNIQUE,SC_013_16_00.png,13
SC_052_R09.png,SC,S,C,SC_052,52,9,PRESENT,1,0,MARK_PRESENT,1.0,37,N_MARKERS=37;XDISP=0.914;YDISP=0.913,FULL_AXES_RECT,58,33,1100,615,16,00,Zero-shot,0,0,SHA256_UNIQUE,SC_013_16_00.png,13
SC_052_R10.png,SC,S,C,SC_052,52,10,PRESENT,1,0,MARK_PRESENT,1.0,37,N_MARKERS=37;XDISP=0.914;YDISP=0.913,FULL_AXES_RECT,58,33,1100,615,16,00,Zero-shot,0,0,SHA256_UNIQUE,SC_013_16_00.png,13
SI_001_R01.png,SI,S,I,SI_001,1,1,PRESENT,1,0,MARK_PRESENT,1.0,25,N_MARKERS=25;XDISP=0.985;YDISP=0.691,AXIS_PARTIAL,59,47,1044,616,1,10,Few-shot,1,0,SHA256_UNIQUE,SI_001_01_10.png,1
SI_001_R02.png,SI,S,I,SI_001,1,2,PRESENT,1,0,MARK_PRESENT,1.0,29,N_MARKERS=29;XDISP=0.934;YDISP=0.667,FULL_AXES_RECT,98,98,1138,678,1,10,Few-shot,1,0,SHA256_UNIQUE,SI_001_01_10.png,1
SI_001_R03.png,SI,S,I,SI_001,1,3,PRESENT,1,0,MARK_PRESENT,1.0,29,N_MARKERS=29;XDISP=0.934;YDISP=0.667,FULL_AXES_RECT,98,98,1138,678,1,10,Few-shot,1,0,SHA256_UNIQUE,SI_001_01_10.png,1
SI_001_R04.png,SI,S,I,SI_001,1,4,PRESENT,1,0,MARK_PRESENT,1.0,29,N_MARKERS=29;XDISP=0.934;YDISP=0.667,FULL_AXES_RECT,98,98,1138,678,1,10,Few-shot,1,0,SHA256_UNIQUE,SI_001_01_10.png,1
SI_001_R05.png,SI,S,I,SI_001,1,5,PRESENT,1,0,MARK_PRESENT,1.0,29,N_MARKERS=29;XDISP=0.934;YDISP=0.667,FULL_AXES_RECT,98,98,1138,678,1,10,Few-shot,1,0,SHA256_UNIQUE,SI_001_01_10.png,1
SI_001_R06.png,SI,S,I,SI_001,1,6,PRESENT,1,0,MARK_PRESENT,1.0,29,N_MARKERS=29;XDISP=0.934;YDISP=0.667,FULL_AXES_RECT,98,98,1138,678,1,10,Few-shot,1,0,SHA256_UNIQUE,SI_001_01_10.png,1
SI_001_R07.png,SI,S,I,SI_001,1,7,PRESENT,1,0,MARK_PRESENT,1.0,29,N_MARKERS=29;XDISP=0.934;YDISP=0.667,FULL_AXES_RECT,98,98,1138,678,1,10,Few-shot,1,0,SHA256_UNIQUE,SI_001_01_10.png,1
SI_001_R08.png,SI,S,I,SI_001,1,8,PRESENT,1,0,MARK_PRESENT,1.0,29,N_MARKERS=29;XDISP=0.934;YDISP=0.667,FULL_AXES_RECT,98,98,1138,678,1,10,Few-shot,1,0,SHA256_UNIQUE,SI_001_01_10.png,1
SI_001_R09.png,SI,S,I,SI_001,1,9,PRESENT,1,0,MARK_PRESENT,1.0,29,N_MARKERS=29;XDISP=0.934;YDISP=0.667,FULL_AXES_RECT,98,98,1138,678,1,10,Few-shot,1,0,SHA256_UNIQUE,SI_001_01_10.png,1
SI_001_R10.png,SI,S,I,SI_001,1,10,PRESENT,1,0,MARK_PRESENT,1.0,29,N_MARKERS=29;XDISP=0.934;YDISP=0.667,FULL_AXES_RECT,98,98,1138,678,1,10,Few-shot,1,0,SHA256_UNIQUE,SI_001_01_10.png,1
SI_002_R01.png,SI,S,I,SI_002,2,1,PRESENT,1,0,MARK_PRESENT,1.0,24,N_MARKERS=24;XDISP=0.941;YDISP=0.931,AXIS_PARTIAL,64,56,1128,740,4,10,Few-shot,1,0,SHA256_UNIQUE,SI_002_04_10.png,2
SI_002_R02.png,SI,S,I,SI_002,2,2,PRESENT,1,0,MARK_PRESENT,1.0,23,N_MARKERS=23;XDISP=0.433;YDISP=0.938,AXIS_PARTIAL,63,56,1128,741,4,10,Few-shot,1,0,SHA256_UNIQUE,SI_002_04_10.png,2
SI_002_R03.png,SI,S,I,SI_002,2,3,PRESENT,1,0,MARK_PRESENT,1.0,23,N_MARKERS=23;XDISP=0.433;YDISP=0.938,AXIS_PARTIAL,63,56,1128,741,4,10,Few-shot,1,0,SHA256_UNIQUE,SI_002_04_10.png,2
SI_002_R04.png,SI,S,I,SI_002,2,4,PRESENT,1,0,MARK_PRESENT,1.0,23,N_MARKERS=23;XDISP=0.433;YDISP=0.938,AXIS_PARTIAL,63,56,1128,741,4,10,Few-shot,1,0,SHA256_UNIQUE,SI_002_04_10.png,2
SI_002_R05.png,SI,S,I,SI_002,2,5,PRESENT,1,0,MARK_PRESENT,1.0,23,N_MARKERS=23;XDISP=0.433;YDISP=0.938,AXIS_PARTIAL,63,56,1128,741,4,10,Few-shot,1,0,SHA256_UNIQUE,SI_002_04_10.png,2
SI_002_R06.png,SI,S,I,SI_002,2,6,PRESENT,1,0,MARK_PRESENT,1.0,23,N_MARKERS=23;XDISP=0.433;YDISP=0.938,AXIS_PARTIAL,63,56,1128,741,4,10,Few-shot,1,0,SHA256_UNIQUE,SI_002_04_10.png,2
SI_002_R07.png,SI,S,I,SI_002,2,7,PRESENT,1,0,MARK_PRESENT,1.0,23,N_MARKERS=23;XDISP=0.433;YDISP=0.938,AXIS_PARTIAL,63,56,1128,741,4,10,Few-shot,1,0,SHA256_UNIQUE,SI_002_04_10.png,2
SI_002_R08.png,SI,S,I,SI_002,2,8,PRESENT,1,0,MARK_PRESENT,1.0,23,N_MARKERS=23;XDISP=0.433;YDISP=0.938,AXIS_PARTIAL,63,56,1128,741,4,10,Few-shot,1,0,SHA256_UNIQUE,SI_002_04_10.png,2
SI_002_R09.png,SI,S,I,SI_002,2,9,PRESENT,1,0,MARK_PRESENT,1.0,23,N_MARKERS=23;XDISP=0.433;YDISP=0.938,AXIS_PARTIAL,63,56,1128,741,4,10,Few-shot,1,0,SHA256_UNIQUE,SI_002_04_10.png,2
SI_002_R10.png,SI,S,I,SI_002,2,10,PRESENT,1,0,MARK_PRESENT,1.0,23,N_MARKERS=23;XDISP=0.433;YDISP=0.938,AXIS_PARTIAL,63,56,1128,741,4,10,Few-shot,1,0,SHA256_UNIQUE,SI_002_04_10.png,2
SI_003_R01.png,SI,S,I,SI_003,3,1,PRESENT,1,0,MARK_PRESENT,1.0,11,N_MARKERS=11;XDISP=0.677;YDISP=0.788,AXIS_PARTIAL,59,47,1044,616,6,10,Few-shot,1,0,SHA256_UNIQUE,SI_003_06_10.png,3
SI_003_R02.png,SI,S,I,SI_003,3,2,PRESENT,1,0,MARK_PRESENT,1.0,26,N_MARKERS=26;XDISP=0.979;YDISP=0.830,FULL_AXES_RECT,98,98,1138,678,6,10,Few-shot,1,0,SHA256_UNIQUE,SI_003_06_10.png,3
SI_003_R03.png,SI,S,I,SI_003,3,3,PRESENT,1,0,MARK_PRESENT,1.0,26,N_MARKERS=26;XDISP=0.979;YDISP=0.830,FULL_AXES_RECT,98,98,1138,678,6,10,Few-shot,1,0,SHA256_UNIQUE,SI_003_06_10.png,3
SI_003_R04.png,SI,S,I,SI_003,3,4,PRESENT,1,0,MARK_PRESENT,1.0,26,N_MARKERS=26;XDISP=0.979;YDISP=0.830,FULL_AXES_RECT,98,98,1138,678,6,10,Few-shot,1,0,SHA256_UNIQUE,SI_003_06_10.png,3
SI_003_R05.png,SI,S,I,SI_003,3,5,PRESENT,1,0,MARK_PRESENT,1.0,26,N_MARKERS=26;XDISP=0.979;YDISP=0.830,FULL_AXES_RECT,98,98,1138,678,6,10,Few-shot,1,0,SHA256_UNIQUE,SI_003_06_10.png,3
SI_003_R06.png,SI,S,I,SI_003,3,6,PRESENT,1,0,MARK_PRESENT,1.0,26,N_MARKERS=26;XDISP=0.979;YDISP=0.830,FULL_AXES_RECT,98,98,1138,678,6,10,Few-shot,1,0,SHA256_UNIQUE,SI_003_06_10.png,3
SI_003_R07.png,SI,S,I,SI_003,3,7,PRESENT,1,0,MARK_PRESENT,1.0,26,N_MARKERS=26;XDISP=0.979;YDISP=0.830,FULL_AXES_RECT,98,98,1138,678,6,10,Few-shot,1,0,SHA256_UNIQUE,SI_003_06_10.png,3
SI_003_R08.png,SI,S,I,SI_003,3,8,PRESENT,1,0,MARK_PRESENT,1.0,26,N_MARKERS=26;XDISP=0.979;YDISP=0.830,FULL_AXES_RECT,98,98,1138,678,6,10,Few-shot,1,0,SHA256_UNIQUE,SI_003_06_10.png,3
SI_003_R09.png,SI,S,I,SI_003,3,9,PRESENT,1,0,MARK_PRESENT,1.0,26,N_MARKERS=26;XDISP=0.979;YDISP=0.830,FULL_AXES_RECT,98,98,1138,678,6,10,Few-shot,1,0,SHA256_UNIQUE,SI_003_06_10.png,3
SI_003_R10.png,SI,S,I,SI_003,3,10,PRESENT,1,0,MARK_PRESENT,1.0,26,N_MARKERS=26;XDISP=0.979;YDISP=0.830,FULL_AXES_RECT,98,98,1138,678,6,10,Few-shot,1,0,SHA256_UNIQUE,SI_003_06_10.png,3
SI_004_R01.png,SI,S,I,SI_004,4,1,PRESENT,1,0,MARK_PRESENT,1.0,48,N_MARKERS=48;XDISP=0.909;YDISP=0.906,FULL_AXES_RECT,60,35,1028,734,7,10,Few-shot,1,0,SHA256_UNIQUE,SI_004_07_10.png,4
SI_004_R02.png,SI,S,I,SI_004,4,2,PRESENT,1,0,MARK_PRESENT,1.0,28,N_MARKERS=28;XDISP=0.907;YDISP=0.913,FULL_AXES_RECT,59,34,1101,616,7,10,Few-shot,1,0,SHA256_UNIQUE,SI_004_07_10.png,4
SI_004_R03.png,SI,S,I,SI_004,4,3,PRESENT,1,0,MARK_PRESENT,1.0,30,N_MARKERS=30;XDISP=0.907;YDISP=0.927,FULL_AXES_RECT,59,34,1101,616,7,10,Few-shot,1,0,SHA256_UNIQUE,SI_004_07_10.png,4
SI_004_R04.png,SI,S,I,SI_004,4,4,PRESENT,1,0,MARK_PRESENT,1.0,28,N_MARKERS=28;XDISP=0.907;YDISP=0.913,FULL_AXES_RECT,59,34,1101,616,7,10,Few-shot,1,0,SHA256_UNIQUE,SI_004_07_10.png,4
SI_004_R05.png,SI,S,I,SI_004,4,5,PRESENT,1,0,MARK_PRESENT,1.0,28,N_MARKERS=28;XDISP=0.907;YDISP=0.913,FULL_AXES_RECT,59,34,1101,616,7,10,Few-shot,1,0,SHA256_UNIQUE,SI_004_07_10.png,4
SI_004_R06.png,SI,S,I,SI_004,4,6,PRESENT,1,0,MARK_PRESENT,1.0,30,N_MARKERS=30;XDISP=0.907;YDISP=0.925,FULL_AXES_RECT,59,34,1101,616,7,10,Few-shot,1,0,SHA256_UNIQUE,SI_004_07_10.png,4
SI_004_R07.png,SI,S,I,SI_004,4,7,PRESENT,1,0,MARK_PRESENT,1.0,28,N_MARKERS=28;XDISP=0.502;YDISP=0.916,AXIS_PARTIAL,59,51,1044,673,7,10,Few-shot,1,0,SHA256_UNIQUE,SI_004_07_10.png,4
SI_004_R08.png,SI,S,I,SI_004,4,8,PRESENT,1,0,MARK_PRESENT,1.0,28,N_MARKERS=28;XDISP=0.431;YDISP=0.942,AXIS_PARTIAL,59,52,1044,616,7,10,Few-shot,1,0,SHA256_UNIQUE,SI_004_07_10.png,4
SI_004_R09.png,SI,S,I,SI_004,4,9,PRESENT,1,0,MARK_PRESENT,1.0,30,N_MARKERS=30;XDISP=0.907;YDISP=0.913,FULL_AXES_RECT,59,34,1101,616,7,10,Few-shot,1,0,SHA256_UNIQUE,SI_004_07_10.png,4
SI_004_R10.png,SI,S,I,SI_004,4,10,PRESENT,1,0,MARK_PRESENT,1.0,30,N_MARKERS=30;XDISP=0.940;YDISP=0.947,AXIS_PARTIAL,59,47,1044,616,7,10,Few-shot,1,0,SHA256_UNIQUE,SI_004_07_10.png,4
SI_005_R01.png,SI,S,I,SI_005,5,1,PRESENT,1,0,MARK_PRESENT,1.0,31,N_MARKERS=31;XDISP=0.928;YDISP=0.929,FULL_AXES_RECT,98,98,1138,678,8,10,Few-shot,1,0,SHA256_UNIQUE,SI_005_08_10.png,5
SI_005_R02.png,SI,S,I,SI_005,5,2,PRESENT,1,0,MARK_PRESENT,1.0,31,N_MARKERS=31;XDISP=0.938;YDISP=0.947,AXIS_PARTIAL,59,47,1044,616,8,10,Few-shot,1,0,SHA256_UNIQUE,SI_005_08_10.png,5
SI_005_R03.png,SI,S,I,SI_005,5,3,PRESENT,1,0,MARK_PRESENT,1.0,31,N_MARKERS=31;XDISP=0.938;YDISP=0.947,AXIS_PARTIAL,59,47,1044,616,8,10,Few-shot,1,0,SHA256_UNIQUE,SI_005_08_10.png,5
SI_005_R04.png,SI,S,I,SI_005,5,4,PRESENT,1,0,MARK_PRESENT,1.0,31,N_MARKERS=31;XDISP=0.938;YDISP=0.947,AXIS_PARTIAL,59,47,1044,616,8,10,Few-shot,1,0,SHA256_UNIQUE,SI_005_08_10.png,5
SI_005_R05.png,SI,S,I,SI_005,5,5,PRESENT,1,0,MARK_PRESENT,1.0,31,N_MARKERS=31;XDISP=0.938;YDISP=0.947,AXIS_PARTIAL,59,47,1044,616,8,10,Few-shot,1,0,SHA256_UNIQUE,SI_005_08_10.png,5
SI_005_R06.png,SI,S,I,SI_005,5,6,PRESENT,1,0,MARK_PRESENT,1.0,31,N_MARKERS=31;XDISP=0.938;YDISP=0.947,AXIS_PARTIAL,59,47,1044,616,8,10,Few-shot,1,0,SHA256_UNIQUE,SI_005_08_10.png,5
SI_005_R07.png,SI,S,I,SI_005,5,7,PRESENT,1,0,MARK_PRESENT,1.0,31,N_MARKERS=31;XDISP=0.938;YDISP=0.947,AXIS_PARTIAL,59,47,1044,616,8,10,Few-shot,1,0,SHA256_UNIQUE,SI_005_08_10.png,5
SI_005_R08.png,SI,S,I,SI_005,5,8,PRESENT,1,0,MARK_PRESENT,1.0,31,N_MARKERS=31;XDISP=0.938;YDISP=0.947,AXIS_PARTIAL,59,47,1044,616,8,10,Few-shot,1,0,SHA256_UNIQUE,SI_005_08_10.png,5
SI_005_R09.png,SI,S,I,SI_005,5,9,PRESENT,1,0,MARK_PRESENT,1.0,31,N_MARKERS=31;XDISP=0.938;YDISP=0.947,AXIS_PARTIAL,59,47,1044,616,8,10,Few-shot,1,0,SHA256_UNIQUE,SI_005_08_10.png,5
SI_005_R10.png,SI,S,I,SI_005,5,10,PRESENT,1,0,MARK_PRESENT,1.0,31,N_MARKERS=31;XDISP=0.938;YDISP=0.947,AXIS_PARTIAL,59,47,1044,616,8,10,Few-shot,1,0,SHA256_UNIQUE,SI_005_08_10.png,5
SI_006_R01.png,SI,S,I,SI_006,6,1,PRESENT,1,0,MARK_PRESENT,1.0,4,N_MARKERS=4;XDISP=0.578;YDISP=0.559,AXIS_PARTIAL,59,47,1044,616,9,10,Few-shot,1,0,SHA256_UNIQUE,SI_006_09_10.png,6
SI_006_R02.png,SI,S,I,SI_006,6,2,PRESENT,1,0,MARK_PRESENT,1.0,11,N_MARKERS=11;XDISP=0.913;YDISP=0.926,FULL_AXES_RECT,98,98,1138,678,9,10,Few-shot,1,0,SHA256_UNIQUE,SI_006_09_10.png,6
SI_006_R03.png,SI,S,I,SI_006,6,3,PRESENT,1,0,MARK_PRESENT,1.0,11,N_MARKERS=11;XDISP=0.913;YDISP=0.926,FULL_AXES_RECT,98,98,1138,678,9,10,Few-shot,1,0,SHA256_UNIQUE,SI_006_09_10.png,6
SI_006_R04.png,SI,S,I,SI_006,6,4,PRESENT,1,0,MARK_PRESENT,1.0,11,N_MARKERS=11;XDISP=0.913;YDISP=0.926,FULL_AXES_RECT,98,98,1138,678,9,10,Few-shot,1,0,SHA256_UNIQUE,SI_006_09_10.png,6
SI_006_R05.png,SI,S,I,SI_006,6,5,PRESENT,1,0,MARK_PRESENT,1.0,11,N_MARKERS=11;XDISP=0.913;YDISP=0.926,FULL_AXES_RECT,98,98,1138,678,9,10,Few-shot,1,0,SHA256_UNIQUE,SI_006_09_10.png,6
SI_006_R06.png,SI,S,I,SI_006,6,6,PRESENT,1,0,MARK_PRESENT,1.0,11,N_MARKERS=11;XDISP=0.913;YDISP=0.926,FULL_AXES_RECT,98,98,1138,678,9,10,Few-shot,1,0,SHA256_UNIQUE,SI_006_09_10.png,6
SI_006_R07.png,SI,S,I,SI_006,6,7,PRESENT,1,0,MARK_PRESENT,1.0,11,N_MARKERS=11;XDISP=0.913;YDISP=0.926,FULL_AXES_RECT,98,98,1138,678,9,10,Few-shot,1,0,SHA256_UNIQUE,SI_006_09_10.png,6
SI_006_R08.png,SI,S,I,SI_006,6,8,PRESENT,1,0,MARK_PRESENT,1.0,11,N_MARKERS=11;XDISP=0.913;YDISP=0.926,FULL_AXES_RECT,98,98,1138,678,9,10,Few-shot,1,0,SHA256_UNIQUE,SI_006_09_10.png,6
SI_006_R09.png,SI,S,I,SI_006,6,9,PRESENT,1,0,MARK_PRESENT,1.0,11,N_MARKERS=11;XDISP=0.913;YDISP=0.926,FULL_AXES_RECT,98,98,1138,678,9,10,Few-shot,1,0,SHA256_UNIQUE,SI_006_09_10.png,6
SI_006_R10.png,SI,S,I,SI_006,6,10,PRESENT,1,0,MARK_PRESENT,1.0,11,N_MARKERS=11;XDISP=0.913;YDISP=0.926,FULL_AXES_RECT,98,98,1138,678,9,10,Few-shot,1,0,SHA256_UNIQUE,SI_006_09_10.png,6
SI_007_R01.png,SI,S,I,SI_007,7,1,PRESENT,1,0,MARK_PRESENT,1.0,25,N_MARKERS=25;XDISP=0.978;YDISP=0.708,FULL_AXES_RECT,59,34,1101,616,10,10,Few-shot,1,0,SHA256_UNIQUE,SI_007_10_10.png,7
SI_007_R02.png,SI,S,I,SI_007,7,2,PRESENT,1,0,MARK_PRESENT,1.0,28,N_MARKERS=28;XDISP=0.978;YDISP=0.712,FULL_AXES_RECT,58,34,986,648,10,10,Few-shot,1,0,SHA256_UNIQUE,SI_007_10_10.png,7
SI_007_R03.png,SI,S,I,SI_007,7,3,PRESENT,1,0,MARK_PRESENT,1.0,28,N_MARKERS=28;XDISP=0.978;YDISP=0.712,FULL_AXES_RECT,58,34,986,648,10,10,Few-shot,1,0,SHA256_UNIQUE,SI_007_10_10.png,7
SI_007_R04.png,SI,S,I,SI_007,7,4,PRESENT,1,0,MARK_PRESENT,1.0,28,N_MARKERS=28;XDISP=0.978;YDISP=0.712,FULL_AXES_RECT,58,34,986,648,10,10,Few-shot,1,0,SHA256_UNIQUE,SI_007_10_10.png,7
SI_007_R05.png,SI,S,I,SI_007,7,5,PRESENT,1,0,MARK_PRESENT,1.0,28,N_MARKERS=28;XDISP=0.978;YDISP=0.712,FULL_AXES_RECT,58,34,986,648,10,10,Few-shot,1,0,SHA256_UNIQUE,SI_007_10_10.png,7
SI_007_R06.png,SI,S,I,SI_007,7,6,PRESENT,1,0,MARK_PRESENT,1.0,28,N_MARKERS=28;XDISP=0.978;YDISP=0.712,FULL_AXES_RECT,58,34,986,648,10,10,Few-shot,1,0,SHA256_UNIQUE,SI_007_10_10.png,7
SI_007_R07.png,SI,S,I,SI_007,7,7,PRESENT,1,0,MARK_PRESENT,1.0,28,N_MARKERS=28;XDISP=0.978;YDISP=0.712,FULL_AXES_RECT,58,34,986,648,10,10,Few-shot,1,0,SHA256_UNIQUE,SI_007_10_10.png,7
SI_007_R08.png,SI,S,I,SI_007,7,8,PRESENT,1,0,MARK_PRESENT,1.0,28,N_MARKERS=28;XDISP=0.978;YDISP=0.712,FULL_AXES_RECT,58,34,986,648,10,10,Few-shot,1,0,SHA256_UNIQUE,SI_007_10_10.png,7
SI_007_R09.png,SI,S,I,SI_007,7,9,PRESENT,1,0,MARK_PRESENT,1.0,28,N_MARKERS=28;XDISP=0.978;YDISP=0.712,FULL_AXES_RECT,58,34,986,648,10,10,Few-shot,1,0,SHA256_UNIQUE,SI_007_10_10.png,7
SI_007_R10.png,SI,S,I,SI_007,7,10,PRESENT,1,0,MARK_PRESENT,1.0,28,N_MARKERS=28;XDISP=0.978;YDISP=0.712,FULL_AXES_RECT,58,34,986,648,10,10,Few-shot,1,0,SHA256_UNIQUE,SI_007_10_10.png,7
SI_008_R01.png,SI,S,I,SI_008,8,1,PRESENT,1,0,MARK_PRESENT,1.0,26,N_MARKERS=26;XDISP=0.913;YDISP=0.912,FULL_AXES_RECT,98,98,1138,678,11,10,Few-shot,1,0,SHA256_UNIQUE,SI_008_11_10.png,8
SI_008_R02.png,SI,S,I,SI_008,8,2,PRESENT,1,0,MARK_PRESENT,1.0,27,N_MARKERS=27;XDISP=0.909;YDISP=0.915,FULL_AXES_RECT,98,98,934,678,11,10,Few-shot,1,0,SHA256_UNIQUE,SI_008_11_10.png,8
SI_008_R03.png,SI,S,I,SI_008,8,3,PRESENT,1,0,MARK_PRESENT,1.0,27,N_MARKERS=27;XDISP=0.909;YDISP=0.915,FULL_AXES_RECT,98,98,934,678,11,10,Few-shot,1,0,SHA256_UNIQUE,SI_008_11_10.png,8
SI_008_R04.png,SI,S,I,SI_008,8,4,PRESENT,1,0,MARK_PRESENT,1.0,27,N_MARKERS=27;XDISP=0.909;YDISP=0.915,FULL_AXES_RECT,98,98,934,678,11,10,Few-shot,1,0,SHA256_UNIQUE,SI_008_11_10.png,8
SI_008_R05.png,SI,S,I,SI_008,8,5,PRESENT,1,0,MARK_PRESENT,1.0,27,N_MARKERS=27;XDISP=0.909;YDISP=0.915,FULL_AXES_RECT,98,98,934,678,11,10,Few-shot,1,0,SHA256_UNIQUE,SI_008_11_10.png,8
SI_008_R06.png,SI,S,I,SI_008,8,6,PRESENT,1,0,MARK_PRESENT,1.0,27,N_MARKERS=27;XDISP=0.909;YDISP=0.915,FULL_AXES_RECT,98,98,934,678,11,10,Few-shot,1,0,SHA256_UNIQUE,SI_008_11_10.png,8
SI_008_R07.png,SI,S,I,SI_008,8,7,PRESENT,1,0,MARK_PRESENT,1.0,27,N_MARKERS=27;XDISP=0.909;YDISP=0.915,FULL_AXES_RECT,98,98,934,678,11,10,Few-shot,1,0,SHA256_UNIQUE,SI_008_11_10.png,8
SI_008_R08.png,SI,S,I,SI_008,8,8,PRESENT,1,0,MARK_PRESENT,1.0,27,N_MARKERS=27;XDISP=0.909;YDISP=0.915,FULL_AXES_RECT,98,98,934,678,11,10,Few-shot,1,0,SHA256_UNIQUE,SI_008_11_10.png,8
SI_008_R09.png,SI,S,I,SI_008,8,9,PRESENT,1,0,MARK_PRESENT,1.0,27,N_MARKERS=27;XDISP=0.909;YDISP=0.915,FULL_AXES_RECT,98,98,934,678,11,10,Few-shot,1,0,SHA256_UNIQUE,SI_008_11_10.png,8
SI_008_R10.png,SI,S,I,SI_008,8,10,PRESENT,1,0,MARK_PRESENT,1.0,27,N_MARKERS=27;XDISP=0.909;YDISP=0.915,FULL_AXES_RECT,98,98,934,678,11,10,Few-shot,1,0,SHA256_UNIQUE,SI_008_11_10.png,8
SI_009_R01.png,SI,S,I,SI_009,9,1,PRESENT,1,0,MARK_PRESENT,1.0,26,N_MARKERS=26;XDISP=0.433;YDISP=0.938,AXIS_PARTIAL,59,55,1118,735,12,10,Few-shot,1,0,SHA256_UNIQUE,SI_009_12_10.png,9
SI_009_R02.png,SI,S,I,SI_009,9,2,PRESENT,1,0,MARK_PRESENT,1.0,27,N_MARKERS=27;XDISP=0.455;YDISP=0.942,AXIS_PARTIAL,59,47,1044,616,12,10,Few-shot,1,0,SHA256_UNIQUE,SI_009_12_10.png,9
SI_009_R03.png,SI,S,I,SI_009,9,3,PRESENT,1,0,MARK_PRESENT,1.0,27,N_MARKERS=27;XDISP=0.455;YDISP=0.942,AXIS_PARTIAL,59,47,1044,616,12,10,Few-shot,1,0,SHA256_UNIQUE,SI_009_12_10.png,9
SI_009_R04.png,SI,S,I,SI_009,9,4,PRESENT,1,0,MARK_PRESENT,1.0,27,N_MARKERS=27;XDISP=0.455;YDISP=0.942,AXIS_PARTIAL,59,47,1044,616,12,10,Few-shot,1,0,SHA256_UNIQUE,SI_009_12_10.png,9
SI_009_R05.png,SI,S,I,SI_009,9,5,PRESENT,1,0,MARK_PRESENT,1.0,27,N_MARKERS=27;XDISP=0.455;YDISP=0.942,AXIS_PARTIAL,59,47,1044,616,12,10,Few-shot,1,0,SHA256_UNIQUE,SI_009_12_10.png,9
SI_009_R06.png,SI,S,I,SI_009,9,6,PRESENT,1,0,MARK_PRESENT,1.0,27,N_MARKERS=27;XDISP=0.455;YDISP=0.942,AXIS_PARTIAL,59,47,1044,616,12,10,Few-shot,1,0,SHA256_UNIQUE,SI_009_12_10.png,9
SI_009_R07.png,SI,S,I,SI_009,9,7,PRESENT,1,0,MARK_PRESENT,1.0,27,N_MARKERS=27;XDISP=0.455;YDISP=0.942,AXIS_PARTIAL,59,47,1044,616,12,10,Few-shot,1,0,SHA256_UNIQUE,SI_009_12_10.png,9
SI_009_R08.png,SI,S,I,SI_009,9,8,PRESENT,1,0,MARK_PRESENT,1.0,27,N_MARKERS=27;XDISP=0.455;YDISP=0.942,AXIS_PARTIAL,59,47,1044,616,12,10,Few-shot,1,0,SHA256_UNIQUE,SI_009_12_10.png,9
SI_009_R09.png,SI,S,I,SI_009,9,9,PRESENT,1,0,MARK_PRESENT,1.0,27,N_MARKERS=27;XDISP=0.455;YDISP=0.942,AXIS_PARTIAL,59,47,1044,616,12,10,Few-shot,1,0,SHA256_UNIQUE,SI_009_12_10.png,9
SI_009_R10.png,SI,S,I,SI_009,9,10,PRESENT,1,0,MARK_PRESENT,1.0,27,N_MARKERS=27;XDISP=0.455;YDISP=0.942,AXIS_PARTIAL,59,47,1044,616,12,10,Few-shot,1,0,SHA256_UNIQUE,SI_009_12_10.png,9
SI_010_R01.png,SI,S,I,SI_010,10,1,PRESENT,1,0,MARK_PRESENT,1.0,31,N_MARKERS=31;XDISP=0.912;YDISP=0.913,FULL_AXES_RECT,60,35,960,734,13,10,Few-shot,1,0,SHA256_UNIQUE,SI_010_13_10.png,10
SI_010_R02.png,SI,S,I,SI_010,10,2,PRESENT,1,0,MARK_PRESENT,1.0,24,N_MARKERS=24;XDISP=0.955;YDISP=0.832,AXIS_PARTIAL,59,47,1044,616,13,10,Few-shot,1,0,SHA256_UNIQUE,SI_010_13_10.png,10
SI_010_R03.png,SI,S,I,SI_010,10,3,PRESENT,1,0,MARK_PRESENT,1.0,24,N_MARKERS=24;XDISP=0.955;YDISP=0.832,AXIS_PARTIAL,59,47,1044,616,13,10,Few-shot,1,0,SHA256_UNIQUE,SI_010_13_10.png,10
SI_010_R04.png,SI,S,I,SI_010,10,4,PRESENT,1,0,MARK_PRESENT,1.0,24,N_MARKERS=24;XDISP=0.955;YDISP=0.832,AXIS_PARTIAL,59,47,1044,616,13,10,Few-shot,1,0,SHA256_UNIQUE,SI_010_13_10.png,10
SI_010_R05.png,SI,S,I,SI_010,10,5,PRESENT,1,0,MARK_PRESENT,1.0,24,N_MARKERS=24;XDISP=0.955;YDISP=0.832,AXIS_PARTIAL,59,47,1044,616,13,10,Few-shot,1,0,SHA256_UNIQUE,SI_010_13_10.png,10
SI_010_R06.png,SI,S,I,SI_010,10,6,PRESENT,1,0,MARK_PRESENT,1.0,24,N_MARKERS=24;XDISP=0.955;YDISP=0.832,AXIS_PARTIAL,59,47,1044,616,13,10,Few-shot,1,0,SHA256_UNIQUE,SI_010_13_10.png,10
SI_010_R07.png,SI,S,I,SI_010,10,7,PRESENT,1,0,MARK_PRESENT,1.0,24,N_MARKERS=24;XDISP=0.955;YDISP=0.832,AXIS_PARTIAL,59,47,1044,616,13,10,Few-shot,1,0,SHA256_UNIQUE,SI_010_13_10.png,10
SI_010_R08.png,SI,S,I,SI_010,10,8,PRESENT,1,0,MARK_PRESENT,1.0,24,N_MARKERS=24;XDISP=0.955;YDISP=0.832,AXIS_PARTIAL,59,47,1044,616,13,10,Few-shot,1,0,SHA256_UNIQUE,SI_010_13_10.png,10
SI_010_R09.png,SI,S,I,SI_010,10,9,PRESENT,1,0,MARK_PRESENT,1.0,24,N_MARKERS=24;XDISP=0.955;YDISP=0.832,AXIS_PARTIAL,59,47,1044,616,13,10,Few-shot,1,0,SHA256_UNIQUE,SI_010_13_10.png,10
SI_010_R10.png,SI,S,I,SI_010,10,10,PRESENT,1,0,MARK_PRESENT,1.0,24,N_MARKERS=24;XDISP=0.955;YDISP=0.832,AXIS_PARTIAL,59,47,1044,616,13,10,Few-shot,1,0,SHA256_UNIQUE,SI_010_13_10.png,10
SI_011_R01.png,SI,S,I,SI_011,11,1,PRESENT,1,0,MARK_PRESENT,1.0,32,N_MARKERS=32;XDISP=0.910;YDISP=0.911,FULL_AXES_RECT,59,34,1101,616,14,10,Few-shot,1,0,SHA256_UNIQUE,SI_011_14_10.png,11
SI_011_R02.png,SI,S,I,SI_011,11,2,PRESENT,1,0,MARK_PRESENT,1.0,26,N_MARKERS=26;XDISP=0.913;YDISP=0.912,FULL_AXES_RECT,98,98,1138,678,14,10,Few-shot,1,0,SHA256_UNIQUE,SI_011_14_10.png,11
SI_011_R03.png,SI,S,I,SI_011,11,3,PRESENT,1,0,MARK_PRESENT,1.0,26,N_MARKERS=26;XDISP=0.913;YDISP=0.912,FULL_AXES_RECT,98,98,1138,678,14,10,Few-shot,1,0,SHA256_UNIQUE,SI_011_14_10.png,11
SI_011_R04.png,SI,S,I,SI_011,11,4,PRESENT,1,0,MARK_PRESENT,1.0,26,N_MARKERS=26;XDISP=0.913;YDISP=0.912,FULL_AXES_RECT,98,98,1138,678,14,10,Few-shot,1,0,SHA256_UNIQUE,SI_011_14_10.png,11
SI_011_R05.png,SI,S,I,SI_011,11,5,PRESENT,1,0,MARK_PRESENT,1.0,26,N_MARKERS=26;XDISP=0.913;YDISP=0.912,FULL_AXES_RECT,98,98,1138,678,14,10,Few-shot,1,0,SHA256_UNIQUE,SI_011_14_10.png,11
SI_011_R06.png,SI,S,I,SI_011,11,6,PRESENT,1,0,MARK_PRESENT,1.0,26,N_MARKERS=26;XDISP=0.913;YDISP=0.912,FULL_AXES_RECT,98,98,1138,678,14,10,Few-shot,1,0,SHA256_UNIQUE,SI_011_14_10.png,11
SI_011_R07.png,SI,S,I,SI_011,11,7,PRESENT,1,0,MARK_PRESENT,1.0,26,N_MARKERS=26;XDISP=0.913;YDISP=0.912,FULL_AXES_RECT,98,98,1138,678,14,10,Few-shot,1,0,SHA256_UNIQUE,SI_011_14_10.png,11
SI_011_R08.png,SI,S,I,SI_011,11,8,PRESENT,1,0,MARK_PRESENT,1.0,26,N_MARKERS=26;XDISP=0.913;YDISP=0.912,FULL_AXES_RECT,98,98,1138,678,14,10,Few-shot,1,0,SHA256_UNIQUE,SI_011_14_10.png,11
SI_011_R09.png,SI,S,I,SI_011,11,9,PRESENT,1,0,MARK_PRESENT,1.0,26,N_MARKERS=26;XDISP=0.913;YDISP=0.912,FULL_AXES_RECT,98,98,1138,678,14,10,Few-shot,1,0,SHA256_UNIQUE,SI_011_14_10.png,11
SI_011_R10.png,SI,S,I,SI_011,11,10,PRESENT,1,0,MARK_PRESENT,1.0,26,N_MARKERS=26;XDISP=0.913;YDISP=0.912,FULL_AXES_RECT,98,98,1138,678,14,10,Few-shot,1,0,SHA256_UNIQUE,SI_011_14_10.png,11
SI_012_R01.png,SI,S,I,SI_012,12,1,PRESENT,1,0,MARK_PRESENT,1.0,25,N_MARKERS=25;XDISP=0.434;YDISP=0.932,AXIS_PARTIAL,59,47,1044,616,15,10,Few-shot,1,0,SHA256_UNIQUE,SI_012_15_10.png,12
SI_012_R02.png,SI,S,I,SI_012,12,2,PRESENT,1,0,MARK_PRESENT,1.0,27,N_MARKERS=27;XDISP=0.913;YDISP=0.929,FULL_AXES_RECT,98,98,1138,678,15,10,Few-shot,1,0,SHA256_UNIQUE,SI_012_15_10.png,12
SI_012_R03.png,SI,S,I,SI_012,12,3,PRESENT,1,0,MARK_PRESENT,1.0,27,N_MARKERS=27;XDISP=0.913;YDISP=0.929,FULL_AXES_RECT,98,98,1138,678,15,10,Few-shot,1,0,SHA256_UNIQUE,SI_012_15_10.png,12
SI_012_R04.png,SI,S,I,SI_012,12,4,PRESENT,1,0,MARK_PRESENT,1.0,27,N_MARKERS=27;XDISP=0.913;YDISP=0.929,FULL_AXES_RECT,98,98,1138,678,15,10,Few-shot,1,0,SHA256_UNIQUE,SI_012_15_10.png,12
SI_012_R05.png,SI,S,I,SI_012,12,5,PRESENT,1,0,MARK_PRESENT,1.0,27,N_MARKERS=27;XDISP=0.913;YDISP=0.929,FULL_AXES_RECT,98,98,1138,678,15,10,Few-shot,1,0,SHA256_UNIQUE,SI_012_15_10.png,12
SI_012_R06.png,SI,S,I,SI_012,12,6,PRESENT,1,0,MARK_PRESENT,1.0,27,N_MARKERS=27;XDISP=0.913;YDISP=0.929,FULL_AXES_RECT,98,98,1138,678,15,10,Few-shot,1,0,SHA256_UNIQUE,SI_012_15_10.png,12
SI_012_R07.png,SI,S,I,SI_012,12,7,PRESENT,1,0,MARK_PRESENT,1.0,27,N_MARKERS=27;XDISP=0.913;YDISP=0.929,FULL_AXES_RECT,98,98,1138,678,15,10,Few-shot,1,0,SHA256_UNIQUE,SI_012_15_10.png,12
SI_012_R08.png,SI,S,I,SI_012,12,8,PRESENT,1,0,MARK_PRESENT,1.0,27,N_MARKERS=27;XDISP=0.913;YDISP=0.929,FULL_AXES_RECT,98,98,1138,678,15,10,Few-shot,1,0,SHA256_UNIQUE,SI_012_15_10.png,12
SI_012_R09.png,SI,S,I,SI_012,12,9,PRESENT,1,0,MARK_PRESENT,1.0,27,N_MARKERS=27;XDISP=0.913;YDISP=0.929,FULL_AXES_RECT,98,98,1138,678,15,10,Few-shot,1,0,SHA256_UNIQUE,SI_012_15_10.png,12
SI_012_R10.png,SI,S,I,SI_012,12,10,PRESENT,1,0,MARK_PRESENT,1.0,27,N_MARKERS=27;XDISP=0.913;YDISP=0.929,FULL_AXES_RECT,98,98,1138,678,15,10,Few-shot,1,0,SHA256_UNIQUE,SI_012_15_10.png,12
SI_013_R01.png,SI,S,I,SI_013,13,1,PRESENT,1,0,MARK_PRESENT,1.0,28,N_MARKERS=28;XDISP=0.429;YDISP=0.934,AXIS_PARTIAL,64,56,1128,740,16,10,Few-shot,1,0,SHA256_UNIQUE,SI_013_16_10.png,13
SI_013_R02.png,SI,S,I,SI_013,13,2,PRESENT,1,0,MARK_PRESENT,1.0,27,N_MARKERS=27;XDISP=0.431;YDISP=0.934,AXIS_PARTIAL,59,47,1044,616,16,10,Few-shot,1,0,SHA256_UNIQUE,SI_013_16_10.png,13
SI_013_R03.png,SI,S,I,SI_013,13,3,PRESENT,1,0,MARK_PRESENT,1.0,27,N_MARKERS=27;XDISP=0.431;YDISP=0.934,AXIS_PARTIAL,59,47,1044,616,16,10,Few-shot,1,0,SHA256_UNIQUE,SI_013_16_10.png,13
SI_013_R04.png,SI,S,I,SI_013,13,4,PRESENT,1,0,MARK_PRESENT,1.0,27,N_MARKERS=27;XDISP=0.431;YDISP=0.934,AXIS_PARTIAL,59,47,1044,616,16,10,Few-shot,1,0,SHA256_UNIQUE,SI_013_16_10.png,13
SI_013_R05.png,SI,S,I,SI_013,13,5,PRESENT,1,0,MARK_PRESENT,1.0,27,N_MARKERS=27;XDISP=0.431;YDISP=0.934,AXIS_PARTIAL,59,47,1044,616,16,10,Few-shot,1,0,SHA256_UNIQUE,SI_013_16_10.png,13
SI_013_R06.png,SI,S,I,SI_013,13,6,PRESENT,1,0,MARK_PRESENT,1.0,27,N_MARKERS=27;XDISP=0.431;YDISP=0.934,AXIS_PARTIAL,59,47,1044,616,16,10,Few-shot,1,0,SHA256_UNIQUE,SI_013_16_10.png,13
SI_013_R07.png,SI,S,I,SI_013,13,7,PRESENT,1,0,MARK_PRESENT,1.0,27,N_MARKERS=27;XDISP=0.431;YDISP=0.934,AXIS_PARTIAL,59,47,1044,616,16,10,Few-shot,1,0,SHA256_UNIQUE,SI_013_16_10.png,13
SI_013_R08.png,SI,S,I,SI_013,13,8,PRESENT,1,0,MARK_PRESENT,1.0,27,N_MARKERS=27;XDISP=0.431;YDISP=0.934,AXIS_PARTIAL,59,47,1044,616,16,10,Few-shot,1,0,SHA256_UNIQUE,SI_013_16_10.png,13
SI_013_R09.png,SI,S,I,SI_013,13,9,PRESENT,1,0,MARK_PRESENT,1.0,27,N_MARKERS=27;XDISP=0.431;YDISP=0.934,AXIS_PARTIAL,59,47,1044,616,16,10,Few-shot,1,0,SHA256_UNIQUE,SI_013_16_10.png,13
SI_013_R10.png,SI,S,I,SI_013,13,10,PRESENT,1,0,MARK_PRESENT,1.0,27,N_MARKERS=27;XDISP=0.431;YDISP=0.934,AXIS_PARTIAL,59,47,1044,616,16,10,Few-shot,1,0,SHA256_UNIQUE,SI_013_16_10.png,13
SI_014_R01.png,SI,S,I,SI_014,14,1,PRESENT,1,0,MARK_PRESENT,1.0,24,N_MARKERS=24;XDISP=0.451;YDISP=0.677,AXIS_PARTIAL,59,47,1044,616,1,11,Híbrida,1,1,SHA256_UNIQUE,SI_001_01_11.png,1
SI_014_R02.png,SI,S,I,SI_014,14,2,PRESENT,1,0,MARK_PRESENT,1.0,30,N_MARKERS=30;XDISP=0.954;YDISP=0.689,AXIS_PARTIAL,63,56,1128,741,1,11,Híbrida,1,1,SHA256_UNIQUE,SI_001_01_11.png,1
SI_014_R03.png,SI,S,I,SI_014,14,3,PRESENT,1,0,MARK_PRESENT,1.0,30,N_MARKERS=30;XDISP=0.954;YDISP=0.689,AXIS_PARTIAL,63,56,1128,741,1,11,Híbrida,1,1,SHA256_UNIQUE,SI_001_01_11.png,1
SI_014_R04.png,SI,S,I,SI_014,14,4,PRESENT,1,0,MARK_PRESENT,1.0,30,N_MARKERS=30;XDISP=0.954;YDISP=0.689,AXIS_PARTIAL,63,56,1128,741,1,11,Híbrida,1,1,SHA256_UNIQUE,SI_001_01_11.png,1
SI_014_R05.png,SI,S,I,SI_014,14,5,PRESENT,1,0,MARK_PRESENT,1.0,30,N_MARKERS=30;XDISP=0.954;YDISP=0.689,AXIS_PARTIAL,63,56,1128,741,1,11,Híbrida,1,1,SHA256_UNIQUE,SI_001_01_11.png,1
SI_014_R06.png,SI,S,I,SI_014,14,6,PRESENT,1,0,MARK_PRESENT,1.0,30,N_MARKERS=30;XDISP=0.954;YDISP=0.689,AXIS_PARTIAL,63,56,1128,741,1,11,Híbrida,1,1,SHA256_UNIQUE,SI_001_01_11.png,1
SI_014_R07.png,SI,S,I,SI_014,14,7,PRESENT,1,0,MARK_PRESENT,1.0,30,N_MARKERS=30;XDISP=0.954;YDISP=0.689,AXIS_PARTIAL,63,56,1128,741,1,11,Híbrida,1,1,SHA256_UNIQUE,SI_001_01_11.png,1
SI_014_R08.png,SI,S,I,SI_014,14,8,PRESENT,1,0,MARK_PRESENT,1.0,30,N_MARKERS=30;XDISP=0.954;YDISP=0.689,AXIS_PARTIAL,63,56,1128,741,1,11,Híbrida,1,1,SHA256_UNIQUE,SI_001_01_11.png,1
SI_014_R09.png,SI,S,I,SI_014,14,9,PRESENT,1,0,MARK_PRESENT,1.0,30,N_MARKERS=30;XDISP=0.954;YDISP=0.689,AXIS_PARTIAL,63,56,1128,741,1,11,Híbrida,1,1,SHA256_UNIQUE,SI_001_01_11.png,1
SI_014_R10.png,SI,S,I,SI_014,14,10,PRESENT,1,0,MARK_PRESENT,1.0,30,N_MARKERS=30;XDISP=0.954;YDISP=0.689,AXIS_PARTIAL,63,56,1128,741,1,11,Híbrida,1,1,SHA256_UNIQUE,SI_001_01_11.png,1
SI_015_R01.png,SI,S,I,SI_015,15,1,PRESENT,1,0,MARK_PRESENT,1.0,27,N_MARKERS=27;XDISP=0.948;YDISP=0.944,AXIS_PARTIAL,59,47,1044,616,4,11,Híbrida,1,1,SHA256_UNIQUE,SI_002_04_11.png,2
SI_015_R02.png,SI,S,I,SI_015,15,2,PRESENT,1,0,MARK_PRESENT,1.0,36,N_MARKERS=36;XDISP=0.429;YDISP=0.681,AXIS_PARTIAL,63,56,1128,741,4,11,Híbrida,1,1,SHA256_UNIQUE,SI_002_04_11.png,2
SI_015_R03.png,SI,S,I,SI_015,15,3,PRESENT,1,0,MARK_PRESENT,1.0,36,N_MARKERS=36;XDISP=0.429;YDISP=0.681,AXIS_PARTIAL,63,56,1128,741,4,11,Híbrida,1,1,SHA256_UNIQUE,SI_002_04_11.png,2
SI_015_R04.png,SI,S,I,SI_015,15,4,PRESENT,1,0,MARK_PRESENT,1.0,36,N_MARKERS=36;XDISP=0.429;YDISP=0.681,AXIS_PARTIAL,63,56,1128,741,4,11,Híbrida,1,1,SHA256_UNIQUE,SI_002_04_11.png,2
SI_015_R05.png,SI,S,I,SI_015,15,5,PRESENT,1,0,MARK_PRESENT,1.0,36,N_MARKERS=36;XDISP=0.429;YDISP=0.681,AXIS_PARTIAL,63,56,1128,741,4,11,Híbrida,1,1,SHA256_UNIQUE,SI_002_04_11.png,2
SI_015_R06.png,SI,S,I,SI_015,15,6,PRESENT,1,0,MARK_PRESENT,1.0,30,N_MARKERS=30;XDISP=0.954;YDISP=0.689,AXIS_PARTIAL,63,56,1128,741,4,11,Híbrida,1,1,SHA256_UNIQUE,SI_002_04_11.png,2
SI_015_R07.png,SI,S,I,SI_015,15,7,PRESENT,1,0,MARK_PRESENT,1.0,30,N_MARKERS=30;XDISP=0.954;YDISP=0.689,AXIS_PARTIAL,63,56,1128,741,4,11,Híbrida,1,1,SHA256_UNIQUE,SI_002_04_11.png,2
SI_015_R08.png,SI,S,I,SI_015,15,8,PRESENT,1,0,MARK_PRESENT,1.0,30,N_MARKERS=30;XDISP=0.954;YDISP=0.689,AXIS_PARTIAL,63,56,1128,741,4,11,Híbrida,1,1,SHA256_UNIQUE,SI_002_04_11.png,2
SI_015_R09.png,SI,S,I,SI_015,15,9,PRESENT,1,0,MARK_PRESENT,1.0,30,N_MARKERS=30;XDISP=0.954;YDISP=0.689,AXIS_PARTIAL,63,56,1128,741,4,11,Híbrida,1,1,SHA256_UNIQUE,SI_002_04_11.png,2
SI_015_R10.png,SI,S,I,SI_015,15,10,PRESENT,1,0,MARK_PRESENT,1.0,30,N_MARKERS=30;XDISP=0.954;YDISP=0.689,AXIS_PARTIAL,63,56,1128,741,4,11,Híbrida,1,1,SHA256_UNIQUE,SI_002_04_11.png,2
SI_016_R01.png,SI,S,I,SI_016,16,1,PRESENT,1,0,MARK_PRESENT,1.0,25,N_MARKERS=25;XDISP=0.434;YDISP=0.932,AXIS_PARTIAL,59,47,1044,616,6,11,Híbrida,1,1,SHA256_UNIQUE,SI_003_06_11.png,3
SI_016_R02.png,SI,S,I,SI_016,16,2,PRESENT,1,0,MARK_PRESENT,1.0,27,N_MARKERS=27;XDISP=0.908;YDISP=0.913,FULL_AXES_RECT,59,34,945,616,6,11,Híbrida,1,1,SHA256_UNIQUE,SI_003_06_11.png,3
SI_016_R03.png,SI,S,I,SI_016,16,3,PRESENT,1,0,MARK_PRESENT,1.0,27,N_MARKERS=27;XDISP=0.908;YDISP=0.913,FULL_AXES_RECT,59,34,945,616,6,11,Híbrida,1,1,SHA256_UNIQUE,SI_003_06_11.png,3
SI_016_R04.png,SI,S,I,SI_016,16,4,PRESENT,1,0,MARK_PRESENT,1.0,27,N_MARKERS=27;XDISP=0.908;YDISP=0.913,FULL_AXES_RECT,59,34,945,616,6,11,Híbrida,1,1,SHA256_UNIQUE,SI_003_06_11.png,3
SI_016_R05.png,SI,S,I,SI_016,16,5,PRESENT,1,0,MARK_PRESENT,1.0,27,N_MARKERS=27;XDISP=0.908;YDISP=0.913,FULL_AXES_RECT,59,34,945,616,6,11,Híbrida,1,1,SHA256_UNIQUE,SI_003_06_11.png,3
SI_016_R06.png,SI,S,I,SI_016,16,6,PRESENT,1,0,MARK_PRESENT,1.0,27,N_MARKERS=27;XDISP=0.908;YDISP=0.913,FULL_AXES_RECT,59,34,945,616,6,11,Híbrida,1,1,SHA256_UNIQUE,SI_003_06_11.png,3
SI_016_R07.png,SI,S,I,SI_016,16,7,PRESENT,1,0,MARK_PRESENT,1.0,30,N_MARKERS=30;XDISP=0.954;YDISP=0.689,AXIS_PARTIAL,63,56,1128,741,6,11,Híbrida,1,1,SHA256_UNIQUE,SI_003_06_11.png,3
SI_016_R08.png,SI,S,I,SI_016,16,8,PRESENT,1,0,MARK_PRESENT,1.0,30,N_MARKERS=30;XDISP=0.954;YDISP=0.689,AXIS_PARTIAL,63,56,1128,741,6,11,Híbrida,1,1,SHA256_UNIQUE,SI_003_06_11.png,3
SI_016_R09.png,SI,S,I,SI_016,16,9,PRESENT,1,0,MARK_PRESENT,1.0,30,N_MARKERS=30;XDISP=0.954;YDISP=0.689,AXIS_PARTIAL,63,56,1128,741,6,11,Híbrida,1,1,SHA256_UNIQUE,SI_003_06_11.png,3
SI_016_R10.png,SI,S,I,SI_016,16,10,PRESENT,1,0,MARK_PRESENT,1.0,30,N_MARKERS=30;XDISP=0.954;YDISP=0.689,AXIS_PARTIAL,63,56,1128,741,6,11,Híbrida,1,1,SHA256_UNIQUE,SI_003_06_11.png,3
SI_017_R01.png,SI,S,I,SI_017,17,1,PRESENT,1,0,MARK_PRESENT,1.0,28,N_MARKERS=28;XDISP=0.945;YDISP=0.945,AXIS_PARTIAL,59,47,1044,616,7,11,Híbrida,1,1,SHA256_UNIQUE,SI_004_07_11.png,4
SI_017_R02.png,SI,S,I,SI_017,17,2,PRESENT,1,0,MARK_PRESENT,1.0,27,N_MARKERS=27;XDISP=0.908;YDISP=0.913,FULL_AXES_RECT,59,34,945,616,7,11,Híbrida,1,1,SHA256_UNIQUE,SI_004_07_11.png,4
SI_017_R03.png,SI,S,I,SI_017,17,3,PRESENT,1,0,MARK_PRESENT,1.0,27,N_MARKERS=27;XDISP=0.908;YDISP=0.913,FULL_AXES_RECT,59,34,945,616,7,11,Híbrida,1,1,SHA256_UNIQUE,SI_004_07_11.png,4
SI_017_R04.png,SI,S,I,SI_017,17,4,PRESENT,1,0,MARK_PRESENT,1.0,27,N_MARKERS=27;XDISP=0.908;YDISP=0.913,FULL_AXES_RECT,59,34,945,616,7,11,Híbrida,1,1,SHA256_UNIQUE,SI_004_07_11.png,4
SI_017_R05.png,SI,S,I,SI_017,17,5,PRESENT,1,0,MARK_PRESENT,1.0,27,N_MARKERS=27;XDISP=0.908;YDISP=0.913,FULL_AXES_RECT,59,34,945,616,7,11,Híbrida,1,1,SHA256_UNIQUE,SI_004_07_11.png,4
SI_017_R06.png,SI,S,I,SI_017,17,6,PRESENT,1,0,MARK_PRESENT,1.0,27,N_MARKERS=27;XDISP=0.908;YDISP=0.913,FULL_AXES_RECT,59,34,945,616,7,11,Híbrida,1,1,SHA256_UNIQUE,SI_004_07_11.png,4
SI_017_R07.png,SI,S,I,SI_017,17,7,PRESENT,1,0,MARK_PRESENT,1.0,30,N_MARKERS=30;XDISP=0.954;YDISP=0.689,AXIS_PARTIAL,63,56,1128,741,7,11,Híbrida,1,1,SHA256_UNIQUE,SI_004_07_11.png,4
SI_017_R08.png,SI,S,I,SI_017,17,8,PRESENT,1,0,MARK_PRESENT,1.0,30,N_MARKERS=30;XDISP=0.954;YDISP=0.689,AXIS_PARTIAL,63,56,1128,741,7,11,Híbrida,1,1,SHA256_UNIQUE,SI_004_07_11.png,4
SI_017_R09.png,SI,S,I,SI_017,17,9,PRESENT,1,0,MARK_PRESENT,1.0,30,N_MARKERS=30;XDISP=0.954;YDISP=0.689,AXIS_PARTIAL,63,56,1128,741,7,11,Híbrida,1,1,SHA256_UNIQUE,SI_004_07_11.png,4
SI_017_R10.png,SI,S,I,SI_017,17,10,PRESENT,1,0,MARK_PRESENT,1.0,30,N_MARKERS=30;XDISP=0.954;YDISP=0.689,AXIS_PARTIAL,63,56,1128,741,7,11,Híbrida,1,1,SHA256_UNIQUE,SI_004_07_11.png,4
SI_018_R01.png,SI,S,I,SI_018,18,1,PRESENT,1,0,MARK_PRESENT,1.0,27,N_MARKERS=27;XDISP=0.945;YDISP=0.942,AXIS_PARTIAL,59,47,1044,616,8,11,Híbrida,1,1,SHA256_UNIQUE,SI_005_08_11.png,5
SI_018_R02.png,SI,S,I,SI_018,18,2,PRESENT,1,0,MARK_PRESENT,1.0,33,N_MARKERS=33;XDISP=0.956;YDISP=0.950,AXIS_PARTIAL,58,49,936,647,8,11,Híbrida,1,1,SHA256_UNIQUE,SI_005_08_11.png,5
SI_018_R03.png,SI,S,I,SI_018,18,3,PRESENT,1,0,MARK_PRESENT,1.0,33,N_MARKERS=33;XDISP=0.956;YDISP=0.950,AXIS_PARTIAL,58,49,936,647,8,11,Híbrida,1,1,SHA256_UNIQUE,SI_005_08_11.png,5
SI_018_R04.png,SI,S,I,SI_018,18,4,PRESENT,1,0,MARK_PRESENT,1.0,33,N_MARKERS=33;XDISP=0.956;YDISP=0.950,AXIS_PARTIAL,58,49,936,647,8,11,Híbrida,1,1,SHA256_UNIQUE,SI_005_08_11.png,5
SI_018_R05.png,SI,S,I,SI_018,18,5,PRESENT,1,0,MARK_PRESENT,1.0,33,N_MARKERS=33;XDISP=0.956;YDISP=0.950,AXIS_PARTIAL,58,49,936,647,8,11,Híbrida,1,1,SHA256_UNIQUE,SI_005_08_11.png,5
SI_018_R06.png,SI,S,I,SI_018,18,6,PRESENT,1,0,MARK_PRESENT,1.0,27,N_MARKERS=27;XDISP=0.908;YDISP=0.913,FULL_AXES_RECT,59,34,945,616,8,11,Híbrida,1,1,SHA256_UNIQUE,SI_005_08_11.png,5
SI_018_R07.png,SI,S,I,SI_018,18,7,PRESENT,1,0,MARK_PRESENT,1.0,30,N_MARKERS=30;XDISP=0.954;YDISP=0.689,AXIS_PARTIAL,63,56,1128,741,8,11,Híbrida,1,1,SHA256_UNIQUE,SI_005_08_11.png,5
SI_018_R08.png,SI,S,I,SI_018,18,8,PRESENT,1,0,MARK_PRESENT,1.0,30,N_MARKERS=30;XDISP=0.954;YDISP=0.689,AXIS_PARTIAL,63,56,1128,741,8,11,Híbrida,1,1,SHA256_UNIQUE,SI_005_08_11.png,5
SI_018_R09.png,SI,S,I,SI_018,18,9,PRESENT,1,0,MARK_PRESENT,1.0,30,N_MARKERS=30;XDISP=0.954;YDISP=0.689,AXIS_PARTIAL,63,56,1128,741,8,11,Híbrida,1,1,SHA256_UNIQUE,SI_005_08_11.png,5
SI_018_R10.png,SI,S,I,SI_018,18,10,PRESENT,1,0,MARK_PRESENT,1.0,30,N_MARKERS=30;XDISP=0.954;YDISP=0.689,AXIS_PARTIAL,63,56,1128,741,8,11,Híbrida,1,1,SHA256_UNIQUE,SI_005_08_11.png,5
SI_019_R01.png,SI,S,I,SI_019,19,1,PRESENT,1,0,MARK_PRESENT,1.0,25,N_MARKERS=25;XDISP=0.434;YDISP=0.932,AXIS_PARTIAL,59,47,1044,616,9,11,Híbrida,1,1,SHA256_UNIQUE,SI_006_09_11.png,6
SI_019_R02.png,SI,S,I,SI_019,19,2,PRESENT,1,0,MARK_PRESENT,1.0,28,N_MARKERS=28;XDISP=0.978;YDISP=0.712,FULL_AXES_RECT,58,33,986,647,9,11,Híbrida,1,1,SHA256_UNIQUE,SI_006_09_11.png,6
SI_019_R03.png,SI,S,I,SI_019,19,3,PRESENT,1,0,MARK_PRESENT,1.0,28,N_MARKERS=28;XDISP=0.978;YDISP=0.712,FULL_AXES_RECT,58,33,986,647,9,11,Híbrida,1,1,SHA256_UNIQUE,SI_006_09_11.png,6
SI_019_R04.png,SI,S,I,SI_019,19,4,PRESENT,1,0,MARK_PRESENT,1.0,28,N_MARKERS=28;XDISP=0.978;YDISP=0.712,FULL_AXES_RECT,58,33,986,647,9,11,Híbrida,1,1,SHA256_UNIQUE,SI_006_09_11.png,6
SI_019_R05.png,SI,S,I,SI_019,19,5,PRESENT,1,0,MARK_PRESENT,1.0,28,N_MARKERS=28;XDISP=0.978;YDISP=0.712,FULL_AXES_RECT,58,33,986,647,9,11,Híbrida,1,1,SHA256_UNIQUE,SI_006_09_11.png,6
SI_019_R06.png,SI,S,I,SI_019,19,6,PRESENT,1,0,MARK_PRESENT,1.0,28,N_MARKERS=28;XDISP=0.978;YDISP=0.712,FULL_AXES_RECT,58,33,986,647,9,11,Híbrida,1,1,SHA256_UNIQUE,SI_006_09_11.png,6
SI_019_R07.png,SI,S,I,SI_019,19,7,PRESENT,1,0,MARK_PRESENT,1.0,28,N_MARKERS=28;XDISP=0.978;YDISP=0.712,FULL_AXES_RECT,58,33,986,647,9,11,Híbrida,1,1,SHA256_UNIQUE,SI_006_09_11.png,6
SI_019_R08.png,SI,S,I,SI_019,19,8,PRESENT,1,0,MARK_PRESENT,1.0,28,N_MARKERS=28;XDISP=0.978;YDISP=0.712,FULL_AXES_RECT,58,33,986,647,9,11,Híbrida,1,1,SHA256_UNIQUE,SI_006_09_11.png,6
SI_019_R09.png,SI,S,I,SI_019,19,9,PRESENT,1,0,MARK_PRESENT,1.0,28,N_MARKERS=28;XDISP=0.978;YDISP=0.712,FULL_AXES_RECT,58,33,986,647,9,11,Híbrida,1,1,SHA256_UNIQUE,SI_006_09_11.png,6
SI_019_R10.png,SI,S,I,SI_019,19,10,PRESENT,1,0,MARK_PRESENT,1.0,28,N_MARKERS=28;XDISP=0.978;YDISP=0.712,FULL_AXES_RECT,58,33,986,647,9,11,Híbrida,1,1,SHA256_UNIQUE,SI_006_09_11.png,6
SI_020_R01.png,SI,S,I,SI_020,20,1,PRESENT,1,0,MARK_PRESENT,1.0,25,N_MARKERS=25;XDISP=0.978;YDISP=0.708,FULL_AXES_RECT,59,34,1101,616,10,11,Híbrida,1,1,SHA256_UNIQUE,SI_007_10_11.png,7
SI_020_R02.png,SI,S,I,SI_020,20,2,PRESENT,1,0,MARK_PRESENT,1.0,57,N_MARKERS=57;XDISP=0.853;YDISP=0.935,AXIS_PARTIAL,58,49,936,647,10,11,Híbrida,1,1,SHA256_UNIQUE,SI_007_10_11.png,7
SI_020_R03.png,SI,S,I,SI_020,20,3,PRESENT,1,0,MARK_PRESENT,1.0,57,N_MARKERS=57;XDISP=0.853;YDISP=0.935,AXIS_PARTIAL,58,49,936,647,10,11,Híbrida,1,1,SHA256_UNIQUE,SI_007_10_11.png,7
SI_020_R04.png,SI,S,I,SI_020,20,4,PRESENT,1,0,MARK_PRESENT,1.0,57,N_MARKERS=57;XDISP=0.853;YDISP=0.935,AXIS_PARTIAL,58,49,936,647,10,11,Híbrida,1,1,SHA256_UNIQUE,SI_007_10_11.png,7
SI_020_R05.png,SI,S,I,SI_020,20,5,PRESENT,1,0,MARK_PRESENT,1.0,57,N_MARKERS=57;XDISP=0.853;YDISP=0.935,AXIS_PARTIAL,58,49,936,647,10,11,Híbrida,1,1,SHA256_UNIQUE,SI_007_10_11.png,7
SI_020_R06.png,SI,S,I,SI_020,20,6,PRESENT,1,0,MARK_PRESENT,1.0,57,N_MARKERS=57;XDISP=0.853;YDISP=0.935,AXIS_PARTIAL,58,49,936,647,10,11,Híbrida,1,1,SHA256_UNIQUE,SI_007_10_11.png,7
SI_020_R07.png,SI,S,I,SI_020,20,7,PRESENT,1,0,MARK_PRESENT,1.0,30,N_MARKERS=30;XDISP=0.954;YDISP=0.689,AXIS_PARTIAL,63,56,1128,741,10,11,Híbrida,1,1,SHA256_UNIQUE,SI_007_10_11.png,7
SI_020_R08.png,SI,S,I,SI_020,20,8,PRESENT,1,0,MARK_PRESENT,1.0,30,N_MARKERS=30;XDISP=0.954;YDISP=0.689,AXIS_PARTIAL,63,56,1128,741,10,11,Híbrida,1,1,SHA256_UNIQUE,SI_007_10_11.png,7
SI_020_R09.png,SI,S,I,SI_020,20,9,PRESENT,1,0,MARK_PRESENT,1.0,30,N_MARKERS=30;XDISP=0.954;YDISP=0.689,AXIS_PARTIAL,63,56,1128,741,10,11,Híbrida,1,1,SHA256_UNIQUE,SI_007_10_11.png,7
SI_020_R10.png,SI,S,I,SI_020,20,10,PRESENT,1,0,MARK_PRESENT,1.0,30,N_MARKERS=30;XDISP=0.954;YDISP=0.689,AXIS_PARTIAL,63,56,1128,741,10,11,Híbrida,1,1,SHA256_UNIQUE,SI_007_10_11.png,7
SI_021_R01.png,SI,S,I,SI_021,21,1,PRESENT,1,0,MARK_PRESENT,1.0,48,N_MARKERS=48;XDISP=0.847;YDISP=0.932,AXIS_PARTIAL,59,55,1118,735,11,11,Híbrida,1,1,SHA256_UNIQUE,SI_008_11_11.png,8
SI_021_R02.png,SI,S,I,SI_021,21,2,PRESENT,1,0,MARK_PRESENT,1.0,27,N_MARKERS=27;XDISP=0.430;YDISP=0.937,AXIS_PARTIAL,58,49,936,647,11,11,Híbrida,1,1,SHA256_UNIQUE,SI_008_11_11.png,8
SI_021_R03.png,SI,S,I,SI_021,21,3,PRESENT,1,0,MARK_PRESENT,1.0,27,N_MARKERS=27;XDISP=0.430;YDISP=0.937,AXIS_PARTIAL,58,49,936,647,11,11,Híbrida,1,1,SHA256_UNIQUE,SI_008_11_11.png,8
SI_021_R04.png,SI,S,I,SI_021,21,4,PRESENT,1,0,MARK_PRESENT,1.0,27,N_MARKERS=27;XDISP=0.430;YDISP=0.937,AXIS_PARTIAL,58,49,936,647,11,11,Híbrida,1,1,SHA256_UNIQUE,SI_008_11_11.png,8
SI_021_R05.png,SI,S,I,SI_021,21,5,PRESENT,1,0,MARK_PRESENT,1.0,27,N_MARKERS=27;XDISP=0.430;YDISP=0.937,AXIS_PARTIAL,58,49,936,647,11,11,Híbrida,1,1,SHA256_UNIQUE,SI_008_11_11.png,8
SI_021_R06.png,SI,S,I,SI_021,21,6,PRESENT,1,0,MARK_PRESENT,1.0,27,N_MARKERS=27;XDISP=0.430;YDISP=0.937,AXIS_PARTIAL,58,49,936,647,11,11,Híbrida,1,1,SHA256_UNIQUE,SI_008_11_11.png,8
SI_021_R07.png,SI,S,I,SI_021,21,7,PRESENT,1,0,MARK_PRESENT,1.0,27,N_MARKERS=27;XDISP=0.430;YDISP=0.937,AXIS_PARTIAL,58,49,936,647,11,11,Híbrida,1,1,SHA256_UNIQUE,SI_008_11_11.png,8
SI_021_R08.png,SI,S,I,SI_021,21,8,PRESENT,1,0,MARK_PRESENT,1.0,27,N_MARKERS=27;XDISP=0.430;YDISP=0.937,AXIS_PARTIAL,58,49,936,647,11,11,Híbrida,1,1,SHA256_UNIQUE,SI_008_11_11.png,8
SI_021_R09.png,SI,S,I,SI_021,21,9,PRESENT,1,0,MARK_PRESENT,1.0,27,N_MARKERS=27;XDISP=0.430;YDISP=0.937,AXIS_PARTIAL,58,49,936,647,11,11,Híbrida,1,1,SHA256_UNIQUE,SI_008_11_11.png,8
SI_021_R10.png,SI,S,I,SI_021,21,10,PRESENT,1,0,MARK_PRESENT,1.0,27,N_MARKERS=27;XDISP=0.430;YDISP=0.937,AXIS_PARTIAL,58,49,936,647,11,11,Híbrida,1,1,SHA256_UNIQUE,SI_008_11_11.png,8
SI_022_R01.png,SI,S,I,SI_022,22,1,PRESENT,1,0,MARK_PRESENT,1.0,25,N_MARKERS=25;XDISP=0.434;YDISP=0.932,AXIS_PARTIAL,59,47,1044,616,12,11,Híbrida,1,1,SHA256_UNIQUE,SI_009_12_11.png,9
SI_022_R02.png,SI,S,I,SI_022,22,2,PRESENT,1,0,MARK_PRESENT,1.0,28,N_MARKERS=28;XDISP=0.910;YDISP=0.915,FULL_AXES_RECT,98,98,1138,678,12,11,Híbrida,1,1,SHA256_UNIQUE,SI_009_12_11.png,9
SI_022_R03.png,SI,S,I,SI_022,22,3,PRESENT,1,0,MARK_PRESENT,1.0,28,N_MARKERS=28;XDISP=0.910;YDISP=0.915,FULL_AXES_RECT,98,98,1138,678,12,11,Híbrida,1,1,SHA256_UNIQUE,SI_009_12_11.png,9
SI_022_R04.png,SI,S,I,SI_022,22,4,PRESENT,1,0,MARK_PRESENT,1.0,28,N_MARKERS=28;XDISP=0.910;YDISP=0.915,FULL_AXES_RECT,98,98,1138,678,12,11,Híbrida,1,1,SHA256_UNIQUE,SI_009_12_11.png,9
SI_022_R05.png,SI,S,I,SI_022,22,5,PRESENT,1,0,MARK_PRESENT,1.0,28,N_MARKERS=28;XDISP=0.910;YDISP=0.915,FULL_AXES_RECT,98,98,1138,678,12,11,Híbrida,1,1,SHA256_UNIQUE,SI_009_12_11.png,9
SI_022_R06.png,SI,S,I,SI_022,22,6,PRESENT,1,0,MARK_PRESENT,1.0,28,N_MARKERS=28;XDISP=0.910;YDISP=0.915,FULL_AXES_RECT,98,98,1138,678,12,11,Híbrida,1,1,SHA256_UNIQUE,SI_009_12_11.png,9
SI_022_R07.png,SI,S,I,SI_022,22,7,PRESENT,1,0,MARK_PRESENT,1.0,28,N_MARKERS=28;XDISP=0.910;YDISP=0.915,FULL_AXES_RECT,98,98,1138,678,12,11,Híbrida,1,1,SHA256_UNIQUE,SI_009_12_11.png,9
SI_022_R08.png,SI,S,I,SI_022,22,8,PRESENT,1,0,MARK_PRESENT,1.0,28,N_MARKERS=28;XDISP=0.910;YDISP=0.915,FULL_AXES_RECT,98,98,1138,678,12,11,Híbrida,1,1,SHA256_UNIQUE,SI_009_12_11.png,9
SI_022_R09.png,SI,S,I,SI_022,22,9,PRESENT,1,0,MARK_PRESENT,1.0,28,N_MARKERS=28;XDISP=0.910;YDISP=0.915,FULL_AXES_RECT,98,98,1138,678,12,11,Híbrida,1,1,SHA256_UNIQUE,SI_009_12_11.png,9
SI_022_R10.png,SI,S,I,SI_022,22,10,PRESENT,1,0,MARK_PRESENT,1.0,28,N_MARKERS=28;XDISP=0.910;YDISP=0.915,FULL_AXES_RECT,98,98,1138,678,12,11,Híbrida,1,1,SHA256_UNIQUE,SI_009_12_11.png,9
SI_023_R01.png,SI,S,I,SI_023,23,1,PRESENT,1,0,MARK_PRESENT,1.0,31,N_MARKERS=31;XDISP=0.910;YDISP=0.902,FULL_AXES_RECT,59,34,1101,616,13,11,Híbrida,1,1,SHA256_UNIQUE,SI_010_13_11.png,10
SI_023_R02.png,SI,S,I,SI_023,23,2,PRESENT,1,0,MARK_PRESENT,1.0,26,N_MARKERS=26;XDISP=0.905;YDISP=0.814,FULL_AXES_RECT,98,98,1138,678,13,11,Híbrida,1,1,SHA256_UNIQUE,SI_010_13_11.png,10
SI_023_R03.png,SI,S,I,SI_023,23,3,PRESENT,1,0,MARK_PRESENT,1.0,26,N_MARKERS=26;XDISP=0.905;YDISP=0.814,FULL_AXES_RECT,98,98,1138,678,13,11,Híbrida,1,1,SHA256_UNIQUE,SI_010_13_11.png,10
SI_023_R04.png,SI,S,I,SI_023,23,4,PRESENT,1,0,MARK_PRESENT,1.0,26,N_MARKERS=26;XDISP=0.905;YDISP=0.814,FULL_AXES_RECT,98,98,1138,678,13,11,Híbrida,1,1,SHA256_UNIQUE,SI_010_13_11.png,10
SI_023_R05.png,SI,S,I,SI_023,23,5,PRESENT,1,0,MARK_PRESENT,1.0,26,N_MARKERS=26;XDISP=0.905;YDISP=0.814,FULL_AXES_RECT,98,98,1138,678,13,11,Híbrida,1,1,SHA256_UNIQUE,SI_010_13_11.png,10
SI_023_R06.png,SI,S,I,SI_023,23,6,PRESENT,1,0,MARK_PRESENT,1.0,26,N_MARKERS=26;XDISP=0.905;YDISP=0.814,FULL_AXES_RECT,98,98,1138,678,13,11,Híbrida,1,1,SHA256_UNIQUE,SI_010_13_11.png,10
SI_023_R07.png,SI,S,I,SI_023,23,7,PRESENT,1,0,MARK_PRESENT,1.0,26,N_MARKERS=26;XDISP=0.905;YDISP=0.814,FULL_AXES_RECT,98,98,1138,678,13,11,Híbrida,1,1,SHA256_UNIQUE,SI_010_13_11.png,10
SI_023_R08.png,SI,S,I,SI_023,23,8,PRESENT,1,0,MARK_PRESENT,1.0,26,N_MARKERS=26;XDISP=0.905;YDISP=0.814,FULL_AXES_RECT,98,98,1138,678,13,11,Híbrida,1,1,SHA256_UNIQUE,SI_010_13_11.png,10
SI_023_R09.png,SI,S,I,SI_023,23,9,PRESENT,1,0,MARK_PRESENT,1.0,26,N_MARKERS=26;XDISP=0.905;YDISP=0.814,FULL_AXES_RECT,98,98,1138,678,13,11,Híbrida,1,1,SHA256_UNIQUE,SI_010_13_11.png,10
SI_023_R10.png,SI,S,I,SI_023,23,10,PRESENT,1,0,MARK_PRESENT,1.0,26,N_MARKERS=26;XDISP=0.905;YDISP=0.814,FULL_AXES_RECT,98,98,1138,678,13,11,Híbrida,1,1,SHA256_UNIQUE,SI_010_13_11.png,10
SI_024_R01.png,SI,S,I,SI_024,24,1,PRESENT,1,0,MARK_PRESENT,1.0,25,N_MARKERS=25;XDISP=0.978;YDISP=0.708,FULL_AXES_RECT,59,34,1101,616,14,11,Híbrida,1,1,SHA256_UNIQUE,SI_011_14_11.png,11
SI_024_R02.png,SI,S,I,SI_024,24,2,PRESENT,1,0,MARK_PRESENT,1.0,28,N_MARKERS=28;XDISP=0.910;YDISP=0.915,FULL_AXES_RECT,98,98,1138,678,14,11,Híbrida,1,1,SHA256_UNIQUE,SI_011_14_11.png,11
SI_024_R03.png,SI,S,I,SI_024,24,3,PRESENT,1,0,MARK_PRESENT,1.0,28,N_MARKERS=28;XDISP=0.910;YDISP=0.915,FULL_AXES_RECT,98,98,1138,678,14,11,Híbrida,1,1,SHA256_UNIQUE,SI_011_14_11.png,11
SI_024_R04.png,SI,S,I,SI_024,24,4,PRESENT,1,0,MARK_PRESENT,1.0,28,N_MARKERS=28;XDISP=0.910;YDISP=0.915,FULL_AXES_RECT,98,98,1138,678,14,11,Híbrida,1,1,SHA256_UNIQUE,SI_011_14_11.png,11
SI_024_R05.png,SI,S,I,SI_024,24,5,PRESENT,1,0,MARK_PRESENT,1.0,28,N_MARKERS=28;XDISP=0.910;YDISP=0.915,FULL_AXES_RECT,98,98,1138,678,14,11,Híbrida,1,1,SHA256_UNIQUE,SI_011_14_11.png,11
SI_024_R06.png,SI,S,I,SI_024,24,6,PRESENT,1,0,MARK_PRESENT,1.0,28,N_MARKERS=28;XDISP=0.910;YDISP=0.915,FULL_AXES_RECT,98,98,1138,678,14,11,Híbrida,1,1,SHA256_UNIQUE,SI_011_14_11.png,11
SI_024_R07.png,SI,S,I,SI_024,24,7,PRESENT,1,0,MARK_PRESENT,1.0,28,N_MARKERS=28;XDISP=0.910;YDISP=0.915,FULL_AXES_RECT,98,98,1138,678,14,11,Híbrida,1,1,SHA256_UNIQUE,SI_011_14_11.png,11
SI_024_R08.png,SI,S,I,SI_024,24,8,PRESENT,1,0,MARK_PRESENT,1.0,28,N_MARKERS=28;XDISP=0.910;YDISP=0.915,FULL_AXES_RECT,98,98,1138,678,14,11,Híbrida,1,1,SHA256_UNIQUE,SI_011_14_11.png,11
SI_024_R09.png,SI,S,I,SI_024,24,9,PRESENT,1,0,MARK_PRESENT,1.0,28,N_MARKERS=28;XDISP=0.910;YDISP=0.915,FULL_AXES_RECT,98,98,1138,678,14,11,Híbrida,1,1,SHA256_UNIQUE,SI_011_14_11.png,11
SI_024_R10.png,SI,S,I,SI_024,24,10,PRESENT,1,0,MARK_PRESENT,1.0,28,N_MARKERS=28;XDISP=0.910;YDISP=0.915,FULL_AXES_RECT,98,98,1138,678,14,11,Híbrida,1,1,SHA256_UNIQUE,SI_011_14_11.png,11
SI_025_R01.png,SI,S,I,SI_025,25,1,PRESENT,1,0,MARK_PRESENT,1.0,25,N_MARKERS=25;XDISP=0.434;YDISP=0.932,AXIS_PARTIAL,59,47,1044,616,15,11,Híbrida,1,1,SHA256_UNIQUE,SI_012_15_11.png,12
SI_025_R02.png,SI,S,I,SI_025,25,2,PRESENT,1,0,MARK_PRESENT,1.0,26,N_MARKERS=26;XDISP=0.905;YDISP=0.814,FULL_AXES_RECT,98,98,1138,678,15,11,Híbrida,1,1,SHA256_UNIQUE,SI_012_15_11.png,12
SI_025_R03.png,SI,S,I,SI_025,25,3,PRESENT,1,0,MARK_PRESENT,1.0,26,N_MARKERS=26;XDISP=0.905;YDISP=0.814,FULL_AXES_RECT,98,98,1138,678,15,11,Híbrida,1,1,SHA256_UNIQUE,SI_012_15_11.png,12
SI_025_R04.png,SI,S,I,SI_025,25,4,PRESENT,1,0,MARK_PRESENT,1.0,26,N_MARKERS=26;XDISP=0.905;YDISP=0.814,FULL_AXES_RECT,98,98,1138,678,15,11,Híbrida,1,1,SHA256_UNIQUE,SI_012_15_11.png,12
SI_025_R05.png,SI,S,I,SI_025,25,5,PRESENT,1,0,MARK_PRESENT,1.0,28,N_MARKERS=28;XDISP=0.910;YDISP=0.915,FULL_AXES_RECT,98,98,1138,678,15,11,Híbrida,1,1,SHA256_UNIQUE,SI_012_15_11.png,12
SI_025_R06.png,SI,S,I,SI_025,25,6,PRESENT,1,0,MARK_PRESENT,1.0,28,N_MARKERS=28;XDISP=0.910;YDISP=0.915,FULL_AXES_RECT,98,98,1138,678,15,11,Híbrida,1,1,SHA256_UNIQUE,SI_012_15_11.png,12
SI_025_R07.png,SI,S,I,SI_025,25,7,PRESENT,1,0,MARK_PRESENT,1.0,28,N_MARKERS=28;XDISP=0.910;YDISP=0.915,FULL_AXES_RECT,98,98,1138,678,15,11,Híbrida,1,1,SHA256_UNIQUE,SI_012_15_11.png,12
SI_025_R08.png,SI,S,I,SI_025,25,8,PRESENT,1,0,MARK_PRESENT,1.0,28,N_MARKERS=28;XDISP=0.910;YDISP=0.915,FULL_AXES_RECT,98,98,1138,678,15,11,Híbrida,1,1,SHA256_UNIQUE,SI_012_15_11.png,12
SI_025_R09.png,SI,S,I,SI_025,25,9,PRESENT,1,0,MARK_PRESENT,1.0,28,N_MARKERS=28;XDISP=0.910;YDISP=0.915,FULL_AXES_RECT,98,98,1138,678,15,11,Híbrida,1,1,SHA256_UNIQUE,SI_012_15_11.png,12
SI_025_R10.png,SI,S,I,SI_025,25,10,PRESENT,1,0,MARK_PRESENT,1.0,28,N_MARKERS=28;XDISP=0.910;YDISP=0.915,FULL_AXES_RECT,98,98,1138,678,15,11,Híbrida,1,1,SHA256_UNIQUE,SI_012_15_11.png,12
SI_026_R01.png,SI,S,I,SI_026,26,1,PRESENT,1,0,MARK_PRESENT,1.0,25,N_MARKERS=25;XDISP=0.434;YDISP=0.932,AXIS_PARTIAL,59,47,1044,616,16,11,Híbrida,1,1,SHA256_UNIQUE,SI_013_16_11.png,13
SI_026_R02.png,SI,S,I,SI_026,26,2,PRESENT,1,0,MARK_PRESENT,1.0,28,N_MARKERS=28;XDISP=0.910;YDISP=0.915,FULL_AXES_RECT,98,98,1138,678,16,11,Híbrida,1,1,SHA256_UNIQUE,SI_013_16_11.png,13
SI_026_R03.png,SI,S,I,SI_026,26,3,PRESENT,1,0,MARK_PRESENT,1.0,28,N_MARKERS=28;XDISP=0.910;YDISP=0.915,FULL_AXES_RECT,98,98,1138,678,16,11,Híbrida,1,1,SHA256_UNIQUE,SI_013_16_11.png,13
SI_026_R04.png,SI,S,I,SI_026,26,4,PRESENT,1,0,MARK_PRESENT,1.0,28,N_MARKERS=28;XDISP=0.910;YDISP=0.915,FULL_AXES_RECT,98,98,1138,678,16,11,Híbrida,1,1,SHA256_UNIQUE,SI_013_16_11.png,13
SI_026_R05.png,SI,S,I,SI_026,26,5,PRESENT,1,0,MARK_PRESENT,1.0,28,N_MARKERS=28;XDISP=0.910;YDISP=0.915,FULL_AXES_RECT,98,98,1138,678,16,11,Híbrida,1,1,SHA256_UNIQUE,SI_013_16_11.png,13
SI_026_R06.png,SI,S,I,SI_026,26,6,PRESENT,1,0,MARK_PRESENT,1.0,28,N_MARKERS=28;XDISP=0.978;YDISP=0.712,FULL_AXES_RECT,58,33,986,647,16,11,Híbrida,1,1,SHA256_UNIQUE,SI_013_16_11.png,13
SI_026_R07.png,SI,S,I,SI_026,26,7,PRESENT,1,0,MARK_PRESENT,1.0,28,N_MARKERS=28;XDISP=0.978;YDISP=0.712,FULL_AXES_RECT,58,33,986,647,16,11,Híbrida,1,1,SHA256_UNIQUE,SI_013_16_11.png,13
SI_026_R08.png,SI,S,I,SI_026,26,8,PRESENT,1,0,MARK_PRESENT,1.0,26,N_MARKERS=26;XDISP=0.905;YDISP=0.814,FULL_AXES_RECT,98,98,1138,678,16,11,Híbrida,1,1,SHA256_UNIQUE,SI_013_16_11.png,13
SI_026_R09.png,SI,S,I,SI_026,26,9,PRESENT,1,0,MARK_PRESENT,1.0,26,N_MARKERS=26;XDISP=0.905;YDISP=0.814,FULL_AXES_RECT,98,98,1138,678,16,11,Híbrida,1,1,SHA256_UNIQUE,SI_013_16_11.png,13
SI_026_R10.png,SI,S,I,SI_026,26,10,PRESENT,1,0,MARK_PRESENT,1.0,26,N_MARKERS=26;XDISP=0.905;YDISP=0.814,FULL_AXES_RECT,98,98,1138,678,16,11,Híbrida,1,1,SHA256_UNIQUE,SI_013_16_11.png,13
SI_027_R01.png,SI,S,I,SI_027,27,1,PRESENT,1,0,MARK_PRESENT,1.0,23,N_MARKERS=23;XDISP=0.434;YDISP=0.684,AXIS_PARTIAL,59,47,1044,616,1,01,VQL,0,1,SHA256_UNIQUE,SI_013_01_01.png,13
SI_027_R02.png,SI,S,I,SI_027,27,2,PRESENT,1,0,MARK_PRESENT,1.0,29,N_MARKERS=29;XDISP=0.971;YDISP=0.681,AXIS_PARTIAL,63,56,1128,741,1,01,VQL,0,1,SHA256_UNIQUE,SI_013_01_01.png,13
SI_027_R03.png,SI,S,I,SI_027,27,3,PRESENT,1,0,MARK_PRESENT,1.0,28,N_MARKERS=28;XDISP=0.971;YDISP=0.681,AXIS_PARTIAL,63,56,1128,741,1,01,VQL,0,1,SHA256_UNIQUE,SI_013_01_01.png,13
SI_027_R04.png,SI,S,I,SI_027,27,4,PRESENT,1,0,MARK_PRESENT,1.0,28,N_MARKERS=28;XDISP=0.970;YDISP=0.682,AXIS_PARTIAL,63,56,1128,741,1,01,VQL,0,1,SHA256_UNIQUE,SI_013_01_01.png,13
SI_027_R05.png,SI,S,I,SI_027,27,5,PRESENT,1,0,MARK_PRESENT,1.0,28,N_MARKERS=28;XDISP=0.970;YDISP=0.682,AXIS_PARTIAL,63,56,1128,741,1,01,VQL,0,1,SHA256_UNIQUE,SI_013_01_01.png,13
SI_027_R06.png,SI,S,I,SI_027,27,6,PRESENT,1,0,MARK_PRESENT,1.0,29,N_MARKERS=29;XDISP=0.970;YDISP=0.682,AXIS_PARTIAL,63,56,1128,741,1,01,VQL,0,1,SHA256_UNIQUE,SI_013_01_01.png,13
SI_027_R07.png,SI,S,I,SI_027,27,7,PRESENT,1,0,MARK_PRESENT,1.0,27,N_MARKERS=27;XDISP=0.970;YDISP=0.682,AXIS_PARTIAL,63,56,1128,741,1,01,VQL,0,1,SHA256_UNIQUE,SI_013_01_01.png,13
SI_027_R08.png,SI,S,I,SI_027,27,8,PRESENT,1,0,MARK_PRESENT,1.0,26,N_MARKERS=26;XDISP=0.970;YDISP=0.682,AXIS_PARTIAL,63,56,1128,741,1,01,VQL,0,1,SHA256_UNIQUE,SI_013_01_01.png,13
SI_027_R09.png,SI,S,I,SI_027,27,9,PRESENT,1,0,MARK_PRESENT,1.0,28,N_MARKERS=28;XDISP=0.970;YDISP=0.682,AXIS_PARTIAL,63,56,1128,741,1,01,VQL,0,1,SHA256_UNIQUE,SI_013_01_01.png,13
SI_027_R10.png,SI,S,I,SI_027,27,10,PRESENT,1,0,MARK_PRESENT,1.0,26,N_MARKERS=26;XDISP=0.970;YDISP=0.682,AXIS_PARTIAL,63,56,1128,741,1,01,VQL,0,1,SHA256_UNIQUE,SI_013_01_01.png,13
SI_028_R01.png,SI,S,I,SI_028,28,1,PRESENT,1,0,MARK_PRESENT,1.0,27,N_MARKERS=27;XDISP=0.941;YDISP=0.940,AXIS_PARTIAL,59,47,1044,616,4,01,VQL,0,1,SHA256_UNIQUE,SI_001_04_01.png,1
SI_028_R02.png,SI,S,I,SI_028,28,2,PRESENT,1,0,MARK_PRESENT,1.0,27,N_MARKERS=27;XDISP=0.959;YDISP=0.936,AXIS_PARTIAL,59,47,1044,616,4,01,VQL,0,1,SHA256_UNIQUE,SI_001_04_01.png,1
SI_028_R03.png,SI,S,I,SI_028,28,3,PRESENT,1,0,MARK_PRESENT,1.0,27,N_MARKERS=27;XDISP=0.959;YDISP=0.936,AXIS_PARTIAL,59,47,1044,616,4,01,VQL,0,1,SHA256_UNIQUE,SI_001_04_01.png,1
SI_028_R04.png,SI,S,I,SI_028,28,4,PRESENT,1,0,MARK_PRESENT,1.0,27,N_MARKERS=27;XDISP=0.959;YDISP=0.936,AXIS_PARTIAL,59,47,1044,616,4,01,VQL,0,1,SHA256_UNIQUE,SI_001_04_01.png,1
SI_028_R05.png,SI,S,I,SI_028,28,5,PRESENT,1,0,MARK_PRESENT,1.0,27,N_MARKERS=27;XDISP=0.959;YDISP=0.936,AXIS_PARTIAL,59,47,1044,616,4,01,VQL,0,1,SHA256_UNIQUE,SI_001_04_01.png,1
SI_028_R06.png,SI,S,I,SI_028,28,6,PRESENT,1,0,MARK_PRESENT,1.0,27,N_MARKERS=27;XDISP=0.959;YDISP=0.936,AXIS_PARTIAL,59,47,1044,616,4,01,VQL,0,1,SHA256_UNIQUE,SI_001_04_01.png,1
SI_028_R07.png,SI,S,I,SI_028,28,7,PRESENT,1,0,MARK_PRESENT,1.0,27,N_MARKERS=27;XDISP=0.959;YDISP=0.936,AXIS_PARTIAL,59,47,1044,616,4,01,VQL,0,1,SHA256_UNIQUE,SI_001_04_01.png,1
SI_028_R08.png,SI,S,I,SI_028,28,8,PRESENT,1,0,MARK_PRESENT,1.0,27,N_MARKERS=27;XDISP=0.959;YDISP=0.936,AXIS_PARTIAL,59,47,1044,616,4,01,VQL,0,1,SHA256_UNIQUE,SI_001_04_01.png,1
SI_028_R09.png,SI,S,I,SI_028,28,9,PRESENT,1,0,MARK_PRESENT,1.0,27,N_MARKERS=27;XDISP=0.959;YDISP=0.936,AXIS_PARTIAL,59,47,1044,616,4,01,VQL,0,1,SHA256_UNIQUE,SI_001_04_01.png,1
SI_028_R10.png,SI,S,I,SI_028,28,10,PRESENT,1,0,MARK_PRESENT,1.0,27,N_MARKERS=27;XDISP=0.959;YDISP=0.936,AXIS_PARTIAL,59,47,1044,616,4,01,VQL,0,1,SHA256_UNIQUE,SI_001_04_01.png,1
SI_029_R01.png,SI,S,I,SI_029,29,1,PRESENT,1,0,MARK_PRESENT,1.0,47,N_MARKERS=47;XDISP=0.848;YDISP=0.925,AXIS_PARTIAL,59,47,1044,616,6,01,VQL,0,1,SHA256_UNIQUE,SI_002_06_01.png,2
SI_029_R02.png,SI,S,I,SI_029,29,2,PRESENT,1,0,MARK_PRESENT,1.0,45,N_MARKERS=45;XDISP=0.890;YDISP=0.860,FULL_AXES_RECT,59,34,945,616,6,01,VQL,0,1,SHA256_UNIQUE,SI_002_06_01.png,2
SI_029_R03.png,SI,S,I,SI_029,29,3,PRESENT,1,0,MARK_PRESENT,1.0,45,N_MARKERS=45;XDISP=0.890;YDISP=0.860,FULL_AXES_RECT,59,34,945,616,6,01,VQL,0,1,SHA256_UNIQUE,SI_002_06_01.png,2
SI_029_R04.png,SI,S,I,SI_029,29,4,PRESENT,1,0,MARK_PRESENT,1.0,45,N_MARKERS=45;XDISP=0.890;YDISP=0.860,FULL_AXES_RECT,59,34,945,616,6,01,VQL,0,1,SHA256_UNIQUE,SI_002_06_01.png,2
SI_029_R05.png,SI,S,I,SI_029,29,5,PRESENT,1,0,MARK_PRESENT,1.0,45,N_MARKERS=45;XDISP=0.890;YDISP=0.860,FULL_AXES_RECT,59,34,945,616,6,01,VQL,0,1,SHA256_UNIQUE,SI_002_06_01.png,2
SI_029_R06.png,SI,S,I,SI_029,29,6,PRESENT,1,0,MARK_PRESENT,1.0,45,N_MARKERS=45;XDISP=0.890;YDISP=0.860,FULL_AXES_RECT,59,34,945,616,6,01,VQL,0,1,SHA256_UNIQUE,SI_002_06_01.png,2
SI_029_R07.png,SI,S,I,SI_029,29,7,PRESENT,1,0,MARK_PRESENT,1.0,45,N_MARKERS=45;XDISP=0.890;YDISP=0.860,FULL_AXES_RECT,59,34,945,616,6,01,VQL,0,1,SHA256_UNIQUE,SI_002_06_01.png,2
SI_029_R08.png,SI,S,I,SI_029,29,8,PRESENT,1,0,MARK_PRESENT,1.0,45,N_MARKERS=45;XDISP=0.890;YDISP=0.860,FULL_AXES_RECT,59,34,945,616,6,01,VQL,0,1,SHA256_UNIQUE,SI_002_06_01.png,2
SI_029_R09.png,SI,S,I,SI_029,29,9,PRESENT,1,0,MARK_PRESENT,1.0,45,N_MARKERS=45;XDISP=0.890;YDISP=0.860,FULL_AXES_RECT,59,34,945,616,6,01,VQL,0,1,SHA256_UNIQUE,SI_002_06_01.png,2
SI_029_R10.png,SI,S,I,SI_029,29,10,PRESENT,1,0,MARK_PRESENT,1.0,45,N_MARKERS=45;XDISP=0.890;YDISP=0.860,FULL_AXES_RECT,59,34,945,616,6,01,VQL,0,1,SHA256_UNIQUE,SI_002_06_01.png,2
SI_030_R01.png,SI,S,I,SI_030,30,1,PRESENT,1,0,MARK_PRESENT,1.0,27,N_MARKERS=27;XDISP=0.911;YDISP=0.911,FULL_AXES_RECT,58,33,986,647,7,01,VQL,0,1,SHA256_UNIQUE,SI_003_07_01.png,3
SI_030_R02.png,SI,S,I,SI_030,30,2,PRESENT,1,0,MARK_PRESENT,1.0,28,N_MARKERS=28;XDISP=0.907;YDISP=0.913,FULL_AXES_RECT,59,34,1101,616,7,01,VQL,0,1,SHA256_UNIQUE,SI_003_07_01.png,3
SI_030_R03.png,SI,S,I,SI_030,30,3,PRESENT,1,0,MARK_PRESENT,1.0,28,N_MARKERS=28;XDISP=0.907;YDISP=0.913,FULL_AXES_RECT,59,34,1101,616,7,01,VQL,0,1,SHA256_UNIQUE,SI_003_07_01.png,3
SI_030_R04.png,SI,S,I,SI_030,30,4,PRESENT,1,0,MARK_PRESENT,1.0,28,N_MARKERS=28;XDISP=0.907;YDISP=0.913,FULL_AXES_RECT,59,34,1101,616,7,01,VQL,0,1,SHA256_UNIQUE,SI_003_07_01.png,3
SI_030_R05.png,SI,S,I,SI_030,30,5,PRESENT,1,0,MARK_PRESENT,1.0,28,N_MARKERS=28;XDISP=0.907;YDISP=0.913,FULL_AXES_RECT,59,34,1101,616,7,01,VQL,0,1,SHA256_UNIQUE,SI_003_07_01.png,3
SI_030_R06.png,SI,S,I,SI_030,30,6,PRESENT,1,0,MARK_PRESENT,1.0,28,N_MARKERS=28;XDISP=0.907;YDISP=0.913,FULL_AXES_RECT,59,34,1101,616,7,01,VQL,0,1,SHA256_UNIQUE,SI_003_07_01.png,3
SI_030_R07.png,SI,S,I,SI_030,30,7,PRESENT,1,0,MARK_PRESENT,1.0,28,N_MARKERS=28;XDISP=0.907;YDISP=0.913,FULL_AXES_RECT,59,34,1101,616,7,01,VQL,0,1,SHA256_UNIQUE,SI_003_07_01.png,3
SI_030_R08.png,SI,S,I,SI_030,30,8,PRESENT,1,0,MARK_PRESENT,1.0,28,N_MARKERS=28;XDISP=0.907;YDISP=0.913,FULL_AXES_RECT,59,34,1101,616,7,01,VQL,0,1,SHA256_UNIQUE,SI_003_07_01.png,3
SI_030_R09.png,SI,S,I,SI_030,30,9,PRESENT,1,0,MARK_PRESENT,1.0,28,N_MARKERS=28;XDISP=0.907;YDISP=0.913,FULL_AXES_RECT,59,34,1101,616,7,01,VQL,0,1,SHA256_UNIQUE,SI_003_07_01.png,3
SI_030_R10.png,SI,S,I,SI_030,30,10,PRESENT,1,0,MARK_PRESENT,1.0,28,N_MARKERS=28;XDISP=0.907;YDISP=0.913,FULL_AXES_RECT,59,34,1101,616,7,01,VQL,0,1,SHA256_UNIQUE,SI_003_07_01.png,3
SI_031_R01.png,SI,S,I,SI_031,31,1,PRESENT,1,0,MARK_PRESENT,1.0,31,N_MARKERS=31;XDISP=0.942;YDISP=0.947,AXIS_PARTIAL,59,47,1044,616,8,01,VQL,0,1,SHA256_UNIQUE,SI_004_08_01.png,4
SI_031_R02.png,SI,S,I,SI_031,31,2,PRESENT,1,0,MARK_PRESENT,1.0,34,N_MARKERS=34;XDISP=0.846;YDISP=0.956,AXIS_PARTIAL,63,56,1128,741,8,01,VQL,0,1,SHA256_UNIQUE,SI_004_08_01.png,4
SI_031_R03.png,SI,S,I,SI_031,31,3,PRESENT,1,0,MARK_PRESENT,1.0,34,N_MARKERS=34;XDISP=0.846;YDISP=0.956,AXIS_PARTIAL,63,56,1128,741,8,01,VQL,0,1,SHA256_UNIQUE,SI_004_08_01.png,4
SI_031_R04.png,SI,S,I,SI_031,31,4,PRESENT,1,0,MARK_PRESENT,1.0,34,N_MARKERS=34;XDISP=0.846;YDISP=0.956,AXIS_PARTIAL,63,56,1128,741,8,01,VQL,0,1,SHA256_UNIQUE,SI_004_08_01.png,4
SI_031_R05.png,SI,S,I,SI_031,31,5,PRESENT,1,0,MARK_PRESENT,1.0,34,N_MARKERS=34;XDISP=0.846;YDISP=0.956,AXIS_PARTIAL,63,56,1128,741,8,01,VQL,0,1,SHA256_UNIQUE,SI_004_08_01.png,4
SI_031_R06.png,SI,S,I,SI_031,31,6,PRESENT,1,0,MARK_PRESENT,1.0,34,N_MARKERS=34;XDISP=0.846;YDISP=0.956,AXIS_PARTIAL,63,56,1128,741,8,01,VQL,0,1,SHA256_UNIQUE,SI_004_08_01.png,4
SI_031_R07.png,SI,S,I,SI_031,31,7,PRESENT,1,0,MARK_PRESENT,1.0,34,N_MARKERS=34;XDISP=0.846;YDISP=0.956,AXIS_PARTIAL,63,56,1128,741,8,01,VQL,0,1,SHA256_UNIQUE,SI_004_08_01.png,4
SI_031_R08.png,SI,S,I,SI_031,31,8,PRESENT,1,0,MARK_PRESENT,1.0,34,N_MARKERS=34;XDISP=0.846;YDISP=0.956,AXIS_PARTIAL,63,56,1128,741,8,01,VQL,0,1,SHA256_UNIQUE,SI_004_08_01.png,4
SI_031_R09.png,SI,S,I,SI_031,31,9,PRESENT,1,0,MARK_PRESENT,1.0,34,N_MARKERS=34;XDISP=0.846;YDISP=0.956,AXIS_PARTIAL,63,56,1128,741,8,01,VQL,0,1,SHA256_UNIQUE,SI_004_08_01.png,4
SI_031_R10.png,SI,S,I,SI_031,31,10,PRESENT,1,0,MARK_PRESENT,1.0,34,N_MARKERS=34;XDISP=0.846;YDISP=0.956,AXIS_PARTIAL,63,56,1128,741,8,01,VQL,0,1,SHA256_UNIQUE,SI_004_08_01.png,4
SI_032_R01.png,SI,S,I,SI_032,32,1,PRESENT,1,0,MARK_PRESENT,1.0,26,N_MARKERS=26;XDISP=0.433;YDISP=0.937,AXIS_PARTIAL,58,51,964,671,9,01,VQL,0,1,SHA256_UNIQUE,SI_005_09_01.png,5
SI_032_R02.png,SI,S,I,SI_032,32,2,PRESENT,1,0,MARK_PRESENT,1.0,27,N_MARKERS=27;XDISP=0.979;YDISP=0.979,FULL_AXES_RECT,98,98,1138,678,9,01,VQL,0,1,SHA256_UNIQUE,SI_005_09_01.png,5
SI_032_R03.png,SI,S,I,SI_032,32,3,PRESENT,1,0,MARK_PRESENT,1.0,27,N_MARKERS=27;XDISP=0.979;YDISP=0.979,FULL_AXES_RECT,98,98,1138,678,9,01,VQL,0,1,SHA256_UNIQUE,SI_005_09_01.png,5
SI_032_R04.png,SI,S,I,SI_032,32,4,PRESENT,1,0,MARK_PRESENT,1.0,27,N_MARKERS=27;XDISP=0.979;YDISP=0.979,FULL_AXES_RECT,98,98,1138,678,9,01,VQL,0,1,SHA256_UNIQUE,SI_005_09_01.png,5
SI_032_R05.png,SI,S,I,SI_032,32,5,PRESENT,1,0,MARK_PRESENT,1.0,27,N_MARKERS=27;XDISP=0.979;YDISP=0.979,FULL_AXES_RECT,98,98,1138,678,9,01,VQL,0,1,SHA256_UNIQUE,SI_005_09_01.png,5
SI_032_R06.png,SI,S,I,SI_032,32,6,PRESENT,1,0,MARK_PRESENT,1.0,27,N_MARKERS=27;XDISP=0.979;YDISP=0.979,FULL_AXES_RECT,98,98,1138,678,9,01,VQL,0,1,SHA256_UNIQUE,SI_005_09_01.png,5
SI_032_R07.png,SI,S,I,SI_032,32,7,PRESENT,1,0,MARK_PRESENT,1.0,27,N_MARKERS=27;XDISP=0.979;YDISP=0.979,FULL_AXES_RECT,98,98,1138,678,9,01,VQL,0,1,SHA256_UNIQUE,SI_005_09_01.png,5
SI_032_R08.png,SI,S,I,SI_032,32,8,PRESENT,1,0,MARK_PRESENT,1.0,27,N_MARKERS=27;XDISP=0.979;YDISP=0.979,FULL_AXES_RECT,98,98,1138,678,9,01,VQL,0,1,SHA256_UNIQUE,SI_005_09_01.png,5
SI_032_R09.png,SI,S,I,SI_032,32,9,PRESENT,1,0,MARK_PRESENT,1.0,27,N_MARKERS=27;XDISP=0.979;YDISP=0.979,FULL_AXES_RECT,98,98,1138,678,9,01,VQL,0,1,SHA256_UNIQUE,SI_005_09_01.png,5
SI_032_R10.png,SI,S,I,SI_032,32,10,PRESENT,1,0,MARK_PRESENT,1.0,27,N_MARKERS=27;XDISP=0.979;YDISP=0.979,FULL_AXES_RECT,98,98,1138,678,9,01,VQL,0,1,SHA256_UNIQUE,SI_005_09_01.png,5
SI_033_R01.png,SI,S,I,SI_033,33,1,PRESENT,1,0,MARK_PRESENT,1.0,25,N_MARKERS=25;XDISP=0.978;YDISP=0.708,FULL_AXES_RECT,59,34,1101,616,10,01,VQL,0,1,SHA256_UNIQUE,SI_006_10_01.png,6
SI_033_R02.png,SI,S,I,SI_033,33,2,PRESENT,1,0,MARK_PRESENT,1.0,32,N_MARKERS=32;XDISP=0.978;YDISP=0.712,FULL_AXES_RECT,59,34,1101,616,10,01,VQL,0,1,SHA256_UNIQUE,SI_006_10_01.png,6
SI_033_R03.png,SI,S,I,SI_033,33,3,PRESENT,1,0,MARK_PRESENT,1.0,32,N_MARKERS=32;XDISP=0.978;YDISP=0.712,FULL_AXES_RECT,59,34,1101,616,10,01,VQL,0,1,SHA256_UNIQUE,SI_006_10_01.png,6
SI_033_R04.png,SI,S,I,SI_033,33,4,PRESENT,1,0,MARK_PRESENT,1.0,32,N_MARKERS=32;XDISP=0.978;YDISP=0.712,FULL_AXES_RECT,59,34,1101,616,10,01,VQL,0,1,SHA256_UNIQUE,SI_006_10_01.png,6
SI_033_R05.png,SI,S,I,SI_033,33,5,PRESENT,1,0,MARK_PRESENT,1.0,32,N_MARKERS=32;XDISP=0.978;YDISP=0.712,FULL_AXES_RECT,59,34,1101,616,10,01,VQL,0,1,SHA256_UNIQUE,SI_006_10_01.png,6
SI_033_R06.png,SI,S,I,SI_033,33,6,PRESENT,1,0,MARK_PRESENT,1.0,32,N_MARKERS=32;XDISP=0.978;YDISP=0.712,FULL_AXES_RECT,59,34,1101,616,10,01,VQL,0,1,SHA256_UNIQUE,SI_006_10_01.png,6
SI_033_R07.png,SI,S,I,SI_033,33,7,PRESENT,1,0,MARK_PRESENT,1.0,32,N_MARKERS=32;XDISP=0.978;YDISP=0.712,FULL_AXES_RECT,59,34,1101,616,10,01,VQL,0,1,SHA256_UNIQUE,SI_006_10_01.png,6
SI_033_R08.png,SI,S,I,SI_033,33,8,PRESENT,1,0,MARK_PRESENT,1.0,32,N_MARKERS=32;XDISP=0.978;YDISP=0.712,FULL_AXES_RECT,59,34,1101,616,10,01,VQL,0,1,SHA256_UNIQUE,SI_006_10_01.png,6
SI_033_R09.png,SI,S,I,SI_033,33,9,PRESENT,1,0,MARK_PRESENT,1.0,32,N_MARKERS=32;XDISP=0.978;YDISP=0.712,FULL_AXES_RECT,59,34,1101,616,10,01,VQL,0,1,SHA256_UNIQUE,SI_006_10_01.png,6
SI_033_R10.png,SI,S,I,SI_033,33,10,PRESENT,1,0,MARK_PRESENT,1.0,32,N_MARKERS=32;XDISP=0.978;YDISP=0.712,FULL_AXES_RECT,59,34,1101,616,10,01,VQL,0,1,SHA256_UNIQUE,SI_006_10_01.png,6
SI_034_R01.png,SI,S,I,SI_034,34,1,PRESENT,1,0,MARK_PRESENT,1.0,47,N_MARKERS=47;XDISP=0.848;YDISP=0.925,AXIS_PARTIAL,59,47,1044,616,11,01,VQL,0,1,SHA256_UNIQUE,SI_007_11_01.png,7
SI_034_R02.png,SI,S,I,SI_034,34,2,PRESENT,1,0,MARK_PRESENT,1.0,53,N_MARKERS=53;XDISP=0.920;YDISP=0.931,FULL_AXES_RECT,98,98,1138,678,11,01,VQL,0,1,SHA256_UNIQUE,SI_007_11_01.png,7
SI_034_R03.png,SI,S,I,SI_034,34,3,PRESENT,1,0,MARK_PRESENT,1.0,53,N_MARKERS=53;XDISP=0.920;YDISP=0.931,FULL_AXES_RECT,98,98,1138,678,11,01,VQL,0,1,SHA256_UNIQUE,SI_007_11_01.png,7
SI_034_R04.png,SI,S,I,SI_034,34,4,PRESENT,1,0,MARK_PRESENT,1.0,53,N_MARKERS=53;XDISP=0.920;YDISP=0.931,FULL_AXES_RECT,98,98,1138,678,11,01,VQL,0,1,SHA256_UNIQUE,SI_007_11_01.png,7
SI_034_R05.png,SI,S,I,SI_034,34,5,PRESENT,1,0,MARK_PRESENT,1.0,53,N_MARKERS=53;XDISP=0.920;YDISP=0.931,FULL_AXES_RECT,98,98,1138,678,11,01,VQL,0,1,SHA256_UNIQUE,SI_007_11_01.png,7
SI_034_R06.png,SI,S,I,SI_034,34,6,PRESENT,1,0,MARK_PRESENT,1.0,53,N_MARKERS=53;XDISP=0.920;YDISP=0.931,FULL_AXES_RECT,98,98,1138,678,11,01,VQL,0,1,SHA256_UNIQUE,SI_007_11_01.png,7
SI_034_R07.png,SI,S,I,SI_034,34,7,PRESENT,1,0,MARK_PRESENT,1.0,53,N_MARKERS=53;XDISP=0.920;YDISP=0.931,FULL_AXES_RECT,98,98,1138,678,11,01,VQL,0,1,SHA256_UNIQUE,SI_007_11_01.png,7
SI_034_R08.png,SI,S,I,SI_034,34,8,PRESENT,1,0,MARK_PRESENT,1.0,53,N_MARKERS=53;XDISP=0.920;YDISP=0.931,FULL_AXES_RECT,98,98,1138,678,11,01,VQL,0,1,SHA256_UNIQUE,SI_007_11_01.png,7
SI_034_R09.png,SI,S,I,SI_034,34,9,PRESENT,1,0,MARK_PRESENT,1.0,53,N_MARKERS=53;XDISP=0.920;YDISP=0.931,FULL_AXES_RECT,98,98,1138,678,11,01,VQL,0,1,SHA256_UNIQUE,SI_007_11_01.png,7
SI_034_R10.png,SI,S,I,SI_034,34,10,PRESENT,1,0,MARK_PRESENT,1.0,53,N_MARKERS=53;XDISP=0.920;YDISP=0.931,FULL_AXES_RECT,98,98,1138,678,11,01,VQL,0,1,SHA256_UNIQUE,SI_007_11_01.png,7
SI_035_R01.png,SI,S,I,SI_035,35,1,PRESENT,1,0,MARK_PRESENT,1.0,47,N_MARKERS=47;XDISP=0.848;YDISP=0.925,AXIS_PARTIAL,59,47,1044,616,12,01,VQL,0,1,SHA256_UNIQUE,SI_008_12_01.png,8
SI_035_R02.png,SI,S,I,SI_035,35,2,PRESENT,1,0,MARK_PRESENT,1.0,28,N_MARKERS=28;XDISP=0.910;YDISP=0.915,FULL_AXES_RECT,98,98,1138,678,12,01,VQL,0,1,SHA256_UNIQUE,SI_008_12_01.png,8
SI_035_R03.png,SI,S,I,SI_035,35,3,PRESENT,1,0,MARK_PRESENT,1.0,28,N_MARKERS=28;XDISP=0.910;YDISP=0.915,FULL_AXES_RECT,98,98,1138,678,12,01,VQL,0,1,SHA256_UNIQUE,SI_008_12_01.png,8
SI_035_R04.png,SI,S,I,SI_035,35,4,PRESENT,1,0,MARK_PRESENT,1.0,28,N_MARKERS=28;XDISP=0.910;YDISP=0.915,FULL_AXES_RECT,98,98,1138,678,12,01,VQL,0,1,SHA256_UNIQUE,SI_008_12_01.png,8
SI_035_R05.png,SI,S,I,SI_035,35,5,PRESENT,1,0,MARK_PRESENT,1.0,28,N_MARKERS=28;XDISP=0.910;YDISP=0.915,FULL_AXES_RECT,98,98,1138,678,12,01,VQL,0,1,SHA256_UNIQUE,SI_008_12_01.png,8
SI_035_R06.png,SI,S,I,SI_035,35,6,PRESENT,1,0,MARK_PRESENT,1.0,28,N_MARKERS=28;XDISP=0.910;YDISP=0.915,FULL_AXES_RECT,98,98,1138,678,12,01,VQL,0,1,SHA256_UNIQUE,SI_008_12_01.png,8
SI_035_R07.png,SI,S,I,SI_035,35,7,PRESENT,1,0,MARK_PRESENT,1.0,28,N_MARKERS=28;XDISP=0.910;YDISP=0.915,FULL_AXES_RECT,98,98,1138,678,12,01,VQL,0,1,SHA256_UNIQUE,SI_008_12_01.png,8
SI_035_R08.png,SI,S,I,SI_035,35,8,PRESENT,1,0,MARK_PRESENT,1.0,28,N_MARKERS=28;XDISP=0.910;YDISP=0.915,FULL_AXES_RECT,98,98,1138,678,12,01,VQL,0,1,SHA256_UNIQUE,SI_008_12_01.png,8
SI_035_R09.png,SI,S,I,SI_035,35,9,PRESENT,1,0,MARK_PRESENT,1.0,28,N_MARKERS=28;XDISP=0.910;YDISP=0.915,FULL_AXES_RECT,98,98,1138,678,12,01,VQL,0,1,SHA256_UNIQUE,SI_008_12_01.png,8
SI_035_R10.png,SI,S,I,SI_035,35,10,PRESENT,1,0,MARK_PRESENT,1.0,28,N_MARKERS=28;XDISP=0.910;YDISP=0.915,FULL_AXES_RECT,98,98,1138,678,12,01,VQL,0,1,SHA256_UNIQUE,SI_008_12_01.png,8
SI_036_R01.png,SI,S,I,SI_036,36,1,PRESENT,1,0,MARK_PRESENT,1.0,37,N_MARKERS=37;XDISP=0.911;YDISP=0.911,FULL_AXES_RECT,59,34,987,648,13,01,VQL,0,1,SHA256_UNIQUE,SI_009_13_01.png,9
SI_036_R02.png,SI,S,I,SI_036,36,2,PRESENT,1,0,MARK_PRESENT,1.0,26,N_MARKERS=26;XDISP=0.955;YDISP=0.832,AXIS_PARTIAL,59,47,1044,616,13,01,VQL,0,1,SHA256_UNIQUE,SI_009_13_01.png,9
SI_036_R03.png,SI,S,I,SI_036,36,3,PRESENT,1,0,MARK_PRESENT,1.0,26,N_MARKERS=26;XDISP=0.955;YDISP=0.832,AXIS_PARTIAL,59,47,1044,616,13,01,VQL,0,1,SHA256_UNIQUE,SI_009_13_01.png,9
SI_036_R04.png,SI,S,I,SI_036,36,4,PRESENT,1,0,MARK_PRESENT,1.0,26,N_MARKERS=26;XDISP=0.955;YDISP=0.832,AXIS_PARTIAL,59,47,1044,616,13,01,VQL,0,1,SHA256_UNIQUE,SI_009_13_01.png,9
SI_036_R05.png,SI,S,I,SI_036,36,5,PRESENT,1,0,MARK_PRESENT,1.0,26,N_MARKERS=26;XDISP=0.955;YDISP=0.832,AXIS_PARTIAL,59,47,1044,616,13,01,VQL,0,1,SHA256_UNIQUE,SI_009_13_01.png,9
SI_036_R06.png,SI,S,I,SI_036,36,6,PRESENT,1,0,MARK_PRESENT,1.0,26,N_MARKERS=26;XDISP=0.955;YDISP=0.832,AXIS_PARTIAL,59,47,1044,616,13,01,VQL,0,1,SHA256_UNIQUE,SI_009_13_01.png,9
SI_036_R07.png,SI,S,I,SI_036,36,7,PRESENT,1,0,MARK_PRESENT,1.0,26,N_MARKERS=26;XDISP=0.955;YDISP=0.832,AXIS_PARTIAL,59,47,1044,616,13,01,VQL,0,1,SHA256_UNIQUE,SI_009_13_01.png,9
SI_036_R08.png,SI,S,I,SI_036,36,8,PRESENT,1,0,MARK_PRESENT,1.0,26,N_MARKERS=26;XDISP=0.955;YDISP=0.832,AXIS_PARTIAL,59,47,1044,616,13,01,VQL,0,1,SHA256_UNIQUE,SI_009_13_01.png,9
SI_036_R09.png,SI,S,I,SI_036,36,9,PRESENT,1,0,MARK_PRESENT,1.0,26,N_MARKERS=26;XDISP=0.955;YDISP=0.832,AXIS_PARTIAL,59,47,1044,616,13,01,VQL,0,1,SHA256_UNIQUE,SI_009_13_01.png,9
SI_036_R10.png,SI,S,I,SI_036,36,10,PRESENT,1,0,MARK_PRESENT,1.0,26,N_MARKERS=26;XDISP=0.955;YDISP=0.832,AXIS_PARTIAL,59,47,1044,616,13,01,VQL,0,1,SHA256_UNIQUE,SI_009_13_01.png,9
SI_037_R01.png,SI,S,I,SI_037,37,1,PRESENT,1,0,MARK_PRESENT,1.0,25,N_MARKERS=25;XDISP=0.978;YDISP=0.708,FULL_AXES_RECT,59,34,1101,616,14,01,VQL,0,1,SHA256_UNIQUE,SI_010_14_01.png,10
SI_037_R02.png,SI,S,I,SI_037,37,2,PRESENT,1,0,MARK_PRESENT,1.0,29,N_MARKERS=29;XDISP=0.979;YDISP=0.714,FULL_AXES_RECT,98,98,1138,678,14,01,VQL,0,1,SHA256_UNIQUE,SI_010_14_01.png,10
SI_037_R03.png,SI,S,I,SI_037,37,3,PRESENT,1,0,MARK_PRESENT,1.0,29,N_MARKERS=29;XDISP=0.979;YDISP=0.714,FULL_AXES_RECT,98,98,1138,678,14,01,VQL,0,1,SHA256_UNIQUE,SI_010_14_01.png,10
SI_037_R04.png,SI,S,I,SI_037,37,4,PRESENT,1,0,MARK_PRESENT,1.0,29,N_MARKERS=29;XDISP=0.979;YDISP=0.714,FULL_AXES_RECT,98,98,1138,678,14,01,VQL,0,1,SHA256_UNIQUE,SI_010_14_01.png,10
SI_037_R05.png,SI,S,I,SI_037,37,5,PRESENT,1,0,MARK_PRESENT,1.0,29,N_MARKERS=29;XDISP=0.979;YDISP=0.714,FULL_AXES_RECT,98,98,1138,678,14,01,VQL,0,1,SHA256_UNIQUE,SI_010_14_01.png,10
SI_037_R06.png,SI,S,I,SI_037,37,6,PRESENT,1,0,MARK_PRESENT,1.0,29,N_MARKERS=29;XDISP=0.979;YDISP=0.714,FULL_AXES_RECT,98,98,1138,678,14,01,VQL,0,1,SHA256_UNIQUE,SI_010_14_01.png,10
SI_037_R07.png,SI,S,I,SI_037,37,7,PRESENT,1,0,MARK_PRESENT,1.0,29,N_MARKERS=29;XDISP=0.979;YDISP=0.714,FULL_AXES_RECT,98,98,1138,678,14,01,VQL,0,1,SHA256_UNIQUE,SI_010_14_01.png,10
SI_037_R08.png,SI,S,I,SI_037,37,8,PRESENT,1,0,MARK_PRESENT,1.0,29,N_MARKERS=29;XDISP=0.979;YDISP=0.714,FULL_AXES_RECT,98,98,1138,678,14,01,VQL,0,1,SHA256_UNIQUE,SI_010_14_01.png,10
SI_037_R09.png,SI,S,I,SI_037,37,9,PRESENT,1,0,MARK_PRESENT,1.0,29,N_MARKERS=29;XDISP=0.979;YDISP=0.714,FULL_AXES_RECT,98,98,1138,678,14,01,VQL,0,1,SHA256_UNIQUE,SI_010_14_01.png,10
SI_037_R10.png,SI,S,I,SI_037,37,10,PRESENT,1,0,MARK_PRESENT,1.0,29,N_MARKERS=29;XDISP=0.979;YDISP=0.714,FULL_AXES_RECT,98,98,1138,678,14,01,VQL,0,1,SHA256_UNIQUE,SI_010_14_01.png,10
SI_038_R01.png,SI,S,I,SI_038,38,1,PRESENT,1,0,MARK_PRESENT,1.0,25,N_MARKERS=25;XDISP=0.434;YDISP=0.932,AXIS_PARTIAL,59,47,1044,616,15,01,VQL,0,1,SHA256_UNIQUE,SI_011_15_01.png,11
SI_038_R02.png,SI,S,I,SI_038,38,2,PRESENT,1,0,MARK_PRESENT,1.0,27,N_MARKERS=27;XDISP=0.797;YDISP=0.935,AXIS_PARTIAL,59,49,937,648,15,01,VQL,0,1,SHA256_UNIQUE,SI_011_15_01.png,11
SI_038_R03.png,SI,S,I,SI_038,38,3,PRESENT,1,0,MARK_PRESENT,1.0,27,N_MARKERS=27;XDISP=0.797;YDISP=0.935,AXIS_PARTIAL,59,49,937,648,15,01,VQL,0,1,SHA256_UNIQUE,SI_011_15_01.png,11
SI_038_R04.png,SI,S,I,SI_038,38,4,PRESENT,1,0,MARK_PRESENT,1.0,27,N_MARKERS=27;XDISP=0.797;YDISP=0.935,AXIS_PARTIAL,59,49,937,648,15,01,VQL,0,1,SHA256_UNIQUE,SI_011_15_01.png,11
SI_038_R05.png,SI,S,I,SI_038,38,5,PRESENT,1,0,MARK_PRESENT,1.0,27,N_MARKERS=27;XDISP=0.797;YDISP=0.935,AXIS_PARTIAL,59,49,937,648,15,01,VQL,0,1,SHA256_UNIQUE,SI_011_15_01.png,11
SI_038_R06.png,SI,S,I,SI_038,38,6,PRESENT,1,0,MARK_PRESENT,1.0,51,N_MARKERS=51;XDISP=0.920;YDISP=0.914,FULL_AXES_RECT,98,98,1138,678,15,01,VQL,0,1,SHA256_UNIQUE,SI_011_15_01.png,11
SI_038_R07.png,SI,S,I,SI_038,38,7,PRESENT,1,0,MARK_PRESENT,1.0,28,N_MARKERS=28;XDISP=0.910;YDISP=0.915,FULL_AXES_RECT,98,98,1138,678,15,01,VQL,0,1,SHA256_UNIQUE,SI_011_15_01.png,11
SI_038_R08.png,SI,S,I,SI_038,38,8,PRESENT,1,0,MARK_PRESENT,1.0,28,N_MARKERS=28;XDISP=0.910;YDISP=0.915,FULL_AXES_RECT,98,98,1138,678,15,01,VQL,0,1,SHA256_UNIQUE,SI_011_15_01.png,11
SI_038_R09.png,SI,S,I,SI_038,38,9,PRESENT,1,0,MARK_PRESENT,1.0,28,N_MARKERS=28;XDISP=0.910;YDISP=0.915,FULL_AXES_RECT,98,98,1138,678,15,01,VQL,0,1,SHA256_UNIQUE,SI_011_15_01.png,11
SI_038_R10.png,SI,S,I,SI_038,38,10,PRESENT,1,0,MARK_PRESENT,1.0,28,N_MARKERS=28;XDISP=0.910;YDISP=0.915,FULL_AXES_RECT,98,98,1138,678,15,01,VQL,0,1,SHA256_UNIQUE,SI_011_15_01.png,11
SI_039_R01.png,SI,S,I,SI_039,39,1,PRESENT,1,0,MARK_PRESENT,1.0,25,N_MARKERS=25;XDISP=0.434;YDISP=0.932,AXIS_PARTIAL,59,47,1044,616,16,01,VQL,0,1,SHA256_UNIQUE,SI_012_16_01.png,12
SI_039_R02.png,SI,S,I,SI_039,39,2,PRESENT,1,0,MARK_PRESENT,1.0,51,N_MARKERS=51;XDISP=0.920;YDISP=0.914,FULL_AXES_RECT,98,98,1138,678,16,01,VQL,0,1,SHA256_UNIQUE,SI_012_16_01.png,12
SI_039_R03.png,SI,S,I,SI_039,39,3,PRESENT,1,0,MARK_PRESENT,1.0,51,N_MARKERS=51;XDISP=0.920;YDISP=0.914,FULL_AXES_RECT,98,98,1138,678,16,01,VQL,0,1,SHA256_UNIQUE,SI_012_16_01.png,12
SI_039_R04.png,SI,S,I,SI_039,39,4,PRESENT,1,0,MARK_PRESENT,1.0,51,N_MARKERS=51;XDISP=0.920;YDISP=0.914,FULL_AXES_RECT,98,98,1138,678,16,01,VQL,0,1,SHA256_UNIQUE,SI_012_16_01.png,12
SI_039_R05.png,SI,S,I,SI_039,39,5,PRESENT,1,0,MARK_PRESENT,1.0,51,N_MARKERS=51;XDISP=0.920;YDISP=0.914,FULL_AXES_RECT,98,98,1138,678,16,01,VQL,0,1,SHA256_UNIQUE,SI_012_16_01.png,12
SI_039_R06.png,SI,S,I,SI_039,39,6,PRESENT,1,0,MARK_PRESENT,1.0,51,N_MARKERS=51;XDISP=0.920;YDISP=0.914,FULL_AXES_RECT,98,98,1138,678,16,01,VQL,0,1,SHA256_UNIQUE,SI_012_16_01.png,12
SI_039_R07.png,SI,S,I,SI_039,39,7,PRESENT,1,0,MARK_PRESENT,1.0,28,N_MARKERS=28;XDISP=0.910;YDISP=0.915,FULL_AXES_RECT,98,98,1138,678,16,01,VQL,0,1,SHA256_UNIQUE,SI_012_16_01.png,12
SI_039_R08.png,SI,S,I,SI_039,39,8,PRESENT,1,0,MARK_PRESENT,1.0,28,N_MARKERS=28;XDISP=0.910;YDISP=0.915,FULL_AXES_RECT,98,98,1138,678,16,01,VQL,0,1,SHA256_UNIQUE,SI_012_16_01.png,12
SI_039_R09.png,SI,S,I,SI_039,39,9,PRESENT,1,0,MARK_PRESENT,1.0,28,N_MARKERS=28;XDISP=0.910;YDISP=0.915,FULL_AXES_RECT,98,98,1138,678,16,01,VQL,0,1,SHA256_UNIQUE,SI_012_16_01.png,12
SI_039_R10.png,SI,S,I,SI_039,39,10,PRESENT,1,0,MARK_PRESENT,1.0,28,N_MARKERS=28;XDISP=0.910;YDISP=0.915,FULL_AXES_RECT,98,98,1138,678,16,01,VQL,0,1,SHA256_UNIQUE,SI_012_16_01.png,12
SI_040_R01.png,SI,S,I,SI_040,40,1,PRESENT,1,0,MARK_PRESENT,1.0,26,N_MARKERS=26;XDISP=0.433;YDISP=0.938,AXIS_PARTIAL,59,55,1118,735,1,00,Zero-shot,0,0,SHA256_UNIQUE,SI_001_01_00.png,1
SI_040_R02.png,SI,S,I,SI_040,40,2,PRESENT,1,0,MARK_PRESENT,1.0,26,N_MARKERS=26;XDISP=0.905;YDISP=0.814,FULL_AXES_RECT,98,98,1138,678,1,00,Zero-shot,0,0,SHA256_UNIQUE,SI_001_01_00.png,1
SI_040_R03.png,SI,S,I,SI_040,40,3,PRESENT,1,0,MARK_PRESENT,1.0,26,N_MARKERS=26;XDISP=0.905;YDISP=0.814,FULL_AXES_RECT,98,98,1138,678,1,00,Zero-shot,0,0,SHA256_UNIQUE,SI_001_01_00.png,1
SI_040_R04.png,SI,S,I,SI_040,40,4,PRESENT,1,0,MARK_PRESENT,1.0,26,N_MARKERS=26;XDISP=0.905;YDISP=0.814,FULL_AXES_RECT,98,98,1138,678,1,00,Zero-shot,0,0,SHA256_UNIQUE,SI_001_01_00.png,1
SI_040_R05.png,SI,S,I,SI_040,40,5,PRESENT,1,0,MARK_PRESENT,1.0,26,N_MARKERS=26;XDISP=0.905;YDISP=0.814,FULL_AXES_RECT,98,98,1138,678,1,00,Zero-shot,0,0,SHA256_UNIQUE,SI_001_01_00.png,1
SI_040_R06.png,SI,S,I,SI_040,40,6,PRESENT,1,0,MARK_PRESENT,1.0,26,N_MARKERS=26;XDISP=0.905;YDISP=0.814,FULL_AXES_RECT,98,98,1138,678,1,00,Zero-shot,0,0,SHA256_UNIQUE,SI_001_01_00.png,1
SI_040_R07.png,SI,S,I,SI_040,40,7,PRESENT,1,0,MARK_PRESENT,1.0,26,N_MARKERS=26;XDISP=0.905;YDISP=0.814,FULL_AXES_RECT,98,98,1138,678,1,00,Zero-shot,0,0,SHA256_UNIQUE,SI_001_01_00.png,1
SI_040_R08.png,SI,S,I,SI_040,40,8,PRESENT,1,0,MARK_PRESENT,1.0,28,N_MARKERS=28;XDISP=0.910;YDISP=0.915,FULL_AXES_RECT,98,98,1138,678,1,00,Zero-shot,0,0,SHA256_UNIQUE,SI_001_01_00.png,1
SI_040_R09.png,SI,S,I,SI_040,40,9,PRESENT,1,0,MARK_PRESENT,1.0,28,N_MARKERS=28;XDISP=0.910;YDISP=0.915,FULL_AXES_RECT,98,98,1138,678,1,00,Zero-shot,0,0,SHA256_UNIQUE,SI_001_01_00.png,1
SI_040_R10.png,SI,S,I,SI_040,40,10,PRESENT,1,0,MARK_PRESENT,1.0,28,N_MARKERS=28;XDISP=0.910;YDISP=0.915,FULL_AXES_RECT,98,98,1138,678,1,00,Zero-shot,0,0,SHA256_UNIQUE,SI_001_01_00.png,1
SI_041_R01.png,SI,S,I,SI_041,41,1,PRESENT,1,0,MARK_PRESENT,1.0,28,N_MARKERS=28;XDISP=0.941;YDISP=0.943,AXIS_PARTIAL,59,47,1044,616,4,00,Zero-shot,0,0,SHA256_UNIQUE,SI_002_04_00.png,2
SI_041_R02.png,SI,S,I,SI_041,41,2,PRESENT,1,0,MARK_PRESENT,1.0,28,N_MARKERS=28;XDISP=0.910;YDISP=0.915,FULL_AXES_RECT,98,98,1138,678,4,00,Zero-shot,0,0,SHA256_UNIQUE,SI_002_04_00.png,2
SI_041_R03.png,SI,S,I,SI_041,41,3,PRESENT,1,0,MARK_PRESENT,1.0,28,N_MARKERS=28;XDISP=0.910;YDISP=0.915,FULL_AXES_RECT,98,98,1138,678,4,00,Zero-shot,0,0,SHA256_UNIQUE,SI_002_04_00.png,2
SI_041_R04.png,SI,S,I,SI_041,41,4,PRESENT,1,0,MARK_PRESENT,1.0,28,N_MARKERS=28;XDISP=0.910;YDISP=0.915,FULL_AXES_RECT,98,98,1138,678,4,00,Zero-shot,0,0,SHA256_UNIQUE,SI_002_04_00.png,2
SI_041_R05.png,SI,S,I,SI_041,41,5,PRESENT,1,0,MARK_PRESENT,1.0,28,N_MARKERS=28;XDISP=0.910;YDISP=0.915,FULL_AXES_RECT,98,98,1138,678,4,00,Zero-shot,0,0,SHA256_UNIQUE,SI_002_04_00.png,2
SI_041_R06.png,SI,S,I,SI_041,41,6,PRESENT,1,0,MARK_PRESENT,1.0,28,N_MARKERS=28;XDISP=0.910;YDISP=0.915,FULL_AXES_RECT,98,98,1138,678,4,00,Zero-shot,0,0,SHA256_UNIQUE,SI_002_04_00.png,2
SI_041_R07.png,SI,S,I,SI_041,41,7,PRESENT,1,0,MARK_PRESENT,1.0,28,N_MARKERS=28;XDISP=0.910;YDISP=0.915,FULL_AXES_RECT,98,98,1138,678,4,00,Zero-shot,0,0,SHA256_UNIQUE,SI_002_04_00.png,2
SI_041_R08.png,SI,S,I,SI_041,41,8,PRESENT,1,0,MARK_PRESENT,1.0,28,N_MARKERS=28;XDISP=0.910;YDISP=0.915,FULL_AXES_RECT,98,98,1138,678,4,00,Zero-shot,0,0,SHA256_UNIQUE,SI_002_04_00.png,2
SI_041_R09.png,SI,S,I,SI_041,41,9,PRESENT,1,0,MARK_PRESENT,1.0,28,N_MARKERS=28;XDISP=0.910;YDISP=0.915,FULL_AXES_RECT,98,98,1138,678,4,00,Zero-shot,0,0,SHA256_UNIQUE,SI_002_04_00.png,2
SI_041_R10.png,SI,S,I,SI_041,41,10,PRESENT,1,0,MARK_PRESENT,1.0,28,N_MARKERS=28;XDISP=0.978;YDISP=0.712,FULL_AXES_RECT,58,33,986,647,4,00,Zero-shot,0,0,SHA256_UNIQUE,SI_002_04_00.png,2
SI_042_R01.png,SI,S,I,SI_042,42,1,PRESENT,1,0,MARK_PRESENT,1.0,6,N_MARKERS=6;XDISP=0.802;YDISP=0.751,AXIS_PARTIAL,68,47,1053,616,6,00,Zero-shot,0,0,SHA256_UNIQUE,SI_003_06_00.png,3
SI_042_R02.png,SI,S,I,SI_042,42,2,PRESENT,1,0,MARK_PRESENT,1.0,25,N_MARKERS=25;XDISP=0.434;YDISP=0.932,AXIS_PARTIAL,59,47,1044,616,6,00,Zero-shot,0,0,SHA256_UNIQUE,SI_003_06_00.png,3
SI_042_R03.png,SI,S,I,SI_042,42,3,PRESENT,1,0,MARK_PRESENT,1.0,25,N_MARKERS=25;XDISP=0.434;YDISP=0.932,AXIS_PARTIAL,59,47,1044,616,6,00,Zero-shot,0,0,SHA256_UNIQUE,SI_003_06_00.png,3
SI_042_R04.png,SI,S,I,SI_042,42,4,PRESENT,1,0,MARK_PRESENT,1.0,25,N_MARKERS=25;XDISP=0.434;YDISP=0.932,AXIS_PARTIAL,59,47,1044,616,6,00,Zero-shot,0,0,SHA256_UNIQUE,SI_003_06_00.png,3
SI_042_R05.png,SI,S,I,SI_042,42,5,PRESENT,1,0,MARK_PRESENT,1.0,25,N_MARKERS=25;XDISP=0.434;YDISP=0.932,AXIS_PARTIAL,59,47,1044,616,6,00,Zero-shot,0,0,SHA256_UNIQUE,SI_003_06_00.png,3
SI_042_R06.png,SI,S,I,SI_042,42,6,PRESENT,1,0,MARK_PRESENT,1.0,25,N_MARKERS=25;XDISP=0.434;YDISP=0.932,AXIS_PARTIAL,59,47,1044,616,6,00,Zero-shot,0,0,SHA256_UNIQUE,SI_003_06_00.png,3
SI_042_R07.png,SI,S,I,SI_042,42,7,PRESENT,1,0,MARK_PRESENT,1.0,25,N_MARKERS=25;XDISP=0.434;YDISP=0.932,AXIS_PARTIAL,59,47,1044,616,6,00,Zero-shot,0,0,SHA256_UNIQUE,SI_003_06_00.png,3
SI_042_R08.png,SI,S,I,SI_042,42,8,PRESENT,1,0,MARK_PRESENT,1.0,25,N_MARKERS=25;XDISP=0.434;YDISP=0.932,AXIS_PARTIAL,59,47,1044,616,6,00,Zero-shot,0,0,SHA256_UNIQUE,SI_003_06_00.png,3
SI_042_R09.png,SI,S,I,SI_042,42,9,PRESENT,1,0,MARK_PRESENT,1.0,25,N_MARKERS=25;XDISP=0.434;YDISP=0.932,AXIS_PARTIAL,59,47,1044,616,6,00,Zero-shot,0,0,SHA256_UNIQUE,SI_003_06_00.png,3
SI_042_R10.png,SI,S,I,SI_042,42,10,PRESENT,1,0,MARK_PRESENT,1.0,25,N_MARKERS=25;XDISP=0.434;YDISP=0.932,AXIS_PARTIAL,59,47,1044,616,6,00,Zero-shot,0,0,SHA256_UNIQUE,SI_003_06_00.png,3
SI_043_R01.png,SI,S,I,SI_043,43,1,PRESENT,1,0,MARK_PRESENT,1.0,48,N_MARKERS=48;XDISP=0.907;YDISP=0.905,FULL_AXES_RECT,59,34,1101,616,7,00,Zero-shot,0,0,SHA256_UNIQUE,SI_004_07_00.png,4
SI_043_R02.png,SI,S,I,SI_043,43,2,PRESENT,1,0,MARK_PRESENT,1.0,28,N_MARKERS=28;XDISP=0.978;YDISP=0.712,FULL_AXES_RECT,58,33,986,647,7,00,Zero-shot,0,0,SHA256_UNIQUE,SI_004_07_00.png,4
SI_043_R03.png,SI,S,I,SI_043,43,3,PRESENT,1,0,MARK_PRESENT,1.0,28,N_MARKERS=28;XDISP=0.978;YDISP=0.712,FULL_AXES_RECT,58,33,986,647,7,00,Zero-shot,0,0,SHA256_UNIQUE,SI_004_07_00.png,4
SI_043_R04.png,SI,S,I,SI_043,43,4,PRESENT,1,0,MARK_PRESENT,1.0,28,N_MARKERS=28;XDISP=0.978;YDISP=0.712,FULL_AXES_RECT,58,33,986,647,7,00,Zero-shot,0,0,SHA256_UNIQUE,SI_004_07_00.png,4
SI_043_R05.png,SI,S,I,SI_043,43,5,PRESENT,1,0,MARK_PRESENT,1.0,28,N_MARKERS=28;XDISP=0.978;YDISP=0.712,FULL_AXES_RECT,58,33,986,647,7,00,Zero-shot,0,0,SHA256_UNIQUE,SI_004_07_00.png,4
SI_043_R06.png,SI,S,I,SI_043,43,6,PRESENT,1,0,MARK_PRESENT,1.0,28,N_MARKERS=28;XDISP=0.978;YDISP=0.712,FULL_AXES_RECT,58,33,986,647,7,00,Zero-shot,0,0,SHA256_UNIQUE,SI_004_07_00.png,4
SI_043_R07.png,SI,S,I,SI_043,43,7,PRESENT,1,0,MARK_PRESENT,1.0,25,N_MARKERS=25;XDISP=0.434;YDISP=0.932,AXIS_PARTIAL,59,47,1044,616,7,00,Zero-shot,0,0,SHA256_UNIQUE,SI_004_07_00.png,4
SI_043_R08.png,SI,S,I,SI_043,43,8,PRESENT,1,0,MARK_PRESENT,1.0,25,N_MARKERS=25;XDISP=0.434;YDISP=0.932,AXIS_PARTIAL,59,47,1044,616,7,00,Zero-shot,0,0,SHA256_UNIQUE,SI_004_07_00.png,4
SI_043_R09.png,SI,S,I,SI_043,43,9,PRESENT,1,0,MARK_PRESENT,1.0,25,N_MARKERS=25;XDISP=0.434;YDISP=0.932,AXIS_PARTIAL,59,47,1044,616,7,00,Zero-shot,0,0,SHA256_UNIQUE,SI_004_07_00.png,4
SI_043_R10.png,SI,S,I,SI_043,43,10,PRESENT,1,0,MARK_PRESENT,1.0,25,N_MARKERS=25;XDISP=0.434;YDISP=0.932,AXIS_PARTIAL,59,47,1044,616,7,00,Zero-shot,0,0,SHA256_UNIQUE,SI_004_07_00.png,4
SI_044_R01.png,SI,S,I,SI_044,44,1,PRESENT,1,0,MARK_PRESENT,1.0,29,N_MARKERS=29;XDISP=0.945;YDISP=0.945,AXIS_PARTIAL,59,47,1044,616,8,00,Zero-shot,0,0,SHA256_UNIQUE,SI_005_08_00.png,5
SI_044_R02.png,SI,S,I,SI_044,44,2,PRESENT,1,0,MARK_PRESENT,1.0,28,N_MARKERS=28;XDISP=0.907;YDISP=0.913,FULL_AXES_RECT,58,34,1100,616,8,00,Zero-shot,0,0,SHA256_UNIQUE,SI_005_08_00.png,5
SI_044_R03.png,SI,S,I,SI_044,44,3,PRESENT,1,0,MARK_PRESENT,1.0,28,N_MARKERS=28;XDISP=0.907;YDISP=0.913,FULL_AXES_RECT,58,34,1100,616,8,00,Zero-shot,0,0,SHA256_UNIQUE,SI_005_08_00.png,5
SI_044_R04.png,SI,S,I,SI_044,44,4,PRESENT,1,0,MARK_PRESENT,1.0,28,N_MARKERS=28;XDISP=0.907;YDISP=0.913,FULL_AXES_RECT,58,34,1100,616,8,00,Zero-shot,0,0,SHA256_UNIQUE,SI_005_08_00.png,5
SI_044_R05.png,SI,S,I,SI_044,44,5,PRESENT,1,0,MARK_PRESENT,1.0,28,N_MARKERS=28;XDISP=0.907;YDISP=0.913,FULL_AXES_RECT,58,34,1100,616,8,00,Zero-shot,0,0,SHA256_UNIQUE,SI_005_08_00.png,5
SI_044_R06.png,SI,S,I,SI_044,44,6,PRESENT,1,0,MARK_PRESENT,1.0,28,N_MARKERS=28;XDISP=0.907;YDISP=0.913,FULL_AXES_RECT,58,34,1100,616,8,00,Zero-shot,0,0,SHA256_UNIQUE,SI_005_08_00.png,5
SI_044_R07.png,SI,S,I,SI_044,44,7,PRESENT,1,0,MARK_PRESENT,1.0,28,N_MARKERS=28;XDISP=0.907;YDISP=0.913,FULL_AXES_RECT,58,34,1100,616,8,00,Zero-shot,0,0,SHA256_UNIQUE,SI_005_08_00.png,5
SI_044_R08.png,SI,S,I,SI_044,44,8,PRESENT,1,0,MARK_PRESENT,1.0,28,N_MARKERS=28;XDISP=0.907;YDISP=0.913,FULL_AXES_RECT,58,34,1100,616,8,00,Zero-shot,0,0,SHA256_UNIQUE,SI_005_08_00.png,5
SI_044_R09.png,SI,S,I,SI_044,44,9,PRESENT,1,0,MARK_PRESENT,1.0,28,N_MARKERS=28;XDISP=0.907;YDISP=0.913,FULL_AXES_RECT,58,34,1100,616,8,00,Zero-shot,0,0,SHA256_UNIQUE,SI_005_08_00.png,5
SI_044_R10.png,SI,S,I,SI_044,44,10,PRESENT,1,0,MARK_PRESENT,1.0,28,N_MARKERS=28;XDISP=0.907;YDISP=0.913,FULL_AXES_RECT,58,34,1100,616,8,00,Zero-shot,0,0,SHA256_UNIQUE,SI_005_08_00.png,5
SI_045_R01.png,SI,S,I,SI_045,45,1,PRESENT,1,0,MARK_PRESENT,1.0,42,N_MARKERS=42;XDISP=0.913;YDISP=0.912,FULL_AXES_RECT,98,98,1138,678,9,00,Zero-shot,0,0,SHA256_UNIQUE,SI_006_09_00.png,6
SI_045_R02.png,SI,S,I,SI_045,45,2,PRESENT,1,0,MARK_PRESENT,1.0,26,N_MARKERS=26;XDISP=0.905;YDISP=0.814,FULL_AXES_RECT,98,98,1138,678,9,00,Zero-shot,0,0,SHA256_UNIQUE,SI_006_09_00.png,6
SI_045_R03.png,SI,S,I,SI_045,45,3,PRESENT,1,0,MARK_PRESENT,1.0,26,N_MARKERS=26;XDISP=0.905;YDISP=0.814,FULL_AXES_RECT,98,98,1138,678,9,00,Zero-shot,0,0,SHA256_UNIQUE,SI_006_09_00.png,6
SI_045_R04.png,SI,S,I,SI_045,45,4,PRESENT,1,0,MARK_PRESENT,1.0,26,N_MARKERS=26;XDISP=0.905;YDISP=0.814,FULL_AXES_RECT,98,98,1138,678,9,00,Zero-shot,0,0,SHA256_UNIQUE,SI_006_09_00.png,6
SI_045_R05.png,SI,S,I,SI_045,45,5,PRESENT,1,0,MARK_PRESENT,1.0,26,N_MARKERS=26;XDISP=0.905;YDISP=0.814,FULL_AXES_RECT,98,98,1138,678,9,00,Zero-shot,0,0,SHA256_UNIQUE,SI_006_09_00.png,6
SI_045_R06.png,SI,S,I,SI_045,45,6,PRESENT,1,0,MARK_PRESENT,1.0,26,N_MARKERS=26;XDISP=0.905;YDISP=0.814,FULL_AXES_RECT,98,98,1138,678,9,00,Zero-shot,0,0,SHA256_UNIQUE,SI_006_09_00.png,6
SI_045_R07.png,SI,S,I,SI_045,45,7,PRESENT,1,0,MARK_PRESENT,1.0,26,N_MARKERS=26;XDISP=0.905;YDISP=0.814,FULL_AXES_RECT,98,98,1138,678,9,00,Zero-shot,0,0,SHA256_UNIQUE,SI_006_09_00.png,6
SI_045_R08.png,SI,S,I,SI_045,45,8,PRESENT,1,0,MARK_PRESENT,1.0,25,N_MARKERS=25;XDISP=0.434;YDISP=0.932,AXIS_PARTIAL,59,47,1044,616,9,00,Zero-shot,0,0,SHA256_UNIQUE,SI_006_09_00.png,6
SI_045_R09.png,SI,S,I,SI_045,45,9,PRESENT,1,0,MARK_PRESENT,1.0,25,N_MARKERS=25;XDISP=0.434;YDISP=0.932,AXIS_PARTIAL,59,47,1044,616,9,00,Zero-shot,0,0,SHA256_UNIQUE,SI_006_09_00.png,6
SI_045_R10.png,SI,S,I,SI_045,45,10,PRESENT,1,0,MARK_PRESENT,1.0,25,N_MARKERS=25;XDISP=0.434;YDISP=0.932,AXIS_PARTIAL,59,47,1044,616,9,00,Zero-shot,0,0,SHA256_UNIQUE,SI_006_09_00.png,6
SI_046_R01.png,SI,S,I,SI_046,46,1,PRESENT,1,0,MARK_PRESENT,1.0,25,N_MARKERS=25;XDISP=0.978;YDISP=0.708,FULL_AXES_RECT,59,34,1101,616,10,00,Zero-shot,0,0,SHA256_UNIQUE,SI_007_10_00.png,7
SI_046_R02.png,SI,S,I,SI_046,46,2,PRESENT,1,0,MARK_PRESENT,1.0,28,N_MARKERS=28;XDISP=0.910;YDISP=0.915,FULL_AXES_RECT,98,98,1138,678,10,00,Zero-shot,0,0,SHA256_UNIQUE,SI_007_10_00.png,7
SI_046_R03.png,SI,S,I,SI_046,46,3,PRESENT,1,0,MARK_PRESENT,1.0,28,N_MARKERS=28;XDISP=0.907;YDISP=0.913,FULL_AXES_RECT,58,34,1100,616,10,00,Zero-shot,0,0,SHA256_UNIQUE,SI_007_10_00.png,7
SI_046_R04.png,SI,S,I,SI_046,46,4,PRESENT,1,0,MARK_PRESENT,1.0,28,N_MARKERS=28;XDISP=0.907;YDISP=0.913,FULL_AXES_RECT,58,34,1100,616,10,00,Zero-shot,0,0,SHA256_UNIQUE,SI_007_10_00.png,7
SI_046_R05.png,SI,S,I,SI_046,46,5,PRESENT,1,0,MARK_PRESENT,1.0,28,N_MARKERS=28;XDISP=0.907;YDISP=0.913,FULL_AXES_RECT,58,34,1100,616,10,00,Zero-shot,0,0,SHA256_UNIQUE,SI_007_10_00.png,7
SI_046_R06.png,SI,S,I,SI_046,46,6,PRESENT,1,0,MARK_PRESENT,1.0,28,N_MARKERS=28;XDISP=0.907;YDISP=0.913,FULL_AXES_RECT,58,34,1100,616,10,00,Zero-shot,0,0,SHA256_UNIQUE,SI_007_10_00.png,7
SI_046_R07.png,SI,S,I,SI_046,46,7,PRESENT,1,0,MARK_PRESENT,1.0,28,N_MARKERS=28;XDISP=0.907;YDISP=0.913,FULL_AXES_RECT,58,34,1100,616,10,00,Zero-shot,0,0,SHA256_UNIQUE,SI_007_10_00.png,7
SI_046_R08.png,SI,S,I,SI_046,46,8,PRESENT,1,0,MARK_PRESENT,1.0,25,N_MARKERS=25;XDISP=0.434;YDISP=0.932,AXIS_PARTIAL,59,47,1044,616,10,00,Zero-shot,0,0,SHA256_UNIQUE,SI_007_10_00.png,7
SI_046_R09.png,SI,S,I,SI_046,46,9,PRESENT,1,0,MARK_PRESENT,1.0,25,N_MARKERS=25;XDISP=0.434;YDISP=0.932,AXIS_PARTIAL,59,47,1044,616,10,00,Zero-shot,0,0,SHA256_UNIQUE,SI_007_10_00.png,7
SI_046_R10.png,SI,S,I,SI_046,46,10,PRESENT,1,0,MARK_PRESENT,1.0,25,N_MARKERS=25;XDISP=0.434;YDISP=0.932,AXIS_PARTIAL,59,47,1044,616,10,00,Zero-shot,0,0,SHA256_UNIQUE,SI_007_10_00.png,7
SI_047_R01.png,SI,S,I,SI_047,47,1,PRESENT,1,0,MARK_PRESENT,1.0,25,N_MARKERS=25;XDISP=0.434;YDISP=0.932,AXIS_PARTIAL,59,47,1044,616,11,00,Zero-shot,0,0,SHA256_UNIQUE,SI_008_11_00.png,8
SI_047_R02.png,SI,S,I,SI_047,47,2,PRESENT,1,0,MARK_PRESENT,1.0,28,N_MARKERS=28;XDISP=0.910;YDISP=0.915,FULL_AXES_RECT,98,98,1138,678,11,00,Zero-shot,0,0,SHA256_UNIQUE,SI_008_11_00.png,8
SI_047_R03.png,SI,S,I,SI_047,47,3,PRESENT,1,0,MARK_PRESENT,1.0,28,N_MARKERS=28;XDISP=0.910;YDISP=0.915,FULL_AXES_RECT,98,98,1138,678,11,00,Zero-shot,0,0,SHA256_UNIQUE,SI_008_11_00.png,8
SI_047_R04.png,SI,S,I,SI_047,47,4,PRESENT,1,0,MARK_PRESENT,1.0,28,N_MARKERS=28;XDISP=0.910;YDISP=0.915,FULL_AXES_RECT,98,98,1138,678,11,00,Zero-shot,0,0,SHA256_UNIQUE,SI_008_11_00.png,8
SI_047_R05.png,SI,S,I,SI_047,47,5,PRESENT,1,0,MARK_PRESENT,1.0,28,N_MARKERS=28;XDISP=0.910;YDISP=0.915,FULL_AXES_RECT,98,98,1138,678,11,00,Zero-shot,0,0,SHA256_UNIQUE,SI_008_11_00.png,8
SI_047_R06.png,SI,S,I,SI_047,47,6,PRESENT,1,0,MARK_PRESENT,1.0,28,N_MARKERS=28;XDISP=0.910;YDISP=0.915,FULL_AXES_RECT,98,98,1138,678,11,00,Zero-shot,0,0,SHA256_UNIQUE,SI_008_11_00.png,8
SI_047_R07.png,SI,S,I,SI_047,47,7,PRESENT,1,0,MARK_PRESENT,1.0,28,N_MARKERS=28;XDISP=0.910;YDISP=0.915,FULL_AXES_RECT,98,98,1138,678,11,00,Zero-shot,0,0,SHA256_UNIQUE,SI_008_11_00.png,8
SI_047_R08.png,SI,S,I,SI_047,47,8,PRESENT,1,0,MARK_PRESENT,1.0,25,N_MARKERS=25;XDISP=0.434;YDISP=0.932,AXIS_PARTIAL,59,47,1044,616,11,00,Zero-shot,0,0,SHA256_UNIQUE,SI_008_11_00.png,8
SI_047_R09.png,SI,S,I,SI_047,47,9,PRESENT,1,0,MARK_PRESENT,1.0,25,N_MARKERS=25;XDISP=0.434;YDISP=0.932,AXIS_PARTIAL,59,47,1044,616,11,00,Zero-shot,0,0,SHA256_UNIQUE,SI_008_11_00.png,8
SI_047_R10.png,SI,S,I,SI_047,47,10,PRESENT,1,0,MARK_PRESENT,1.0,25,N_MARKERS=25;XDISP=0.434;YDISP=0.932,AXIS_PARTIAL,59,47,1044,616,11,00,Zero-shot,0,0,SHA256_UNIQUE,SI_008_11_00.png,8
SI_048_R01.png,SI,S,I,SI_048,48,1,PRESENT,1,0,MARK_PRESENT,1.0,47,N_MARKERS=47;XDISP=0.847;YDISP=0.925,AXIS_PARTIAL,66,47,1052,616,12,00,Zero-shot,0,0,SHA256_UNIQUE,SI_009_12_00.png,9
SI_048_R02.png,SI,S,I,SI_048,48,2,PRESENT,1,0,MARK_PRESENT,1.0,28,N_MARKERS=28;XDISP=0.907;YDISP=0.913,FULL_AXES_RECT,59,34,1101,616,12,00,Zero-shot,0,0,SHA256_UNIQUE,SI_009_12_00.png,9
SI_048_R03.png,SI,S,I,SI_048,48,3,PRESENT,1,0,MARK_PRESENT,1.0,28,N_MARKERS=28;XDISP=0.907;YDISP=0.913,FULL_AXES_RECT,59,34,1101,616,12,00,Zero-shot,0,0,SHA256_UNIQUE,SI_009_12_00.png,9
SI_048_R04.png,SI,S,I,SI_048,48,4,PRESENT,1,0,MARK_PRESENT,1.0,28,N_MARKERS=28;XDISP=0.907;YDISP=0.913,FULL_AXES_RECT,59,34,1101,616,12,00,Zero-shot,0,0,SHA256_UNIQUE,SI_009_12_00.png,9
SI_048_R05.png,SI,S,I,SI_048,48,5,PRESENT,1,0,MARK_PRESENT,1.0,25,N_MARKERS=25;XDISP=0.434;YDISP=0.932,AXIS_PARTIAL,59,47,1044,616,12,00,Zero-shot,0,0,SHA256_UNIQUE,SI_009_12_00.png,9
SI_048_R06.png,SI,S,I,SI_048,48,6,PRESENT,1,0,MARK_PRESENT,1.0,25,N_MARKERS=25;XDISP=0.434;YDISP=0.932,AXIS_PARTIAL,59,47,1044,616,12,00,Zero-shot,0,0,SHA256_UNIQUE,SI_009_12_00.png,9
SI_048_R07.png,SI,S,I,SI_048,48,7,PRESENT,1,0,MARK_PRESENT,1.0,25,N_MARKERS=25;XDISP=0.434;YDISP=0.932,AXIS_PARTIAL,59,47,1044,616,12,00,Zero-shot,0,0,SHA256_UNIQUE,SI_009_12_00.png,9
SI_048_R08.png,SI,S,I,SI_048,48,8,PRESENT,1,0,MARK_PRESENT,1.0,25,N_MARKERS=25;XDISP=0.434;YDISP=0.932,AXIS_PARTIAL,59,47,1044,616,12,00,Zero-shot,0,0,SHA256_UNIQUE,SI_009_12_00.png,9
SI_048_R09.png,SI,S,I,SI_048,48,9,PRESENT,1,0,MARK_PRESENT,1.0,28,N_MARKERS=28;XDISP=0.907;YDISP=0.913,FULL_AXES_RECT,58,34,1100,616,12,00,Zero-shot,0,0,SHA256_UNIQUE,SI_009_12_00.png,9
SI_048_R10.png,SI,S,I,SI_048,48,10,PRESENT,1,0,MARK_PRESENT,1.0,28,N_MARKERS=28;XDISP=0.907;YDISP=0.913,FULL_AXES_RECT,58,34,1100,616,12,00,Zero-shot,0,0,SHA256_UNIQUE,SI_009_12_00.png,9
SI_049_R01.png,SI,S,I,SI_049,49,1,PRESENT,1,0,MARK_PRESENT,1.0,32,N_MARKERS=32;XDISP=0.910;YDISP=0.911,FULL_AXES_RECT,59,34,1101,616,13,00,Zero-shot,0,0,SHA256_UNIQUE,SI_010_13_00.png,10
SI_049_R02.png,SI,S,I,SI_049,49,2,PRESENT,1,0,MARK_PRESENT,1.0,25,N_MARKERS=25;XDISP=0.434;YDISP=0.932,AXIS_PARTIAL,59,47,1044,616,13,00,Zero-shot,0,0,SHA256_UNIQUE,SI_010_13_00.png,10
SI_049_R03.png,SI,S,I,SI_049,49,3,PRESENT,1,0,MARK_PRESENT,1.0,25,N_MARKERS=25;XDISP=0.434;YDISP=0.932,AXIS_PARTIAL,59,47,1044,616,13,00,Zero-shot,0,0,SHA256_UNIQUE,SI_010_13_00.png,10
SI_049_R04.png,SI,S,I,SI_049,49,4,PRESENT,1,0,MARK_PRESENT,1.0,26,N_MARKERS=26;XDISP=0.905;YDISP=0.814,FULL_AXES_RECT,98,98,1138,678,13,00,Zero-shot,0,0,SHA256_UNIQUE,SI_010_13_00.png,10
SI_049_R05.png,SI,S,I,SI_049,49,5,PRESENT,1,0,MARK_PRESENT,1.0,26,N_MARKERS=26;XDISP=0.905;YDISP=0.814,FULL_AXES_RECT,98,98,1138,678,13,00,Zero-shot,0,0,SHA256_UNIQUE,SI_010_13_00.png,10
SI_049_R06.png,SI,S,I,SI_049,49,6,PRESENT,1,0,MARK_PRESENT,1.0,26,N_MARKERS=26;XDISP=0.905;YDISP=0.814,FULL_AXES_RECT,98,98,1138,678,13,00,Zero-shot,0,0,SHA256_UNIQUE,SI_010_13_00.png,10
SI_049_R07.png,SI,S,I,SI_049,49,7,PRESENT,1,0,MARK_PRESENT,1.0,26,N_MARKERS=26;XDISP=0.905;YDISP=0.814,FULL_AXES_RECT,98,98,1138,678,13,00,Zero-shot,0,0,SHA256_UNIQUE,SI_010_13_00.png,10
SI_049_R08.png,SI,S,I,SI_049,49,8,PRESENT,1,0,MARK_PRESENT,1.0,26,N_MARKERS=26;XDISP=0.905;YDISP=0.814,FULL_AXES_RECT,98,98,1138,678,13,00,Zero-shot,0,0,SHA256_UNIQUE,SI_010_13_00.png,10
SI_049_R09.png,SI,S,I,SI_049,49,9,PRESENT,1,0,MARK_PRESENT,1.0,28,N_MARKERS=28;XDISP=0.907;YDISP=0.913,FULL_AXES_RECT,58,34,1100,616,13,00,Zero-shot,0,0,SHA256_UNIQUE,SI_010_13_00.png,10
SI_049_R10.png,SI,S,I,SI_049,49,10,PRESENT,1,0,MARK_PRESENT,1.0,28,N_MARKERS=28;XDISP=0.907;YDISP=0.913,FULL_AXES_RECT,58,34,1100,616,13,00,Zero-shot,0,0,SHA256_UNIQUE,SI_010_13_00.png,10
SI_050_R01.png,SI,S,I,SI_050,50,1,PRESENT,1,0,MARK_PRESENT,1.0,25,N_MARKERS=25;XDISP=0.978;YDISP=0.708,FULL_AXES_RECT,59,34,1101,616,14,00,Zero-shot,0,0,SHA256_UNIQUE,SI_011_14_00.png,11
SI_050_R02.png,SI,S,I,SI_050,50,2,PRESENT,1,0,MARK_PRESENT,1.0,26,N_MARKERS=26;XDISP=0.933;YDISP=0.924,FULL_AXES_RECT,98,98,1138,678,14,00,Zero-shot,0,0,SHA256_UNIQUE,SI_011_14_00.png,11
SI_050_R03.png,SI,S,I,SI_050,50,3,PRESENT,1,0,MARK_PRESENT,1.0,26,N_MARKERS=26;XDISP=0.933;YDISP=0.924,FULL_AXES_RECT,98,98,1138,678,14,00,Zero-shot,0,0,SHA256_UNIQUE,SI_011_14_00.png,11
SI_050_R04.png,SI,S,I,SI_050,50,4,PRESENT,1,0,MARK_PRESENT,1.0,26,N_MARKERS=26;XDISP=0.933;YDISP=0.924,FULL_AXES_RECT,98,98,1138,678,14,00,Zero-shot,0,0,SHA256_UNIQUE,SI_011_14_00.png,11
SI_050_R05.png,SI,S,I,SI_050,50,5,PRESENT,1,0,MARK_PRESENT,1.0,26,N_MARKERS=26;XDISP=0.933;YDISP=0.924,FULL_AXES_RECT,98,98,1138,678,14,00,Zero-shot,0,0,SHA256_UNIQUE,SI_011_14_00.png,11
SI_050_R06.png,SI,S,I,SI_050,50,6,PRESENT,1,0,MARK_PRESENT,1.0,25,N_MARKERS=25;XDISP=0.434;YDISP=0.932,AXIS_PARTIAL,59,47,1044,616,14,00,Zero-shot,0,0,SHA256_UNIQUE,SI_011_14_00.png,11
SI_050_R07.png,SI,S,I,SI_050,50,7,PRESENT,1,0,MARK_PRESENT,1.0,25,N_MARKERS=25;XDISP=0.434;YDISP=0.932,AXIS_PARTIAL,59,47,1044,616,14,00,Zero-shot,0,0,SHA256_UNIQUE,SI_011_14_00.png,11
SI_050_R08.png,SI,S,I,SI_050,50,8,PRESENT,1,0,MARK_PRESENT,1.0,25,N_MARKERS=25;XDISP=0.434;YDISP=0.932,AXIS_PARTIAL,59,47,1044,616,14,00,Zero-shot,0,0,SHA256_UNIQUE,SI_011_14_00.png,11
SI_050_R09.png,SI,S,I,SI_050,50,9,PRESENT,1,0,MARK_PRESENT,1.0,25,N_MARKERS=25;XDISP=0.434;YDISP=0.932,AXIS_PARTIAL,59,47,1044,616,14,00,Zero-shot,0,0,SHA256_UNIQUE,SI_011_14_00.png,11
SI_050_R10.png,SI,S,I,SI_050,50,10,PRESENT,1,0,MARK_PRESENT,1.0,26,N_MARKERS=26;XDISP=0.933;YDISP=0.924,FULL_AXES_RECT,98,98,1138,678,14,00,Zero-shot,0,0,SHA256_UNIQUE,SI_011_14_00.png,11
SI_051_R01.png,SI,S,I,SI_051,51,1,PRESENT,1,0,MARK_PRESENT,1.0,25,N_MARKERS=25;XDISP=0.434;YDISP=0.932,AXIS_PARTIAL,59,47,1044,616,15,00,Zero-shot,0,0,SHA256_UNIQUE,SI_012_15_00.png,12
SI_051_R02.png,SI,S,I,SI_051,51,2,PRESENT,1,0,MARK_PRESENT,1.0,26,N_MARKERS=26;XDISP=0.904;YDISP=0.948,AXIS_PARTIAL,58,49,936,647,15,00,Zero-shot,0,0,SHA256_UNIQUE,SI_012_15_00.png,12
SI_051_R03.png,SI,S,I,SI_051,51,3,PRESENT,1,0,MARK_PRESENT,1.0,26,N_MARKERS=26;XDISP=0.904;YDISP=0.948,AXIS_PARTIAL,58,49,936,647,15,00,Zero-shot,0,0,SHA256_UNIQUE,SI_012_15_00.png,12
SI_051_R04.png,SI,S,I,SI_051,51,4,PRESENT,1,0,MARK_PRESENT,1.0,26,N_MARKERS=26;XDISP=0.904;YDISP=0.948,AXIS_PARTIAL,58,49,936,647,15,00,Zero-shot,0,0,SHA256_UNIQUE,SI_012_15_00.png,12
SI_051_R05.png,SI,S,I,SI_051,51,5,PRESENT,1,0,MARK_PRESENT,1.0,26,N_MARKERS=26;XDISP=0.904;YDISP=0.948,AXIS_PARTIAL,58,49,936,647,15,00,Zero-shot,0,0,SHA256_UNIQUE,SI_012_15_00.png,12
SI_051_R06.png,SI,S,I,SI_051,51,6,PRESENT,1,0,MARK_PRESENT,1.0,26,N_MARKERS=26;XDISP=0.904;YDISP=0.948,AXIS_PARTIAL,58,49,936,647,15,00,Zero-shot,0,0,SHA256_UNIQUE,SI_012_15_00.png,12
SI_051_R07.png,SI,S,I,SI_051,51,7,PRESENT,1,0,MARK_PRESENT,1.0,26,N_MARKERS=26;XDISP=0.904;YDISP=0.948,AXIS_PARTIAL,58,49,936,647,15,00,Zero-shot,0,0,SHA256_UNIQUE,SI_012_15_00.png,12
SI_051_R08.png,SI,S,I,SI_051,51,8,PRESENT,1,0,MARK_PRESENT,1.0,26,N_MARKERS=26;XDISP=0.904;YDISP=0.948,AXIS_PARTIAL,58,49,936,647,15,00,Zero-shot,0,0,SHA256_UNIQUE,SI_012_15_00.png,12
SI_051_R09.png,SI,S,I,SI_051,51,9,PRESENT,1,0,MARK_PRESENT,1.0,26,N_MARKERS=26;XDISP=0.904;YDISP=0.948,AXIS_PARTIAL,58,49,936,647,15,00,Zero-shot,0,0,SHA256_UNIQUE,SI_012_15_00.png,12
SI_051_R10.png,SI,S,I,SI_051,51,10,PRESENT,1,0,MARK_PRESENT,1.0,26,N_MARKERS=26;XDISP=0.904;YDISP=0.948,AXIS_PARTIAL,58,49,936,647,15,00,Zero-shot,0,0,SHA256_UNIQUE,SI_012_15_00.png,12
SI_052_R01.png,SI,S,I,SI_052,52,1,PRESENT,1,0,MARK_PRESENT,1.0,25,N_MARKERS=25;XDISP=0.434;YDISP=0.932,AXIS_PARTIAL,59,47,1045,616,16,00,Zero-shot,0,0,SHA256_UNIQUE,SI_013_16_00.png,13
SI_052_R02.png,SI,S,I,SI_052,52,2,PRESENT,1,0,MARK_PRESENT,1.0,28,N_MARKERS=28;XDISP=0.907;YDISP=0.913,FULL_AXES_RECT,59,34,1101,616,16,00,Zero-shot,0,0,SHA256_UNIQUE,SI_013_16_00.png,13
SI_052_R03.png,SI,S,I,SI_052,52,3,PRESENT,1,0,MARK_PRESENT,1.0,28,N_MARKERS=28;XDISP=0.907;YDISP=0.913,FULL_AXES_RECT,59,34,1101,616,16,00,Zero-shot,0,0,SHA256_UNIQUE,SI_013_16_00.png,13
SI_052_R04.png,SI,S,I,SI_052,52,4,PRESENT,1,0,MARK_PRESENT,1.0,28,N_MARKERS=28;XDISP=0.907;YDISP=0.913,FULL_AXES_RECT,59,34,1101,616,16,00,Zero-shot,0,0,SHA256_UNIQUE,SI_013_16_00.png,13
SI_052_R05.png,SI,S,I,SI_052,52,5,PRESENT,1,0,MARK_PRESENT,1.0,25,N_MARKERS=25;XDISP=0.434;YDISP=0.932,AXIS_PARTIAL,59,47,1044,616,16,00,Zero-shot,0,0,SHA256_UNIQUE,SI_013_16_00.png,13
SI_052_R06.png,SI,S,I,SI_052,52,6,PRESENT,1,0,MARK_PRESENT,1.0,25,N_MARKERS=25;XDISP=0.434;YDISP=0.932,AXIS_PARTIAL,59,47,1044,616,16,00,Zero-shot,0,0,SHA256_UNIQUE,SI_013_16_00.png,13
SI_052_R07.png,SI,S,I,SI_052,52,7,PRESENT,1,0,MARK_PRESENT,1.0,25,N_MARKERS=25;XDISP=0.434;YDISP=0.932,AXIS_PARTIAL,59,47,1044,616,16,00,Zero-shot,0,0,SHA256_UNIQUE,SI_013_16_00.png,13
SI_052_R08.png,SI,S,I,SI_052,52,8,PRESENT,1,0,MARK_PRESENT,1.0,25,N_MARKERS=25;XDISP=0.434;YDISP=0.932,AXIS_PARTIAL,59,47,1044,616,16,00,Zero-shot,0,0,SHA256_UNIQUE,SI_013_16_00.png,13
SI_052_R09.png,SI,S,I,SI_052,52,9,PRESENT,1,0,MARK_PRESENT,1.0,25,N_MARKERS=25;XDISP=0.434;YDISP=0.932,AXIS_PARTIAL,59,47,1044,616,16,00,Zero-shot,0,0,SHA256_UNIQUE,SI_013_16_00.png,13
SI_052_R10.png,SI,S,I,SI_052,52,10,PRESENT,1,0,MARK_PRESENT,1.0,25,N_MARKERS=25;XDISP=0.434;YDISP=0.932,AXIS_PARTIAL,59,47,1044,616,16,00,Zero-shot,0,0,SHA256_UNIQUE,SI_013_16_00.png,13
